id,transactionHash,timestamp,maker,taker,makerAssetId,takerAssetId,makerAmountFilled,takerAmountFilled,fee,outcome,datetime,side,usdc_amount,token_amount,price,yes_price,no_price
0x2f057c6d4cb19ce05be07b96c40bc22f0b2f33afb6e60f473f01b9e0d7a5715a_0x9b3639ce9cac36795f80f0fd9646cadc4b8b543b667873f8f73267941083e31e,0x2f057c6d4cb19ce05be07b96c40bc22f0b2f33afb6e60f473f01b9e0d7a5715a,1718236197,0xaaf4acafbb7980ce93631d238eb10a5c4ca67883,0x9c88c0ad88b0c7dd929b0cf040abc9a46b2bc405,0,14987046218227329027080984029949561275408794766325730526435811581087168625932,45.5,50.0,0.0,YES,2024-06-12 23:49:57+00:00,BUY,45.5,50.0,0.91,0.91,0.09
0x449182d34aeeba5cb1b8f29c47118e4081abc3f878d3f9ee68b542b97bc19ad0_0x249a8e27e28009f4d85dac99119b7d341804835cafacab51e5cba03fc28c54cb,0x449182d34aeeba5cb1b8f29c47118e4081abc3f878d3f9ee68b542b97bc19ad0,1718237012,0x3bd0f39c7eca69d2575c861642a4d2e083394c12,0x9c88c0ad88b0c7dd929b0cf040abc9a46b2bc405,0,14987046218227329027080984029949561275408794766325730526435811581087168625932,71.89,79.0,0.0,YES,2024-06-13 00:03:32+00:00,BUY,71.89,79.0,0.91,0.91,0.09
0x588c261bd1e55d9704d08595c44cc6a79b4cc31dd5396a46da4375501a5ee7a1_0x304c141d38845b30571671a98c327a3132d67888c9de5de3acd4c96d3dc36844,0x588c261bd1e55d9704d08595c44cc6a79b4cc31dd5396a46da4375501a5ee7a1,1718240291,0xf8b58c796a3916f94bb36c40f4a57f0cc097a5ca,0x8debd189ffd74160f25e367bafaed61a9fea7062,14987046218227329027080984029949561275408794766325730526435811581087168625932,0,10.0,9.2,0.0,YES,2024-06-13 00:58:11+00:00,SELL,9.2,10.0,0.9199999999999999,0.9199999999999999,0.08
0xd287ea1ee016df23adb2892f6881a0491344767eb90dfd6748a4fdeda5bd6322_0x4107564ad084030505c79b859524996107cd01f707421f3dbca8b1395b53adc6,0xd287ea1ee016df23adb2892f6881a0491344767eb90dfd6748a4fdeda5bd6322,1718263771,0x3bd0f39c7eca69d2575c861642a4d2e083394c12,0xc5d563a36ae78145c45a50134d48a1215220f80a,14987046218227329027080984029949561275408794766325730526435811581087168625932,0,79.0,71.89,0.0,YES,2024-06-13 07:29:31+00:00,SELL,71.89,79.0,0.91,0.91,0.09
0x007a4aab25f654ed6be9c84da307fd43a6ebe4d1738b7bff3da7381df14fe198_0x304c141d38845b30571671a98c327a3132d67888c9de5de3acd4c96d3dc36844,0x007a4aab25f654ed6be9c84da307fd43a6ebe4d1738b7bff3da7381df14fe198,1718280546,0xf8b58c796a3916f94bb36c40f4a57f0cc097a5ca,0xdcc9d68a4bad9fc8becd27a03ee5b2b4feda4534,14987046218227329027080984029949561275408794766325730526435811581087168625932,0,990.0,910.8,0.0,YES,2024-06-13 12:09:06+00:00,SELL,910.8,990.0,0.9199999999999999,0.9199999999999999,0.08
0xfe1843aafe9a0ab024853e6c1e3945718c600d125c5af3bfc368655fa43e6a1a_0x6725f08dbc07a23235141e1aea28c1c287512930d231a8f8c2bb2c62b9f31922,0xfe1843aafe9a0ab024853e6c1e3945718c600d125c5af3bfc368655fa43e6a1a,1718281984,0xdcc9d68a4bad9fc8becd27a03ee5b2b4feda4534,0x59ee6c6a56d7b00223f0c30f8002c4df762b684d,0,14987046218227329027080984029949561275408794766325730526435811581087168625932,50.325,55.0,0.0,YES,2024-06-13 12:33:04+00:00,BUY,50.325,55.0,0.915,0.915,0.085
0x0b6bad48bd320217a2e4214f3ae707d714823b7c08261deadaf83948cc4a69e4_0xa0db7dd50c14972be1711551b164c1a1bc6a8ae28f4ad12c8fd0c8b79c3b2b6e,0x0b6bad48bd320217a2e4214f3ae707d714823b7c08261deadaf83948cc4a69e4,1718282000,0xdcc9d68a4bad9fc8becd27a03ee5b2b4feda4534,0x59ee6c6a56d7b00223f0c30f8002c4df762b684d,0,14987046218227329027080984029949561275408794766325730526435811581087168625932,50.105,55.0,0.0,YES,2024-06-13 12:33:20+00:00,BUY,50.105,55.0,0.9109999999999999,0.9109999999999999,0.089
0x82cf30aad81a7d201902cab5addc742e8b2a1de17d4f68baf76afc4465ab8fb0_0x3d160787e559405a58df4c405151ee65cfcebd010a5788e35ba09ed2b812d377,0x82cf30aad81a7d201902cab5addc742e8b2a1de17d4f68baf76afc4465ab8fb0,1718326854,0xdcc9d68a4bad9fc8becd27a03ee5b2b4feda4534,0xd4f3724c54b9abf9f034fc7bc129338cea7348f8,14987046218227329027080984029949561275408794766325730526435811581087168625932,0,0.10799,0.099998,0.0,YES,2024-06-14 01:00:54+00:00,SELL,0.099998,0.10799,0.9259931475136587,0.9259931475136587,0.074007
0x031643a5d041649beade621ebee3a3ff568939d5381753bcc7ce3ca83ac263c4_0x3d160787e559405a58df4c405151ee65cfcebd010a5788e35ba09ed2b812d377,0x031643a5d041649beade621ebee3a3ff568939d5381753bcc7ce3ca83ac263c4,1718342373,0xdcc9d68a4bad9fc8becd27a03ee5b2b4feda4534,0x8debd189ffd74160f25e367bafaed61a9fea7062,14987046218227329027080984029949561275408794766325730526435811581087168625932,0,54.89,50.82814,0.0,YES,2024-06-14 05:19:33+00:00,SELL,50.82814,54.89,0.9259999999999999,0.9259999999999999,0.074
0xe7479849831cdb12d5db7627269eb6a47170b945fee688300c8eeb572cb6d0f5_0x9dc292357420230372508f879b3f2ec740db6046bb6a5ec23f410b82abe67eb5,0xe7479849831cdb12d5db7627269eb6a47170b945fee688300c8eeb572cb6d0f5,1718406451,0x8debd189ffd74160f25e367bafaed61a9fea7062,0xc5d563a36ae78145c45a50134d48a1215220f80a,0,14987046218227329027080984029949561275408794766325730526435811581087168625932,92.5,100.0,0.0,YES,2024-06-14 23:07:31+00:00,BUY,92.5,100.0,0.925,0.925,0.075
0xf1ae9828c5deb7f53803e97fc6fd54e901628383620fbb5da3c31498525bc21f_0xf909b16816461fec4b1f200ddbeab49abf71787f6024ee05c5a42b5bb9019694,0xf1ae9828c5deb7f53803e97fc6fd54e901628383620fbb5da3c31498525bc21f,1718653276,0x8debd189ffd74160f25e367bafaed61a9fea7062,0xc5d563a36ae78145c45a50134d48a1215220f80a,0,14987046218227329027080984029949561275408794766325730526435811581087168625932,92.4,100.0,0.0,YES,2024-06-17 19:41:16+00:00,BUY,92.4,100.0,0.924,0.924,0.076
0x502d3402c7c70f0c9b2daa8377dc2d9b6e8b9b4254dc86a976e43693dcbd9771_0x0eef00338df74e48afca7b7e453257f8bf298d81bce56e35556e9c621bfb4c1e,0x502d3402c7c70f0c9b2daa8377dc2d9b6e8b9b4254dc86a976e43693dcbd9771,1718661032,0x71e11e0fc20a2adf27026fbf8674b38f8ff945f0,0x1e3838c3e5a04fcb5b7506ec748010e8d20d5d7f,0,14987046218227329027080984029949561275408794766325730526435811581087168625932,276.0,300.0,0.0,YES,2024-06-17 21:50:32+00:00,BUY,276.0,300.0,0.92,0.92,0.08
0x32bfc4e9e2d56a9dcb19841a0ad546e738ea11d29ee6eea0609cd23cd55737d1_0x39794b812246876a8bed10d27271bd68e214e29eafe7e8dc022f9cda34f7ec09,0x32bfc4e9e2d56a9dcb19841a0ad546e738ea11d29ee6eea0609cd23cd55737d1,1718685216,0xdcc9d68a4bad9fc8becd27a03ee5b2b4feda4534,0xc5d563a36ae78145c45a50134d48a1215220f80a,14987046218227329027080984029949561275408794766325730526435811581087168625932,0,900.0,828.0,0.0,YES,2024-06-18 04:33:36+00:00,SELL,828.0,900.0,0.92,0.92,0.08
0x8d26c80b906f55ea95989b4900daa051d50d91738e699cd3db8ff4cf79e603a7_0x17add342a72dcd679a221fe716ce194d6565fbc0308b4f4674f016597e8a6c7a,0x8d26c80b906f55ea95989b4900daa051d50d91738e699cd3db8ff4cf79e603a7,1718778777,0xdcc9d68a4bad9fc8becd27a03ee5b2b4feda4534,0x1e3838c3e5a04fcb5b7506ec748010e8d20d5d7f,0,14987046218227329027080984029949561275408794766325730526435811581087168625932,114.5,125.0,0.0,YES,2024-06-19 06:32:57+00:00,BUY,114.5,125.0,0.916,0.916,0.084
0x0dc1c471ddbbad3b55db34a651c3b601e67e9b1aba3274310c407afcee52065e_0xf56aab4bf5db2b310bf3fdf49892ae850a56c858f96ff271413d809025f613b1,0x0dc1c471ddbbad3b55db34a651c3b601e67e9b1aba3274310c407afcee52065e,1718924309,0xdcc9d68a4bad9fc8becd27a03ee5b2b4feda4534,0x8debd189ffd74160f25e367bafaed61a9fea7062,14987046218227329027080984029949561275408794766325730526435811581087168625932,0,55.0,50.655,0.0,YES,2024-06-20 22:58:29+00:00,SELL,50.655,55.0,0.921,0.921,0.079
0x9052316393671e9672003274ff0f2134ae67007cb4ddfafb03178af84d21b06f_0xf56aab4bf5db2b310bf3fdf49892ae850a56c858f96ff271413d809025f613b1,0x9052316393671e9672003274ff0f2134ae67007cb4ddfafb03178af84d21b06f,1718931599,0xdcc9d68a4bad9fc8becd27a03ee5b2b4feda4534,0x8debd189ffd74160f25e367bafaed61a9fea7062,14987046218227329027080984029949561275408794766325730526435811581087168625932,0,150.0,138.15,0.0,YES,2024-06-21 00:59:59+00:00,SELL,138.15,150.0,0.921,0.921,0.079
0x3800d14b1285e32b2fed059e3ec8da432191c115312737a1516d2183b0d4cb04_0x421de3abce05a93c46d6cc6f2915b8d256f3faaa1b73482c8e63163d779d6fd9,0x3800d14b1285e32b2fed059e3ec8da432191c115312737a1516d2183b0d4cb04,1719016477,0x3bd0f39c7eca69d2575c861642a4d2e083394c12,0xc5d563a36ae78145c45a50134d48a1215220f80a,71914038773350234130553415116948415426792971631252265695143324140554345804068,0,140.0,10.92,0.0,NO,2024-06-22 00:34:37+00:00,SELL,10.92,140.0,0.078,0.922,0.078
0xb2f1526294e06c92cdb9f6e7d6604a6ed97eaaf7050942c6109a071d4fdea8f9_0x635d3686cc1a5f076dafa7061662e7a25e31d9a31347973cc44cb36d77fbce7e,0xb2f1526294e06c92cdb9f6e7d6604a6ed97eaaf7050942c6109a071d4fdea8f9,1719031344,0xdcc9d68a4bad9fc8becd27a03ee5b2b4feda4534,0xc5d563a36ae78145c45a50134d48a1215220f80a,14987046218227329027080984029949561275408794766325730526435811581087168625932,0,350.0,322.0,0.0,YES,2024-06-22 04:42:24+00:00,SELL,322.0,350.0,0.92,0.92,0.08
0xa2a2751f7bad43262eb447f88afc40e0ad5c1435df68756389c0502b40f4703c_0x805f8e3c3e3cd383079bfddd28345c736d731057ed57b1e0235e4457ccfcb11d,0xa2a2751f7bad43262eb447f88afc40e0ad5c1435df68756389c0502b40f4703c,1719046028,0xdcc9d68a4bad9fc8becd27a03ee5b2b4feda4534,0x762b54f45560a733cbbbb63849a42ddce5db910f,0,14987046218227329027080984029949561275408794766325730526435811581087168625932,10.235955,11.235954,0.0,YES,2024-06-22 08:47:08+00:00,BUY,10.235955,11.235954,0.9110000806340076,0.9110000806340076,0.089
0x1d3898a3c389da57ff1039add3a0284a9fca22f148857ff4214e48be4034c01a_0x2aa2798dacc47e53cf6252e59dbbc3c4c84000029c7ce7f06227eaee7efd3c55,0x1d3898a3c389da57ff1039add3a0284a9fca22f148857ff4214e48be4034c01a,1719255854,0xeb26cd38d12ada5304f56e9be5b3908df8bf4030,0xc5d563a36ae78145c45a50134d48a1215220f80a,0,14987046218227329027080984029949561275408794766325730526435811581087168625932,0.999991,1.084589,0.0,YES,2024-06-24 19:04:14+00:00,BUY,0.999991,1.084589,0.9219999465235218,0.9219999465235218,0.078
0x8e83296aaa2216d1413a59b78d83e2ca8d1865a37a8eb941317e8312051de5db_0x6a6cba082f6aaf72723e1605d89778ae6074e9c6c13e8cc812c2819cc226c8b2,0x8e83296aaa2216d1413a59b78d83e2ca8d1865a37a8eb941317e8312051de5db,1719259428,0x9c88c0ad88b0c7dd929b0cf040abc9a46b2bc405,0xc5d563a36ae78145c45a50134d48a1215220f80a,14987046218227329027080984029949561275408794766325730526435811581087168625932,0,1187.76,1081.05036,0.0,YES,2024-06-24 20:03:48+00:00,SELL,1081.05036,1187.76,0.9101589209941402,0.9101589209941402,0.089841
0xcc522eefe9f29f15f0cae6eacbe6d649a8ca9a1c42e325cab564fe66722fea16_0xd6e95a9f89d7615f48c9a17daa25f4e7f331bdb805902083d3ded99466ba7079,0xcc522eefe9f29f15f0cae6eacbe6d649a8ca9a1c42e325cab564fe66722fea16,1719263541,0x6b7ec4ba079c0a258435ea36025f6190cd424562,0x71e11e0fc20a2adf27026fbf8674b38f8ff945f0,14987046218227329027080984029949561275408794766325730526435811581087168625932,0,300.0,273.0,0.0,YES,2024-06-24 21:12:21+00:00,SELL,273.0,300.0,0.91,0.91,0.09
0x4bd920f20125e0c8326d8fcc4389b2641e0d374272914b63c83923a6d9668b4d_0xd6e95a9f89d7615f48c9a17daa25f4e7f331bdb805902083d3ded99466ba7079,0x4bd920f20125e0c8326d8fcc4389b2641e0d374272914b63c83923a6d9668b4d,1719263541,0x6b7ec4ba079c0a258435ea36025f6190cd424562,0x71e11e0fc20a2adf27026fbf8674b38f8ff945f0,14987046218227329027080984029949561275408794766325730526435811581087168625932,0,255.0,232.05,0.0,YES,2024-06-24 21:12:21+00:00,SELL,232.05,255.0,0.91,0.91,0.09
0x571a512779af31b13d10e3ea67d1b11ae80ad4ff745bdcddaa72b9fb35c7bc9c_0x5ea7fd249b6d44a5601abbb3e31ae02b674c105fc83b1aa8c6d9ffe4a2a8ad70,0x571a512779af31b13d10e3ea67d1b11ae80ad4ff745bdcddaa72b9fb35c7bc9c,1719266622,0x288d3c0a69966ef5b8b6549232e5b8e52b2cf517,0xc5d563a36ae78145c45a50134d48a1215220f80a,0,14987046218227329027080984029949561275408794766325730526435811581087168625932,0.109989,0.119294,0.0,YES,2024-06-24 22:03:42+00:00,BUY,0.109989,0.119294,0.9219994299797141,0.9219994299797141,0.078001
0xb63e9c326e1957dce0e3061e0052215406da63d309afedd975a509447fcbc3cd_0x26d7e857895e9e5ec78c0023d86b1c59ebe3711b8ed0126b20b68bc40fbc5ac6,0xb63e9c326e1957dce0e3061e0052215406da63d309afedd975a509447fcbc3cd,1719276331,0x9c88c0ad88b0c7dd929b0cf040abc9a46b2bc405,0xc5d563a36ae78145c45a50134d48a1215220f80a,14987046218227329027080984029949561275408794766325730526435811581087168625932,0,1455.0,1335.825,0.0,YES,2024-06-25 00:45:31+00:00,SELL,1335.825,1455.0,0.9180927835051547,0.9180927835051547,0.081907
0xdb177a82c6c94401f5112e33e02046b1ce0ebd77761fc09b3bcf17642524e10b_0xa6f7342b5da0875c8e07fc338405ea42eaa9ae4ca9b2d514a63dfd12877027b9,0xdb177a82c6c94401f5112e33e02046b1ce0ebd77761fc09b3bcf17642524e10b,1719276385,0x6b7ec4ba079c0a258435ea36025f6190cd424562,0x71e11e0fc20a2adf27026fbf8674b38f8ff945f0,14987046218227329027080984029949561275408794766325730526435811581087168625932,0,255.0,233.325,0.0,YES,2024-06-25 00:46:25+00:00,SELL,233.325,255.0,0.9149999999999999,0.9149999999999999,0.085
0xf9f4d219d173b9a4a14b52b08efeaed7f48966be47aa02bb5280a5b6a407601b_0xa6f7342b5da0875c8e07fc338405ea42eaa9ae4ca9b2d514a63dfd12877027b9,0xf9f4d219d173b9a4a14b52b08efeaed7f48966be47aa02bb5280a5b6a407601b,1719276385,0x6b7ec4ba079c0a258435ea36025f6190cd424562,0x71e11e0fc20a2adf27026fbf8674b38f8ff945f0,14987046218227329027080984029949561275408794766325730526435811581087168625932,0,300.0,274.5,0.0,YES,2024-06-25 00:46:25+00:00,SELL,274.5,300.0,0.915,0.915,0.085
0x7b7376325deecfd0490e84d7151d82acb5ba8952c51cf26ba170974adcab7e19_0x012e28f557df8a0e7be968fd78cf0fcfecc6940c52d2001d28b2fe3e15bd75e4,0x7b7376325deecfd0490e84d7151d82acb5ba8952c51cf26ba170974adcab7e19,1719300993,0x9c88c0ad88b0c7dd929b0cf040abc9a46b2bc405,0xc5d563a36ae78145c45a50134d48a1215220f80a,14987046218227329027080984029949561275408794766325730526435811581087168625932,0,900.0,823.3,0.0,YES,2024-06-25 07:36:33+00:00,SELL,823.3,900.0,0.9147777777777777,0.9147777777777777,0.085222
0x95641c25c1b1d8afc5c16a92281c35c4f148dbe0edc27479fca3a493d09931c8_0xa671fc8761df8faa568fca862f507b308cef8423e297882c5a8c7ca39fb61546,0x95641c25c1b1d8afc5c16a92281c35c4f148dbe0edc27479fca3a493d09931c8,1719319444,0xe28a424012a3d00c9d236d9b5ff00ef989518072,0xc5d563a36ae78145c45a50134d48a1215220f80a,0,14987046218227329027080984029949561275408794766325730526435811581087168625932,49.999989,54.229923,0.0,YES,2024-06-25 12:44:04+00:00,BUY,49.999989,54.229923,0.92199999988936,0.92199999988936,0.078
0xa644b73372adcfb9776cd71ee0293975c1fc02cedf855fcf41223b2a20b0887c_0xc9be76042312ca6915ff79e2eced2a0effe157b357290faa2c49eab646397c00,0xa644b73372adcfb9776cd71ee0293975c1fc02cedf855fcf41223b2a20b0887c,1719332550,0xf78dd17e5abbb6f3ef76858061b58891f1766fb5,0xc5d563a36ae78145c45a50134d48a1215220f80a,0,14987046218227329027080984029949561275408794766325730526435811581087168625932,4.61,5.0,0.0,YES,2024-06-25 16:22:30+00:00,BUY,4.61,5.0,0.922,0.922,0.078
0x923e166995b5a02079d3e5b8120adf937b993e1fe0f05ca2e1f7ffb7f7cc6663_0x4defd10b21f81547a9c086291ee6edd8c6f62a271966e05347a015477e88a4be,0x923e166995b5a02079d3e5b8120adf937b993e1fe0f05ca2e1f7ffb7f7cc6663,1719370183,0xdcc9d68a4bad9fc8becd27a03ee5b2b4feda4534,0x0c89e6caa97c7f09b6e8527ae64528e9aa8ebd25,14987046218227329027080984029949561275408794766325730526435811581087168625932,0,1.088138,0.999998,0.0,YES,2024-06-26 02:49:43+00:00,SELL,0.999998,1.088138,0.9189992445811102,0.9189992445811102,0.081001
0x878a2263385e92f4600c02f301c5d45548da0eb0090ce1f1cc2c91276ddbdd27_0x4defd10b21f81547a9c086291ee6edd8c6f62a271966e05347a015477e88a4be,0x878a2263385e92f4600c02f301c5d45548da0eb0090ce1f1cc2c91276ddbdd27,1719370277,0xdcc9d68a4bad9fc8becd27a03ee5b2b4feda4534,0x09b3c21036a30cfe1d65074e82080c0ef7a855c7,14987046218227329027080984029949561275408794766325730526435811581087168625932,0,100.0,91.9,0.0,YES,2024-06-26 02:51:17+00:00,SELL,91.9,100.0,0.919,0.919,0.081
0x32efef17d65f808419f4d87e7dd99ff088eee55c98bfe2faf4e8480e595d8cfa_0x4defd10b21f81547a9c086291ee6edd8c6f62a271966e05347a015477e88a4be,0x32efef17d65f808419f4d87e7dd99ff088eee55c98bfe2faf4e8480e595d8cfa,1719403966,0xdcc9d68a4bad9fc8becd27a03ee5b2b4feda4534,0xfb75b856d6b7eac6a1ddfa797e117c5794736c70,14987046218227329027080984029949561275408794766325730526435811581087168625932,0,98.9,90.8891,0.0,YES,2024-06-26 12:12:46+00:00,SELL,90.8891,98.9,0.9189999999999999,0.9189999999999999,0.081
0xa37e51df4b69d8932682e57496a96ea67105bfe980289d4252e7f240dfad53ec_0x9978f1350685e4b44213435748062ec8cb48acc3cd23e1caa2226afc043c9ac4,0xa37e51df4b69d8932682e57496a96ea67105bfe980289d4252e7f240dfad53ec,1719526202,0xeb26cd38d12ada5304f56e9be5b3908df8bf4030,0xc5d563a36ae78145c45a50134d48a1215220f80a,0,14987046218227329027080984029949561275408794766325730526435811581087168625932,0.999996,1.085772,0.0,YES,2024-06-27 22:10:02+00:00,BUY,0.999996,1.085772,0.920999988947956,0.920999988947956,0.079
0x2457635efed254c444747d7184dc73e60c35ba32abd1b28248cc78246060ed6e_0x0570c84c2af2f2316c9fa2439349f4aac3504aa16b699a29439bb4723ac0ed5d,0x2457635efed254c444747d7184dc73e60c35ba32abd1b28248cc78246060ed6e,1719540798,0xd4f3724c54b9abf9f034fc7bc129338cea7348f8,0xc5d563a36ae78145c45a50134d48a1215220f80a,14987046218227329027080984029949561275408794766325730526435811581087168625932,0,0.1,0.0902,0.0,YES,2024-06-28 02:13:18+00:00,SELL,0.0902,0.1,0.902,0.902,0.098
0xc06285de496930c1b5f9f36836d7612abf581f547df25a5f3c78fa5382280f74_0x254f9d595fdc861895533cdc629e9de4534968597a70ecc4b1a54c7af59f1b09,0xc06285de496930c1b5f9f36836d7612abf581f547df25a5f3c78fa5382280f74,1719665780,0xeb26cd38d12ada5304f56e9be5b3908df8bf4030,0xc5d563a36ae78145c45a50134d48a1215220f80a,0,14987046218227329027080984029949561275408794766325730526435811581087168625932,0.999998,1.092894,0.0,YES,2024-06-29 12:56:20+00:00,BUY,0.999998,1.092894,0.9149999908499818,0.9149999908499818,0.085
0x8fc1ef1aa560193e85e12d068e640540345d5775acf6d8dc6a48e48ca49df5c3_0x388a625b956b1b2030e4a8afe58b0b272185565cd0416763c3a4c40d4374e889,0x8fc1ef1aa560193e85e12d068e640540345d5775acf6d8dc6a48e48ca49df5c3,1719739779,0xd097ba2d813e6961fdd3ed619d9c531f4a7d21c0,0xc5d563a36ae78145c45a50134d48a1215220f80a,0,14987046218227329027080984029949561275408794766325730526435811581087168625932,0.99999,1.094081,0.0,YES,2024-06-30 09:29:39+00:00,BUY,0.99999,1.094081,0.9139999689236903,0.9139999689236903,0.086
0x3817fe9886f2ce090a5d803bf5b367720f9b3ed24631cf2aa882ae36824f72e2_0x3f4390936019fbc2af5ff97d0f19c59d2edbe0b50007b15ed28c4be5d32b0a09,0x3817fe9886f2ce090a5d803bf5b367720f9b3ed24631cf2aa882ae36824f72e2,1719781419,0x9fd25b5f9346d9a49a65509a9b634b8ce7b09448,0xc5d563a36ae78145c45a50134d48a1215220f80a,0,14987046218227329027080984029949561275408794766325730526435811581087168625932,49.999998,54.704593,0.0,YES,2024-06-30 21:03:39+00:00,BUY,49.999998,54.704593,0.91399999996344,0.91399999996344,0.086
0xe492797dadb9ba889ab06c83a2301d2160a335472f8724a9f3daa59065f2aa57_0x016c39d275be849a8a9f1b0fc5fdc34853b5c9c016e79f670ad93d8ba35bddc0,0xe492797dadb9ba889ab06c83a2301d2160a335472f8724a9f3daa59065f2aa57,1719782731,0xc5653f45953b2d25300a4726f84664b661b89bcc,0xc5d563a36ae78145c45a50134d48a1215220f80a,0,14987046218227329027080984029949561275408794766325730526435811581087168625932,19.999999,21.881837,0.0,YES,2024-06-30 21:25:31+00:00,BUY,19.999999,21.881837,0.9139999991773998,0.9139999991773998,0.086
0x2d5a38d2d16bf62917b210f848a7e373e79cbd63ca26d3d965620f6f4e6c3ad4_0x9cde24bf11231a30b7881f7b791a57c0754e7f86194520538d3ba7ee862a465e,0x2d5a38d2d16bf62917b210f848a7e373e79cbd63ca26d3d965620f6f4e6c3ad4,1719789583,0x8debd189ffd74160f25e367bafaed61a9fea7062,0xc5d563a36ae78145c45a50134d48a1215220f80a,0,14987046218227329027080984029949561275408794766325730526435811581087168625932,29.27542,32.03,0.0,YES,2024-06-30 23:19:43+00:00,BUY,29.27542,32.03,0.914,0.914,0.086
0x3c3968304755a042ee842ad0ab2b8d00183a0b374be7418bb041de80ffdcbe92_0x615d697464ad0ddd9a6e710e9cdfe5f62c51c5baa66aa53d6933fc05edecdbfc,0x3c3968304755a042ee842ad0ab2b8d00183a0b374be7418bb041de80ffdcbe92,1719806690,0xf717d8948b0c1e73f7992a66683fcfc96273702c,0xc5d563a36ae78145c45a50134d48a1215220f80a,0,14987046218227329027080984029949561275408794766325730526435811581087168625932,19.999999,21.881837,0.0,YES,2024-07-01 04:04:50+00:00,BUY,19.999999,21.881837,0.9139999991773998,0.9139999991773998,0.086
0x0813705182381edd434b5b84e2d6cee4c9ebaa736dc07c1d28b01c851661a9d7_0xae4a9e56dc01a39dce81f0557b2e152e93feb36402f1189dde73cfb314368e88,0x0813705182381edd434b5b84e2d6cee4c9ebaa736dc07c1d28b01c851661a9d7,1719841417,0x34aec52df8f2a59167ce37f7c4dde17b8d58d4dd,0xc5d563a36ae78145c45a50134d48a1215220f80a,0,14987046218227329027080984029949561275408794766325730526435811581087168625932,790.61,865.0,0.0,YES,2024-07-01 13:43:37+00:00,BUY,790.61,865.0,0.914,0.914,0.086
0x6c41af3460bafb8425f33e16fe6b674197cafcf6305562c82710440b1db1987a_0xc2ac41aed2810ce0b82d23d69795f7ba51999a815d94d7b0d25e5ba458bdf29a,0x6c41af3460bafb8425f33e16fe6b674197cafcf6305562c82710440b1db1987a,1719843008,0x71ed0bc95433cdf1be29f43219725fce9addd9eb,0xc5d563a36ae78145c45a50134d48a1215220f80a,14987046218227329027080984029949561275408794766325730526435811581087168625932,0,2135.0,1951.39,0.0,YES,2024-07-01 14:10:08+00:00,SELL,1951.39,2135.0,0.914,0.914,0.086
0xc1141e0a623748e7361ccd8ac9abd7e016ced5829c3b965464e6339709389c10_0xd5aaf3347798d7debe611e048b08d310c07669f237ddc08e017986ddc6974675,0xc1141e0a623748e7361ccd8ac9abd7e016ced5829c3b965464e6339709389c10,1719848218,0xfe911a4e80ee71b47cd1ee690733ac4062e970ff,0x4e4ee57b0672184eeab663c92dcc67b257780206,0,14987046218227329027080984029949561275408794766325730526435811581087168625932,0.952631,1.05263,0.0,YES,2024-07-01 15:36:58+00:00,BUY,0.952631,1.05263,0.9050008075012113,0.9050008075012113,0.094999
0xa57b3910b95868a4a376b8106662cec2a196246db180b3e6a9d70691312e8b32_0x20dabbda04d672a23da3723379cd252ed4e38952b01d10f44fa3db42e7db81cb,0xa57b3910b95868a4a376b8106662cec2a196246db180b3e6a9d70691312e8b32,1719848670,0x4ce73141dbfce41e65db3723e31059a730f0abad,0xc5d563a36ae78145c45a50134d48a1215220f80a,14987046218227329027080984029949561275408794766325730526435811581087168625932,0,109.02,99.2082,0.0,YES,2024-07-01 15:44:30+00:00,SELL,99.2082,109.02,0.91,0.91,0.09
0x0c287b0be486a947b7a4c25b3ff737ee1cef02e399ae037e9fa9bd52838db13e_0x09f9eca58c0718203aba56e341a3a690965ca9046cb18baa41468b26fc9e7ac8,0x0c287b0be486a947b7a4c25b3ff737ee1cef02e399ae037e9fa9bd52838db13e,1719856743,0xb2c1401daabac7d2041149b9fc8acf76aa1356f0,0xc5d563a36ae78145c45a50134d48a1215220f80a,0,14987046218227329027080984029949561275408794766325730526435811581087168625932,49.999992,54.6448,0.0,YES,2024-07-01 17:59:03+00:00,BUY,49.999992,54.6448,0.915,0.915,0.085
0x20bb0e22f8dd14d21299a9a336746cb7b169a0c72bd6567d81afa6dd6affab5d_0xf56e99537bd2f0e977fb92a300034d244346afb476c18a6dbc7b21ea206f601d,0x20bb0e22f8dd14d21299a9a336746cb7b169a0c72bd6567d81afa6dd6affab5d,1719856995,0xfb75b856d6b7eac6a1ddfa797e117c5794736c70,0xc5d563a36ae78145c45a50134d48a1215220f80a,14987046218227329027080984029949561275408794766325730526435811581087168625932,0,112.03,101.9473,0.0,YES,2024-07-01 18:03:15+00:00,SELL,101.9473,112.03,0.91,0.91,0.09
0xb445cbdd4f506cac808d683a02eca135dc2d9f1f147911c35aeb64d41770c592_0x1e4d9562675657f449840e3ea1c655aaee79a174f0886a6c15f005e1f40d3ace,0xb445cbdd4f506cac808d683a02eca135dc2d9f1f147911c35aeb64d41770c592,1719859673,0x8debd189ffd74160f25e367bafaed61a9fea7062,0xc5d563a36ae78145c45a50134d48a1215220f80a,0,14987046218227329027080984029949561275408794766325730526435811581087168625932,40.48875,44.25,0.0,YES,2024-07-01 18:47:53+00:00,BUY,40.48875,44.25,0.915,0.915,0.085
0xf3d1719df0850d04730cb15961a70e74db11cfed2da7f33011ec8a1de13d0c26_0xb6630cccd954f4019c098da98f96c750fa75b7b97e5887a389f28b19d71b4db0,0xf3d1719df0850d04730cb15961a70e74db11cfed2da7f33011ec8a1de13d0c26,1719884059,0x0e69407090ac3823408c1ba82aa6ad67ee903672,0xc5d563a36ae78145c45a50134d48a1215220f80a,0,14987046218227329027080984029949561275408794766325730526435811581087168625932,0.999998,1.092894,0.0,YES,2024-07-02 01:34:19+00:00,BUY,0.999998,1.092894,0.9149999908499818,0.9149999908499818,0.085
0xbfb07751253b628f6e90ce69fcf80e6cb25d5dd4874db2d7ca4514c11b2a4a7b_0x5450ba536590f39424d8e2e07a82b1f1003d1e7f31c1b0da30908cd2c573ee17,0xbfb07751253b628f6e90ce69fcf80e6cb25d5dd4874db2d7ca4514c11b2a4a7b,1719885543,0x71561850b0d5eb26fafce3bb02e9e0e6eff3cd44,0xc5d563a36ae78145c45a50134d48a1215220f80a,0,14987046218227329027080984029949561275408794766325730526435811581087168625932,0.999998,1.092894,0.0,YES,2024-07-02 01:59:03+00:00,BUY,0.999998,1.092894,0.9149999908499818,0.9149999908499818,0.085
0x6560fc775a723a18c79d139c5fd2b979abce120eed1ba48f4c15cf8108230a30_0x3e5ab0c22b6355eb3852346596e0b3471a14e0dac9f2a96a8a0999fadb667a06,0x6560fc775a723a18c79d139c5fd2b979abce120eed1ba48f4c15cf8108230a30,1719897385,0x8debd189ffd74160f25e367bafaed61a9fea7062,0xc5d563a36ae78145c45a50134d48a1215220f80a,0,14987046218227329027080984029949561275408794766325730526435811581087168625932,89.487,97.8,0.0,YES,2024-07-02 05:16:25+00:00,BUY,89.487,97.8,0.9149999999999999,0.9149999999999999,0.085
0xd3cf5d72a7032b6d5e4e87e9c21fa01679e4faf4ebffdcb7cc7ab9ea8a2c056a_0xee29074fdb9599f5f5bbb4656c52683b9dde200f126cd7b0863bf62cd9c0cf4b,0xd3cf5d72a7032b6d5e4e87e9c21fa01679e4faf4ebffdcb7cc7ab9ea8a2c056a,1719964818,0x3a8651c42ac19aa3e3141531a298abc72f51dea8,0x4ce73141dbfce41e65db3723e31059a730f0abad,0,14987046218227329027080984029949561275408794766325730526435811581087168625932,4.55,5.0,0.0,YES,2024-07-03 00:00:18+00:00,BUY,4.55,5.0,0.9099999999999999,0.9099999999999999,0.09
0x1062afb7fa6d635109c960100bf6dcbbcd2edd5ae9e621331597a3f608e73058_0x4da2493b0a133b2fa76330d101aba3041827a18f28fa825f977b1113d9043977,0x1062afb7fa6d635109c960100bf6dcbbcd2edd5ae9e621331597a3f608e73058,1719969010,0x17e4b0543f1de98ad29d6486bdd7d14ceb754034,0xc5d563a36ae78145c45a50134d48a1215220f80a,0,14987046218227329027080984029949561275408794766325730526435811581087168625932,3.999992,4.371576,0.0,YES,2024-07-03 01:10:10+00:00,BUY,3.999992,4.371576,0.9149999908499818,0.9149999908499818,0.085
0x2b29bac5f85de56b006a3f7426bee1ccceba6468c90d470c9cc2f8e46736a287_0x93ff175468cb4ff749e4ddd86c598f1f8c8fb5773abb645dbd80a6529b80f8a4,0x2b29bac5f85de56b006a3f7426bee1ccceba6468c90d470c9cc2f8e46736a287,1719970394,0x71ed0bc95433cdf1be29f43219725fce9addd9eb,0x8debd189ffd74160f25e367bafaed61a9fea7062,14987046218227329027080984029949561275408794766325730526435811581087168625932,0,200.0,182.0,0.0,YES,2024-07-03 01:33:14+00:00,SELL,182.0,200.0,0.91,0.91,0.09
0x7d3c3b0e461157f803731dfb40c373b2866cdef940603545dd1f537a6e8a56ec_0x1ecb2b81d3d515c4ec5237f6815a3a38ecf12cfe928ebd40f68a1264319db98d,0x7d3c3b0e461157f803731dfb40c373b2866cdef940603545dd1f537a6e8a56ec,1719974696,0xa81bc5a6d63c60cae7c7cba0d75f3e7280251803,0xc5d563a36ae78145c45a50134d48a1215220f80a,0,14987046218227329027080984029949561275408794766325730526435811581087168625932,9.999991,10.928952,0.0,YES,2024-07-03 02:44:56+00:00,BUY,9.999991,10.928952,0.9149999926799934,0.9149999926799934,0.085
0x798f37b66d4152020841fc37db0da72343b4c35ec2422e649072c0ee6591734e_0x0bdb8212f04a5068503599cc63df61e89e0ebe9ee8eb1d64ffaea136882d4ccb,0x798f37b66d4152020841fc37db0da72343b4c35ec2422e649072c0ee6591734e,1719997788,0x71ed0bc95433cdf1be29f43219725fce9addd9eb,0xc5d563a36ae78145c45a50134d48a1215220f80a,14987046218227329027080984029949561275408794766325730526435811581087168625932,0,600.0,546.101,0.0,YES,2024-07-03 09:09:48+00:00,SELL,546.101,600.0,0.9101683333333334,0.9101683333333334,0.089832
0xc3b84f721a79057d415822b4188827012e9c8505da743a91ffcfa9edf9ffc9c9_0xd76459d78b0829f142c503168345e44026e888899bdeef918e9092e33a65eb6c,0xc3b84f721a79057d415822b4188827012e9c8505da743a91ffcfa9edf9ffc9c9,1719998954,0x6b7ec4ba079c0a258435ea36025f6190cd424562,0x8a20c67a47f4891eb1d7e10ba91d0cc48288c028,14987046218227329027080984029949561275408794766325730526435811581087168625932,0,1.0989,0.999999,0.0,YES,2024-07-03 09:29:14+00:00,SELL,0.999999,1.0989,0.91,0.91,0.09
0xa0feaeecce1f54ac9a85e0d0e7ac7a798ef15ac8a12fe91a41b24b78d59942cd_0xc077aa96c9eeb8084fbf479c217b290bcab958483bd9c3a64274ffaaaf712590,0xa0feaeecce1f54ac9a85e0d0e7ac7a798ef15ac8a12fe91a41b24b78d59942cd,1720000084,0xb13b6f63b72a6162d3d04fc60b92bc495487101f,0xc5d563a36ae78145c45a50134d48a1215220f80a,0,14987046218227329027080984029949561275408794766325730526435811581087168625932,1.19999,1.304337,0.0,YES,2024-07-03 09:48:04+00:00,BUY,1.19999,1.304337,0.9199999693330787,0.9199999693330787,0.08
0x1c828050807ec9a98b067db3ce9d4656cff2c526cefb6270612a4bc7f7389440_0x69ca9933d1a9b973cbef45e24f40e9a10197fd7578f724d46b107285d3a75ce0,0x1c828050807ec9a98b067db3ce9d4656cff2c526cefb6270612a4bc7f7389440,1720003938,0x8a20c67a47f4891eb1d7e10ba91d0cc48288c028,0xc5d563a36ae78145c45a50134d48a1215220f80a,14987046218227329027080984029949561275408794766325730526435811581087168625932,0,1.09,0.98863,0.0,YES,2024-07-03 10:52:18+00:00,SELL,0.98863,1.09,0.9069999999999999,0.9069999999999999,0.093
0xeade3512521ae04022936de61862f7a22e9ae7eeffae9bbef5a53f0ae89b4c90_0xddeeddf06b94abe277d81f11709aff6a0e7297c78f8977efb5422beeaad0e25c,0xeade3512521ae04022936de61862f7a22e9ae7eeffae9bbef5a53f0ae89b4c90,1720009660,0x71ed0bc95433cdf1be29f43219725fce9addd9eb,0xc5d563a36ae78145c45a50134d48a1215220f80a,14987046218227329027080984029949561275408794766325730526435811581087168625932,0,600.0,549.0,0.0,YES,2024-07-03 12:27:40+00:00,SELL,549.0,600.0,0.915,0.915,0.085
0xb39b8a5e9706e1232c189cd7aa0fd414b46156160ad8cfe87a9126c156453a3f_0x4a7f0791917b8391021e0157a6174a1ea29999c6fea866f63fde9efa478b78a9,0xb39b8a5e9706e1232c189cd7aa0fd414b46156160ad8cfe87a9126c156453a3f,1720017513,0x71ed0bc95433cdf1be29f43219725fce9addd9eb,0xc5d563a36ae78145c45a50134d48a1215220f80a,14987046218227329027080984029949561275408794766325730526435811581087168625932,0,300.0,275.1,0.0,YES,2024-07-03 14:38:33+00:00,SELL,275.1,300.0,0.917,0.917,0.083
0x388e6fb979bdd0b920704a71f9916bd5dc1708230a040352f2211114a209538f_0x4319643b18adf19e7cbaa85c88b96b193da0fa3207c4c9fd0d3d849e69f867d4,0x388e6fb979bdd0b920704a71f9916bd5dc1708230a040352f2211114a209538f,1720017645,0x71ed0bc95433cdf1be29f43219725fce9addd9eb,0xc5d563a36ae78145c45a50134d48a1215220f80a,14987046218227329027080984029949561275408794766325730526435811581087168625932,0,200.0,183.4,0.0,YES,2024-07-03 14:40:45+00:00,SELL,183.4,200.0,0.917,0.917,0.083
0xfde09d81b7791fb19002a2ed7e0b4273e605decc02ba15fa93d449364bf6878c_0x27f6a457daeb05c6d537533e683e7edcbd44f5431c35d41a972352b682373dff,0xfde09d81b7791fb19002a2ed7e0b4273e605decc02ba15fa93d449364bf6878c,1720028099,0x182b2bd1f035abe76eeb2244b32d9ebac27ef022,0x55b0a09e351b6e3ba34eff847971f3cc58969ead,0,14987046218227329027080984029949561275408794766325730526435811581087168625932,91.7,100.0,0.0,YES,2024-07-03 17:34:59+00:00,BUY,91.7,100.0,0.917,0.917,0.083
0xa1dc3564e2d0021b8bc192d35494e8b5368f4d7a81cc000fb6b8681d901a6028_0x0027abf08e527776b013cc2afccadc6ea08a8cb84ae5231c4b89fff861288b10,0xa1dc3564e2d0021b8bc192d35494e8b5368f4d7a81cc000fb6b8681d901a6028,1720038802,0x9fd25b5f9346d9a49a65509a9b634b8ce7b09448,0xc5d563a36ae78145c45a50134d48a1215220f80a,0,14987046218227329027080984029949561275408794766325730526435811581087168625932,299.999997,327.153759,0.0,YES,2024-07-03 20:33:22+00:00,BUY,299.999997,327.153759,0.91699999999083,0.91699999999083,0.083
0x19c28b022e06a5c73d152e6f88531082113e90705e74b1c0d894ed1056d03c3b_0x24ebb526bfe52531d785be2b5c1f92dd3d0c6f546b435b581aff1c174a3e9bb6,0x19c28b022e06a5c73d152e6f88531082113e90705e74b1c0d894ed1056d03c3b,1720039433,0x4ce73141dbfce41e65db3723e31059a730f0abad,0xc5d563a36ae78145c45a50134d48a1215220f80a,14987046218227329027080984029949561275408794766325730526435811581087168625932,0,95.0,86.165,0.0,YES,2024-07-03 20:43:53+00:00,SELL,86.165,95.0,0.907,0.907,0.093
0xfd0c67df045c05c988057527156c9949f526a7880563d731d937e909057e2407_0xed1836bb2425aea82eff29e4ae016b3dd201c9a09337e9093ce79c86201e760b,0xfd0c67df045c05c988057527156c9949f526a7880563d731d937e909057e2407,1720040283,0xfe85ca32bda8450cdcf47af1d06199982eafdd86,0xc5d563a36ae78145c45a50134d48a1215220f80a,0,14987046218227329027080984029949561275408794766325730526435811581087168625932,4.999992,5.452554,0.0,YES,2024-07-03 20:58:03+00:00,BUY,4.999992,5.452554,0.9169999966987946,0.9169999966987946,0.083
0x0bbbfbc66cc7eff218aed17296ba1af1b5b573cc85da50c7727ef27a48d8ca5f_0xf71f17f6bd20a2202c969b4a181c1323a641bf566495c2a9319bf02fabac52a2,0x0bbbfbc66cc7eff218aed17296ba1af1b5b573cc85da50c7727ef27a48d8ca5f,1720080933,0xd215288ab217db1f3046abf289bfd66a4892b72f,0xc5d563a36ae78145c45a50134d48a1215220f80a,0,14987046218227329027080984029949561275408794766325730526435811581087168625932,4.999992,5.452554,0.0,YES,2024-07-04 08:15:33+00:00,BUY,4.999992,5.452554,0.9169999966987946,0.9169999966987946,0.083
0xb948c796e922825866f795829d0849a94341128f5c47f9bbb060db25ad74053e_0x1889b4e1291d1e8a211d0e645fa145b638ee5e3ae8d8f080301664dd4fe454d3,0xb948c796e922825866f795829d0849a94341128f5c47f9bbb060db25ad74053e,1720085322,0xada76b004554f7a4e3d5e66059f1a9c9588c35a3,0xc5d563a36ae78145c45a50134d48a1215220f80a,0,14987046218227329027080984029949561275408794766325730526435811581087168625932,9.999995,10.90512,0.0,YES,2024-07-04 09:28:42+00:00,BUY,9.999995,10.90512,0.9169999963319981,0.9169999963319981,0.083
0xf2f73ce3ae0bd4805e718e965a5de88bdedc334d3f4cc9d7fd4b827559450d8f_0x1944233701a44fd84b1607e2b5a0d10bb943d583bd628a5716504efcdc61f872,0xf2f73ce3ae0bd4805e718e965a5de88bdedc334d3f4cc9d7fd4b827559450d8f,1720125128,0x404efa6b6450d9a32d28d074c271bdddb5abffb3,0x4ce73141dbfce41e65db3723e31059a730f0abad,0,14987046218227329027080984029949561275408794766325730526435811581087168625932,18.14,20.0,0.0,YES,2024-07-04 20:32:08+00:00,BUY,18.14,20.0,0.907,0.907,0.093
0x990a2843b44ebb48c16336c65e5c90e286286ab686f2ec3ac98fe79ea0e11185_0x97f70d76a42b7dc1411bedfe77cd2b844b550ccaa715018553ed0025d87e8ca2,0x990a2843b44ebb48c16336c65e5c90e286286ab686f2ec3ac98fe79ea0e11185,1720125162,0x4ce73141dbfce41e65db3723e31059a730f0abad,0xc5d563a36ae78145c45a50134d48a1215220f80a,14987046218227329027080984029949561275408794766325730526435811581087168625932,0,89.02,80.65212,0.0,YES,2024-07-04 20:32:42+00:00,SELL,80.65212,89.02,0.906,0.906,0.094
0x40b91a7b1296085d2e5768a3e9ed0cf998027b014376f9a76f8c1b01f42cdabe_0xb2476edb357c0a9c7ff466e82f41663e576a754e8d40e315766a4836be4759b3,0x40b91a7b1296085d2e5768a3e9ed0cf998027b014376f9a76f8c1b01f42cdabe,1720167157,0x71ed0bc95433cdf1be29f43219725fce9addd9eb,0xc5d563a36ae78145c45a50134d48a1215220f80a,14987046218227329027080984029949561275408794766325730526435811581087168625932,0,690.0,622.023,0.0,YES,2024-07-05 08:12:37+00:00,SELL,622.023,690.0,0.9014826086956522,0.9014826086956522,0.098517
0x49a3f66cad28c1bdbdeb4f4fa7d531772b7ab0d7077333aaa719a4c57ada8597_0x805eeeb35dc263cfdf29b7162925ae5bf6f644ca9c7808a42931247e31c3ee80,0x49a3f66cad28c1bdbdeb4f4fa7d531772b7ab0d7077333aaa719a4c57ada8597,1720183809,0x182b2bd1f035abe76eeb2244b32d9ebac27ef022,0x9e54d5a0a18bd57f58d5e0aaafb18589222cb7a3,14987046218227329027080984029949561275408794766325730526435811581087168625932,0,100.0,90.5,0.0,YES,2024-07-05 12:50:09+00:00,SELL,90.5,100.0,0.905,0.905,0.095
0x151bd663cf00da50c899f68a950bac8d1ea267be3b8165327522fa332ab7a523_0xdfb92be00ea2d34699923176032e5dfddc4f619040d46d1a8e03c9efc0251f7a,0x151bd663cf00da50c899f68a950bac8d1ea267be3b8165327522fa332ab7a523,1720183813,0x6b7ec4ba079c0a258435ea36025f6190cd424562,0x9e54d5a0a18bd57f58d5e0aaafb18589222cb7a3,14987046218227329027080984029949561275408794766325730526435811581087168625932,0,89.02,80.65212,0.0,YES,2024-07-05 12:50:13+00:00,SELL,80.65212,89.02,0.906,0.906,0.094
0x4611d1b1c471776249591fbb11875234d18f08aee5b84b4a83be32e68bc2d2d4_0xbdd6217702fdc5250cdfa2cff5b429431de0d3af3858689c8eb8b5ab378629c7,0x4611d1b1c471776249591fbb11875234d18f08aee5b84b4a83be32e68bc2d2d4,1720186583,0x71ed0bc95433cdf1be29f43219725fce9addd9eb,0xc5d563a36ae78145c45a50134d48a1215220f80a,14987046218227329027080984029949561275408794766325730526435811581087168625932,0,100.0,91.0,0.0,YES,2024-07-05 13:36:23+00:00,SELL,91.0,100.0,0.91,0.91,0.09
0x26a7d1f8dd2d518b28b398472f50f637ac8a6246e6947674904c7d6b70ec6428_0x82c0aa2eb732390feb20753b3391bcd88d6e96c0f9b9eafa37a5ce7a4cb8a605,0x26a7d1f8dd2d518b28b398472f50f637ac8a6246e6947674904c7d6b70ec6428,1720188057,0xfa1c66c8d0ec9115a5bfda4a9af57c44d3ba33c1,0x8debd189ffd74160f25e367bafaed61a9fea7062,14987046218227329027080984029949561275408794766325730526435811581087168625932,0,50.0,46.0,0.0,YES,2024-07-05 14:00:57+00:00,SELL,46.0,50.0,0.92,0.92,0.08
0x754c009c2295b05dab3626e522fc5d044c6483a57e15d930f1b9f6ddb2822e88_0x7a44c05b97de62f30b68e54758325ae68933bab0303041f844a149db4a429b7f,0x754c009c2295b05dab3626e522fc5d044c6483a57e15d930f1b9f6ddb2822e88,1720188751,0x71ed0bc95433cdf1be29f43219725fce9addd9eb,0xc5d563a36ae78145c45a50134d48a1215220f80a,14987046218227329027080984029949561275408794766325730526435811581087168625932,0,430.0,391.35,0.0,YES,2024-07-05 14:12:31+00:00,SELL,391.35,430.0,0.9101162790697674,0.9101162790697674,0.089884
0xd3f122a6e55caa10fa66e1e983adcc80bbb837b288cc23bb07815d285e562a0e_0x2d285386431ef87a8967aae858059f6a05e7b3de80bf5c82f93826bc39dc3bb4,0xd3f122a6e55caa10fa66e1e983adcc80bbb837b288cc23bb07815d285e562a0e,1720200158,0xfa1c66c8d0ec9115a5bfda4a9af57c44d3ba33c1,0x8debd189ffd74160f25e367bafaed61a9fea7062,14987046218227329027080984029949561275408794766325730526435811581087168625932,0,50.0,45.8,0.0,YES,2024-07-05 17:22:38+00:00,SELL,45.8,50.0,0.9159999999999999,0.9159999999999999,0.084
0x75fa58e093f7d29216cf948e4d43654b9d33b468823be31d26d80dd1d2d4e942_0xc69d9a52c7047dfbfb279a2669ce2fdb2e3c267e4d90d0fbe27663f5aabde5bf,0x75fa58e093f7d29216cf948e4d43654b9d33b468823be31d26d80dd1d2d4e942,1720230287,0x71ed0bc95433cdf1be29f43219725fce9addd9eb,0xc5d563a36ae78145c45a50134d48a1215220f80a,14987046218227329027080984029949561275408794766325730526435811581087168625932,0,30.0,27.33,0.0,YES,2024-07-06 01:44:47+00:00,SELL,27.33,30.0,0.9109999999999999,0.9109999999999999,0.089
0xfa5b24ce54651b0609f99d97f3d29065617cffb31b850dc7838d8a5554414d7b_0x4ddc4084f4bde309b8c6e763e4500669e70c04ebcc62a45f70554c805a31ddcb,0xfa5b24ce54651b0609f99d97f3d29065617cffb31b850dc7838d8a5554414d7b,1720250013,0xfa1c66c8d0ec9115a5bfda4a9af57c44d3ba33c1,0xf023090c0ce1ff8ae6039e68b5ede8a0462a0ec0,14987046218227329027080984029949561275408794766325730526435811581087168625932,0,2.183405,1.999998,0.0,YES,2024-07-06 07:13:33+00:00,SELL,1.999998,2.183405,0.915999551159771,0.915999551159771,0.084
0x8b60efca64168d2c54f44108483f58eb4c58bf79f18b390bf1f2701d8a097a64_0x4ddc4084f4bde309b8c6e763e4500669e70c04ebcc62a45f70554c805a31ddcb,0x8b60efca64168d2c54f44108483f58eb4c58bf79f18b390bf1f2701d8a097a64,1720253347,0xfa1c66c8d0ec9115a5bfda4a9af57c44d3ba33c1,0xe6b8f30507fe39af79d6b30b9ad64b1fa37ff49d,14987046218227329027080984029949561275408794766325730526435811581087168625932,0,2.183405,1.999998,0.0,YES,2024-07-06 08:09:07+00:00,SELL,1.999998,2.183405,0.915999551159771,0.915999551159771,0.084
0x64cc6194b05d95ee929075780e453acd98987a6375f5b915f1099d0b18cb7ad2_0x4ddc4084f4bde309b8c6e763e4500669e70c04ebcc62a45f70554c805a31ddcb,0x64cc6194b05d95ee929075780e453acd98987a6375f5b915f1099d0b18cb7ad2,1720276851,0xfa1c66c8d0ec9115a5bfda4a9af57c44d3ba33c1,0x8debd189ffd74160f25e367bafaed61a9fea7062,14987046218227329027080984029949561275408794766325730526435811581087168625932,0,25.62,23.46792,0.0,YES,2024-07-06 14:40:51+00:00,SELL,23.46792,25.62,0.9159999999999999,0.9159999999999999,0.084
0xcd905443ed306e554e255ab25cffcd7914c2f4d544c6326b204fd51c59a0adc9_0xa612b38db82e897c3291f1d25c568b733b9a535c14f9abe3c175cc60a0bc3525,0xcd905443ed306e554e255ab25cffcd7914c2f4d544c6326b204fd51c59a0adc9,1720344345,0x6b7ec4ba079c0a258435ea36025f6190cd424562,0x9e54d5a0a18bd57f58d5e0aaafb18589222cb7a3,14987046218227329027080984029949561275408794766325730526435811581087168625932,0,555.0,510.045,0.0,YES,2024-07-07 09:25:45+00:00,SELL,510.045,555.0,0.919,0.919,0.081
0x27b7c8737e11c2344239d29600aab1a751fb16d91c97e85ccebbd09603d3a702_0x02eb0625227bf3be567d7f267ae6796a0b647e2b36212cbbcd7482d623d25b38,0x27b7c8737e11c2344239d29600aab1a751fb16d91c97e85ccebbd09603d3a702,1720355667,0x09b3c21036a30cfe1d65074e82080c0ef7a855c7,0x5a560d135484258aa509f6720d31c4ed24f0adab,14987046218227329027080984029949561275408794766325730526435811581087168625932,0,100.0,92.1,0.0,YES,2024-07-07 12:34:27+00:00,SELL,92.1,100.0,0.9209999999999999,0.9209999999999999,0.079
0xbeb282141678addb5b3805bb3a5374b166dafb703b8c333a3d83c4ae925601c4_0xedf4dc6a065e85c4d1354273b67831bd4dced474f1a6f24380b4dd203fba2331,0xbeb282141678addb5b3805bb3a5374b166dafb703b8c333a3d83c4ae925601c4,1720367232,0x4ce73141dbfce41e65db3723e31059a730f0abad,0xc5d563a36ae78145c45a50134d48a1215220f80a,14987046218227329027080984029949561275408794766325730526435811581087168625932,0,53.37,49.15377,0.0,YES,2024-07-07 15:47:12+00:00,SELL,49.15377,53.37,0.921,0.921,0.079
0x96e448130f493dfc3aa059aaea79bf4fe365df1b10c172fb009f1d96df227eda_0x804868a48788e54e094c7bdb876d051202785bc4a0afab3267f24293a417e939,0x96e448130f493dfc3aa059aaea79bf4fe365df1b10c172fb009f1d96df227eda,1720371702,0x4ce73141dbfce41e65db3723e31059a730f0abad,0xc5d563a36ae78145c45a50134d48a1215220f80a,14987046218227329027080984029949561275408794766325730526435811581087168625932,0,39.9,36.7479,0.0,YES,2024-07-07 17:01:42+00:00,SELL,36.7479,39.9,0.921,0.921,0.079
0x11dd93cb298792208c9e7b4970d1e0b70d3900ae6a2b593f165a716bf8aa6827_0x569654af62d3f7700c9a2918219ca2e20d21cb062cbdb8187b737f6ad23e819b,0x11dd93cb298792208c9e7b4970d1e0b70d3900ae6a2b593f165a716bf8aa6827,1720383085,0x4ce73141dbfce41e65db3723e31059a730f0abad,0xc5d563a36ae78145c45a50134d48a1215220f80a,14987046218227329027080984029949561275408794766325730526435811581087168625932,0,65.09,59.94789,0.0,YES,2024-07-07 20:11:25+00:00,SELL,59.94789,65.09,0.9209999999999999,0.9209999999999999,0.079
0xb932be5acc764d569e2e6736f587b9df6a5911791c713d91b666c9843d3a338b_0x73226fca5f82e3c1d50ffc2fae1321ac09781254717d1d558cb73ae6a273b77c,0xb932be5acc764d569e2e6736f587b9df6a5911791c713d91b666c9843d3a338b,1720383101,0x4ce73141dbfce41e65db3723e31059a730f0abad,0xc5d563a36ae78145c45a50134d48a1215220f80a,14987046218227329027080984029949561275408794766325730526435811581087168625932,0,500.0,460.5,0.0,YES,2024-07-07 20:11:41+00:00,SELL,460.5,500.0,0.921,0.921,0.079
0x1a504f9844764ab639a7f4abef2f90c73bb192f2307ead447ca599c83d82cb68_0x1a7f069152b0d7ba1b77cea4fa841e6185852b6112f016bcc9b74481d4d805d1,0x1a504f9844764ab639a7f4abef2f90c73bb192f2307ead447ca599c83d82cb68,1720383111,0x5a560d135484258aa509f6720d31c4ed24f0adab,0x4ce73141dbfce41e65db3723e31059a730f0abad,0,14987046218227329027080984029949561275408794766325730526435811581087168625932,406.75044,441.64,0.0,YES,2024-07-07 20:11:51+00:00,BUY,406.75044,441.64,0.921,0.921,0.079
0x1e04f5bb1e1c68cdb3481f268b24b3239f199393d609b6cf61d5b6ad6656fdea_0xe973426a0f551abc5e08c34aa3fd7e730db76c437bc0e148a06a4cad6294793b,0x1e04f5bb1e1c68cdb3481f268b24b3239f199393d609b6cf61d5b6ad6656fdea,1720412983,0x8debd189ffd74160f25e367bafaed61a9fea7062,0xc5d563a36ae78145c45a50134d48a1215220f80a,0,14987046218227329027080984029949561275408794766325730526435811581087168625932,92.4,100.0,0.0,YES,2024-07-08 04:29:43+00:00,BUY,92.4,100.0,0.924,0.924,0.076
0x4873bc4aa40db74d56009ea74dbbacd14807986b8e730535f511d28f63effc9d_0xcd9f74c06940f8a716594e02afd0abb5294f1932b2190683b6e172ab5030e4d4,0x4873bc4aa40db74d56009ea74dbbacd14807986b8e730535f511d28f63effc9d,1720422320,0xec0197d503dfd329d10d1327b5513673d7c16592,0xc5d563a36ae78145c45a50134d48a1215220f80a,0,14987046218227329027080984029949561275408794766325730526435811581087168625932,31.416,34.0,0.0,YES,2024-07-08 07:05:20+00:00,BUY,31.416,34.0,0.924,0.924,0.076
0x684a4b7cd098384f09e3e963f1dd5faed6b095f0fa0d017ca2e53052433b31b7_0xec19369b783b57717e815d5022a5e03eda4719d4e086d82d2062f986a9974867,0x684a4b7cd098384f09e3e963f1dd5faed6b095f0fa0d017ca2e53052433b31b7,1720443223,0xaaeb172e152d333714cc8c5d289daca55784c969,0xc5d563a36ae78145c45a50134d48a1215220f80a,0,14987046218227329027080984029949561275408794766325730526435811581087168625932,4.65,5.0,0.0,YES,2024-07-08 12:53:43+00:00,BUY,4.65,5.0,0.93,0.93,0.07
0xaf258e4d0187b39558488162825841e11b613b13f0243c737105194187786ed5_0xff80837275b062e7f32e0b9de3e0b696b3ab3e0c8d243a9f5060f332effd3372,0xaf258e4d0187b39558488162825841e11b613b13f0243c737105194187786ed5,1720446203,0x656b5046a83fe522a9d69561cf8d6d25661333f1,0x5a560d135484258aa509f6720d31c4ed24f0adab,14987046218227329027080984029949561275408794766325730526435811581087168625932,0,31.0,28.83,0.0,YES,2024-07-08 13:43:23+00:00,SELL,28.83,31.0,0.9299999999999999,0.9299999999999999,0.07
0xd5e668f3f460bf8ea3cfbba397de02bf2f3b47c428199f9c09f6a2d68482c3e9_0x08f9d0eac2d9d088f6ee831a24b6622db762276e28d9ff2c9129490df8193b0f,0xd5e668f3f460bf8ea3cfbba397de02bf2f3b47c428199f9c09f6a2d68482c3e9,1720458668,0x3258bb5f1e29bdf905fb088c24b62de391469e52,0xc5d563a36ae78145c45a50134d48a1215220f80a,0,14987046218227329027080984029949561275408794766325730526435811581087168625932,280.2,300.0,0.0,YES,2024-07-08 17:11:08+00:00,BUY,280.2,300.0,0.9339999999999999,0.9339999999999999,0.066
0x51953f87647fab45511d895a49dd4b8a7ee20ee53850f01d6fa9e430f3cb7e04_0x2bd66e3cfce884111b950a2f9ab7598dc8cdabd95833d5629009c14ef2b4dcbb,0x51953f87647fab45511d895a49dd4b8a7ee20ee53850f01d6fa9e430f3cb7e04,1720461501,0xfa1c66c8d0ec9115a5bfda4a9af57c44d3ba33c1,0x4ce73141dbfce41e65db3723e31059a730f0abad,0,14987046218227329027080984029949561275408794766325730526435811581087168625932,46.13154,49.98,0.0,YES,2024-07-08 17:58:21+00:00,BUY,46.13154,49.98,0.923,0.923,0.077
0x41127b5513cef515ee3963df9e1139532ddcf8e6f3517e892e71e020942127db_0x91a8dfb88ea39f5d83e7bdf105131a475a07fdd3fe45efff3a35c57e15f03bfc,0x41127b5513cef515ee3963df9e1139532ddcf8e6f3517e892e71e020942127db,1720461531,0x4ce73141dbfce41e65db3723e31059a730f0abad,0xc5d563a36ae78145c45a50134d48a1215220f80a,14987046218227329027080984029949561275408794766325730526435811581087168625932,0,60.02,55.33844,0.0,YES,2024-07-08 17:58:51+00:00,SELL,55.33844,60.02,0.9219999999999999,0.9219999999999999,0.078
0x1d689dc232f36eb23dae2115b86968f575e66f36c35eaea9334c06de70dcafc1_0xc67979e8ce71951c6d6e79401958d29c69b92c7c1d81aa2528c929b41f051ac4,0x1d689dc232f36eb23dae2115b86968f575e66f36c35eaea9334c06de70dcafc1,1720462504,0x8debd189ffd74160f25e367bafaed61a9fea7062,0xc5d563a36ae78145c45a50134d48a1215220f80a,0,14987046218227329027080984029949561275408794766325730526435811581087168625932,20.548,22.0,0.0,YES,2024-07-08 18:15:04+00:00,BUY,20.548,22.0,0.9339999999999999,0.9339999999999999,0.066
0xf4fd01aa925d5242243939a59e5a43ea3e52dca96f1f5abb85ead42b94bd3d1d_0x8e7730541962f8306f74946c9f38d84b2d22c057051bcba11dffe2204c7537ad,0xf4fd01aa925d5242243939a59e5a43ea3e52dca96f1f5abb85ead42b94bd3d1d,1720467746,0xfa1c66c8d0ec9115a5bfda4a9af57c44d3ba33c1,0x8debd189ffd74160f25e367bafaed61a9fea7062,14987046218227329027080984029949561275408794766325730526435811581087168625932,0,49.99,46.64067,0.0,YES,2024-07-08 19:42:26+00:00,SELL,46.64067,49.99,0.9329999999999999,0.9329999999999999,0.067
0x82ea67493bec3f34223fc6fddb092eb306f774c8314e32ee5b82bfda2b8fa725_0x8d6e1140fb976a838eff2d8d72cbe68acfc7f9a8134879542d3eb83aef8434a0,0x82ea67493bec3f34223fc6fddb092eb306f774c8314e32ee5b82bfda2b8fa725,1720471933,0xfa1c66c8d0ec9115a5bfda4a9af57c44d3ba33c1,0xe25b9180f5687aa85bd94ee309bb72a464320f1b,0,14987046218227329027080984029949561275408794766325730526435811581087168625932,46.14077,49.99,0.0,YES,2024-07-08 20:52:13+00:00,BUY,46.14077,49.99,0.923,0.923,0.077
0xc42c1c58071ad08c90b00a176e5596c76edea2dda1097a6efbb140c07dbbc8aa_0x6ac8d59b8b0dd43f5f9961f85bd1c88366135009b059ce4fbf65aecb054079a5,0xc42c1c58071ad08c90b00a176e5596c76edea2dda1097a6efbb140c07dbbc8aa,1720501832,0xfa1c66c8d0ec9115a5bfda4a9af57c44d3ba33c1,0x8debd189ffd74160f25e367bafaed61a9fea7062,14987046218227329027080984029949561275408794766325730526435811581087168625932,0,49.99,46.39072,0.0,YES,2024-07-09 05:10:32+00:00,SELL,46.39072,49.99,0.928,0.928,0.072
0x62735eb60fd46161400dcd9aab7ef10461ed43d6adc4c73ec41ddf63fb469c5e_0xffc7afb2d169bd4290093d1fa777cfc39a449819d57b26029dbd1be699529b21,0x62735eb60fd46161400dcd9aab7ef10461ed43d6adc4c73ec41ddf63fb469c5e,1720507318,0x6b7ec4ba079c0a258435ea36025f6190cd424562,0xd87065a981cb6f6ac87c513cf2a590fac9158a7e,14987046218227329027080984029949561275408794766325730526435811581087168625932,0,5.0,4.645,0.0,YES,2024-07-09 06:41:58+00:00,SELL,4.645,5.0,0.9289999999999999,0.9289999999999999,0.071
0x5e3a7783f144d951b1e0a946ba66c479a9b33448c3259abd6fbc1b5d0ea14d6c_0xffc7afb2d169bd4290093d1fa777cfc39a449819d57b26029dbd1be699529b21,0x5e3a7783f144d951b1e0a946ba66c479a9b33448c3259abd6fbc1b5d0ea14d6c,1720507796,0x6b7ec4ba079c0a258435ea36025f6190cd424562,0x6e88c6b38827c3cd88290e21ca6de65711aa98fd,14987046218227329027080984029949561275408794766325730526435811581087168625932,0,32.292786,29.999998,0.0,YES,2024-07-09 06:49:56+00:00,SELL,29.999998,32.292786,0.9289999939924664,0.9289999939924664,0.071
0xcc4d01a2a343935928fe4fda37eed9fd4695bca86c821c978824e1a03e3e98fd_0x578cd2cd855917a9d7b57820df8f2321796e0af778c8bd0656a362c661fd3cda,0xcc4d01a2a343935928fe4fda37eed9fd4695bca86c821c978824e1a03e3e98fd,1720507966,0x6e88c6b38827c3cd88290e21ca6de65711aa98fd,0xc5d563a36ae78145c45a50134d48a1215220f80a,14987046218227329027080984029949561275408794766325730526435811581087168625932,0,32.29,29.73909,0.0,YES,2024-07-09 06:52:46+00:00,SELL,29.73909,32.29,0.921,0.921,0.079
0x64a1ab7e2944a669f26bf3ea8b4f93135f698cd7e6b6c6fdbe960c23431d19c7_0x792f7cc007978790ae2789533ae497ef6b0d121b4ba58520ffc6dc972a7aafbf,0x64a1ab7e2944a669f26bf3ea8b4f93135f698cd7e6b6c6fdbe960c23431d19c7,1720512428,0xfa1c66c8d0ec9115a5bfda4a9af57c44d3ba33c1,0x23e784a5c21e2c33d10f7daf0a7f165ba960ae58,14987046218227329027080984029949561275408794766325730526435811581087168625932,0,2.155171,1.999998,0.0,YES,2024-07-09 08:07:08+00:00,SELL,1.999998,2.155171,0.9279996807677905,0.9279996807677905,0.072
0x0d5bc1b6b22daa5f46cead45b30927e9dd8c8d9eb4908901699e334dba83d31a_0x792f7cc007978790ae2789533ae497ef6b0d121b4ba58520ffc6dc972a7aafbf,0x0d5bc1b6b22daa5f46cead45b30927e9dd8c8d9eb4908901699e334dba83d31a,1720517992,0xfa1c66c8d0ec9115a5bfda4a9af57c44d3ba33c1,0xa84bdfe6ffa8bc7dd21b5c412258062e7b765055,14987046218227329027080984029949561275408794766325730526435811581087168625932,0,30.13,27.96064,0.0,YES,2024-07-09 09:39:52+00:00,SELL,27.96064,30.13,0.928,0.928,0.072
0x0596fe8b3ed88d41654019f213ecccbb49438207901282144665fa2ed8bf8b52_0xffc7afb2d169bd4290093d1fa777cfc39a449819d57b26029dbd1be699529b21,0x0596fe8b3ed88d41654019f213ecccbb49438207901282144665fa2ed8bf8b52,1720518000,0x6b7ec4ba079c0a258435ea36025f6190cd424562,0xa84bdfe6ffa8bc7dd21b5c412258062e7b765055,14987046218227329027080984029949561275408794766325730526435811581087168625932,0,1092.62,1015.04398,0.0,YES,2024-07-09 09:40:00+00:00,SELL,1015.04398,1092.62,0.9290000000000002,0.9290000000000002,0.071
0x96db1b331c9935af91cf2d0186899015da4a9ead36a5c8d27be247709b893f92_0xe00d9f533ab5001af92911ca5b5d9c8e48c64057095cbec3ba82365238bb772c,0x96db1b331c9935af91cf2d0186899015da4a9ead36a5c8d27be247709b893f92,1720529948,0xe42af5003e66a6be226bc223f255af86307cbf9e,0xc5d563a36ae78145c45a50134d48a1215220f80a,0,14987046218227329027080984029949561275408794766325730526435811581087168625932,1.999989,2.143611,0.0,YES,2024-07-09 12:59:08+00:00,BUY,1.999989,2.143611,0.9329999706103393,0.9329999706103393,0.067
0x0252f1dcfd26d3d6af5a1b6c602b754f16faf3f3c54e350fa9aa5ee14f02e71f_0x556cc1615ce1b6dc2e8335f9ff7d87a5bcbcc4b69fe2b7d15cf35b20d7b1c642,0x0252f1dcfd26d3d6af5a1b6c602b754f16faf3f3c54e350fa9aa5ee14f02e71f,1720531118,0x5a560d135484258aa509f6720d31c4ed24f0adab,0xc5d563a36ae78145c45a50134d48a1215220f80a,0,14987046218227329027080984029949561275408794766325730526435811581087168625932,4417.32005,4719.85,0.0,YES,2024-07-09 13:18:38+00:00,BUY,4417.32005,4719.85,0.9359026346176256,0.9359026346176256,0.064097
0x7d3c95498be8ad8c8bde517bc0130f55ebfb30bd45ed0a2efbcf93573e17aae3_0xc4dd3f313ff9d5e99b87203ff913040dbfc558de44f60a3325e238152024166f,0x7d3c95498be8ad8c8bde517bc0130f55ebfb30bd45ed0a2efbcf93573e17aae3,1720532370,0xaaf4acafbb7980ce93631d238eb10a5c4ca67883,0xc5d563a36ae78145c45a50134d48a1215220f80a,14987046218227329027080984029949561275408794766325730526435811581087168625932,0,23.7,22.278,0.0,YES,2024-07-09 13:39:30+00:00,SELL,22.278,23.7,0.94,0.94,0.06
0xf58cb3f699c7dfaf01c03440311402d065a00a65673f975bb1430a575a5f569e_0xc4dd3f313ff9d5e99b87203ff913040dbfc558de44f60a3325e238152024166f,0xf58cb3f699c7dfaf01c03440311402d065a00a65673f975bb1430a575a5f569e,1720534848,0xaaf4acafbb7980ce93631d238eb10a5c4ca67883,0xa4f572dc88e28a7e4f5278ad85d9348e525d7fcc,14987046218227329027080984029949561275408794766325730526435811581087168625932,0,10.0,9.4,0.0,YES,2024-07-09 14:20:48+00:00,SELL,9.4,10.0,0.9400000000000001,0.9400000000000001,0.06
0xee230208043cb879a34cb1ba36bc28081c7a0cbbb91e812d9af4a6875b18c5d5_0xc4dd3f313ff9d5e99b87203ff913040dbfc558de44f60a3325e238152024166f,0xee230208043cb879a34cb1ba36bc28081c7a0cbbb91e812d9af4a6875b18c5d5,1720540085,0xaaf4acafbb7980ce93631d238eb10a5c4ca67883,0xeaf1c7c7ee9b1c8b3fb1086e5c3680f8a38e76a0,14987046218227329027080984029949561275408794766325730526435811581087168625932,0,521.3,490.022,0.0,YES,2024-07-09 15:48:05+00:00,SELL,490.022,521.3,0.9400000000000001,0.9400000000000001,0.06
0xd70f1a5d818496080018e97234326a7de155b7d2073b1605ced638c6f58c8101_0xa3cb578b6435e4eac5a59595c69ebcaccb288dbb917217ed631415ed57154419,0xd70f1a5d818496080018e97234326a7de155b7d2073b1605ced638c6f58c8101,1720540759,0x24c8cf69a0e0a17eee21f69d29752bfa32e823e1,0x1e3838c3e5a04fcb5b7506ec748010e8d20d5d7f,71914038773350234130553415116948415426792971631252265695143324140554345804068,0,1245.0,92.13,0.0,NO,2024-07-09 15:59:19+00:00,SELL,92.13,1245.0,0.074,0.926,0.074
0x064d9b24577cccb30a7121483fce15ac07381d58c714be16669abf84fd53b582_0x8f538f593a6155f0f79662fd2b1e40cf85c3eeeb1fce8958ab24ed3387a5e888,0x064d9b24577cccb30a7121483fce15ac07381d58c714be16669abf84fd53b582,1720540773,0x9d84ce0306f8551e02efef1680475fc0f1dc1344,0x1e3838c3e5a04fcb5b7506ec748010e8d20d5d7f,0,14987046218227329027080984029949561275408794766325730526435811581087168625932,1644.65,1778.0,0.0,YES,2024-07-09 15:59:33+00:00,BUY,1644.65,1778.0,0.925,0.925,0.075
0x2deb37394bd7e620f3e87bbf87727c17beb51493a0f0f2475725a6eaca6e9475_0x7d236ecdc1b1a3dbc4230369fa6d1bc444d11ea50a71d695257ced19bb32332b,0x2deb37394bd7e620f3e87bbf87727c17beb51493a0f0f2475725a6eaca6e9475,1720540799,0xe47f31fc9a787556b216d6ce82f3844e1b0a99a1,0xc5d563a36ae78145c45a50134d48a1215220f80a,0,14987046218227329027080984029949561275408794766325730526435811581087168625932,2.049999,2.173912,0.0,YES,2024-07-09 15:59:59+00:00,BUY,2.049999,2.173912,0.9429999926399965,0.9429999926399965,0.057
0xde8ea0deb048d824e3b0cb35f39a41133f7e787c04baa58c7c368f2a236929b7_0xcd550e8f96975b0891d4c19c01bc10797c6107440d46ad0df66bac7985f7400f,0xde8ea0deb048d824e3b0cb35f39a41133f7e787c04baa58c7c368f2a236929b7,1720582906,0x6b7ec4ba079c0a258435ea36025f6190cd424562,0x59ee6c6a56d7b00223f0c30f8002c4df762b684d,71914038773350234130553415116948415426792971631252265695143324140554345804068,0,55.83,3.96393,0.0,NO,2024-07-10 03:41:46+00:00,SELL,3.96393,55.83,0.07100000000000001,0.929,0.07100000000000001
0x77b14649ceaf89e889ce284dda8508f91ed8a78b49b3ea87ee93ddfca78b8acc_0xcd550e8f96975b0891d4c19c01bc10797c6107440d46ad0df66bac7985f7400f,0x77b14649ceaf89e889ce284dda8508f91ed8a78b49b3ea87ee93ddfca78b8acc,1720583042,0x6b7ec4ba079c0a258435ea36025f6190cd424562,0x59ee6c6a56d7b00223f0c30f8002c4df762b684d,71914038773350234130553415116948415426792971631252265695143324140554345804068,0,52.0,3.692,0.0,NO,2024-07-10 03:44:02+00:00,SELL,3.692,52.0,0.07100000000000001,0.929,0.07100000000000001
0xab3f3606f4f4d8e7a9922c7b3b10ba4aaa4ecff7a77dd6e2b2e8de85e2c60759_0xcd550e8f96975b0891d4c19c01bc10797c6107440d46ad0df66bac7985f7400f,0xab3f3606f4f4d8e7a9922c7b3b10ba4aaa4ecff7a77dd6e2b2e8de85e2c60759,1720583520,0x6b7ec4ba079c0a258435ea36025f6190cd424562,0x59ee6c6a56d7b00223f0c30f8002c4df762b684d,71914038773350234130553415116948415426792971631252265695143324140554345804068,0,56.77,4.03067,0.0,NO,2024-07-10 03:52:00+00:00,SELL,4.03067,56.77,0.071,0.929,0.071
0xb8febf1b0e79c5d2003d7649c295ac389809026c8858cd400a2368a725f22faf_0xcd550e8f96975b0891d4c19c01bc10797c6107440d46ad0df66bac7985f7400f,0xb8febf1b0e79c5d2003d7649c295ac389809026c8858cd400a2368a725f22faf,1720583606,0x6b7ec4ba079c0a258435ea36025f6190cd424562,0x59ee6c6a56d7b00223f0c30f8002c4df762b684d,71914038773350234130553415116948415426792971631252265695143324140554345804068,0,44.43,3.15453,0.0,NO,2024-07-10 03:53:26+00:00,SELL,3.15453,44.43,0.071,0.929,0.071
0xae1bace3b77425c1012790e47532736cfa24fc8dcb346a352f55374315a65418_0xcd550e8f96975b0891d4c19c01bc10797c6107440d46ad0df66bac7985f7400f,0xae1bace3b77425c1012790e47532736cfa24fc8dcb346a352f55374315a65418,1720583854,0x6b7ec4ba079c0a258435ea36025f6190cd424562,0x59ee6c6a56d7b00223f0c30f8002c4df762b684d,71914038773350234130553415116948415426792971631252265695143324140554345804068,0,53.62,3.80702,0.0,NO,2024-07-10 03:57:34+00:00,SELL,3.80702,53.62,0.07100000000000001,0.929,0.07100000000000001
0xa63990fe0a8f5d89b82f4fb8f8558143a11d75e13857898b0dae575d7e5b782e_0x45cb52f6b308dd0563d1e90f13d2e724024d1c65581e347109960bd3ff3be17d,0xa63990fe0a8f5d89b82f4fb8f8558143a11d75e13857898b0dae575d7e5b782e,1720599405,0xa84bdfe6ffa8bc7dd21b5c412258062e7b765055,0x59ee6c6a56d7b00223f0c30f8002c4df762b684d,0,14987046218227329027080984029949561275408794766325730526435811581087168625932,14.62154,15.79,0.0,YES,2024-07-10 08:16:45+00:00,BUY,14.62154,15.79,0.926,0.926,0.074
0x453ef1cdad5dce2ee39f3a1bbd6044ba10049f4dfb1d4f7fbf3fd741395d3e22_0x6e3ebc85888920b993159344a1f9cfcec8f5ddd3a2fdbee071edcbf2d292d7eb,0x453ef1cdad5dce2ee39f3a1bbd6044ba10049f4dfb1d4f7fbf3fd741395d3e22,1720603152,0x118f8f3dca63029bb74d7e9eed734120c253fc28,0xc5d563a36ae78145c45a50134d48a1215220f80a,0,14987046218227329027080984029949561275408794766325730526435811581087168625932,9.4,10.0,0.0,YES,2024-07-10 09:19:12+00:00,BUY,9.4,10.0,0.9400000000000001,0.9400000000000001,0.06
0xe20d9adf514169b12711ab7f8334657dd0567ec7fb9e790c1dd374ab2bc1d1ec_0x45cb52f6b308dd0563d1e90f13d2e724024d1c65581e347109960bd3ff3be17d,0xe20d9adf514169b12711ab7f8334657dd0567ec7fb9e790c1dd374ab2bc1d1ec,1720604077,0xa84bdfe6ffa8bc7dd21b5c412258062e7b765055,0x59ee6c6a56d7b00223f0c30f8002c4df762b684d,0,14987046218227329027080984029949561275408794766325730526435811581087168625932,138.2055,149.25,0.0,YES,2024-07-10 09:34:37+00:00,BUY,138.2055,149.25,0.926,0.926,0.074
0x85861760a5e3a691045b9239cb426f71c68c3aa7e3ddb0cab95560409c50e504_0x2b24008de18d231f2d72c6f9041957d2d468c0d894e05c9e513fafcf050b4929,0x85861760a5e3a691045b9239cb426f71c68c3aa7e3ddb0cab95560409c50e504,1720613284,0xfa1c66c8d0ec9115a5bfda4a9af57c44d3ba33c1,0x59ee6c6a56d7b00223f0c30f8002c4df762b684d,0,14987046218227329027080984029949561275408794766325730526435811581087168625932,46.34073,49.99,0.0,YES,2024-07-10 12:08:04+00:00,BUY,46.34073,49.99,0.9269999999999999,0.9269999999999999,0.073
0xb26f18bc1e28b672faf29570ce23f23f6371fafc12e95d58a342d7c2b6ebc458_0xef1c83fe5ab17efed71f8a3705aa97c3780f4fd34b40bdccf2b4b5765a9422b4,0xb26f18bc1e28b672faf29570ce23f23f6371fafc12e95d58a342d7c2b6ebc458,1720615105,0xe8a94fe15881662ee545ebf5c23227c839807d30,0xc5d563a36ae78145c45a50134d48a1215220f80a,0,14987046218227329027080984029949561275408794766325730526435811581087168625932,0.999987,1.063816,0.0,YES,2024-07-10 12:38:25+00:00,BUY,0.999987,1.063816,0.9399999623995126,0.9399999623995126,0.06
0x7a3feb0f16c56267c7473811ffbe8d3c1ec636085f41dffc04bf00d98e841f26_0x92752d437534c7809ef342df809d6ef970a51afacd7dd545bfa9d3e96fcfdc4f,0x7a3feb0f16c56267c7473811ffbe8d3c1ec636085f41dffc04bf00d98e841f26,1720621024,0xf30b3173f285a5d4760dd36def6e5653555f864b,0xc5d563a36ae78145c45a50134d48a1215220f80a,0,14987046218227329027080984029949561275408794766325730526435811581087168625932,100.379999,106.787233,0.0,YES,2024-07-10 14:17:04+00:00,BUY,100.379999,106.787233,0.9399999998127117,0.9399999998127117,0.06
0xe767385342828b29d0d849f43be35884e7389d402399132f7ca32a17cb796d5c_0xdabef37afa7dbd57deacda234f92bbeabf713b351011769a73f9621ff6c5f60c,0xe767385342828b29d0d849f43be35884e7389d402399132f7ca32a17cb796d5c,1720642426,0x4ce73141dbfce41e65db3723e31059a730f0abad,0xc5d563a36ae78145c45a50134d48a1215220f80a,14987046218227329027080984029949561275408794766325730526435811581087168625932,0,882.33,817.03758,0.0,YES,2024-07-10 20:13:46+00:00,SELL,817.03758,882.33,0.926,0.926,0.074
0xfc8e632c529cf2a9bc3a09f5e9ff59fb9e8f680a4fbba117843fa56ec100f965_0xe476fe8f9056f0be02d471dba0f27b8eaedd5e15be8f4f3b2731a025ca72ca7d,0xfc8e632c529cf2a9bc3a09f5e9ff59fb9e8f680a4fbba117843fa56ec100f965,1720642444,0x4ce73141dbfce41e65db3723e31059a730f0abad,0xc5d563a36ae78145c45a50134d48a1215220f80a,14987046218227329027080984029949561275408794766325730526435811581087168625932,0,217.67,201.56242,0.0,YES,2024-07-10 20:14:04+00:00,SELL,201.56242,217.67,0.926,0.926,0.074
0x6bb9191b8c157054c8e7c719031db8df33d29f111c9a22eeb75fcc0b8d24b231_0x45cb52f6b308dd0563d1e90f13d2e724024d1c65581e347109960bd3ff3be17d,0x6bb9191b8c157054c8e7c719031db8df33d29f111c9a22eeb75fcc0b8d24b231,1720650660,0xa84bdfe6ffa8bc7dd21b5c412258062e7b765055,0x59ee6c6a56d7b00223f0c30f8002c4df762b684d,0,14987046218227329027080984029949561275408794766325730526435811581087168625932,92.6,100.0,0.0,YES,2024-07-10 22:31:00+00:00,BUY,92.6,100.0,0.9259999999999999,0.9259999999999999,0.074
0x67afe5ba0fab6bd92100aac204a7aa15668bc9200f2c1e31f961460da0de1d95_0xe6c8657bcd812524d4e6dae10014a47ba28ac1ed22b518baae9f4528d88c39be,0x67afe5ba0fab6bd92100aac204a7aa15668bc9200f2c1e31f961460da0de1d95,1720651130,0xfa1c66c8d0ec9115a5bfda4a9af57c44d3ba33c1,0x408f8ab18fa825f0e6e4327eed140f25c397f885,14987046218227329027080984029949561275408794766325730526435811581087168625932,0,49.99,46.94061,0.0,YES,2024-07-10 22:38:50+00:00,SELL,46.94061,49.99,0.939,0.939,0.061
0x0bdd34c772271659694eade627ef9d86dfddd3f14818687eeebe668667fc0dca_0x45cb52f6b308dd0563d1e90f13d2e724024d1c65581e347109960bd3ff3be17d,0x0bdd34c772271659694eade627ef9d86dfddd3f14818687eeebe668667fc0dca,1720661102,0xa84bdfe6ffa8bc7dd21b5c412258062e7b765055,0x59ee6c6a56d7b00223f0c30f8002c4df762b684d,0,14987046218227329027080984029949561275408794766325730526435811581087168625932,765.81126,827.01,0.0,YES,2024-07-11 01:25:02+00:00,BUY,765.81126,827.01,0.9259999999999999,0.9259999999999999,0.074
0xf9ef4a1b515303fc2b510266c57638e0fe62a6d0394b094c6a16c9adb0a5b2e6_0x45cb52f6b308dd0563d1e90f13d2e724024d1c65581e347109960bd3ff3be17d,0xf9ef4a1b515303fc2b510266c57638e0fe62a6d0394b094c6a16c9adb0a5b2e6,1720681455,0xa84bdfe6ffa8bc7dd21b5c412258062e7b765055,0x1e3838c3e5a04fcb5b7506ec748010e8d20d5d7f,0,14987046218227329027080984029949561275408794766325730526435811581087168625932,1720.45244,1857.94,0.0,YES,2024-07-11 07:04:15+00:00,BUY,1720.45244,1857.94,0.9259999999999999,0.9259999999999999,0.074
0x361b80c8ab84ed58541e612ee0fe7b3c8a78654e78ca94b316f052bec6aa400f_0x62948361494eaab66a11af4887e5975917800faf0281381e2ccb86fe2a29883b,0x361b80c8ab84ed58541e612ee0fe7b3c8a78654e78ca94b316f052bec6aa400f,1720689969,0xaf02e1c03ae0757183812abe797fd09ce53333ff,0xc5d563a36ae78145c45a50134d48a1215220f80a,0,14987046218227329027080984029949561275408794766325730526435811581087168625932,131.9292,140.95,0.0,YES,2024-07-11 09:26:09+00:00,BUY,131.9292,140.95,0.9360000000000002,0.9360000000000002,0.064
0x3805f819b9d6d4c9ba03cfa7f1068ca9790270366752f78d68ba64ff22f74587_0xc3c84527df9b5fd9edda10f6742c757f51b9c7f4b3ff5bca19cc4b781f597ba3,0x3805f819b9d6d4c9ba03cfa7f1068ca9790270366752f78d68ba64ff22f74587,1720701240,0x6b7ec4ba079c0a258435ea36025f6190cd424562,0x9d84ce0306f8551e02efef1680475fc0f1dc1344,0,14987046218227329027080984029949561275408794766325730526435811581087168625932,1381.5,1500.0,0.0,YES,2024-07-11 12:34:00+00:00,BUY,1381.5,1500.0,0.921,0.921,0.079
0x9894f456169f9a50848071e79664d72d6353a9dd4b364f6d90b0919564490d72_0x5104955d0b2239bfd902870bb6da3b5c12012c3d9ce6d38d5c15cfe136484499,0x9894f456169f9a50848071e79664d72d6353a9dd4b364f6d90b0919564490d72,1720708795,0xa84bdfe6ffa8bc7dd21b5c412258062e7b765055,0x59ee6c6a56d7b00223f0c30f8002c4df762b684d,0,14987046218227329027080984029949561275408794766325730526435811581087168625932,110.957,121.0,0.0,YES,2024-07-11 14:39:55+00:00,BUY,110.957,121.0,0.9169999999999999,0.9169999999999999,0.083
0xf6e0908a14536c31ceda959c6cca2888d0752485ee872795a22a9f0cc0ffb473_0x21a8e056178189c0a6351a9511238b1116849eaf99a64d7b255a1720d2d0a056,0xf6e0908a14536c31ceda959c6cca2888d0752485ee872795a22a9f0cc0ffb473,1720712645,0xdcc9d68a4bad9fc8becd27a03ee5b2b4feda4534,0x59ee6c6a56d7b00223f0c30f8002c4df762b684d,0,14987046218227329027080984029949561275408794766325730526435811581087168625932,96.18,105.0,0.0,YES,2024-07-11 15:44:05+00:00,BUY,96.18,105.0,0.916,0.916,0.084
0x8ed1232f97d55734f758b5fb42cce4b81b54ff6c27a19cfb01a8343b080a5332_0x56c900506ed137bfee3e1565b1488b1fbe25f03f86e7a0884a352d3c4afdacfc,0x8ed1232f97d55734f758b5fb42cce4b81b54ff6c27a19cfb01a8343b080a5332,1720712655,0xd42f6a1634a3707e27cbae14ca966068e5d1047d,0x0e4a455e1ed38bc84809862020c2a1acb2c9faaf,0,14987046218227329027080984029949561275408794766325730526435811581087168625932,14.22825,15.55,0.0,YES,2024-07-11 15:44:15+00:00,BUY,14.22825,15.55,0.9149999999999999,0.9149999999999999,0.085
0x1d524bad2077c9f3d83a1a929f32893458fa376f896aed88b9a01326ec5498bf_0x74fea9d1b1dc1ae9a3120230617291ecee053d6cfef02f1d33bc6cc33112114b,0x1d524bad2077c9f3d83a1a929f32893458fa376f896aed88b9a01326ec5498bf,1720713565,0xa84bdfe6ffa8bc7dd21b5c412258062e7b765055,0x59ee6c6a56d7b00223f0c30f8002c4df762b684d,0,14987046218227329027080984029949561275408794766325730526435811581087168625932,91.2,100.0,0.0,YES,2024-07-11 15:59:25+00:00,BUY,91.2,100.0,0.912,0.912,0.088
0xa71809940e99ebaaffdf7bd2232a3493ad5a22de8b6b6b15467ba0553e3bd0e4_0x74fea9d1b1dc1ae9a3120230617291ecee053d6cfef02f1d33bc6cc33112114b,0xa71809940e99ebaaffdf7bd2232a3493ad5a22de8b6b6b15467ba0553e3bd0e4,1720718935,0xa84bdfe6ffa8bc7dd21b5c412258062e7b765055,0x59ee6c6a56d7b00223f0c30f8002c4df762b684d,0,14987046218227329027080984029949561275408794766325730526435811581087168625932,11.5368,12.65,0.0,YES,2024-07-11 17:28:55+00:00,BUY,11.5368,12.65,0.9119999999999999,0.9119999999999999,0.088
0xb7fa8c5461ff701402f9502d5b61558fbf6d3b17bd87ed3c1e2a46d212d6d4a3_0xcefe85b9fcf9c5cf25292893eaeb5ebc66406cd8eea829cacb86db2a4409d9bc,0xb7fa8c5461ff701402f9502d5b61558fbf6d3b17bd87ed3c1e2a46d212d6d4a3,1720723487,0xfa1c66c8d0ec9115a5bfda4a9af57c44d3ba33c1,0x0e4a455e1ed38bc84809862020c2a1acb2c9faaf,14987046218227329027080984029949561275408794766325730526435811581087168625932,0,49.99,46.64067,0.0,YES,2024-07-11 18:44:47+00:00,SELL,46.64067,49.99,0.9329999999999999,0.9329999999999999,0.067
0xe1ca3fe5ac45cb117113675d04a4230926194d70f7a1c2030570d85519ade36e_0x6b67857e1472f415401d4c141a9e4e38961218da02d08f8ef121c7ebe1fe0129,0xe1ca3fe5ac45cb117113675d04a4230926194d70f7a1c2030570d85519ade36e,1720723791,0x6b7ec4ba079c0a258435ea36025f6190cd424562,0x0e4a455e1ed38bc84809862020c2a1acb2c9faaf,14987046218227329027080984029949561275408794766325730526435811581087168625932,0,311.9,291.3146,0.0,YES,2024-07-11 18:49:51+00:00,SELL,291.3146,311.9,0.934,0.934,0.066
0x1ac98f29494308255e2d0a1801e82c5151f9b1c6b86faa8f97e5da08e5acf642_0x6b67857e1472f415401d4c141a9e4e38961218da02d08f8ef121c7ebe1fe0129,0x1ac98f29494308255e2d0a1801e82c5151f9b1c6b86faa8f97e5da08e5acf642,1720755319,0x6b7ec4ba079c0a258435ea36025f6190cd424562,0x7895f5bd44ce90c429f75942fe2b598c3c79d239,14987046218227329027080984029949561275408794766325730526435811581087168625932,0,1.070662,0.999998,0.0,YES,2024-07-12 03:35:19+00:00,SELL,0.999998,1.070662,0.9339997123275133,0.9339997123275133,0.066
0x1d38a32c6c956f8cd814bc659f9ca471b1b73dc8308b13d34c3213e3163a3dff_0x74fea9d1b1dc1ae9a3120230617291ecee053d6cfef02f1d33bc6cc33112114b,0x1d38a32c6c956f8cd814bc659f9ca471b1b73dc8308b13d34c3213e3163a3dff,1720770432,0xa84bdfe6ffa8bc7dd21b5c412258062e7b765055,0x59ee6c6a56d7b00223f0c30f8002c4df762b684d,0,14987046218227329027080984029949561275408794766325730526435811581087168625932,69.85008,76.59,0.0,YES,2024-07-12 07:47:12+00:00,BUY,69.85008,76.59,0.912,0.912,0.088
0x8bf3e7d7cb90fa8f31b066dd0cd63d67676c6a61e13a06af1d9e004361fee367_0xb579c4f5bb62c4175db366434f50223cbe7c97106e11480caee02e5fc1042eb7,0x8bf3e7d7cb90fa8f31b066dd0cd63d67676c6a61e13a06af1d9e004361fee367,1720797346,0xa84bdfe6ffa8bc7dd21b5c412258062e7b765055,0xddf47559fd2fd315b2434a3edfa42e43874fd9bd,0,14987046218227329027080984029949561275408794766325730526435811581087168625932,9.309278,10.309277,0.0,YES,2024-07-12 15:15:46+00:00,BUY,9.309278,10.309277,0.9030000842930112,0.9030000842930112,0.097
0xe675b6c33582a39e27ea8d8716ff3baaf914bfafdbc1f24689742a77781ec124_0xa2a310bd9920a9362a147095c367bcfe6c18b9975337d11cdc504664113a5af6,0xe675b6c33582a39e27ea8d8716ff3baaf914bfafdbc1f24689742a77781ec124,1720870397,0x3c3c47aea56b26c0f5b32149dc64b06ad91dbae3,0xc5d563a36ae78145c45a50134d48a1215220f80a,0,14987046218227329027080984029949561275408794766325730526435811581087168625932,100.0959,107.63,0.0,YES,2024-07-13 11:33:17+00:00,BUY,100.0959,107.63,0.93,0.93,0.07
0x77e489f304a0a1bff9b262fd989933e140d88b8598f860d359f3d3948ea2f0d3_0x52004e02f054b2eb1b154005ffe9f83b7777b122050f9b0902fb5e574b4ac8ef,0x77e489f304a0a1bff9b262fd989933e140d88b8598f860d359f3d3948ea2f0d3,1720898197,0xfa1c66c8d0ec9115a5bfda4a9af57c44d3ba33c1,0x8debd189ffd74160f25e367bafaed61a9fea7062,14987046218227329027080984029949561275408794766325730526435811581087168625932,0,49.99,46.34073,0.0,YES,2024-07-13 19:16:37+00:00,SELL,46.34073,49.99,0.9269999999999999,0.9269999999999999,0.073
0xbae3d24d3cb9094065565cff9a19bc751613cda203e4dd5dc106b9f7fc2e894f_0x2c142385c3fdfa715a27ab31c1cb273fd6afa2435329cae8d77b2a768e9c3025,0xbae3d24d3cb9094065565cff9a19bc751613cda203e4dd5dc106b9f7fc2e894f,1720926489,0x4ce73141dbfce41e65db3723e31059a730f0abad,0x5b50155bf8bfb7ff5d2f2a2738e0a1cd707150e4,14987046218227329027080984029949561275408794766325730526435811581087168625932,0,700.0,644.0,0.0,YES,2024-07-14 03:08:09+00:00,SELL,644.0,700.0,0.92,0.92,0.08
0x845689d7870a247e4d6ac539bcd81bbb32c38c333a793309daa3d19f7b324bc9_0x77efdd1a9df78f43fffa0e63fa0e50d4e4e96b1bf404e21a0ed4690107a10752,0x845689d7870a247e4d6ac539bcd81bbb32c38c333a793309daa3d19f7b324bc9,1720932274,0x0768b0d7504a60d67db9aff940329dcd3eda712b,0xc5d563a36ae78145c45a50134d48a1215220f80a,0,14987046218227329027080984029949561275408794766325730526435811581087168625932,19.999995,21.505371,0.0,YES,2024-07-14 04:44:34+00:00,BUY,19.999995,21.505371,0.9299999986049996,0.9299999986049996,0.07
0x52936a7a82e5143550231b7d3143de8ab9cff29bc845e69a20fc4991daca8e40_0x413c5185da8f225848805a44959c51bd8fb1c77f67056755bf249459eeb41103,0x52936a7a82e5143550231b7d3143de8ab9cff29bc845e69a20fc4991daca8e40,1720950421,0x288d3c0a69966ef5b8b6549232e5b8e52b2cf517,0xc5d563a36ae78145c45a50134d48a1215220f80a,14987046218227329027080984029949561275408794766325730526435811581087168625932,0,0.11,0.10098,0.0,YES,2024-07-14 09:47:01+00:00,SELL,0.10098,0.11,0.918,0.918,0.082
0xaafa576212f11beb1886df465815bba5fe94e72e51ec1bde6ff4768db3e38a36_0x764bb59617cdd2df28fd6de77fffcc3f9f573512e3e4c37af8286a2885a652fe,0xaafa576212f11beb1886df465815bba5fe94e72e51ec1bde6ff4768db3e38a36,1720965490,0xaaeb172e152d333714cc8c5d289daca55784c969,0xc5d563a36ae78145c45a50134d48a1215220f80a,14987046218227329027080984029949561275408794766325730526435811581087168625932,0,5.0,4.595,0.0,YES,2024-07-14 13:58:10+00:00,SELL,4.595,5.0,0.9189999999999999,0.9189999999999999,0.081
0xabb3460badba52123f0acb0acd5e86bc7d1a8c941d299048a52d83cb769a4c63_0xbe256cf647ab2e24e5e2159a9344e8aad5a1fbca47453053047f87cd1ab59d7a,0xabb3460badba52123f0acb0acd5e86bc7d1a8c941d299048a52d83cb769a4c63,1720968559,0x5b50155bf8bfb7ff5d2f2a2738e0a1cd707150e4,0x59ee6c6a56d7b00223f0c30f8002c4df762b684d,0,14987046218227329027080984029949561275408794766325730526435811581087168625932,677.96468,737.72,0.0,YES,2024-07-14 14:49:19+00:00,BUY,677.96468,737.72,0.919,0.919,0.081
0x94096f2fc2749028d57ae349d2ef31fb4cbab53a9617537fb985e45b1fe4042a_0x1c898f0f42073c4b4bc3de30cf7f55a15c6eb0a9aa3b530184010c9db06c39ee,0x94096f2fc2749028d57ae349d2ef31fb4cbab53a9617537fb985e45b1fe4042a,1720979750,0x5b50155bf8bfb7ff5d2f2a2738e0a1cd707150e4,0x59ee6c6a56d7b00223f0c30f8002c4df762b684d,0,14987046218227329027080984029949561275408794766325730526435811581087168625932,13.77,15.0,0.0,YES,2024-07-14 17:55:50+00:00,BUY,13.77,15.0,0.9179999999999999,0.9179999999999999,0.082
0x63561409537234d037ba6d6fdf612e4b89eeec19e0d6e52453ff60516cfcb902_0x1c898f0f42073c4b4bc3de30cf7f55a15c6eb0a9aa3b530184010c9db06c39ee,0x63561409537234d037ba6d6fdf612e4b89eeec19e0d6e52453ff60516cfcb902,1720991321,0x5b50155bf8bfb7ff5d2f2a2738e0a1cd707150e4,0x59ee6c6a56d7b00223f0c30f8002c4df762b684d,0,14987046218227329027080984029949561275408794766325730526435811581087168625932,113.3271,123.45,0.0,YES,2024-07-14 21:08:41+00:00,BUY,113.3271,123.45,0.918,0.918,0.082
0xa1a2b4408f3a6371d51eb0417ed21882bedc47dba29559e4ef2e2a343a522df4_0xe1d7ff7ba93e2127bf35e99638ddc2b03b9d0bc4e497bbe984eec6b873dcb2cf,0xa1a2b4408f3a6371d51eb0417ed21882bedc47dba29559e4ef2e2a343a522df4,1720992652,0xfa1c66c8d0ec9115a5bfda4a9af57c44d3ba33c1,0x8debd189ffd74160f25e367bafaed61a9fea7062,14987046218227329027080984029949561275408794766325730526435811581087168625932,0,49.99,46.44071,0.0,YES,2024-07-14 21:30:52+00:00,SELL,46.44071,49.99,0.929,0.929,0.071
0x29d1b69e2af7e2bea4cee2bcc5175a2e382db4ab8c0a475c04ed0174a8e78b75_0x5f80cb8e710cc336313d73ddf861c867140ff217e61bf5e5d8b05af0052fc59e,0x29d1b69e2af7e2bea4cee2bcc5175a2e382db4ab8c0a475c04ed0174a8e78b75,1721017964,0x8debd189ffd74160f25e367bafaed61a9fea7062,0xc5d563a36ae78145c45a50134d48a1215220f80a,0,14987046218227329027080984029949561275408794766325730526435811581087168625932,272.3598,292.86,0.0,YES,2024-07-15 04:32:44+00:00,BUY,272.3598,292.86,0.9299999999999999,0.9299999999999999,0.07
0xe723714b11017bd72bc511dd31232adf1aeb8c8f959557eb12747d1b82e8ab30_0xf1776800b8179f442a7d96781c5a11fab5eb8224b347f03648fbb526ceb22024,0xe723714b11017bd72bc511dd31232adf1aeb8c8f959557eb12747d1b82e8ab30,1721023633,0x8e042176107ce3f2da1bb6d57327d47ecf29d5ac,0xc5d563a36ae78145c45a50134d48a1215220f80a,0,14987046218227329027080984029949561275408794766325730526435811581087168625932,0.099988,0.107514,0.0,YES,2024-07-15 06:07:13+00:00,BUY,0.099988,0.107514,0.9299998139777145,0.9299998139777145,0.07
0xa33463067cc95ba2f1d347dcf35f4f10793cf869765a25a73fbaee51d7ee0ec1_0xdde866c7e6ee33c1996d4c95869c8dbac36c08ed130c23f0698cb3aa19d1c46d,0xa33463067cc95ba2f1d347dcf35f4f10793cf869765a25a73fbaee51d7ee0ec1,1721024213,0xe96c7f5f8117ca845b1013b40afccfc0672b9e22,0xc5d563a36ae78145c45a50134d48a1215220f80a,0,14987046218227329027080984029949561275408794766325730526435811581087168625932,930.0,1000.0,0.0,YES,2024-07-15 06:16:53+00:00,BUY,930.0,1000.0,0.93,0.93,0.07
0x74fdfb137fdbdcfca8e09434d8415a7dccbe3e9fa8631d1fa62120f9179e889b_0x6febd068d93e4c6bd9d954bf424b361f5c6e3651ad7321966bee3579e007efd5,0x74fdfb137fdbdcfca8e09434d8415a7dccbe3e9fa8631d1fa62120f9179e889b,1721048101,0xfa1c66c8d0ec9115a5bfda4a9af57c44d3ba33c1,0x59ee6c6a56d7b00223f0c30f8002c4df762b684d,0,14987046218227329027080984029949561275408794766325730526435811581087168625932,5.97729,6.49,0.0,YES,2024-07-15 12:55:01+00:00,BUY,5.97729,6.49,0.9209999999999999,0.9209999999999999,0.079
0x526b2577ed773921106df7cf7e830bbfab73f30e79b1decc8bb406cbcc999fd6_0x9101469bcf3bce463ca4ee5190a543214bc7931ee8fc86add23da14269a535b0,0x526b2577ed773921106df7cf7e830bbfab73f30e79b1decc8bb406cbcc999fd6,1721048927,0xfa1c66c8d0ec9115a5bfda4a9af57c44d3ba33c1,0x224b255eaa3279ceb77330317d3c38ee8e73f6b8,14987046218227329027080984029949561275408794766325730526435811581087168625932,0,6.49,6.02921,0.0,YES,2024-07-15 13:08:47+00:00,SELL,6.02921,6.49,0.9289999999999999,0.9289999999999999,0.071
0xc582b41c722c7a21deeb638b04dc3a2a230c7f903d95529e70686d5138a0a99d_0xfc6c92a57b40c0b9deb3b616df69d0f7c6fd60d66201f05a98d379df48152476,0xc582b41c722c7a21deeb638b04dc3a2a230c7f903d95529e70686d5138a0a99d,1721048939,0x224b255eaa3279ceb77330317d3c38ee8e73f6b8,0xc5d563a36ae78145c45a50134d48a1215220f80a,0,14987046218227329027080984029949561275408794766325730526435811581087168625932,143.6478,154.46,0.0,YES,2024-07-15 13:08:59+00:00,BUY,143.6478,154.46,0.9299999999999999,0.9299999999999999,0.07
0x2415d2fc9bc48003578fb6b3ad474739c4f2f4572b8a913f39bf2eb04101c5a3_0xccca460b95d401c11e8bcb5b6fab4d6993af960a27c1739b4ab40a28b6e7572a,0x2415d2fc9bc48003578fb6b3ad474739c4f2f4572b8a913f39bf2eb04101c5a3,1721053583,0x6b7ec4ba079c0a258435ea36025f6190cd424562,0x6d29d0a816369f015dbe094553d89f6d0e65414d,14987046218227329027080984029949561275408794766325730526435811581087168625932,0,428.456697,399.750098,0.0,YES,2024-07-15 14:26:23+00:00,SELL,399.750098,428.456697,0.9329999992974785,0.9329999992974785,0.067
0x9099d0554fa99525f9b2c6853bcee120e5e2822b83f83569d640eb7e065bf912_0xccca460b95d401c11e8bcb5b6fab4d6993af960a27c1739b4ab40a28b6e7572a,0x9099d0554fa99525f9b2c6853bcee120e5e2822b83f83569d640eb7e065bf912,1721054924,0x6b7ec4ba079c0a258435ea36025f6190cd424562,0xe46e0eb1318309d155d87392915e626788a3fb06,14987046218227329027080984029949561275408794766325730526435811581087168625932,0,30.0,27.99,0.0,YES,2024-07-15 14:48:44+00:00,SELL,27.99,30.0,0.9329999999999999,0.9329999999999999,0.067
0xbaf261f6c63b621bc2b8ef6cfaf2644d3ce8ae0187182041d1f1881d5154d005_0x5e8cf9381116296e31d81ffbfc919994d7df71eb57a5aa602ced8798ee71a199,0xbaf261f6c63b621bc2b8ef6cfaf2644d3ce8ae0187182041d1f1881d5154d005,1721055954,0x3e5bc8c415df20839e83d0cedc8b37be2051e385,0x59ee6c6a56d7b00223f0c30f8002c4df762b684d,0,14987046218227329027080984029949561275408794766325730526435811581087168625932,183.4,200.0,0.0,YES,2024-07-15 15:05:54+00:00,BUY,183.4,200.0,0.917,0.917,0.083
0x44e91dc32d4b17e32c51616ebd69744ccf348895f734bac080a6395f92eff7a4_0x6817939f51ff70e64aa19f81b80f41b2ed1c053d4d03bf5672373d91afb3d134,0x44e91dc32d4b17e32c51616ebd69744ccf348895f734bac080a6395f92eff7a4,1721056330,0xfe911a4e80ee71b47cd1ee690733ac4062e970ff,0x9d84ce0306f8551e02efef1680475fc0f1dc1344,0,14987046218227329027080984029949561275408794766325730526435811581087168625932,633.5,700.0,0.0,YES,2024-07-15 15:12:10+00:00,BUY,633.5,700.0,0.905,0.905,0.095
0x97079120cef4fb1ddc52717cde2f6904d0b8ff5cd26ae92f35f8774acf808f23_0x4d38708d7723ba3b66c74b71996a99ada2d815b3e246866e2400053b99e63791,0x97079120cef4fb1ddc52717cde2f6904d0b8ff5cd26ae92f35f8774acf808f23,1721056340,0xd42f6a1634a3707e27cbae14ca966068e5d1047d,0x9d84ce0306f8551e02efef1680475fc0f1dc1344,0,14987046218227329027080984029949561275408794766325730526435811581087168625932,180.2,200.0,0.0,YES,2024-07-15 15:12:20+00:00,BUY,180.2,200.0,0.9009999999999999,0.9009999999999999,0.099
0x0e6e12d5ea187ff126786f2f92f6859cc3e9fd49dfa7d2bed3b997ee0d40ad0d_0xb723029422a1fd1eb70ed993a49e4c7325cc1d0ffcd4a46b971396d8d7657a3e,0x0e6e12d5ea187ff126786f2f92f6859cc3e9fd49dfa7d2bed3b997ee0d40ad0d,1721058284,0x3cf3e8d5427aed066a7a5926980600f6c3cf87b3,0xead0431b769004a8d08c4b836a8d6a5748d4d686,0,14987046218227329027080984029949561275408794766325730526435811581087168625932,123.424761,137.90476,0.0,YES,2024-07-15 15:44:44+00:00,BUY,123.424761,137.90476,0.8950000058011051,0.8950000058011051,0.105
0x45fc51161fd4b6fe82039b88833539961d3511bc6dd90b0bcc15387023d19018_0x8bbbf6851e92f9be3fc3175c490ec863e19256a7053293d32e033605614370e1,0x45fc51161fd4b6fe82039b88833539961d3511bc6dd90b0bcc15387023d19018,1721059261,0x656b5046a83fe522a9d69561cf8d6d25661333f1,0xb77cf2d644601e0717027c3c32cc8e320e30ce3c,14987046218227329027080984029949561275408794766325730526435811581087168625932,0,10.869564,9.999998,0.0,YES,2024-07-15 16:01:01+00:00,SELL,9.999998,10.869564,0.9199999190399909,0.9199999190399909,0.08
0x7ecb72ef2b08eba1cc64bb9c21d73216bcb72c98f1b55ea78f81c1e3128fff7d_0x4805976a0c7bba27a2db4e7ebc2c70989e12e26d8679206a055e19487e02e130,0x7ecb72ef2b08eba1cc64bb9c21d73216bcb72c98f1b55ea78f81c1e3128fff7d,1721059859,0xaaf4acafbb7980ce93631d238eb10a5c4ca67883,0xc5d563a36ae78145c45a50134d48a1215220f80a,14987046218227329027080984029949561275408794766325730526435811581087168625932,0,7000.0,6242.33636,0.0,YES,2024-07-15 16:10:59+00:00,SELL,6242.33636,7000.0,0.8917623371428571,0.8917623371428571,0.108238
0x0725891a916dc1ec3e3330335afaab7018f987a927c6e7906cf6acd198e5c674_0x8b980a10d6d3d7024925afc5c84ae5f09b57d1fffb875509f92e3526183f4147,0x0725891a916dc1ec3e3330335afaab7018f987a927c6e7906cf6acd198e5c674,1721062405,0x3cf3e8d5427aed066a7a5926980600f6c3cf87b3,0xc5d563a36ae78145c45a50134d48a1215220f80a,0,14987046218227329027080984029949561275408794766325730526435811581087168625932,203.574,222.0,0.0,YES,2024-07-15 16:53:25+00:00,BUY,203.574,222.0,0.917,0.917,0.083
0x9481ea7d2db7079038ae82dcb87e386e5038a540d0768e19f9fa1d99a612c7c9_0x0a21fa84048d45a2a3c88e4644d8fb4920153b299f26d0783eadab5cfa18e2fc,0x9481ea7d2db7079038ae82dcb87e386e5038a540d0768e19f9fa1d99a612c7c9,1721073171,0x656b5046a83fe522a9d69561cf8d6d25661333f1,0x8debd189ffd74160f25e367bafaed61a9fea7062,14987046218227329027080984029949561275408794766325730526435811581087168625932,0,9.0,8.235,0.0,YES,2024-07-15 19:52:51+00:00,SELL,8.235,9.0,0.9149999999999999,0.9149999999999999,0.085
0x5d3bfa7afe273a78981237167e49ac54f0d35418657c156afe0db6c21364c44a_0xcc216454962c8f509ffa3cf4b60f39566067d1a76630bc54f066fc626b5b91ff,0x5d3bfa7afe273a78981237167e49ac54f0d35418657c156afe0db6c21364c44a,1721077071,0x656b5046a83fe522a9d69561cf8d6d25661333f1,0x8debd189ffd74160f25e367bafaed61a9fea7062,14987046218227329027080984029949561275408794766325730526435811581087168625932,0,50.0,45.75,0.0,YES,2024-07-15 20:57:51+00:00,SELL,45.75,50.0,0.915,0.915,0.085
0xf7ad567fe60644ba6988662a75bd00f9e7c4999ead1da153fd02a082b3363e0f_0x5cb98f3681d1bed1c80f163f9c4c3df1b44504fefb9f6b583bc2fbafd910f7f4,0xf7ad567fe60644ba6988662a75bd00f9e7c4999ead1da153fd02a082b3363e0f,1721080123,0x6b7ec4ba079c0a258435ea36025f6190cd424562,0x7f60f10a1388dd16c9616de4491952fed44199ce,14987046218227329027080984029949561275408794766325730526435811581087168625932,0,2.178648,1.999998,0.0,YES,2024-07-15 21:48:43+00:00,SELL,1.999998,2.178648,0.9179996034237747,0.9179996034237747,0.082
0x7537eb5ce3434c37efdf5e04ddca317d74f35abd2df57d3a7f4078822b235464_0x5cb98f3681d1bed1c80f163f9c4c3df1b44504fefb9f6b583bc2fbafd910f7f4,0x7537eb5ce3434c37efdf5e04ddca317d74f35abd2df57d3a7f4078822b235464,1721082201,0x6b7ec4ba079c0a258435ea36025f6190cd424562,0x8debd189ffd74160f25e367bafaed61a9fea7062,14987046218227329027080984029949561275408794766325730526435811581087168625932,0,97.82,89.79876,0.0,YES,2024-07-15 22:23:21+00:00,SELL,89.79876,97.82,0.918,0.918,0.082
0xe6f8ad30bf36d2fdfc85a52bb1be81916de12b37c0fdde37a84219f1402caa20_0x5e8cb09457193cb9d4d44f16aa7f05583e80a35b6310c9cef91d4fbaf0582bdd,0xe6f8ad30bf36d2fdfc85a52bb1be81916de12b37c0fdde37a84219f1402caa20,1721094475,0x33999be363efb3cba90dd5268b70adbc561ae5fb,0x59ee6c6a56d7b00223f0c30f8002c4df762b684d,0,14987046218227329027080984029949561275408794766325730526435811581087168625932,90.0,100.0,0.0,YES,2024-07-16 01:47:55+00:00,BUY,90.0,100.0,0.9,0.9,0.1
0xbeb312f3428ad51e7d834fdc613a15c61ecb4864197eff64bfbc1b7fb75876bc_0x2643eaa432b8f32cf134063e5201fe9311429271b677fce534d849b0c5d2710b,0xbeb312f3428ad51e7d834fdc613a15c61ecb4864197eff64bfbc1b7fb75876bc,1721095009,0xd8667ad3935f3ec243cd6f069f846dfc3492b322,0x4e4ee57b0672184eeab663c92dcc67b257780206,0,14987046218227329027080984029949561275408794766325730526435811581087168625932,4.575,5.0,0.0,YES,2024-07-16 01:56:49+00:00,BUY,4.575,5.0,0.915,0.915,0.085
0x3c1c459304898cefe73943b16697ccbaf4332e4f60edf4cac9d3270ba32aae15_0x4c12a56dd2f81cae47aab1d2a32025ae31081ee214596a01183b501e0ee3d9a5,0x3c1c459304898cefe73943b16697ccbaf4332e4f60edf4cac9d3270ba32aae15,1721106222,0x652f4bb0d8dc581453c9c413d273eb3da88c87ea,0xc5d563a36ae78145c45a50134d48a1215220f80a,0,14987046218227329027080984029949561275408794766325730526435811581087168625932,131.04,144.0,0.0,YES,2024-07-16 05:03:42+00:00,BUY,131.04,144.0,0.9099999999999999,0.9099999999999999,0.09
0x41f6cd092eeb2dcb73e72a02199ece7b02466ae0f1d1176f8825f00ee23757ae_0x0c6e0629df225d0c520387df9160b937041f3efc2b402fadb3266be913fd882b,0x41f6cd092eeb2dcb73e72a02199ece7b02466ae0f1d1176f8825f00ee23757ae,1721107560,0x656b5046a83fe522a9d69561cf8d6d25661333f1,0x8debd189ffd74160f25e367bafaed61a9fea7062,14987046218227329027080984029949561275408794766325730526435811581087168625932,0,50.13,45.86895,0.0,YES,2024-07-16 05:26:00+00:00,SELL,45.86895,50.13,0.9149999999999999,0.9149999999999999,0.085
0xe0cf0e969a96f66fd4b812ccbbcce0cebd8f04453db97b664356308d862ef459_0x5cb98f3681d1bed1c80f163f9c4c3df1b44504fefb9f6b583bc2fbafd910f7f4,0xe0cf0e969a96f66fd4b812ccbbcce0cebd8f04453db97b664356308d862ef459,1721112356,0x6b7ec4ba079c0a258435ea36025f6190cd424562,0x5b50155bf8bfb7ff5d2f2a2738e0a1cd707150e4,14987046218227329027080984029949561275408794766325730526435811581087168625932,0,611.0,560.898,0.0,YES,2024-07-16 06:45:56+00:00,SELL,560.898,611.0,0.918,0.918,0.082
0xcff5d2802a5cd3d4ed95eb1041f81e233bcd64fa92184fea70b256248aff1519_0x5cb98f3681d1bed1c80f163f9c4c3df1b44504fefb9f6b583bc2fbafd910f7f4,0xcff5d2802a5cd3d4ed95eb1041f81e233bcd64fa92184fea70b256248aff1519,1721117224,0x6b7ec4ba079c0a258435ea36025f6190cd424562,0xca45db222f2c5387908d9a986f04ba16775df015,14987046218227329027080984029949561275408794766325730526435811581087168625932,0,5.446622,4.999998,0.0,YES,2024-07-16 08:07:04+00:00,SELL,4.999998,5.446622,0.9179998171343633,0.9179998171343633,0.082
0xc539b90c08a6d8efc71b11bb2a7eb925ed286982de9544ae31c53a661c31b0ae_0x5cb98f3681d1bed1c80f163f9c4c3df1b44504fefb9f6b583bc2fbafd910f7f4,0xc539b90c08a6d8efc71b11bb2a7eb925ed286982de9544ae31c53a661c31b0ae,1721125892,0x6b7ec4ba079c0a258435ea36025f6190cd424562,0x65edc8a1a003e4639dd9afe245a59b8e72b0b7df,14987046218227329027080984029949561275408794766325730526435811581087168625932,0,35.511981,32.599998,0.0,YES,2024-07-16 10:31:32+00:00,SELL,32.599998,35.511981,0.9179999842869931,0.9179999842869931,0.082
0x287f609b15773b5d717ac2ea330a268a4938951467a917af08d95cec608cc21d_0x29b498ff4a5b19e289e4cdf633a66873e1e4a3e8beea8e87b9eb6672b1a7bbbd,0x287f609b15773b5d717ac2ea330a268a4938951467a917af08d95cec608cc21d,1721127102,0x37dcb204db1abc1be2710c1903cf9e5dcb760b52,0xc5d563a36ae78145c45a50134d48a1215220f80a,0,14987046218227329027080984029949561275408794766325730526435811581087168625932,70.929999,77.097825,0.0,YES,2024-07-16 10:51:42+00:00,BUY,70.929999,77.097825,0.9199999999999999,0.9199999999999999,0.08
0xd85385bb0e318c0701692029e569e01ac0fe75d9c28717732ca18335b3fe796c_0x83722d088c6c5223fcbc220e99913d12c9c17b48ca8b6f37d9d61d3164cd663c,0xd85385bb0e318c0701692029e569e01ac0fe75d9c28717732ca18335b3fe796c,1721156379,0x6b7ec4ba079c0a258435ea36025f6190cd424562,0x8f23aead02f055b69c7f7db51a2d74187bb2c7d0,14987046218227329027080984029949561275408794766325730526435811581087168625932,0,291.47,268.1524,0.0,YES,2024-07-16 18:59:39+00:00,SELL,268.1524,291.47,0.9199999999999999,0.9199999999999999,0.08
0xf315fc58be7f8b92da97aa6869e086aaf7e56f46f6665837dc2cfb44f8771f8b_0x83722d088c6c5223fcbc220e99913d12c9c17b48ca8b6f37d9d61d3164cd663c,0xf315fc58be7f8b92da97aa6869e086aaf7e56f46f6665837dc2cfb44f8771f8b,1721162319,0x6b7ec4ba079c0a258435ea36025f6190cd424562,0x8debd189ffd74160f25e367bafaed61a9fea7062,14987046218227329027080984029949561275408794766325730526435811581087168625932,0,208.53,191.8476,0.0,YES,2024-07-16 20:38:39+00:00,SELL,191.8476,208.53,0.92,0.92,0.08
0x6ecc59688de5d3f9c8c0282a3e7858fbba17981a0d8f2b453e0909bfe1b79d55_0xbeb88a5aff2c6f833f8f4a7cd44cacdb6fec6cfd6df05ab6cd8cb0011f5330b1,0x6ecc59688de5d3f9c8c0282a3e7858fbba17981a0d8f2b453e0909bfe1b79d55,1721163355,0xfa1c66c8d0ec9115a5bfda4a9af57c44d3ba33c1,0xc5d563a36ae78145c45a50134d48a1215220f80a,14987046218227329027080984029949561275408794766325730526435811581087168625932,0,49.99,44.64107,0.0,YES,2024-07-16 20:55:55+00:00,SELL,44.64107,49.99,0.8929999999999999,0.8929999999999999,0.107
0x61f012ac499cd575fe535b9fbf47328f7bbe9771e717a0d8ad36926c4a5a2063_0x83722d088c6c5223fcbc220e99913d12c9c17b48ca8b6f37d9d61d3164cd663c,0x61f012ac499cd575fe535b9fbf47328f7bbe9771e717a0d8ad36926c4a5a2063,1721177530,0x6b7ec4ba079c0a258435ea36025f6190cd424562,0x8debd189ffd74160f25e367bafaed61a9fea7062,14987046218227329027080984029949561275408794766325730526435811581087168625932,0,100.0,92.0,0.0,YES,2024-07-17 00:52:10+00:00,SELL,92.0,100.0,0.92,0.92,0.08
0x55a830cf868ea14d2fa07d509f0e5a5f6305d0484b9eb6ee3891e3aaf74979be_0x83722d088c6c5223fcbc220e99913d12c9c17b48ca8b6f37d9d61d3164cd663c,0x55a830cf868ea14d2fa07d509f0e5a5f6305d0484b9eb6ee3891e3aaf74979be,1721180894,0x6b7ec4ba079c0a258435ea36025f6190cd424562,0xe27f294acdaf250f152e1c26dc5ef6ad8de891d6,14987046218227329027080984029949561275408794766325730526435811581087168625932,0,5.434781,4.999998,0.0,YES,2024-07-17 01:48:14+00:00,SELL,4.999998,5.434781,0.9199999043199716,0.9199999043199716,0.08
0xe598c0c026d3e0d2a898b59a6d4351c6e83b978a4dab2c331fc06d6326c62631_0xfa06ec73a94269738fbdb7efe6249955f08a32bfffdfca0aff41c1812fb129da,0xe598c0c026d3e0d2a898b59a6d4351c6e83b978a4dab2c331fc06d6326c62631,1721186706,0xd8667ad3935f3ec243cd6f069f846dfc3492b322,0xc5d563a36ae78145c45a50134d48a1215220f80a,14987046218227329027080984029949561275408794766325730526435811581087168625932,0,5.0,4.5,0.0,YES,2024-07-17 03:25:06+00:00,SELL,4.5,5.0,0.9,0.9,0.1
0xf1427c9e7587d7655d4d58b6dd89125e11ea483260f435bbb709bb86cddc58ad_0x83722d088c6c5223fcbc220e99913d12c9c17b48ca8b6f37d9d61d3164cd663c,0xf1427c9e7587d7655d4d58b6dd89125e11ea483260f435bbb709bb86cddc58ad,1721188450,0x6b7ec4ba079c0a258435ea36025f6190cd424562,0x8debd189ffd74160f25e367bafaed61a9fea7062,14987046218227329027080984029949561275408794766325730526435811581087168625932,0,94.56,86.9952,0.0,YES,2024-07-17 03:54:10+00:00,SELL,86.9952,94.56,0.9199999999999999,0.9199999999999999,0.08
0x1b481a36bf7fa49f3f36eab9fe0e7ed606a36159b810db91d12b6ba1fe015936_0xefa1abecdc2fd7d3fa7568bde522e08dfcf47e81afb182ed13cb2415d346b30e,0x1b481a36bf7fa49f3f36eab9fe0e7ed606a36159b810db91d12b6ba1fe015936,1721210916,0x178ee9e64e27f0f5c708b6760d43045a8d27cb5a,0xc5d563a36ae78145c45a50134d48a1215220f80a,0,14987046218227329027080984029949561275408794766325730526435811581087168625932,0.999996,1.088135,0.0,YES,2024-07-17 10:08:36+00:00,BUY,0.999996,1.088135,0.9189999402647648,0.9189999402647648,0.081
0x1be244c4f59692865785c993b01af3625bbb1b5c96b6426efefb08626ac7ce43_0x5219c59689ec13cb548dbf93afa234b9c1d3644b3321e243701b9c860879cb6a,0x1be244c4f59692865785c993b01af3625bbb1b5c96b6426efefb08626ac7ce43,1721215950,0xdcc9d68a4bad9fc8becd27a03ee5b2b4feda4534,0x9d84ce0306f8551e02efef1680475fc0f1dc1344,14987046218227329027080984029949561275408794766325730526435811581087168625932,0,310.0,285.51,0.0,YES,2024-07-17 11:32:30+00:00,SELL,285.51,310.0,0.9209999999999999,0.9209999999999999,0.079
0x10eb4c15cae0751c13bbdadced9073da1acee725151cbfbd97f1bb9573647b7a_0x2598e92fdab9506c34ac3c55ce622d92d3c3837a68b1b78993110401f111cfa5,0x10eb4c15cae0751c13bbdadced9073da1acee725151cbfbd97f1bb9573647b7a,1721215982,0xdcc9d68a4bad9fc8becd27a03ee5b2b4feda4534,0xe47f31fc9a787556b216d6ce82f3844e1b0a99a1,14987046218227329027080984029949561275408794766325730526435811581087168625932,0,4.25827,3.989998,0.0,YES,2024-07-17 11:33:02+00:00,SELL,3.989998,4.25827,0.9369997675112193,0.9369997675112193,0.063
0x49ebb3266dfbb1575f0c45ae86b6d36463dc16f6ba92572820422d81e37e0848_0x721226f976b340e49f003b9c08624cb0b6cc49a49d094d7a60e928ca330da569,0x49ebb3266dfbb1575f0c45ae86b6d36463dc16f6ba92572820422d81e37e0848,1721220493,0x6b7ec4ba079c0a258435ea36025f6190cd424562,0xc6208602d8a6295983ebfe0b0aeb51ce92a82da3,14987046218227329027080984029949561275408794766325730526435811581087168625932,0,1405.18,1315.24848,0.0,YES,2024-07-17 12:48:13+00:00,SELL,1315.24848,1405.18,0.9359999999999999,0.9359999999999999,0.064
0x81d485f1a6bfd39a3cddd036775561b8a48ba71b25254698bf05ffb60a043a51_0x2598e92fdab9506c34ac3c55ce622d92d3c3837a68b1b78993110401f111cfa5,0x81d485f1a6bfd39a3cddd036775561b8a48ba71b25254698bf05ffb60a043a51,1721220779,0xdcc9d68a4bad9fc8becd27a03ee5b2b4feda4534,0xdf26642144a9c1147c0d0c47f8e5373d5a3658af,14987046218227329027080984029949561275408794766325730526435811581087168625932,0,10.672357,9.999998,0.0,YES,2024-07-17 12:52:59+00:00,SELL,9.999998,10.672357,0.9369999523066929,0.9369999523066929,0.063
0x29ae23c8ff79f03ff07f9891f3eb81ecd76b84b80966071441e657f9dabd7c1e_0x2598e92fdab9506c34ac3c55ce622d92d3c3837a68b1b78993110401f111cfa5,0x29ae23c8ff79f03ff07f9891f3eb81ecd76b84b80966071441e657f9dabd7c1e,1721246676,0xdcc9d68a4bad9fc8becd27a03ee5b2b4feda4534,0xaaf4acafbb7980ce93631d238eb10a5c4ca67883,14987046218227329027080984029949561275408794766325730526435811581087168625932,0,90.06,84.38622,0.0,YES,2024-07-17 20:04:36+00:00,SELL,84.38622,90.06,0.9369999999999999,0.9369999999999999,0.063
0x50e373367963697db92e1dcf02e3d4b437d859df7e6763d1eca03801e41ce9ea_0x77cb6882f67500aaba9f1928bcfaef6b76d98f56c6177312eb6ee411233b3563,0x50e373367963697db92e1dcf02e3d4b437d859df7e6763d1eca03801e41ce9ea,1721249076,0x8debd189ffd74160f25e367bafaed61a9fea7062,0xc5d563a36ae78145c45a50134d48a1215220f80a,0,14987046218227329027080984029949561275408794766325730526435811581087168625932,2056.146,2166.0,0.0,YES,2024-07-17 20:44:36+00:00,BUY,2056.146,2166.0,0.9492825484764543,0.9492825484764543,0.050717
0x596c53edcfc85020f64b9b39be5e71efab19b4b228abe4e1487469a6ea538143_0x5c7d07d1888c6e66ef8ec9e4d22987e5297b18aff1d3205a00bba9d4f8ff86e0,0x596c53edcfc85020f64b9b39be5e71efab19b4b228abe4e1487469a6ea538143,1721249116,0x8debd189ffd74160f25e367bafaed61a9fea7062,0xc5d563a36ae78145c45a50134d48a1215220f80a,0,14987046218227329027080984029949561275408794766325730526435811581087168625932,2172.258,2277.0,0.0,YES,2024-07-17 20:45:16+00:00,BUY,2172.258,2277.0,0.954,0.954,0.046
0xa33ce8b245ebd9f362632867cfdc7ad22214d345e1f44466003c68820ee16823_0xf9669848a03a75877bd8feb7662bbc813812b484852dfd027a033ac8156de7f5,0xa33ce8b245ebd9f362632867cfdc7ad22214d345e1f44466003c68820ee16823,1721256194,0x8debd189ffd74160f25e367bafaed61a9fea7062,0xc5d563a36ae78145c45a50134d48a1215220f80a,0,14987046218227329027080984029949561275408794766325730526435811581087168625932,477.5,500.0,0.0,YES,2024-07-17 22:43:14+00:00,BUY,477.5,500.0,0.955,0.955,0.045
0x63e3daa02cf95a022f920d3b7dbb887123ebedfbf4aa83a479ca776cd32111a9_0xe3d7d7b3de581be444ba46d82214e35bfc51750e2dc17cf6365bce847cc0f81e,0x63e3daa02cf95a022f920d3b7dbb887123ebedfbf4aa83a479ca776cd32111a9,1721258951,0x8debd189ffd74160f25e367bafaed61a9fea7062,0xc5d563a36ae78145c45a50134d48a1215220f80a,0,14987046218227329027080984029949561275408794766325730526435811581087168625932,6685.0,7000.0,0.0,YES,2024-07-17 23:29:11+00:00,BUY,6685.0,7000.0,0.955,0.955,0.045
0xe32b7ba3c6f9e88cd758a2bb160cc9c9f61a4bde9916fae666443ced605d8383_0x107a6ab3482fd73c90a372ce6dc8f45edc35dbff752b1f69492f75a3c684643e,0xe32b7ba3c6f9e88cd758a2bb160cc9c9f61a4bde9916fae666443ced605d8383,1721276921,0x3e5bc8c415df20839e83d0cedc8b37be2051e385,0xc5d563a36ae78145c45a50134d48a1215220f80a,14987046218227329027080984029949561275408794766325730526435811581087168625932,0,200.0,190.0,0.0,YES,2024-07-18 04:28:41+00:00,SELL,190.0,200.0,0.95,0.95,0.05
0x63a9ab8af9e588b03a9b4e08664aa3f290f031d8699dbfaa542ea87e4dddd5d3_0x56de4e4a341a73a493f0dfef28f47417f0ee883299bc4978247efded013899b1,0x63a9ab8af9e588b03a9b4e08664aa3f290f031d8699dbfaa542ea87e4dddd5d3,1721284719,0x3a8651c42ac19aa3e3141531a298abc72f51dea8,0x28e6a44294c4be6c88325cbf7b55319b324a0dfa,14987046218227329027080984029949561275408794766325730526435811581087168625932,0,10.0,9.63,0.0,YES,2024-07-18 06:38:39+00:00,SELL,9.63,10.0,0.9630000000000001,0.9630000000000001,0.037
0x91d1e108315fc7ae157186ac749ab1826de64a5aa94e3454e22e556cfe091386_0x3f64e1389d4b78646d5e9329b9c368b55587246e875c36c7ade940a0123d8a16,0x91d1e108315fc7ae157186ac749ab1826de64a5aa94e3454e22e556cfe091386,1721292055,0xbd82a8237e9040925ac2aebc4113a8249cc000cb,0x59ee6c6a56d7b00223f0c30f8002c4df762b684d,0,14987046218227329027080984029949561275408794766325730526435811581087168625932,19.7885,20.83,0.0,YES,2024-07-18 08:40:55+00:00,BUY,19.7885,20.83,0.9500000000000001,0.9500000000000001,0.05
0x42d40d86d4889a7eb7d6e89d6543471d912b399233d13ef852b05a1a80646b11_0xf7f143ec4977641b7332394f13fb5677d1e5fc0d27f0e76a405dfcf19a3d386c,0x42d40d86d4889a7eb7d6e89d6543471d912b399233d13ef852b05a1a80646b11,1721292305,0x8e042176107ce3f2da1bb6d57327d47ecf29d5ac,0xc5d563a36ae78145c45a50134d48a1215220f80a,14987046218227329027080984029949561275408794766325730526435811581087168625932,0,0.1,0.095,0.0,YES,2024-07-18 08:45:05+00:00,SELL,0.095,0.1,0.95,0.95,0.05
0x9b46c2ef1daa2d7958929f1369da3f26ded2e615d2f1fe1c934898ff68996559_0xdc6295154f37b86f77b0726c1e030d900ce510d91cd4d6bf8878b183502a3b7e,0x9b46c2ef1daa2d7958929f1369da3f26ded2e615d2f1fe1c934898ff68996559,1721292481,0x5b50155bf8bfb7ff5d2f2a2738e0a1cd707150e4,0xc5d563a36ae78145c45a50134d48a1215220f80a,14987046218227329027080984029949561275408794766325730526435811581087168625932,0,500.0,475.0,0.0,YES,2024-07-18 08:48:01+00:00,SELL,475.0,500.0,0.95,0.95,0.05
0x485e2cfe67b121f0bfa077478dcdb8e176b776fcf5dce84208769f09daee4d7e_0x3f64e1389d4b78646d5e9329b9c368b55587246e875c36c7ade940a0123d8a16,0x485e2cfe67b121f0bfa077478dcdb8e176b776fcf5dce84208769f09daee4d7e,1721294489,0xbd82a8237e9040925ac2aebc4113a8249cc000cb,0x1b2350704486a629909c1ad0accd1d42312d5a63,0,14987046218227329027080984029949561275408794766325730526435811581087168625932,17.29,18.2,0.0,YES,2024-07-18 09:21:29+00:00,BUY,17.29,18.2,0.95,0.95,0.05
0x9fd71c982ae7b8c596c11bdfcebd95985c66557f149d465956f29612ab5267a1_0xc6d356a743e2449fa538cac57e83995f026e409629afa8be73063321e4dcca3d,0x9fd71c982ae7b8c596c11bdfcebd95985c66557f149d465956f29612ab5267a1,1721300367,0xc5653f45953b2d25300a4726f84664b661b89bcc,0x91be03ea08f256787cf1a47a9b76f1ca4132308a,14987046218227329027080984029949561275408794766325730526435811581087168625932,0,21.88,21.0048,0.0,YES,2024-07-18 10:59:27+00:00,SELL,21.0048,21.88,0.96,0.96,0.04
0x0c196f798b8213a4075106d9ce3712528fcb6ccd0ab8396af852cf9e50576270_0x3d810ca712ba64227689f18684ba82de249e83f397ee2b7d0c1617b97392913f,0x0c196f798b8213a4075106d9ce3712528fcb6ccd0ab8396af852cf9e50576270,1721303284,0x30b0363acf354cedcc88f8e6281ef1223d251e4b,0xc5d563a36ae78145c45a50134d48a1215220f80a,0,14987046218227329027080984029949561275408794766325730526435811581087168625932,21.549987,22.377972,0.0,YES,2024-07-18 11:48:04+00:00,BUY,21.549987,22.377972,0.9629999983912753,0.9629999983912753,0.037
0x860d9e43be7d5fae3586b3303393cc74623c4a2b52c4b7f7b1b4c8f9ccacd2fe_0x47e46fcf6ddafb2d7e62232915555924f1abb79a863d15a28d3ef3a529f6e082,0x860d9e43be7d5fae3586b3303393cc74623c4a2b52c4b7f7b1b4c8f9ccacd2fe,1721303428,0xa9d564b5c09f1b92791d4a3135831aa29ca2fa78,0xc5d563a36ae78145c45a50134d48a1215220f80a,0,14987046218227329027080984029949561275408794766325730526435811581087168625932,26.519978,27.538918,0.0,YES,2024-07-18 11:50:28+00:00,BUY,26.519978,27.538918,0.9629999987653836,0.9629999987653836,0.037
0x81a9b6cc8d4c1994dbb94511d09fba5e3ec52253b3558e4d785ecd180100f4e3_0x3f64e1389d4b78646d5e9329b9c368b55587246e875c36c7ade940a0123d8a16,0x81a9b6cc8d4c1994dbb94511d09fba5e3ec52253b3558e4d785ecd180100f4e3,1721304513,0xbd82a8237e9040925ac2aebc4113a8249cc000cb,0x2eb01cf589b6d98e48c577d47639da54232f1efe,0,14987046218227329027080984029949561275408794766325730526435811581087168625932,73.0265,76.87,0.0,YES,2024-07-18 12:08:33+00:00,BUY,73.0265,76.87,0.95,0.95,0.05
0x20d6ea275f92440699be2d020c92a4b6893d3597d7fb371eaa8d14be63ecf785_0xc35a363282c584908d206b6f8142a8cedb611b8d6a981f27d5e630b775881198,0x20d6ea275f92440699be2d020c92a4b6893d3597d7fb371eaa8d14be63ecf785,1721311201,0x8debd189ffd74160f25e367bafaed61a9fea7062,0xc5d563a36ae78145c45a50134d48a1215220f80a,0,14987046218227329027080984029949561275408794766325730526435811581087168625932,955.0,1000.0,0.0,YES,2024-07-18 14:00:01+00:00,BUY,955.0,1000.0,0.955,0.955,0.045
0x2d039a053528a5699ddbf3dd1f3c7ea0a080742a4fb8672e83ee2d5921b05ae0_0x12414e4fa3d22be4367af1659d3e9c69b936e5650af3b90d0ce4c365b69e539d,0x2d039a053528a5699ddbf3dd1f3c7ea0a080742a4fb8672e83ee2d5921b05ae0,1721314768,0xeaf1c7c7ee9b1c8b3fb1086e5c3680f8a38e76a0,0xc5d563a36ae78145c45a50134d48a1215220f80a,14987046218227329027080984029949561275408794766325730526435811581087168625932,0,2118.0,1995.42,0.0,YES,2024-07-18 14:59:28+00:00,SELL,1995.42,2118.0,0.9421246458923513,0.9421246458923513,0.057875
0xb5f1b2d98554b59e9a7a09c59a6a6b1fc642fe1ad267f2d0dea6faf8e029f6a5_0xe1aad84e723a75edb19c94979d7dc476b4a5803014519ab14183294c36b1fe89,0xb5f1b2d98554b59e9a7a09c59a6a6b1fc642fe1ad267f2d0dea6faf8e029f6a5,1721317128,0x6f204cab83c6ea6587133f8cc1e9181d7bcd2aee,0xc5d563a36ae78145c45a50134d48a1215220f80a,0,14987046218227329027080984029949561275408794766325730526435811581087168625932,16.489996,17.141368,0.0,YES,2024-07-18 15:38:48+00:00,BUY,16.489996,17.141368,0.9619999990665856,0.9619999990665856,0.038
0xd5bc4643ad41eb61f470d48fd4a757234f27b116ca93f262fbca1734423a078a_0x300021fc6fde6291190ed6e033c0eef5e546d7fdccca214277cdb3c64a40040f,0xd5bc4643ad41eb61f470d48fd4a757234f27b116ca93f262fbca1734423a078a,1721319147,0xd72753dae1cb01011c1e69af78ee1f9494bbecce,0xd4f1793e3b67edf37706dec45eb8fd2de2b7c8a0,0,14987046218227329027080984029949561275408794766325730526435811581087168625932,106.859322,113.559321,0.0,YES,2024-07-18 16:12:27+00:00,BUY,106.859322,113.559321,0.9410000082688061,0.9410000082688061,0.059
0x9f4b61426be91bfc1f64068fe3a1085e69e71f3ae48a8862bb3e1b22592c78e2_0xdc9167aa4c379fc96dbd3b266e1a8fd338931c5d53281b4fb3469ce5b0e2e47e,0x9f4b61426be91bfc1f64068fe3a1085e69e71f3ae48a8862bb3e1b22592c78e2,1721321557,0x8debd189ffd74160f25e367bafaed61a9fea7062,0xc5d563a36ae78145c45a50134d48a1215220f80a,0,14987046218227329027080984029949561275408794766325730526435811581087168625932,75.84,79.0,0.0,YES,2024-07-18 16:52:37+00:00,BUY,75.84,79.0,0.9600000000000001,0.9600000000000001,0.04
0xa521046b3c83c6ea22cad8ce445961972bfc2eb6084b01e80b39ca64bdb70c60_0x624f068c10946dc43894ea91e110963e3fbbd57400584c32977bb1e6eb9fe7b3,0xa521046b3c83c6ea22cad8ce445961972bfc2eb6084b01e80b39ca64bdb70c60,1721340046,0xd4f1793e3b67edf37706dec45eb8fd2de2b7c8a0,0xc5d563a36ae78145c45a50134d48a1215220f80a,71914038773350234130553415116948415426792971631252265695143324140554345804068,0,113.55,4.65555,0.0,NO,2024-07-18 22:00:46+00:00,SELL,4.65555,113.55,0.041,0.959,0.041
0x85c6489f6ad0986cbabd2ef1017af4a383ad47e17d05cc8143db15c2ebb4abe8_0x296eefba69d9baa73874b6c59401093ab1b4f1480a4d7e101b0d01fd48ab726d,0x85c6489f6ad0986cbabd2ef1017af4a383ad47e17d05cc8143db15c2ebb4abe8,1721359634,0x3cf3e8d5427aed066a7a5926980600f6c3cf87b3,0x59ee6c6a56d7b00223f0c30f8002c4df762b684d,71914038773350234130553415116948415426792971631252265695143324140554345804068,0,399.99,23.9994,0.0,NO,2024-07-19 03:27:14+00:00,SELL,23.9994,399.99,0.060000000000000005,0.94,0.060000000000000005
0xc64c22bea077daca460633c8b565e9609e0d6e0f84033bc866705b464cbeba86_0x6e10a35f0e8749f113171a18f919ee8204eac6819ac379fd16bd71567a0ebb7a,0xc64c22bea077daca460633c8b565e9609e0d6e0f84033bc866705b464cbeba86,1721363418,0xedcc2924447bda19f1c95f34583369a53e3ed3ab,0xc5d563a36ae78145c45a50134d48a1215220f80a,0,14987046218227329027080984029949561275408794766325730526435811581087168625932,9.999984,10.41665,0.0,YES,2024-07-19 04:30:18+00:00,BUY,9.999984,10.41665,0.9599999999999999,0.9599999999999999,0.04
0x4f497639567ef5c74f22e0c722de423cbb3ede4f9c51f4dee1ead499d844da03_0xed991a17656ace6fd5beba18145027bcaa9c2839ddf665803a420fca05c49be1,0x4f497639567ef5c74f22e0c722de423cbb3ede4f9c51f4dee1ead499d844da03,1721367566,0xd352f30eed085d974d01430fc919b1702acd4ad6,0xd2ac38eafc5812fa952fcb1e0e60eed30dc7c806,71914038773350234130553415116948415426792971631252265695143324140554345804068,0,500.0,25.0,0.0,NO,2024-07-19 05:39:26+00:00,SELL,25.0,500.0,0.05,0.95,0.05
0x160ef49a9fa742856a72ca2a9262f8eb6c01f198cc29a7364ad4bb008280b631_0xed991a17656ace6fd5beba18145027bcaa9c2839ddf665803a420fca05c49be1,0x160ef49a9fa742856a72ca2a9262f8eb6c01f198cc29a7364ad4bb008280b631,1721367928,0xd352f30eed085d974d01430fc919b1702acd4ad6,0xd2ac38eafc5812fa952fcb1e0e60eed30dc7c806,71914038773350234130553415116948415426792971631252265695143324140554345804068,0,200.0,10.0,0.0,NO,2024-07-19 05:45:28+00:00,SELL,10.0,200.0,0.05,0.95,0.05
0x22bb4677b064c385d27685ed8810df4b331732b7b75b56e7db6a21d1a26a39f1_0xed991a17656ace6fd5beba18145027bcaa9c2839ddf665803a420fca05c49be1,0x22bb4677b064c385d27685ed8810df4b331732b7b75b56e7db6a21d1a26a39f1,1721369500,0xd352f30eed085d974d01430fc919b1702acd4ad6,0x53df429afdd639bcb89ec6aced44104da2e29184,71914038773350234130553415116948415426792971631252265695143324140554345804068,0,100.0,5.0,0.0,NO,2024-07-19 06:11:40+00:00,SELL,5.0,100.0,0.05,0.95,0.05
0x239c9dbce6c3e700345346669beba8bffed6db8e2ee1501c7f63191b868ea1f3_0xfa5af1b59a326a49cd31c6f073f41bef64ce070d86f0b66889915fd457762ebd,0x239c9dbce6c3e700345346669beba8bffed6db8e2ee1501c7f63191b868ea1f3,1721373082,0xdc781f45d02edb16138c738a1b06a81e4c89e036,0xc5d563a36ae78145c45a50134d48a1215220f80a,0,14987046218227329027080984029949561275408794766325730526435811581087168625932,13.339994,13.910317,0.0,YES,2024-07-19 07:11:22+00:00,BUY,13.339994,13.910317,0.9589999997843328,0.9589999997843328,0.041
0x57f12a9342bad11f2329b2e8827f46dcc45ff5d97f1c80200d8db3bd4e28e03e_0xed991a17656ace6fd5beba18145027bcaa9c2839ddf665803a420fca05c49be1,0x57f12a9342bad11f2329b2e8827f46dcc45ff5d97f1c80200d8db3bd4e28e03e,1721382120,0xd352f30eed085d974d01430fc919b1702acd4ad6,0x59ee6c6a56d7b00223f0c30f8002c4df762b684d,71914038773350234130553415116948415426792971631252265695143324140554345804068,0,110.76,5.538,0.0,NO,2024-07-19 09:42:00+00:00,SELL,5.538,110.76,0.05,0.95,0.05
0xc986bb77d8e8a7d78634bfc1679567b5d3bc59ec8d75f74290d74858e41620a0_0xf1d2b93f7945002d553a26b0ef0482fdc588cf2fc7fbffb1a47b9cd7c3a45e24,0xc986bb77d8e8a7d78634bfc1679567b5d3bc59ec8d75f74290d74858e41620a0,1721389278,0x5b50155bf8bfb7ff5d2f2a2738e0a1cd707150e4,0xc5d563a36ae78145c45a50134d48a1215220f80a,14987046218227329027080984029949561275408794766325730526435811581087168625932,0,1741.17,1654.1115,0.0,YES,2024-07-19 11:41:18+00:00,SELL,1654.1115,1741.17,0.95,0.95,0.05
0x2b7fed2614e54dbbb4ec2f5436d80dc4e321e929f14aafca55fa040fe50e3603_0xde972af11d289cbd71e125bbd897f0fbbc5eb3ba1b35086872512b4c1c21699a,0x2b7fed2614e54dbbb4ec2f5436d80dc4e321e929f14aafca55fa040fe50e3603,1721400261,0xd42f6a1634a3707e27cbae14ca966068e5d1047d,0x3157391d8ddad6ebaf3d5725c196896f3ea33234,0,14987046218227329027080984029949561275408794766325730526435811581087168625932,105.45,111.0,0.0,YES,2024-07-19 14:44:21+00:00,BUY,105.45,111.0,0.9500000000000001,0.9500000000000001,0.05
0x69e5b85413b5942295d818255fdfa6a45448d8da15e6ec9bed35b704d82fc071_0x0a3809172ce39e4393869818680befd110b0bac1fa12a54e6dc7c827e78c3f11,0x69e5b85413b5942295d818255fdfa6a45448d8da15e6ec9bed35b704d82fc071,1721415796,0xaaf4acafbb7980ce93631d238eb10a5c4ca67883,0x1b2350704486a629909c1ad0accd1d42312d5a63,14987046218227329027080984029949561275408794766325730526435811581087168625932,0,18.2,17.29,0.0,YES,2024-07-19 19:03:16+00:00,SELL,17.29,18.2,0.95,0.95,0.05
0x223a1387483964cb805cfe1c7e1081b8181ce7dcb2061faffee72715c6cceab0_0x0a3809172ce39e4393869818680befd110b0bac1fa12a54e6dc7c827e78c3f11,0x223a1387483964cb805cfe1c7e1081b8181ce7dcb2061faffee72715c6cceab0,1721417506,0xaaf4acafbb7980ce93631d238eb10a5c4ca67883,0x28e6a44294c4be6c88325cbf7b55319b324a0dfa,14987046218227329027080984029949561275408794766325730526435811581087168625932,0,59.789472,56.799998,0.0,YES,2024-07-19 19:31:46+00:00,SELL,56.799998,59.789472,0.949999993309859,0.949999993309859,0.05
0x1d69ac12ce0a5a56752166f8f4c3e7ca736946e5181b05698d66022096ac8868_0x296eefba69d9baa73874b6c59401093ab1b4f1480a4d7e101b0d01fd48ab726d,0x1d69ac12ce0a5a56752166f8f4c3e7ca736946e5181b05698d66022096ac8868,1721431109,0x3cf3e8d5427aed066a7a5926980600f6c3cf87b3,0x59ee6c6a56d7b00223f0c30f8002c4df762b684d,71914038773350234130553415116948415426792971631252265695143324140554345804068,0,157.89,9.4734,0.0,NO,2024-07-19 23:18:29+00:00,SELL,9.4734,157.89,0.060000000000000005,0.94,0.060000000000000005
0xfbf270cc21b1fae3632bb4152d34696325930f411fdf92976171de2c52362b07_0x296eefba69d9baa73874b6c59401093ab1b4f1480a4d7e101b0d01fd48ab726d,0xfbf270cc21b1fae3632bb4152d34696325930f411fdf92976171de2c52362b07,1721440262,0x3cf3e8d5427aed066a7a5926980600f6c3cf87b3,0x59ee6c6a56d7b00223f0c30f8002c4df762b684d,71914038773350234130553415116948415426792971631252265695143324140554345804068,0,943.43,56.6058,0.0,NO,2024-07-20 01:51:02+00:00,SELL,56.6058,943.43,0.060000000000000005,0.94,0.060000000000000005
0xdbc83dfdb801755cef4d9e376438df92f58f3fc783280d7408d8f33fae3833fd_0x007ab78cbdcadb8b2e3efd61ea4ec120e3da2618a7c5e2e3cc2983c75d987bea,0xdbc83dfdb801755cef4d9e376438df92f58f3fc783280d7408d8f33fae3833fd,1721461729,0xdcc9d68a4bad9fc8becd27a03ee5b2b4feda4534,0xf38c6ce94dffa898eb65c0669892b92e23133f6b,14987046218227329027080984029949561275408794766325730526435811581087168625932,0,5.01,4.75449,0.0,YES,2024-07-20 07:48:49+00:00,SELL,4.75449,5.01,0.949,0.949,0.051
0x1f42774b00101b4193440d5cc1963495ed512f5f37751c1548c3d1f3c6939e15_0x2127b36aed3bfacedf5c6258837c28c266f6e788af5a15cf98f29b079e176e44,0x1f42774b00101b4193440d5cc1963495ed512f5f37751c1548c3d1f3c6939e15,1721466556,0xf38c6ce94dffa898eb65c0669892b92e23133f6b,0x59ee6c6a56d7b00223f0c30f8002c4df762b684d,0,14987046218227329027080984029949561275408794766325730526435811581087168625932,135.39383,142.67,0.0,YES,2024-07-20 09:09:16+00:00,BUY,135.39383,142.67,0.9490000000000002,0.9490000000000002,0.051
0x1c45acb61b532d7c85ecb644fc051bd0daa46b5ad979c2660694812895b1983c_0x2127b36aed3bfacedf5c6258837c28c266f6e788af5a15cf98f29b079e176e44,0x1c45acb61b532d7c85ecb644fc051bd0daa46b5ad979c2660694812895b1983c,1721466850,0xf38c6ce94dffa898eb65c0669892b92e23133f6b,0x59ee6c6a56d7b00223f0c30f8002c4df762b684d,0,14987046218227329027080984029949561275408794766325730526435811581087168625932,797.54909,840.41,0.0,YES,2024-07-20 09:14:10+00:00,BUY,797.54909,840.41,0.949,0.949,0.051
0x0c4f4be6c97582f5aeb62608074a5a8643389710428b1c86eae54ec5680ba982_0x3dd06d14d53b387fce6b49053a3cf8afd186bf28c5e40f4cc4b0969aa07dc1de,0x0c4f4be6c97582f5aeb62608074a5a8643389710428b1c86eae54ec5680ba982,1721496255,0xaaf4acafbb7980ce93631d238eb10a5c4ca67883,0x2e630b213f10b1334f81833bc3b85c7f33df399a,0,14987046218227329027080984029949561275408794766325730526435811581087168625932,940.0,1000.0,0.0,YES,2024-07-20 17:24:15+00:00,BUY,940.0,1000.0,0.94,0.94,0.06
0x0fa58abf3a8afd46c8b210a7222e1c104252d0fd09e675102d5f48b526580d99_0xaf69a1af55d7dd82cf7810adb057b7c491d6a75e28232f787bb18d1ef1282ac4,0x0fa58abf3a8afd46c8b210a7222e1c104252d0fd09e675102d5f48b526580d99,1721505845,0x69b8f902f109b526907e3b9f9d99f24369812bf7,0xc5d563a36ae78145c45a50134d48a1215220f80a,0,14987046218227329027080984029949561275408794766325730526435811581087168625932,78.999984,82.29165,0.0,YES,2024-07-20 20:04:05+00:00,BUY,78.999984,82.29165,0.96,0.96,0.04
0x548942c109f569dadc4d1a2558b65d5f124366a5d601efa826543243eddf7b9d_0x9ab91c06abb68eb43534211afdbb86020f8be8632b032a16d5df258927898666,0x548942c109f569dadc4d1a2558b65d5f124366a5d601efa826543243eddf7b9d,1721529805,0xf38c6ce94dffa898eb65c0669892b92e23133f6b,0xc5d563a36ae78145c45a50134d48a1215220f80a,14987046218227329027080984029949561275408794766325730526435811581087168625932,0,988.09,928.8046,0.0,YES,2024-07-21 02:43:25+00:00,SELL,928.8046,988.09,0.9400000000000001,0.9400000000000001,0.06
0xa50f1c13d6fec93ab339af1207ae07efe6758fc2eeb78dc2b7a0e98eeba7ccca_0x336ad11a55e27475ca0af12d58031816d3ac33a8555ae6c1fa072b9e529ad443,0xa50f1c13d6fec93ab339af1207ae07efe6758fc2eeb78dc2b7a0e98eeba7ccca,1721552574,0x420bb3f213a23ac6998b6eeaddbf811b9dc4b177,0xc5d563a36ae78145c45a50134d48a1215220f80a,0,14987046218227329027080984029949561275408794766325730526435811581087168625932,9.999984,10.427512,0.0,YES,2024-07-21 09:02:54+00:00,BUY,9.999984,10.427512,0.9589999992327988,0.9589999992327988,0.041
0x13223edeb4c0289cbbda81e39368502f7e3550c53478edcdacf345ed94bfef01_0x6d48a7d8b201396f1d43bbc6a834753865d509ea857351d7bc534ef6d0e6b6c7,0x13223edeb4c0289cbbda81e39368502f7e3550c53478edcdacf345ed94bfef01,1721553348,0x420bb3f213a23ac6998b6eeaddbf811b9dc4b177,0xc5d563a36ae78145c45a50134d48a1215220f80a,14987046218227329027080984029949561275408794766325730526435811581087168625932,0,10.42,9.80522,0.0,YES,2024-07-21 09:15:48+00:00,SELL,9.80522,10.42,0.9410000000000001,0.9410000000000001,0.059
0x14198d83e296d2cb36ecb4bd45a8a555d25af44e3568dc4cb8e90b8f6d17f915_0xb9ee3bdce1dfc40d60187c21cde44a30338fdb6bf7d0b92949f25366ff30180d,0x14198d83e296d2cb36ecb4bd45a8a555d25af44e3568dc4cb8e90b8f6d17f915,1721577357,0xd914a879de55a5712117fb301bdd91d284faa95e,0xc5d563a36ae78145c45a50134d48a1215220f80a,0,14987046218227329027080984029949561275408794766325730526435811581087168625932,9.999984,10.41665,0.0,YES,2024-07-21 15:55:57+00:00,BUY,9.999984,10.41665,0.9599999999999999,0.9599999999999999,0.04
0x009f8be45934e10b226766a262b3788461f186858034486f305513d6baa382f8_0x6baabdc84a346413bcd6c2bafaa768c133021a4ed2bd8d874b101d1396e5eebd,0x009f8be45934e10b226766a262b3788461f186858034486f305513d6baa382f8,1721585683,0x9fd25b5f9346d9a49a65509a9b634b8ce7b09448,0xc5d563a36ae78145c45a50134d48a1215220f80a,0,14987046218227329027080984029949561275408794766325730526435811581087168625932,39.999984,41.66665,0.0,YES,2024-07-21 18:14:43+00:00,BUY,39.999984,41.66665,0.96,0.96,0.04
0xae9927d3a6d27d0eaaadea7c8504bc85db0c0fd358e839b5b604dea7530ecef0_0xca311b99c7b10d3591d67bd381c69fbb4b4f8f779b96ba50f61c3c6a0a7d9525,0xae9927d3a6d27d0eaaadea7c8504bc85db0c0fd358e839b5b604dea7530ecef0,1721608564,0x4ce73141dbfce41e65db3723e31059a730f0abad,0xc5d563a36ae78145c45a50134d48a1215220f80a,14987046218227329027080984029949561275408794766325730526435811581087168625932,0,56.0,53.2,0.0,YES,2024-07-22 00:36:04+00:00,SELL,53.2,56.0,0.9500000000000001,0.9500000000000001,0.05
0x65a7129f188d5f90abde9dd27f2d08a2daf5d0fab1a4e7060ddd26b6dc2a6e53_0xcb2b05ad308280dc93f20d89d6a70246040c008fa00733f274c89f722c9e305c,0x65a7129f188d5f90abde9dd27f2d08a2daf5d0fab1a4e7060ddd26b6dc2a6e53,1721608908,0x896b9b575effb3c21f74bb0687264dbbd00f11c4,0xc5d563a36ae78145c45a50134d48a1215220f80a,0,14987046218227329027080984029949561275408794766325730526435811581087168625932,24.5088,25.53,0.0,YES,2024-07-22 00:41:48+00:00,BUY,24.5088,25.53,0.96,0.96,0.04
0xf96107b473bc754931d7f809eff98845f8119ea7faa0d85d9516a411875c861c_0x017e6001470c0e4f59692a2ad1a8e4086aed45ab5ed7edd5002339cbbf77cf91,0xf96107b473bc754931d7f809eff98845f8119ea7faa0d85d9516a411875c861c,1721610404,0x00497937c03436c8b1c033123d282688c7976034,0x4ce73141dbfce41e65db3723e31059a730f0abad,0,14987046218227329027080984029949561275408794766325730526435811581087168625932,84.55,89.0,0.0,YES,2024-07-22 01:06:44+00:00,BUY,84.55,89.0,0.95,0.95,0.05
0x99d36605a9cfc1ececa259e806490db388e17c481ed3ed7709b96bb932c0e36f_0xe23b124b53c463295e7fa2bcb526d9d5799fe152404954ad8fd171c359657f5b,0x99d36605a9cfc1ececa259e806490db388e17c481ed3ed7709b96bb932c0e36f,1721610838,0x5a560d135484258aa509f6720d31c4ed24f0adab,0xc5d563a36ae78145c45a50134d48a1215220f80a,14987046218227329027080984029949561275408794766325730526435811581087168625932,0,1000.0,946.0,0.0,YES,2024-07-22 01:13:58+00:00,SELL,946.0,1000.0,0.946,0.946,0.054
0x368df801086eb995de8bceb99d8a1ee3b2b3c42758462e441b9ecb6537dfbda1_0xac6a2ef1884c333e45459365a27247fa599ac3452106f38957b06a53e9087bf5,0x368df801086eb995de8bceb99d8a1ee3b2b3c42758462e441b9ecb6537dfbda1,1721610992,0x5a560d135484258aa509f6720d31c4ed24f0adab,0xc5d563a36ae78145c45a50134d48a1215220f80a,14987046218227329027080984029949561275408794766325730526435811581087168625932,0,400.0,378.0,0.0,YES,2024-07-22 01:16:32+00:00,SELL,378.0,400.0,0.945,0.945,0.055
0x0c5f261dd41dbf300f7fdccbc031e4bb7b3571b0c8626c970ac365f91fd9c66f_0xcc5f2653b9bc07a4ceab7319ee55e018bf77f77780256eb90cb53d056c08a8fb,0x0c5f261dd41dbf300f7fdccbc031e4bb7b3571b0c8626c970ac365f91fd9c66f,1721614373,0x07af3b7ecc2c32c44284caec7f318b2b739ac1e4,0xc5d563a36ae78145c45a50134d48a1215220f80a,0,14987046218227329027080984029949561275408794766325730526435811581087168625932,4.999992,5.208325,0.0,YES,2024-07-22 02:12:53+00:00,BUY,4.999992,5.208325,0.9599999999999999,0.9599999999999999,0.04
0x8225c2cc3c003b42edc99d27b0b8b6b17f8382232e3a36c37dfce38a21985d4c_0x3dd06d14d53b387fce6b49053a3cf8afd186bf28c5e40f4cc4b0969aa07dc1de,0x8225c2cc3c003b42edc99d27b0b8b6b17f8382232e3a36c37dfce38a21985d4c,1721618105,0xaaf4acafbb7980ce93631d238eb10a5c4ca67883,0x37a818dd842aa97ebcc799eb144def8f59298966,0,14987046218227329027080984029949561275408794766325730526435811581087168625932,1012.066666,1076.666665,0.0,YES,2024-07-22 03:15:05+00:00,BUY,1012.066666,1076.666665,0.9400000008359134,0.9400000008359134,0.06
0xcd84bb688d9629e0721404f535b5076c6ef29eea499c33470ad50ec420a84618_0x3dd06d14d53b387fce6b49053a3cf8afd186bf28c5e40f4cc4b0969aa07dc1de,0xcd84bb688d9629e0721404f535b5076c6ef29eea499c33470ad50ec420a84618,1721618241,0xaaf4acafbb7980ce93631d238eb10a5c4ca67883,0x37a818dd842aa97ebcc799eb144def8f59298966,0,14987046218227329027080984029949561275408794766325730526435811581087168625932,1566.666666,1666.666665,0.0,YES,2024-07-22 03:17:21+00:00,BUY,1566.666666,1666.666665,0.9400000005400001,0.9400000005400001,0.06
0xcfa7075c111e8fb243151c791e808ca6394cadc95df2fc4b8322d4a9aa50e92e_0xfb5e3e0237f8a73e02ec923b7e4f2a06dba6f5c1a03f549b3960f6d54859a3b7,0xcfa7075c111e8fb243151c791e808ca6394cadc95df2fc4b8322d4a9aa50e92e,1721627213,0xc6208602d8a6295983ebfe0b0aeb51ce92a82da3,0xb4c4cb77c4ad0143e3478a0e68d0ccec67f72036,14987046218227329027080984029949561275408794766325730526435811581087168625932,0,71.83,68.9568,0.0,YES,2024-07-22 05:46:53+00:00,SELL,68.9568,71.83,0.9600000000000001,0.9600000000000001,0.04
0x410ad096a553be1e5953b977b07aa5871b17988b405e73a92249fcfb42627f18_0xfb5e3e0237f8a73e02ec923b7e4f2a06dba6f5c1a03f549b3960f6d54859a3b7,0x410ad096a553be1e5953b977b07aa5871b17988b405e73a92249fcfb42627f18,1721627245,0xc6208602d8a6295983ebfe0b0aeb51ce92a82da3,0xef2038d34845f3925759f80c1ce0250451be690a,14987046218227329027080984029949561275408794766325730526435811581087168625932,0,5.208332,4.999998,0.0,YES,2024-07-22 05:47:25+00:00,SELL,4.999998,5.208332,0.9599998617599644,0.9599998617599644,0.04
0xa3a701af1f06d4e358ff8b52268f56bdd44e524898cfad972c2b9cdd4843d1e2_0xfb5e3e0237f8a73e02ec923b7e4f2a06dba6f5c1a03f549b3960f6d54859a3b7,0xa3a701af1f06d4e358ff8b52268f56bdd44e524898cfad972c2b9cdd4843d1e2,1721628731,0xc6208602d8a6295983ebfe0b0aeb51ce92a82da3,0xf09f95ba70bbff12b9fa9676b33f72799fd35441,14987046218227329027080984029949561275408794766325730526435811581087168625932,0,5.208332,4.999998,0.0,YES,2024-07-22 06:12:11+00:00,SELL,4.999998,5.208332,0.9599998617599644,0.9599998617599644,0.04
0xd4804adc35e37a8ada3be02d325a55d892bc06684099defdd40f0c6aa09ae56d_0xfb5e3e0237f8a73e02ec923b7e4f2a06dba6f5c1a03f549b3960f6d54859a3b7,0xd4804adc35e37a8ada3be02d325a55d892bc06684099defdd40f0c6aa09ae56d,1721630023,0xc6208602d8a6295983ebfe0b0aeb51ce92a82da3,0x97a06ec45d1d02c8936d5a38cb218d22f4f8952b,14987046218227329027080984029949561275408794766325730526435811581087168625932,0,0.166665,0.159998,0.0,YES,2024-07-22 06:33:43+00:00,SELL,0.159998,0.166665,0.9599975999759998,0.9599975999759998,0.040002
0xb0afd0e08aa9aad71d7bd4d6baa93fbc4dd965aa69e59d7342b037a5d1ebd4e4_0x4a7cc2593cb4e2a85970f95084b37c093da287c551e3d0ca64ee2d1b62f49cf1,0xb0afd0e08aa9aad71d7bd4d6baa93fbc4dd965aa69e59d7342b037a5d1ebd4e4,1721632479,0xd72753dae1cb01011c1e69af78ee1f9494bbecce,0xc5d563a36ae78145c45a50134d48a1215220f80a,14987046218227329027080984029949561275408794766325730526435811581087168625932,0,20.0,18.8,0.0,YES,2024-07-22 07:14:39+00:00,SELL,18.8,20.0,0.9400000000000001,0.9400000000000001,0.06
0xf1cb7d54d9587bc29e181be6563cd792eb21e584e1ee78942f02de23225eb227_0xfb5e3e0237f8a73e02ec923b7e4f2a06dba6f5c1a03f549b3960f6d54859a3b7,0xf1cb7d54d9587bc29e181be6563cd792eb21e584e1ee78942f02de23225eb227,1721634366,0xc6208602d8a6295983ebfe0b0aeb51ce92a82da3,0x705986a1c510eff318ea0fa40a28758c4da8ecec,14987046218227329027080984029949561275408794766325730526435811581087168625932,0,0.010415,0.009998,0.0,YES,2024-07-22 07:46:06+00:00,SELL,0.009998,0.010415,0.9599615938550168,0.9599615938550168,0.040038
0xe4bd55c678f1df8673906aa7858dddf63959ce67170b3ca8e8f89f4d33b2347c_0xfb5e3e0237f8a73e02ec923b7e4f2a06dba6f5c1a03f549b3960f6d54859a3b7,0xe4bd55c678f1df8673906aa7858dddf63959ce67170b3ca8e8f89f4d33b2347c,1721637195,0xc6208602d8a6295983ebfe0b0aeb51ce92a82da3,0x2671e2cead1b1000ffe32a09c1f873f6b161785f,14987046218227329027080984029949561275408794766325730526435811581087168625932,0,10.0,9.6,0.0,YES,2024-07-22 08:33:15+00:00,SELL,9.6,10.0,0.96,0.96,0.04
0x1c3dd7d2d03fce0b6eecfe00ddf59103d694b65e87ef3367276e6651ccffa2dd_0xfb5e3e0237f8a73e02ec923b7e4f2a06dba6f5c1a03f549b3960f6d54859a3b7,0x1c3dd7d2d03fce0b6eecfe00ddf59103d694b65e87ef3367276e6651ccffa2dd,1721641775,0xc6208602d8a6295983ebfe0b0aeb51ce92a82da3,0x7f7f97ed0d58bda34f72af9027d23ce2fed0bf5f,14987046218227329027080984029949561275408794766325730526435811581087168625932,0,0.104165,0.099998,0.0,YES,2024-07-22 09:49:35+00:00,SELL,0.099998,0.104165,0.9599961599385591,0.9599961599385591,0.040004
0x58a3206d0dac411af8afc3c704239740391d6a0bfbe992bd996150a07fd0d877_0xfb5e3e0237f8a73e02ec923b7e4f2a06dba6f5c1a03f549b3960f6d54859a3b7,0x58a3206d0dac411af8afc3c704239740391d6a0bfbe992bd996150a07fd0d877,1721644764,0xc6208602d8a6295983ebfe0b0aeb51ce92a82da3,0xe45c86a67c392e93d01556050cad14a2bfbdfb69,14987046218227329027080984029949561275408794766325730526435811581087168625932,0,5.208332,4.999998,0.0,YES,2024-07-22 10:39:24+00:00,SELL,4.999998,5.208332,0.9599998617599644,0.9599998617599644,0.04
0x86a3a52058de6eb67d3e604d2d2dd64ac115e9031f183fc4185335d313315cd6_0xfb5e3e0237f8a73e02ec923b7e4f2a06dba6f5c1a03f549b3960f6d54859a3b7,0x86a3a52058de6eb67d3e604d2d2dd64ac115e9031f183fc4185335d313315cd6,1721650261,0xc6208602d8a6295983ebfe0b0aeb51ce92a82da3,0xbbf175c201e65b09e3b5ba8e9ea6415d8902e62d,14987046218227329027080984029949561275408794766325730526435811581087168625932,0,0.010415,0.009998,0.0,YES,2024-07-22 12:11:01+00:00,SELL,0.009998,0.010415,0.9599615938550168,0.9599615938550168,0.040038
0x8000f6572902545cc7143eceee78620c7fb52aade7f72d86367239cf7abe6b90_0xfb5e3e0237f8a73e02ec923b7e4f2a06dba6f5c1a03f549b3960f6d54859a3b7,0x8000f6572902545cc7143eceee78620c7fb52aade7f72d86367239cf7abe6b90,1721651329,0xc6208602d8a6295983ebfe0b0aeb51ce92a82da3,0x2bcaa290bb5b67afea22a0b53c827e6d7c3d7415,14987046218227329027080984029949561275408794766325730526435811581087168625932,0,0.010415,0.009998,0.0,YES,2024-07-22 12:28:49+00:00,SELL,0.009998,0.010415,0.9599615938550168,0.9599615938550168,0.040038
0x8d84a01157d38dfb7483e877275a4a57680446877f9e5998d78405d7dbd485a5_0xfb5e3e0237f8a73e02ec923b7e4f2a06dba6f5c1a03f549b3960f6d54859a3b7,0x8d84a01157d38dfb7483e877275a4a57680446877f9e5998d78405d7dbd485a5,1721652243,0xc6208602d8a6295983ebfe0b0aeb51ce92a82da3,0xaaeb172e152d333714cc8c5d289daca55784c969,14987046218227329027080984029949561275408794766325730526435811581087168625932,0,95.8,91.968,0.0,YES,2024-07-22 12:44:03+00:00,SELL,91.968,95.8,0.9600000000000001,0.9600000000000001,0.04
0xd9e82744a9db33e3abe61ba9a5550f621484c53b6c65977b4e710505b851c4b6_0xfb5e3e0237f8a73e02ec923b7e4f2a06dba6f5c1a03f549b3960f6d54859a3b7,0xd9e82744a9db33e3abe61ba9a5550f621484c53b6c65977b4e710505b851c4b6,1721653399,0xc6208602d8a6295983ebfe0b0aeb51ce92a82da3,0x18dc0d4aaf76904d035718a2f8d51ab02ba7fc90,14987046218227329027080984029949561275408794766325730526435811581087168625932,0,10.0,9.6,0.0,YES,2024-07-22 13:03:19+00:00,SELL,9.6,10.0,0.96,0.96,0.04
0x4abac945758d2a3c5f3cfde738fc89c80dbf3349de2482e49fd763994fe8cdf3_0xe78a9ae6a93e82b9009b8e5680e1dc6bfdf9933d19e3a7033d48bb328030ef5a,0x4abac945758d2a3c5f3cfde738fc89c80dbf3349de2482e49fd763994fe8cdf3,1721654755,0x9f83f83bdfc209c6fade8a2c77ea9667e9176cd9,0xb49f468c15c49783f2664c7198a4949ade1b12e6,0,14987046218227329027080984029949561275408794766325730526435811581087168625932,18.9,20.0,0.0,YES,2024-07-22 13:25:55+00:00,BUY,18.9,20.0,0.945,0.945,0.055
0x00749bb8033c710fa5952f0318615c903bd1cd0309796ca8b31278ce5b9442c4_0xe78a9ae6a93e82b9009b8e5680e1dc6bfdf9933d19e3a7033d48bb328030ef5a,0x00749bb8033c710fa5952f0318615c903bd1cd0309796ca8b31278ce5b9442c4,1721654789,0x9f83f83bdfc209c6fade8a2c77ea9667e9176cd9,0xb49f468c15c49783f2664c7198a4949ade1b12e6,0,14987046218227329027080984029949561275408794766325730526435811581087168625932,18.9,20.0,0.0,YES,2024-07-22 13:26:29+00:00,BUY,18.9,20.0,0.945,0.945,0.055
0x9a82a3a29e23b6a347d71a74da2f17ddde613bff684926cfe0423ee7d1b090be_0xe78a9ae6a93e82b9009b8e5680e1dc6bfdf9933d19e3a7033d48bb328030ef5a,0x9a82a3a29e23b6a347d71a74da2f17ddde613bff684926cfe0423ee7d1b090be,1721654817,0x9f83f83bdfc209c6fade8a2c77ea9667e9176cd9,0xb49f468c15c49783f2664c7198a4949ade1b12e6,0,14987046218227329027080984029949561275408794766325730526435811581087168625932,18.9,20.0,0.0,YES,2024-07-22 13:26:57+00:00,BUY,18.9,20.0,0.945,0.945,0.055
0x45011fe1cc016ed0e0b134a21501251704942733d31a5c3c7ca79fc2bc8bb64a_0xe78a9ae6a93e82b9009b8e5680e1dc6bfdf9933d19e3a7033d48bb328030ef5a,0x45011fe1cc016ed0e0b134a21501251704942733d31a5c3c7ca79fc2bc8bb64a,1721654835,0x9f83f83bdfc209c6fade8a2c77ea9667e9176cd9,0xb49f468c15c49783f2664c7198a4949ade1b12e6,0,14987046218227329027080984029949561275408794766325730526435811581087168625932,18.9,20.0,0.0,YES,2024-07-22 13:27:15+00:00,BUY,18.9,20.0,0.945,0.945,0.055
0x720cdc7aa7ba839bf65402444b5f5e74c6307ecd2df30679afa2b7b223a1a995_0xe78a9ae6a93e82b9009b8e5680e1dc6bfdf9933d19e3a7033d48bb328030ef5a,0x720cdc7aa7ba839bf65402444b5f5e74c6307ecd2df30679afa2b7b223a1a995,1721654845,0x9f83f83bdfc209c6fade8a2c77ea9667e9176cd9,0xb49f468c15c49783f2664c7198a4949ade1b12e6,0,14987046218227329027080984029949561275408794766325730526435811581087168625932,18.9,20.0,0.0,YES,2024-07-22 13:27:25+00:00,BUY,18.9,20.0,0.945,0.945,0.055
0x8b6acc31e2cd78877191c442a127601e9fada46d156cf6726e9810083a9e7110_0xe78a9ae6a93e82b9009b8e5680e1dc6bfdf9933d19e3a7033d48bb328030ef5a,0x8b6acc31e2cd78877191c442a127601e9fada46d156cf6726e9810083a9e7110,1721654965,0x9f83f83bdfc209c6fade8a2c77ea9667e9176cd9,0xb49f468c15c49783f2664c7198a4949ade1b12e6,0,14987046218227329027080984029949561275408794766325730526435811581087168625932,18.9,20.0,0.0,YES,2024-07-22 13:29:25+00:00,BUY,18.9,20.0,0.945,0.945,0.055
0xaeb8d5343e7449baa61d5581a295150ef4337cd6d6cb5c4434c4691dad84e77c_0xe78a9ae6a93e82b9009b8e5680e1dc6bfdf9933d19e3a7033d48bb328030ef5a,0xaeb8d5343e7449baa61d5581a295150ef4337cd6d6cb5c4434c4691dad84e77c,1721654997,0x9f83f83bdfc209c6fade8a2c77ea9667e9176cd9,0xb49f468c15c49783f2664c7198a4949ade1b12e6,0,14987046218227329027080984029949561275408794766325730526435811581087168625932,18.9,20.0,0.0,YES,2024-07-22 13:29:57+00:00,BUY,18.9,20.0,0.945,0.945,0.055
0x36f01f30160533d94c658b9f8102b20b22229d883ed86cb024dab5c3b1433698_0xe78a9ae6a93e82b9009b8e5680e1dc6bfdf9933d19e3a7033d48bb328030ef5a,0x36f01f30160533d94c658b9f8102b20b22229d883ed86cb024dab5c3b1433698,1721655017,0x9f83f83bdfc209c6fade8a2c77ea9667e9176cd9,0xb49f468c15c49783f2664c7198a4949ade1b12e6,0,14987046218227329027080984029949561275408794766325730526435811581087168625932,21.735,23.0,0.0,YES,2024-07-22 13:30:17+00:00,BUY,21.735,23.0,0.945,0.945,0.055
0x3bf1b20dbba5699b7cfde8099763bb7cf835f7bb7081f0014b3531eaae76fd3c_0xe78a9ae6a93e82b9009b8e5680e1dc6bfdf9933d19e3a7033d48bb328030ef5a,0x3bf1b20dbba5699b7cfde8099763bb7cf835f7bb7081f0014b3531eaae76fd3c,1721655025,0x9f83f83bdfc209c6fade8a2c77ea9667e9176cd9,0xb49f468c15c49783f2664c7198a4949ade1b12e6,0,14987046218227329027080984029949561275408794766325730526435811581087168625932,21.735,23.0,0.0,YES,2024-07-22 13:30:25+00:00,BUY,21.735,23.0,0.945,0.945,0.055
0x824d906071cf4500be57890f79a0c4ba24ea991c1245c0e6305a8c0669b4be1b_0xe975335fa91e3c9849f892e7eac2862efda3dd05531d80fc6168849d3920325e,0x824d906071cf4500be57890f79a0c4ba24ea991c1245c0e6305a8c0669b4be1b,1721656587,0xdcc9d68a4bad9fc8becd27a03ee5b2b4feda4534,0xea9bd223bea3550020dc352c0d0d761766f940dc,0,14987046218227329027080984029949561275408794766325730526435811581087168625932,52.555555,55.555554,0.0,YES,2024-07-22 13:56:27+00:00,BUY,52.555555,55.555554,0.9460000164880004,0.9460000164880004,0.054
0xed837a3c9a5a03c9f79726620e9105a9ae495149195f4e62d3ac1ddf878fdb9a_0xa2db135c6c34b7f27d89d828ab2540d4668834796418b05c7c96c4f4d659039f,0xed837a3c9a5a03c9f79726620e9105a9ae495149195f4e62d3ac1ddf878fdb9a,1721657211,0xaaeb172e152d333714cc8c5d289daca55784c969,0xc5d563a36ae78145c45a50134d48a1215220f80a,14987046218227329027080984029949561275408794766325730526435811581087168625932,0,95.8,90.6268,0.0,YES,2024-07-22 14:06:51+00:00,SELL,90.6268,95.8,0.9460000000000001,0.9460000000000001,0.054
0x0b934c1c48c490b3597c67485a533e2954a74da688ca6ab8536f7578f951378c_0x42a784b3265c97799be3282d18920b871be70bf699befef895809123b7cb0709,0x0b934c1c48c490b3597c67485a533e2954a74da688ca6ab8536f7578f951378c,1721664807,0xaaf4acafbb7980ce93631d238eb10a5c4ca67883,0xdcc9d68a4bad9fc8becd27a03ee5b2b4feda4534,14987046218227329027080984029949561275408794766325730526435811581087168625932,0,5555.0,5277.25,0.0,YES,2024-07-22 16:13:27+00:00,SELL,5277.25,5555.0,0.95,0.95,0.05
0x31a5e122847dad478cd535e937ca40608fe7e5b2f3560d0aa006c1bd844830e2_0xd4298b935722df2186926693cb82e53073c7aacbe5f1fc31026463534a0f1178,0x31a5e122847dad478cd535e937ca40608fe7e5b2f3560d0aa006c1bd844830e2,1721665043,0xdcc9d68a4bad9fc8becd27a03ee5b2b4feda4534,0x4ce73141dbfce41e65db3723e31059a730f0abad,0,14987046218227329027080984029949561275408794766325730526435811581087168625932,948.0,1000.0,0.0,YES,2024-07-22 16:17:23+00:00,BUY,948.0,1000.0,0.948,0.948,0.052
0x5dfce1522345bc1b57579b51a3f931be0599e191edc3f09c5d4c48012b760762_0x06024ca66c862c964f6734b2d56881599f1de5b9f4e4505814fa8cdb48036347,0x5dfce1522345bc1b57579b51a3f931be0599e191edc3f09c5d4c48012b760762,1721665057,0x9f83f83bdfc209c6fade8a2c77ea9667e9176cd9,0x4ce73141dbfce41e65db3723e31059a730f0abad,0,14987046218227329027080984029949561275408794766325730526435811581087168625932,189.4,200.0,0.0,YES,2024-07-22 16:17:37+00:00,BUY,189.4,200.0,0.9470000000000001,0.9470000000000001,0.053
0x18ca63a79f94774480f1ae115400b3b63dcc38c05f90dc2f6fdd7ee550594670_0xd71431bbc6d29f58031b75306c92ea1a4675050b55d056dd6558d4f4cd79bcf7,0x18ca63a79f94774480f1ae115400b3b63dcc38c05f90dc2f6fdd7ee550594670,1721667109,0xdcc9d68a4bad9fc8becd27a03ee5b2b4feda4534,0x3dbed3f03a6869b9e688c53767d65cbb3d5a111f,14987046218227329027080984029949561275408794766325730526435811581087168625932,0,10.427527,9.999998,0.0,YES,2024-07-22 16:51:49+00:00,SELL,9.999998,10.427527,0.9589999623112939,0.9589999623112939,0.041
0x23c1d5e4c67906f5d66e219e12f6e2046d0cc7e6bdd2f3e4c677959c2085b3dc_0xa17aa1cf8c4642d75ca0fd03460fdf35cd91388c7d8a23704f311eaa8a3d8608,0x23c1d5e4c67906f5d66e219e12f6e2046d0cc7e6bdd2f3e4c677959c2085b3dc,1721668048,0xdcc9d68a4bad9fc8becd27a03ee5b2b4feda4534,0x4ce73141dbfce41e65db3723e31059a730f0abad,0,14987046218227329027080984029949561275408794766325730526435811581087168625932,941.0,1000.0,0.0,YES,2024-07-22 17:07:28+00:00,BUY,941.0,1000.0,0.941,0.941,0.059
0x1879f03911bb876641e2a404f840eaa861a06b84ea372efab5bed7cbfa765227_0x3820bd803352059beae0896a23d855287c9d9334a8886533459414f6cef3397f,0x1879f03911bb876641e2a404f840eaa861a06b84ea372efab5bed7cbfa765227,1721668082,0x4ce73141dbfce41e65db3723e31059a730f0abad,0xc5d563a36ae78145c45a50134d48a1215220f80a,14987046218227329027080984029949561275408794766325730526435811581087168625932,0,976.04,917.4776,0.0,YES,2024-07-22 17:08:02+00:00,SELL,917.4776,976.04,0.9400000000000001,0.9400000000000001,0.06
0x6378ae9fdc43c024b7d3566d55d19f1e7bd92a6f3993ffbca94b3cfafbd6e6ed_0x239a5fdfddd586fff85caa42ed531366f2e06fa953374a2372e0cd9647df3573,0x6378ae9fdc43c024b7d3566d55d19f1e7bd92a6f3993ffbca94b3cfafbd6e6ed,1721668118,0x4ce73141dbfce41e65db3723e31059a730f0abad,0xc5d563a36ae78145c45a50134d48a1215220f80a,14987046218227329027080984029949561275408794766325730526435811581087168625932,0,11.68,10.9792,0.0,YES,2024-07-22 17:08:38+00:00,SELL,10.9792,11.68,0.9400000000000001,0.9400000000000001,0.06
0x93a1aa8abcb744cd2b22fb157f455c5991fa05d4e64ee3856611162b908d5e5a_0xc27baa15dac1c0bd01fb25332b60ec0f3d152d8329ab8259809e437b142ae316,0x93a1aa8abcb744cd2b22fb157f455c5991fa05d4e64ee3856611162b908d5e5a,1721673993,0x8f23aead02f055b69c7f7db51a2d74187bb2c7d0,0x843409738e5533ce49d5f45d024b88ee61da34b9,71914038773350234130553415116948415426792971631252265695143324140554345804068,0,359.0,19.745,0.0,NO,2024-07-22 18:46:33+00:00,SELL,19.745,359.0,0.055,0.945,0.055
0xd090a60140783fc95b6e2c038596a7d688d817c16860a310a000405588360079_0xc485a641db0475c1a84e025bdffe5bbe22402827f2f3e367a117c451ada4d2e7,0xd090a60140783fc95b6e2c038596a7d688d817c16860a310a000405588360079,1721680385,0xfa1c66c8d0ec9115a5bfda4a9af57c44d3ba33c1,0xd1eed20edd22a289839379e89e3470ea1742a8ae,14987046218227329027080984029949561275408794766325730526435811581087168625932,0,10.42,9.98236,0.0,YES,2024-07-22 20:33:05+00:00,SELL,9.98236,10.42,0.958,0.958,0.042
0xd95344f973b0ae2185df96f0ef07091c27e0a8255d93d51f3802f31c6d462d8e_0xd71431bbc6d29f58031b75306c92ea1a4675050b55d056dd6558d4f4cd79bcf7,0xd95344f973b0ae2185df96f0ef07091c27e0a8255d93d51f3802f31c6d462d8e,1721680891,0xdcc9d68a4bad9fc8becd27a03ee5b2b4feda4534,0xd1eed20edd22a289839379e89e3470ea1742a8ae,14987046218227329027080984029949561275408794766325730526435811581087168625932,0,31.282585,29.999999,0.0,YES,2024-07-22 20:41:31+00:00,SELL,29.999999,31.282585,0.9589999995205,0.9589999995205,0.041
0xd62799fbec5f331cf781ac2cef147491192d32f26ebc79ca78a399ecb3db410d_0x69939b170552807987583a72e54948ab6b7152412797a17f0439d65220c442c6,0xd62799fbec5f331cf781ac2cef147491192d32f26ebc79ca78a399ecb3db410d,1721694731,0x4ce73141dbfce41e65db3723e31059a730f0abad,0xc5d563a36ae78145c45a50134d48a1215220f80a,14987046218227329027080984029949561275408794766325730526435811581087168625932,0,605.79,572.47155,0.0,YES,2024-07-23 00:32:11+00:00,SELL,572.47155,605.79,0.9450000000000001,0.9450000000000001,0.055
0xa47016dd6f8827c32ae9d20497d75915422ce493bb5933c7002243c9f88e662e_0xc27baa15dac1c0bd01fb25332b60ec0f3d152d8329ab8259809e437b142ae316,0xa47016dd6f8827c32ae9d20497d75915422ce493bb5933c7002243c9f88e662e,1721694733,0x8f23aead02f055b69c7f7db51a2d74187bb2c7d0,0xb49f468c15c49783f2664c7198a4949ade1b12e6,71914038773350234130553415116948415426792971631252265695143324140554345804068,0,5.0,0.275,0.0,NO,2024-07-23 00:32:13+00:00,SELL,0.275,5.0,0.05500000000000001,0.945,0.05500000000000001
0xf444914bf17f4feb57884ce67eac55b236fc2d9895629a573ded9204b14f4c89_0xc27baa15dac1c0bd01fb25332b60ec0f3d152d8329ab8259809e437b142ae316,0xf444914bf17f4feb57884ce67eac55b236fc2d9895629a573ded9204b14f4c89,1721694737,0x8f23aead02f055b69c7f7db51a2d74187bb2c7d0,0xb49f468c15c49783f2664c7198a4949ade1b12e6,71914038773350234130553415116948415426792971631252265695143324140554345804068,0,5.0,0.275,0.0,NO,2024-07-23 00:32:17+00:00,SELL,0.275,5.0,0.05500000000000001,0.945,0.05500000000000001
0x8c8b25d1e9ff23bbcfa2d61d7854b286d0cd194cadcb389f7900b40942e25cb5_0xc27baa15dac1c0bd01fb25332b60ec0f3d152d8329ab8259809e437b142ae316,0x8c8b25d1e9ff23bbcfa2d61d7854b286d0cd194cadcb389f7900b40942e25cb5,1721694763,0x8f23aead02f055b69c7f7db51a2d74187bb2c7d0,0xb49f468c15c49783f2664c7198a4949ade1b12e6,71914038773350234130553415116948415426792971631252265695143324140554345804068,0,5.0,0.275,0.0,NO,2024-07-23 00:32:43+00:00,SELL,0.275,5.0,0.05500000000000001,0.945,0.05500000000000001
0x17c564267c64183e0019ee0769caea756a9a40aa2a116ebdc51866b0e663a79d_0xc27baa15dac1c0bd01fb25332b60ec0f3d152d8329ab8259809e437b142ae316,0x17c564267c64183e0019ee0769caea756a9a40aa2a116ebdc51866b0e663a79d,1721694767,0x8f23aead02f055b69c7f7db51a2d74187bb2c7d0,0xb49f468c15c49783f2664c7198a4949ade1b12e6,71914038773350234130553415116948415426792971631252265695143324140554345804068,0,5.0,0.275,0.0,NO,2024-07-23 00:32:47+00:00,SELL,0.275,5.0,0.05500000000000001,0.945,0.05500000000000001
0xda9d398dcfb17d15e20912374716817fde122efdb79890bf2e206a939862c1b0_0x8cac858e62b06c30e0e3cad95e67b149a1eb1184996035b069ea7e3533e1402c,0xda9d398dcfb17d15e20912374716817fde122efdb79890bf2e206a939862c1b0,1721694899,0x4ce73141dbfce41e65db3723e31059a730f0abad,0xc5d563a36ae78145c45a50134d48a1215220f80a,14987046218227329027080984029949561275408794766325730526435811581087168625932,0,2.21,2.08845,0.0,YES,2024-07-23 00:34:59+00:00,SELL,2.08845,2.21,0.945,0.945,0.055
0x88472596efeef8e7ed3ef40ee4c956d80c5adb4eb02a1a779297b69f0b89a532_0xd71431bbc6d29f58031b75306c92ea1a4675050b55d056dd6558d4f4cd79bcf7,0x88472596efeef8e7ed3ef40ee4c956d80c5adb4eb02a1a779297b69f0b89a532,1721700392,0xdcc9d68a4bad9fc8becd27a03ee5b2b4feda4534,0x265e6a2798e427e7a66ca92bea542485c261d152,14987046218227329027080984029949561275408794766325730526435811581087168625932,0,0.020854,0.019998,0.0,YES,2024-07-23 02:06:32+00:00,SELL,0.019998,0.020854,0.9589527189028483,0.9589527189028483,0.041047
0x4e585ace4d0936036aeabe6f86abae26faea7398fcb70036098e0b15a1c7860f_0x892bc524edf4e0b012e677ec8f60ac6468b47719902b79c5275caade5daf6220,0x4e585ace4d0936036aeabe6f86abae26faea7398fcb70036098e0b15a1c7860f,1721709557,0x357319fb9b4843496a9ceb7780a190906087b6f9,0x843409738e5533ce49d5f45d024b88ee61da34b9,0,14987046218227329027080984029949561275408794766325730526435811581087168625932,158.984,167.0,0.0,YES,2024-07-23 04:39:17+00:00,BUY,158.984,167.0,0.9520000000000001,0.9520000000000001,0.048
0x29bd276bf2629c4653e029253839ec3930d7edaad2b635ba796759edcb639151_0xe692a532abab358f9872019a276b11ec1cfdc7e11b80001b34dd6485e290d2ff,0x29bd276bf2629c4653e029253839ec3930d7edaad2b635ba796759edcb639151,1721713914,0x0cd7c3b5a653fe2a68ad11e8e62de6a98b9fcd86,0x8e6aa4d6b0734f0fcff0bb37369f196426ce439e,14987046218227329027080984029949561275408794766325730526435811581087168625932,0,4.196241,4.019998,0.0,YES,2024-07-23 05:51:54+00:00,SELL,4.019998,4.196241,0.9579997907651159,0.9579997907651159,0.042
0x0d582cc6d6444b3320c7341bca1a53a15dee8e77962565a02389642015f0b157_0x56b99d6bde83f77a9db366b490ae6c5bf434b583ff2a136931786ed29771b04b,0x0d582cc6d6444b3320c7341bca1a53a15dee8e77962565a02389642015f0b157,1721718064,0xdcc9d68a4bad9fc8becd27a03ee5b2b4feda4534,0xfd1cff17ebe9048dca8e75f439ef5cab5e7078aa,0,14987046218227329027080984029949561275408794766325730526435811581087168625932,167.175482,176.905271,0.0,YES,2024-07-23 07:01:04+00:00,BUY,167.175482,176.905271,0.9450000051157322,0.9450000051157322,0.055
0x38403e5d070258303d415757abe3ba7d3db578ade4cd45078e40014c2cb92032_0x6dea91a972538fd2e3418ead523d3012d9c063f3d779351acedbae2839f330d2,0x38403e5d070258303d415757abe3ba7d3db578ade4cd45078e40014c2cb92032,1721720787,0x3258bb5f1e29bdf905fb088c24b62de391469e52,0xeaf1c7c7ee9b1c8b3fb1086e5c3680f8a38e76a0,14987046218227329027080984029949561275408794766325730526435811581087168625932,0,300.0,285.6,0.0,YES,2024-07-23 07:46:27+00:00,SELL,285.6,300.0,0.9520000000000001,0.9520000000000001,0.048
0x7c43172d458b8e8a90fd7c6103ca0a0cb99448f26590bd005e631f747e80571c_0x56b99d6bde83f77a9db366b490ae6c5bf434b583ff2a136931786ed29771b04b,0x7c43172d458b8e8a90fd7c6103ca0a0cb99448f26590bd005e631f747e80571c,1721720891,0xdcc9d68a4bad9fc8becd27a03ee5b2b4feda4534,0x1e7b31804c91697460bd567352ff81d38a129374,0,14987046218227329027080984029949561275408794766325730526435811581087168625932,179.55,190.0,0.0,YES,2024-07-23 07:48:11+00:00,BUY,179.55,190.0,0.9450000000000001,0.9450000000000001,0.055
0x7a510882e658596ec880531dbe26569ec7bc95d47e57259fdb53b4ea38a9db1a_0xbd5db30b97ac01775e61e84d35e2f90fd122fd94db6f7fdccb4a19e176bdabb4,0x7a510882e658596ec880531dbe26569ec7bc95d47e57259fdb53b4ea38a9db1a,1721723315,0xaaf4acafbb7980ce93631d238eb10a5c4ca67883,0x674e9b985ee2b2d9b52322cf3a2799c3044cb6f9,14987046218227329027080984029949561275408794766325730526435811581087168625932,0,22.01,20.97553,0.0,YES,2024-07-23 08:28:35+00:00,SELL,20.97553,22.01,0.9529999999999998,0.9529999999999998,0.047
0x130e0c6c0b6c3ad051b76d5777c28e938b39a63c739aa9e757cc38893cd4a478_0xe89b30d97d706116f55a45389ac1395219551ae0ecb60100d99fca3cf7551e11,0x130e0c6c0b6c3ad051b76d5777c28e938b39a63c739aa9e757cc38893cd4a478,1721725123,0xca45db222f2c5387908d9a986f04ba16775df015,0xc5d563a36ae78145c45a50134d48a1215220f80a,14987046218227329027080984029949561275408794766325730526435811581087168625932,0,5.44,5.14624,0.0,YES,2024-07-23 08:58:43+00:00,SELL,5.14624,5.44,0.9459999999999998,0.9459999999999998,0.054
0xf508c026882187bf7076c3ccfcb44f71b62d74564e0cf5780be1e97139f3928e_0xbd5db30b97ac01775e61e84d35e2f90fd122fd94db6f7fdccb4a19e176bdabb4,0xf508c026882187bf7076c3ccfcb44f71b62d74564e0cf5780be1e97139f3928e,1721725963,0xaaf4acafbb7980ce93631d238eb10a5c4ca67883,0x5bcacd55d4989c90cee4f4d8d9aeef3a16d85787,14987046218227329027080984029949561275408794766325730526435811581087168625932,0,0.010492,0.009998,0.0,YES,2024-07-23 09:12:43+00:00,SELL,0.009998,0.010492,0.9529165078154785,0.9529165078154785,0.047083
0xa159303b1c9c338d0f3a6589b057033d8026755281c74c092669b79bb39f7a2a_0x627ea2e15a9b8281c23f19e86fe5219262ed14efb7249bb75ba83f6c25df8760,0xa159303b1c9c338d0f3a6589b057033d8026755281c74c092669b79bb39f7a2a,1721726981,0xfa1c66c8d0ec9115a5bfda4a9af57c44d3ba33c1,0x407164979f287a4b696c6e83fe6ef3bb7bc020d2,14987046218227329027080984029949561275408794766325730526435811581087168625932,0,0.010503,0.009998,0.0,YES,2024-07-23 09:29:41+00:00,SELL,0.009998,0.010503,0.9519184994763401,0.9519184994763401,0.048082
0x7f6becfaae1c19b92985e66f30a343cd225c6ac59c900528ebf54e3998febf77_0x627ea2e15a9b8281c23f19e86fe5219262ed14efb7249bb75ba83f6c25df8760,0x7f6becfaae1c19b92985e66f30a343cd225c6ac59c900528ebf54e3998febf77,1721731579,0xfa1c66c8d0ec9115a5bfda4a9af57c44d3ba33c1,0xde752a9954a961436c7007412b048fc88c1f02cc,14987046218227329027080984029949561275408794766325730526435811581087168625932,0,0.010503,0.009998,0.0,YES,2024-07-23 10:46:19+00:00,SELL,0.009998,0.010503,0.9519184994763401,0.9519184994763401,0.048082
0xda2cac545c8f7e0b1c5af602ef7af2fadb3bcbb757e928d24378a5dc22557c75_0x627ea2e15a9b8281c23f19e86fe5219262ed14efb7249bb75ba83f6c25df8760,0xda2cac545c8f7e0b1c5af602ef7af2fadb3bcbb757e928d24378a5dc22557c75,1721732641,0xfa1c66c8d0ec9115a5bfda4a9af57c44d3ba33c1,0x1bb2ba24a2f31f8a44eda998a1b46ddb937125c5,14987046218227329027080984029949561275408794766325730526435811581087168625932,0,0.031511,0.029998,0.0,YES,2024-07-23 11:04:01+00:00,SELL,0.029998,0.031511,0.9519850211037416,0.9519850211037416,0.048015
0x6def408a60338bb8eef30c973f4e2775cb8bf9b8a7cb6bb222ef6d8435fb64c7_0x627ea2e15a9b8281c23f19e86fe5219262ed14efb7249bb75ba83f6c25df8760,0x6def408a60338bb8eef30c973f4e2775cb8bf9b8a7cb6bb222ef6d8435fb64c7,1721737066,0xfa1c66c8d0ec9115a5bfda4a9af57c44d3ba33c1,0x45e3f54a8dc1091e753511ddc381589931eeba15,14987046218227329027080984029949561275408794766325730526435811581087168625932,0,3.151259,2.999998,0.0,YES,2024-07-23 12:17:46+00:00,SELL,2.999998,3.151259,0.9519998197545807,0.9519998197545807,0.048
0x0b85f772fd3351ed9d888f0812176a445c71aaedd6bf44f161d61f0252c47728_0x627ea2e15a9b8281c23f19e86fe5219262ed14efb7249bb75ba83f6c25df8760,0x0b85f772fd3351ed9d888f0812176a445c71aaedd6bf44f161d61f0252c47728,1721740356,0xfa1c66c8d0ec9115a5bfda4a9af57c44d3ba33c1,0xa668c1c276f162a5233ee3195bc4c62acc778092,14987046218227329027080984029949561275408794766325730526435811581087168625932,0,2.2,2.0944,0.0,YES,2024-07-23 13:12:36+00:00,SELL,2.0944,2.2,0.9519999999999998,0.9519999999999998,0.048
0xd61325104aa07b91dbf3caab6b1d7c717dae845f8dc370bb674410d783135c19_0xbd5db30b97ac01775e61e84d35e2f90fd122fd94db6f7fdccb4a19e176bdabb4,0xd61325104aa07b91dbf3caab6b1d7c717dae845f8dc370bb674410d783135c19,1721746097,0xaaf4acafbb7980ce93631d238eb10a5c4ca67883,0x7826298cab54a85d18e861736996e5b05a87e831,14987046218227329027080984029949561275408794766325730526435811581087168625932,0,4.19727,3.999998,0.0,YES,2024-07-23 14:48:17+00:00,SELL,3.999998,4.19727,0.9529999261424689,0.9529999261424689,0.047
0xe76676830a407de7ade8495d90e71825ee5ad777408b81b5d2f14d8f55a6db12_0xbd5db30b97ac01775e61e84d35e2f90fd122fd94db6f7fdccb4a19e176bdabb4,0xe76676830a407de7ade8495d90e71825ee5ad777408b81b5d2f14d8f55a6db12,1721746309,0xaaf4acafbb7980ce93631d238eb10a5c4ca67883,0x7826298cab54a85d18e861736996e5b05a87e831,14987046218227329027080984029949561275408794766325730526435811581087168625932,0,5.026231,4.789998,0.0,YES,2024-07-23 14:51:49+00:00,SELL,4.789998,5.026231,0.9529999715492582,0.9529999715492582,0.047
0xe5edb20df163879ad5d057c6947cce4724d70b9b5b165a0d0a19ac17bf1d1759_0xbd5db30b97ac01775e61e84d35e2f90fd122fd94db6f7fdccb4a19e176bdabb4,0xe5edb20df163879ad5d057c6947cce4724d70b9b5b165a0d0a19ac17bf1d1759,1721748625,0xaaf4acafbb7980ce93631d238eb10a5c4ca67883,0x3dfc2049aa06ef35d7d2bb69e037da753067acb7,14987046218227329027080984029949561275408794766325730526435811581087168625932,0,82.528855,78.649998,0.0,YES,2024-07-23 15:30:25+00:00,SELL,78.649998,82.528855,0.9529999901246662,0.9529999901246662,0.047
0x1900702883e0ea2f4de01ad8f06c5f9eb38cf66a74a9aef49eb248dce59bfa11_0xbd5db30b97ac01775e61e84d35e2f90fd122fd94db6f7fdccb4a19e176bdabb4,0x1900702883e0ea2f4de01ad8f06c5f9eb38cf66a74a9aef49eb248dce59bfa11,1721754697,0xaaf4acafbb7980ce93631d238eb10a5c4ca67883,0x4f2ee8002953322810d1c12053747ab668ac8b5d,14987046218227329027080984029949561275408794766325730526435811581087168625932,0,10.0,9.53,0.0,YES,2024-07-23 17:11:37+00:00,SELL,9.53,10.0,0.953,0.953,0.047
0x6ed28e95c8e993bc37c053c2335f1a60b0c32af34755395de26cd0d7963a9b19_0xbd5db30b97ac01775e61e84d35e2f90fd122fd94db6f7fdccb4a19e176bdabb4,0x6ed28e95c8e993bc37c053c2335f1a60b0c32af34755395de26cd0d7963a9b19,1721758971,0xaaf4acafbb7980ce93631d238eb10a5c4ca67883,0x23555f0155ccd648c53b33ffe1f0de4024cc9992,14987046218227329027080984029949561275408794766325730526435811581087168625932,0,108.55194,103.449998,0.0,YES,2024-07-23 18:22:51+00:00,SELL,103.449998,108.55194,0.9529999924460124,0.9529999924460124,0.047
0xc353b01e6400d43823d84791cb1e9f2433d91ff013fb93624a61818476e86974_0xbd5db30b97ac01775e61e84d35e2f90fd122fd94db6f7fdccb4a19e176bdabb4,0xc353b01e6400d43823d84791cb1e9f2433d91ff013fb93624a61818476e86974,1721763057,0xaaf4acafbb7980ce93631d238eb10a5c4ca67883,0x3f19cdedccf22df3e42a59d2a746d68d50443aed,14987046218227329027080984029949561275408794766325730526435811581087168625932,0,100.0,95.3,0.0,YES,2024-07-23 19:30:57+00:00,SELL,95.3,100.0,0.953,0.953,0.047
0x564184dc2c1aae0ca8537ede80d2bc2fce18c96673645e0e9818da881fb463c7_0xbd5db30b97ac01775e61e84d35e2f90fd122fd94db6f7fdccb4a19e176bdabb4,0x564184dc2c1aae0ca8537ede80d2bc2fce18c96673645e0e9818da881fb463c7,1721767043,0xaaf4acafbb7980ce93631d238eb10a5c4ca67883,0x6947aa2940e1b0fd5a5695a7645dc7dfd925b0ef,14987046218227329027080984029949561275408794766325730526435811581087168625932,0,1.049316,0.999998,0.0,YES,2024-07-23 20:37:23+00:00,SELL,0.999998,1.049316,0.9529998589557389,0.9529998589557389,0.047
0x9f97b4e920369862ed9168284b7466d9fe05a07bfecc443421bdd01c42cdbaf9_0xbd5db30b97ac01775e61e84d35e2f90fd122fd94db6f7fdccb4a19e176bdabb4,0x9f97b4e920369862ed9168284b7466d9fe05a07bfecc443421bdd01c42cdbaf9,1721768333,0xaaf4acafbb7980ce93631d238eb10a5c4ca67883,0xdcc9d68a4bad9fc8becd27a03ee5b2b4feda4534,14987046218227329027080984029949561275408794766325730526435811581087168625932,0,1858.29,1770.95037,0.0,YES,2024-07-23 20:58:53+00:00,SELL,1770.95037,1858.29,0.9530000000000001,0.9530000000000001,0.047
0xb8175fd39e70e0fa7ecadee7075f6aec832a23f000adff613c5e4dd0b257e446_0x39b0442754a4893d4f62c4bb844b545c59fcbad13de73017b29e99745bf549d7,0xb8175fd39e70e0fa7ecadee7075f6aec832a23f000adff613c5e4dd0b257e446,1721773697,0xcf5606921e8286474c3a816a4972332b603aef12,0xc5d563a36ae78145c45a50134d48a1215220f80a,0,14987046218227329027080984029949561275408794766325730526435811581087168625932,1.499997,1.567395,0.0,YES,2024-07-23 22:28:17+00:00,BUY,1.499997,1.567395,0.956999990429981,0.956999990429981,0.043
0x2595de4eb7692de88e66b196303399239dd3d825e378b1670007bde93db628af_0xa46b4cd45416c3ec4e45801c43cb928eff66bb635d442557746d7c38c11b0408,0x2595de4eb7692de88e66b196303399239dd3d825e378b1670007bde93db628af,1721780956,0xd2e1a2b4641f159d84bfffd8660bebbb2ebcc7c1,0xc5d563a36ae78145c45a50134d48a1215220f80a,0,14987046218227329027080984029949561275408794766325730526435811581087168625932,10.489988,10.961325,0.0,YES,2024-07-24 00:29:16+00:00,BUY,10.489988,10.961325,0.9569999977192538,0.9569999977192538,0.043
0x8e26624a6999822d285b221b031eef38cde7bf373b3b0fdb41a30f9af32c70a2_0x8e7c7f9112d91a5b85117c76ab0a34168c942fcf6d6048971e8f38820ec24f2f,0x8e26624a6999822d285b221b031eef38cde7bf373b3b0fdb41a30f9af32c70a2,1721784454,0xdcc9d68a4bad9fc8becd27a03ee5b2b4feda4534,0x843409738e5533ce49d5f45d024b88ee61da34b9,0,14987046218227329027080984029949561275408794766325730526435811581087168625932,634.317,667.0,0.0,YES,2024-07-24 01:27:34+00:00,BUY,634.317,667.0,0.951,0.951,0.049
0xa75f16eec4efeffb4497e5fc50c223b2677c83e135a6a448b1fb52e8e0071081_0x8e7c7f9112d91a5b85117c76ab0a34168c942fcf6d6048971e8f38820ec24f2f,0xa75f16eec4efeffb4497e5fc50c223b2677c83e135a6a448b1fb52e8e0071081,1721784478,0xdcc9d68a4bad9fc8becd27a03ee5b2b4feda4534,0x843409738e5533ce49d5f45d024b88ee61da34b9,0,14987046218227329027080984029949561275408794766325730526435811581087168625932,221.583,233.0,0.0,YES,2024-07-24 01:27:58+00:00,BUY,221.583,233.0,0.951,0.951,0.049
0xc60a6e2b7584430731497b2e7e690a88b94591347022880214e0dc5cb7f48b98_0x9e0f2bd5f83a723bdc717cb3a36ed4979de3d49d05de65357cba5fcfbeeba716,0xc60a6e2b7584430731497b2e7e690a88b94591347022880214e0dc5cb7f48b98,1721784596,0xdcc9d68a4bad9fc8becd27a03ee5b2b4feda4534,0x843409738e5533ce49d5f45d024b88ee61da34b9,0,14987046218227329027080984029949561275408794766325730526435811581087168625932,78.85,83.0,0.0,YES,2024-07-24 01:29:56+00:00,BUY,78.85,83.0,0.95,0.95,0.05
0x353abe9584c6c6c66ec5dab795c3fa1246f949e8d0f49f635937cc5c754bd4dc_0x7a174408f4bfe206acb99bee20b425d59cf0bf4bf0c33811f486bd798b8f519a,0x353abe9584c6c6c66ec5dab795c3fa1246f949e8d0f49f635937cc5c754bd4dc,1721787002,0x4ce73141dbfce41e65db3723e31059a730f0abad,0xc5d563a36ae78145c45a50134d48a1215220f80a,14987046218227329027080984029949561275408794766325730526435811581087168625932,0,5.0,4.755,0.0,YES,2024-07-24 02:10:02+00:00,SELL,4.755,5.0,0.951,0.951,0.049
0xf247f66fcbd86b1db6390b053b86fa1f6f43c9813d575a2c142f2140b6e30503_0xf4813211f5f0e551fc93dcb53bf09656c0affb7f7af103aa49c6fcad4ec3dda2,0xf247f66fcbd86b1db6390b053b86fa1f6f43c9813d575a2c142f2140b6e30503,1721787546,0x589767e9c93dbf066207499f3ae8fd06bf1bb100,0xc5d563a36ae78145c45a50134d48a1215220f80a,0,14987046218227329027080984029949561275408794766325730526435811581087168625932,0.009992,0.010441,0.0,YES,2024-07-24 02:19:06+00:00,BUY,0.009992,0.010441,0.9569964562781341,0.9569964562781341,0.043004
0xb5e3eb5af8f2912fecc71ec8fe406616dd91777cb9ba873ec77557f8f9358080_0x861b46633c0a611c39b80aa846fdb90e88543f5acf221c78afe089cc76983c40,0xb5e3eb5af8f2912fecc71ec8fe406616dd91777cb9ba873ec77557f8f9358080,1721790506,0xff08bd196ed1c3b3faadac075cea5a0d122f311b,0xc5d563a36ae78145c45a50134d48a1215220f80a,0,14987046218227329027080984029949561275408794766325730526435811581087168625932,0.359999,0.376568,0.0,YES,2024-07-24 03:08:26+00:00,BUY,0.359999,0.376568,0.955999978755497,0.955999978755497,0.044
0x89c7c5c95445a9f858041b74268ab0af01280dde893c1739f2fb9f17fe68ba98_0x21771dda630f39290bf98c0de5816a4001031881672203814b09edfa6b793a9d,0x89c7c5c95445a9f858041b74268ab0af01280dde893c1739f2fb9f17fe68ba98,1721790598,0xff08bd196ed1c3b3faadac075cea5a0d122f311b,0xc5d563a36ae78145c45a50134d48a1215220f80a,0,14987046218227329027080984029949561275408794766325730526435811581087168625932,0.029983,0.031363,0.0,YES,2024-07-24 03:09:58+00:00,BUY,0.029983,0.031363,0.9559991072282625,0.9559991072282625,0.044001
0xc40af46f284f2273a2d6eeb1e3dff674dde2b2893412ef6edf48bb3fbe31983d_0xc27939fcc2783068561d76a4c3a9f38455e9d0cf8ac0c2b4688dc79043f20a28,0xc40af46f284f2273a2d6eeb1e3dff674dde2b2893412ef6edf48bb3fbe31983d,1721791112,0xdcc9d68a4bad9fc8becd27a03ee5b2b4feda4534,0xd2ac38eafc5812fa952fcb1e0e60eed30dc7c806,0,14987046218227329027080984029949561275408794766325730526435811581087168625932,851.145,895.0,0.0,YES,2024-07-24 03:18:32+00:00,BUY,851.145,895.0,0.951,0.951,0.049
0x0c25f4196915dc5309822efd4a304afdd9c9096ad49f7741cefabaac80f15dbf_0x9f5cb8ef76f6809e00c289f6238864906d13643bfca1c5d86d568f8355d7ab72,0x0c25f4196915dc5309822efd4a304afdd9c9096ad49f7741cefabaac80f15dbf,1721793538,0xe96c7f5f8117ca845b1013b40afccfc0672b9e22,0xd2ac38eafc5812fa952fcb1e0e60eed30dc7c806,0,14987046218227329027080984029949561275408794766325730526435811581087168625932,151.011,160.65,0.0,YES,2024-07-24 03:58:58+00:00,BUY,151.011,160.65,0.94,0.94,0.06
0x3ddd3e9b687a493797401556ab52d798a66d5893efd533456dbce13837da10f8_0xb528c0957edd912a2acbdc41e42d72560fd78adaab5f0db0d979ae192db8c6f5,0x3ddd3e9b687a493797401556ab52d798a66d5893efd533456dbce13837da10f8,1721794222,0x4143fabb553329560d4031b0120c9440080a8c6f,0xc5d563a36ae78145c45a50134d48a1215220f80a,0,14987046218227329027080984029949561275408794766325730526435811581087168625932,0.099988,0.10459,0.0,YES,2024-07-24 04:10:22+00:00,BUY,0.099988,0.10459,0.9559996175542594,0.9559996175542594,0.044
0xdfd5113ccdb7bd0e7fe431096838de0608f10c42cbe638611015b9b556ee828f_0x92cf9cb7c98bd376e822c3e1dad7854361c4ec8333bf97f2c938f26befd41ebd,0xdfd5113ccdb7bd0e7fe431096838de0608f10c42cbe638611015b9b556ee828f,1721795194,0x7b7746bf7c7446b2285b17b0be20473ec6464a6c,0xc5d563a36ae78145c45a50134d48a1215220f80a,0,14987046218227329027080984029949561275408794766325730526435811581087168625932,0.019989,0.020909,0.0,YES,2024-07-24 04:26:34+00:00,BUY,0.019989,0.020909,0.9559998086948204,0.9559998086948204,0.044
0xf1f6cce79ef292e0ea5ac5538af96b15cc2bf28ce5217037ffe5341c3f2c504d_0xe2e3ebcdd44b8f01116ac152bb04d640f600c6384b6edaa041114f934a4a4a12,0xf1f6cce79ef292e0ea5ac5538af96b15cc2bf28ce5217037ffe5341c3f2c504d,1721804396,0x351719ab7189fed412b27acc58bc76d5f82fd7c2,0xc5d563a36ae78145c45a50134d48a1215220f80a,0,14987046218227329027080984029949561275408794766325730526435811581087168625932,6.15664,6.44,0.0,YES,2024-07-24 06:59:56+00:00,BUY,6.15664,6.44,0.956,0.956,0.044
0xb62e1386975af6b0ba5050da531a1f50a66cafc104b7bc8604e93ffb31fb9f85_0x5925e9eb5df0627f23b4ec92e86df01366d231c50c35125df5c93537cc82cb4f,0xb62e1386975af6b0ba5050da531a1f50a66cafc104b7bc8604e93ffb31fb9f85,1721806876,0xb39be320d84c00ee34734ad001a63690c516d874,0xc5d563a36ae78145c45a50134d48a1215220f80a,0,14987046218227329027080984029949561275408794766325730526435811581087168625932,0.009992,0.010441,0.0,YES,2024-07-24 07:41:16+00:00,BUY,0.009992,0.010441,0.9569964562781341,0.9569964562781341,0.043004
0x9ff154bc02121d450e6819bdeee18ffee169cbad403783d083d1249a4070e673_0x5180759788b05323da699c1e1c3a3786f8f8e198936bc3e67630eaa0f57cd4be,0x9ff154bc02121d450e6819bdeee18ffee169cbad403783d083d1249a4070e673,1721807768,0xf30b3173f285a5d4760dd36def6e5653555f864b,0xc5d563a36ae78145c45a50134d48a1215220f80a,14987046218227329027080984029949561275408794766325730526435811581087168625932,0,106.78,100.3882,0.0,YES,2024-07-24 07:56:08+00:00,SELL,100.3882,106.78,0.9401404757445214,0.9401404757445214,0.05986
0xab5e51cbdeaf0e5afb119398c757047f0bc935853272e59724e3fd6f4d14ceb2_0xdd072935d51a5a33f29340a500c5f7c1bcf20d9329f63fa64b4e957d86197a02,0xab5e51cbdeaf0e5afb119398c757047f0bc935853272e59724e3fd6f4d14ceb2,1721813512,0xd659764661db2d18e5ad7131500f79869dea2b4d,0xc5d563a36ae78145c45a50134d48a1215220f80a,0,14987046218227329027080984029949561275408794766325730526435811581087168625932,105.71999,110.470209,0.0,YES,2024-07-24 09:31:52+00:00,BUY,105.71999,110.470209,0.9569999998823212,0.9569999998823212,0.043
0x85c5eec1209a188f91ca28256b47d5c505b5eb4f85b6dacea1123e57258b1203_0x4c8a2f249a297f4027245bcd2cc154921f4e466e43d7d0835072a2b1478caa47,0x85c5eec1209a188f91ca28256b47d5c505b5eb4f85b6dacea1123e57258b1203,1721813690,0xa668c1c276f162a5233ee3195bc4c62acc778092,0xc5d563a36ae78145c45a50134d48a1215220f80a,0,14987046218227329027080984029949561275408794766325730526435811581087168625932,90.339998,94.399162,0.0,YES,2024-07-24 09:34:50+00:00,BUY,90.339998,94.399162,0.9569999996398272,0.9569999996398272,0.043
0x1bc4a90bd401d099bc9c4417703c6419854a6f118f5de5247bfbfc3e9ffb85ab_0xc1a0634eb29956e77320b7acd2d8ff2376bb32b970e8a0ae04916901871f8894,0x1bc4a90bd401d099bc9c4417703c6419854a6f118f5de5247bfbfc3e9ffb85ab,1721815354,0xa92f8bb1bb2ec88649cf64499c236e706e8e93cd,0xc5d563a36ae78145c45a50134d48a1215220f80a,0,14987046218227329027080984029949561275408794766325730526435811581087168625932,100.499978,105.015651,0.0,YES,2024-07-24 10:02:34+00:00,BUY,100.499978,105.015651,0.9569999999333432,0.9569999999333432,0.043
0x215a5b20799a6e9eaf2910680aaab17f729c2baff8f9d729026211b7fe12b26d_0x21545d181ea561f36c64f4cfa7c8bcde0005ab7f9abe095608959a5f59846c24,0x215a5b20799a6e9eaf2910680aaab17f729c2baff8f9d729026211b7fe12b26d,1721817094,0xe8f85619f4b405687876e5045b1a3bb4cf5dd47f,0xc5d563a36ae78145c45a50134d48a1215220f80a,0,14987046218227329027080984029949561275408794766325730526435811581087168625932,58.969983,61.619627,0.0,YES,2024-07-24 10:31:34+00:00,BUY,58.969983,61.619627,0.9569999993670848,0.9569999993670848,0.043
0x33f7f5ceefa201af92c28b3294908ffa034f87129a8cc053474920ef6681ea1b_0xdc8fd7f4e5c32e3b01bef7d23886724c4b30b8876051f1b250d7a7f99ff4e04c,0x33f7f5ceefa201af92c28b3294908ffa034f87129a8cc053474920ef6681ea1b,1721825584,0x224b255eaa3279ceb77330317d3c38ee8e73f6b8,0xc5d563a36ae78145c45a50134d48a1215220f80a,14987046218227329027080984029949561275408794766325730526435811581087168625932,0,160.95,151.9368,0.0,YES,2024-07-24 12:53:04+00:00,SELL,151.9368,160.95,0.9440000000000001,0.9440000000000001,0.056
0xa30774925439eb19119d5d331f44c1f523d11b8e3896f66b7f021862d18dae6d_0x396f1b612d05bf0bf8030259be3b52f4631d3006774bb7a363105ffda4918f14,0xa30774925439eb19119d5d331f44c1f523d11b8e3896f66b7f021862d18dae6d,1721828050,0xdcc9d68a4bad9fc8becd27a03ee5b2b4feda4534,0x843409738e5533ce49d5f45d024b88ee61da34b9,0,14987046218227329027080984029949561275408794766325730526435811581087168625932,379.1052,399.9,0.0,YES,2024-07-24 13:34:10+00:00,BUY,379.1052,399.9,0.9480000000000001,0.9480000000000001,0.052
0xb68007f34c0ce42342772e961f87cdff11412fe41b2fc645dd8f107605441f5d_0x555f5ee25f06b9c144d3aebbe734ecb5a7c922efb057d9c0a448f07c09e1329e,0xb68007f34c0ce42342772e961f87cdff11412fe41b2fc645dd8f107605441f5d,1721836415,0x4ce73141dbfce41e65db3723e31059a730f0abad,0xc5d563a36ae78145c45a50134d48a1215220f80a,14987046218227329027080984029949561275408794766325730526435811581087168625932,0,3.0,2.832,0.0,YES,2024-07-24 15:53:35+00:00,SELL,2.832,3.0,0.944,0.944,0.056
0xb6d9a8275928fec7c72bbb3f3bfd842152d0efdd51ed8f432e83560c6225fd76_0xb08629f96628248a61f767cc6f025f76c8692269f8a9001b0055461815c859c0,0xb6d9a8275928fec7c72bbb3f3bfd842152d0efdd51ed8f432e83560c6225fd76,1721836429,0xdcc9d68a4bad9fc8becd27a03ee5b2b4feda4534,0x843409738e5533ce49d5f45d024b88ee61da34b9,0,14987046218227329027080984029949561275408794766325730526435811581087168625932,363.825,385.0,0.0,YES,2024-07-24 15:53:49+00:00,BUY,363.825,385.0,0.945,0.945,0.055
0xa1b42b60db1542bb59bd4163babbd26c3b7436dda075b46079e200c00b6dee83_0x7ed153d9eca90322de2b03843dd5886ebf6d15c0762efda6147648f046417399,0xa1b42b60db1542bb59bd4163babbd26c3b7436dda075b46079e200c00b6dee83,1721837281,0xd72753dae1cb01011c1e69af78ee1f9494bbecce,0xc5d563a36ae78145c45a50134d48a1215220f80a,14987046218227329027080984029949561275408794766325730526435811581087168625932,0,130.74,123.5493,0.0,YES,2024-07-24 16:08:01+00:00,SELL,123.5493,130.74,0.945,0.945,0.055
0x984abdb181fc753bc2a8419878eb47798bb03f9dad629d7a584be70506940b64_0xb08629f96628248a61f767cc6f025f76c8692269f8a9001b0055461815c859c0,0x984abdb181fc753bc2a8419878eb47798bb03f9dad629d7a584be70506940b64,1721837403,0xdcc9d68a4bad9fc8becd27a03ee5b2b4feda4534,0x843409738e5533ce49d5f45d024b88ee61da34b9,0,14987046218227329027080984029949561275408794766325730526435811581087168625932,114.345,121.0,0.0,YES,2024-07-24 16:10:03+00:00,BUY,114.345,121.0,0.945,0.945,0.055
0xe8806b262f14b8ff73c80380c4856b65d1d6a3ae4246eb7bb1d24373367cc6ad_0x9cc1c9efccedacef70c99662f9c8fdd025f8f71c536169a286522e1cde2ff32f,0xe8806b262f14b8ff73c80380c4856b65d1d6a3ae4246eb7bb1d24373367cc6ad,1721837511,0xfa1c66c8d0ec9115a5bfda4a9af57c44d3ba33c1,0x843409738e5533ce49d5f45d024b88ee61da34b9,0,14987046218227329027080984029949561275408794766325730526435811581087168625932,44.3208,46.95,0.0,YES,2024-07-24 16:11:51+00:00,BUY,44.3208,46.95,0.944,0.944,0.056
0xdbd41761ff0737045b805a3c9abb1d541ec3d6f6e9ee5771eacd6e70856baf20_0x399ae6e940dd71432b156a0f6fc125c9967e3d7eecfd9834906afc7502726e24,0xdbd41761ff0737045b805a3c9abb1d541ec3d6f6e9ee5771eacd6e70856baf20,1721840453,0xdcc9d68a4bad9fc8becd27a03ee5b2b4feda4534,0x9c7daff8754624857b6850788ba0c5d72c958407,0,14987046218227329027080984029949561275408794766325730526435811581087168625932,162.413793,172.413792,0.0,YES,2024-07-24 17:00:53+00:00,BUY,162.413793,172.413792,0.9420000054288,0.9420000054288,0.058
0x49347dfea73e4327430e611f5e9f18d166a66325f81143447778c843999f5959_0x13d432a4d519d2005991ccf1853f36c157723ca0fc5be821c315ef2f155ccb31,0x49347dfea73e4327430e611f5e9f18d166a66325f81143447778c843999f5959,1721844467,0x23555f0155ccd648c53b33ffe1f0de4024cc9992,0xc5d563a36ae78145c45a50134d48a1215220f80a,14987046218227329027080984029949561275408794766325730526435811581087168625932,0,108.55,102.2541,0.0,YES,2024-07-24 18:07:47+00:00,SELL,102.2541,108.55,0.942,0.942,0.058
0x265422957532f31edd527a6af119c78f00c42a65479b3ef9dc7f2f857c304c6a_0x399ae6e940dd71432b156a0f6fc125c9967e3d7eecfd9834906afc7502726e24,0x265422957532f31edd527a6af119c78f00c42a65479b3ef9dc7f2f857c304c6a,1721844743,0xdcc9d68a4bad9fc8becd27a03ee5b2b4feda4534,0x843409738e5533ce49d5f45d024b88ee61da34b9,0,14987046218227329027080984029949561275408794766325730526435811581087168625932,159.198,169.0,0.0,YES,2024-07-24 18:12:23+00:00,BUY,159.198,169.0,0.9420000000000001,0.9420000000000001,0.058
0x0203ee6c7c814448332329d8d30b7fbf2dc9ae9c6fe778a757b04bbf35044c41_0x9f5cb8ef76f6809e00c289f6238864906d13643bfca1c5d86d568f8355d7ab72,0x0203ee6c7c814448332329d8d30b7fbf2dc9ae9c6fe778a757b04bbf35044c41,1721844783,0xe96c7f5f8117ca845b1013b40afccfc0672b9e22,0x843409738e5533ce49d5f45d024b88ee61da34b9,0,14987046218227329027080984029949561275408794766325730526435811581087168625932,529.22,563.0,0.0,YES,2024-07-24 18:13:03+00:00,BUY,529.22,563.0,0.9400000000000001,0.9400000000000001,0.06
0x8e0d2db6a5161b656f1b2e427d8e42c69913d01541c9a5f8e7246a6a3568e0ed_0x938d4060e74d75e5593d3083e94f1b656609d638b0df446367e15ea7a15249cb,0x8e0d2db6a5161b656f1b2e427d8e42c69913d01541c9a5f8e7246a6a3568e0ed,1721844833,0xd42f6a1634a3707e27cbae14ca966068e5d1047d,0x843409738e5533ce49d5f45d024b88ee61da34b9,0,14987046218227329027080984029949561275408794766325730526435811581087168625932,103.896,111.0,0.0,YES,2024-07-24 18:13:53+00:00,BUY,103.896,111.0,0.936,0.936,0.064
0x8ad165e85599cee0bcb2d049f396e54ff99bac35861a395331f6ec65baaace3c_0x9cf4c58d221e76eee4527f84d0eb217c6684f2312790cb4b57a54d4bfaa5ca07,0x8ad165e85599cee0bcb2d049f396e54ff99bac35861a395331f6ec65baaace3c,1721844859,0xfa1c66c8d0ec9115a5bfda4a9af57c44d3ba33c1,0xe47f31fc9a787556b216d6ce82f3844e1b0a99a1,14987046218227329027080984029949561275408794766325730526435811581087168625932,0,1.25395,1.189998,0.0,YES,2024-07-24 18:14:19+00:00,SELL,1.189998,1.25395,0.9489995613860202,0.9489995613860202,0.051
0x85db1a53a180ccee8372d039f26c2a9f66fdbe02a59e549a3ae66955872edb3a_0x9e407efcb4546195afad288fac92d8389889cc952d40f11f25e1c00a510fa72a,0x85db1a53a180ccee8372d039f26c2a9f66fdbe02a59e549a3ae66955872edb3a,1721848899,0x9d84ce0306f8551e02efef1680475fc0f1dc1344,0x31c0be675821d6cd8c28aa7b3f43d3930cc81542,0,14987046218227329027080984029949561275408794766325730526435811581087168625932,46.75,50.0,0.0,YES,2024-07-24 19:21:39+00:00,BUY,46.75,50.0,0.935,0.935,0.065
0xac2e88ede0baa1ad60e7936fdae74a59b364f917dbeea245218f5dd5be76cdb9_0xf542a0ce2f36b313572207a5e42fbf2ba83f41bde757d82d7970e8e600d06abd,0xac2e88ede0baa1ad60e7936fdae74a59b364f917dbeea245218f5dd5be76cdb9,1721848917,0xe47f31fc9a787556b216d6ce82f3844e1b0a99a1,0xc5d563a36ae78145c45a50134d48a1215220f80a,0,14987046218227329027080984029949561275408794766325730526435811581087168625932,0.049999,0.052909,0.0,YES,2024-07-24 19:21:57+00:00,BUY,0.049999,0.052909,0.9449999054981195,0.9449999054981195,0.055
0x24d049b810acbe174361628ff65870f97000c9ea9d637f005c9a91f74a4a4b61_0x9e407efcb4546195afad288fac92d8389889cc952d40f11f25e1c00a510fa72a,0x24d049b810acbe174361628ff65870f97000c9ea9d637f005c9a91f74a4a4b61,1721848995,0x9d84ce0306f8551e02efef1680475fc0f1dc1344,0x31c0be675821d6cd8c28aa7b3f43d3930cc81542,0,14987046218227329027080984029949561275408794766325730526435811581087168625932,18.7,20.0,0.0,YES,2024-07-24 19:23:15+00:00,BUY,18.7,20.0,0.9349999999999999,0.9349999999999999,0.065
0x23f412a25a5f626112e319730ffa377d4bc8440011aa0548d7dcd9905f7d5b34_0x0f4f8c6dcaf2811ba8cfb879b5132ac3e4da9cb832ddbe9f7a13a478fc736bda,0x23f412a25a5f626112e319730ffa377d4bc8440011aa0548d7dcd9905f7d5b34,1721849017,0xe47f31fc9a787556b216d6ce82f3844e1b0a99a1,0xc5d563a36ae78145c45a50134d48a1215220f80a,0,14987046218227329027080984029949561275408794766325730526435811581087168625932,0.019999,0.021163,0.0,YES,2024-07-24 19:23:37+00:00,BUY,0.019999,0.021163,0.9449983461702026,0.9449983461702026,0.055002
0xc4cedca913ea6e480f61876de6bab0338917809f1c59c46cbf3ec27b7eab1da0_0x9e407efcb4546195afad288fac92d8389889cc952d40f11f25e1c00a510fa72a,0xc4cedca913ea6e480f61876de6bab0338917809f1c59c46cbf3ec27b7eab1da0,1721851741,0x9d84ce0306f8551e02efef1680475fc0f1dc1344,0x7effc7f15da56e2f9113d950180b2024d47201f9,0,14987046218227329027080984029949561275408794766325730526435811581087168625932,143.846153,153.846152,0.0,YES,2024-07-24 20:09:01+00:00,BUY,143.846153,153.846152,0.9350000057200001,0.9350000057200001,0.065
0x6028fd41ea63b3c13c8013de32db8f631ac64a55b5445803137ecf0cb5a5b657_0xd3572f4f2a8d3daf9b4a7ff086bfe71cebfb2facc7b6f3339c2325b901412487,0x6028fd41ea63b3c13c8013de32db8f631ac64a55b5445803137ecf0cb5a5b657,1721851763,0xe47f31fc9a787556b216d6ce82f3844e1b0a99a1,0xc5d563a36ae78145c45a50134d48a1215220f80a,0,14987046218227329027080984029949561275408794766325730526435811581087168625932,0.169988,0.180263,0.0,YES,2024-07-24 20:09:23+00:00,BUY,0.169988,0.180263,0.9429999500729489,0.9429999500729489,0.057
0xecbed5db9cda3a5851cc2168703507f1a8a9addcdef28a82679ee0455ba90db6_0xdf862c613352f116ed643b082d029e5035e884d3262359eedcab88924dbe669b,0xecbed5db9cda3a5851cc2168703507f1a8a9addcdef28a82679ee0455ba90db6,1721852537,0xf7868a9111a557daaf73386927b139265c7173cc,0xc5d563a36ae78145c45a50134d48a1215220f80a,0,14987046218227329027080984029949561275408794766325730526435811581087168625932,94.3,100.0,0.0,YES,2024-07-24 20:22:17+00:00,BUY,94.3,100.0,0.943,0.943,0.057
0xd80fcd1cc6798b788162686e9bb3fd1716b1a1c3eda3400fcd20ce0fe18bdcc3_0x52591f8b09f51db9a4a2674b03555e938f222550275dc2d15bc00ba3354925ed,0xd80fcd1cc6798b788162686e9bb3fd1716b1a1c3eda3400fcd20ce0fe18bdcc3,1721852975,0xf7868a9111a557daaf73386927b139265c7173cc,0x843409738e5533ce49d5f45d024b88ee61da34b9,0,14987046218227329027080984029949561275408794766325730526435811581087168625932,187.4,200.0,0.0,YES,2024-07-24 20:29:35+00:00,BUY,187.4,200.0,0.937,0.937,0.063
0x3104eaef022e843c88c031969130dcc7c2deacb4ab3e19d74172df052424a506_0x9e407efcb4546195afad288fac92d8389889cc952d40f11f25e1c00a510fa72a,0x3104eaef022e843c88c031969130dcc7c2deacb4ab3e19d74172df052424a506,1721853059,0x9d84ce0306f8551e02efef1680475fc0f1dc1344,0x843409738e5533ce49d5f45d024b88ee61da34b9,0,14987046218227329027080984029949561275408794766325730526435811581087168625932,1014.475,1085.0,0.0,YES,2024-07-24 20:30:59+00:00,BUY,1014.475,1085.0,0.935,0.935,0.065
0x9cd338cb7004fb88dfe2c9256950c44eb3b3bf655d8eee84e3b8ab37d05dacff_0xd62ed5429f938b1c6b69d3b4aa9284b6a996210b6005c64026e520b758932fc4,0x9cd338cb7004fb88dfe2c9256950c44eb3b3bf655d8eee84e3b8ab37d05dacff,1721854497,0xf7868a9111a557daaf73386927b139265c7173cc,0xc5d563a36ae78145c45a50134d48a1215220f80a,14987046218227329027080984029949561275408794766325730526435811581087168625932,0,300.0,280.5,0.0,YES,2024-07-24 20:54:57+00:00,SELL,280.5,300.0,0.935,0.935,0.065
0x15bbbf0afc994dd626d19e8d902d06bdec5c6381de75911a435dec8c5f720fc2_0xeee4fb1199ca46a04777f936b6f8d3cf1f6ff67f622879c371b575f0f866dbbc,0x15bbbf0afc994dd626d19e8d902d06bdec5c6381de75911a435dec8c5f720fc2,1721855631,0x2370d48501dbbe1974b6cf228e77d459f4870e10,0xc5d563a36ae78145c45a50134d48a1215220f80a,71914038773350234130553415116948415426792971631252265695143324140554345804068,0,100.18,6.41152,0.0,NO,2024-07-24 21:13:51+00:00,SELL,6.41152,100.18,0.064,0.936,0.064
0xf99e349b033ffe543ac4839fdb802883dd65342d1675afa7b6787b031b7bf139_0x2b201869e5c483b231ea175865bd40e8e7e65c59c2bc20d7a655e6aea4d30007,0xf99e349b033ffe543ac4839fdb802883dd65342d1675afa7b6787b031b7bf139,1721857511,0x3cf3e8d5427aed066a7a5926980600f6c3cf87b3,0x21378fd64736103b01685aee2b1e5acfdc4f0677,0,14987046218227329027080984029949561275408794766325730526435811581087168625932,518.925,555.0,0.0,YES,2024-07-24 21:45:11+00:00,BUY,518.925,555.0,0.9349999999999999,0.9349999999999999,0.065
0x3572e7c50d996d088bdb80b93bb105edabb93167013764f2b1dd5dc4402ba943_0xef05990b04837c7c8eb3c4d9b350ed4caf0431b5bb6ff58bdd4ec1be7bb3164a,0x3572e7c50d996d088bdb80b93bb105edabb93167013764f2b1dd5dc4402ba943,1721863619,0x4ce73141dbfce41e65db3723e31059a730f0abad,0xc5d563a36ae78145c45a50134d48a1215220f80a,14987046218227329027080984029949561275408794766325730526435811581087168625932,0,916.72,853.46632,0.0,YES,2024-07-24 23:26:59+00:00,SELL,853.46632,916.72,0.9309999999999999,0.9309999999999999,0.069
0x15f3f9831e3619ead57f34cdedce0d49c56c1c1f099ff973d7ef455a88e64570_0xbe1d4e56f8158530b35c8a4ffb08202568743636a47e09c329be04d96cfc2dcf,0x15f3f9831e3619ead57f34cdedce0d49c56c1c1f099ff973d7ef455a88e64570,1721864789,0xb36330f2dc7fca6f718f46b02a3b7d47c5a7d147,0xc5d563a36ae78145c45a50134d48a1215220f80a,0,14987046218227329027080984029949561275408794766325730526435811581087168625932,14.04,15.0,0.0,YES,2024-07-24 23:46:29+00:00,BUY,14.04,15.0,0.9359999999999999,0.9359999999999999,0.064
0x63dd550fdf0de897fc3a5373d5a2d9fc0c2b559e659b5bb88653317af735a81e_0xbc23b34890403218fd82805498c84f0e7299bf323f5b5a04b71763ce5e9ffa03,0x63dd550fdf0de897fc3a5373d5a2d9fc0c2b559e659b5bb88653317af735a81e,1721865363,0x9e41715a30ce73ce00ecaf9bd99be03d8615cf4d,0xc5d563a36ae78145c45a50134d48a1215220f80a,14987046218227329027080984029949561275408794766325730526435811581087168625932,0,1808.0,1682.85627,0.0,YES,2024-07-24 23:56:03+00:00,SELL,1682.85627,1808.0,0.9307833351769912,0.9307833351769912,0.069217
0xd1c96a6fb4fd8fec955c75f6f8d22d56f8593ce853d1db6bbe5e0ff1545ff802_0x82041c2708136885f63a1627e8ce77d14bad87b7305851cca26e31611ff8427b,0xd1c96a6fb4fd8fec955c75f6f8d22d56f8593ce853d1db6bbe5e0ff1545ff802,1721872041,0x0867342d741a68001b0bad9aea1b44f184ec3dbe,0xc5d563a36ae78145c45a50134d48a1215220f80a,0,14987046218227329027080984029949561275408794766325730526435811581087168625932,93.999993,100.427343,0.0,YES,2024-07-25 01:47:21+00:00,BUY,93.999993,100.427343,0.9359999995220426,0.9359999995220426,0.064
0x144a300d1dee874ea8a4f1c6019c61fc70f9a0400b38551db4d7b3e356d66fa2_0x8f0f427cc4762d78a91783f705a5b60389d0408155270833705620b1e58083d4,0x144a300d1dee874ea8a4f1c6019c61fc70f9a0400b38551db4d7b3e356d66fa2,1721876293,0xf6129c47f5ef4cab25f3aa67b5e3aaac77b15700,0x21378fd64736103b01685aee2b1e5acfdc4f0677,71914038773350234130553415116948415426792971631252265695143324140554345804068,0,221.0,14.807,0.0,NO,2024-07-25 02:58:13+00:00,SELL,14.807,221.0,0.067,0.933,0.067
0xfacbbc49bcca94f67e0fd6651d49c28391491a57f20fab6cdfe1a5a9d15e6b9c_0x76b86fef26dd145db172bd09f3db41917093659dd9cf6e3776dfcb5aa3cc5c3c,0xfacbbc49bcca94f67e0fd6651d49c28391491a57f20fab6cdfe1a5a9d15e6b9c,1721876449,0x8e6aa4d6b0734f0fcff0bb37369f196426ce439e,0xc5d563a36ae78145c45a50134d48a1215220f80a,0,14987046218227329027080984029949561275408794766325730526435811581087168625932,2.099989,2.243578,0.0,YES,2024-07-25 03:00:49+00:00,BUY,2.099989,2.243578,0.935999996434267,0.935999996434267,0.064
0x7f42287b809bdf99e9a3b9166afe87b72f9185176282b9e25f4b882a3c6e625c_0xd4e069ec8e4c16adf518032836f4ec8e21034b91df9f6e8c49a4fdd02e890ea9,0x7f42287b809bdf99e9a3b9166afe87b72f9185176282b9e25f4b882a3c6e625c,1721879023,0xd90a32b10c18ff6554cba70526ce9d4b397c0e15,0xc5d563a36ae78145c45a50134d48a1215220f80a,0,14987046218227329027080984029949561275408794766325730526435811581087168625932,93.6,100.0,0.0,YES,2024-07-25 03:43:43+00:00,BUY,93.6,100.0,0.9359999999999999,0.9359999999999999,0.064
0x4f5830d1517056f18efc535cdd485d67aeaf9c9b55ab00fccf142951481cfea8_0x617524c4d60e6d22b54291ed7a86ba3cefc9c1a889e3f2b72fa41ef859ccb49a,0x4f5830d1517056f18efc535cdd485d67aeaf9c9b55ab00fccf142951481cfea8,1721879391,0x66280f9d888615eedfc330b6f254b15ad9ae4cbe,0xc5d563a36ae78145c45a50134d48a1215220f80a,0,14987046218227329027080984029949561275408794766325730526435811581087168625932,0.499999,0.534187,0.0,YES,2024-07-25 03:49:51+00:00,BUY,0.499999,0.534187,0.9359999400958842,0.9359999400958842,0.064
0xa9c1909b7900e8c6c8d1ce33f25ad6f5369d387abc018199353034e4f8a70752_0x9f5470c10eef4cdf02814346ab0669950809b86711a063b39f06a185f1404b8f,0xa9c1909b7900e8c6c8d1ce33f25ad6f5369d387abc018199353034e4f8a70752,1721881527,0x9c7daff8754624857b6850788ba0c5d72c958407,0xc5d563a36ae78145c45a50134d48a1215220f80a,71914038773350234130553415116948415426792971631252265695143324140554345804068,0,172.41,11.03424,0.0,NO,2024-07-25 04:25:27+00:00,SELL,11.03424,172.41,0.064,0.936,0.064
0xdf9dcf4e561d6031ecab978dc0e3d525301bf123864a034d7f675fc78546f852_0x03bd8e737edf1aeeb3d210be83887076a4c5dd508f42b8d17f16264c6e941224,0xdf9dcf4e561d6031ecab978dc0e3d525301bf123864a034d7f675fc78546f852,1721885752,0x01c8d0c608e5b1a69f90a8411b3160a3f2aaa2a0,0xc5d563a36ae78145c45a50134d48a1215220f80a,0,14987046218227329027080984029949561275408794766325730526435811581087168625932,9.99999,10.68375,0.0,YES,2024-07-25 05:35:52+00:00,BUY,9.99999,10.68375,0.936,0.936,0.064
0x73daabbfef0c015203999668c634b42655ecc408fcfd8605d1c34f3d065c0698_0x6ec9df8bcc38ec638347bd0b37ebc07ca849e7e95af980d7cae4054c7fb5aa7d,0x73daabbfef0c015203999668c634b42655ecc408fcfd8605d1c34f3d065c0698,1721901113,0x0e1fff959152e61f3d93315e5697ae8b37e6434f,0x843409738e5533ce49d5f45d024b88ee61da34b9,0,14987046218227329027080984029949561275408794766325730526435811581087168625932,18.66,20.0,0.0,YES,2024-07-25 09:51:53+00:00,BUY,18.66,20.0,0.933,0.933,0.067
0x809cb52c5358c4e0e2b9cd07eb101454e4ce073baa3b17dba81060b28b2d48d2_0xc41296a07df13764764b3c7d4c65a9fd9cbf45fd7eff442e2c1d24c4c1fca71a,0x809cb52c5358c4e0e2b9cd07eb101454e4ce073baa3b17dba81060b28b2d48d2,1721901147,0x9d84ce0306f8551e02efef1680475fc0f1dc1344,0x843409738e5533ce49d5f45d024b88ee61da34b9,0,14987046218227329027080984029949561275408794766325730526435811581087168625932,3110.85,3345.0,0.0,YES,2024-07-25 09:52:27+00:00,BUY,3110.85,3345.0,0.9299999999999999,0.9299999999999999,0.07
0xff3486eef890fcc287cc57a1283370155b41d0e57fc1e9108ba20d2e62bfab70_0xa77f97ad5dbebe4b70a99143afeb242185c9194abf3ef3dbd7acc7be972ed5f6,0xff3486eef890fcc287cc57a1283370155b41d0e57fc1e9108ba20d2e62bfab70,1721901151,0xe47f31fc9a787556b216d6ce82f3844e1b0a99a1,0xc5d563a36ae78145c45a50134d48a1215220f80a,0,14987046218227329027080984029949561275408794766325730526435811581087168625932,3.309988,3.536312,0.0,YES,2024-07-25 09:52:31+00:00,BUY,3.309988,3.536312,0.9359999909510247,0.9359999909510247,0.064
0x69e527e1b40f0bb74bdb8f39b5dd4b60431fadda5663e3b6e16743589996c26e_0x5e3c399c00eee7e17caf027dc682b76f74f7eaa47c432d4bd1073d2379f56b7a,0x69e527e1b40f0bb74bdb8f39b5dd4b60431fadda5663e3b6e16743589996c26e,1721901169,0xe47f31fc9a787556b216d6ce82f3844e1b0a99a1,0xc5d563a36ae78145c45a50134d48a1215220f80a,0,14987046218227329027080984029949561275408794766325730526435811581087168625932,3.879997,4.145296,0.0,YES,2024-07-25 09:52:49+00:00,BUY,3.879997,4.145296,0.9359999864907114,0.9359999864907114,0.064
0xac348920ae5f0e5856b8da7677b03e8f4679e455b5aae488cec6a17f50ef57f3_0xab39f835eced0b920ac0583b3bf3a3d1b0d51f9bc59a1261c8e5984947554971,0xac348920ae5f0e5856b8da7677b03e8f4679e455b5aae488cec6a17f50ef57f3,1721901179,0x6b7ec4ba079c0a258435ea36025f6190cd424562,0x843409738e5533ce49d5f45d024b88ee61da34b9,0,14987046218227329027080984029949561275408794766325730526435811581087168625932,1027.23246,1105.74,0.0,YES,2024-07-25 09:52:59+00:00,BUY,1027.23246,1105.74,0.9289999999999999,0.9289999999999999,0.071
0x9db3e158dc234a95b9222dcb00b6f815d6cb0fa87ac0db69b51ca8fe8fc56b89_0x0e1d618dc4f5baa6213ea9eddb78f69fcf4f6c996afdf85963cc228e5896fd35,0x9db3e158dc234a95b9222dcb00b6f815d6cb0fa87ac0db69b51ca8fe8fc56b89,1721901243,0x3cf3e8d5427aed066a7a5926980600f6c3cf87b3,0x843409738e5533ce49d5f45d024b88ee61da34b9,0,14987046218227329027080984029949561275408794766325730526435811581087168625932,204.462,222.0,0.0,YES,2024-07-25 09:54:03+00:00,BUY,204.462,222.0,0.9209999999999999,0.9209999999999999,0.079
0xf24d72f05aa4d9857b07791b41c45dedadf5b198f1b04125645151f592869d8e_0x6f1bb9cbed8df4aca717742eb2634da46b2a3a45e7ab05a410c3df38c2a57379,0xf24d72f05aa4d9857b07791b41c45dedadf5b198f1b04125645151f592869d8e,1721902099,0x182b2bd1f035abe76eeb2244b32d9ebac27ef022,0x751fb83f8ca7ea3a34672728175758055cae9fa0,14987046218227329027080984029949561275408794766325730526435811581087168625932,0,10.787485,9.999998,0.0,YES,2024-07-25 10:08:19+00:00,SELL,9.999998,10.787485,0.9269999448434922,0.9269999448434922,0.073
0x090a823922087a08992452a47649b5e9ff94fd24c0bc8372faab31d716213a97_0xa2bdeef8591dce86d8b1e19079f0d9268154221d43623b017c15157b4d5b319e,0x090a823922087a08992452a47649b5e9ff94fd24c0bc8372faab31d716213a97,1721903323,0x939b0b385fa19c9df33e547b2096964cf3895802,0xc5d563a36ae78145c45a50134d48a1215220f80a,0,14987046218227329027080984029949561275408794766325730526435811581087168625932,0.919992,0.994586,0.0,YES,2024-07-25 10:28:43+00:00,BUY,0.919992,0.994586,0.9249999497278265,0.9249999497278265,0.075
0x1e31f9fed332f62bf1f19bb3979343fd34e0e5740094d7624aaa3e47e43289ca_0x9cf7eee83f677fb50b3b457b7d30837a0cdf46a92d90dcd8aec588ba0384b355,0x1e31f9fed332f62bf1f19bb3979343fd34e0e5740094d7624aaa3e47e43289ca,1721903471,0x1668c9350fdfb0af96e77ad95498e0ff2ef4684c,0xc5d563a36ae78145c45a50134d48a1215220f80a,0,14987046218227329027080984029949561275408794766325730526435811581087168625932,29.999994,32.432426,0.0,YES,2024-07-25 10:31:11+00:00,BUY,29.999994,32.432426,0.924999998458333,0.924999998458333,0.075
0xaea4e728c1aa45a5c0fd71c2a1880d257ec3f2560d259d8a95ac8e20db9b545d_0x89a5c41f30eda9a8289cf1ec57b748e1e3d53a1c6c9843e917247ca624b81e69,0xaea4e728c1aa45a5c0fd71c2a1880d257ec3f2560d259d8a95ac8e20db9b545d,1721903515,0xf6129c47f5ef4cab25f3aa67b5e3aaac77b15700,0xf89f366b6c0b72763b5dc3280579c5f75b527015,71914038773350234130553415116948415426792971631252265695143324140554345804068,0,213.613444,25.419999,0.0,NO,2024-07-25 10:31:55+00:00,SELL,25.419999,213.613444,0.11899999608638866,0.881,0.11899999608638866
0xffc7a9cf266f2a909c10bd91fa79ca965291afd704ac83a249a8038d220fb6e5_0x3f329387aadbec1feedcbfd3952a38b02282e985bda86db361c886e431f80fee,0xffc7a9cf266f2a909c10bd91fa79ca965291afd704ac83a249a8038d220fb6e5,1721904683,0x182b2bd1f035abe76eeb2244b32d9ebac27ef022,0xe6d53d8ff4ad84669ff6e57927b531717e75bd41,14987046218227329027080984029949561275408794766325730526435811581087168625932,0,5.411254,4.999998,0.0,YES,2024-07-25 10:51:23+00:00,SELL,4.999998,5.411254,0.9239998713791665,0.9239998713791665,0.076
0xc7cd52c4b0937c4649b2846563ac354d4530240740d26cb4478d40abf72f9738_0x44b8ea402a5519e3885798587bdb801a8c695d52e2af8378e945f796bbd3486c,0xc7cd52c4b0937c4649b2846563ac354d4530240740d26cb4478d40abf72f9738,1721906101,0x7d10aa0b5ecb238ddaebc7ee50beebaab1645f3f,0x843409738e5533ce49d5f45d024b88ee61da34b9,0,14987046218227329027080984029949561275408794766325730526435811581087168625932,868.5,965.0,0.0,YES,2024-07-25 11:15:01+00:00,BUY,868.5,965.0,0.9,0.9,0.1
0x7eca904d7f5b45a8160f9a1d230244ca757aa40a0ca5a621b4d875c566c1c165_0x44b8ea402a5519e3885798587bdb801a8c695d52e2af8378e945f796bbd3486c,0x7eca904d7f5b45a8160f9a1d230244ca757aa40a0ca5a621b4d875c566c1c165,1721906101,0x7d10aa0b5ecb238ddaebc7ee50beebaab1645f3f,0xb49f468c15c49783f2664c7198a4949ade1b12e6,0,14987046218227329027080984029949561275408794766325730526435811581087168625932,31.5,35.0,0.0,YES,2024-07-25 11:15:01+00:00,BUY,31.5,35.0,0.9,0.9,0.1
0x488a597f66e70325e1fde10eb7ae20db07bf1082fdfb80b52ee0d5e66ef8e330_0xf59ec24a04f6a822c90ed219db698af151c503f1de5d2684295719fb9a65f4e2,0x488a597f66e70325e1fde10eb7ae20db07bf1082fdfb80b52ee0d5e66ef8e330,1721906453,0x182b2bd1f035abe76eeb2244b32d9ebac27ef022,0xc5d563a36ae78145c45a50134d48a1215220f80a,14987046218227329027080984029949561275408794766325730526435811581087168625932,0,83.8,73.8278,0.0,YES,2024-07-25 11:20:53+00:00,SELL,73.8278,83.8,0.881,0.881,0.119
0x5a177a3d713673501a079022e2cacbf9720f9a4b27d783bcd336dfb4d1d56553_0x86d393f8d48d83176ebedf5b751ac723c140a1ea5f4e4f3b9280d022e31ed86a,0x5a177a3d713673501a079022e2cacbf9720f9a4b27d783bcd336dfb4d1d56553,1721906929,0x5bfc0727e55860a4dbe72e9a2f8afb9883275a60,0xc5d563a36ae78145c45a50134d48a1215220f80a,0,14987046218227329027080984029949561275408794766325730526435811581087168625932,0.149999,0.17026,0.0,YES,2024-07-25 11:28:49+00:00,BUY,0.149999,0.17026,0.8809996475977916,0.8809996475977916,0.119
0xf8fb0047fbf84598fc1af8d58e529ba058d3973cd1f1c9c1c4027334fe1e70e6_0x011a8c3557cc1e914d8219163da16a2fcf00d6bae8179035fc6bf8cf3a67348f,0xf8fb0047fbf84598fc1af8d58e529ba058d3973cd1f1c9c1c4027334fe1e70e6,1721907979,0xa84bdfe6ffa8bc7dd21b5c412258062e7b765055,0xc5d563a36ae78145c45a50134d48a1215220f80a,0,14987046218227329027080984029949561275408794766325730526435811581087168625932,968.93261,1099.81,0.0,YES,2024-07-25 11:46:19+00:00,BUY,968.93261,1099.81,0.881,0.881,0.119
0xfc187953910aa154efc127027f31f771a8fec1c4aa8844691f7e7843c99d6501_0xc5f31e8086c9d9c5ea7cbabdd8a024884e8f6aea9df33e399462de974a40e901,0xfc187953910aa154efc127027f31f771a8fec1c4aa8844691f7e7843c99d6501,1721907987,0xa84bdfe6ffa8bc7dd21b5c412258062e7b765055,0xc5d563a36ae78145c45a50134d48a1215220f80a,0,14987046218227329027080984029949561275408794766325730526435811581087168625932,131.21514,148.77,0.0,YES,2024-07-25 11:46:27+00:00,BUY,131.21514,148.77,0.8819999999999999,0.8819999999999999,0.118
0xe3cfdfe08928bb5cfc05d576decc2eb811230e6d7ec7dacff8d973bad1d38200_0xe8aa91ba5162513ce17761334c3ac09b3889a07746f20655c70686c3946ed321,0xe3cfdfe08928bb5cfc05d576decc2eb811230e6d7ec7dacff8d973bad1d38200,1721908331,0x5c9547b5e31c0a038474a6956320a039b20456f8,0xc5d563a36ae78145c45a50134d48a1215220f80a,0,14987046218227329027080984029949561275408794766325730526435811581087168625932,53.429999,57.699783,0.0,YES,2024-07-25 11:52:11+00:00,BUY,53.429999,57.699783,0.925999998994797,0.925999998994797,0.074
0xc564ea39e7e07eb12fbb92463d66e17b555cac43baca20446f9815634294d3e1_0x49b89f64132bcf5afb1d3c6a036d01384511e1b3bfd2aaab883dbf5a6c89705b,0xc564ea39e7e07eb12fbb92463d66e17b555cac43baca20446f9815634294d3e1,1721908629,0x7d10aa0b5ecb238ddaebc7ee50beebaab1645f3f,0xe33c44454510bc1346df149348fa6e2c4d77f8b2,14987046218227329027080984029949561275408794766325730526435811581087168625932,0,1.855554,1.669998,0.0,YES,2024-07-25 11:57:09+00:00,SELL,1.669998,1.855554,0.8999996766464357,0.8999996766464357,0.1
0x50888545d09970b3d099e724188deb84ab22bea9303701a6c9143e7ae16391fb_0x49b89f64132bcf5afb1d3c6a036d01384511e1b3bfd2aaab883dbf5a6c89705b,0x50888545d09970b3d099e724188deb84ab22bea9303701a6c9143e7ae16391fb,1721910717,0x7d10aa0b5ecb238ddaebc7ee50beebaab1645f3f,0x843409738e5533ce49d5f45d024b88ee61da34b9,14987046218227329027080984029949561275408794766325730526435811581087168625932,0,147.0,132.3,0.0,YES,2024-07-25 12:31:57+00:00,SELL,132.3,147.0,0.9,0.9,0.1
0xe8b720a830447930ca022629979d6157789d6fc5fe763938cb12c297970d3d23_0x49b89f64132bcf5afb1d3c6a036d01384511e1b3bfd2aaab883dbf5a6c89705b,0xe8b720a830447930ca022629979d6157789d6fc5fe763938cb12c297970d3d23,1721910727,0x7d10aa0b5ecb238ddaebc7ee50beebaab1645f3f,0x063bb71b2d59a002b19eb458c5e5aa2642597328,14987046218227329027080984029949561275408794766325730526435811581087168625932,0,851.14,766.026,0.0,YES,2024-07-25 12:32:07+00:00,SELL,766.026,851.14,0.8999999999999999,0.8999999999999999,0.1
0x9294d2f3f990f0b441f79486b9665e33c3244313bb4dc2feb44d9df8ea633b1b_0xaae98859036e9a5af453d2917c6ea43f9801997c677e7641c6a755ef4ff9aa54,0x9294d2f3f990f0b441f79486b9665e33c3244313bb4dc2feb44d9df8ea633b1b,1721914024,0x2370d48501dbbe1974b6cf228e77d459f4870e10,0x44b39050013913ac3b442fa3df29e580721ade01,71914038773350234130553415116948415426792971631252265695143324140554345804068,0,574.712642,49.999999,0.0,NO,2024-07-25 13:27:04+00:00,SELL,49.999999,574.712642,0.08699999851404,0.913,0.08699999851404
0x617c883a3d1786196e2c64b309bd473d757072873520bcb8c60531d18eb9cb09_0x39cbe4541eb776772df96e8c8d392005c7bc6b974da2b8d9e27e5240b6fa5602,0x617c883a3d1786196e2c64b309bd473d757072873520bcb8c60531d18eb9cb09,1721916454,0x063bb71b2d59a002b19eb458c5e5aa2642597328,0x25c04b85aee20c8984f7e0265773c6794861cfc7,14987046218227329027080984029949561275408794766325730526435811581087168625932,0,217.155265,199.999999,0.0,YES,2024-07-25 14:07:34+00:00,SELL,199.999999,217.155265,0.9209999997006749,0.9209999997006749,0.079
0x1e4e7d3fa9189b2e8dfb834306aec5aa3d18ed3ca554a65bae4065254a67f1c0_0x113f37c172bd562881f6c574b8fb965dc06eff1fe81f2b5d77d32fd2363a4c7d,0x1e4e7d3fa9189b2e8dfb834306aec5aa3d18ed3ca554a65bae4065254a67f1c0,1721917076,0xf8ccb567e89c3240359217ebd0b5b5fe7fce5a82,0x725f5620d5287ba69a5e72cbed3fc0f2ea32c932,0,14987046218227329027080984029949561275408794766325730526435811581087168625932,388.5,444.0,0.0,YES,2024-07-25 14:17:56+00:00,BUY,388.5,444.0,0.875,0.875,0.125
0x594dcb4d4b3fa0c7bbc8503c4ac8512725dcaf28dee3a7017faab7978f8af990_0x01aa8df56831f7012fae9926bb39175da6f391bdbd23c76e9092c53eae9784e6,0x594dcb4d4b3fa0c7bbc8503c4ac8512725dcaf28dee3a7017faab7978f8af990,1721917742,0xff1768108a73e93f661ac38f0d43ec1bbac35745,0xc5d563a36ae78145c45a50134d48a1215220f80a,0,14987046218227329027080984029949561275408794766325730526435811581087168625932,299.999994,326.08695,0.0,YES,2024-07-25 14:29:02+00:00,BUY,299.999994,326.08695,0.92,0.92,0.08
0xf215a796e08018d0912be155ef66afc6aa0d5e1fc25086a2437570ade7823281_0x9b342f0b109aa649ace666dd89ff3966fdd593eb91263047b6e32c079b552765,0xf215a796e08018d0912be155ef66afc6aa0d5e1fc25086a2437570ade7823281,1721918426,0x3ff6c43f4fec5b8310054600f4f34f466b54e86e,0xc5d563a36ae78145c45a50134d48a1215220f80a,0,14987046218227329027080984029949561275408794766325730526435811581087168625932,4.999993,5.434775,0.0,YES,2024-07-25 14:40:26+00:00,BUY,4.999993,5.434775,0.9199999999999999,0.9199999999999999,0.08
0x3623b9473a67fb1ba4f93f7119ad7f32c81bcf0a5696a9f8e71d0c61244c4d6d_0x63662017c962edf974329e5f477a24f3c05d10c91ae21fa0f0b78fa448332ee5,0x3623b9473a67fb1ba4f93f7119ad7f32c81bcf0a5696a9f8e71d0c61244c4d6d,1721921442,0x7f692340bcc1d90b3ca3c8436e3973adb0279c7a,0xc5d563a36ae78145c45a50134d48a1215220f80a,0,14987046218227329027080984029949561275408794766325730526435811581087168625932,176.594,191.95,0.0,YES,2024-07-25 15:30:42+00:00,BUY,176.594,191.95,0.92,0.92,0.08
0x65a7053790b1dab6e1d3dcb1af92df8955cc793d748282259bd06c1831f5c793_0xb21ba7e337981fc698146b1ea0231e43e2ef98c5f922ae428e2435fa86d743cf,0x65a7053790b1dab6e1d3dcb1af92df8955cc793d748282259bd06c1831f5c793,1721921490,0x7f692340bcc1d90b3ca3c8436e3973adb0279c7a,0xc5d563a36ae78145c45a50134d48a1215220f80a,0,14987046218227329027080984029949561275408794766325730526435811581087168625932,313.6924,340.97,0.0,YES,2024-07-25 15:31:30+00:00,BUY,313.6924,340.97,0.92,0.92,0.08
0x53599ad0e2647162108bc55137d935f038d1e80f631447971e5156632320aaca_0x385c0163edd879391402162f74d195de10ab965ffa689df0e8bf2b7f3868c8fd,0x53599ad0e2647162108bc55137d935f038d1e80f631447971e5156632320aaca,1721921802,0x892803e617fa18c309a709addeb9fe733184cbc2,0xc5d563a36ae78145c45a50134d48a1215220f80a,0,14987046218227329027080984029949561275408794766325730526435811581087168625932,2.179992,2.382505,0.0,YES,2024-07-25 15:36:42+00:00,BUY,2.179992,2.382505,0.9149999685205277,0.9149999685205277,0.085
0xc2cac601103737a5000fe4ad14863307fda4c39a1ef9db149194d54d14f2e2c6_0x5e0b0f0d7da13acbe4462c747f071e99084906668e069ca8924f8823c9dc8e3b,0xc2cac601103737a5000fe4ad14863307fda4c39a1ef9db149194d54d14f2e2c6,1721921916,0x7f692340bcc1d90b3ca3c8436e3973adb0279c7a,0xc5d563a36ae78145c45a50134d48a1215220f80a,0,14987046218227329027080984029949561275408794766325730526435811581087168625932,123.88356,135.54,0.0,YES,2024-07-25 15:38:36+00:00,BUY,123.88356,135.54,0.914,0.914,0.086
0x1e7e4392a821976dc8442b91a3c4651f012d44c41a7be394bed4265739c3ea70_0xcdcf9eac211c9af2f4c83262b924e326d85b3c2cb24cb4d6248324a2919a3f52,0x1e7e4392a821976dc8442b91a3c4651f012d44c41a7be394bed4265739c3ea70,1721921918,0x7f692340bcc1d90b3ca3c8436e3973adb0279c7a,0xc5d563a36ae78145c45a50134d48a1215220f80a,0,14987046218227329027080984029949561275408794766325730526435811581087168625932,244.86315,267.61,0.0,YES,2024-07-25 15:38:38+00:00,BUY,244.86315,267.61,0.9149999999999999,0.9149999999999999,0.085
0x4433854af6d1242eaffd8e9f8adc5b571fb7391a97eb9676426bd9655ad34fbb_0x39cbe4541eb776772df96e8c8d392005c7bc6b974da2b8d9e27e5240b6fa5602,0x4433854af6d1242eaffd8e9f8adc5b571fb7391a97eb9676426bd9655ad34fbb,1721921928,0x063bb71b2d59a002b19eb458c5e5aa2642597328,0x7f692340bcc1d90b3ca3c8436e3973adb0279c7a,14987046218227329027080984029949561275408794766325730526435811581087168625932,0,62.96,57.98616,0.0,YES,2024-07-25 15:38:48+00:00,SELL,57.98616,62.96,0.9209999999999999,0.9209999999999999,0.079
0x797a282baec1ec9a44b90921d30a531fbb6272f316613b6b8727309f905d15a9_0x39cbe4541eb776772df96e8c8d392005c7bc6b974da2b8d9e27e5240b6fa5602,0x797a282baec1ec9a44b90921d30a531fbb6272f316613b6b8727309f905d15a9,1721922000,0x063bb71b2d59a002b19eb458c5e5aa2642597328,0x7f692340bcc1d90b3ca3c8436e3973adb0279c7a,14987046218227329027080984029949561275408794766325730526435811581087168625932,0,100.43,92.49603,0.0,YES,2024-07-25 15:40:00+00:00,SELL,92.49603,100.43,0.9209999999999999,0.9209999999999999,0.079
0x5fe0f058ef5873ad801403c72ec91138187d1126678957d7180f9daac6a325e2_0x39cbe4541eb776772df96e8c8d392005c7bc6b974da2b8d9e27e5240b6fa5602,0x5fe0f058ef5873ad801403c72ec91138187d1126678957d7180f9daac6a325e2,1721922158,0x063bb71b2d59a002b19eb458c5e5aa2642597328,0x7f692340bcc1d90b3ca3c8436e3973adb0279c7a,14987046218227329027080984029949561275408794766325730526435811581087168625932,0,65.58,60.39918,0.0,YES,2024-07-25 15:42:38+00:00,SELL,60.39918,65.58,0.921,0.921,0.079
0xc85bef6422c6e3102b76977aae7ecbbc4f86cfb900da8555fc019786a98fd20f_0x39cbe4541eb776772df96e8c8d392005c7bc6b974da2b8d9e27e5240b6fa5602,0xc85bef6422c6e3102b76977aae7ecbbc4f86cfb900da8555fc019786a98fd20f,1721923176,0x063bb71b2d59a002b19eb458c5e5aa2642597328,0x351719ab7189fed412b27acc58bc76d5f82fd7c2,14987046218227329027080984029949561275408794766325730526435811581087168625932,0,22.69,20.89749,0.0,YES,2024-07-25 15:59:36+00:00,SELL,20.89749,22.69,0.921,0.921,0.079
0x17e1e1100f9ac61e99570994568fb5e2d29cbbee82bbe097fc73099d578368c8_0x39cbe4541eb776772df96e8c8d392005c7bc6b974da2b8d9e27e5240b6fa5602,0x17e1e1100f9ac61e99570994568fb5e2d29cbbee82bbe097fc73099d578368c8,1721923942,0x063bb71b2d59a002b19eb458c5e5aa2642597328,0xd72753dae1cb01011c1e69af78ee1f9494bbecce,14987046218227329027080984029949561275408794766325730526435811581087168625932,0,502.32,462.63672,0.0,YES,2024-07-25 16:12:22+00:00,SELL,462.63672,502.32,0.921,0.921,0.079
0x77b5e7d3c655b3c835156c5ac41506e079bb826c2bb8d0acb76b7657c83ca024_0x90575485d49c1053e35f8a4e0697439bd412379234f730dc9ab613df72c97809,0x77b5e7d3c655b3c835156c5ac41506e079bb826c2bb8d0acb76b7657c83ca024,1721923946,0xd72753dae1cb01011c1e69af78ee1f9494bbecce,0xc5d563a36ae78145c45a50134d48a1215220f80a,0,14987046218227329027080984029949561275408794766325730526435811581087168625932,738.4,800.0,0.0,YES,2024-07-25 16:12:26+00:00,BUY,738.4,800.0,0.9229999999999999,0.9229999999999999,0.077
0x19c37b66d790147bae8ac6445914e7133b77c5e7d986874b3ba3f6a11d939aca_0x822d7e1a96d5c24525381127b045fa21c1f8dae6f6894fecf743a20cca88a725,0x19c37b66d790147bae8ac6445914e7133b77c5e7d986874b3ba3f6a11d939aca,1721924044,0x8debd189ffd74160f25e367bafaed61a9fea7062,0xc5d563a36ae78145c45a50134d48a1215220f80a,0,14987046218227329027080984029949561275408794766325730526435811581087168625932,409.5698,442.3,0.0,YES,2024-07-25 16:14:04+00:00,BUY,409.5698,442.3,0.9259999999999999,0.9259999999999999,0.074
0x17a44c798cc3fd0f0d0a3324fd037d52722880daac776793a2b5470f365f743a_0x1a12cc23f002da13c629cc5281b26e4f8dfae58737864b14864f1d8332868627,0x17a44c798cc3fd0f0d0a3324fd037d52722880daac776793a2b5470f365f743a,1721924274,0xdcc9d68a4bad9fc8becd27a03ee5b2b4feda4534,0xd72753dae1cb01011c1e69af78ee1f9494bbecce,14987046218227329027080984029949561275408794766325730526435811581087168625932,0,250.0,232.0,0.0,YES,2024-07-25 16:17:54+00:00,SELL,232.0,250.0,0.928,0.928,0.072
0x6d0fb00d5c99f0dd4caaba1f6c74799e7af4c8f8434a766829ccb67af8b3ac78_0xf4849b45fb555c060d027474e0b854936a1eb0e903ed3ef0f5c69e65f6f8b556,0x6d0fb00d5c99f0dd4caaba1f6c74799e7af4c8f8434a766829ccb67af8b3ac78,1721924476,0x2370d48501dbbe1974b6cf228e77d459f4870e10,0xb49f468c15c49783f2664c7198a4949ade1b12e6,71914038773350234130553415116948415426792971631252265695143324140554345804068,0,147.0,11.613,0.0,NO,2024-07-25 16:21:16+00:00,SELL,11.613,147.0,0.079,0.921,0.079
0xafc7ff9a7da860355195dd32810868a94cd654253f4c5b07a0a1962c2c37c391_0x7dae9108e75f6cdded5997690480791e8c5177284ba652a07a9dacb467e588fa,0xafc7ff9a7da860355195dd32810868a94cd654253f4c5b07a0a1962c2c37c391,1721924498,0xaaf4acafbb7980ce93631d238eb10a5c4ca67883,0xc5d563a36ae78145c45a50134d48a1215220f80a,14987046218227329027080984029949561275408794766325730526435811581087168625932,0,852.99,785.60379,0.0,YES,2024-07-25 16:21:38+00:00,SELL,785.60379,852.99,0.921,0.921,0.079
0x06ed12340bc43fc473f0675c2b00a0864767e2af01ac734e870f9ddb261a25c4_0x7dae9108e75f6cdded5997690480791e8c5177284ba652a07a9dacb467e588fa,0x06ed12340bc43fc473f0675c2b00a0864767e2af01ac734e870f9ddb261a25c4,1721925012,0xaaf4acafbb7980ce93631d238eb10a5c4ca67883,0x8debd189ffd74160f25e367bafaed61a9fea7062,14987046218227329027080984029949561275408794766325730526435811581087168625932,0,647.01,595.89621,0.0,YES,2024-07-25 16:30:12+00:00,SELL,595.89621,647.01,0.921,0.921,0.079
0x061f2c5685ef755603d07813eb7390eb56789c9d57fabef17be4f21ad502f5fa_0xb832084135c41281e0ce3763b7481ff42ee313747eea97084684ea23dc7bb8fa,0x061f2c5685ef755603d07813eb7390eb56789c9d57fabef17be4f21ad502f5fa,1721925586,0xd72753dae1cb01011c1e69af78ee1f9494bbecce,0xb49f468c15c49783f2664c7198a4949ade1b12e6,0,14987046218227329027080984029949561275408794766325730526435811581087168625932,92.0,100.0,0.0,YES,2024-07-25 16:39:46+00:00,BUY,92.0,100.0,0.92,0.92,0.08
0x313b5f790ce852d86aca502e485e58356655c27be08eed4587cdd80a60af6f25_0x5aa0f6b3fab6dabbff13da28551e0413163ddf36d867cba99e9230165ab55d96,0x313b5f790ce852d86aca502e485e58356655c27be08eed4587cdd80a60af6f25,1721926350,0xaaf4acafbb7980ce93631d238eb10a5c4ca67883,0x1c5e6c176da70bc1eef8292b9f7d89a0bf4b4c63,14987046218227329027080984029949561275408794766325730526435811581087168625932,0,269.99,249.74075,0.0,YES,2024-07-25 16:52:30+00:00,SELL,249.74075,269.99,0.9249999999999999,0.9249999999999999,0.075
0xa7d3e592e523e72f73cb7eaa3b8ac7a3246d0ce27325aeb453cc0aa66f5f4176_0x5aa0f6b3fab6dabbff13da28551e0413163ddf36d867cba99e9230165ab55d96,0xa7d3e592e523e72f73cb7eaa3b8ac7a3246d0ce27325aeb453cc0aa66f5f4176,1721928006,0xaaf4acafbb7980ce93631d238eb10a5c4ca67883,0xee36772177936f681178e29e3f598fdb362ba143,14987046218227329027080984029949561275408794766325730526435811581087168625932,0,24.583782,22.739998,0.0,YES,2024-07-25 17:20:06+00:00,SELL,22.739998,24.583782,0.9249999857629717,0.9249999857629717,0.075
0x31addad44b0f498324a6a005b19c0beb0c48e5cdfd577781b23b9b049406382a_0xb832084135c41281e0ce3763b7481ff42ee313747eea97084684ea23dc7bb8fa,0x31addad44b0f498324a6a005b19c0beb0c48e5cdfd577781b23b9b049406382a,1721928198,0xd72753dae1cb01011c1e69af78ee1f9494bbecce,0x22cbbc7d433229ee9a13ca79db2e1eae97e2d2a2,0,14987046218227329027080984029949561275408794766325730526435811581087168625932,0.115,0.125,0.0,YES,2024-07-25 17:23:18+00:00,BUY,0.115,0.125,0.92,0.92,0.08
0x2a7cbba011e3a48fe29516108f03e3e30cf9b8f892d8eaf01637b847152d9c4c_0x5aa0f6b3fab6dabbff13da28551e0413163ddf36d867cba99e9230165ab55d96,0x2a7cbba011e3a48fe29516108f03e3e30cf9b8f892d8eaf01637b847152d9c4c,1721929808,0xaaf4acafbb7980ce93631d238eb10a5c4ca67883,0x7f692340bcc1d90b3ca3c8436e3973adb0279c7a,14987046218227329027080984029949561275408794766325730526435811581087168625932,0,752.33,695.90525,0.0,YES,2024-07-25 17:50:08+00:00,SELL,695.90525,752.33,0.9249999999999999,0.9249999999999999,0.075
0x7a9df494bc2dcf915bfa5358aea095aaf050217895b83ad5cd09ab317e987ece_0xed20eba492348acfab7e30c5d2c9f7fa8991ba71eedcdb9eb31c7702a7b9ab24,0x7a9df494bc2dcf915bfa5358aea095aaf050217895b83ad5cd09ab317e987ece,1721933598,0xd72753dae1cb01011c1e69af78ee1f9494bbecce,0xb6595ce64e69ff45cc4c9a89ae1b85c7d10c65a1,0,14987046218227329027080984029949561275408794766325730526435811581087168625932,113.45679,123.456789,0.0,YES,2024-07-25 18:53:18+00:00,BUY,113.45679,123.456789,0.9190000073629,0.9190000073629,0.081
0x0fb5538b35e3cfead6601b27162de2729d4ece98385c39ba4b68705b37d8ef3d_0x0d3533b9b6f0fb659ed723ce281e1568dab2b35cd92bf38ce252f3bbd8f088f0,0x0fb5538b35e3cfead6601b27162de2729d4ece98385c39ba4b68705b37d8ef3d,1721935182,0x8debd189ffd74160f25e367bafaed61a9fea7062,0xc5d563a36ae78145c45a50134d48a1215220f80a,0,14987046218227329027080984029949561275408794766325730526435811581087168625932,432.2934,467.85,0.0,YES,2024-07-25 19:19:42+00:00,BUY,432.2934,467.85,0.924,0.924,0.076
0x162fb9ff641eaa0e16dfad9d11aa3859a243886f2291a014c506d3a5385f50f2_0x084c4234ae5bc8c3e01188677e33d282796143d072edf9de6f93b3c1875cbc95,0x162fb9ff641eaa0e16dfad9d11aa3859a243886f2291a014c506d3a5385f50f2,1721935280,0x2370d48501dbbe1974b6cf228e77d459f4870e10,0x843409738e5533ce49d5f45d024b88ee61da34b9,71914038773350234130553415116948415426792971631252265695143324140554345804068,0,467.0,37.36,0.0,NO,2024-07-25 19:21:20+00:00,SELL,37.36,467.0,0.08,0.92,0.08
0x5c62bca4f25645482d6eefb4c6a72951c1f5210d1852dd3fa093256c9336d691_0x9a5f9ce664630087ff7578e28360780c6b526aaeebb61f4896d2ddc67b390ac8,0x5c62bca4f25645482d6eefb4c6a72951c1f5210d1852dd3fa093256c9336d691,1721935536,0xdcc9d68a4bad9fc8becd27a03ee5b2b4feda4534,0x843409738e5533ce49d5f45d024b88ee61da34b9,0,14987046218227329027080984029949561275408794766325730526435811581087168625932,367.02103,399.37,0.0,YES,2024-07-25 19:25:36+00:00,BUY,367.02103,399.37,0.9189999999999999,0.9189999999999999,0.081
0xd76622d5b9333f344f1d76a371fde3251608c6ed2f48919dedb113f986029aa0_0x9a5f9ce664630087ff7578e28360780c6b526aaeebb61f4896d2ddc67b390ac8,0xd76622d5b9333f344f1d76a371fde3251608c6ed2f48919dedb113f986029aa0,1721936042,0xdcc9d68a4bad9fc8becd27a03ee5b2b4feda4534,0x3d7e30577a7e9cb2afb9756715f38c59cf70589d,0,14987046218227329027080984029949561275408794766325730526435811581087168625932,0.57897,0.63,0.0,YES,2024-07-25 19:34:02+00:00,BUY,0.57897,0.63,0.9189999999999999,0.9189999999999999,0.081
0x5465e01cd45ffdef49655610afe9a610599f486cfdbd32d1ebebba4fef939b7b_0x5fd573cb0d580e7c8b6bda416a5355e2134413db2e7e33bd05c451e5c2e247c0,0x5465e01cd45ffdef49655610afe9a610599f486cfdbd32d1ebebba4fef939b7b,1721937184,0x2c036bf4f8a7df96d492bcd331e0ef428c0d8b7b,0xc5d563a36ae78145c45a50134d48a1215220f80a,0,14987046218227329027080984029949561275408794766325730526435811581087168625932,923.99076,999.99,0.0,YES,2024-07-25 19:53:04+00:00,BUY,923.99076,999.99,0.924,0.924,0.076
0x5b8cc087e951646a2aa7bc73a98f2b0648081ec60115bcb7c707fa256bedf998_0x5aa0f6b3fab6dabbff13da28551e0413163ddf36d867cba99e9230165ab55d96,0x5b8cc087e951646a2aa7bc73a98f2b0648081ec60115bcb7c707fa256bedf998,1721938458,0xaaf4acafbb7980ce93631d238eb10a5c4ca67883,0x9b837d34ed3241abe831ebb59136f1d94bc1af9c,14987046218227329027080984029949561275408794766325730526435811581087168625932,0,1.135134,1.049998,0.0,YES,2024-07-25 20:14:18+00:00,SELL,1.049998,1.135134,0.9249991630944011,0.9249991630944011,0.075001
0xece0d9b6741914c974848f7f6ab3614e6962a016a3f411cbdcec7b4fd1c21cac_0x5aa0f6b3fab6dabbff13da28551e0413163ddf36d867cba99e9230165ab55d96,0xece0d9b6741914c974848f7f6ab3614e6962a016a3f411cbdcec7b4fd1c21cac,1721938630,0xaaf4acafbb7980ce93631d238eb10a5c4ca67883,0xd378da9d504f3fe5f3a689d38c70e6f581d815c5,14987046218227329027080984029949561275408794766325730526435811581087168625932,0,108.108107,99.999998,0.0,YES,2024-07-25 20:17:10+00:00,SELL,99.999998,108.108107,0.92499999098125,0.92499999098125,0.075
0x303ae7ac9fa7911e5a9b3f3208bd74858ff856c9cd7e8058b41aa9aedc4dfe9e_0x5aa0f6b3fab6dabbff13da28551e0413163ddf36d867cba99e9230165ab55d96,0x303ae7ac9fa7911e5a9b3f3208bd74858ff856c9cd7e8058b41aa9aedc4dfe9e,1721941643,0xaaf4acafbb7980ce93631d238eb10a5c4ca67883,0xd72753dae1cb01011c1e69af78ee1f9494bbecce,14987046218227329027080984029949561275408794766325730526435811581087168625932,0,68.94,63.7695,0.0,YES,2024-07-25 21:07:23+00:00,SELL,63.7695,68.94,0.925,0.925,0.075
0x93340edbf399fd6f2b545a8527e0ef31cefd533e333a5cf3a37c4d7ef00d8d64_0x5aa0f6b3fab6dabbff13da28551e0413163ddf36d867cba99e9230165ab55d96,0x93340edbf399fd6f2b545a8527e0ef31cefd533e333a5cf3a37c4d7ef00d8d64,1721942437,0xaaf4acafbb7980ce93631d238eb10a5c4ca67883,0x2d7304020009c461cadb1d0ab055c6293b4fc0f8,14987046218227329027080984029949561275408794766325730526435811581087168625932,0,126.702701,117.199998,0.0,YES,2024-07-25 21:20:37+00:00,SELL,117.199998,126.702701,0.924999996645691,0.924999996645691,0.075
0x5ec2302fd5ec27d2dfb34d291c97a1c083d24a4e2e5de55d1b7081e9e2367700_0x96eec7ff857552362ed13655feed8c47ca48fd76115498df9d7f6596e0af7418,0x5ec2302fd5ec27d2dfb34d291c97a1c083d24a4e2e5de55d1b7081e9e2367700,1721944803,0xfa1c66c8d0ec9115a5bfda4a9af57c44d3ba33c1,0x4ce73141dbfce41e65db3723e31059a730f0abad,0,14987046218227329027080984029949561275408794766325730526435811581087168625932,46.25,50.0,0.0,YES,2024-07-25 22:00:03+00:00,BUY,46.25,50.0,0.925,0.925,0.075
0x06d83d289150ae4d8d888eb5e6eaa641bc216e342e6b1e086f9abf17777cc522_0xc2f9b31480b285f79153622124fc7ac1925d9d10462aaca2bb7eb807d804c2a2,0x06d83d289150ae4d8d888eb5e6eaa641bc216e342e6b1e086f9abf17777cc522,1721944805,0x2370d48501dbbe1974b6cf228e77d459f4870e10,0x4ce73141dbfce41e65db3723e31059a730f0abad,71914038773350234130553415116948415426792971631252265695143324140554345804068,0,949.99,72.19924,0.0,NO,2024-07-25 22:00:05+00:00,SELL,72.19924,949.99,0.076,0.924,0.076
0x5aa879735fa214ca2759ae8d16bbe452be9ac8cdcab46323151795e60e79349c_0x923d8e2f7b332d3e3269351065522a25c863ad9ee17e7da984cb8ddccdb5d767,0x5aa879735fa214ca2759ae8d16bbe452be9ac8cdcab46323151795e60e79349c,1721944831,0x2370d48501dbbe1974b6cf228e77d459f4870e10,0x4ce73141dbfce41e65db3723e31059a730f0abad,71914038773350234130553415116948415426792971631252265695143324140554345804068,0,50.0,3.8,0.0,NO,2024-07-25 22:00:31+00:00,SELL,3.8,50.0,0.076,0.924,0.076
0x2a876dff7ef2086e6cf486de54a5082e751d5ead0f582fa279b6b7984a2a755a_0x9815f3b8229351892b15c45e1d5c05292dfa712786678464267d0d904d44d6de,0x2a876dff7ef2086e6cf486de54a5082e751d5ead0f582fa279b6b7984a2a755a,1721944835,0x77cfb716811a03a83ced6ffcfc1d9b8281930e71,0x4ce73141dbfce41e65db3723e31059a730f0abad,0,14987046218227329027080984029949561275408794766325730526435811581087168625932,184.6,200.0,0.0,YES,2024-07-25 22:00:35+00:00,BUY,184.6,200.0,0.9229999999999999,0.9229999999999999,0.077
0x8a8c89923396df0fa5acb59cb145c5fdef79967bbdd12f37462f77b6af9f5ba9_0x9815f3b8229351892b15c45e1d5c05292dfa712786678464267d0d904d44d6de,0x8a8c89923396df0fa5acb59cb145c5fdef79967bbdd12f37462f77b6af9f5ba9,1721944837,0x77cfb716811a03a83ced6ffcfc1d9b8281930e71,0x4ce73141dbfce41e65db3723e31059a730f0abad,0,14987046218227329027080984029949561275408794766325730526435811581087168625932,276.9,300.0,0.0,YES,2024-07-25 22:00:37+00:00,BUY,276.9,300.0,0.9229999999999999,0.9229999999999999,0.077
0x8c4caaf7604d1769ba5beeaf960265544891ec3ddcca7c1aa8055f7f8d99c79f_0x137c30d68418d8dba4906e0cac712685455aab10b8b46e2846ce2a1cb29af743,0x8c4caaf7604d1769ba5beeaf960265544891ec3ddcca7c1aa8055f7f8d99c79f,1721944839,0x96b59f71f635da5da031e3e93448c54fe226f5e7,0x4ce73141dbfce41e65db3723e31059a730f0abad,0,14987046218227329027080984029949561275408794766325730526435811581087168625932,920.0,1000.0,0.0,YES,2024-07-25 22:00:39+00:00,BUY,920.0,1000.0,0.92,0.92,0.08
0xcdeb1930e0a3203e8a432173e458c84e445b10de2e158525087259af0df64004_0x5ce56a81ec0c41723ddf4fb32e938155eb38b1799d3bc6b111093342ee0be316,0xcdeb1930e0a3203e8a432173e458c84e445b10de2e158525087259af0df64004,1721944841,0x77cfb716811a03a83ced6ffcfc1d9b8281930e71,0x4ce73141dbfce41e65db3723e31059a730f0abad,0,14987046218227329027080984029949561275408794766325730526435811581087168625932,459.0,500.0,0.0,YES,2024-07-25 22:00:41+00:00,BUY,459.0,500.0,0.918,0.918,0.082
0xe96e4e609c986d152eb3cda127d56ab6f6fe939d87f25413100bec5620d25ae9_0x01067e814b24756d726f7d9cc9f7beca699c06453156019b9ac64922b78e0870,0xe96e4e609c986d152eb3cda127d56ab6f6fe939d87f25413100bec5620d25ae9,1721944843,0x96b59f71f635da5da031e3e93448c54fe226f5e7,0x4ce73141dbfce41e65db3723e31059a730f0abad,0,14987046218227329027080984029949561275408794766325730526435811581087168625932,1832.0,2000.0,0.0,YES,2024-07-25 22:00:43+00:00,BUY,1832.0,2000.0,0.916,0.916,0.084
0x57ff746fd5c17b9a0d615804591ecce08e82ab1b542f86d7a68aec7324428277_0x9593b03ea276ac3fb7d830cc384db65b30f752f3ddc75eaba2999d628246ba2d,0x57ff746fd5c17b9a0d615804591ecce08e82ab1b542f86d7a68aec7324428277,1721944845,0x1e3838c3e5a04fcb5b7506ec748010e8d20d5d7f,0x4ce73141dbfce41e65db3723e31059a730f0abad,71914038773350234130553415116948415426792971631252265695143324140554345804068,0,4537.0,385.645,0.0,NO,2024-07-25 22:00:45+00:00,SELL,385.645,4537.0,0.08499999999999999,0.915,0.08499999999999999
0x8bc12c5a7e983f243b2518c4f3ac7da1f3577a0ac0e8c90a9225e407a97d6886_0x7b240b89fb305f09d180d1b970deeb94bfe5ea42b35fedeadf201a444e5b7f07,0x8bc12c5a7e983f243b2518c4f3ac7da1f3577a0ac0e8c90a9225e407a97d6886,1721946637,0x74c6703ccceaa2d83ff61ce3374524d7f95688cd,0xc5d563a36ae78145c45a50134d48a1215220f80a,0,14987046218227329027080984029949561275408794766325730526435811581087168625932,24.999997,26.939652,0.0,YES,2024-07-25 22:30:37+00:00,BUY,24.999997,26.939652,0.9279999979212799,0.9279999979212799,0.072
0xbc5d983b365b38b58797708ea549a2fc37c94e4915bd718671732f051f0df4ac_0x7ccbb988aa3a2657d2fac69d1aca04acf7b2b6d42fe43f6a367c00fbedfbf33a,0xbc5d983b365b38b58797708ea549a2fc37c94e4915bd718671732f051f0df4ac,1721946705,0xfe64f7e647a04a8dd8c7687ca6a9e201b70250f9,0xc5d563a36ae78145c45a50134d48a1215220f80a,0,14987046218227329027080984029949561275408794766325730526435811581087168625932,18.56,20.0,0.0,YES,2024-07-25 22:31:45+00:00,BUY,18.56,20.0,0.9279999999999999,0.9279999999999999,0.072
0xfd010a710109c1f766d45c68790040645e058500e6d448ad5b3baaa971299bba_0xa5a1ede12dc71b6643801dcca449db42727ade0dcc6b978e67149f63ba8fc681,0xfd010a710109c1f766d45c68790040645e058500e6d448ad5b3baaa971299bba,1721947529,0xfa1c66c8d0ec9115a5bfda4a9af57c44d3ba33c1,0x4ce73141dbfce41e65db3723e31059a730f0abad,0,14987046218227329027080984029949561275408794766325730526435811581087168625932,46.1,50.0,0.0,YES,2024-07-25 22:45:29+00:00,BUY,46.1,50.0,0.922,0.922,0.078
0xa47ea2775f763f9edfefe13778a7cebddb4ddbf89181d441e27e9fb9fe0326a4_0x89767cfe1c8967401cff2d7c1b595f0666de93576a6a21b8a0ee90a6a196f503,0xa47ea2775f763f9edfefe13778a7cebddb4ddbf89181d441e27e9fb9fe0326a4,1721947531,0x2370d48501dbbe1974b6cf228e77d459f4870e10,0x4ce73141dbfce41e65db3723e31059a730f0abad,71914038773350234130553415116948415426792971631252265695143324140554345804068,0,46.94,3.70826,0.0,NO,2024-07-25 22:45:31+00:00,SELL,3.70826,46.94,0.079,0.921,0.079
0xb2ad6aab292f1a9848b6537acce06df39cd0e7071a885ae1f2e7171ad4ff026f_0x0f8cfa3e3a5e08a3a6dacde4eb5cccfb6fa8de25833e1f0a78b98664ceeef310,0xb2ad6aab292f1a9848b6537acce06df39cd0e7071a885ae1f2e7171ad4ff026f,1721949795,0xfa1c66c8d0ec9115a5bfda4a9af57c44d3ba33c1,0x8d7060f5b61e32d470bfa2153bcd66b4b4b9cd72,14987046218227329027080984029949561275408794766325730526435811581087168625932,0,98.74,91.63072,0.0,YES,2024-07-25 23:23:15+00:00,SELL,91.63072,98.74,0.928,0.928,0.072
0xde96380095126c99ce68713ba418be706ace1e1513ff52ba00c41453e4dc5908_0x4ed7f6b7b6a09aad439f33fa36ec7bc6b312dd556c54cf0fe56b2d3a733a16d8,0xde96380095126c99ce68713ba418be706ace1e1513ff52ba00c41453e4dc5908,1721950157,0xfa1c66c8d0ec9115a5bfda4a9af57c44d3ba33c1,0xb49f468c15c49783f2664c7198a4949ade1b12e6,0,14987046218227329027080984029949561275408794766325730526435811581087168625932,45.9,50.0,0.0,YES,2024-07-25 23:29:17+00:00,BUY,45.9,50.0,0.9179999999999999,0.9179999999999999,0.082
0xf027f179567713bb252f3f11fe5f0be48baa0b1832105c0693e78f008532a882_0x34462cab2758d9752722a22378250fe6a5a86959a3ce05fd56c055c8aeb92102,0xf027f179567713bb252f3f11fe5f0be48baa0b1832105c0693e78f008532a882,1721950439,0xfa1c66c8d0ec9115a5bfda4a9af57c44d3ba33c1,0xb49f468c15c49783f2664c7198a4949ade1b12e6,0,14987046218227329027080984029949561275408794766325730526435811581087168625932,44.933,49.0,0.0,YES,2024-07-25 23:33:59+00:00,BUY,44.933,49.0,0.917,0.917,0.083
0xf1e9cc0c329cd98531e560c1f49eae54b018f7659976426bbe0069b4a4a87e68_0x34462cab2758d9752722a22378250fe6a5a86959a3ce05fd56c055c8aeb92102,0xf1e9cc0c329cd98531e560c1f49eae54b018f7659976426bbe0069b4a4a87e68,1721950527,0xfa1c66c8d0ec9115a5bfda4a9af57c44d3ba33c1,0x4ce73141dbfce41e65db3723e31059a730f0abad,0,14987046218227329027080984029949561275408794766325730526435811581087168625932,0.90783,0.99,0.0,YES,2024-07-25 23:35:27+00:00,BUY,0.90783,0.99,0.917,0.917,0.083
0xb7f7a66ddefe31b55ecb5a110a0ac5647e547b9964aaf6ef4faca5cdbcdcb459_0x99841fd306df7a8c5a0e795a1c931345f748f1dbca0e61764f5800d55d446476,0xb7f7a66ddefe31b55ecb5a110a0ac5647e547b9964aaf6ef4faca5cdbcdcb459,1721950537,0x2370d48501dbbe1974b6cf228e77d459f4870e10,0x4ce73141dbfce41e65db3723e31059a730f0abad,71914038773350234130553415116948415426792971631252265695143324140554345804068,0,224.53,18.86052,0.0,NO,2024-07-25 23:35:37+00:00,SELL,18.86052,224.53,0.084,0.916,0.084
0xac226db4aef25d47e360c16ecbc02f20882b26162cbbc6c26834eeac9d72a5c7_0x3537c61c57cde47a6bb0679b903cf86eada0d34094b3e86ea457a1189b3ed645,0xac226db4aef25d47e360c16ecbc02f20882b26162cbbc6c26834eeac9d72a5c7,1721951639,0x24c8cf69a0e0a17eee21f69d29752bfa32e823e1,0x4ce73141dbfce41e65db3723e31059a730f0abad,0,14987046218227329027080984029949561275408794766325730526435811581087168625932,406.704,444.0,0.0,YES,2024-07-25 23:53:59+00:00,BUY,406.704,444.0,0.916,0.916,0.084
0xf9d22ff226b1d1d8ffe951126935f4f5c7f7e24e8abd104025e99fc4f07b00c5_0x9593b03ea276ac3fb7d830cc384db65b30f752f3ddc75eaba2999d628246ba2d,0xf9d22ff226b1d1d8ffe951126935f4f5c7f7e24e8abd104025e99fc4f07b00c5,1721951665,0x1e3838c3e5a04fcb5b7506ec748010e8d20d5d7f,0x4ce73141dbfce41e65db3723e31059a730f0abad,71914038773350234130553415116948415426792971631252265695143324140554345804068,0,231.47,19.67495,0.0,NO,2024-07-25 23:54:25+00:00,SELL,19.67495,231.47,0.08499999999999999,0.915,0.08499999999999999
0xf0fa04daff835109f7c082d44fb2690b1f189f927771f660c04fb10881139d31_0xcf79fb53a55a3dee5013950ce52f1ef4cdda1e08d63ee973e80ffc94b10d374a,0xf0fa04daff835109f7c082d44fb2690b1f189f927771f660c04fb10881139d31,1721955124,0x8ad8fdc99324067c0630d1c4f70bc94d01c0d223,0xc5d563a36ae78145c45a50134d48a1215220f80a,0,14987046218227329027080984029949561275408794766325730526435811581087168625932,0.999997,1.077583,0.0,YES,2024-07-26 00:52:04+00:00,BUY,0.999997,1.077583,0.9279999777279337,0.9279999777279337,0.072
0xa84e48b6bfd654d0e0e4a17de52595ae4e8af8467a7027ffb8fc4ec20326edae_0x0e6baa9575553d279403243d32783a578bb5660ed74d7ad38b0e56e739167eeb,0xa84e48b6bfd654d0e0e4a17de52595ae4e8af8467a7027ffb8fc4ec20326edae,1721956588,0xfc965f524a7ff745843cc96bfa558e9b0dd222f1,0xc5d563a36ae78145c45a50134d48a1215220f80a,0,14987046218227329027080984029949561275408794766325730526435811581087168625932,4.999999,5.38793,0.0,YES,2024-07-26 01:16:28+00:00,BUY,4.999999,5.38793,0.9279999925759985,0.9279999925759985,0.072
0x16602150498843afbeb3166c6d7974d34fef7da2b058686eeb8c4a63bb1a2be9_0x30c5866cefce5072dc9735c917c05bd569646d55f74e6cbc64c139b4cf7938ad,0x16602150498843afbeb3166c6d7974d34fef7da2b058686eeb8c4a63bb1a2be9,1721957742,0x2370d48501dbbe1974b6cf228e77d459f4870e10,0x4ec4569b813e0e6e808dd99f1e3134664cf86219,71914038773350234130553415116948415426792971631252265695143324140554345804068,0,6.47,0.54348,0.0,NO,2024-07-26 01:35:42+00:00,SELL,0.54348,6.47,0.08399999999999999,0.916,0.08399999999999999
0x32da759eb516393b798f276efc4101f1b6f476f7497e9e48ce2a34ca1f284b48_0x9593b03ea276ac3fb7d830cc384db65b30f752f3ddc75eaba2999d628246ba2d,0x32da759eb516393b798f276efc4101f1b6f476f7497e9e48ce2a34ca1f284b48,1721959136,0x1e3838c3e5a04fcb5b7506ec748010e8d20d5d7f,0x4ec4569b813e0e6e808dd99f1e3134664cf86219,71914038773350234130553415116948415426792971631252265695143324140554345804068,0,35.35,3.00475,0.0,NO,2024-07-26 01:58:56+00:00,SELL,3.00475,35.35,0.08499999999999999,0.915,0.08499999999999999
0xf544bc96cfa5ce40b6df38a548261305384b9d83c18702c969111cb152836593_0x54ff128f382e47372152fac0414560fc6d9bd79845198fac26d9d1f9396c0350,0xf544bc96cfa5ce40b6df38a548261305384b9d83c18702c969111cb152836593,1721959648,0xff1768108a73e93f661ac38f0d43ec1bbac35745,0xc5d563a36ae78145c45a50134d48a1215220f80a,0,14987046218227329027080984029949561275408794766325730526435811581087168625932,834.3,900.0,0.0,YES,2024-07-26 02:07:28+00:00,BUY,834.3,900.0,0.9269999999999999,0.9269999999999999,0.073
0x4aeed7a9621f59cb5cf47baa7670c2e1f8036bc7204eb584904f162a0ca0c146_0xe01d7d127c18099d7a357269171b12ac2c95f15a3f311e747d39813b8f4ce4a1,0x4aeed7a9621f59cb5cf47baa7670c2e1f8036bc7204eb584904f162a0ca0c146,1721959728,0xff1768108a73e93f661ac38f0d43ec1bbac35745,0xc5d563a36ae78145c45a50134d48a1215220f80a,0,14987046218227329027080984029949561275408794766325730526435811581087168625932,91.773,99.0,0.0,YES,2024-07-26 02:08:48+00:00,BUY,91.773,99.0,0.9269999999999999,0.9269999999999999,0.073
0x2ee8948b749bb65e402eb3c97b056521adbd44bd596b5158d85eaadc1a9972f7_0x52a59cde1d0394201cd7176a1575235a660bd5970c9899c68d1327731ef2f712,0x2ee8948b749bb65e402eb3c97b056521adbd44bd596b5158d85eaadc1a9972f7,1721961470,0x2370d48501dbbe1974b6cf228e77d459f4870e10,0xc6208602d8a6295983ebfe0b0aeb51ce92a82da3,71914038773350234130553415116948415426792971631252265695143324140554345804068,0,999.0,78.921,0.0,NO,2024-07-26 02:37:50+00:00,SELL,78.921,999.0,0.079,0.921,0.079
0x1eec52c1c79b41a15c549c6d2199ad0004dd5e67068f8d849490f3df57bdf44a_0x411f1cd9414e06f623635fbe357139d45fa74e2feebcbeac4154285826becefb,0x1eec52c1c79b41a15c549c6d2199ad0004dd5e67068f8d849490f3df57bdf44a,1721961482,0xd6549b09a56007018080dca2cd0789e2469bd585,0xc6208602d8a6295983ebfe0b0aeb51ce92a82da3,0,14987046218227329027080984029949561275408794766325730526435811581087168625932,230.0,250.0,0.0,YES,2024-07-26 02:38:02+00:00,BUY,230.0,250.0,0.92,0.92,0.08
0xed05bc2c618218878b5a517d06b2dbc69c286e07aec646462d80f4ae2bb5270d_0x46b39a33b103fc837320fefc8ecd40e33ea61778fc49b7934a1b0dca8eed04b3,0xed05bc2c618218878b5a517d06b2dbc69c286e07aec646462d80f4ae2bb5270d,1721963149,0x762b54f45560a733cbbbb63849a42ddce5db910f,0xc5d563a36ae78145c45a50134d48a1215220f80a,0,14987046218227329027080984029949561275408794766325730526435811581087168625932,9.27,10.0,0.0,YES,2024-07-26 03:05:49+00:00,BUY,9.27,10.0,0.9269999999999999,0.9269999999999999,0.073
0x99e9bd5fce567bc90231986e5eca32fd33ad0fdabb3ebd8afbac19da0dc9c28d_0xae3d06bdadce656f06f281f911a6d889e143509ce8efb9f59881272ad554fb0e,0x99e9bd5fce567bc90231986e5eca32fd33ad0fdabb3ebd8afbac19da0dc9c28d,1721973897,0x0085ec21a8b14adbe19785241e1a4831189465d0,0xc5d563a36ae78145c45a50134d48a1215220f80a,0,14987046218227329027080984029949561275408794766325730526435811581087168625932,0.999991,1.078739,0.0,YES,2024-07-26 06:04:57+00:00,BUY,0.999991,1.078739,0.9269999508685605,0.9269999508685605,0.073
0x9301ba03f497fa5825c1114999a20c1d32ca1d269defbb3e53c098d3b16b301f_0x85e13a765b554ba7cb9e1befd4b5fdc47dfe3d7dea044306b0916c6c7c7fcedf,0x9301ba03f497fa5825c1114999a20c1d32ca1d269defbb3e53c098d3b16b301f,1721975121,0x0085ec21a8b14adbe19785241e1a4831189465d0,0xc5d563a36ae78145c45a50134d48a1215220f80a,0,14987046218227329027080984029949561275408794766325730526435811581087168625932,3.999992,4.314986,0.0,YES,2024-07-26 06:25:21+00:00,BUY,3.999992,4.314986,0.9269999949014899,0.9269999949014899,0.073
0x736d8fd57e9821be782edd8e66cbafcafd0ce6184ebd155103fbbaaadcab02ef_0x50fc1bd90a9d588ae1324b23f75a15290b95a3caa4dbf441efe615f65676f04c,0x736d8fd57e9821be782edd8e66cbafcafd0ce6184ebd155103fbbaaadcab02ef,1721976809,0xcc46337e91b360c58b9be58bcb680a2bfe826e78,0xc5d563a36ae78145c45a50134d48a1215220f80a,0,14987046218227329027080984029949561275408794766325730526435811581087168625932,4.999996,5.393739,0.0,YES,2024-07-26 06:53:29+00:00,BUY,4.999996,5.393739,0.9269999901737923,0.9269999901737923,0.073
0x233ba06ce3a84982df9f1660bdc850ca43915fb3484bfd48f733417187c20073_0xc3f8e19017154489f72b6e1e147c2609ad1b723f4be293a94c620d48d83ad839,0x233ba06ce3a84982df9f1660bdc850ca43915fb3484bfd48f733417187c20073,1721982676,0x23e784a5c21e2c33d10f7daf0a7f165ba960ae58,0xc5d563a36ae78145c45a50134d48a1215220f80a,14987046218227329027080984029949561275408794766325730526435811581087168625932,0,2.15,1.97585,0.0,YES,2024-07-26 08:31:16+00:00,SELL,1.97585,2.15,0.919,0.919,0.081
0x2e15de702a3dde804f39851d8fd3b176a39c8f284e864cd4910d52fff608c499_0xcfb145a1560b5415d3b00ea0e78c150ac1d0f7380e6f8c5e21d2293f1ab833e4,0x2e15de702a3dde804f39851d8fd3b176a39c8f284e864cd4910d52fff608c499,1721983104,0xfa1c66c8d0ec9115a5bfda4a9af57c44d3ba33c1,0x23e784a5c21e2c33d10f7daf0a7f165ba960ae58,14987046218227329027080984029949561275408794766325730526435811581087168625932,0,0.010798,0.009998,0.0,YES,2024-07-26 08:38:24+00:00,SELL,0.009998,0.010798,0.9259122059640674,0.9259122059640674,0.074088
0xd906b1503ed24bea27e895c3d308753ff5fbdbe7242d116462d95e887bdb3518_0xcfb145a1560b5415d3b00ea0e78c150ac1d0f7380e6f8c5e21d2293f1ab833e4,0xd906b1503ed24bea27e895c3d308753ff5fbdbe7242d116462d95e887bdb3518,1721983146,0xfa1c66c8d0ec9115a5bfda4a9af57c44d3ba33c1,0xf22b7b39f7272d79097872ce838397aebe1e8c9a,14987046218227329027080984029949561275408794766325730526435811581087168625932,0,3.239739,2.999998,0.0,YES,2024-07-26 08:39:06+00:00,SELL,2.999998,3.239739,0.9259999030786122,0.9259999030786122,0.074
0xf68f5a4689f118cff341a12723a912359e6cfbdd82f5738aeaa4bfdeeb427965_0x3e168dd16e05ab87500a1df769d36d4462f7e03faafbec862c98a4721b4a2bf3,0xf68f5a4689f118cff341a12723a912359e6cfbdd82f5738aeaa4bfdeeb427965,1721983892,0xaaf4acafbb7980ce93631d238eb10a5c4ca67883,0x685980600fa5b87ad3f592a8a258baaf51929361,14987046218227329027080984029949561275408794766325730526435811581087168625932,0,831.184486,770.508018,0.0,YES,2024-07-26 08:51:32+00:00,SELL,770.508018,831.184486,0.9269999993719806,0.9269999993719806,0.073
0x2757d806c033a18f20f67c828803dd4c94fae085b3667d04847c5cb3b98b2726_0x163bb93ff3fa602abd4e78c35d7da1f6a6ac0b13b9562ea9322ba66f0a21f5e7,0x2757d806c033a18f20f67c828803dd4c94fae085b3667d04847c5cb3b98b2726,1721984146,0xfe911a4e80ee71b47cd1ee690733ac4062e970ff,0x21f8a823dd33525fdce2a3677c92c35485ea6620,0,14987046218227329027080984029949561275408794766325730526435811581087168625932,50.276956,54.767925,0.0,YES,2024-07-26 08:55:46+00:00,BUY,50.276956,54.767925,0.918000015520033,0.918000015520033,0.082
0xf4e758a7a242202383f2e9be5c730ef04fe21a19a9ffcbe67284a5183d15c644_0x9d5cb3ee8356eaccc052ca2e1f7b05bfb27da5cdcd72b0bb9aca385747cf2b26,0xf4e758a7a242202383f2e9be5c730ef04fe21a19a9ffcbe67284a5183d15c644,1721985342,0xfa1c66c8d0ec9115a5bfda4a9af57c44d3ba33c1,0x43ec4b50b2e9e2c420e00869c2b53e3863564ef0,14987046218227329027080984029949561275408794766325730526435811581087168625932,0,0.215981,0.199998,0.0,YES,2024-07-26 09:15:42+00:00,SELL,0.199998,0.215981,0.925998120205018,0.925998120205018,0.074002
0x11a6b94598df2650339d61b217549419a810f0891e51f2c1f1ad5f78c07b64f4_0x9d5cb3ee8356eaccc052ca2e1f7b05bfb27da5cdcd72b0bb9aca385747cf2b26,0x11a6b94598df2650339d61b217549419a810f0891e51f2c1f1ad5f78c07b64f4,1721985856,0xfa1c66c8d0ec9115a5bfda4a9af57c44d3ba33c1,0xcc8a0bd3bf11ee8382b5caa9ea47dbab6616f91a,14987046218227329027080984029949561275408794766325730526435811581087168625932,0,49.78,46.09628,0.0,YES,2024-07-26 09:24:16+00:00,SELL,46.09628,49.78,0.9259999999999999,0.9259999999999999,0.074
0x62ef5f485331a2191eb6e32fa2a845ab70e8707610b06d1e97f78872b9f1476e_0x3e168dd16e05ab87500a1df769d36d4462f7e03faafbec862c98a4721b4a2bf3,0x62ef5f485331a2191eb6e32fa2a845ab70e8707610b06d1e97f78872b9f1476e,1721985866,0xaaf4acafbb7980ce93631d238eb10a5c4ca67883,0x5b50155bf8bfb7ff5d2f2a2738e0a1cd707150e4,14987046218227329027080984029949561275408794766325730526435811581087168625932,0,218.46,202.51242,0.0,YES,2024-07-26 09:24:26+00:00,SELL,202.51242,218.46,0.9269999999999999,0.9269999999999999,0.073
0x749172ebd0a285af65548e52b67c41dfc37ceb40d0f4a4b597ea2bc14c69ae24_0x3e168dd16e05ab87500a1df769d36d4462f7e03faafbec862c98a4721b4a2bf3,0x749172ebd0a285af65548e52b67c41dfc37ceb40d0f4a4b597ea2bc14c69ae24,1721985956,0xaaf4acafbb7980ce93631d238eb10a5c4ca67883,0xcc8a0bd3bf11ee8382b5caa9ea47dbab6616f91a,14987046218227329027080984029949561275408794766325730526435811581087168625932,0,165.76,153.65952,0.0,YES,2024-07-26 09:25:56+00:00,SELL,153.65952,165.76,0.9269999999999999,0.9269999999999999,0.073
0x52341e41bfc01af1b44cca318f4e7b024cc28fe0212f38a58df20cfbb9e95ceb_0x3e168dd16e05ab87500a1df769d36d4462f7e03faafbec862c98a4721b4a2bf3,0x52341e41bfc01af1b44cca318f4e7b024cc28fe0212f38a58df20cfbb9e95ceb,1721987146,0xaaf4acafbb7980ce93631d238eb10a5c4ca67883,0x5899a111d33a25c174671999b3cc5f337da6cc34,14987046218227329027080984029949561275408794766325730526435811581087168625932,0,0.539373,0.499998,0.0,YES,2024-07-26 09:45:46+00:00,SELL,0.499998,0.539373,0.9269985705624865,0.9269985705624865,0.073001
0x3d42fefeeba902fb720f9813735835b75df5fc402bc76013d1ed6aa9fb1f80ad_0x5525e482ac8b4dd151653dcb5cc3a4c6dae95a5d6d05727d831cede49086a0f3,0x3d42fefeeba902fb720f9813735835b75df5fc402bc76013d1ed6aa9fb1f80ad,1721987676,0xc4789219fee897ad532f05366b545fb54a200cdc,0xc5d563a36ae78145c45a50134d48a1215220f80a,0,14987046218227329027080984029949561275408794766325730526435811581087168625932,9.999999,10.799135,0.0,YES,2024-07-26 09:54:36+00:00,BUY,9.999999,10.799135,0.925999999074,0.925999999074,0.074
0x0e9a27c88fa3736a9b7414a78cda64f3dcec94b4a232014e47b87b31a9493003_0x3e168dd16e05ab87500a1df769d36d4462f7e03faafbec862c98a4721b4a2bf3,0x0e9a27c88fa3736a9b7414a78cda64f3dcec94b4a232014e47b87b31a9493003,1721996732,0xaaf4acafbb7980ce93631d238eb10a5c4ca67883,0x8df1e8deb689ab43eea50151923fd04e6567d7fb,14987046218227329027080984029949561275408794766325730526435811581087168625932,0,1.3,1.2051,0.0,YES,2024-07-26 12:25:32+00:00,SELL,1.2051,1.3,0.927,0.927,0.073
0x35e8ad19a063392db66096c45d5a36d80320c7a6f180aa6a476970c5242604c3_0x3e168dd16e05ab87500a1df769d36d4462f7e03faafbec862c98a4721b4a2bf3,0x35e8ad19a063392db66096c45d5a36d80320c7a6f180aa6a476970c5242604c3,1721997158,0xaaf4acafbb7980ce93631d238eb10a5c4ca67883,0x5b50155bf8bfb7ff5d2f2a2738e0a1cd707150e4,14987046218227329027080984029949561275408794766325730526435811581087168625932,0,499.64,463.16628,0.0,YES,2024-07-26 12:32:38+00:00,SELL,463.16628,499.64,0.9269999999999999,0.9269999999999999,0.073
0x2ec8943cbf0f0a65b7a3a76880087f81e391acd911de158788e45d51c3833cf2_0x3e168dd16e05ab87500a1df769d36d4462f7e03faafbec862c98a4721b4a2bf3,0x2ec8943cbf0f0a65b7a3a76880087f81e391acd911de158788e45d51c3833cf2,1721997986,0xaaf4acafbb7980ce93631d238eb10a5c4ca67883,0x9916c37f0aa85bacaf87275bbe6f2515eaa5a2b2,14987046218227329027080984029949561275408794766325730526435811581087168625932,0,300.0,278.1,0.0,YES,2024-07-26 12:46:26+00:00,SELL,278.1,300.0,0.927,0.927,0.073
0xd45633de29ff86807a6af86993ba3e374c368b2e8b420db0fbdfcd83c7c8eea1_0x3e168dd16e05ab87500a1df769d36d4462f7e03faafbec862c98a4721b4a2bf3,0xd45633de29ff86807a6af86993ba3e374c368b2e8b420db0fbdfcd83c7c8eea1,1721999418,0xaaf4acafbb7980ce93631d238eb10a5c4ca67883,0x62617d56180ac7f9e2a2bec5bb56bd24a6897ce4,14987046218227329027080984029949561275408794766325730526435811581087168625932,0,538.11,498.82797,0.0,YES,2024-07-26 13:10:18+00:00,SELL,498.82797,538.11,0.9269999999999999,0.9269999999999999,0.073
0xdbb4d241ce01d2e5837049dd198e4ec4a0f994df59a607b22aee7f43f01fd9d1_0xb2c5ecfd4422898f2d2cb2463f22eec79def55f38f925ec633e76a2e226d2e80,0xdbb4d241ce01d2e5837049dd198e4ec4a0f994df59a607b22aee7f43f01fd9d1,1721999848,0xf28ba8e23c081504d9a010a2b742b3eaf2a4a2ff,0xc5d563a36ae78145c45a50134d48a1215220f80a,0,14987046218227329027080984029949561275408794766325730526435811581087168625932,9.999991,10.764253,0.0,YES,2024-07-26 13:17:28+00:00,BUY,9.999991,10.764253,0.9289999965626968,0.9289999965626968,0.071
0xfd90d82483a48955d690a08c66f2fbbd2c5525cc622867326c921b8b67159501_0xf3fcd8de239256b27a12c5939773947b3641e3f7186ede3b14ac2102f4973ab5,0xfd90d82483a48955d690a08c66f2fbbd2c5525cc622867326c921b8b67159501,1722001368,0x762b54f45560a733cbbbb63849a42ddce5db910f,0xc5d563a36ae78145c45a50134d48a1215220f80a,71914038773350234130553415116948415426792971631252265695143324140554345804068,0,161.23,11.44733,0.0,NO,2024-07-26 13:42:48+00:00,SELL,11.44733,161.23,0.071,0.929,0.071
0xa145562f582a964ca49ee139a91a27805cc8b65ff7604b2ebb670a00bdb7af3f_0x38e370c96fc8316ffd0c10253f81b1c6e8b780919f2f8d0abcb2d8e0372c9208,0xa145562f582a964ca49ee139a91a27805cc8b65ff7604b2ebb670a00bdb7af3f,1722002180,0x9ba5112f397c2b6f96f8aa2a1123f8fb28b375ce,0xc5d563a36ae78145c45a50134d48a1215220f80a,0,14987046218227329027080984029949561275408794766325730526435811581087168625932,0.999996,1.076422,0.0,YES,2024-07-26 13:56:20+00:00,BUY,0.999996,1.076422,0.9289999646978602,0.9289999646978602,0.071
0xf856b8723757b5dfce5d8332934c0d9d74fadbb3d0675353ac933c5b55284d99_0x8baafeba41f334b9f21b41bddfd9c4648c9f43e5e180657f9b803d90955cc61e,0xf856b8723757b5dfce5d8332934c0d9d74fadbb3d0675353ac933c5b55284d99,1722002280,0xc6208602d8a6295983ebfe0b0aeb51ce92a82da3,0xc5d563a36ae78145c45a50134d48a1215220f80a,71914038773350234130553415116948415426792971631252265695143324140554345804068,0,28.68,2.03628,0.0,NO,2024-07-26 13:58:00+00:00,SELL,2.03628,28.68,0.07100000000000001,0.929,0.07100000000000001
0xd473a8a1cc4283a1c4529693c904be1dfe942485855ca9a962b2126bc6ff71d3_0x0109b6ec5efc3fe272013719c224c662b046b77676e5bed2491397091708a164,0xd473a8a1cc4283a1c4529693c904be1dfe942485855ca9a962b2126bc6ff71d3,1722002288,0xfa1c66c8d0ec9115a5bfda4a9af57c44d3ba33c1,0x12541e6145d65b4c178b5a3a440c4a865c3d5738,0,14987046218227329027080984029949561275408794766325730526435811581087168625932,12.69863,13.698629,0.0,YES,2024-07-26 13:58:08+00:00,BUY,12.69863,13.698629,0.9270000669410055,0.9270000669410055,0.073
0xfadfccebf81e085d800feb11e56cac1782156c098b1497550b7d2d0aa5957f6a_0x60c746526613ac36883074400e44956079cae7c4da8019b61bf3a75fb5977058,0xfadfccebf81e085d800feb11e56cac1782156c098b1497550b7d2d0aa5957f6a,1722002320,0xfa1c66c8d0ec9115a5bfda4a9af57c44d3ba33c1,0xc6208602d8a6295983ebfe0b0aeb51ce92a82da3,14987046218227329027080984029949561275408794766325730526435811581087168625932,0,13.71,12.73659,0.0,YES,2024-07-26 13:58:40+00:00,SELL,12.73659,13.71,0.9289999999999999,0.9289999999999999,0.071
0xd657e7bbb19852b1bef551bf20233b85c0deaa267aab1b3e7ed6b3781190227e_0x43f41b90063a92c8372786ba129091e5afc0de0c894f0c77b4aef1e8eac97fdd,0xd657e7bbb19852b1bef551bf20233b85c0deaa267aab1b3e7ed6b3781190227e,1722002354,0xfa1c66c8d0ec9115a5bfda4a9af57c44d3ba33c1,0x12541e6145d65b4c178b5a3a440c4a865c3d5738,0,14987046218227329027080984029949561275408794766325730526435811581087168625932,46.35,50.0,0.0,YES,2024-07-26 13:59:14+00:00,BUY,46.35,50.0,0.927,0.927,0.073
0x6a640db407f8cb213b13dd4e425fbe858de1ffca7c1c4465a4956c6b63ee4624_0x383c55209f618817b28fb72ee58bcd9af655766652f4992d22b62aa284e69b6e,0x6a640db407f8cb213b13dd4e425fbe858de1ffca7c1c4465a4956c6b63ee4624,1722002386,0xfa1c66c8d0ec9115a5bfda4a9af57c44d3ba33c1,0xc6208602d8a6295983ebfe0b0aeb51ce92a82da3,14987046218227329027080984029949561275408794766325730526435811581087168625932,0,50.0,46.45,0.0,YES,2024-07-26 13:59:46+00:00,SELL,46.45,50.0,0.929,0.929,0.071
0x1315ffb99603606f63739c6f9eb1d7007faa666d67ae16aca52fbbd014618fcc_0x92498198e45b91007a0e09f034a3c1219f562f9e725392386128d2b0253eeb02,0x1315ffb99603606f63739c6f9eb1d7007faa666d67ae16aca52fbbd014618fcc,1722002632,0x6b7ec4ba079c0a258435ea36025f6190cd424562,0x790dea5c619538391e62f3898e17dc0a7d60a023,14987046218227329027080984029949561275408794766325730526435811581087168625932,0,1.075267,0.999998,0.0,YES,2024-07-26 14:03:52+00:00,SELL,0.999998,1.075267,0.9299997116995129,0.9299997116995129,0.07
0x56e01a6113a1048b63adbc2dc6ba766629d5b3e1c3ce6b6036bce9392ac1ff70_0x83397ac7b7f2b171f3916002e70d2d0cad2b240c2b44d54eb2f942211f7276f6,0x56e01a6113a1048b63adbc2dc6ba766629d5b3e1c3ce6b6036bce9392ac1ff70,1722003192,0xc6208602d8a6295983ebfe0b0aeb51ce92a82da3,0xc5d563a36ae78145c45a50134d48a1215220f80a,71914038773350234130553415116948415426792971631252265695143324140554345804068,0,447.69,30.44292,0.0,NO,2024-07-26 14:13:12+00:00,SELL,30.44292,447.69,0.068,0.932,0.068
0x45a059c5450e58339390421a5cbdda05c609b559272e8a74d18a662d5228c8a2_0x18b7e2aaab3d1de22e5f3ea7d5a900112ffbc5f63ca93f0b0be86055325c5e5e,0x45a059c5450e58339390421a5cbdda05c609b559272e8a74d18a662d5228c8a2,1722003814,0xfcb034faade540c47ad37e582f6e0c762feac865,0xc5d563a36ae78145c45a50134d48a1215220f80a,0,14987046218227329027080984029949561275408794766325730526435811581087168625932,0.23999,0.2575,0.0,YES,2024-07-26 14:23:34+00:00,BUY,0.23999,0.2575,0.932,0.932,0.068
0x3c1286e5ed88c3607f063a9467e8f407e1a9aa729094f45ba7c7a962bb60c252_0xc8d18932df162b79cc20faf4a4dca048387cacd9c11ea59dd03ad9c79ea4d823,0x3c1286e5ed88c3607f063a9467e8f407e1a9aa729094f45ba7c7a962bb60c252,1722004560,0x81126962fc97e5a9114d15dd28559c18db38b64e,0xc5d563a36ae78145c45a50134d48a1215220f80a,0,14987046218227329027080984029949561275408794766325730526435811581087168625932,0.999994,1.072955,0.0,YES,2024-07-26 14:36:00+00:00,BUY,0.999994,1.072955,0.9319999440796678,0.9319999440796678,0.068
0xcbf6169313ccb883187bd08f365447d410178c4dd5192e1bcd97dd2ea1b7b4dd_0xe55eaf10ed6fe52fbf815cd3265a973c70565043248aefe65d916833a84dce2b,0xcbf6169313ccb883187bd08f365447d410178c4dd5192e1bcd97dd2ea1b7b4dd,1722004714,0x1e7b31804c91697460bd567352ff81d38a129374,0xc5d563a36ae78145c45a50134d48a1215220f80a,71914038773350234130553415116948415426792971631252265695143324140554345804068,0,190.0,12.64194,0.0,NO,2024-07-26 14:38:34+00:00,SELL,12.64194,190.0,0.06653652631578948,0.933463,0.06653652631578948
0xe7a96c3779ba8eebe325876be6430f0cbd0ed098384f04d48bbcea073ddba7c0_0x4a3e994a64a6c1e393c2a677a9a622a6651bb3400a06d9e690f6422fda6ed1a1,0xe7a96c3779ba8eebe325876be6430f0cbd0ed098384f04d48bbcea073ddba7c0,1722007508,0x9916c37f0aa85bacaf87275bbe6f2515eaa5a2b2,0xc5d563a36ae78145c45a50134d48a1215220f80a,0,14987046218227329027080984029949561275408794766325730526435811581087168625932,804.174,861.0,0.0,YES,2024-07-26 15:25:08+00:00,BUY,804.174,861.0,0.9339999999999999,0.9339999999999999,0.066
0x9efcb0d99c3cc19da464a1eac37a8c271215e69187e8ea5ccd25fc350c14c2be_0xb0c1911e52cfd14f80fd1fe7449fe3e8d54ae83d73e5c1a0e6888c06510839b8,0x9efcb0d99c3cc19da464a1eac37a8c271215e69187e8ea5ccd25fc350c14c2be,1722007702,0x8d7060f5b61e32d470bfa2153bcd66b4b4b9cd72,0x8debd189ffd74160f25e367bafaed61a9fea7062,14987046218227329027080984029949561275408794766325730526435811581087168625932,0,323.27,302.25745,0.0,YES,2024-07-26 15:28:22+00:00,SELL,302.25745,323.27,0.935,0.935,0.065
0xb49af26e9267e14ab1859d6edbd835247ba6e7ef2f1e7601e16b0f9af1896153_0xc3a469acf82b9b17fc80cf96e5dbcfb55c79187709168be686af807d57b040f9,0xb49af26e9267e14ab1859d6edbd835247ba6e7ef2f1e7601e16b0f9af1896153,1722008362,0x77cfb716811a03a83ced6ffcfc1d9b8281930e71,0x83f58e29f94c93600bc8db230ee27792ef808c21,14987046218227329027080984029949561275408794766325730526435811581087168625932,0,5.341879,4.999998,0.0,YES,2024-07-26 15:39:22+00:00,SELL,4.999998,5.341879,0.935999860723165,0.935999860723165,0.064
0xd28c21b7a4177eaf92bf0d8e898e7aef1e1a863b023c0df4770f3a9cb3895718_0xc3a469acf82b9b17fc80cf96e5dbcfb55c79187709168be686af807d57b040f9,0xd28c21b7a4177eaf92bf0d8e898e7aef1e1a863b023c0df4770f3a9cb3895718,1722008582,0x77cfb716811a03a83ced6ffcfc1d9b8281930e71,0x823e4a006cc417d2d7805aa0601eadc5cf7b885e,14987046218227329027080984029949561275408794766325730526435811581087168625932,0,100.0,93.6,0.0,YES,2024-07-26 15:43:02+00:00,SELL,93.6,100.0,0.9359999999999999,0.9359999999999999,0.064
0x7f8c316f0c3a7a59e34114c251177f6219bed0b0b1aeb76a1b9bb36b1e19a1c3_0x61091fbeadeec6c86c2e6f1fbe2c7070701efc69b5f57d3ce00aa6ec1f2e982e,0x7f8c316f0c3a7a59e34114c251177f6219bed0b0b1aeb76a1b9bb36b1e19a1c3,1722009068,0xd72753dae1cb01011c1e69af78ee1f9494bbecce,0xc5d563a36ae78145c45a50134d48a1215220f80a,14987046218227329027080984029949561275408794766325730526435811581087168625932,0,850.0,793.9,0.0,YES,2024-07-26 15:51:08+00:00,SELL,793.9,850.0,0.9339999999999999,0.9339999999999999,0.066
0x33964fb9129dd4f6de5293ca3f8f3038c526d20c2255c7d430d8d5776581f5eb_0x970226ebd94c97e59cd1e256c044993a338f0fac487786d00a346293975d9140,0x33964fb9129dd4f6de5293ca3f8f3038c526d20c2255c7d430d8d5776581f5eb,1722009266,0xfa1c66c8d0ec9115a5bfda4a9af57c44d3ba33c1,0x563966e887ef203440fd35135b16ba09a2b2a50d,14987046218227329027080984029949561275408794766325730526435811581087168625932,0,8.556148,7.999998,0.0,YES,2024-07-26 15:54:26+00:00,SELL,7.999998,8.556148,0.9349999555874909,0.9349999555874909,0.065
0x15f9b9080abb7e430d519680f298bbb35a5eb8b9ec23b493916761329a898c4b_0x970226ebd94c97e59cd1e256c044993a338f0fac487786d00a346293975d9140,0x15f9b9080abb7e430d519680f298bbb35a5eb8b9ec23b493916761329a898c4b,1722009598,0xfa1c66c8d0ec9115a5bfda4a9af57c44d3ba33c1,0x9916c37f0aa85bacaf87275bbe6f2515eaa5a2b2,14987046218227329027080984029949561275408794766325730526435811581087168625932,0,91.44,85.4964,0.0,YES,2024-07-26 15:59:58+00:00,SELL,85.4964,91.44,0.9349999999999999,0.9349999999999999,0.065
0x2bc6a39fc2afb0db094857aa907a1fdd1cb273d6678b041a1252e80ceb96f3f1_0xc3a469acf82b9b17fc80cf96e5dbcfb55c79187709168be686af807d57b040f9,0x2bc6a39fc2afb0db094857aa907a1fdd1cb273d6678b041a1252e80ceb96f3f1,1722010224,0x77cfb716811a03a83ced6ffcfc1d9b8281930e71,0xf0f35c6c4d501853f079dd75c53b98f04c4801ac,14987046218227329027080984029949561275408794766325730526435811581087168625932,0,10.683759,9.999998,0.0,YES,2024-07-26 16:10:24+00:00,SELL,9.999998,10.683759,0.9359999603135937,0.9359999603135937,0.064
0x9d1991c3044ee21210c2bcf217efb0fafc8971b6095d261febbe05e9ec4d724e_0xc3a469acf82b9b17fc80cf96e5dbcfb55c79187709168be686af807d57b040f9,0x9d1991c3044ee21210c2bcf217efb0fafc8971b6095d261febbe05e9ec4d724e,1722010644,0x77cfb716811a03a83ced6ffcfc1d9b8281930e71,0xaaf4acafbb7980ce93631d238eb10a5c4ca67883,14987046218227329027080984029949561275408794766325730526435811581087168625932,0,883.96,827.38656,0.0,YES,2024-07-26 16:17:24+00:00,SELL,827.38656,883.96,0.9359999999999999,0.9359999999999999,0.064
0x32c798eb7266bbee9fd21559bde0fc2282089db636c66c5671c8bd5449115642_0x7c1ffb4ff8fa40fa8337931dd8c454fe8c47c31ed88d869119ce67cf4e33c762,0x32c798eb7266bbee9fd21559bde0fc2282089db636c66c5671c8bd5449115642,1722011956,0x7f692340bcc1d90b3ca3c8436e3973adb0279c7a,0xc5d563a36ae78145c45a50134d48a1215220f80a,14987046218227329027080984029949561275408794766325730526435811581087168625932,0,250.03,234.27811,0.0,YES,2024-07-26 16:39:16+00:00,SELL,234.27811,250.03,0.9369999999999999,0.9369999999999999,0.063
0x777a7b5d709729d04690bb773e77493580862d47b105a185183bded1d9be4574_0x0a8e60470c0aaea84cfe210400d587ca471458fce66694d3114e63fa6ce6fc1e,0x777a7b5d709729d04690bb773e77493580862d47b105a185183bded1d9be4574,1722013264,0x6b7ec4ba079c0a258435ea36025f6190cd424562,0x8debd189ffd74160f25e367bafaed61a9fea7062,14987046218227329027080984029949561275408794766325730526435811581087168625932,0,408.46,383.13548,0.0,YES,2024-07-26 17:01:04+00:00,SELL,383.13548,408.46,0.938,0.938,0.062
0x7b8a0d3f338c24ddf057f49dba49568e95a9c2a51f1e40ad883f04d4dd92eb01_0x0a8e60470c0aaea84cfe210400d587ca471458fce66694d3114e63fa6ce6fc1e,0x7b8a0d3f338c24ddf057f49dba49568e95a9c2a51f1e40ad883f04d4dd92eb01,1722013894,0x6b7ec4ba079c0a258435ea36025f6190cd424562,0x1c7ea49c1b1badd8cddf6fbd3e2cbcaf7fe3a4b0,14987046218227329027080984029949561275408794766325730526435811581087168625932,0,780.01,731.64938,0.0,YES,2024-07-26 17:11:34+00:00,SELL,731.64938,780.01,0.938,0.938,0.062
0xbf1036b2b920fad7720562ed8b8ba5cae0da8c1ca1e1fa4be788c25998541dae_0x1135c807c2bc1043cce1c2fed1e2ea2d729d501f20214cae3faa8f57ec858a26,0xbf1036b2b920fad7720562ed8b8ba5cae0da8c1ca1e1fa4be788c25998541dae,1722014096,0xfcb034faade540c47ad37e582f6e0c762feac865,0xc5d563a36ae78145c45a50134d48a1215220f80a,14987046218227329027080984029949561275408794766325730526435811581087168625932,0,0.25,0.2345,0.0,YES,2024-07-26 17:14:56+00:00,SELL,0.2345,0.25,0.938,0.938,0.062
0xd31896162d760e700f9fdcc79f68b8b1e46d9f45644261d1d6b593b2f97513f3_0xbb9e2be472398499c4bc1b48c4a36f30191e2eb83294f2b3cc9d7191656c83a9,0xd31896162d760e700f9fdcc79f68b8b1e46d9f45644261d1d6b593b2f97513f3,1722014534,0xdd0a22a520624502c92c8b5138ad70669ca2c642,0xc5d563a36ae78145c45a50134d48a1215220f80a,0,14987046218227329027080984029949561275408794766325730526435811581087168625932,1642.85562,1749.58,0.0,YES,2024-07-26 17:22:14+00:00,BUY,1642.85562,1749.58,0.9390000000000001,0.9390000000000001,0.061
0xac174b7d05bc5c5136141409c0d776e2454cfd49ea117df7b2d5f3b7d49156ec_0xb5ec1efd05f5f832f77610f73fa2b312ab76dac77245578a76c03ac3a5b6a2c9,0xac174b7d05bc5c5136141409c0d776e2454cfd49ea117df7b2d5f3b7d49156ec,1722014562,0x1c7ea49c1b1badd8cddf6fbd3e2cbcaf7fe3a4b0,0xe47f31fc9a787556b216d6ce82f3844e1b0a99a1,0,14987046218227329027080984029949561275408794766325730526435811581087168625932,1.966774,2.096773,0.0,YES,2024-07-26 17:22:42+00:00,BUY,1.966774,2.096773,0.9380004416310206,0.9380004416310206,0.062
0x4c26d0cbe916e207130a395ae2f1942d1394818c5087270a485cd1da970c5fc9_0xb5ec1efd05f5f832f77610f73fa2b312ab76dac77245578a76c03ac3a5b6a2c9,0x4c26d0cbe916e207130a395ae2f1942d1394818c5087270a485cd1da970c5fc9,1722015390,0x1c7ea49c1b1badd8cddf6fbd3e2cbcaf7fe3a4b0,0xafdb0fcb16a70952daf149455e29db6c3122f554,0,14987046218227329027080984029949561275408794766325730526435811581087168625932,187.6,200.0,0.0,YES,2024-07-26 17:36:30+00:00,BUY,187.6,200.0,0.938,0.938,0.062
0x47ad1d2bf49449e0a51e58e45932845baa865c5b610023e596b3f5a61a1752cb_0x4eeaedac9f02e34c532b779f84f963e5690ea418492c0f4307441806b82eaf1b,0x47ad1d2bf49449e0a51e58e45932845baa865c5b610023e596b3f5a61a1752cb,1722016122,0x0085ec21a8b14adbe19785241e1a4831189465d0,0xc5d563a36ae78145c45a50134d48a1215220f80a,14987046218227329027080984029949561275408794766325730526435811581087168625932,0,5.39,5.05582,0.0,YES,2024-07-26 17:48:42+00:00,SELL,5.05582,5.39,0.9380000000000001,0.9380000000000001,0.062
0x7bd11fa052a09ffa20151bd4f8c4c3e77a0c123c7fc8c8522f5e8f896630acfe_0xc51743da29e04881a5e7aa17570534073849ce000d37463cd11ccd4dff778f80,0x7bd11fa052a09ffa20151bd4f8c4c3e77a0c123c7fc8c8522f5e8f896630acfe,1722016234,0x35ee1af99a2b35be5f7cc13acd8e7ba3e41a8492,0xc5d563a36ae78145c45a50134d48a1215220f80a,0,14987046218227329027080984029949561275408794766325730526435811581087168625932,0.999988,1.06495,0.0,YES,2024-07-26 17:50:34+00:00,BUY,0.999988,1.06495,0.9389999530494388,0.9389999530494388,0.061
0x5679c03bb8546516ae8fa3c4be8674557c7517b5a56ec4dcb5ed74ff4febba9d_0x6545caf92e54c367463533cbd497022b515059d44e71ad74f8d027c931d38bf1,0x5679c03bb8546516ae8fa3c4be8674557c7517b5a56ec4dcb5ed74ff4febba9d,1722016318,0xb1d69756fc86e42ca4cda14c15b9c2e971814ccd,0xc5d563a36ae78145c45a50134d48a1215220f80a,0,14987046218227329027080984029949561275408794766325730526435811581087168625932,4.99548,5.32,0.0,YES,2024-07-26 17:51:58+00:00,BUY,4.99548,5.32,0.939,0.939,0.061
0x40c6d349734ea8b71a2a991df6896c41a53175e670d57e6e5f88cfc10f89ac15_0xb5ec1efd05f5f832f77610f73fa2b312ab76dac77245578a76c03ac3a5b6a2c9,0x40c6d349734ea8b71a2a991df6896c41a53175e670d57e6e5f88cfc10f89ac15,1722020126,0x1c7ea49c1b1badd8cddf6fbd3e2cbcaf7fe3a4b0,0x03dc083a54c3340568279873f6242ae0077e78cf,0,14987046218227329027080984029949561275408794766325730526435811581087168625932,75.645161,80.64516,0.0,YES,2024-07-26 18:55:26+00:00,BUY,75.645161,80.64516,0.9380000114080002,0.9380000114080002,0.062
0x063de5819e72b1c159a44c319dc88812b483b430add39cb81ea48f614e49bdd9_0xba16ef00c22498aec9c3dc5041f775e4d5bf75fd12b66bb7af4640ea396fe026,0x063de5819e72b1c159a44c319dc88812b483b430add39cb81ea48f614e49bdd9,1722021990,0xdd0a22a520624502c92c8b5138ad70669ca2c642,0xc5d563a36ae78145c45a50134d48a1215220f80a,0,14987046218227329027080984029949561275408794766325730526435811581087168625932,4949.99484,5271.56,0.0,YES,2024-07-26 19:26:30+00:00,BUY,4949.99484,5271.56,0.939,0.939,0.061
0x6bb4e9db9df5f7c264ebb0234ddcc5f9ab06afb96b262ac0c98af82ee76d3338_0xb5ec1efd05f5f832f77610f73fa2b312ab76dac77245578a76c03ac3a5b6a2c9,0x6bb4e9db9df5f7c264ebb0234ddcc5f9ab06afb96b262ac0c98af82ee76d3338,1722022016,0x1c7ea49c1b1badd8cddf6fbd3e2cbcaf7fe3a4b0,0xe47f31fc9a787556b216d6ce82f3844e1b0a99a1,0,14987046218227329027080984029949561275408794766325730526435811581087168625932,6.051612,6.451611,0.0,YES,2024-07-26 19:26:56+00:00,BUY,6.051612,6.451611,0.9380001367100405,0.9380001367100405,0.062
0xa3a1a1e96677fb2706a51e67e361174941b03a055fd20b5cf715f783437b7bf9_0x0a8a5ac18921c50219ec6327f6ca648eb12ea995cf2110459826814da6e9af66,0xa3a1a1e96677fb2706a51e67e361174941b03a055fd20b5cf715f783437b7bf9,1722022764,0xd45dad0957ae9b7005651ef707dd4373ac71bc2c,0xc5d563a36ae78145c45a50134d48a1215220f80a,0,14987046218227329027080984029949561275408794766325730526435811581087168625932,0.099995,0.106491,0.0,YES,2024-07-26 19:39:24+00:00,BUY,0.099995,0.106491,0.9389995398672188,0.9389995398672188,0.061
0xfda519f5323ef0abf9150914321a16613933e21187e1045c18894c9978cba3c2_0x67097cb892834365be1af07532b0dc0f64308519d93d2d8c186dc2dc4c2cab75,0xfda519f5323ef0abf9150914321a16613933e21187e1045c18894c9978cba3c2,1722023354,0xd45dad0957ae9b7005651ef707dd4373ac71bc2c,0xc5d563a36ae78145c45a50134d48a1215220f80a,0,14987046218227329027080984029949561275408794766325730526435811581087168625932,0.099995,0.106491,0.0,YES,2024-07-26 19:49:14+00:00,BUY,0.099995,0.106491,0.9389995398672188,0.9389995398672188,0.061
0x1f5f1d6efa462f36becb6778d95ea259090f265e4d0fd7fdeb92ff437f68c4ee_0x916cb426d9ddecc55954898081f99cba9741c681c4a9f1ec9be0195be9d6e5d8,0x1f5f1d6efa462f36becb6778d95ea259090f265e4d0fd7fdeb92ff437f68c4ee,1722023702,0xc7bc6940e1118fa6392320db58657bae92db0e7d,0xc5d563a36ae78145c45a50134d48a1215220f80a,0,14987046218227329027080984029949561275408794766325730526435811581087168625932,0.099995,0.106491,0.0,YES,2024-07-26 19:55:02+00:00,BUY,0.099995,0.106491,0.9389995398672188,0.9389995398672188,0.061
0x70d3f7b53057c87bdb4eebbe72f68706f56159c186a2f70b442b94b5774be5c9_0xace2a6e70b579e8ba3c37429bdf47ab1013eda62a3a1128522b0ba1653cf00cb,0x70d3f7b53057c87bdb4eebbe72f68706f56159c186a2f70b442b94b5774be5c9,1722023858,0xc7bc6940e1118fa6392320db58657bae92db0e7d,0xc5d563a36ae78145c45a50134d48a1215220f80a,0,14987046218227329027080984029949561275408794766325730526435811581087168625932,0.099995,0.106491,0.0,YES,2024-07-26 19:57:38+00:00,BUY,0.099995,0.106491,0.9389995398672188,0.9389995398672188,0.061
0x6f4343d69af9087749c5da55bccd6df0270250e56341bdfde251a3057d8f4bff_0xaa42b568327dfdabf11fd49804da44a1d6234ebe788a609ddb9f67f36d0da59b,0x6f4343d69af9087749c5da55bccd6df0270250e56341bdfde251a3057d8f4bff,1722024008,0x6bd4f813091dc404809bdcd065cc81103bdc8aca,0xc5d563a36ae78145c45a50134d48a1215220f80a,0,14987046218227329027080984029949561275408794766325730526435811581087168625932,7579.63617,8072.03,0.0,YES,2024-07-26 20:00:08+00:00,BUY,7579.63617,8072.03,0.939,0.939,0.061
0xaaeb16f525ba0aab70f068a6bc40d8a391df8669232ad90047d9f0c59a91303a_0xb5ec1efd05f5f832f77610f73fa2b312ab76dac77245578a76c03ac3a5b6a2c9,0xaaeb16f525ba0aab70f068a6bc40d8a391df8669232ad90047d9f0c59a91303a,1722024040,0x1c7ea49c1b1badd8cddf6fbd3e2cbcaf7fe3a4b0,0xe47f31fc9a787556b216d6ce82f3844e1b0a99a1,0,14987046218227329027080984029949561275408794766325730526435811581087168625932,9.077419,9.677418,0.0,YES,2024-07-26 20:00:40+00:00,BUY,9.077419,9.677418,0.9380000946533468,0.9380000946533468,0.062
0x86f5d296063a7dc253ee98e19d0f331e193a39f140e56627b9f6131356172a63_0xa5cd89828278c58bbc54d91c1698afb3725f1ac3754837e1c6eacd80ec0899f9,0x86f5d296063a7dc253ee98e19d0f331e193a39f140e56627b9f6131356172a63,1722024968,0xdcc9d68a4bad9fc8becd27a03ee5b2b4feda4534,0x965a390a5a7e47d12264dfa28a06bdde77feb410,14987046218227329027080984029949561275408794766325730526435811581087168625932,0,10.222456,9.649998,0.0,YES,2024-07-26 20:16:08+00:00,SELL,9.649998,10.222456,0.9439999546097337,0.9439999546097337,0.056
0x63fbc8cc73bef09f342f2a5ef55ef3f235651fc797abd6def80d466a6c658ddb_0x9843ec1c4b0851bdb09a5d8bdd9c6d8911cfe93cd25013e8a95fbacb931a1ff6,0x63fbc8cc73bef09f342f2a5ef55ef3f235651fc797abd6def80d466a6c658ddb,1722025134,0xb36330f2dc7fca6f718f46b02a3b7d47c5a7d147,0xc5d563a36ae78145c45a50134d48a1215220f80a,14987046218227329027080984029949561275408794766325730526435811581087168625932,0,10.0,9.396,0.0,YES,2024-07-26 20:18:54+00:00,SELL,9.396,10.0,0.9396000000000001,0.9396000000000001,0.0604
0x47a79e9efeaf646d0a571d3f435a10a7a88aaa1adc5eeb72a44f386b63943def_0xa5cd89828278c58bbc54d91c1698afb3725f1ac3754837e1c6eacd80ec0899f9,0x47a79e9efeaf646d0a571d3f435a10a7a88aaa1adc5eeb72a44f386b63943def,1722025150,0xdcc9d68a4bad9fc8becd27a03ee5b2b4feda4534,0x5da4b6b72694f0c8b12b50a14f2a4e232c087ea1,14987046218227329027080984029949561275408794766325730526435811581087168625932,0,0.105931,0.099998,0.0,YES,2024-07-26 20:19:10+00:00,SELL,0.099998,0.105931,0.943991843747345,0.943991843747345,0.056008
0xac8853b5f69bb7608e5b23057edeeb8b76e348a507af6b2eea8d7fdf3deb0bf4_0x78309c6f81d19d949ed785c2021dd3b54588f16cc3fce4563dd570ab612a929b,0xac8853b5f69bb7608e5b23057edeeb8b76e348a507af6b2eea8d7fdf3deb0bf4,1722025192,0xb36330f2dc7fca6f718f46b02a3b7d47c5a7d147,0xc5d563a36ae78145c45a50134d48a1215220f80a,14987046218227329027080984029949561275408794766325730526435811581087168625932,0,5.0,4.695,0.0,YES,2024-07-26 20:19:52+00:00,SELL,4.695,5.0,0.9390000000000001,0.9390000000000001,0.061
0x550bde6262d9ef6f4cae9fe697e7998add17d4a19908720c655e57681c074130_0xbbf8ce013310c747bf2febcea9b1d6187a471ede215ecfc6db77a8d2a6a4bb63,0x550bde6262d9ef6f4cae9fe697e7998add17d4a19908720c655e57681c074130,1722025334,0xf0b0ef1d6320c6be896b4c9c54dd74407e7f8cab,0xfaeceba9bf132305aa6a4885d0113ab9b5848d3c,14987046218227329027080984029949561275408794766325730526435811581087168625932,0,0.106043,0.099998,0.0,YES,2024-07-26 20:22:14+00:00,SELL,0.099998,0.106043,0.9429948228548797,0.9429948228548797,0.057005
0x6d650270934969ea8eee6b7cd4a3b773b1d3ce41d35108ce072154c86674fbc1_0xa5cd89828278c58bbc54d91c1698afb3725f1ac3754837e1c6eacd80ec0899f9,0x6d650270934969ea8eee6b7cd4a3b773b1d3ce41d35108ce072154c86674fbc1,1722025400,0xdcc9d68a4bad9fc8becd27a03ee5b2b4feda4534,0xb36330f2dc7fca6f718f46b02a3b7d47c5a7d147,14987046218227329027080984029949561275408794766325730526435811581087168625932,0,121.244871,114.455158,0.0,YES,2024-07-26 20:23:20+00:00,SELL,114.455158,121.244871,0.9439999981524991,0.9439999981524991,0.056
0xda8533d0326b46aced96056f875cee4ecee97708c4f9038671dcb3b12865ff89_0xa5cd89828278c58bbc54d91c1698afb3725f1ac3754837e1c6eacd80ec0899f9,0xda8533d0326b46aced96056f875cee4ecee97708c4f9038671dcb3b12865ff89,1722025574,0xdcc9d68a4bad9fc8becd27a03ee5b2b4feda4534,0x843409738e5533ce49d5f45d024b88ee61da34b9,14987046218227329027080984029949561275408794766325730526435811581087168625932,0,0.2,0.1888,0.0,YES,2024-07-26 20:26:14+00:00,SELL,0.1888,0.2,0.944,0.944,0.056
0xda1b24d5724da7b922451d8d2ece9a3dc35117d1032bd63bf0741302d1c95bb7_0xa5cd89828278c58bbc54d91c1698afb3725f1ac3754837e1c6eacd80ec0899f9,0xda1b24d5724da7b922451d8d2ece9a3dc35117d1032bd63bf0741302d1c95bb7,1722025880,0xdcc9d68a4bad9fc8becd27a03ee5b2b4feda4534,0xf5fc19e478288ef0901a4cfa7a2f239301e77b10,14987046218227329027080984029949561275408794766325730526435811581087168625932,0,0.105931,0.099998,0.0,YES,2024-07-26 20:31:20+00:00,SELL,0.099998,0.105931,0.943991843747345,0.943991843747345,0.056008
0x97f550949a97d86f00c9afc76cb8e993659ce7a77e920c1390cbf51bc7fa5a0d_0xa5cd89828278c58bbc54d91c1698afb3725f1ac3754837e1c6eacd80ec0899f9,0x97f550949a97d86f00c9afc76cb8e993659ce7a77e920c1390cbf51bc7fa5a0d,1722026256,0xdcc9d68a4bad9fc8becd27a03ee5b2b4feda4534,0xf5fc19e478288ef0901a4cfa7a2f239301e77b10,14987046218227329027080984029949561275408794766325730526435811581087168625932,0,0.105931,0.099998,0.0,YES,2024-07-26 20:37:36+00:00,SELL,0.099998,0.105931,0.943991843747345,0.943991843747345,0.056008
0x9c4c8a1790d4f97cf7e41e2e7df803cd0ea668ad825185bb4870f24c12636374_0xa5cd89828278c58bbc54d91c1698afb3725f1ac3754837e1c6eacd80ec0899f9,0x9c4c8a1790d4f97cf7e41e2e7df803cd0ea668ad825185bb4870f24c12636374,1722026970,0xdcc9d68a4bad9fc8becd27a03ee5b2b4feda4534,0x1f2d29a84ce6351fd70adf3526a0a95e9c2c2967,14987046218227329027080984029949561275408794766325730526435811581087168625932,0,0.105931,0.099998,0.0,YES,2024-07-26 20:49:30+00:00,SELL,0.099998,0.105931,0.943991843747345,0.943991843747345,0.056008
0x0d3bdb43ff3989497ca366d00205b64c1480d5c97e6d8cf4808866c7f1dfabc3_0x8ad80ecc2a0ed707eed6893b342096674e77bca62f7967dbdcad8486ab743efc,0x0d3bdb43ff3989497ca366d00205b64c1480d5c97e6d8cf4808866c7f1dfabc3,1722029676,0x7552e2c57cf8844c740057fd09dea0d7fdc28c26,0xc5d563a36ae78145c45a50134d48a1215220f80a,0,14987046218227329027080984029949561275408794766325730526435811581087168625932,99.999985,105.82009,0.0,YES,2024-07-26 21:34:36+00:00,BUY,99.999985,105.82009,0.9449999995274999,0.9449999995274999,0.055
0x7807f809e0ae447a874b33102e1f54157f9ad0ce67872b6036414501b1624a69_0x66765086687d1e5fa3611aa52710ac49ea9017a343abb963d566cb7c17d09cf8,0x7807f809e0ae447a874b33102e1f54157f9ad0ce67872b6036414501b1624a69,1722030900,0x7552e2c57cf8844c740057fd09dea0d7fdc28c26,0xc5d563a36ae78145c45a50134d48a1215220f80a,0,14987046218227329027080984029949561275408794766325730526435811581087168625932,685.999987,722.13246,0.0,YES,2024-07-26 21:55:00+00:00,BUY,685.999987,722.13246,0.9499642032432665,0.9499642032432665,0.050036
0xeda404043d99ec9ba56743435fbd9433426ea3b8a0f06e017f519b331ca4aa39_0x67156b0d6b383d63479f9ad6fd63b8a44da9b0d9f759f8afedb662487b3dec33,0xeda404043d99ec9ba56743435fbd9433426ea3b8a0f06e017f519b331ca4aa39,1722031512,0x277c6ab6ed14495e2c24c86760133011f8e313d3,0xc5d563a36ae78145c45a50134d48a1215220f80a,0,14987046218227329027080984029949561275408794766325730526435811581087168625932,4.999996,5.241086,0.0,YES,2024-07-26 22:05:12+00:00,BUY,4.999996,5.241086,0.9539999916047934,0.9539999916047934,0.046
0x3c188c7554256d33c8674723daf4ddb46f7602bd3259d0475613382c56b7b44d_0x09200d6a30ed3a69d1431ad33a63499cc13a24354bd9aef5921a2bc019a35318,0x3c188c7554256d33c8674723daf4ddb46f7602bd3259d0475613382c56b7b44d,1722032248,0x2370d48501dbbe1974b6cf228e77d459f4870e10,0x4ce73141dbfce41e65db3723e31059a730f0abad,71914038773350234130553415116948415426792971631252265695143324140554345804068,0,5.24,0.26724,0.0,NO,2024-07-26 22:17:28+00:00,SELL,0.26724,5.24,0.051,0.949,0.051
0x781daf37e1253949ee0d301e037457f28916bae6c86c4a707608ce67498c5893_0xdc48c4a858de39bd5cc801e4c24df04ee46da9fbf875e8a4b16f3f37c8028141,0x781daf37e1253949ee0d301e037457f28916bae6c86c4a707608ce67498c5893,1722032254,0x182b2bd1f035abe76eeb2244b32d9ebac27ef022,0x4ce73141dbfce41e65db3723e31059a730f0abad,71914038773350234130553415116948415426792971631252265695143324140554345804068,0,91.0,4.732,0.0,NO,2024-07-26 22:17:34+00:00,SELL,4.732,91.0,0.052000000000000005,0.948,0.052000000000000005
0x01b68bf4f9e92327145779e3d6b8ed6364eb58713d0bfcbc531a44081a5491bb_0xcde0eaa81ed1051bdea869ea0fc9d77b010a8522205763d5fb9204270a079964,0x01b68bf4f9e92327145779e3d6b8ed6364eb58713d0bfcbc531a44081a5491bb,1722033754,0xf9245e5963910a0a2b1eeeb7d585e4e2322c3b93,0x4ce73141dbfce41e65db3723e31059a730f0abad,0,14987046218227329027080984029949561275408794766325730526435811581087168625932,858.591,903.78,0.0,YES,2024-07-26 22:42:34+00:00,BUY,858.591,903.78,0.9500000000000001,0.9500000000000001,0.05
0xf5369b95ce249b0ea7c11ce64c32ae9c1a3312a8663aea12c31f483cb52e186d_0xcde0eaa81ed1051bdea869ea0fc9d77b010a8522205763d5fb9204270a079964,0xf5369b95ce249b0ea7c11ce64c32ae9c1a3312a8663aea12c31f483cb52e186d,1722033760,0xf9245e5963910a0a2b1eeeb7d585e4e2322c3b93,0x4ce73141dbfce41e65db3723e31059a730f0abad,0,14987046218227329027080984029949561275408794766325730526435811581087168625932,91.409,96.22,0.0,YES,2024-07-26 22:42:40+00:00,BUY,91.409,96.22,0.9500000000000001,0.9500000000000001,0.05
0x11d19951b78da457c448d0a4999e7db6db39ce1027a8362bab103b2ef348940f_0x85d8556b547f7c4632d34f5c981a2de3714ae97021755bcb87424566024f65cd,0x11d19951b78da457c448d0a4999e7db6db39ce1027a8362bab103b2ef348940f,1722034250,0x6b7ec4ba079c0a258435ea36025f6190cd424562,0xb49f468c15c49783f2664c7198a4949ade1b12e6,71914038773350234130553415116948415426792971631252265695143324140554345804068,0,147.0,8.085,0.0,NO,2024-07-26 22:50:50+00:00,SELL,8.085,147.0,0.05500000000000001,0.945,0.05500000000000001
0x410df85f4747fdb1706ec04d49b1ecc75edd4bedb3ec970eba291a9c2fc66ba1_0xca44fdbf4499e059f5f480d941a5e7cea8c79839092200707a924283dab07170,0x410df85f4747fdb1706ec04d49b1ecc75edd4bedb3ec970eba291a9c2fc66ba1,1722039872,0x21378fd64736103b01685aee2b1e5acfdc4f0677,0xc5d563a36ae78145c45a50134d48a1215220f80a,71914038773350234130553415116948415426792971631252265695143324140554345804068,0,1000.0,46.0,0.0,NO,2024-07-27 00:24:32+00:00,SELL,46.0,1000.0,0.046,0.954,0.046
0xa6944d5f47aceb6009230221368ab42ef7a12e6af817a3b585d8303dc0481d8c_0x6689fa315c1c57c78437a1c4849748b06610deddb9db5e07699d2dcf7fabec4b,0xa6944d5f47aceb6009230221368ab42ef7a12e6af817a3b585d8303dc0481d8c,1722039878,0x21378fd64736103b01685aee2b1e5acfdc4f0677,0xb49f468c15c49783f2664c7198a4949ade1b12e6,71914038773350234130553415116948415426792971631252265695143324140554345804068,0,76.0,3.496,0.0,NO,2024-07-27 00:24:38+00:00,SELL,3.496,76.0,0.046,0.954,0.046
0x6a8f4f218a56bdb2e649b4c0d6cd99c243acdcb2c498a703a3e54fb0251e790d_0x95d1f7c6cee27359e6f9561708ad72fa4f8ebceeb1234d4c50e26f4a848d25fd,0x6a8f4f218a56bdb2e649b4c0d6cd99c243acdcb2c498a703a3e54fb0251e790d,1722040920,0x0b7936ccd9e64396009e19f3258b584e63b3b3fe,0xc5d563a36ae78145c45a50134d48a1215220f80a,0,14987046218227329027080984029949561275408794766325730526435811581087168625932,49.99998,52.356,0.0,YES,2024-07-27 00:42:00+00:00,BUY,49.99998,52.356,0.955,0.955,0.045
0x47bd64f31cd3baf6d59aa31ee378fecf69ccd71dc71b4384a914ff0e34191d86_0x9200fc55d5c8a85acb020073859b6cc90aa5a5411ebbe7a486d2b24825fb63ac,0x47bd64f31cd3baf6d59aa31ee378fecf69ccd71dc71b4384a914ff0e34191d86,1722043462,0x2370d48501dbbe1974b6cf228e77d459f4870e10,0x4ce73141dbfce41e65db3723e31059a730f0abad,71914038773350234130553415116948415426792971631252265695143324140554345804068,0,530.59,26.5295,0.0,NO,2024-07-27 01:24:22+00:00,SELL,26.5295,530.59,0.049999999999999996,0.95,0.049999999999999996
0x23fce4b284f87b7ae142c2d7f9710ced7b7cdf12271d99de402b0c5512e4e68c_0xef254d76164eb2ba74486a29a134de13dc2e9dd4372703d22e83c13d5928e8cd,0x23fce4b284f87b7ae142c2d7f9710ced7b7cdf12271d99de402b0c5512e4e68c,1722043598,0x66280f9d888615eedfc330b6f254b15ad9ae4cbe,0xc5d563a36ae78145c45a50134d48a1215220f80a,14987046218227329027080984029949561275408794766325730526435811581087168625932,0,0.53,0.5035,0.0,YES,2024-07-27 01:26:38+00:00,SELL,0.5035,0.53,0.9499999999999998,0.9499999999999998,0.05
0x5a90bc40f3bd7c68e78fe268913e27faced688979fd2ee978d2b2a7be9862345_0x711f53c6a27e1547142f0b4c5b2c0a58d81c4b17ccea931a6c01fa5e88aacfae,0x5a90bc40f3bd7c68e78fe268913e27faced688979fd2ee978d2b2a7be9862345,1722043624,0xd72753dae1cb01011c1e69af78ee1f9494bbecce,0xc6208602d8a6295983ebfe0b0aeb51ce92a82da3,0,14987046218227329027080984029949561275408794766325730526435811581087168625932,567.61588,598.12,0.0,YES,2024-07-27 01:27:04+00:00,BUY,567.61588,598.12,0.949,0.949,0.051
0x0864c7902ec5e1f2218dee6bfe5fdf5143e3cf7b77c9ffc50ab55c3019b4d2e1_0x6c1f71c37445629a9b647000303915ec7f52640f0acfb327a5100958f84e9fc2,0x0864c7902ec5e1f2218dee6bfe5fdf5143e3cf7b77c9ffc50ab55c3019b4d2e1,1722044712,0x71ed0bc95433cdf1be29f43219725fce9addd9eb,0xc5d563a36ae78145c45a50134d48a1215220f80a,14987046218227329027080984029949561275408794766325730526435811581087168625932,0,48.22,45.76078,0.0,YES,2024-07-27 01:45:12+00:00,SELL,45.76078,48.22,0.949,0.949,0.051
0xff7d87713fc847c671b3675ffd004ce21ca9e4204fb7405837932452bd5b07eb_0xbd82f58e6b12d1452c63e46c9e6e3840b6c416f2c5ab6cae875f27be0d21143a,0xff7d87713fc847c671b3675ffd004ce21ca9e4204fb7405837932452bd5b07eb,1722044758,0x71ed0bc95433cdf1be29f43219725fce9addd9eb,0xc5d563a36ae78145c45a50134d48a1215220f80a,14987046218227329027080984029949561275408794766325730526435811581087168625932,0,19.0,18.031,0.0,YES,2024-07-27 01:45:58+00:00,SELL,18.031,19.0,0.949,0.949,0.051
0xf5f426f1e6feb79dc6f1feb71cf4a726b703e79f8c421a9f77fb7ef1ee972f84_0x5ec0552e4b5f1d9cf316e586baba6eced85ad6421d5447dfe1ac8da958c77004,0xf5f426f1e6feb79dc6f1feb71cf4a726b703e79f8c421a9f77fb7ef1ee972f84,1722046152,0x71ed0bc95433cdf1be29f43219725fce9addd9eb,0xc5d563a36ae78145c45a50134d48a1215220f80a,14987046218227329027080984029949561275408794766325730526435811581087168625932,0,500.0,474.5,0.0,YES,2024-07-27 02:09:12+00:00,SELL,474.5,500.0,0.949,0.949,0.051
0x68949be5d281b937bbd82d1d6e40fcd30ad686ee626ca9c3874d3b574dde9115_0x32327d4c4de10dbca29e521676410e14dc5a799010c818cb1c994f1febb04575,0x68949be5d281b937bbd82d1d6e40fcd30ad686ee626ca9c3874d3b574dde9115,1722046920,0xf9245e5963910a0a2b1eeeb7d585e4e2322c3b93,0xc5d563a36ae78145c45a50134d48a1215220f80a,0,14987046218227329027080984029949561275408794766325730526435811581087168625932,954.0,1000.0,0.0,YES,2024-07-27 02:22:00+00:00,BUY,954.0,1000.0,0.954,0.954,0.046
0x81753deefb346d01d3d7a0d955cc8a4956db21235c4d461786d48ef0213c4875_0x8f8fa76b2ae8a710550f69fb0b284db9e180404afde2669e42d149247254154d,0x81753deefb346d01d3d7a0d955cc8a4956db21235c4d461786d48ef0213c4875,1722047178,0x2370d48501dbbe1974b6cf228e77d459f4870e10,0xb49f468c15c49783f2664c7198a4949ade1b12e6,71914038773350234130553415116948415426792971631252265695143324140554345804068,0,25.0,1.225,0.0,NO,2024-07-27 02:26:18+00:00,SELL,1.225,25.0,0.049,0.951,0.049
0x37b7b6fbd8cac1e59034ac7f28edeca143772a147f3aa6721440d8b6dc329bdd_0x207e065338daae798dd9ff0ea3f1a3e493c29e5b1e4e38b6431caf47b85e61ec,0x37b7b6fbd8cac1e59034ac7f28edeca143772a147f3aa6721440d8b6dc329bdd,1722047532,0x71ed0bc95433cdf1be29f43219725fce9addd9eb,0xc5d563a36ae78145c45a50134d48a1215220f80a,14987046218227329027080984029949561275408794766325730526435811581087168625932,0,975.0,927.225,0.0,YES,2024-07-27 02:32:12+00:00,SELL,927.225,975.0,0.9510000000000001,0.9510000000000001,0.049
0x534b7474348d9a1efae93bb7dcaee0e9e5bc37eaebddc845c4eabdc7bfe49ed0_0x568f46d02285cb98e6221cb5be7fba2a05a039651d5c54f036e2e879e7904a5d,0x534b7474348d9a1efae93bb7dcaee0e9e5bc37eaebddc845c4eabdc7bfe49ed0,1722049820,0x183cb0d49b4b3db009a0d17cdb56db0c2c2272b2,0xc5d563a36ae78145c45a50134d48a1215220f80a,0,14987046218227329027080984029949561275408794766325730526435811581087168625932,359.999987,377.754446,0.0,YES,2024-07-27 03:10:20+00:00,BUY,359.999987,377.754446,0.9529999998994055,0.9529999998994055,0.047
0x6182e6bb6dbe31e7419276021c00f70713f03c3cbe7a9d7be12da48e5d12b6ed_0x0f5fe218e89997df202391b2e003b1842b8af7e39cdbdc29aa57d08dd30310f8,0x6182e6bb6dbe31e7419276021c00f70713f03c3cbe7a9d7be12da48e5d12b6ed,1722049978,0x183cb0d49b4b3db009a0d17cdb56db0c2c2272b2,0xc5d563a36ae78145c45a50134d48a1215220f80a,14987046218227329027080984029949561275408794766325730526435811581087168625932,0,377.75,358.8625,0.0,YES,2024-07-27 03:12:58+00:00,SELL,358.8625,377.75,0.9500000000000001,0.9500000000000001,0.05
0x676cee5c8013c58edf6fa7aec39ee80a833d6a62769c1ad78aeab50a9c255a47_0xe92321b29b01b42178862d4498c4a49ea12c85089ff288a8be5662882906ae3c,0x676cee5c8013c58edf6fa7aec39ee80a833d6a62769c1ad78aeab50a9c255a47,1722050368,0x183cb0d49b4b3db009a0d17cdb56db0c2c2272b2,0xc5d563a36ae78145c45a50134d48a1215220f80a,0,14987046218227329027080984029949561275408794766325730526435811581087168625932,199.999981,209.643586,0.0,YES,2024-07-27 03:19:28+00:00,BUY,199.999981,209.643586,0.95399999979012,0.95399999979012,0.046
0xec8b8682ff5548b1cefd6df7e5c47aeb2d121c518794af2efbda25d8265ebba5_0x24bca416ed1a0ad1ac8879d826565e2760de9fef9cd6ede9d21054304a5f9292,0xec8b8682ff5548b1cefd6df7e5c47aeb2d121c518794af2efbda25d8265ebba5,1722051352,0x183cb0d49b4b3db009a0d17cdb56db0c2c2272b2,0xc5d563a36ae78145c45a50134d48a1215220f80a,14987046218227329027080984029949561275408794766325730526435811581087168625932,0,209.64,199.36764,0.0,YES,2024-07-27 03:35:52+00:00,SELL,199.36764,209.64,0.9510000000000001,0.9510000000000001,0.049
0x53e1e59bd7c75637d9fa24291ed10ecd0cda0f6b3176f1ad01aacce668ed6553_0x6d2f7db74dbede2734798c9738b5f94c1999d1ce728df580d030b995b743fc7f,0x53e1e59bd7c75637d9fa24291ed10ecd0cda0f6b3176f1ad01aacce668ed6553,1722055150,0x71ed0bc95433cdf1be29f43219725fce9addd9eb,0xc5d563a36ae78145c45a50134d48a1215220f80a,14987046218227329027080984029949561275408794766325730526435811581087168625932,0,165.0,156.915,0.0,YES,2024-07-27 04:39:10+00:00,SELL,156.915,165.0,0.951,0.951,0.049
0x74e2c56e3ae30c120633090f3f04cd4629cc1ff6f750a6f54130f5f8168b7646_0x4a2c954bc92909f4f1c447d4e2f233cd7590cf6c0eaf27f45c80f4fc0c782840,0x74e2c56e3ae30c120633090f3f04cd4629cc1ff6f750a6f54130f5f8168b7646,1722056219,0x71ed0bc95433cdf1be29f43219725fce9addd9eb,0xc5d563a36ae78145c45a50134d48a1215220f80a,14987046218227329027080984029949561275408794766325730526435811581087168625932,0,79.0,75.05,0.0,YES,2024-07-27 04:56:59+00:00,SELL,75.05,79.0,0.95,0.95,0.05
0x264ea75f6a0a6574ca37e23041967b7906866e0e8847be7cc4c0aa8919b284a1_0x7b114c78ec70c5bdd6b3e18e301034e25c18443dd705f6fecc273551a867776e,0x264ea75f6a0a6574ca37e23041967b7906866e0e8847be7cc4c0aa8919b284a1,1722058479,0x205891d271262d07693b08ea5cb98488908f6c54,0xc5d563a36ae78145c45a50134d48a1215220f80a,0,14987046218227329027080984029949561275408794766325730526435811581087168625932,0.999999,1.048217,0.0,YES,2024-07-27 05:34:39+00:00,BUY,0.999999,1.048217,0.9539999828279832,0.9539999828279832,0.046
0x18c457999d7e9e4625c4b5f6c59d5e9fd6b8398308e4bf875a9fdc45ca0597af_0xe35af5c212c11ffa61cf1af579881b005b4a20a1ee51e290b605ff7b392bade5,0x18c457999d7e9e4625c4b5f6c59d5e9fd6b8398308e4bf875a9fdc45ca0597af,1722059309,0x71ed0bc95433cdf1be29f43219725fce9addd9eb,0xc5d563a36ae78145c45a50134d48a1215220f80a,14987046218227329027080984029949561275408794766325730526435811581087168625932,0,102.0,96.9,0.0,YES,2024-07-27 05:48:29+00:00,SELL,96.9,102.0,0.9500000000000001,0.9500000000000001,0.05
0x1847a144c91fabe53048ea2373590a5f70a67ab6234d12eaf44ce12956481747_0x0ce94fb83131c63f20532780b4b3a2816d21db9efca74b55982bcb6d5fd803a4,0x1847a144c91fabe53048ea2373590a5f70a67ab6234d12eaf44ce12956481747,1722060271,0xd72753dae1cb01011c1e69af78ee1f9494bbecce,0xc5d563a36ae78145c45a50134d48a1215220f80a,0,14987046218227329027080984029949561275408794766325730526435811581087168625932,69.3558,72.7,0.0,YES,2024-07-27 06:04:31+00:00,BUY,69.3558,72.7,0.954,0.954,0.046
0x2fa32652519ff36625c2f2949dbf76ecd16773d57ffbdcbab65367170d182ee9_0xcef74cebe313a0950581871061e877e3ba544a75b7187531f7164920308d3719,0x2fa32652519ff36625c2f2949dbf76ecd16773d57ffbdcbab65367170d182ee9,1722060683,0x71ed0bc95433cdf1be29f43219725fce9addd9eb,0xc5d563a36ae78145c45a50134d48a1215220f80a,14987046218227329027080984029949561275408794766325730526435811581087168625932,0,102.0,96.96452,0.0,YES,2024-07-27 06:11:23+00:00,SELL,96.96452,102.0,0.9506325490196078,0.9506325490196078,0.049367
0x954b777c416b67dd1b76b3a44bd3c813399db1bede67d5b25766af6453b7325c_0x8d63976540ba25266f114ec75fe41861af0771ba79858c9267c51cd83371ba53,0x954b777c416b67dd1b76b3a44bd3c813399db1bede67d5b25766af6453b7325c,1722061371,0x3258bb5f1e29bdf905fb088c24b62de391469e52,0xc5d563a36ae78145c45a50134d48a1215220f80a,0,14987046218227329027080984029949561275408794766325730526435811581087168625932,860.508,902.0,0.0,YES,2024-07-27 06:22:51+00:00,BUY,860.508,902.0,0.9540000000000001,0.9540000000000001,0.046
0x0b261053372beba30e1cb442bbdaf10486a5dff2763c55e9b374fc2842c9155d_0x2232f234b5c5f682b6acab0b7275d869c5dcad59e6dbcec885877bed256955d8,0x0b261053372beba30e1cb442bbdaf10486a5dff2763c55e9b374fc2842c9155d,1722061405,0x71ed0bc95433cdf1be29f43219725fce9addd9eb,0xc5d563a36ae78145c45a50134d48a1215220f80a,14987046218227329027080984029949561275408794766325730526435811581087168625932,0,6.01,5.7095,0.0,YES,2024-07-27 06:23:25+00:00,SELL,5.7095,6.01,0.9500000000000001,0.9500000000000001,0.05
0xcda1974247c61d3c6477668aceb89447145290f390135cc5979e29fed30cf1c5_0x6c87dfdb6429947c976995bef9f66aacdc69e9d00fbd2484c16004852c21150b,0xcda1974247c61d3c6477668aceb89447145290f390135cc5979e29fed30cf1c5,1722061975,0x00a3bbfb67891ac75e709c06e7f690e37957b7db,0xc5d563a36ae78145c45a50134d48a1215220f80a,0,14987046218227329027080984029949561275408794766325730526435811581087168625932,4.999998,5.2356,0.0,YES,2024-07-27 06:32:55+00:00,BUY,4.999998,5.2356,0.955,0.955,0.045
0xad4345865e6a265db34d7322496399e312f460af411418f813570f049615ec2f_0x170651a686c30bbb81d03d51beff865af92ba8ce81ee624b7f6035d9350024e4,0xad4345865e6a265db34d7322496399e312f460af411418f813570f049615ec2f,1722063483,0x251976bbd65b172470431d4762b8a4e177858bcd,0xc5d563a36ae78145c45a50134d48a1215220f80a,0,14987046218227329027080984029949561275408794766325730526435811581087168625932,4.999996,5.241086,0.0,YES,2024-07-27 06:58:03+00:00,BUY,4.999996,5.241086,0.9539999916047934,0.9539999916047934,0.046
0x029eebaeda34dc50521fde28625e654bb3f236cf91ffe5219c5cc4e208d5d5e8_0xb5780ba62cc027daf204ebdc64e788434103bbb7e9e29ad272ed4b0baf978a25,0x029eebaeda34dc50521fde28625e654bb3f236cf91ffe5219c5cc4e208d5d5e8,1722063627,0x47ab026767cc320ac6e62f6ec747d59cf4d795df,0xc5d563a36ae78145c45a50134d48a1215220f80a,0,14987046218227329027080984029949561275408794766325730526435811581087168625932,88.4835,92.75,0.0,YES,2024-07-27 07:00:27+00:00,BUY,88.4835,92.75,0.9540000000000001,0.9540000000000001,0.046
0x7800deddf6f47e0ff44d1ec2f37bc8253c402e27aeecaea59cff87154cf44a6f_0x2f902386c1db10218c1c2aa1aa3ab30c26c6bcf4200b503f667a3208b5567c14,0x7800deddf6f47e0ff44d1ec2f37bc8253c402e27aeecaea59cff87154cf44a6f,1722063695,0x47ab026767cc320ac6e62f6ec747d59cf4d795df,0xc5d563a36ae78145c45a50134d48a1215220f80a,0,14987046218227329027080984029949561275408794766325730526435811581087168625932,613.492,642.4,0.0,YES,2024-07-27 07:01:35+00:00,BUY,613.492,642.4,0.955,0.955,0.045
0x48c284aa6eb12575e2fd71b6cf644b3ddbdb3f2a1561e37d4a04c521869ba57c_0x699fce361e41e4369fd503b37e2381c7c90e5401e906a0d921666091c2d77236,0x48c284aa6eb12575e2fd71b6cf644b3ddbdb3f2a1561e37d4a04c521869ba57c,1722064641,0xf0b0ef1d6320c6be896b4c9c54dd74407e7f8cab,0xb49f468c15c49783f2664c7198a4949ade1b12e6,0,14987046218227329027080984029949561275408794766325730526435811581087168625932,5.724,6.0,0.0,YES,2024-07-27 07:17:21+00:00,BUY,5.724,6.0,0.9540000000000001,0.9540000000000001,0.046
0x7484d3b44baddb345318d00061721242e5cc6797dd767204f6b5ced373924eb9_0xa669c7712740814b8be819a705104b1e578075e3fab8e795f4446aece740eb68,0x7484d3b44baddb345318d00061721242e5cc6797dd767204f6b5ced373924eb9,1722065325,0x36667a6d2c2af1d02e7687d7191be6fe36ed939b,0xb49f468c15c49783f2664c7198a4949ade1b12e6,0,14987046218227329027080984029949561275408794766325730526435811581087168625932,19.06,20.0,0.0,YES,2024-07-27 07:28:45+00:00,BUY,19.06,20.0,0.953,0.953,0.047
0x7ca0fbde94eddff7a378b5bda2d7df43e534394852d747995846098c84947001_0x69c8423dd83be8fe92914ae07eb56e30f1618065d1abe7cb13726d503d286e65,0x7ca0fbde94eddff7a378b5bda2d7df43e534394852d747995846098c84947001,1722065659,0xfa1c66c8d0ec9115a5bfda4a9af57c44d3ba33c1,0xc5d563a36ae78145c45a50134d48a1215220f80a,0,14987046218227329027080984029949561275408794766325730526435811581087168625932,95.4,100.0,0.0,YES,2024-07-27 07:34:19+00:00,BUY,95.4,100.0,0.9540000000000001,0.9540000000000001,0.046
0x7183560fd3904b211792019aa5b7c1d4ec53e486768efd73fa4ada57f94045d1_0x8b79c4dd9ef38ff007d88d81641dcf9afb2e81b1bf817419106665cef20ccc86,0x7183560fd3904b211792019aa5b7c1d4ec53e486768efd73fa4ada57f94045d1,1722065969,0x2370d48501dbbe1974b6cf228e77d459f4870e10,0xb49f468c15c49783f2664c7198a4949ade1b12e6,71914038773350234130553415116948415426792971631252265695143324140554345804068,0,25.0,1.175,0.0,NO,2024-07-27 07:39:29+00:00,SELL,1.175,25.0,0.047,0.953,0.047
0xe083564e2c067e1aca994075e4e125451ea4ee1fed5f358e2e75fead6949366b_0x8b79c4dd9ef38ff007d88d81641dcf9afb2e81b1bf817419106665cef20ccc86,0xe083564e2c067e1aca994075e4e125451ea4ee1fed5f358e2e75fead6949366b,1722065973,0x2370d48501dbbe1974b6cf228e77d459f4870e10,0xb49f468c15c49783f2664c7198a4949ade1b12e6,71914038773350234130553415116948415426792971631252265695143324140554345804068,0,21.0,0.987,0.0,NO,2024-07-27 07:39:33+00:00,SELL,0.987,21.0,0.047,0.953,0.047
0xfe5f876e9de3f5032204f7baa7782318678c1a6c816732ab38160fa2e09e3c3c_0x14e6ac6b35c3883c6c7f275b3cda7efc6b386df8d78bf6c39ff7da3f4e3dc9f4,0xfe5f876e9de3f5032204f7baa7782318678c1a6c816732ab38160fa2e09e3c3c,1722067275,0x2370d48501dbbe1974b6cf228e77d459f4870e10,0xb49f468c15c49783f2664c7198a4949ade1b12e6,71914038773350234130553415116948415426792971631252265695143324140554345804068,0,147.0,6.909,0.0,NO,2024-07-27 08:01:15+00:00,SELL,6.909,147.0,0.047,0.953,0.047
0xd8e5458293e4f6232fb4a474c458e01d72012400a558e98a52889b606983b617_0x14e6ac6b35c3883c6c7f275b3cda7efc6b386df8d78bf6c39ff7da3f4e3dc9f4,0xd8e5458293e4f6232fb4a474c458e01d72012400a558e98a52889b606983b617,1722067575,0x2370d48501dbbe1974b6cf228e77d459f4870e10,0xb49f468c15c49783f2664c7198a4949ade1b12e6,71914038773350234130553415116948415426792971631252265695143324140554345804068,0,53.0,2.491,0.0,NO,2024-07-27 08:06:15+00:00,SELL,2.491,53.0,0.047,0.953,0.047
0x74a2e3f39ea9843de454e93646fee2cba42411c0ac0bb51c65b7a159341bb5ac_0x94484042934f56e98760e0040bd5d3dbb2e3914ae09e050f0204f39e37513c5e,0x74a2e3f39ea9843de454e93646fee2cba42411c0ac0bb51c65b7a159341bb5ac,1722068131,0x2370d48501dbbe1974b6cf228e77d459f4870e10,0xb49f468c15c49783f2664c7198a4949ade1b12e6,71914038773350234130553415116948415426792971631252265695143324140554345804068,0,8.0,0.376,0.0,NO,2024-07-27 08:15:31+00:00,SELL,0.376,8.0,0.047,0.953,0.047
0xfa07ff360ad6e7be27c2135e5ec13f72bee10ae41d094186d52e366aa3ca41b3_0x94484042934f56e98760e0040bd5d3dbb2e3914ae09e050f0204f39e37513c5e,0xfa07ff360ad6e7be27c2135e5ec13f72bee10ae41d094186d52e366aa3ca41b3,1722068131,0x2370d48501dbbe1974b6cf228e77d459f4870e10,0xb49f468c15c49783f2664c7198a4949ade1b12e6,71914038773350234130553415116948415426792971631252265695143324140554345804068,0,147.0,6.909,0.0,NO,2024-07-27 08:15:31+00:00,SELL,6.909,147.0,0.047,0.953,0.047
0x3b84cea9168c356ada0d105ffe97600133347956dc819e014a39e15eb2cc6619_0x5b87c4cf97aba51324297cab0b8341db227ab31e8f2fd3ec0a5e2f55d0cf952e,0x3b84cea9168c356ada0d105ffe97600133347956dc819e014a39e15eb2cc6619,1722068561,0x2370d48501dbbe1974b6cf228e77d459f4870e10,0xb49f468c15c49783f2664c7198a4949ade1b12e6,71914038773350234130553415116948415426792971631252265695143324140554345804068,0,21.0,0.987,0.0,NO,2024-07-27 08:22:41+00:00,SELL,0.987,21.0,0.047,0.953,0.047
0xa882a4a1e86d085cc6415c7d1f890550df445963c5e1c504980f6ad16395e974_0x5b87c4cf97aba51324297cab0b8341db227ab31e8f2fd3ec0a5e2f55d0cf952e,0xa882a4a1e86d085cc6415c7d1f890550df445963c5e1c504980f6ad16395e974,1722068567,0x2370d48501dbbe1974b6cf228e77d459f4870e10,0xb49f468c15c49783f2664c7198a4949ade1b12e6,71914038773350234130553415116948415426792971631252265695143324140554345804068,0,21.0,0.987,0.0,NO,2024-07-27 08:22:47+00:00,SELL,0.987,21.0,0.047,0.953,0.047
0x86d268bed255450edd51f4e9eba7828b7f3304f7e1a034f9632c16eb612fbb2d_0x97f0078eca2e855f5ad1d6609060f37d0a2af0c3cddf1bf53e5598026164ab3a,0x86d268bed255450edd51f4e9eba7828b7f3304f7e1a034f9632c16eb612fbb2d,1722069533,0x2370d48501dbbe1974b6cf228e77d459f4870e10,0xb49f468c15c49783f2664c7198a4949ade1b12e6,71914038773350234130553415116948415426792971631252265695143324140554345804068,0,147.0,6.909,0.0,NO,2024-07-27 08:38:53+00:00,SELL,6.909,147.0,0.047,0.953,0.047
0x81897c5b1c6ba26d577989661c8c2dfb66bb11288a94c1e11dd3fef634c14071_0xbc2f9dd61c846a2880c7a8f7758d7d699ce398bb22a4e8d1384ef9dfe5d6ff7f,0x81897c5b1c6ba26d577989661c8c2dfb66bb11288a94c1e11dd3fef634c14071,1722069563,0x71ed0bc95433cdf1be29f43219725fce9addd9eb,0xc5d563a36ae78145c45a50134d48a1215220f80a,14987046218227329027080984029949561275408794766325730526435811581087168625932,0,41.0,39.032,0.0,YES,2024-07-27 08:39:23+00:00,SELL,39.032,41.0,0.952,0.952,0.048
0xb52b4af0fd221754eb989c90959ab8d62d8b7496edc8fe76d749838855def3c2_0x46ac4df92df79142921d0249d3a407f64cf8ca18cc6bc917179b60fe5742cab1,0xb52b4af0fd221754eb989c90959ab8d62d8b7496edc8fe76d749838855def3c2,1722069647,0xf0b0ef1d6320c6be896b4c9c54dd74407e7f8cab,0x7826298cab54a85d18e861736996e5b05a87e831,14987046218227329027080984029949561275408794766325730526435811581087168625932,0,2.041883,1.949998,0.0,YES,2024-07-27 08:40:47+00:00,SELL,1.949998,2.041883,0.9549998702178333,0.9549998702178333,0.045
0x632af3a306229e5e9bf05f92d98b412eb20865c254ba0c477b0c2295418edcf9_0xf7b55996a60cb00ac69feefc5cdc394c4cd80f3c2f48fe9cad6c5285f9cad7bf,0x632af3a306229e5e9bf05f92d98b412eb20865c254ba0c477b0c2295418edcf9,1722071315,0xfa1c66c8d0ec9115a5bfda4a9af57c44d3ba33c1,0x162e3d973165b938b0e93626849dd560858ffc24,0,14987046218227329027080984029949561275408794766325730526435811581087168625932,14.289321,15.00979,0.0,YES,2024-07-27 09:08:35+00:00,BUY,14.289321,15.00979,0.9520000612933291,0.9520000612933291,0.048
0x56538fc9f3b0e3128c816e0d60ac6891b9ff95f8a54b75d58251d76db4a8ca77_0x5cb1a7bab12ff7bfb5e310f928679beec3f28873c68e8315c41ac00d1cc3a0bf,0x56538fc9f3b0e3128c816e0d60ac6891b9ff95f8a54b75d58251d76db4a8ca77,1722071463,0xa92f8bb1bb2ec88649cf64499c236e706e8e93cd,0xc5d563a36ae78145c45a50134d48a1215220f80a,14987046218227329027080984029949561275408794766325730526435811581087168625932,0,105.01,99.84746,0.0,YES,2024-07-27 09:11:03+00:00,SELL,99.84746,105.01,0.9508376345109989,0.9508376345109989,0.049162
0xcc05c465f7145a4d232b3e4c55a6cbe6c7d08af89ba7ca9e8832eb43ca4516dd_0x17018b0548d699aa02a2ef500c153971b837d86e7efefe179c070ea1aba35f2d,0xcc05c465f7145a4d232b3e4c55a6cbe6c7d08af89ba7ca9e8832eb43ca4516dd,1722074303,0xf0b0ef1d6320c6be896b4c9c54dd74407e7f8cab,0xc5d563a36ae78145c45a50134d48a1215220f80a,14987046218227329027080984029949561275408794766325730526435811581087168625932,0,3.97,3.7715,0.0,YES,2024-07-27 09:58:23+00:00,SELL,3.7715,3.97,0.95,0.95,0.05
0x587be118115026a491a842f1dd38403044f94b178aa9c161d26235856f4ef104_0x4a146e4066562c132fc93e94ebca39ec5050ea94a110abfd221c4cfa937d0074,0x587be118115026a491a842f1dd38403044f94b178aa9c161d26235856f4ef104,1722074660,0x9f83f83bdfc209c6fade8a2c77ea9667e9176cd9,0x3a2502272e366441ccda9d446a3639b0733b4fe6,14987046218227329027080984029949561275408794766325730526435811581087168625932,0,52.301254,49.999998,0.0,YES,2024-07-27 10:04:20+00:00,SELL,49.999998,52.301254,0.9559999842451196,0.9559999842451196,0.044
0x66c1b6b26a4b4b67057d4f7c3be96f700c2d654400f4d30dd6160302077d8ea9_0x33fa02e6dc5ebe7a6ff4d9197047f77a2932f093fe558c1e6c8f22ca338c9019,0x66c1b6b26a4b4b67057d4f7c3be96f700c2d654400f4d30dd6160302077d8ea9,1722076252,0xd01b622ce7157f26fa09afac7946f816d40406d1,0xc5d563a36ae78145c45a50134d48a1215220f80a,0,14987046218227329027080984029949561275408794766325730526435811581087168625932,149.999982,157.068044,0.0,YES,2024-07-27 10:30:52+00:00,BUY,149.999982,157.068044,0.9549999998726667,0.9549999998726667,0.045
0x85932723f41777dca7431fbc8fe0f7647e58b5418269584a1eca59c10ca102dd_0x892ad0a8625b0ce4e47e0e06305f499833069f54359801c38f9e7cabd1d5ea8b,0x85932723f41777dca7431fbc8fe0f7647e58b5418269584a1eca59c10ca102dd,1722076254,0xdcc9d68a4bad9fc8becd27a03ee5b2b4feda4534,0x03f07db9dd858a673a5a60be0466d002aa1c791f,0,14987046218227329027080984029949561275408794766325730526435811581087168625932,184.414,194.12,0.0,YES,2024-07-27 10:30:54+00:00,BUY,184.414,194.12,0.95,0.95,0.05
0xe42dfd5313e6f056b6b09cd8ccf667bcaf60c22b81e7b9b6f1400efddd71fdb0_0x4a146e4066562c132fc93e94ebca39ec5050ea94a110abfd221c4cfa937d0074,0xe42dfd5313e6f056b6b09cd8ccf667bcaf60c22b81e7b9b6f1400efddd71fdb0,1722078626,0x9f83f83bdfc209c6fade8a2c77ea9667e9176cd9,0x3d7e35f7d8af59d8e8cc0c9f2a43e42c8d3855bc,14987046218227329027080984029949561275408794766325730526435811581087168625932,0,4.482781,4.285538,0.0,YES,2024-07-27 11:10:26+00:00,SELL,4.285538,4.482781,0.9559998581237852,0.9559998581237852,0.044
0x01ad3cac6937cfbb2e76b99cb9c0078563ceac0a9bb1a4c1c2e614a976f92d29_0x4a146e4066562c132fc93e94ebca39ec5050ea94a110abfd221c4cfa937d0074,0x01ad3cac6937cfbb2e76b99cb9c0078563ceac0a9bb1a4c1c2e614a976f92d29,1722078790,0x9f83f83bdfc209c6fade8a2c77ea9667e9176cd9,0x75b63e59930c471e32457cd207a8180e7de9b3d9,14987046218227329027080984029949561275408794766325730526435811581087168625932,0,10.46025,9.999999,0.0,YES,2024-07-27 11:13:10+00:00,SELL,9.999999,10.46025,0.9560000000000001,0.9560000000000001,0.044
0xff67e3cdde1ea0406e366820db992b39e322dcf2fa4d833ff34e031071aa10ac_0x4a146e4066562c132fc93e94ebca39ec5050ea94a110abfd221c4cfa937d0074,0xff67e3cdde1ea0406e366820db992b39e322dcf2fa4d833ff34e031071aa10ac,1722078850,0x9f83f83bdfc209c6fade8a2c77ea9667e9176cd9,0x4ca68b5bb9d56ae749568958ad1624cff8d9a6ed,14987046218227329027080984029949561275408794766325730526435811581087168625932,0,10.46025,9.999999,0.0,YES,2024-07-27 11:14:10+00:00,SELL,9.999999,10.46025,0.9560000000000001,0.9560000000000001,0.044
0x36ae7995bdf05be8ed553b0b4b8721903f9da44e95e7e5e5fa21009d3f5aea12_0x7af57f841293a4ec97759683e8c230b99f72ad4016efbcf230749c440430039f,0x36ae7995bdf05be8ed553b0b4b8721903f9da44e95e7e5e5fa21009d3f5aea12,1722084753,0x12541e6145d65b4c178b5a3a440c4a865c3d5738,0xc5d563a36ae78145c45a50134d48a1215220f80a,71914038773350234130553415116948415426792971631252265695143324140554345804068,0,100.0,4.5,0.0,NO,2024-07-27 12:52:33+00:00,SELL,4.5,100.0,0.045,0.955,0.045
0x577aa3a836c7a788f42b5b0fdfc15e1c55546a120e0ac401bd13d135a2aec9c2_0x0a416f34a56f5dc5db4351926a9bf3edd9fc2b7336f4267c0bb875da749ea944,0x577aa3a836c7a788f42b5b0fdfc15e1c55546a120e0ac401bd13d135a2aec9c2,1722085249,0x6297ad5fadbbfa73035b4693409b73879aa44a88,0xc5d563a36ae78145c45a50134d48a1215220f80a,0,14987046218227329027080984029949561275408794766325730526435811581087168625932,38.079988,39.874333,0.0,YES,2024-07-27 13:00:49+00:00,BUY,38.079988,39.874333,0.9549999996238182,0.9549999996238182,0.045
0xde269ea9c7fdb3fceb716b5d6f86c9e8c964dad9070404c2010ab335442181bd_0x10be903df972472603ea0ebc5198bcd6e4ce48bbb0b36363c6456434c6e1d832,0xde269ea9c7fdb3fceb716b5d6f86c9e8c964dad9070404c2010ab335442181bd,1722087465,0xdcc9d68a4bad9fc8becd27a03ee5b2b4feda4534,0xb49f468c15c49783f2664c7198a4949ade1b12e6,0,14987046218227329027080984029949561275408794766325730526435811581087168625932,4.765,5.0,0.0,YES,2024-07-27 13:37:45+00:00,BUY,4.765,5.0,0.953,0.953,0.047
0xedc8da006d0d63601096531ae9c4a77965b86b4f603b0f5eb1a6eb2acf3a9dae_0x53483e10999695d091ca326c2de6775049a4bedb76e551e5d54c64637f631629,0xedc8da006d0d63601096531ae9c4a77965b86b4f603b0f5eb1a6eb2acf3a9dae,1722087603,0x2370d48501dbbe1974b6cf228e77d459f4870e10,0xb49f468c15c49783f2664c7198a4949ade1b12e6,71914038773350234130553415116948415426792971631252265695143324140554345804068,0,69.0,3.174,0.0,NO,2024-07-27 13:40:03+00:00,SELL,3.174,69.0,0.046,0.954,0.046
0xc43c6ef09c13fe2a672fe799c860e66fe9acd784669a43762e0b506447164d88_0x53483e10999695d091ca326c2de6775049a4bedb76e551e5d54c64637f631629,0xc43c6ef09c13fe2a672fe799c860e66fe9acd784669a43762e0b506447164d88,1722087603,0x2370d48501dbbe1974b6cf228e77d459f4870e10,0xb49f468c15c49783f2664c7198a4949ade1b12e6,71914038773350234130553415116948415426792971631252265695143324140554345804068,0,147.0,6.762,0.0,NO,2024-07-27 13:40:03+00:00,SELL,6.762,147.0,0.046,0.954,0.046
0x766e0285bef4513124dc13c9507901458fdd5e3e9ffba66092da8fbf23a3ce9a_0x53483e10999695d091ca326c2de6775049a4bedb76e551e5d54c64637f631629,0x766e0285bef4513124dc13c9507901458fdd5e3e9ffba66092da8fbf23a3ce9a,1722087719,0x2370d48501dbbe1974b6cf228e77d459f4870e10,0xb49f468c15c49783f2664c7198a4949ade1b12e6,71914038773350234130553415116948415426792971631252265695143324140554345804068,0,80.0,3.68,0.0,NO,2024-07-27 13:41:59+00:00,SELL,3.68,80.0,0.046,0.954,0.046
0x00ed10df12f954e2cec992d41e031807bf70e0c78fe9fc6a88a503748b324820_0x4a146e4066562c132fc93e94ebca39ec5050ea94a110abfd221c4cfa937d0074,0x00ed10df12f954e2cec992d41e031807bf70e0c78fe9fc6a88a503748b324820,1722088709,0x9f83f83bdfc209c6fade8a2c77ea9667e9176cd9,0x12541e6145d65b4c178b5a3a440c4a865c3d5738,14987046218227329027080984029949561275408794766325730526435811581087168625932,0,34.37,32.85772,0.0,YES,2024-07-27 13:58:29+00:00,SELL,32.85772,34.37,0.9560000000000001,0.9560000000000001,0.044
0x9a0d931c119535754e9a33bdf3233935f6198f317c24910c8d9c90f711bf2d21_0xc8f4f1a683ac62f695fdc97ff6f878645382fbb5b318af5d79819c6345571a76,0x9a0d931c119535754e9a33bdf3233935f6198f317c24910c8d9c90f711bf2d21,1722090950,0x71ed0bc95433cdf1be29f43219725fce9addd9eb,0xc5d563a36ae78145c45a50134d48a1215220f80a,14987046218227329027080984029949561275408794766325730526435811581087168625932,0,500.0,476.5,0.0,YES,2024-07-27 14:35:50+00:00,SELL,476.5,500.0,0.953,0.953,0.047
0x7bc0fb150b58aec4a2f2bf1b8eff14ada10c6c2585627f3758f6bc85a2758c6f_0xd779773298183a91ed0b5b9cbeb26b65f321390f9af30d340c7c870bdcd4306c,0x7bc0fb150b58aec4a2f2bf1b8eff14ada10c6c2585627f3758f6bc85a2758c6f,1722091972,0x71ed0bc95433cdf1be29f43219725fce9addd9eb,0xc5d563a36ae78145c45a50134d48a1215220f80a,14987046218227329027080984029949561275408794766325730526435811581087168625932,0,95.0,90.535,0.0,YES,2024-07-27 14:52:52+00:00,SELL,90.535,95.0,0.953,0.953,0.047
0x323d101ae8051c8567ea11912fcb10f680c0b3367fcb71305629fb82a95d7c70_0xa895f6af4bb59730ef85eab28f51d7e4ae01ff7d829f9b6108dd17b01f70b913,0x323d101ae8051c8567ea11912fcb10f680c0b3367fcb71305629fb82a95d7c70,1722092396,0x524095fca96a0ad1e80c6cfa2e7c170929697f63,0xc5d563a36ae78145c45a50134d48a1215220f80a,0,14987046218227329027080984029949561275408794766325730526435811581087168625932,0.999991,1.047111,0.0,YES,2024-07-27 14:59:56+00:00,BUY,0.999991,1.047111,0.9549999952249572,0.9549999952249572,0.045
0xa5832183c72b80f88c9b39e4d2419017057a598271d7c5ac35fbda90c6c7ff65_0x8455be80d39f8fd974c3999a5d1869204d3d3f9e6db7ed58de2f55a6357683dc,0xa5832183c72b80f88c9b39e4d2419017057a598271d7c5ac35fbda90c6c7ff65,1722094638,0x09f97181f9f695c790f2314ed94b56a7814db24c,0xc5d563a36ae78145c45a50134d48a1215220f80a,0,14987046218227329027080984029949561275408794766325730526435811581087168625932,38.30505,40.11,0.0,YES,2024-07-27 15:37:18+00:00,BUY,38.30505,40.11,0.9550000000000001,0.9550000000000001,0.045
0x28cd686f5eaf57b5e2a66e80d8362a1fc2a036e8f2702bd98cbe05e49f75f6c2_0x411df2b673ab8818f2ceee8e1f6b86de676f7ac16329b7c45b4d3cf45dfbf25e,0x28cd686f5eaf57b5e2a66e80d8362a1fc2a036e8f2702bd98cbe05e49f75f6c2,1722094882,0x09f97181f9f695c790f2314ed94b56a7814db24c,0xc5d563a36ae78145c45a50134d48a1215220f80a,14987046218227329027080984029949561275408794766325730526435811581087168625932,0,40.11,38.18472,0.0,YES,2024-07-27 15:41:22+00:00,SELL,38.18472,40.11,0.952,0.952,0.048
0xf9680c1e79a809e148f856da99abe7ca3a6fb804db29af333e7e5be97cef4d4c_0x859c3a1dd017c352016155940367d5fc1b2017d9ce35404cf31cb80ed0e28f0b,0xf9680c1e79a809e148f856da99abe7ca3a6fb804db29af333e7e5be97cef4d4c,1722094944,0xd2d9a1f8aabd23235c37c08105ec558099c35653,0xc5d563a36ae78145c45a50134d48a1215220f80a,0,14987046218227329027080984029949561275408794766325730526435811581087168625932,4.999998,5.2356,0.0,YES,2024-07-27 15:42:24+00:00,BUY,4.999998,5.2356,0.955,0.955,0.045
0x5850aeb7d2c9b1bde08f7d0996ed2085b44a6543b26cb4421ecda8b9684602d8_0x7008b53e55a9433df455b0cae5c176fad097d518dbd40d142405cd356eda98c7,0x5850aeb7d2c9b1bde08f7d0996ed2085b44a6543b26cb4421ecda8b9684602d8,1722099447,0x2370d48501dbbe1974b6cf228e77d459f4870e10,0x4ce73141dbfce41e65db3723e31059a730f0abad,71914038773350234130553415116948415426792971631252265695143324140554345804068,0,7.23,0.34704,0.0,NO,2024-07-27 16:57:27+00:00,SELL,0.34704,7.23,0.048,0.952,0.048
0x6a57796c7f2e2613ee465cfdf3ea739216fc4193610b70ac3cb51cbedbb53ec9_0xe085f19aa6577f69ca293d549783b8b022ea2b8347899492d6b629c8edbe89f1,0x6a57796c7f2e2613ee465cfdf3ea739216fc4193610b70ac3cb51cbedbb53ec9,1722105071,0xfa1c66c8d0ec9115a5bfda4a9af57c44d3ba33c1,0xc1e308bd93c41afcc3ab24ef22602fd84738b22c,14987046218227329027080984029949561275408794766325730526435811581087168625932,0,5.235601,4.999998,0.0,YES,2024-07-27 18:31:11+00:00,SELL,4.999998,5.235601,0.9549998175949619,0.9549998175949619,0.045
0x63237f39f4e5e4c2e80d98eeb3a547574b08593d9b99aa3b8c35f2ffb2728282_0x16b136e1a101e33c3add882776776e107d176938039163a84163d1800875dcca,0x63237f39f4e5e4c2e80d98eeb3a547574b08593d9b99aa3b8c35f2ffb2728282,1722106575,0x9b837d34ed3241abe831ebb59136f1d94bc1af9c,0x4ce73141dbfce41e65db3723e31059a730f0abad,0,14987046218227329027080984029949561275408794766325730526435811581087168625932,5.712,6.0,0.0,YES,2024-07-27 18:56:15+00:00,BUY,5.712,6.0,0.952,0.952,0.048
0x79724d886f54547762fab6290a484f452ad1cab7339f8be8ee46afc155c224b6_0x52d140cd3fa06e598ce9b5fe933746e8ba4a4a9cfb9e9d4f69a0730feb3a0bbe,0x79724d886f54547762fab6290a484f452ad1cab7339f8be8ee46afc155c224b6,1722108345,0x7f692340bcc1d90b3ca3c8436e3973adb0279c7a,0xc5d563a36ae78145c45a50134d48a1215220f80a,14987046218227329027080984029949561275408794766325730526435811581087168625932,0,100.0,95.1,0.0,YES,2024-07-27 19:25:45+00:00,SELL,95.1,100.0,0.951,0.951,0.049
0x3e1c7f346c63bb793c319c22c0dbcb5302253dbc8e710532b27d8063b7549704_0xde749dd5ea811a907e1c3f9e63ab3544d383d81581b7beaf9b20e15542c6da15,0x3e1c7f346c63bb793c319c22c0dbcb5302253dbc8e710532b27d8063b7549704,1722108649,0x7f692340bcc1d90b3ca3c8436e3973adb0279c7a,0xc5d563a36ae78145c45a50134d48a1215220f80a,14987046218227329027080984029949561275408794766325730526435811581087168625932,0,500.0,474.031,0.0,YES,2024-07-27 19:30:49+00:00,SELL,474.031,500.0,0.948062,0.948062,0.051938
0x5bb6599e7215b188e8441e05b84dc5631aee05d5c6b0583e86e140e315c18f8b_0xa53ad854d2af5f0e6687128ecae6691f97fc940fd1d551dc378c39e21deaae11,0x5bb6599e7215b188e8441e05b84dc5631aee05d5c6b0583e86e140e315c18f8b,1722112959,0xfe911a4e80ee71b47cd1ee690733ac4062e970ff,0xf98865189f61578e72d30f4f0dc3681d81a3c801,0,14987046218227329027080984029949561275408794766325730526435811581087168625932,56.7,60.0,0.0,YES,2024-07-27 20:42:39+00:00,BUY,56.7,60.0,0.9450000000000001,0.9450000000000001,0.055
0x89e03e1740544eaa858a4585c863912c69d739397f484a51042c1bb5967e2e09_0x5ca816073e6a79c1dfc046ad87b84b054cdb76a0a735a7f54026350660a09efe,0x89e03e1740544eaa858a4585c863912c69d739397f484a51042c1bb5967e2e09,1722113481,0x524095fca96a0ad1e80c6cfa2e7c170929697f63,0xc5d563a36ae78145c45a50134d48a1215220f80a,14987046218227329027080984029949561275408794766325730526435811581087168625932,0,1.04,0.9828,0.0,YES,2024-07-27 20:51:21+00:00,SELL,0.9828,1.04,0.945,0.945,0.055
0x6f60633db94da9898e68446188a44d4fad328ff28949ba74a9f1de4b1062c8ac_0xa53ad854d2af5f0e6687128ecae6691f97fc940fd1d551dc378c39e21deaae11,0x6f60633db94da9898e68446188a44d4fad328ff28949ba74a9f1de4b1062c8ac,1722115443,0xfe911a4e80ee71b47cd1ee690733ac4062e970ff,0xeb027bfb6fe6a6fca49ef2bbc4db2085f375fdb2,0,14987046218227329027080984029949561275408794766325730526435811581087168625932,94.5,100.0,0.0,YES,2024-07-27 21:24:03+00:00,BUY,94.5,100.0,0.945,0.945,0.055
0x4a83f8ab562b5db0508b33ca60cdfd98106751d451a4e69be1d4130b876d62e9_0x966c1e1699316268920a3eff8acc615c7062c205784c7788a65ab4dd48d33dc8,0x4a83f8ab562b5db0508b33ca60cdfd98106751d451a4e69be1d4130b876d62e9,1722115751,0xf0b0ef1d6320c6be896b4c9c54dd74407e7f8cab,0x62f80a663a4d94efa06843002ff5d512ca7f7737,14987046218227329027080984029949561275408794766325730526435811581087168625932,0,6.01,5.7095,0.0,YES,2024-07-27 21:29:11+00:00,SELL,5.7095,6.01,0.9500000000000001,0.9500000000000001,0.05
0xa0df6a61276a0cab025aa01ad1d6260000fd6d229295976b4761a11178a27984_0xa36695ab919ee193cd7aabbc37d98f47acc12b4835cf37d2ce5d3941612a3de3,0xa0df6a61276a0cab025aa01ad1d6260000fd6d229295976b4761a11178a27984,1722116951,0x62f80a663a4d94efa06843002ff5d512ca7f7737,0xc5d563a36ae78145c45a50134d48a1215220f80a,0,14987046218227329027080984029949561275408794766325730526435811581087168625932,47.55,50.0,0.0,YES,2024-07-27 21:49:11+00:00,BUY,47.55,50.0,0.951,0.951,0.049
0x8461d457bc46e35b965607f5e3a0970e57f01f822c5df59d45aff4a9015f5874_0x8f6493f77a5975a02e6f02278db36566aa51fff74d6d559535f6cf50e277f626,0x8461d457bc46e35b965607f5e3a0970e57f01f822c5df59d45aff4a9015f5874,1722116969,0x62f80a663a4d94efa06843002ff5d512ca7f7737,0xc5d563a36ae78145c45a50134d48a1215220f80a,0,14987046218227329027080984029949561275408794766325730526435811581087168625932,47.55,50.0,0.0,YES,2024-07-27 21:49:29+00:00,BUY,47.55,50.0,0.951,0.951,0.049
0x8758ef273cfdaaa890057d73dedc3dc0e3f2da0cac2eb11160cb0349b4b7ee19_0x0589250bce69f1f32038d4ec82809539eec8e26534df1ee97a4d9ff0e82226f7,0x8758ef273cfdaaa890057d73dedc3dc0e3f2da0cac2eb11160cb0349b4b7ee19,1722117101,0x62f80a663a4d94efa06843002ff5d512ca7f7737,0xc5d563a36ae78145c45a50134d48a1215220f80a,0,14987046218227329027080984029949561275408794766325730526435811581087168625932,47.55,50.0,0.0,YES,2024-07-27 21:51:41+00:00,BUY,47.55,50.0,0.951,0.951,0.049
0xf03727372b793c15d62f4fa60d733a2edf879d8b4ca36f165ac4af254a2ec48f_0x81959da66e1cc95eda8122875e904019b0654e461416295d39b65cbadcc5bf5d,0xf03727372b793c15d62f4fa60d733a2edf879d8b4ca36f165ac4af254a2ec48f,1722121279,0xaaf4acafbb7980ce93631d238eb10a5c4ca67883,0xc0f873e713b2d344fe2efa67f91c517af535650d,14987046218227329027080984029949561275408794766325730526435811581087168625932,0,1.050419,0.999998,0.0,YES,2024-07-27 23:01:19+00:00,SELL,0.999998,1.050419,0.95199915462306,0.95199915462306,0.048001
0x2ef1de612b5329e7922c20f4551bb6de982c74ad66c97f5e6160e6e37819e20f_0x81959da66e1cc95eda8122875e904019b0654e461416295d39b65cbadcc5bf5d,0x2ef1de612b5329e7922c20f4551bb6de982c74ad66c97f5e6160e6e37819e20f,1722121673,0xaaf4acafbb7980ce93631d238eb10a5c4ca67883,0xc0f873e713b2d344fe2efa67f91c517af535650d,14987046218227329027080984029949561275408794766325730526435811581087168625932,0,1.050419,0.999998,0.0,YES,2024-07-27 23:07:53+00:00,SELL,0.999998,1.050419,0.95199915462306,0.95199915462306,0.048001
0x4c2a38ade3c0e00695b030d0ce800f03b0fb3896a76cef770319eb937cd0ef19_0x81959da66e1cc95eda8122875e904019b0654e461416295d39b65cbadcc5bf5d,0x4c2a38ade3c0e00695b030d0ce800f03b0fb3896a76cef770319eb937cd0ef19,1722122773,0xaaf4acafbb7980ce93631d238eb10a5c4ca67883,0x6d3d79c366d5d12076a0249c4eb63a9e4dc122e5,14987046218227329027080984029949561275408794766325730526435811581087168625932,0,1.050419,0.999998,0.0,YES,2024-07-27 23:26:13+00:00,SELL,0.999998,1.050419,0.95199915462306,0.95199915462306,0.048001
0xf71f77b1b93c2349491c5b4ee9e9384e791399db3918d4a789016456d2234e82_0x866dfb49f4a13557c65f6a305ef9f0cbe8be1d21f073047949566a8d4f1f3396,0xf71f77b1b93c2349491c5b4ee9e9384e791399db3918d4a789016456d2234e82,1722125847,0x2370d48501dbbe1974b6cf228e77d459f4870e10,0x843409738e5533ce49d5f45d024b88ee61da34b9,71914038773350234130553415116948415426792971631252265695143324140554345804068,0,150.0,7.35,0.0,NO,2024-07-28 00:17:27+00:00,SELL,7.35,150.0,0.048999999999999995,0.951,0.048999999999999995
0xfb96facccd906bf0fd70dda782a0d7da6999120026d8518d11088545d05d2d07_0x48351b807c2c90309cd2477026fe20369bddc2fad5de0408a15ada4497296d73,0xfb96facccd906bf0fd70dda782a0d7da6999120026d8518d11088545d05d2d07,1722130340,0xdcc9d68a4bad9fc8becd27a03ee5b2b4feda4534,0xde242261bcd8d4320113f12230da34d705ca25a8,0,14987046218227329027080984029949561275408794766325730526435811581087168625932,950.0,1000.0,0.0,YES,2024-07-28 01:32:20+00:00,BUY,950.0,1000.0,0.95,0.95,0.05
0x415c72eb08878699562f3f5ea82d6e552951490e0e06b48fd9793ba983a92391_0x8795b5b08f1efc8efd0312bf81d62077fa92f2b909ff2cd19edd89c3102f5984,0x415c72eb08878699562f3f5ea82d6e552951490e0e06b48fd9793ba983a92391,1722130352,0xfa1c66c8d0ec9115a5bfda4a9af57c44d3ba33c1,0xde242261bcd8d4320113f12230da34d705ca25a8,0,14987046218227329027080984029949561275408794766325730526435811581087168625932,4.95804,5.23,0.0,YES,2024-07-28 01:32:32+00:00,BUY,4.95804,5.23,0.9479999999999998,0.9479999999999998,0.052
0xf14c8092bef008b3b8b0467253f3883da52c6b26443e9e5bea9d2ae63abdf08b_0x1cfdff3501e16d5befad4fe8f8a03f82ffed4e25557974bc665150d2e1edd2ea,0xf14c8092bef008b3b8b0467253f3883da52c6b26443e9e5bea9d2ae63abdf08b,1722130568,0x6b7ec4ba079c0a258435ea36025f6190cd424562,0xde242261bcd8d4320113f12230da34d705ca25a8,0,14987046218227329027080984029949561275408794766325730526435811581087168625932,705.75,750.0,0.0,YES,2024-07-28 01:36:08+00:00,BUY,705.75,750.0,0.941,0.941,0.059
0x34d01beb4e4fc692ad2aa776bf2487394af8df42aa9302bb11299ae876098f5b_0x7903db6c12ff4cb947bfb0fdd8be06ae846ff7c55214afbe37bc08b13a30488f,0x34d01beb4e4fc692ad2aa776bf2487394af8df42aa9302bb11299ae876098f5b,1722130578,0xfe911a4e80ee71b47cd1ee690733ac4062e970ff,0xde242261bcd8d4320113f12230da34d705ca25a8,0,14987046218227329027080984029949561275408794766325730526435811581087168625932,676.8,720.0,0.0,YES,2024-07-28 01:36:18+00:00,BUY,676.8,720.0,0.94,0.94,0.06
0x8eda406db39d70e2c2944bdac92078e446f1b231cd6e5713a8c964264c79c04b_0x96ceec33a8bdf3d4b6758d87430bad29617da719d356d6deaa94cf6313c370ef,0x8eda406db39d70e2c2944bdac92078e446f1b231cd6e5713a8c964264c79c04b,1722133138,0xf0b0ef1d6320c6be896b4c9c54dd74407e7f8cab,0x4cfdef585d9fb7fc43ea537391c6f1968114dc82,14987046218227329027080984029949561275408794766325730526435811581087168625932,0,5.99,5.68451,0.0,YES,2024-07-28 02:18:58+00:00,SELL,5.68451,5.99,0.9490000000000001,0.9490000000000001,0.051
0xa68880b80cee751a1775561b50e2a7551e73685ad1002b35202525eab2cd128e_0x633e8f419b1e9c7f272131f3b05ce437336edb6b8001812d909418c705a46073,0xa68880b80cee751a1775561b50e2a7551e73685ad1002b35202525eab2cd128e,1722133884,0x4cfdef585d9fb7fc43ea537391c6f1968114dc82,0xc5d563a36ae78145c45a50134d48a1215220f80a,14987046218227329027080984029949561275408794766325730526435811581087168625932,0,100.0,93.7,0.0,YES,2024-07-28 02:31:24+00:00,SELL,93.7,100.0,0.937,0.937,0.063
0x043ca983576f2dab2d4f068e74f1782bcf12642d95e71bae06c07c29a18304a3_0xa3a987c4125bcafab8bfb8b515b7c7f4333cba855e03068e6f519ed4162699e1,0x043ca983576f2dab2d4f068e74f1782bcf12642d95e71bae06c07c29a18304a3,1722138465,0xa31a95d7ef50832add95be9c64f81ef75380ff08,0xc5d563a36ae78145c45a50134d48a1215220f80a,0,14987046218227329027080984029949561275408794766325730526435811581087168625932,1.999989,2.10747,0.0,YES,2024-07-28 03:47:45+00:00,BUY,1.999989,2.10747,0.9489999857649218,0.9489999857649218,0.051
0x3786ed1a6081949ffa43f332c0aea653afeca5b53064bac7bee84e3ca9cbb927_0x9e8e9ee6bcd9d8272d092db804864e78a547a88d3eb1dd98173b5799da291a0d,0x3786ed1a6081949ffa43f332c0aea653afeca5b53064bac7bee84e3ca9cbb927,1722139241,0x7d767ca4d91949a130a4a41f82cc399355d8c3c1,0xc5d563a36ae78145c45a50134d48a1215220f80a,0,14987046218227329027080984029949561275408794766325730526435811581087168625932,0.999985,1.053725,0.0,YES,2024-07-28 04:00:41+00:00,BUY,0.999985,1.053725,0.9489999762746447,0.9489999762746447,0.051
0x90f2efd1e974fbced1cd472651668b731ddb1d09bbc6accba10fff8b7713dfaa_0x3703b95320ad85acb2af9987e277b88d92c3c9b3ff85e3d588206a8296c511d3,0x90f2efd1e974fbced1cd472651668b731ddb1d09bbc6accba10fff8b7713dfaa,1722139509,0x74c6703ccceaa2d83ff61ce3374524d7f95688cd,0xc5d563a36ae78145c45a50134d48a1215220f80a,14987046218227329027080984029949561275408794766325730526435811581087168625932,0,26.93,25.23341,0.0,YES,2024-07-28 04:05:09+00:00,SELL,25.23341,26.93,0.9369999999999999,0.9369999999999999,0.063
0x639d7ce3c55e1ead8d846a510941bcc6fb6043415dbbaaea98d8ae2f4e72f6e3_0x0681e8b6530e3d0c27b1e8fdaa2253909ed2058daeb1b1b93cf2686e0f4b5c6a,0x639d7ce3c55e1ead8d846a510941bcc6fb6043415dbbaaea98d8ae2f4e72f6e3,1722142393,0xf55787e6786979837cbbe47a12e7b66572de8f82,0xc5d563a36ae78145c45a50134d48a1215220f80a,0,14987046218227329027080984029949561275408794766325730526435811581087168625932,0.999985,1.053725,0.0,YES,2024-07-28 04:53:13+00:00,BUY,0.999985,1.053725,0.9489999762746447,0.9489999762746447,0.051
0xfd16fdc1f82101fc1364403e061341d4774d8f863152cc2ecc46ab6c63eaba87_0xe9e7977d3f2584619ed058ab12b1bd82321ee291dce9233988d935b317d38630,0xfd16fdc1f82101fc1364403e061341d4774d8f863152cc2ecc46ab6c63eaba87,1722146278,0x68452cec335171d28c998cf936c1aa019bbfd2b3,0xc5d563a36ae78145c45a50134d48a1215220f80a,0,14987046218227329027080984029949561275408794766325730526435811581087168625932,0.099998,0.105372,0.0,YES,2024-07-28 05:57:58+00:00,BUY,0.099998,0.105372,0.94899973427476,0.94899973427476,0.051
0x2ccb113d82715f52c2c4e49ebdda33b976a6372f68b8970e178a645555299fa4_0xc02ab57fbd723d4063d6d5bf93cef8885398e4b033a08284aad1bb438d03b0e5,0x2ccb113d82715f52c2c4e49ebdda33b976a6372f68b8970e178a645555299fa4,1722146286,0x68452cec335171d28c998cf936c1aa019bbfd2b3,0xc5d563a36ae78145c45a50134d48a1215220f80a,14987046218227329027080984029949561275408794766325730526435811581087168625932,0,0.1,0.0937,0.0,YES,2024-07-28 05:58:06+00:00,SELL,0.0937,0.1,0.937,0.937,0.063
0x9382347b42b0ccbf2ad3042feb59c49eea58da2d6447407b99c4ef29c49747ea_0x1ec9b5fcb2267c982254682aba6717ed11654c86b590089e18fcacbc3cbb9258,0x9382347b42b0ccbf2ad3042feb59c49eea58da2d6447407b99c4ef29c49747ea,1722146832,0xd0492d94c373317a1c0d7ac69177d311067139ff,0xc5d563a36ae78145c45a50134d48a1215220f80a,0,14987046218227329027080984029949561275408794766325730526435811581087168625932,0.999985,1.053725,0.0,YES,2024-07-28 06:07:12+00:00,BUY,0.999985,1.053725,0.9489999762746447,0.9489999762746447,0.051
0xfa888d982071a70a6653073f88ff4d39944ec0814c3f0e3c7bc75afe18f8bd20_0x8e514aabb3d76331ead099977a6f5129ff82ba2151b258269372304c09299ae7,0xfa888d982071a70a6653073f88ff4d39944ec0814c3f0e3c7bc75afe18f8bd20,1722147752,0xe6d6864e4b30e3eec30248a3387e2d9717bf810b,0xc5d563a36ae78145c45a50134d48a1215220f80a,0,14987046218227329027080984029949561275408794766325730526435811581087168625932,0.999985,1.053725,0.0,YES,2024-07-28 06:22:32+00:00,BUY,0.999985,1.053725,0.9489999762746447,0.9489999762746447,0.051
0xa81bb18543e89750ec2d5ca2dcd6a44aff03894e55c3f78c6c54f97e66441138_0x4fe937b3c2e28bb73dfb109f8d558326188c02c12da7e53d597365cca14dea7c,0xa81bb18543e89750ec2d5ca2dcd6a44aff03894e55c3f78c6c54f97e66441138,1722149062,0xf0b0ef1d6320c6be896b4c9c54dd74407e7f8cab,0xc5d563a36ae78145c45a50134d48a1215220f80a,14987046218227329027080984029949561275408794766325730526435811581087168625932,0,5.99,5.64258,0.0,YES,2024-07-28 06:44:22+00:00,SELL,5.64258,5.99,0.942,0.942,0.058
0xe1dcac1b4fbff2741e4e2d1b58a6fd892b424aa4d770354612d2f8318aae99ea_0xde1992dbb41b45b593e3154e6f1caa2135453f9c77a37b906d1c4b0b87b12546,0xe1dcac1b4fbff2741e4e2d1b58a6fd892b424aa4d770354612d2f8318aae99ea,1722150106,0xb03106ab7cedaf0b770619846e8660be2cc399d8,0xc5d563a36ae78145c45a50134d48a1215220f80a,0,14987046218227329027080984029949561275408794766325730526435811581087168625932,5.999995,6.335792,0.0,YES,2024-07-28 07:01:46+00:00,BUY,5.999995,6.335792,0.9469999962119969,0.9469999962119969,0.053
0xec4094a1abaf6781540dccff3a7096d2e3f6da3202794c81aacfaa9c39915348_0xd926522d4a19b2bb50c9a2f9d1faff8fa26ffe194c2eb5d7a273671c6296f6c2,0xec4094a1abaf6781540dccff3a7096d2e3f6da3202794c81aacfaa9c39915348,1722150900,0xfa1c66c8d0ec9115a5bfda4a9af57c44d3ba33c1,0x60ccade964477a2056dfd8e14f96c7ed3872d9f1,14987046218227329027080984029949561275408794766325730526435811581087168625932,0,1.053739,0.999998,0.0,YES,2024-07-28 07:15:00+00:00,SELL,0.999998,1.053739,0.9489997048605016,0.9489997048605016,0.051
0x0529cc620a279960b567e07c08c2c584611821004b6e7cd7b6abdb5a649ba15c_0x078e0d8daa03c11334621950e4dfe133cbc12874df9821015ba46afec52321a6,0x0529cc620a279960b567e07c08c2c584611821004b6e7cd7b6abdb5a649ba15c,1722151799,0xfa1c66c8d0ec9115a5bfda4a9af57c44d3ba33c1,0xa61e0a54c8e5a02a929a43fc9b254f16aacb2c96,14987046218227329027080984029949561275408794766325730526435811581087168625932,0,1.054851,0.999998,0.0,YES,2024-07-28 07:29:59+00:00,SELL,0.999998,1.054851,0.9479992908951123,0.9479992908951123,0.052001
0x2bb78c8767fa5d2b780350af7cf68781fd2dcf8187dc637d531f72f49ea82aa0_0x191c0d314786c2d71b66e793f622469f36c63867c8a8e853cb1b276a846396e6,0x2bb78c8767fa5d2b780350af7cf68781fd2dcf8187dc637d531f72f49ea82aa0,1722153098,0xd37b597ab94baef617412017023c9ecdfe8fedb2,0xc5d563a36ae78145c45a50134d48a1215220f80a,0,14987046218227329027080984029949561275408794766325730526435811581087168625932,100.049996,105.649415,0.0,YES,2024-07-28 07:51:38+00:00,BUY,100.049996,105.649415,0.9469999999526736,0.9469999999526736,0.053
0x9720c6643e3a2c6c4bc4071bfa36c14877184d6f639114eb39ee661cbe984f61_0xf7202304d5026f415410b8298e999f24c890637c0488ce4b0737d7e916f57233,0x9720c6643e3a2c6c4bc4071bfa36c14877184d6f639114eb39ee661cbe984f61,1722154566,0xd2d9a1f8aabd23235c37c08105ec558099c35653,0xc5d563a36ae78145c45a50134d48a1215220f80a,14987046218227329027080984029949561275408794766325730526435811581087168625932,0,5.23,4.92666,0.0,YES,2024-07-28 08:16:06+00:00,SELL,4.92666,5.23,0.942,0.942,0.058
0x84e7ba7825f1febd431a3636fe2a0513c451ed28e310f74d6476081a95fa3910_0x76b263647f14003d8d6bac1ad0cac5b47ed137617bc4e5bdc2ecd6f2f13de3f2,0x84e7ba7825f1febd431a3636fe2a0513c451ed28e310f74d6476081a95fa3910,1722155418,0x6aa5b52d4166c8f31e84b7573559850cee491c14,0xc5d563a36ae78145c45a50134d48a1215220f80a,0,14987046218227329027080984029949561275408794766325730526435811581087168625932,0.999999,1.0582,0.0,YES,2024-07-28 08:30:18+00:00,BUY,0.999999,1.0582,0.945,0.945,0.055
0xa3c75816cc5aac07e4c7d62aa2a0f95e1f24fb84ae17dc35a12b1c1f231cc316_0x11d8631cc737c18e3a2fc842d14176ffe6f3bcb9aad56909fee628f6bb526007,0xa3c75816cc5aac07e4c7d62aa2a0f95e1f24fb84ae17dc35a12b1c1f231cc316,1722156970,0x130494575bc1b9d218f63a051c2d561aed98e8e1,0xc5d563a36ae78145c45a50134d48a1215220f80a,0,14987046218227329027080984029949561275408794766325730526435811581087168625932,0.999992,1.057074,0.0,YES,2024-07-28 08:56:10+00:00,BUY,0.999992,1.057074,0.9459999962159696,0.9459999962159696,0.054
0xb94db7267a01b2d09c1b7439517752055098bf282365963551ca9f4e4c412199_0x7e7bd53eadcff11d2a2b69564d3d21c9c178db735491a9d1d0a261eac4f71897,0xb94db7267a01b2d09c1b7439517752055098bf282365963551ca9f4e4c412199,1722156996,0xa5b247bbad761ce5dfa9db1e86d2614427af5fcd,0xc5d563a36ae78145c45a50134d48a1215220f80a,0,14987046218227329027080984029949561275408794766325730526435811581087168625932,20.999991,22.198722,0.0,YES,2024-07-28 08:56:36+00:00,BUY,20.999991,22.198722,0.9459999994594284,0.9459999994594284,0.054
0xf496a14bdf9cd86c92240ee15ebfd522ca8a5ffdf4c2a10088d25b1c448530e8_0x8c0e2026410fbd8eb20f7c08b20b7abed5fb62c0e3a0aa389d3431e9a4be1154,0xf496a14bdf9cd86c92240ee15ebfd522ca8a5ffdf4c2a10088d25b1c448530e8,1722158104,0xdb2c3df469698b2ca5e8c948965dba554051287a,0xc5d563a36ae78145c45a50134d48a1215220f80a,0,14987046218227329027080984029949561275408794766325730526435811581087168625932,0.999992,1.057074,0.0,YES,2024-07-28 09:15:04+00:00,BUY,0.999992,1.057074,0.9459999962159696,0.9459999962159696,0.054
0x6857150b2cefaa062bcfdf272dcbea9d61dfed2869124f3eedebd3ffb7acea6f_0x078e0d8daa03c11334621950e4dfe133cbc12874df9821015ba46afec52321a6,0x6857150b2cefaa062bcfdf272dcbea9d61dfed2869124f3eedebd3ffb7acea6f,1722160414,0xfa1c66c8d0ec9115a5bfda4a9af57c44d3ba33c1,0xac57709c7dcae0546ce02fd5b4fe7a6783011169,14987046218227329027080984029949561275408794766325730526435811581087168625932,0,100.240769,95.028249,0.0,YES,2024-07-28 09:53:34+00:00,SELL,95.028249,100.240769,0.9479999998802883,0.9479999998802883,0.052
0xe944768030216239ea0f05421a576dd1650464539b8eeb1b256a5414f713c6d2_0x6fed6167020afdd9e659b4f9e7ad5d197007b885d9ffc3537cef06513f31e319,0xe944768030216239ea0f05421a576dd1650464539b8eeb1b256a5414f713c6d2,1722162530,0x2370d48501dbbe1974b6cf228e77d459f4870e10,0xb49f468c15c49783f2664c7198a4949ade1b12e6,71914038773350234130553415116948415426792971631252265695143324140554345804068,0,113.0,6.102,0.0,NO,2024-07-28 10:28:50+00:00,SELL,6.102,113.0,0.054,0.946,0.054
0xbd845800843bad3c3cee9866adf26b5da7134f71c904b4edd60d102c1810e216_0x0f6b8718188497dc78f70ad79351004ec7ec7b060f97001102611920d3470583,0xbd845800843bad3c3cee9866adf26b5da7134f71c904b4edd60d102c1810e216,1722162532,0xfa1c66c8d0ec9115a5bfda4a9af57c44d3ba33c1,0xb49f468c15c49783f2664c7198a4949ade1b12e6,0,14987046218227329027080984029949561275408794766325730526435811581087168625932,94.7,100.0,0.0,YES,2024-07-28 10:28:52+00:00,BUY,94.7,100.0,0.9470000000000001,0.9470000000000001,0.053
0x4b32d75ac68ac02576331fee81eda9b9d2c77de15b3379e34e4183421aa7301f_0x884d97155b8189eb9f419f4150cf276ecf2c1c98bee9e696c49cdc44a0c10cca,0x4b32d75ac68ac02576331fee81eda9b9d2c77de15b3379e34e4183421aa7301f,1722166740,0x8c3a28e855ab3bc35dae91685c944d0240061e1f,0xc5d563a36ae78145c45a50134d48a1215220f80a,0,14987046218227329027080984029949561275408794766325730526435811581087168625932,0.499996,0.528537,0.0,YES,2024-07-28 11:39:00+00:00,BUY,0.499996,0.528537,0.9459999962159696,0.9459999962159696,0.054
0xf694ba9a73ba5da29f8a986e34e793a101b38c369c7c0efb562b6270e85cc98a_0x55b5a1d3103b0a8403e7fef262eb92377638ed5e1c7d298fbfe5dbd9ace32ca6,0xf694ba9a73ba5da29f8a986e34e793a101b38c369c7c0efb562b6270e85cc98a,1722168385,0xdcc9d68a4bad9fc8becd27a03ee5b2b4feda4534,0xde242261bcd8d4320113f12230da34d705ca25a8,0,14987046218227329027080984029949561275408794766325730526435811581087168625932,752.8,800.0,0.0,YES,2024-07-28 12:06:25+00:00,BUY,752.8,800.0,0.941,0.941,0.059
0xa9041319558f25da1baba2961f02bd4d6598771baa134faef31798131015be81_0xa34d637f2187682cd1f3717066c9dac7877a2c1c85cc9212efb4c51b445143a2,0xa9041319558f25da1baba2961f02bd4d6598771baa134faef31798131015be81,1722172959,0xf0b0ef1d6320c6be896b4c9c54dd74407e7f8cab,0xb49f468c15c49783f2664c7198a4949ade1b12e6,0,14987046218227329027080984029949561275408794766325730526435811581087168625932,5.64,6.0,0.0,YES,2024-07-28 13:22:39+00:00,BUY,5.64,6.0,0.94,0.94,0.06
0x945dc49da35f035d4d33952b33ee9638a96e6cd8614e93e5de9ee2b4143e100b_0x40872affab5cebd9e53464bd24da34486d517f2e192ba3c5fa4d8a7863d077d2,0x945dc49da35f035d4d33952b33ee9638a96e6cd8614e93e5de9ee2b4143e100b,1722172961,0x4d5710f777987f0b006d354ed2ca312ac32cda89,0xb49f468c15c49783f2664c7198a4949ade1b12e6,0,14987046218227329027080984029949561275408794766325730526435811581087168625932,7.512,8.0,0.0,YES,2024-07-28 13:22:41+00:00,BUY,7.512,8.0,0.939,0.939,0.061
0x3d08fd12219fc71be75199194ac8aec6d0ca98925260e61d05828b91c3fbbcde_0x1aed8aadaf11e0d11d541ccc51cc71316467b65fd5bd47aee55e1d135b92d95b,0x3d08fd12219fc71be75199194ac8aec6d0ca98925260e61d05828b91c3fbbcde,1722175621,0xf0b0ef1d6320c6be896b4c9c54dd74407e7f8cab,0x5ab94f7d171164e5eaf49ed4a494c623bf7933f4,14987046218227329027080984029949561275408794766325730526435811581087168625932,0,1.0582,0.999999,0.0,YES,2024-07-28 14:07:01+00:00,SELL,0.999999,1.0582,0.945,0.945,0.055
0xf058ed0f088de618f274af0770dbf7df5e6bd291a0cc822849f0f942b6556ed0_0x1aed8aadaf11e0d11d541ccc51cc71316467b65fd5bd47aee55e1d135b92d95b,0xf058ed0f088de618f274af0770dbf7df5e6bd291a0cc822849f0f942b6556ed0,1722175975,0xf0b0ef1d6320c6be896b4c9c54dd74407e7f8cab,0xa05c6156400e32b4117040d849bf775e328edfb6,14987046218227329027080984029949561275408794766325730526435811581087168625932,0,1.0582,0.999999,0.0,YES,2024-07-28 14:12:55+00:00,SELL,0.999999,1.0582,0.945,0.945,0.055
0xd3a352f39fd84945f87dbc57d3c4eac3b267d945dbdb5398922978321edaa7d7_0x40872affab5cebd9e53464bd24da34486d517f2e192ba3c5fa4d8a7863d077d2,0xd3a352f39fd84945f87dbc57d3c4eac3b267d945dbdb5398922978321edaa7d7,1722177653,0x4d5710f777987f0b006d354ed2ca312ac32cda89,0x4ce73141dbfce41e65db3723e31059a730f0abad,0,14987046218227329027080984029949561275408794766325730526435811581087168625932,0.29109,0.31,0.0,YES,2024-07-28 14:40:53+00:00,BUY,0.29109,0.31,0.9390000000000001,0.9390000000000001,0.061
0x0285c9fbe44acba899a9af332789805a42ea11c97f124e7d932093e0285062f0_0xdfb6aa6d9cfe432d661d03dc0b63b63dc3fd367db8ad133d293a75556c409a80,0x0285c9fbe44acba899a9af332789805a42ea11c97f124e7d932093e0285062f0,1722177709,0xe01ea3ccea2a07641127d2b781817a747c07f755,0x4ce73141dbfce41e65db3723e31059a730f0abad,0,14987046218227329027080984029949561275408794766325730526435811581087168625932,6.55662,6.99,0.0,YES,2024-07-28 14:41:49+00:00,BUY,6.55662,6.99,0.938,0.938,0.062
0xe00bb9a3d1bdd5284c1eeb4b7b3572bcea7d9c6560ba3a2b3e0f00752992d537_0xaf1f79a97590b0042a7d05051e6ac8d7a7e562f818cb42ce9ef05acfaaf553fc,0xe00bb9a3d1bdd5284c1eeb4b7b3572bcea7d9c6560ba3a2b3e0f00752992d537,1722177713,0xc449e7593d00104cee02845423a2c7d8e9c6f3d5,0x4ce73141dbfce41e65db3723e31059a730f0abad,0,14987046218227329027080984029949561275408794766325730526435811581087168625932,12.45273,13.29,0.0,YES,2024-07-28 14:41:53+00:00,BUY,12.45273,13.29,0.9370000000000002,0.9370000000000002,0.063
0x60cb04f2fe6ca6369f84f9a1a4678d8342ac1136483a5dbde21b669183f40bd2_0x267e99aa13295a0148b215a2dcef13cf4c2a10bb7dc710cb1bd45b6697eb1a9c,0x60cb04f2fe6ca6369f84f9a1a4678d8342ac1136483a5dbde21b669183f40bd2,1722177715,0xef1e6addb00ef8f18dba585244d84af38e9aabd8,0x4ce73141dbfce41e65db3723e31059a730f0abad,0,14987046218227329027080984029949561275408794766325730526435811581087168625932,5.45334,5.82,0.0,YES,2024-07-28 14:41:55+00:00,BUY,5.45334,5.82,0.9369999999999999,0.9369999999999999,0.063
0x9328b362fb460aee2ba932f765a0485510633c2a430ef7c81e81871dc63849f1_0x0d16490c9a792f4cf608d676320963471cf33cf6d186ec160e92fd5a1a57bc94,0x9328b362fb460aee2ba932f765a0485510633c2a430ef7c81e81871dc63849f1,1722177721,0xc449e7593d00104cee02845423a2c7d8e9c6f3d5,0x4ce73141dbfce41e65db3723e31059a730f0abad,0,14987046218227329027080984029949561275408794766325730526435811581087168625932,21.0132,22.45,0.0,YES,2024-07-28 14:42:01+00:00,BUY,21.0132,22.45,0.936,0.936,0.064
0x1d49dc244358008a1fa20a7556386782cc8c42c7f3d0815f1d8249552bc54ba9_0x0d16490c9a792f4cf608d676320963471cf33cf6d186ec160e92fd5a1a57bc94,0x1d49dc244358008a1fa20a7556386782cc8c42c7f3d0815f1d8249552bc54ba9,1722177723,0xc449e7593d00104cee02845423a2c7d8e9c6f3d5,0x4ce73141dbfce41e65db3723e31059a730f0abad,0,14987046218227329027080984029949561275408794766325730526435811581087168625932,460.00656,491.46,0.0,YES,2024-07-28 14:42:03+00:00,BUY,460.00656,491.46,0.9359999999999999,0.9359999999999999,0.064
0x190b18a0123be0f4cbf0267f0b68667f84227db617507437b90b2021552f2122_0x3648bfa6bf15f87cf955730a6573c59287e07771ff054d2e43a4694fd2c26278,0x190b18a0123be0f4cbf0267f0b68667f84227db617507437b90b2021552f2122,1722177727,0x71ed0bc95433cdf1be29f43219725fce9addd9eb,0xc5d563a36ae78145c45a50134d48a1215220f80a,14987046218227329027080984029949561275408794766325730526435811581087168625932,0,470.0,439.92,0.0,YES,2024-07-28 14:42:07+00:00,SELL,439.92,470.0,0.936,0.936,0.064
0x8c8f8f63b36fc483b6a48264dd068a5b2df9867dc5ebcaa2a6f55314e8cec6c7_0x75e87c6500e27f4f7ce42144820d7078daad4bef28b5a2907e868e7fda7edbd6,0x8c8f8f63b36fc483b6a48264dd068a5b2df9867dc5ebcaa2a6f55314e8cec6c7,1722179273,0xed107a85a4585a381e48c7f7ca4144909e7dd2e5,0xb49f468c15c49783f2664c7198a4949ade1b12e6,0,14987046218227329027080984029949561275408794766325730526435811581087168625932,7.52,8.0,0.0,YES,2024-07-28 15:07:53+00:00,BUY,7.52,8.0,0.94,0.94,0.06
0xe51c0533300f8f82782cd763148c982a885bb74f1ab4467f0c77366860e16f2e_0xcc626aced11ff363af4826fc27692d5a7450740df18bb61dab561519861801d0,0xe51c0533300f8f82782cd763148c982a885bb74f1ab4467f0c77366860e16f2e,1722179949,0xf0b0ef1d6320c6be896b4c9c54dd74407e7f8cab,0xb49f468c15c49783f2664c7198a4949ade1b12e6,0,14987046218227329027080984029949561275408794766325730526435811581087168625932,5.658,6.0,0.0,YES,2024-07-28 15:19:09+00:00,BUY,5.658,6.0,0.9430000000000001,0.9430000000000001,0.057
0x2ea7c682a8789ae4db0134f675913ac40c61cd576d5b2d23ab746f18cf966f65_0x18bde418c1d6634af20ae2572db365b2ab52fa720c4074a339a1f21f7825ad18,0x2ea7c682a8789ae4db0134f675913ac40c61cd576d5b2d23ab746f18cf966f65,1722180987,0xfe911a4e80ee71b47cd1ee690733ac4062e970ff,0x4ce73141dbfce41e65db3723e31059a730f0abad,0,14987046218227329027080984029949561275408794766325730526435811581087168625932,465.348,494.0,0.0,YES,2024-07-28 15:36:27+00:00,BUY,465.348,494.0,0.9420000000000001,0.9420000000000001,0.058
0x67b3e4e9e4fd7a9d614711e3376d62561879475c614f33a541017be6d8402d2f_0x18bde418c1d6634af20ae2572db365b2ab52fa720c4074a339a1f21f7825ad18,0x67b3e4e9e4fd7a9d614711e3376d62561879475c614f33a541017be6d8402d2f,1722181471,0xfe911a4e80ee71b47cd1ee690733ac4062e970ff,0xc6208602d8a6295983ebfe0b0aeb51ce92a82da3,0,14987046218227329027080984029949561275408794766325730526435811581087168625932,212.892,226.0,0.0,YES,2024-07-28 15:44:31+00:00,BUY,212.892,226.0,0.942,0.942,0.058
0xd59b8d863d468e272016e2336fd47447ce4ae409b497c69250581e8af3bb8c8d_0xf263fa712ae9313637e876774da881fe3dfe3920258f8895aa27b955c8a5ba04,0xd59b8d863d468e272016e2336fd47447ce4ae409b497c69250581e8af3bb8c8d,1722182411,0xf0b0ef1d6320c6be896b4c9c54dd74407e7f8cab,0xd60c616f3715ad44c2d5da9de87613fcab060139,14987046218227329027080984029949561275408794766325730526435811581087168625932,0,9.86,9.32756,0.0,YES,2024-07-28 16:00:11+00:00,SELL,9.32756,9.86,0.9460000000000001,0.9460000000000001,0.054
0x94ec76214a5faba46bb2c0a294f7b9133248cbb3d6e0c8534612a513e9234865_0x0beff5d51581a2c9687b80a6f2da22a45a0f34e020fa19edb059f672f97da68c,0x94ec76214a5faba46bb2c0a294f7b9133248cbb3d6e0c8534612a513e9234865,1722185319,0xf0b0ef1d6320c6be896b4c9c54dd74407e7f8cab,0x4ce73141dbfce41e65db3723e31059a730f0abad,0,14987046218227329027080984029949561275408794766325730526435811581087168625932,5.658,6.0,0.0,YES,2024-07-28 16:48:39+00:00,BUY,5.658,6.0,0.9430000000000001,0.9430000000000001,0.057
0x39faf8dda3cd9b5ac103e0ac6a0f148c6d6d3eafcb91242e88293970c79dea4b_0x4101ef11a7b3da2abac073c615b33dd3b815a6090d4e0265cdea755d60fdddd7,0x39faf8dda3cd9b5ac103e0ac6a0f148c6d6d3eafcb91242e88293970c79dea4b,1722188410,0xdcc9d68a4bad9fc8becd27a03ee5b2b4feda4534,0x4ce73141dbfce41e65db3723e31059a730f0abad,0,14987046218227329027080984029949561275408794766325730526435811581087168625932,193.11,205.0,0.0,YES,2024-07-28 17:40:10+00:00,BUY,193.11,205.0,0.9420000000000001,0.9420000000000001,0.058
0x9001918df13d48d07c520b15b4241531b91252606080da05390cca58b2ba16ec_0xcb2be016b6d1ee96e5d09dd4138be93b6fce7a2d7bd7babe37a00ae964699f07,0x9001918df13d48d07c520b15b4241531b91252606080da05390cca58b2ba16ec,1722189744,0xf0b0ef1d6320c6be896b4c9c54dd74407e7f8cab,0x62f80a663a4d94efa06843002ff5d512ca7f7737,14987046218227329027080984029949561275408794766325730526435811581087168625932,0,5.99,5.66055,0.0,YES,2024-07-28 18:02:24+00:00,SELL,5.66055,5.99,0.945,0.945,0.055
0xeca19bfeeb9b1938deb880ef52f9ba77cfe9dc3c328fd49849486511ee439472_0xcae0a9aef04c0cf439ad9cc87ed5f999cf4ffcdd73f1aa2ca3042f0981380b60,0xeca19bfeeb9b1938deb880ef52f9ba77cfe9dc3c328fd49849486511ee439472,1722189850,0x6b7ec4ba079c0a258435ea36025f6190cd424562,0x62f80a663a4d94efa06843002ff5d512ca7f7737,14987046218227329027080984029949561275408794766325730526435811581087168625932,0,50.0,47.45,0.0,YES,2024-07-28 18:04:10+00:00,SELL,47.45,50.0,0.9490000000000001,0.9490000000000001,0.051
0xa72f0b93e5258d0252b410f27c22ae13c16ed93aa2b29121e6ea95d20b063b43_0xc60dc7eb8f0d41e514b2aac0dd187c324964fd2e559a0f5c139f7cf27a1f7836,0xa72f0b93e5258d0252b410f27c22ae13c16ed93aa2b29121e6ea95d20b063b43,1722189918,0x62f80a663a4d94efa06843002ff5d512ca7f7737,0x4ce73141dbfce41e65db3723e31059a730f0abad,0,14987046218227329027080984029949561275408794766325730526435811581087168625932,41.58945,44.01,0.0,YES,2024-07-28 18:05:18+00:00,BUY,41.58945,44.01,0.9450000000000001,0.9450000000000001,0.055
0x8814da8499f145a7e67589d3d2f7d89f313e41e61b2e016028f56691ffc408a6_0x9872ccbe6de45e5f97fc4ac210baf528040538b7677fa066ab7f4fd0794a5b4b,0x8814da8499f145a7e67589d3d2f7d89f313e41e61b2e016028f56691ffc408a6,1722189922,0xf0b0ef1d6320c6be896b4c9c54dd74407e7f8cab,0x4ce73141dbfce41e65db3723e31059a730f0abad,0,14987046218227329027080984029949561275408794766325730526435811581087168625932,5.652,6.0,0.0,YES,2024-07-28 18:05:22+00:00,BUY,5.652,6.0,0.9420000000000001,0.9420000000000001,0.058
0xbaa4c1b5ee1aa774a6460333072f3ad9c6b9ea73a38e1c6ad5742aee9d702171_0x684bcec33146d0a2f01e8445f04c835747f0f1544c68fe2a4c72ee16bc8386e9,0xbaa4c1b5ee1aa774a6460333072f3ad9c6b9ea73a38e1c6ad5742aee9d702171,1722189984,0x62f80a663a4d94efa06843002ff5d512ca7f7737,0xb49f468c15c49783f2664c7198a4949ade1b12e6,0,14987046218227329027080984029949561275408794766325730526435811581087168625932,41.58945,44.01,0.0,YES,2024-07-28 18:06:24+00:00,BUY,41.58945,44.01,0.9450000000000001,0.9450000000000001,0.055
0x238d0e75d493249f7f8f77c27bc9a10c3a83dc45db71926515d1564f370fe48e_0xdd6446acf94f3ad0926b7e20144624f58d5ed857b12a056c748a7cf03c023cab,0x238d0e75d493249f7f8f77c27bc9a10c3a83dc45db71926515d1564f370fe48e,1722189984,0xf0b0ef1d6320c6be896b4c9c54dd74407e7f8cab,0xc5d563a36ae78145c45a50134d48a1215220f80a,14987046218227329027080984029949561275408794766325730526435811581087168625932,0,5.99,5.66055,0.0,YES,2024-07-28 18:06:24+00:00,SELL,5.66055,5.99,0.945,0.945,0.055
0x1b3c0968cb079d3b07f83023a7750bb362c0ece434edc1ecee2c11d386e7b024_0x3cabc2c9188ad4e359b360d9f1a6cbbda051a0b80518ab5ab8e3ae498dc267e1,0x1b3c0968cb079d3b07f83023a7750bb362c0ece434edc1ecee2c11d386e7b024,1722190000,0x62f80a663a4d94efa06843002ff5d512ca7f7737,0xc5d563a36ae78145c45a50134d48a1215220f80a,0,14987046218227329027080984029949561275408794766325730526435811581087168625932,5.66055,5.99,0.0,YES,2024-07-28 18:06:40+00:00,BUY,5.66055,5.99,0.945,0.945,0.055
0x5341ffbd05f8a3335b05308c65b5faae5a79eb98c9586315a6fbbfa298583331_0x3cabc2c9188ad4e359b360d9f1a6cbbda051a0b80518ab5ab8e3ae498dc267e1,0x5341ffbd05f8a3335b05308c65b5faae5a79eb98c9586315a6fbbfa298583331,1722190098,0x62f80a663a4d94efa06843002ff5d512ca7f7737,0x4ce73141dbfce41e65db3723e31059a730f0abad,0,14987046218227329027080984029949561275408794766325730526435811581087168625932,51.03945,54.01,0.0,YES,2024-07-28 18:08:18+00:00,BUY,51.03945,54.01,0.9450000000000001,0.9450000000000001,0.055
0xd3ad2c39ef2e1c41f5b443be80e0da838e19a13da1ad88984310d33ab096651f_0xc2fc178044c7e8c58bac8fe888c90e284024da07550d8fbd6926bb68e1a78217,0xd3ad2c39ef2e1c41f5b443be80e0da838e19a13da1ad88984310d33ab096651f,1722190100,0xf0b0ef1d6320c6be896b4c9c54dd74407e7f8cab,0x4ce73141dbfce41e65db3723e31059a730f0abad,0,14987046218227329027080984029949561275408794766325730526435811581087168625932,5.652,6.0,0.0,YES,2024-07-28 18:08:20+00:00,BUY,5.652,6.0,0.9420000000000001,0.9420000000000001,0.058
0x50181a4c84e5b29c682621ecab0537c2f91bfdba980f84ae64e2d65f9c578f38_0x1bc4b23a4ef95509336e2edba514cf521801a605971f461fa505196f0d508367,0x50181a4c84e5b29c682621ecab0537c2f91bfdba980f84ae64e2d65f9c578f38,1722190194,0xf0b0ef1d6320c6be896b4c9c54dd74407e7f8cab,0xc5d563a36ae78145c45a50134d48a1215220f80a,14987046218227329027080984029949561275408794766325730526435811581087168625932,0,5.99,5.65456,0.0,YES,2024-07-28 18:09:54+00:00,SELL,5.65456,5.99,0.944,0.944,0.056
0x296b117be476285721ae0978a2800035c80ed2e064fc9464f1201484eb8c30c3_0x97b6955158d5752f108e1a6f70d40c38cd93e211f95b5897ac5336686c0745c1,0x296b117be476285721ae0978a2800035c80ed2e064fc9464f1201484eb8c30c3,1722190196,0x62f80a663a4d94efa06843002ff5d512ca7f7737,0xb49f468c15c49783f2664c7198a4949ade1b12e6,0,14987046218227329027080984029949561275408794766325730526435811581087168625932,41.54544,44.01,0.0,YES,2024-07-28 18:09:56+00:00,BUY,41.54544,44.01,0.9440000000000001,0.9440000000000001,0.056
0x4f2198bb8049e98a0e1f3a4834355d7d55eeb05db034292311961d06bcaccc8c_0x56176f0126cc28da19101d2389b486b9873661aea0b321bdae69ea10735b6da5,0x4f2198bb8049e98a0e1f3a4834355d7d55eeb05db034292311961d06bcaccc8c,1722190290,0x62f80a663a4d94efa06843002ff5d512ca7f7737,0x4ce73141dbfce41e65db3723e31059a730f0abad,0,14987046218227329027080984029949561275408794766325730526435811581087168625932,37.72,40.0,0.0,YES,2024-07-28 18:11:30+00:00,BUY,37.72,40.0,0.943,0.943,0.057
0x7bfcdad9a2b42ae82735c3aae5417f8f4fd92f2c242a372d284e617a0010129b_0xb9c9f28a25aee5c48e7f27734a38c4f142df8cb3490e7f58b62fd0e2dfb10e52,0x7bfcdad9a2b42ae82735c3aae5417f8f4fd92f2c242a372d284e617a0010129b,1722190440,0x62f80a663a4d94efa06843002ff5d512ca7f7737,0xb49f468c15c49783f2664c7198a4949ade1b12e6,0,14987046218227329027080984029949561275408794766325730526435811581087168625932,47.15,50.0,0.0,YES,2024-07-28 18:14:00+00:00,BUY,47.15,50.0,0.943,0.943,0.057
0x6948fa73c35f837c8931279adcc6f3d949f3411d0faf5e530f545c312c3f5281_0x98c26f455ba22c0a3bab9958cb52d199b72f53f4f2fe1d5146ce50538c1d3de1,0x6948fa73c35f837c8931279adcc6f3d949f3411d0faf5e530f545c312c3f5281,1722191488,0xac57709c7dcae0546ce02fd5b4fe7a6783011169,0xc5d563a36ae78145c45a50134d48a1215220f80a,0,14987046218227329027080984029949561275408794766325730526435811581087168625932,5.65456,5.99,0.0,YES,2024-07-28 18:31:28+00:00,BUY,5.65456,5.99,0.944,0.944,0.056
0x8fd32da2850836557af672ab08009c8091f2ee92af5288fa62fd5622ffc49441_0x15bde7c5261fe8e495011709912c9bcf13aaeac54d0627f1fc26b0efcaca7418,0x8fd32da2850836557af672ab08009c8091f2ee92af5288fa62fd5622ffc49441,1722191780,0xf0b0ef1d6320c6be896b4c9c54dd74407e7f8cab,0x4ce73141dbfce41e65db3723e31059a730f0abad,0,14987046218227329027080984029949561275408794766325730526435811581087168625932,5.652,6.0,0.0,YES,2024-07-28 18:36:20+00:00,BUY,5.652,6.0,0.9420000000000001,0.9420000000000001,0.058
0x9555dec0284e35396a6676a24d0b10f454d1053f24cb3181da4564a0eca5adae_0xe5eed5e636d4d5fb7d766a04d9a6192c755038f551e1d9e7b9e37094281dcb7c,0x9555dec0284e35396a6676a24d0b10f454d1053f24cb3181da4564a0eca5adae,1722191782,0xaaf4acafbb7980ce93631d238eb10a5c4ca67883,0x4ce73141dbfce41e65db3723e31059a730f0abad,0,14987046218227329027080984029949561275408794766325730526435811581087168625932,22.584,24.0,0.0,YES,2024-07-28 18:36:22+00:00,BUY,22.584,24.0,0.941,0.941,0.059
0x15847f41974b101d05d4fd7a33ed475b8a4dca074ade1d9c800d338aca763490_0xaa27f92a997d1e671b29b402ed5749e0826f4eb610b7e0b6279d182c3cb4001b,0x15847f41974b101d05d4fd7a33ed475b8a4dca074ade1d9c800d338aca763490,1722193378,0xfa1c66c8d0ec9115a5bfda4a9af57c44d3ba33c1,0xed107a85a4585a381e48c7f7ca4144909e7dd2e5,14987046218227329027080984029949561275408794766325730526435811581087168625932,0,197.64,187.16508,0.0,YES,2024-07-28 19:02:58+00:00,SELL,187.16508,197.64,0.9470000000000001,0.9470000000000001,0.053
0xd083bcaba46684f32d260c94e2ea150ce8ba861d3f78e7e61113598e452372ea_0x48ef6b6ecc70964ecf9f679db5697016b669864e98f19c50b6d684f466fc2f0a,0xd083bcaba46684f32d260c94e2ea150ce8ba861d3f78e7e61113598e452372ea,1722195656,0xeb26cd38d12ada5304f56e9be5b3908df8bf4030,0xc5d563a36ae78145c45a50134d48a1215220f80a,14987046218227329027080984029949561275408794766325730526435811581087168625932,0,3.26,3.07092,0.0,YES,2024-07-28 19:40:56+00:00,SELL,3.07092,3.26,0.9420000000000001,0.9420000000000001,0.058
0xb85eee0e553dbf4065c2995c92653e94c6d42d4e975e1b659ed9515d223ed799_0x75116de4c3bbf745c5fb76450da70f2ec6d9b745c35226cc2580ee5e311405bc,0xb85eee0e553dbf4065c2995c92653e94c6d42d4e975e1b659ed9515d223ed799,1722196514,0xe40e5f76e8162fe2bd9dc65da93b8b2a54eda6bf,0xc5d563a36ae78145c45a50134d48a1215220f80a,0,14987046218227329027080984029949561275408794766325730526435811581087168625932,1.899993,1.995791,0.0,YES,2024-07-28 19:55:14+00:00,BUY,1.899993,1.995791,0.951999983966257,0.951999983966257,0.048
0x55a0bd0c73f71f98855c6a4c00671871d6275b0d9fc537284ff4a53e41ee6046_0x470aebe324abd6252f9060b3191be447454ba35623dab7173a350cb568d6314c,0x55a0bd0c73f71f98855c6a4c00671871d6275b0d9fc537284ff4a53e41ee6046,1722198136,0xfa1c66c8d0ec9115a5bfda4a9af57c44d3ba33c1,0xb49f468c15c49783f2664c7198a4949ade1b12e6,0,14987046218227329027080984029949561275408794766325730526435811581087168625932,94.8,100.0,0.0,YES,2024-07-28 20:22:16+00:00,BUY,94.8,100.0,0.948,0.948,0.052
0xc164124a3e297e04327a487ab21a3eeabfecab382cf78639fd1815e7ec52f9a8_0x821972911aefc4ab7f3ad6212c064f3839117959173e16b41788ef3a7cce9b1f,0xc164124a3e297e04327a487ab21a3eeabfecab382cf78639fd1815e7ec52f9a8,1722198838,0x0cd7c3b5a653fe2a68ad11e8e62de6a98b9fcd86,0xb49f468c15c49783f2664c7198a4949ade1b12e6,0,14987046218227329027080984029949561275408794766325730526435811581087168625932,91.859,97.0,0.0,YES,2024-07-28 20:33:58+00:00,BUY,91.859,97.0,0.947,0.947,0.053
0x9621eda7569b25960cedce93ec540dcbcf28308aeaf4df6066cbb29935b2fde3_0x821972911aefc4ab7f3ad6212c064f3839117959173e16b41788ef3a7cce9b1f,0x9621eda7569b25960cedce93ec540dcbcf28308aeaf4df6066cbb29935b2fde3,1722198838,0x0cd7c3b5a653fe2a68ad11e8e62de6a98b9fcd86,0xb49f468c15c49783f2664c7198a4949ade1b12e6,0,14987046218227329027080984029949561275408794766325730526435811581087168625932,139.209,147.0,0.0,YES,2024-07-28 20:33:58+00:00,BUY,139.209,147.0,0.9470000000000001,0.9470000000000001,0.053
0xa7eb397a410e805f86d62051d64af4322f5a193fdcfbb91787d3ab9f7a91a5f8_0xb9c7470ad450d9c29c6d4123aeed1df0338a246e372b481f7e34fda888dda022,0xa7eb397a410e805f86d62051d64af4322f5a193fdcfbb91787d3ab9f7a91a5f8,1722198846,0xf0b0ef1d6320c6be896b4c9c54dd74407e7f8cab,0xc5d563a36ae78145c45a50134d48a1215220f80a,14987046218227329027080984029949561275408794766325730526435811581087168625932,0,9.25,8.769,0.0,YES,2024-07-28 20:34:06+00:00,SELL,8.769,9.25,0.9480000000000001,0.9480000000000001,0.052
0xab499fd95b958dc17b15608318c47183b3f0e13f0fc03dbec1490062d35d517a_0x78ba0e85b0cfa4e9cf6f675d8233135542855d09e1f74693281e8e7d23e70245,0xab499fd95b958dc17b15608318c47183b3f0e13f0fc03dbec1490062d35d517a,1722199892,0xf0b0ef1d6320c6be896b4c9c54dd74407e7f8cab,0x4ce73141dbfce41e65db3723e31059a730f0abad,0,14987046218227329027080984029949561275408794766325730526435811581087168625932,5.664,6.0,0.0,YES,2024-07-28 20:51:32+00:00,BUY,5.664,6.0,0.944,0.944,0.056
0x3d3e718586c298789724d0ad48318f0d3fc31ec939e8f671e70048400cc0aaa1_0xae15c5288e818ad821268b54330c6609d806eb904e2fed0218be5bda0e760641,0x3d3e718586c298789724d0ad48318f0d3fc31ec939e8f671e70048400cc0aaa1,1722199900,0x2370d48501dbbe1974b6cf228e77d459f4870e10,0x4ce73141dbfce41e65db3723e31059a730f0abad,71914038773350234130553415116948415426792971631252265695143324140554345804068,0,44.0,2.552,0.0,NO,2024-07-28 20:51:40+00:00,SELL,2.552,44.0,0.058,0.942,0.058
0x48f0f14b977efa2316df8ded37f059541aa5817858eec7a77d6258c052d2903e_0x050b7df7efe22981d11a91cdc63f93b28c2f33f2ae6023fac3f61de53f937c20,0x48f0f14b977efa2316df8ded37f059541aa5817858eec7a77d6258c052d2903e,1722200726,0x2370d48501dbbe1974b6cf228e77d459f4870e10,0x843409738e5533ce49d5f45d024b88ee61da34b9,71914038773350234130553415116948415426792971631252265695143324140554345804068,0,827.0,47.966,0.0,NO,2024-07-28 21:05:26+00:00,SELL,47.966,827.0,0.058,0.942,0.058
0x67f6526e814e4b5a48407cd2cea585555a70f0832037ae0709e639c82b2247c2_0xf9f3c35714d2d34990b3c0ac6f6980d8fc3885c925cb9337c2459abd6328515d,0x67f6526e814e4b5a48407cd2cea585555a70f0832037ae0709e639c82b2247c2,1722200930,0xfa1c66c8d0ec9115a5bfda4a9af57c44d3ba33c1,0x2670fe2f81dd3ef1dac101a4025f81dd13a7d8a2,14987046218227329027080984029949561275408794766325730526435811581087168625932,0,2.116401,1.999998,0.0,YES,2024-07-28 21:08:50+00:00,SELL,1.999998,2.116401,0.9449995534872644,0.9449995534872644,0.055
0xab647045174cd74b780395b01c65b0f29eb334f50cdda622f4d34c82ce687210_0x40d15d9f11fcb212dbfc9264cb8c6a7b68d63a772a5c718d5483020429ffa3cf,0xab647045174cd74b780395b01c65b0f29eb334f50cdda622f4d34c82ce687210,1722201990,0x2370d48501dbbe1974b6cf228e77d459f4870e10,0x4ce73141dbfce41e65db3723e31059a730f0abad,71914038773350234130553415116948415426792971631252265695143324140554345804068,0,0.99,0.05742,0.0,NO,2024-07-28 21:26:30+00:00,SELL,0.05742,0.99,0.057999999999999996,0.942,0.057999999999999996
0x97cd1b9ed4673b334410606f87b7968d5749e89730c800d75e8bbac4d88ad54a_0xc099c6030b6f45e1304c40b1b8af7c375217d9c96e037b5bfd63bf686336264c,0x97cd1b9ed4673b334410606f87b7968d5749e89730c800d75e8bbac4d88ad54a,1722201998,0xf0b0ef1d6320c6be896b4c9c54dd74407e7f8cab,0xc5d563a36ae78145c45a50134d48a1215220f80a,14987046218227329027080984029949561275408794766325730526435811581087168625932,0,5.99,5.67852,0.0,YES,2024-07-28 21:26:38+00:00,SELL,5.67852,5.99,0.948,0.948,0.052
0x730a6be6d309ba1f73841462702edba789532332190f5bd1712e0209870ab960_0x155d3b4a0f8990e20550f60abb95abb3ec99b511d5a7c78defc21c5a3ddd9863,0x730a6be6d309ba1f73841462702edba789532332190f5bd1712e0209870ab960,1722201998,0xfa1c66c8d0ec9115a5bfda4a9af57c44d3ba33c1,0xd2ac38eafc5812fa952fcb1e0e60eed30dc7c806,14987046218227329027080984029949561275408794766325730526435811581087168625932,0,197.87,186.78928,0.0,YES,2024-07-28 21:26:38+00:00,SELL,186.78928,197.87,0.944,0.944,0.056
0x420e3067c901c51fcdc9cccc015506a00ec3c1b506b06e7f2a5e4a4f27a7aef2_0x65b1aa5f0babae0b57e2534c80a8b097cf4676553f0d292f1835ab70646abc6f,0x420e3067c901c51fcdc9cccc015506a00ec3c1b506b06e7f2a5e4a4f27a7aef2,1722202010,0xf0b0ef1d6320c6be896b4c9c54dd74407e7f8cab,0xb49f468c15c49783f2664c7198a4949ade1b12e6,0,14987046218227329027080984029949561275408794766325730526435811581087168625932,5.706,6.0,0.0,YES,2024-07-28 21:26:50+00:00,BUY,5.706,6.0,0.9510000000000001,0.9510000000000001,0.049
0x8cf1a9fd9c8efa16d54223f346cb0c613f630284adee25f7dcb7689ba22f8f41_0x923032408a275d4dff68f9286046be298983dd8041ab63e1fdca13ca2df202f7,0x8cf1a9fd9c8efa16d54223f346cb0c613f630284adee25f7dcb7689ba22f8f41,1722202046,0xfa1c66c8d0ec9115a5bfda4a9af57c44d3ba33c1,0x4ce73141dbfce41e65db3723e31059a730f0abad,0,14987046218227329027080984029949561275408794766325730526435811581087168625932,16.167,17.0,0.0,YES,2024-07-28 21:27:26+00:00,BUY,16.167,17.0,0.9510000000000001,0.9510000000000001,0.049
0x017b9340dfb12be3cc8b80822682b03cd88811dd841b5afe691c89b96d5bc9ae_0x498b13ec461e3bd515fb69c99033085ab774a9319a2432188d1e9196c186e197,0x017b9340dfb12be3cc8b80822682b03cd88811dd841b5afe691c89b96d5bc9ae,1722202048,0x2370d48501dbbe1974b6cf228e77d459f4870e10,0x4ce73141dbfce41e65db3723e31059a730f0abad,71914038773350234130553415116948415426792971631252265695143324140554345804068,0,128.01,6.4005,0.0,NO,2024-07-28 21:27:28+00:00,SELL,6.4005,128.01,0.05,0.95,0.05
0xc22d007aa66af0aad99e9acac50b91822ffc5c583f9827cd91fe753580b6b62b_0x2da0f6d921bba5fd30039c663326929fd15b84a3783cfbafdf54c7aed67100ea,0xc22d007aa66af0aad99e9acac50b91822ffc5c583f9827cd91fe753580b6b62b,1722202052,0xfa1c66c8d0ec9115a5bfda4a9af57c44d3ba33c1,0x4ce73141dbfce41e65db3723e31059a730f0abad,0,14987046218227329027080984029949561275408794766325730526435811581087168625932,85.40051,89.99,0.0,YES,2024-07-28 21:27:32+00:00,BUY,85.40051,89.99,0.9490000000000001,0.9490000000000001,0.051
0x45c173127cfc9bc3a888eba91907972f65c0c2c5646c8e27054e319f33b4b52b_0x2da0f6d921bba5fd30039c663326929fd15b84a3783cfbafdf54c7aed67100ea,0x45c173127cfc9bc3a888eba91907972f65c0c2c5646c8e27054e319f33b4b52b,1722202056,0xfa1c66c8d0ec9115a5bfda4a9af57c44d3ba33c1,0x4ce73141dbfce41e65db3723e31059a730f0abad,0,14987046218227329027080984029949561275408794766325730526435811581087168625932,9.49,10.0,0.0,YES,2024-07-28 21:27:36+00:00,BUY,9.49,10.0,0.9490000000000001,0.9490000000000001,0.051
0x55ea60d5cff503b63e1642a836d8780c2345db631f500c7aff3403be14f75dda_0xd25c7ce0436e4f4eeddfcf30e4799bbc1225dfc77209133db708bda3d9b01d91,0x55ea60d5cff503b63e1642a836d8780c2345db631f500c7aff3403be14f75dda,1722202062,0xd2ac38eafc5812fa952fcb1e0e60eed30dc7c806,0x4ce73141dbfce41e65db3723e31059a730f0abad,71914038773350234130553415116948415426792971631252265695143324140554345804068,0,89.99,4.67948,0.0,NO,2024-07-28 21:27:42+00:00,SELL,4.67948,89.99,0.052000000000000005,0.948,0.052000000000000005
0x18fd0f4ffc3de0105fc0b9c25eca542aa5eaf4607f912f106f152233e95eadb8_0x0476119964b3ee7bd4507583e5bb7ae02dc3a6cf04645acaf3d7bed63234e6cf,0x18fd0f4ffc3de0105fc0b9c25eca542aa5eaf4607f912f106f152233e95eadb8,1722202062,0xf0b0ef1d6320c6be896b4c9c54dd74407e7f8cab,0xc5d563a36ae78145c45a50134d48a1215220f80a,14987046218227329027080984029949561275408794766325730526435811581087168625932,0,5.99,5.63659,0.0,YES,2024-07-28 21:27:42+00:00,SELL,5.63659,5.99,0.941,0.941,0.059
0xec70769b0c6ba531ad96df43cb093e80afe0bdd43dfd7a97bfd186967ee7fd64_0xe5eed5e636d4d5fb7d766a04d9a6192c755038f551e1d9e7b9e37094281dcb7c,0xec70769b0c6ba531ad96df43cb093e80afe0bdd43dfd7a97bfd186967ee7fd64,1722202412,0xaaf4acafbb7980ce93631d238eb10a5c4ca67883,0x4ce73141dbfce41e65db3723e31059a730f0abad,0,14987046218227329027080984029949561275408794766325730526435811581087168625932,88.454,94.0,0.0,YES,2024-07-28 21:33:32+00:00,BUY,88.454,94.0,0.941,0.941,0.059
0xf00ade3cf87c977e61409f8b98445f4dcab8192b2c6a8bd130d72b98fcef9dfb_0x349f8c30fbe95235a2d970fd264b1f13ec4248561012767126a90f0987d6ea3c,0xf00ade3cf87c977e61409f8b98445f4dcab8192b2c6a8bd130d72b98fcef9dfb,1722211669,0xc508c5555f83083a27f27a30b9f16f3d4968314f,0xc5d563a36ae78145c45a50134d48a1215220f80a,0,14987046218227329027080984029949561275408794766325730526435811581087168625932,49.999999,52.742615,0.0,YES,2024-07-29 00:07:49+00:00,BUY,49.999999,52.742615,0.9479999996208001,0.9479999996208001,0.052
0xd021f6000f0e663292b53eacb3f765c37cf8836562630f7db7c1a576f7f07e48_0x3548f63c74ee1922344056f2c8716ed69ff82a33dddaea309371f92d06f3389b,0xd021f6000f0e663292b53eacb3f765c37cf8836562630f7db7c1a576f7f07e48,1722211699,0xc508c5555f83083a27f27a30b9f16f3d4968314f,0xc5d563a36ae78145c45a50134d48a1215220f80a,14987046218227329027080984029949561275408794766325730526435811581087168625932,0,52.74,49.63434,0.0,YES,2024-07-29 00:08:19+00:00,SELL,49.63434,52.74,0.9411137656427758,0.9411137656427758,0.058886
0xb506fdb9686b2652008d4c1878662f3c996ccd75e088905639520405c4db68f3_0x9623fada59821355c10840c8d78caf4b9b1b94399ab2631fcbe1718cb1469e80,0xb506fdb9686b2652008d4c1878662f3c996ccd75e088905639520405c4db68f3,1722211837,0xf0b0ef1d6320c6be896b4c9c54dd74407e7f8cab,0x669e01c23794d67e830a746e23fdc033384b64a4,14987046218227329027080984029949561275408794766325730526435811581087168625932,0,5.99,5.67253,0.0,YES,2024-07-29 00:10:37+00:00,SELL,5.67253,5.99,0.947,0.947,0.053
0x4e57aa2593baca0ed77d1783e5fface5eebf5f5f860db2f7b6bec9b445ee1eab_0x4a7de8dad4011be9f69bc25bce7678900e9e1874a5177b697baea465eaf996d1,0x4e57aa2593baca0ed77d1783e5fface5eebf5f5f860db2f7b6bec9b445ee1eab,1722217005,0xd72753dae1cb01011c1e69af78ee1f9494bbecce,0xc5d563a36ae78145c45a50134d48a1215220f80a,0,14987046218227329027080984029949561275408794766325730526435811581087168625932,1976.58,2085.0,0.0,YES,2024-07-29 01:36:45+00:00,BUY,1976.58,2085.0,0.948,0.948,0.052
0xe3a10248334a2a8d7298dec7d295024f2ef0064083fa74f8e18ed3e85a2ff770_0x8523878c6fff39aa4a7994bf9c771e1ec36c19f00a14a0e619ff493e3cb4e44a,0xe3a10248334a2a8d7298dec7d295024f2ef0064083fa74f8e18ed3e85a2ff770,1722217011,0xfa1c66c8d0ec9115a5bfda4a9af57c44d3ba33c1,0xd72753dae1cb01011c1e69af78ee1f9494bbecce,14987046218227329027080984029949561275408794766325730526435811581087168625932,0,199.99,189.79051,0.0,YES,2024-07-29 01:36:51+00:00,SELL,189.79051,199.99,0.9490000000000001,0.9490000000000001,0.051
0x66424ab146cefe46fabaf9b3cd61607ea159610b5db438eaba2f0107a028a8f2_0x5538d459c3713e1a64f4e1564ab53e32cdea8c87dacc87fd9ec036263eacebc4,0x66424ab146cefe46fabaf9b3cd61607ea159610b5db438eaba2f0107a028a8f2,1722217013,0xf0b0ef1d6320c6be896b4c9c54dd74407e7f8cab,0xb49f468c15c49783f2664c7198a4949ade1b12e6,0,14987046218227329027080984029949561275408794766325730526435811581087168625932,4.745,5.0,0.0,YES,2024-07-29 01:36:53+00:00,BUY,4.745,5.0,0.9490000000000001,0.9490000000000001,0.051
0xc544ff1e7bc08a4422e15871eeb9e8cb72ac793690632161eb56ae87e5986625_0x042e8490b33563a6cbf2fc9c8196171e1f9ef2500e0077c6147ac98e0422770f,0xc544ff1e7bc08a4422e15871eeb9e8cb72ac793690632161eb56ae87e5986625,1722217039,0xfa1c66c8d0ec9115a5bfda4a9af57c44d3ba33c1,0x843409738e5533ce49d5f45d024b88ee61da34b9,0,14987046218227329027080984029949561275408794766325730526435811581087168625932,94.7,100.0,0.0,YES,2024-07-29 01:37:19+00:00,BUY,94.7,100.0,0.9470000000000001,0.9470000000000001,0.053
0x34433ac6c0b5120de41b41bc94267398c9f4da5c813e706671aa7c26977ff24a_0xc301e2597474df2ac3826a49e33ee39321fa09a2ab4c0f3b25dfda8d49fbb2e0,0x34433ac6c0b5120de41b41bc94267398c9f4da5c813e706671aa7c26977ff24a,1722217047,0xd72753dae1cb01011c1e69af78ee1f9494bbecce,0xb49f468c15c49783f2664c7198a4949ade1b12e6,0,14987046218227329027080984029949561275408794766325730526435811581087168625932,75.92,80.0,0.0,YES,2024-07-29 01:37:27+00:00,BUY,75.92,80.0,0.9490000000000001,0.9490000000000001,0.051
0x2f578b4b64d98819b1639aa50713ad2c566ee1b5874b748aa26b5ce2651ce33f_0xe2663ab493e39e4b173deb8bb2b8a7d7179e4866b89a4cf4c678a04d9c1e6482,0x2f578b4b64d98819b1639aa50713ad2c566ee1b5874b748aa26b5ce2651ce33f,1722217051,0xf0b0ef1d6320c6be896b4c9c54dd74407e7f8cab,0xc5d563a36ae78145c45a50134d48a1215220f80a,14987046218227329027080984029949561275408794766325730526435811581087168625932,0,10.99,10.4405,0.0,YES,2024-07-29 01:37:31+00:00,SELL,10.4405,10.99,0.95,0.95,0.05
0xd70db23ba929fd5953292d9aad7f6772962869a4197bab675d51d094f729b45b_0x257b37d0918abef16756932c286d311dac5c666d5d3f639417c288fa933e5640,0xd70db23ba929fd5953292d9aad7f6772962869a4197bab675d51d094f729b45b,1722217083,0xfa1c66c8d0ec9115a5bfda4a9af57c44d3ba33c1,0x843409738e5533ce49d5f45d024b88ee61da34b9,0,14987046218227329027080984029949561275408794766325730526435811581087168625932,84.55,89.0,0.0,YES,2024-07-29 01:38:03+00:00,BUY,84.55,89.0,0.95,0.95,0.05
0x370b5fd3bfd5131ccc45666dbf4b3e13ba6834626c6de554f1ef092f6c7749b2_0x97c479f0d076b797b535a284ba4cd1d2a890e8ebac5d8c4f5d0f833ff0334319,0x370b5fd3bfd5131ccc45666dbf4b3e13ba6834626c6de554f1ef092f6c7749b2,1722217367,0xd72753dae1cb01011c1e69af78ee1f9494bbecce,0x843409738e5533ce49d5f45d024b88ee61da34b9,0,14987046218227329027080984029949561275408794766325730526435811581087168625932,652.483,689.0,0.0,YES,2024-07-29 01:42:47+00:00,BUY,652.483,689.0,0.947,0.947,0.053
0x0d070391c3b41bfe1d4774a39c7555e3f2b3c81f5140288c8ab1b0bba64fe448_0x01b42b25b42aa33a61dc3d0d619ab025d5051906947651835f298e2a8ff49492,0x0d070391c3b41bfe1d4774a39c7555e3f2b3c81f5140288c8ab1b0bba64fe448,1722218581,0xfa1c66c8d0ec9115a5bfda4a9af57c44d3ba33c1,0xa21943a73cb05f0e0d8aeec879d2d6bef6c94002,14987046218227329027080984029949561275408794766325730526435811581087168625932,0,1.051523,0.999998,0.0,YES,2024-07-29 02:03:01+00:00,SELL,0.999998,1.051523,0.9509996452764229,0.9509996452764229,0.049
0xa1da2a168af88fc47fdf5d8ed6e547df89277f6fc6424c03a0a1a45f8c7bced6_0x025fc1dfc84b9004ae4980da9ba76b63924584d2a8d8c73b8d59ca01563838ed,0xa1da2a168af88fc47fdf5d8ed6e547df89277f6fc6424c03a0a1a45f8c7bced6,1722218895,0xd72753dae1cb01011c1e69af78ee1f9494bbecce,0x843409738e5533ce49d5f45d024b88ee61da34b9,0,14987046218227329027080984029949561275408794766325730526435811581087168625932,58.776,62.0,0.0,YES,2024-07-29 02:08:15+00:00,BUY,58.776,62.0,0.9480000000000001,0.9480000000000001,0.052
0x8e4172d8b0e22c9b80b7693a2f5303c5a08bf80d7076fc30b958af0eceb86bf6_0x6106b458ea12acb8864a0b2c3b7443a36c1da2887a214fa98f00243e011566b4,0x8e4172d8b0e22c9b80b7693a2f5303c5a08bf80d7076fc30b958af0eceb86bf6,1722219033,0x182b2bd1f035abe76eeb2244b32d9ebac27ef022,0x4ce73141dbfce41e65db3723e31059a730f0abad,71914038773350234130553415116948415426792971631252265695143324140554345804068,0,0.99,0.05148,0.0,NO,2024-07-29 02:10:33+00:00,SELL,0.05148,0.99,0.052,0.948,0.052
0x88a855a8de626c92a0735887e4027bdc19c2771f5fe8d08e1623fbdaeccb0832_0x01b42b25b42aa33a61dc3d0d619ab025d5051906947651835f298e2a8ff49492,0x88a855a8de626c92a0735887e4027bdc19c2771f5fe8d08e1623fbdaeccb0832,1722221051,0xfa1c66c8d0ec9115a5bfda4a9af57c44d3ba33c1,0xb6595ce64e69ff45cc4c9a89ae1b85c7d10c65a1,14987046218227329027080984029949561275408794766325730526435811581087168625932,0,123.45,117.40095,0.0,YES,2024-07-29 02:44:11+00:00,SELL,117.40095,123.45,0.951,0.951,0.049
0x5ae3f409c748c3af2f010376b6a9f17aeb5285a9afa3b5696dbeb2fb55e12948_0x96437c7032e3e212bae21fb6c87fa089d2500fb783bfc868978b5bc62219d388,0x5ae3f409c748c3af2f010376b6a9f17aeb5285a9afa3b5696dbeb2fb55e12948,1722221935,0x182b2bd1f035abe76eeb2244b32d9ebac27ef022,0x843409738e5533ce49d5f45d024b88ee61da34b9,71914038773350234130553415116948415426792971631252265695143324140554345804068,0,141.0,7.05,0.0,NO,2024-07-29 02:58:55+00:00,SELL,7.05,141.0,0.049999999999999996,0.95,0.049999999999999996
0xd9ac0db59644d1be388fa5975562fafba7628a34fd38caafb7d8c92d77e3f27a_0x01b42b25b42aa33a61dc3d0d619ab025d5051906947651835f298e2a8ff49492,0xd9ac0db59644d1be388fa5975562fafba7628a34fd38caafb7d8c92d77e3f27a,1722221959,0xfa1c66c8d0ec9115a5bfda4a9af57c44d3ba33c1,0x8b219fcd0046d0ec099e54dd5c4c4e129a82fc1d,14987046218227329027080984029949561275408794766325730526435811581087168625932,0,73.606728,69.999998,0.0,YES,2024-07-29 02:59:19+00:00,SELL,69.999998,73.606728,0.9509999955438856,0.9509999955438856,0.049
0x3a3d365f299e3db33bab270a54445a151e3dcc9d1acc00706726e373fbaec4f8_0x421f87d1314d687042e0db85a49261e67e6a653f4a78045a493234aa2d32cfbc,0x3a3d365f299e3db33bab270a54445a151e3dcc9d1acc00706726e373fbaec4f8,1722222177,0x8b219fcd0046d0ec099e54dd5c4c4e129a82fc1d,0xc5d563a36ae78145c45a50134d48a1215220f80a,14987046218227329027080984029949561275408794766325730526435811581087168625932,0,73.6,69.6256,0.0,YES,2024-07-29 03:02:57+00:00,SELL,69.6256,73.6,0.9460000000000002,0.9460000000000002,0.054
0x1faf354674df10005531f8b7727a57fd073a3becdc82ab4e6dd63b211b5ff2a4_0x01b42b25b42aa33a61dc3d0d619ab025d5051906947651835f298e2a8ff49492,0x1faf354674df10005531f8b7727a57fd073a3becdc82ab4e6dd63b211b5ff2a4,1722222993,0xfa1c66c8d0ec9115a5bfda4a9af57c44d3ba33c1,0x135bbb1a7b960512b816cc66591b5cc2e8f50099,14987046218227329027080984029949561275408794766325730526435811581087168625932,0,1.051523,0.999998,0.0,YES,2024-07-29 03:16:33+00:00,SELL,0.999998,1.051523,0.9509996452764229,0.9509996452764229,0.049
0xea895e96722c22a05322a844b80c6eaf1442ff79e22ad6d02ecf2c4c80afd49b_0x01b42b25b42aa33a61dc3d0d619ab025d5051906947651835f298e2a8ff49492,0xea895e96722c22a05322a844b80c6eaf1442ff79e22ad6d02ecf2c4c80afd49b,1722225791,0xfa1c66c8d0ec9115a5bfda4a9af57c44d3ba33c1,0xdfed5d5049217f900c7f7cf5a6ec6f5760756c34,14987046218227329027080984029949561275408794766325730526435811581087168625932,0,0.81,0.77031,0.0,YES,2024-07-29 04:03:11+00:00,SELL,0.77031,0.81,0.951,0.951,0.049
0x41764a96d997954a2064419e84d2a92da026b1db4582d3ef6364b81d188bcee8_0x1911ce44d0208893b4d680fd212cdc49afb959b3ceb88606f17a482239acf797,0x41764a96d997954a2064419e84d2a92da026b1db4582d3ef6364b81d188bcee8,1722229270,0xf0b0ef1d6320c6be896b4c9c54dd74407e7f8cab,0xeaead23bbd6e90e2536c7a91fe9673f4fb7436d9,14987046218227329027080984029949561275408794766325730526435811581087168625932,0,5.224659,4.999998,0.0,YES,2024-07-29 05:01:10+00:00,SELL,4.999998,5.224659,0.956999873101766,0.956999873101766,0.043
0xde8a590e2d23f30efe059b8273f96b0761f414b4151929933cfeeb8aadce8493_0x1911ce44d0208893b4d680fd212cdc49afb959b3ceb88606f17a482239acf797,0xde8a590e2d23f30efe059b8273f96b0761f414b4151929933cfeeb8aadce8493,1722230803,0xf0b0ef1d6320c6be896b4c9c54dd74407e7f8cab,0xb52b7be51ef1fe5523c75751882e46728dfdd2c5,14987046218227329027080984029949561275408794766325730526435811581087168625932,0,0.76,0.72732,0.0,YES,2024-07-29 05:26:43+00:00,SELL,0.72732,0.76,0.957,0.957,0.043
0x9e66994c5d3403f9fa47a5a0b94f27deca714786a0e67c79dd986173dd193aba_0x02daf7f481c9b39c241db9ab4828e3033f0f3a2f9701e7564c835041de46be71,0x9e66994c5d3403f9fa47a5a0b94f27deca714786a0e67c79dd986173dd193aba,1722233729,0x56c69c1193586cac2d09d7b8513f938113d96c5a,0xc5d563a36ae78145c45a50134d48a1215220f80a,0,14987046218227329027080984029949561275408794766325730526435811581087168625932,30.999989,32.392883,0.0,YES,2024-07-29 06:15:29+00:00,BUY,30.999989,32.392883,0.9569999990429997,0.9569999990429997,0.043
0x9a468531b7f407d542e791bb43da82b2bd7979899c09abcc690795f962a24af8_0x74cc98eb5de449b3dc53ddb8f22c46d33b493e10bfab65772ac7e6dce38f0ad5,0x9a468531b7f407d542e791bb43da82b2bd7979899c09abcc690795f962a24af8,1722234089,0xba944aed549afe90c7b4f9a896c66de9d2de902c,0xc5d563a36ae78145c45a50134d48a1215220f80a,0,14987046218227329027080984029949561275408794766325730526435811581087168625932,0.999998,1.04493,0.0,YES,2024-07-29 06:21:29+00:00,BUY,0.999998,1.04493,0.9569999904299811,0.9569999904299811,0.043
0x6302a7c048365ce75ad7b04272842d2e87e1981ae42aedf3617482350393b1fb_0xd760a7a39f6ee81047a4f297b1a5265857f186fd4ff68d7e4e964c84f2c1df7c,0x6302a7c048365ce75ad7b04272842d2e87e1981ae42aedf3617482350393b1fb,1722236623,0x8797d9663124035cb9b2974a51b61de1200b98f0,0xc5d563a36ae78145c45a50134d48a1215220f80a,0,14987046218227329027080984029949561275408794766325730526435811581087168625932,0.999998,1.04493,0.0,YES,2024-07-29 07:03:43+00:00,BUY,0.999998,1.04493,0.9569999904299811,0.9569999904299811,0.043
0x3d17cd4069822b9fa77595921bd9d19870a67cb3e887492cd8bfebe638b2ecb9_0x345d096ba96e7fc2e24767792753ca9dafea0e6ae3d011558b2ae54850172faa,0x3d17cd4069822b9fa77595921bd9d19870a67cb3e887492cd8bfebe638b2ecb9,1722238064,0xfa23d98a8c68187f46a444a2f2ee2904f9ccd1f8,0xc5d563a36ae78145c45a50134d48a1215220f80a,0,14987046218227329027080984029949561275408794766325730526435811581087168625932,0.999998,1.04493,0.0,YES,2024-07-29 07:27:44+00:00,BUY,0.999998,1.04493,0.9569999904299811,0.9569999904299811,0.043
0x8f88cd0fe548f7c00d8694179385bfc43b579c0cc5de7ba4b5a20b5d59743ce0_0x28c1992d27682f6425788074bb78dac8a5b9297d4067c4dd5b1051fbef1e04a8,0x8f88cd0fe548f7c00d8694179385bfc43b579c0cc5de7ba4b5a20b5d59743ce0,1722238336,0xcb0f34aa293a04c26395e6cc0618ed98b249039f,0xc5d563a36ae78145c45a50134d48a1215220f80a,0,14987046218227329027080984029949561275408794766325730526435811581087168625932,9.999982,10.449302,0.0,YES,2024-07-29 07:32:16+00:00,BUY,9.999982,10.449302,0.9569999986601976,0.9569999986601976,0.043
0xe255c0f4cf7dec77ba528078bb6363116e727d734f62b5c861725119904846b5_0x10b1e30a03b9bd403c90bb43416834c6529cad1579b125f2c7edff469ab76bc2,0xe255c0f4cf7dec77ba528078bb6363116e727d734f62b5c861725119904846b5,1722238434,0xd2e1a2b4641f159d84bfffd8660bebbb2ebcc7c1,0xc5d563a36ae78145c45a50134d48a1215220f80a,0,14987046218227329027080984029949561275408794766325730526435811581087168625932,996.999985,1039.678024,0.0,YES,2024-07-29 07:33:54+00:00,BUY,996.999985,1039.678024,0.9589507154957427,0.9589507154957427,0.041049
0x7e76171853970e905cc7d940a3be51400c8f2fb05e3ad452d9936bf89c6e8ff0_0xcabf8bc347de39f6e6bca4fa906a52a997dfabeb832581aae893748f98de7b08,0x7e76171853970e905cc7d940a3be51400c8f2fb05e3ad452d9936bf89c6e8ff0,1722238974,0x9b9d75abe78b20a4941700a3225159a76a770a9e,0xc5d563a36ae78145c45a50134d48a1215220f80a,0,14987046218227329027080984029949561275408794766325730526435811581087168625932,0.999992,1.043833,0.0,YES,2024-07-29 07:42:54+00:00,BUY,0.999992,1.043833,0.9579999865878929,0.9579999865878929,0.042
0xe8bf1024e482df2795b8ea66af02d4bc632322d2e9eb4553d1e4451e9f1cee9b_0x85a328e66a64ce90b465d827569c1e53c32f439024598710cf3c5676dc7dbb48,0xe8bf1024e482df2795b8ea66af02d4bc632322d2e9eb4553d1e4451e9f1cee9b,1722239536,0xbf3c6eda2e04bb7c9a7110b016776a28b5336c24,0xc5d563a36ae78145c45a50134d48a1215220f80a,0,14987046218227329027080984029949561275408794766325730526435811581087168625932,0.999992,1.043833,0.0,YES,2024-07-29 07:52:16+00:00,BUY,0.999992,1.043833,0.9579999865878929,0.9579999865878929,0.042
0x910abc4b3eee4f882e37826cc981efe0884f3aef867f94c740a2acf1fe643311_0x423754eea788d04a80f4394a159953ec5b72a12fc84a1eb693d62caf2dc6b5b7,0x910abc4b3eee4f882e37826cc981efe0884f3aef867f94c740a2acf1fe643311,1722239570,0x63f779ae340d5a1a15c11fb7dcbfae3bc239ac2d,0xc5d563a36ae78145c45a50134d48a1215220f80a,0,14987046218227329027080984029949561275408794766325730526435811581087168625932,0.999992,1.043833,0.0,YES,2024-07-29 07:52:50+00:00,BUY,0.999992,1.043833,0.9579999865878929,0.9579999865878929,0.042
0x1b576d2c4de3413f86e5317197557d6a0df80399552d4c08410ee914bdb0baf9_0x683b2f241f80efe52388e4284792781b218e9ec8298a0bc66bb563eb3cb79514,0x1b576d2c4de3413f86e5317197557d6a0df80399552d4c08410ee914bdb0baf9,1722239872,0x03dc083a54c3340568279873f6242ae0077e78cf,0xc5d563a36ae78145c45a50134d48a1215220f80a,0,14987046218227329027080984029949561275408794766325730526435811581087168625932,4.999984,5.21919,0.0,YES,2024-07-29 07:57:52+00:00,BUY,4.999984,5.21919,0.9579999961679878,0.9579999961679878,0.042
0x62503cef55d5f39809e148e888eaa5b28b3ab37be53f63495d531d835c6a8dff_0x53bb6a595fb670780f93309653a98db89849e4fa21f6b51c827c658c7faa67d0,0x62503cef55d5f39809e148e888eaa5b28b3ab37be53f63495d531d835c6a8dff,1722241501,0xf0b0ef1d6320c6be896b4c9c54dd74407e7f8cab,0xc5d563a36ae78145c45a50134d48a1215220f80a,14987046218227329027080984029949561275408794766325730526435811581087168625932,0,0.13,0.12363,0.0,YES,2024-07-29 08:25:01+00:00,SELL,0.12363,0.13,0.951,0.951,0.049
0x6860250de2c1ca72ec6b482799b6db0cc14f32f61945ed044f48875d771b46d5_0x2c1eac2e869cde4138fd9dfcb9bc3ce339dd935e619fa1827ff521cbcaebb789,0x6860250de2c1ca72ec6b482799b6db0cc14f32f61945ed044f48875d771b46d5,1722242854,0xb60bebd521a4b76a39da395838523923aa0c4f1b,0xc5d563a36ae78145c45a50134d48a1215220f80a,0,14987046218227329027080984029949561275408794766325730526435811581087168625932,0.999992,1.043833,0.0,YES,2024-07-29 08:47:34+00:00,BUY,0.999992,1.043833,0.9579999865878929,0.9579999865878929,0.042
0xc694a7f1f81000f7aaa882870188809e7c9a7c9df9ee2e1aa980c262711b48c8_0xf1c2119f34fafd06dd5b7e8d1992d20666ff67999b63f5b7cd0e0c25a0bdd1d3,0xc694a7f1f81000f7aaa882870188809e7c9a7c9df9ee2e1aa980c262711b48c8,1722244089,0x024a4e0e0153a71edca470b63acbccc5041810d8,0xc5d563a36ae78145c45a50134d48a1215220f80a,0,14987046218227329027080984029949561275408794766325730526435811581087168625932,9.999991,10.438404,0.0,YES,2024-07-29 09:08:09+00:00,BUY,9.999991,10.438404,0.9579999969343972,0.9579999969343972,0.042
0x8cb726fa1257b7f9cf2637d12408cafc8fb7b900c51745bb42375b9930d99a29_0x93f8814522fad7fd80cf41ac8a3d973b64f9865824ea50d072f522d5272c4738,0x8cb726fa1257b7f9cf2637d12408cafc8fb7b900c51745bb42375b9930d99a29,1722244367,0x2370d48501dbbe1974b6cf228e77d459f4870e10,0xb49f468c15c49783f2664c7198a4949ade1b12e6,71914038773350234130553415116948415426792971631252265695143324140554345804068,0,137.0,6.713,0.0,NO,2024-07-29 09:12:47+00:00,SELL,6.713,137.0,0.049,0.951,0.049
0x6917b8cdea82e64b7a4f62d5a2d7ded3bd7fc41d915b2c81971d1c47d6ee7cb7_0x45bfc24d933694b6c9c4e8c51d55b0524dc56c2695fac28b0c40bc0187429c61,0x6917b8cdea82e64b7a4f62d5a2d7ded3bd7fc41d915b2c81971d1c47d6ee7cb7,1722244547,0xec293660a851278276e5c909e709988d8affc9aa,0xc5d563a36ae78145c45a50134d48a1215220f80a,0,14987046218227329027080984029949561275408794766325730526435811581087168625932,0.999998,1.04493,0.0,YES,2024-07-29 09:15:47+00:00,BUY,0.999998,1.04493,0.9569999904299811,0.9569999904299811,0.043
0xf7cc1b908bd12cbfd0d0d130d58d82bebc01971ff9144f9f459508eab177f5dd_0x639d3b747fa47a7f867955d33ef902645e922ded6ff2b48b7f570567bc9757e5,0xf7cc1b908bd12cbfd0d0d130d58d82bebc01971ff9144f9f459508eab177f5dd,1722245663,0xb4bdf5e6f441c987b161970cd32ab11392ece668,0xc5d563a36ae78145c45a50134d48a1215220f80a,0,14987046218227329027080984029949561275408794766325730526435811581087168625932,4.999991,5.224651,0.0,YES,2024-07-29 09:34:23+00:00,BUY,4.999991,5.224651,0.9569999986601976,0.9569999986601976,0.043
0xc6b4b14079043ea1f2aa3378bea23f4eee78c50b4b826405ccac8cfcef53cdab_0x7925d5a4669af095675f641af4c23dfee24ae779bc66c3e5025e9aa776c3c6b7,0xc6b4b14079043ea1f2aa3378bea23f4eee78c50b4b826405ccac8cfcef53cdab,1722246579,0xfa1c66c8d0ec9115a5bfda4a9af57c44d3ba33c1,0xa6676646a16d8c7044ea2ac7e2b9ab09eb7384fe,0,14987046218227329027080984029949561275408794766325730526435811581087168625932,47.6,50.0,0.0,YES,2024-07-29 09:49:39+00:00,BUY,47.6,50.0,0.9520000000000001,0.9520000000000001,0.048
0xd11f8083fb2f12f6073b4b2993c85342ae07cb9b34aee7da90c6f3a7b6d826d4_0x7925d5a4669af095675f641af4c23dfee24ae779bc66c3e5025e9aa776c3c6b7,0xd11f8083fb2f12f6073b4b2993c85342ae07cb9b34aee7da90c6f3a7b6d826d4,1722246839,0xfa1c66c8d0ec9115a5bfda4a9af57c44d3ba33c1,0xdd8648ee971449d1428cac640674ffd7a357c51f,0,14987046218227329027080984029949561275408794766325730526435811581087168625932,142.8,150.0,0.0,YES,2024-07-29 09:53:59+00:00,BUY,142.8,150.0,0.9520000000000001,0.9520000000000001,0.048
0x4a2826ae39621faf9951fcb7cc04c05e836c2079b644fda88c0950ef44caaf4c_0x85ffa17db34a91fe2b8b948d998e287460073bfef36254cc48b436d6f2e5e470,0x4a2826ae39621faf9951fcb7cc04c05e836c2079b644fda88c0950ef44caaf4c,1722247609,0xd72753dae1cb01011c1e69af78ee1f9494bbecce,0xb49f468c15c49783f2664c7198a4949ade1b12e6,0,14987046218227329027080984029949561275408794766325730526435811581087168625932,140.091,147.0,0.0,YES,2024-07-29 10:06:49+00:00,BUY,140.091,147.0,0.9530000000000001,0.9530000000000001,0.047
0x52ae989e0fd43e765429442e9c5098f0820d40379e8fb798780ae442317875f7_0x85ffa17db34a91fe2b8b948d998e287460073bfef36254cc48b436d6f2e5e470,0x52ae989e0fd43e765429442e9c5098f0820d40379e8fb798780ae442317875f7,1722247609,0xd72753dae1cb01011c1e69af78ee1f9494bbecce,0xb49f468c15c49783f2664c7198a4949ade1b12e6,0,14987046218227329027080984029949561275408794766325730526435811581087168625932,93.394,98.0,0.0,YES,2024-07-29 10:06:49+00:00,BUY,93.394,98.0,0.9530000000000001,0.9530000000000001,0.047
0x24ba5192e882d050b3300c8e298a0d428c8e9f3bd3e88bd9bf127f20187ef135_0xcc9687db75a010ccc0857f9acd8ad203cafb085081ab33d6fbfe92c7b2cfef00,0x24ba5192e882d050b3300c8e298a0d428c8e9f3bd3e88bd9bf127f20187ef135,1722247687,0xd72753dae1cb01011c1e69af78ee1f9494bbecce,0xb49f468c15c49783f2664c7198a4949ade1b12e6,0,14987046218227329027080984029949561275408794766325730526435811581087168625932,140.091,147.0,0.0,YES,2024-07-29 10:08:07+00:00,BUY,140.091,147.0,0.9530000000000001,0.9530000000000001,0.047
0x0422fabbfd081ccddcbf6559d01493289d30581c8e590154a66c8e3d72e00a7a_0xcc9687db75a010ccc0857f9acd8ad203cafb085081ab33d6fbfe92c7b2cfef00,0x0422fabbfd081ccddcbf6559d01493289d30581c8e590154a66c8e3d72e00a7a,1722247687,0xd72753dae1cb01011c1e69af78ee1f9494bbecce,0xb49f468c15c49783f2664c7198a4949ade1b12e6,0,14987046218227329027080984029949561275408794766325730526435811581087168625932,93.394,98.0,0.0,YES,2024-07-29 10:08:07+00:00,BUY,93.394,98.0,0.9530000000000001,0.9530000000000001,0.047
0x4bf22d416b18c2585db7bf1bdc6c229ddb4b9db91059e9fee1f8b73dc4d533c5_0xcc9687db75a010ccc0857f9acd8ad203cafb085081ab33d6fbfe92c7b2cfef00,0x4bf22d416b18c2585db7bf1bdc6c229ddb4b9db91059e9fee1f8b73dc4d533c5,1722247729,0xd72753dae1cb01011c1e69af78ee1f9494bbecce,0xb49f468c15c49783f2664c7198a4949ade1b12e6,0,14987046218227329027080984029949561275408794766325730526435811581087168625932,130.561,137.0,0.0,YES,2024-07-29 10:08:49+00:00,BUY,130.561,137.0,0.9530000000000001,0.9530000000000001,0.047
0xa00c6ea9a17793b82aae9a3299a78fcfb58e74650348e8f50b1b3d785e8cbf24_0xcc9687db75a010ccc0857f9acd8ad203cafb085081ab33d6fbfe92c7b2cfef00,0xa00c6ea9a17793b82aae9a3299a78fcfb58e74650348e8f50b1b3d785e8cbf24,1722247729,0xd72753dae1cb01011c1e69af78ee1f9494bbecce,0xb49f468c15c49783f2664c7198a4949ade1b12e6,0,14987046218227329027080984029949561275408794766325730526435811581087168625932,140.091,147.0,0.0,YES,2024-07-29 10:08:49+00:00,BUY,140.091,147.0,0.9530000000000001,0.9530000000000001,0.047
0x2f25dce5c8c10cf452efd3c4e292ac5020b450e707f4aeaf3e6d0c24a550fa23_0xcc9687db75a010ccc0857f9acd8ad203cafb085081ab33d6fbfe92c7b2cfef00,0x2f25dce5c8c10cf452efd3c4e292ac5020b450e707f4aeaf3e6d0c24a550fa23,1722247779,0xd72753dae1cb01011c1e69af78ee1f9494bbecce,0xb49f468c15c49783f2664c7198a4949ade1b12e6,0,14987046218227329027080984029949561275408794766325730526435811581087168625932,140.091,147.0,0.0,YES,2024-07-29 10:09:39+00:00,BUY,140.091,147.0,0.9530000000000001,0.9530000000000001,0.047
0xb323dd120cf598e34bbc5d417ec94042d7489936c90c922b47b790fa788fb3e2_0xcc9687db75a010ccc0857f9acd8ad203cafb085081ab33d6fbfe92c7b2cfef00,0xb323dd120cf598e34bbc5d417ec94042d7489936c90c922b47b790fa788fb3e2,1722247781,0xd72753dae1cb01011c1e69af78ee1f9494bbecce,0xb49f468c15c49783f2664c7198a4949ade1b12e6,0,14987046218227329027080984029949561275408794766325730526435811581087168625932,130.561,137.0,0.0,YES,2024-07-29 10:09:41+00:00,BUY,130.561,137.0,0.9530000000000001,0.9530000000000001,0.047
0xf24391bd64b83212f480acd430ef757963ef9dabae58912ca0828d54ba218403_0xcc9687db75a010ccc0857f9acd8ad203cafb085081ab33d6fbfe92c7b2cfef00,0xf24391bd64b83212f480acd430ef757963ef9dabae58912ca0828d54ba218403,1722247835,0xd72753dae1cb01011c1e69af78ee1f9494bbecce,0xb49f468c15c49783f2664c7198a4949ade1b12e6,0,14987046218227329027080984029949561275408794766325730526435811581087168625932,140.091,147.0,0.0,YES,2024-07-29 10:10:35+00:00,BUY,140.091,147.0,0.9530000000000001,0.9530000000000001,0.047
0xa86db95e2c500f601894375e8775598884cd057d6cdd2a3f350cc0e940efa216_0xcc9687db75a010ccc0857f9acd8ad203cafb085081ab33d6fbfe92c7b2cfef00,0xa86db95e2c500f601894375e8775598884cd057d6cdd2a3f350cc0e940efa216,1722247837,0xd72753dae1cb01011c1e69af78ee1f9494bbecce,0xb49f468c15c49783f2664c7198a4949ade1b12e6,0,14987046218227329027080984029949561275408794766325730526435811581087168625932,130.561,137.0,0.0,YES,2024-07-29 10:10:37+00:00,BUY,130.561,137.0,0.9530000000000001,0.9530000000000001,0.047
0xcd31eef9623f4012c0e005eef63ed2914ca8cd06721f5399cee28c820e8449ad_0xcc9687db75a010ccc0857f9acd8ad203cafb085081ab33d6fbfe92c7b2cfef00,0xcd31eef9623f4012c0e005eef63ed2914ca8cd06721f5399cee28c820e8449ad,1722247875,0xd72753dae1cb01011c1e69af78ee1f9494bbecce,0xb49f468c15c49783f2664c7198a4949ade1b12e6,0,14987046218227329027080984029949561275408794766325730526435811581087168625932,140.091,147.0,0.0,YES,2024-07-29 10:11:15+00:00,BUY,140.091,147.0,0.9530000000000001,0.9530000000000001,0.047
0x3d14e83549a0f246577c194b5a4e63ac3b369abca1a7d0f7a05007368c1490ca_0xcc9687db75a010ccc0857f9acd8ad203cafb085081ab33d6fbfe92c7b2cfef00,0x3d14e83549a0f246577c194b5a4e63ac3b369abca1a7d0f7a05007368c1490ca,1722247875,0xd72753dae1cb01011c1e69af78ee1f9494bbecce,0xb49f468c15c49783f2664c7198a4949ade1b12e6,0,14987046218227329027080984029949561275408794766325730526435811581087168625932,70.522,74.0,0.0,YES,2024-07-29 10:11:15+00:00,BUY,70.522,74.0,0.9530000000000001,0.9530000000000001,0.047
0x434b80b1c0adaae234bcf05c9158b71265a2fec815046d9fb48a7ea54cb75243_0xb14a18e620badc8088a1511a97aee49aaecc5f3b4c7e68b60bfe6a6e1a9bd7ed,0x434b80b1c0adaae234bcf05c9158b71265a2fec815046d9fb48a7ea54cb75243,1722247877,0xd72753dae1cb01011c1e69af78ee1f9494bbecce,0xb49f468c15c49783f2664c7198a4949ade1b12e6,0,14987046218227329027080984029949561275408794766325730526435811581087168625932,59.40049,62.33,0.0,YES,2024-07-29 10:11:17+00:00,BUY,59.40049,62.33,0.953,0.953,0.047
0x82780074a2630953119eb7b42d2c42d6bffe6046822b597b64a46250178618cd_0xb14a18e620badc8088a1511a97aee49aaecc5f3b4c7e68b60bfe6a6e1a9bd7ed,0x82780074a2630953119eb7b42d2c42d6bffe6046822b597b64a46250178618cd,1722247917,0xd72753dae1cb01011c1e69af78ee1f9494bbecce,0xb49f468c15c49783f2664c7198a4949ade1b12e6,0,14987046218227329027080984029949561275408794766325730526435811581087168625932,100.065,105.0,0.0,YES,2024-07-29 10:11:57+00:00,BUY,100.065,105.0,0.953,0.953,0.047
0x7c35997498fdb6840323cbc9f55299ad8c9fa1766af8c37945ecf8b082f6cd69_0x7ecae9b9f58458e7db15d7cd531a4540335612cac690ab9462e679a4ab5ed843,0x7c35997498fdb6840323cbc9f55299ad8c9fa1766af8c37945ecf8b082f6cd69,1722247935,0xd72753dae1cb01011c1e69af78ee1f9494bbecce,0xb49f468c15c49783f2664c7198a4949ade1b12e6,0,14987046218227329027080984029949561275408794766325730526435811581087168625932,138.49949,145.33,0.0,YES,2024-07-29 10:12:15+00:00,BUY,138.49949,145.33,0.953,0.953,0.047
0x0ebb07b5da8aeac3cb74d342f5e4fff1f633ab6cd793dd177f8fec3e9ba60261_0x74a5e77525508f769f7a9f06adeae527199d14ac0395c98b2e876a226d83b96f,0x0ebb07b5da8aeac3cb74d342f5e4fff1f633ab6cd793dd177f8fec3e9ba60261,1722247937,0xfa1c66c8d0ec9115a5bfda4a9af57c44d3ba33c1,0x7a0111845c80406c88dcc23c3c67988c6f6bae09,14987046218227329027080984029949561275408794766325730526435811581087168625932,0,5.235601,4.999998,0.0,YES,2024-07-29 10:12:17+00:00,SELL,4.999998,5.235601,0.9549998175949619,0.9549998175949619,0.045
0x60c4ac3cf7499e2f1bf144720d5cd7c7ca83c3c875835aeb6ac35ad728649590_0x74a5e77525508f769f7a9f06adeae527199d14ac0395c98b2e876a226d83b96f,0x60c4ac3cf7499e2f1bf144720d5cd7c7ca83c3c875835aeb6ac35ad728649590,1722249863,0xfa1c66c8d0ec9115a5bfda4a9af57c44d3ba33c1,0xf8b8e593132441116e917b254fefa4dd3885146d,14987046218227329027080984029949561275408794766325730526435811581087168625932,0,1.047119,0.999998,0.0,YES,2024-07-29 10:44:23+00:00,SELL,0.999998,1.047119,0.9549993840241655,0.9549993840241655,0.045001
0xe7b4fdf95b2becd68c8b1e5c38f98a7dcaeaa335d96bf31082b75e6fc6f125b3_0x74a5e77525508f769f7a9f06adeae527199d14ac0395c98b2e876a226d83b96f,0xe7b4fdf95b2becd68c8b1e5c38f98a7dcaeaa335d96bf31082b75e6fc6f125b3,1722254237,0xfa1c66c8d0ec9115a5bfda4a9af57c44d3ba33c1,0x7ee3d9494a4ea5bdcd255b18d3202ec2ffe9023a,14987046218227329027080984029949561275408794766325730526435811581087168625932,0,100.0,95.5,0.0,YES,2024-07-29 11:57:17+00:00,SELL,95.5,100.0,0.955,0.955,0.045
0x2fb0d8a610425932643cc3d61112e9f36d18f3534d9ba18b7e9943e71d05ae80_0xecc72a48b06cf9da1c58ef054661192c77f0eed8fb87771a8d4251757f602b30,0x2fb0d8a610425932643cc3d61112e9f36d18f3534d9ba18b7e9943e71d05ae80,1722254773,0x5c9547b5e31c0a038474a6956320a039b20456f8,0xc5d563a36ae78145c45a50134d48a1215220f80a,14987046218227329027080984029949561275408794766325730526435811581087168625932,0,57.69,54.86453,0.0,YES,2024-07-29 12:06:13+00:00,SELL,54.86453,57.69,0.9510232275957705,0.9510232275957705,0.048977
0xf13811ca0d65ad54c226874fc92ba3b51a88bd1b75b040af9bb230addfbcb18b_0xa40d8a552c29002c05aaf19fd8a6bcd5be70c6b66c930699b52c8945a09168c3,0xf13811ca0d65ad54c226874fc92ba3b51a88bd1b75b040af9bb230addfbcb18b,1722254815,0xfa1c66c8d0ec9115a5bfda4a9af57c44d3ba33c1,0xb49f468c15c49783f2664c7198a4949ade1b12e6,0,14987046218227329027080984029949561275408794766325730526435811581087168625932,50.456,53.0,0.0,YES,2024-07-29 12:06:55+00:00,BUY,50.456,53.0,0.9520000000000001,0.9520000000000001,0.048
0x1b55860dcec88af6c2a3051bb619c7c58872634d72f7870c013890feb95d50df_0xa40d8a552c29002c05aaf19fd8a6bcd5be70c6b66c930699b52c8945a09168c3,0x1b55860dcec88af6c2a3051bb619c7c58872634d72f7870c013890feb95d50df,1722254815,0xfa1c66c8d0ec9115a5bfda4a9af57c44d3ba33c1,0xb49f468c15c49783f2664c7198a4949ade1b12e6,0,14987046218227329027080984029949561275408794766325730526435811581087168625932,139.944,147.0,0.0,YES,2024-07-29 12:06:55+00:00,BUY,139.944,147.0,0.952,0.952,0.048
0x06c806d0822247659110e38b531aa1221a60031079676255a37bd2d380a4d019_0x7a6ec57642ecd140523b053205d7707e78a20427e5926aa882d1afeb592702ec,0x06c806d0822247659110e38b531aa1221a60031079676255a37bd2d380a4d019,1722254821,0xfa1c66c8d0ec9115a5bfda4a9af57c44d3ba33c1,0xb49f468c15c49783f2664c7198a4949ade1b12e6,0,14987046218227329027080984029949561275408794766325730526435811581087168625932,5.712,6.0,0.0,YES,2024-07-29 12:07:01+00:00,BUY,5.712,6.0,0.952,0.952,0.048
0xbd5cd51e019824a9fae58931ae28dfbc315f48671f43509f8db8f4bcce0d6e19_0x7a305f658f3f8b1af4e93edb39ad2273ddc42722245c72cb25e20d1b80faad34,0xbd5cd51e019824a9fae58931ae28dfbc315f48671f43509f8db8f4bcce0d6e19,1722255361,0xfa1c66c8d0ec9115a5bfda4a9af57c44d3ba33c1,0xa1e96bcf82de3d022b2254aafea86d45e7300607,14987046218227329027080984029949561275408794766325730526435811581087168625932,0,110.062892,104.999998,0.0,YES,2024-07-29 12:16:01+00:00,SELL,104.999998,110.062892,0.9539999912050285,0.9539999912050285,0.046
0xd004a7ced3977d81fa9bc1227b46408f17181abd5681802bdc31546d004b856d_0x7781aa709fe1faa5c5a759143664437030aadb6fafc05a8155ad0b736adab785,0xd004a7ced3977d81fa9bc1227b46408f17181abd5681802bdc31546d004b856d,1722255363,0xfa1c66c8d0ec9115a5bfda4a9af57c44d3ba33c1,0xb49f468c15c49783f2664c7198a4949ade1b12e6,0,14987046218227329027080984029949561275408794766325730526435811581087168625932,104.72,110.0,0.0,YES,2024-07-29 12:16:03+00:00,BUY,104.72,110.0,0.952,0.952,0.048
0x36c998e5dbcff82016e0d6c9a250fc0769c90c4dd5df43bf6808d9667169735a_0xad363b9bc63c70d4a1dd73c689b72494df1faee034968f64d2a7fef6e8f1ca88,0x36c998e5dbcff82016e0d6c9a250fc0769c90c4dd5df43bf6808d9667169735a,1722255403,0xa1e96bcf82de3d022b2254aafea86d45e7300607,0xc5d563a36ae78145c45a50134d48a1215220f80a,14987046218227329027080984029949561275408794766325730526435811581087168625932,0,110.06,104.66725,0.0,YES,2024-07-29 12:16:43+00:00,SELL,104.66725,110.06,0.951001726331092,0.951001726331092,0.048998
0xe7dd95e72bec21ef65fd6ee4f5c5b7ddb3a6684d9d6c78ec51c69225e3e920be_0x3b799c23d6b664001edb39f3fa8ad1a0526fe50ee3e071587fbdb85e73366509,0xe7dd95e72bec21ef65fd6ee4f5c5b7ddb3a6684d9d6c78ec51c69225e3e920be,1722255661,0x71ed0bc95433cdf1be29f43219725fce9addd9eb,0xc5d563a36ae78145c45a50134d48a1215220f80a,14987046218227329027080984029949561275408794766325730526435811581087168625932,0,1000.0,951.0,0.0,YES,2024-07-29 12:21:01+00:00,SELL,951.0,1000.0,0.951,0.951,0.049
0x8e9afae38ac4be37f9e83497b3bb5e183dd3c901b023bc0c353c6cd6b2e848b4_0x7a305f658f3f8b1af4e93edb39ad2273ddc42722245c72cb25e20d1b80faad34,0x8e9afae38ac4be37f9e83497b3bb5e183dd3c901b023bc0c353c6cd6b2e848b4,1722255809,0xfa1c66c8d0ec9115a5bfda4a9af57c44d3ba33c1,0xce4136d8bc503db314c83661d8d8227199f56914,14987046218227329027080984029949561275408794766325730526435811581087168625932,0,1.048217,0.999999,0.0,YES,2024-07-29 12:23:29+00:00,SELL,0.999999,1.048217,0.9539999828279832,0.9539999828279832,0.046
0x8c48ae110659a0f67337392d80fc45b4f99d6220b33bbf4816fd9dd1641dfc77_0x7a305f658f3f8b1af4e93edb39ad2273ddc42722245c72cb25e20d1b80faad34,0x8c48ae110659a0f67337392d80fc45b4f99d6220b33bbf4816fd9dd1641dfc77,1722255901,0xfa1c66c8d0ec9115a5bfda4a9af57c44d3ba33c1,0xf76648d781f0ad4b4f39815e3166a89ece1306b2,14987046218227329027080984029949561275408794766325730526435811581087168625932,0,23.060795,21.999998,0.0,YES,2024-07-29 12:25:01+00:00,SELL,21.999998,23.060795,0.9539999813536352,0.9539999813536352,0.046
0xc9e67b346bd1cb25793eae1516e238d3abd0fcc6c230e12df5fe2fcaba40a209_0x63cbf478931cfa367b465e2be03c3753b93bb05de26af733c5bc8e1ef5cf6373,0xc9e67b346bd1cb25793eae1516e238d3abd0fcc6c230e12df5fe2fcaba40a209,1722255911,0xfa1c66c8d0ec9115a5bfda4a9af57c44d3ba33c1,0xdae673a7f7c781d50d5c8935f75f8067443c5c62,0,14987046218227329027080984029949561275408794766325730526435811581087168625932,22.61,23.75,0.0,YES,2024-07-29 12:25:11+00:00,BUY,22.61,23.75,0.952,0.952,0.048
0x5c8b3a7a5102b25ac72cafdae1977833623f99681db40b1c594735dda4b5b6b4_0x3ef2cd11a0c857a6f077e8d56eb7c0752cd28051e2881d69f83d120cf7c68ea5,0x5c8b3a7a5102b25ac72cafdae1977833623f99681db40b1c594735dda4b5b6b4,1722257293,0x2370d48501dbbe1974b6cf228e77d459f4870e10,0x843409738e5533ce49d5f45d024b88ee61da34b9,71914038773350234130553415116948415426792971631252265695143324140554345804068,0,703.0,34.447,0.0,NO,2024-07-29 12:48:13+00:00,SELL,34.447,703.0,0.049,0.951,0.049
0xff9e930ffcda1eae983ceb620444aeca53d0ea85a57793e94ac9fcb768ac8580_0x25fd707d982de879c8e47ffcf6002421b7eb62f3d8ff1591ceef93e08eca522e,0xff9e930ffcda1eae983ceb620444aeca53d0ea85a57793e94ac9fcb768ac8580,1722258063,0xcde88849a85838f0d08679a5810fa81f08179b68,0xc5d563a36ae78145c45a50134d48a1215220f80a,0,14987046218227329027080984029949561275408794766325730526435811581087168625932,9.999993,10.482173,0.0,YES,2024-07-29 13:01:03+00:00,BUY,9.999993,10.482173,0.9539999959931973,0.9539999959931973,0.046
0x364f04b51a0e58c7ee444d55887cf62bae81f5802d9fbc65e0c83319f51ef9c9_0x20593e582292a420b3bcd6d9066d4c09a76c1274b4b5ba0f50fcbda2df01fbca,0x364f04b51a0e58c7ee444d55887cf62bae81f5802d9fbc65e0c83319f51ef9c9,1722258245,0xcde88849a85838f0d08679a5810fa81f08179b68,0xc5d563a36ae78145c45a50134d48a1215220f80a,14987046218227329027080984029949561275408794766325730526435811581087168625932,0,10.48,9.956,0.0,YES,2024-07-29 13:04:05+00:00,SELL,9.956,10.48,0.95,0.95,0.05
0x4189f38fb97bc12a11bcdd9df89806989f12a2189a4d277b421da97d41d49f39_0x0f7dc162123bcff243c67f5ecd3ece5f74c4e26e8f5270bb70723df52c69ba7a,0x4189f38fb97bc12a11bcdd9df89806989f12a2189a4d277b421da97d41d49f39,1722258565,0xfa1c66c8d0ec9115a5bfda4a9af57c44d3ba33c1,0xcde88849a85838f0d08679a5810fa81f08179b68,14987046218227329027080984029949561275408794766325730526435811581087168625932,0,104.931793,99.999998,0.0,YES,2024-07-29 13:09:25+00:00,SELL,99.999998,104.931793,0.95299999305263,0.95299999305263,0.047
0x5b87a5818f77d1561cabbda519f549d7077131884ed2a4b865dcda2aff1696b7_0x754223c0f37502f8f9c5cf6fd530ded8c5015b00ff023a645d31b2ab28c7301c,0x5b87a5818f77d1561cabbda519f549d7077131884ed2a4b865dcda2aff1696b7,1722260217,0xaaf4acafbb7980ce93631d238eb10a5c4ca67883,0xc5d563a36ae78145c45a50134d48a1215220f80a,14987046218227329027080984029949561275408794766325730526435811581087168625932,0,5000.0,4750.36029,0.0,YES,2024-07-29 13:36:57+00:00,SELL,4750.36029,5000.0,0.9500720579999999,0.9500720579999999,0.049928
0x5ec3ab3749206f1150a8b28bb87c4e1b539a8d673ee1a6dfbaee06e6dd5ffcd1_0x175f4ffd6523f60572ac2bdf1c6ec33bd35698b063fa8eb4b0c169688f20ba71,0x5ec3ab3749206f1150a8b28bb87c4e1b539a8d673ee1a6dfbaee06e6dd5ffcd1,1722260221,0xaaf4acafbb7980ce93631d238eb10a5c4ca67883,0xc5d563a36ae78145c45a50134d48a1215220f80a,14987046218227329027080984029949561275408794766325730526435811581087168625932,0,349.81,332.3195,0.0,YES,2024-07-29 13:37:01+00:00,SELL,332.3195,349.81,0.95,0.95,0.05
0x20a32bde63826d87a0a042160d68e196f0fcaa6a3e34d2186246a75cde45de61_0x175f4ffd6523f60572ac2bdf1c6ec33bd35698b063fa8eb4b0c169688f20ba71,0x20a32bde63826d87a0a042160d68e196f0fcaa6a3e34d2186246a75cde45de61,1722260875,0xaaf4acafbb7980ce93631d238eb10a5c4ca67883,0x7804a1ba2e9d02fdad694c3337ca8500086ad62f,14987046218227329027080984029949561275408794766325730526435811581087168625932,0,8.210525,7.799998,0.0,YES,2024-07-29 13:47:55+00:00,SELL,7.799998,8.210525,0.9499999086538315,0.9499999086538315,0.05
0x053d456dcf778575989152c9f6cead2cf426bdee3011f7c2935d0c8711964480_0x175f4ffd6523f60572ac2bdf1c6ec33bd35698b063fa8eb4b0c169688f20ba71,0x053d456dcf778575989152c9f6cead2cf426bdee3011f7c2935d0c8711964480,1722262799,0xaaf4acafbb7980ce93631d238eb10a5c4ca67883,0xed107a85a4585a381e48c7f7ca4144909e7dd2e5,14987046218227329027080984029949561275408794766325730526435811581087168625932,0,141.97,134.8715,0.0,YES,2024-07-29 14:19:59+00:00,SELL,134.8715,141.97,0.95,0.95,0.05
0x855c8ade07fd0f5a9360a753a4072e796a26167eacf9df3055f10f2b56891a9d_0x3f242d34f0491e94ed90a770f712a4d1ac36e8a04d7cef8dbd57a3fedd673c64,0x855c8ade07fd0f5a9360a753a4072e796a26167eacf9df3055f10f2b56891a9d,1722263257,0xed107a85a4585a381e48c7f7ca4144909e7dd2e5,0x4ce73141dbfce41e65db3723e31059a730f0abad,0,14987046218227329027080984029949561275408794766325730526435811581087168625932,880.1275,926.45,0.0,YES,2024-07-29 14:27:37+00:00,BUY,880.1275,926.45,0.9500000000000001,0.9500000000000001,0.05
0xb941f048da7a6b5e622dd02ec51d2824fee5a7f1cb99ab210a6a4ad589418906_0xa74d8e5dc7a109f03e4e3a9542ce589b5c56d268659cb40cfa54823dcfa4c835,0xb941f048da7a6b5e622dd02ec51d2824fee5a7f1cb99ab210a6a4ad589418906,1722263569,0xcde88849a85838f0d08679a5810fa81f08179b68,0xc5d563a36ae78145c45a50134d48a1215220f80a,14987046218227329027080984029949561275408794766325730526435811581087168625932,0,104.93,99.6835,0.0,YES,2024-07-29 14:32:49+00:00,SELL,99.6835,104.93,0.9499999999999998,0.9499999999999998,0.05
0xb095bcf90b6ec7d48c01516b6cbdad9abb13e7568744f7439fe488178f842ec0_0xcf6ec69de974edb16a23cb7f361ffe2ca852b8c6ddfd8acc52210858b187fd02,0xb095bcf90b6ec7d48c01516b6cbdad9abb13e7568744f7439fe488178f842ec0,1722264941,0xfa1c66c8d0ec9115a5bfda4a9af57c44d3ba33c1,0x55ee068e7957c04e1ff9e5d5345d1e11145b842c,14987046218227329027080984029949561275408794766325730526435811581087168625932,0,10.493178,9.999998,0.0,YES,2024-07-29 14:55:41+00:00,SELL,9.999998,10.493178,0.9529999395797917,0.9529999395797917,0.047
0x9fedc76702956dca143ce25cdfb6cbb2c3b063be6140bc6c9553a1ca7cfebd3e_0xf46183cc7f5e8ed3ceecc588e2da43d88d4b7cfecb8e893430f470b2582ee689,0x9fedc76702956dca143ce25cdfb6cbb2c3b063be6140bc6c9553a1ca7cfebd3e,1722265875,0x7f692340bcc1d90b3ca3c8436e3973adb0279c7a,0xc5d563a36ae78145c45a50134d48a1215220f80a,14987046218227329027080984029949561275408794766325730526435811581087168625932,0,444.0,421.81049,0.0,YES,2024-07-29 15:11:15+00:00,SELL,421.81049,444.0,0.9500236261261261,0.9500236261261261,0.049976
0x6410efcabe28ef1b0eac8a023e9ea1e5137533baa305edaa0606fa3af8d74e77_0x3f242d34f0491e94ed90a770f712a4d1ac36e8a04d7cef8dbd57a3fedd673c64,0x6410efcabe28ef1b0eac8a023e9ea1e5137533baa305edaa0606fa3af8d74e77,1722266063,0xed107a85a4585a381e48c7f7ca4144909e7dd2e5,0xde242261bcd8d4320113f12230da34d705ca25a8,0,14987046218227329027080984029949561275408794766325730526435811581087168625932,3223.483,3393.14,0.0,YES,2024-07-29 15:14:23+00:00,BUY,3223.483,3393.14,0.9500000000000001,0.9500000000000001,0.05
0xc06b2584a7f341c9189f14f3b91e337ea14a930fb0f91b5128c84040f68d0e1e_0xe1476efc89cd508978432632dfd464c28212bb67ad1800aa1636c0baac77b1e6,0xc06b2584a7f341c9189f14f3b91e337ea14a930fb0f91b5128c84040f68d0e1e,1722266681,0xfe85ca32bda8450cdcf47af1d06199982eafdd86,0xc5d563a36ae78145c45a50134d48a1215220f80a,14987046218227329027080984029949561275408794766325730526435811581087168625932,0,5.45,5.16115,0.0,YES,2024-07-29 15:24:41+00:00,SELL,5.16115,5.45,0.947,0.947,0.053
0x915627c01a6b8ed9600f14569b1cc3bf1a0dbd919997fc2e8a898a5047c1d481_0x0774f21568d1ccfd294822eadbff6bb82f866fd1348eede8f5e0c983dbc9cb2b,0x915627c01a6b8ed9600f14569b1cc3bf1a0dbd919997fc2e8a898a5047c1d481,1722267681,0xbacf5348c318f26731199fe73f7a67566847b3b9,0xc5d563a36ae78145c45a50134d48a1215220f80a,0,14987046218227329027080984029949561275408794766325730526435811581087168625932,274.379988,287.308888,0.0,YES,2024-07-29 15:41:21+00:00,BUY,274.379988,287.308888,0.954999999860777,0.954999999860777,0.045
0x5d73407c6282a6e9df8792530a2165160eb1f698a86d53b906bf6c221b5fb9e6_0x06f43fd8430d89b3433cf43fc06a07ee884dbe2e428b9a73d0a0485a0d816f4c,0x5d73407c6282a6e9df8792530a2165160eb1f698a86d53b906bf6c221b5fb9e6,1722270095,0x00da2263cde08caf8d5c3751e6d5b83d063fdb19,0x230c069d51b3fc70e2fb3bac1d8aa421f200a06b,0,14987046218227329027080984029949561275408794766325730526435811581087168625932,4.735,5.0,0.0,YES,2024-07-29 16:21:35+00:00,BUY,4.735,5.0,0.9470000000000001,0.9470000000000001,0.053
0xef14548012786cc1a034ed4978d194fb35b1bd908293e103f5c6f57ca4bcc31a_0xa9c0099ce39ccb154edf9f6b211c923aa213e8ebb8a780242b580d5d7be7734f,0xef14548012786cc1a034ed4978d194fb35b1bd908293e103f5c6f57ca4bcc31a,1722272613,0x42cbacfb79a3d3ae5acc1c1579ec9a408fc6a424,0xc5d563a36ae78145c45a50134d48a1215220f80a,0,14987046218227329027080984029949561275408794766325730526435811581087168625932,58.719994,61.81052,0.0,YES,2024-07-29 17:03:33+00:00,BUY,58.719994,61.81052,0.9500000000000001,0.9500000000000001,0.05
0x3a5553b58b10d30b3300c461e25e7363dfa190080b06d2f053ba42a8d5785b23_0x2212dc350dfbb534fd5297a01430751483d9974cc0b5091ebf9bd1c53be9c056,0x3a5553b58b10d30b3300c461e25e7363dfa190080b06d2f053ba42a8d5785b23,1722272727,0x42cbacfb79a3d3ae5acc1c1579ec9a408fc6a424,0xc5d563a36ae78145c45a50134d48a1215220f80a,14987046218227329027080984029949561275408794766325730526435811581087168625932,0,61.81,58.28683,0.0,YES,2024-07-29 17:05:27+00:00,SELL,58.28683,61.81,0.943,0.943,0.057
0x58618977091a34e5ce3803fd30a559ebaeb1e3bcdb11484c0d6bd5ec51b43b1f_0x27463dcdfccbaca3902cbb3fa14f1de6f86224611e6f72774de578e8d145eea2,0x58618977091a34e5ce3803fd30a559ebaeb1e3bcdb11484c0d6bd5ec51b43b1f,1722274607,0xaee011eb707317645d7706b942d7ad34afc4f5eb,0xc5d563a36ae78145c45a50134d48a1215220f80a,0,14987046218227329027080984029949561275408794766325730526435811581087168625932,0.019988,0.02104,0.0,YES,2024-07-29 17:36:47+00:00,BUY,0.019988,0.02104,0.95,0.95,0.05
0x13c88c06301a2006a38f1113204927d5d4fbb346e739c5c6c373810db4142d9a_0x8cc26b88308c96954b08312617a8e75dd70f2d62a26ee0abea86b9320a4866f1,0x13c88c06301a2006a38f1113204927d5d4fbb346e739c5c6c373810db4142d9a,1722274689,0xb8271b9faf635f4ea7618ad2e3c0852af3506abe,0xc5d563a36ae78145c45a50134d48a1215220f80a,0,14987046218227329027080984029949561275408794766325730526435811581087168625932,99.999983,105.26314,0.0,YES,2024-07-29 17:38:09+00:00,BUY,99.999983,105.26314,0.95,0.95,0.05
0x93f1a1f9709b969a88570dde49c0e3677205eaddae023043e90b42eab8fca7e5_0x114b93bbf212315cbb675561e5aef5358808f67942e4247e0372627a0c79848a,0x93f1a1f9709b969a88570dde49c0e3677205eaddae023043e90b42eab8fca7e5,1722275809,0x2370d48501dbbe1974b6cf228e77d459f4870e10,0x4ce73141dbfce41e65db3723e31059a730f0abad,71914038773350234130553415116948415426792971631252265695143324140554345804068,0,167.1,9.1905,0.0,NO,2024-07-29 17:56:49+00:00,SELL,9.1905,167.1,0.055,0.945,0.055
0x579c5dfbb39957cf04ca50ef0fee122c13bbc191d8ae954d3f493e9324d6e4d0_0xe8583bdd9b272b7952473267425334453e065622b250ca7d5c3eac3477ccb6f6,0x579c5dfbb39957cf04ca50ef0fee122c13bbc191d8ae954d3f493e9324d6e4d0,1722279114,0x277c6ab6ed14495e2c24c86760133011f8e313d3,0xc5d563a36ae78145c45a50134d48a1215220f80a,0,14987046218227329027080984029949561275408794766325730526435811581087168625932,4.999983,5.26314,0.0,YES,2024-07-29 18:51:54+00:00,BUY,4.999983,5.26314,0.9500000000000001,0.9500000000000001,0.05
0x54cca016c8bfa3b39c983529a83640cd0f85b1836fcb69635fb2c1c6806e970e_0x2359bac80b7e21d2a2d5cfcdb10d7815ceb15eb65b0123fc563bcf2d5d2cc5dd,0x54cca016c8bfa3b39c983529a83640cd0f85b1836fcb69635fb2c1c6806e970e,1722280070,0x7f692340bcc1d90b3ca3c8436e3973adb0279c7a,0xc5d563a36ae78145c45a50134d48a1215220f80a,0,14987046218227329027080984029949561275408794766325730526435811581087168625932,95.0,100.0,0.0,YES,2024-07-29 19:07:50+00:00,BUY,95.0,100.0,0.95,0.95,0.05
0xefb5d27bdb0e9b84d8ccb0fe11de5c0c2e2b091f6980533b434127503a00a78d_0xf87ab1a0b9cdae19c8b91a229b693ddd62e81b61b5462beca6c421b57f5a8003,0xefb5d27bdb0e9b84d8ccb0fe11de5c0c2e2b091f6980533b434127503a00a78d,1722281646,0xaaf4acafbb7980ce93631d238eb10a5c4ca67883,0x5322a99c535f493e463993a18378594b95b5237a,14987046218227329027080984029949561275408794766325730526435811581087168625932,0,131.409042,124.969998,0.0,YES,2024-07-29 19:34:06+00:00,SELL,124.969998,131.409042,0.9509999928315436,0.9509999928315436,0.049
0xf109a4b6776dbeeebd80e447881f11a8d21089c4e5ed3340d390026996aab947_0x3c2c8dc684866b7bd59e0f7a9de8213a7cabf96f8a39b0e0022e4f8adf590d66,0xf109a4b6776dbeeebd80e447881f11a8d21089c4e5ed3340d390026996aab947,1722283940,0xdcc9d68a4bad9fc8becd27a03ee5b2b4feda4534,0x3cf3e8d5427aed066a7a5926980600f6c3cf87b3,0,14987046218227329027080984029949561275408794766325730526435811581087168625932,236.5,250.0,0.0,YES,2024-07-29 20:12:20+00:00,BUY,236.5,250.0,0.946,0.946,0.054
0x9399ec94bc46f97e85c8c415a013f22801aa937e1b871dd859af19de778b995b_0x969cf268fb6309b73c9012fd6dbc7a796674a11e544335dd574bd6ed5b0eae06,0x9399ec94bc46f97e85c8c415a013f22801aa937e1b871dd859af19de778b995b,1722283946,0xd42f6a1634a3707e27cbae14ca966068e5d1047d,0x3cf3e8d5427aed066a7a5926980600f6c3cf87b3,0,14987046218227329027080984029949561275408794766325730526435811581087168625932,104.784,111.0,0.0,YES,2024-07-29 20:12:26+00:00,BUY,104.784,111.0,0.9440000000000001,0.9440000000000001,0.056
0xe30305cc006d5a409f33de13555a389b1c4f0c4b90b46a9b1c8851603612255c_0xf87ab1a0b9cdae19c8b91a229b693ddd62e81b61b5462beca6c421b57f5a8003,0xe30305cc006d5a409f33de13555a389b1c4f0c4b90b46a9b1c8851603612255c,1722284202,0xaaf4acafbb7980ce93631d238eb10a5c4ca67883,0xcfe4dad7db40f86515cac4b17a91acbcb34b3ce2,14987046218227329027080984029949561275408794766325730526435811581087168625932,0,10.368032,9.859998,0.0,YES,2024-07-29 20:16:42+00:00,SELL,9.859998,10.368032,0.9509999583334618,0.9509999583334618,0.049
0x85eef2d12e7ab58c7ee311452767a1f72f39fce9e53e8d17e9d9443c565a4e4f_0x130366292412850ef479b240176c765146d689857f7d2c0f3a04eab9fb2078ba,0x85eef2d12e7ab58c7ee311452767a1f72f39fce9e53e8d17e9d9443c565a4e4f,1722285650,0xe5057e024418473ce7dfcddbba3e959d4e5ecf53,0xc5d563a36ae78145c45a50134d48a1215220f80a,0,14987046218227329027080984029949561275408794766325730526435811581087168625932,49.999982,52.63156,0.0,YES,2024-07-29 20:40:50+00:00,BUY,49.999982,52.63156,0.9500000000000001,0.9500000000000001,0.05
0xfcad065fb0b9f7f81731e7c450693bc7073c1247e9948226f177492772a91b43_0x9fb2adec1c83f1ad8443a59f1c184cc31b475c92ed4da9a839b1d9c1648f7f0e,0xfcad065fb0b9f7f81731e7c450693bc7073c1247e9948226f177492772a91b43,1722287286,0xd16e0542cb2e45ec6fd7d9bdbfd291d8a3582d90,0xc5d563a36ae78145c45a50134d48a1215220f80a,0,14987046218227329027080984029949561275408794766325730526435811581087168625932,1592.129985,1675.9263,0.0,YES,2024-07-29 21:08:06+00:00,BUY,1592.129985,1675.9263,0.95,0.95,0.05
0x109b117d8f5b272cb89726f2ebcb030f92048cbc7552c48a3d930b4daa53bbaa_0xccc985d992126ef107b889b13e14066f45cd54077984d416d40a6402bcd78f96,0x109b117d8f5b272cb89726f2ebcb030f92048cbc7552c48a3d930b4daa53bbaa,1722290628,0xdcc9d68a4bad9fc8becd27a03ee5b2b4feda4534,0xde242261bcd8d4320113f12230da34d705ca25a8,0,14987046218227329027080984029949561275408794766325730526435811581087168625932,193.93,205.0,0.0,YES,2024-07-29 22:03:48+00:00,BUY,193.93,205.0,0.9460000000000001,0.9460000000000001,0.054
0x24456d6558f10f7b9d872675997a586cb64e89d0357e6e2ce4c7107d900f5ffc_0x136b5a91146e636ba2e85e890d9199205467ed0b9266ba5c0b37958748d23103,0x24456d6558f10f7b9d872675997a586cb64e89d0357e6e2ce4c7107d900f5ffc,1722291108,0x2370d48501dbbe1974b6cf228e77d459f4870e10,0x4ce73141dbfce41e65db3723e31059a730f0abad,71914038773350234130553415116948415426792971631252265695143324140554345804068,0,316.43,17.40365,0.0,NO,2024-07-29 22:11:48+00:00,SELL,17.40365,316.43,0.05499999999999999,0.945,0.05499999999999999
0x3d3d0a997fa7e4b3e7a030b9849f17fa7eb1b574e438deda0596f020f6faaafa_0x136b5a91146e636ba2e85e890d9199205467ed0b9266ba5c0b37958748d23103,0x3d3d0a997fa7e4b3e7a030b9849f17fa7eb1b574e438deda0596f020f6faaafa,1722291118,0x2370d48501dbbe1974b6cf228e77d459f4870e10,0x4ce73141dbfce41e65db3723e31059a730f0abad,71914038773350234130553415116948415426792971631252265695143324140554345804068,0,173.64,9.5502,0.0,NO,2024-07-29 22:11:58+00:00,SELL,9.5502,173.64,0.05500000000000001,0.945,0.05500000000000001
0xc634f9a57bb1ff9f0532bb2c7e252d85c1bc6865804166e04b51266d99d7c62e_0x136b5a91146e636ba2e85e890d9199205467ed0b9266ba5c0b37958748d23103,0xc634f9a57bb1ff9f0532bb2c7e252d85c1bc6865804166e04b51266d99d7c62e,1722291122,0x2370d48501dbbe1974b6cf228e77d459f4870e10,0x4ce73141dbfce41e65db3723e31059a730f0abad,71914038773350234130553415116948415426792971631252265695143324140554345804068,0,1238.49,68.11695,0.0,NO,2024-07-29 22:12:02+00:00,SELL,68.11695,1238.49,0.055,0.945,0.055
0x818d7ea526ebebbff7e533c913c1c971f1b469d4ce983274b97d9fcc1272b9f0_0x510a7cb54f1b59f8179f9073d87ae60062b95941553a67315be36059a9a7f9c5,0x818d7ea526ebebbff7e533c913c1c971f1b469d4ce983274b97d9fcc1272b9f0,1722292706,0xba3f3485e11f156c7cbc848813d111122e4c8b64,0x843409738e5533ce49d5f45d024b88ee61da34b9,0,14987046218227329027080984029949561275408794766325730526435811581087168625932,47.2,50.0,0.0,YES,2024-07-29 22:38:26+00:00,BUY,47.2,50.0,0.9440000000000001,0.9440000000000001,0.056
0x6780791f52567556a8db6b06dfd49e9056701e585c4540769249d58594f323b3_0x414354d721ab524204f66ba0e456212787209a39de06670dd819a5aa91767353,0x6780791f52567556a8db6b06dfd49e9056701e585c4540769249d58594f323b3,1722295474,0x62617d56180ac7f9e2a2bec5bb56bd24a6897ce4,0xc5d563a36ae78145c45a50134d48a1215220f80a,0,14987046218227329027080984029949561275408794766325730526435811581087168625932,5998.279999,6322.739725,0.0,YES,2024-07-29 23:24:34+00:00,BUY,5998.279999,6322.739725,0.9486836814241947,0.9486836814241947,0.051316
0xd628c3b32ae51ce659122e6376c4fa014bef8c65733f6a6a370eb5d1a43ef93e_0x576123d3349c87bada0963c8a471f2575063f32588ecc2c71fde4002efe869cd,0xd628c3b32ae51ce659122e6376c4fa014bef8c65733f6a6a370eb5d1a43ef93e,1722296820,0xadf4cb60cc633b427cf41e1153a886b42579c9f9,0xc5d563a36ae78145c45a50134d48a1215220f80a,0,14987046218227329027080984029949561275408794766325730526435811581087168625932,642.71974,677.26,0.0,YES,2024-07-29 23:47:00+00:00,BUY,642.71974,677.26,0.9490000000000001,0.9490000000000001,0.051
0xa64407e3322329ec4b4164271a1406e0682c9c7c178ef5b68ca6f2c25aff675e_0x576123d3349c87bada0963c8a471f2575063f32588ecc2c71fde4002efe869cd,0xa64407e3322329ec4b4164271a1406e0682c9c7c178ef5b68ca6f2c25aff675e,1722296822,0xadf4cb60cc633b427cf41e1153a886b42579c9f9,0x843409738e5533ce49d5f45d024b88ee61da34b9,0,14987046218227329027080984029949561275408794766325730526435811581087168625932,115.778,122.0,0.0,YES,2024-07-29 23:47:02+00:00,BUY,115.778,122.0,0.9490000000000001,0.9490000000000001,0.051
0xba63d90e2e275c21126224d419ce1e2afc467c587a16de61e2f021f05d9bfa3e_0x8eedadc9d9d3cbe85243f7b262cc7f7d5053ad61a082cc8edb27a6c8780d2ac3,0xba63d90e2e275c21126224d419ce1e2afc467c587a16de61e2f021f05d9bfa3e,1722296878,0x2370d48501dbbe1974b6cf228e77d459f4870e10,0xb49f468c15c49783f2664c7198a4949ade1b12e6,71914038773350234130553415116948415426792971631252265695143324140554345804068,0,98.0,4.998,0.0,NO,2024-07-29 23:47:58+00:00,SELL,4.998,98.0,0.051000000000000004,0.949,0.051000000000000004
0xca285ebe1b310735acf6faa309b73a9dd8f5c53c48e32f94347768c945ccb352_0x576123d3349c87bada0963c8a471f2575063f32588ecc2c71fde4002efe869cd,0xca285ebe1b310735acf6faa309b73a9dd8f5c53c48e32f94347768c945ccb352,1722296878,0xadf4cb60cc633b427cf41e1153a886b42579c9f9,0xb49f468c15c49783f2664c7198a4949ade1b12e6,0,14987046218227329027080984029949561275408794766325730526435811581087168625932,0.70226,0.74,0.0,YES,2024-07-29 23:47:58+00:00,BUY,0.70226,0.74,0.949,0.949,0.051
0xf05c0c33db6e1309a84a47c4ed7c74c14b0ee48d0134d020d3c4466e89a07ea6_0xe5eed5e636d4d5fb7d766a04d9a6192c755038f551e1d9e7b9e37094281dcb7c,0xf05c0c33db6e1309a84a47c4ed7c74c14b0ee48d0134d020d3c4466e89a07ea6,1722296880,0xaaf4acafbb7980ce93631d238eb10a5c4ca67883,0x843409738e5533ce49d5f45d024b88ee61da34b9,0,14987046218227329027080984029949561275408794766325730526435811581087168625932,229.84866,244.26,0.0,YES,2024-07-29 23:48:00+00:00,BUY,229.84866,244.26,0.9410000000000001,0.9410000000000001,0.059
0x1229bcabed3e6177f2c789d754aeaefa21da16b242ac99b0c3397763593752bb_0xe5eed5e636d4d5fb7d766a04d9a6192c755038f551e1d9e7b9e37094281dcb7c,0x1229bcabed3e6177f2c789d754aeaefa21da16b242ac99b0c3397763593752bb,1722296956,0xaaf4acafbb7980ce93631d238eb10a5c4ca67883,0x9cb3d1c1fb1cd1d74528357e87d8987f99ad0899,0,14987046218227329027080984029949561275408794766325730526435811581087168625932,79.745762,84.745761,0.0,YES,2024-07-29 23:49:16+00:00,BUY,79.745762,84.745761,0.9410000106082002,0.9410000106082002,0.059
0xa6d3cfbc460886331173ac0962652e6dd0cba603a000ea9fd9dbe146ec078232_0xe5eed5e636d4d5fb7d766a04d9a6192c755038f551e1d9e7b9e37094281dcb7c,0xa6d3cfbc460886331173ac0962652e6dd0cba603a000ea9fd9dbe146ec078232,1722297488,0xaaf4acafbb7980ce93631d238eb10a5c4ca67883,0xbb9c3f024319ba447c2072d77f989b4302f8fb8c,0,14987046218227329027080984029949561275408794766325730526435811581087168625932,18.82,20.0,0.0,YES,2024-07-29 23:58:08+00:00,BUY,18.82,20.0,0.9410000000000001,0.9410000000000001,0.059
0xc3f6fc0ee2f63f1c552cac7bceda33994e9125fb30207159be691bd45287ce90_0x321475f52f5d02d554c84c6a5d01bdda46fcdde16ca81b8f1d7cfcc8f0610f36,0xc3f6fc0ee2f63f1c552cac7bceda33994e9125fb30207159be691bd45287ce90,1722302304,0xed107a85a4585a381e48c7f7ca4144909e7dd2e5,0xc5d563a36ae78145c45a50134d48a1215220f80a,0,14987046218227329027080984029949561275408794766325730526435811581087168625932,6657.48,7010.0,0.0,YES,2024-07-30 01:18:24+00:00,BUY,6657.48,7010.0,0.9497118402282453,0.9497118402282453,0.050288
0x91a2d64ae25d12802512e23906f081c96ae3c173c1c2fea41e927a5d7da49cf6_0xe0775805bfa10507cf70f475d489f2c9e8f1ea518e79a95a1aa879990aef1e6a,0x91a2d64ae25d12802512e23906f081c96ae3c173c1c2fea41e927a5d7da49cf6,1722303802,0x68a59897aec0cacbb7df3c9df3f67d40c0dcf95b,0xc5d563a36ae78145c45a50134d48a1215220f80a,0,14987046218227329027080984029949561275408794766325730526435811581087168625932,95.0,100.0,0.0,YES,2024-07-30 01:43:22+00:00,BUY,95.0,100.0,0.95,0.95,0.05
0x3529e8f7efc743eaa2d27fc523f548cb974fe9209b4484c1a3ff72e85e4427a1_0x9d3264398514ba0a08d302c762170ee864b83a810e64d1d68b475fe11ddae6a6,0x3529e8f7efc743eaa2d27fc523f548cb974fe9209b4484c1a3ff72e85e4427a1,1722304220,0xde94f52056bb1e976e8f8e3787918c04f5e10f7a,0xc5d563a36ae78145c45a50134d48a1215220f80a,0,14987046218227329027080984029949561275408794766325730526435811581087168625932,4.75,5.0,0.0,YES,2024-07-30 01:50:20+00:00,BUY,4.75,5.0,0.95,0.95,0.05
0xa9ab19358778dfc182871a0569042ca4e805de55da9b83d24e46036869b6bf21_0xdd9e030f842d9e5318dd61b58b4d51a55de62d5790e2611b4392a623544762ca,0xa9ab19358778dfc182871a0569042ca4e805de55da9b83d24e46036869b6bf21,1722304314,0x68a59897aec0cacbb7df3c9df3f67d40c0dcf95b,0xc5d563a36ae78145c45a50134d48a1215220f80a,0,14987046218227329027080984029949561275408794766325730526435811581087168625932,95.0,100.0,0.0,YES,2024-07-30 01:51:54+00:00,BUY,95.0,100.0,0.95,0.95,0.05
0xe17742e2fd30cef0fc4d734e64b5a3745fae2411cf85373862c8201683717725_0xf87ab1a0b9cdae19c8b91a229b693ddd62e81b61b5462beca6c421b57f5a8003,0xe17742e2fd30cef0fc4d734e64b5a3745fae2411cf85373862c8201683717725,1722305304,0xaaf4acafbb7980ce93631d238eb10a5c4ca67883,0x68a59897aec0cacbb7df3c9df3f67d40c0dcf95b,14987046218227329027080984029949561275408794766325730526435811581087168625932,0,100.0,95.1,0.0,YES,2024-07-30 02:08:24+00:00,SELL,95.1,100.0,0.951,0.951,0.049
0x5db7b91005622c4e53bc23c1b8c3e770a81ec48fbd0dca74f3cadd44ed09ebbf_0xf87ab1a0b9cdae19c8b91a229b693ddd62e81b61b5462beca6c421b57f5a8003,0x5db7b91005622c4e53bc23c1b8c3e770a81ec48fbd0dca74f3cadd44ed09ebbf,1722305342,0xaaf4acafbb7980ce93631d238eb10a5c4ca67883,0xc7132819773e06ced7541e38ed3771af6f51491d,14987046218227329027080984029949561275408794766325730526435811581087168625932,0,3.154573,2.999998,0.0,YES,2024-07-30 02:09:02+00:00,SELL,2.999998,3.154573,0.950999707408895,0.950999707408895,0.049
0x6ce919a08db2244b3a77a02ff78fc4c7c462c946e2947d00eaa2ff2ee33d20f2_0xf87ab1a0b9cdae19c8b91a229b693ddd62e81b61b5462beca6c421b57f5a8003,0x6ce919a08db2244b3a77a02ff78fc4c7c462c946e2947d00eaa2ff2ee33d20f2,1722305418,0xaaf4acafbb7980ce93631d238eb10a5c4ca67883,0x68a59897aec0cacbb7df3c9df3f67d40c0dcf95b,14987046218227329027080984029949561275408794766325730526435811581087168625932,0,110.0,104.61,0.0,YES,2024-07-30 02:10:18+00:00,SELL,104.61,110.0,0.951,0.951,0.049
0x84425cfcd5e31c143ea2bb263e799c6b9df54a99eb2cfcac917ae58de46994d5_0xf87ab1a0b9cdae19c8b91a229b693ddd62e81b61b5462beca6c421b57f5a8003,0x84425cfcd5e31c143ea2bb263e799c6b9df54a99eb2cfcac917ae58de46994d5,1722305458,0xaaf4acafbb7980ce93631d238eb10a5c4ca67883,0x922d5f3a2693afc8ab20396be5f0ded4f352be43,14987046218227329027080984029949561275408794766325730526435811581087168625932,0,1.051523,0.999998,0.0,YES,2024-07-30 02:10:58+00:00,SELL,0.999998,1.051523,0.9509996452764229,0.9509996452764229,0.049
0x29c5cb5c409d37f83f9dfe5dd70b6fe7733dc174f0d562d64e667230253e716b_0x275ee27cbf89eff0bba1934fc2bf6d56c999bb4c815e6558d82b9a6996d54e87,0x29c5cb5c409d37f83f9dfe5dd70b6fe7733dc174f0d562d64e667230253e716b,1722306800,0xab21252b603aea73ed9c89adede6d523cf6cc521,0x843409738e5533ce49d5f45d024b88ee61da34b9,0,14987046218227329027080984029949561275408794766325730526435811581087168625932,2844.0,3000.0,0.0,YES,2024-07-30 02:33:20+00:00,BUY,2844.0,3000.0,0.948,0.948,0.052
0xc69d35c9b6e458006212d172efa35a1882dab927fdf9ad03699bf962de71fb13_0x275ee27cbf89eff0bba1934fc2bf6d56c999bb4c815e6558d82b9a6996d54e87,0xc69d35c9b6e458006212d172efa35a1882dab927fdf9ad03699bf962de71fb13,1722307077,0xab21252b603aea73ed9c89adede6d523cf6cc521,0x843409738e5533ce49d5f45d024b88ee61da34b9,0,14987046218227329027080984029949561275408794766325730526435811581087168625932,903.444,953.0,0.0,YES,2024-07-30 02:37:57+00:00,BUY,903.444,953.0,0.948,0.948,0.052
0xe7ef084b47c7e34b15b168120ad36330449719e28a9f32f598fdfd37fcaeb211_0x36e8cc62ffd795bd28a3f792332cdfda9c2cff428c7d8d95d45c0073f04e6053,0xe7ef084b47c7e34b15b168120ad36330449719e28a9f32f598fdfd37fcaeb211,1722307199,0xdb2c3df469698b2ca5e8c948965dba554051287a,0xc5d563a36ae78145c45a50134d48a1215220f80a,14987046218227329027080984029949561275408794766325730526435811581087168625932,0,1.05,0.98805,0.0,YES,2024-07-30 02:39:59+00:00,SELL,0.98805,1.05,0.941,0.941,0.059
0xddfe402dfb5a18590cdb5c443ca1a9e51bd59c1bcd1be28c4d09a398f6329a07_0x00fa016038a99c9b785127663dd0b6c662daac36f6202643d82e8190ab8c3966,0xddfe402dfb5a18590cdb5c443ca1a9e51bd59c1bcd1be28c4d09a398f6329a07,1722308521,0x9c88c0ad88b0c7dd929b0cf040abc9a46b2bc405,0xc5d563a36ae78145c45a50134d48a1215220f80a,0,14987046218227329027080984029949561275408794766325730526435811581087168625932,2850.0,3000.0,0.0,YES,2024-07-30 03:02:01+00:00,BUY,2850.0,3000.0,0.95,0.95,0.05
0x6a5015680123049b51bd0fb80e3b9300a5d765bd1c2734dda4875c32fd19fc61_0xf87ab1a0b9cdae19c8b91a229b693ddd62e81b61b5462beca6c421b57f5a8003,0x6a5015680123049b51bd0fb80e3b9300a5d765bd1c2734dda4875c32fd19fc61,1722309578,0xaaf4acafbb7980ce93631d238eb10a5c4ca67883,0x1a20adf70704af0a9f6f42a55ced20285bd532ee,14987046218227329027080984029949561275408794766325730526435811581087168625932,0,400.0,380.4,0.0,YES,2024-07-30 03:19:38+00:00,SELL,380.4,400.0,0.951,0.951,0.049
0x8f94a069711e018017de7beee373be0615eb4b8582f1953e1d33110b561e25ae_0xbfff59248bfdde7643e7ebf13f4112221c1a4924db2c69fad9b4f4290ce98ed6,0x8f94a069711e018017de7beee373be0615eb4b8582f1953e1d33110b561e25ae,1722309897,0xfa1c66c8d0ec9115a5bfda4a9af57c44d3ba33c1,0xd72753dae1cb01011c1e69af78ee1f9494bbecce,14987046218227329027080984029949561275408794766325730526435811581087168625932,0,349.99,332.84049,0.0,YES,2024-07-30 03:24:57+00:00,SELL,332.84049,349.99,0.951,0.951,0.049
0xbed55703ccbad381bfb87336f9c79435beead0faa43b7b4177e5b6ae584d4991_0x6945ca742d80fef1f2178f98302f08ce0957f37f1d98a6f6d8929ec8bef06f2d,0xbed55703ccbad381bfb87336f9c79435beead0faa43b7b4177e5b6ae584d4991,1722309995,0xaaf4acafbb7980ce93631d238eb10a5c4ca67883,0x1a20adf70704af0a9f6f42a55ced20285bd532ee,14987046218227329027080984029949561275408794766325730526435811581087168625932,0,19.0,18.107,0.0,YES,2024-07-30 03:26:35+00:00,SELL,18.107,19.0,0.953,0.953,0.047
0x3517778fb910ebc52112508600f8d75ee4defdd18e2dc2b5657fe9b9538af671_0x6945ca742d80fef1f2178f98302f08ce0957f37f1d98a6f6d8929ec8bef06f2d,0x3517778fb910ebc52112508600f8d75ee4defdd18e2dc2b5657fe9b9538af671,1722310069,0xaaf4acafbb7980ce93631d238eb10a5c4ca67883,0xd72753dae1cb01011c1e69af78ee1f9494bbecce,14987046218227329027080984029949561275408794766325730526435811581087168625932,0,5381.0,5128.093,0.0,YES,2024-07-30 03:27:49+00:00,SELL,5128.093,5381.0,0.953,0.953,0.047
0x311ea73ea605bd57f7558ffcc2b7be8d07500af4819230ac1a7443275a0437a3_0xc063ecda659aac00ed2cab0658172af5188051686df0d7f7d8e4e0eed25b90df,0x311ea73ea605bd57f7558ffcc2b7be8d07500af4819230ac1a7443275a0437a3,1722310177,0xaaf4acafbb7980ce93631d238eb10a5c4ca67883,0xfa124d809a97af2e376866a05b7cb828c83ff90e,14987046218227329027080984029949561275408794766325730526435811581087168625932,0,10.449319,9.999998,0.0,YES,2024-07-30 03:29:37+00:00,SELL,9.999998,10.449319,0.9569999729168954,0.9569999729168954,0.043
0x0ab721c596cc5a882dbd3f0210ed5d2769895656c3eb6f19dad61c42f95e8750_0xc063ecda659aac00ed2cab0658172af5188051686df0d7f7d8e4e0eed25b90df,0x0ab721c596cc5a882dbd3f0210ed5d2769895656c3eb6f19dad61c42f95e8750,1722310335,0xaaf4acafbb7980ce93631d238eb10a5c4ca67883,0xd527c41556fed4f96410eb027219a53fe4a4a95b,14987046218227329027080984029949561275408794766325730526435811581087168625932,0,39.310343,37.619998,0.0,YES,2024-07-30 03:32:15+00:00,SELL,37.619998,39.310343,0.956999993614912,0.956999993614912,0.043
0xdaeb5968841f326d139986b47e227e605e113f5a39e7938c0b5028f3a4d989ab_0x90c9e739aa0a5576f7fac891d0817e2dfb648a58eba0e79cd564de10446b620f,0xdaeb5968841f326d139986b47e227e605e113f5a39e7938c0b5028f3a4d989ab,1722310706,0xd72753dae1cb01011c1e69af78ee1f9494bbecce,0x843409738e5533ce49d5f45d024b88ee61da34b9,0,14987046218227329027080984029949561275408794766325730526435811581087168625932,548.454,577.32,0.0,YES,2024-07-30 03:38:26+00:00,BUY,548.454,577.32,0.9499999999999998,0.9499999999999998,0.05
0x69b0eb51c92794e00797a55d6bccd12feaeba37a2ea71487632ee353fe8e4397_0x1bf9987a5d6f084b575c3c16b0aa129878e27c69ab6c246284a463d6c946fce5,0x69b0eb51c92794e00797a55d6bccd12feaeba37a2ea71487632ee353fe8e4397,1722310852,0xd06f0f7719df1b3b75b607923536b3250825d4a6,0x843409738e5533ce49d5f45d024b88ee61da34b9,0,14987046218227329027080984029949561275408794766325730526435811581087168625932,409.77,435.0,0.0,YES,2024-07-30 03:40:52+00:00,BUY,409.77,435.0,0.942,0.942,0.058
0xb2ea97b962b89b842001b762886eb3b3ff7825551fe755e0568117f8a9e6eebb_0x9180fa59b23f7b142c2a96e3c88647d5cf5cbab4d1e8f15998dbbca1dc577bb8,0xb2ea97b962b89b842001b762886eb3b3ff7825551fe755e0568117f8a9e6eebb,1722311673,0xaca9417e783418b95305b250db3ceeccd723eec4,0xc5d563a36ae78145c45a50134d48a1215220f80a,0,14987046218227329027080984029949561275408794766325730526435811581087168625932,4.999988,5.230113,0.0,YES,2024-07-30 03:54:33+00:00,BUY,4.999988,5.230113,0.9559999946463872,0.9559999946463872,0.044
0x267abacaf1fc29f4c4dda9dde26b3c18b72d89d90408057a89032ccb2677c360_0xe2df1e9899019c16ee54799d4379425a11e0177f79d7c93b6f13ce72966028c8,0x267abacaf1fc29f4c4dda9dde26b3c18b72d89d90408057a89032ccb2677c360,1722313968,0x4d5710f777987f0b006d354ed2ca312ac32cda89,0xc5d563a36ae78145c45a50134d48a1215220f80a,14987046218227329027080984029949561275408794766325730526435811581087168625932,0,8.31,7.85818,0.0,YES,2024-07-30 04:32:48+00:00,SELL,7.85818,8.31,0.9456293622141997,0.9456293622141997,0.054371
0xe4d2b8d1f97dbed599daf3811701c05a3543d0dd3a1e7ff9e81e928e2d500a67_0x92816b2639c5a049d9a84c00e13896f615b024460ecb5a34e88ce3201fb5a14d,0xe4d2b8d1f97dbed599daf3811701c05a3543d0dd3a1e7ff9e81e928e2d500a67,1722314178,0xbacf5348c318f26731199fe73f7a67566847b3b9,0xc5d563a36ae78145c45a50134d48a1215220f80a,14987046218227329027080984029949561275408794766325730526435811581087168625932,0,287.3,271.38535,0.0,YES,2024-07-30 04:36:18+00:00,SELL,271.38535,287.3,0.9446061608075182,0.9446061608075182,0.055394
0x1783da68c628e75d753195c17f40ab8e199c24eed5c36c157623f02c8472123e_0x27a02b4db9dada0155cc5cf0193060b3109ff1f21f5c54537053c7ab959b52a4,0x1783da68c628e75d753195c17f40ab8e199c24eed5c36c157623f02c8472123e,1722314832,0xf7cbf03b18b02fb29f48432338b47dd5fdd468ae,0xc5d563a36ae78145c45a50134d48a1215220f80a,0,14987046218227329027080984029949561275408794766325730526435811581087168625932,109.63128,115.28,0.0,YES,2024-07-30 04:47:12+00:00,BUY,109.63128,115.28,0.9510000000000001,0.9510000000000001,0.049
0x26d7bf4422874d95bfcc23cbee982933cec04eae719b9f9939db5c53a15e463f_0xc110b76552682b88b6a5a7041c65db991ff97d7df5cd3242109587cce175fc38,0x26d7bf4422874d95bfcc23cbee982933cec04eae719b9f9939db5c53a15e463f,1722314956,0x1fd8fd0cb1e923e9a6d44078909459360fc3741b,0xc5d563a36ae78145c45a50134d48a1215220f80a,0,14987046218227329027080984029949561275408794766325730526435811581087168625932,2668.979999,2797.802326,0.0,YES,2024-07-30 04:49:16+00:00,BUY,2668.979999,2797.802326,0.9539558868034196,0.9539558868034196,0.046044
0xc70cc67d4d1e7d6bae9b90db50acae84339b0ab30a1ee278d9d3caae9284e63a_0x9bf22c9d8203462ba3cfcd77154b85e00925bc8392b4c3242dc56178adfedf13,0xc70cc67d4d1e7d6bae9b90db50acae84339b0ab30a1ee278d9d3caae9284e63a,1722315348,0xe01ea3ccea2a07641127d2b781817a747c07f755,0xc5d563a36ae78145c45a50134d48a1215220f80a,14987046218227329027080984029949561275408794766325730526435811581087168625932,0,6.99,6.59157,0.0,YES,2024-07-30 04:55:48+00:00,SELL,6.59157,6.99,0.943,0.943,0.057
0x3b0259aad4496aaa4edf0188577e9d62e357c48838e616621f36247958717e58_0xa9c65bc2a883f8005d56e52fd8497b66aacd4bab2c48ed280f456826ca1ebcb9,0x3b0259aad4496aaa4edf0188577e9d62e357c48838e616621f36247958717e58,1722315570,0x4330a1e743568e1d82064a74c6bbf6fd55523511,0xc5d563a36ae78145c45a50134d48a1215220f80a,0,14987046218227329027080984029949561275408794766325730526435811581087168625932,0.99998,1.049297,0.0,YES,2024-07-30 04:59:30+00:00,BUY,0.99998,1.049297,0.9529999609262202,0.9529999609262202,0.047
0x6f933694c9d49c7db13bef91b90d998b62f0508107bad414e8653671ecc54182_0xd759da694f6bc906ebe8b7b890f34004619e0fda0a34577a65358132fbbaf4e5,0x6f933694c9d49c7db13bef91b90d998b62f0508107bad414e8653671ecc54182,1722316014,0x47aaa0c26115685e7d37f78fb0148a71ca1c09e9,0xc5d563a36ae78145c45a50134d48a1215220f80a,0,14987046218227329027080984029949561275408794766325730526435811581087168625932,39.999984,41.938086,0.0,YES,2024-07-30 05:06:54+00:00,BUY,39.999984,41.938086,0.9537865891161557,0.9537865891161557,0.046213
0x56db66506f25838cc5a08bf125fabc011263106bc693e4774f95c0aab11bf4c5_0xee81a726deac5f09e1e72b4e1e9d6321b0fd587a420c22e1add32536eed3c7ed,0x56db66506f25838cc5a08bf125fabc011263106bc693e4774f95c0aab11bf4c5,1722316090,0xa05c6156400e32b4117040d849bf775e328edfb6,0xc5d563a36ae78145c45a50134d48a1215220f80a,14987046218227329027080984029949561275408794766325730526435811581087168625932,0,1.05,0.99015,0.0,YES,2024-07-30 05:08:10+00:00,SELL,0.99015,1.05,0.943,0.943,0.057
0x9d1192c7fa9b532e48a213476a25218c91117919e6d0fcf6a8aa12ceeb1489f8_0xca0cfc96d66f1b6767ad985f601a3f20536e72959031432709da44596c84d442,0x9d1192c7fa9b532e48a213476a25218c91117919e6d0fcf6a8aa12ceeb1489f8,1722316608,0xefacbd3a99530147d526a2c6679568eda363bedc,0xc5d563a36ae78145c45a50134d48a1215220f80a,0,14987046218227329027080984029949561275408794766325730526435811581087168625932,0.299991,0.314456,0.0,YES,2024-07-30 05:16:48+00:00,BUY,0.299991,0.314456,0.9539999236777165,0.9539999236777165,0.046
0x8f2f38caeddad39bf247024a771a135d473b270bc337ab9cef12eee3cf437350_0xfb1f0a7ba23e2ac2494298fe35b0a275de917d01fc026def7252659b05c4169c,0x8f2f38caeddad39bf247024a771a135d473b270bc337ab9cef12eee3cf437350,1722316614,0xefacbd3a99530147d526a2c6679568eda363bedc,0xc5d563a36ae78145c45a50134d48a1215220f80a,14987046218227329027080984029949561275408794766325730526435811581087168625932,0,0.31,0.29233,0.0,YES,2024-07-30 05:16:54+00:00,SELL,0.29233,0.31,0.943,0.943,0.057
0xc287c271d676f4d68d5555aea6e0b71769fdccd8b3f1bd7792a6841010951270_0xca82180148c65b00f4932e0e5c4fd6afae7b9183e5be105ebfd5f89eb7b7777d,0xc287c271d676f4d68d5555aea6e0b71769fdccd8b3f1bd7792a6841010951270,1722318054,0xf55787e6786979837cbbe47a12e7b66572de8f82,0xc5d563a36ae78145c45a50134d48a1215220f80a,0,14987046218227329027080984029949561275408794766325730526435811581087168625932,0.999999,1.048217,0.0,YES,2024-07-30 05:40:54+00:00,BUY,0.999999,1.048217,0.9539999828279832,0.9539999828279832,0.046
0x3f3d787858ca5ec8329d0f256ecdf0e35e1075e5e38237d420541e41d8b7cc8a_0xf90d0e2936f8d943d301cf63766c096350729d8e8ce582986e2c4d458e8427b6,0x3f3d787858ca5ec8329d0f256ecdf0e35e1075e5e38237d420541e41d8b7cc8a,1722318744,0xef1e6addb00ef8f18dba585244d84af38e9aabd8,0xc5d563a36ae78145c45a50134d48a1215220f80a,14987046218227329027080984029949561275408794766325730526435811581087168625932,0,5.82,5.48826,0.0,YES,2024-07-30 05:52:24+00:00,SELL,5.48826,5.82,0.9430000000000001,0.9430000000000001,0.057
0x938d69064e91b3fcc9479ed732e7698f7a11aecf5185b21a006fdc5d2b480545_0x77d6c6d1967bd8899694a28540b27842a0cd69a4a3a45748a8da05cc23cf3b78,0x938d69064e91b3fcc9479ed732e7698f7a11aecf5185b21a006fdc5d2b480545,1722318810,0x2370d48501dbbe1974b6cf228e77d459f4870e10,0x843409738e5533ce49d5f45d024b88ee61da34b9,71914038773350234130553415116948415426792971631252265695143324140554345804068,0,2000.0,114.0,0.0,NO,2024-07-30 05:53:30+00:00,SELL,114.0,2000.0,0.057,0.943,0.057
0x9fe4504c414289e0f9d33359b29121aa78e09478f403b8ef321ee7bdd1257bfe_0x11daaeb8fcae510b0028e8a7e874f6b331e4360664b379e0d31483b0b61d71db,0x9fe4504c414289e0f9d33359b29121aa78e09478f403b8ef321ee7bdd1257bfe,1722319224,0x2370d48501dbbe1974b6cf228e77d459f4870e10,0x843409738e5533ce49d5f45d024b88ee61da34b9,71914038773350234130553415116948415426792971631252265695143324140554345804068,0,791.0,44.296,0.0,NO,2024-07-30 06:00:24+00:00,SELL,44.296,791.0,0.056,0.944,0.056
0x485be12cd9c206d83b0a1f15b6a851aef497a3999a45a6102cb4f9adf65e5a19_0x835f7468e5fd1d09653d0d004e4c662d00cb64b94a3fa2d53d286d885ef97a17,0x485be12cd9c206d83b0a1f15b6a851aef497a3999a45a6102cb4f9adf65e5a19,1722319547,0x86a311c0c6e3b7044c9a35590b49ee97e7ac0054,0xc5d563a36ae78145c45a50134d48a1215220f80a,14987046218227329027080984029949561275408794766325730526435811581087168625932,0,5.46,5.14878,0.0,YES,2024-07-30 06:05:47+00:00,SELL,5.14878,5.46,0.9430000000000001,0.9430000000000001,0.057
0x445c08c417b641e3897a94979d2d1427b5ddda9a4a51241920f66ae7fe4a411f_0xacc923434a25a41d65a09a9fc2a9ee790e253fb38cafa8bff34223776e12cf73,0x445c08c417b641e3897a94979d2d1427b5ddda9a4a51241920f66ae7fe4a411f,1722320415,0x375f9e873a86035b5cba19392e2cc13568ee3307,0xc5d563a36ae78145c45a50134d48a1215220f80a,0,14987046218227329027080984029949561275408794766325730526435811581087168625932,39.999996,41.928717,0.0,YES,2024-07-30 06:20:15+00:00,BUY,39.999996,41.928717,0.9539999995707,0.9539999995707,0.046
0x2259ef92c192b497323c8b231810507f7a5a649dcc1de5d042cce70f74b7d182_0x32d4d68b3f7b2ff5f92e6d0924973c20319e18498de4a9e0c29ab55632f5ac7a,0x2259ef92c192b497323c8b231810507f7a5a649dcc1de5d042cce70f74b7d182,1722323702,0x3207328a1f06da249849c0338e60b58d7c93b746,0xc5d563a36ae78145c45a50134d48a1215220f80a,0,14987046218227329027080984029949561275408794766325730526435811581087168625932,4.999996,5.241086,0.0,YES,2024-07-30 07:15:02+00:00,BUY,4.999996,5.241086,0.9539999916047934,0.9539999916047934,0.046
0xc4775c877bb0853c837fd5d16d65a370b2ef07d1ee7d4eaedbee5798c48fb9cf_0x7bcf008a2b2a91b385605f77c725931370edd3a77265ac701f785a4706681720,0xc4775c877bb0853c837fd5d16d65a370b2ef07d1ee7d4eaedbee5798c48fb9cf,1722323788,0x2ebf39411d49981d3c151c3a938508d04a3ff361,0xc5d563a36ae78145c45a50134d48a1215220f80a,0,14987046218227329027080984029949561275408794766325730526435811581087168625932,199.99999,209.853239,0.0,YES,2024-07-30 07:16:28+00:00,BUY,199.99999,209.853239,0.9530469529707855,0.9530469529707855,0.046953
0x051ce24701a09b51bcbceec678840ceddccd932d88ca878e4f124484fe51a24d_0xd0d3dc8af015c66424246e69dcb4401cc26f03d42bad6aded3e82040527c6fdb,0x051ce24701a09b51bcbceec678840ceddccd932d88ca878e4f124484fe51a24d,1722327328,0x1bb5b0b78235667eaba9e8d809b73d2de7a9ae68,0xc5d563a36ae78145c45a50134d48a1215220f80a,0,14987046218227329027080984029949561275408794766325730526435811581087168625932,0.999999,1.048217,0.0,YES,2024-07-30 08:15:28+00:00,BUY,0.999999,1.048217,0.9539999828279832,0.9539999828279832,0.046
0x985be032ea678ec5e06f4e448ddbada2c91eb75e3cf6fdfceddffa63d192ead4_0xbc471bbbb27371eee5eaa354d138eb4c4080a021ff7f7c1a26f3537dd947cca7,0x985be032ea678ec5e06f4e448ddbada2c91eb75e3cf6fdfceddffa63d192ead4,1722327603,0xe8db32480c0cfe356e153461663ad9b69c0918a7,0xc5d563a36ae78145c45a50134d48a1215220f80a,0,14987046218227329027080984029949561275408794766325730526435811581087168625932,0.999999,1.048217,0.0,YES,2024-07-30 08:20:03+00:00,BUY,0.999999,1.048217,0.9539999828279832,0.9539999828279832,0.046
0xb4d8eda9ec8f5b68c4306fa56dbc746ba646ae6de4a30ae0f64627f3fc792d81_0x9f0f07aa6a9ff5fcb40c89539271680911324708a5cdc21d4c55d0f85ce8e8cc,0xb4d8eda9ec8f5b68c4306fa56dbc746ba646ae6de4a30ae0f64627f3fc792d81,1722327923,0x60ccade964477a2056dfd8e14f96c7ed3872d9f1,0xc5d563a36ae78145c45a50134d48a1215220f80a,14987046218227329027080984029949561275408794766325730526435811581087168625932,0,1.05,0.99645,0.0,YES,2024-07-30 08:25:23+00:00,SELL,0.99645,1.05,0.949,0.949,0.051
0x41ba34d95ea3f605a8616ff76408703418e7387d6a791df60a674900210b0297_0xc4988ebe19249b166fc7513407235d1c069ee63aeb48f2395e7ae602ac060b3a,0x41ba34d95ea3f605a8616ff76408703418e7387d6a791df60a674900210b0297,1722328653,0xcf417c0352c19bd4cc6129748da823b73256f8b5,0xc5d563a36ae78145c45a50134d48a1215220f80a,14987046218227329027080984029949561275408794766325730526435811581087168625932,0,7.66,7.26934,0.0,YES,2024-07-30 08:37:33+00:00,SELL,7.26934,7.66,0.949,0.949,0.051
0x8bc4219c9e102b5b9d6eba752f8405e8d38bd28dd99d8d187d32682d99b578fa_0x198e0bee7eee3ec059d819a8a57e83da40ddc5ff187fd2c5234ab2ae05d43204,0x8bc4219c9e102b5b9d6eba752f8405e8d38bd28dd99d8d187d32682d99b578fa,1722329049,0xe9bfe21138217137fec1754419b7d6fefb086e25,0xc5d563a36ae78145c45a50134d48a1215220f80a,14987046218227329027080984029949561275408794766325730526435811581087168625932,0,6.29,5.96921,0.0,YES,2024-07-30 08:44:09+00:00,SELL,5.96921,6.29,0.9490000000000001,0.9490000000000001,0.051
0x0821dac54f479eb4540e7a54a93eed48d974d2f70b94c276919a3750d6042a07_0x19280b185b192db67ad06415b9c8ae2d2d7dd0cfd540c0e9502f3b04ab8bb9cb,0x0821dac54f479eb4540e7a54a93eed48d974d2f70b94c276919a3750d6042a07,1722329385,0x8675fa179fe261e200c4821d52c149b0f484469e,0xc5d563a36ae78145c45a50134d48a1215220f80a,0,14987046218227329027080984029949561275408794766325730526435811581087168625932,249.999993,262.0545,0.0,YES,2024-07-30 08:49:45+00:00,BUY,249.999993,262.0545,0.9539999999999998,0.9539999999999998,0.046
0xadd519a49fbac1048cdb62af5e0e5449186f68416dda8eb967bbf2454a40e814_0xcbec0e424e323229e8a6274d656b892a242dae6ccf8b58f1c7b099bf77eb9d0b,0xadd519a49fbac1048cdb62af5e0e5449186f68416dda8eb967bbf2454a40e814,1722330553,0x6e0f646338b45bcd774022285f7fee8fc831b192,0xc5d563a36ae78145c45a50134d48a1215220f80a,0,14987046218227329027080984029949561275408794766325730526435811581087168625932,14.869998,15.587,0.0,YES,2024-07-30 09:09:13+00:00,BUY,14.869998,15.587,0.9540000000000001,0.9540000000000001,0.046
0x4de16196d2ac084fd2c9e65f052e491b866af7636f4366905e4277bd57488f9f_0x2fa0c1ee854a0ae6130517ffedf01de20638ffe9b9271dade283bde41e2f1e30,0x4de16196d2ac084fd2c9e65f052e491b866af7636f4366905e4277bd57488f9f,1722331671,0x00da2263cde08caf8d5c3751e6d5b83d063fdb19,0xc5d563a36ae78145c45a50134d48a1215220f80a,14987046218227329027080984029949561275408794766325730526435811581087168625932,0,5.0,4.755,0.0,YES,2024-07-30 09:27:51+00:00,SELL,4.755,5.0,0.951,0.951,0.049
0x6adfbaa545dfde1018f21d658ee7ff04e163dcbc4b958716a2a9b49ef4ebd0de_0xd2610c2468614a10fce65f6e7c3b83aaf672c165d60a804f762b87a25ce6e88f,0x6adfbaa545dfde1018f21d658ee7ff04e163dcbc4b958716a2a9b49ef4ebd0de,1722331915,0xd72753dae1cb01011c1e69af78ee1f9494bbecce,0xc5d563a36ae78145c45a50134d48a1215220f80a,0,14987046218227329027080984029949561275408794766325730526435811581087168625932,2555.766,2679.0,0.0,YES,2024-07-30 09:31:55+00:00,BUY,2555.766,2679.0,0.9540000000000001,0.9540000000000001,0.046
0xf6bc699808a34b7c0aede424684628a4478cafd18f4b1dbd73949ed5fef37600_0xa57ab3c6c1634583bbebfe1b64b426c3fc1f0cbf764e73a5faec2f7f93e5dd2e,0xf6bc699808a34b7c0aede424684628a4478cafd18f4b1dbd73949ed5fef37600,1722331927,0xd06f0f7719df1b3b75b607923536b3250825d4a6,0xd72753dae1cb01011c1e69af78ee1f9494bbecce,14987046218227329027080984029949561275408794766325730526435811581087168625932,0,435.0,415.425,0.0,YES,2024-07-30 09:32:07+00:00,SELL,415.425,435.0,0.9550000000000001,0.9550000000000001,0.045
0xe2734a3ce77c97c659b3abd3818479bfd404feeaa4724754d2cf87de55b4c46f_0x53527cadb9e8793d7f747ac2237d2c4dac95fa8c2fd4d05dd3d8b20277ecdf52,0xe2734a3ce77c97c659b3abd3818479bfd404feeaa4724754d2cf87de55b4c46f,1722332687,0x6b32255d5eb84c9aad70f890b8571612786532c1,0xc5d563a36ae78145c45a50134d48a1215220f80a,0,14987046218227329027080984029949561275408794766325730526435811581087168625932,8.509982,8.883071,0.0,YES,2024-07-30 09:44:47+00:00,BUY,8.509982,8.883071,0.957999997973674,0.957999997973674,0.042
0xbcba90f1aa01e09b3aa9f2e58123bd9968e9575620b6b966e3a56318df8a6384_0x8cc3a5380fc217618a0d9b8096551f82871cf2790a0890ae613cf7a7ec6ec772,0xbcba90f1aa01e09b3aa9f2e58123bd9968e9575620b6b966e3a56318df8a6384,1722333521,0xb52b7be51ef1fe5523c75751882e46728dfdd2c5,0xc5d563a36ae78145c45a50134d48a1215220f80a,14987046218227329027080984029949561275408794766325730526435811581087168625932,0,3.13,2.98289,0.0,YES,2024-07-30 09:58:41+00:00,SELL,2.98289,3.13,0.953,0.953,0.047
0x830e2701ac36da6fa759255b1c5efbaee5e369b6abfabde7513b414c7ef97566_0xcfb9eae61e79b88edcb3c9c000a24ea578942053d5111400c9e08eaf2c277325,0x830e2701ac36da6fa759255b1c5efbaee5e369b6abfabde7513b414c7ef97566,1722333727,0xde00e2c4dc251642ef358a9143f0176c12017f63,0xc5d563a36ae78145c45a50134d48a1215220f80a,14987046218227329027080984029949561275408794766325730526435811581087168625932,0,5.12,4.87936,0.0,YES,2024-07-30 10:02:07+00:00,SELL,4.87936,5.12,0.953,0.953,0.047
0x7b5f3a75f6c6cf843562674237ed9486994317872471116c37b0b11854414fd1_0x785c067732a168017a57d71ec36cce60b4c37b113918947577e96c6dbe2419ac,0x7b5f3a75f6c6cf843562674237ed9486994317872471116c37b0b11854414fd1,1722334417,0x7d65d30cb603d2d57b5eb6c63843450affb43231,0xc5d563a36ae78145c45a50134d48a1215220f80a,0,14987046218227329027080984029949561275408794766325730526435811581087168625932,3.999992,4.17972,0.0,YES,2024-07-30 10:13:37+00:00,BUY,3.999992,4.17972,0.9569999904299811,0.9569999904299811,0.043
0x96fc6b20aa29a9800f319fbfea82ff8ea8d0310ccb959f5c27396faacf5aebef_0xdb8693fc8331faa42fa75f7eb486c496932844e0f7621f313bcbf249bf0748a4,0x96fc6b20aa29a9800f319fbfea82ff8ea8d0310ccb959f5c27396faacf5aebef,1722335089,0xdfc7f0b7b02e272021540f75095106f1d6f77ca8,0xd72753dae1cb01011c1e69af78ee1f9494bbecce,14987046218227329027080984029949561275408794766325730526435811581087168625932,0,200.0,190.8,0.0,YES,2024-07-30 10:24:49+00:00,SELL,190.8,200.0,0.9540000000000001,0.9540000000000001,0.046
0xa9dcbfb210654ee6253635ff353960ea4e8d20f443edca61df6d0692f4d27c96_0x224bc606a79c140979a68f8b424f3e24f04926d38e33c777a924ce6158c5b886,0xa9dcbfb210654ee6253635ff353960ea4e8d20f443edca61df6d0692f4d27c96,1722335241,0xd72753dae1cb01011c1e69af78ee1f9494bbecce,0x843409738e5533ce49d5f45d024b88ee61da34b9,0,14987046218227329027080984029949561275408794766325730526435811581087168625932,1178.19,1235.0,0.0,YES,2024-07-30 10:27:21+00:00,BUY,1178.19,1235.0,0.9540000000000001,0.9540000000000001,0.046
0x71b9660dfdd3ce4f5747eae203ffd02eb422d91517ac514a7898827da1ae63f1_0x95aaf531f1dca74d71aa4b628c67c37efdea6a8b6650aafcce6f2803c9e3e136,0x71b9660dfdd3ce4f5747eae203ffd02eb422d91517ac514a7898827da1ae63f1,1722335635,0x42cbacfb79a3d3ae5acc1c1579ec9a408fc6a424,0xc5d563a36ae78145c45a50134d48a1215220f80a,0,14987046218227329027080984029949561275408794766325730526435811581087168625932,9.959993,10.406047,0.0,YES,2024-07-30 10:33:55+00:00,BUY,9.959993,10.406047,0.9571351157649011,0.9571351157649011,0.042865
0x5e347790e2adbe6c118efeff669f1a78482b32b0f2e01c801d13bc206f138099_0x8612440151cd9a388fe8276e5ab70727f7a0dc19d642f6bcef7ff0a8cd9f3a0a,0x5e347790e2adbe6c118efeff669f1a78482b32b0f2e01c801d13bc206f138099,1722336723,0x834cc6ff585795c83466a1bb94829199f84df713,0xc5d563a36ae78145c45a50134d48a1215220f80a,14987046218227329027080984029949561275408794766325730526435811581087168625932,0,5.0,4.765,0.0,YES,2024-07-30 10:52:03+00:00,SELL,4.765,5.0,0.953,0.953,0.047
0xb2167ed30989a87ce650daf8b4d45da9acc4468b5231af43dfa8f4735b494b23_0xab9f64824b5d1d109a1791bdb89881347ca35de780e2f8d80679947e3c4b9541,0xb2167ed30989a87ce650daf8b4d45da9acc4468b5231af43dfa8f4735b494b23,1722338316,0x2370d48501dbbe1974b6cf228e77d459f4870e10,0x843409738e5533ce49d5f45d024b88ee61da34b9,71914038773350234130553415116948415426792971631252265695143324140554345804068,0,662.0,31.114,0.0,NO,2024-07-30 11:18:36+00:00,SELL,31.114,662.0,0.047,0.953,0.047
0x075d0d30b18b59091fc627ec0a32bb85e2d0285658c68786a92dd7d5e9ded1bb_0xb355747c6a2d7a956e8277eaea6583a3a97f7dd0660da49cfeccd646590cabbd,0x075d0d30b18b59091fc627ec0a32bb85e2d0285658c68786a92dd7d5e9ded1bb,1722339342,0xa6676646a16d8c7044ea2ac7e2b9ab09eb7384fe,0xc5d563a36ae78145c45a50134d48a1215220f80a,14987046218227329027080984029949561275408794766325730526435811581087168625932,0,500.0,476.5,0.0,YES,2024-07-30 11:35:42+00:00,SELL,476.5,500.0,0.953,0.953,0.047
0xdecd8475bb0e432a9bf6b0dbafd24db4a427ea904779856a930a4d6216321317_0xe1c642b07f19f01f3507b530f75f73c5d1604ef0d0953a7de4dc1ff8a99a0197,0xdecd8475bb0e432a9bf6b0dbafd24db4a427ea904779856a930a4d6216321317,1722340016,0x24c8cf69a0e0a17eee21f69d29752bfa32e823e1,0xc5d563a36ae78145c45a50134d48a1215220f80a,0,14987046218227329027080984029949561275408794766325730526435811581087168625932,638.319,667.0,0.0,YES,2024-07-30 11:46:56+00:00,BUY,638.319,667.0,0.957,0.957,0.043
0x284b1b3886937f7f5b61a438e73388082cbea70c378d7ef7a5b437df607b5c6b_0x856a0cf6cae10f65511d17e06b8373f6567bb8826f6474812baeb5de725f0215,0x284b1b3886937f7f5b61a438e73388082cbea70c378d7ef7a5b437df607b5c6b,1722340048,0x24c8cf69a0e0a17eee21f69d29752bfa32e823e1,0xc5d563a36ae78145c45a50134d48a1215220f80a,0,14987046218227329027080984029949561275408794766325730526435811581087168625932,192.2706,200.7,0.0,YES,2024-07-30 11:47:28+00:00,BUY,192.2706,200.7,0.9580000000000001,0.9580000000000001,0.042
0x7d8e96127b54793718c567b7e88a8ebc7a1725bad1071ea7ae570e23671da1e3_0xbc7b1c10b9fb01916def66f875d3a2634168989c4d7f99736b2955016da4934b,0x7d8e96127b54793718c567b7e88a8ebc7a1725bad1071ea7ae570e23671da1e3,1722340102,0x2a65e790f7b4c88936158e492061ea89c9bc5015,0xc5d563a36ae78145c45a50134d48a1215220f80a,0,14987046218227329027080984029949561275408794766325730526435811581087168625932,6220.01646,6485.94,0.0,YES,2024-07-30 11:48:22+00:00,BUY,6220.01646,6485.94,0.9590000000000001,0.9590000000000001,0.041
0xe040bc4e04e1642b55e6b12a25a1d530485e61d05a9b88b4249ef4d647f720ae_0xbc7b1c10b9fb01916def66f875d3a2634168989c4d7f99736b2955016da4934b,0xe040bc4e04e1642b55e6b12a25a1d530485e61d05a9b88b4249ef4d647f720ae,1722340130,0x2a65e790f7b4c88936158e492061ea89c9bc5015,0x4dc10fe5f0e3cfacb8baabcd703063b4f8f913fc,0,14987046218227329027080984029949561275408794766325730526435811581087168625932,26.80405,27.95,0.0,YES,2024-07-30 11:48:50+00:00,BUY,26.80405,27.95,0.9590000000000001,0.9590000000000001,0.041
0x660ecf36704e8bd4274b559d05e6a9852f4022d4b9f4b76c2dce7bdd2df3458a_0x6ea5fe1762803a4a405093a049eebdad9ce5fa86897dd170aefaa3a6fa171dcf,0x660ecf36704e8bd4274b559d05e6a9852f4022d4b9f4b76c2dce7bdd2df3458a,1722340138,0x2370d48501dbbe1974b6cf228e77d459f4870e10,0xe47f31fc9a787556b216d6ce82f3844e1b0a99a1,71914038773350234130553415116948415426792971631252265695143324140554345804068,0,7.021275,0.329999,0.0,NO,2024-07-30 11:48:58+00:00,SELL,0.329999,7.021275,0.04699986825754581,0.953,0.04699986825754581
0x1975210a62d4a8d10482cd093ff9f4b60bfcdaa401ba4741049af61b191288bc_0xd926ef069d277493863c6c95efdfeeb04d7f782e78ec62751eceb1dfc457af2b,0x1975210a62d4a8d10482cd093ff9f4b60bfcdaa401ba4741049af61b191288bc,1722343278,0xd06f0f7719df1b3b75b607923536b3250825d4a6,0xeaaa43b6b37141cbfbf6ff69be3ac0ecf0cd44c4,0,14987046218227329027080984029949561275408794766325730526435811581087168625932,739.05664,776.32,0.0,YES,2024-07-30 12:41:18+00:00,BUY,739.05664,776.32,0.952,0.952,0.048
0x564bd1fed37e7cd80effb737db61c12530449afebaa45998afd7c597f6d780e7_0xa1f157cf95b725692301e2bba06d46eebd774dade5b660b61d5f29f55418ed51,0x564bd1fed37e7cd80effb737db61c12530449afebaa45998afd7c597f6d780e7,1722343584,0x843409738e5533ce49d5f45d024b88ee61da34b9,0xc5d563a36ae78145c45a50134d48a1215220f80a,71914038773350234130553415116948415426792971631252265695143324140554345804068,0,1907.32,80.10744,0.0,NO,2024-07-30 12:46:24+00:00,SELL,80.10744,1907.32,0.042,0.958,0.042
0x4a59989d5e9bdffe7d38c3c6d4fc53b523bb14c8708301b863bb5f287509a8dc_0xf010659a0c852bd1d1729f3929d07d99f4f47772b0908fff9826d15cd7744826,0x4a59989d5e9bdffe7d38c3c6d4fc53b523bb14c8708301b863bb5f287509a8dc,1722344312,0xb8271b9faf635f4ea7618ad2e3c0852af3506abe,0x06189c8435a0461222a5b5ea5a301283e405201b,14987046218227329027080984029949561275408794766325730526435811581087168625932,0,10.449319,9.999998,0.0,YES,2024-07-30 12:58:32+00:00,SELL,9.999998,10.449319,0.9569999729168954,0.9569999729168954,0.043
0x029cbac79b83fd687ad64e92ae448c498baaff18beb05089827acc963180b2ef_0xf010659a0c852bd1d1729f3929d07d99f4f47772b0908fff9826d15cd7744826,0x029cbac79b83fd687ad64e92ae448c498baaff18beb05089827acc963180b2ef,1722345018,0xb8271b9faf635f4ea7618ad2e3c0852af3506abe,0x010eb41874ed8ce83fb62c59990486b4eb1faef7,14987046218227329027080984029949561275408794766325730526435811581087168625932,0,94.81,90.73317,0.0,YES,2024-07-30 13:10:18+00:00,SELL,90.73317,94.81,0.957,0.957,0.043
0xad0d4821c0cecebf4584440d04611a0e0618471d05c02f0f73f77042e826d46f_0xe5f52476351e7a9e1ab1cf75bce876fcfcae130a120620270b56c6b788eece0e,0xad0d4821c0cecebf4584440d04611a0e0618471d05c02f0f73f77042e826d46f,1722346422,0x71ed0bc95433cdf1be29f43219725fce9addd9eb,0xc5d563a36ae78145c45a50134d48a1215220f80a,14987046218227329027080984029949561275408794766325730526435811581087168625932,0,3000.0,2862.0,0.0,YES,2024-07-30 13:33:42+00:00,SELL,2862.0,3000.0,0.954,0.954,0.046
0x4d0286f7c6152da4d9c3aaf6f01d346a4103f587e83a2858e543e1a385902faf_0x804831a3996dba44ab73475a76802d9250d3dafc5cf29f2cd83ff3f7ed1f1311,0x4d0286f7c6152da4d9c3aaf6f01d346a4103f587e83a2858e543e1a385902faf,1722346524,0x56d8e4fded100161e2f996fd993a08400f8e5b10,0xc5d563a36ae78145c45a50134d48a1215220f80a,0,14987046218227329027080984029949561275408794766325730526435811581087168625932,74.879983,78.081317,0.0,YES,2024-07-30 13:35:24+00:00,BUY,74.879983,78.081317,0.9589999999615785,0.9589999999615785,0.041
0x8bca6c459f6e354474fe2c5660d6beb40880f34f71fe8875400c4b5e13f6e635_0xd7400d45990490da7cc7199b3145e34c32b3f8ee72177f1155fe1ce940fd5f5b,0x8bca6c459f6e354474fe2c5660d6beb40880f34f71fe8875400c4b5e13f6e635,1722346788,0x71ed0bc95433cdf1be29f43219725fce9addd9eb,0xc5d563a36ae78145c45a50134d48a1215220f80a,14987046218227329027080984029949561275408794766325730526435811581087168625932,0,84.0,80.052,0.0,YES,2024-07-30 13:39:48+00:00,SELL,80.052,84.0,0.9530000000000001,0.9530000000000001,0.047
0xee4f49f6e3151e14c355140dc6e4d209eb06c263fa3724d821b64c1aa7522cf1_0xfa3822e768d13ece07a5ad73e202e112eb0de0825a6d89cb07abe02aa2b7f071,0xee4f49f6e3151e14c355140dc6e4d209eb06c263fa3724d821b64c1aa7522cf1,1722346888,0xe21247ed7eefeabd1a4851fa5e7fcb65c7f7f4f5,0xc5d563a36ae78145c45a50134d48a1215220f80a,0,14987046218227329027080984029949561275408794766325730526435811581087168625932,19.999991,20.855048,0.0,YES,2024-07-30 13:41:28+00:00,BUY,19.999991,20.855048,0.9589999984655994,0.9589999984655994,0.041
0x6e62d0e3574602151a6a5cd2f26dbb4b77e7dd2242dd7766fdf1ed938a9c6279_0x1ba2bd2f965dae4724fe318c9d1a41780d1dd0398f13b9f4bbb50d561fb6cb0a,0x6e62d0e3574602151a6a5cd2f26dbb4b77e7dd2242dd7766fdf1ed938a9c6279,1722347726,0x9b9d75abe78b20a4941700a3225159a76a770a9e,0xc5d563a36ae78145c45a50134d48a1215220f80a,14987046218227329027080984029949561275408794766325730526435811581087168625932,0,1.04,0.99112,0.0,YES,2024-07-30 13:55:26+00:00,SELL,0.99112,1.04,0.953,0.953,0.047
0xaaf4bced8e65b0dd3d7fd810b0bb396fda83d9fe57689a4cdbb63939770c05cd_0x9fbc16903ebda8d9fbd78ee931f9bf965e6ad7b8d4ebeddeb8b4ffecfde6b917,0xaaf4bced8e65b0dd3d7fd810b0bb396fda83d9fe57689a4cdbb63939770c05cd,1722348054,0x794d2a560940d1e9debd62e43b98a4a7228d4e03,0xc5d563a36ae78145c45a50134d48a1215220f80a,0,14987046218227329027080984029949561275408794766325730526435811581087168625932,19.999991,20.855048,0.0,YES,2024-07-30 14:00:54+00:00,BUY,19.999991,20.855048,0.9589999984655994,0.9589999984655994,0.041
0x4e8f5e6501db5250a54b215e2acf0ec3ff225de8ffde32239fc39001d5d3e92d_0x32403d57cce8c7798f05d3ee463dc7d75f44f0f2a4692256667dd75ae1e65ed9,0x4e8f5e6501db5250a54b215e2acf0ec3ff225de8ffde32239fc39001d5d3e92d,1722348076,0x69928dacf4c3a11909118f141548903e24f83001,0xc5d563a36ae78145c45a50134d48a1215220f80a,0,14987046218227329027080984029949561275408794766325730526435811581087168625932,19.999991,20.855048,0.0,YES,2024-07-30 14:01:16+00:00,BUY,19.999991,20.855048,0.9589999984655994,0.9589999984655994,0.041
0x8a2f048ac1e1a5d731ee3e75a235b78a48f80079017a902c25af38757b44b0bd_0x098b8f70e972b224c295d596fff4ad808ead001eb1a04bdd420967e95660df04,0x8a2f048ac1e1a5d731ee3e75a235b78a48f80079017a902c25af38757b44b0bd,1722348100,0xaf23c4b078ab76adb3783f322c95bbef4b02cc49,0xc5d563a36ae78145c45a50134d48a1215220f80a,0,14987046218227329027080984029949561275408794766325730526435811581087168625932,19.999991,20.855048,0.0,YES,2024-07-30 14:01:40+00:00,BUY,19.999991,20.855048,0.9589999984655994,0.9589999984655994,0.041
0x9ae6fa39786414a7dbe5578ce5ee3d8133df40e554568e2361804eb26550dec6_0x998aa4cfbe0ee2862f6fa9f5f5388b508434510ba794d82fab8a93269eac2306,0x9ae6fa39786414a7dbe5578ce5ee3d8133df40e554568e2361804eb26550dec6,1722348114,0x353b70aac7e34368770ee3093528db5513e10c2f,0xc5d563a36ae78145c45a50134d48a1215220f80a,0,14987046218227329027080984029949561275408794766325730526435811581087168625932,19.999991,20.855048,0.0,YES,2024-07-30 14:01:54+00:00,BUY,19.999991,20.855048,0.9589999984655994,0.9589999984655994,0.041
0x2fc1133ae5eff9addb6190475d9b75d20ae2c36b1f4e709b46ab098ac8bf534e_0x410d6b8d36261d8a4be9c3daec11c940e0ca63caf81aabe0d273c02dc23e0e91,0x2fc1133ae5eff9addb6190475d9b75d20ae2c36b1f4e709b46ab098ac8bf534e,1722348496,0xdda9bd15e00cd5c5389f2f74db2cb566de65c2e3,0xc5d563a36ae78145c45a50134d48a1215220f80a,0,14987046218227329027080984029949561275408794766325730526435811581087168625932,29.999999,31.282585,0.0,YES,2024-07-30 14:08:16+00:00,BUY,29.999999,31.282585,0.9589999995205,0.9589999995205,0.041
0xcb98edbc37940b3332cd93696ab5f5f82e5fc61ec2d78185ac6706340d27d39e_0x64fc3faf27514821f0d05772de4169c55b8eb4f10daae99e4796fba597f801ae,0xcb98edbc37940b3332cd93696ab5f5f82e5fc61ec2d78185ac6706340d27d39e,1722348516,0x23f8ed397ac27a59d49f0cb95a62c5a1cecef0c9,0xc5d563a36ae78145c45a50134d48a1215220f80a,0,14987046218227329027080984029949561275408794766325730526435811581087168625932,29.999999,31.282585,0.0,YES,2024-07-30 14:08:36+00:00,BUY,29.999999,31.282585,0.9589999995205,0.9589999995205,0.041
0xa45cdd2363c118291788a73e384344098905b4f916e2a1ffece5696d69effa7d_0xe811bb6e761714483d0ddb96a86f855161378b9f031da8bb1ce4a3e60b05ac10,0xa45cdd2363c118291788a73e384344098905b4f916e2a1ffece5696d69effa7d,1722348518,0x4f05c30bbbf9de42c87d4bb028d74298a424c280,0xc5d563a36ae78145c45a50134d48a1215220f80a,0,14987046218227329027080984029949561275408794766325730526435811581087168625932,0.999979,1.042731,0.0,YES,2024-07-30 14:08:38+00:00,BUY,0.999979,1.042731,0.9589999721884166,0.9589999721884166,0.041
0x173b5bc7d3059f400e5117b6ffb91f78a7f6a0ad47db0f18e5e90e343803f600_0x24bec90f9800c5fb768951563bd275d0b196c15ef027fc4c246865af6719e036,0x173b5bc7d3059f400e5117b6ffb91f78a7f6a0ad47db0f18e5e90e343803f600,1722348570,0x3d5b6bb4a36ad2605ad827361efab3486f82d2a2,0xc5d563a36ae78145c45a50134d48a1215220f80a,0,14987046218227329027080984029949561275408794766325730526435811581087168625932,29.999999,31.282585,0.0,YES,2024-07-30 14:09:30+00:00,BUY,29.999999,31.282585,0.9589999995205,0.9589999995205,0.041
0xf79356f59a4cdb4af7c0196ead9467d23ad1afd758080153a9e22eec573a3697_0xb938f7b99ddc400e77ab15c37834545046df931e0e56e855b658e1a10ccad37b,0xf79356f59a4cdb4af7c0196ead9467d23ad1afd758080153a9e22eec573a3697,1722348624,0x18308990a5e28a500e9895bfe621c28c08734750,0xc5d563a36ae78145c45a50134d48a1215220f80a,0,14987046218227329027080984029949561275408794766325730526435811581087168625932,29.999999,31.282585,0.0,YES,2024-07-30 14:10:24+00:00,BUY,29.999999,31.282585,0.9589999995205,0.9589999995205,0.041
0xec514a1b99492e1f8684481024d4bf78655f3a80ebef58e35445325c28dad4f5_0x4caba6feb456e0a5b481d2e5eb6f6c1e0adc1276742529e10c24ab2d674e4242,0xec514a1b99492e1f8684481024d4bf78655f3a80ebef58e35445325c28dad4f5,1722348738,0x794d2a560940d1e9debd62e43b98a4a7228d4e03,0xc5d563a36ae78145c45a50134d48a1215220f80a,14987046218227329027080984029949561275408794766325730526435811581087168625932,0,20.85,19.8909,0.0,YES,2024-07-30 14:12:18+00:00,SELL,19.8909,20.85,0.9539999999999998,0.9539999999999998,0.046
0x011539999b7d9c2b108877a45974f86809724a448f208d5fea43551fc380d19d_0x28d802f5b23acf84c04103c72d613f13cabe8b1a07d7a7bab55efdc8a5b04e12,0x011539999b7d9c2b108877a45974f86809724a448f208d5fea43551fc380d19d,1722348754,0x794d2a560940d1e9debd62e43b98a4a7228d4e03,0xc5d563a36ae78145c45a50134d48a1215220f80a,0,14987046218227329027080984029949561275408794766325730526435811581087168625932,29.999999,31.282585,0.0,YES,2024-07-30 14:12:34+00:00,BUY,29.999999,31.282585,0.9589999995205,0.9589999995205,0.041
0x9ad1616f4c93bd6c5ae6f9116dfb55721fa61bcee2c6e0f8ee1334a503562333_0xa38dd91d0671d2af7dc97458eaa8d7b53077b883b6a86f6a4c222b68d3ae03cd,0x9ad1616f4c93bd6c5ae6f9116dfb55721fa61bcee2c6e0f8ee1334a503562333,1722348782,0x69928dacf4c3a11909118f141548903e24f83001,0xc5d563a36ae78145c45a50134d48a1215220f80a,14987046218227329027080984029949561275408794766325730526435811581087168625932,0,20.85,19.91175,0.0,YES,2024-07-30 14:13:02+00:00,SELL,19.91175,20.85,0.955,0.955,0.045
0xac7c930259c52b5af5e2d7aea3232e5a6eb46d2c3a03ce7ee46cd7ffc44decb2_0x51be9f7b2051673c03563e501ec2fdca4f16a6a14e2f92de680b7e394ce2dcb0,0xac7c930259c52b5af5e2d7aea3232e5a6eb46d2c3a03ce7ee46cd7ffc44decb2,1722348794,0xfa1c66c8d0ec9115a5bfda4a9af57c44d3ba33c1,0x69928dacf4c3a11909118f141548903e24f83001,14987046218227329027080984029949561275408794766325730526435811581087168625932,0,20.85,19.9743,0.0,YES,2024-07-30 14:13:14+00:00,SELL,19.9743,20.85,0.958,0.958,0.042
0x94450768e68c90c5351eeeaa3841b0138b788ff8a6e17e276027add5ac3d9f10_0x786fbf5d768a9307af6fb7fd0054b07adea3cafe8a391053f0c8607500f0d0e2,0x94450768e68c90c5351eeeaa3841b0138b788ff8a6e17e276027add5ac3d9f10,1722348806,0xaf23c4b078ab76adb3783f322c95bbef4b02cc49,0xc5d563a36ae78145c45a50134d48a1215220f80a,14987046218227329027080984029949561275408794766325730526435811581087168625932,0,20.85,19.91175,0.0,YES,2024-07-30 14:13:26+00:00,SELL,19.91175,20.85,0.955,0.955,0.045
0x3f0e59b0366d06690e576743ad337d37274b6d23d36ac1073fa7b8a8cc6604ce_0x126b24f44277f0c80fb3abbf2bb64f9625db0d55e4d50a867f5b1c582d14cee6,0x3f0e59b0366d06690e576743ad337d37274b6d23d36ac1073fa7b8a8cc6604ce,1722348834,0xfa1c66c8d0ec9115a5bfda4a9af57c44d3ba33c1,0xaf23c4b078ab76adb3783f322c95bbef4b02cc49,14987046218227329027080984029949561275408794766325730526435811581087168625932,0,20.85,19.9743,0.0,YES,2024-07-30 14:13:54+00:00,SELL,19.9743,20.85,0.958,0.958,0.042
0xf1330fc171afc0939bddb80e3319726e86bd293f9af054417289c53b68fa2413_0x7fc44c1f89689deb9be03b1978907b5b3e770df5cb6cc9cb7f7c1b383cc85aa5,0xf1330fc171afc0939bddb80e3319726e86bd293f9af054417289c53b68fa2413,1722348846,0x353b70aac7e34368770ee3093528db5513e10c2f,0xc5d563a36ae78145c45a50134d48a1215220f80a,14987046218227329027080984029949561275408794766325730526435811581087168625932,0,20.85,19.91175,0.0,YES,2024-07-30 14:14:06+00:00,SELL,19.91175,20.85,0.955,0.955,0.045
0x34d9f0f453fb0d897d9c044b2f78c9ff7c5086e446f8581b86002d365ddc696f_0x04fceb56557cc5e1ec647098196895e3b4bc468763df4f671483462677fcc274,0x34d9f0f453fb0d897d9c044b2f78c9ff7c5086e446f8581b86002d365ddc696f,1722348850,0x353b70aac7e34368770ee3093528db5513e10c2f,0xc5d563a36ae78145c45a50134d48a1215220f80a,0,14987046218227329027080984029949561275408794766325730526435811581087168625932,29.999999,31.282585,0.0,YES,2024-07-30 14:14:10+00:00,BUY,29.999999,31.282585,0.9589999995205,0.9589999995205,0.041
0x45163b8ea3df9452a8341884818b6437ac69d730472a6974211307345c55bc83_0x2ed75fe1aca9bebde0bef9b02eed1b050ab7947c8b35d000a2fa56c6e9aa6b74,0x45163b8ea3df9452a8341884818b6437ac69d730472a6974211307345c55bc83,1722348896,0xfa1c66c8d0ec9115a5bfda4a9af57c44d3ba33c1,0xc4c6d29c19d5008950ebb9b22db1a9491c2e451b,14987046218227329027080984029949561275408794766325730526435811581087168625932,0,20.85,19.9743,0.0,YES,2024-07-30 14:14:56+00:00,SELL,19.9743,20.85,0.958,0.958,0.042
0x2c796519f24ce942df5a5dd7086cbaec78b7492d737fa8cd5f1df9eab95f2b52_0x4c709ed15825bb55c18ce45c095e2ca4723892a050f4119435ce60414995df7e,0x2c796519f24ce942df5a5dd7086cbaec78b7492d737fa8cd5f1df9eab95f2b52,1722348920,0x23f8ed397ac27a59d49f0cb95a62c5a1cecef0c9,0xc5d563a36ae78145c45a50134d48a1215220f80a,14987046218227329027080984029949561275408794766325730526435811581087168625932,0,31.28,29.8724,0.0,YES,2024-07-30 14:15:20+00:00,SELL,29.8724,31.28,0.955,0.955,0.045
0xef6a085d2dfaf9d133a0235f91180d912b4009078a58f876651af4bba42c8cd6_0x6b312c1d00e27781e954a0b1d836a231b53a3d800ac8b8ab0f82e2d927ec1758,0xef6a085d2dfaf9d133a0235f91180d912b4009078a58f876651af4bba42c8cd6,1722348928,0x23f8ed397ac27a59d49f0cb95a62c5a1cecef0c9,0xc5d563a36ae78145c45a50134d48a1215220f80a,0,14987046218227329027080984029949561275408794766325730526435811581087168625932,29.999999,31.282585,0.0,YES,2024-07-30 14:15:28+00:00,BUY,29.999999,31.282585,0.9589999995205,0.9589999995205,0.041
0x8ee15c684154e90a2e4cb683c41adb4fdcf370f4a909281ecc2a18d699a4cf05_0xedbaf6b0ac01779309bef49565903edf5f87fb892e155772dc4b49ece6a8c5a1,0x8ee15c684154e90a2e4cb683c41adb4fdcf370f4a909281ecc2a18d699a4cf05,1722348942,0xdda9bd15e00cd5c5389f2f74db2cb566de65c2e3,0xc5d563a36ae78145c45a50134d48a1215220f80a,14987046218227329027080984029949561275408794766325730526435811581087168625932,0,31.28,29.8724,0.0,YES,2024-07-30 14:15:42+00:00,SELL,29.8724,31.28,0.955,0.955,0.045
0x1f3bd3327d1ca3b3c82cb11a47131218e9a4ca1078401ae67c8d757388a573cc_0x250fa35f1123b952dce9998a44c14cdf62f686710a6178b6c489cece18778e7f,0x1f3bd3327d1ca3b3c82cb11a47131218e9a4ca1078401ae67c8d757388a573cc,1722348948,0xfa1c66c8d0ec9115a5bfda4a9af57c44d3ba33c1,0xdda9bd15e00cd5c5389f2f74db2cb566de65c2e3,14987046218227329027080984029949561275408794766325730526435811581087168625932,0,41.753652,39.999998,0.0,YES,2024-07-30 14:15:48+00:00,SELL,39.999998,41.753652,0.9579999852467994,0.9579999852467994,0.042
0x730b71a542ef23a06051903cbb1aebfb25f7c5ba64c9f23951bf3f3b5999d134_0x41926e61402265d651a768e25e0299797194ecd590277064e95414b85dd3664b,0x730b71a542ef23a06051903cbb1aebfb25f7c5ba64c9f23951bf3f3b5999d134,1722348990,0x18308990a5e28a500e9895bfe621c28c08734750,0xc5d563a36ae78145c45a50134d48a1215220f80a,14987046218227329027080984029949561275408794766325730526435811581087168625932,0,31.28,29.90368,0.0,YES,2024-07-30 14:16:30+00:00,SELL,29.90368,31.28,0.956,0.956,0.044
0xc1400fa02ee7d841e9353ff3985724cbf5b537c9ab511e0df897ec6802a08974_0x3597f941480794cfcc184914871dcf1ee5ec9378c7b9274bf1a3e455ef39425d,0xc1400fa02ee7d841e9353ff3985724cbf5b537c9ab511e0df897ec6802a08974,1722349042,0x3d5b6bb4a36ad2605ad827361efab3486f82d2a2,0xc5d563a36ae78145c45a50134d48a1215220f80a,14987046218227329027080984029949561275408794766325730526435811581087168625932,0,31.28,29.90368,0.0,YES,2024-07-30 14:17:22+00:00,SELL,29.90368,31.28,0.956,0.956,0.044
0x72a38de062c44f9476ed825cc01efe86bfe89708fd98ab77d065551eb086335a_0x0689d6aecad15377a8d2fde5065141dc9168d599a5fd73f45c2b9f7ed397dc92,0x72a38de062c44f9476ed825cc01efe86bfe89708fd98ab77d065551eb086335a,1722349192,0x71ed0bc95433cdf1be29f43219725fce9addd9eb,0xc5d563a36ae78145c45a50134d48a1215220f80a,14987046218227329027080984029949561275408794766325730526435811581087168625932,0,292.0,279.152,0.0,YES,2024-07-30 14:19:52+00:00,SELL,279.152,292.0,0.956,0.956,0.044
0x65cfd82b65cb83ee67181e4d0fbdbc25ace475ed3a90005ba734105726dd72e7_0x250fa35f1123b952dce9998a44c14cdf62f686710a6178b6c489cece18778e7f,0x65cfd82b65cb83ee67181e4d0fbdbc25ace475ed3a90005ba734105726dd72e7,1722349536,0xfa1c66c8d0ec9115a5bfda4a9af57c44d3ba33c1,0xde48e611be40f568bf09aa068f9ecf7e4d2f1b43,14987046218227329027080984029949561275408794766325730526435811581087168625932,0,1.04384,0.999998,0.0,YES,2024-07-30 14:25:36+00:00,SELL,0.999998,1.04384,0.9579993102391171,0.9579993102391171,0.042001
0x21f956b58d2b1639575ddf26177aa878a6dd43e141f01e07d73ca7f62e63d857_0x250fa35f1123b952dce9998a44c14cdf62f686710a6178b6c489cece18778e7f,0x21f956b58d2b1639575ddf26177aa878a6dd43e141f01e07d73ca7f62e63d857,1722351272,0xfa1c66c8d0ec9115a5bfda4a9af57c44d3ba33c1,0xa9b8afc5aa730303d67941bf45c28fa4a312fa72,14987046218227329027080984029949561275408794766325730526435811581087168625932,0,19.75,18.9205,0.0,YES,2024-07-30 14:54:32+00:00,SELL,18.9205,19.75,0.9580000000000001,0.9580000000000001,0.042
0xcffa4d58600f54ef2972e6f8c7ed7b455632600ab12a5333bf985067d1319ac9_0xa4a7a9bc611ebfc26442b1187a9232660b6ff187ec3ee9dc10b650fa3858b43e,0xcffa4d58600f54ef2972e6f8c7ed7b455632600ab12a5333bf985067d1319ac9,1722352382,0xb9cc124e6ee0ba7f340394fb8b207a988d7b387a,0xc5d563a36ae78145c45a50134d48a1215220f80a,0,14987046218227329027080984029949561275408794766325730526435811581087168625932,192.0,200.0,0.0,YES,2024-07-30 15:13:02+00:00,BUY,192.0,200.0,0.96,0.96,0.04
0x47af00f50bf7de08e84f7ad9a41c5cba36a0c5d3872f9573e8cfb46970ee35e2_0xfe2bb8e8b310e7278df72fe64e3b1704f1b154a9dd56862eb23049518f6c7b36,0x47af00f50bf7de08e84f7ad9a41c5cba36a0c5d3872f9573e8cfb46970ee35e2,1722352786,0xd06f0f7719df1b3b75b607923536b3250825d4a6,0xba3f3485e11f156c7cbc848813d111122e4c8b64,14987046218227329027080984029949561275408794766325730526435811581087168625932,0,100.0,96.0,0.0,YES,2024-07-30 15:19:46+00:00,SELL,96.0,100.0,0.96,0.96,0.04
0x984c583064503e9e8ec279f591dc1c8d850e127d02aef0f4d8547d8f62df4583_0xfe2bb8e8b310e7278df72fe64e3b1704f1b154a9dd56862eb23049518f6c7b36,0x984c583064503e9e8ec279f591dc1c8d850e127d02aef0f4d8547d8f62df4583,1722354526,0xd06f0f7719df1b3b75b607923536b3250825d4a6,0x637b081de38452a93bc5718e0e786a1ecf4804c0,14987046218227329027080984029949561275408794766325730526435811581087168625932,0,5.208332,4.999998,0.0,YES,2024-07-30 15:48:46+00:00,SELL,4.999998,5.208332,0.9599998617599644,0.9599998617599644,0.04
0x61fc66f4a8f306d3b80746ff708148a1844e40c93b7d9a68e917e228d0e93407_0xfe2bb8e8b310e7278df72fe64e3b1704f1b154a9dd56862eb23049518f6c7b36,0x61fc66f4a8f306d3b80746ff708148a1844e40c93b7d9a68e917e228d0e93407,1722357586,0xd06f0f7719df1b3b75b607923536b3250825d4a6,0xb4c4cb77c4ad0143e3478a0e68d0ccec67f72036,14987046218227329027080984029949561275408794766325730526435811581087168625932,0,78.958332,75.799998,0.0,YES,2024-07-30 16:39:46+00:00,SELL,75.799998,78.958332,0.9599999908812664,0.9599999908812664,0.04
0x980e8b9a14f30085efb50dccc424a3f80e362edd32a18e9bc00a64a43f8fd24f_0x728f931963da8ae22e1bc8779871788b0a9cd42a10b376de3dcab11a2c7ae1d5,0x980e8b9a14f30085efb50dccc424a3f80e362edd32a18e9bc00a64a43f8fd24f,1722357894,0xfa1c66c8d0ec9115a5bfda4a9af57c44d3ba33c1,0x4ce73141dbfce41e65db3723e31059a730f0abad,0,14987046218227329027080984029949561275408794766325730526435811581087168625932,8.604,9.0,0.0,YES,2024-07-30 16:44:54+00:00,BUY,8.604,9.0,0.956,0.956,0.044
0x7b38f8d064ae3db2eeac0d78f6551381543a0f1be1fa5fe24925ebed2beb7a68_0xde7e82c374779bc891ef15d244c65942ba3e8cadedcd7306eb017669e7286421,0x7b38f8d064ae3db2eeac0d78f6551381543a0f1be1fa5fe24925ebed2beb7a68,1722359088,0xfa1c66c8d0ec9115a5bfda4a9af57c44d3ba33c1,0x4a7f72969a6f8a523d31168004da342c06a557f6,14987046218227329027080984029949561275408794766325730526435811581087168625932,0,9.01,8.64059,0.0,YES,2024-07-30 17:04:48+00:00,SELL,8.64059,9.01,0.959,0.959,0.041
0xaa3ee767866d9ddd5760e097e15ccb16ffae9f7bccd22358202f165d1076786f_0x683cdeae4279f31a92385f160ff68cf97118333336c17d2da4c76bdfd4e4648c,0xaa3ee767866d9ddd5760e097e15ccb16ffae9f7bccd22358202f165d1076786f,1722359632,0xadf5198a6073e0316e3685263e849b3c371d4f1e,0xc5d563a36ae78145c45a50134d48a1215220f80a,0,14987046218227329027080984029949561275408794766325730526435811581087168625932,2999.999975,3121.748153,0.0,YES,2024-07-30 17:13:52+00:00,BUY,2999.999975,3121.748153,0.9609999999894291,0.9609999999894291,0.039
0x52cb670b218a0da173c09d2b817463b296982dc42b07b4f33e3bfe1cba5a54b5_0xe0df6065c6be44f302239b086235b9923a01adf9fa74dee7e8dd659bcc28ca87,0x52cb670b218a0da173c09d2b817463b296982dc42b07b4f33e3bfe1cba5a54b5,1722361922,0xdd8648ee971449d1428cac640674ffd7a357c51f,0xc5d563a36ae78145c45a50134d48a1215220f80a,71914038773350234130553415116948415426792971631252265695143324140554345804068,0,1.05,0.04095,0.0,NO,2024-07-30 17:52:02+00:00,SELL,0.04095,1.05,0.039,0.961,0.039
0xbbefe1c44d86d2d6f200b65ee5655542f4c746fceb7eb32259c035f1de5316f3_0xb6a0877477a6af27c8f6124bd168ba63f56c2d92b8ba151a208b82f09b1c218f,0xbbefe1c44d86d2d6f200b65ee5655542f4c746fceb7eb32259c035f1de5316f3,1722362246,0xfbda06e752bf3d79e9f718de5eabca4f3a4abad7,0xc5d563a36ae78145c45a50134d48a1215220f80a,0,14987046218227329027080984029949561275408794766325730526435811581087168625932,0.999982,1.040564,0.0,YES,2024-07-30 17:57:26+00:00,BUY,0.999982,1.040564,0.9609999961559308,0.9609999961559308,0.039
0x7c45832c76698da2f36e9e736c426ce58d6f54438a486323dc95ff1071fa97a6_0xbf2c8fed1c22e7f30243566deb72be720c16b99c6fdb5a706062a96144c7b3ab,0x7c45832c76698da2f36e9e736c426ce58d6f54438a486323dc95ff1071fa97a6,1722363844,0xfa1c66c8d0ec9115a5bfda4a9af57c44d3ba33c1,0x843409738e5533ce49d5f45d024b88ee61da34b9,0,14987046218227329027080984029949561275408794766325730526435811581087168625932,239.25,250.0,0.0,YES,2024-07-30 18:24:04+00:00,BUY,239.25,250.0,0.957,0.957,0.043
0x917358f0d320dbbc6a78ca5c292fe74e63407d3ad216d3008ac690d1a76d6113_0x6455ace6d78027476d2334a49bd3c323a05ba623b70967b16268637440bfca24,0x917358f0d320dbbc6a78ca5c292fe74e63407d3ad216d3008ac690d1a76d6113,1722364654,0xfa1c66c8d0ec9115a5bfda4a9af57c44d3ba33c1,0x843409738e5533ce49d5f45d024b88ee61da34b9,0,14987046218227329027080984029949561275408794766325730526435811581087168625932,95.79042,99.99,0.0,YES,2024-07-30 18:37:34+00:00,BUY,95.79042,99.99,0.9580000000000001,0.9580000000000001,0.042
0xc2eee517cc7cd3e6a9cbd65b22ca8e316f4a9e7111e35b1229eede00cbc7b8de_0x18408d091e8e03604dfab4b603cd85ec443476399251538bfb1370420aacdd37,0xc2eee517cc7cd3e6a9cbd65b22ca8e316f4a9e7111e35b1229eede00cbc7b8de,1722365264,0xc449e7593d00104cee02845423a2c7d8e9c6f3d5,0x843409738e5533ce49d5f45d024b88ee61da34b9,0,14987046218227329027080984029949561275408794766325730526435811581087168625932,1432.5,1500.0,0.0,YES,2024-07-30 18:47:44+00:00,BUY,1432.5,1500.0,0.955,0.955,0.045
0x5fe5df4f20f667d7eae01936a22ed44f0f2854b915a5a0010a47c056f58efc2c_0xc45a5b570dd48dc57c4d74a6285796605bfaa922d8d8a90176aa46cc540e7f88,0x5fe5df4f20f667d7eae01936a22ed44f0f2854b915a5a0010a47c056f58efc2c,1722365566,0xe330a8745b5f4c65b2bf2ed95a3c640546d539d2,0x41c84d166867b9ccb28f4f05d606c3951ca75dd2,0,14987046218227329027080984029949561275408794766325730526435811581087168625932,388.163265,408.163264,0.0,YES,2024-07-30 18:52:46+00:00,BUY,388.163265,408.163264,0.9510000022932,0.9510000022932,0.049
0x71abb8cd91fd6dfba5cad184827dfd324e16c9fdb4fdc99b14b55e6e9be05e8e_0x70fce09d71f5a538e33e38a2d366bcd269d932d410556625318afc3c133744a2,0x71abb8cd91fd6dfba5cad184827dfd324e16c9fdb4fdc99b14b55e6e9be05e8e,1722365844,0x6a37eeb320fb32fcb95f1e1a32e3c3a3c8ed712a,0xc5d563a36ae78145c45a50134d48a1215220f80a,0,14987046218227329027080984029949561275408794766325730526435811581087168625932,494.999991,516.701452,0.0,YES,2024-07-30 18:57:24+00:00,BUY,494.999991,516.701452,0.9579999999690344,0.9579999999690344,0.042
0x1626c051bae663e1d5a33da56581e9f987148504020adf0a388576ab21bf9b48_0x9346eb1709be2e7f308dcbff17a2b055a0cd2f616344c128e84a1434d801f40e,0x1626c051bae663e1d5a33da56581e9f987148504020adf0a388576ab21bf9b48,1722366184,0x1e98620a5fe66ed1a623a424d010fbd917c16c6d,0xc5d563a36ae78145c45a50134d48a1215220f80a,0,14987046218227329027080984029949561275408794766325730526435811581087168625932,84.76384,88.48,0.0,YES,2024-07-30 19:03:04+00:00,BUY,84.76384,88.48,0.958,0.958,0.042
0x15b6e76bc887f2cd523e096ba20d83ebdb34a61f19406fd1f179ec9c3d11b1d9_0x90a378583442d9fec4fffcadc4f6251492609fe389a225149c2518eee025d04c,0x15b6e76bc887f2cd523e096ba20d83ebdb34a61f19406fd1f179ec9c3d11b1d9,1722368388,0xc449e7593d00104cee02845423a2c7d8e9c6f3d5,0x843409738e5533ce49d5f45d024b88ee61da34b9,0,14987046218227329027080984029949561275408794766325730526435811581087168625932,476.5,500.0,0.0,YES,2024-07-30 19:39:48+00:00,BUY,476.5,500.0,0.953,0.953,0.047
0x8c689c78a73920d991183ca6e526cf29f6465f14b86d316cdac1d5aba656f9e3_0x2539a657ba9fa2d8de84c5ab3feb954e7f881183063e313e66fb257a97f02344,0x8c689c78a73920d991183ca6e526cf29f6465f14b86d316cdac1d5aba656f9e3,1722369032,0xc449e7593d00104cee02845423a2c7d8e9c6f3d5,0x843409738e5533ce49d5f45d024b88ee61da34b9,0,14987046218227329027080984029949561275408794766325730526435811581087168625932,189.647,199.0,0.0,YES,2024-07-30 19:50:32+00:00,BUY,189.647,199.0,0.953,0.953,0.047
0x2c5f91dbeba8ecf53277a2674902b8759dc045f12eb38cbe243eb60708c0c390_0xb92c8d5fe7e3412e1c5d9310d058f6771bf47d129acee512729a41717f7fa10c,0x2c5f91dbeba8ecf53277a2674902b8759dc045f12eb38cbe243eb60708c0c390,1722369052,0x2370d48501dbbe1974b6cf228e77d459f4870e10,0x843409738e5533ce49d5f45d024b88ee61da34b9,71914038773350234130553415116948415426792971631252265695143324140554345804068,0,606.0,27.876,0.0,NO,2024-07-30 19:50:52+00:00,SELL,27.876,606.0,0.046,0.954,0.046
0x15118da8b5837d5bba8d35e07e038d24fd76cf7164f250615726225584e869fb_0xecede34419d3823e584d95158b97591e1890a470e6e7237f6eb64b178e3bc5df,0x15118da8b5837d5bba8d35e07e038d24fd76cf7164f250615726225584e869fb,1722369414,0xc4ef8ba0628209ebfafc993831a9020a975254b0,0xc5d563a36ae78145c45a50134d48a1215220f80a,0,14987046218227329027080984029949561275408794766325730526435811581087168625932,1.999984,2.087666,0.0,YES,2024-07-30 19:56:54+00:00,BUY,1.999984,2.087666,0.9579999865878929,0.9579999865878929,0.042
0x0f306045a3f09bc6945cc4b2f8acc2904bf137a354e6d8c26fdf109e5aae0309_0x2539a657ba9fa2d8de84c5ab3feb954e7f881183063e313e66fb257a97f02344,0x0f306045a3f09bc6945cc4b2f8acc2904bf137a354e6d8c26fdf109e5aae0309,1722369720,0xc449e7593d00104cee02845423a2c7d8e9c6f3d5,0xa62fe5c3d1d23ac44be85467729e155c60052dff,0,14987046218227329027080984029949561275408794766325730526435811581087168625932,10.483,11.0,0.0,YES,2024-07-30 20:02:00+00:00,BUY,10.483,11.0,0.9530000000000001,0.9530000000000001,0.047
0x26428349a58d38755c36733057446072fec28624313ddb1cbfc064507d2ba06e_0xe8f8e344306478a3910b7691861ab3fe12f85263ae9b833a6a22e67b442eeefe,0x26428349a58d38755c36733057446072fec28624313ddb1cbfc064507d2ba06e,1722370974,0xfa1c66c8d0ec9115a5bfda4a9af57c44d3ba33c1,0xed107a85a4585a381e48c7f7ca4144909e7dd2e5,14987046218227329027080984029949561275408794766325730526435811581087168625932,0,349.99,335.29042,0.0,YES,2024-07-30 20:22:54+00:00,SELL,335.29042,349.99,0.958,0.958,0.042
0x8cd310ccb34fbae0d039e7c9818ad4d95d8e33fed2568fa78c958ce4cccd8ff1_0x9898a8c322fb40e392389cbd1167ec68176d84092cce4e1e73b76aa3156f163e,0x8cd310ccb34fbae0d039e7c9818ad4d95d8e33fed2568fa78c958ce4cccd8ff1,1722371470,0xcec51309bdfe04f3d99879c9dde3f4ed8f20dae8,0xc5d563a36ae78145c45a50134d48a1215220f80a,0,14987046218227329027080984029949561275408794766325730526435811581087168625932,2.259976,2.351692,0.0,YES,2024-07-30 20:31:10+00:00,BUY,2.259976,2.351692,0.960999994897291,0.960999994897291,0.039
0x038c2649fbe81a05b25bb3e22c24e4549af75ca96a0c2fa44b3ee989e885d423_0x16a1d90868e2a514613fd2547b107f96fc744a5d25688f65aa4407207d2e68f0,0x038c2649fbe81a05b25bb3e22c24e4549af75ca96a0c2fa44b3ee989e885d423,1722377225,0xfe911a4e80ee71b47cd1ee690733ac4062e970ff,0x843409738e5533ce49d5f45d024b88ee61da34b9,0,14987046218227329027080984029949561275408794766325730526435811581087168625932,247.345,259.0,0.0,YES,2024-07-30 22:07:05+00:00,BUY,247.345,259.0,0.955,0.955,0.045
0x376a57bb89fa04c77e9d6abd14c3a50305b3a5187064be2aa24d458bc35b1937_0x97d95ce1a781cac624f48bf02409531598e18cd102aab8800c2d5f5a9d833b75,0x376a57bb89fa04c77e9d6abd14c3a50305b3a5187064be2aa24d458bc35b1937,1722377435,0x2370d48501dbbe1974b6cf228e77d459f4870e10,0x843409738e5533ce49d5f45d024b88ee61da34b9,71914038773350234130553415116948415426792971631252265695143324140554345804068,0,3000.0,132.0,0.0,NO,2024-07-30 22:10:35+00:00,SELL,132.0,3000.0,0.044,0.956,0.044
0x433a98aaf3244be9c60de39fe55d74a41daffbb0247252f09e270f8e7b2d3ec5_0x16a1d90868e2a514613fd2547b107f96fc744a5d25688f65aa4407207d2e68f0,0x433a98aaf3244be9c60de39fe55d74a41daffbb0247252f09e270f8e7b2d3ec5,1722377459,0xfe911a4e80ee71b47cd1ee690733ac4062e970ff,0x843409738e5533ce49d5f45d024b88ee61da34b9,0,14987046218227329027080984029949561275408794766325730526435811581087168625932,440.255,461.0,0.0,YES,2024-07-30 22:10:59+00:00,BUY,440.255,461.0,0.955,0.955,0.045
0x8d152d787480475ec93c8ac42e06914d91aff2f794301d8ce83622f532945e3b_0x7efa2511e55fd552e2fb902eb73a4ec2046c034f2f076688558b15eb4f268a01,0x8d152d787480475ec93c8ac42e06914d91aff2f794301d8ce83622f532945e3b,1722377613,0x029e444c7401876a9694c5e3a66102abe7de7bf0,0xc5d563a36ae78145c45a50134d48a1215220f80a,0,14987046218227329027080984029949561275408794766325730526435811581087168625932,19.2,20.0,0.0,YES,2024-07-30 22:13:33+00:00,BUY,19.2,20.0,0.96,0.96,0.04
0x39a0ac80f419f221d575fa6c2e585bb2a8d505e067aa986291753e30511fcf0f_0xcce7cab72b75b37adac24e0cee02a1a7cdc25eac0ff3b12c48d8f098ba32aaa0,0x39a0ac80f419f221d575fa6c2e585bb2a8d505e067aa986291753e30511fcf0f,1722384618,0x5c0cfef4c37816f79f3dd94ed6a7a1812d0b622f,0xc5d563a36ae78145c45a50134d48a1215220f80a,0,14987046218227329027080984029949561275408794766325730526435811581087168625932,199.999992,208.333325,0.0,YES,2024-07-31 00:10:18+00:00,BUY,199.999992,208.333325,0.96,0.96,0.04
0x0b1a23806f05b3034c09f14041466e5ed496f53553cab28c479cde513108a4d8_0xe1102d6b33e5bed5ca527f7aca59a3fcae3f8db003ebb96e56ea0a8a3f080358,0x0b1a23806f05b3034c09f14041466e5ed496f53553cab28c479cde513108a4d8,1722386118,0x3f4a5f99c6e94d679939263a8803b66bbab3f2d5,0xc5d563a36ae78145c45a50134d48a1215220f80a,0,14987046218227329027080984029949561275408794766325730526435811581087168625932,0.999984,1.04165,0.0,YES,2024-07-31 00:35:18+00:00,BUY,0.999984,1.04165,0.96,0.96,0.04
0x125a4831ee6da06348577adad8e7768b41620bdab7f4bd6a68fb9982abba13f4_0x5eeea051d67cf85acfee8779135e887cb9c33dc9af5d708b39df1dadf3d26262,0x125a4831ee6da06348577adad8e7768b41620bdab7f4bd6a68fb9982abba13f4,1722388002,0x12eadddf0dde7f9b819502f946173b3db7d9e1a1,0xc5d563a36ae78145c45a50134d48a1215220f80a,0,14987046218227329027080984029949561275408794766325730526435811581087168625932,4.999992,5.208325,0.0,YES,2024-07-31 01:06:42+00:00,BUY,4.999992,5.208325,0.9599999999999999,0.9599999999999999,0.04
0xad08590dd212a29ac7e5ef955e2b7f0d17b722348bd2d77270267fca0a260ede_0xff57c81e4af3df8f026a872616e14982776be7197b01f30cfc2ca506498ab1c5,0xad08590dd212a29ac7e5ef955e2b7f0d17b722348bd2d77270267fca0a260ede,1722389582,0x51b19297fcaac96c77309b3a2693ced4806bbce2,0x4ce73141dbfce41e65db3723e31059a730f0abad,0,14987046218227329027080984029949561275408794766325730526435811581087168625932,50.24736,52.56,0.0,YES,2024-07-31 01:33:02+00:00,BUY,50.24736,52.56,0.956,0.956,0.044
0x288cc4ce71114c93a14f3f9edc37c276b842c98e22d7ecb1b420176543e4df47_0xb1a3dd768c7517bc9d40400c9112fd08c73d848e9fae0eaaed05052eae8b650f,0x288cc4ce71114c93a14f3f9edc37c276b842c98e22d7ecb1b420176543e4df47,1722390868,0x53ed206e86ad1625502410a52aea7954086c6069,0xc5d563a36ae78145c45a50134d48a1215220f80a,0,14987046218227329027080984029949561275408794766325730526435811581087168625932,35.76,37.25,0.0,YES,2024-07-31 01:54:28+00:00,BUY,35.76,37.25,0.96,0.96,0.04
0x5d83f30b2c584ddee7a796314a037972ead8c65c1025d25b33d7c3e16f9bcf6f_0x3b7921df513cf5aee5dbefaf6b22b41c6eeec66a7aa1f72026dce144656b97a7,0x5d83f30b2c584ddee7a796314a037972ead8c65c1025d25b33d7c3e16f9bcf6f,1722394984,0xdcc9d68a4bad9fc8becd27a03ee5b2b4feda4534,0x11899a5a28e9bb5a495d48abb5ad36e6c225a9e0,0,14987046218227329027080984029949561275408794766325730526435811581087168625932,0.848888,0.888887,0.0,YES,2024-07-31 03:03:04+00:00,BUY,0.848888,0.888887,0.9550010293771874,0.9550010293771874,0.044999
0x6903fd6ddb4da74a1f85566e876cd76e1c25e726d6fa85c3f3a1c292341ec8e1_0x3b7921df513cf5aee5dbefaf6b22b41c6eeec66a7aa1f72026dce144656b97a7,0x6903fd6ddb4da74a1f85566e876cd76e1c25e726d6fa85c3f3a1c292341ec8e1,1722395224,0xdcc9d68a4bad9fc8becd27a03ee5b2b4feda4534,0x11899a5a28e9bb5a495d48abb5ad36e6c225a9e0,0,14987046218227329027080984029949561275408794766325730526435811581087168625932,0.848888,0.888887,0.0,YES,2024-07-31 03:07:04+00:00,BUY,0.848888,0.888887,0.9550010293771874,0.9550010293771874,0.044999
0x7840f452fe1033754ed5c3429dbbf7ecdc0be58cdb4d848fd8bd705a5ce63cbf_0xd703f7fb94f1a7653a9a660d2714f7a2a7f7b5b75ecde277b13b27a97bece4b4,0x7840f452fe1033754ed5c3429dbbf7ecdc0be58cdb4d848fd8bd705a5ce63cbf,1722395848,0xeb027bfb6fe6a6fca49ef2bbc4db2085f375fdb2,0xc5d563a36ae78145c45a50134d48a1215220f80a,71914038773350234130553415116948415426792971631252265695143324140554345804068,0,100.0,4.0,0.0,NO,2024-07-31 03:17:28+00:00,SELL,4.0,100.0,0.04,0.96,0.04
0x4aa74fffe48360740a46688a52799550ec7b1f456e1d3339510a24e50d2fbb29_0xa8ccb15820e0a59eea577d4af9590f5d7f8d2837afe580aa7b8644dbb83f8bfb,0x4aa74fffe48360740a46688a52799550ec7b1f456e1d3339510a24e50d2fbb29,1722395952,0xafbbc9862712c6546426c72e38ebea214e589207,0xc5d563a36ae78145c45a50134d48a1215220f80a,0,14987046218227329027080984029949561275408794766325730526435811581087168625932,0.999984,1.04165,0.0,YES,2024-07-31 03:19:12+00:00,BUY,0.999984,1.04165,0.96,0.96,0.04
0x028c1c46477cefcdde0ef3fee8a5007e3277a33699c3bc2ef436da38bbd2f24f_0x4b2cec889d7fe6af7bfecb019f8c9c98fd765cc69677b54740ab7e2d2062bc66,0x028c1c46477cefcdde0ef3fee8a5007e3277a33699c3bc2ef436da38bbd2f24f,1722396430,0xc449e7593d00104cee02845423a2c7d8e9c6f3d5,0x487551788c91abb16f7c23defff18856c8fc4adf,0,14987046218227329027080984029949561275408794766325730526435811581087168625932,20.73913,21.739129,0.0,YES,2024-07-31 03:27:10+00:00,BUY,20.73913,21.739129,0.9540000429640029,0.9540000429640029,0.046
0xe52d63988689b4fad1839202325f50fd95bd60e33e273ac85b883c0801c09ca7_0x40f8d2fdd9feaa73fd1a0bcb797479d9a220d0eed71e79f851e2386023dc20ae,0xe52d63988689b4fad1839202325f50fd95bd60e33e273ac85b883c0801c09ca7,1722397907,0xdc65a3eb91a8129ed798b42501a49c49600db92c,0xc5d563a36ae78145c45a50134d48a1215220f80a,0,14987046218227329027080984029949561275408794766325730526435811581087168625932,0.999984,1.04165,0.0,YES,2024-07-31 03:51:47+00:00,BUY,0.999984,1.04165,0.96,0.96,0.04
0x4467814c6f831affc630a87fcb0daa085ee68120eaa0e870f5e5958596dd9909_0x6e705aa09879cd92d4a43d4e0033d5180d314410c13aa5b62f65ab261cd73193,0x4467814c6f831affc630a87fcb0daa085ee68120eaa0e870f5e5958596dd9909,1722398735,0x11899a5a28e9bb5a495d48abb5ad36e6c225a9e0,0xc5d563a36ae78145c45a50134d48a1215220f80a,71914038773350234130553415116948415426792971631252265695143324140554345804068,0,0.78,0.0312,0.0,NO,2024-07-31 04:05:35+00:00,SELL,0.0312,0.78,0.039999999999999994,0.96,0.039999999999999994
0x14042caeb70982b3c164aa164bf2498ad1d584b93d73270b845c63ab0ec0bcf0_0x08618ce4d3c6fefc6a81e1d9cccaf50b721232cbc86224ec5cecc7d28ef53031,0x14042caeb70982b3c164aa164bf2498ad1d584b93d73270b845c63ab0ec0bcf0,1722399335,0x7518d495071f3844a8edaa1918c712ca563d7ffe,0xc5d563a36ae78145c45a50134d48a1215220f80a,0,14987046218227329027080984029949561275408794766325730526435811581087168625932,0.999984,1.04165,0.0,YES,2024-07-31 04:15:35+00:00,BUY,0.999984,1.04165,0.96,0.96,0.04
0xed056c502e8011deb6eb10eae311ba0ef1594e3a09e06b578c8693395b538c8a_0x6348bfeb1efd674cf9c454f09ca92f49b7063f7e6ea38f13cfe53f75f4b31a50,0xed056c502e8011deb6eb10eae311ba0ef1594e3a09e06b578c8693395b538c8a,1722400375,0x68a59897aec0cacbb7df3c9df3f67d40c0dcf95b,0xc5d563a36ae78145c45a50134d48a1215220f80a,14987046218227329027080984029949561275408794766325730526435811581087168625932,0,410.0,391.14,0.0,YES,2024-07-31 04:32:55+00:00,SELL,391.14,410.0,0.954,0.954,0.046
0xb0fd5b99e0e6268272cd11d5a732f429d9ffde654de90c3e9ef59c6e8531be1f_0x700be2075ada47bf6bf2bcfd2cfff4355e5ce36c9c3a8d005c7d5fb5048400ff,0xb0fd5b99e0e6268272cd11d5a732f429d9ffde654de90c3e9ef59c6e8531be1f,1722402101,0x75d63a4b471892a6f84bc72dcfa5a80caf4bd8a9,0xc5d563a36ae78145c45a50134d48a1215220f80a,0,14987046218227329027080984029949561275408794766325730526435811581087168625932,9.999984,10.41665,0.0,YES,2024-07-31 05:01:41+00:00,BUY,9.999984,10.41665,0.9599999999999999,0.9599999999999999,0.04
0x56edda80653ef6f8c8c638eedfbe866fddf304edf8534ac15f7543898c6a4ee2_0xa23a14addeda190159e013fc298727410fdcf20b04c2e0fe54d385975c3dfa0e,0x56edda80653ef6f8c8c638eedfbe866fddf304edf8534ac15f7543898c6a4ee2,1722402109,0x75d63a4b471892a6f84bc72dcfa5a80caf4bd8a9,0xc5d563a36ae78145c45a50134d48a1215220f80a,14987046218227329027080984029949561275408794766325730526435811581087168625932,0,10.41,9.93114,0.0,YES,2024-07-31 05:01:49+00:00,SELL,9.93114,10.41,0.954,0.954,0.046
0xa2aede728aa7849156172c32cdf5b2e32987785afb8f838724f8aeb4287f6cb2_0x4031040c55bc977cae7bdefab524a68d07057b759beb32f834e00e84ecb2cff0,0xa2aede728aa7849156172c32cdf5b2e32987785afb8f838724f8aeb4287f6cb2,1722403497,0xce4136d8bc503db314c83661d8d8227199f56914,0xc5d563a36ae78145c45a50134d48a1215220f80a,14987046218227329027080984029949561275408794766325730526435811581087168625932,0,1.04,0.99216,0.0,YES,2024-07-31 05:24:57+00:00,SELL,0.99216,1.04,0.954,0.954,0.046
0xd82d4652532023312d05221f56aa41f031f37aa07e69550b727d4f4e1b98a3af_0xc112515880605e78ebfbcc2c2ce248ac92c36e46a362015c857ca18c5635d765,0xd82d4652532023312d05221f56aa41f031f37aa07e69550b727d4f4e1b98a3af,1722404695,0x7edbd5b921f300e9ce33e7404c143aa23051dfcb,0xc5d563a36ae78145c45a50134d48a1215220f80a,0,14987046218227329027080984029949561275408794766325730526435811581087168625932,9.999984,10.41665,0.0,YES,2024-07-31 05:44:55+00:00,BUY,9.999984,10.41665,0.9599999999999999,0.9599999999999999,0.04
0x2bbd35633fd67a023ba285f913135ae3d14911db4867f56bcffbfb81a65df0ef_0x477136f619571d28b15df331289a7b6fe2108b6d86df40488c80421362a7c7e8,0x2bbd35633fd67a023ba285f913135ae3d14911db4867f56bcffbfb81a65df0ef,1722404711,0x7edbd5b921f300e9ce33e7404c143aa23051dfcb,0xc5d563a36ae78145c45a50134d48a1215220f80a,14987046218227329027080984029949561275408794766325730526435811581087168625932,0,10.41,9.93114,0.0,YES,2024-07-31 05:45:11+00:00,SELL,9.93114,10.41,0.954,0.954,0.046
0xf6b8808ab814b0bcb837b70c389b491e734d03b081c8f058e3df51e5d7760bc2_0x25a8fbc7cc7027fde6054c547b6a6f1311381f1bd1eaaf9ce9c04e4e497a43d7,0xf6b8808ab814b0bcb837b70c389b491e734d03b081c8f058e3df51e5d7760bc2,1722405435,0xeaaa43b6b37141cbfbf6ff69be3ac0ecf0cd44c4,0xc5d563a36ae78145c45a50134d48a1215220f80a,71914038773350234130553415116948415426792971631252265695143324140554345804068,0,300.0,12.0,0.0,NO,2024-07-31 05:57:15+00:00,SELL,12.0,300.0,0.04,0.96,0.04
0x55fc4e8179a54dec625dfd86636c545a07b51d46ca0652799163561537e7e72b_0xb695459147c7547dc5f6e41486daab70235766f544f68510d2c3f0703694dd35,0x55fc4e8179a54dec625dfd86636c545a07b51d46ca0652799163561537e7e72b,1722405459,0xb36330f2dc7fca6f718f46b02a3b7d47c5a7d147,0xeaaa43b6b37141cbfbf6ff69be3ac0ecf0cd44c4,14987046218227329027080984029949561275408794766325730526435811581087168625932,0,127.11,122.66115,0.0,YES,2024-07-31 05:57:39+00:00,SELL,122.66115,127.11,0.9650000000000001,0.9650000000000001,0.035
0x1af9907544895678a80dee16a1d948509ddfdebfe1419de64cab17fe85a3b7e0_0x39d74a34ff613fb1e1299550787b9fea41399758ba08de3226b5ea6b7cb3e7ae,0x1af9907544895678a80dee16a1d948509ddfdebfe1419de64cab17fe85a3b7e0,1722406391,0xfa058fca05ce69ccec8dba725f59d1aa3edfe508,0xc5d563a36ae78145c45a50134d48a1215220f80a,0,14987046218227329027080984029949561275408794766325730526435811581087168625932,0.99998,1.035176,0.0,YES,2024-07-31 06:13:11+00:00,BUY,0.99998,1.035176,0.965999984543691,0.965999984543691,0.034
0x501784a60b1902cc7dd4cac30dc6eea3ed534ce4ff3c1ac12a0f67a30bf1efd6_0xdb073c3d82bca648a2b86873858f7ec47415cee920259b751c54669c8e153c7b,0x501784a60b1902cc7dd4cac30dc6eea3ed534ce4ff3c1ac12a0f67a30bf1efd6,1722407299,0x7f692340bcc1d90b3ca3c8436e3973adb0279c7a,0x0aa1a3e6b8b2fb90408a4e6e5ced247b4b30c6df,14987046218227329027080984029949561275408794766325730526435811581087168625932,0,1.036268,0.999998,0.0,YES,2024-07-31 06:28:19+00:00,SELL,0.999998,1.036268,0.9649994016991744,0.9649994016991744,0.035001
0x338f06d68383d5d5e698350fa004ebc2a6ad2dc12c0cf74ce024cf1e2c34f32d_0xdb073c3d82bca648a2b86873858f7ec47415cee920259b751c54669c8e153c7b,0x338f06d68383d5d5e698350fa004ebc2a6ad2dc12c0cf74ce024cf1e2c34f32d,1722409133,0x7f692340bcc1d90b3ca3c8436e3973adb0279c7a,0xc8febe60ded4ff34fe830cc872d681a61ea3593e,14987046218227329027080984029949561275408794766325730526435811581087168625932,0,1.036268,0.999998,0.0,YES,2024-07-31 06:58:53+00:00,SELL,0.999998,1.036268,0.9649994016991744,0.9649994016991744,0.035001
0x16d0bab7a5e2615fb5cb6febe61291fdaaa1b6e5c3fe634566a5cbf02dd71e80_0x0354ffba55c60f498e6441bed02eabeefbebcdbac51e21fea35a362ff261b0a0,0x16d0bab7a5e2615fb5cb6febe61291fdaaa1b6e5c3fe634566a5cbf02dd71e80,1722410369,0xfa1c66c8d0ec9115a5bfda4a9af57c44d3ba33c1,0x33999be363efb3cba90dd5268b70adbc561ae5fb,0,14987046218227329027080984029949561275408794766325730526435811581087168625932,238.75,250.0,0.0,YES,2024-07-31 07:19:29+00:00,BUY,238.75,250.0,0.955,0.955,0.045
0x3fbc12d047d8341871b58ee8f7fa5bae6b583ad1ee5e44205afd3316371e026f_0xa054b7b92071ab7460ce0a887c42891492d834acf9bfdb805a63d95230979640,0x3fbc12d047d8341871b58ee8f7fa5bae6b583ad1ee5e44205afd3316371e026f,1722410569,0x382725fcadbbf80645304d7d567d2b2837b4ba20,0x33999be363efb3cba90dd5268b70adbc561ae5fb,0,14987046218227329027080984029949561275408794766325730526435811581087168625932,47.7,50.0,0.0,YES,2024-07-31 07:22:49+00:00,BUY,47.7,50.0,0.9540000000000001,0.9540000000000001,0.046
0x6bf8eca845699c53f93917299cbc672f49efbb2f658ec1df2e61db1b42a6db95_0xff7591ec990270bf1a52be8a70e76df96dfbb46f01b44993c79491e8862a35e7,0x6bf8eca845699c53f93917299cbc672f49efbb2f658ec1df2e61db1b42a6db95,1722410947,0xab21252b603aea73ed9c89adede6d523cf6cc521,0x73cf596a857e3a83f3e01b818943e3eb8cf5f716,14987046218227329027080984029949561275408794766325730526435811581087168625932,0,5.224659,4.999998,0.0,YES,2024-07-31 07:29:07+00:00,SELL,4.999998,5.224659,0.956999873101766,0.956999873101766,0.043
0x2fec64a2257bd9432eefd066c5c71f251f828cf949d2cc875e9e8ffe33f06aba_0xd1965e61d760efd6feea33debc43db1ac9d9dedcec6abaee8b27ac654602b812,0x2fec64a2257bd9432eefd066c5c71f251f828cf949d2cc875e9e8ffe33f06aba,1722411945,0xab21252b603aea73ed9c89adede6d523cf6cc521,0xc5d563a36ae78145c45a50134d48a1215220f80a,14987046218227329027080984029949561275408794766325730526435811581087168625932,0,3947.77,3756.23028,0.0,YES,2024-07-31 07:45:45+00:00,SELL,3756.23028,3947.77,0.9514815402113093,0.9514815402113093,0.048518
0x2e9ee985b5f246f68534653c75c321187affc921b7d27a26c3920f15b3eb02ae_0x90c305b5df42a317f93d390ff03c58fb962dabc450722c5a15cd6385866f7e13,0x2e9ee985b5f246f68534653c75c321187affc921b7d27a26c3920f15b3eb02ae,1722412007,0xfa1c66c8d0ec9115a5bfda4a9af57c44d3ba33c1,0x6d53c0f6d636c3d1943acda5964a6e188e0b7bfe,14987046218227329027080984029949561275408794766325730526435811581087168625932,0,0.710552,0.679998,0.0,YES,2024-07-31 07:46:47+00:00,SELL,0.679998,0.710552,0.956999628457875,0.956999628457875,0.043
0xfba8c00a57d9096f8ddd81cf39878d3fc4c8384699439cefb4fc064f5b0f09ff_0x47541e73f41ba4803edf1d974a97d2a0c8f39669eb16f6817a2c733e129af4ac,0xfba8c00a57d9096f8ddd81cf39878d3fc4c8384699439cefb4fc064f5b0f09ff,1722413115,0xa31a95d7ef50832add95be9c64f81ef75380ff08,0xc5d563a36ae78145c45a50134d48a1215220f80a,14987046218227329027080984029949561275408794766325730526435811581087168625932,0,2.1,1.9971,0.0,YES,2024-07-31 08:05:15+00:00,SELL,1.9971,2.1,0.951,0.951,0.049
0xb19737d4cf0ae521bf326f1016bc91246217cf681c4b0d17797a863cb38ddd32_0xdfeebfa2caf0e0cb8fdbb2b3f95bc79274c0bac065782773449e995c829fce4c,0xb19737d4cf0ae521bf326f1016bc91246217cf681c4b0d17797a863cb38ddd32,1722414400,0xfa1c66c8d0ec9115a5bfda4a9af57c44d3ba33c1,0xaee011eb707317645d7706b942d7ad34afc4f5eb,14987046218227329027080984029949561275408794766325730526435811581087168625932,0,0.031346,0.029998,0.0,YES,2024-07-31 08:26:40+00:00,SELL,0.029998,0.031346,0.9569961079563581,0.9569961079563581,0.043004
0xf16a42def0bd8b01050a6fb2ef641153d869d41466d8f12a1a5bba6ea994dbeb_0xdfeebfa2caf0e0cb8fdbb2b3f95bc79274c0bac065782773449e995c829fce4c,0xf16a42def0bd8b01050a6fb2ef641153d869d41466d8f12a1a5bba6ea994dbeb,1722415026,0xfa1c66c8d0ec9115a5bfda4a9af57c44d3ba33c1,0x79237e231574dbefc58e7b844ad9cf6b316372a7,14987046218227329027080984029949561275408794766325730526435811581087168625932,0,1.044931,0.999998,0.0,YES,2024-07-31 08:37:06+00:00,SELL,0.999998,1.044931,0.9569990745800441,0.9569990745800441,0.043001
0x78c6fbefab1783c40028d5065dcde9a5856aaf17d2378da9cf926454c77f035c_0xdfeebfa2caf0e0cb8fdbb2b3f95bc79274c0bac065782773449e995c829fce4c,0x78c6fbefab1783c40028d5065dcde9a5856aaf17d2378da9cf926454c77f035c,1722417046,0xfa1c66c8d0ec9115a5bfda4a9af57c44d3ba33c1,0xeb68c0e1808d7a762c4c2d07d2ced8d922943a21,14987046218227329027080984029949561275408794766325730526435811581087168625932,0,5.0,4.785,0.0,YES,2024-07-31 09:10:46+00:00,SELL,4.785,5.0,0.9570000000000001,0.9570000000000001,0.043
0x50e12586426e349a29b26c667f5fce3cd2a05664ce30be54067f2de6006a8401_0xdfeebfa2caf0e0cb8fdbb2b3f95bc79274c0bac065782773449e995c829fce4c,0x50e12586426e349a29b26c667f5fce3cd2a05664ce30be54067f2de6006a8401,1722417730,0xfa1c66c8d0ec9115a5bfda4a9af57c44d3ba33c1,0xc449e7593d00104cee02845423a2c7d8e9c6f3d5,14987046218227329027080984029949561275408794766325730526435811581087168625932,0,343.19,328.43283,0.0,YES,2024-07-31 09:22:10+00:00,SELL,328.43283,343.19,0.9570000000000001,0.9570000000000001,0.043
0x1adf4c031bd57b00b601da54cbd5fce81ec3789aff33c3e506a959dcddc9cc8e_0x46561940a0c37d292bfc7eb50029c5ae2dd81636a5a2f4144e7a8f38d1803433,0x1adf4c031bd57b00b601da54cbd5fce81ec3789aff33c3e506a959dcddc9cc8e,1722419384,0xc449e7593d00104cee02845423a2c7d8e9c6f3d5,0x3accaae193eda1c3737ecc1b0cd1b8dbfd0e47dd,0,14987046218227329027080984029949561275408794766325730526435811581087168625932,476.0,500.0,0.0,YES,2024-07-31 09:49:44+00:00,BUY,476.0,500.0,0.952,0.952,0.048
0xfdaf8dd0925711ab9c5749eca7f27980d37804563d9fcffc197477c9cc27d0d0_0xb0cff5770f028645829edc259ea2d14db5cbe6bff970ca48f76db3ffdd257d3b,0xfdaf8dd0925711ab9c5749eca7f27980d37804563d9fcffc197477c9cc27d0d0,1722419458,0xfe911a4e80ee71b47cd1ee690733ac4062e970ff,0x2ee629b7fc661e87ac57d749109070e4b26f438a,0,14987046218227329027080984029949561275408794766325730526435811581087168625932,9.51,10.0,0.0,YES,2024-07-31 09:50:58+00:00,BUY,9.51,10.0,0.951,0.951,0.049
0x1fc7e73c6a514f31de5212a853c469a9edef2358d1f3b2ad246bfc90756bff2b_0xf59753d358333668ce33dcd8756e9e8c018f4da1d8f124f4d672c83e22e07507,0x1fc7e73c6a514f31de5212a853c469a9edef2358d1f3b2ad246bfc90756bff2b,1722419990,0x36fe924f928f7cf5e5e75b76e33826b30f4ddf5a,0xc5d563a36ae78145c45a50134d48a1215220f80a,0,14987046218227329027080984029949561275408794766325730526435811581087168625932,99.999979,104.493186,0.0,YES,2024-07-31 09:59:50+00:00,BUY,99.999979,104.493186,0.95699999998086,0.95699999998086,0.043
0xf109c03bf977683800e22ee30b0d670e777fcfa23dfc1e71a43dda4daf50c355_0x4ec5b186af10526fd2e0fe5b75bab58d874360b92af4c776a9f2c912f2e41515,0xf109c03bf977683800e22ee30b0d670e777fcfa23dfc1e71a43dda4daf50c355,1722420710,0x4330a1e743568e1d82064a74c6bbf6fd55523511,0xc5d563a36ae78145c45a50134d48a1215220f80a,14987046218227329027080984029949561275408794766325730526435811581087168625932,0,1.04,0.98904,0.0,YES,2024-07-31 10:11:50+00:00,SELL,0.98904,1.04,0.951,0.951,0.049
0x9d2fe5ab07de44129fde74f58b8993a29c74c479e246b37a91077549ea63b83c_0x21f87d5c0a281cb6b794ca77e09fd1e0cc7b3160fd722202fc6633cdff102d52,0x9d2fe5ab07de44129fde74f58b8993a29c74c479e246b37a91077549ea63b83c,1722422949,0x22345001abcb6ae4f12651c065320c0beb93f600,0xc5d563a36ae78145c45a50134d48a1215220f80a,0,14987046218227329027080984029949561275408794766325730526435811581087168625932,28.999993,30.303023,0.0,YES,2024-07-31 10:49:09+00:00,BUY,28.999993,30.303023,0.9569999996369999,0.9569999996369999,0.043
0x7828dee2b77449915cb3d0458d21d9ead139d8d3c92c13fdbdc94495aaba4d87_0x9f86dff9b2d0a756ad4c31b2d772513f9f1b8b8f5474358916fee62ce35a594a,0x7828dee2b77449915cb3d0458d21d9ead139d8d3c92c13fdbdc94495aaba4d87,1722423465,0x6b7ec4ba079c0a258435ea36025f6190cd424562,0xa5337c068baae6e8a3100a0e12cf791c40be8448,0,14987046218227329027080984029949561275408794766325730526435811581087168625932,958.375102,1007.755101,0.0,YES,2024-07-31 10:57:45+00:00,BUY,958.375102,1007.755101,0.951000000941697,0.951000000941697,0.049
0x5308fdae5005f15e15ef6ce0704a5f36cf32ee0a49ddb73d40cb6dae48d63f8a_0x86c6e9c6a70dcdf509aed0b28245032f283925d51468ee8e1416189771cd5ce1,0x5308fdae5005f15e15ef6ce0704a5f36cf32ee0a49ddb73d40cb6dae48d63f8a,1722423693,0xc65e8816443985b1148f03b8aea249fb96861502,0xc5d563a36ae78145c45a50134d48a1215220f80a,0,14987046218227329027080984029949561275408794766325730526435811581087168625932,1413.82483,1476.19,0.0,YES,2024-07-31 11:01:33+00:00,BUY,1413.82483,1476.19,0.9577526131460042,0.9577526131460042,0.042247
0xb964fdd6b5210330e4f749140f337417753491a752dc07141e7b8a51c5e10475_0x0dc59c6fc667e1a46142fb80679d265bde2726e30ce1c12a2996d6a57a001784,0xb964fdd6b5210330e4f749140f337417753491a752dc07141e7b8a51c5e10475,1722424933,0x7d767ca4d91949a130a4a41f82cc399355d8c3c1,0xc5d563a36ae78145c45a50134d48a1215220f80a,14987046218227329027080984029949561275408794766325730526435811581087168625932,0,1.05,0.99855,0.0,YES,2024-07-31 11:22:13+00:00,SELL,0.99855,1.05,0.951,0.951,0.049
0x2456473c0514a643fc313e53dcbec6a1e3b32702b6037d75b7dd7ca4c66f601d_0xc13dcfb4c697d91906c267016c495d658b26f963ee36b8313b17ff01297e1542,0x2456473c0514a643fc313e53dcbec6a1e3b32702b6037d75b7dd7ca4c66f601d,1722426079,0xf55787e6786979837cbbe47a12e7b66572de8f82,0xc5d563a36ae78145c45a50134d48a1215220f80a,14987046218227329027080984029949561275408794766325730526435811581087168625932,0,2.1,1.9992,0.0,YES,2024-07-31 11:41:19+00:00,SELL,1.9992,2.1,0.952,0.952,0.048
0x3b33089b888c33b222aa658b7876c2015fe575e2199d6d43d573c4d3db0ccb04_0x2ef9b7f24cd8a7cbf484d11edbdd826bcb96f961659e67606891de0c8f6b2bfe,0x3b33089b888c33b222aa658b7876c2015fe575e2199d6d43d573c4d3db0ccb04,1722426867,0x96b59f71f635da5da031e3e93448c54fe226f5e7,0x614d9bfe96a311a79c71984e968e8f7dce933269,14987046218227329027080984029949561275408794766325730526435811581087168625932,0,25.816114,24.989998,0.0,YES,2024-07-31 11:54:27+00:00,SELL,24.989998,25.816114,0.9679999863651052,0.9679999863651052,0.032
0xf593f1c07f191a883475bb3236609c1d8366afe965af04b11b46962720d571af_0x2ef9b7f24cd8a7cbf484d11edbdd826bcb96f961659e67606891de0c8f6b2bfe,0xf593f1c07f191a883475bb3236609c1d8366afe965af04b11b46962720d571af,1722429691,0x96b59f71f635da5da031e3e93448c54fe226f5e7,0x743848257bffb0dd616ae0e8cb98e098f06e57e7,14987046218227329027080984029949561275408794766325730526435811581087168625932,0,867.295019,839.541578,0.0,YES,2024-07-31 12:41:31+00:00,SELL,839.541578,867.295019,0.96799999954802,0.96799999954802,0.032
0xf4dd2d3235fed44fdb3a619fdbe183940c79d383235295f84b9f9c1fb17894b4_0xd54cd4e3a3481f02d1226a8d65f74d5f837fe45ca249041bf18af5b4695135ba,0xf4dd2d3235fed44fdb3a619fdbe183940c79d383235295f84b9f9c1fb17894b4,1722429781,0x743848257bffb0dd616ae0e8cb98e098f06e57e7,0xc5d563a36ae78145c45a50134d48a1215220f80a,14987046218227329027080984029949561275408794766325730526435811581087168625932,0,2588.55,2461.62725,0.0,YES,2024-07-31 12:43:01+00:00,SELL,2461.62725,2588.55,0.950967626663576,0.950967626663576,0.049032
0xef3a522b262c8c489670460faa4354628446cc7cba4d1b534c4af94f2e65a6c9_0x41a1b3e7e24b780f14a8a05df7803b4b88e84f5a0bad70a42df833a52dbd6f1f,0xef3a522b262c8c489670460faa4354628446cc7cba4d1b534c4af94f2e65a6c9,1722431025,0x8a7b576b7a53ef54876f9eca18bcd84f12d8782f,0xe8a15ec7af8397a90c93e438b24450cb8942c530,0,14987046218227329027080984029949561275408794766325730526435811581087168625932,95.3,100.0,0.0,YES,2024-07-31 13:03:45+00:00,BUY,95.3,100.0,0.953,0.953,0.047
0xfd691d17ab05a6a3741c09c17a2f4be72cce3b6e2d0f4253d6607c3915131d0a_0x5d938cb1b5021a59f7ad1a1e2356eb2b222c4f2148c3cac196b74e622ac140f4,0xfd691d17ab05a6a3741c09c17a2f4be72cce3b6e2d0f4253d6607c3915131d0a,1722431343,0xeaf1c7c7ee9b1c8b3fb1086e5c3680f8a38e76a0,0xc5d563a36ae78145c45a50134d48a1215220f80a,0,14987046218227329027080984029949561275408794766325730526435811581087168625932,4.179995,4.327117,0.0,YES,2024-07-31 13:09:03+00:00,BUY,4.179995,4.327117,0.9659999949157834,0.9659999949157834,0.034
0xa2805bded8a0299b097a6d1abf40fc3414f94aa02482fbec558ad83967d7a47b_0x3e9bf5da9807f8777945f167e5191bead1c87cc339830caddcd879d83bfde702,0xa2805bded8a0299b097a6d1abf40fc3414f94aa02482fbec558ad83967d7a47b,1722431749,0x8a7b576b7a53ef54876f9eca18bcd84f12d8782f,0x9cb3d1c1fb1cd1d74528357e87d8987f99ad0899,0,14987046218227329027080984029949561275408794766325730526435811581087168625932,47.7,50.0,0.0,YES,2024-07-31 13:15:49+00:00,BUY,47.7,50.0,0.9540000000000001,0.9540000000000001,0.046
0x1873e2c43fba630255cc3dc7ff2b7c2a7aaada5dd0bb051aecc77ad11127fa44_0x45bf73c51b791d735cc4a3a232c9e04ea377651e4181433931bf228031641376,0x1873e2c43fba630255cc3dc7ff2b7c2a7aaada5dd0bb051aecc77ad11127fa44,1722432249,0x4a9f2c717c03c399b51aa654dd918076b797f35c,0xc5d563a36ae78145c45a50134d48a1215220f80a,0,14987046218227329027080984029949561275408794766325730526435811581087168625932,0.999988,1.036257,0.0,YES,2024-07-31 13:24:09+00:00,BUY,0.999988,1.036257,0.9649999951749422,0.9649999951749422,0.035
0xd21b6897173057d6d0700402796b8c12a3487d82f526c922d241e2fd52527ac4_0xb3f7d0c045ab86b67d5828318228b3aae8c3c168a76e8620ae06530f8f0a94e2,0xd21b6897173057d6d0700402796b8c12a3487d82f526c922d241e2fd52527ac4,1722432469,0x25c04b85aee20c8984f7e0265773c6794861cfc7,0xc5d563a36ae78145c45a50134d48a1215220f80a,0,14987046218227329027080984029949561275408794766325730526435811581087168625932,324.349982,336.113971,0.0,YES,2024-07-31 13:27:49+00:00,BUY,324.349982,336.113971,0.9649999999553723,0.9649999999553723,0.035
0xb4118692c2e0ce117f657c40d63be66587d797de67f5be5775507f2a8dde1e32_0x9b2f9f1c6f03c895310311866ad4ccda4880cc81d6900cb42064a1e45e31879b,0xb4118692c2e0ce117f657c40d63be66587d797de67f5be5775507f2a8dde1e32,1722432647,0xe6d6864e4b30e3eec30248a3387e2d9717bf810b,0xc5d563a36ae78145c45a50134d48a1215220f80a,14987046218227329027080984029949561275408794766325730526435811581087168625932,0,1.05,1.00065,0.0,YES,2024-07-31 13:30:47+00:00,SELL,1.00065,1.05,0.953,0.953,0.047
0x3ece384ed423e8d3ba83473920be3c87a006652aac409edf35a77f84e6df2d09_0x0898d924a90231ae8165252842073d19b6d5d5b2d4c37cd9396c74d37efdeae3,0x3ece384ed423e8d3ba83473920be3c87a006652aac409edf35a77f84e6df2d09,1722433571,0xfe911a4e80ee71b47cd1ee690733ac4062e970ff,0x6c380a004ec58f6a3192bce8e1d5cba99b24d6cb,0,14987046218227329027080984029949561275408794766325730526435811581087168625932,682.56,720.0,0.0,YES,2024-07-31 13:46:11+00:00,BUY,682.56,720.0,0.948,0.948,0.052
0xade901b80c03ec7693e001dd21adec00c336870e0d074f96250c2362e2c42aa3_0x2e244411a74ad6eb69d34e4a224c3358cedf12bea85d973361a61d08d694a05f,0xade901b80c03ec7693e001dd21adec00c336870e0d074f96250c2362e2c42aa3,1722434147,0x6b7ec4ba079c0a258435ea36025f6190cd424562,0xe946529b64861a4b670cd7b9b71de191be184cc4,14987046218227329027080984029949561275408794766325730526435811581087168625932,0,419.087135,403.999998,0.0,YES,2024-07-31 13:55:47+00:00,SELL,403.999998,419.087135,0.9639999996659406,0.9639999996659406,0.036
0x0b135e31abab1ebca8e971a4630dd9596277b186a26c00205249e6be64e81e2f_0x2ef9b7f24cd8a7cbf484d11edbdd826bcb96f961659e67606891de0c8f6b2bfe,0x0b135e31abab1ebca8e971a4630dd9596277b186a26c00205249e6be64e81e2f,1722434631,0x96b59f71f635da5da031e3e93448c54fe226f5e7,0x6c380a004ec58f6a3192bce8e1d5cba99b24d6cb,14987046218227329027080984029949561275408794766325730526435811581087168625932,0,106.88,103.45984,0.0,YES,2024-07-31 14:03:51+00:00,SELL,103.45984,106.88,0.9680000000000001,0.9680000000000001,0.032
0x334545bfb2189425c4a61a1d9d00c90d2f9d93f6379117db1d36d2f150be3ac4_0xfef65667d1bbf3d47578a178428ae6f55a2f0a804f903c4afe5e6efc956d4eb4,0x334545bfb2189425c4a61a1d9d00c90d2f9d93f6379117db1d36d2f150be3ac4,1722434679,0x6c380a004ec58f6a3192bce8e1d5cba99b24d6cb,0xc5d563a36ae78145c45a50134d48a1215220f80a,0,14987046218227329027080984029949561275408794766325730526435811581087168625932,999.999975,1025.641,0.0,YES,2024-07-31 14:04:39+00:00,BUY,999.999975,1025.641,0.9749999999999999,0.9749999999999999,0.025
0x8b3686e9ae69b35d5ccaad9eff2d15398e87e0798f03aafefb8d10be07fc12b7_0x232836b0530bada02cd6d9fa33cd6dd5e91c7fd95680f731698560215ab0475f,0x8b3686e9ae69b35d5ccaad9eff2d15398e87e0798f03aafefb8d10be07fc12b7,1722434807,0xa61e0a54c8e5a02a929a43fc9b254f16aacb2c96,0xc5d563a36ae78145c45a50134d48a1215220f80a,14987046218227329027080984029949561275408794766325730526435811581087168625932,0,1.05,1.0038,0.0,YES,2024-07-31 14:06:47+00:00,SELL,1.0038,1.05,0.956,0.956,0.044
0x6f7fc5d56f56396037fd60827ae42b8455a6e95463823c0a0336730f950b58c3_0xcf3aedf8d46091bbcdafdf70511ab2a60157ae42417cf53f5af07890415a7e7a,0x6f7fc5d56f56396037fd60827ae42b8455a6e95463823c0a0336730f950b58c3,1722434853,0x20df24c08f560b8a01cfa09dc4d2ed002dd878b4,0xc5d563a36ae78145c45a50134d48a1215220f80a,0,14987046218227329027080984029949561275408794766325730526435811581087168625932,9.99999,10.2564,0.0,YES,2024-07-31 14:07:33+00:00,BUY,9.99999,10.2564,0.9750000000000001,0.9750000000000001,0.025
0x1fc37870af9b4d003e47c6dc954c1d84c8e11079ac4364f11b6d07d2f807aae9_0x9fdfd827894703efef800ff9120932143207174edc846ebca9402ac0c8e475e0,0x1fc37870af9b4d003e47c6dc954c1d84c8e11079ac4364f11b6d07d2f807aae9,1722435519,0xeb6f0a13ea8c5a7a0514c25495adbe815c1025f0,0xd8e1d69514ac835016a2d4ec949738d40b5b3109,0,14987046218227329027080984029949561275408794766325730526435811581087168625932,406.127142,420.857141,0.0,YES,2024-07-31 14:18:39+00:00,BUY,406.127142,420.857141,0.9650000022216565,0.9650000022216565,0.035
0x86a16f95bbcd7cfe612769194a7ce3adddcc52a650e42ff54a4955b879a5b675_0x9fdfd827894703efef800ff9120932143207174edc846ebca9402ac0c8e475e0,0x86a16f95bbcd7cfe612769194a7ce3adddcc52a650e42ff54a4955b879a5b675,1722435821,0xeb6f0a13ea8c5a7a0514c25495adbe815c1025f0,0xe8a15ec7af8397a90c93e438b24450cb8942c530,0,14987046218227329027080984029949561275408794766325730526435811581087168625932,1378.571428,1428.571427,0.0,YES,2024-07-31 14:23:41+00:00,BUY,1378.571428,1428.571427,0.9650000006614999,0.9650000006614999,0.035
0xa8063b5c174ad8a3e098b9c30f11ffe160eca7ff3de6b64a0ee1b6f90ca5e4d6_0x60269f373eebb9b84dcf936513624a3df6458c098736caed38b7bd43607289af,0xa8063b5c174ad8a3e098b9c30f11ffe160eca7ff3de6b64a0ee1b6f90ca5e4d6,1722436023,0x8bbae46e91c74557bb1a64e9c96279ece03d9b86,0x020ace89136aa5421c4416be027466e2953c2bca,71914038773350234130553415116948415426792971631252265695143324140554345804068,0,277.777776,9.999999,0.0,NO,2024-07-31 14:27:03+00:00,SELL,9.999999,277.777776,0.03599999663039998,0.964,0.03599999663039998
0xc224e82ce2a5c6d83b144a118294ca03a6618ae8ee4b139bdd19950c2478ddda_0x60269f373eebb9b84dcf936513624a3df6458c098736caed38b7bd43607289af,0xc224e82ce2a5c6d83b144a118294ca03a6618ae8ee4b139bdd19950c2478ddda,1722436105,0x8bbae46e91c74557bb1a64e9c96279ece03d9b86,0x4ce73141dbfce41e65db3723e31059a730f0abad,71914038773350234130553415116948415426792971631252265695143324140554345804068,0,398.08,14.33088,0.0,NO,2024-07-31 14:28:25+00:00,SELL,14.33088,398.08,0.036000000000000004,0.964,0.036000000000000004
0x1d77b805a79a124b17e869655267e031b3213c9a8b385223207a413950d328d1_0xe197e1c0dee9ad2ce5bbd9dbf610631a68f531fbe8811b9cc8cec52d603cf7d9,0x1d77b805a79a124b17e869655267e031b3213c9a8b385223207a413950d328d1,1722436205,0xa1731cd2ce586cf120acc59efdb33cdc305b29c0,0xc5d563a36ae78145c45a50134d48a1215220f80a,0,14987046218227329027080984029949561275408794766325730526435811581087168625932,4.999995,5.1282,0.0,YES,2024-07-31 14:30:05+00:00,BUY,4.999995,5.1282,0.9750000000000001,0.9750000000000001,0.025
0x67770245c56e6f5f0564a430e4312a22cd0991a78f9301c7f4e3a606bbb1f506_0x3b59bb4a30f08e382e40e1800292a7d795bcb258ce07c1d18357ee81d0a733ce,0x67770245c56e6f5f0564a430e4312a22cd0991a78f9301c7f4e3a606bbb1f506,1722436267,0x7d149791e893539f503c3a15d35ac5329e8fcf61,0xc5d563a36ae78145c45a50134d48a1215220f80a,0,14987046218227329027080984029949561275408794766325730526435811581087168625932,9.99999,10.2564,0.0,YES,2024-07-31 14:31:07+00:00,BUY,9.99999,10.2564,0.9750000000000001,0.9750000000000001,0.025
0x68055fa54093634ca63e66a567ca877bdf4fede26e6ff1b49ef922a8f8faf971_0x60269f373eebb9b84dcf936513624a3df6458c098736caed38b7bd43607289af,0x68055fa54093634ca63e66a567ca877bdf4fede26e6ff1b49ef922a8f8faf971,1722436525,0x8bbae46e91c74557bb1a64e9c96279ece03d9b86,0x1001e39c215a6ab50eb22df211e46ee5b814f3f0,71914038773350234130553415116948415426792971631252265695143324140554345804068,0,277.777776,9.999999,0.0,NO,2024-07-31 14:35:25+00:00,SELL,9.999999,277.777776,0.03599999663039998,0.964,0.03599999663039998
0x0dec43a2b572c8600ba63a07d4ba8a40396b53fbbea10e23a818c1930309eb39_0xee223d4dc1b629f2fe519d68322c418bf9535dce859da78059464239f9e787d6,0x0dec43a2b572c8600ba63a07d4ba8a40396b53fbbea10e23a818c1930309eb39,1722438717,0xfa1c66c8d0ec9115a5bfda4a9af57c44d3ba33c1,0x80d8dddcfdc075eb70f6d2d774a27bfb255ab703,0,14987046218227329027080984029949561275408794766325730526435811581087168625932,243.25,250.0,0.0,YES,2024-07-31 15:11:57+00:00,BUY,243.25,250.0,0.973,0.973,0.027
0x2c633e6ddab8aa735467658e352cd67950463375be685efbcbaea14de5a2c67f_0x60fc17b13683ca1b2899cb43b37b2805ffd8f0f85e86fbefa3b12d66fde2dd73,0x2c633e6ddab8aa735467658e352cd67950463375be685efbcbaea14de5a2c67f,1722438805,0x8bbae46e91c74557bb1a64e9c96279ece03d9b86,0x31bdd948877423ca9788e09074f6fa13d1a4c06a,71914038773350234130553415116948415426792971631252265695143324140554345804068,0,5.0,0.14,0.0,NO,2024-07-31 15:13:25+00:00,SELL,0.14,5.0,0.028000000000000004,0.972,0.028000000000000004
0x0699ecc0f535ae706c43cbdd1ead4b12208a7896625cc45bfa3755e89617c189_0xdf9fe99a2256b26bffe36de928eb49082d47e03599044a7521b802a46273a2b8,0x0699ecc0f535ae706c43cbdd1ead4b12208a7896625cc45bfa3755e89617c189,1722438891,0xfa1c66c8d0ec9115a5bfda4a9af57c44d3ba33c1,0xeb6f0a13ea8c5a7a0514c25495adbe815c1025f0,14987046218227329027080984029949561275408794766325730526435811581087168625932,0,250.02,243.51948,0.0,YES,2024-07-31 15:14:51+00:00,SELL,243.51948,250.02,0.9739999999999999,0.9739999999999999,0.026
0xbe0b830502c4344166d9aece3705860649741859a81a6de67b5457aa2daa8855_0x5802a38b5875425eb8114358a2df31f3fdc8be9b7351dba4ceaac8ff4dd6b0b6,0xbe0b830502c4344166d9aece3705860649741859a81a6de67b5457aa2daa8855,1722439001,0xc449e7593d00104cee02845423a2c7d8e9c6f3d5,0xc5d563a36ae78145c45a50134d48a1215220f80a,0,14987046218227329027080984029949561275408794766325730526435811581087168625932,253.7145,260.22,0.0,YES,2024-07-31 15:16:41+00:00,BUY,253.7145,260.22,0.9749999999999999,0.9749999999999999,0.025
0x6a92cb7862d4cf1c638caf516c2fa7e6dc3e926609a810ff7d6ecd442d25e530_0x3155ec645b201aa5d8d2b5c70d9ee95cd233307e19a04351836646e9abf21966,0x6a92cb7862d4cf1c638caf516c2fa7e6dc3e926609a810ff7d6ecd442d25e530,1722439071,0xdcc9d68a4bad9fc8becd27a03ee5b2b4feda4534,0xeb6f0a13ea8c5a7a0514c25495adbe815c1025f0,14987046218227329027080984029949561275408794766325730526435811581087168625932,0,19706.51,19272.96678,0.0,YES,2024-07-31 15:17:51+00:00,SELL,19272.96678,19706.51,0.978,0.978,0.022
0xca4d0bab870402e2835ab952a76946b6a40985b3934d8692d060cd7f4bcb3a8f_0x21478a4da358eae96986874c133410d292953cded6a4e9b211ac67b7a38dc44b,0xca4d0bab870402e2835ab952a76946b6a40985b3934d8692d060cd7f4bcb3a8f,1722440189,0x1fd8fd0cb1e923e9a6d44078909459360fc3741b,0xc5d563a36ae78145c45a50134d48a1215220f80a,14987046218227329027080984029949561275408794766325730526435811581087168625932,0,2797.8,2722.5094,0.0,YES,2024-07-31 15:36:29+00:00,SELL,2722.5094,2797.8,0.9730893559225104,0.9730893559225104,0.026911
0xc5f07ab1e70e1a65c50bde55d00ed82cc4761b1223fa5696522dbf0848107676_0x0ae90c6b222a7827b2a2f5e1d62b3ebe90ab02f10691bd88aa48d4d409f77ecb,0xc5f07ab1e70e1a65c50bde55d00ed82cc4761b1223fa5696522dbf0848107676,1722440573,0x509587cbb541251c74f261df3421f1fcc9fdc97c,0x013e6c75313d880786fdb71e8dcd0eface1ef6a5,0,14987046218227329027080984029949561275408794766325730526435811581087168625932,82.534184,84.824443,0.0,YES,2024-07-31 15:42:53+00:00,BUY,82.534184,84.824443,0.9730000113292815,0.9730000113292815,0.027
0x9a3539bdd7ee55fa615c7d22f01edeaffaaa71dfb5c5dcb78ac12b0538b072dd_0x75a7192dec14a045b488ecb716376bba1fb590cfdd64c88c40acbf3f85eda23d,0x9a3539bdd7ee55fa615c7d22f01edeaffaaa71dfb5c5dcb78ac12b0538b072dd,1722440911,0x9f83f83bdfc209c6fade8a2c77ea9667e9176cd9,0xd72753dae1cb01011c1e69af78ee1f9494bbecce,14987046218227329027080984029949561275408794766325730526435811581087168625932,0,55.33,53.89142,0.0,YES,2024-07-31 15:48:31+00:00,SELL,53.89142,55.33,0.974,0.974,0.026
0x3f0bf96e3895d451c095c51a4cd7f8b7172532173dc171bf497a65125838f781_0x75a7192dec14a045b488ecb716376bba1fb590cfdd64c88c40acbf3f85eda23d,0x3f0bf96e3895d451c095c51a4cd7f8b7172532173dc171bf497a65125838f781,1722441275,0x9f83f83bdfc209c6fade8a2c77ea9667e9176cd9,0xd72753dae1cb01011c1e69af78ee1f9494bbecce,14987046218227329027080984029949561275408794766325730526435811581087168625932,0,718.59,699.90666,0.0,YES,2024-07-31 15:54:35+00:00,SELL,699.90666,718.59,0.974,0.974,0.026
0xcdc0e0ee228a4de88ddc8afc4be7f54f388a52556855ff42822f497d98b560a6_0x3b66d33efac1039e045d5c1e6f1438bced3981c97a3673e094112028f73816a5,0xcdc0e0ee228a4de88ddc8afc4be7f54f388a52556855ff42822f497d98b560a6,1722442421,0x3761d872f16b32864f5f7f2a0a308af4e826c364,0xc5d563a36ae78145c45a50134d48a1215220f80a,0,14987046218227329027080984029949561275408794766325730526435811581087168625932,9.77,10.0,0.0,YES,2024-07-31 16:13:41+00:00,BUY,9.77,10.0,0.977,0.977,0.023
0x30bfd20a62060ddc372160bdc090253f528c25a4a830f2a50b521ed14dacb960_0x1e41c419a6cbb9d06a40f0599a0310699fc9a29c4c21710da0943037bcc8bc3f,0x30bfd20a62060ddc372160bdc090253f528c25a4a830f2a50b521ed14dacb960,1722442615,0x62f80a663a4d94efa06843002ff5d512ca7f7737,0xc5d563a36ae78145c45a50134d48a1215220f80a,14987046218227329027080984029949561275408794766325730526435811581087168625932,0,106.01,103.35975,0.0,YES,2024-07-31 16:16:55+00:00,SELL,103.35975,106.01,0.975,0.975,0.025
0x0beb791a516b46ef33fcd003c6aa4aaa40fb231cc59ee9aaa878b5e49406ec9d_0xee8ae3fd15a6c90948f9b385ca8072b277a5c2f8ea8969e613b5945d715dcac9,0x0beb791a516b46ef33fcd003c6aa4aaa40fb231cc59ee9aaa878b5e49406ec9d,1722443239,0xf9709ea3dfec6a1706586c877a10fdc4faebadfd,0xc5d563a36ae78145c45a50134d48a1215220f80a,0,14987046218227329027080984029949561275408794766325730526435811581087168625932,1417.24597,1450.61,0.0,YES,2024-07-31 16:27:19+00:00,BUY,1417.24597,1450.61,0.977,0.977,0.023
0x4201a5b5dbabab3655c21eaf8ff5b17434371d573e3e9b0a1acd0b31c69b94a3_0xb4e1539cb52e8cf7ebf2687c0ce53afceda8368b5189a2a6f2c1c9365946f83c,0x4201a5b5dbabab3655c21eaf8ff5b17434371d573e3e9b0a1acd0b31c69b94a3,1722443417,0xeb6f0a13ea8c5a7a0514c25495adbe815c1025f0,0xc5d563a36ae78145c45a50134d48a1215220f80a,14987046218227329027080984029949561275408794766325730526435811581087168625932,0,2893.99,2821.64025,0.0,YES,2024-07-31 16:30:17+00:00,SELL,2821.64025,2893.99,0.9750000000000001,0.9750000000000001,0.025
0xbf90ee3bcc43a55e71a6e3d52b4802949faef1068bc616966e40699709c049b9_0xfc16f21b0c7f585905e43b901bf54197a32762065fc7db82d0029e194f7709dd,0xbf90ee3bcc43a55e71a6e3d52b4802949faef1068bc616966e40699709c049b9,1722443459,0xfa1c66c8d0ec9115a5bfda4a9af57c44d3ba33c1,0x3cf3e8d5427aed066a7a5926980600f6c3cf87b3,0,14987046218227329027080984029949561275408794766325730526435811581087168625932,242.75,250.0,0.0,YES,2024-07-31 16:30:59+00:00,BUY,242.75,250.0,0.971,0.971,0.029
0x9efb51c5c2f774bcfcd6d98bc0dce19150dec7c3002169108ce95143407ac10b_0xbc31d33eae4dd8ef6424e293f077912c8462d93cf03f21c07e032da35f364abe,0x9efb51c5c2f774bcfcd6d98bc0dce19150dec7c3002169108ce95143407ac10b,1722444185,0xfa1c66c8d0ec9115a5bfda4a9af57c44d3ba33c1,0x885e6e557889282767534779fd51c26ff4b292fe,14987046218227329027080984029949561275408794766325730526435811581087168625932,0,11.139629,10.849998,0.0,YES,2024-07-31 16:43:05+00:00,SELL,10.849998,11.139629,0.9739999420088407,0.9739999420088407,0.026
0x349aae25b7dca1635559fb53206ef569dd94e97b9627398c352e6cd7b2a2c464_0xbc9250718bee9780f05bfffaf0a038456a7015288280050c8e9f7f77fa2f951c,0x349aae25b7dca1635559fb53206ef569dd94e97b9627398c352e6cd7b2a2c464,1722444769,0xdcc9d68a4bad9fc8becd27a03ee5b2b4feda4534,0xde242261bcd8d4320113f12230da34d705ca25a8,0,14987046218227329027080984029949561275408794766325730526435811581087168625932,2919.0,3000.0,0.0,YES,2024-07-31 16:52:49+00:00,BUY,2919.0,3000.0,0.973,0.973,0.027
0x91a0747117c496a64719ffe74d53e9bfabbe7ce42004414cddb2feaa8d419256_0xbc31d33eae4dd8ef6424e293f077912c8462d93cf03f21c07e032da35f364abe,0x91a0747117c496a64719ffe74d53e9bfabbe7ce42004414cddb2feaa8d419256,1722444815,0xfa1c66c8d0ec9115a5bfda4a9af57c44d3ba33c1,0x97c62501f2ec1a86503f00dfb889a01b42855a6a,14987046218227329027080984029949561275408794766325730526435811581087168625932,0,102.607801,99.939998,0.0,YES,2024-07-31 16:53:35+00:00,SELL,99.939998,102.607801,0.9739999983042226,0.9739999983042226,0.026
0x6d86574eb343d4114d446790bd35de24ffaad5cc49249c46c1de8f228ee7388c_0x18165d355d76ff1c6e3d0337d1d85614e0c3bea781e425a58ddbf27c716ad35d,0x6d86574eb343d4114d446790bd35de24ffaad5cc49249c46c1de8f228ee7388c,1722444845,0xaf0644b6c471fca1ae8e2de248dc7a5e008d61d8,0xde242261bcd8d4320113f12230da34d705ca25a8,0,14987046218227329027080984029949561275408794766325730526435811581087168625932,74.34828,76.49,0.0,YES,2024-07-31 16:54:05+00:00,BUY,74.34828,76.49,0.9720000000000001,0.9720000000000001,0.028
0x6bc9f266df9d211884b2bb915d89a8ef260bf9bf0a5e11942731fbfb6676aa99_0xf7da1de86dae273669831145808ce8f4c0d382f64151f29aead15289447c7e58,0x6bc9f266df9d211884b2bb915d89a8ef260bf9bf0a5e11942731fbfb6676aa99,1722444995,0xdcc9d68a4bad9fc8becd27a03ee5b2b4feda4534,0xde242261bcd8d4320113f12230da34d705ca25a8,0,14987046218227329027080984029949561275408794766325730526435811581087168625932,1946.0,2000.0,0.0,YES,2024-07-31 16:56:35+00:00,BUY,1946.0,2000.0,0.973,0.973,0.027
0x0e3320a8f9fcdaeaa697a65918b5b9b7aadbf51ea104afe5f39502204d7329d1_0x57fd2840d04916d502e8c8e2f24ee630ba94edf28049c7765aae5f27bce2e605,0x0e3320a8f9fcdaeaa697a65918b5b9b7aadbf51ea104afe5f39502204d7329d1,1722445045,0xfa1c66c8d0ec9115a5bfda4a9af57c44d3ba33c1,0xdcc9d68a4bad9fc8becd27a03ee5b2b4feda4534,14987046218227329027080984029949561275408794766325730526435811581087168625932,0,136.25,132.435,0.0,YES,2024-07-31 16:57:25+00:00,SELL,132.435,136.25,0.972,0.972,0.028
0x3d72b1ba1d347add960eacc7ca051ac28b306461810f7a4dac993f355cb95a00_0x920530e679e745384e9baf01f287c6eedc7d7cc19b936f368e9288ca362b682c,0x3d72b1ba1d347add960eacc7ca051ac28b306461810f7a4dac993f355cb95a00,1722445217,0xfa1c66c8d0ec9115a5bfda4a9af57c44d3ba33c1,0xde242261bcd8d4320113f12230da34d705ca25a8,0,14987046218227329027080984029949561275408794766325730526435811581087168625932,242.75,250.0,0.0,YES,2024-07-31 17:00:17+00:00,BUY,242.75,250.0,0.971,0.971,0.029
0x854817de5d572350f2d912e16bb775bddaa29bb8bc15c75785854c567bbcae4f_0x4b1f7a41c88b4ee59a5d1e79e1e88909d921fcce86b2e5b60995a57ee3449972,0x854817de5d572350f2d912e16bb775bddaa29bb8bc15c75785854c567bbcae4f,1722445327,0xfe911a4e80ee71b47cd1ee690733ac4062e970ff,0xde242261bcd8d4320113f12230da34d705ca25a8,0,14987046218227329027080984029949561275408794766325730526435811581087168625932,696.24,720.0,0.0,YES,2024-07-31 17:02:07+00:00,BUY,696.24,720.0,0.967,0.967,0.033
0x83e6ffdfc5869c132bae2c8621f4c764d7ae48a237321018839f2391e2713492_0xa44f1a8166d497c65cabcaf92356ce042baabdfbae40b52702f3476019ebf466,0x83e6ffdfc5869c132bae2c8621f4c764d7ae48a237321018839f2391e2713492,1722445497,0xfa1c66c8d0ec9115a5bfda4a9af57c44d3ba33c1,0xe5c8026239919339b988fdb150a7ef4ea196d3e7,14987046218227329027080984029949561275408794766325730526435811581087168625932,0,250.0,243.0,0.0,YES,2024-07-31 17:04:57+00:00,SELL,243.0,250.0,0.972,0.972,0.028
0x15b5c35004bcb186c5eba6e670f16af5ae17cc91e764d09d6c5640a308823505_0xb4b34604d8470171528399cc75de7d7b69df0ac466c8c01f1cf7789b1a431407,0x15b5c35004bcb186c5eba6e670f16af5ae17cc91e764d09d6c5640a308823505,1722445539,0xe5c8026239919339b988fdb150a7ef4ea196d3e7,0xb49f468c15c49783f2664c7198a4949ade1b12e6,0,14987046218227329027080984029949561275408794766325730526435811581087168625932,9.77,10.0,0.0,YES,2024-07-31 17:05:39+00:00,BUY,9.77,10.0,0.977,0.977,0.023
0x614e432d7bfd268f4c6719aaebe70507136f66ad705201b827e40cb2f47bfc23_0xb4b34604d8470171528399cc75de7d7b69df0ac466c8c01f1cf7789b1a431407,0x614e432d7bfd268f4c6719aaebe70507136f66ad705201b827e40cb2f47bfc23,1722445541,0xe5c8026239919339b988fdb150a7ef4ea196d3e7,0xb49f468c15c49783f2664c7198a4949ade1b12e6,0,14987046218227329027080984029949561275408794766325730526435811581087168625932,9.77,10.0,0.0,YES,2024-07-31 17:05:41+00:00,BUY,9.77,10.0,0.977,0.977,0.023
0x2ff2af779e158c6ea3f88cd2feb09838b6c8e00dacab460179473811f16b82a0_0xafb4910c04d621b461ec6d03a72051c757c30be50fdaef4235a846af7dc8f2cd,0x2ff2af779e158c6ea3f88cd2feb09838b6c8e00dacab460179473811f16b82a0,1722445681,0xe4e5c1773a9dc2596c2e57fcacc0bdd2bce93013,0xc5d563a36ae78145c45a50134d48a1215220f80a,14987046218227329027080984029949561275408794766325730526435811581087168625932,0,990.0,967.23,0.0,YES,2024-07-31 17:08:01+00:00,SELL,967.23,990.0,0.977,0.977,0.023
0x19fd388f079c30c2fe3e9895db8d29349f236c8b460d30755545296f2efa3125_0xb2cc3c449bd87eef61c4c33b4abe40b882adef4704eadfd75c072ce8fb102878,0x19fd388f079c30c2fe3e9895db8d29349f236c8b460d30755545296f2efa3125,1722445807,0xe4e5c1773a9dc2596c2e57fcacc0bdd2bce93013,0xc5d563a36ae78145c45a50134d48a1215220f80a,14987046218227329027080984029949561275408794766325730526435811581087168625932,0,500.0,488.5,0.0,YES,2024-07-31 17:10:07+00:00,SELL,488.5,500.0,0.977,0.977,0.023
0x0c9986ca6218dc9c32be101da412673d9346cc8e904d37e02525ccbe8785b8bf_0xb4b34604d8470171528399cc75de7d7b69df0ac466c8c01f1cf7789b1a431407,0x0c9986ca6218dc9c32be101da412673d9346cc8e904d37e02525ccbe8785b8bf,1722445853,0xe5c8026239919339b988fdb150a7ef4ea196d3e7,0xe4e5c1773a9dc2596c2e57fcacc0bdd2bce93013,0,14987046218227329027080984029949561275408794766325730526435811581087168625932,2665.7445,2728.5,0.0,YES,2024-07-31 17:10:53+00:00,BUY,2665.7445,2728.5,0.9769999999999999,0.9769999999999999,0.023
0x6f8f0c07336d3914f8b33601f366606f00614e1e6979020cd028e7c3c4b26522_0x04742bd5c54cac8f19e201cf99535f2fc5341312ddb68eee7390a493f61fc9ea,0x6f8f0c07336d3914f8b33601f366606f00614e1e6979020cd028e7c3c4b26522,1722446009,0xae8cd9d91a1a05ad1fe6e6917a7a610e3d90fae7,0xc5d563a36ae78145c45a50134d48a1215220f80a,0,14987046218227329027080984029949561275408794766325730526435811581087168625932,2.039956,2.083714,0.0,YES,2024-07-31 17:13:29+00:00,BUY,2.039956,2.083714,0.9789999971205262,0.9789999971205262,0.021
0x93dbacf3d58ea663ef17e48866ad8d4ce13d3e29eadc22522f777e3ce43f1cdc_0x7cf47038032f53de8ca9f0716d25aa4ab79af0353bfc42f433c356c32c986db9,0x93dbacf3d58ea663ef17e48866ad8d4ce13d3e29eadc22522f777e3ce43f1cdc,1722446111,0x1618fce353459ae32eb7989f6d4472540631a456,0xc5d563a36ae78145c45a50134d48a1215220f80a,0,14987046218227329027080984029949561275408794766325730526435811581087168625932,68.53,70.0,0.0,YES,2024-07-31 17:15:11+00:00,BUY,68.53,70.0,0.979,0.979,0.021
0xb7e0fd57b9d19dc96b74eed58925346679acace296aa81465dee175b6343ceaf_0x7f7090c5324b37145f60406c4eec86ed931c054e3e58b8453b394f5e30088258,0xb7e0fd57b9d19dc96b74eed58925346679acace296aa81465dee175b6343ceaf,1722446311,0x67c180f4e47ba3ac6ebf2beafd7a3432c74b8cda,0x6861c46d7e76ecf563de29f1837d797dd46ff961,71914038773350234130553415116948415426792971631252265695143324140554345804068,0,31.25,1.0,0.0,NO,2024-07-31 17:18:31+00:00,SELL,1.0,31.25,0.032,0.968,0.032
0x55390b0934aabe2b87ddd17cf405927a817057c4abb639860e77c8c84bcbc5c4_0x4e53b4a46fc525e6cef47b06a6cc0c5a2ed1dd8c86d5d6761fe0ab1301099d10,0x55390b0934aabe2b87ddd17cf405927a817057c4abb639860e77c8c84bcbc5c4,1722446927,0xb790cb5a23374ca1eb92cc1e9de7888b9d5882fc,0xc5d563a36ae78145c45a50134d48a1215220f80a,0,14987046218227329027080984029949561275408794766325730526435811581087168625932,1.999957,2.042857,0.0,YES,2024-07-31 17:28:47+00:00,BUY,1.999957,2.042857,0.9789999985314684,0.9789999985314684,0.021
0xf2b962621d755272778e67c9e01afb312ec04d816e511e2a57cb2be1e5c1e4ac_0xb7d46e50a0d046d4f9ac0cd6177b6681007fcb7a027326d0cf1f0a01f21955d8,0xf2b962621d755272778e67c9e01afb312ec04d816e511e2a57cb2be1e5c1e4ac,1722447407,0xdcc9d68a4bad9fc8becd27a03ee5b2b4feda4534,0xde242261bcd8d4320113f12230da34d705ca25a8,0,14987046218227329027080984029949561275408794766325730526435811581087168625932,2931.0,3000.0,0.0,YES,2024-07-31 17:36:47+00:00,BUY,2931.0,3000.0,0.977,0.977,0.023
0x63ca74942c76562d421b0add6b10af01371cb8073a5126a0c3293c6c9f25c4df_0x3e0f94442c4c62fca7ea4e586289a3f0883ea5ca7ad0977a2dba0c85d3c4acbc,0x63ca74942c76562d421b0add6b10af01371cb8073a5126a0c3293c6c9f25c4df,1722447551,0x9fd25b5f9346d9a49a65509a9b634b8ce7b09448,0xc5d563a36ae78145c45a50134d48a1215220f80a,0,14987046218227329027080984029949561275408794766325730526435811581087168625932,149.999964,153.0988,0.0,YES,2024-07-31 17:39:11+00:00,BUY,149.999964,153.0988,0.9797592404382006,0.9797592404382006,0.020241
0x495307932363e18b44e948b981702902fa68fedc89de2ec3b1c26b5c17e2487e_0x176139f4fdbe2f05f01a08d44fbe7a38bf2e538d0b91d51bdce31346d068ccab,0x495307932363e18b44e948b981702902fa68fedc89de2ec3b1c26b5c17e2487e,1722447641,0xb49f1ea22557796e6b578dfd89527e40f15bd6c7,0xc5d563a36ae78145c45a50134d48a1215220f80a,0,14987046218227329027080984029949561275408794766325730526435811581087168625932,14.999978,15.3061,0.0,YES,2024-07-31 17:40:41+00:00,BUY,14.999978,15.3061,0.98,0.98,0.02
0xc4ee37aaf6086a3bd90fe4bb84236ab3bdcc3ffabd36f39e6dfe82c6d060c056_0x27af12d8e3796191e090a5d38e93d3b659bd5a65adfef078ff53a603e7d5031c,0xc4ee37aaf6086a3bd90fe4bb84236ab3bdcc3ffabd36f39e6dfe82c6d060c056,1722447655,0xdcc9d68a4bad9fc8becd27a03ee5b2b4feda4534,0xde242261bcd8d4320113f12230da34d705ca25a8,0,14987046218227329027080984029949561275408794766325730526435811581087168625932,1948.0,2000.0,0.0,YES,2024-07-31 17:40:55+00:00,BUY,1948.0,2000.0,0.974,0.974,0.026
0x37df061983d24e87624f864a341bc9dd2a1e0a317799666b5574e9195a728572_0xb344a89c9267b1182769f16a4187ed4cc6f9bf3b04a32eb100f06ed3f34a15e2,0x37df061983d24e87624f864a341bc9dd2a1e0a317799666b5574e9195a728572,1722447795,0xfa1c66c8d0ec9115a5bfda4a9af57c44d3ba33c1,0x3cf3e8d5427aed066a7a5926980600f6c3cf87b3,0,14987046218227329027080984029949561275408794766325730526435811581087168625932,97.09029,99.99,0.0,YES,2024-07-31 17:43:15+00:00,BUY,97.09029,99.99,0.971,0.971,0.029
0x8b2148d65382c432c4f6f5a346d434d42aca2672f7d28397d10e2620d0d947b1_0xa1efb5e9e5145ebaf7837faf6afa95d7f90e346d5e13a86e950e9bcedef9098d,0x8b2148d65382c432c4f6f5a346d434d42aca2672f7d28397d10e2620d0d947b1,1722447831,0xfa1c66c8d0ec9115a5bfda4a9af57c44d3ba33c1,0x6bb309d1617d0440db9c558c43cf7bc218523442,14987046218227329027080984029949561275408794766325730526435811581087168625932,0,68.48,66.69952,0.0,YES,2024-07-31 17:43:51+00:00,SELL,66.69952,68.48,0.9740000000000001,0.9740000000000001,0.026
0x4464706c0cadcb637006fde5896643f6f2fcb285dd992679aaa9dd8b19ccd6e2_0xa1efb5e9e5145ebaf7837faf6afa95d7f90e346d5e13a86e950e9bcedef9098d,0x4464706c0cadcb637006fde5896643f6f2fcb285dd992679aaa9dd8b19ccd6e2,1722447867,0xfa1c66c8d0ec9115a5bfda4a9af57c44d3ba33c1,0xfe911a4e80ee71b47cd1ee690733ac4062e970ff,14987046218227329027080984029949561275408794766325730526435811581087168625932,0,281.51,274.19074,0.0,YES,2024-07-31 17:44:27+00:00,SELL,274.19074,281.51,0.9740000000000001,0.9740000000000001,0.026
0x1c790a72af6a75e7dd21b3584bb37c55c8e917efce3936df5c8b083de8dfbef9_0x82674bc670ddc80103bb0c3adb2680a3165eb98cec6b8aca9688efaee73e8d81,0x1c790a72af6a75e7dd21b3584bb37c55c8e917efce3936df5c8b083de8dfbef9,1722448063,0x6bb309d1617d0440db9c558c43cf7bc218523442,0xeb6f0a13ea8c5a7a0514c25495adbe815c1025f0,14987046218227329027080984029949561275408794766325730526435811581087168625932,0,68.48,67.04192,0.0,YES,2024-07-31 17:47:43+00:00,SELL,67.04192,68.48,0.979,0.979,0.021
0xb7ac8eee46c8f05b89d88b5b362a416b88838cce7fcdccafeec8dac22c199bfc_0x6512eec70b8d48420a9ec9ed127fbaa861459763143a36e84fc8c3177caae927,0xb7ac8eee46c8f05b89d88b5b362a416b88838cce7fcdccafeec8dac22c199bfc,1722448429,0xd72753dae1cb01011c1e69af78ee1f9494bbecce,0xc5d563a36ae78145c45a50134d48a1215220f80a,0,14987046218227329027080984029949561275408794766325730526435811581087168625932,67.081,68.45,0.0,YES,2024-07-31 17:53:49+00:00,BUY,67.081,68.45,0.98,0.98,0.02
0x782febdf438225184f3343e8207a9c1145f7c08848edcee542da4daa3be8103a_0xff757b3171f92baf50e87417c060ca30f576766863eed8852df6750823adee19,0x782febdf438225184f3343e8207a9c1145f7c08848edcee542da4daa3be8103a,1722448543,0xd72753dae1cb01011c1e69af78ee1f9494bbecce,0xde242261bcd8d4320113f12230da34d705ca25a8,0,14987046218227329027080984029949561275408794766325730526435811581087168625932,1854.62484,1888.62,0.0,YES,2024-07-31 17:55:43+00:00,BUY,1854.62484,1888.62,0.982,0.982,0.018
0x2bfd6be6c3ba4660792c250bae8a93e7c84be3ba5eddaeeec01476d114e8ecd3_0xcfc04e413b6a21bca847eda12fcb0e2987a2ff940f3d7f6efa4c16f98edad302,0x2bfd6be6c3ba4660792c250bae8a93e7c84be3ba5eddaeeec01476d114e8ecd3,1722448819,0xe330a8745b5f4c65b2bf2ed95a3c640546d539d2,0x3cf3e8d5427aed066a7a5926980600f6c3cf87b3,14987046218227329027080984029949561275408794766325730526435811581087168625932,0,2999.99,2951.99016,0.0,YES,2024-07-31 18:00:19+00:00,SELL,2951.99016,2999.99,0.984,0.984,0.016
0x08e7fe96378fcfab8d168e90140001c902ed9684f52c8a07fd80cbbb4eb1969f_0x37ac12cbebc5db8f79efeb6d091b1a599583c5a421495422c34e08fb453754b5,0x08e7fe96378fcfab8d168e90140001c902ed9684f52c8a07fd80cbbb4eb1969f,1722448827,0x0e1fff959152e61f3d93315e5697ae8b37e6434f,0x3cf3e8d5427aed066a7a5926980600f6c3cf87b3,14987046218227329027080984029949561275408794766325730526435811581087168625932,0,20.0,19.8,0.0,YES,2024-07-31 18:00:27+00:00,SELL,19.8,20.0,0.99,0.99,0.01
0xe68cfefda943082d4d1aed253595d7060fe47d5cb5ca23a5ef7da078f2f3cd56_0x2352b0535e8a1379a35aeffc45e747c5f005e0123973e0d686ade2ae6a74e26a,0xe68cfefda943082d4d1aed253595d7060fe47d5cb5ca23a5ef7da078f2f3cd56,1722448839,0xf7cbf03b18b02fb29f48432338b47dd5fdd468ae,0xdd8648ee971449d1428cac640674ffd7a357c51f,14987046218227329027080984029949561275408794766325730526435811581087168625932,0,115.28,115.16472,0.0,YES,2024-07-31 18:00:39+00:00,SELL,115.16472,115.28,0.999,0.999,0.001
0xaf77c789cbe47a386370e436bf5eb1b87c959d5afc468fb9c2f776df676eb76e_0xeec8874fb8a43b81f64843ab5cf53b960b13013f854b45db0f164a6be72945f4,0xaf77c789cbe47a386370e436bf5eb1b87c959d5afc468fb9c2f776df676eb76e,1722448925,0x3cf3e8d5427aed066a7a5926980600f6c3cf87b3,0x95c11481aa6bc8764c976d87800f86b8f3b950e1,14987046218227329027080984029949561275408794766325730526435811581087168625932,0,1999.99,1997.99001,0.0,YES,2024-07-31 18:02:05+00:00,SELL,1997.99001,1999.99,0.999,0.999,0.001
0xf6085fe8591248de299775e64056849a8dc3c5e007a334ff7ca2d85b16c7ca1c_0xeec8874fb8a43b81f64843ab5cf53b960b13013f854b45db0f164a6be72945f4,0xf6085fe8591248de299775e64056849a8dc3c5e007a334ff7ca2d85b16c7ca1c,1722448943,0x3cf3e8d5427aed066a7a5926980600f6c3cf87b3,0x9c88c0ad88b0c7dd929b0cf040abc9a46b2bc405,14987046218227329027080984029949561275408794766325730526435811581087168625932,0,1030.0,1028.97,0.0,YES,2024-07-31 18:02:23+00:00,SELL,1028.97,1030.0,0.999,0.999,0.001
0x0765243e92d5147b26fe8d3036c161588a7d994ed93d9ac488e84450e841d46d_0x42695c4e4cc440acd3ce535874eed5aa6b3b10c8e3bdb7774509bc3908205e4e,0x0765243e92d5147b26fe8d3036c161588a7d994ed93d9ac488e84450e841d46d,1722449039,0xd42f6a1634a3707e27cbae14ca966068e5d1047d,0xc5d563a36ae78145c45a50134d48a1215220f80a,71914038773350234130553415116948415426792971631252265695143324140554345804068,0,655.92,0.65592,0.0,NO,2024-07-31 18:03:59+00:00,SELL,0.65592,655.92,0.001,0.999,0.001
0x618d79529c4cf2373d78358dc0131ca02f5ba1cd682f036894e2340b101bad3f_0xa393eda0c221ede6655a5adfc88c46808c30c4af4b54853230687faf4a04206b,0x618d79529c4cf2373d78358dc0131ca02f5ba1cd682f036894e2340b101bad3f,1722449137,0x5c0cfef4c37816f79f3dd94ed6a7a1812d0b622f,0xc5d563a36ae78145c45a50134d48a1215220f80a,14987046218227329027080984029949561275408794766325730526435811581087168625932,0,208.33,206.45503,0.0,YES,2024-07-31 18:05:37+00:00,SELL,206.45503,208.33,0.9909999999999999,0.9909999999999999,0.009
0xa61bf30a0a5955972cbd982cc1a7fdd686638cd7bf429c14f0254ef115c10a7f_0xebf1c004e07883ceaf7b6b95d949f8a45f2f221f0e820ac5d976dd1383927347,0xa61bf30a0a5955972cbd982cc1a7fdd686638cd7bf429c14f0254ef115c10a7f,1722449155,0xfa1c66c8d0ec9115a5bfda4a9af57c44d3ba33c1,0xd42f6a1634a3707e27cbae14ca966068e5d1047d,14987046218227329027080984029949561275408794766325730526435811581087168625932,0,208.33,208.12167,0.0,YES,2024-07-31 18:05:55+00:00,SELL,208.12167,208.33,0.9989999999999999,0.9989999999999999,0.001
0xe2afa90c9f1089191d6c12f0d33e1866ea516e71f9f4b6d58706db6f3d3cb393_0x721be52bcccf8ab013b3a083d06433f7b84a90d34895513d22d097369bb30824,0xe2afa90c9f1089191d6c12f0d33e1866ea516e71f9f4b6d58706db6f3d3cb393,1722452713,0x1e98620a5fe66ed1a623a424d010fbd917c16c6d,0xc5d563a36ae78145c45a50134d48a1215220f80a,14987046218227329027080984029949561275408794766325730526435811581087168625932,0,263.48,263.21652,0.0,YES,2024-07-31 19:05:13+00:00,SELL,263.21652,263.48,0.9989999999999999,0.9989999999999999,0.001
0xc1a56e68f73368a7ceb7449b1a7724e31b9e4a8bb0351f996f68cd0106c8a181_0x1c5e5f8f7fed16373bf2c09394e7d444c89f1a9682734c6e3482a716d0e05ebd,0xc1a56e68f73368a7ceb7449b1a7724e31b9e4a8bb0351f996f68cd0106c8a181,1722457124,0x762b54f45560a733cbbbb63849a42ddce5db910f,0xc5d563a36ae78145c45a50134d48a1215220f80a,14987046218227329027080984029949561275408794766325730526435811581087168625932,0,10.0,9.99,0.0,YES,2024-07-31 20:18:44+00:00,SELL,9.99,10.0,0.999,0.999,0.001
0xbaf1e8dc0b01681ce518cc52e801e0a7a0d5d61d5b402a7a3bcd4006ef99e297_0x850c4128c2c4e42c26c18ccdfd508c41f64af8f97037e0aa57b1151b5bbcd8d7,0xbaf1e8dc0b01681ce518cc52e801e0a7a0d5d61d5b402a7a3bcd4006ef99e297,1722457282,0x97c62501f2ec1a86503f00dfb889a01b42855a6a,0xc5d563a36ae78145c45a50134d48a1215220f80a,14987046218227329027080984029949561275408794766325730526435811581087168625932,0,102.6,102.4974,0.0,YES,2024-07-31 20:21:22+00:00,SELL,102.4974,102.6,0.999,0.999,0.001
0x510ec9083150cc4ab928a7433ff6464c748f8b9f4aa19ce1f3fb7185fec4e214_0x161b0624df1bc92390662108b748b5caa964d1ae911e0692b371e8d3ae052879,0x510ec9083150cc4ab928a7433ff6464c748f8b9f4aa19ce1f3fb7185fec4e214,1722458038,0x62f80a663a4d94efa06843002ff5d512ca7f7737,0xc5d563a36ae78145c45a50134d48a1215220f80a,14987046218227329027080984029949561275408794766325730526435811581087168625932,0,400.0,399.6,0.0,YES,2024-07-31 20:33:58+00:00,SELL,399.6,400.0,0.9990000000000001,0.9990000000000001,0.001
