id,transactionHash,timestamp,maker,taker,makerAssetId,takerAssetId,makerAmountFilled,takerAmountFilled,fee,outcome,datetime,side,usdc_amount,token_amount,price,yes_price,no_price
0xf9dbd070f8b6e54ad5c93885707926c4bf75f4cbeedcfa5b68103d876a3821c8_0x4b57c10b90c1b218a5fce359a5e08c76d7d87bfb84eae5b446318bd9811cde38,0xf9dbd070f8b6e54ad5c93885707926c4bf75f4cbeedcfa5b68103d876a3821c8,1679675819,0x671151cf9a33e2e558e15feb73c0ad2d66e37d95,0xaaf4acafbb7980ce93631d238eb10a5c4ca67883,0,23650086263083463046866085460688010098893623875122636648911714629906015607279,10.5,15.0,0.0,YES,2023-03-24 16:36:59+00:00,BUY,10.5,15.0,0.7,0.7,0.3
0x6e23d243637af2af4afb91a8cc50456ba8a2062b1b943bfa5f88c466ce351ab5_0x102f740594db03f3cfd80e2fec7659204420ff5b7c98426f0c1bce6557b72418,0x6e23d243637af2af4afb91a8cc50456ba8a2062b1b943bfa5f88c466ce351ab5,1679684467,0x569e37de70cfc302405dc0577ae46f3140bc67db,0x4bfb41d5b3570defd03c39a9a4d8de6bd8b8982e,0,23650086263083463046866085460688010098893623875122636648911714629906015607279,345.0,500.0,0.0,YES,2023-03-24 19:01:07+00:00,BUY,345.0,500.0,0.69,0.69,0.31
0x44e70f8b8eb30139d98249faeb4f44ab0d68db81b5780abcbc7506f5269799c6_0x948b3287eb515cff198947d2ee02f64f2693e83e98bcc736bd5e11fb020d25fb,0x44e70f8b8eb30139d98249faeb4f44ab0d68db81b5780abcbc7506f5269799c6,1679684537,0x569e37de70cfc302405dc0577ae46f3140bc67db,0x4bfb41d5b3570defd03c39a9a4d8de6bd8b8982e,0,23650086263083463046866085460688010098893623875122636648911714629906015607279,345.0,500.0,0.0,YES,2023-03-24 19:02:17+00:00,BUY,345.0,500.0,0.69,0.69,0.31
0xae8a3d132c15c125fd4d87dd6aafab05606d1fd31074e96ff4aa710f86c45c81_0xa042a554fc761427c11a6359353b1d89aa7aea5b9248530940a05cd81a0a13d8,0xae8a3d132c15c125fd4d87dd6aafab05606d1fd31074e96ff4aa710f86c45c81,1679693107,0x56ac4f06c203d9dcfb1bc23a0ab06995de35de67,0x4bfb41d5b3570defd03c39a9a4d8de6bd8b8982e,0,23650086263083463046866085460688010098893623875122636648911714629906015607279,0.999999,1.449274,0.0,YES,2023-03-24 21:25:07+00:00,BUY,0.999999,1.449274,0.6899999585999611,0.6899999585999611,0.31
0x2c7abbdb27a014337f5c7723bfcbc622f75becb983a14fe17fbb55faa6cd9918_0x1b2c5fd6ee549ecd46ec757e08c0f17480e0af3a2d1f10940df1abfabbfb4290,0x2c7abbdb27a014337f5c7723bfcbc622f75becb983a14fe17fbb55faa6cd9918,1679733245,0x3c69e83c714f0beaa62bcf2cce3f6ab723f5cd2e,0x4bfb41d5b3570defd03c39a9a4d8de6bd8b8982e,0,23650086263083463046866085460688010098893623875122636648911714629906015607279,9.999998,14.492751,0.0,YES,2023-03-25 08:34:05+00:00,BUY,9.999998,14.492751,0.6899999868899976,0.6899999868899976,0.31
0x99d45f5123d42bd22803af642d1576600a9c8259d2382ccfa5ae6260d4ffce32_0x31d10df9488dada919d257c0eadfdb3086c99c019f1e2beb63bd2d4dd92f7d58,0x99d45f5123d42bd22803af642d1576600a9c8259d2382ccfa5ae6260d4ffce32,1680169884,0x569e37de70cfc302405dc0577ae46f3140bc67db,0x8e34ce4df786d3966d4df44f8763178b63f62fa1,23650086263083463046866085460688010098893623875122636648911714629906015607279,0,21.357141,11.959998,0.0,YES,2023-03-30 09:51:24+00:00,SELL,11.959998,21.357141,0.5599999550501634,0.5599999550501634,0.44
0x10b1394d310e01f6d6bbad2d0e27b298f22b33799c4685e5f93b92a7086b10f7_0x8eef83664cb66f9905b05370a37a2923f5aae49c6da48b16b32c65eb188b0c9a,0x10b1394d310e01f6d6bbad2d0e27b298f22b33799c4685e5f93b92a7086b10f7,1680201504,0x4a2ba9799fd9d4142c6c3ebe23535648f78280ff,0x9d84ce0306f8551e02efef1680475fc0f1dc1344,0,23650086263083463046866085460688010098893623875122636648911714629906015607279,20.5,50.0,0.0,YES,2023-03-30 18:38:24+00:00,BUY,20.5,50.0,0.41,0.41,0.59
0x8b49c5bdd8116d14f2f4be9d6ecaa311718e28f5a74090741637be18232e5991_0xb45cecc3b384aa7b3d2e976c1d80907a54d66787c31073fe93a280ed1e572c72,0x8b49c5bdd8116d14f2f4be9d6ecaa311718e28f5a74090741637be18232e5991,1680350236,0xd79af397bd4188262d94914904071f17aec28a0b,0x0cbb3be36478122986afd9296ffad0020d825eee,0,23650086263083463046866085460688010098893623875122636648911714629906015607279,2.936507,7.936505,0.0,YES,2023-04-01 11:57:16+00:00,BUY,2.936507,7.936505,0.370000018900007,0.370000018900007,0.63
0xf29053ed6c9c9f128ebd2cb6e0c2935d7b25101edbde9b39cd697458e39ba244_0xb45cecc3b384aa7b3d2e976c1d80907a54d66787c31073fe93a280ed1e572c72,0xf29053ed6c9c9f128ebd2cb6e0c2935d7b25101edbde9b39cd697458e39ba244,1680357746,0xd79af397bd4188262d94914904071f17aec28a0b,0x479cffbf26968814e303fba695882c02d9cd8b94,0,23650086263083463046866085460688010098893623875122636648911714629906015607279,1.174603,3.174602,0.0,YES,2023-04-01 14:02:26+00:00,BUY,1.174603,3.174602,0.3700000819000303,0.3700000819000303,0.63
0x5b7fe29c208da10d058ad0a1622913fa3e2f5fb140896d2bdf6717d90da07ed3_0x04a3be83bb3b107e68ae60e989da63b899deacc05e73bdb1c45783b3e156e937,0x5b7fe29c208da10d058ad0a1622913fa3e2f5fb140896d2bdf6717d90da07ed3,1680433904,0x4a2ba9799fd9d4142c6c3ebe23535648f78280ff,0x0cbb3be36478122986afd9296ffad0020d825eee,23650086263083463046866085460688010098893623875122636648911714629906015607279,0,7.93,4.2822,0.0,YES,2023-04-02 11:11:44+00:00,SELL,4.2822,7.93,0.5399999999999999,0.5399999999999999,0.46
0x187ef6e6d9856efabdded9081804b7917e5aaf022ccabae63da2af5170d92dcf_0x04a3be83bb3b107e68ae60e989da63b899deacc05e73bdb1c45783b3e156e937,0x187ef6e6d9856efabdded9081804b7917e5aaf022ccabae63da2af5170d92dcf,1680433976,0x4a2ba9799fd9d4142c6c3ebe23535648f78280ff,0x0cbb3be36478122986afd9296ffad0020d825eee,23650086263083463046866085460688010098893623875122636648911714629906015607279,0,6.740739,3.639999,0.0,YES,2023-04-02 11:12:56+00:00,SELL,3.639999,6.740739,0.5399999910988988,0.5399999910988988,0.46
0x0934146d500ad87379817e9014734728622849ba0ebce5afc0fd89cc5e880109_0x04a3be83bb3b107e68ae60e989da63b899deacc05e73bdb1c45783b3e156e937,0x0934146d500ad87379817e9014734728622849ba0ebce5afc0fd89cc5e880109,1680477733,0x4a2ba9799fd9d4142c6c3ebe23535648f78280ff,0xd79af397bd4188262d94914904071f17aec28a0b,23650086263083463046866085460688010098893623875122636648911714629906015607279,0,18.518517,9.999999,0.0,YES,2023-04-02 23:22:13+00:00,SELL,9.999999,18.518517,0.5399999902799992,0.5399999902799992,0.46
0x428c89b7bbc5f1b8e9799bc12c7351424e47f0cc900c7e2815b75afd85263458_0x04a3be83bb3b107e68ae60e989da63b899deacc05e73bdb1c45783b3e156e937,0x428c89b7bbc5f1b8e9799bc12c7351424e47f0cc900c7e2815b75afd85263458,1680563238,0x4a2ba9799fd9d4142c6c3ebe23535648f78280ff,0x9191f1d5c153f2b311e8cfed9b413d7ebaacbeaa,23650086263083463046866085460688010098893623875122636648911714629906015607279,0,16.799999,9.071999,0.0,YES,2023-04-03 23:07:18+00:00,SELL,9.071999,16.799999,0.539999972619046,0.539999972619046,0.46
0xf7da0152d4dd3e4bc1dde2016886a29a460f6245e476482ff5ab8922336d849d_0x31d10df9488dada919d257c0eadfdb3086c99c019f1e2beb63bd2d4dd92f7d58,0xf7da0152d4dd3e4bc1dde2016886a29a460f6245e476482ff5ab8922336d849d,1680640774,0x569e37de70cfc302405dc0577ae46f3140bc67db,0x22dbd51e1a4e10fff072fa24300238c64033190f,23650086263083463046866085460688010098893623875122636648911714629906015607279,0,50.0,28.0,0.0,YES,2023-04-04 20:39:34+00:00,SELL,28.0,50.0,0.56,0.56,0.44
0xcb1a0a436c31e0d238585de885dfcfdde492f9bd40a1187a7443bc7267b9aaea_0x31d10df9488dada919d257c0eadfdb3086c99c019f1e2beb63bd2d4dd92f7d58,0xcb1a0a436c31e0d238585de885dfcfdde492f9bd40a1187a7443bc7267b9aaea,1680714609,0x569e37de70cfc302405dc0577ae46f3140bc67db,0x1d5c2cc07180a3f8dbda3c3293a43e844c6d8624,23650086263083463046866085460688010098893623875122636648911714629906015607279,0,1.785713,0.999999,0.0,YES,2023-04-05 17:10:09+00:00,SELL,0.999999,1.785713,0.559999843199887,0.559999843199887,0.44
0x055736b5e6e670633034cad2adc9ebd78f2c98eaae950e7bcd98c47066b5b01c_0x31d10df9488dada919d257c0eadfdb3086c99c019f1e2beb63bd2d4dd92f7d58,0x055736b5e6e670633034cad2adc9ebd78f2c98eaae950e7bcd98c47066b5b01c,1680737599,0x569e37de70cfc302405dc0577ae46f3140bc67db,0x0cbb3be36478122986afd9296ffad0020d825eee,23650086263083463046866085460688010098893623875122636648911714629906015607279,0,2.017856,1.129999,0.0,YES,2023-04-05 23:33:19+00:00,SELL,1.129999,2.017856,0.5599998215928192,0.5599998215928192,0.44
0x2a8b70239e688c16a791ff55050063d57e5f762d4d438b32ccc5bdaaea9d9b3b_0x31d10df9488dada919d257c0eadfdb3086c99c019f1e2beb63bd2d4dd92f7d58,0x2a8b70239e688c16a791ff55050063d57e5f762d4d438b32ccc5bdaaea9d9b3b,1680806393,0x569e37de70cfc302405dc0577ae46f3140bc67db,0xcb7cd74a2d15caa89f53971b04277725c30471fc,23650086263083463046866085460688010098893623875122636648911714629906015607279,0,892.857141,499.999998,0.0,YES,2023-04-06 18:39:53+00:00,SELL,499.999998,892.857141,0.5599999989248,0.5599999989248,0.44
0x34b782b03e2d62d4bfb0058692f92e69826c703e708ce2d5eb49695de64d1352_0x2cda7fa02b2d826aeafa397b764ec5a104b203564f762313f73496e146e8df46,0x34b782b03e2d62d4bfb0058692f92e69826c703e708ce2d5eb49695de64d1352,1680807109,0xcb7cd74a2d15caa89f53971b04277725c30471fc,0x3cf3e8d5427aed066a7a5926980600f6c3cf87b3,0,23650086263083463046866085460688010098893623875122636648911714629906015607279,7.2,15.0,0.0,YES,2023-04-06 18:51:49+00:00,BUY,7.2,15.0,0.48000000000000004,0.48000000000000004,0.52
0x4d06c1cbad53e44284e694ad92b9e4c717f5006c03f1b620b0dc53f1d044eb74_0xf2200a32e11c25e04201d58331f57e3075fc57341768dcae3ba0624859cc052b,0x4d06c1cbad53e44284e694ad92b9e4c717f5006c03f1b620b0dc53f1d044eb74,1680821756,0xcb7cd74a2d15caa89f53971b04277725c30471fc,0xaaf4acafbb7980ce93631d238eb10a5c4ca67883,0,23650086263083463046866085460688010098893623875122636648911714629906015607279,100.0,200.0,0.0,YES,2023-04-06 22:55:56+00:00,BUY,100.0,200.0,0.5,0.5,0.5
0xc02926bf4574be710bf6873fd2c19af41ae37df03850eff3615a9e0f6d0d22b8_0x2cda7fa02b2d826aeafa397b764ec5a104b203564f762313f73496e146e8df46,0xc02926bf4574be710bf6873fd2c19af41ae37df03850eff3615a9e0f6d0d22b8,1680870734,0xcb7cd74a2d15caa89f53971b04277725c30471fc,0xd1acd3925d895de9aec98ff95f3a30c5279d08d5,0,23650086263083463046866085460688010098893623875122636648911714629906015607279,88.8,185.0,0.0,YES,2023-04-07 12:32:14+00:00,BUY,88.8,185.0,0.48,0.48,0.52
0x6cbd4e9a8ba133090e152485d1f734a465041eccf6c51ce8e48b4e55b2f39e93_0xdbec3ce6d67b8b72ccbf88b11a6260ae2972e9509aa0823d8390d8a0dc56df76,0x6cbd4e9a8ba133090e152485d1f734a465041eccf6c51ce8e48b4e55b2f39e93,1680870794,0x3cf3e8d5427aed066a7a5926980600f6c3cf87b3,0xd1acd3925d895de9aec98ff95f3a30c5279d08d5,0,23650086263083463046866085460688010098893623875122636648911714629906015607279,6.15,15.0,0.0,YES,2023-04-07 12:33:14+00:00,BUY,6.15,15.0,0.41000000000000003,0.41000000000000003,0.59
0xe8db9061d1d718184b5608498bcbdbc24b83a3b7d98dbd678f807c96a51d671b_0xc1c9a4ecbbb0fc4165abbd20da724abe12c1e6f67cd0e4451092d8506e9e2d55,0xe8db9061d1d718184b5608498bcbdbc24b83a3b7d98dbd678f807c96a51d671b,1680875763,0x71735b2255c0d073aa24713ed9b6083cfb547d75,0x3cf3e8d5427aed066a7a5926980600f6c3cf87b3,0,23650086263083463046866085460688010098893623875122636648911714629906015607279,5.7,15.0,0.0,YES,2023-04-07 13:56:03+00:00,BUY,5.7,15.0,0.38,0.38,0.62
0x861481fcd85f9b3665024865fb67433be3f10d18da4de94b1f185e00d870773b_0x62fab369060752405afd85397556b67ad865327f6ab50714c14e5411ce92ac53,0x861481fcd85f9b3665024865fb67433be3f10d18da4de94b1f185e00d870773b,1680881284,0x22dbd51e1a4e10fff072fa24300238c64033190f,0x4bfb41d5b3570defd03c39a9a4d8de6bd8b8982e,23650086263083463046866085460688010098893623875122636648911714629906015607279,0,25.0,9.5,0.0,YES,2023-04-07 15:28:04+00:00,SELL,9.5,25.0,0.38,0.38,0.62
0x3b335669d7616597797df70728d7fb7ed5937efa33962bbed832cb1b2d19e140_0xc1c9a4ecbbb0fc4165abbd20da724abe12c1e6f67cd0e4451092d8506e9e2d55,0x3b335669d7616597797df70728d7fb7ed5937efa33962bbed832cb1b2d19e140,1680881590,0x71735b2255c0d073aa24713ed9b6083cfb547d75,0xaaf4acafbb7980ce93631d238eb10a5c4ca67883,0,23650086263083463046866085460688010098893623875122636648911714629906015607279,22.8,60.0,0.0,YES,2023-04-07 15:33:10+00:00,BUY,22.8,60.0,0.38,0.38,0.62
0x442d391a3662f0821e9a80eec65a1099d5e1e39526141da9a87e2875e85674b0_0x6710b0376fd38c7eac57b548f1e102be28bdb0f25d121dfc51a14c326079c764,0x442d391a3662f0821e9a80eec65a1099d5e1e39526141da9a87e2875e85674b0,1680881988,0xc412fdbe9956c2e242e8b45fae131c3e8598592d,0x7c61fa02f1fdb9bcf5e5c904ca6a724abc0315c0,0,23650086263083463046866085460688010098893623875122636648911714629906015607279,5.94,18.0,0.0,YES,2023-04-07 15:39:48+00:00,BUY,5.94,18.0,0.33,0.33,0.67
0x94446a3fb4216ba529da516e9cc0e1a6db13ca1531e3e0c9b190b4ed462e46a5_0x078f4f7bbf139e36e638bd84fe7aa07b0673a6ac75202f5127a74dddf1ac546c,0x94446a3fb4216ba529da516e9cc0e1a6db13ca1531e3e0c9b190b4ed462e46a5,1680950335,0x3cf3e8d5427aed066a7a5926980600f6c3cf87b3,0xc42add39a338986082c8249e58ba8bd692cd1cb8,0,23650086263083463046866085460688010098893623875122636648911714629906015607279,3.888888,13.888885,0.0,YES,2023-04-08 10:38:55+00:00,BUY,3.888888,13.888885,0.28000001440000405,0.28000001440000405,0.72
0x633ea45e4734cbc38960ef95b90a89191dccd1ba52ad1737777393572d4d08bb_0x549b81e3703a5c4d9641c11403099bc4db9ac2c9315871924895a378015fe156,0x633ea45e4734cbc38960ef95b90a89191dccd1ba52ad1737777393572d4d08bb,1680979312,0xcb7cd74a2d15caa89f53971b04277725c30471fc,0x4bfb41d5b3570defd03c39a9a4d8de6bd8b8982e,0,23650086263083463046866085460688010098893623875122636648911714629906015607279,6.63,17.0,0.0,YES,2023-04-08 18:41:52+00:00,BUY,6.63,17.0,0.39,0.39,0.61
0x26c6660a9be1429311543c24cf2a3aaa281a4cda751be0042857634f2d5e9a32_0xe4047f5b798aeb03682d0f74c899af1d4b6adb1df68d6363ec3882cd0aea74ac,0x26c6660a9be1429311543c24cf2a3aaa281a4cda751be0042857634f2d5e9a32,1680979782,0xf6b003a778ef439cd82bdc7be538fda8de52a29b,0x4bfb41d5b3570defd03c39a9a4d8de6bd8b8982e,0,23650086263083463046866085460688010098893623875122636648911714629906015607279,2.0,5.075,0.0,YES,2023-04-08 18:49:42+00:00,BUY,2.0,5.075,0.3940886699507389,0.3940886699507389,0.605911
0x11b8c8a3773c450a32246061ee5965aad26b29b251ba22c3f6ecd27811efc309_0x9131786732db63ca23fd3b698f4c200e16d93701b20951c547d8be89b0d757f3,0x11b8c8a3773c450a32246061ee5965aad26b29b251ba22c3f6ecd27811efc309,1680982245,0xcb7cd74a2d15caa89f53971b04277725c30471fc,0xaaf4acafbb7980ce93631d238eb10a5c4ca67883,0,23650086263083463046866085460688010098893623875122636648911714629906015607279,72.0,200.0,0.0,YES,2023-04-08 19:30:45+00:00,BUY,72.0,200.0,0.36,0.36,0.64
0x5b9648a01adcd3bf09b6e93b91189dfe9774b29f9901eacffd757bd82863b5f3_0x2f06a6bdbbc50c6561661b2876b954e7e8c5e211bdf9d2b250d2475664038004,0x5b9648a01adcd3bf09b6e93b91189dfe9774b29f9901eacffd757bd82863b5f3,1680983649,0xcb7cd74a2d15caa89f53971b04277725c30471fc,0x4bfb41d5b3570defd03c39a9a4d8de6bd8b8982e,0,23650086263083463046866085460688010098893623875122636648911714629906015607279,117.0,300.0,0.0,YES,2023-04-08 19:54:09+00:00,BUY,117.0,300.0,0.39,0.39,0.61
0x1590e8658e623c2da8896ad04f30f6603068f38e1c119664d4cf14718fdbd53c_0x7655de91eeb29473c7bd06ab61a3b04d116b26729a999fcff13840ff68cbd1d2,0x1590e8658e623c2da8896ad04f30f6603068f38e1c119664d4cf14718fdbd53c,1680983713,0xcb7cd74a2d15caa89f53971b04277725c30471fc,0x4bfb41d5b3570defd03c39a9a4d8de6bd8b8982e,0,23650086263083463046866085460688010098893623875122636648911714629906015607279,10.6119,27.21,0.0,YES,2023-04-08 19:55:13+00:00,BUY,10.6119,27.21,0.39,0.39,0.61
0xb34184eda60d1a945f90ab278cb7b995c570100e7d8f6091193b2c9775d122f1_0x5d68d7a12084f8ed9d8e47b5ef8d64fc32497c219b815b71a96da033a2fb96fd,0xb34184eda60d1a945f90ab278cb7b995c570100e7d8f6091193b2c9775d122f1,1680983745,0xcb7cd74a2d15caa89f53971b04277725c30471fc,0x4bfb41d5b3570defd03c39a9a4d8de6bd8b8982e,0,23650086263083463046866085460688010098893623875122636648911714629906015607279,66.3,170.0,0.0,YES,2023-04-08 19:55:45+00:00,BUY,66.3,170.0,0.38999999999999996,0.38999999999999996,0.61
0x271db89ac3b122ca88d94f7428abe07bcd9b02e7c1b8176a74502ee385a83144_0xe89c9de46170010dc4717de147a29bdf6f33f4f6da99a7b49c66f3fc502a581b,0x271db89ac3b122ca88d94f7428abe07bcd9b02e7c1b8176a74502ee385a83144,1680984081,0xcb7cd74a2d15caa89f53971b04277725c30471fc,0x4bfb41d5b3570defd03c39a9a4d8de6bd8b8982e,0,23650086263083463046866085460688010098893623875122636648911714629906015607279,1.0881,2.79,0.0,YES,2023-04-08 20:01:21+00:00,BUY,1.0881,2.79,0.39,0.39,0.61
0x01b73d396ab8ae135084a5d0c636c8144a8c3d2cd6176e2c0689c746ba267a9f_0x55fd17abd293ed75062738be5240b51ba37c9323954d5af69c031adb26af8112,0x01b73d396ab8ae135084a5d0c636c8144a8c3d2cd6176e2c0689c746ba267a9f,1680984123,0xcb7cd74a2d15caa89f53971b04277725c30471fc,0x4bfb41d5b3570defd03c39a9a4d8de6bd8b8982e,0,23650086263083463046866085460688010098893623875122636648911714629906015607279,44.8,112.0,0.0,YES,2023-04-08 20:02:03+00:00,BUY,44.8,112.0,0.39999999999999997,0.39999999999999997,0.6
0xc94d30c2028634881a3b8d80d5e8305b24d111fc1936b9c244e07961cdd04203_0x66e4107d9ff830547ac212d973699381b4f736d2e80c63e03adeb10429f8ef21,0xc94d30c2028634881a3b8d80d5e8305b24d111fc1936b9c244e07961cdd04203,1680984978,0xcb7cd74a2d15caa89f53971b04277725c30471fc,0x4bfb41d5b3570defd03c39a9a4d8de6bd8b8982e,0,23650086263083463046866085460688010098893623875122636648911714629906015607279,199.999999,525.641024,0.0,YES,2023-04-08 20:16:18+00:00,BUY,199.999999,525.641024,0.3804878041634741,0.3804878041634741,0.619512
0x3f48974db597817aa5644ad1195be93f7f9b5d39eb32059158a1047f1512ae3d_0x562413b58e644f47e5338c2048d37a126dbc38c97777d0847cce703a010e04d9,0x3f48974db597817aa5644ad1195be93f7f9b5d39eb32059158a1047f1512ae3d,1680985010,0xcb7cd74a2d15caa89f53971b04277725c30471fc,0x4bfb41d5b3570defd03c39a9a4d8de6bd8b8982e,0,23650086263083463046866085460688010098893623875122636648911714629906015607279,183.3,470.0,0.0,YES,2023-04-08 20:16:50+00:00,BUY,183.3,470.0,0.39,0.39,0.61
0x6e335acd9ec6e723584ba319798838242392cf60946dbc7d28c583cd6b92b4f5_0x4d876216f0139ba546de3f6f159cc39526ce81c84c3211b8002af2a3b1f6d1a5,0x6e335acd9ec6e723584ba319798838242392cf60946dbc7d28c583cd6b92b4f5,1680986579,0xcb7cd74a2d15caa89f53971b04277725c30471fc,0x4bfb41d5b3570defd03c39a9a4d8de6bd8b8982e,0,23650086263083463046866085460688010098893623875122636648911714629906015607279,70.199999,179.999999,0.0,YES,2023-04-08 20:42:59+00:00,BUY,70.199999,179.999999,0.3899999966111111,0.3899999966111111,0.61
0xa08b9091d0c4a394ca0a88ec3c1b62948dd297f3fc8916e82804b7bf0f7d9e07_0x2ea3d5fc2c689cc38542a6cc3c2c31f4e88d7d5c1cde53fa6319659d64be9121,0xa08b9091d0c4a394ca0a88ec3c1b62948dd297f3fc8916e82804b7bf0f7d9e07,1680986687,0xcb7cd74a2d15caa89f53971b04277725c30471fc,0x4bfb41d5b3570defd03c39a9a4d8de6bd8b8982e,0,23650086263083463046866085460688010098893623875122636648911714629906015607279,311.999999,799.999999,0.0,YES,2023-04-08 20:44:47+00:00,BUY,311.999999,799.999999,0.3899999992375,0.3899999992375,0.61
0x7b9e86dbe4cc2070cfd8378576dbeaf707027c3d1a637bc02c72db3f914d17e7_0xede4bb6d4dc9b518bad6fc91b1b6bd1d45ecdf6b7e6965554ad25ba8fa002796,0x7b9e86dbe4cc2070cfd8378576dbeaf707027c3d1a637bc02c72db3f914d17e7,1680987181,0xcb7cd74a2d15caa89f53971b04277725c30471fc,0x4bfb41d5b3570defd03c39a9a4d8de6bd8b8982e,0,23650086263083463046866085460688010098893623875122636648911714629906015607279,9.499952,24.358852,0.0,YES,2023-04-08 20:53:01+00:00,BUY,9.499952,24.358852,0.38999998850520545,0.38999998850520545,0.61
0xa673dafa246c490843b6e5bf69df3f5ccda17d1214f44807b6d7ae19ea8e2a83_0x10520bbfe178b6b723e39fcd13da13030b4bdcaff9c8aa18b3ba1cbb7f5e9276,0xa673dafa246c490843b6e5bf69df3f5ccda17d1214f44807b6d7ae19ea8e2a83,1680988660,0xcb7cd74a2d15caa89f53971b04277725c30471fc,0x4bfb41d5b3570defd03c39a9a4d8de6bd8b8982e,0,23650086263083463046866085460688010098893623875122636648911714629906015607279,58.5,150.0,0.0,YES,2023-04-08 21:17:40+00:00,BUY,58.5,150.0,0.39,0.39,0.61
0x55654374ee7e5aa48efbb74ec87ed215e340dceff66a9bee12671cfaf5aafda8_0x8a516789e031e80e880bbea45e9a3242b9f1f32d522bbb3da7fe0e58cf788b2e,0x55654374ee7e5aa48efbb74ec87ed215e340dceff66a9bee12671cfaf5aafda8,1680989428,0xcb7cd74a2d15caa89f53971b04277725c30471fc,0x4bfb41d5b3570defd03c39a9a4d8de6bd8b8982e,0,23650086263083463046866085460688010098893623875122636648911714629906015607279,331.5,850.0,0.0,YES,2023-04-08 21:30:28+00:00,BUY,331.5,850.0,0.39,0.39,0.61
0x9f3b5527f44b22581c077630f09cac4aff18a90f6a9ffe3307713d63ac475422_0x4aed0922697820229bf8931679c45c6ac2e5949848bf0cc190ca757463002b48,0x9f3b5527f44b22581c077630f09cac4aff18a90f6a9ffe3307713d63ac475422,1680989732,0xcb7cd74a2d15caa89f53971b04277725c30471fc,0x4bfb41d5b3570defd03c39a9a4d8de6bd8b8982e,0,23650086263083463046866085460688010098893623875122636648911714629906015607279,256.37,640.925,0.0,YES,2023-04-08 21:35:32+00:00,BUY,256.37,640.925,0.4,0.4,0.6
0x8e2aaacb63ccd1883b55e4e7d1124110c72b4a6f93790751fff70331a8f98a15_0x83e3e02b092b607bcb58eda54d4c8123a474e969260d977baa3a35ea622cfee1,0x8e2aaacb63ccd1883b55e4e7d1124110c72b4a6f93790751fff70331a8f98a15,1680991473,0x3cf3e8d5427aed066a7a5926980600f6c3cf87b3,0xcb7cd74a2d15caa89f53971b04277725c30471fc,23650086263083463046866085460688010098893623875122636648911714629906015607279,0,192.0,78.72,0.0,YES,2023-04-08 22:04:33+00:00,SELL,78.72,192.0,0.41,0.41,0.59
0xd4d7e33fa06a65674621989fc3528a5865524b9c77aaa89b91a6fb94e116d96a_0x1e0510e554f50d768a7cb7c7e3b57204de231511b83864405f9402a905a8bd9e,0xd4d7e33fa06a65674621989fc3528a5865524b9c77aaa89b91a6fb94e116d96a,1680992043,0x07c4f39862e865e6f9d307f1df5e6c24367d2c5b,0x4bfb41d5b3570defd03c39a9a4d8de6bd8b8982e,0,23650086263083463046866085460688010098893623875122636648911714629906015607279,0.499999,1.190475,0.0,YES,2023-04-08 22:14:03+00:00,BUY,0.499999,1.190475,0.41999957999958004,0.41999957999958004,0.58
0x3aadae666f151360d30b076f6d89517a3e4ddc6a883cf977452c105d0c065aac_0x6cffc3c9f0170b5a0e77e69394929e45c9832e6fb9a6c7ee1c2959736c4cba33,0x3aadae666f151360d30b076f6d89517a3e4ddc6a883cf977452c105d0c065aac,1680993857,0xcb7cd74a2d15caa89f53971b04277725c30471fc,0x4bfb41d5b3570defd03c39a9a4d8de6bd8b8982e,0,23650086263083463046866085460688010098893623875122636648911714629906015607279,395.0,1000.0,0.0,YES,2023-04-08 22:44:17+00:00,BUY,395.0,1000.0,0.395,0.395,0.605
0xf50f00939e5efe93d6fc0dac0153ae76d35b0a66b80802830add9c66fd12227d_0xb39e2bcf980593448719c54dd7ee51b4abe48a0de58ad15b25a9c01614a31767,0xf50f00939e5efe93d6fc0dac0153ae76d35b0a66b80802830add9c66fd12227d,1680993893,0xcb7cd74a2d15caa89f53971b04277725c30471fc,0x4bfb41d5b3570defd03c39a9a4d8de6bd8b8982e,0,23650086263083463046866085460688010098893623875122636648911714629906015607279,115.2,288.0,0.0,YES,2023-04-08 22:44:53+00:00,BUY,115.2,288.0,0.4,0.4,0.6
0xe0d219ba312a585cb9985c4124cd223fc69803247736add9440023e735ee37ff_0x6f6b6c1e488b2a20631b88dd010c453fe9c798f01881a42b56c898c5a35e87fa,0xe0d219ba312a585cb9985c4124cd223fc69803247736add9440023e735ee37ff,1680994051,0xcb7cd74a2d15caa89f53971b04277725c30471fc,0x4bfb41d5b3570defd03c39a9a4d8de6bd8b8982e,0,23650086263083463046866085460688010098893623875122636648911714629906015607279,5.15,12.875,0.0,YES,2023-04-08 22:47:31+00:00,BUY,5.15,12.875,0.4,0.4,0.6
0xf1e02910c005a1c05a898e5418982ebb92230bc961209387160b8de70b76c200_0x38650bb697035d8c0dbc1c5fcdd4218d113a4be12caf650207d8dd2e10380f9e,0xf1e02910c005a1c05a898e5418982ebb92230bc961209387160b8de70b76c200,1681068145,0xcb7cd74a2d15caa89f53971b04277725c30471fc,0x4bfb41d5b3570defd03c39a9a4d8de6bd8b8982e,0,23650086263083463046866085460688010098893623875122636648911714629906015607279,19.0,50.0,0.0,YES,2023-04-09 19:22:25+00:00,BUY,19.0,50.0,0.38,0.38,0.62
0x4e895fed4272fe01311307611702320b9a3c35b1da3b09e23567d67c0e9f4078_0x09cd86f6438a6604f1916a2820f439388821680baa8c4fd7394e1ace65739bdb,0x4e895fed4272fe01311307611702320b9a3c35b1da3b09e23567d67c0e9f4078,1681068193,0xcb7cd74a2d15caa89f53971b04277725c30471fc,0x4bfb41d5b3570defd03c39a9a4d8de6bd8b8982e,0,23650086263083463046866085460688010098893623875122636648911714629906015607279,195.0,500.0,0.0,YES,2023-04-09 19:23:13+00:00,BUY,195.0,500.0,0.39,0.39,0.61
0xd5f568d258572d47ab5889e2b40705877cbb8b8666a7986257e89e069c8d3590_0xcaac9696dc30fe602a67b8d27ddb3ed6824410fe75503ca7ddf05a7169b60513,0xd5f568d258572d47ab5889e2b40705877cbb8b8666a7986257e89e069c8d3590,1681076878,0x71735b2255c0d073aa24713ed9b6083cfb547d75,0x4bfb41d5b3570defd03c39a9a4d8de6bd8b8982e,23650086263083463046866085460688010098893623875122636648911714629906015607279,0,100.0,29.0,0.0,YES,2023-04-09 21:47:58+00:00,SELL,29.0,100.0,0.29,0.29,0.71
0xb4994ed8282b2fa8fbc64eabc4b0074c94cef53c4868bd139bea0626c84c1ccd_0x4731bfe4c07557abab400e0f65861360ec8bc0aa03ee8e1b9f52d50c24009bb8,0xb4994ed8282b2fa8fbc64eabc4b0074c94cef53c4868bd139bea0626c84c1ccd,1681087543,0xcb7cd74a2d15caa89f53971b04277725c30471fc,0x4bfb41d5b3570defd03c39a9a4d8de6bd8b8982e,0,23650086263083463046866085460688010098893623875122636648911714629906015607279,190.0,500.0,0.0,YES,2023-04-10 00:45:43+00:00,BUY,190.0,500.0,0.38,0.38,0.62
0x0096db69729c6383f8fff9e712d1403c47ab1012b4ce6a1912d817e9f8b66d7b_0x4d80ce59e11d3e792410f3af2cfa4ca3e1b3d0047ef816a5daeb8fade23f8113,0x0096db69729c6383f8fff9e712d1403c47ab1012b4ce6a1912d817e9f8b66d7b,1681087883,0xcb7cd74a2d15caa89f53971b04277725c30471fc,0x4bfb41d5b3570defd03c39a9a4d8de6bd8b8982e,0,23650086263083463046866085460688010098893623875122636648911714629906015607279,195.0,500.0,0.0,YES,2023-04-10 00:51:23+00:00,BUY,195.0,500.0,0.39,0.39,0.61
0x1612dfac15c77243648973a155d360402f544a71fde9b182be4e92e534c93c33_0x8ec622a610e86ebf54f37dbfa60fff8ba18deb44d15fad68028afa9ec9434a70,0x1612dfac15c77243648973a155d360402f544a71fde9b182be4e92e534c93c33,1681100938,0xcb7cd74a2d15caa89f53971b04277725c30471fc,0x4bfb41d5b3570defd03c39a9a4d8de6bd8b8982e,0,23650086263083463046866085460688010098893623875122636648911714629906015607279,390.0,1000.0,0.0,YES,2023-04-10 04:28:58+00:00,BUY,390.0,1000.0,0.39,0.39,0.61
0x939b7014a3b5493c7a6eac05d69085d0b3490b731a7c12d4076cf1187cee823e_0xfdaba1ec6305b90a616ad7135222d665dab06619cdfbc61cb646404aa6a9dc00,0x939b7014a3b5493c7a6eac05d69085d0b3490b731a7c12d4076cf1187cee823e,1681101387,0xcb7cd74a2d15caa89f53971b04277725c30471fc,0x4bfb41d5b3570defd03c39a9a4d8de6bd8b8982e,0,23650086263083463046866085460688010098893623875122636648911714629906015607279,190.0,500.0,0.0,YES,2023-04-10 04:36:27+00:00,BUY,190.0,500.0,0.38,0.38,0.62
0x703b64166de667f84a819c1d324c9984546f2b84505301923228407a2b55a27a_0x400a639f0ba2db4fcaa146c816de56f6d28cabd974214a04222df4146fd6f79d,0x703b64166de667f84a819c1d324c9984546f2b84505301923228407a2b55a27a,1681136624,0xcb7cd74a2d15caa89f53971b04277725c30471fc,0x4bfb41d5b3570defd03c39a9a4d8de6bd8b8982e,0,23650086263083463046866085460688010098893623875122636648911714629906015607279,575.0,1475.0,0.0,YES,2023-04-10 14:23:44+00:00,BUY,575.0,1475.0,0.3898305084745763,0.3898305084745763,0.610169
0xbe2945b0ef506ebdd0765904490c0413bcffeda20f38653a2115477d8a3e5ef4_0xdda9e624261467529c1d0ccbfe1b0feae45a1e2dab609e4ecaa442cbe3b20c91,0xbe2945b0ef506ebdd0765904490c0413bcffeda20f38653a2115477d8a3e5ef4,1681143252,0xcb7cd74a2d15caa89f53971b04277725c30471fc,0x4bfb41d5b3570defd03c39a9a4d8de6bd8b8982e,0,23650086263083463046866085460688010098893623875122636648911714629906015607279,192.5,500.0,0.0,YES,2023-04-10 16:14:12+00:00,BUY,192.5,500.0,0.385,0.385,0.615
0xa6f70d094154ac2acb1177d8ddaada161940d618820df37c456968bd01a0985d_0xc01d08ac29d2f6aa691621788bfb49605fdfff0c519319c36c9e89f5b7d3b403,0xa6f70d094154ac2acb1177d8ddaada161940d618820df37c456968bd01a0985d,1681143282,0xcb7cd74a2d15caa89f53971b04277725c30471fc,0x4bfb41d5b3570defd03c39a9a4d8de6bd8b8982e,0,23650086263083463046866085460688010098893623875122636648911714629906015607279,97.5,250.0,0.0,YES,2023-04-10 16:14:42+00:00,BUY,97.5,250.0,0.39,0.39,0.61
0x0ba64d059540c50f4e7913d3bee56d99482ebec6ddbd383ed9d7e63948c1486c_0xcb6d71de3688786e8566a11025ee34ff001b49db7c270f052e86aaadc61e2024,0x0ba64d059540c50f4e7913d3bee56d99482ebec6ddbd383ed9d7e63948c1486c,1681145358,0xcb7cd74a2d15caa89f53971b04277725c30471fc,0x4bfb41d5b3570defd03c39a9a4d8de6bd8b8982e,0,23650086263083463046866085460688010098893623875122636648911714629906015607279,195.0,500.0,0.0,YES,2023-04-10 16:49:18+00:00,BUY,195.0,500.0,0.39,0.39,0.61
0xa6fec21642d1af53fb17ea4953ffd751e332fb93f12b7d6f42250e28402a3a60_0xbe2b740fdb4b7f3aab962aaa2baf99e42eaa706ee99ef47cbbe0f8a72b3af3ff,0xa6fec21642d1af53fb17ea4953ffd751e332fb93f12b7d6f42250e28402a3a60,1681145418,0xcb7cd74a2d15caa89f53971b04277725c30471fc,0x4bfb41d5b3570defd03c39a9a4d8de6bd8b8982e,0,23650086263083463046866085460688010098893623875122636648911714629906015607279,13.732,34.33,0.0,YES,2023-04-10 16:50:18+00:00,BUY,13.732,34.33,0.4,0.4,0.6
0xc9f2ee14ab37bdb6a1e9d9a2363d9af02088e67715e343630a5aa8627bddc2de_0x73e6ccc10a223d58cb5cc0e7a74b1cf3d9d99d74db5583e7e773388da2281f81,0xc9f2ee14ab37bdb6a1e9d9a2363d9af02088e67715e343630a5aa8627bddc2de,1681220711,0xcb7cd74a2d15caa89f53971b04277725c30471fc,0x4bfb41d5b3570defd03c39a9a4d8de6bd8b8982e,0,23650086263083463046866085460688010098893623875122636648911714629906015607279,105.0,300.0,0.0,YES,2023-04-11 13:45:11+00:00,BUY,105.0,300.0,0.35,0.35,0.65
0x7a57269f95196021e134eee9cdf049b738f1af73e650a704f1db79cda00dd292_0x944332d061ed61777fb50f3fef64260b6a0430731e8af01d6ca1d3388aed222d,0x7a57269f95196021e134eee9cdf049b738f1af73e650a704f1db79cda00dd292,1681226900,0xaaf4acafbb7980ce93631d238eb10a5c4ca67883,0x7f7057fd34b468a3eaa276ed748c252a2a69ed54,0,23650086263083463046866085460688010098893623875122636648911714629906015607279,11.231884,36.231883,0.0,YES,2023-04-11 15:28:20+00:00,BUY,11.231884,36.231883,0.31000000745200024,0.31000000745200024,0.69
0x387721be09289863b014a9ddfa39feebe6c49ed3121cd00f828693cc311404a1_0x944332d061ed61777fb50f3fef64260b6a0430731e8af01d6ca1d3388aed222d,0x387721be09289863b014a9ddfa39feebe6c49ed3121cd00f828693cc311404a1,1681231249,0xaaf4acafbb7980ce93631d238eb10a5c4ca67883,0x71e11e0fc20a2adf27026fbf8674b38f8ff945f0,0,23650086263083463046866085460688010098893623875122636648911714629906015607279,3.1,10.0,0.0,YES,2023-04-11 16:40:49+00:00,BUY,3.1,10.0,0.31,0.31,0.69
0x84f384c3d9257e391c244502db05d9c50e52c552a9f54a812980aa7ab244d4df_0x944332d061ed61777fb50f3fef64260b6a0430731e8af01d6ca1d3388aed222d,0x84f384c3d9257e391c244502db05d9c50e52c552a9f54a812980aa7ab244d4df,1681231257,0xaaf4acafbb7980ce93631d238eb10a5c4ca67883,0x71e11e0fc20a2adf27026fbf8674b38f8ff945f0,0,23650086263083463046866085460688010098893623875122636648911714629906015607279,3.1,10.0,0.0,YES,2023-04-11 16:40:57+00:00,BUY,3.1,10.0,0.31,0.31,0.69
0x2ce74536a06a1aeef5da5ab22a90aeac072b9cc56c51168edf7975479f1bc853_0x7480bc54479bbec4af3441a3daf590e85149d3fd50ae3978076efb0a999242ed,0x2ce74536a06a1aeef5da5ab22a90aeac072b9cc56c51168edf7975479f1bc853,1681233724,0x71e11e0fc20a2adf27026fbf8674b38f8ff945f0,0x71e11e0fc20a2adf27026fbf8674b38f8ff945f0,0,23650086263083463046866085460688010098893623875122636648911714629906015607279,4.95,15.0,0.0,YES,2023-04-11 17:22:04+00:00,BUY,4.95,15.0,0.33,0.33,0.67
0xb30de823feb085bfcbbd5554bb3a18b7e69acd566835e3e6563e9b3a5644a31e_0x591823e71f2e9181af8b8c01bbfd6098da00e19caf93092c88c74f8d3db661a2,0xb30de823feb085bfcbbd5554bb3a18b7e69acd566835e3e6563e9b3a5644a31e,1681233736,0x71e11e0fc20a2adf27026fbf8674b38f8ff945f0,0x71e11e0fc20a2adf27026fbf8674b38f8ff945f0,0,23650086263083463046866085460688010098893623875122636648911714629906015607279,4.95,15.0,0.0,YES,2023-04-11 17:22:16+00:00,BUY,4.95,15.0,0.33,0.33,0.67
0x1de96c9832bcdb3640d0a8c1c55de42269d64a07f937bcf5d6cef57507af6e56_0xe8a7bd38c7966f93c3c974ce3daf7753a0bacb6726d13da595432b29db7de288,0x1de96c9832bcdb3640d0a8c1c55de42269d64a07f937bcf5d6cef57507af6e56,1681233744,0x71e11e0fc20a2adf27026fbf8674b38f8ff945f0,0x71e11e0fc20a2adf27026fbf8674b38f8ff945f0,0,23650086263083463046866085460688010098893623875122636648911714629906015607279,4.95,15.0,0.0,YES,2023-04-11 17:22:24+00:00,BUY,4.95,15.0,0.33,0.33,0.67
0xc210d98cfe12e6f67a7e0e193b86c105b6c62246d5c2d927bdc81debd3c17713_0xa5926de6fb609194774173f0acffa606ecb4d1ec0a685702706eff87b248e5e0,0xc210d98cfe12e6f67a7e0e193b86c105b6c62246d5c2d927bdc81debd3c17713,1681233754,0x71e11e0fc20a2adf27026fbf8674b38f8ff945f0,0x71e11e0fc20a2adf27026fbf8674b38f8ff945f0,0,23650086263083463046866085460688010098893623875122636648911714629906015607279,4.95,15.0,0.0,YES,2023-04-11 17:22:34+00:00,BUY,4.95,15.0,0.33,0.33,0.67
0x8809f00b0500e638c399ed18d9d86fd4551749a9768dc190804fa7c2857d9418_0x012471735dcb152be332a1c3093cf8faaa19781432265f4066bc119e8a757d1a,0x8809f00b0500e638c399ed18d9d86fd4551749a9768dc190804fa7c2857d9418,1681233764,0x71e11e0fc20a2adf27026fbf8674b38f8ff945f0,0x71e11e0fc20a2adf27026fbf8674b38f8ff945f0,0,23650086263083463046866085460688010098893623875122636648911714629906015607279,4.95,15.0,0.0,YES,2023-04-11 17:22:44+00:00,BUY,4.95,15.0,0.33,0.33,0.67
0xc6131784f3feec5d3f6bdb1838037a8a2db4c353328fa07c93246b55d0c560c0_0x9755ee5b25edd43efd6bb26ce32eaff4981ba027ab86af197c211a0eb1ad803d,0xc6131784f3feec5d3f6bdb1838037a8a2db4c353328fa07c93246b55d0c560c0,1681233774,0x71e11e0fc20a2adf27026fbf8674b38f8ff945f0,0x71e11e0fc20a2adf27026fbf8674b38f8ff945f0,0,23650086263083463046866085460688010098893623875122636648911714629906015607279,4.95,15.0,0.0,YES,2023-04-11 17:22:54+00:00,BUY,4.95,15.0,0.33,0.33,0.67
0x799aaa79d49422d16af9ed291c9f2297fe8c169cea82cf110ad23cf577c385af_0xbeec92733e46252053ecae7fd7008a185bced9db0d324ca937755af4bbda810e,0x799aaa79d49422d16af9ed291c9f2297fe8c169cea82cf110ad23cf577c385af,1681233782,0x71e11e0fc20a2adf27026fbf8674b38f8ff945f0,0x71e11e0fc20a2adf27026fbf8674b38f8ff945f0,0,23650086263083463046866085460688010098893623875122636648911714629906015607279,4.95,15.0,0.0,YES,2023-04-11 17:23:02+00:00,BUY,4.95,15.0,0.33,0.33,0.67
0x3ec87a66acd939df7c4a39c94e5c8f1c63dd447cc315b2c65651ba5c254d1644_0x681d6b6f5dc2c23008cd97a7e0e089037e619834bee4b9e378ecb16f27dca58d,0x3ec87a66acd939df7c4a39c94e5c8f1c63dd447cc315b2c65651ba5c254d1644,1681233792,0x71e11e0fc20a2adf27026fbf8674b38f8ff945f0,0x71e11e0fc20a2adf27026fbf8674b38f8ff945f0,0,23650086263083463046866085460688010098893623875122636648911714629906015607279,4.95,15.0,0.0,YES,2023-04-11 17:23:12+00:00,BUY,4.95,15.0,0.33,0.33,0.67
0xccce82a55dbfebe46070e924741e022dfcd790e442927122bcffc8ab4dbc5203_0x1ea64ab39c990b3be51b716ff9b56b0a1865e89258a54ea3bda2f3edb3b4ce97,0xccce82a55dbfebe46070e924741e022dfcd790e442927122bcffc8ab4dbc5203,1681233802,0x71e11e0fc20a2adf27026fbf8674b38f8ff945f0,0x71e11e0fc20a2adf27026fbf8674b38f8ff945f0,0,23650086263083463046866085460688010098893623875122636648911714629906015607279,4.95,15.0,0.0,YES,2023-04-11 17:23:22+00:00,BUY,4.95,15.0,0.33,0.33,0.67
0x92d20e4c1c9e805be79fcb9870928aa8e7792bff321afd27f3f088c3a0adfe92_0xd56a9e921b6d6b1df886c790a9e0fd909ef47fbf76d7d3f4063ffa52dc3215c9,0x92d20e4c1c9e805be79fcb9870928aa8e7792bff321afd27f3f088c3a0adfe92,1681233810,0x71e11e0fc20a2adf27026fbf8674b38f8ff945f0,0x71e11e0fc20a2adf27026fbf8674b38f8ff945f0,0,23650086263083463046866085460688010098893623875122636648911714629906015607279,4.95,15.0,0.0,YES,2023-04-11 17:23:30+00:00,BUY,4.95,15.0,0.33,0.33,0.67
0xd163d62b8a7bb04a84938ad9a053e6d05eea4f250a58543c80fadbab0c29a998_0x4e535f4cd204286d5df85589258924b80858eb70f701d4b39cb33936466013ad,0xd163d62b8a7bb04a84938ad9a053e6d05eea4f250a58543c80fadbab0c29a998,1681233820,0x71e11e0fc20a2adf27026fbf8674b38f8ff945f0,0x71e11e0fc20a2adf27026fbf8674b38f8ff945f0,0,23650086263083463046866085460688010098893623875122636648911714629906015607279,4.95,15.0,0.0,YES,2023-04-11 17:23:40+00:00,BUY,4.95,15.0,0.33,0.33,0.67
0x4ac747e01942c59b59f32c93fb012a35138191739ffc9c43dad19eda48de9905_0xb5cae14cdcc12e4d7aa08e9fa1fe221b2008b053f2b4e0e59e69571b520a3857,0x4ac747e01942c59b59f32c93fb012a35138191739ffc9c43dad19eda48de9905,1681233830,0x71e11e0fc20a2adf27026fbf8674b38f8ff945f0,0x71e11e0fc20a2adf27026fbf8674b38f8ff945f0,0,23650086263083463046866085460688010098893623875122636648911714629906015607279,4.95,15.0,0.0,YES,2023-04-11 17:23:50+00:00,BUY,4.95,15.0,0.33,0.33,0.67
0xfd6d0741480cd86afbefe66378b6087af7603d6ddb151c7a0f82e211e81b077b_0xe6a41b51507c90b638373cb6f5374d712077172cfe3589bc59db8466524eb150,0xfd6d0741480cd86afbefe66378b6087af7603d6ddb151c7a0f82e211e81b077b,1681233838,0x71e11e0fc20a2adf27026fbf8674b38f8ff945f0,0x71e11e0fc20a2adf27026fbf8674b38f8ff945f0,0,23650086263083463046866085460688010098893623875122636648911714629906015607279,4.95,15.0,0.0,YES,2023-04-11 17:23:58+00:00,BUY,4.95,15.0,0.33,0.33,0.67
0xa34b1093e1626e630b0332131726022dbeeb0c53c7e975fd9f7e4069c309d372_0x49fe1811912a334ad6863656f7fcf4f51baa49db56dc22d2d0ebfb1f7d7f44f2,0xa34b1093e1626e630b0332131726022dbeeb0c53c7e975fd9f7e4069c309d372,1681233848,0x71e11e0fc20a2adf27026fbf8674b38f8ff945f0,0x71e11e0fc20a2adf27026fbf8674b38f8ff945f0,0,23650086263083463046866085460688010098893623875122636648911714629906015607279,4.95,15.0,0.0,YES,2023-04-11 17:24:08+00:00,BUY,4.95,15.0,0.33,0.33,0.67
0xe9e24762f4b7f1a0d7855b45deb1606c546df1213cde15746b3db7da72b5c823_0x4c205a46e512934262158a291fcf80cd20d02dc2059954085d63e4e0deb061d1,0xe9e24762f4b7f1a0d7855b45deb1606c546df1213cde15746b3db7da72b5c823,1681233860,0x71e11e0fc20a2adf27026fbf8674b38f8ff945f0,0x71e11e0fc20a2adf27026fbf8674b38f8ff945f0,0,23650086263083463046866085460688010098893623875122636648911714629906015607279,4.95,15.0,0.0,YES,2023-04-11 17:24:20+00:00,BUY,4.95,15.0,0.33,0.33,0.67
0xcc611f90dcbde225db2a64d8f21cbbd954f8f9c199c37745fd6fc38bd9cf6cae_0x64f721a3d3584cbf3db862c1fb53763996f9d7a6184c0c4a458f5a5ab233c036,0xcc611f90dcbde225db2a64d8f21cbbd954f8f9c199c37745fd6fc38bd9cf6cae,1681233866,0x71e11e0fc20a2adf27026fbf8674b38f8ff945f0,0x71e11e0fc20a2adf27026fbf8674b38f8ff945f0,0,23650086263083463046866085460688010098893623875122636648911714629906015607279,4.95,15.0,0.0,YES,2023-04-11 17:24:26+00:00,BUY,4.95,15.0,0.33,0.33,0.67
0x53a4a8f4393aec10110f0a9e9549259e2997d82339c1c229aaa03c30e7448a9a_0xfe567c7432e6b7f2bb6c0f134242e3dd8640804a38a7453e5eba4740667663ec,0x53a4a8f4393aec10110f0a9e9549259e2997d82339c1c229aaa03c30e7448a9a,1681233876,0x71e11e0fc20a2adf27026fbf8674b38f8ff945f0,0x71e11e0fc20a2adf27026fbf8674b38f8ff945f0,0,23650086263083463046866085460688010098893623875122636648911714629906015607279,4.95,15.0,0.0,YES,2023-04-11 17:24:36+00:00,BUY,4.95,15.0,0.33,0.33,0.67
0x3c76647b862c5fd4fab4503e50c35ed8f0a1932642798a07956b3dbb3fa1176f_0x38350f41cc62afdc47172ce82012e14811d6faed22f8b33c6ab9cee0acb19765,0x3c76647b862c5fd4fab4503e50c35ed8f0a1932642798a07956b3dbb3fa1176f,1681233886,0x71e11e0fc20a2adf27026fbf8674b38f8ff945f0,0x71e11e0fc20a2adf27026fbf8674b38f8ff945f0,0,23650086263083463046866085460688010098893623875122636648911714629906015607279,4.95,15.0,0.0,YES,2023-04-11 17:24:46+00:00,BUY,4.95,15.0,0.33,0.33,0.67
0x89c671442c843ff7c0cefbd5650c9d355fd4b281095b9c9de8bd35bf1406f7d0_0x898aa0fec40564a2fc2ad9e26f0b6811607e4cc5e850b93f241fa84e6f44a6f7,0x89c671442c843ff7c0cefbd5650c9d355fd4b281095b9c9de8bd35bf1406f7d0,1681233896,0x71e11e0fc20a2adf27026fbf8674b38f8ff945f0,0x71e11e0fc20a2adf27026fbf8674b38f8ff945f0,0,23650086263083463046866085460688010098893623875122636648911714629906015607279,4.95,15.0,0.0,YES,2023-04-11 17:24:56+00:00,BUY,4.95,15.0,0.33,0.33,0.67
0x2e62e671631284fa81a75f5ca94e7a7232568c76ed4b41a24f27aa7a4fdccc16_0x403a5bfb42ecf75c93587b2105e00ef6bfa5046fe34c23351cdc0d645cbeb861,0x2e62e671631284fa81a75f5ca94e7a7232568c76ed4b41a24f27aa7a4fdccc16,1681233904,0x71e11e0fc20a2adf27026fbf8674b38f8ff945f0,0x71e11e0fc20a2adf27026fbf8674b38f8ff945f0,0,23650086263083463046866085460688010098893623875122636648911714629906015607279,4.95,15.0,0.0,YES,2023-04-11 17:25:04+00:00,BUY,4.95,15.0,0.33,0.33,0.67
0xe09c7854ad777e82cf20707df0d411fb59513aa5d2e54c43749ed4d15832d9ac_0x7018b987e3f720999c5678ed6a8066dfd7d38b2ab226b75fd86e944048fee41b,0xe09c7854ad777e82cf20707df0d411fb59513aa5d2e54c43749ed4d15832d9ac,1681233914,0x71e11e0fc20a2adf27026fbf8674b38f8ff945f0,0x71e11e0fc20a2adf27026fbf8674b38f8ff945f0,0,23650086263083463046866085460688010098893623875122636648911714629906015607279,4.95,15.0,0.0,YES,2023-04-11 17:25:14+00:00,BUY,4.95,15.0,0.33,0.33,0.67
0x6d0191d47c57d4dd0c308cf826b31fb3ca9faeb96471ec8e455f87080db07d70_0xa75874f49ae1cce8187475d51665aa5650aeb0ecdac65bb27a8cb670d62d972c,0x6d0191d47c57d4dd0c308cf826b31fb3ca9faeb96471ec8e455f87080db07d70,1681233924,0x71e11e0fc20a2adf27026fbf8674b38f8ff945f0,0x71e11e0fc20a2adf27026fbf8674b38f8ff945f0,0,23650086263083463046866085460688010098893623875122636648911714629906015607279,4.95,15.0,0.0,YES,2023-04-11 17:25:24+00:00,BUY,4.95,15.0,0.33,0.33,0.67
0x5bc65e0a637d9ce504f9f1d016ff1b0acb017260d1ba3ad223e2a7a5ace07e44_0x23a2fe800ab9fe3faa6e11ef60df392d8a05d95fe51c85a7ea7fadc9e36b9fff,0x5bc65e0a637d9ce504f9f1d016ff1b0acb017260d1ba3ad223e2a7a5ace07e44,1681233934,0x71e11e0fc20a2adf27026fbf8674b38f8ff945f0,0x71e11e0fc20a2adf27026fbf8674b38f8ff945f0,0,23650086263083463046866085460688010098893623875122636648911714629906015607279,4.95,15.0,0.0,YES,2023-04-11 17:25:34+00:00,BUY,4.95,15.0,0.33,0.33,0.67
0x10e371d4bed95433a4181be736a4fa551104db3a021fae50b59ee4e3a7ab1c6c_0xbc4b3db70fc1f45f4883b2eb94afead3148fcbdcdd66ae6bc5f8c7fabafbaf98,0x10e371d4bed95433a4181be736a4fa551104db3a021fae50b59ee4e3a7ab1c6c,1681233942,0x71e11e0fc20a2adf27026fbf8674b38f8ff945f0,0x71e11e0fc20a2adf27026fbf8674b38f8ff945f0,0,23650086263083463046866085460688010098893623875122636648911714629906015607279,4.95,15.0,0.0,YES,2023-04-11 17:25:42+00:00,BUY,4.95,15.0,0.33,0.33,0.67
0xee31112e524304a1f0342a21e67b638ba8cc0fbbc703beabeff9f0920d364f3a_0xf46f36ca5b53d2d15cb95ac2ce124ff0450311c185fbc7ad442df6abbe4c44f5,0xee31112e524304a1f0342a21e67b638ba8cc0fbbc703beabeff9f0920d364f3a,1681233952,0x71e11e0fc20a2adf27026fbf8674b38f8ff945f0,0x71e11e0fc20a2adf27026fbf8674b38f8ff945f0,0,23650086263083463046866085460688010098893623875122636648911714629906015607279,4.95,15.0,0.0,YES,2023-04-11 17:25:52+00:00,BUY,4.95,15.0,0.33,0.33,0.67
0xc79d65226a35f96ca77d4e61bb17a6f100e16a944d8f082bc51ea49d79c33dce_0xbef11a21a8906814b120f3dc76127cf4b0c72945937d0a3e349bacc036cdf8a1,0xc79d65226a35f96ca77d4e61bb17a6f100e16a944d8f082bc51ea49d79c33dce,1681233962,0x71e11e0fc20a2adf27026fbf8674b38f8ff945f0,0x71e11e0fc20a2adf27026fbf8674b38f8ff945f0,0,23650086263083463046866085460688010098893623875122636648911714629906015607279,4.95,15.0,0.0,YES,2023-04-11 17:26:02+00:00,BUY,4.95,15.0,0.33,0.33,0.67
0x07925a012fd404c061496587a3f58b14bd7eebce1aab015855cc17998ca1ef97_0x569f5b1687cabb8b8ec62b889f5b72e59f87c4ee4b803c68fa0e5ded2749a62b,0x07925a012fd404c061496587a3f58b14bd7eebce1aab015855cc17998ca1ef97,1681233972,0x71e11e0fc20a2adf27026fbf8674b38f8ff945f0,0x71e11e0fc20a2adf27026fbf8674b38f8ff945f0,0,23650086263083463046866085460688010098893623875122636648911714629906015607279,4.95,15.0,0.0,YES,2023-04-11 17:26:12+00:00,BUY,4.95,15.0,0.33,0.33,0.67
0x65725b780af71fd22f5030535e4d045c733fd23f3c50c85027a27831fb105044_0x318fba82acda172ebd102d4deb5f4a294d154edd5c7a83ffddbe58eb5472cf58,0x65725b780af71fd22f5030535e4d045c733fd23f3c50c85027a27831fb105044,1681233982,0x71e11e0fc20a2adf27026fbf8674b38f8ff945f0,0x71e11e0fc20a2adf27026fbf8674b38f8ff945f0,0,23650086263083463046866085460688010098893623875122636648911714629906015607279,4.95,15.0,0.0,YES,2023-04-11 17:26:22+00:00,BUY,4.95,15.0,0.33,0.33,0.67
0x1668da4c629209e068de0dc38077ca9f5211175f0cd7628a073882efea434f34_0x964454e8adc934a8bee4e33b6f4b663633ec55ea07c8bda4c15a521a0d8c8976,0x1668da4c629209e068de0dc38077ca9f5211175f0cd7628a073882efea434f34,1681233990,0x71e11e0fc20a2adf27026fbf8674b38f8ff945f0,0x71e11e0fc20a2adf27026fbf8674b38f8ff945f0,0,23650086263083463046866085460688010098893623875122636648911714629906015607279,4.95,15.0,0.0,YES,2023-04-11 17:26:30+00:00,BUY,4.95,15.0,0.33,0.33,0.67
0x8273b371d7ebf89cb2462af671c374c5b95b43461ab224f1e4b228204594f250_0x1dfd7578ed924205131c19b528896f0bbc782f7589112e2c28196153ddf0cbb3,0x8273b371d7ebf89cb2462af671c374c5b95b43461ab224f1e4b228204594f250,1681234000,0x71e11e0fc20a2adf27026fbf8674b38f8ff945f0,0x71e11e0fc20a2adf27026fbf8674b38f8ff945f0,0,23650086263083463046866085460688010098893623875122636648911714629906015607279,4.95,15.0,0.0,YES,2023-04-11 17:26:40+00:00,BUY,4.95,15.0,0.33,0.33,0.67
0x941cdef46d08697bb48344ac593469b3947bd5ed05284b0f076cd29a8ec1e187_0x34a17e71a162f008f2922ca8c9684b44860f8b5f7883408529b8e3d94ffc70ea,0x941cdef46d08697bb48344ac593469b3947bd5ed05284b0f076cd29a8ec1e187,1681234010,0x71e11e0fc20a2adf27026fbf8674b38f8ff945f0,0x71e11e0fc20a2adf27026fbf8674b38f8ff945f0,0,23650086263083463046866085460688010098893623875122636648911714629906015607279,4.95,15.0,0.0,YES,2023-04-11 17:26:50+00:00,BUY,4.95,15.0,0.33,0.33,0.67
0x1b169532d23f322b5b24e7d82091cd25d48b5b0400d827cd2547bfe3387fd7e9_0x609799f42773a12e18639e4e3402d512c30c1a4bfbba9ca4581d1c25321ae38c,0x1b169532d23f322b5b24e7d82091cd25d48b5b0400d827cd2547bfe3387fd7e9,1681234020,0x71e11e0fc20a2adf27026fbf8674b38f8ff945f0,0x71e11e0fc20a2adf27026fbf8674b38f8ff945f0,0,23650086263083463046866085460688010098893623875122636648911714629906015607279,4.95,15.0,0.0,YES,2023-04-11 17:27:00+00:00,BUY,4.95,15.0,0.33,0.33,0.67
0x723616d0c24cc99aa6dff513f160f234a05bc11f42e9e3ba9b07fac5087633d3_0xb97da19165ae04b7822bf0f21365a839b3d8c4260fa717698ffc570369a211b4,0x723616d0c24cc99aa6dff513f160f234a05bc11f42e9e3ba9b07fac5087633d3,1681234034,0x71e11e0fc20a2adf27026fbf8674b38f8ff945f0,0x71e11e0fc20a2adf27026fbf8674b38f8ff945f0,0,23650086263083463046866085460688010098893623875122636648911714629906015607279,4.95,15.0,0.0,YES,2023-04-11 17:27:14+00:00,BUY,4.95,15.0,0.33,0.33,0.67
0xd21aede6d7fadab3f5b3ff119f6c247c0da4eeae7fa390a06d1251c78cbd3f3f_0x055add5c658392c0b7eb23e8d2f6c9dbd28474c4c84cfb36c295de287699898a,0xd21aede6d7fadab3f5b3ff119f6c247c0da4eeae7fa390a06d1251c78cbd3f3f,1681234046,0x71e11e0fc20a2adf27026fbf8674b38f8ff945f0,0x71e11e0fc20a2adf27026fbf8674b38f8ff945f0,0,23650086263083463046866085460688010098893623875122636648911714629906015607279,4.95,15.0,0.0,YES,2023-04-11 17:27:26+00:00,BUY,4.95,15.0,0.33,0.33,0.67
0xf5b8e97f87bf485e7b144a1e719d7e2655024a56e9cb3462341f575a2c3d408a_0xb262369d8f459a65d2368f387a4f9e870d384d8b94cdc4052062f5c7ec78d07f,0xf5b8e97f87bf485e7b144a1e719d7e2655024a56e9cb3462341f575a2c3d408a,1681234052,0x71e11e0fc20a2adf27026fbf8674b38f8ff945f0,0x71e11e0fc20a2adf27026fbf8674b38f8ff945f0,0,23650086263083463046866085460688010098893623875122636648911714629906015607279,4.95,15.0,0.0,YES,2023-04-11 17:27:32+00:00,BUY,4.95,15.0,0.33,0.33,0.67
0x79f2727dd2fa542c684266155fbc1ba3c3e36371fb6d865720b8fc7cf62dcace_0x378baedd018c8bc421504fa47eb1edf261f43927fa81e320fc6b9b78759077b2,0x79f2727dd2fa542c684266155fbc1ba3c3e36371fb6d865720b8fc7cf62dcace,1681234064,0x71e11e0fc20a2adf27026fbf8674b38f8ff945f0,0x71e11e0fc20a2adf27026fbf8674b38f8ff945f0,0,23650086263083463046866085460688010098893623875122636648911714629906015607279,4.95,15.0,0.0,YES,2023-04-11 17:27:44+00:00,BUY,4.95,15.0,0.33,0.33,0.67
0x66d22ed4c704896b255b1759730640c4daf402ad87d402b6da90f977fb3e4a84_0x5e2b41a59211b65d54c4818f874c8ca2cf9bf4c62c4f544b6981f68fe5987e19,0x66d22ed4c704896b255b1759730640c4daf402ad87d402b6da90f977fb3e4a84,1681234076,0x71e11e0fc20a2adf27026fbf8674b38f8ff945f0,0x71e11e0fc20a2adf27026fbf8674b38f8ff945f0,0,23650086263083463046866085460688010098893623875122636648911714629906015607279,4.95,15.0,0.0,YES,2023-04-11 17:27:56+00:00,BUY,4.95,15.0,0.33,0.33,0.67
0x5f5e915b1e711b2cd0ac1be590a37c2d9f49acd0e183ccd64ab365b655ef3edb_0x473eac6aa2f59e273c5506218093aa6689f7e812b3c7b9c6ac72edb3e5169f04,0x5f5e915b1e711b2cd0ac1be590a37c2d9f49acd0e183ccd64ab365b655ef3edb,1681234082,0x71e11e0fc20a2adf27026fbf8674b38f8ff945f0,0x71e11e0fc20a2adf27026fbf8674b38f8ff945f0,0,23650086263083463046866085460688010098893623875122636648911714629906015607279,4.95,15.0,0.0,YES,2023-04-11 17:28:02+00:00,BUY,4.95,15.0,0.33,0.33,0.67
0x49c0c9691b81da483094be7b556056b22660792207fff02ec9d2933bb7e9e8a3_0x52732337445fa2a012e71a9f2b646b62d8a66643e291391f6add1c66433f22c3,0x49c0c9691b81da483094be7b556056b22660792207fff02ec9d2933bb7e9e8a3,1681234094,0x71e11e0fc20a2adf27026fbf8674b38f8ff945f0,0x71e11e0fc20a2adf27026fbf8674b38f8ff945f0,0,23650086263083463046866085460688010098893623875122636648911714629906015607279,4.95,15.0,0.0,YES,2023-04-11 17:28:14+00:00,BUY,4.95,15.0,0.33,0.33,0.67
0xa694328fd7ab814ccce446445c6e0271edc1b3871dc629761e5f3de4eb56de5c_0xb7b756261fd1be96ddd83001821cc77d097ecc4dc14edc4159b1ce457acae4d6,0xa694328fd7ab814ccce446445c6e0271edc1b3871dc629761e5f3de4eb56de5c,1681234100,0x71e11e0fc20a2adf27026fbf8674b38f8ff945f0,0x71e11e0fc20a2adf27026fbf8674b38f8ff945f0,0,23650086263083463046866085460688010098893623875122636648911714629906015607279,4.95,15.0,0.0,YES,2023-04-11 17:28:20+00:00,BUY,4.95,15.0,0.33,0.33,0.67
0x1b0274d337f2e584b08a13bec54e52c26115a5dff5d37a1b09d0b649ad6a868f_0x00182c722c190f231e3638e07008e82bbfcb12bb1f45a3afbd1243d7000c8d81,0x1b0274d337f2e584b08a13bec54e52c26115a5dff5d37a1b09d0b649ad6a868f,1681234112,0x71e11e0fc20a2adf27026fbf8674b38f8ff945f0,0x71e11e0fc20a2adf27026fbf8674b38f8ff945f0,0,23650086263083463046866085460688010098893623875122636648911714629906015607279,4.95,15.0,0.0,YES,2023-04-11 17:28:32+00:00,BUY,4.95,15.0,0.33,0.33,0.67
0x0d3d28d9c8f35f2d11b0dde8c8cb4f30e70e1f825ce404d8fcb8a9d4f2aa0e44_0xba0e297b8a624daa26e858ff9374cc3b8c187b95a4cc5bd1ca4ea6c0aa698377,0x0d3d28d9c8f35f2d11b0dde8c8cb4f30e70e1f825ce404d8fcb8a9d4f2aa0e44,1681234124,0x71e11e0fc20a2adf27026fbf8674b38f8ff945f0,0x71e11e0fc20a2adf27026fbf8674b38f8ff945f0,0,23650086263083463046866085460688010098893623875122636648911714629906015607279,4.95,15.0,0.0,YES,2023-04-11 17:28:44+00:00,BUY,4.95,15.0,0.33,0.33,0.67
0x3443c21690fe57bd2dec9c20a6df94aae93fe2230717ef539867d93a7c529c45_0xe28d1d0a383253eefdf3aa0a408cadf81efc162eba5a6ce1a5669af38929a41d,0x3443c21690fe57bd2dec9c20a6df94aae93fe2230717ef539867d93a7c529c45,1681234130,0x71e11e0fc20a2adf27026fbf8674b38f8ff945f0,0x71e11e0fc20a2adf27026fbf8674b38f8ff945f0,0,23650086263083463046866085460688010098893623875122636648911714629906015607279,4.95,15.0,0.0,YES,2023-04-11 17:28:50+00:00,BUY,4.95,15.0,0.33,0.33,0.67
0xb50f97ca811f2c6c966f6f39c832052cf03a7e9b32bc64fdc7fb6cd93cbe628f_0x6b402620f5ef6689b53eaee36f6455796dfde5ff8f3fd55ad1ed23e03fc6f973,0xb50f97ca811f2c6c966f6f39c832052cf03a7e9b32bc64fdc7fb6cd93cbe628f,1681234138,0x71e11e0fc20a2adf27026fbf8674b38f8ff945f0,0x71e11e0fc20a2adf27026fbf8674b38f8ff945f0,0,23650086263083463046866085460688010098893623875122636648911714629906015607279,4.95,15.0,0.0,YES,2023-04-11 17:28:58+00:00,BUY,4.95,15.0,0.33,0.33,0.67
0x1051a1655e7c5393daeb6a7dce609f51362666a89de901d57041a47f115e2f37_0x4a764fa80c1c5e7cf7e8be77cedd12c7e849f790cd325da7ddb1337386467d91,0x1051a1655e7c5393daeb6a7dce609f51362666a89de901d57041a47f115e2f37,1681234146,0x71e11e0fc20a2adf27026fbf8674b38f8ff945f0,0x71e11e0fc20a2adf27026fbf8674b38f8ff945f0,0,23650086263083463046866085460688010098893623875122636648911714629906015607279,4.95,15.0,0.0,YES,2023-04-11 17:29:06+00:00,BUY,4.95,15.0,0.33,0.33,0.67
0x17645ddd1b0696b02f06332d0bca69773de8f1e31ef65a722074c32458ba8c65_0x19114a5b5f17d0a018989dd5fe877f8418c8dc53f4a8ea6747e9810df2918b5b,0x17645ddd1b0696b02f06332d0bca69773de8f1e31ef65a722074c32458ba8c65,1681234158,0x71e11e0fc20a2adf27026fbf8674b38f8ff945f0,0x71e11e0fc20a2adf27026fbf8674b38f8ff945f0,0,23650086263083463046866085460688010098893623875122636648911714629906015607279,4.95,15.0,0.0,YES,2023-04-11 17:29:18+00:00,BUY,4.95,15.0,0.33,0.33,0.67
0x0dabdb619a248cd6114642cc4b10bb91b00ee148023df606e863b51307ab2332_0xb54e51f2f24d9cc44c886c539a4ffce725dd5bd122b38b187f0e530733fca40f,0x0dabdb619a248cd6114642cc4b10bb91b00ee148023df606e863b51307ab2332,1681234166,0x71e11e0fc20a2adf27026fbf8674b38f8ff945f0,0x71e11e0fc20a2adf27026fbf8674b38f8ff945f0,0,23650086263083463046866085460688010098893623875122636648911714629906015607279,4.95,15.0,0.0,YES,2023-04-11 17:29:26+00:00,BUY,4.95,15.0,0.33,0.33,0.67
0x09c6e87f1987f0117aaab1f85781d6776d0b7cfb9aed4832801b548cce0aa31b_0x43c0db02b8cc6c806ea16bc7cdd57c12930eb054899681c09a27103524b927e3,0x09c6e87f1987f0117aaab1f85781d6776d0b7cfb9aed4832801b548cce0aa31b,1681234174,0x71e11e0fc20a2adf27026fbf8674b38f8ff945f0,0x71e11e0fc20a2adf27026fbf8674b38f8ff945f0,0,23650086263083463046866085460688010098893623875122636648911714629906015607279,4.95,15.0,0.0,YES,2023-04-11 17:29:34+00:00,BUY,4.95,15.0,0.33,0.33,0.67
0x1f44dc8dc835aae0770d61223c8f09b9388cf39fcfaff9e822c7acc16340139f_0x3563f5746236c59cf81cf7acee70e6c607f71da519412ac7e70cb7b529049b9e,0x1f44dc8dc835aae0770d61223c8f09b9388cf39fcfaff9e822c7acc16340139f,1681234186,0x71e11e0fc20a2adf27026fbf8674b38f8ff945f0,0x71e11e0fc20a2adf27026fbf8674b38f8ff945f0,0,23650086263083463046866085460688010098893623875122636648911714629906015607279,4.95,15.0,0.0,YES,2023-04-11 17:29:46+00:00,BUY,4.95,15.0,0.33,0.33,0.67
0x8024bb6f2e05cf2777df347421cec5b9f740bbd6f86f26d6bce5280a658a1772_0xf555f7371ba8441e98370721f47621cb51a9063e8ebeec8af785b8f78632f6f9,0x8024bb6f2e05cf2777df347421cec5b9f740bbd6f86f26d6bce5280a658a1772,1681234196,0x71e11e0fc20a2adf27026fbf8674b38f8ff945f0,0x71e11e0fc20a2adf27026fbf8674b38f8ff945f0,0,23650086263083463046866085460688010098893623875122636648911714629906015607279,4.95,15.0,0.0,YES,2023-04-11 17:29:56+00:00,BUY,4.95,15.0,0.33,0.33,0.67
0x6de137ac77224ec6d03d2e37dde56dfb822a538facd0512f76160ad69a876703_0xa0351eb97c5c45392facb5985e7bb824bed250830b4b8cd89670db5857a36241,0x6de137ac77224ec6d03d2e37dde56dfb822a538facd0512f76160ad69a876703,1681234204,0x71e11e0fc20a2adf27026fbf8674b38f8ff945f0,0x71e11e0fc20a2adf27026fbf8674b38f8ff945f0,0,23650086263083463046866085460688010098893623875122636648911714629906015607279,4.95,15.0,0.0,YES,2023-04-11 17:30:04+00:00,BUY,4.95,15.0,0.33,0.33,0.67
0xd8c93e4601c2f46c9d67937ca5ffb599a35ba1b1144f9614d3e805124969be42_0xad7ddeefec282ce7abeed2b509c79018e356297d22ddde2142581000efb0a583,0xd8c93e4601c2f46c9d67937ca5ffb599a35ba1b1144f9614d3e805124969be42,1681234212,0x71e11e0fc20a2adf27026fbf8674b38f8ff945f0,0x71e11e0fc20a2adf27026fbf8674b38f8ff945f0,0,23650086263083463046866085460688010098893623875122636648911714629906015607279,4.95,15.0,0.0,YES,2023-04-11 17:30:12+00:00,BUY,4.95,15.0,0.33,0.33,0.67
0xfc3e097548e968238344f6861706d6ef1c7fa6706aca3ad811e2e6218d41860a_0x9decf4ec4fce9231758e9f358adcee1f62f2e8c0e945e48df538b259849def22,0xfc3e097548e968238344f6861706d6ef1c7fa6706aca3ad811e2e6218d41860a,1681234224,0x71e11e0fc20a2adf27026fbf8674b38f8ff945f0,0x71e11e0fc20a2adf27026fbf8674b38f8ff945f0,0,23650086263083463046866085460688010098893623875122636648911714629906015607279,4.95,15.0,0.0,YES,2023-04-11 17:30:24+00:00,BUY,4.95,15.0,0.33,0.33,0.67
0xe4a0c264a1894f67404b04f8ab35bd47dc993834dec3df25b4ecf82cec9ff18c_0x6f5b59b0b1a0e6fd39f44f9b4746a53b9819f4f40640b1a186710e2d6ddff4b1,0xe4a0c264a1894f67404b04f8ab35bd47dc993834dec3df25b4ecf82cec9ff18c,1681234232,0x71e11e0fc20a2adf27026fbf8674b38f8ff945f0,0x71e11e0fc20a2adf27026fbf8674b38f8ff945f0,0,23650086263083463046866085460688010098893623875122636648911714629906015607279,4.95,15.0,0.0,YES,2023-04-11 17:30:32+00:00,BUY,4.95,15.0,0.33,0.33,0.67
0x5295877f23b21ba4b7d23e0e1f1ed9da3090c74c68ee871bbed7a1d0f25b3163_0xa1ea22d789eb2c7ada55317601e4cd4c22fce09bd41907aa933f3f9ce0b22a95,0x5295877f23b21ba4b7d23e0e1f1ed9da3090c74c68ee871bbed7a1d0f25b3163,1681234240,0x71e11e0fc20a2adf27026fbf8674b38f8ff945f0,0x71e11e0fc20a2adf27026fbf8674b38f8ff945f0,0,23650086263083463046866085460688010098893623875122636648911714629906015607279,4.95,15.0,0.0,YES,2023-04-11 17:30:40+00:00,BUY,4.95,15.0,0.33,0.33,0.67
0x360eb4899cb20bad5d68ce8e655c00c9e72969b0b9873792301db89b71a4bc2c_0xcd41ae4291e8115c0e1258df8016df2faa0112523eb99b26abfcb43bbcc5db29,0x360eb4899cb20bad5d68ce8e655c00c9e72969b0b9873792301db89b71a4bc2c,1681234252,0x71e11e0fc20a2adf27026fbf8674b38f8ff945f0,0x71e11e0fc20a2adf27026fbf8674b38f8ff945f0,0,23650086263083463046866085460688010098893623875122636648911714629906015607279,4.95,15.0,0.0,YES,2023-04-11 17:30:52+00:00,BUY,4.95,15.0,0.33,0.33,0.67
0xb685c3a267ffca4116595d2dff9597c12594625c513ba8a00d7da539acf19a8c_0x73e223cfd542bb8ef4785eb96aacb0a36a6720fd8b37bbaab8079cbfc026e393,0xb685c3a267ffca4116595d2dff9597c12594625c513ba8a00d7da539acf19a8c,1681234260,0x71e11e0fc20a2adf27026fbf8674b38f8ff945f0,0x71e11e0fc20a2adf27026fbf8674b38f8ff945f0,0,23650086263083463046866085460688010098893623875122636648911714629906015607279,4.95,15.0,0.0,YES,2023-04-11 17:31:00+00:00,BUY,4.95,15.0,0.33,0.33,0.67
0x039aa9357bc3d5b6ac3c92926e840b6440f3b1f8187a7f870ba2cc9c3aea35b1_0xbb6a0743fa864582859f552dd499f72d419a68ba0e6fb69cc3ee0f7eae26cf9a,0x039aa9357bc3d5b6ac3c92926e840b6440f3b1f8187a7f870ba2cc9c3aea35b1,1681234266,0x71e11e0fc20a2adf27026fbf8674b38f8ff945f0,0x71e11e0fc20a2adf27026fbf8674b38f8ff945f0,0,23650086263083463046866085460688010098893623875122636648911714629906015607279,4.95,15.0,0.0,YES,2023-04-11 17:31:06+00:00,BUY,4.95,15.0,0.33,0.33,0.67
0xa08f69d726e9ae847ee75ad7002c02cb8789b36f001d8033507168a7aa6b8d64_0x2d01322d41710c2004d2e98daf3b4c4d5455b2e29d702eb2119b5ed1c3c7b6d0,0xa08f69d726e9ae847ee75ad7002c02cb8789b36f001d8033507168a7aa6b8d64,1681234276,0x71e11e0fc20a2adf27026fbf8674b38f8ff945f0,0x71e11e0fc20a2adf27026fbf8674b38f8ff945f0,0,23650086263083463046866085460688010098893623875122636648911714629906015607279,4.95,15.0,0.0,YES,2023-04-11 17:31:16+00:00,BUY,4.95,15.0,0.33,0.33,0.67
0xd9c2d4111ba6f64a2a0821ceab0eeff476e321ab812ec5492d64fc6d202748a2_0x1bc9023dcd3bc239cb5432b8d2820f350716a3058429208d129d7928800d083e,0xd9c2d4111ba6f64a2a0821ceab0eeff476e321ab812ec5492d64fc6d202748a2,1681234286,0x71e11e0fc20a2adf27026fbf8674b38f8ff945f0,0x71e11e0fc20a2adf27026fbf8674b38f8ff945f0,0,23650086263083463046866085460688010098893623875122636648911714629906015607279,4.95,15.0,0.0,YES,2023-04-11 17:31:26+00:00,BUY,4.95,15.0,0.33,0.33,0.67
0xe357f4efd3aa3fa03f10bf4cbbcc730679d66d2bae0abe66d4b1b6b1f3a7c080_0x715495a242552260c0fd16587b7353c69817a25cf8fff9c743d7da1977375e6b,0xe357f4efd3aa3fa03f10bf4cbbcc730679d66d2bae0abe66d4b1b6b1f3a7c080,1681234296,0x71e11e0fc20a2adf27026fbf8674b38f8ff945f0,0x71e11e0fc20a2adf27026fbf8674b38f8ff945f0,0,23650086263083463046866085460688010098893623875122636648911714629906015607279,4.95,15.0,0.0,YES,2023-04-11 17:31:36+00:00,BUY,4.95,15.0,0.33,0.33,0.67
0x266515012bc152f8cb296604005cd75ba660710aa4bf6a0bd3675918d6f3bd73_0x0965329c3ac73f7ffedf1e59bfebf1def2ef4c22bfe62dfd9697273ad67e58f4,0x266515012bc152f8cb296604005cd75ba660710aa4bf6a0bd3675918d6f3bd73,1681234306,0x71e11e0fc20a2adf27026fbf8674b38f8ff945f0,0x71e11e0fc20a2adf27026fbf8674b38f8ff945f0,0,23650086263083463046866085460688010098893623875122636648911714629906015607279,4.95,15.0,0.0,YES,2023-04-11 17:31:46+00:00,BUY,4.95,15.0,0.33,0.33,0.67
0x0d2c2e7b68be2664d2ad3678674909ac9d05c8529f7e081cca06f038c49731d0_0x7e41d27a7f0306a9fcc200229a75fabead7931190afac2b349563a2ef91613f0,0x0d2c2e7b68be2664d2ad3678674909ac9d05c8529f7e081cca06f038c49731d0,1681234314,0x71e11e0fc20a2adf27026fbf8674b38f8ff945f0,0x71e11e0fc20a2adf27026fbf8674b38f8ff945f0,0,23650086263083463046866085460688010098893623875122636648911714629906015607279,4.95,15.0,0.0,YES,2023-04-11 17:31:54+00:00,BUY,4.95,15.0,0.33,0.33,0.67
0x84fdec362d82bf5d9be8183971e66b4a9e3172b572f474215537a8b6a6cb47e4_0xece726694c727fb1b17bec8b269a55746f11ceb656b121d1d152bbfb266f776d,0x84fdec362d82bf5d9be8183971e66b4a9e3172b572f474215537a8b6a6cb47e4,1681234324,0x71e11e0fc20a2adf27026fbf8674b38f8ff945f0,0x71e11e0fc20a2adf27026fbf8674b38f8ff945f0,0,23650086263083463046866085460688010098893623875122636648911714629906015607279,4.95,15.0,0.0,YES,2023-04-11 17:32:04+00:00,BUY,4.95,15.0,0.33,0.33,0.67
0x6a1723d1379f591490e8523785e53a5eaae5d001a8306bccc86c536b9baf8938_0xbf37b6ad5168effddcd4c0b356c1fdac6b1e9dd1840f1701f847415e5f79264e,0x6a1723d1379f591490e8523785e53a5eaae5d001a8306bccc86c536b9baf8938,1681234334,0x71e11e0fc20a2adf27026fbf8674b38f8ff945f0,0x71e11e0fc20a2adf27026fbf8674b38f8ff945f0,0,23650086263083463046866085460688010098893623875122636648911714629906015607279,4.95,15.0,0.0,YES,2023-04-11 17:32:14+00:00,BUY,4.95,15.0,0.33,0.33,0.67
0x0043fa8aae34170dabb81ce117e40fc6674c4c8ce7a55b19bb9a44f4a50fb96b_0x7aa9a4fd7598204efd9ac773d29d8e0784619d9946321546697c708ff56eb929,0x0043fa8aae34170dabb81ce117e40fc6674c4c8ce7a55b19bb9a44f4a50fb96b,1681234344,0x71e11e0fc20a2adf27026fbf8674b38f8ff945f0,0x71e11e0fc20a2adf27026fbf8674b38f8ff945f0,0,23650086263083463046866085460688010098893623875122636648911714629906015607279,4.95,15.0,0.0,YES,2023-04-11 17:32:24+00:00,BUY,4.95,15.0,0.33,0.33,0.67
0x1630b25a2c015be9b8948c3689a195d8c371cbdfcb8354ddd59db91f88518162_0xf97c37d155edfab9ca30ce7e75c297ce924bcc318d7fff964989b446670a8406,0x1630b25a2c015be9b8948c3689a195d8c371cbdfcb8354ddd59db91f88518162,1681234352,0x71e11e0fc20a2adf27026fbf8674b38f8ff945f0,0x71e11e0fc20a2adf27026fbf8674b38f8ff945f0,0,23650086263083463046866085460688010098893623875122636648911714629906015607279,4.95,15.0,0.0,YES,2023-04-11 17:32:32+00:00,BUY,4.95,15.0,0.33,0.33,0.67
0x9646af5f3c1cdfae849ecd48e1e84ee42ce3d370e2f7193bc51e42458f72b95d_0x363ada030868d5ee44087244662bf6dea4e5c1808aab18d98b065c64284dbcd2,0x9646af5f3c1cdfae849ecd48e1e84ee42ce3d370e2f7193bc51e42458f72b95d,1681234646,0x71e11e0fc20a2adf27026fbf8674b38f8ff945f0,0x71e11e0fc20a2adf27026fbf8674b38f8ff945f0,0,23650086263083463046866085460688010098893623875122636648911714629906015607279,4.95,15.0,0.0,YES,2023-04-11 17:37:26+00:00,BUY,4.95,15.0,0.33,0.33,0.67
0x350efcf0cc9a18666cfa185832ed8ac3dedfe34545461719575789b6e064fffc_0xba93b6759680cb3b5b9865d22c284e2b5401fd85184dbef7b42a674c5ec25469,0x350efcf0cc9a18666cfa185832ed8ac3dedfe34545461719575789b6e064fffc,1681239894,0x71e11e0fc20a2adf27026fbf8674b38f8ff945f0,0x71e11e0fc20a2adf27026fbf8674b38f8ff945f0,0,23650086263083463046866085460688010098893623875122636648911714629906015607279,4.8,15.0,0.0,YES,2023-04-11 19:04:54+00:00,BUY,4.8,15.0,0.32,0.32,0.68
0x76f1a2472d954a9b363a0458bfb751e791b2270a4dbc295628eb741f9226d834_0x58faa2b92c2c623d88a924ace20ee79002fecd4c2f473991534b0cbdb6e1fe29,0x76f1a2472d954a9b363a0458bfb751e791b2270a4dbc295628eb741f9226d834,1681239904,0x71e11e0fc20a2adf27026fbf8674b38f8ff945f0,0x71e11e0fc20a2adf27026fbf8674b38f8ff945f0,0,23650086263083463046866085460688010098893623875122636648911714629906015607279,4.8,15.0,0.0,YES,2023-04-11 19:05:04+00:00,BUY,4.8,15.0,0.32,0.32,0.68
0xc3bb5511a1a5c1bf71be3921e04ae357bcd70b7dc84ba51d7b976732c7f59740_0xa4fa67331a5e4f4c6ca03dac6008c08e150721d6fbd9212fe0f2249e0e7f74ec,0xc3bb5511a1a5c1bf71be3921e04ae357bcd70b7dc84ba51d7b976732c7f59740,1681239914,0x71e11e0fc20a2adf27026fbf8674b38f8ff945f0,0x71e11e0fc20a2adf27026fbf8674b38f8ff945f0,0,23650086263083463046866085460688010098893623875122636648911714629906015607279,4.8,15.0,0.0,YES,2023-04-11 19:05:14+00:00,BUY,4.8,15.0,0.32,0.32,0.68
0xc1433595b2a410d22a2f2a36a1983275de29a1201b541d0e8abb1f6ee61faa18_0xbf77c65c5f208db615bae6d7132825674e66b0048b358419221f6b2d932fffb2,0xc1433595b2a410d22a2f2a36a1983275de29a1201b541d0e8abb1f6ee61faa18,1681239924,0x71e11e0fc20a2adf27026fbf8674b38f8ff945f0,0x71e11e0fc20a2adf27026fbf8674b38f8ff945f0,0,23650086263083463046866085460688010098893623875122636648911714629906015607279,4.8,15.0,0.0,YES,2023-04-11 19:05:24+00:00,BUY,4.8,15.0,0.32,0.32,0.68
0x224e8122e24e1733bcb2711f92669f2abbd272b23d0a9c9c74521ee521005e10_0x80ccc3c1853b88acbfd5b294ce684f0d01e83cf29aefd31d5ab046d23f0b6447,0x224e8122e24e1733bcb2711f92669f2abbd272b23d0a9c9c74521ee521005e10,1681239936,0x71e11e0fc20a2adf27026fbf8674b38f8ff945f0,0x71e11e0fc20a2adf27026fbf8674b38f8ff945f0,0,23650086263083463046866085460688010098893623875122636648911714629906015607279,4.8,15.0,0.0,YES,2023-04-11 19:05:36+00:00,BUY,4.8,15.0,0.32,0.32,0.68
0x7810752d233ebe4de676bca558371c2df738cf0d216050ac4f96758988d29b26_0x60c53af395a934ac95a3a9fb1486e5ef435044f7d079346d18c3885c98680374,0x7810752d233ebe4de676bca558371c2df738cf0d216050ac4f96758988d29b26,1681239942,0x71e11e0fc20a2adf27026fbf8674b38f8ff945f0,0x71e11e0fc20a2adf27026fbf8674b38f8ff945f0,0,23650086263083463046866085460688010098893623875122636648911714629906015607279,4.8,15.0,0.0,YES,2023-04-11 19:05:42+00:00,BUY,4.8,15.0,0.32,0.32,0.68
0xfdb0b073c2bc8efc4ee9c0e67cc87b1cda30cc343a8aacba8a3c6fec0256cd26_0xc5ec978f5aea140efb8f4e8353820e9b69bd4779242291790995f400c5f0144d,0xfdb0b073c2bc8efc4ee9c0e67cc87b1cda30cc343a8aacba8a3c6fec0256cd26,1681240314,0x8e34ce4df786d3966d4df44f8763178b63f62fa1,0x4bfb41d5b3570defd03c39a9a4d8de6bd8b8982e,0,23650086263083463046866085460688010098893623875122636648911714629906015607279,16.579999,47.371427,0.0,YES,2023-04-11 19:11:54+00:00,BUY,16.579999,47.371427,0.3499999905006029,0.3499999905006029,0.65
0xeb7b60e7dde16a7c37cde96d86d00f4c5d58480f1caad56e764402ddff0a6490_0xa5b37e44481806f623d413940c71cf9e2d428651ac41b2eda97f98567d17ad14,0xeb7b60e7dde16a7c37cde96d86d00f4c5d58480f1caad56e764402ddff0a6490,1681244445,0xcb7cd74a2d15caa89f53971b04277725c30471fc,0x4bfb41d5b3570defd03c39a9a4d8de6bd8b8982e,0,23650086263083463046866085460688010098893623875122636648911714629906015607279,228.419961,652.628461,0.0,YES,2023-04-11 20:20:45+00:00,BUY,228.419961,652.628461,0.34999999946370713,0.34999999946370713,0.65
0xa6abf86084ff2a927a5abcbffb6d9a3bf4fa0f80da1dc80283fd6c86c7737d37_0x2e955b2ead5c4ba0d4930e6123a4acff6339694ff7577112d8ec01b67b637304,0xa6abf86084ff2a927a5abcbffb6d9a3bf4fa0f80da1dc80283fd6c86c7737d37,1681244467,0xcb7cd74a2d15caa89f53971b04277725c30471fc,0x4bfb41d5b3570defd03c39a9a4d8de6bd8b8982e,0,23650086263083463046866085460688010098893623875122636648911714629906015607279,72.0,200.0,0.0,YES,2023-04-11 20:21:07+00:00,BUY,72.0,200.0,0.36,0.36,0.64
0x3c114cc93360b09ab198d6608e827b6c0795e7900565fc5ed7991d13aaba2eb0_0xb82d4fa49ac1b0ba32141e8488d44837718950ff1d542048b62480c3163ae803,0x3c114cc93360b09ab198d6608e827b6c0795e7900565fc5ed7991d13aaba2eb0,1681274182,0xcb7cd74a2d15caa89f53971b04277725c30471fc,0x4bfb41d5b3570defd03c39a9a4d8de6bd8b8982e,0,23650086263083463046866085460688010098893623875122636648911714629906015607279,70.0,200.0,0.0,YES,2023-04-12 04:36:22+00:00,BUY,70.0,200.0,0.35,0.35,0.65
0x588a7965f42ece528bd1e57f83b54e1bdfdfbc0eb69c7c74503309e8fc41eb27_0xf1314880566a214d703cf6dab38a377a577135d218c0cad26bda86cc3c591844,0x588a7965f42ece528bd1e57f83b54e1bdfdfbc0eb69c7c74503309e8fc41eb27,1681302035,0x61b7acc426bd48c2c4f0d9d6ffc7dbcd5deae7e2,0x777fae71d2ff9ec48a1213d48ba1d9d91024a1bb,0,23650086263083463046866085460688010098893623875122636648911714629906015607279,40.0,100.0,0.0,YES,2023-04-12 12:20:35+00:00,BUY,40.0,100.0,0.4,0.4,0.6
0x1a5c84eaf9b423715665d6949d50e9461eb96929ed73715f23f9c89fbefe84c6_0xcd1b4ed43f1a572eaf2a97e81e2c6cce57020215e5692bb79e67b27a4d44e665,0x1a5c84eaf9b423715665d6949d50e9461eb96929ed73715f23f9c89fbefe84c6,1681309493,0x61b7acc426bd48c2c4f0d9d6ffc7dbcd5deae7e2,0xaaf4acafbb7980ce93631d238eb10a5c4ca67883,10471858302215688542208502268759874949544002641905802691882717205181975539961,0,100.0,66.0,0.0,NO,2023-04-12 14:24:53+00:00,SELL,66.0,100.0,0.66,0.34,0.66
0x368bec3505bab67fc9e09963cb30df5e5496f3e3e94f09576246bf137a35f38d_0x3d2df247b09ffd9292fe850f4aa7c8ebb0f8cfa92a55c7c9dffbfa028695a341,0x368bec3505bab67fc9e09963cb30df5e5496f3e3e94f09576246bf137a35f38d,1681312875,0xaaf4acafbb7980ce93631d238eb10a5c4ca67883,0x777fae71d2ff9ec48a1213d48ba1d9d91024a1bb,10471858302215688542208502268759874949544002641905802691882717205181975539961,0,250.0,175.0,0.0,NO,2023-04-12 15:21:15+00:00,SELL,175.0,250.0,0.7,0.3,0.7
0x2aa645abb0591ef6d942a6a62206303cbad692dc79d6b9e63799337603d0dd92_0x93f5736067098f59d586dbc7d14bca7e81a02e2aeb8cdc8c3d45e6694fdbc46f,0x2aa645abb0591ef6d942a6a62206303cbad692dc79d6b9e63799337603d0dd92,1681313809,0xcb7cd74a2d15caa89f53971b04277725c30471fc,0x4bfb41d5b3570defd03c39a9a4d8de6bd8b8982e,0,23650086263083463046866085460688010098893623875122636648911714629906015607279,48.0,200.0,0.0,YES,2023-04-12 15:36:49+00:00,BUY,48.0,200.0,0.24,0.24,0.76
0x18796026078da1c1aa0dc162d4a8637a051591ec1a3edcd298d07ba981c04689_0x96e60e72cc30f9e6a7435cdd64c99647875278ca3d364dda93c1d4aa033c06ad,0x18796026078da1c1aa0dc162d4a8637a051591ec1a3edcd298d07ba981c04689,1681322759,0xa282f14c503d1ed3d11e67b84eee9dadb60a1cc2,0x4bfb41d5b3570defd03c39a9a4d8de6bd8b8982e,0,23650086263083463046866085460688010098893623875122636648911714629906015607279,52.0,200.0,0.0,YES,2023-04-12 18:05:59+00:00,BUY,52.0,200.0,0.26,0.26,0.74
0x0f385948f92a65d00125ea4c2e285b7c1c5a30e47d432c5878e768b97c36ab32_0x041d96f472dfb12ffd307d3607bbf58148121972d0a86907dae8ec37335681f0,0x0f385948f92a65d00125ea4c2e285b7c1c5a30e47d432c5878e768b97c36ab32,1681324804,0x61b7acc426bd48c2c4f0d9d6ffc7dbcd5deae7e2,0x4bfb41d5b3570defd03c39a9a4d8de6bd8b8982e,0,23650086263083463046866085460688010098893623875122636648911714629906015607279,52.0,200.0,0.0,YES,2023-04-12 18:40:04+00:00,BUY,52.0,200.0,0.26,0.26,0.74
0x5936ef87826461ba8fd42aca0835f9ce86ef77239947556b9102153c006f843b_0x2dd9bd715be0056e54867937635c129b2b9e3ba428c22e4a22e9d5594e832b73,0x5936ef87826461ba8fd42aca0835f9ce86ef77239947556b9102153c006f843b,1681326290,0xcb7cd74a2d15caa89f53971b04277725c30471fc,0x4bfb41d5b3570defd03c39a9a4d8de6bd8b8982e,0,23650086263083463046866085460688010098893623875122636648911714629906015607279,41.7096,154.48,0.0,YES,2023-04-12 19:04:50+00:00,BUY,41.7096,154.48,0.27,0.27,0.73
0x11b61eeadfdf1c80cc2132fe059c95415dc186e208c69a5bbb2b67843b8607d0_0xb85ff79cc5eb1ec2a3520bd3f8fa162683788a36759b6c2c67434d5ecfdea8c0,0x11b61eeadfdf1c80cc2132fe059c95415dc186e208c69a5bbb2b67843b8607d0,1681329837,0xa282f14c503d1ed3d11e67b84eee9dadb60a1cc2,0x71e11e0fc20a2adf27026fbf8674b38f8ff945f0,0,23650086263083463046866085460688010098893623875122636648911714629906015607279,3.3,15.0,0.0,YES,2023-04-12 20:03:57+00:00,BUY,3.3,15.0,0.22,0.22,0.78
0x272afae9d627e064ff19bcd237d335863219423280cc59aa8fa1d33b791e695a_0xb85ff79cc5eb1ec2a3520bd3f8fa162683788a36759b6c2c67434d5ecfdea8c0,0x272afae9d627e064ff19bcd237d335863219423280cc59aa8fa1d33b791e695a,1681332580,0xa282f14c503d1ed3d11e67b84eee9dadb60a1cc2,0x71e11e0fc20a2adf27026fbf8674b38f8ff945f0,0,23650086263083463046866085460688010098893623875122636648911714629906015607279,3.3,15.0,0.0,YES,2023-04-12 20:49:40+00:00,BUY,3.3,15.0,0.22,0.22,0.78
0x7a7159c6f6e137993f4c89395135646ddd50c415f7f4a1f47246df874ffdf657_0xb32404b155e07211c31abf74ce0cd01a5cf40ee27d81332b30246306e197a7d4,0x7a7159c6f6e137993f4c89395135646ddd50c415f7f4a1f47246df874ffdf657,1681390336,0x296bd652f74deac6a8bd9bcb04265f3a65fd2cf2,0x9d84ce0306f8551e02efef1680475fc0f1dc1344,10471858302215688542208502268759874949544002641905802691882717205181975539961,0,200.0,154.0,0.0,NO,2023-04-13 12:52:16+00:00,SELL,154.0,200.0,0.77,0.23,0.77
0xd3945cfe8051138727b2d055b00ded2209b8309231c44ee3aeb5715856078149_0x8a692cf88a80f0323e6b21615bfec3da77ea352c96baf1fb1c3119003b4a4bfe,0xd3945cfe8051138727b2d055b00ded2209b8309231c44ee3aeb5715856078149,1681390402,0x3cf3e8d5427aed066a7a5926980600f6c3cf87b3,0x8a4c788f043023b8b28a762216d037e9f148532b,23650086263083463046866085460688010098893623875122636648911714629906015607279,0,25.0,6.75,0.0,YES,2023-04-13 12:53:22+00:00,SELL,6.75,25.0,0.27,0.27,0.73
0xfd8cdab5ad4b446cfe4a986c655c816d34be6a8be416c5e66138d76785d6adb2_0x1bbbd2ac4ec26a18333b90dfe5ca2114b56929cc643339ca589ac3c5b05bcbed,0xfd8cdab5ad4b446cfe4a986c655c816d34be6a8be416c5e66138d76785d6adb2,1681390664,0x3cf3e8d5427aed066a7a5926980600f6c3cf87b3,0x4bfb41d5b3570defd03c39a9a4d8de6bd8b8982e,0,23650086263083463046866085460688010098893623875122636648911714629906015607279,15.0,50.0,0.0,YES,2023-04-13 12:57:44+00:00,BUY,15.0,50.0,0.3,0.3,0.7
0x4ee60159b341c107b91deadf665286d4d2d1aa4387f3d58cca40d3b4e189d564_0xd0198f6229a5c86634233c871069db48663447e07548d6fd78f99ee1e7521a64,0x4ee60159b341c107b91deadf665286d4d2d1aa4387f3d58cca40d3b4e189d564,1681395748,0xa282f14c503d1ed3d11e67b84eee9dadb60a1cc2,0x4bfb41d5b3570defd03c39a9a4d8de6bd8b8982e,0,23650086263083463046866085460688010098893623875122636648911714629906015607279,105.0,350.0,0.0,YES,2023-04-13 14:22:28+00:00,BUY,105.0,350.0,0.3,0.3,0.7
0xc86eb888785028bd42186ae0f6eee08ad6c3fcf7ea9bf9896d4c253c8e70da88_0x03a82287d51bd8e1817924d40408a9eade81db4084dc0f1dfcf75b0a7a294bdf,0xc86eb888785028bd42186ae0f6eee08ad6c3fcf7ea9bf9896d4c253c8e70da88,1681399326,0xa282f14c503d1ed3d11e67b84eee9dadb60a1cc2,0x71e11e0fc20a2adf27026fbf8674b38f8ff945f0,0,23650086263083463046866085460688010098893623875122636648911714629906015607279,3.75,15.0,0.0,YES,2023-04-13 15:22:06+00:00,BUY,3.75,15.0,0.25,0.25,0.75
0xc8ede68d56bada53c632793926b75a3c7819cd31feb668c2903ecc32e4dc282b_0xeb6eff54823a58172155ea4837f504a32ba8c64cb4e2269e48df3f07b500b5f5,0xc8ede68d56bada53c632793926b75a3c7819cd31feb668c2903ecc32e4dc282b,1681399960,0x97e1ba3df65945930d72a272c79a3d296033e853,0x4bfb41d5b3570defd03c39a9a4d8de6bd8b8982e,0,23650086263083463046866085460688010098893623875122636648911714629906015607279,513.999999,1489.473683,0.0,YES,2023-04-13 15:32:40+00:00,BUY,513.999999,1489.473683,0.34508833883169726,0.34508833883169726,0.654912
0x263ba4c24dcef6bc9e8f673496ba834d5deec872a9ff88bac62c80eaa99f5a00_0x48b7fbdb8b9b6980479f0132e321e8c8dab76f296a029950b36a790b0379afbc,0x263ba4c24dcef6bc9e8f673496ba834d5deec872a9ff88bac62c80eaa99f5a00,1681405073,0x296bd652f74deac6a8bd9bcb04265f3a65fd2cf2,0x71e11e0fc20a2adf27026fbf8674b38f8ff945f0,0,23650086263083463046866085460688010098893623875122636648911714629906015607279,4.65,15.0,0.0,YES,2023-04-13 16:57:53+00:00,BUY,4.65,15.0,0.31,0.31,0.69
0x4633b991acbdcd05c3fb2ba6b84b51510e657316ccc51a99e59216e7e36c690e_0x48b7fbdb8b9b6980479f0132e321e8c8dab76f296a029950b36a790b0379afbc,0x4633b991acbdcd05c3fb2ba6b84b51510e657316ccc51a99e59216e7e36c690e,1681405619,0x296bd652f74deac6a8bd9bcb04265f3a65fd2cf2,0x71e11e0fc20a2adf27026fbf8674b38f8ff945f0,0,23650086263083463046866085460688010098893623875122636648911714629906015607279,4.65,15.0,0.0,YES,2023-04-13 17:06:59+00:00,BUY,4.65,15.0,0.31,0.31,0.69
0x4f6608ff2a6d3ab6235a9489bee6a7a83c6840af1b8b89938c16ef33faaad58f_0x48b7fbdb8b9b6980479f0132e321e8c8dab76f296a029950b36a790b0379afbc,0x4f6608ff2a6d3ab6235a9489bee6a7a83c6840af1b8b89938c16ef33faaad58f,1681406303,0x296bd652f74deac6a8bd9bcb04265f3a65fd2cf2,0x71e11e0fc20a2adf27026fbf8674b38f8ff945f0,0,23650086263083463046866085460688010098893623875122636648911714629906015607279,4.65,15.0,0.0,YES,2023-04-13 17:18:23+00:00,BUY,4.65,15.0,0.31,0.31,0.69
0x79b5552054d5a1784b9db45a81ea66dc8cb02116ce785937fcfd47f81891515e_0xc0fcd111c8a9060604e67dcec0deb5b39f19a9bfce7a6d6f4320605cdf6ff155,0x79b5552054d5a1784b9db45a81ea66dc8cb02116ce785937fcfd47f81891515e,1681409901,0x296bd652f74deac6a8bd9bcb04265f3a65fd2cf2,0x71e11e0fc20a2adf27026fbf8674b38f8ff945f0,0,23650086263083463046866085460688010098893623875122636648911714629906015607279,4.65,15.0,0.0,YES,2023-04-13 18:18:21+00:00,BUY,4.65,15.0,0.31,0.31,0.69
0x5452bcb8082753e6de91ab48dc62500082eb01c43af2699677e61df717c99208_0xc0fcd111c8a9060604e67dcec0deb5b39f19a9bfce7a6d6f4320605cdf6ff155,0x5452bcb8082753e6de91ab48dc62500082eb01c43af2699677e61df717c99208,1681409913,0x296bd652f74deac6a8bd9bcb04265f3a65fd2cf2,0x71e11e0fc20a2adf27026fbf8674b38f8ff945f0,0,23650086263083463046866085460688010098893623875122636648911714629906015607279,4.65,15.0,0.0,YES,2023-04-13 18:18:33+00:00,BUY,4.65,15.0,0.31,0.31,0.69
0xb24ebf170c5d5677fa10f54ef3fab13957fcc8cca444e3865fb82c5c5d119fcd_0xc0fcd111c8a9060604e67dcec0deb5b39f19a9bfce7a6d6f4320605cdf6ff155,0xb24ebf170c5d5677fa10f54ef3fab13957fcc8cca444e3865fb82c5c5d119fcd,1681410822,0x296bd652f74deac6a8bd9bcb04265f3a65fd2cf2,0x71e11e0fc20a2adf27026fbf8674b38f8ff945f0,0,23650086263083463046866085460688010098893623875122636648911714629906015607279,4.65,15.0,0.0,YES,2023-04-13 18:33:42+00:00,BUY,4.65,15.0,0.31,0.31,0.69
0x7638f83ca814f1dd6d2f01c60599d4403af8b1fa6861535c01e812dc4c4b1218_0xc0fcd111c8a9060604e67dcec0deb5b39f19a9bfce7a6d6f4320605cdf6ff155,0x7638f83ca814f1dd6d2f01c60599d4403af8b1fa6861535c01e812dc4c4b1218,1681411518,0x296bd652f74deac6a8bd9bcb04265f3a65fd2cf2,0x777fae71d2ff9ec48a1213d48ba1d9d91024a1bb,0,23650086263083463046866085460688010098893623875122636648911714629906015607279,48.05,155.0,0.0,YES,2023-04-13 18:45:18+00:00,BUY,48.05,155.0,0.31,0.31,0.69
0x3439f9a07b87919636761468a35f904aa76d8e23706021fe3ee4c8b6b3ec1a3a_0x416e6993eb7e0be07f406946a01df8a157f9ea09ea1392cf5dd072c98beb1cfc,0x3439f9a07b87919636761468a35f904aa76d8e23706021fe3ee4c8b6b3ec1a3a,1681419829,0x296bd652f74deac6a8bd9bcb04265f3a65fd2cf2,0x71e11e0fc20a2adf27026fbf8674b38f8ff945f0,0,23650086263083463046866085460688010098893623875122636648911714629906015607279,4.8,16.0,0.0,YES,2023-04-13 21:03:49+00:00,BUY,4.8,16.0,0.3,0.3,0.7
0x4e7d375fa5d42b378490ced337082d8b7a42c6174fd7c015face05f4a83fb43e_0x416e6993eb7e0be07f406946a01df8a157f9ea09ea1392cf5dd072c98beb1cfc,0x4e7d375fa5d42b378490ced337082d8b7a42c6174fd7c015face05f4a83fb43e,1681419841,0x296bd652f74deac6a8bd9bcb04265f3a65fd2cf2,0x71e11e0fc20a2adf27026fbf8674b38f8ff945f0,0,23650086263083463046866085460688010098893623875122636648911714629906015607279,4.8,16.0,0.0,YES,2023-04-13 21:04:01+00:00,BUY,4.8,16.0,0.3,0.3,0.7
0xba53b999f22a1a2d9498140eed47530f94b52974331374813a2f9ecbacf13d61_0x416e6993eb7e0be07f406946a01df8a157f9ea09ea1392cf5dd072c98beb1cfc,0xba53b999f22a1a2d9498140eed47530f94b52974331374813a2f9ecbacf13d61,1681419847,0x296bd652f74deac6a8bd9bcb04265f3a65fd2cf2,0x71e11e0fc20a2adf27026fbf8674b38f8ff945f0,0,23650086263083463046866085460688010098893623875122636648911714629906015607279,4.8,16.0,0.0,YES,2023-04-13 21:04:07+00:00,BUY,4.8,16.0,0.3,0.3,0.7
0xddf85a0bb3fb4d8b6f0e61ef54fdc63a7f54733975aed8d8617ba9ed85b804fd_0x416e6993eb7e0be07f406946a01df8a157f9ea09ea1392cf5dd072c98beb1cfc,0xddf85a0bb3fb4d8b6f0e61ef54fdc63a7f54733975aed8d8617ba9ed85b804fd,1681422733,0x296bd652f74deac6a8bd9bcb04265f3a65fd2cf2,0x9d84ce0306f8551e02efef1680475fc0f1dc1344,0,23650086263083463046866085460688010098893623875122636648911714629906015607279,45.6,152.0,0.0,YES,2023-04-13 21:52:13+00:00,BUY,45.6,152.0,0.3,0.3,0.7
0x79318a161f59aee4fa00c2224da406842290e2cb454de8327ed11efeeed83a91_0x93b47145920c8eb2e5046f99445a919e97badcfd904ca1792b6784682cab0161,0x79318a161f59aee4fa00c2224da406842290e2cb454de8327ed11efeeed83a91,1681437782,0x3cf3e8d5427aed066a7a5926980600f6c3cf87b3,0x4bfb41d5b3570defd03c39a9a4d8de6bd8b8982e,23650086263083463046866085460688010098893623875122636648911714629906015607279,0,38.88,11.2752,0.0,YES,2023-04-14 02:03:02+00:00,SELL,11.2752,38.88,0.29,0.29,0.71
0x2adeb828e6dbe405fb36d633cb099661c6ed055b8741bc97dfac552789172864_0x8752f35c9c332bce49e0f725be42554c89d5c64a3d17d16a3d89a28da2537e59,0x2adeb828e6dbe405fb36d633cb099661c6ed055b8741bc97dfac552789172864,1681439950,0x3cf3e8d5427aed066a7a5926980600f6c3cf87b3,0xa282f14c503d1ed3d11e67b84eee9dadb60a1cc2,23650086263083463046866085460688010098893623875122636648911714629906015607279,0,28.88,8.9528,0.0,YES,2023-04-14 02:39:10+00:00,SELL,8.9528,28.88,0.31,0.31,0.69
0xa4ca945388d38cfeb465aaf328925f49abed914aaa13d8536edbfae5b348d6cf_0x8eaeac0023ce666f0c4e262c531b7d15e347027842eac3a5d777c96ccc90c8b2,0xa4ca945388d38cfeb465aaf328925f49abed914aaa13d8536edbfae5b348d6cf,1681466933,0x296bd652f74deac6a8bd9bcb04265f3a65fd2cf2,0xd1acd3925d895de9aec98ff95f3a30c5279d08d5,0,23650086263083463046866085460688010098893623875122636648911714629906015607279,58.0,200.0,0.0,YES,2023-04-14 10:08:53+00:00,BUY,58.0,200.0,0.29,0.29,0.71
0xbb3f7130e579b10f49bda372198c737e7e6ad9e55b6e6edaafe8539f45c98056_0xc42fa9dc27f1979450e6ffc5bc5e3e9b97945c0f4fb6602dbdf8a6a887d12f27,0xbb3f7130e579b10f49bda372198c737e7e6ad9e55b6e6edaafe8539f45c98056,1681476234,0xa282f14c503d1ed3d11e67b84eee9dadb60a1cc2,0xd1acd3925d895de9aec98ff95f3a30c5279d08d5,0,23650086263083463046866085460688010098893623875122636648911714629906015607279,26.0,100.0,0.0,YES,2023-04-14 12:43:54+00:00,BUY,26.0,100.0,0.26,0.26,0.74
0x3f97f0d70aa394b60d52c737275d2608c212bbcf2f88fc907b90259e0581cf78_0x03a82287d51bd8e1817924d40408a9eade81db4084dc0f1dfcf75b0a7a294bdf,0x3f97f0d70aa394b60d52c737275d2608c212bbcf2f88fc907b90259e0581cf78,1681476362,0xa282f14c503d1ed3d11e67b84eee9dadb60a1cc2,0x3cf3e8d5427aed066a7a5926980600f6c3cf87b3,0,23650086263083463046866085460688010098893623875122636648911714629906015607279,3.75,15.0,0.0,YES,2023-04-14 12:46:02+00:00,BUY,3.75,15.0,0.25,0.25,0.75
0xe408f7e9eccb28bffce7c6e5554f7a10f599527f0ba2c538e71af3caa1e99344_0x03a82287d51bd8e1817924d40408a9eade81db4084dc0f1dfcf75b0a7a294bdf,0xe408f7e9eccb28bffce7c6e5554f7a10f599527f0ba2c538e71af3caa1e99344,1681477032,0xa282f14c503d1ed3d11e67b84eee9dadb60a1cc2,0xd1acd3925d895de9aec98ff95f3a30c5279d08d5,0,23650086263083463046866085460688010098893623875122636648911714629906015607279,30.0,120.0,0.0,YES,2023-04-14 12:57:12+00:00,BUY,30.0,120.0,0.25,0.25,0.75
0xa481d23bb9c07c06446d93ee677680cb5aedaba00d76214b10397f3d4b6eadab_0x9524921adc0b7a77ba84def21e657914168b2f21d00efa2b7df2cd2d3103eef3,0xa481d23bb9c07c06446d93ee677680cb5aedaba00d76214b10397f3d4b6eadab,1681477338,0x296bd652f74deac6a8bd9bcb04265f3a65fd2cf2,0xd1acd3925d895de9aec98ff95f3a30c5279d08d5,0,23650086263083463046866085460688010098893623875122636648911714629906015607279,56.0,200.0,0.0,YES,2023-04-14 13:02:18+00:00,BUY,56.0,200.0,0.28,0.28,0.72
0x4dcbfebf05640d8447beb3f5cf25a4cf596db28e899ed3618c1565cb4faf93a3_0x33f3718e50be3084a41f957d8060d6dfd05144f6da8cf043a4aae40bf830e0d5,0x4dcbfebf05640d8447beb3f5cf25a4cf596db28e899ed3618c1565cb4faf93a3,1681477366,0xaaf4acafbb7980ce93631d238eb10a5c4ca67883,0x3cf3e8d5427aed066a7a5926980600f6c3cf87b3,0,23650086263083463046866085460688010098893623875122636648911714629906015607279,24.0,100.0,0.0,YES,2023-04-14 13:02:46+00:00,BUY,24.0,100.0,0.24,0.24,0.76
0x83228a60df41292a993d371332f7880deb4838ad6da13f6cd874e8b39d03624e_0x33f3718e50be3084a41f957d8060d6dfd05144f6da8cf043a4aae40bf830e0d5,0x83228a60df41292a993d371332f7880deb4838ad6da13f6cd874e8b39d03624e,1681477394,0xaaf4acafbb7980ce93631d238eb10a5c4ca67883,0xd1acd3925d895de9aec98ff95f3a30c5279d08d5,0,23650086263083463046866085460688010098893623875122636648911714629906015607279,24.0,100.0,0.0,YES,2023-04-14 13:03:14+00:00,BUY,24.0,100.0,0.24,0.24,0.76
0xbf438122c0668e6d39724f31ebbb92afa5b4c3ee2a12133a979085cf0bc29fa5_0xb85ff79cc5eb1ec2a3520bd3f8fa162683788a36759b6c2c67434d5ecfdea8c0,0xbf438122c0668e6d39724f31ebbb92afa5b4c3ee2a12133a979085cf0bc29fa5,1681484336,0xa282f14c503d1ed3d11e67b84eee9dadb60a1cc2,0x71e11e0fc20a2adf27026fbf8674b38f8ff945f0,0,23650086263083463046866085460688010098893623875122636648911714629906015607279,3.52,16.0,0.0,YES,2023-04-14 14:58:56+00:00,BUY,3.52,16.0,0.22,0.22,0.78
0xf5dac41294308ed94ff1ae1c269062db95fdc8a4f68bac5ffaedeb5e8abbbeb3_0x9d5fd57aacc0aec4bf6f27209e389a362b859b331e9af16fee8645172c8bbc73,0xf5dac41294308ed94ff1ae1c269062db95fdc8a4f68bac5ffaedeb5e8abbbeb3,1681484348,0x296bd652f74deac6a8bd9bcb04265f3a65fd2cf2,0x71e11e0fc20a2adf27026fbf8674b38f8ff945f0,0,23650086263083463046866085460688010098893623875122636648911714629906015607279,2.64,12.0,0.0,YES,2023-04-14 14:59:08+00:00,BUY,2.64,12.0,0.22,0.22,0.78
0x6437b89ff663dfc518fa2151f183eff925ebe2487d4a47495f0218eeb3b43a7a_0x9d5fd57aacc0aec4bf6f27209e389a362b859b331e9af16fee8645172c8bbc73,0x6437b89ff663dfc518fa2151f183eff925ebe2487d4a47495f0218eeb3b43a7a,1681484358,0x296bd652f74deac6a8bd9bcb04265f3a65fd2cf2,0x71e11e0fc20a2adf27026fbf8674b38f8ff945f0,0,23650086263083463046866085460688010098893623875122636648911714629906015607279,3.52,16.0,0.0,YES,2023-04-14 14:59:18+00:00,BUY,3.52,16.0,0.22,0.22,0.78
0xd228bc4a9b5c61aa94fa421872b9c45c70fb863cf2394f82ab0e8a4f80f7d2f2_0x9d5fd57aacc0aec4bf6f27209e389a362b859b331e9af16fee8645172c8bbc73,0xd228bc4a9b5c61aa94fa421872b9c45c70fb863cf2394f82ab0e8a4f80f7d2f2,1681484370,0x296bd652f74deac6a8bd9bcb04265f3a65fd2cf2,0x71e11e0fc20a2adf27026fbf8674b38f8ff945f0,0,23650086263083463046866085460688010098893623875122636648911714629906015607279,3.52,16.0,0.0,YES,2023-04-14 14:59:30+00:00,BUY,3.52,16.0,0.22,0.22,0.78
0xedccb453f4c95119a01d7ed603a1d3ed901aebb3909f9ea9a825404bf3b8297a_0x9d5fd57aacc0aec4bf6f27209e389a362b859b331e9af16fee8645172c8bbc73,0xedccb453f4c95119a01d7ed603a1d3ed901aebb3909f9ea9a825404bf3b8297a,1681484378,0x296bd652f74deac6a8bd9bcb04265f3a65fd2cf2,0x71e11e0fc20a2adf27026fbf8674b38f8ff945f0,0,23650086263083463046866085460688010098893623875122636648911714629906015607279,3.52,16.0,0.0,YES,2023-04-14 14:59:38+00:00,BUY,3.52,16.0,0.22,0.22,0.78
0x1f21ff49b0284c0eacea49ec2dea9507a13e0d73b3f44d96309e2cc4538c64b6_0x9d5fd57aacc0aec4bf6f27209e389a362b859b331e9af16fee8645172c8bbc73,0x1f21ff49b0284c0eacea49ec2dea9507a13e0d73b3f44d96309e2cc4538c64b6,1681484390,0x296bd652f74deac6a8bd9bcb04265f3a65fd2cf2,0x71e11e0fc20a2adf27026fbf8674b38f8ff945f0,0,23650086263083463046866085460688010098893623875122636648911714629906015607279,3.52,16.0,0.0,YES,2023-04-14 14:59:50+00:00,BUY,3.52,16.0,0.22,0.22,0.78
0xdb6badb447de1260100655ee65d6750f1628c606f0addd1ae303cb8a69d91814_0x9d5fd57aacc0aec4bf6f27209e389a362b859b331e9af16fee8645172c8bbc73,0xdb6badb447de1260100655ee65d6750f1628c606f0addd1ae303cb8a69d91814,1681484404,0x296bd652f74deac6a8bd9bcb04265f3a65fd2cf2,0x71e11e0fc20a2adf27026fbf8674b38f8ff945f0,0,23650086263083463046866085460688010098893623875122636648911714629906015607279,3.52,16.0,0.0,YES,2023-04-14 15:00:04+00:00,BUY,3.52,16.0,0.22,0.22,0.78
0x63c905e23c76f2a2a7e5da6932ba627d71c92dc4af9d010f0b59f45e845cf996_0x9d5fd57aacc0aec4bf6f27209e389a362b859b331e9af16fee8645172c8bbc73,0x63c905e23c76f2a2a7e5da6932ba627d71c92dc4af9d010f0b59f45e845cf996,1681484414,0x296bd652f74deac6a8bd9bcb04265f3a65fd2cf2,0x71e11e0fc20a2adf27026fbf8674b38f8ff945f0,0,23650086263083463046866085460688010098893623875122636648911714629906015607279,3.52,16.0,0.0,YES,2023-04-14 15:00:14+00:00,BUY,3.52,16.0,0.22,0.22,0.78
0x1bd96543c1f218fcca1a7a874a515b74db8edf0e6491fd0b999f19b890d86642_0x9d5fd57aacc0aec4bf6f27209e389a362b859b331e9af16fee8645172c8bbc73,0x1bd96543c1f218fcca1a7a874a515b74db8edf0e6491fd0b999f19b890d86642,1681484424,0x296bd652f74deac6a8bd9bcb04265f3a65fd2cf2,0x71e11e0fc20a2adf27026fbf8674b38f8ff945f0,0,23650086263083463046866085460688010098893623875122636648911714629906015607279,3.52,16.0,0.0,YES,2023-04-14 15:00:24+00:00,BUY,3.52,16.0,0.22,0.22,0.78
0x28a4bf35c4b1570b77532896db96b6a9bd3c4d665588f066caf16e4eee579ed6_0x9d5fd57aacc0aec4bf6f27209e389a362b859b331e9af16fee8645172c8bbc73,0x28a4bf35c4b1570b77532896db96b6a9bd3c4d665588f066caf16e4eee579ed6,1681484436,0x296bd652f74deac6a8bd9bcb04265f3a65fd2cf2,0x71e11e0fc20a2adf27026fbf8674b38f8ff945f0,0,23650086263083463046866085460688010098893623875122636648911714629906015607279,3.52,16.0,0.0,YES,2023-04-14 15:00:36+00:00,BUY,3.52,16.0,0.22,0.22,0.78
0x51446df4cf9e81aa04f412f1bfc7c72dfcf2f0b8117469bc9741d869fd88cea7_0x9d5fd57aacc0aec4bf6f27209e389a362b859b331e9af16fee8645172c8bbc73,0x51446df4cf9e81aa04f412f1bfc7c72dfcf2f0b8117469bc9741d869fd88cea7,1681484444,0x296bd652f74deac6a8bd9bcb04265f3a65fd2cf2,0x71e11e0fc20a2adf27026fbf8674b38f8ff945f0,0,23650086263083463046866085460688010098893623875122636648911714629906015607279,3.52,16.0,0.0,YES,2023-04-14 15:00:44+00:00,BUY,3.52,16.0,0.22,0.22,0.78
0x0552e57842510153152ec02c290e1aeb8930ea332e3f2fd8c15e5d3a75d86496_0x9d5fd57aacc0aec4bf6f27209e389a362b859b331e9af16fee8645172c8bbc73,0x0552e57842510153152ec02c290e1aeb8930ea332e3f2fd8c15e5d3a75d86496,1681484674,0x296bd652f74deac6a8bd9bcb04265f3a65fd2cf2,0x71e11e0fc20a2adf27026fbf8674b38f8ff945f0,0,23650086263083463046866085460688010098893623875122636648911714629906015607279,3.52,16.0,0.0,YES,2023-04-14 15:04:34+00:00,BUY,3.52,16.0,0.22,0.22,0.78
0xe2d878e8f64d0aff620b8202017c14d2d6ea54c46559ece518f1f5ce66465c71_0x9d5fd57aacc0aec4bf6f27209e389a362b859b331e9af16fee8645172c8bbc73,0xe2d878e8f64d0aff620b8202017c14d2d6ea54c46559ece518f1f5ce66465c71,1681484874,0x296bd652f74deac6a8bd9bcb04265f3a65fd2cf2,0x71e11e0fc20a2adf27026fbf8674b38f8ff945f0,0,23650086263083463046866085460688010098893623875122636648911714629906015607279,3.52,16.0,0.0,YES,2023-04-14 15:07:54+00:00,BUY,3.52,16.0,0.22,0.22,0.78
0x63ef2e2cfa564a85639d34acc45e0156955347ed18ce6ea0652b0afab76a96a0_0x9d5fd57aacc0aec4bf6f27209e389a362b859b331e9af16fee8645172c8bbc73,0x63ef2e2cfa564a85639d34acc45e0156955347ed18ce6ea0652b0afab76a96a0,1681485852,0x296bd652f74deac6a8bd9bcb04265f3a65fd2cf2,0x3cf3e8d5427aed066a7a5926980600f6c3cf87b3,0,23650086263083463046866085460688010098893623875122636648911714629906015607279,1.692307,7.692304,0.0,YES,2023-04-14 15:24:12+00:00,BUY,1.692307,7.692304,0.22000001560000748,0.22000001560000748,0.78
0x400fbfbeeac7a32d851393eeadd5b488df5563de007ad0ff6d5f6091e68c0d55_0x17884e0a21071f7127da534421c191e478954b0a2f28772f841870a24dffdc84,0x400fbfbeeac7a32d851393eeadd5b488df5563de007ad0ff6d5f6091e68c0d55,1681665349,0xa282f14c503d1ed3d11e67b84eee9dadb60a1cc2,0xcb7cd74a2d15caa89f53971b04277725c30471fc,0,23650086263083463046866085460688010098893623875122636648911714629906015607279,24.0,150.0,0.0,YES,2023-04-16 17:15:49+00:00,BUY,24.0,150.0,0.16,0.16,0.84
0x3910f865f860f26c152bd78160210f83832dc506a9b74e540b3bf5a4b07046a5_0x046fe95617e1524b1bc0952623ad2b2c1544df33d0255e042c4aa4e941321bb7,0x3910f865f860f26c152bd78160210f83832dc506a9b74e540b3bf5a4b07046a5,1681665381,0x3cf3e8d5427aed066a7a5926980600f6c3cf87b3,0xcb7cd74a2d15caa89f53971b04277725c30471fc,0,23650086263083463046866085460688010098893623875122636648911714629906015607279,3.75,25.0,0.0,YES,2023-04-16 17:16:21+00:00,BUY,3.75,25.0,0.15,0.15,0.85
0xc6778a73add0f8279758632d9edfab2c70dbba7d4ff1d155ce9540815a365580_0x3d2aa8df66c69fa907cd0495e3dd411f611db5500626699d7f8729cd773bf893,0xc6778a73add0f8279758632d9edfab2c70dbba7d4ff1d155ce9540815a365580,1681665397,0xbdd11cc911ec8ed95887e56dc253d70cb36b0c4f,0xcb7cd74a2d15caa89f53971b04277725c30471fc,0,23650086263083463046866085460688010098893623875122636648911714629906015607279,3.5,25.0,0.0,YES,2023-04-16 17:16:37+00:00,BUY,3.5,25.0,0.14,0.14,0.86
0x6d4df42df5eeb9b6495707233aa674424de156c9fa66df4d6345d57f6f6f6706_0x470ff8cfd7b4073506442327d0962253fd4e70fba45703225d1cba8960183f77,0x6d4df42df5eeb9b6495707233aa674424de156c9fa66df4d6345d57f6f6f6706,1681665780,0xc412fdbe9956c2e242e8b45fae131c3e8598592d,0xcb7cd74a2d15caa89f53971b04277725c30471fc,0,23650086263083463046866085460688010098893623875122636648911714629906015607279,5.4,45.0,0.0,YES,2023-04-16 17:23:00+00:00,BUY,5.4,45.0,0.12000000000000001,0.12000000000000001,0.88
0x2d31bcc1048675f3c4fb0cdee044cb8537a69ab6e1daa3d32002bf20acf7ba0d_0x470ff8cfd7b4073506442327d0962253fd4e70fba45703225d1cba8960183f77,0x2d31bcc1048675f3c4fb0cdee044cb8537a69ab6e1daa3d32002bf20acf7ba0d,1681702011,0xc412fdbe9956c2e242e8b45fae131c3e8598592d,0x579a830f55239dde6999335f9b803dc9200e46d5,0,23650086263083463046866085460688010098893623875122636648911714629906015607279,0.6,5.0,0.0,YES,2023-04-17 03:26:51+00:00,BUY,0.6,5.0,0.12,0.12,0.88
0x8b3b4451bb8c9c9654a6d3a9c653e92b185d4bbd1ee6484824d8d1a1df0bb323_0xa951a0bcdc195ed458a491070b4f951e3ef9a079f98f428bfa3c3ea09cd6bc96,0x8b3b4451bb8c9c9654a6d3a9c653e92b185d4bbd1ee6484824d8d1a1df0bb323,1681739982,0xcbdbc360598a0f8c1b398e573793bb11eadc422e,0x4bfb41d5b3570defd03c39a9a4d8de6bd8b8982e,0,23650086263083463046866085460688010098893623875122636648911714629906015607279,20.0,100.0,0.0,YES,2023-04-17 13:59:42+00:00,BUY,20.0,100.0,0.2,0.2,0.8
0x4853e5b82390fc23bdedf804795f4b470dab7feb0dc946ed08607d527a12ecb9_0xb7b7c92118a81aba8eaef6a9172362ffb0f45bd283f2f8812b54778babe2bd00,0x4853e5b82390fc23bdedf804795f4b470dab7feb0dc946ed08607d527a12ecb9,1681834921,0xa282f14c503d1ed3d11e67b84eee9dadb60a1cc2,0xcb7cd74a2d15caa89f53971b04277725c30471fc,0,23650086263083463046866085460688010098893623875122636648911714629906015607279,6.0,100.0,0.0,YES,2023-04-18 16:22:01+00:00,BUY,6.0,100.0,0.06,0.06,0.94
0x44b9f1897a4e785cd13025fea65ccfbfc593574f73e648ce5e3372cf950c07dc_0xf6ece525dd0d5db967f470b72f809a120793c0059be215dade1156786eaa9062,0x44b9f1897a4e785cd13025fea65ccfbfc593574f73e648ce5e3372cf950c07dc,1681835755,0xbdd11cc911ec8ed95887e56dc253d70cb36b0c4f,0x4decafef2a1019a8c8cf8a50497192b1bebfca1b,23650086263083463046866085460688010098893623875122636648911714629906015607279,0,50.0,9.0,0.0,YES,2023-04-18 16:35:55+00:00,SELL,9.0,50.0,0.18,0.18,0.82
0xb24b0bfb3b99e111cb435d0860afd81165c5f20d9b75dc74fea63dadc5f36411_0xa71e8215d7084a9289ded2a293b83e365fb43b1bd335aac4688a07ee2e7c056c,0xb24b0bfb3b99e111cb435d0860afd81165c5f20d9b75dc74fea63dadc5f36411,1681844105,0xaaf4acafbb7980ce93631d238eb10a5c4ca67883,0x4bfb41d5b3570defd03c39a9a4d8de6bd8b8982e,0,23650086263083463046866085460688010098893623875122636648911714629906015607279,47.499999,249.999999,0.0,YES,2023-04-18 18:55:05+00:00,BUY,47.499999,249.999999,0.18999999675999998,0.18999999675999998,0.81
0xc7a5ea37eb31e98810acdf1a40b8c6af708082436f74014c2ab017667d8845e6_0x7aea1c3133fe1a7c387a2f892aacdbc2defb988bfc047fc8dc38cb5d18750b94,0xc7a5ea37eb31e98810acdf1a40b8c6af708082436f74014c2ab017667d8845e6,1681876320,0xcb7cd74a2d15caa89f53971b04277725c30471fc,0x4bfb41d5b3570defd03c39a9a4d8de6bd8b8982e,23650086263083463046866085460688010098893623875122636648911714629906015607279,0,525.0,26.5,0.0,YES,2023-04-19 03:52:00+00:00,SELL,26.5,525.0,0.05047619047619047,0.05047619047619047,0.949524
0xbfd3cd26a15c6bbaa03259d368261848ecd1707656429139794e9386602801e4_0x9a0330819d5b698e56eeea05f71f2768c876572c49bbf4e4f206636d7badcab2,0xbfd3cd26a15c6bbaa03259d368261848ecd1707656429139794e9386602801e4,1681882001,0xbdd11cc911ec8ed95887e56dc253d70cb36b0c4f,0x579a830f55239dde6999335f9b803dc9200e46d5,0,23650086263083463046866085460688010098893623875122636648911714629906015607279,1.25,25.0,0.0,YES,2023-04-19 05:26:41+00:00,BUY,1.25,25.0,0.05,0.05,0.95
0xc2e65577f673e236785d8efe64463187b6a3a748c53e89bedd0a48d028e4835b_0x712483f6ffc243660e2c682bd22bc05d96e41ac74d1dc7fd659eb4ebf245df9a,0xc2e65577f673e236785d8efe64463187b6a3a748c53e89bedd0a48d028e4835b,1681882019,0xa282f14c503d1ed3d11e67b84eee9dadb60a1cc2,0x579a830f55239dde6999335f9b803dc9200e46d5,0,23650086263083463046866085460688010098893623875122636648911714629906015607279,16.0,400.0,0.0,YES,2023-04-19 05:26:59+00:00,BUY,16.0,400.0,0.04,0.04,0.96
0xa3ee7bd1a9fba785277b84cb246f499b15627ca17b051a9c0957af1f0e8320fd_0x0a75b02b3717a478588cc43347dd4a5821b87634975630b9904b41dbd92fefbc,0xa3ee7bd1a9fba785277b84cb246f499b15627ca17b051a9c0957af1f0e8320fd,1681892056,0xbdd11cc911ec8ed95887e56dc253d70cb36b0c4f,0xa282f14c503d1ed3d11e67b84eee9dadb60a1cc2,23650086263083463046866085460688010098893623875122636648911714629906015607279,0,25.0,2.5,0.0,YES,2023-04-19 08:14:16+00:00,SELL,2.5,25.0,0.1,0.1,0.9
0xe5038cac15becfa07d0255568db30dfe80cbbb21e70b3ea74c0ea4db2583f980_0xe1a82e39e204e8329d8d9368269ba0f97c006be14f550015911dd28be758fd9a,0xe5038cac15becfa07d0255568db30dfe80cbbb21e70b3ea74c0ea4db2583f980,1681894476,0xc412fdbe9956c2e242e8b45fae131c3e8598592d,0xa282f14c503d1ed3d11e67b84eee9dadb60a1cc2,23650086263083463046866085460688010098893623875122636648911714629906015607279,0,28.0,3.08,0.0,YES,2023-04-19 08:54:36+00:00,SELL,3.08,28.0,0.11,0.11,0.89
0xfd8e2a3958772879b18d0778a433137cffeb9ad7e696875799ade485e20b2ae2_0x7c21c17b067826e57f5d66e696172c569623d5ff219253c13ff7b18653039240,0xfd8e2a3958772879b18d0778a433137cffeb9ad7e696875799ade485e20b2ae2,1681906540,0xa282f14c503d1ed3d11e67b84eee9dadb60a1cc2,0x579a830f55239dde6999335f9b803dc9200e46d5,0,23650086263083463046866085460688010098893623875122636648911714629906015607279,7.0,100.0,0.0,YES,2023-04-19 12:15:40+00:00,BUY,7.0,100.0,0.07,0.07,0.93
0xed98d92d7cb5f2d67ea5a7609e3fca940279e3a3bfa8dbf967f6f1b2d307378b_0xf925e21409753bca5f654bc63bfab50fd92568b9383060d839f66ef084d8ae7f,0xed98d92d7cb5f2d67ea5a7609e3fca940279e3a3bfa8dbf967f6f1b2d307378b,1681927396,0x3cf3e8d5427aed066a7a5926980600f6c3cf87b3,0x777fae71d2ff9ec48a1213d48ba1d9d91024a1bb,23650086263083463046866085460688010098893623875122636648911714629906015607279,0,15.0,1.95,0.0,YES,2023-04-19 18:03:16+00:00,SELL,1.95,15.0,0.13,0.13,0.87
0x2678f4ff83275ae8cb193a216e56bf82c2baedb48cd111ef52854e562f828df7_0x86d7fb20331740501b80e37f2d40ebe1f0bf741f76134b3759f78f21ebd0fa14,0x2678f4ff83275ae8cb193a216e56bf82c2baedb48cd111ef52854e562f828df7,1681938760,0x3cf3e8d5427aed066a7a5926980600f6c3cf87b3,0x9191f1d5c153f2b311e8cfed9b413d7ebaacbeaa,23650086263083463046866085460688010098893623875122636648911714629906015607279,0,21.43,2.5716,0.0,YES,2023-04-19 21:12:40+00:00,SELL,2.5716,21.43,0.12000000000000001,0.12000000000000001,0.88
0x33bce5b716e3397b0b70d2ef0171bcb4cad26c7ce55b5ad0815c400e796b4951_0xb0b376222a4f0134d95ddcab1ebafd60761166604b6bb8e1803fab914da4e9b8,0x33bce5b716e3397b0b70d2ef0171bcb4cad26c7ce55b5ad0815c400e796b4951,1681938864,0x296bd652f74deac6a8bd9bcb04265f3a65fd2cf2,0x3cf3e8d5427aed066a7a5926980600f6c3cf87b3,23650086263083463046866085460688010098893623875122636648911714629906015607279,0,15.0,1.95,0.0,YES,2023-04-19 21:14:24+00:00,SELL,1.95,15.0,0.13,0.13,0.87
0x0b6ca9244afed2ce1ca9a63ef3fe4b7e50e2ef160ce82029d968022e2a31c9ce_0xf90adefa9e0b6516e7597a68ddc074b716a68d3dc30f98ee07349eb31b2ac28d,0x0b6ca9244afed2ce1ca9a63ef3fe4b7e50e2ef160ce82029d968022e2a31c9ce,1681954297,0x3cf3e8d5427aed066a7a5926980600f6c3cf87b3,0xab627950debe8610b2bc71de949483a5c990ca47,23650086263083463046866085460688010098893623875122636648911714629906015607279,0,7.692306,0.999999,0.0,YES,2023-04-20 01:31:37+00:00,SELL,0.999999,7.692306,0.12999989859997768,0.12999989859997768,0.87
0x1724e8dbe7841d1fad15b5830c89f89353737eb4f90b73fdc758be786c37be74_0x233ab5eaddf9a19ad4034ceaedd270f7cd3132264f9b4e785df7727769b2b6fc,0x1724e8dbe7841d1fad15b5830c89f89353737eb4f90b73fdc758be786c37be74,1681956925,0xbdd11cc911ec8ed95887e56dc253d70cb36b0c4f,0x579a830f55239dde6999335f9b803dc9200e46d5,0,23650086263083463046866085460688010098893623875122636648911714629906015607279,1.25,25.0,0.0,YES,2023-04-20 02:15:25+00:00,BUY,1.25,25.0,0.05,0.05,0.95
0x3b7d1865787c9041e6ef99c8caca2acd892af12441be06d7db8d434388847f8b_0xecf30f13f2eb17937ecae54bfbafe374b09bc44867ff10e15aa33ea2f96d3638,0x3b7d1865787c9041e6ef99c8caca2acd892af12441be06d7db8d434388847f8b,1682021222,0x3cf3e8d5427aed066a7a5926980600f6c3cf87b3,0xa282f14c503d1ed3d11e67b84eee9dadb60a1cc2,23650086263083463046866085460688010098893623875122636648911714629906015607279,0,15.0,1.8,0.0,YES,2023-04-20 20:07:02+00:00,SELL,1.8,15.0,0.12000000000000001,0.12000000000000001,0.88
0x99bf8f37cf6231dd64361c47547ad913d02b79c90b98d0d4d53c3bcd1c57388b_0x8a9673234eaa075799b1c1be3e8fced44a11dd642103fc3ad5e1a6d11c44bd80,0x99bf8f37cf6231dd64361c47547ad913d02b79c90b98d0d4d53c3bcd1c57388b,1682031934,0xbdd11cc911ec8ed95887e56dc253d70cb36b0c4f,0x07c4f39862e865e6f9d307f1df5e6c24367d2c5b,23650086263083463046866085460688010098893623875122636648911714629906015607279,0,3.357141,0.469999,0.0,YES,2023-04-20 23:05:34+00:00,SELL,0.469999,3.357141,0.13999977957434614,0.13999977957434614,0.86
0xf358a401e9aa6e6bad9a07f78cf99c1440153ceb0bbc6ab005e8e366aada5fc9_0x5dd2807b1ad3ad7166c0b6f45db92b44a09fe87724bb36059d1805bc7d997835,0xf358a401e9aa6e6bad9a07f78cf99c1440153ceb0bbc6ab005e8e366aada5fc9,1682034141,0xbdd11cc911ec8ed95887e56dc253d70cb36b0c4f,0xaaf4acafbb7980ce93631d238eb10a5c4ca67883,0,23650086263083463046866085460688010098893623875122636648911714629906015607279,1.0,25.0,0.0,YES,2023-04-20 23:42:21+00:00,BUY,1.0,25.0,0.04,0.04,0.96
0xbc1599a838c0c7382100b794e607af9424ba60aa989b4929a02d6e320d070f1d_0x648f3976a5b991a59ea46e57371b541e5e702d12a43ab0b78629f929882b7e7f,0xbc1599a838c0c7382100b794e607af9424ba60aa989b4929a02d6e320d070f1d,1682047340,0xf313cecaa03a92e27dc729772ca235eef662a81a,0x4bfb41d5b3570defd03c39a9a4d8de6bd8b8982e,0,23650086263083463046866085460688010098893623875122636648911714629906015607279,0.999999,8.333332,0.0,YES,2023-04-21 03:22:20+00:00,BUY,0.999999,8.333332,0.11999989919998386,0.11999989919998386,0.88
0xcb44929d15c7b034bd9aa3376f107981601cfd69650cf5d8b77bfdcfe26cf6e8_0xe5a62ecb8ea1218ae6051e688d106a1c7e060989244d03873e0ed0bb0db00491,0xcb44929d15c7b034bd9aa3376f107981601cfd69650cf5d8b77bfdcfe26cf6e8,1682270841,0xacb3776cd20b77891f6c5d824834842638d5feef,0x72caa639d6a666683f3338b67a231f46e6da00e3,23650086263083463046866085460688010098893623875122636648911714629906015607279,0,15.0,1.35,0.0,YES,2023-04-23 17:27:21+00:00,SELL,1.35,15.0,0.09000000000000001,0.09000000000000001,0.91
0x1ad802c35d8a6997d38890095e80216d6aef629f15ddbc16fe46b98325f62d3f_0x3b9fdde3cb8dd9b706794eaaf3ffa8a8901fbc7ca89d23195414693821d78ca3,0x1ad802c35d8a6997d38890095e80216d6aef629f15ddbc16fe46b98325f62d3f,1682381978,0x3cf3e8d5427aed066a7a5926980600f6c3cf87b3,0x4bfb41d5b3570defd03c39a9a4d8de6bd8b8982e,0,23650086263083463046866085460688010098893623875122636648911714629906015607279,1.999999,33.333332,0.0,YES,2023-04-25 00:19:38+00:00,BUY,1.999999,33.333332,0.0599999723999989,0.0599999723999989,0.94
0x65fc77a8cfdaa33f7a9b186b35fee560492eb05d50c054fb103c8faa3e65abb1_0x655f7a16314a9ab427dbab6061f379454411d95a73d0c66f0a3f0fda91693f22,0x65fc77a8cfdaa33f7a9b186b35fee560492eb05d50c054fb103c8faa3e65abb1,1682381994,0x3cf3e8d5427aed066a7a5926980600f6c3cf87b3,0x4bfb41d5b3570defd03c39a9a4d8de6bd8b8982e,0,23650086263083463046866085460688010098893623875122636648911714629906015607279,0.999999,16.666665,0.0,YES,2023-04-25 00:19:54+00:00,BUY,0.999999,16.666665,0.05999994599999461,0.05999994599999461,0.94
0x93339898fba25d790e5d638fb199be871f883359bcaf87c943832b884de0165d_0x04542e5779eb7ae9ea45c0a7ca7a425eead237e1ee8f84ba39cf799ef98539bc,0x93339898fba25d790e5d638fb199be871f883359bcaf87c943832b884de0165d,1682383806,0xaaf4acafbb7980ce93631d238eb10a5c4ca67883,0x4bfb41d5b3570defd03c39a9a4d8de6bd8b8982e,0,23650086263083463046866085460688010098893623875122636648911714629906015607279,29.21,419.999999,0.0,YES,2023-04-25 00:50:06+00:00,BUY,29.21,419.999999,0.06954761921320862,0.06954761921320862,0.930452
0x67772fe176d3311c704e2a7947e0904e77b31d1ccdd086ed3e1597c6f47a563b_0x9dcdb980dbd65fc3489144f2ef11d0bd0dd8a7dd8d885d0e778b8163265ae8cc,0x67772fe176d3311c704e2a7947e0904e77b31d1ccdd086ed3e1597c6f47a563b,1682424692,0x209c21d489b3154458937072e2fd37a0bb87d319,0x4bfb41d5b3570defd03c39a9a4d8de6bd8b8982e,10471858302215688542208502268759874949544002641905802691882717205181975539961,0,8.33,7.7469,0.0,NO,2023-04-25 12:11:32+00:00,SELL,7.7469,8.33,0.93,0.07,0.93
0x1a55f3f2be079fbd107d7822f4e5f92291e98824b6b1bb728fbd6d916f5c5147_0x219a09335b4898e846d97010618e1ff2e2b7e3583913d655072d8f75f0740da9,0x1a55f3f2be079fbd107d7822f4e5f92291e98824b6b1bb728fbd6d916f5c5147,1682440651,0x3cf3e8d5427aed066a7a5926980600f6c3cf87b3,0x4bfb41d5b3570defd03c39a9a4d8de6bd8b8982e,0,23650086263083463046866085460688010098893623875122636648911714629906015607279,3.999999,57.142856,0.0,YES,2023-04-25 16:37:31+00:00,BUY,3.999999,57.142856,0.06999998389999967,0.06999998389999967,0.93
0x986b86f654342b781208b00aabf8492e13ae519662a60fcbdd63daf130aadbd1_0x396843a92b692e46bef8c986fb93ad8bbf333465dd2e2f71cc7305d94373d0b3,0x986b86f654342b781208b00aabf8492e13ae519662a60fcbdd63daf130aadbd1,1682441560,0x3cf3e8d5427aed066a7a5926980600f6c3cf87b3,0x4bfb41d5b3570defd03c39a9a4d8de6bd8b8982e,0,23650086263083463046866085460688010098893623875122636648911714629906015607279,0.239999,3.42857,0.0,YES,2023-04-25 16:52:40+00:00,BUY,0.239999,3.42857,0.06999973749989062,0.06999973749989062,0.93
0xc1dd127bdc9bdf9f0acc6fb46ef5d0a9119539ed90b8ca4f2fc57f316e95794d_0xae89efb620f16f6c9ab1d79900a44782ab2418e8ee0354fa6d3fa98935f8325e,0xc1dd127bdc9bdf9f0acc6fb46ef5d0a9119539ed90b8ca4f2fc57f316e95794d,1682443364,0x8a4c788f043023b8b28a762216d037e9f148532b,0x579a830f55239dde6999335f9b803dc9200e46d5,23650086263083463046866085460688010098893623875122636648911714629906015607279,0,1070.52,85.6416,0.0,YES,2023-04-25 17:22:44+00:00,SELL,85.6416,1070.52,0.08,0.08,0.92
0xf426673b169ce19e9d4d73ac2911cafd1ba199b8863649d2b1f0360b6059249d_0x2e0687098104fa1d1fd3bfa8397e06cb73074b6a280318c9eb317789816a0e60,0xf426673b169ce19e9d4d73ac2911cafd1ba199b8863649d2b1f0360b6059249d,1682444316,0xcb7cd74a2d15caa89f53971b04277725c30471fc,0x4bfb41d5b3570defd03c39a9a4d8de6bd8b8982e,23650086263083463046866085460688010098893623875122636648911714629906015607279,0,20.0,1.8,0.0,YES,2023-04-25 17:38:36+00:00,SELL,1.8,20.0,0.09,0.09,0.91
0x9890ad41f0f2dd8988491dfa3c4c94620894c3a8aca1942f8c202da4a3cdb786_0xae0d0e3b9323b26c42eb0aaafcc63f7a1577c3aafce59b1dfb6a2dc6ad4eb278,0x9890ad41f0f2dd8988491dfa3c4c94620894c3a8aca1942f8c202da4a3cdb786,1682444360,0x71e11e0fc20a2adf27026fbf8674b38f8ff945f0,0xcb7cd74a2d15caa89f53971b04277725c30471fc,0,23650086263083463046866085460688010098893623875122636648911714629906015607279,1.8,20.0,0.0,YES,2023-04-25 17:39:20+00:00,BUY,1.8,20.0,0.09,0.09,0.91
0x4be2a4dced3a7ad9b9626abe8ff51ae23a1d7ffb541eb81b541a26abd5ea02e8_0x0d6ace620503638464846116c2df445c2d63f7fcdef2f69f3a71be6578aca134,0x4be2a4dced3a7ad9b9626abe8ff51ae23a1d7ffb541eb81b541a26abd5ea02e8,1682444402,0x71e11e0fc20a2adf27026fbf8674b38f8ff945f0,0xcb7cd74a2d15caa89f53971b04277725c30471fc,0,23650086263083463046866085460688010098893623875122636648911714629906015607279,1.8,20.0,0.0,YES,2023-04-25 17:40:02+00:00,BUY,1.8,20.0,0.09,0.09,0.91
0xba02652f4da2bb25c7c578800d96cf4093bc9d8af43c7331d3f1cdba7a0f1363_0xaa2615704d3d5b0aa88319972aad5bf3d8b032b691b2e4c4a45da7c30ba2f695,0xba02652f4da2bb25c7c578800d96cf4093bc9d8af43c7331d3f1cdba7a0f1363,1682444426,0x71e11e0fc20a2adf27026fbf8674b38f8ff945f0,0xcb7cd74a2d15caa89f53971b04277725c30471fc,0,23650086263083463046866085460688010098893623875122636648911714629906015607279,1.8,20.0,0.0,YES,2023-04-25 17:40:26+00:00,BUY,1.8,20.0,0.09,0.09,0.91
0x9a9b9442947c39afddd355cd3805d7bf1ac8287e1b31481f2b211b3264448ee4_0x6546fd6fcb758884f99afd90e121b914eb4dd0d1c388bec06c71a3f966ffa031,0x9a9b9442947c39afddd355cd3805d7bf1ac8287e1b31481f2b211b3264448ee4,1682444464,0x71e11e0fc20a2adf27026fbf8674b38f8ff945f0,0x4bfb41d5b3570defd03c39a9a4d8de6bd8b8982e,0,23650086263083463046866085460688010098893623875122636648911714629906015607279,1.8,20.0,0.0,YES,2023-04-25 17:41:04+00:00,BUY,1.8,20.0,0.09,0.09,0.91
0x48a3998b81db7d4aaea0e70afd5e1ed974203bb2c2e699d758bcc6fc561b050f_0x0d6aded8e1fb0ad453410fa821d96cc680545d577d6e6f2a7d89de44e7fa8e3d,0x48a3998b81db7d4aaea0e70afd5e1ed974203bb2c2e699d758bcc6fc561b050f,1682444486,0x71e11e0fc20a2adf27026fbf8674b38f8ff945f0,0xcb7cd74a2d15caa89f53971b04277725c30471fc,0,23650086263083463046866085460688010098893623875122636648911714629906015607279,1.8,20.0,0.0,YES,2023-04-25 17:41:26+00:00,BUY,1.8,20.0,0.09,0.09,0.91
0x0be78291fdaeda35e50b250eeeaa616b1ce1ef76af3240477d4717c9d52538b5_0xe474c8064ca0227a0867e50ad86e2d462ec3b12392a88cea62d8d0d3c5da95a2,0x0be78291fdaeda35e50b250eeeaa616b1ce1ef76af3240477d4717c9d52538b5,1682444514,0x71e11e0fc20a2adf27026fbf8674b38f8ff945f0,0xcb7cd74a2d15caa89f53971b04277725c30471fc,0,23650086263083463046866085460688010098893623875122636648911714629906015607279,1.8,20.0,0.0,YES,2023-04-25 17:41:54+00:00,BUY,1.8,20.0,0.09,0.09,0.91
0x3fc98aff27ffef5aa3fe9dc0593b818d8e4ae48f02074943e6808fae19c03482_0x65183c225c83d84ce83471ad09cb1461b12caf2823567ffd17be8c66db4aa533,0x3fc98aff27ffef5aa3fe9dc0593b818d8e4ae48f02074943e6808fae19c03482,1682444534,0x71e11e0fc20a2adf27026fbf8674b38f8ff945f0,0xcb7cd74a2d15caa89f53971b04277725c30471fc,0,23650086263083463046866085460688010098893623875122636648911714629906015607279,1.8,20.0,0.0,YES,2023-04-25 17:42:14+00:00,BUY,1.8,20.0,0.09,0.09,0.91
0x0f859206b194a0601867bd88dc42f0ec151054c2f40c088a3adda79d7f1e589b_0x5c05a5ac8df188cf8883de79e9a5d73f6ddeb3cf018fa756304eee3b45f62665,0x0f859206b194a0601867bd88dc42f0ec151054c2f40c088a3adda79d7f1e589b,1682445458,0xacb3776cd20b77891f6c5d824834842638d5feef,0xaaf4acafbb7980ce93631d238eb10a5c4ca67883,23650086263083463046866085460688010098893623875122636648911714629906015607279,0,15.0,1.65,0.0,YES,2023-04-25 17:57:38+00:00,SELL,1.65,15.0,0.11,0.11,0.89
0x71c9cf0850feb9206c42e6d3f498702af3dd3e9ca3cd8b976f9a3f9537dcee87_0xb4225e0da515d46ac87ce1d5993091b92c130b73722bb0ca7d4afb169f6d696b,0x71c9cf0850feb9206c42e6d3f498702af3dd3e9ca3cd8b976f9a3f9537dcee87,1682449076,0xcb7cd74a2d15caa89f53971b04277725c30471fc,0x4bfb41d5b3570defd03c39a9a4d8de6bd8b8982e,23650086263083463046866085460688010098893623875122636648911714629906015607279,0,500.0,40.0,0.0,YES,2023-04-25 18:57:56+00:00,SELL,40.0,500.0,0.08,0.08,0.92
0x084ee745c2416364b5c781ff2f372f635548e22deec5ee7631149e44136cd94f_0x5c09200cff0ce13d6a1075d5123a4f0f8168d0c2113367c900066124fe6d5166,0x084ee745c2416364b5c781ff2f372f635548e22deec5ee7631149e44136cd94f,1682449567,0xcb7cd74a2d15caa89f53971b04277725c30471fc,0x4bfb41d5b3570defd03c39a9a4d8de6bd8b8982e,23650086263083463046866085460688010098893623875122636648911714629906015607279,0,500.0,40.0,0.0,YES,2023-04-25 19:06:07+00:00,SELL,40.0,500.0,0.08,0.08,0.92
0x1767418cf1dbec7fe8cf2c850fb507a7f368fb35547a59f0d4e4185f98ae7e3c_0x743526e8b3f28cc65af52626f5e312f34bd6aacfa89f1597561b75a628c87e0e,0x1767418cf1dbec7fe8cf2c850fb507a7f368fb35547a59f0d4e4185f98ae7e3c,1682450083,0xcb7cd74a2d15caa89f53971b04277725c30471fc,0x4bfb41d5b3570defd03c39a9a4d8de6bd8b8982e,23650086263083463046866085460688010098893623875122636648911714629906015607279,0,500.0,35.0,0.0,YES,2023-04-25 19:14:43+00:00,SELL,35.0,500.0,0.07,0.07,0.93
0x4f7a9f6dab8df6a398147e243db2be18d134ef53c1ebbe0b4e735f6d2df21617_0xf9474e2254cd63f541fa1785277f7b45bb517a46353eb31e6d6d5e65af1970c7,0x4f7a9f6dab8df6a398147e243db2be18d134ef53c1ebbe0b4e735f6d2df21617,1682450360,0xcb7cd74a2d15caa89f53971b04277725c30471fc,0x4bfb41d5b3570defd03c39a9a4d8de6bd8b8982e,23650086263083463046866085460688010098893623875122636648911714629906015607279,0,500.0,35.0,0.0,YES,2023-04-25 19:19:20+00:00,SELL,35.0,500.0,0.07,0.07,0.93
0xf679902034ff1ee00330e9d3fd4a97cd2752bd10d02ff74529b3e1c2300863a3_0xebe298910dff193281589a1163f6769c067ff751d952b60de7b490d4349fcd06,0xf679902034ff1ee00330e9d3fd4a97cd2752bd10d02ff74529b3e1c2300863a3,1682450530,0x71e11e0fc20a2adf27026fbf8674b38f8ff945f0,0x4bfb41d5b3570defd03c39a9a4d8de6bd8b8982e,0,23650086263083463046866085460688010098893623875122636648911714629906015607279,0.0759,0.69,0.0,YES,2023-04-25 19:22:10+00:00,BUY,0.0759,0.69,0.11,0.11,0.89
0xd7375721063029458ff1d4f3410135ee57726098f4f990d45c93e74ab5627847_0x7ec8ac0a9f6b8d423ad3f96bce48ee7a32a50d18b4ef294aa8a7497c0f726573,0xd7375721063029458ff1d4f3410135ee57726098f4f990d45c93e74ab5627847,1682450718,0xcb7cd74a2d15caa89f53971b04277725c30471fc,0x4bfb41d5b3570defd03c39a9a4d8de6bd8b8982e,23650086263083463046866085460688010098893623875122636648911714629906015607279,0,3763.27,321.2616,0.0,YES,2023-04-25 19:25:18+00:00,SELL,321.2616,3763.27,0.08536767226374935,0.08536767226374935,0.914632
0xe0cffa65f17d344a4db722956b88bd2ac331b62d80974b8f56a016e535503eb0_0xbf82a6180e6419b22a6469d48478fc16d578b16af9757eca7931c78a701ce7d6,0xe0cffa65f17d344a4db722956b88bd2ac331b62d80974b8f56a016e535503eb0,1682452077,0x3cf3e8d5427aed066a7a5926980600f6c3cf87b3,0x43372356634781eea88d61bbdd7824cdce958882,23650086263083463046866085460688010098893623875122636648911714629906015607279,0,15.0,1.95,0.0,YES,2023-04-25 19:47:57+00:00,SELL,1.95,15.0,0.13,0.13,0.87
0xbe54aa6f286c1957d444906fba45eeb9fea659f698f40ea6778cb3e95865071a_0x8a9673234eaa075799b1c1be3e8fced44a11dd642103fc3ad5e1a6d11c44bd80,0xbe54aa6f286c1957d444906fba45eeb9fea659f698f40ea6778cb3e95865071a,1682452085,0xbdd11cc911ec8ed95887e56dc253d70cb36b0c4f,0x43372356634781eea88d61bbdd7824cdce958882,23650086263083463046866085460688010098893623875122636648911714629906015607279,0,21.64,3.0296,0.0,YES,2023-04-25 19:48:05+00:00,SELL,3.0296,21.64,0.13999999999999999,0.13999999999999999,0.86
0x9112f174df27a07cf25b8a32388c2d9bff38debf5c2263cc5b65196eee86350b_0x4e1a5a71da7b81b7238fba61114422cdd601694fb20486e38b767db41433bbe3,0x9112f174df27a07cf25b8a32388c2d9bff38debf5c2263cc5b65196eee86350b,1682452503,0xcb7cd74a2d15caa89f53971b04277725c30471fc,0x4bfb41d5b3570defd03c39a9a4d8de6bd8b8982e,23650086263083463046866085460688010098893623875122636648911714629906015607279,0,200.0,20.0,0.0,YES,2023-04-25 19:55:03+00:00,SELL,20.0,200.0,0.1,0.1,0.9
0x62428244340ef6746fe5fca91cc74aaa9dbb3bbd75626b82b3314dee8fe6cc01_0x1ef048012e9c06815d3f0a580df37d9d547b3ee66a20d2907f38bd55ad22a158,0x62428244340ef6746fe5fca91cc74aaa9dbb3bbd75626b82b3314dee8fe6cc01,1682452689,0xcb7cd74a2d15caa89f53971b04277725c30471fc,0x4bfb41d5b3570defd03c39a9a4d8de6bd8b8982e,23650086263083463046866085460688010098893623875122636648911714629906015607279,0,1387.9,138.79,0.0,YES,2023-04-25 19:58:09+00:00,SELL,138.79,1387.9,0.09999999999999999,0.09999999999999999,0.9
0xb0cc5472ecfb301899c5378ce25153304fa72c9d1236e5551aee96f1a835dc2f_0xd055f93cf33dc0a893eccbcadf91a9ea5f2719141a2e21bb1ade2267bc13703a,0xb0cc5472ecfb301899c5378ce25153304fa72c9d1236e5551aee96f1a835dc2f,1682453039,0xcb7cd74a2d15caa89f53971b04277725c30471fc,0x4bfb41d5b3570defd03c39a9a4d8de6bd8b8982e,23650086263083463046866085460688010098893623875122636648911714629906015607279,0,2115.07,211.657,0.0,YES,2023-04-25 20:03:59+00:00,SELL,211.657,2115.07,0.10007091963859352,0.10007091963859352,0.899929
0xbebe7dc2db86a262e8fb460b9d7822feee0344b3c1da2d6cae099b381d1f2a4f_0xec2bd2a51df6e2db189c73977109e0ec7fb3dd46abcee50df5c9afbefdc70f6e,0xbebe7dc2db86a262e8fb460b9d7822feee0344b3c1da2d6cae099b381d1f2a4f,1682453617,0x71e11e0fc20a2adf27026fbf8674b38f8ff945f0,0xcb7cd74a2d15caa89f53971b04277725c30471fc,0,23650086263083463046866085460688010098893623875122636648911714629906015607279,2.4,20.0,0.0,YES,2023-04-25 20:13:37+00:00,BUY,2.4,20.0,0.12,0.12,0.88
0x442c602b06ed554d4d5572f589ca4adb25936399bea20764575657fbd306d4c6_0xcfb275dc932a7eb4b4a46ddf0cab3da8dca7507a748ac2eebc1fd8ad6ec02bf8,0x442c602b06ed554d4d5572f589ca4adb25936399bea20764575657fbd306d4c6,1682453661,0xcb7cd74a2d15caa89f53971b04277725c30471fc,0x4bfb41d5b3570defd03c39a9a4d8de6bd8b8982e,23650086263083463046866085460688010098893623875122636648911714629906015607279,0,86.0,9.46,0.0,YES,2023-04-25 20:14:21+00:00,SELL,9.46,86.0,0.11000000000000001,0.11000000000000001,0.89
0x639d4887841700262ebf61dba39301d39566ad3dd42c9f6c58414fb9d7474787_0x5e71d34221399d89683cff6f041938df51010b062edcabde3885dc808eacb742,0x639d4887841700262ebf61dba39301d39566ad3dd42c9f6c58414fb9d7474787,1682453757,0xcb7cd74a2d15caa89f53971b04277725c30471fc,0x4bfb41d5b3570defd03c39a9a4d8de6bd8b8982e,23650086263083463046866085460688010098893623875122636648911714629906015607279,0,20.0,2.2,0.0,YES,2023-04-25 20:15:57+00:00,SELL,2.2,20.0,0.11000000000000001,0.11000000000000001,0.89
0x65d75586a1d1d39e2f17cde2a4aa88c7fa08049021e039855ff18fe4e0a233fd_0x9fea81a084f5a283c4fb94608581736ee6f7d9a56284600928848cd9b305c8d5,0x65d75586a1d1d39e2f17cde2a4aa88c7fa08049021e039855ff18fe4e0a233fd,1682453777,0xcb7cd74a2d15caa89f53971b04277725c30471fc,0x4bfb41d5b3570defd03c39a9a4d8de6bd8b8982e,23650086263083463046866085460688010098893623875122636648911714629906015607279,0,20.0,2.2,0.0,YES,2023-04-25 20:16:17+00:00,SELL,2.2,20.0,0.11000000000000001,0.11000000000000001,0.89
0x077d582b568da78c8127eff9eec1c5469cd7efc580074bd139a66be1a39aa5da_0x9fea81a084f5a283c4fb94608581736ee6f7d9a56284600928848cd9b305c8d5,0x077d582b568da78c8127eff9eec1c5469cd7efc580074bd139a66be1a39aa5da,1682453781,0xcb7cd74a2d15caa89f53971b04277725c30471fc,0x71e11e0fc20a2adf27026fbf8674b38f8ff945f0,23650086263083463046866085460688010098893623875122636648911714629906015607279,0,20.0,2.2,0.0,YES,2023-04-25 20:16:21+00:00,SELL,2.2,20.0,0.11000000000000001,0.11000000000000001,0.89
0x53adbace60a9e951935f7f9a79091c6d5522cf4ccc72cf4bb0db82a5a59bfb09_0x9fea81a084f5a283c4fb94608581736ee6f7d9a56284600928848cd9b305c8d5,0x53adbace60a9e951935f7f9a79091c6d5522cf4ccc72cf4bb0db82a5a59bfb09,1682453787,0xcb7cd74a2d15caa89f53971b04277725c30471fc,0x71e11e0fc20a2adf27026fbf8674b38f8ff945f0,23650086263083463046866085460688010098893623875122636648911714629906015607279,0,20.0,2.2,0.0,YES,2023-04-25 20:16:27+00:00,SELL,2.2,20.0,0.11000000000000001,0.11000000000000001,0.89
0xa7ddd137ccd3c0092ab4e78b9db1b44e040d63415c7e8a466f47244e75bc959e_0x9fea81a084f5a283c4fb94608581736ee6f7d9a56284600928848cd9b305c8d5,0xa7ddd137ccd3c0092ab4e78b9db1b44e040d63415c7e8a466f47244e75bc959e,1682453789,0xcb7cd74a2d15caa89f53971b04277725c30471fc,0x3cf3e8d5427aed066a7a5926980600f6c3cf87b3,23650086263083463046866085460688010098893623875122636648911714629906015607279,0,100.0,11.0,0.0,YES,2023-04-25 20:16:29+00:00,SELL,11.0,100.0,0.11,0.11,0.89
0xf55c261cb3f7306a441672d3e8befc8b0a72e062c1a411068054ab7d361371f0_0x9fea81a084f5a283c4fb94608581736ee6f7d9a56284600928848cd9b305c8d5,0xf55c261cb3f7306a441672d3e8befc8b0a72e062c1a411068054ab7d361371f0,1682453791,0xcb7cd74a2d15caa89f53971b04277725c30471fc,0x71e11e0fc20a2adf27026fbf8674b38f8ff945f0,23650086263083463046866085460688010098893623875122636648911714629906015607279,0,20.0,2.2,0.0,YES,2023-04-25 20:16:31+00:00,SELL,2.2,20.0,0.11000000000000001,0.11000000000000001,0.89
0xb056e7a94ad731f1cfbb582b294f903f9188b2b52b8bf4dfe91dd0edc6eae688_0x9fea81a084f5a283c4fb94608581736ee6f7d9a56284600928848cd9b305c8d5,0xb056e7a94ad731f1cfbb582b294f903f9188b2b52b8bf4dfe91dd0edc6eae688,1682453797,0xcb7cd74a2d15caa89f53971b04277725c30471fc,0x71e11e0fc20a2adf27026fbf8674b38f8ff945f0,23650086263083463046866085460688010098893623875122636648911714629906015607279,0,20.0,2.2,0.0,YES,2023-04-25 20:16:37+00:00,SELL,2.2,20.0,0.11000000000000001,0.11000000000000001,0.89
0x35ac70cbd94004ba255ba6945c9c480a299c86f734428c06993afb2b4857687c_0x9fea81a084f5a283c4fb94608581736ee6f7d9a56284600928848cd9b305c8d5,0x35ac70cbd94004ba255ba6945c9c480a299c86f734428c06993afb2b4857687c,1682453801,0xcb7cd74a2d15caa89f53971b04277725c30471fc,0x71e11e0fc20a2adf27026fbf8674b38f8ff945f0,23650086263083463046866085460688010098893623875122636648911714629906015607279,0,20.0,2.2,0.0,YES,2023-04-25 20:16:41+00:00,SELL,2.2,20.0,0.11000000000000001,0.11000000000000001,0.89
0x7e064432f9d7941cffa853a81781e15c3b046e8803693b25dcff101e283102f1_0x9fea81a084f5a283c4fb94608581736ee6f7d9a56284600928848cd9b305c8d5,0x7e064432f9d7941cffa853a81781e15c3b046e8803693b25dcff101e283102f1,1682453807,0xcb7cd74a2d15caa89f53971b04277725c30471fc,0x71e11e0fc20a2adf27026fbf8674b38f8ff945f0,23650086263083463046866085460688010098893623875122636648911714629906015607279,0,20.0,2.2,0.0,YES,2023-04-25 20:16:47+00:00,SELL,2.2,20.0,0.11000000000000001,0.11000000000000001,0.89
0xa78d8d7bdb1c53e24daa549c696234da270702c3470e5c43bf394aa19b132371_0x9fea81a084f5a283c4fb94608581736ee6f7d9a56284600928848cd9b305c8d5,0xa78d8d7bdb1c53e24daa549c696234da270702c3470e5c43bf394aa19b132371,1682453811,0xcb7cd74a2d15caa89f53971b04277725c30471fc,0x71e11e0fc20a2adf27026fbf8674b38f8ff945f0,23650086263083463046866085460688010098893623875122636648911714629906015607279,0,20.0,2.2,0.0,YES,2023-04-25 20:16:51+00:00,SELL,2.2,20.0,0.11000000000000001,0.11000000000000001,0.89
0x46afdab4f96d33e3e56a9c2d14383bbc7dfb60ee21b156063821dddb9b64d726_0x9fea81a084f5a283c4fb94608581736ee6f7d9a56284600928848cd9b305c8d5,0x46afdab4f96d33e3e56a9c2d14383bbc7dfb60ee21b156063821dddb9b64d726,1682453819,0xcb7cd74a2d15caa89f53971b04277725c30471fc,0x71e11e0fc20a2adf27026fbf8674b38f8ff945f0,23650086263083463046866085460688010098893623875122636648911714629906015607279,0,20.0,2.2,0.0,YES,2023-04-25 20:16:59+00:00,SELL,2.2,20.0,0.11000000000000001,0.11000000000000001,0.89
0x65c62a8bb1a27ccd61bb348947cc94b00b7507cb423dd85f88302bf95e821c44_0x9fea81a084f5a283c4fb94608581736ee6f7d9a56284600928848cd9b305c8d5,0x65c62a8bb1a27ccd61bb348947cc94b00b7507cb423dd85f88302bf95e821c44,1682453821,0xcb7cd74a2d15caa89f53971b04277725c30471fc,0x71e11e0fc20a2adf27026fbf8674b38f8ff945f0,23650086263083463046866085460688010098893623875122636648911714629906015607279,0,20.0,2.2,0.0,YES,2023-04-25 20:17:01+00:00,SELL,2.2,20.0,0.11000000000000001,0.11000000000000001,0.89
0xe4ba23c2770d2eead0352cd752ad5a7de3b74648cccc8b7b391ec1d6d6052600_0x9fea81a084f5a283c4fb94608581736ee6f7d9a56284600928848cd9b305c8d5,0xe4ba23c2770d2eead0352cd752ad5a7de3b74648cccc8b7b391ec1d6d6052600,1682453827,0xcb7cd74a2d15caa89f53971b04277725c30471fc,0x71e11e0fc20a2adf27026fbf8674b38f8ff945f0,23650086263083463046866085460688010098893623875122636648911714629906015607279,0,20.0,2.2,0.0,YES,2023-04-25 20:17:07+00:00,SELL,2.2,20.0,0.11000000000000001,0.11000000000000001,0.89
0x54f621e2d39fe88aee231468685cf0628c5ea60ed4bf342d5e22521c803c5b77_0x9fea81a084f5a283c4fb94608581736ee6f7d9a56284600928848cd9b305c8d5,0x54f621e2d39fe88aee231468685cf0628c5ea60ed4bf342d5e22521c803c5b77,1682453831,0xcb7cd74a2d15caa89f53971b04277725c30471fc,0x71e11e0fc20a2adf27026fbf8674b38f8ff945f0,23650086263083463046866085460688010098893623875122636648911714629906015607279,0,20.0,2.2,0.0,YES,2023-04-25 20:17:11+00:00,SELL,2.2,20.0,0.11000000000000001,0.11000000000000001,0.89
0xa1c58d1626603a4fbd042cc1211c519a699c31129e0a744a37288fe00d8c9813_0x9fea81a084f5a283c4fb94608581736ee6f7d9a56284600928848cd9b305c8d5,0xa1c58d1626603a4fbd042cc1211c519a699c31129e0a744a37288fe00d8c9813,1682453837,0xcb7cd74a2d15caa89f53971b04277725c30471fc,0x71e11e0fc20a2adf27026fbf8674b38f8ff945f0,23650086263083463046866085460688010098893623875122636648911714629906015607279,0,20.0,2.2,0.0,YES,2023-04-25 20:17:17+00:00,SELL,2.2,20.0,0.11000000000000001,0.11000000000000001,0.89
0x90ef84088729d8906bfb569093981949ba2c4ea4c65adc5d170e9bec09f9f63b_0x9fea81a084f5a283c4fb94608581736ee6f7d9a56284600928848cd9b305c8d5,0x90ef84088729d8906bfb569093981949ba2c4ea4c65adc5d170e9bec09f9f63b,1682453841,0xcb7cd74a2d15caa89f53971b04277725c30471fc,0x71e11e0fc20a2adf27026fbf8674b38f8ff945f0,23650086263083463046866085460688010098893623875122636648911714629906015607279,0,6.0,0.66,0.0,YES,2023-04-25 20:17:21+00:00,SELL,0.66,6.0,0.11,0.11,0.89
0x41403d9c4d0e4d98675d7a78f3d67eb7a36fdb0c4f08ba6abbc484876edb49b0_0xaedb755c3c01e9c63c93ee1f7b07c80a7f7f080c61dc14b65cec400cdfd92942,0x41403d9c4d0e4d98675d7a78f3d67eb7a36fdb0c4f08ba6abbc484876edb49b0,1682453845,0xcb7cd74a2d15caa89f53971b04277725c30471fc,0x71e11e0fc20a2adf27026fbf8674b38f8ff945f0,23650086263083463046866085460688010098893623875122636648911714629906015607279,0,20.0,2.2,0.0,YES,2023-04-25 20:17:25+00:00,SELL,2.2,20.0,0.11000000000000001,0.11000000000000001,0.89
0x3d5c862af18ee0880250513bd50a52b8d61e182b2e08c0c7fa6af1f69c3de669_0xaedb755c3c01e9c63c93ee1f7b07c80a7f7f080c61dc14b65cec400cdfd92942,0x3d5c862af18ee0880250513bd50a52b8d61e182b2e08c0c7fa6af1f69c3de669,1682453853,0xcb7cd74a2d15caa89f53971b04277725c30471fc,0x71e11e0fc20a2adf27026fbf8674b38f8ff945f0,23650086263083463046866085460688010098893623875122636648911714629906015607279,0,20.0,2.2,0.0,YES,2023-04-25 20:17:33+00:00,SELL,2.2,20.0,0.11000000000000001,0.11000000000000001,0.89
0x125ea2b5a6c2bbf93be4f85593d57abcf230097a256137b48feb13ef04b5666f_0x52a265c8be354eac5962d89692c115965b14d80f5f198ab9b176e983ddb97ca6,0x125ea2b5a6c2bbf93be4f85593d57abcf230097a256137b48feb13ef04b5666f,1682453855,0xcb7cd74a2d15caa89f53971b04277725c30471fc,0x71e11e0fc20a2adf27026fbf8674b38f8ff945f0,23650086263083463046866085460688010098893623875122636648911714629906015607279,0,20.0,2.2,0.0,YES,2023-04-25 20:17:35+00:00,SELL,2.2,20.0,0.11000000000000001,0.11000000000000001,0.89
0xa66866d5821cba1470930aa47c62262b71a330e9a21111d6224392dc5935cb86_0x52a265c8be354eac5962d89692c115965b14d80f5f198ab9b176e983ddb97ca6,0xa66866d5821cba1470930aa47c62262b71a330e9a21111d6224392dc5935cb86,1682453855,0xcb7cd74a2d15caa89f53971b04277725c30471fc,0xaaf4acafbb7980ce93631d238eb10a5c4ca67883,23650086263083463046866085460688010098893623875122636648911714629906015607279,0,20.0,2.2,0.0,YES,2023-04-25 20:17:35+00:00,SELL,2.2,20.0,0.11000000000000001,0.11000000000000001,0.89
0x127b2225967f9bfa7c9ed5ac327bc4dd4df8d89dd7325830343a1a18b2a270da_0x52a265c8be354eac5962d89692c115965b14d80f5f198ab9b176e983ddb97ca6,0x127b2225967f9bfa7c9ed5ac327bc4dd4df8d89dd7325830343a1a18b2a270da,1682453863,0xcb7cd74a2d15caa89f53971b04277725c30471fc,0x71e11e0fc20a2adf27026fbf8674b38f8ff945f0,23650086263083463046866085460688010098893623875122636648911714629906015607279,0,20.0,2.2,0.0,YES,2023-04-25 20:17:43+00:00,SELL,2.2,20.0,0.11000000000000001,0.11000000000000001,0.89
0x5012067547a4097b737755739fb5a7245909d512f99423816233252369bb34c9_0x52a265c8be354eac5962d89692c115965b14d80f5f198ab9b176e983ddb97ca6,0x5012067547a4097b737755739fb5a7245909d512f99423816233252369bb34c9,1682453867,0xcb7cd74a2d15caa89f53971b04277725c30471fc,0x71e11e0fc20a2adf27026fbf8674b38f8ff945f0,23650086263083463046866085460688010098893623875122636648911714629906015607279,0,20.0,2.2,0.0,YES,2023-04-25 20:17:47+00:00,SELL,2.2,20.0,0.11000000000000001,0.11000000000000001,0.89
0xc30ed0a4ee0026bdbb6871b08ef64e705231b8bf7d99b24b30ec445547134ae6_0x52a265c8be354eac5962d89692c115965b14d80f5f198ab9b176e983ddb97ca6,0xc30ed0a4ee0026bdbb6871b08ef64e705231b8bf7d99b24b30ec445547134ae6,1682453873,0xcb7cd74a2d15caa89f53971b04277725c30471fc,0x71e11e0fc20a2adf27026fbf8674b38f8ff945f0,23650086263083463046866085460688010098893623875122636648911714629906015607279,0,20.0,2.2,0.0,YES,2023-04-25 20:17:53+00:00,SELL,2.2,20.0,0.11000000000000001,0.11000000000000001,0.89
0x57970814350a8194849722ed9619722c8897504646a726ebae2d4d3ed08a782d_0x52a265c8be354eac5962d89692c115965b14d80f5f198ab9b176e983ddb97ca6,0x57970814350a8194849722ed9619722c8897504646a726ebae2d4d3ed08a782d,1682453881,0xcb7cd74a2d15caa89f53971b04277725c30471fc,0x71e11e0fc20a2adf27026fbf8674b38f8ff945f0,23650086263083463046866085460688010098893623875122636648911714629906015607279,0,20.0,2.2,0.0,YES,2023-04-25 20:18:01+00:00,SELL,2.2,20.0,0.11000000000000001,0.11000000000000001,0.89
0x2b0d186c99d7681d025e06db9055f5d731477c3299cf70674c3f1e782e5340a5_0x52a265c8be354eac5962d89692c115965b14d80f5f198ab9b176e983ddb97ca6,0x2b0d186c99d7681d025e06db9055f5d731477c3299cf70674c3f1e782e5340a5,1682453883,0xcb7cd74a2d15caa89f53971b04277725c30471fc,0x3cf3e8d5427aed066a7a5926980600f6c3cf87b3,23650086263083463046866085460688010098893623875122636648911714629906015607279,0,45.454544,4.999999,0.0,YES,2023-04-25 20:18:03+00:00,SELL,4.999999,45.454544,0.10999998151999942,0.10999998151999942,0.89
0xf301e3e99d750761db1bdead849a63d28b8898dc78ee73abddeb234fad033cef_0x52a265c8be354eac5962d89692c115965b14d80f5f198ab9b176e983ddb97ca6,0xf301e3e99d750761db1bdead849a63d28b8898dc78ee73abddeb234fad033cef,1682453889,0xcb7cd74a2d15caa89f53971b04277725c30471fc,0x71e11e0fc20a2adf27026fbf8674b38f8ff945f0,23650086263083463046866085460688010098893623875122636648911714629906015607279,0,20.0,2.2,0.0,YES,2023-04-25 20:18:09+00:00,SELL,2.2,20.0,0.11000000000000001,0.11000000000000001,0.89
0xba76484cea5bf3fc1493db58bd4cb02c1973a4feb8724b247a98b6f5d0ed447f_0x52a265c8be354eac5962d89692c115965b14d80f5f198ab9b176e983ddb97ca6,0xba76484cea5bf3fc1493db58bd4cb02c1973a4feb8724b247a98b6f5d0ed447f,1682453893,0xcb7cd74a2d15caa89f53971b04277725c30471fc,0x71e11e0fc20a2adf27026fbf8674b38f8ff945f0,23650086263083463046866085460688010098893623875122636648911714629906015607279,0,20.0,2.2,0.0,YES,2023-04-25 20:18:13+00:00,SELL,2.2,20.0,0.11000000000000001,0.11000000000000001,0.89
0xdcb4bc443e52707d27faca68b92e1e8eb9cabc2547bdc96e2687716e321b7baf_0x52a265c8be354eac5962d89692c115965b14d80f5f198ab9b176e983ddb97ca6,0xdcb4bc443e52707d27faca68b92e1e8eb9cabc2547bdc96e2687716e321b7baf,1682453899,0xcb7cd74a2d15caa89f53971b04277725c30471fc,0x71e11e0fc20a2adf27026fbf8674b38f8ff945f0,23650086263083463046866085460688010098893623875122636648911714629906015607279,0,12.54,1.3794,0.0,YES,2023-04-25 20:18:19+00:00,SELL,1.3794,12.54,0.11,0.11,0.89
0xe16d0db645736418296d9b93602ded5b4317d3f13a92ce6a722ea3ba77df18cc_0xc86ff6caa3bac9960269a1c2c8eb7d69161e134a6c6fe464187493d5cc7f5a5f,0xe16d0db645736418296d9b93602ded5b4317d3f13a92ce6a722ea3ba77df18cc,1682453907,0xcb7cd74a2d15caa89f53971b04277725c30471fc,0x4bfb41d5b3570defd03c39a9a4d8de6bd8b8982e,23650086263083463046866085460688010098893623875122636648911714629906015607279,0,20.0,2.2,0.0,YES,2023-04-25 20:18:27+00:00,SELL,2.2,20.0,0.11000000000000001,0.11000000000000001,0.89
0xf31e1e70abc8b708fcadd8a9cd8ba3e44be6b879db632c36023f5c0b7a8599a3_0xc86ff6caa3bac9960269a1c2c8eb7d69161e134a6c6fe464187493d5cc7f5a5f,0xf31e1e70abc8b708fcadd8a9cd8ba3e44be6b879db632c36023f5c0b7a8599a3,1682453911,0xcb7cd74a2d15caa89f53971b04277725c30471fc,0x71e11e0fc20a2adf27026fbf8674b38f8ff945f0,23650086263083463046866085460688010098893623875122636648911714629906015607279,0,20.0,2.2,0.0,YES,2023-04-25 20:18:31+00:00,SELL,2.2,20.0,0.11000000000000001,0.11000000000000001,0.89
0x2853473798378d5101e0485ae0dc60440a7d4c7f2e9624bd6f76583da05046d0_0xc86ff6caa3bac9960269a1c2c8eb7d69161e134a6c6fe464187493d5cc7f5a5f,0x2853473798378d5101e0485ae0dc60440a7d4c7f2e9624bd6f76583da05046d0,1682453915,0xcb7cd74a2d15caa89f53971b04277725c30471fc,0x71e11e0fc20a2adf27026fbf8674b38f8ff945f0,23650086263083463046866085460688010098893623875122636648911714629906015607279,0,20.0,2.2,0.0,YES,2023-04-25 20:18:35+00:00,SELL,2.2,20.0,0.11000000000000001,0.11000000000000001,0.89
0x61f70c181688e05cb3fb190205bd0603cf5056294795b376183fe140ed3d4dd9_0xc86ff6caa3bac9960269a1c2c8eb7d69161e134a6c6fe464187493d5cc7f5a5f,0x61f70c181688e05cb3fb190205bd0603cf5056294795b376183fe140ed3d4dd9,1682453921,0xcb7cd74a2d15caa89f53971b04277725c30471fc,0x71e11e0fc20a2adf27026fbf8674b38f8ff945f0,23650086263083463046866085460688010098893623875122636648911714629906015607279,0,20.0,2.2,0.0,YES,2023-04-25 20:18:41+00:00,SELL,2.2,20.0,0.11000000000000001,0.11000000000000001,0.89
0x773c905ae2f4f9264456229e491986a13dc4c02805985d201caa68e298b5a50b_0xc86ff6caa3bac9960269a1c2c8eb7d69161e134a6c6fe464187493d5cc7f5a5f,0x773c905ae2f4f9264456229e491986a13dc4c02805985d201caa68e298b5a50b,1682453925,0xcb7cd74a2d15caa89f53971b04277725c30471fc,0x71e11e0fc20a2adf27026fbf8674b38f8ff945f0,23650086263083463046866085460688010098893623875122636648911714629906015607279,0,20.0,2.2,0.0,YES,2023-04-25 20:18:45+00:00,SELL,2.2,20.0,0.11000000000000001,0.11000000000000001,0.89
0xd2f68903bfbec210c8a9d41b6268de14289d295dc1447f36bc15506a5259ab9f_0xc86ff6caa3bac9960269a1c2c8eb7d69161e134a6c6fe464187493d5cc7f5a5f,0xd2f68903bfbec210c8a9d41b6268de14289d295dc1447f36bc15506a5259ab9f,1682453931,0xcb7cd74a2d15caa89f53971b04277725c30471fc,0x71e11e0fc20a2adf27026fbf8674b38f8ff945f0,23650086263083463046866085460688010098893623875122636648911714629906015607279,0,20.0,2.2,0.0,YES,2023-04-25 20:18:51+00:00,SELL,2.2,20.0,0.11000000000000001,0.11000000000000001,0.89
0x3cf874de84c452793bc19911f271c828a90444cbee60d59288a7f7b468130b80_0xc86ff6caa3bac9960269a1c2c8eb7d69161e134a6c6fe464187493d5cc7f5a5f,0x3cf874de84c452793bc19911f271c828a90444cbee60d59288a7f7b468130b80,1682453937,0xcb7cd74a2d15caa89f53971b04277725c30471fc,0x71e11e0fc20a2adf27026fbf8674b38f8ff945f0,23650086263083463046866085460688010098893623875122636648911714629906015607279,0,20.0,2.2,0.0,YES,2023-04-25 20:18:57+00:00,SELL,2.2,20.0,0.11000000000000001,0.11000000000000001,0.89
0x59f0ca4de49f9d24122093e4c1e154039dcf9da32206f091d173ad7d68532931_0xc86ff6caa3bac9960269a1c2c8eb7d69161e134a6c6fe464187493d5cc7f5a5f,0x59f0ca4de49f9d24122093e4c1e154039dcf9da32206f091d173ad7d68532931,1682453943,0xcb7cd74a2d15caa89f53971b04277725c30471fc,0x71e11e0fc20a2adf27026fbf8674b38f8ff945f0,23650086263083463046866085460688010098893623875122636648911714629906015607279,0,20.0,2.2,0.0,YES,2023-04-25 20:19:03+00:00,SELL,2.2,20.0,0.11000000000000001,0.11000000000000001,0.89
0x169367c60722cbc827de579cdb1c8daba8c272cf68a9a5bcaa171d32e85a8fd6_0xc86ff6caa3bac9960269a1c2c8eb7d69161e134a6c6fe464187493d5cc7f5a5f,0x169367c60722cbc827de579cdb1c8daba8c272cf68a9a5bcaa171d32e85a8fd6,1682453945,0xcb7cd74a2d15caa89f53971b04277725c30471fc,0x3cf3e8d5427aed066a7a5926980600f6c3cf87b3,23650086263083463046866085460688010098893623875122636648911714629906015607279,0,27.272726,2.999999,0.0,YES,2023-04-25 20:19:05+00:00,SELL,2.999999,27.272726,0.1099999684666652,0.1099999684666652,0.89
0x028c817e16d29c99f7c0bd84e7e283b70f315b9016a699a9d7952e5c01dc4392_0xc86ff6caa3bac9960269a1c2c8eb7d69161e134a6c6fe464187493d5cc7f5a5f,0x028c817e16d29c99f7c0bd84e7e283b70f315b9016a699a9d7952e5c01dc4392,1682453949,0xcb7cd74a2d15caa89f53971b04277725c30471fc,0x71e11e0fc20a2adf27026fbf8674b38f8ff945f0,23650086263083463046866085460688010098893623875122636648911714629906015607279,0,20.0,2.2,0.0,YES,2023-04-25 20:19:09+00:00,SELL,2.2,20.0,0.11000000000000001,0.11000000000000001,0.89
0xd0db121596917d2d2478587278f9769080d090adbcd61c51304e8c6bf2f08a31_0xc86ff6caa3bac9960269a1c2c8eb7d69161e134a6c6fe464187493d5cc7f5a5f,0xd0db121596917d2d2478587278f9769080d090adbcd61c51304e8c6bf2f08a31,1682453955,0xcb7cd74a2d15caa89f53971b04277725c30471fc,0x71e11e0fc20a2adf27026fbf8674b38f8ff945f0,23650086263083463046866085460688010098893623875122636648911714629906015607279,0,20.0,2.2,0.0,YES,2023-04-25 20:19:15+00:00,SELL,2.2,20.0,0.11000000000000001,0.11000000000000001,0.89
0x47d40b4c1a693e801bdb987145c467db14e9f7306f8415bfd9a70167b7500851_0xc86ff6caa3bac9960269a1c2c8eb7d69161e134a6c6fe464187493d5cc7f5a5f,0x47d40b4c1a693e801bdb987145c467db14e9f7306f8415bfd9a70167b7500851,1682453957,0xcb7cd74a2d15caa89f53971b04277725c30471fc,0x3cf3e8d5427aed066a7a5926980600f6c3cf87b3,23650086263083463046866085460688010098893623875122636648911714629906015607279,0,100.0,11.0,0.0,YES,2023-04-25 20:19:17+00:00,SELL,11.0,100.0,0.11,0.11,0.89
0xcb11876ec2f42d176efef385a69272a02018ef640da8b767ce8f2fca6edc262e_0xc86ff6caa3bac9960269a1c2c8eb7d69161e134a6c6fe464187493d5cc7f5a5f,0xcb11876ec2f42d176efef385a69272a02018ef640da8b767ce8f2fca6edc262e,1682453959,0xcb7cd74a2d15caa89f53971b04277725c30471fc,0x71e11e0fc20a2adf27026fbf8674b38f8ff945f0,23650086263083463046866085460688010098893623875122636648911714629906015607279,0,20.0,2.2,0.0,YES,2023-04-25 20:19:19+00:00,SELL,2.2,20.0,0.11000000000000001,0.11000000000000001,0.89
0x150fa214c1dec58c62f14e9db2ce7dd0fce13b84964fcac7eccbd0aa72452bf8_0x996539eed5592c95bfd54809286b7bd0584d945f7aa24a76dd1afab05d9613c9,0x150fa214c1dec58c62f14e9db2ce7dd0fce13b84964fcac7eccbd0aa72452bf8,1682453961,0xcb7cd74a2d15caa89f53971b04277725c30471fc,0xd1acd3925d895de9aec98ff95f3a30c5279d08d5,23650086263083463046866085460688010098893623875122636648911714629906015607279,0,633.0,69.63,0.0,YES,2023-04-25 20:19:21+00:00,SELL,69.63,633.0,0.10999999999999999,0.10999999999999999,0.89
0xd87f613ffeb0b2128419b912653d473ba5815571ed7e4f488df66022e8d100e1_0x3ff7f8b5c94f25ac2a9ef829ba26a527b8b4f02f9984054ab240faf2e906e9a7,0xd87f613ffeb0b2128419b912653d473ba5815571ed7e4f488df66022e8d100e1,1682454325,0xcb7cd74a2d15caa89f53971b04277725c30471fc,0x4bfb41d5b3570defd03c39a9a4d8de6bd8b8982e,23650086263083463046866085460688010098893623875122636648911714629906015607279,0,20.0,2.2,0.0,YES,2023-04-25 20:25:25+00:00,SELL,2.2,20.0,0.11000000000000001,0.11000000000000001,0.89
0x12da051010459a5a8000512e2a72ece43dc706c20a12442320be32ab187a1e0c_0x3ff7f8b5c94f25ac2a9ef829ba26a527b8b4f02f9984054ab240faf2e906e9a7,0x12da051010459a5a8000512e2a72ece43dc706c20a12442320be32ab187a1e0c,1682454331,0xcb7cd74a2d15caa89f53971b04277725c30471fc,0x71e11e0fc20a2adf27026fbf8674b38f8ff945f0,23650086263083463046866085460688010098893623875122636648911714629906015607279,0,20.0,2.2,0.0,YES,2023-04-25 20:25:31+00:00,SELL,2.2,20.0,0.11000000000000001,0.11000000000000001,0.89
0x2e8f0de494a8f93816558192e650e3de53c0d6f6ba3ce5cf9b37c94a36396833_0x3ff7f8b5c94f25ac2a9ef829ba26a527b8b4f02f9984054ab240faf2e906e9a7,0x2e8f0de494a8f93816558192e650e3de53c0d6f6ba3ce5cf9b37c94a36396833,1682454335,0xcb7cd74a2d15caa89f53971b04277725c30471fc,0x71e11e0fc20a2adf27026fbf8674b38f8ff945f0,23650086263083463046866085460688010098893623875122636648911714629906015607279,0,20.0,2.2,0.0,YES,2023-04-25 20:25:35+00:00,SELL,2.2,20.0,0.11000000000000001,0.11000000000000001,0.89
0x5bc08a4cb5f78ea287e4e50665b8cd13a558a5b819dc7d9d5944af6a62934882_0x3ff7f8b5c94f25ac2a9ef829ba26a527b8b4f02f9984054ab240faf2e906e9a7,0x5bc08a4cb5f78ea287e4e50665b8cd13a558a5b819dc7d9d5944af6a62934882,1682454346,0xcb7cd74a2d15caa89f53971b04277725c30471fc,0x71e11e0fc20a2adf27026fbf8674b38f8ff945f0,23650086263083463046866085460688010098893623875122636648911714629906015607279,0,20.0,2.2,0.0,YES,2023-04-25 20:25:46+00:00,SELL,2.2,20.0,0.11000000000000001,0.11000000000000001,0.89
0x7641aebf328a8e74579d3e92df4370157cb6443e60e71aa6ba9d5c58799c9dba_0x3ff7f8b5c94f25ac2a9ef829ba26a527b8b4f02f9984054ab240faf2e906e9a7,0x7641aebf328a8e74579d3e92df4370157cb6443e60e71aa6ba9d5c58799c9dba,1682454348,0xcb7cd74a2d15caa89f53971b04277725c30471fc,0x71e11e0fc20a2adf27026fbf8674b38f8ff945f0,23650086263083463046866085460688010098893623875122636648911714629906015607279,0,20.0,2.2,0.0,YES,2023-04-25 20:25:48+00:00,SELL,2.2,20.0,0.11000000000000001,0.11000000000000001,0.89
0x7f1227a19e288e6b4c046bb14e1fc5504b89c7da7ffad1a6b4af0e93320d5d34_0x3ff7f8b5c94f25ac2a9ef829ba26a527b8b4f02f9984054ab240faf2e906e9a7,0x7f1227a19e288e6b4c046bb14e1fc5504b89c7da7ffad1a6b4af0e93320d5d34,1682454350,0xcb7cd74a2d15caa89f53971b04277725c30471fc,0x71e11e0fc20a2adf27026fbf8674b38f8ff945f0,23650086263083463046866085460688010098893623875122636648911714629906015607279,0,20.0,2.2,0.0,YES,2023-04-25 20:25:50+00:00,SELL,2.2,20.0,0.11000000000000001,0.11000000000000001,0.89
0x7697ec827196257a526aebf61da3947134e5725f0c7f9c2fd6601a55a611907f_0x3ff7f8b5c94f25ac2a9ef829ba26a527b8b4f02f9984054ab240faf2e906e9a7,0x7697ec827196257a526aebf61da3947134e5725f0c7f9c2fd6601a55a611907f,1682454356,0xcb7cd74a2d15caa89f53971b04277725c30471fc,0x71e11e0fc20a2adf27026fbf8674b38f8ff945f0,23650086263083463046866085460688010098893623875122636648911714629906015607279,0,20.0,2.2,0.0,YES,2023-04-25 20:25:56+00:00,SELL,2.2,20.0,0.11000000000000001,0.11000000000000001,0.89
0x9fb7ed546c4de4246061aac8e7283da8544dfbac46bc28d1a0be527570398e45_0x3ff7f8b5c94f25ac2a9ef829ba26a527b8b4f02f9984054ab240faf2e906e9a7,0x9fb7ed546c4de4246061aac8e7283da8544dfbac46bc28d1a0be527570398e45,1682454364,0xcb7cd74a2d15caa89f53971b04277725c30471fc,0x71e11e0fc20a2adf27026fbf8674b38f8ff945f0,23650086263083463046866085460688010098893623875122636648911714629906015607279,0,20.0,2.2,0.0,YES,2023-04-25 20:26:04+00:00,SELL,2.2,20.0,0.11000000000000001,0.11000000000000001,0.89
0xe5795c5c685d778953fdfdbf26038f496cab271188172bffb044f1fea390498c_0x3ff7f8b5c94f25ac2a9ef829ba26a527b8b4f02f9984054ab240faf2e906e9a7,0xe5795c5c685d778953fdfdbf26038f496cab271188172bffb044f1fea390498c,1682454366,0xcb7cd74a2d15caa89f53971b04277725c30471fc,0x71e11e0fc20a2adf27026fbf8674b38f8ff945f0,23650086263083463046866085460688010098893623875122636648911714629906015607279,0,20.0,2.2,0.0,YES,2023-04-25 20:26:06+00:00,SELL,2.2,20.0,0.11000000000000001,0.11000000000000001,0.89
0x19251c675ba0dfc811254ecafc21fddc0e93aae5891cccbb3718fdc066e9f13e_0x3ff7f8b5c94f25ac2a9ef829ba26a527b8b4f02f9984054ab240faf2e906e9a7,0x19251c675ba0dfc811254ecafc21fddc0e93aae5891cccbb3718fdc066e9f13e,1682454372,0xcb7cd74a2d15caa89f53971b04277725c30471fc,0x71e11e0fc20a2adf27026fbf8674b38f8ff945f0,23650086263083463046866085460688010098893623875122636648911714629906015607279,0,20.0,2.2,0.0,YES,2023-04-25 20:26:12+00:00,SELL,2.2,20.0,0.11000000000000001,0.11000000000000001,0.89
0x12ba01aa8cd3d628b2914f8686a9b5ab42ff77c18eb50f284fc4932c896378e9_0x3ff7f8b5c94f25ac2a9ef829ba26a527b8b4f02f9984054ab240faf2e906e9a7,0x12ba01aa8cd3d628b2914f8686a9b5ab42ff77c18eb50f284fc4932c896378e9,1682454380,0xcb7cd74a2d15caa89f53971b04277725c30471fc,0x71e11e0fc20a2adf27026fbf8674b38f8ff945f0,23650086263083463046866085460688010098893623875122636648911714629906015607279,0,20.0,2.2,0.0,YES,2023-04-25 20:26:20+00:00,SELL,2.2,20.0,0.11000000000000001,0.11000000000000001,0.89
0x5fccb63ca9412be7634a3efdeb65a933c2de9e03e11dd08f64fe70528a901460_0xddd52b46726123d0fd9c91cc9c952f229066be630d2d81120e0275a0be2363eb,0x5fccb63ca9412be7634a3efdeb65a933c2de9e03e11dd08f64fe70528a901460,1682454752,0xcb7cd74a2d15caa89f53971b04277725c30471fc,0x4bfb41d5b3570defd03c39a9a4d8de6bd8b8982e,23650086263083463046866085460688010098893623875122636648911714629906015607279,0,144.0,14.4,0.0,YES,2023-04-25 20:32:32+00:00,SELL,14.4,144.0,0.1,0.1,0.9
0x5918b5ed99547a7b0c7938ed7e39aa08b4aa3c0b83f6ca7b0529804f57988c00_0xda3653a1dcac09ff9e26bad82702a43e5fed6d66e4b098b09fc5c5eea861c7ec,0x5918b5ed99547a7b0c7938ed7e39aa08b4aa3c0b83f6ca7b0529804f57988c00,1682455721,0xcb7cd74a2d15caa89f53971b04277725c30471fc,0x4bfb41d5b3570defd03c39a9a4d8de6bd8b8982e,23650086263083463046866085460688010098893623875122636648911714629906015607279,0,1995.86,179.6274,0.0,YES,2023-04-25 20:48:41+00:00,SELL,179.6274,1995.86,0.09,0.09,0.91
0xac2e3e6c3a1bb778f87e875ef1e97559e5f23fc7e10cde2fbdd3fecbcf369f50_0xc2ecb9f1302da190bd35425b24e0b077b644c0323cb9fef47de5a9687e084209,0xac2e3e6c3a1bb778f87e875ef1e97559e5f23fc7e10cde2fbdd3fecbcf369f50,1682477930,0x3cf3e8d5427aed066a7a5926980600f6c3cf87b3,0xbdd11cc911ec8ed95887e56dc253d70cb36b0c4f,23650086263083463046866085460688010098893623875122636648911714629906015607279,0,1.0,0.13,0.0,YES,2023-04-26 02:58:50+00:00,SELL,0.13,1.0,0.13,0.13,0.87
0x2dc09b890c4ca74033253e3fc9d5d8a8acec2faf86bbcffc271dc11d97e485f5_0xdc30c0654fc698abb2881386838c258aed20fb03740497e26605f961472acb3d,0x2dc09b890c4ca74033253e3fc9d5d8a8acec2faf86bbcffc271dc11d97e485f5,1682486444,0xaaf4acafbb7980ce93631d238eb10a5c4ca67883,0x524cece371c0321e3403e8ed98eed9ac4f59f3aa,0,23650086263083463046866085460688010098893623875122636648911714629906015607279,8.695652,108.69565,0.0,YES,2023-04-26 05:20:44+00:00,BUY,8.695652,108.69565,0.08,0.08,0.92
0xf92b2d1ccc9453a9d312fc81f5d8106d9b1bae0a4743bb1e7a9548ff25577232_0x379e24f9f896a875882fea25623313df806226b8388837afc40032e8ab18de42,0xf92b2d1ccc9453a9d312fc81f5d8106d9b1bae0a4743bb1e7a9548ff25577232,1682535301,0x3cf3e8d5427aed066a7a5926980600f6c3cf87b3,0xa282f14c503d1ed3d11e67b84eee9dadb60a1cc2,23650086263083463046866085460688010098893623875122636648911714629906015607279,0,15.0,1.8,0.0,YES,2023-04-26 18:55:01+00:00,SELL,1.8,15.0,0.12000000000000001,0.12000000000000001,0.88
0xa57fb596bdedcef23da7429657a73c09693cf16b2d02ff8d35fc73aa7423f1fe_0x37ba30dbc71d02a7183d92d57060b00628d0bba19fe9ebb47466ce3ea2f15188,0xa57fb596bdedcef23da7429657a73c09693cf16b2d02ff8d35fc73aa7423f1fe,1682558815,0xaaf4acafbb7980ce93631d238eb10a5c4ca67883,0x43372356634781eea88d61bbdd7824cdce958882,0,23650086263083463046866085460688010098893623875122636648911714629906015607279,25.0,250.0,0.0,YES,2023-04-27 01:26:55+00:00,BUY,25.0,250.0,0.1,0.1,0.9
0x9d70b00861750d342452ef61b36921d47ac8b24b47917a4f017815eecc58aa77_0xef806abf2b7c5bf49e8fd6676ed016ad89ebd8898e3d2a1f635a3c7f14db2a6a,0x9d70b00861750d342452ef61b36921d47ac8b24b47917a4f017815eecc58aa77,1682601494,0x3cf3e8d5427aed066a7a5926980600f6c3cf87b3,0x4bfb41d5b3570defd03c39a9a4d8de6bd8b8982e,23650086263083463046866085460688010098893623875122636648911714629906015607279,0,15.0,1.35,0.0,YES,2023-04-27 13:18:14+00:00,SELL,1.35,15.0,0.09000000000000001,0.09000000000000001,0.91
0x8c12113b3297ed59149c8f6e5b3133704b1197dc6a12a0ecd085a1c7aff43210_0x87319d83e9dc5816ed8814098942a3e83ff6bc1862fdc8667272f234ec3cb32b,0x8c12113b3297ed59149c8f6e5b3133704b1197dc6a12a0ecd085a1c7aff43210,1682601546,0x3cf3e8d5427aed066a7a5926980600f6c3cf87b3,0x4bfb41d5b3570defd03c39a9a4d8de6bd8b8982e,23650086263083463046866085460688010098893623875122636648911714629906015607279,0,200.0,16.0,0.0,YES,2023-04-27 13:19:06+00:00,SELL,16.0,200.0,0.08,0.08,0.92
0xe49dbb04440d18cfd4fd0bad3be738f98ba8d6b9a1754d160c2b2a11e6d142a5_0x9936f320e6b7ffc3c41a8b920105c9b7f01cd5c1a73b9f2ca779b7401a5c7819,0xe49dbb04440d18cfd4fd0bad3be738f98ba8d6b9a1754d160c2b2a11e6d142a5,1682602402,0x3cf3e8d5427aed066a7a5926980600f6c3cf87b3,0x4bfb41d5b3570defd03c39a9a4d8de6bd8b8982e,23650086263083463046866085460688010098893623875122636648911714629906015607279,0,100.0,8.0,0.0,YES,2023-04-27 13:33:22+00:00,SELL,8.0,100.0,0.08,0.08,0.92
0x4e7377c2e14594f32a119dd4478dccb2064023d515df4342240b6d96aabe89e2_0xb6ecf9af5f5a13754522004cdca110a321143768afaba1c4116f3f0f4cdb8122,0x4e7377c2e14594f32a119dd4478dccb2064023d515df4342240b6d96aabe89e2,1682617418,0xa282f14c503d1ed3d11e67b84eee9dadb60a1cc2,0x4bfb41d5b3570defd03c39a9a4d8de6bd8b8982e,23650086263083463046866085460688010098893623875122636648911714629906015607279,0,350.0,28.0,0.0,YES,2023-04-27 17:43:38+00:00,SELL,28.0,350.0,0.08,0.08,0.92
0x05d45b4e7fbdfec50f4985189db3231500986d1c2cb1cd3f266123c5808f5722_0xca2e99b17ea35f500756181a6aa99d1a2deacbda225f5e77bd6b9a82efe7c626,0x05d45b4e7fbdfec50f4985189db3231500986d1c2cb1cd3f266123c5808f5722,1682617430,0xa282f14c503d1ed3d11e67b84eee9dadb60a1cc2,0x4bfb41d5b3570defd03c39a9a4d8de6bd8b8982e,23650086263083463046866085460688010098893623875122636648911714629906015607279,0,250.0,17.5,0.0,YES,2023-04-27 17:43:50+00:00,SELL,17.5,250.0,0.07,0.07,0.93
0x07acbc9b14ea0179c5d499c34dda5df63a5889397bd578caa00e41720f42af9e_0x13fac7ae958fa2012fc64db336e4ce45630aa9eb78735f9e300a3abf96839304,0x07acbc9b14ea0179c5d499c34dda5df63a5889397bd578caa00e41720f42af9e,1682626738,0x11fae40c66a22907a51c9b248e3dadd57e161f58,0x4bfb41d5b3570defd03c39a9a4d8de6bd8b8982e,23650086263083463046866085460688010098893623875122636648911714629906015607279,0,200.0,12.0,0.0,YES,2023-04-27 20:18:58+00:00,SELL,12.0,200.0,0.06,0.06,0.94
0x4a7a24ba0d9b60aec0f40c83cdf1c22c84720d5d9527decc158d869806e228ad_0xd431494220f9ff86964526788b89381d45d3080541af23b0d1999f0d7fdb3483,0x4a7a24ba0d9b60aec0f40c83cdf1c22c84720d5d9527decc158d869806e228ad,1682686582,0x3cf3e8d5427aed066a7a5926980600f6c3cf87b3,0xf6129c47f5ef4cab25f3aa67b5e3aaac77b15700,23650086263083463046866085460688010098893623875122636648911714629906015607279,0,115.0,5.75,0.0,YES,2023-04-28 12:56:22+00:00,SELL,5.75,115.0,0.05,0.05,0.95
0x939fd1868eb9c2ff41ebcceb0ba13f98c89f86bf25f2d66ff1e9ace6247246ab_0x0054efafd64ba4881930209a5993f6c58ad8f02fd1ef55b5ff0663d33fa7b819,0x939fd1868eb9c2ff41ebcceb0ba13f98c89f86bf25f2d66ff1e9ace6247246ab,1682703152,0x3cf3e8d5427aed066a7a5926980600f6c3cf87b3,0xa3136f16de47a3043582c6d427ace1714f29e09d,23650086263083463046866085460688010098893623875122636648911714629906015607279,0,72.0,3.6,0.0,YES,2023-04-28 17:32:32+00:00,SELL,3.6,72.0,0.05,0.05,0.95
0x3fe9f09ef72ba30f2cffd9b622ce44a57dbf76e60e1e73e40b6a2a9e330a8e16_0xd7e7653ca7a4c3ad8f43f69bd0fde6c3b9c00fa9da6ddfa655dd121171169376,0x3fe9f09ef72ba30f2cffd9b622ce44a57dbf76e60e1e73e40b6a2a9e330a8e16,1682705803,0x296bd652f74deac6a8bd9bcb04265f3a65fd2cf2,0x7dc9c2128dcf92af7b5a450a957bc966cccf6877,23650086263083463046866085460688010098893623875122636648911714629906015607279,0,848.24,50.8944,0.0,YES,2023-04-28 18:16:43+00:00,SELL,50.8944,848.24,0.06,0.06,0.94
0x1a1f6d9917ea72d5959e9843e15663270d5b5e3a06160a0ecdd1fcb73c0cdf5b_0x8fb430b2eb52d8118203df0a1f5598933f6951177b365ad679d33cd5a8268413,0x1a1f6d9917ea72d5959e9843e15663270d5b5e3a06160a0ecdd1fcb73c0cdf5b,1682706412,0x5962279cf8c6cda39dc612b2928accb69b6b3969,0x4bfb41d5b3570defd03c39a9a4d8de6bd8b8982e,0,23650086263083463046866085460688010098893623875122636648911714629906015607279,4.999999,83.333332,0.0,YES,2023-04-28 18:26:52+00:00,BUY,4.999999,83.333332,0.05999998895999982,0.05999998895999982,0.94
0xd6f2cfa4343ea8438129e6afffae8f4a1b74fb3242522d5f7f5cfe02b99807cc_0xf28401bf6838ed55a2520c502d39da20762cab69cf77430f4cdf1d54bed77e26,0xd6f2cfa4343ea8438129e6afffae8f4a1b74fb3242522d5f7f5cfe02b99807cc,1682774748,0xb5bcdd2ca7b823e448bd324d285b828c8fca96c0,0x4bfb41d5b3570defd03c39a9a4d8de6bd8b8982e,0,23650086263083463046866085460688010098893623875122636648911714629906015607279,6.0,100.0,0.0,YES,2023-04-29 13:25:48+00:00,BUY,6.0,100.0,0.06,0.06,0.94
0x2aaacb2bfa9c1f276b3a114a00f828c11b20aae262a5a8eda757590933368b6f_0x28b51a5f3af27d7e0fa8d316f54df1c86dd5bbff8c4f37fab640159eba44e640,0x2aaacb2bfa9c1f276b3a114a00f828c11b20aae262a5a8eda757590933368b6f,1682819067,0xa282f14c503d1ed3d11e67b84eee9dadb60a1cc2,0x8debd189ffd74160f25e367bafaed61a9fea7062,0,23650086263083463046866085460688010098893623875122636648911714629906015607279,4.0,100.0,0.0,YES,2023-04-30 01:44:27+00:00,BUY,4.0,100.0,0.04,0.04,0.96
0xd06fcf482087bd722bab75d7b132dacc24887943ceaa68a68c7ebf114b49d7ab_0x2d6c4137e48c064f38618971a5add750b5825d0eef85de841eb98eb72c1b3724,0xd06fcf482087bd722bab75d7b132dacc24887943ceaa68a68c7ebf114b49d7ab,1682876822,0xaaf4acafbb7980ce93631d238eb10a5c4ca67883,0x8debd189ffd74160f25e367bafaed61a9fea7062,0,23650086263083463046866085460688010098893623875122636648911714629906015607279,32.0,800.0,0.0,YES,2023-04-30 17:47:02+00:00,BUY,32.0,800.0,0.04,0.04,0.96
0x26e28da1b51068cf6694ae8e1ec8c068fced9c836eb3c468887c5a234ee2ab63_0xa8ae3a63a7e72676425e6607087993925b93f00c07a3bdb18097439df537bef6,0x26e28da1b51068cf6694ae8e1ec8c068fced9c836eb3c468887c5a234ee2ab63,1682914402,0xaaf4acafbb7980ce93631d238eb10a5c4ca67883,0x8debd189ffd74160f25e367bafaed61a9fea7062,0,23650086263083463046866085460688010098893623875122636648911714629906015607279,16.0,400.0,0.0,YES,2023-05-01 04:13:22+00:00,BUY,16.0,400.0,0.04,0.04,0.96
0xb28e889a921201490d29274eed439658228eaa3270adb4290c7c6fa771865db4_0xce1cd40be269eebd81f69c666c65e156e7597a23e18045ad96562da59051c3ae,0xb28e889a921201490d29274eed439658228eaa3270adb4290c7c6fa771865db4,1682943557,0xbdd11cc911ec8ed95887e56dc253d70cb36b0c4f,0x56335ee1e1ebe0c4830783c0d06979c7bec3e282,0,23650086263083463046866085460688010098893623875122636648911714629906015607279,0.154639,5.154633,0.0,YES,2023-05-01 12:19:17+00:00,BUY,0.154639,5.154633,0.030000001940002328,0.030000001940002328,0.97
0x8c24b0d9e18438d149dadaf5cb8af7f45960a7f1278e4c8809955bddecf12783_0xce1cd40be269eebd81f69c666c65e156e7597a23e18045ad96562da59051c3ae,0x8c24b0d9e18438d149dadaf5cb8af7f45960a7f1278e4c8809955bddecf12783,1682943591,0xbdd11cc911ec8ed95887e56dc253d70cb36b0c4f,0x56335ee1e1ebe0c4830783c0d06979c7bec3e282,0,23650086263083463046866085460688010098893623875122636648911714629906015607279,0.154639,5.154633,0.0,YES,2023-05-01 12:19:51+00:00,BUY,0.154639,5.154633,0.030000001940002328,0.030000001940002328,0.97
0x382ed7922cbb91145fc680856e63fe36f6f4d627b8d4804c4d25db0f4c41418a_0x65b878535d10af92382fe147a90b5f821972a6e18964725057d64a7041f029d2,0x382ed7922cbb91145fc680856e63fe36f6f4d627b8d4804c4d25db0f4c41418a,1682946862,0xbdd11cc911ec8ed95887e56dc253d70cb36b0c4f,0x8debd189ffd74160f25e367bafaed61a9fea7062,0,23650086263083463046866085460688010098893623875122636648911714629906015607279,0.000284,0.0142,0.0,YES,2023-05-01 13:14:22+00:00,BUY,0.000284,0.0142,0.02,0.02,0.98
0xecafb37c45449319414fa51583eaf07d6f355ce74a2559c253a75fb962b5c848_0x4634440d9ffdf2c143adecc75077f256984b04c7fc766c9340f250c2b822ab4e,0xecafb37c45449319414fa51583eaf07d6f355ce74a2559c253a75fb962b5c848,1682967516,0xd1acd3925d895de9aec98ff95f3a30c5279d08d5,0x296bd652f74deac6a8bd9bcb04265f3a65fd2cf2,0,23650086263083463046866085460688010098893623875122636648911714629906015607279,0.9203,46.015,0.0,YES,2023-05-01 18:58:36+00:00,BUY,0.9203,46.015,0.02,0.02,0.98
0x2e55b8d55c597c9838e7694f0fe41279ceb837cc77d0e4cb3388889206a0f04c_0x7d8b84b16f7d6fab4d0a31796510f468892faed67202148197650d5738699906,0x2e55b8d55c597c9838e7694f0fe41279ceb837cc77d0e4cb3388889206a0f04c,1683005563,0x3cf3e8d5427aed066a7a5926980600f6c3cf87b3,0x1fca4a6cd2f7126a429ca30c8a24b08ac11ef015,23650086263083463046866085460688010098893623875122636648911714629906015607279,0,100.0,6.0,0.0,YES,2023-05-02 05:32:43+00:00,SELL,6.0,100.0,0.06,0.06,0.94
0x4d3790683794a46ac596973674afef924584a09a9ccd91ead9cdd00b70eb95c4_0xaef70cf4cc1d0fe01c4308e451278d303794564032f5e0870bd74da5f47e1581,0x4d3790683794a46ac596973674afef924584a09a9ccd91ead9cdd00b70eb95c4,1683023293,0x3cf3e8d5427aed066a7a5926980600f6c3cf87b3,0x4bfb41d5b3570defd03c39a9a4d8de6bd8b8982e,23650086263083463046866085460688010098893623875122636648911714629906015607279,0,63.61,3.1805,0.0,YES,2023-05-02 10:28:13+00:00,SELL,3.1805,63.61,0.049999999999999996,0.049999999999999996,0.95
0x4f4f592f5fe884e690b48239606c01bf4c71ca7e93c7d6f9b11f41cec12c4a6c_0x53c4071ca4772045c4da7f78bace08cd36a31361e925b7e6ef902a8333d419eb,0x4f4f592f5fe884e690b48239606c01bf4c71ca7e93c7d6f9b11f41cec12c4a6c,1683025888,0x348ead303af439e31ad782d56b0b82937485dd04,0x509587cbb541251c74f261df3421f1fcc9fdc97c,0,23650086263083463046866085460688010098893623875122636648911714629906015607279,97.2295,1944.59,0.0,YES,2023-05-02 11:11:28+00:00,BUY,97.2295,1944.59,0.05,0.05,0.95
0x84daf20a936e624e3860ef515a2eb37ddaa4d568818dbd3e9baede38b6831324_0x0bb2395355818fcbad62ac4758f4e776a1b445b780a8d8046f61966109a91e40,0x84daf20a936e624e3860ef515a2eb37ddaa4d568818dbd3e9baede38b6831324,1683038376,0x3cf3e8d5427aed066a7a5926980600f6c3cf87b3,0x6b3d278a0a62230364f55f1684ad24c1c12d76dd,23650086263083463046866085460688010098893623875122636648911714629906015607279,0,33.61,2.3527,0.0,YES,2023-05-02 14:39:36+00:00,SELL,2.3527,33.61,0.07,0.07,0.93
0xa02b75cecb20347027f524d68e0b18034f4cff746b14bf17137dca14ea3cc556_0x011d999d65b4e7b4ecf1790674eb15c1047be6ceb659bae090a28a7feb224151,0xa02b75cecb20347027f524d68e0b18034f4cff746b14bf17137dca14ea3cc556,1683038566,0x6b3d278a0a62230364f55f1684ad24c1c12d76dd,0x4bfb41d5b3570defd03c39a9a4d8de6bd8b8982e,0,23650086263083463046866085460688010098893623875122636648911714629906015607279,1.8,20.0,0.0,YES,2023-05-02 14:42:46+00:00,BUY,1.8,20.0,0.09,0.09,0.91
0xe4f153a3a4bd558f087bc4d23a9ed06045b693b80d031902ec8cbca011628dd3_0xd5e2a25294b431b9cea37420c2a240b3a7fe9a7f0493e610a5fdf63eb18a0dcb,0xe4f153a3a4bd558f087bc4d23a9ed06045b693b80d031902ec8cbca011628dd3,1683038866,0x6b3d278a0a62230364f55f1684ad24c1c12d76dd,0x4bfb41d5b3570defd03c39a9a4d8de6bd8b8982e,0,23650086263083463046866085460688010098893623875122636648911714629906015607279,1.8,20.0,0.0,YES,2023-05-02 14:47:46+00:00,BUY,1.8,20.0,0.09,0.09,0.91
0x7e45a80d0c757b2b35229f5be606bb6e2d6202baee91243557ecbad2f8024241_0xb5a783284dbc43e25374f2bb98ff3737f5239941b2503dba31bcc5088b6b6901,0x7e45a80d0c757b2b35229f5be606bb6e2d6202baee91243557ecbad2f8024241,1683038870,0x6b3d278a0a62230364f55f1684ad24c1c12d76dd,0x4bfb41d5b3570defd03c39a9a4d8de6bd8b8982e,0,23650086263083463046866085460688010098893623875122636648911714629906015607279,54.6,500.0,0.0,YES,2023-05-02 14:47:50+00:00,BUY,54.6,500.0,0.1092,0.1092,0.8908
0xc50a6b8e033225dcdbf27235193e64b0f054264e7a8acdbca8b85081bf1a81ad_0x9dd93295366e7e70c1a5dda98ac5aeba05521eed751522ea7ca517200ff1d320,0xc50a6b8e033225dcdbf27235193e64b0f054264e7a8acdbca8b85081bf1a81ad,1683038906,0x6b3d278a0a62230364f55f1684ad24c1c12d76dd,0x4bfb41d5b3570defd03c39a9a4d8de6bd8b8982e,0,23650086263083463046866085460688010098893623875122636648911714629906015607279,1.8,20.0,0.0,YES,2023-05-02 14:48:26+00:00,BUY,1.8,20.0,0.09,0.09,0.91
0x082cc121c616fa7bcd6727036965f606781165ec827597d04546e409b897eb02_0x565efe5742c0954b06277821880d82a19030d19f3b07bc8448859d703e90b6a4,0x082cc121c616fa7bcd6727036965f606781165ec827597d04546e409b897eb02,1683038966,0x6b3d278a0a62230364f55f1684ad24c1c12d76dd,0x4bfb41d5b3570defd03c39a9a4d8de6bd8b8982e,0,23650086263083463046866085460688010098893623875122636648911714629906015607279,1.8,20.0,0.0,YES,2023-05-02 14:49:26+00:00,BUY,1.8,20.0,0.09,0.09,0.91
0x5277bcb9dcc0a25a58a728cadb3cf97ec5e52adb918bd9534bef984baac730af_0xf03d325ff2d5efb2120aba77ec5dcd189e340ea319fd055cac2367a3a31ce222,0x5277bcb9dcc0a25a58a728cadb3cf97ec5e52adb918bd9534bef984baac730af,1683038986,0x6b3d278a0a62230364f55f1684ad24c1c12d76dd,0x4bfb41d5b3570defd03c39a9a4d8de6bd8b8982e,0,23650086263083463046866085460688010098893623875122636648911714629906015607279,1.8,20.0,0.0,YES,2023-05-02 14:49:46+00:00,BUY,1.8,20.0,0.09,0.09,0.91
0x54eb790a86406120d54b241b72331d066517092b3f3efd88c8de926de2bfde09_0x8a28dd389d61bb661fa696ce2f80467d8ae2fd67925fee3193afc86dd95e6eb9,0x54eb790a86406120d54b241b72331d066517092b3f3efd88c8de926de2bfde09,1683039549,0x3cf3e8d5427aed066a7a5926980600f6c3cf87b3,0x4bfb41d5b3570defd03c39a9a4d8de6bd8b8982e,0,23650086263083463046866085460688010098893623875122636648911714629906015607279,5.0,50.0,0.0,YES,2023-05-02 14:59:09+00:00,BUY,5.0,50.0,0.1,0.1,0.9
0xf8dc4eb3623f4ca1269df52059c58930ea33c9f85c0c21f1f1e3482aa3d416cb_0x97e48c08d1d9687dc7adadeeddd776c6fb9ae70611597cbebb9a319fb17f5ac5,0xf8dc4eb3623f4ca1269df52059c58930ea33c9f85c0c21f1f1e3482aa3d416cb,1683043215,0x6b3d278a0a62230364f55f1684ad24c1c12d76dd,0x4bfb41d5b3570defd03c39a9a4d8de6bd8b8982e,0,23650086263083463046866085460688010098893623875122636648911714629906015607279,100.0,1000.0,0.0,YES,2023-05-02 16:00:15+00:00,BUY,100.0,1000.0,0.1,0.1,0.9
0xe1a7cbb8f5fc00a3c66ca80c87ae56ae75ffea093ebe991908c4694df8204d90_0xfd678509318079a2cba8d11ea1297ff2d0dd41a59585b4a0e375c443c5fc4af4,0xe1a7cbb8f5fc00a3c66ca80c87ae56ae75ffea093ebe991908c4694df8204d90,1683043359,0x3cf3e8d5427aed066a7a5926980600f6c3cf87b3,0x4bfb41d5b3570defd03c39a9a4d8de6bd8b8982e,0,23650086263083463046866085460688010098893623875122636648911714629906015607279,14.999999,136.363635,0.0,YES,2023-05-02 16:02:39+00:00,BUY,14.999999,136.363635,0.10999999376666662,0.10999999376666662,0.89
0xb986c1485db4ec116d238d5a4aa7b7b1fb31da5e51511a3db7eef338e4ddb689_0xe192862570be544c66e2c76f012d4e295e4ee67c81c71fcdb4bed7ab3481d506,0xb986c1485db4ec116d238d5a4aa7b7b1fb31da5e51511a3db7eef338e4ddb689,1683043455,0x3cf3e8d5427aed066a7a5926980600f6c3cf87b3,0x4bfb41d5b3570defd03c39a9a4d8de6bd8b8982e,0,23650086263083463046866085460688010098893623875122636648911714629906015607279,1.65,15.0,0.0,YES,2023-05-02 16:04:15+00:00,BUY,1.65,15.0,0.11,0.11,0.89
0x0500e07bc37cad6119982765d705e4cedbd083168e6e7848c764712f1ffd360e_0x36472aa94f010383480381fb19f04880768a66c4c28a4c54d8337b399a5f7147,0x0500e07bc37cad6119982765d705e4cedbd083168e6e7848c764712f1ffd360e,1683043981,0x5962279cf8c6cda39dc612b2928accb69b6b3969,0x4bfb41d5b3570defd03c39a9a4d8de6bd8b8982e,0,23650086263083463046866085460688010098893623875122636648911714629906015607279,0.599999,5.454544,0.0,YES,2023-05-02 16:13:01+00:00,BUY,0.599999,5.454544,0.10999984599995892,0.10999984599995892,0.89
0xbbfef18f8d7f50acd5822ca29ba2d37fd12b5e4b12106521451b60befbe7bf3b_0x391a1837698059e2d32bb66f4a30cf226d1c78edcc3cad47469e354099605cee,0xbbfef18f8d7f50acd5822ca29ba2d37fd12b5e4b12106521451b60befbe7bf3b,1683044165,0x5962279cf8c6cda39dc612b2928accb69b6b3969,0x4bfb41d5b3570defd03c39a9a4d8de6bd8b8982e,0,23650086263083463046866085460688010098893623875122636648911714629906015607279,2.45,24.5,0.0,YES,2023-05-02 16:16:05+00:00,BUY,2.45,24.5,0.1,0.1,0.9
0xbf97d24d15b1d6cae6a3ccdadf30fb5c81168a69c19f134d0af96591850097ee_0x121c9c5a305deb02b8133cb32d515217ea202150846270f3578b7acd53fa2ac3,0xbf97d24d15b1d6cae6a3ccdadf30fb5c81168a69c19f134d0af96591850097ee,1683044386,0x6b3d278a0a62230364f55f1684ad24c1c12d76dd,0x4bfb41d5b3570defd03c39a9a4d8de6bd8b8982e,0,23650086263083463046866085460688010098893623875122636648911714629906015607279,197.55,1975.5,0.0,YES,2023-05-02 16:19:46+00:00,BUY,197.55,1975.5,0.1,0.1,0.9
0xda291af052ccc32ddac510ed6fe3743efb9471b61566323ab5bb66bccee3075e_0xd74f5e46adc333b06a700f5550215ed748d616730d486daed7b30ad4db580901,0xda291af052ccc32ddac510ed6fe3743efb9471b61566323ab5bb66bccee3075e,1683044568,0xa282f14c503d1ed3d11e67b84eee9dadb60a1cc2,0x21378fd64736103b01685aee2b1e5acfdc4f0677,23650086263083463046866085460688010098893623875122636648911714629906015607279,0,200.0,18.0,0.0,YES,2023-05-02 16:22:48+00:00,SELL,18.0,200.0,0.09,0.09,0.91
0xf97823e5020ecee432e862bbded2e317eb542f7522283443a2162ab695df1799_0x7b7b37cdc704a3511ae4b730f8ce4c6464d91de6ef7f60f8ac347709684897b8,0xf97823e5020ecee432e862bbded2e317eb542f7522283443a2162ab695df1799,1683045564,0x3cf3e8d5427aed066a7a5926980600f6c3cf87b3,0x4cc3522b689a6bf1fb4a2444c523e7776db47552,0,23650086263083463046866085460688010098893623875122636648911714629906015607279,15.0,300.0,0.0,YES,2023-05-02 16:39:24+00:00,BUY,15.0,300.0,0.05,0.05,0.95
0xe546af3fcb2580755530e9c408cc746f4b1157360c39702730e96d8d5a352a01_0x71a353d2c2147efa5f68cf88608395ac8ce61f83f9bb6a5214d57282347f971a,0xe546af3fcb2580755530e9c408cc746f4b1157360c39702730e96d8d5a352a01,1683045658,0x3cf3e8d5427aed066a7a5926980600f6c3cf87b3,0x4bfb41d5b3570defd03c39a9a4d8de6bd8b8982e,23650086263083463046866085460688010098893623875122636648911714629906015607279,0,15.0,0.9,0.0,YES,2023-05-02 16:40:58+00:00,SELL,0.9,15.0,0.060000000000000005,0.060000000000000005,0.94
0x36b99dbd83c0700b928583ac556bcb3d431cad4ab8338fffb4e69c7a5935c031_0x7f446c6a035ea9fb4c3e4d79c3ea3ce288409657dd65cf83aa4bacf440cc9796,0x36b99dbd83c0700b928583ac556bcb3d431cad4ab8338fffb4e69c7a5935c031,1683046119,0xa282f14c503d1ed3d11e67b84eee9dadb60a1cc2,0xf6129c47f5ef4cab25f3aa67b5e3aaac77b15700,23650086263083463046866085460688010098893623875122636648911714629906015607279,0,200.0,18.0,0.0,YES,2023-05-02 16:48:39+00:00,SELL,18.0,200.0,0.09,0.09,0.91
0x21e076f672b2956d793181a98ca4124f57a0c7dbdadc3724b63b51e40b24aa05_0xc43835d8fa784bd2edc6af59ff1d09bfee53950e327713065128662291a43e62,0x21e076f672b2956d793181a98ca4124f57a0c7dbdadc3724b63b51e40b24aa05,1683046907,0x8b0de9e23b68f342aa0ccad3730d7ad6a93132a5,0x509587cbb541251c74f261df3421f1fcc9fdc97c,0,23650086263083463046866085460688010098893623875122636648911714629906015607279,14.0,200.0,0.0,YES,2023-05-02 17:01:47+00:00,BUY,14.0,200.0,0.07,0.07,0.93
0xa860d78b3899fc262c0a8f2b3e4ec7542491e72a686ed4e1bc669cef9c013592_0x69126ae66f589fcf09565b09810cee0793f6f33402211c85ac3ccef9c41ca19c,0xa860d78b3899fc262c0a8f2b3e4ec7542491e72a686ed4e1bc669cef9c013592,1683051221,0x3cf3e8d5427aed066a7a5926980600f6c3cf87b3,0x4bfb41d5b3570defd03c39a9a4d8de6bd8b8982e,0,23650086263083463046866085460688010098893623875122636648911714629906015607279,35.0,500.0,0.0,YES,2023-05-02 18:13:41+00:00,BUY,35.0,500.0,0.07,0.07,0.93
0xff30692b62a79a9b07b0eb91e8fad067771b9751851b2dc0bc97ac0c40fa8955_0xf1139194a626ccba81ba07ff33320a3e382009fb02c18f2a990e8b685cc761e7,0xff30692b62a79a9b07b0eb91e8fad067771b9751851b2dc0bc97ac0c40fa8955,1683051263,0x3cf3e8d5427aed066a7a5926980600f6c3cf87b3,0x4bfb41d5b3570defd03c39a9a4d8de6bd8b8982e,0,23650086263083463046866085460688010098893623875122636648911714629906015607279,2.999999,42.857141,0.0,YES,2023-05-02 18:14:23+00:00,BUY,2.999999,42.857141,0.06999997969999912,0.06999997969999912,0.93
0x10c50d9a00e40a314fb9a07300c50bd63a6378f9c7d3b175abe549ad94268533_0x9a83cd17a606fab95ac0914651f9bec9dbf6403f8ebe0a8c33e8297c8d4ac3d8,0x10c50d9a00e40a314fb9a07300c50bd63a6378f9c7d3b175abe549ad94268533,1683051505,0x3cf3e8d5427aed066a7a5926980600f6c3cf87b3,0x4bfb41d5b3570defd03c39a9a4d8de6bd8b8982e,0,23650086263083463046866085460688010098893623875122636648911714629906015607279,0.849995,12.142795,0.0,YES,2023-05-02 18:18:25+00:00,BUY,0.849995,12.142795,0.06999994647031428,0.06999994647031428,0.93
0x35b81df825d432adfe14242ac55f0846044e01f891c11f54b322995dbca7b2b7_0xffab58472ff4a8f4dc5013a50e76e6a1d9cd425f2cf67a060e8d678b8be05927,0x35b81df825d432adfe14242ac55f0846044e01f891c11f54b322995dbca7b2b7,1683058025,0xa282f14c503d1ed3d11e67b84eee9dadb60a1cc2,0x07c4f39862e865e6f9d307f1df5e6c24367d2c5b,23650086263083463046866085460688010098893623875122636648911714629906015607279,0,1.2,0.12,0.0,YES,2023-05-02 20:07:05+00:00,SELL,0.12,1.2,0.1,0.1,0.9
0x0cd6c9d24228e69409f12d8fe7086b8f98fa94a94293a06fb8abb300d07fec7b_0xb5299958975901e2e7a1e609c8b63de35384292abeda24a16e252bd96c6e9040,0x0cd6c9d24228e69409f12d8fe7086b8f98fa94a94293a06fb8abb300d07fec7b,1683064860,0x1fca4a6cd2f7126a429ca30c8a24b08ac11ef015,0x4bfb41d5b3570defd03c39a9a4d8de6bd8b8982e,23650086263083463046866085460688010098893623875122636648911714629906015607279,0,100.0,5.0,0.0,YES,2023-05-02 22:01:00+00:00,SELL,5.0,100.0,0.05,0.05,0.95
0x6d61e52443e63338ddc9cf0f7359f36ca3c3798553fad387c54516fb29573dba_0x4993e7d9c6ca2d63f7d8a80b69e3e90fdaef5d3cfde0b8aaaa409c9d09fa3975,0x6d61e52443e63338ddc9cf0f7359f36ca3c3798553fad387c54516fb29573dba,1683076801,0x3cf3e8d5427aed066a7a5926980600f6c3cf87b3,0x8debd189ffd74160f25e367bafaed61a9fea7062,0,23650086263083463046866085460688010098893623875122636648911714629906015607279,5.0,100.0,0.0,YES,2023-05-03 01:20:01+00:00,BUY,5.0,100.0,0.05,0.05,0.95
0x51e29c73331faa6aa9d8d3d4012d027150504d8c8149a8b5c3dc139a6bdfdb8d_0x512fe0f0b330a3215c803482223308a56c1eead511623eb8d9bbf25f50a97db4,0x51e29c73331faa6aa9d8d3d4012d027150504d8c8149a8b5c3dc139a6bdfdb8d,1683081886,0x3cf3e8d5427aed066a7a5926980600f6c3cf87b3,0x8debd189ffd74160f25e367bafaed61a9fea7062,0,23650086263083463046866085460688010098893623875122636648911714629906015607279,10.0,250.0,0.0,YES,2023-05-03 02:44:46+00:00,BUY,10.0,250.0,0.04,0.04,0.96
0x031ba9eb73efe1a35421b68077e6216a2fec1c178b779fe244219cf3ef6f02b9_0x7d4078439191443f6250a934ffe4ea01e07930701ca4b132db42f93cc1af0250,0x031ba9eb73efe1a35421b68077e6216a2fec1c178b779fe244219cf3ef6f02b9,1683091548,0x3cf3e8d5427aed066a7a5926980600f6c3cf87b3,0xa81bc5a6d63c60cae7c7cba0d75f3e7280251803,0,23650086263083463046866085460688010098893623875122636648911714629906015607279,1.0443,34.81,0.0,YES,2023-05-03 05:25:48+00:00,BUY,1.0443,34.81,0.03,0.03,0.97
0xf640279f5cd8d5261816a281a037d1431ee52085a0856750046e3236a66baff4_0x0a89323213e3693e41bfd025a6675c2644780bb67df394752169c144cff1c964,0xf640279f5cd8d5261816a281a037d1431ee52085a0856750046e3236a66baff4,1683098750,0x95060d8644127a5f06f158102f21e87b18271cd8,0x4bfb41d5b3570defd03c39a9a4d8de6bd8b8982e,0,23650086263083463046866085460688010098893623875122636648911714629906015607279,27.6,460.0,0.0,YES,2023-05-03 07:25:50+00:00,BUY,27.6,460.0,0.060000000000000005,0.060000000000000005,0.94
0x69d0c5e16e0b77df5af2ff451a441e41190dc129518944bd9db479cc80199c0b_0x845fcc97275246ddd3d2acfffacaea92541479f35d43b642dfd85a141a7225d2,0x69d0c5e16e0b77df5af2ff451a441e41190dc129518944bd9db479cc80199c0b,1683136590,0xaaf4acafbb7980ce93631d238eb10a5c4ca67883,0xa81bc5a6d63c60cae7c7cba0d75f3e7280251803,0,23650086263083463046866085460688010098893623875122636648911714629906015607279,7.75,155.0,0.0,YES,2023-05-03 17:56:30+00:00,BUY,7.75,155.0,0.05,0.05,0.95
0xd2c7b2e6841c1a7c4b1f1832996722488b03e2f6869fede0099fcfd8116c7500_0x553a70792bc6723c280c97b461a784894a9e373cf6757531bac3b83ad616a728,0xd2c7b2e6841c1a7c4b1f1832996722488b03e2f6869fede0099fcfd8116c7500,1683136798,0x3e6ebb4adc9f53373089caf3f3d102a4b0576ef6,0xe0f3208b94bbd4d1a3dee319d4d574747297d82c,0,23650086263083463046866085460688010098893623875122636648911714629906015607279,6.0,200.0,0.0,YES,2023-05-03 17:59:58+00:00,BUY,6.0,200.0,0.03,0.03,0.97
0x24165f7b872a65db04d82d6804442a60c1fbe8da49e6c732828951eb01d9e900_0x15d15c7272818ced7da75c6c31786b1803109597afc4c990110f3c7e98fa9e40,0x24165f7b872a65db04d82d6804442a60c1fbe8da49e6c732828951eb01d9e900,1683136812,0x71e11e0fc20a2adf27026fbf8674b38f8ff945f0,0xaaf4acafbb7980ce93631d238eb10a5c4ca67883,0,23650086263083463046866085460688010098893623875122636648911714629906015607279,0.2,20.0,0.0,YES,2023-05-03 18:00:12+00:00,BUY,0.2,20.0,0.01,0.01,0.99
0x2fa1938bfaf8aa77f3a4ff7fe2ae529fdca7c28a920e2328a6ac019bbb299dde_0x1cad9668f32fa68bfc01ca0396a02a1dc632e13456856c501b3d19c28b7bf938,0x2fa1938bfaf8aa77f3a4ff7fe2ae529fdca7c28a920e2328a6ac019bbb299dde,1683137006,0x71e11e0fc20a2adf27026fbf8674b38f8ff945f0,0x579a830f55239dde6999335f9b803dc9200e46d5,0,23650086263083463046866085460688010098893623875122636648911714629906015607279,0.2,20.0,0.0,YES,2023-05-03 18:03:26+00:00,BUY,0.2,20.0,0.01,0.01,0.99
