time,open,high,low,close,Volume
1697407200,94.585,94.585,94.575,94.58,109
1697407260,94.58,94.58,94.58,94.58,3
1697407440,94.58,94.58,94.58,94.58,1
1697407500,94.58,94.58,94.58,94.58,4
1697407560,94.58,94.58,94.58,94.58,1
1697407800,94.58,94.58,94.58,94.58,1
1697407920,94.58,94.58,94.58,94.58,32
1697408340,94.58,94.58,94.58,94.58,15
1697408400,94.58,94.58,94.58,94.58,15
1697409900,94.58,94.58,94.58,94.58,6
1697412660,94.58,94.58,94.58,94.58,11
1697412780,94.58,94.58,94.58,94.58,11
1697412840,94.58,94.58,94.58,94.58,12
1697415900,94.58,94.58,94.58,94.58,113
1697417220,94.58,94.58,94.58,94.58,20
1697417460,94.58,94.58,94.58,94.58,1
1697420340,94.58,94.58,94.58,94.58,23
1697421240,94.58,94.58,94.58,94.58,25
1697421300,94.58,94.58,94.58,94.58,53
1697423460,94.58,94.58,94.58,94.58,48
1697423640,94.58,94.58,94.58,94.58,41
1697424180,94.58,94.58,94.58,94.58,138
1697425320,94.58,94.58,94.58,94.58,4
1697428080,94.58,94.58,94.58,94.58,1
1697429160,94.58,94.58,94.58,94.58,8
1697430720,94.58,94.58,94.58,94.58,10
1697431740,94.58,94.58,94.58,94.58,78
1697439300,94.575,94.575,94.575,94.575,133
1697439360,94.575,94.575,94.575,94.575,10
1697439420,94.575,94.575,94.575,94.575,5
1697439540,94.575,94.575,94.575,94.575,20
1697439600,94.575,94.575,94.575,94.575,100
1697440020,94.575,94.575,94.575,94.575,76
1697440200,94.575,94.575,94.575,94.575,5
1697440260,94.575,94.575,94.575,94.575,1
1697440380,94.575,94.575,94.575,94.575,1
1697440500,94.575,94.575,94.575,94.575,3
1697446740,94.58,94.58,94.58,94.58,6
1697446800,94.58,94.58,94.58,94.58,14
1697446860,94.58,94.58,94.58,94.58,41
1697446920,94.58,94.58,94.58,94.58,105
1697450520,94.575,94.575,94.575,94.575,1296
1697450640,94.575,94.575,94.575,94.575,98
1697451780,94.575,94.575,94.575,94.575,36
1697454060,94.575,94.575,94.575,94.575,28
1697455740,94.575,94.575,94.575,94.575,13
1697455860,94.575,94.575,94.575,94.575,49
1697456040,94.575,94.575,94.575,94.575,366
1697456640,94.575,94.575,94.575,94.575,5
1697458020,94.575,94.575,94.575,94.575,25
1697458860,94.58,94.58,94.58,94.58,223
1697458920,94.58,94.58,94.58,94.58,5
1697458980,94.58,94.58,94.58,94.58,33
1697459400,94.585,94.585,94.585,94.585,82
1697459520,94.58,94.58,94.58,94.58,2
1697459640,94.58,94.58,94.58,94.58,10
1697459700,94.58,94.58,94.58,94.58,406
1697460120,94.58,94.58,94.58,94.58,219
1697460180,94.58,94.58,94.58,94.58,105
1697460240,94.58,94.58,94.58,94.58,4
1697460300,94.58,94.58,94.58,94.58,1
1697460360,94.58,94.58,94.58,94.58,22
1697460420,94.58,94.58,94.58,94.58,6
1697461200,94.585,94.585,94.585,94.585,125
1697462820,94.58,94.58,94.58,94.58,4
1697463000,94.58,94.58,94.58,94.58,28
1697463120,94.58,94.58,94.58,94.58,62
1697463360,94.58,94.58,94.58,94.58,3
1697463420,94.58,94.58,94.58,94.58,631
1697463480,94.58,94.58,94.58,94.58,88
1697464320,94.58,94.58,94.58,94.58,100
1697464440,94.575,94.575,94.575,94.575,225
1697465100,94.575,94.575,94.575,94.575,1637
1697465160,94.575,94.575,94.575,94.575,20
1697465880,94.575,94.575,94.575,94.575,42
1697466060,94.575,94.575,94.575,94.575,80
1697466120,94.575,94.575,94.575,94.575,11
1697466180,94.575,94.575,94.575,94.575,134
1697466240,94.575,94.575,94.575,94.575,100
1697466600,94.575,94.575,94.575,94.575,68
1697466780,94.575,94.575,94.575,94.575,166
1697468040,94.57,94.57,94.57,94.57,19
1697469000,94.57,94.57,94.57,94.57,2
1697470440,94.57,94.57,94.57,94.57,9
1697470560,94.57,94.57,94.57,94.57,1
1697473440,94.57,94.57,94.57,94.57,21
1697480100,94.57,94.57,94.57,94.57,1
1697481960,94.57,94.57,94.57,94.57,68
1697482320,94.57,94.57,94.57,94.57,4
1697482800,94.57,94.57,94.57,94.57,1
1697484600,94.57,94.57,94.57,94.57,1
1697484780,94.57,94.57,94.57,94.57,1
1697485440,94.57,94.57,94.57,94.57,19
1697485860,94.57,94.57,94.57,94.57,625
1697486340,94.57,94.57,94.57,94.57,1
1697486700,94.575,94.575,94.575,94.575,33
1697487180,94.57,94.57,94.57,94.57,1
1697487780,94.57,94.57,94.57,94.57,35
1697488140,94.575,94.575,94.575,94.575,2
1697488260,94.57,94.57,94.57,94.57,2
1697489640,94.57,94.57,94.57,94.57,1
1697489700,94.57,94.57,94.57,94.57,1
1697489760,94.57,94.57,94.57,94.57,1
1697489940,94.57,94.575,94.57,94.575,71
1697493600,94.57,94.57,94.57,94.57,70
1697493960,94.57,94.57,94.57,94.57,6
1697494500,94.57,94.57,94.57,94.57,66
1697494680,94.57,94.57,94.57,94.57,2
1697494860,94.57,94.57,94.57,94.57,1
1697494980,94.57,94.57,94.57,94.57,73
1697495040,94.57,94.57,94.57,94.57,1
1697495940,94.57,94.57,94.57,94.57,2
1697496060,94.57,94.57,94.57,94.57,1
1697496240,94.57,94.57,94.57,94.57,4
1697496420,94.57,94.57,94.57,94.57,2
1697496660,94.57,94.57,94.57,94.57,4
1697496840,94.57,94.57,94.57,94.57,2
1697496900,94.57,94.57,94.57,94.57,2
1697497020,94.57,94.57,94.57,94.57,2
1697497080,94.57,94.57,94.57,94.57,2
1697497260,94.57,94.57,94.57,94.57,2
1697497440,94.57,94.57,94.57,94.57,2
1697497500,94.57,94.57,94.57,94.57,2
1697497560,94.57,94.57,94.57,94.57,2
1697498280,94.57,94.57,94.57,94.57,10
1697498340,94.57,94.57,94.57,94.57,4
1697498400,94.57,94.57,94.57,94.57,2
1697498640,94.57,94.57,94.57,94.57,2
1697506260,94.57,94.57,94.57,94.57,17
1697509500,94.57,94.57,94.57,94.57,2
1697509560,94.57,94.57,94.57,94.57,2
1697511300,94.57,94.57,94.57,94.57,2
1697511360,94.57,94.57,94.57,94.57,2
1697512380,94.57,94.57,94.57,94.57,2
1697513040,94.57,94.57,94.57,94.57,12
1697513100,94.57,94.57,94.57,94.57,4
1697513160,94.57,94.57,94.57,94.57,10
1697520060,94.57,94.57,94.57,94.57,11
1697520900,94.57,94.57,94.57,94.57,90
1697524980,94.57,94.57,94.57,94.57,2
1697525520,94.57,94.57,94.57,94.57,1
1697527140,94.57,94.57,94.57,94.57,1
1697527260,94.57,94.57,94.57,94.57,73
1697530320,94.57,94.57,94.57,94.57,29
1697532780,94.575,94.575,94.575,94.575,4
1697536560,94.57,94.57,94.57,94.57,9
1697537580,94.57,94.57,94.57,94.57,214
1697538660,94.57,94.57,94.57,94.57,383
1697540220,94.57,94.57,94.57,94.57,370
1697540400,94.565,94.565,94.565,94.565,269
1697540880,94.57,94.57,94.57,94.57,327
1697541840,94.565,94.565,94.565,94.565,600
1697544300,94.565,94.565,94.565,94.565,45
1697544900,94.565,94.565,94.565,94.565,50
1697545320,94.57,94.57,94.57,94.57,357
1697545500,94.57,94.57,94.565,94.57,823
1697545560,94.57,94.57,94.57,94.57,33
1697545620,94.57,94.57,94.57,94.57,113
1697545680,94.57,94.57,94.565,94.57,326
1697545740,94.57,94.57,94.57,94.57,65
1697545800,94.57,94.57,94.555,94.56,932
1697545860,94.555,94.555,94.55,94.555,332
1697545920,94.555,94.555,94.555,94.555,80
1697545980,94.55,94.55,94.55,94.55,866
1697546040,94.55,94.55,94.545,94.545,36
1697546100,94.55,94.55,94.55,94.55,139
1697546220,94.545,94.545,94.545,94.545,331
1697546460,94.545,94.545,94.545,94.545,4
1697546520,94.55,94.55,94.545,94.55,840
1697546580,94.545,94.545,94.545,94.545,670
1697546640,94.54,94.54,94.54,94.54,201
1697546700,94.54,94.54,94.54,94.54,1724
1697546760,94.54,94.54,94.535,94.535,715
1697546820,94.535,94.535,94.535,94.535,414
1697547000,94.54,94.54,94.54,94.54,879
1697547060,94.54,94.54,94.54,94.54,79
1697547120,94.54,94.54,94.54,94.54,476
1697547420,94.535,94.535,94.535,94.535,105
1697547540,94.53,94.53,94.53,94.53,111
1697547660,94.53,94.53,94.53,94.53,120
1697547720,94.53,94.53,94.53,94.53,1
1697547900,94.53,94.53,94.53,94.53,411
1697548320,94.535,94.535,94.535,94.535,450
1697548380,94.535,94.535,94.535,94.535,468
1697548500,94.53,94.53,94.53,94.53,78
1697548680,94.53,94.53,94.53,94.53,444
1697549040,94.53,94.53,94.53,94.53,50
1697549100,94.53,94.53,94.53,94.53,2
1697549280,94.53,94.53,94.53,94.53,1809
1697549340,94.53,94.53,94.53,94.53,2
1697549400,94.525,94.525,94.525,94.525,313
1697549460,94.525,94.525,94.525,94.525,435
1697549520,94.525,94.525,94.525,94.525,50
1697549580,94.52,94.52,94.52,94.52,2438
1697549880,94.525,94.525,94.52,94.52,3
1697549940,94.52,94.52,94.52,94.52,1
1697550060,94.52,94.525,94.52,94.525,989
1697550120,94.525,94.525,94.525,94.525,20
1697550180,94.525,94.525,94.525,94.525,147
1697550300,94.525,94.525,94.525,94.525,301
1697550360,94.525,94.525,94.525,94.525,167
1697550420,94.525,94.525,94.525,94.525,19
1697550480,94.525,94.525,94.525,94.525,20
1697550540,94.525,94.525,94.525,94.525,1
1697550600,94.52,94.525,94.52,94.525,135
1697550660,94.525,94.525,94.525,94.525,5
1697550720,94.525,94.525,94.525,94.525,17
1697550840,94.525,94.525,94.525,94.525,1
1697550900,94.525,94.525,94.525,94.525,306
1697550960,94.525,94.525,94.525,94.525,1
1697551020,94.525,94.525,94.525,94.525,1
1697551080,94.525,94.53,94.525,94.525,268
1697551140,94.525,94.525,94.525,94.525,23
1697551200,94.525,94.525,94.525,94.525,1
1697551260,94.525,94.525,94.525,94.525,21
1697551320,94.525,94.525,94.525,94.525,1
1697551440,94.525,94.525,94.525,94.525,1
1697551500,94.525,94.525,94.525,94.525,1
1697551620,94.525,94.525,94.525,94.525,1
1697551680,94.525,94.525,94.525,94.525,169
1697551740,94.525,94.525,94.525,94.525,1
1697551800,94.525,94.525,94.525,94.525,1
1697551860,94.53,94.53,94.53,94.53,75
1697551920,94.53,94.53,94.53,94.53,7
1697551980,94.53,94.53,94.53,94.53,966
1697552040,94.53,94.53,94.53,94.53,118
1697552160,94.53,94.53,94.53,94.53,1
1697552280,94.535,94.535,94.535,94.535,314
1697552340,94.535,94.535,94.535,94.535,79
1697552400,94.535,94.535,94.535,94.535,48
1697552460,94.535,94.535,94.535,94.535,2
1697552520,94.535,94.535,94.535,94.535,23
1697552580,94.535,94.535,94.535,94.535,9
1697552640,94.535,94.535,94.535,94.535,3
1697552700,94.53,94.53,94.53,94.53,1
1697552820,94.53,94.53,94.53,94.53,398
1697552940,94.525,94.525,94.525,94.525,1
1697553060,94.525,94.525,94.525,94.525,1
1697553180,94.525,94.525,94.525,94.525,1
1697553240,94.525,94.525,94.525,94.525,1
1697553420,94.525,94.525,94.525,94.525,1
1697553540,94.525,94.525,94.525,94.525,1
1697553660,94.525,94.525,94.525,94.525,1
1697553780,94.525,94.525,94.525,94.525,1
1697553840,94.525,94.525,94.525,94.525,1
1697553900,94.525,94.53,94.525,94.53,151
1697553960,94.53,94.53,94.53,94.53,733
1697554020,94.53,94.53,94.53,94.53,227
1697554080,94.53,94.53,94.53,94.53,70
1697554200,94.53,94.53,94.53,94.53,1
1697554260,94.53,94.53,94.53,94.53,278
1697554320,94.53,94.53,94.53,94.53,79
1697554380,94.53,94.53,94.53,94.53,1
1697554440,94.53,94.53,94.53,94.53,10
1697554500,94.53,94.53,94.53,94.53,1
1697554560,94.53,94.53,94.53,94.53,7
1697554620,94.53,94.53,94.525,94.525,407
1697554680,94.53,94.53,94.53,94.53,452
1697554800,94.53,94.53,94.53,94.53,8
1697554860,94.53,94.53,94.53,94.53,263
1697554920,94.53,94.53,94.53,94.53,84
1697554980,94.53,94.53,94.525,94.525,2
1697555040,94.525,94.525,94.525,94.525,1
1697555160,94.53,94.53,94.53,94.53,10
1697555220,94.53,94.53,94.53,94.53,6
1697555280,94.525,94.53,94.525,94.53,11
1697555340,94.53,94.53,94.53,94.53,5
1697555460,94.525,94.525,94.525,94.525,1
1697555520,94.53,94.53,94.53,94.53,410
1697555580,94.53,94.53,94.53,94.53,110
1697555640,94.53,94.53,94.53,94.53,267
1697555700,94.525,94.525,94.525,94.525,1
1697555760,94.525,94.525,94.525,94.525,1919
1697555820,94.525,94.525,94.52,94.52,256
1697555880,94.52,94.525,94.52,94.525,173
1697555940,94.52,94.525,94.52,94.525,34
1697556000,94.525,94.525,94.525,94.525,309
1697556060,94.525,94.525,94.525,94.525,1
1697556120,94.53,94.53,94.53,94.53,10
1697556180,94.525,94.525,94.525,94.525,1
1697556240,94.525,94.525,94.525,94.525,3
1697556360,94.525,94.525,94.525,94.525,1
1697556540,94.525,94.525,94.525,94.525,19
1697556600,94.525,94.525,94.525,94.525,2
1697556660,94.525,94.525,94.525,94.525,277
1697556720,94.525,94.525,94.525,94.525,68
1697556780,94.525,94.525,94.525,94.525,150
1697556840,94.525,94.525,94.525,94.525,1
1697556900,94.525,94.525,94.525,94.525,6
1697556960,94.53,94.53,94.53,94.53,10
1697557020,94.525,94.525,94.525,94.525,2
1697557080,94.525,94.525,94.525,94.525,21
1697557140,94.525,94.525,94.525,94.525,5
1697557260,94.525,94.525,94.525,94.525,4
1697557320,94.525,94.525,94.525,94.525,205
1697557440,94.525,94.525,94.525,94.525,1
1697557560,94.525,94.525,94.525,94.525,1
1697557680,94.525,94.525,94.525,94.525,5
1697557740,94.525,94.525,94.525,94.525,1
1697557800,94.525,94.525,94.525,94.525,1
1697557860,94.525,94.525,94.525,94.525,45
1697557920,94.525,94.525,94.525,94.525,2
1697557980,94.525,94.525,94.525,94.525,2
1697558100,94.525,94.525,94.525,94.525,1
1697558280,94.525,94.525,94.525,94.525,12
1697558340,94.525,94.525,94.525,94.525,1
1697558520,94.525,94.525,94.525,94.525,2
1697558580,94.525,94.525,94.525,94.525,1
1697558700,94.525,94.525,94.525,94.525,1
1697558760,94.525,94.525,94.525,94.525,427
1697558820,94.52,94.52,94.52,94.52,33
1697558880,94.52,94.52,94.52,94.52,1
1697559060,94.52,94.52,94.52,94.52,1
1697559180,94.52,94.52,94.52,94.52,2
1697559240,94.525,94.525,94.52,94.52,10
1697559480,94.52,94.52,94.52,94.52,1
1697559660,94.52,94.52,94.52,94.52,1
1697559720,94.52,94.52,94.52,94.52,1
1697559780,94.52,94.52,94.52,94.52,66
1697559840,94.52,94.52,94.52,94.52,3
1697559900,94.52,94.52,94.52,94.52,2
1697560020,94.52,94.52,94.52,94.52,1
1697560320,94.52,94.52,94.52,94.52,1
1697560440,94.52,94.52,94.52,94.52,3
1697560500,94.52,94.52,94.52,94.52,1
1697560560,94.525,94.525,94.525,94.525,240
1697560920,94.52,94.52,94.52,94.52,1
1697560980,94.52,94.52,94.52,94.52,1
1697561100,94.52,94.52,94.52,94.52,1
1697561280,94.52,94.52,94.52,94.52,1
1697561460,94.52,94.52,94.52,94.52,1
1697561580,94.52,94.52,94.52,94.52,1
1697561700,94.52,94.52,94.52,94.52,1
1697561760,94.52,94.52,94.52,94.52,4
1697561880,94.52,94.52,94.52,94.52,1
1697562000,94.52,94.52,94.52,94.52,1
1697562060,94.52,94.52,94.52,94.52,1
1697562120,94.525,94.525,94.525,94.525,1
1697562180,94.52,94.52,94.52,94.52,3286
1697562480,94.52,94.52,94.52,94.52,9
1697562660,94.52,94.52,94.52,94.52,445
1697562720,94.52,94.52,94.52,94.52,1
1697562840,94.52,94.52,94.52,94.52,1
1697562960,94.52,94.52,94.52,94.52,1
1697563080,94.52,94.52,94.52,94.52,1
1697563260,94.52,94.52,94.52,94.52,336
1697563320,94.52,94.52,94.52,94.52,32
1697563500,94.52,94.52,94.52,94.52,10
1697563680,94.515,94.52,94.515,94.515,4
1697563920,94.515,94.52,94.515,94.52,2
1697564040,94.52,94.52,94.52,94.52,2
1697564100,94.515,94.515,94.515,94.515,1
1697564160,94.515,94.52,94.515,94.52,2
1697564220,94.515,94.515,94.515,94.515,1
1697564340,94.515,94.52,94.515,94.52,6
1697564400,94.52,94.52,94.52,94.52,1
1697564460,94.52,94.52,94.52,94.52,5
1697564520,94.515,94.515,94.515,94.515,1
1697564640,94.515,94.515,94.515,94.515,1
1697564880,94.515,94.515,94.515,94.515,1
1697565180,94.515,94.515,94.515,94.515,1
1697565240,94.515,94.515,94.515,94.515,518
1697565300,94.515,94.515,94.515,94.515,50
1697565420,94.515,94.515,94.515,94.515,173
1697565480,94.515,94.515,94.515,94.515,72
1697565540,94.515,94.515,94.515,94.515,29
1697565600,94.515,94.515,94.515,94.515,78
1697565660,94.515,94.515,94.515,94.515,162
1697566020,94.515,94.515,94.51,94.515,28
1697566380,94.515,94.515,94.515,94.515,50
1697566440,94.515,94.515,94.515,94.515,330
1697566500,94.515,94.515,94.515,94.515,1
1697566560,94.51,94.51,94.51,94.51,1
1697566620,94.515,94.515,94.51,94.51,23
1697566740,94.51,94.51,94.51,94.51,157
1697566860,94.51,94.51,94.51,94.51,1
1697567160,94.51,94.51,94.51,94.51,1
1697567220,94.51,94.51,94.51,94.51,3
1697567460,94.51,94.51,94.51,94.51,2
1697567520,94.51,94.51,94.51,94.51,1
1697567580,94.515,94.515,94.515,94.515,666
1697567820,94.52,94.52,94.52,94.52,1
1697567880,94.52,94.52,94.52,94.52,61
1697567940,94.515,94.515,94.515,94.515,1
1697568000,94.52,94.52,94.52,94.52,410
1697568300,94.52,94.52,94.52,94.52,1
1697568480,94.52,94.52,94.52,94.52,1
1697568540,94.52,94.52,94.52,94.52,1
1697568720,94.52,94.52,94.52,94.52,1
1697569020,94.52,94.52,94.52,94.52,1
1697569140,94.52,94.525,94.52,94.525,201
1697569200,94.525,94.525,94.525,94.525,209
1697569260,94.52,94.52,94.52,94.52,1
1697569560,94.52,94.52,94.52,94.52,1
1697569800,94.52,94.52,94.52,94.52,1
1697569860,94.525,94.525,94.525,94.525,24
1697570040,94.52,94.52,94.52,94.52,1
1697570220,94.525,94.525,94.525,94.525,1
1697570400,94.525,94.525,94.525,94.525,6
1697570580,94.52,94.52,94.52,94.52,1
1697570700,94.525,94.525,94.525,94.525,1
1697570820,94.525,94.525,94.52,94.52,3
1697570880,94.52,94.52,94.52,94.52,1
1697571180,94.52,94.52,94.52,94.52,1
1697571420,94.52,94.52,94.52,94.52,1
1697571600,94.52,94.52,94.52,94.52,1
1697571780,94.525,94.525,94.52,94.52,48
1697571960,94.52,94.52,94.52,94.52,1
1697572200,94.52,94.52,94.52,94.52,1
1697572260,94.52,94.52,94.52,94.52,37
1697572320,94.52,94.52,94.52,94.52,2
1697572380,94.52,94.52,94.52,94.52,5
1697572440,94.52,94.52,94.52,94.52,2
1697572620,94.52,94.52,94.52,94.52,1
1697572740,94.52,94.52,94.52,94.52,2
1697572980,94.525,94.525,94.525,94.525,7
1697573460,94.525,94.525,94.525,94.525,2
1697573520,94.52,94.52,94.52,94.52,100
1697573580,94.52,94.52,94.52,94.52,18
1697573640,94.52,94.525,94.52,94.525,15
1697574540,94.52,94.52,94.52,94.52,170
1697575140,94.525,94.525,94.525,94.525,3
1697575500,94.52,94.52,94.52,94.52,632
1697575560,94.52,94.52,94.52,94.52,2
1697575980,94.52,94.52,94.52,94.52,3
1697576100,94.52,94.52,94.52,94.52,46
1697576280,94.52,94.52,94.52,94.52,5
1697576340,94.52,94.52,94.52,94.52,121
1697580000,94.52,94.52,94.52,94.52,55
1697580060,94.52,94.52,94.52,94.52,5
1697580120,94.52,94.52,94.52,94.52,8
1697580480,94.52,94.52,94.52,94.52,40
1697580540,94.52,94.52,94.52,94.52,56
1697580600,94.52,94.52,94.52,94.52,7
1697580780,94.52,94.52,94.52,94.52,1
1697581080,94.52,94.52,94.52,94.52,4
1697581140,94.52,94.52,94.52,94.52,11
1697581200,94.52,94.52,94.52,94.52,23
1697581320,94.52,94.52,94.52,94.52,7
1697582820,94.52,94.52,94.52,94.52,97
1697583660,94.52,94.52,94.52,94.52,3
1697583840,94.52,94.52,94.52,94.52,2
1697585280,94.52,94.52,94.52,94.52,1
1697589000,94.525,94.525,94.525,94.525,9
1697589720,94.525,94.525,94.525,94.525,20
1697589840,94.525,94.525,94.525,94.525,13
1697593920,94.53,94.53,94.53,94.53,10
1697594640,94.53,94.53,94.53,94.53,25
1697596200,94.53,94.53,94.53,94.53,1
1697596320,94.53,94.53,94.53,94.53,107
1697597700,94.53,94.53,94.53,94.53,147
1697597760,94.53,94.53,94.53,94.53,50
1697599140,94.53,94.53,94.53,94.53,14
1697602080,94.53,94.53,94.53,94.53,2
1697608800,94.53,94.53,94.53,94.53,68
1697608860,94.53,94.53,94.53,94.53,10
1697608920,94.53,94.53,94.53,94.53,36
1697609700,94.53,94.53,94.53,94.53,60
1697610240,94.53,94.53,94.53,94.53,39
1697610480,94.53,94.53,94.53,94.53,251
1697610900,94.53,94.53,94.53,94.53,102
1697610960,94.53,94.53,94.53,94.53,57
1697612340,94.53,94.53,94.53,94.53,4
1697615220,94.525,94.525,94.525,94.525,35
1697617380,94.53,94.53,94.53,94.53,17
1697617440,94.53,94.53,94.53,94.53,108
1697617680,94.53,94.53,94.53,94.53,21
1697617800,94.53,94.53,94.53,94.53,274
1697617860,94.53,94.53,94.53,94.53,254
1697618400,94.53,94.53,94.53,94.53,241
1697618640,94.53,94.53,94.53,94.53,2
1697619180,94.53,94.53,94.53,94.53,2
1697619660,94.53,94.53,94.53,94.53,49
1697619720,94.53,94.53,94.53,94.53,13
1697619900,94.53,94.53,94.53,94.53,10
1697620380,94.53,94.53,94.53,94.53,91
1697620620,94.53,94.53,94.53,94.53,109
1697620920,94.53,94.53,94.53,94.53,23
1697621880,94.535,94.535,94.535,94.535,178
1697621940,94.535,94.535,94.535,94.535,250
1697622240,94.535,94.535,94.535,94.535,255
1697622900,94.535,94.535,94.535,94.535,1
1697623380,94.535,94.535,94.535,94.535,137
1697624280,94.54,94.54,94.54,94.54,265
1697625300,94.54,94.54,94.54,94.54,25
1697625360,94.535,94.535,94.535,94.535,1
1697625840,94.54,94.54,94.54,94.54,1
1697626080,94.535,94.535,94.535,94.535,1
1697626200,94.54,94.54,94.54,94.54,1
1697626260,94.54,94.54,94.54,94.54,135
1697626380,94.54,94.54,94.54,94.54,13
1697626560,94.54,94.54,94.54,94.54,40
1697627760,94.54,94.54,94.54,94.54,15
1697627940,94.54,94.54,94.54,94.54,48
1697628300,94.54,94.54,94.54,94.54,24
1697628540,94.54,94.54,94.54,94.54,317
1697628600,94.54,94.54,94.54,94.54,113
1697628660,94.54,94.54,94.54,94.54,4
1697628720,94.54,94.54,94.54,94.54,1
1697628840,94.535,94.54,94.535,94.54,52
1697628960,94.54,94.54,94.54,94.54,100
1697629680,94.535,94.535,94.535,94.535,1
1697629920,94.535,94.535,94.535,94.535,1
1697630160,94.535,94.535,94.535,94.535,375
1697630280,94.535,94.535,94.535,94.535,250
1697630400,94.535,94.535,94.535,94.535,38
1697630460,94.535,94.535,94.535,94.535,107
1697630520,94.535,94.535,94.535,94.535,88
1697630580,94.535,94.535,94.535,94.535,4
1697630640,94.535,94.535,94.535,94.535,29
1697630760,94.535,94.535,94.535,94.535,58
1697630820,94.535,94.535,94.535,94.535,55
1697631060,94.535,94.535,94.535,94.535,60
1697631120,94.535,94.535,94.535,94.535,20
1697631180,94.535,94.535,94.535,94.535,27
1697631240,94.535,94.535,94.535,94.535,7
1697631660,94.535,94.535,94.535,94.535,2
1697631720,94.535,94.535,94.535,94.535,8
1697631900,94.535,94.535,94.535,94.535,1
1697632080,94.535,94.535,94.535,94.535,12
1697632140,94.53,94.53,94.53,94.53,1
1697632200,94.535,94.535,94.535,94.535,35
1697632260,94.535,94.535,94.535,94.535,2
1697632320,94.53,94.53,94.53,94.53,1
1697632440,94.53,94.53,94.53,94.53,1
1697632680,94.535,94.535,94.535,94.535,11
1697632740,94.53,94.535,94.53,94.535,6
1697632920,94.53,94.53,94.53,94.53,937
1697632980,94.53,94.53,94.525,94.525,5
1697633280,94.525,94.525,94.525,94.525,1
1697633520,94.525,94.525,94.525,94.525,1
1697633580,94.53,94.53,94.53,94.53,1
1697633640,94.53,94.53,94.53,94.53,1209
1697633700,94.53,94.53,94.53,94.53,1099
1697633760,94.53,94.53,94.53,94.53,235
1697633820,94.53,94.53,94.53,94.53,61
1697633880,94.53,94.53,94.53,94.53,64
1697633940,94.53,94.53,94.53,94.53,10
1697634000,94.53,94.53,94.53,94.53,37
1697634060,94.53,94.53,94.53,94.53,60
1697634180,94.53,94.53,94.53,94.53,86
1697634240,94.53,94.53,94.53,94.53,1
1697634600,94.525,94.525,94.52,94.525,767
1697634720,94.525,94.525,94.525,94.525,24
1697634780,94.525,94.525,94.525,94.525,24
1697634840,94.525,94.525,94.525,94.525,22
1697634960,94.525,94.525,94.525,94.525,150
1697635380,94.525,94.525,94.525,94.525,1
1697635620,94.525,94.525,94.525,94.525,50
1697635680,94.525,94.525,94.525,94.525,1
1697636040,94.53,94.53,94.53,94.53,1
1697636100,94.525,94.525,94.525,94.525,1
1697636340,94.53,94.53,94.53,94.53,1
1697636400,94.525,94.53,94.525,94.53,59
1697636460,94.53,94.53,94.53,94.53,52
1697636580,94.53,94.53,94.53,94.53,107
1697637240,94.53,94.53,94.53,94.53,1
1697637420,94.53,94.53,94.53,94.53,1
1697637540,94.53,94.53,94.53,94.53,2
1697637600,94.53,94.53,94.53,94.53,1
1697637660,94.53,94.53,94.53,94.53,2
1697637720,94.53,94.53,94.53,94.53,1
1697637780,94.53,94.53,94.53,94.53,1
1697637900,94.53,94.53,94.53,94.53,1
1697638020,94.53,94.53,94.53,94.53,1
1697638080,94.53,94.53,94.53,94.53,486
1697638200,94.53,94.53,94.53,94.53,1
1697638380,94.53,94.53,94.53,94.53,66
1697638500,94.53,94.53,94.53,94.53,1
1697638620,94.53,94.53,94.53,94.53,241
1697638680,94.53,94.53,94.53,94.53,117
1697638740,94.53,94.53,94.53,94.53,403
1697638800,94.53,94.53,94.53,94.53,1
1697638860,94.53,94.53,94.53,94.53,28
1697638920,94.53,94.53,94.53,94.53,5
1697638980,94.53,94.53,94.53,94.53,82
1697639100,94.525,94.525,94.525,94.525,1
1697639280,94.525,94.525,94.525,94.525,420
1697639340,94.525,94.525,94.525,94.525,159
1697639640,94.525,94.525,94.525,94.525,78
1697639700,94.525,94.525,94.525,94.525,1
1697640000,94.525,94.525,94.525,94.525,4
1697640180,94.525,94.525,94.525,94.525,1
1697640420,94.525,94.525,94.525,94.525,1
1697640600,94.525,94.525,94.525,94.525,31
1697640720,94.525,94.525,94.525,94.525,1
1697640900,94.525,94.525,94.525,94.525,1
1697641080,94.525,94.525,94.525,94.525,10
1697641140,94.525,94.525,94.525,94.525,1
1697641200,94.525,94.525,94.525,94.525,39
1697641380,94.525,94.525,94.525,94.525,1
1697641440,94.525,94.525,94.525,94.525,75
1697641560,94.525,94.525,94.525,94.525,1596
1697641620,94.525,94.525,94.525,94.525,187
1697641680,94.52,94.52,94.52,94.52,36
1697641740,94.515,94.52,94.515,94.52,12
1697641980,94.515,94.515,94.515,94.515,1
1697642100,94.52,94.52,94.515,94.515,3
1697642280,94.52,94.52,94.52,94.52,479
1697642400,94.52,94.52,94.52,94.52,288
1697642460,94.52,94.52,94.52,94.52,35
1697642580,94.52,94.52,94.52,94.52,43
1697642640,94.52,94.52,94.52,94.52,30
1697642700,94.52,94.52,94.52,94.52,1303
1697642880,94.52,94.52,94.52,94.52,551
1697642940,94.515,94.515,94.515,94.515,25
1697643000,94.52,94.52,94.52,94.52,268
1697643060,94.52,94.52,94.52,94.52,100
1697643540,94.52,94.52,94.52,94.52,70
1697643720,94.515,94.515,94.515,94.515,1
1697643900,94.515,94.515,94.515,94.515,1
1697644020,94.515,94.515,94.515,94.515,112
1697644140,94.515,94.515,94.515,94.515,1
1697644260,94.515,94.515,94.515,94.515,1244
1697644320,94.515,94.515,94.515,94.515,1
1697644440,94.515,94.515,94.515,94.515,1
1697644620,94.515,94.515,94.515,94.515,1
1697644680,94.515,94.515,94.515,94.515,1
1697644800,94.52,94.52,94.52,94.52,235
1697644920,94.525,94.525,94.525,94.525,75
1697644980,94.525,94.525,94.525,94.525,58
1697645040,94.525,94.525,94.525,94.525,88
1697645100,94.525,94.53,94.525,94.525,1497
1697645280,94.52,94.52,94.52,94.52,112
1697645340,94.515,94.52,94.515,94.52,359
1697645400,94.52,94.52,94.52,94.52,216
1697645640,94.525,94.525,94.525,94.525,608
1697645700,94.525,94.525,94.525,94.525,67
1697645760,94.525,94.525,94.525,94.525,20
1697645880,94.52,94.52,94.52,94.52,1
1697645940,94.52,94.52,94.52,94.52,4
1697646060,94.52,94.52,94.52,94.52,1
1697646120,94.525,94.525,94.525,94.525,438
1697646180,94.525,94.525,94.525,94.525,138
1697646480,94.525,94.525,94.525,94.525,1
1697646540,94.525,94.525,94.525,94.525,1975
1697646600,94.525,94.525,94.525,94.525,18
1697646720,94.525,94.525,94.525,94.525,739
1697646780,94.525,94.525,94.525,94.525,7
1697646960,94.53,94.53,94.53,94.53,1
1697647020,94.525,94.525,94.525,94.525,1
1697647200,94.53,94.53,94.53,94.53,459
1697647380,94.53,94.53,94.53,94.53,1
1697647620,94.535,94.535,94.53,94.53,47
1697647800,94.53,94.53,94.53,94.53,1
1697647860,94.53,94.53,94.53,94.53,13
1697648100,94.53,94.53,94.53,94.53,1
1697648220,94.53,94.53,94.53,94.53,1
1697648340,94.535,94.535,94.535,94.535,30
1697648400,94.53,94.53,94.53,94.53,1
1697648460,94.53,94.53,94.53,94.53,1
1697648520,94.53,94.53,94.53,94.53,1
1697648640,94.53,94.53,94.53,94.53,1
1697648700,94.53,94.53,94.53,94.53,92
1697648760,94.53,94.53,94.53,94.53,212
1697648820,94.53,94.53,94.53,94.53,1
1697649060,94.53,94.53,94.53,94.53,1
1697649180,94.53,94.53,94.53,94.53,1
1697649300,94.53,94.53,94.53,94.53,1
1697649360,94.53,94.53,94.53,94.53,1
1697649600,94.53,94.53,94.53,94.53,1
1697649780,94.53,94.53,94.53,94.53,1
1697650020,94.53,94.53,94.53,94.53,1
1697650200,94.53,94.53,94.53,94.53,1
1697650440,94.53,94.53,94.53,94.53,1
1697650560,94.53,94.53,94.53,94.53,2
1697650620,94.535,94.535,94.535,94.535,16
1697650680,94.53,94.53,94.53,94.53,1
1697650920,94.53,94.53,94.53,94.53,1
1697651040,94.53,94.53,94.53,94.53,1
1697651220,94.53,94.53,94.53,94.53,1
1697651460,94.53,94.53,94.53,94.53,1
1697651520,94.535,94.535,94.535,94.535,300
1697651820,94.53,94.53,94.53,94.53,1
1697651940,94.53,94.53,94.53,94.53,3
1697652120,94.53,94.53,94.53,94.53,1
1697652240,94.53,94.53,94.53,94.53,1
1697652360,94.53,94.53,94.53,94.53,1
1697652480,94.535,94.535,94.535,94.535,92
1697652720,94.53,94.53,94.53,94.53,1
1697652900,94.53,94.53,94.53,94.53,1
1697652960,94.53,94.53,94.53,94.53,1
1697653020,94.53,94.53,94.53,94.53,1
1697653140,94.535,94.535,94.535,94.535,34
1697653380,94.53,94.53,94.53,94.53,1
1697653620,94.53,94.53,94.53,94.53,1
1697653800,94.53,94.53,94.53,94.53,1
1697653920,94.53,94.53,94.53,94.53,1
1697654100,94.53,94.53,94.53,94.53,1
1697654220,94.53,94.53,94.53,94.53,1
1697654340,94.53,94.53,94.53,94.53,1
1697654520,94.535,94.535,94.53,94.53,7
1697654700,94.53,94.53,94.53,94.53,1
1697654880,94.53,94.53,94.53,94.53,1
1697655000,94.53,94.53,94.53,94.53,1
1697655120,94.535,94.535,94.53,94.53,19
1697655240,94.53,94.53,94.53,94.53,66
1697655300,94.53,94.53,94.53,94.53,1
1697655420,94.53,94.53,94.53,94.53,1
1697655480,94.535,94.535,94.535,94.535,250
1697655600,94.53,94.53,94.53,94.53,1
1697655660,94.53,94.53,94.53,94.53,1
1697655840,94.53,94.53,94.53,94.53,1
1697656020,94.53,94.53,94.53,94.53,1
1697656140,94.53,94.53,94.53,94.53,1
1697656200,94.53,94.53,94.53,94.53,1
1697656320,94.53,94.53,94.53,94.53,1
1697656500,94.53,94.53,94.53,94.53,1
1697656680,94.53,94.53,94.53,94.53,1
1697656800,94.53,94.53,94.53,94.53,1
1697656920,94.53,94.53,94.53,94.53,1
1697657040,94.535,94.535,94.535,94.535,1
1697657160,94.53,94.53,94.53,94.53,1
1697657220,94.53,94.53,94.53,94.53,1
1697657340,94.535,94.535,94.535,94.535,573
1697657400,94.535,94.535,94.535,94.535,3
1697657520,94.535,94.535,94.535,94.535,3
1697657580,94.53,94.53,94.53,94.53,1
1697657700,94.53,94.53,94.53,94.53,1
1697657880,94.535,94.535,94.53,94.53,3
1697658060,94.53,94.535,94.53,94.535,5
1697658120,94.535,94.535,94.535,94.535,120
1697658180,94.535,94.535,94.535,94.535,4
1697658300,94.535,94.535,94.535,94.535,100
1697658360,94.535,94.535,94.535,94.535,1
1697658600,94.53,94.53,94.53,94.53,1
1697658780,94.53,94.53,94.53,94.53,1
1697658840,94.535,94.535,94.535,94.535,10
1697659020,94.53,94.535,94.53,94.535,4
1697659140,94.53,94.53,94.53,94.53,1
1697659260,94.535,94.535,94.535,94.535,1
1697659740,94.53,94.53,94.53,94.53,100
1697659920,94.535,94.535,94.535,94.535,6
1697659980,94.535,94.535,94.535,94.535,4
1697660640,94.535,94.535,94.535,94.535,614
1697661060,94.535,94.535,94.535,94.535,3
1697661120,94.535,94.535,94.535,94.535,4
1697661960,94.535,94.535,94.535,94.535,6
1697662500,94.535,94.535,94.535,94.535,34
1697662740,94.54,94.54,94.54,94.54,141
1697666520,94.535,94.535,94.535,94.535,9
1697666580,94.535,94.535,94.535,94.535,8
1697666640,94.535,94.535,94.535,94.535,2
1697668920,94.54,94.54,94.54,94.54,5
1697679420,94.535,94.535,94.535,94.535,32
1697679540,94.535,94.535,94.535,94.535,163
1697679600,94.535,94.535,94.535,94.535,2
1697679780,94.535,94.535,94.535,94.535,250
1697683380,94.535,94.535,94.535,94.535,1
1697683440,94.535,94.535,94.535,94.535,99
1697684400,94.535,94.535,94.535,94.535,149
1697687640,94.535,94.535,94.535,94.535,13
1697687700,94.535,94.535,94.535,94.535,5
1697687820,94.535,94.535,94.535,94.535,37
1697687880,94.535,94.535,94.535,94.535,25
1697688060,94.535,94.535,94.535,94.535,250
1697688540,94.535,94.535,94.535,94.535,42
1697688600,94.535,94.535,94.535,94.535,19
1697688660,94.535,94.535,94.535,94.535,19
1697689080,94.535,94.535,94.535,94.535,10
1697689140,94.535,94.535,94.535,94.535,10
1697689200,94.535,94.535,94.535,94.535,5
1697689440,94.535,94.535,94.535,94.535,5
1697694120,94.535,94.535,94.535,94.535,170
1697695140,94.53,94.53,94.53,94.53,24
1697698140,94.53,94.53,94.53,94.53,1
1697698560,94.53,94.53,94.53,94.53,259
1697701140,94.53,94.53,94.53,94.53,120
1697701320,94.53,94.53,94.53,94.53,21
1697701740,94.53,94.53,94.53,94.53,170
1697703600,94.53,94.53,94.53,94.53,100
1697704200,94.53,94.53,94.53,94.53,257
1697704320,94.53,94.53,94.53,94.53,50
1697704440,94.53,94.53,94.53,94.53,1
1697706060,94.53,94.53,94.53,94.53,6
1697706780,94.53,94.53,94.53,94.53,85
1697707080,94.53,94.53,94.53,94.53,1
1697707140,94.53,94.53,94.53,94.53,3
1697707380,94.53,94.53,94.53,94.53,1
1697709720,94.53,94.53,94.53,94.53,1
1697709900,94.535,94.535,94.535,94.535,225
1697711700,94.535,94.535,94.535,94.535,319
1697711820,94.535,94.535,94.535,94.535,2
1697711880,94.535,94.535,94.535,94.535,4
1697712780,94.535,94.535,94.535,94.535,21
1697713380,94.535,94.535,94.535,94.535,26
1697713560,94.535,94.535,94.535,94.535,986
1697713680,94.53,94.53,94.53,94.53,1
1697714160,94.53,94.53,94.53,94.53,23
1697714220,94.53,94.53,94.53,94.53,126
1697714280,94.53,94.53,94.53,94.53,203
1697714460,94.53,94.53,94.53,94.53,99
1697714520,94.53,94.53,94.53,94.53,138
1697714580,94.53,94.53,94.53,94.53,1
1697714640,94.53,94.53,94.53,94.53,221
1697714700,94.53,94.53,94.53,94.53,75
1697714820,94.53,94.53,94.53,94.53,30
1697715060,94.53,94.53,94.53,94.53,30
1697716080,94.525,94.525,94.525,94.525,1
1697716140,94.525,94.525,94.525,94.525,2
1697716740,94.525,94.525,94.525,94.525,1
1697716800,94.525,94.525,94.525,94.525,660
1697716920,94.525,94.525,94.525,94.525,25
1697716980,94.525,94.525,94.525,94.525,10
1697717160,94.525,94.525,94.525,94.525,1
1697717280,94.525,94.525,94.525,94.525,3
1697717340,94.525,94.525,94.525,94.525,50
1697717580,94.525,94.525,94.525,94.525,1
1697717820,94.525,94.525,94.525,94.525,1
1697718120,94.525,94.525,94.525,94.525,2
1697718300,94.525,94.53,94.525,94.53,650
1697718360,94.53,94.53,94.53,94.53,113
1697718480,94.53,94.53,94.53,94.53,153
1697718540,94.53,94.53,94.53,94.53,2
1697718600,94.525,94.525,94.525,94.525,143
1697718660,94.53,94.53,94.525,94.525,5
1697718720,94.525,94.525,94.525,94.525,1
1697718840,94.525,94.525,94.525,94.525,1
1697718960,94.525,94.525,94.525,94.525,1
1697719020,94.53,94.53,94.53,94.53,3
1697719140,94.53,94.53,94.53,94.53,488
1697719200,94.53,94.53,94.53,94.53,625
1697719260,94.53,94.53,94.53,94.53,55
1697719320,94.53,94.53,94.53,94.53,530
1697719440,94.53,94.53,94.53,94.53,37
1697719500,94.53,94.53,94.53,94.53,50
1697719620,94.53,94.53,94.53,94.53,5
1697719800,94.53,94.53,94.53,94.53,1
1697719920,94.53,94.53,94.53,94.53,355
1697720220,94.53,94.53,94.53,94.53,1
1697720400,94.53,94.53,94.53,94.53,21
1697720640,94.53,94.53,94.53,94.53,1
1697720880,94.53,94.53,94.53,94.53,1
1697720940,94.53,94.53,94.53,94.53,16
1697721000,94.53,94.53,94.53,94.53,5
1697721120,94.53,94.53,94.53,94.53,1
1697721420,94.53,94.53,94.53,94.53,1
1697721540,94.53,94.53,94.53,94.53,303
1697721600,94.53,94.53,94.53,94.53,1
1697721780,94.53,94.53,94.53,94.53,69
1697721840,94.53,94.53,94.53,94.53,20
1697721960,94.53,94.53,94.53,94.53,5
1697722020,94.53,94.53,94.53,94.53,28
1697722320,94.53,94.53,94.53,94.53,5
1697722380,94.53,94.53,94.53,94.53,10
1697722620,94.535,94.535,94.535,94.535,295
1697722680,94.535,94.535,94.535,94.535,73
1697722860,94.54,94.54,94.54,94.54,238
1697723220,94.535,94.535,94.535,94.535,1
1697723520,94.535,94.54,94.535,94.54,51
1697723580,94.535,94.535,94.535,94.535,193
1697723640,94.535,94.535,94.535,94.535,4
1697723820,94.535,94.535,94.535,94.535,1
1697723940,94.535,94.535,94.535,94.535,1
1697724000,94.535,94.535,94.535,94.535,9
1697724060,94.535,94.535,94.535,94.535,1
1697724240,94.535,94.535,94.535,94.535,690
1697724420,94.53,94.53,94.53,94.53,1
1697724720,94.53,94.53,94.53,94.53,1
1697724780,94.535,94.54,94.535,94.54,1043
1697724900,94.54,94.54,94.54,94.54,48
1697725020,94.54,94.54,94.54,94.54,634
1697725080,94.54,94.54,94.54,94.54,29
1697725500,94.535,94.535,94.535,94.535,1
1697725860,94.535,94.535,94.535,94.535,1
1697726280,94.535,94.535,94.535,94.535,1
1697726340,94.54,94.54,94.54,94.54,17
1697726700,94.535,94.535,94.535,94.535,1
1697726940,94.54,94.54,94.54,94.54,263
1697727360,94.535,94.535,94.535,94.535,1
1697727720,94.535,94.535,94.535,94.535,1
1697727900,94.54,94.54,94.54,94.54,120
1697728260,94.54,94.54,94.54,94.54,36
1697728560,94.54,94.54,94.54,94.54,60
1697728680,94.54,94.54,94.54,94.54,4
1697728920,94.54,94.54,94.54,94.54,18
1697728980,94.54,94.54,94.54,94.54,528
1697729100,94.54,94.54,94.54,94.54,1
1697729160,94.54,94.54,94.54,94.54,100
1697729220,94.54,94.54,94.54,94.54,7
1697729280,94.54,94.54,94.54,94.54,103
1697729340,94.54,94.54,94.54,94.54,9
1697729400,94.54,94.54,94.54,94.54,13
1697729460,94.54,94.54,94.54,94.54,200
1697729520,94.54,94.54,94.54,94.54,58
1697729700,94.54,94.54,94.54,94.54,552
1697730240,94.54,94.54,94.54,94.54,20
1697730360,94.54,94.54,94.54,94.54,3
1697730480,94.54,94.54,94.54,94.54,514
1697730540,94.54,94.54,94.54,94.54,1
1697730600,94.54,94.54,94.54,94.54,30
1697730780,94.54,94.54,94.54,94.54,1
1697730960,94.54,94.54,94.54,94.54,50
1697731020,94.545,94.545,94.545,94.545,145
1697731080,94.54,94.54,94.54,94.54,510
1697731140,94.545,94.545,94.545,94.545,2
1697731200,94.54,94.545,94.53,94.545,2003
1697731260,94.55,94.55,94.545,94.55,1293
1697731320,94.55,94.55,94.55,94.55,429
1697731380,94.555,94.56,94.555,94.555,425
1697731500,94.555,94.555,94.555,94.555,128
1697731560,94.555,94.56,94.555,94.56,1022
1697731620,94.56,94.56,94.56,94.56,28
1697731680,94.56,94.56,94.56,94.56,5
1697731740,94.56,94.56,94.56,94.56,5
1697731800,94.56,94.56,94.56,94.56,474
1697731920,94.565,94.57,94.565,94.57,317
1697731980,94.57,94.57,94.57,94.57,301
1697732040,94.57,94.57,94.57,94.57,305
1697732100,94.57,94.57,94.57,94.57,252
1697732160,94.57,94.57,94.57,94.57,1349
1697732220,94.57,94.57,94.57,94.57,291
1697732280,94.57,94.57,94.57,94.57,291
1697732340,94.57,94.57,94.57,94.57,104
1697732400,94.57,94.57,94.57,94.57,679
1697732460,94.57,94.575,94.57,94.575,581
1697732520,94.575,94.575,94.575,94.575,474
1697732580,94.57,94.57,94.57,94.57,15
1697732640,94.57,94.57,94.565,94.565,2649
1697732700,94.565,94.565,94.565,94.565,183
1697732940,94.565,94.565,94.565,94.565,51
1697733000,94.565,94.565,94.565,94.565,600
1697733180,94.565,94.565,94.565,94.565,50
1697733240,94.565,94.565,94.555,94.56,3027
1697733300,94.56,94.56,94.555,94.555,413
1697733420,94.555,94.555,94.555,94.555,1079
1697733480,94.55,94.55,94.55,94.55,50
1697733540,94.555,94.555,94.555,94.555,164
1697733600,94.56,94.56,94.56,94.56,1058
1697733660,94.555,94.56,94.555,94.56,19
1697733720,94.56,94.56,94.555,94.555,12
1697733780,94.56,94.56,94.56,94.56,1261
1697733840,94.56,94.56,94.56,94.56,1089
1697733900,94.56,94.56,94.56,94.56,272
1697734020,94.56,94.56,94.56,94.56,30
1697734140,94.56,94.56,94.56,94.56,116
1697734200,94.56,94.56,94.56,94.56,250
1697734260,94.56,94.56,94.56,94.56,149
1697734320,94.56,94.56,94.56,94.56,1
1697734380,94.565,94.565,94.565,94.565,464
1697734440,94.565,94.565,94.565,94.565,81
1697734620,94.565,94.565,94.565,94.565,935
1697734680,94.565,94.565,94.565,94.565,2
1697734740,94.57,94.57,94.565,94.565,3
1697735340,94.57,94.57,94.57,94.57,1075
1697735400,94.57,94.57,94.57,94.57,87
1697735520,94.57,94.57,94.57,94.57,53
1697735580,94.57,94.57,94.57,94.57,581
1697735760,94.575,94.575,94.575,94.575,617
1697735820,94.575,94.575,94.575,94.575,718
1697736060,94.575,94.575,94.575,94.575,495
1697736540,94.575,94.575,94.575,94.575,1
1697736720,94.57,94.57,94.57,94.57,5
1697736900,94.575,94.575,94.575,94.575,1
1697736960,94.57,94.57,94.57,94.57,200
1697737020,94.57,94.57,94.57,94.57,414
1697737080,94.57,94.57,94.57,94.57,58
1697737140,94.57,94.57,94.57,94.57,400
1697737320,94.57,94.57,94.57,94.57,1
1697737440,94.57,94.57,94.57,94.57,33
1697737560,94.575,94.575,94.575,94.575,1
1697737980,94.575,94.575,94.575,94.575,1
1697738280,94.575,94.575,94.575,94.575,1
1697738580,94.575,94.575,94.575,94.575,1
1697738820,94.575,94.575,94.575,94.575,1
1697738880,94.57,94.57,94.57,94.57,500
1697739240,94.57,94.57,94.57,94.57,125
1697739780,94.575,94.575,94.575,94.575,1
1697740260,94.575,94.575,94.575,94.575,1
1697740440,94.57,94.57,94.57,94.57,1
1697740500,94.575,94.575,94.575,94.575,1
1697740620,94.57,94.57,94.57,94.57,3
1697740680,94.575,94.575,94.57,94.57,540
1697740800,94.575,94.575,94.575,94.575,1
1697741160,94.575,94.575,94.575,94.575,1
1697741340,94.57,94.57,94.57,94.57,3088
1697741700,94.565,94.565,94.565,94.565,68
1697741940,94.57,94.57,94.57,94.57,1
1697742120,94.57,94.57,94.57,94.57,1
1697742420,94.57,94.57,94.57,94.57,1
1697742480,94.57,94.57,94.57,94.57,650
1697742600,94.57,94.57,94.57,94.57,12
1697742840,94.57,94.57,94.565,94.565,4061
1697742900,94.565,94.565,94.565,94.565,77
1697742960,94.565,94.565,94.565,94.565,320
1697743080,94.565,94.57,94.565,94.57,176
1697743140,94.57,94.57,94.57,94.57,1
1697743200,94.57,94.57,94.57,94.57,1
1697743260,94.57,94.57,94.57,94.57,2
1697743320,94.57,94.57,94.57,94.57,1
1697743380,94.57,94.57,94.57,94.57,1
1697743440,94.57,94.57,94.57,94.57,1
1697743500,94.57,94.57,94.57,94.57,1
1697743560,94.57,94.57,94.57,94.57,1
1697743620,94.57,94.57,94.57,94.57,1
1697743680,94.57,94.57,94.57,94.57,1
1697743740,94.57,94.57,94.57,94.57,1
1697743860,94.57,94.57,94.57,94.57,1
1697743920,94.57,94.57,94.57,94.57,1
1697743980,94.57,94.57,94.57,94.57,3
1697744040,94.57,94.57,94.57,94.57,2
1697744160,94.57,94.57,94.565,94.565,59
1697744220,94.57,94.57,94.57,94.57,2
1697744280,94.57,94.57,94.57,94.57,13
1697744340,94.57,94.57,94.57,94.57,2
1697744400,94.57,94.57,94.57,94.57,2
1697744460,94.57,94.57,94.57,94.57,2
1697744520,94.57,94.57,94.57,94.57,2
1697744580,94.57,94.57,94.57,94.57,2
1697744640,94.57,94.57,94.57,94.57,1
1697744700,94.57,94.57,94.57,94.57,1
1697744760,94.57,94.57,94.57,94.57,1
1697744820,94.57,94.57,94.57,94.57,1
1697744880,94.57,94.57,94.57,94.57,1
1697744940,94.57,94.57,94.57,94.57,1
1697745000,94.57,94.57,94.57,94.57,2
1697745060,94.57,94.57,94.57,94.57,1
1697745120,94.565,94.57,94.565,94.57,13
1697745180,94.57,94.57,94.57,94.57,1
1697745240,94.57,94.57,94.57,94.57,1
1697745300,94.57,94.57,94.57,94.57,1
1697745360,94.57,94.57,94.57,94.57,1
1697745420,94.57,94.57,94.57,94.57,1
1697745480,94.57,94.57,94.57,94.57,1
1697745540,94.57,94.57,94.57,94.57,6
1697745600,94.57,94.57,94.57,94.57,1
1697745660,94.57,94.57,94.57,94.57,252
1697745900,94.57,94.57,94.57,94.57,108
1697746740,94.57,94.57,94.57,94.57,600
1697746800,94.57,94.57,94.57,94.57,289
1697746920,94.57,94.57,94.57,94.57,55
1697747580,94.565,94.565,94.565,94.565,533
1697747820,94.57,94.57,94.57,94.57,3
1697747880,94.565,94.565,94.565,94.565,1
1697748000,94.57,94.57,94.57,94.57,88
1697748360,94.57,94.57,94.57,94.57,25
1697748600,94.57,94.57,94.57,94.57,41
1697748660,94.57,94.57,94.57,94.57,85
1697748780,94.57,94.57,94.57,94.57,50
1697748900,94.57,94.57,94.57,94.57,55
1697748960,94.57,94.57,94.57,94.57,6
1697749020,94.57,94.57,94.57,94.57,34
1697749080,94.57,94.57,94.57,94.57,4
1697749140,94.57,94.57,94.57,94.57,31
1697752800,94.57,94.57,94.565,94.565,27
1697753700,94.57,94.57,94.57,94.57,5
1697753940,94.57,94.57,94.57,94.57,5
1697754900,94.57,94.57,94.57,94.57,4
1697756040,94.57,94.57,94.57,94.57,5
1697757240,94.57,94.57,94.57,94.57,156
1697757360,94.57,94.57,94.57,94.57,11
1697757420,94.57,94.57,94.57,94.57,2
1697757480,94.57,94.57,94.57,94.57,1
1697757540,94.57,94.57,94.57,94.57,16
1697758260,94.57,94.57,94.57,94.57,37
1697758620,94.575,94.575,94.575,94.575,5
1697761740,94.57,94.57,94.57,94.57,68
1697764200,94.57,94.57,94.57,94.57,248
1697764440,94.57,94.57,94.57,94.57,46
1697767980,94.57,94.57,94.57,94.57,88
1697768640,94.57,94.57,94.57,94.57,4
1697768700,94.57,94.57,94.57,94.57,12
1697768760,94.57,94.57,94.57,94.57,12
1697769120,94.57,94.57,94.57,94.57,56
1697769600,94.57,94.57,94.57,94.57,50
1697770080,94.57,94.57,94.57,94.57,2
1697770200,94.57,94.57,94.57,94.57,6
1697772000,94.57,94.57,94.57,94.57,100
1697781600,94.575,94.575,94.575,94.575,3
1697781660,94.575,94.575,94.575,94.575,1
1697781720,94.575,94.575,94.575,94.575,10
1697783100,94.575,94.575,94.575,94.575,217
1697783160,94.575,94.575,94.575,94.575,112
1697783220,94.575,94.575,94.575,94.575,14
1697783280,94.575,94.575,94.575,94.575,11
1697783340,94.575,94.575,94.575,94.575,61
1697783400,94.575,94.575,94.575,94.575,4
1697783820,94.575,94.575,94.575,94.575,191
1697783880,94.575,94.575,94.575,94.575,6
1697784240,94.575,94.575,94.575,94.575,349
1697784600,94.58,94.58,94.58,94.58,100
1697784660,94.58,94.58,94.58,94.58,100
1697784780,94.58,94.58,94.58,94.58,20
1697786040,94.58,94.58,94.58,94.58,53
1697786940,94.575,94.575,94.575,94.575,1
1697787000,94.575,94.575,94.575,94.575,20
1697790540,94.58,94.58,94.58,94.58,1
1697792160,94.575,94.575,94.575,94.575,190
1697792220,94.575,94.575,94.575,94.575,89
1697793360,94.575,94.575,94.575,94.575,18
1697793420,94.575,94.575,94.575,94.575,35
1697793600,94.575,94.575,94.575,94.575,70
1697793720,94.575,94.575,94.575,94.575,62
1697794620,94.575,94.575,94.575,94.575,52
1697795520,94.575,94.575,94.575,94.575,402
1697795820,94.575,94.575,94.575,94.575,1
1697797380,94.57,94.57,94.57,94.57,6
1697797560,94.575,94.575,94.575,94.575,1
1697798880,94.575,94.575,94.575,94.575,100
1697799480,94.575,94.575,94.575,94.575,1
1697799840,94.575,94.575,94.575,94.575,1
1697800080,94.575,94.575,94.57,94.575,474
1697800140,94.575,94.575,94.575,94.575,15
1697800440,94.575,94.575,94.575,94.575,57
1697800560,94.575,94.575,94.575,94.575,40
1697800620,94.575,94.575,94.575,94.575,6
1697800680,94.575,94.575,94.575,94.575,3
1697801400,94.58,94.58,94.58,94.58,1
1697802060,94.575,94.575,94.575,94.575,1226
1697802660,94.575,94.575,94.57,94.57,6
1697803200,94.575,94.575,94.575,94.575,1
1697803560,94.575,94.575,94.575,94.575,1
1697803620,94.575,94.575,94.575,94.575,86
1697803860,94.575,94.575,94.575,94.575,350
1697803920,94.58,94.58,94.58,94.58,1
1697803980,94.58,94.58,94.58,94.58,500
1697804040,94.575,94.575,94.575,94.575,21
1697804100,94.575,94.575,94.575,94.575,30
1697804160,94.575,94.575,94.575,94.575,1422
1697804400,94.575,94.575,94.575,94.575,1
1697804460,94.57,94.575,94.57,94.575,9
1697804580,94.575,94.575,94.575,94.575,209
1697804640,94.575,94.575,94.575,94.575,308
1697804880,94.58,94.58,94.58,94.58,1
1697804940,94.58,94.58,94.58,94.58,1
1697805000,94.58,94.58,94.58,94.58,369
1697805060,94.58,94.58,94.58,94.58,141
1697805120,94.58,94.58,94.58,94.58,93
1697805180,94.58,94.58,94.58,94.58,401
1697805240,94.58,94.58,94.58,94.58,389
1697805300,94.58,94.58,94.58,94.58,246
1697805540,94.58,94.58,94.58,94.58,1
1697805600,94.58,94.58,94.58,94.58,197
1697805660,94.58,94.58,94.58,94.58,162
1697805840,94.58,94.585,94.58,94.585,142
1697805900,94.585,94.585,94.585,94.585,1
1697806080,94.585,94.585,94.585,94.585,1
1697806260,94.585,94.585,94.585,94.585,1
1697806380,94.58,94.58,94.58,94.58,3
1697806440,94.585,94.585,94.58,94.58,7
1697806500,94.58,94.58,94.58,94.58,34
1697806620,94.585,94.585,94.585,94.585,1
1697806740,94.585,94.585,94.585,94.585,136
1697806920,94.585,94.585,94.58,94.58,26
1697807100,94.58,94.585,94.58,94.585,3
1697807340,94.585,94.585,94.585,94.585,1
1697807460,94.585,94.585,94.585,94.585,9
1697807640,94.58,94.58,94.58,94.58,1266
1697807700,94.58,94.58,94.58,94.58,112
1697807760,94.58,94.58,94.58,94.58,12
1697808000,94.585,94.585,94.585,94.585,1764
1697808060,94.585,94.585,94.585,94.585,428
1697808120,94.585,94.585,94.585,94.585,114
1697808180,94.585,94.585,94.585,94.585,25
1697808420,94.59,94.59,94.59,94.59,1010
1697808480,94.585,94.585,94.585,94.585,1
1697808540,94.585,94.585,94.585,94.585,1
1697808600,94.59,94.59,94.59,94.59,1
1697808720,94.585,94.585,94.585,94.585,95
1697808780,94.59,94.59,94.59,94.59,480
1697808900,94.59,94.59,94.59,94.59,3362
1697808960,94.59,94.59,94.59,94.59,183
1697809380,94.59,94.59,94.59,94.59,18
1697809500,94.59,94.59,94.59,94.59,1
1697809560,94.59,94.59,94.59,94.59,549
1697809620,94.59,94.59,94.59,94.59,73
1697809800,94.595,94.595,94.595,94.595,4
1697809860,94.59,94.59,94.59,94.59,276
1697810220,94.595,94.595,94.595,94.595,1
1697810340,94.595,94.595,94.595,94.595,491
1697810520,94.595,94.595,94.59,94.59,15
1697810640,94.595,94.595,94.595,94.595,1
1697810760,94.595,94.595,94.59,94.59,5
1697810880,94.595,94.595,94.595,94.595,1
1697810940,94.595,94.595,94.595,94.595,328
1697811060,94.59,94.59,94.585,94.585,4132
1697811120,94.585,94.585,94.585,94.585,5
1697811180,94.585,94.585,94.585,94.585,8
1697811240,94.585,94.585,94.585,94.585,660
1697811300,94.585,94.59,94.585,94.59,673
1697811540,94.585,94.585,94.585,94.585,3
1697811900,94.59,94.59,94.59,94.59,1
1697811960,94.585,94.585,94.585,94.585,21
1697812020,94.59,94.59,94.59,94.59,973
1697812140,94.59,94.59,94.59,94.59,1
1697812200,94.59,94.59,94.59,94.59,2
1697812320,94.59,94.59,94.59,94.59,1
1697812440,94.59,94.59,94.59,94.59,1
1697812500,94.59,94.59,94.59,94.59,1
1697812620,94.59,94.59,94.59,94.59,2
1697812740,94.59,94.59,94.59,94.59,11
1697812860,94.59,94.59,94.59,94.59,1
1697812980,94.59,94.59,94.59,94.59,17
1697813040,94.59,94.59,94.59,94.59,21
1697813100,94.59,94.59,94.59,94.59,1
1697813160,94.59,94.59,94.59,94.59,2
1697813280,94.59,94.59,94.59,94.59,2
1697813340,94.59,94.59,94.59,94.59,1
1697813400,94.59,94.59,94.59,94.59,77
1697813460,94.59,94.595,94.59,94.59,4327
1697813520,94.59,94.59,94.59,94.59,2
1697813580,94.59,94.59,94.59,94.59,409
1697813700,94.59,94.59,94.59,94.59,437
1697813760,94.59,94.59,94.59,94.59,591
1697813820,94.59,94.59,94.59,94.59,663
1697813880,94.59,94.59,94.59,94.59,1
1697813940,94.59,94.59,94.59,94.59,107
1697814000,94.59,94.59,94.59,94.59,1
1697814060,94.59,94.59,94.59,94.59,16
1697814120,94.59,94.59,94.59,94.59,1
1697814180,94.59,94.59,94.59,94.59,4
1697814240,94.59,94.59,94.59,94.59,36
1697814300,94.59,94.59,94.59,94.59,18
1697814360,94.59,94.59,94.59,94.59,709
1697814420,94.59,94.59,94.59,94.59,1049
1697814540,94.595,94.595,94.595,94.595,1
1697814600,94.595,94.595,94.595,94.595,1
1697814660,94.595,94.595,94.595,94.595,2
1697814780,94.595,94.595,94.595,94.595,2
1697814840,94.595,94.595,94.595,94.595,2
1697814960,94.595,94.595,94.595,94.595,2
1697815080,94.595,94.595,94.595,94.595,2
1697815200,94.59,94.59,94.59,94.59,9
1697815260,94.595,94.595,94.595,94.595,1
1697815380,94.595,94.595,94.595,94.595,1
1697815500,94.595,94.595,94.595,94.595,1
1697815560,94.595,94.595,94.59,94.59,68
1697815620,94.595,94.595,94.595,94.595,1
1697815740,94.595,94.595,94.595,94.595,2
1697815800,94.595,94.595,94.595,94.595,2
1697815860,94.595,94.595,94.595,94.595,1
1697815920,94.595,94.595,94.595,94.595,2
1697816100,94.595,94.595,94.595,94.595,1
1697816220,94.595,94.595,94.59,94.595,404
1697816280,94.595,94.595,94.59,94.59,1193
1697816340,94.59,94.59,94.59,94.59,235
1697816400,94.59,94.59,94.59,94.59,138
1697816640,94.595,94.595,94.595,94.595,2
1697816820,94.595,94.595,94.59,94.59,30
1697816880,94.59,94.59,94.59,94.59,99
1697817060,94.59,94.59,94.59,94.59,6
1697817120,94.59,94.59,94.59,94.59,6
1697817180,94.59,94.59,94.59,94.59,6
1697817240,94.59,94.59,94.59,94.59,7
1697817300,94.59,94.59,94.59,94.59,9
1697817360,94.59,94.59,94.59,94.59,22
1697817420,94.59,94.59,94.59,94.59,9
1697817480,94.59,94.59,94.59,94.59,10
1697817540,94.59,94.59,94.59,94.59,13
1697817600,94.59,94.59,94.59,94.59,10
1697817660,94.59,94.59,94.59,94.59,11
1697817720,94.59,94.59,94.59,94.59,11
1697817780,94.59,94.59,94.59,94.59,10
1697817840,94.59,94.59,94.59,94.59,8
1697817900,94.59,94.59,94.59,94.59,9
1697817960,94.59,94.59,94.59,94.59,8
1697818020,94.59,94.59,94.59,94.59,8
1697818080,94.59,94.59,94.59,94.59,10
1697818140,94.59,94.59,94.59,94.59,15
1697818200,94.59,94.59,94.585,94.585,15
1697818260,94.59,94.59,94.59,94.59,14
1697818320,94.59,94.59,94.59,94.59,11
1697818380,94.59,94.59,94.59,94.59,13
1697818440,94.59,94.59,94.59,94.59,6
1697818500,94.59,94.59,94.59,94.59,18
1697818560,94.59,94.59,94.59,94.59,9
1697818620,94.59,94.59,94.59,94.59,3
1697818680,94.59,94.59,94.59,94.59,12
1697818740,94.59,94.59,94.59,94.59,7
1697818800,94.59,94.59,94.59,94.59,8
1697818860,94.59,94.59,94.59,94.59,10
1697818920,94.59,94.59,94.59,94.59,11
1697818980,94.59,94.59,94.59,94.59,10
1697819040,94.59,94.59,94.59,94.59,10
1697819100,94.59,94.59,94.59,94.59,9
1697819160,94.59,94.59,94.59,94.59,15
1697819220,94.59,94.59,94.59,94.59,9
1697819280,94.59,94.59,94.59,94.59,20
1697819340,94.59,94.59,94.59,94.59,27
1697819400,94.59,94.59,94.59,94.59,7
1697819460,94.59,94.59,94.59,94.59,17
1697819520,94.59,94.59,94.59,94.59,14
1697819580,94.59,94.59,94.59,94.59,10
1697819640,94.585,94.59,94.585,94.59,84
1697819700,94.585,94.59,94.585,94.59,16
1697819760,94.59,94.59,94.59,94.59,8
1697819820,94.59,94.59,94.59,94.59,9
1697819880,94.59,94.59,94.59,94.59,8
1697819940,94.59,94.59,94.59,94.59,7
1697820000,94.59,94.59,94.59,94.59,8
1697820060,94.59,94.59,94.59,94.59,6
1697820120,94.59,94.59,94.59,94.59,8
1697820180,94.59,94.59,94.59,94.59,8
1697820240,94.59,94.59,94.59,94.59,21
1697820300,94.59,94.59,94.59,94.59,5
1697820420,94.59,94.59,94.585,94.585,11
1697820540,94.59,94.59,94.59,94.59,1
1697820600,94.59,94.595,94.59,94.595,938
1697820780,94.595,94.595,94.595,94.595,2
1697820960,94.595,94.595,94.595,94.595,1
1697821080,94.595,94.595,94.595,94.595,1
1697821140,94.595,94.595,94.595,94.595,2
1697821260,94.595,94.595,94.595,94.595,3
1697821380,94.595,94.595,94.595,94.595,2
1697821560,94.595,94.595,94.595,94.595,3
1697821800,94.595,94.595,94.595,94.595,2
1697821920,94.595,94.595,94.595,94.595,2
1697821980,94.595,94.595,94.595,94.595,8
1697822040,94.595,94.595,94.595,94.595,3
1697822100,94.595,94.595,94.595,94.595,1
1697822160,94.595,94.595,94.595,94.595,1
1697822220,94.595,94.595,94.595,94.595,1
1697822340,94.59,94.59,94.59,94.59,579
1697822520,94.595,94.595,94.595,94.595,1
1697822580,94.595,94.595,94.595,94.595,2
1697822640,94.59,94.59,94.59,94.59,300
1697822820,94.595,94.595,94.595,94.595,1
1697822940,94.595,94.595,94.595,94.595,2
1697823240,94.595,94.595,94.595,94.595,1
1697823300,94.595,94.595,94.595,94.595,1
1697823360,94.595,94.595,94.595,94.595,2
1697823540,94.595,94.595,94.595,94.595,1
1697823600,94.595,94.595,94.595,94.595,1
1697823660,94.595,94.595,94.595,94.595,1
1697823780,94.595,94.595,94.595,94.595,1
1697823840,94.595,94.595,94.595,94.595,2
1697824020,94.595,94.595,94.595,94.595,1
1697824200,94.595,94.595,94.595,94.595,1
1697824380,94.595,94.595,94.59,94.59,251
1697824620,94.595,94.595,94.595,94.595,1
1697824680,94.595,94.595,94.595,94.595,1
1697824740,94.595,94.595,94.595,94.595,1
1697824860,94.595,94.595,94.595,94.595,1
1697824980,94.595,94.595,94.595,94.595,1
1697825100,94.595,94.595,94.595,94.595,3
1697825280,94.595,94.595,94.595,94.595,2
1697825520,94.595,94.595,94.595,94.595,1
1697825640,94.595,94.595,94.595,94.595,2
1697825760,94.595,94.595,94.595,94.595,1
1697825880,94.595,94.595,94.595,94.595,1
1697826000,94.595,94.595,94.595,94.595,4
1697826300,94.595,94.595,94.595,94.595,2
1697826480,94.595,94.595,94.595,94.595,1
1697826600,94.595,94.595,94.595,94.595,1
1697826660,94.595,94.595,94.595,94.595,2
1697826840,94.595,94.595,94.595,94.595,1
1697827020,94.595,94.595,94.595,94.595,2
1697827200,94.595,94.595,94.595,94.595,1
1697827260,94.595,94.595,94.595,94.595,3
1697827560,94.595,94.595,94.595,94.595,2
1697827740,94.595,94.595,94.595,94.595,2
1697827920,94.595,94.595,94.595,94.595,2
1697828100,94.595,94.595,94.595,94.595,2
1697828280,94.595,94.595,94.595,94.595,2
1697828340,94.595,94.595,94.595,94.595,3
1697828460,94.595,94.595,94.595,94.595,2
1697828760,94.595,94.595,94.595,94.595,2
1697829360,94.595,94.595,94.595,94.595,3
1697829420,94.595,94.595,94.595,94.595,3
1697829480,94.595,94.595,94.595,94.595,4
1697829540,94.595,94.595,94.595,94.595,3
1697829600,94.595,94.595,94.595,94.595,3
1697829660,94.595,94.595,94.595,94.595,7
1697829720,94.595,94.595,94.595,94.595,3
1697829780,94.595,94.595,94.595,94.595,3
1697829840,94.595,94.595,94.595,94.595,3
1697829900,94.595,94.595,94.595,94.595,1
1697829960,94.595,94.595,94.595,94.595,3
1697830020,94.595,94.595,94.595,94.595,3
1697830080,94.595,94.595,94.595,94.595,3
1697830140,94.595,94.595,94.595,94.595,4
1697830260,94.595,94.595,94.595,94.595,3
1697830320,94.595,94.595,94.595,94.595,3
1697830380,94.595,94.595,94.595,94.595,7
1697830440,94.595,94.595,94.595,94.595,6
1697830500,94.595,94.595,94.595,94.595,4
1697830560,94.595,94.595,94.595,94.595,3
1697830680,94.595,94.595,94.595,94.595,10
1697830740,94.595,94.595,94.59,94.59,9
1697830800,94.595,94.595,94.595,94.595,3
1697830920,94.595,94.595,94.595,94.595,3
1697830980,94.595,94.595,94.595,94.595,4
1697831040,94.595,94.595,94.595,94.595,3
1697831100,94.595,94.595,94.595,94.595,6
1697831160,94.595,94.595,94.595,94.595,4
1697831220,94.595,94.595,94.595,94.595,3
1697831340,94.595,94.595,94.595,94.595,3
1697831400,94.595,94.595,94.595,94.595,4
1697831460,94.595,94.595,94.595,94.595,39
1697831520,94.59,94.59,94.59,94.59,4
1697831580,94.595,94.595,94.595,94.595,3
1697831640,94.595,94.595,94.595,94.595,3
1697831760,94.595,94.595,94.595,94.595,4
1697831820,94.595,94.595,94.595,94.595,3
1697831940,94.595,94.595,94.595,94.595,8
1697832000,94.595,94.595,94.595,94.595,1
1697832780,94.595,94.595,94.595,94.595,1
1697832960,94.595,94.595,94.595,94.595,306
1697833320,94.595,94.595,94.595,94.595,5
1697833380,94.595,94.595,94.595,94.595,4
1697833800,94.595,94.595,94.595,94.595,5
1697833920,94.595,94.595,94.595,94.595,3
1697834100,94.595,94.595,94.595,94.595,2
1697834220,94.595,94.595,94.595,94.595,3
1697834460,94.595,94.595,94.595,94.595,1
1697834520,94.595,94.595,94.595,94.595,103
1697834640,94.595,94.595,94.595,94.595,3
1697834940,94.595,94.595,94.595,94.595,69
1697835000,94.595,94.595,94.595,94.595,10
1697835120,94.595,94.595,94.595,94.595,3
1697835180,94.595,94.595,94.595,94.595,5
1697835240,94.595,94.595,94.595,94.595,1
1697835420,94.595,94.595,94.595,94.595,1
1697835540,94.595,94.595,94.59,94.59,220
1698012000,94.59,94.59,94.585,94.585,92
1698012240,94.585,94.585,94.585,94.585,1
1698012420,94.585,94.585,94.585,94.585,3
1698012480,94.585,94.585,94.585,94.585,11
1698013320,94.59,94.59,94.59,94.59,1
1698017220,94.585,94.585,94.585,94.585,8
1698018420,94.585,94.585,94.585,94.585,3
1698020880,94.585,94.59,94.58,94.585,89
1698022200,94.59,94.59,94.59,94.59,3
1698022500,94.585,94.585,94.585,94.585,18
1698023040,94.585,94.585,94.585,94.585,2
1698026820,94.58,94.58,94.58,94.58,23
1698026940,94.58,94.58,94.58,94.58,18
1698028140,94.58,94.58,94.58,94.58,22
1698029100,94.58,94.58,94.58,94.58,228
1698029580,94.58,94.58,94.58,94.58,40
1698031740,94.575,94.575,94.575,94.575,20
1698035400,94.575,94.575,94.575,94.575,100
1698036000,94.575,94.575,94.575,94.575,30
1698036240,94.575,94.575,94.575,94.575,150
1698036300,94.575,94.575,94.575,94.575,30
1698038400,94.575,94.575,94.575,94.575,12
1698038520,94.575,94.575,94.575,94.575,4
1698038580,94.575,94.575,94.575,94.575,4
1698039000,94.575,94.575,94.575,94.575,6
1698040440,94.575,94.575,94.575,94.575,10
1698045420,94.575,94.575,94.575,94.575,143
1698046500,94.575,94.575,94.575,94.575,8
1698047640,94.58,94.58,94.58,94.58,3
1698047820,94.58,94.58,94.58,94.58,231
1698047880,94.58,94.58,94.58,94.58,83
1698048000,94.58,94.58,94.58,94.58,16
1698048060,94.58,94.58,94.58,94.58,9
1698048240,94.58,94.58,94.58,94.58,11
1698048420,94.58,94.58,94.58,94.58,136
1698049380,94.575,94.575,94.575,94.575,4
1698049500,94.575,94.575,94.575,94.575,12
1698052500,94.575,94.575,94.575,94.575,595
1698052680,94.575,94.575,94.575,94.575,501
1698052740,94.575,94.575,94.575,94.575,1
1698053700,94.575,94.575,94.575,94.575,501
1698053760,94.575,94.575,94.575,94.575,10
1698053820,94.575,94.575,94.575,94.575,12
1698054180,94.575,94.575,94.575,94.575,400
1698054240,94.575,94.575,94.575,94.575,10
1698055860,94.57,94.57,94.57,94.57,120
1698056820,94.57,94.57,94.57,94.57,1
1698057300,94.575,94.575,94.575,94.575,175
1698057360,94.575,94.575,94.575,94.575,10
1698057420,94.575,94.575,94.575,94.575,6
1698057480,94.575,94.575,94.575,94.575,5
1698057540,94.575,94.575,94.575,94.575,3
1698057660,94.575,94.575,94.575,94.575,6
1698057720,94.575,94.575,94.575,94.575,349
1698057780,94.575,94.575,94.575,94.575,181
1698060420,94.575,94.575,94.575,94.575,10
1698061020,94.58,94.58,94.58,94.58,2193
1698062640,94.575,94.575,94.575,94.575,1
1698063420,94.575,94.575,94.575,94.575,6
1698063600,94.575,94.575,94.575,94.575,1
1698065220,94.575,94.575,94.575,94.575,151
1698065280,94.575,94.575,94.575,94.575,11
1698065340,94.575,94.575,94.575,94.575,1
1698067920,94.58,94.58,94.58,94.58,20
1698068400,94.575,94.575,94.575,94.575,17
1698069480,94.58,94.58,94.58,94.58,150
1698069540,94.58,94.58,94.58,94.58,95
1698069840,94.575,94.575,94.575,94.575,3
1698069900,94.575,94.575,94.575,94.575,23
1698070800,94.58,94.58,94.58,94.58,948
1698070920,94.58,94.58,94.58,94.58,88
1698070980,94.58,94.58,94.58,94.58,100
1698071280,94.58,94.58,94.58,94.58,263
1698071340,94.58,94.58,94.58,94.58,572
1698072000,94.58,94.58,94.58,94.58,20
1698072540,94.575,94.575,94.575,94.575,38
1698074340,94.58,94.58,94.58,94.58,500
1698075000,94.58,94.58,94.58,94.58,5
1698075060,94.58,94.58,94.58,94.58,49
1698075660,94.58,94.58,94.58,94.58,87
1698075720,94.58,94.58,94.58,94.58,15
1698075840,94.58,94.58,94.58,94.58,19
1698077040,94.575,94.575,94.575,94.575,50
1698077400,94.58,94.58,94.58,94.58,5
1698079500,94.58,94.58,94.58,94.58,231
1698080040,94.575,94.575,94.575,94.575,2076
1698080340,94.575,94.575,94.575,94.575,569
1698080400,94.575,94.575,94.575,94.575,1
1698080460,94.575,94.575,94.575,94.575,1
1698080520,94.575,94.575,94.575,94.575,6
1698080580,94.575,94.575,94.575,94.575,41
1698080640,94.575,94.575,94.575,94.575,15
1698080700,94.575,94.575,94.575,94.575,7
1698080760,94.575,94.575,94.575,94.575,51
1698081000,94.575,94.575,94.575,94.575,20
1698081660,94.575,94.575,94.575,94.575,57
1698081840,94.575,94.575,94.575,94.575,20
1698082140,94.575,94.575,94.575,94.575,90
1698082500,94.57,94.57,94.57,94.57,60
1698083100,94.575,94.575,94.575,94.575,100
1698083460,94.575,94.575,94.575,94.575,1002
1698083580,94.575,94.575,94.575,94.575,500
1698083640,94.575,94.575,94.575,94.575,6
1698084660,94.575,94.575,94.575,94.575,14
1698084840,94.575,94.575,94.575,94.575,1
1698085800,94.58,94.58,94.58,94.58,100
1698086520,94.575,94.575,94.575,94.575,271
1698086640,94.575,94.575,94.575,94.575,135
1698087900,94.575,94.575,94.575,94.575,1
1698087960,94.575,94.575,94.575,94.575,4
1698088020,94.575,94.575,94.575,94.575,2
1698088080,94.575,94.575,94.575,94.575,22
1698088200,94.575,94.575,94.575,94.575,10
1698088320,94.575,94.575,94.575,94.575,296
1698088380,94.575,94.575,94.575,94.575,353
1698089280,94.575,94.575,94.575,94.575,250
1698089820,94.575,94.575,94.575,94.575,19
1698090120,94.575,94.575,94.575,94.575,68
1698090240,94.57,94.57,94.57,94.57,8
1698090420,94.575,94.575,94.575,94.575,26
1698090600,94.575,94.575,94.575,94.575,217
1698090660,94.575,94.575,94.575,94.575,2
1698090720,94.575,94.575,94.575,94.575,29
1698090780,94.575,94.575,94.575,94.575,77
1698091020,94.575,94.575,94.575,94.575,1377
1698091080,94.575,94.575,94.575,94.575,134
1698091140,94.575,94.575,94.575,94.575,28
1698091200,94.575,94.575,94.575,94.575,7
1698091320,94.575,94.575,94.575,94.575,131
1698091380,94.575,94.575,94.575,94.575,74
1698091620,94.575,94.575,94.575,94.575,55
1698091680,94.575,94.575,94.575,94.575,16
1698091920,94.575,94.575,94.575,94.575,26
1698092040,94.58,94.58,94.58,94.58,1
1698092220,94.575,94.575,94.575,94.575,102
1698092340,94.575,94.575,94.575,94.575,19
1698092880,94.575,94.575,94.575,94.575,16
1698093180,94.575,94.58,94.575,94.58,8
1698093240,94.58,94.58,94.58,94.58,2319
1698093600,94.58,94.58,94.58,94.58,1284
1698093660,94.58,94.58,94.58,94.58,36
1698093780,94.58,94.58,94.58,94.58,20
1698093840,94.58,94.58,94.58,94.58,30
1698093900,94.58,94.58,94.58,94.58,49
1698094080,94.58,94.58,94.58,94.58,39
1698094140,94.58,94.58,94.58,94.58,126
1698094200,94.58,94.58,94.58,94.58,29
1698094380,94.58,94.58,94.58,94.58,15
1698094740,94.58,94.58,94.58,94.58,8
1698100920,94.58,94.58,94.58,94.58,6
1698120480,94.575,94.575,94.575,94.575,50
1698121380,94.575,94.575,94.575,94.575,1
1698121440,94.575,94.575,94.575,94.575,28
1698126060,94.575,94.575,94.575,94.575,5
1698126300,94.575,94.575,94.575,94.575,5
1698126360,94.575,94.575,94.575,94.575,5
1698127380,94.575,94.575,94.575,94.575,26
1698128220,94.575,94.575,94.575,94.575,32
1698128340,94.575,94.575,94.575,94.575,50
1698128400,94.575,94.575,94.575,94.575,36
1698129060,94.575,94.575,94.575,94.575,4
1698129540,94.575,94.575,94.575,94.575,1
1698131820,94.58,94.58,94.58,94.58,3
1698134580,94.575,94.575,94.575,94.575,11
1698135660,94.575,94.575,94.575,94.575,100
1698135960,94.575,94.575,94.575,94.575,8
1698136140,94.575,94.575,94.575,94.575,1139
1698136200,94.575,94.575,94.575,94.575,3
1698136260,94.575,94.575,94.575,94.575,296
1698136380,94.575,94.575,94.575,94.575,1
1698136440,94.575,94.575,94.575,94.575,19
1698136560,94.575,94.575,94.575,94.575,25
1698136680,94.575,94.575,94.575,94.575,60
1698137820,94.575,94.575,94.575,94.575,36
1698138000,94.575,94.575,94.575,94.575,61
1698138060,94.575,94.575,94.575,94.575,24
1698138660,94.575,94.575,94.575,94.575,1
1698138780,94.575,94.575,94.575,94.575,1
1698139140,94.575,94.575,94.575,94.575,4
1698139320,94.575,94.575,94.575,94.575,13
1698141600,94.575,94.575,94.575,94.575,11
1698141720,94.575,94.575,94.575,94.575,59
1698142740,94.575,94.575,94.575,94.575,2
1698142800,94.575,94.575,94.575,94.575,3
1698144960,94.575,94.575,94.575,94.575,21
1698146940,94.57,94.57,94.57,94.57,4
1698148620,94.57,94.57,94.57,94.57,1
1698148920,94.57,94.57,94.57,94.57,269
1698148980,94.57,94.57,94.57,94.57,69
1698149220,94.57,94.57,94.57,94.57,61
1698149460,94.57,94.57,94.57,94.57,62
1698149520,94.57,94.57,94.57,94.57,3
1698150060,94.57,94.57,94.57,94.57,100
1698150360,94.57,94.57,94.57,94.57,2
1698150420,94.57,94.57,94.57,94.57,2
1698150540,94.57,94.57,94.57,94.57,4
1698150600,94.57,94.57,94.57,94.57,148
1698150720,94.57,94.57,94.57,94.57,87
1698150780,94.57,94.57,94.57,94.57,7
1698150840,94.57,94.57,94.57,94.57,100
1698151260,94.57,94.57,94.57,94.57,16
1698151740,94.57,94.57,94.57,94.57,27
1698151800,94.57,94.57,94.57,94.57,13
1698152340,94.57,94.57,94.57,94.57,200
1698152880,94.57,94.57,94.57,94.57,466
1698153480,94.57,94.57,94.57,94.57,1
1698153540,94.565,94.565,94.565,94.565,10
1698155040,94.565,94.57,94.565,94.57,384
1698155100,94.565,94.565,94.565,94.565,621
1698155400,94.565,94.565,94.565,94.565,10
1698155460,94.565,94.565,94.565,94.565,3716
1698155520,94.565,94.565,94.565,94.565,149
1698155580,94.565,94.565,94.565,94.565,666
1698155640,94.565,94.565,94.565,94.565,350
1698155700,94.56,94.56,94.56,94.56,121
1698155760,94.56,94.56,94.56,94.56,1
1698155940,94.565,94.565,94.565,94.565,100
1698156000,94.565,94.565,94.565,94.565,150
1698156060,94.56,94.56,94.555,94.555,683
1698156240,94.555,94.555,94.555,94.555,9
1698156300,94.56,94.56,94.56,94.56,314
1698156360,94.56,94.56,94.56,94.56,169
1698156420,94.56,94.56,94.56,94.56,131
1698156480,94.56,94.56,94.56,94.56,155
1698156540,94.56,94.56,94.56,94.56,2
1698156600,94.56,94.56,94.56,94.56,18
1698156720,94.56,94.56,94.56,94.56,1
1698156960,94.565,94.565,94.565,94.565,136
1698157500,94.56,94.56,94.56,94.56,166
1698158100,94.56,94.56,94.56,94.56,22
1698158160,94.56,94.56,94.56,94.56,68
1698158220,94.56,94.56,94.56,94.56,86
1698158340,94.56,94.56,94.56,94.56,103
1698158520,94.56,94.56,94.56,94.56,31
1698158580,94.56,94.56,94.56,94.56,169
1698159000,94.555,94.555,94.555,94.555,5
1698159240,94.56,94.56,94.56,94.56,84
1698159420,94.56,94.56,94.56,94.56,65
1698159480,94.56,94.56,94.56,94.56,25
1698159660,94.56,94.56,94.56,94.56,3
1698159960,94.56,94.56,94.56,94.56,60
1698160140,94.56,94.56,94.56,94.56,50
1698160200,94.56,94.56,94.56,94.56,322
1698160440,94.56,94.56,94.56,94.56,18
1698160560,94.56,94.56,94.56,94.56,20
1698160620,94.56,94.56,94.56,94.56,15
1698160680,94.56,94.56,94.56,94.56,124
1698160800,94.56,94.56,94.56,94.56,13
1698160980,94.565,94.565,94.565,94.565,3
1698161280,94.56,94.56,94.56,94.56,13
1698161640,94.56,94.56,94.56,94.56,19
1698162060,94.565,94.565,94.565,94.565,500
1698162480,94.565,94.565,94.565,94.565,1146
1698162540,94.565,94.565,94.565,94.565,662
1698162660,94.565,94.565,94.565,94.565,150
1698162720,94.565,94.565,94.565,94.565,2
1698162780,94.565,94.565,94.565,94.565,25
1698163320,94.57,94.57,94.57,94.57,200
1698163440,94.57,94.57,94.57,94.57,1000
1698163920,94.57,94.57,94.57,94.57,1291
1698164040,94.57,94.57,94.57,94.57,20
1698164160,94.57,94.57,94.57,94.57,320
1698164340,94.57,94.57,94.57,94.57,12
1698164640,94.57,94.57,94.57,94.57,82
1698165000,94.57,94.57,94.57,94.57,9
1698165420,94.57,94.57,94.57,94.57,166
1698165480,94.57,94.57,94.57,94.57,201
1698165600,94.57,94.57,94.57,94.57,300
1698166260,94.57,94.57,94.57,94.57,4
1698166320,94.575,94.575,94.575,94.575,19
1698166380,94.575,94.575,94.575,94.575,3404
1698166440,94.575,94.575,94.575,94.575,162
1698166500,94.575,94.575,94.575,94.575,1290
1698166800,94.57,94.57,94.57,94.57,1
1698166920,94.575,94.575,94.575,94.575,526
1698167040,94.575,94.575,94.575,94.575,205
1698167100,94.575,94.575,94.575,94.575,14
1698167340,94.58,94.58,94.58,94.58,205
1698167400,94.58,94.58,94.58,94.58,605
1698167460,94.58,94.58,94.58,94.58,12
1698167940,94.575,94.575,94.575,94.575,263
1698168000,94.575,94.575,94.575,94.575,271
1698168480,94.575,94.575,94.575,94.575,879
1698168540,94.575,94.575,94.575,94.575,475
1698168720,94.575,94.575,94.575,94.575,1398
1698168780,94.575,94.575,94.575,94.575,1310
1698168960,94.575,94.575,94.575,94.575,20
1698169020,94.575,94.575,94.575,94.575,701
1698169320,94.575,94.575,94.575,94.575,72
1698169680,94.575,94.575,94.575,94.575,22
1698169980,94.575,94.575,94.575,94.575,426
1698170040,94.575,94.575,94.575,94.575,54
1698170220,94.575,94.575,94.575,94.575,23
1698170340,94.575,94.575,94.575,94.575,290
1698170400,94.575,94.575,94.575,94.575,110
1698170520,94.575,94.575,94.575,94.575,5
1698170580,94.575,94.575,94.575,94.575,31
1698170880,94.575,94.575,94.575,94.575,5
1698170940,94.575,94.575,94.575,94.575,309
1698171000,94.575,94.575,94.575,94.575,100
1698171120,94.575,94.575,94.575,94.575,15
1698171540,94.575,94.575,94.575,94.575,3
1698172980,94.575,94.575,94.575,94.575,213
1698173100,94.575,94.575,94.575,94.575,3
1698173700,94.575,94.575,94.575,94.575,3
1698173760,94.575,94.575,94.575,94.575,30
1698176940,94.58,94.58,94.58,94.58,200
1698177000,94.575,94.575,94.575,94.575,3
1698177540,94.58,94.58,94.58,94.58,1
1698178380,94.58,94.58,94.58,94.58,2
1698179460,94.575,94.575,94.575,94.575,27
1698179880,94.575,94.575,94.575,94.575,523
1698179940,94.575,94.575,94.575,94.575,68
1698180060,94.575,94.575,94.575,94.575,157
1698180120,94.575,94.575,94.575,94.575,25
1698180180,94.575,94.575,94.575,94.575,255
1698180540,94.575,94.575,94.575,94.575,266
1698180720,94.575,94.575,94.575,94.575,7
1698180840,94.57,94.57,94.57,94.57,1
1698181140,94.57,94.575,94.57,94.575,19
1698184800,94.575,94.575,94.575,94.575,189
1698184860,94.575,94.575,94.575,94.575,9
1698185160,94.575,94.575,94.575,94.575,4
1698185580,94.575,94.575,94.575,94.575,5
1698185640,94.575,94.575,94.575,94.575,6
1698186060,94.575,94.575,94.575,94.575,8
1698186840,94.575,94.575,94.575,94.575,7
1698186900,94.575,94.575,94.575,94.575,4
1698187020,94.575,94.575,94.575,94.575,7
1698187140,94.575,94.575,94.575,94.575,1
1698187560,94.575,94.575,94.575,94.575,28
1698187620,94.575,94.575,94.575,94.575,7
1698188880,94.575,94.575,94.575,94.575,60
1698194040,94.575,94.575,94.575,94.575,1
1698194100,94.575,94.575,94.575,94.575,25
1698194340,94.575,94.575,94.575,94.575,3
1698203220,94.575,94.575,94.575,94.575,17
1698203820,94.575,94.575,94.575,94.575,64
1698204000,94.575,94.575,94.575,94.575,23
1698207000,94.575,94.575,94.575,94.575,84
1698207360,94.575,94.575,94.575,94.575,7
1698217140,94.575,94.575,94.575,94.575,14
1698217560,94.575,94.575,94.575,94.575,433
1698217620,94.575,94.575,94.575,94.575,28
1698217800,94.575,94.575,94.575,94.575,101
1698217920,94.575,94.575,94.575,94.575,322
1698217980,94.575,94.575,94.575,94.575,100
1698220620,94.57,94.57,94.57,94.57,1
1698222480,94.57,94.57,94.57,94.57,1
1698222660,94.57,94.57,94.57,94.57,75
1698223860,94.57,94.57,94.57,94.57,197
1698224820,94.565,94.565,94.565,94.565,1
1698224880,94.565,94.565,94.565,94.565,69
1698224940,94.565,94.565,94.565,94.565,46
1698225600,94.565,94.565,94.565,94.565,13
1698226080,94.565,94.565,94.565,94.565,22
1698227340,94.565,94.565,94.565,94.565,21
1698227400,94.565,94.565,94.565,94.565,22
1698227700,94.565,94.565,94.565,94.565,502
1698228660,94.565,94.565,94.565,94.565,2
1698229260,94.565,94.565,94.565,94.565,121
1698229860,94.565,94.565,94.565,94.565,209
1698229920,94.565,94.565,94.565,94.565,108
1698230340,94.56,94.56,94.56,94.56,1
1698231360,94.56,94.56,94.56,94.56,190
1698232680,94.565,94.565,94.565,94.565,50
1698233820,94.565,94.565,94.565,94.565,13
1698233940,94.565,94.565,94.565,94.565,200
1698234000,94.565,94.565,94.565,94.565,27
1698234300,94.565,94.565,94.565,94.565,22
1698234480,94.565,94.565,94.565,94.565,145
1698234780,94.565,94.565,94.565,94.565,5
1698234840,94.565,94.565,94.565,94.565,75
1698235020,94.565,94.565,94.565,94.565,5
1698235080,94.565,94.565,94.565,94.565,105
1698236100,94.57,94.57,94.57,94.57,69
1698236220,94.565,94.565,94.565,94.565,35
1698237540,94.565,94.565,94.565,94.565,100
1698237600,94.565,94.565,94.565,94.565,200
1698238380,94.565,94.565,94.565,94.565,12
1698238440,94.565,94.565,94.565,94.565,49
1698238800,94.565,94.565,94.565,94.565,114
1698239220,94.565,94.565,94.565,94.565,2
1698240060,94.57,94.57,94.57,94.57,17
1698240780,94.565,94.565,94.565,94.565,15
1698240900,94.565,94.565,94.565,94.565,130
1698241800,94.565,94.565,94.565,94.565,42
1698241860,94.565,94.565,94.565,94.565,58
1698242280,94.565,94.565,94.565,94.565,114
1698242340,94.565,94.565,94.565,94.565,5
1698242400,94.565,94.565,94.565,94.565,102
1698242460,94.565,94.565,94.565,94.565,134
1698242520,94.565,94.565,94.565,94.565,6
1698242580,94.565,94.565,94.565,94.565,29
1698242820,94.565,94.565,94.565,94.565,215
1698243420,94.565,94.565,94.565,94.565,1
1698243540,94.565,94.565,94.565,94.565,173
1698244980,94.57,94.57,94.57,94.57,100
1698246060,94.565,94.565,94.565,94.565,35
1698246180,94.565,94.565,94.565,94.565,94
1698246300,94.565,94.565,94.565,94.565,473
1698246660,94.57,94.57,94.57,94.57,93
1698246720,94.57,94.57,94.57,94.57,240
1698247920,94.57,94.57,94.57,94.57,200
1698248100,94.57,94.57,94.57,94.57,27
1698248160,94.57,94.57,94.57,94.57,564
1698248400,94.57,94.57,94.57,94.57,2
1698248700,94.57,94.57,94.57,94.57,1
1698248760,94.57,94.57,94.57,94.57,18
1698248940,94.57,94.57,94.57,94.57,108
1698249000,94.57,94.57,94.57,94.57,24
1698249900,94.575,94.575,94.57,94.57,10
1698252840,94.57,94.57,94.57,94.57,12
1698252960,94.57,94.57,94.57,94.57,42
1698253140,94.57,94.57,94.57,94.57,30
1698253200,94.57,94.57,94.57,94.57,13
1698253260,94.57,94.57,94.57,94.57,209
1698253380,94.57,94.57,94.57,94.57,231
1698253440,94.57,94.57,94.57,94.57,1529
1698253500,94.57,94.57,94.57,94.57,11
1698253620,94.57,94.57,94.57,94.57,1479
1698253680,94.57,94.57,94.57,94.57,18
1698253800,94.57,94.57,94.57,94.57,305
1698253860,94.57,94.57,94.57,94.57,533
1698253920,94.57,94.57,94.57,94.57,83
1698254160,94.57,94.57,94.57,94.57,107
1698254220,94.57,94.57,94.57,94.57,74
1698255120,94.57,94.57,94.57,94.57,86
1698255660,94.57,94.57,94.57,94.57,300
1698256500,94.57,94.57,94.57,94.57,2
1698256560,94.57,94.57,94.57,94.57,2
1698256800,94.57,94.57,94.57,94.57,15
1698257880,94.57,94.57,94.57,94.57,9
1698259620,94.57,94.57,94.57,94.57,3
1698259980,94.57,94.57,94.57,94.57,420
1698260040,94.57,94.57,94.57,94.57,52
1698260520,94.57,94.57,94.57,94.57,200
1698261060,94.57,94.57,94.57,94.57,209
1698261120,94.57,94.57,94.57,94.57,25
1698261360,94.57,94.57,94.57,94.57,2
1698262200,94.57,94.57,94.57,94.57,350
1698262320,94.57,94.57,94.57,94.57,1
1698262560,94.57,94.57,94.57,94.57,27
1698262620,94.57,94.57,94.57,94.57,1
1698262800,94.57,94.57,94.57,94.57,50
1698263340,94.57,94.57,94.57,94.57,25
1698263520,94.57,94.57,94.57,94.57,3
1698263880,94.575,94.575,94.575,94.575,6
1698264720,94.575,94.575,94.575,94.575,3321
1698264840,94.575,94.575,94.575,94.575,1
1698265980,94.575,94.575,94.575,94.575,44
1698266040,94.575,94.575,94.575,94.575,8
1698266220,94.575,94.575,94.575,94.575,2
1698266280,94.58,94.58,94.58,94.58,22
1698266340,94.575,94.575,94.575,94.575,18
1698266700,94.575,94.575,94.575,94.575,159
1698266760,94.575,94.575,94.575,94.575,74
1698267300,94.575,94.575,94.575,94.575,14
1698267360,94.575,94.575,94.575,94.575,110
1698267420,94.575,94.575,94.575,94.575,2
1698271200,94.575,94.575,94.575,94.575,56
1698271260,94.575,94.575,94.575,94.575,13
1698272880,94.575,94.575,94.575,94.575,18
1698273420,94.575,94.575,94.575,94.575,8
1698273960,94.575,94.575,94.575,94.575,2
1698274020,94.575,94.575,94.575,94.575,1
1698274920,94.575,94.575,94.575,94.575,26
1698275400,94.575,94.575,94.575,94.575,4
1698276540,94.575,94.575,94.575,94.575,2
1698276660,94.575,94.575,94.575,94.575,4
1698277920,94.575,94.575,94.575,94.575,27
1698278100,94.575,94.575,94.575,94.575,23
1698278520,94.575,94.575,94.575,94.575,2
1698279120,94.575,94.575,94.575,94.575,20
1698285840,94.575,94.575,94.575,94.575,4
1698288360,94.575,94.575,94.575,94.575,8
1698288600,94.575,94.575,94.575,94.575,7
1698290760,94.575,94.575,94.575,94.575,4
1698293820,94.575,94.575,94.575,94.575,100
1698300300,94.575,94.575,94.575,94.575,15
1698307320,94.575,94.575,94.575,94.575,1358
1698307380,94.575,94.575,94.575,94.575,15
1698307500,94.575,94.575,94.575,94.575,14
1698308280,94.575,94.575,94.575,94.575,200
1698308400,94.575,94.575,94.575,94.575,30
1698308460,94.575,94.575,94.575,94.575,32
1698308520,94.57,94.57,94.57,94.57,18
1698310860,94.575,94.575,94.575,94.575,50
1698311820,94.575,94.575,94.575,94.575,100
1698313620,94.575,94.575,94.575,94.575,300
1698316920,94.57,94.57,94.57,94.57,110
1698318240,94.57,94.57,94.57,94.57,128
1698318420,94.57,94.57,94.57,94.57,130
1698319860,94.57,94.57,94.57,94.57,6
1698319920,94.57,94.57,94.57,94.57,8
1698319980,94.57,94.57,94.57,94.57,2785
1698320220,94.57,94.57,94.57,94.57,39
1698320280,94.57,94.57,94.57,94.57,100
1698320340,94.57,94.57,94.57,94.57,30
1698320820,94.565,94.565,94.565,94.565,312
1698322380,94.57,94.575,94.57,94.575,1202
1698322440,94.575,94.575,94.57,94.57,67
1698322500,94.575,94.575,94.575,94.575,43
1698322620,94.575,94.575,94.575,94.575,1
1698322740,94.57,94.57,94.57,94.57,11
1698322800,94.57,94.57,94.57,94.57,38
1698323040,94.57,94.57,94.57,94.57,100
1698323100,94.57,94.57,94.57,94.57,279
1698323160,94.57,94.57,94.57,94.57,2
1698323220,94.57,94.57,94.565,94.57,44
1698323280,94.57,94.57,94.57,94.57,9
1698323340,94.57,94.57,94.565,94.57,59
1698323400,94.57,94.575,94.565,94.575,776
1698323460,94.575,94.575,94.575,94.575,216
1698323520,94.575,94.58,94.575,94.58,195
1698323580,94.58,94.58,94.58,94.58,1682
1698323640,94.58,94.58,94.58,94.58,41
1698323700,94.58,94.58,94.58,94.58,3
1698323940,94.58,94.58,94.58,94.58,283
1698324060,94.58,94.58,94.58,94.58,123
1698324120,94.58,94.58,94.58,94.58,78
1698324240,94.58,94.58,94.58,94.58,156
1698324300,94.585,94.585,94.585,94.585,522
1698324540,94.585,94.585,94.585,94.585,5
1698324600,94.585,94.585,94.585,94.585,814
1698324660,94.585,94.585,94.585,94.585,275
1698324900,94.585,94.585,94.585,94.585,240
1698324960,94.585,94.585,94.585,94.585,2
1698325020,94.585,94.585,94.585,94.585,534
1698325080,94.585,94.585,94.585,94.585,8
1698325200,94.585,94.585,94.585,94.585,107
1698325260,94.585,94.585,94.585,94.585,165
1698325380,94.585,94.585,94.585,94.585,500
1698325560,94.585,94.585,94.585,94.585,4
1698327000,94.585,94.585,94.585,94.585,83
1698327060,94.585,94.585,94.585,94.585,70
1698327120,94.585,94.585,94.58,94.58,1785
1698327360,94.585,94.585,94.585,94.585,351
1698327660,94.585,94.585,94.585,94.585,25
1698327840,94.585,94.585,94.585,94.585,600
1698329160,94.59,94.59,94.59,94.59,2
1698329640,94.585,94.585,94.585,94.585,50
1698329940,94.59,94.59,94.59,94.59,50
1698330180,94.59,94.59,94.59,94.59,3
1698330480,94.59,94.59,94.59,94.59,1375
1698330540,94.59,94.59,94.59,94.59,18
1698330840,94.59,94.59,94.59,94.59,157
1698330900,94.59,94.59,94.59,94.59,100
1698331980,94.59,94.59,94.59,94.59,2161
1698332040,94.59,94.59,94.59,94.59,29
1698332580,94.59,94.59,94.59,94.59,191
1698332640,94.59,94.59,94.59,94.59,100
1698333240,94.59,94.59,94.59,94.59,11
1698334140,94.595,94.595,94.595,94.595,1
1698334380,94.59,94.59,94.59,94.59,701
1698334440,94.59,94.59,94.59,94.59,822
1698334680,94.59,94.59,94.59,94.59,256
1698334740,94.59,94.59,94.59,94.59,100
1698334800,94.59,94.59,94.59,94.59,118
1698334860,94.59,94.59,94.59,94.59,56
1698336300,94.59,94.59,94.59,94.59,2695
1698337080,94.595,94.595,94.595,94.595,646
1698337140,94.595,94.595,94.595,94.595,189
1698337200,94.595,94.595,94.595,94.595,8
1698337260,94.595,94.595,94.595,94.595,27
1698337320,94.595,94.595,94.595,94.595,29
1698337440,94.595,94.595,94.595,94.595,91
1698337500,94.595,94.595,94.595,94.595,50
1698337980,94.595,94.595,94.595,94.595,24
1698338220,94.6,94.6,94.595,94.595,101
1698338700,94.6,94.6,94.6,94.6,1
1698339000,94.6,94.6,94.6,94.6,234
1698339060,94.6,94.6,94.6,94.6,5
1698339180,94.6,94.6,94.6,94.6,62
1698339480,94.605,94.605,94.605,94.605,348
1698339600,94.605,94.605,94.605,94.605,1
1698339780,94.605,94.605,94.605,94.605,159
1698339900,94.605,94.605,94.6,94.6,378
1698339960,94.6,94.6,94.6,94.6,126
1698340140,94.6,94.6,94.6,94.6,491
1698340260,94.6,94.6,94.6,94.6,127
1698340320,94.6,94.6,94.6,94.6,17
1698340560,94.6,94.6,94.6,94.6,132
1698340620,94.6,94.6,94.6,94.6,154
1698340680,94.6,94.6,94.6,94.6,15
1698340740,94.6,94.6,94.6,94.6,69
1698340800,94.6,94.6,94.6,94.6,184
1698340980,94.6,94.6,94.6,94.6,711
1698341220,94.605,94.605,94.605,94.605,11
1698341280,94.6,94.6,94.6,94.6,241
1698341340,94.6,94.6,94.6,94.6,56
1698341400,94.6,94.6,94.6,94.6,4
1698341460,94.6,94.6,94.6,94.6,27
1698341580,94.6,94.6,94.6,94.6,31
1698341700,94.6,94.6,94.6,94.6,2
1698341760,94.6,94.6,94.6,94.6,7
1698341880,94.6,94.6,94.6,94.6,165
1698341940,94.6,94.6,94.6,94.6,1
1698342180,94.6,94.6,94.6,94.6,186
1698342420,94.6,94.6,94.6,94.6,94
1698342600,94.6,94.605,94.6,94.605,30
1698342780,94.6,94.6,94.6,94.6,2
1698342960,94.6,94.6,94.6,94.6,1
1698343140,94.6,94.6,94.6,94.6,1
1698343260,94.595,94.595,94.595,94.595,601
1698344160,94.595,94.595,94.595,94.595,106
1698344280,94.6,94.6,94.6,94.6,1
1698345060,94.6,94.6,94.6,94.6,1
1698345540,94.6,94.6,94.6,94.6,1
1698346080,94.6,94.6,94.6,94.6,1
1698346440,94.595,94.595,94.595,94.595,225
1698347340,94.595,94.595,94.595,94.595,4
1698347400,94.595,94.595,94.595,94.595,11
1698347760,94.6,94.6,94.6,94.6,1
1698348060,94.595,94.595,94.595,94.595,3
1698348420,94.6,94.6,94.6,94.6,1
1698349080,94.6,94.6,94.6,94.6,1
1698349320,94.595,94.595,94.595,94.595,3
1698349440,94.6,94.6,94.6,94.6,3
1698349560,94.6,94.6,94.6,94.6,15
1698349680,94.605,94.605,94.605,94.605,1
1698349740,94.6,94.6,94.6,94.6,27
1698349800,94.6,94.6,94.6,94.6,77
1698349860,94.6,94.6,94.6,94.6,11
1698350400,94.6,94.6,94.6,94.6,41
1698350460,94.6,94.6,94.6,94.6,2
1698350580,94.6,94.6,94.6,94.6,21
1698350700,94.6,94.6,94.6,94.6,166
1698350760,94.6,94.6,94.6,94.6,55
1698350820,94.6,94.6,94.6,94.6,127
1698350940,94.6,94.6,94.6,94.6,44
1698351180,94.6,94.6,94.6,94.6,36
1698351540,94.6,94.6,94.6,94.6,29
1698351660,94.6,94.6,94.6,94.6,629
1698352440,94.6,94.6,94.6,94.6,491
1698352500,94.6,94.6,94.6,94.6,218
1698352560,94.6,94.6,94.6,94.6,10
1698352740,94.605,94.605,94.605,94.605,16
1698352920,94.6,94.6,94.6,94.6,543
1698353400,94.6,94.6,94.6,94.6,2
1698353580,94.595,94.595,94.595,94.595,48
1698359640,94.595,94.595,94.595,94.595,7
1698365460,94.59,94.59,94.59,94.59,1
1698365520,94.59,94.59,94.59,94.59,22
1698379500,94.595,94.595,94.595,94.595,72
1698381420,94.595,94.595,94.595,94.595,50
1698381960,94.595,94.595,94.595,94.595,3
1698382140,94.595,94.595,94.595,94.595,14
1698382320,94.595,94.595,94.595,94.595,15
1698384060,94.595,94.595,94.595,94.595,8
1698384480,94.595,94.595,94.595,94.595,7
1698384720,94.595,94.595,94.595,94.595,8
1698385500,94.595,94.595,94.595,94.595,9
1698386400,94.595,94.595,94.595,94.595,18
1698391260,94.595,94.595,94.595,94.595,1205
1698391320,94.595,94.595,94.595,94.595,4
1698391440,94.595,94.595,94.595,94.595,2
1698391500,94.595,94.595,94.595,94.595,15
1698391860,94.595,94.595,94.595,94.595,16
1698392160,94.595,94.595,94.595,94.595,25
1698392520,94.595,94.595,94.595,94.595,13
1698394980,94.59,94.59,94.59,94.59,600
1698395220,94.595,94.595,94.595,94.595,2
1698396480,94.595,94.595,94.595,94.595,9
1698397380,94.595,94.595,94.595,94.595,3
1698398220,94.595,94.595,94.595,94.595,1
1698398340,94.595,94.595,94.595,94.595,4
1698402480,94.595,94.595,94.595,94.595,2
1698403560,94.595,94.595,94.595,94.595,138
1698403800,94.595,94.595,94.595,94.595,6
1698404220,94.595,94.595,94.595,94.595,73
1698408720,94.595,94.595,94.595,94.595,89
1698409020,94.595,94.595,94.595,94.595,670
1698409080,94.595,94.595,94.595,94.595,7
1698409260,94.595,94.595,94.595,94.595,20
1698409380,94.595,94.595,94.595,94.595,21
1698409680,94.6,94.6,94.6,94.6,217
1698409740,94.595,94.595,94.595,94.595,12
1698409800,94.595,94.595,94.59,94.595,417
1698409860,94.595,94.595,94.595,94.595,160
1698409920,94.6,94.6,94.6,94.6,217
1698410340,94.6,94.6,94.6,94.6,153
1698410400,94.6,94.6,94.6,94.6,4
1698410520,94.595,94.6,94.595,94.6,117
1698410580,94.6,94.6,94.6,94.6,5
1698410640,94.595,94.595,94.595,94.595,14
1698410700,94.6,94.6,94.6,94.6,50
1698410820,94.595,94.595,94.595,94.595,27
1698411000,94.595,94.595,94.595,94.595,1794
1698411060,94.595,94.595,94.595,94.595,150
1698411120,94.595,94.595,94.595,94.595,7
1698411360,94.595,94.595,94.595,94.595,377
1698411480,94.595,94.595,94.595,94.595,56
1698411540,94.595,94.595,94.595,94.595,30
1698411600,94.595,94.595,94.595,94.595,2
1698411780,94.595,94.595,94.595,94.595,539
1698412020,94.595,94.595,94.595,94.595,21
1698412140,94.595,94.595,94.595,94.595,231
1698412200,94.595,94.595,94.595,94.595,5
1698412440,94.595,94.595,94.595,94.595,25
1698412500,94.595,94.595,94.595,94.595,8
1698413040,94.6,94.6,94.6,94.6,50
1698413520,94.6,94.6,94.6,94.6,41
1698413580,94.595,94.595,94.595,94.595,30
1698414780,94.595,94.595,94.595,94.595,2
1698414900,94.595,94.595,94.595,94.595,3
1698415080,94.595,94.595,94.595,94.595,1049
1698415140,94.6,94.6,94.6,94.6,1
1698415200,94.595,94.595,94.595,94.595,345
1698415260,94.595,94.595,94.595,94.595,142
1698415320,94.595,94.595,94.595,94.595,593
1698415380,94.595,94.595,94.595,94.595,56
1698415560,94.6,94.6,94.6,94.6,18
1698416220,94.595,94.595,94.595,94.595,38
1698416400,94.595,94.595,94.595,94.595,6
1698417420,94.595,94.595,94.595,94.595,309
1698417660,94.595,94.595,94.595,94.595,164
1698417720,94.595,94.595,94.595,94.595,1
1698417780,94.595,94.595,94.595,94.595,81
1698417900,94.595,94.595,94.595,94.595,45
1698417960,94.595,94.595,94.595,94.595,46
1698418260,94.595,94.595,94.595,94.595,6
1698418440,94.595,94.595,94.595,94.595,25
1698418500,94.595,94.595,94.595,94.595,5
1698418740,94.595,94.595,94.595,94.595,2
1698419040,94.595,94.595,94.595,94.595,209
1698419100,94.595,94.595,94.595,94.595,1
1698419340,94.595,94.595,94.595,94.595,16
1698420300,94.595,94.595,94.595,94.595,896
1698420360,94.595,94.595,94.595,94.595,247
1698420480,94.595,94.595,94.595,94.595,30
1698420720,94.595,94.595,94.595,94.595,1
1698420960,94.595,94.595,94.595,94.595,158
1698421020,94.595,94.595,94.595,94.595,1
1698421320,94.595,94.595,94.595,94.595,232
1698422040,94.595,94.595,94.595,94.595,45
1698422520,94.595,94.595,94.595,94.595,43
1698422820,94.595,94.595,94.595,94.595,1
1698423000,94.595,94.595,94.595,94.595,7
1698423060,94.595,94.595,94.595,94.595,26
1698423960,94.595,94.595,94.59,94.59,602
1698424380,94.595,94.595,94.595,94.595,200
1698424800,94.595,94.595,94.595,94.595,1
1698425700,94.595,94.595,94.595,94.595,4
1698427140,94.595,94.595,94.595,94.595,100
1698427200,94.595,94.595,94.595,94.595,1136
1698427260,94.6,94.6,94.6,94.6,1
1698427860,94.595,94.595,94.595,94.595,33
1698428700,94.595,94.595,94.595,94.595,126
1698429240,94.6,94.6,94.6,94.6,1
1698429420,94.6,94.6,94.6,94.6,1134
1698429540,94.6,94.6,94.6,94.6,1
1698429600,94.6,94.6,94.6,94.6,2
1698429780,94.6,94.6,94.6,94.6,5
1698429900,94.6,94.6,94.6,94.6,3
1698430440,94.6,94.6,94.6,94.6,5
1698430860,94.595,94.595,94.595,94.595,12
1698431280,94.595,94.595,94.595,94.595,2
1698431640,94.6,94.6,94.6,94.6,2
1698433080,94.6,94.6,94.6,94.6,40
1698433260,94.6,94.6,94.6,94.6,1
1698434220,94.6,94.6,94.6,94.6,651
1698434280,94.6,94.6,94.6,94.6,180
1698434400,94.6,94.6,94.6,94.6,63
1698434700,94.6,94.6,94.6,94.6,42
1698434760,94.6,94.6,94.6,94.6,13
1698434820,94.6,94.6,94.6,94.6,2
1698434880,94.6,94.6,94.6,94.6,10
1698435540,94.605,94.605,94.605,94.605,80
1698436080,94.6,94.6,94.6,94.6,22
1698436140,94.6,94.6,94.6,94.6,1
1698436320,94.6,94.6,94.6,94.6,23
1698436740,94.6,94.6,94.6,94.6,1
1698437100,94.6,94.6,94.6,94.6,1439
1698437400,94.6,94.6,94.6,94.6,43
1698437460,94.6,94.6,94.6,94.6,613
1698437880,94.6,94.6,94.6,94.6,206
1698437940,94.6,94.6,94.6,94.6,606
1698438000,94.6,94.6,94.6,94.6,10
1698438180,94.6,94.6,94.6,94.6,142
1698438480,94.6,94.6,94.6,94.6,224
1698438660,94.605,94.605,94.605,94.605,13
1698438720,94.6,94.6,94.6,94.6,208
1698438780,94.6,94.6,94.6,94.6,18
1698439020,94.6,94.6,94.6,94.6,407
1698439080,94.6,94.6,94.6,94.6,7
1698439140,94.6,94.6,94.6,94.6,433
1698439260,94.6,94.6,94.6,94.6,19
1698439500,94.6,94.6,94.6,94.6,45
1698439740,94.6,94.605,94.6,94.605,89
1698440040,94.6,94.605,94.6,94.605,8
1698616800,94.6,94.6,94.6,94.6,21
1698616860,94.595,94.595,94.595,94.595,30
1698617160,94.6,94.6,94.6,94.6,39
1698617220,94.6,94.6,94.6,94.6,6
1698617280,94.6,94.6,94.6,94.6,12
1698617340,94.6,94.6,94.6,94.6,1
1698617400,94.6,94.6,94.6,94.6,1
1698617460,94.6,94.6,94.6,94.6,8
1698619260,94.595,94.595,94.595,94.595,18
1698620460,94.595,94.595,94.595,94.595,1
1698621720,94.595,94.595,94.595,94.595,3
1698621780,94.595,94.595,94.595,94.595,8
1698622800,94.595,94.595,94.595,94.595,9
1698622920,94.595,94.595,94.595,94.595,3
1698624120,94.595,94.595,94.595,94.595,7
1698624780,94.595,94.595,94.595,94.595,285
1698625920,94.595,94.595,94.595,94.595,4
1698625980,94.595,94.595,94.595,94.595,13
1698627000,94.595,94.595,94.595,94.595,17
1698627480,94.595,94.595,94.595,94.595,5
1698627540,94.595,94.595,94.595,94.595,6
1698627900,94.595,94.595,94.595,94.595,23
1698628500,94.595,94.595,94.595,94.595,17
1698629040,94.6,94.6,94.6,94.6,3
1698632700,94.595,94.595,94.595,94.595,19
1698633420,94.59,94.59,94.59,94.59,25
1698647640,94.595,94.595,94.595,94.595,2
1698649260,94.595,94.595,94.595,94.595,1
1698649320,94.595,94.595,94.595,94.595,76
1698649380,94.595,94.595,94.595,94.595,99
1698650100,94.595,94.595,94.595,94.595,33
1698651540,94.595,94.595,94.595,94.595,100
1698652440,94.595,94.595,94.595,94.595,12
1698652740,94.6,94.6,94.6,94.6,1
1698655440,94.595,94.595,94.595,94.595,4
1698655500,94.595,94.595,94.595,94.595,316
1698655560,94.595,94.595,94.595,94.595,317
1698656220,94.595,94.595,94.595,94.595,1
1698656580,94.595,94.595,94.595,94.595,9
1698656640,94.595,94.595,94.595,94.595,1
1698657000,94.595,94.595,94.595,94.595,1
1698657360,94.595,94.595,94.595,94.595,1
1698657480,94.595,94.595,94.595,94.595,13
1698658380,94.595,94.595,94.595,94.595,1
1698658560,94.595,94.595,94.595,94.595,441
1698658860,94.595,94.595,94.595,94.595,9
1698658980,94.595,94.595,94.595,94.595,19
1698659040,94.595,94.595,94.595,94.595,1
1698662040,94.595,94.595,94.595,94.595,240
1698667440,94.59,94.59,94.59,94.59,317
1698667560,94.59,94.59,94.59,94.59,161
1698667740,94.59,94.59,94.59,94.59,41
1698667980,94.59,94.59,94.59,94.59,18
1698668100,94.59,94.59,94.59,94.59,1
1698668520,94.59,94.59,94.59,94.59,36
1698668940,94.59,94.59,94.59,94.59,1
1698669000,94.585,94.585,94.585,94.585,2
1698669060,94.585,94.585,94.585,94.585,2
1698669540,94.585,94.585,94.585,94.585,359
1698669840,94.585,94.585,94.585,94.585,81
1698669900,94.585,94.585,94.585,94.585,4
1698670020,94.59,94.59,94.59,94.59,1
1698670080,94.585,94.585,94.585,94.585,32
1698670740,94.585,94.59,94.585,94.585,130
1698671040,94.585,94.585,94.585,94.585,5
1698671100,94.585,94.585,94.585,94.585,26
1698671460,94.585,94.585,94.585,94.585,5
1698672060,94.59,94.59,94.585,94.59,22
1698672240,94.59,94.59,94.59,94.59,15
1698672780,94.59,94.59,94.59,94.59,1
1698673380,94.585,94.585,94.585,94.585,36
1698673440,94.59,94.59,94.59,94.59,1
1698673920,94.585,94.585,94.585,94.585,2
1698674100,94.59,94.59,94.59,94.59,1
1698674460,94.585,94.585,94.585,94.585,1
1698674520,94.585,94.585,94.585,94.585,762
1698674940,94.58,94.58,94.58,94.58,1
1698675420,94.585,94.585,94.58,94.58,2
1698675900,94.58,94.58,94.58,94.58,1
1698676080,94.585,94.585,94.585,94.585,1
1698676380,94.58,94.58,94.58,94.58,1
1698676440,94.585,94.585,94.585,94.585,23
1698676500,94.585,94.585,94.585,94.585,2
1698676560,94.585,94.585,94.585,94.585,25
1698676800,94.585,94.585,94.585,94.585,1
1698676920,94.58,94.58,94.58,94.58,1
1698677040,94.585,94.585,94.585,94.585,2
1698677100,94.585,94.585,94.585,94.585,2
1698677400,94.58,94.585,94.58,94.585,2
1698677880,94.58,94.58,94.58,94.58,1
1698678120,94.585,94.585,94.58,94.58,171
1698678180,94.58,94.58,94.58,94.58,200
1698678360,94.58,94.58,94.58,94.58,161
1698678480,94.58,94.58,94.58,94.58,408
1698678840,94.58,94.58,94.58,94.58,1
1698679200,94.585,94.585,94.585,94.585,16
1698679380,94.58,94.58,94.58,94.58,1
1698679440,94.585,94.585,94.585,94.585,1
1698679860,94.58,94.58,94.58,94.58,1
1698680100,94.585,94.585,94.585,94.585,1
1698680880,94.585,94.585,94.585,94.585,1
1698681480,94.585,94.585,94.585,94.585,1
1698682200,94.585,94.585,94.585,94.585,1
1698682800,94.585,94.585,94.585,94.585,20
1698682920,94.585,94.585,94.585,94.585,1
1698683400,94.585,94.585,94.585,94.585,2027
1698683520,94.585,94.585,94.585,94.585,1
1698683640,94.585,94.585,94.585,94.585,226
1698683700,94.585,94.585,94.585,94.585,253
1698683760,94.585,94.585,94.585,94.585,111
1698683880,94.585,94.585,94.585,94.585,25
1698684120,94.585,94.585,94.585,94.585,29
1698684180,94.585,94.585,94.585,94.585,60
1698684300,94.585,94.585,94.585,94.585,27
1698684360,94.585,94.585,94.585,94.585,50
1698684540,94.585,94.585,94.585,94.585,6
1698684600,94.585,94.585,94.585,94.585,1
1698685320,94.585,94.585,94.585,94.585,30
1698685380,94.585,94.585,94.585,94.585,43
1698685500,94.585,94.585,94.585,94.585,76
1698685560,94.585,94.585,94.585,94.585,608
1698685620,94.585,94.585,94.585,94.585,280
1698685680,94.585,94.585,94.585,94.585,1
1698685920,94.585,94.585,94.585,94.585,56
1698686040,94.585,94.585,94.585,94.585,4
1698686340,94.585,94.585,94.585,94.585,25
1698686520,94.585,94.585,94.585,94.585,1014
1698686580,94.585,94.585,94.585,94.585,2
1698686820,94.585,94.585,94.585,94.585,27
1698686880,94.585,94.585,94.585,94.585,6
1698687000,94.585,94.585,94.585,94.585,3
1698687480,94.585,94.585,94.585,94.585,2
1698687720,94.59,94.59,94.59,94.59,1
1698688380,94.59,94.59,94.59,94.59,1
1698689040,94.585,94.585,94.585,94.585,8
1698689580,94.585,94.585,94.585,94.585,1
1698689760,94.59,94.59,94.59,94.59,1
1698690420,94.59,94.59,94.59,94.59,1
1698691140,94.59,94.59,94.59,94.59,1
1698691800,94.585,94.59,94.585,94.59,6
1698691980,94.585,94.585,94.585,94.585,1
1698692160,94.585,94.585,94.585,94.585,1
1698692460,94.59,94.59,94.59,94.59,1
1698693180,94.59,94.59,94.59,94.59,1
1698693840,94.59,94.59,94.585,94.585,809
1698693900,94.585,94.585,94.585,94.585,600
1698693960,94.585,94.585,94.585,94.585,300
1698694020,94.585,94.585,94.585,94.585,18
1698694140,94.585,94.585,94.585,94.585,393
1698694200,94.585,94.585,94.585,94.585,97
1698694260,94.585,94.585,94.585,94.585,81
1698694320,94.585,94.585,94.585,94.585,84
1698694380,94.585,94.585,94.585,94.585,17
1698694440,94.585,94.585,94.585,94.585,58
1698694500,94.585,94.585,94.585,94.585,50
1698694620,94.585,94.585,94.585,94.585,10
1698694920,94.585,94.585,94.585,94.585,1
1698695160,94.585,94.585,94.585,94.585,1
1698695580,94.585,94.585,94.585,94.585,4
1698696840,94.585,94.585,94.585,94.585,2
1698697380,94.58,94.58,94.58,94.58,25
1698698640,94.585,94.585,94.585,94.585,8
1698703200,94.575,94.585,94.575,94.585,17
1698704460,94.585,94.585,94.585,94.585,1
1698712440,94.58,94.58,94.58,94.58,28
1698713220,94.58,94.58,94.58,94.58,1
1698713940,94.58,94.58,94.58,94.58,1
1698714660,94.58,94.58,94.58,94.58,1
1698715020,94.58,94.58,94.58,94.58,30
1698718380,94.58,94.58,94.58,94.58,6
1698720720,94.58,94.58,94.58,94.58,11
1698722820,94.58,94.58,94.58,94.58,9
1698724560,94.585,94.585,94.585,94.585,11
1698725160,94.585,94.585,94.585,94.585,4
1698725760,94.585,94.585,94.585,94.585,3
1698731340,94.585,94.585,94.585,94.585,100
1698731940,94.58,94.58,94.58,94.58,600
1698736380,94.585,94.585,94.585,94.585,13
1698736440,94.585,94.585,94.585,94.585,5
1698737580,94.585,94.585,94.585,94.585,3
1698737700,94.585,94.585,94.585,94.585,13
1698737880,94.585,94.585,94.585,94.585,3
1698738060,94.585,94.585,94.585,94.585,3
1698738120,94.585,94.585,94.585,94.585,4
1698739260,94.585,94.585,94.585,94.585,4
1698740100,94.585,94.585,94.585,94.585,575
1698740160,94.585,94.585,94.585,94.585,234
1698741480,94.585,94.585,94.585,94.585,24
1698745140,94.59,94.59,94.59,94.59,100
1698746280,94.59,94.59,94.59,94.59,50
1698746340,94.59,94.59,94.59,94.59,1
1698748800,94.585,94.585,94.585,94.585,4
1698750840,94.585,94.585,94.585,94.585,67
1698752160,94.585,94.585,94.585,94.585,31
1698752640,94.585,94.585,94.585,94.585,33
1698754200,94.59,94.59,94.59,94.59,2
1698754920,94.59,94.59,94.59,94.59,2
1698755100,94.59,94.59,94.59,94.59,50
1698755280,94.585,94.585,94.585,94.585,4
1698755400,94.585,94.59,94.585,94.585,1213
1698755460,94.585,94.585,94.585,94.585,184
1698755520,94.585,94.585,94.58,94.58,1053
1698755580,94.58,94.58,94.58,94.58,774
1698755640,94.58,94.58,94.58,94.58,1510
1698755700,94.585,94.585,94.58,94.58,77
1698755820,94.575,94.575,94.575,94.575,1
1698755880,94.575,94.575,94.575,94.575,1067
1698755940,94.575,94.575,94.575,94.575,54
1698756000,94.575,94.575,94.575,94.575,511
1698756060,94.575,94.575,94.575,94.575,36
1698756120,94.575,94.575,94.575,94.575,108
1698756180,94.575,94.575,94.575,94.575,421
1698756240,94.575,94.575,94.575,94.575,263
1698756300,94.575,94.575,94.575,94.575,299
1698756540,94.575,94.575,94.575,94.575,104
1698756600,94.575,94.575,94.575,94.575,65
1698756720,94.575,94.575,94.575,94.575,9
1698757080,94.575,94.575,94.575,94.575,212
1698757140,94.575,94.575,94.575,94.575,3
1698757200,94.575,94.575,94.575,94.575,53
1698757320,94.575,94.575,94.575,94.575,532
1698757380,94.575,94.575,94.575,94.575,15
1698757440,94.575,94.575,94.575,94.575,11
1698757500,94.575,94.575,94.575,94.575,100
1698757920,94.575,94.575,94.575,94.575,3
1698758280,94.575,94.575,94.575,94.575,667
1698758340,94.575,94.575,94.575,94.575,1
1698758400,94.575,94.575,94.575,94.575,227
1698758520,94.575,94.575,94.575,94.575,63
1698759000,94.575,94.575,94.575,94.575,60
1698759180,94.57,94.57,94.57,94.57,55
1698759360,94.57,94.57,94.57,94.57,954
1698759660,94.575,94.575,94.575,94.575,2
1698759720,94.575,94.575,94.575,94.575,422
1698759780,94.575,94.575,94.575,94.575,4
1698759900,94.575,94.575,94.575,94.575,352
1698759960,94.575,94.575,94.575,94.575,41
1698760020,94.575,94.575,94.575,94.575,270
1698760200,94.575,94.575,94.575,94.575,233
1698760260,94.575,94.575,94.575,94.575,295
1698760440,94.575,94.575,94.575,94.575,1318
1698760680,94.575,94.575,94.575,94.575,43
1698760740,94.575,94.58,94.575,94.575,368
1698760800,94.575,94.575,94.575,94.575,215
1698761580,94.57,94.57,94.57,94.57,1000
1698761760,94.575,94.575,94.575,94.575,849
1698761820,94.575,94.575,94.575,94.575,207
1698762000,94.575,94.575,94.575,94.575,150
1698762060,94.575,94.575,94.575,94.575,99
1698762180,94.575,94.575,94.575,94.575,88
1698762480,94.575,94.575,94.575,94.575,6
1698763260,94.575,94.575,94.575,94.575,1
1698763380,94.575,94.575,94.575,94.575,169
1698763560,94.575,94.575,94.575,94.575,36
1698764040,94.57,94.57,94.57,94.57,4
1698764280,94.575,94.575,94.575,94.575,100
1698765060,94.575,94.575,94.575,94.575,26
1698765300,94.57,94.57,94.57,94.57,472
1698766020,94.575,94.575,94.575,94.575,94
1698766140,94.57,94.57,94.57,94.57,93
1698766200,94.575,94.575,94.575,94.575,15
1698767340,94.57,94.57,94.57,94.57,2
1698768000,94.57,94.57,94.57,94.57,100
1698768120,94.57,94.57,94.57,94.57,6
1698768420,94.57,94.57,94.57,94.57,10
1698768540,94.57,94.57,94.57,94.57,170
1698768600,94.57,94.57,94.57,94.57,5
1698769080,94.57,94.57,94.57,94.57,97
1698769140,94.57,94.57,94.57,94.57,465
1698769320,94.57,94.57,94.57,94.57,30
1698769380,94.57,94.57,94.57,94.57,67
1698769500,94.57,94.57,94.57,94.57,1
1698770340,94.57,94.57,94.57,94.57,100
1698770460,94.57,94.57,94.57,94.57,278
1698770580,94.57,94.57,94.57,94.57,23
1698770640,94.57,94.57,94.57,94.57,37
1698772380,94.57,94.57,94.57,94.57,143
1698772440,94.57,94.57,94.57,94.57,1
1698773340,94.57,94.57,94.57,94.57,300
1698773760,94.57,94.57,94.57,94.57,5
1698773880,94.57,94.57,94.57,94.57,81
1698773940,94.57,94.57,94.57,94.57,50
1698774180,94.57,94.57,94.57,94.57,250
1698774240,94.57,94.57,94.57,94.57,285
1698774300,94.57,94.57,94.57,94.57,301
1698775380,94.57,94.57,94.57,94.57,3
1698776340,94.57,94.57,94.57,94.57,12
1698777720,94.57,94.57,94.57,94.57,1
1698779040,94.57,94.57,94.57,94.57,5
1698780600,94.575,94.575,94.575,94.575,2
1698781320,94.575,94.575,94.575,94.575,1
1698781380,94.57,94.57,94.57,94.57,291
1698782100,94.57,94.57,94.57,94.57,7
1698782340,94.57,94.57,94.57,94.57,3
1698782640,94.57,94.57,94.57,94.57,6
1698782700,94.57,94.57,94.57,94.57,3
1698783180,94.57,94.57,94.57,94.57,7
1698783540,94.57,94.57,94.57,94.57,3
1698783600,94.57,94.57,94.57,94.57,1
1698783780,94.57,94.57,94.57,94.57,68
1698783840,94.57,94.57,94.57,94.57,353
1698783900,94.57,94.57,94.57,94.57,53
1698783960,94.57,94.57,94.57,94.57,2
1698784020,94.57,94.57,94.57,94.57,98
1698784140,94.57,94.57,94.57,94.57,2
1698784200,94.57,94.57,94.57,94.57,18
1698784380,94.57,94.57,94.57,94.57,4
1698784500,94.57,94.57,94.57,94.57,6
1698784680,94.57,94.57,94.57,94.57,6
1698784740,94.57,94.57,94.57,94.57,5
1698784860,94.57,94.57,94.57,94.57,3
1698784920,94.57,94.57,94.57,94.57,2
1698785040,94.57,94.57,94.57,94.57,42
1698785160,94.57,94.57,94.57,94.57,3
1698785460,94.57,94.57,94.57,94.57,30
1698785940,94.57,94.57,94.57,94.57,2
1698791820,94.57,94.57,94.57,94.57,1
1698820560,94.57,94.57,94.57,94.57,55
1698826140,94.565,94.565,94.565,94.565,48
1698827340,94.565,94.565,94.565,94.565,5
1698832620,94.57,94.57,94.57,94.57,25
1698832680,94.57,94.57,94.57,94.57,38
1698832740,94.57,94.57,94.57,94.57,6
1698833100,94.57,94.57,94.57,94.57,100
1698833760,94.57,94.57,94.57,94.57,10
1698833820,94.57,94.57,94.57,94.57,316
1698834120,94.57,94.57,94.57,94.57,12
1698834420,94.57,94.57,94.57,94.57,25
1698834480,94.57,94.57,94.57,94.57,27
1698834900,94.57,94.57,94.57,94.57,1
1698835800,94.57,94.57,94.57,94.57,25
1698836100,94.57,94.57,94.57,94.57,25
1698836520,94.57,94.57,94.57,94.57,89
1698837480,94.57,94.57,94.57,94.57,115
1698837660,94.57,94.57,94.57,94.57,182
1698838920,94.57,94.57,94.57,94.57,22
1698839280,94.57,94.57,94.57,94.57,5
1698840420,94.575,94.575,94.575,94.575,200
1698840480,94.575,94.575,94.575,94.575,231
1698840540,94.575,94.575,94.575,94.575,492
1698840600,94.575,94.575,94.575,94.575,442
1698840660,94.575,94.575,94.575,94.575,100
1698840720,94.575,94.575,94.575,94.575,29
1698840900,94.575,94.58,94.575,94.575,95
1698840960,94.575,94.575,94.575,94.575,231
1698841020,94.575,94.575,94.575,94.575,57
1698841080,94.575,94.575,94.575,94.575,3
1698841200,94.575,94.575,94.575,94.575,1
1698841260,94.58,94.58,94.58,94.58,1
1698841980,94.575,94.575,94.575,94.575,3
1698842340,94.575,94.575,94.575,94.575,548
1698842400,94.575,94.575,94.575,94.575,37
1698842460,94.575,94.575,94.575,94.575,1
1698842640,94.575,94.575,94.575,94.575,625
1698842700,94.575,94.575,94.575,94.575,3
1698842820,94.575,94.575,94.575,94.575,113
1698842940,94.575,94.575,94.575,94.575,1
1698843240,94.575,94.575,94.575,94.575,129
1698843300,94.575,94.575,94.575,94.575,441
1698843360,94.575,94.575,94.575,94.575,2
1698843420,94.575,94.575,94.575,94.575,134
1698843540,94.575,94.575,94.575,94.575,2
1698843600,94.575,94.575,94.575,94.575,30
1698843720,94.575,94.575,94.575,94.575,3
1698844200,94.575,94.575,94.575,94.575,2
1698844560,94.575,94.575,94.575,94.575,2
1698845880,94.575,94.575,94.575,94.575,5
1698845940,94.575,94.575,94.575,94.575,73
1698846480,94.575,94.575,94.575,94.575,19
1698846780,94.575,94.575,94.575,94.575,498
1698847140,94.575,94.575,94.575,94.575,73
1698847200,94.58,94.59,94.58,94.59,2569
1698847260,94.585,94.59,94.585,94.585,864
1698847320,94.585,94.585,94.585,94.585,48
1698847500,94.585,94.585,94.585,94.585,276
1698847560,94.585,94.585,94.585,94.585,609
1698847620,94.585,94.585,94.585,94.585,5
1698847680,94.585,94.585,94.585,94.585,16
1698847740,94.585,94.585,94.585,94.585,22
1698847860,94.585,94.585,94.585,94.585,2
1698847980,94.585,94.585,94.585,94.585,534
1698848100,94.585,94.585,94.585,94.585,195
1698848460,94.59,94.59,94.59,94.59,260
1698848700,94.595,94.595,94.595,94.595,355
1698848760,94.595,94.595,94.595,94.595,37
1698848820,94.595,94.595,94.595,94.595,1430
1698848880,94.6,94.6,94.6,94.6,25
1698848940,94.6,94.6,94.6,94.6,140
1698849060,94.595,94.595,94.595,94.595,8
1698849180,94.595,94.595,94.595,94.595,910
1698849300,94.595,94.595,94.595,94.595,25
1698849420,94.595,94.595,94.595,94.595,25
1698849480,94.59,94.595,94.59,94.59,671
1698849540,94.595,94.595,94.595,94.595,50
1698849600,94.59,94.595,94.59,94.595,224
1698849660,94.595,94.595,94.595,94.595,50
1698849720,94.595,94.595,94.59,94.595,79
1698849780,94.59,94.595,94.59,94.595,157
1698849840,94.595,94.595,94.595,94.595,33
1698849900,94.595,94.595,94.595,94.595,45
1698849960,94.595,94.595,94.595,94.595,31
1698850020,94.595,94.595,94.595,94.595,275
1698850140,94.59,94.59,94.59,94.59,9
1698850260,94.59,94.59,94.59,94.59,3
1698850380,94.59,94.59,94.59,94.59,254
1698850560,94.59,94.59,94.59,94.59,3
1698850800,94.59,94.59,94.59,94.59,2746
1698851100,94.59,94.59,94.59,94.59,1000
1698851160,94.59,94.59,94.59,94.59,6
1698851700,94.59,94.59,94.59,94.59,6
1698852000,94.585,94.585,94.585,94.585,10
1698852180,94.585,94.585,94.585,94.585,50
1698852420,94.585,94.585,94.585,94.585,72
1698852480,94.585,94.585,94.585,94.585,576
1698852540,94.585,94.585,94.585,94.585,105
1698852660,94.585,94.585,94.585,94.585,176
1698853020,94.585,94.585,94.585,94.585,11
1698853260,94.585,94.585,94.585,94.585,3
1698855540,94.585,94.585,94.585,94.585,3286
1698855720,94.585,94.585,94.585,94.585,30
1698856080,94.585,94.585,94.585,94.585,301
1698856140,94.585,94.585,94.585,94.585,250
1698856740,94.585,94.585,94.585,94.585,6
1698857160,94.585,94.585,94.575,94.575,2915
1698857580,94.58,94.58,94.58,94.58,1812
1698858120,94.585,94.585,94.585,94.585,4
1698858720,94.58,94.58,94.58,94.58,1
1698859080,94.58,94.585,94.58,94.585,255
1698859140,94.58,94.58,94.58,94.58,582
1698859200,94.58,94.58,94.58,94.58,17
1698859320,94.58,94.58,94.58,94.58,8
1698859380,94.58,94.58,94.58,94.58,194
1698859620,94.58,94.58,94.58,94.58,220
1698860100,94.58,94.58,94.58,94.58,4
1698860160,94.575,94.575,94.575,94.575,42
1698860340,94.575,94.575,94.575,94.575,100
1698860580,94.575,94.575,94.575,94.575,133
1698860700,94.575,94.575,94.575,94.575,1
1698860760,94.575,94.575,94.575,94.575,4
1698860940,94.575,94.58,94.575,94.575,376
1698861180,94.575,94.58,94.575,94.58,20
1698861300,94.575,94.575,94.575,94.575,1
1698861360,94.575,94.575,94.575,94.575,160
1698861420,94.575,94.575,94.575,94.575,20
1698861480,94.575,94.575,94.57,94.575,107
1698861540,94.57,94.575,94.565,94.575,32
1698861600,94.58,94.595,94.58,94.595,481
1698861660,94.6,94.6,94.59,94.59,174
1698861720,94.595,94.595,94.59,94.595,436
1698861780,94.595,94.595,94.595,94.595,55
1698861840,94.59,94.59,94.59,94.59,175
1698861960,94.595,94.595,94.59,94.595,565
1698862080,94.595,94.595,94.595,94.595,345
1698862500,94.59,94.59,94.59,94.59,1
1698862560,94.59,94.59,94.59,94.59,2
1698863160,94.59,94.59,94.59,94.59,47
1698863220,94.59,94.59,94.59,94.59,45
1698863280,94.59,94.59,94.59,94.59,55
1698863340,94.59,94.59,94.59,94.59,1305
1698863400,94.59,94.59,94.59,94.59,108
1698863460,94.595,94.605,94.595,94.6,483
1698863520,94.595,94.6,94.59,94.6,200
1698863640,94.6,94.6,94.6,94.6,777
1698863700,94.6,94.6,94.595,94.595,853
1698863760,94.6,94.6,94.595,94.595,241
1698863820,94.595,94.595,94.595,94.595,15
1698863880,94.595,94.595,94.595,94.595,458
1698863940,94.595,94.595,94.595,94.595,130
1698864000,94.595,94.595,94.59,94.59,95
1698864120,94.585,94.59,94.585,94.59,608
1698864180,94.59,94.59,94.59,94.59,5
1698864240,94.59,94.59,94.59,94.59,3
1698864300,94.59,94.595,94.59,94.595,467
1698864420,94.59,94.59,94.59,94.59,315
1698864480,94.585,94.585,94.585,94.585,334
1698864540,94.59,94.59,94.59,94.59,94
1698864600,94.59,94.595,94.59,94.59,245
1698864660,94.59,94.59,94.59,94.59,11
1698864720,94.59,94.595,94.59,94.595,64
1698864780,94.595,94.595,94.595,94.595,545
1698864840,94.595,94.595,94.595,94.595,248
1698864900,94.595,94.595,94.595,94.595,68
1698864960,94.6,94.6,94.6,94.6,1223
1698865020,94.6,94.605,94.6,94.605,34
1698865080,94.605,94.605,94.605,94.605,366
1698865260,94.605,94.605,94.605,94.605,57
1698865320,94.605,94.605,94.605,94.605,10
1698865380,94.605,94.61,94.605,94.605,574
1698865440,94.605,94.605,94.605,94.605,100
1698865860,94.605,94.605,94.605,94.605,208
1698865980,94.61,94.61,94.61,94.61,131
1698866040,94.61,94.61,94.61,94.61,25
1698866100,94.61,94.61,94.61,94.61,215
1698866160,94.615,94.615,94.61,94.615,112
1698866220,94.615,94.615,94.61,94.61,76
1698866280,94.615,94.615,94.615,94.615,25
1698866340,94.61,94.615,94.61,94.615,193
1698866460,94.615,94.615,94.61,94.61,26
1698866520,94.61,94.615,94.61,94.615,34
1698866640,94.61,94.61,94.61,94.61,1
1698866700,94.615,94.615,94.615,94.615,1064
1698866880,94.615,94.615,94.615,94.615,100
1698867000,94.615,94.615,94.615,94.615,1147
1698867060,94.615,94.615,94.615,94.615,967
1698867120,94.615,94.615,94.615,94.615,49
1698867180,94.615,94.615,94.615,94.615,68
1698867240,94.615,94.615,94.615,94.615,100
1698867300,94.615,94.615,94.615,94.615,74
1698867360,94.615,94.615,94.615,94.615,19
1698867420,94.615,94.615,94.61,94.615,1037
1698867600,94.615,94.615,94.615,94.615,1
1698867660,94.61,94.61,94.61,94.61,1
1698867720,94.61,94.61,94.61,94.61,377
1698867780,94.61,94.61,94.61,94.61,47
1698868080,94.605,94.605,94.605,94.605,600
1698868140,94.605,94.605,94.605,94.605,1
1698868380,94.605,94.605,94.605,94.605,219
1698868560,94.605,94.605,94.605,94.605,128
1698868620,94.605,94.605,94.605,94.605,1
1698868680,94.605,94.605,94.605,94.605,1373
1698868740,94.605,94.605,94.6,94.6,7
1698868920,94.605,94.605,94.605,94.605,608
1698869640,94.6,94.605,94.6,94.605,501
1698870960,94.605,94.605,94.605,94.605,2
1698871380,94.6,94.6,94.6,94.6,10
1698871740,94.605,94.605,94.605,94.605,120
1698872340,94.605,94.605,94.605,94.605,2
1698876000,94.61,94.61,94.61,94.61,5
1698876660,94.61,94.61,94.61,94.61,31
1698876960,94.61,94.61,94.61,94.61,24
1698877020,94.61,94.61,94.61,94.61,12
1698877200,94.605,94.605,94.605,94.605,14
1698877320,94.61,94.61,94.61,94.61,5
1698878340,94.61,94.61,94.61,94.61,3
1698878580,94.61,94.61,94.61,94.61,3
1698878760,94.61,94.61,94.61,94.61,3
1698879180,94.61,94.61,94.61,94.61,10
1698888060,94.61,94.61,94.61,94.61,100
1698888120,94.61,94.61,94.61,94.61,50
1698888480,94.61,94.61,94.61,94.61,28
1698891600,94.61,94.61,94.61,94.61,1
1698893640,94.61,94.61,94.61,94.61,52
1698893700,94.61,94.61,94.61,94.61,1
1698894180,94.61,94.61,94.61,94.61,21
1698896820,94.605,94.605,94.605,94.605,104
1698902100,94.605,94.605,94.605,94.605,29
1698902520,94.605,94.605,94.605,94.605,2
1698905640,94.605,94.605,94.605,94.605,86
1698906180,94.6,94.6,94.6,94.6,1
1698906660,94.6,94.6,94.6,94.6,393
1698906780,94.6,94.6,94.6,94.6,40
1698907140,94.595,94.595,94.595,94.595,7
1698907260,94.595,94.595,94.595,94.595,105
1698907380,94.595,94.595,94.595,94.595,7
1698908400,94.595,94.595,94.595,94.595,52
1698908460,94.595,94.595,94.595,94.595,2
1698908640,94.595,94.595,94.595,94.595,31
1698908700,94.595,94.595,94.595,94.595,2
1698908820,94.595,94.595,94.595,94.595,167
1698909240,94.595,94.595,94.595,94.595,4
1698909420,94.595,94.595,94.595,94.595,4
1698909720,94.595,94.595,94.595,94.595,2
1698909840,94.595,94.595,94.595,94.595,4
1698909960,94.595,94.595,94.595,94.595,143
1698910200,94.595,94.595,94.595,94.595,200
1698911160,94.595,94.595,94.595,94.595,779
1698911220,94.595,94.595,94.595,94.595,60
1698911820,94.595,94.595,94.595,94.595,501
1698911880,94.595,94.595,94.595,94.595,10
1698911940,94.595,94.595,94.595,94.595,5
1698915240,94.595,94.595,94.595,94.595,1
1698915300,94.6,94.6,94.6,94.6,450
1698915420,94.6,94.6,94.6,94.6,27
1698915480,94.6,94.6,94.6,94.6,23
1698918960,94.605,94.605,94.605,94.605,20
1698919200,94.605,94.605,94.605,94.605,118
1698919380,94.605,94.605,94.605,94.605,3
1698919440,94.605,94.605,94.605,94.605,57
1698919620,94.605,94.605,94.605,94.605,161
1698919860,94.605,94.605,94.605,94.605,75
1698920940,94.605,94.605,94.605,94.605,29
1698921120,94.605,94.605,94.605,94.605,17
1698921300,94.61,94.61,94.61,94.61,30
1698921720,94.605,94.605,94.605,94.605,75
1698922140,94.61,94.61,94.61,94.61,48
1698922680,94.61,94.61,94.61,94.61,21
1698923820,94.615,94.615,94.615,94.615,1
1698923880,94.61,94.615,94.61,94.615,4
1698923940,94.61,94.61,94.61,94.61,5
1698924000,94.61,94.61,94.61,94.61,75
1698924120,94.61,94.61,94.61,94.61,9
1698924240,94.61,94.61,94.61,94.61,2
1698924480,94.61,94.61,94.61,94.61,4
1698924540,94.61,94.61,94.61,94.61,81
1698924660,94.61,94.61,94.61,94.61,93
1698925620,94.61,94.61,94.61,94.61,1
1698925860,94.61,94.61,94.61,94.61,12
1698926340,94.605,94.61,94.605,94.61,849
1698926400,94.61,94.61,94.61,94.61,338
1698927240,94.605,94.605,94.605,94.605,600
1698927480,94.61,94.61,94.61,94.61,1
1698927720,94.61,94.61,94.61,94.61,157
1698927900,94.605,94.605,94.605,94.605,86
1698927960,94.61,94.61,94.61,94.61,1
1698928140,94.61,94.61,94.605,94.605,351
1698928200,94.61,94.62,94.61,94.62,387
1698928260,94.615,94.615,94.615,94.615,384
1698928320,94.615,94.615,94.615,94.615,50
1698928380,94.615,94.615,94.615,94.615,50
1698928440,94.615,94.615,94.615,94.615,50
1698928500,94.615,94.615,94.615,94.615,50
1698928560,94.615,94.615,94.615,94.615,50
1698928620,94.615,94.615,94.61,94.61,551
1698928680,94.615,94.615,94.61,94.615,171
1698928740,94.615,94.615,94.615,94.615,31
1698928980,94.61,94.61,94.61,94.61,220
1698929040,94.61,94.61,94.61,94.61,19
1698929100,94.61,94.61,94.61,94.61,20
1698929160,94.61,94.61,94.61,94.61,3
1698929280,94.61,94.61,94.61,94.61,1
1698929340,94.61,94.61,94.61,94.61,100
1698929400,94.61,94.61,94.61,94.61,24
1698929520,94.615,94.615,94.615,94.615,3
1698930000,94.615,94.615,94.615,94.615,46
1698930060,94.615,94.615,94.615,94.615,306
1698930120,94.615,94.615,94.615,94.615,558
1698930240,94.615,94.615,94.615,94.615,500
1698930540,94.615,94.615,94.615,94.615,89
1698930600,94.615,94.615,94.615,94.615,21
1698930660,94.615,94.615,94.615,94.615,123
1698930720,94.615,94.615,94.615,94.615,22
1698930780,94.615,94.615,94.615,94.615,75
1698930840,94.615,94.615,94.615,94.615,14
1698930900,94.615,94.615,94.615,94.615,210
1698930960,94.615,94.615,94.615,94.615,698
1698931560,94.61,94.61,94.61,94.61,6
1698931740,94.61,94.61,94.61,94.61,3
1698931860,94.61,94.61,94.61,94.61,240
1698932160,94.61,94.61,94.61,94.61,4
1698932700,94.61,94.61,94.61,94.61,403
1698932940,94.61,94.61,94.61,94.61,3
1698933120,94.61,94.61,94.61,94.61,1034
1698934980,94.605,94.605,94.605,94.605,1
1698935100,94.61,94.61,94.61,94.61,100
1698935400,94.605,94.605,94.605,94.605,4
1698935460,94.605,94.605,94.605,94.605,2
1698935520,94.605,94.605,94.605,94.605,448
1698935580,94.605,94.605,94.605,94.605,45
1698935640,94.605,94.605,94.605,94.605,4
1698936420,94.605,94.605,94.605,94.605,30
1698936840,94.605,94.605,94.605,94.605,200
1698936960,94.605,94.605,94.605,94.605,26
1698937200,94.605,94.605,94.605,94.605,44
1698937380,94.605,94.605,94.605,94.605,229
1698937440,94.605,94.605,94.605,94.605,185
1698937500,94.605,94.605,94.605,94.605,302
1698937560,94.605,94.605,94.605,94.605,142
1698937680,94.6,94.6,94.6,94.6,200
1698937800,94.6,94.6,94.6,94.6,173
1698937860,94.6,94.6,94.6,94.6,30
1698937920,94.6,94.6,94.6,94.6,121
1698938040,94.6,94.6,94.6,94.6,1
1698939060,94.595,94.595,94.595,94.595,625
1698939360,94.6,94.6,94.6,94.6,8
1698939420,94.6,94.6,94.6,94.6,270
1698939540,94.6,94.6,94.6,94.6,2
1698939720,94.6,94.6,94.6,94.6,2
1698939780,94.595,94.595,94.595,94.595,100
1698939840,94.6,94.6,94.6,94.6,3
1698939900,94.6,94.6,94.6,94.6,7
1698941280,94.6,94.6,94.6,94.6,93
1698942300,94.6,94.6,94.6,94.6,1
1698943440,94.595,94.595,94.595,94.595,8
1698943740,94.595,94.595,94.595,94.595,24
1698944040,94.6,94.6,94.6,94.6,1
1698944160,94.595,94.595,94.595,94.595,217
1698944220,94.595,94.595,94.595,94.595,73
1698944280,94.595,94.595,94.595,94.595,47
1698944340,94.595,94.595,94.595,94.595,109
1698944460,94.595,94.595,94.595,94.595,424
1698944520,94.595,94.595,94.595,94.595,59
1698944580,94.595,94.595,94.595,94.595,25
1698944820,94.595,94.595,94.595,94.595,9
1698944880,94.595,94.595,94.595,94.595,2
1698945660,94.6,94.6,94.6,94.6,8
1698946200,94.595,94.595,94.595,94.595,98
1698946620,94.6,94.6,94.6,94.6,1
1698946980,94.6,94.6,94.6,94.6,2
1698947520,94.6,94.6,94.6,94.6,3
1698947640,94.6,94.6,94.6,94.6,6
1698947700,94.6,94.6,94.6,94.6,300
1698947760,94.6,94.6,94.6,94.6,200
1698947820,94.6,94.6,94.6,94.6,48
1698948000,94.6,94.6,94.6,94.6,1
1698949800,94.6,94.6,94.6,94.6,2
1698950700,94.6,94.6,94.6,94.6,1
1698950760,94.6,94.6,94.6,94.6,1026
1698950820,94.6,94.6,94.6,94.6,35
1698950880,94.6,94.6,94.6,94.6,45
1698951540,94.605,94.605,94.605,94.605,13
1698951960,94.6,94.6,94.6,94.6,9
1698952620,94.6,94.6,94.6,94.6,4
1698952680,94.6,94.6,94.6,94.6,2
1698952800,94.6,94.6,94.6,94.6,15
1698952860,94.6,94.6,94.6,94.6,5
1698952980,94.6,94.6,94.6,94.6,600
1698953040,94.605,94.605,94.605,94.605,1
1698953280,94.6,94.6,94.6,94.6,64
1698953340,94.6,94.6,94.6,94.6,51
1698953520,94.6,94.6,94.6,94.6,18
1698953640,94.6,94.6,94.6,94.6,2
1698953880,94.6,94.6,94.6,94.6,1920
1698954000,94.595,94.595,94.595,94.595,7
1698955380,94.595,94.595,94.595,94.595,11
1698955440,94.6,94.6,94.6,94.6,1
1698955800,94.595,94.595,94.595,94.595,1
1698956220,94.595,94.595,94.595,94.595,1
1698957480,94.595,94.595,94.595,94.595,693
1698957540,94.595,94.595,94.595,94.595,30
1698957600,94.595,94.595,94.595,94.595,212
1698957660,94.595,94.595,94.595,94.595,82
1698958080,94.595,94.595,94.595,94.595,9
1698958200,94.595,94.595,94.595,94.595,60
1698958440,94.595,94.595,94.595,94.595,23
1698958560,94.595,94.595,94.595,94.595,29
1698958620,94.595,94.595,94.595,94.595,24
1698958680,94.595,94.595,94.595,94.595,24
1698958740,94.595,94.595,94.595,94.595,71
1698962400,94.595,94.595,94.595,94.595,1
1698962460,94.595,94.595,94.595,94.595,15
1698963180,94.59,94.59,94.59,94.59,7
1698982440,94.595,94.595,94.595,94.595,460
1698983640,94.595,94.595,94.595,94.595,2
1698994560,94.595,94.595,94.595,94.595,10
1698998520,94.59,94.59,94.59,94.59,70
1698999180,94.59,94.59,94.59,94.59,15
1699003380,94.59,94.59,94.59,94.59,55
1699003920,94.59,94.59,94.59,94.59,185
1699003980,94.59,94.59,94.59,94.59,239
1699004460,94.59,94.59,94.59,94.59,430
1699004520,94.59,94.59,94.59,94.59,9
1699004580,94.59,94.59,94.59,94.59,2
1699004640,94.59,94.59,94.59,94.59,26
1699005420,94.59,94.59,94.59,94.59,102
1699005480,94.59,94.59,94.59,94.59,300
1699005900,94.59,94.59,94.59,94.59,13
1699007160,94.59,94.59,94.59,94.59,241
1699007520,94.59,94.59,94.59,94.59,15
1699007760,94.59,94.59,94.59,94.59,18
1699007820,94.59,94.59,94.59,94.59,28
1699007940,94.59,94.59,94.59,94.59,1
1699008240,94.59,94.59,94.59,94.59,60
1699008960,94.59,94.59,94.59,94.59,200
1699009140,94.59,94.59,94.59,94.59,200
1699009500,94.59,94.59,94.59,94.59,287
1699009980,94.59,94.59,94.59,94.59,84
1699010040,94.59,94.59,94.59,94.59,15
1699010160,94.59,94.59,94.59,94.59,60
1699010280,94.59,94.59,94.59,94.59,8
1699010460,94.59,94.59,94.59,94.59,85
1699010940,94.59,94.59,94.59,94.59,54
1699011060,94.59,94.59,94.59,94.59,21
1699011120,94.59,94.59,94.59,94.59,25
1699011300,94.59,94.59,94.59,94.59,58
1699011480,94.59,94.59,94.59,94.59,20
1699011720,94.59,94.59,94.59,94.59,27
1699011900,94.59,94.59,94.59,94.59,2
1699011960,94.59,94.59,94.59,94.59,7
1699012020,94.59,94.59,94.59,94.59,46
1699012380,94.59,94.59,94.59,94.59,18
1699012440,94.59,94.59,94.59,94.59,2
1699012800,94.59,94.59,94.59,94.59,1
1699012860,94.59,94.59,94.59,94.59,40
1699012920,94.59,94.59,94.59,94.59,77
1699012980,94.59,94.59,94.59,94.59,20
1699013040,94.59,94.59,94.59,94.59,3
1699013100,94.59,94.59,94.59,94.59,33
1699013160,94.59,94.59,94.59,94.59,19
1699013280,94.59,94.59,94.59,94.59,100
1699013400,94.59,94.59,94.59,94.59,8
1699013460,94.59,94.59,94.59,94.59,66
1699013640,94.59,94.59,94.59,94.59,42
1699013820,94.59,94.59,94.59,94.59,5
1699013880,94.59,94.59,94.59,94.59,37
1699013940,94.59,94.59,94.59,94.59,2
1699014060,94.59,94.59,94.59,94.59,331
1699014120,94.59,94.595,94.59,94.595,1076
1699014240,94.595,94.595,94.595,94.595,83
1699014300,94.595,94.595,94.595,94.595,2
1699014360,94.6,94.6,94.6,94.6,122
1699014420,94.6,94.6,94.6,94.6,296
1699014480,94.6,94.6,94.6,94.6,116
1699014540,94.6,94.6,94.6,94.6,182
1699014600,94.605,94.635,94.605,94.63,1146
1699014660,94.63,94.635,94.63,94.635,612
1699014720,94.635,94.635,94.635,94.635,1705
1699014780,94.635,94.635,94.625,94.625,985
1699014840,94.63,94.635,94.63,94.635,596
1699014900,94.635,94.635,94.625,94.63,718
1699014960,94.63,94.64,94.63,94.64,1046
1699015020,94.64,94.64,94.64,94.64,11
1699015080,94.64,94.64,94.64,94.64,165
1699015140,94.64,94.64,94.64,94.64,7
1699015200,94.64,94.64,94.64,94.64,92
1699015260,94.64,94.64,94.64,94.64,664
1699015320,94.64,94.64,94.635,94.635,3500
1699015440,94.64,94.64,94.64,94.64,422
1699015500,94.635,94.635,94.635,94.635,15
1699015620,94.64,94.64,94.64,94.64,47
1699015680,94.64,94.645,94.64,94.645,2217
1699015740,94.645,94.645,94.64,94.64,1265
1699015800,94.64,94.64,94.635,94.635,2365
1699015860,94.64,94.64,94.635,94.635,246
1699015920,94.64,94.64,94.635,94.635,516
1699015980,94.635,94.635,94.635,94.635,65
1699016040,94.635,94.635,94.635,94.635,25
1699016100,94.635,94.635,94.63,94.63,54
1699016160,94.635,94.635,94.63,94.63,159
1699016220,94.63,94.635,94.63,94.635,365
1699016280,94.635,94.635,94.635,94.635,145
1699016340,94.64,94.64,94.635,94.64,1819
1699016400,94.64,94.64,94.64,94.64,451
1699016460,94.64,94.64,94.64,94.64,236
1699016520,94.64,94.64,94.64,94.64,15
1699016640,94.64,94.64,94.64,94.64,127
1699016700,94.64,94.64,94.64,94.64,170
1699016760,94.64,94.64,94.64,94.64,382
1699016820,94.645,94.645,94.645,94.645,111
1699016880,94.64,94.64,94.64,94.64,1346
1699016940,94.64,94.64,94.64,94.64,805
1699017000,94.64,94.64,94.64,94.64,61
1699017060,94.635,94.635,94.635,94.635,326
1699017120,94.635,94.635,94.635,94.635,4
1699017180,94.635,94.635,94.635,94.635,717
1699017240,94.635,94.635,94.635,94.635,20
1699017360,94.64,94.645,94.64,94.645,381
1699017480,94.645,94.645,94.645,94.645,1000
1699017540,94.645,94.645,94.645,94.645,483
1699017600,94.645,94.645,94.645,94.645,70
1699017660,94.645,94.645,94.645,94.645,4
1699017720,94.64,94.64,94.64,94.64,30
1699017780,94.64,94.64,94.64,94.64,384
1699017840,94.64,94.64,94.64,94.64,140
1699018080,94.635,94.635,94.635,94.635,1
1699018140,94.635,94.635,94.635,94.635,149
1699018800,94.64,94.64,94.64,94.64,60
1699018860,94.635,94.635,94.635,94.635,4
1699018980,94.64,94.64,94.64,94.64,290
1699019520,94.635,94.635,94.63,94.63,860
1699019580,94.635,94.635,94.63,94.635,544
1699019640,94.635,94.635,94.635,94.635,299
1699019700,94.635,94.635,94.635,94.635,112
1699019760,94.635,94.635,94.635,94.635,285
1699019820,94.64,94.64,94.64,94.64,2
1699019880,94.635,94.635,94.635,94.635,293
1699019940,94.635,94.635,94.635,94.635,195
1699020000,94.64,94.64,94.64,94.64,212
1699020060,94.635,94.635,94.635,94.635,126
1699020120,94.635,94.635,94.635,94.635,111
1699020180,94.635,94.635,94.635,94.635,765
1699020300,94.64,94.64,94.64,94.64,1
1699020360,94.635,94.635,94.635,94.635,252
1699020420,94.635,94.635,94.635,94.635,42
1699020540,94.635,94.635,94.635,94.635,100
1699020720,94.635,94.635,94.635,94.635,4
1699020900,94.635,94.635,94.635,94.635,1
1699020960,94.635,94.635,94.635,94.635,2
1699021080,94.635,94.635,94.635,94.635,35
1699021200,94.635,94.635,94.635,94.635,1
1699021500,94.635,94.635,94.635,94.635,1
1699021800,94.635,94.635,94.635,94.635,1
1699022100,94.635,94.635,94.635,94.635,1
1699022220,94.635,94.635,94.635,94.635,214
1699022280,94.635,94.635,94.635,94.635,3
1699022400,94.635,94.635,94.635,94.635,1
1699022460,94.635,94.635,94.635,94.635,9
1699022700,94.635,94.635,94.635,94.635,701
1699022940,94.635,94.635,94.635,94.635,100
1699023000,94.635,94.635,94.635,94.635,27
1699023060,94.635,94.635,94.635,94.635,19
1699023120,94.635,94.635,94.635,94.635,224
1699023180,94.635,94.635,94.635,94.635,9
1699023240,94.635,94.635,94.635,94.635,88
1699023300,94.635,94.64,94.635,94.64,231
1699023360,94.64,94.64,94.64,94.64,633
1699023480,94.64,94.64,94.64,94.64,8
1699023540,94.64,94.64,94.64,94.64,38
1699023600,94.64,94.64,94.64,94.64,1
1699023720,94.64,94.64,94.64,94.64,41
1699023780,94.64,94.64,94.64,94.64,79
1699023840,94.64,94.64,94.64,94.64,13
1699023900,94.64,94.64,94.64,94.64,1
1699024020,94.64,94.64,94.64,94.64,825
1699024080,94.64,94.64,94.64,94.64,57
1699024140,94.64,94.64,94.64,94.64,75
1699024260,94.64,94.64,94.64,94.64,19
1699024320,94.64,94.64,94.64,94.64,44
1699024380,94.64,94.64,94.64,94.64,329
1699024800,94.645,94.645,94.645,94.645,1
1699025100,94.645,94.645,94.645,94.645,1
1699025160,94.64,94.64,94.64,94.64,51
1699025280,94.64,94.64,94.64,94.64,5
1699025580,94.64,94.64,94.64,94.64,1571
1699025700,94.64,94.64,94.64,94.64,494
1699025760,94.64,94.64,94.64,94.64,60
1699025940,94.64,94.64,94.64,94.64,9
1699026240,94.64,94.64,94.64,94.64,300
1699026600,94.64,94.64,94.64,94.64,145
1699026840,94.64,94.64,94.64,94.64,60
1699027020,94.64,94.64,94.64,94.64,136
1699027080,94.64,94.64,94.64,94.64,3
1699027140,94.64,94.64,94.64,94.64,21
1699027260,94.64,94.64,94.64,94.64,41
1699027320,94.64,94.64,94.64,94.64,92
1699027380,94.64,94.64,94.64,94.64,47
1699027500,94.64,94.64,94.64,94.64,68
1699027980,94.64,94.64,94.64,94.64,2
1699028280,94.64,94.64,94.64,94.64,631
1699028340,94.64,94.645,94.64,94.645,829
1699028640,94.645,94.645,94.645,94.645,178
1699028700,94.645,94.645,94.645,94.645,1
1699028760,94.645,94.645,94.645,94.645,18
1699029120,94.645,94.645,94.645,94.645,60
1699029240,94.645,94.645,94.645,94.645,2062
1699029300,94.645,94.645,94.645,94.645,313
1699029360,94.645,94.645,94.645,94.645,412
1699029420,94.645,94.645,94.645,94.645,15
1699029480,94.645,94.645,94.645,94.645,3
1699029540,94.645,94.645,94.645,94.645,1
1699029600,94.645,94.645,94.645,94.645,25
1699029660,94.645,94.645,94.645,94.645,7
1699029720,94.645,94.645,94.645,94.645,95
1699029780,94.645,94.645,94.645,94.645,5
1699029840,94.645,94.645,94.645,94.645,1250
1699030020,94.645,94.645,94.645,94.645,6
1699030320,94.645,94.645,94.645,94.645,39
1699030440,94.645,94.645,94.645,94.645,3
1699030740,94.645,94.645,94.645,94.645,1
1699031040,94.645,94.645,94.645,94.645,1791
1699031100,94.645,94.65,94.645,94.65,1501
1699031220,94.65,94.65,94.65,94.65,2
1699031340,94.65,94.65,94.65,94.65,2
1699031460,94.645,94.645,94.645,94.645,1
1699031520,94.645,94.65,94.645,94.645,475
1699031640,94.645,94.645,94.645,94.645,250
1699031700,94.645,94.645,94.645,94.645,73
1699031760,94.645,94.645,94.645,94.645,75
1699031820,94.645,94.645,94.645,94.645,15
1699031880,94.645,94.645,94.645,94.645,33
1699031940,94.645,94.645,94.645,94.645,16
1699033800,94.64,94.64,94.64,94.64,7
1699034460,94.645,94.645,94.645,94.645,150
1699034700,94.64,94.64,94.64,94.64,1
1699035180,94.64,94.64,94.64,94.64,2
1699035360,94.64,94.64,94.64,94.64,2
1699035780,94.64,94.64,94.64,94.64,7
1699036260,94.64,94.64,94.64,94.64,1
1699036680,94.645,94.645,94.645,94.645,250
1699036980,94.64,94.64,94.64,94.64,2
1699037040,94.645,94.645,94.645,94.645,5
1699037100,94.64,94.64,94.64,94.64,4
1699037280,94.64,94.64,94.64,94.64,69
1699037340,94.64,94.64,94.64,94.64,6
1699037940,94.645,94.645,94.645,94.645,4
1699038000,94.645,94.645,94.645,94.645,178
1699038060,94.645,94.645,94.645,94.645,6
1699038180,94.645,94.645,94.645,94.645,682
1699038300,94.645,94.645,94.645,94.645,32
1699039560,94.64,94.64,94.64,94.64,1
1699039920,94.64,94.64,94.64,94.64,1
1699040280,94.64,94.64,94.64,94.64,1
1699040460,94.645,94.645,94.645,94.645,4
1699040760,94.64,94.64,94.64,94.64,1
1699041120,94.64,94.64,94.64,94.64,2
1699041180,94.64,94.64,94.64,94.64,1
1699041540,94.64,94.64,94.64,94.64,3
1699042440,94.645,94.645,94.645,94.645,1
1699042620,94.64,94.64,94.64,94.64,7
1699042860,94.64,94.64,94.64,94.64,15
1699042920,94.64,94.64,94.64,94.64,52
1699043640,94.64,94.64,94.64,94.64,43
1699044120,94.64,94.64,94.64,94.64,10
1699044180,94.64,94.64,94.64,94.64,1
1699044540,94.645,94.645,94.645,94.645,210
1699044780,94.64,94.64,94.64,94.64,17
1699044840,94.645,94.645,94.645,94.645,23
1699044900,94.645,94.645,94.645,94.645,1
1699045080,94.64,94.64,94.64,94.64,141
1699045140,94.64,94.645,94.64,94.645,250
1699225200,94.64,94.64,94.64,94.64,371
1699225260,94.64,94.64,94.64,94.64,139
1699225320,94.64,94.64,94.64,94.64,9
1699226160,94.64,94.64,94.64,94.64,36
1699226340,94.64,94.64,94.64,94.64,177
1699226400,94.64,94.64,94.64,94.64,102
1699229820,94.635,94.635,94.635,94.635,8
1699231560,94.635,94.635,94.635,94.635,21
1699231620,94.635,94.635,94.635,94.635,13
1699231680,94.635,94.635,94.635,94.635,5
1699231800,94.635,94.635,94.635,94.635,5
1699231860,94.635,94.635,94.635,94.635,2
1699233000,94.64,94.64,94.64,94.64,3
1699233360,94.635,94.635,94.635,94.635,397
1699233540,94.635,94.635,94.635,94.635,25
1699237680,94.64,94.64,94.64,94.64,1
1699238880,94.635,94.635,94.635,94.635,50
1699240080,94.64,94.64,94.64,94.64,2
1699241040,94.635,94.635,94.635,94.635,50
1699241160,94.635,94.635,94.635,94.635,50
1699241280,94.635,94.635,94.635,94.635,25
1699244820,94.635,94.635,94.635,94.635,69
1699245840,94.635,94.635,94.635,94.635,60
1699246500,94.635,94.635,94.635,94.635,100
1699248780,94.635,94.635,94.635,94.635,25
1699248900,94.635,94.635,94.635,94.635,26
1699251420,94.635,94.635,94.635,94.635,17
1699251780,94.635,94.635,94.635,94.635,1
1699252020,94.635,94.635,94.635,94.635,2
1699253100,94.635,94.635,94.635,94.635,15
1699254120,94.635,94.635,94.635,94.635,77
1699255680,94.635,94.635,94.635,94.635,99
1699255860,94.635,94.635,94.635,94.635,30
1699257000,94.635,94.635,94.635,94.635,251
1699261260,94.635,94.635,94.635,94.635,5
1699261500,94.635,94.635,94.635,94.635,76
1699261800,94.635,94.635,94.635,94.635,73
1699261860,94.635,94.635,94.635,94.635,243
1699261920,94.635,94.635,94.635,94.635,3
1699262280,94.635,94.635,94.635,94.635,12
1699262400,94.635,94.635,94.635,94.635,29
1699262700,94.635,94.635,94.635,94.635,3
1699262940,94.635,94.635,94.635,94.635,200
1699263000,94.635,94.635,94.635,94.635,18
1699263420,94.635,94.635,94.635,94.635,100
1699264980,94.635,94.635,94.635,94.635,616
1699265040,94.635,94.635,94.635,94.635,3
1699265520,94.635,94.635,94.635,94.635,55
1699265760,94.635,94.635,94.635,94.635,7
1699266900,94.635,94.635,94.635,94.635,67
1699267320,94.635,94.635,94.635,94.635,2
1699270260,94.64,94.64,94.64,94.64,44
1699271040,94.64,94.64,94.64,94.64,10
1699274940,94.635,94.635,94.635,94.635,968
1699275120,94.635,94.635,94.635,94.635,9
1699275180,94.635,94.635,94.635,94.635,1
1699275240,94.635,94.635,94.635,94.635,3
1699275480,94.64,94.645,94.64,94.64,1713
1699275660,94.64,94.64,94.64,94.64,19
1699275720,94.64,94.64,94.64,94.64,4
1699276140,94.64,94.64,94.64,94.64,5
1699276320,94.64,94.64,94.635,94.635,1143
1699277400,94.635,94.635,94.635,94.635,2
1699277460,94.64,94.64,94.64,94.64,50
1699277580,94.635,94.635,94.635,94.635,31
1699277640,94.635,94.635,94.635,94.635,2
1699277940,94.64,94.64,94.64,94.64,1
1699278000,94.635,94.635,94.635,94.635,3
1699278120,94.635,94.635,94.635,94.635,3
1699278300,94.64,94.64,94.64,94.64,19
1699278360,94.64,94.64,94.64,94.64,19
1699278420,94.64,94.64,94.64,94.64,300
1699278960,94.64,94.64,94.64,94.64,12
1699279140,94.64,94.64,94.64,94.64,2
1699279620,94.635,94.64,94.635,94.64,8
1699280040,94.64,94.64,94.64,94.64,1
1699281300,94.635,94.635,94.635,94.635,85
1699281360,94.635,94.635,94.635,94.635,4
1699281600,94.64,94.64,94.64,94.64,1
1699282080,94.64,94.64,94.64,94.64,53
1699282140,94.635,94.635,94.635,94.635,2
1699282320,94.64,94.64,94.64,94.64,1
1699282380,94.635,94.635,94.635,94.635,686
1699282440,94.635,94.635,94.635,94.635,1056
1699282500,94.635,94.635,94.635,94.635,467
1699282800,94.635,94.635,94.635,94.635,92
1699282980,94.635,94.635,94.635,94.635,247
1699283100,94.64,94.64,94.64,94.64,1
1699283280,94.635,94.635,94.635,94.635,7
1699283400,94.635,94.635,94.635,94.635,2572
1699283460,94.635,94.635,94.635,94.635,585
1699283580,94.635,94.635,94.635,94.635,2940
1699283820,94.635,94.635,94.635,94.635,2
1699284060,94.635,94.635,94.635,94.635,3
1699284540,94.635,94.635,94.635,94.635,102
1699284660,94.64,94.64,94.64,94.64,1
1699286400,94.64,94.64,94.64,94.64,4
1699286700,94.64,94.64,94.64,94.64,250
1699287840,94.64,94.64,94.64,94.64,67
1699288200,94.635,94.635,94.635,94.635,12
1699288440,94.64,94.64,94.64,94.64,13
1699290720,94.64,94.64,94.64,94.64,2
1699291020,94.64,94.64,94.64,94.64,38
1699291080,94.635,94.635,94.635,94.635,1
1699291380,94.64,94.64,94.635,94.635,514
1699294260,94.64,94.64,94.64,94.64,119
1699294320,94.635,94.635,94.635,94.635,579
1699295400,94.635,94.635,94.635,94.635,502
1699297320,94.635,94.635,94.635,94.635,240
1699297380,94.635,94.635,94.635,94.635,4299
1699297440,94.635,94.635,94.635,94.635,192
1699297560,94.635,94.635,94.635,94.635,1
1699297620,94.635,94.635,94.635,94.635,40
1699297800,94.63,94.63,94.63,94.63,22
1699298040,94.635,94.635,94.635,94.635,1
1699298160,94.63,94.63,94.63,94.63,1
1699298520,94.635,94.635,94.635,94.635,456
1699300320,94.635,94.635,94.635,94.635,6
1699300380,94.635,94.635,94.635,94.635,601
1699300440,94.635,94.635,94.635,94.635,318
1699300620,94.635,94.635,94.635,94.635,152
1699300740,94.635,94.635,94.635,94.635,682
1699301040,94.63,94.63,94.63,94.63,3
1699301160,94.635,94.635,94.635,94.635,1
1699302000,94.635,94.635,94.635,94.635,509
1699302120,94.635,94.635,94.635,94.635,72
1699302180,94.635,94.635,94.635,94.635,31
1699302660,94.635,94.635,94.635,94.635,147
1699302840,94.635,94.635,94.635,94.635,21
1699303020,94.635,94.635,94.635,94.635,52
1699303080,94.635,94.635,94.635,94.635,3
1699303380,94.63,94.63,94.63,94.63,5
1699303560,94.635,94.635,94.635,94.635,4
1699304400,94.635,94.635,94.635,94.635,102
1699304940,94.63,94.63,94.63,94.63,2006
1699305120,94.635,94.635,94.635,94.635,1
1699306020,94.635,94.635,94.635,94.635,4
1699306440,94.635,94.635,94.635,94.635,10
1699307160,94.635,94.635,94.635,94.635,3
1699307460,94.635,94.635,94.635,94.635,660
1699311600,94.635,94.635,94.635,94.635,3
1699313160,94.635,94.635,94.635,94.635,1
1699313520,94.635,94.635,94.635,94.635,4
1699313880,94.635,94.635,94.635,94.635,2
1699314180,94.635,94.635,94.635,94.635,4
1699316040,94.635,94.635,94.635,94.635,4
1699316880,94.635,94.635,94.635,94.635,4
1699318440,94.635,94.635,94.635,94.635,3
1699318560,94.635,94.635,94.635,94.635,3
1699318800,94.635,94.635,94.635,94.635,256
1699318920,94.635,94.635,94.635,94.635,37
1699322160,94.635,94.635,94.635,94.635,51
1699323180,94.635,94.635,94.635,94.635,1
1699323600,94.635,94.635,94.635,94.635,100
1699326480,94.635,94.635,94.635,94.635,6
1699326540,94.635,94.635,94.635,94.635,44
1699326600,94.635,94.635,94.635,94.635,50
1699327020,94.635,94.635,94.635,94.635,76
1699327080,94.635,94.635,94.635,94.635,100
1699327860,94.64,94.64,94.64,94.64,10
1699328520,94.635,94.635,94.635,94.635,1
1699334340,94.635,94.635,94.635,94.635,23
1699334580,94.635,94.635,94.635,94.635,5
1699337280,94.635,94.635,94.635,94.635,11
1699339620,94.635,94.635,94.635,94.635,38
1699341360,94.635,94.635,94.635,94.635,294
1699343400,94.635,94.635,94.635,94.635,200
1699343700,94.635,94.635,94.635,94.635,22
1699346100,94.635,94.635,94.635,94.635,6
1699346160,94.635,94.635,94.635,94.635,10
1699346220,94.635,94.635,94.635,94.635,224
1699346280,94.635,94.635,94.635,94.635,8
1699346460,94.635,94.635,94.635,94.635,6
1699349100,94.64,94.64,94.64,94.64,180
1699349940,94.64,94.64,94.64,94.64,11
1699350900,94.635,94.635,94.635,94.635,48
1699351800,94.64,94.64,94.64,94.64,300
1699352820,94.64,94.64,94.64,94.64,528
1699354320,94.645,94.645,94.645,94.645,130
1699355160,94.645,94.645,94.645,94.645,173
1699355340,94.64,94.64,94.64,94.64,2
1699357020,94.64,94.64,94.64,94.64,26
1699357260,94.64,94.64,94.64,94.64,50
1699358160,94.64,94.64,94.64,94.64,1
1699358580,94.64,94.64,94.64,94.64,11
1699358640,94.64,94.64,94.64,94.64,436
1699358700,94.64,94.64,94.64,94.64,37
1699358760,94.635,94.635,94.635,94.635,810
1699359660,94.635,94.635,94.635,94.635,25
1699359720,94.635,94.635,94.635,94.635,6
1699359960,94.635,94.635,94.635,94.635,295
1699360020,94.63,94.63,94.63,94.63,66
1699360080,94.63,94.63,94.63,94.63,131
1699360140,94.63,94.63,94.63,94.63,51
1699360440,94.63,94.63,94.63,94.63,3
1699360560,94.63,94.63,94.63,94.63,762
1699360620,94.63,94.63,94.63,94.63,251
1699360680,94.63,94.63,94.63,94.63,15
1699360920,94.63,94.63,94.63,94.63,12
1699360980,94.63,94.63,94.63,94.63,11
1699361040,94.63,94.63,94.63,94.63,88
1699361100,94.635,94.635,94.635,94.635,1
1699361220,94.63,94.63,94.63,94.63,6
1699361880,94.635,94.635,94.635,94.635,3
1699362300,94.635,94.635,94.635,94.635,754
1699362600,94.63,94.635,94.63,94.63,592
1699363440,94.635,94.635,94.635,94.635,2
1699363740,94.635,94.635,94.635,94.635,18
1699364820,94.63,94.63,94.63,94.63,4
1699365120,94.63,94.63,94.63,94.63,2
1699365180,94.63,94.63,94.63,94.63,6
1699365300,94.635,94.635,94.635,94.635,2024
1699365840,94.63,94.63,94.63,94.63,3
1699365960,94.63,94.63,94.63,94.63,88
1699366140,94.63,94.63,94.63,94.63,100
1699366380,94.63,94.63,94.63,94.63,2950
1699366440,94.63,94.63,94.63,94.63,100
1699366500,94.63,94.63,94.63,94.63,3
1699366560,94.63,94.63,94.63,94.63,218
1699366620,94.63,94.63,94.63,94.63,53
1699366680,94.63,94.63,94.63,94.63,88
1699366800,94.63,94.63,94.63,94.63,24
1699367400,94.635,94.635,94.63,94.63,80
1699367580,94.635,94.635,94.635,94.635,537
1699368840,94.63,94.63,94.63,94.63,3370
1699369140,94.63,94.63,94.63,94.63,6
1699369200,94.63,94.63,94.63,94.63,11
1699369560,94.63,94.63,94.63,94.63,25
1699370280,94.635,94.635,94.635,94.635,13
1699370400,94.63,94.63,94.63,94.63,11
1699370520,94.63,94.63,94.63,94.63,4
1699370700,94.63,94.63,94.63,94.63,250
1699370880,94.63,94.63,94.63,94.63,100
1699370940,94.63,94.63,94.63,94.63,654
1699371000,94.63,94.63,94.63,94.63,250
1699371300,94.63,94.63,94.63,94.63,53
1699371360,94.63,94.63,94.63,94.63,50
1699371600,94.63,94.63,94.63,94.63,222
1699372740,94.635,94.635,94.635,94.635,36
1699372800,94.635,94.635,94.635,94.635,34
1699374600,94.635,94.635,94.635,94.635,55
1699374900,94.635,94.635,94.635,94.635,25
1699374960,94.635,94.635,94.635,94.635,2
1699375500,94.63,94.63,94.63,94.63,153
1699376160,94.635,94.635,94.635,94.635,5
1699377600,94.635,94.635,94.635,94.635,12
1699377720,94.635,94.635,94.635,94.635,12
1699378020,94.63,94.63,94.63,94.63,8
1699378140,94.63,94.63,94.63,94.63,158
1699378320,94.635,94.635,94.635,94.635,100
1699378380,94.63,94.63,94.63,94.63,100
1699378860,94.63,94.63,94.63,94.63,5
1699379160,94.63,94.63,94.63,94.63,3
1699379760,94.63,94.63,94.63,94.63,1005
1699379940,94.635,94.635,94.635,94.635,1
1699380000,94.63,94.63,94.63,94.63,836
1699380060,94.63,94.63,94.63,94.63,106
1699380120,94.63,94.63,94.63,94.63,4
1699380240,94.63,94.63,94.63,94.63,143
1699380300,94.63,94.63,94.63,94.63,18
1699380360,94.63,94.635,94.63,94.635,603
1699380540,94.635,94.635,94.635,94.635,200
1699380720,94.635,94.635,94.635,94.635,1
1699380780,94.635,94.635,94.635,94.635,2
1699380960,94.635,94.635,94.635,94.635,9
1699381020,94.635,94.635,94.635,94.635,300
1699381080,94.635,94.635,94.635,94.635,3
1699381800,94.63,94.63,94.63,94.63,160
1699381920,94.63,94.63,94.63,94.63,1532
1699381980,94.63,94.63,94.63,94.63,811
1699382340,94.635,94.635,94.635,94.635,4
1699382640,94.635,94.635,94.635,94.635,2
1699382700,94.635,94.635,94.635,94.635,9
1699382880,94.635,94.635,94.635,94.635,301
1699383060,94.635,94.635,94.635,94.635,15
1699383120,94.635,94.635,94.635,94.635,26
1699383480,94.635,94.635,94.635,94.635,393
1699383540,94.635,94.635,94.635,94.635,111
1699383720,94.635,94.635,94.635,94.635,82
1699383780,94.635,94.635,94.635,94.635,2944
1699384800,94.64,94.64,94.64,94.64,600
1699384860,94.64,94.64,94.64,94.64,1
1699384980,94.64,94.64,94.64,94.64,75
1699385100,94.64,94.64,94.64,94.64,1
1699385340,94.64,94.64,94.64,94.64,22
1699386720,94.64,94.64,94.64,94.64,1
1699386960,94.635,94.635,94.635,94.635,25
1699387200,94.635,94.635,94.635,94.635,2
1699389000,94.635,94.635,94.635,94.635,100
1699389780,94.64,94.64,94.64,94.64,250
1699389900,94.635,94.635,94.635,94.635,1
1699390080,94.64,94.64,94.64,94.64,7
1699390140,94.64,94.64,94.64,94.64,1513
1699390800,94.64,94.64,94.64,94.64,24
1699391280,94.64,94.64,94.64,94.64,250
1699391460,94.64,94.64,94.64,94.64,191
1699392720,94.635,94.635,94.635,94.635,9
1699393800,94.64,94.64,94.64,94.64,3
1699393860,94.64,94.64,94.64,94.64,67
1699400940,94.64,94.64,94.64,94.64,1
1699402500,94.64,94.64,94.64,94.64,100
1699404900,94.64,94.64,94.64,94.64,3
1699407660,94.635,94.635,94.635,94.635,1
1699408560,94.635,94.635,94.635,94.635,459
1699408800,94.635,94.635,94.635,94.635,9
1699412340,94.635,94.635,94.635,94.635,95
1699412400,94.635,94.635,94.635,94.635,18
1699416540,94.635,94.635,94.635,94.635,1
1699418520,94.635,94.635,94.635,94.635,1
1699424640,94.63,94.63,94.63,94.63,524
1699425000,94.63,94.63,94.63,94.63,56
1699426200,94.63,94.63,94.63,94.63,4
1699427040,94.63,94.63,94.63,94.63,22
1699427160,94.63,94.63,94.63,94.63,26
1699427640,94.63,94.63,94.63,94.63,29
1699428300,94.63,94.63,94.63,94.63,31
1699429200,94.63,94.63,94.63,94.63,50
1699429260,94.63,94.63,94.63,94.63,22
1699429440,94.63,94.63,94.63,94.63,1
1699429860,94.63,94.63,94.63,94.63,6
1699431540,94.63,94.63,94.63,94.63,14
1699431660,94.63,94.63,94.63,94.63,40
1699432080,94.63,94.63,94.63,94.63,5
1699434060,94.63,94.63,94.63,94.63,303
1699434300,94.63,94.63,94.63,94.63,124
1699436280,94.63,94.63,94.63,94.63,200
1699438980,94.63,94.63,94.63,94.63,48
1699440720,94.63,94.63,94.63,94.63,720
1699440780,94.63,94.63,94.63,94.63,3
1699440960,94.63,94.63,94.63,94.63,4
1699442280,94.63,94.63,94.63,94.63,601
1699442340,94.63,94.63,94.63,94.63,1
1699442460,94.63,94.63,94.63,94.63,34
1699443480,94.63,94.63,94.63,94.63,67
1699444920,94.63,94.63,94.63,94.63,2
1699444980,94.63,94.63,94.63,94.63,328
1699445700,94.63,94.63,94.63,94.63,5147
1699446600,94.625,94.625,94.625,94.625,2
1699447800,94.63,94.63,94.63,94.63,280
1699448160,94.63,94.63,94.63,94.63,100
1699448580,94.63,94.63,94.63,94.63,35
1699448760,94.63,94.63,94.63,94.63,1
1699448820,94.63,94.63,94.63,94.63,39
1699448880,94.63,94.63,94.63,94.63,2
1699449420,94.63,94.63,94.63,94.63,1
1699449600,94.63,94.63,94.63,94.63,1
1699449780,94.63,94.63,94.63,94.63,1535
1699449840,94.63,94.63,94.63,94.63,182
1699450080,94.63,94.63,94.63,94.63,9
1699450140,94.63,94.63,94.63,94.63,25
1699450200,94.63,94.63,94.63,94.63,7
1699450560,94.63,94.63,94.63,94.63,17
1699450620,94.63,94.63,94.63,94.63,3
1699450800,94.63,94.63,94.63,94.63,250
1699451040,94.63,94.63,94.63,94.63,106
1699451100,94.63,94.63,94.63,94.63,499
1699451220,94.63,94.63,94.63,94.63,2
1699452720,94.63,94.63,94.63,94.63,1
1699452900,94.63,94.63,94.63,94.63,1
1699453200,94.625,94.625,94.625,94.625,2
1699453440,94.63,94.63,94.63,94.63,1
1699453740,94.63,94.63,94.63,94.63,1
1699453800,94.63,94.63,94.63,94.63,625
1699454100,94.63,94.63,94.63,94.63,16
1699454220,94.63,94.63,94.625,94.625,52
1699454640,94.63,94.63,94.63,94.63,627
1699455240,94.63,94.63,94.63,94.63,50
1699455960,94.63,94.63,94.63,94.63,1
1699456080,94.63,94.63,94.63,94.63,217
1699456320,94.63,94.63,94.63,94.63,4
1699456440,94.63,94.63,94.63,94.63,60
1699456680,94.63,94.63,94.63,94.63,1
1699456920,94.63,94.63,94.63,94.63,29
1699457340,94.63,94.63,94.63,94.63,1
1699457640,94.63,94.63,94.63,94.63,30
1699457820,94.63,94.63,94.63,94.63,12
1699458000,94.63,94.63,94.63,94.63,75
1699458600,94.63,94.63,94.63,94.63,1
1699458960,94.63,94.63,94.63,94.63,3
1699459200,94.63,94.635,94.63,94.635,2000
1699459380,94.635,94.635,94.635,94.635,15
1699459800,94.63,94.63,94.63,94.63,1394
1699460100,94.63,94.63,94.63,94.63,4
1699460400,94.635,94.635,94.635,94.635,120
1699460760,94.635,94.635,94.635,94.635,200
1699461060,94.635,94.635,94.635,94.635,2608
1699461120,94.635,94.635,94.635,94.635,4
1699461720,94.635,94.635,94.635,94.635,120
1699462800,94.64,94.64,94.64,94.64,1
1699463100,94.635,94.635,94.635,94.635,4
1699463880,94.635,94.635,94.635,94.635,475
1699463940,94.635,94.635,94.635,94.635,10
1699465200,94.635,94.635,94.635,94.635,82
1699465380,94.635,94.635,94.635,94.635,52
1699465440,94.635,94.635,94.635,94.635,100
1699465560,94.635,94.635,94.635,94.635,73
1699465740,94.635,94.635,94.635,94.635,31
1699465860,94.635,94.635,94.635,94.635,49
1699465980,94.635,94.635,94.635,94.635,2
1699466220,94.635,94.635,94.635,94.635,536
1699466280,94.635,94.635,94.635,94.635,80
1699466340,94.64,94.64,94.635,94.635,21
1699466460,94.635,94.635,94.635,94.635,31
1699466700,94.635,94.635,94.635,94.635,96
1699466820,94.635,94.635,94.635,94.635,7
1699467540,94.63,94.63,94.63,94.63,1
1699469460,94.63,94.63,94.63,94.63,150
1699471620,94.63,94.63,94.63,94.63,1434
1699471680,94.63,94.63,94.63,94.63,156
1699472040,94.63,94.63,94.63,94.63,5
1699473420,94.63,94.63,94.63,94.63,11
1699473480,94.63,94.63,94.63,94.63,44
1699473540,94.63,94.63,94.63,94.63,10
1699473660,94.63,94.63,94.63,94.63,1
1699473960,94.625,94.625,94.625,94.625,1
1699475100,94.625,94.625,94.625,94.625,1
1699475520,94.625,94.625,94.625,94.625,153
1699475820,94.625,94.625,94.625,94.625,1
1699477140,94.625,94.625,94.625,94.625,1
1699477980,94.63,94.63,94.63,94.63,1
1699478880,94.63,94.63,94.63,94.63,8
1699478940,94.63,94.63,94.625,94.625,10
1699479000,94.63,94.63,94.63,94.63,3
1699479120,94.625,94.625,94.625,94.625,1
1699479240,94.63,94.63,94.63,94.63,191
1699480020,94.625,94.625,94.625,94.625,28
1699480740,94.63,94.63,94.63,94.63,45
1699509420,94.625,94.625,94.625,94.625,729
1699510980,94.625,94.625,94.625,94.625,58
1699513320,94.625,94.625,94.625,94.625,33
1699513440,94.625,94.625,94.625,94.625,1
1699513500,94.625,94.625,94.625,94.625,2
1699515840,94.625,94.625,94.625,94.625,10
1699517820,94.625,94.625,94.625,94.625,232
1699518000,94.625,94.625,94.625,94.625,85
1699518120,94.625,94.625,94.625,94.625,60
1699518780,94.625,94.625,94.625,94.625,75
1699519080,94.625,94.625,94.625,94.625,3
1699521240,94.625,94.625,94.625,94.625,3028
1699521960,94.625,94.625,94.625,94.625,50
1699525740,94.625,94.625,94.625,94.625,1
1699526160,94.625,94.625,94.625,94.625,4
1699526640,94.625,94.625,94.625,94.625,533
1699526880,94.625,94.625,94.625,94.625,7
1699528140,94.625,94.625,94.625,94.625,24
1699529040,94.62,94.62,94.62,94.62,1145
1699529100,94.62,94.62,94.62,94.62,24
1699529160,94.62,94.62,94.62,94.62,69
1699529220,94.62,94.62,94.62,94.62,242
1699531500,94.62,94.62,94.62,94.62,12
1699532880,94.62,94.62,94.62,94.62,6
1699532940,94.62,94.62,94.62,94.62,5
1699533000,94.62,94.62,94.615,94.615,124
1699533120,94.62,94.62,94.62,94.62,18
1699533180,94.62,94.62,94.62,94.62,11
1699533840,94.62,94.62,94.62,94.62,74
1699534080,94.62,94.62,94.62,94.62,1203
1699534260,94.62,94.62,94.62,94.62,8
1699534500,94.62,94.62,94.62,94.62,3
1699534560,94.62,94.62,94.62,94.62,3
1699534680,94.62,94.62,94.62,94.62,100
1699534860,94.62,94.62,94.62,94.62,213
1699534920,94.62,94.62,94.62,94.62,18
1699534980,94.62,94.62,94.62,94.62,3
1699535100,94.615,94.615,94.615,94.615,7
1699535160,94.62,94.62,94.62,94.62,207
1699535280,94.62,94.62,94.62,94.62,278
1699535340,94.62,94.62,94.62,94.62,77
1699535400,94.615,94.62,94.615,94.62,25
1699535640,94.62,94.62,94.62,94.62,4
1699535700,94.62,94.62,94.62,94.62,2
1699535820,94.62,94.62,94.62,94.62,100
1699535880,94.62,94.62,94.62,94.62,33
1699535940,94.62,94.62,94.62,94.62,299
1699536000,94.62,94.62,94.62,94.62,10
1699536060,94.62,94.625,94.62,94.62,30
1699536120,94.62,94.62,94.62,94.62,15
1699536180,94.62,94.62,94.62,94.62,1
1699536480,94.625,94.625,94.62,94.62,3
1699536540,94.62,94.625,94.62,94.62,53
1699536600,94.62,94.62,94.62,94.62,14
1699536660,94.62,94.62,94.62,94.62,261
1699536900,94.62,94.62,94.62,94.62,10
1699537980,94.625,94.625,94.625,94.625,1
1699540200,94.625,94.625,94.625,94.625,120
1699540380,94.625,94.625,94.625,94.625,1
1699540800,94.62,94.625,94.62,94.625,302
1699540860,94.62,94.62,94.62,94.62,11
1699540920,94.62,94.62,94.62,94.62,4
1699541040,94.625,94.625,94.625,94.625,50
1699541220,94.625,94.625,94.625,94.625,50
1699541640,94.625,94.625,94.625,94.625,15
1699541820,94.625,94.625,94.625,94.625,16
1699541880,94.625,94.625,94.625,94.625,1
1699542840,94.625,94.625,94.625,94.625,5
1699543500,94.62,94.62,94.62,94.62,73
1699543560,94.625,94.625,94.625,94.625,151
1699544160,94.625,94.625,94.625,94.625,1
1699546620,94.62,94.62,94.62,94.62,36
1699546740,94.62,94.62,94.62,94.62,745
1699547040,94.62,94.62,94.62,94.62,2
1699547100,94.62,94.62,94.62,94.62,20
1699547340,94.62,94.62,94.62,94.62,334
1699547400,94.62,94.62,94.62,94.62,109
1699549200,94.625,94.625,94.625,94.625,1
1699549320,94.625,94.625,94.625,94.625,83
1699549680,94.62,94.62,94.62,94.62,34
1699551420,94.62,94.62,94.62,94.62,5
1699551600,94.62,94.62,94.62,94.62,4
1699551780,94.62,94.62,94.62,94.62,28
1699552140,94.62,94.62,94.62,94.62,214
1699552740,94.62,94.625,94.62,94.62,58
1699552860,94.62,94.62,94.62,94.62,8
1699552980,94.62,94.62,94.62,94.62,1439
1699553040,94.62,94.62,94.615,94.62,280
1699553100,94.62,94.62,94.615,94.615,26
1699553160,94.62,94.62,94.62,94.62,1200
1699553280,94.62,94.62,94.62,94.62,219
1699553340,94.62,94.62,94.62,94.62,13
1699554120,94.625,94.625,94.625,94.625,1198
1699554180,94.625,94.625,94.625,94.625,475
1699554240,94.63,94.63,94.63,94.63,220
1699554300,94.63,94.63,94.63,94.63,116
1699554720,94.63,94.63,94.63,94.63,1
1699554840,94.63,94.63,94.63,94.63,17
1699554900,94.63,94.63,94.63,94.63,23
1699554960,94.63,94.63,94.63,94.63,584
1699555140,94.63,94.63,94.63,94.63,36
1699555200,94.63,94.63,94.63,94.63,4
1699555260,94.63,94.63,94.63,94.63,9
1699555380,94.63,94.63,94.63,94.63,40
1699555500,94.63,94.63,94.63,94.63,5
1699555560,94.63,94.63,94.63,94.63,500
1699555620,94.63,94.63,94.63,94.63,61
1699555680,94.63,94.63,94.63,94.63,12
1699555920,94.63,94.63,94.63,94.63,2
1699556040,94.63,94.63,94.63,94.63,3
1699556280,94.63,94.63,94.63,94.63,10
1699556340,94.63,94.63,94.63,94.63,5
1699556400,94.63,94.63,94.625,94.625,1688
1699556460,94.63,94.63,94.625,94.625,114
1699556520,94.62,94.62,94.615,94.615,1374
1699556580,94.615,94.615,94.615,94.615,416
1699556640,94.615,94.62,94.615,94.62,20
1699556700,94.615,94.615,94.615,94.615,1472
1699556760,94.61,94.61,94.61,94.61,8
1699556880,94.61,94.615,94.61,94.615,780
1699556940,94.615,94.615,94.615,94.615,496
1699557000,94.615,94.615,94.615,94.615,552
1699557060,94.615,94.615,94.615,94.615,3
1699557120,94.615,94.615,94.615,94.615,388
1699557180,94.615,94.615,94.615,94.615,28
1699557240,94.615,94.615,94.615,94.615,150
1699557300,94.615,94.615,94.615,94.615,2
1699557360,94.615,94.615,94.615,94.615,34
1699557420,94.615,94.615,94.615,94.615,15
1699557480,94.615,94.615,94.61,94.61,1667
1699558020,94.61,94.61,94.61,94.61,4
1699558080,94.61,94.61,94.61,94.61,13
1699558500,94.61,94.61,94.61,94.61,1
1699558560,94.61,94.61,94.61,94.61,9
1699558620,94.61,94.61,94.61,94.61,4
1699558680,94.61,94.61,94.61,94.61,12
1699559460,94.61,94.61,94.61,94.61,8
1699559880,94.615,94.615,94.615,94.615,10
1699559940,94.615,94.615,94.615,94.615,48
1699560300,94.615,94.615,94.615,94.615,1
1699560360,94.615,94.615,94.615,94.615,41
1699561020,94.61,94.61,94.61,94.61,1
1699561080,94.61,94.61,94.61,94.61,1
1699561380,94.61,94.61,94.61,94.61,10
1699562100,94.61,94.61,94.61,94.61,480
1699562160,94.61,94.61,94.61,94.61,1
1699562280,94.61,94.61,94.61,94.61,3
1699563000,94.61,94.61,94.61,94.61,3
1699563240,94.61,94.61,94.61,94.61,1
1699563360,94.61,94.61,94.61,94.61,2
1699563420,94.61,94.61,94.61,94.61,1
1699563540,94.61,94.61,94.61,94.61,2
1699563600,94.61,94.61,94.61,94.61,4
1699563660,94.61,94.61,94.61,94.61,1
1699563720,94.61,94.61,94.61,94.61,1
1699563780,94.61,94.61,94.61,94.61,2
1699563900,94.61,94.61,94.61,94.61,8
1699564380,94.615,94.615,94.615,94.615,4
1699565820,94.615,94.615,94.615,94.615,55
1699566120,94.615,94.615,94.615,94.615,7
1699566540,94.615,94.615,94.615,94.615,231
1699566720,94.615,94.615,94.615,94.615,25
1699567140,94.615,94.62,94.615,94.62,499
1699570800,94.615,94.615,94.615,94.615,5
1699570860,94.615,94.615,94.615,94.615,59
1699571040,94.615,94.615,94.615,94.615,32
1699571220,94.615,94.615,94.615,94.615,34
1699571280,94.615,94.615,94.615,94.615,1
1699571640,94.615,94.615,94.615,94.615,13
1699571700,94.615,94.615,94.615,94.615,5
1699571880,94.615,94.615,94.615,94.615,26
1699572720,94.615,94.615,94.615,94.615,1
1699574820,94.615,94.615,94.615,94.615,24
1699574940,94.615,94.615,94.615,94.615,5
1699575180,94.615,94.615,94.615,94.615,1
1699576260,94.615,94.615,94.615,94.615,1
1699577400,94.62,94.62,94.62,94.62,10
1699578720,94.615,94.615,94.615,94.615,1
1699579560,94.615,94.615,94.615,94.615,200
1699580580,94.615,94.615,94.615,94.615,16
1699580640,94.615,94.615,94.615,94.615,9
1699580700,94.615,94.615,94.615,94.615,2
1699581180,94.615,94.615,94.615,94.615,1
1699581600,94.615,94.615,94.615,94.615,11
1699588560,94.62,94.62,94.62,94.62,201
1699589280,94.615,94.615,94.615,94.615,39
1699596480,94.62,94.62,94.62,94.62,11
1699601640,94.615,94.615,94.615,94.615,9
1699602300,94.62,94.62,94.62,94.62,4
1699602420,94.62,94.62,94.62,94.62,195
1699603020,94.62,94.62,94.62,94.62,1
1699603560,94.62,94.62,94.62,94.62,27
1699603740,94.62,94.62,94.62,94.62,93
1699603800,94.62,94.62,94.62,94.62,143
1699603920,94.62,94.62,94.62,94.62,14
1699604700,94.62,94.62,94.62,94.62,15
1699605180,94.62,94.62,94.62,94.62,18
1699605240,94.62,94.62,94.62,94.62,1
1699606080,94.615,94.615,94.615,94.615,1
1699606140,94.615,94.615,94.615,94.615,9
1699606200,94.615,94.615,94.615,94.615,3
1699606320,94.615,94.615,94.615,94.615,25
1699609680,94.615,94.615,94.615,94.615,69
1699609800,94.615,94.615,94.615,94.615,250
1699610700,94.615,94.615,94.615,94.615,10
1699612380,94.615,94.615,94.615,94.615,4
1699612920,94.615,94.615,94.615,94.615,20
1699614180,94.615,94.615,94.615,94.615,1
1699615620,94.615,94.615,94.615,94.615,262
1699615680,94.615,94.615,94.615,94.615,3
1699616760,94.615,94.615,94.615,94.615,59
1699621980,94.615,94.615,94.615,94.615,42
1699622400,94.62,94.62,94.62,94.62,84
1699622640,94.62,94.62,94.62,94.62,52
1699622820,94.62,94.62,94.62,94.62,109
1699622880,94.62,94.62,94.62,94.62,27
1699623000,94.62,94.62,94.62,94.62,24
1699623240,94.615,94.615,94.615,94.615,300
1699623300,94.62,94.62,94.62,94.62,185
1699623420,94.62,94.62,94.62,94.62,26
1699623540,94.62,94.62,94.62,94.62,62
1699624200,94.625,94.625,94.625,94.625,1
1699624260,94.625,94.625,94.625,94.625,1
1699624440,94.625,94.625,94.62,94.62,10
1699624620,94.625,94.63,94.625,94.63,549
1699624800,94.625,94.625,94.625,94.625,57
1699624980,94.625,94.625,94.625,94.625,101
1699625040,94.625,94.625,94.625,94.625,2
1699625160,94.625,94.625,94.625,94.625,112
1699625460,94.625,94.625,94.625,94.625,1
1699625580,94.63,94.63,94.63,94.63,5
1699625760,94.625,94.625,94.625,94.625,19
1699625820,94.625,94.625,94.625,94.625,25
1699625880,94.625,94.625,94.625,94.625,76
1699626000,94.625,94.625,94.625,94.625,31
1699626960,94.625,94.625,94.625,94.625,76
1699627140,94.625,94.625,94.625,94.625,240
1699627200,94.625,94.625,94.625,94.625,229
1699627380,94.625,94.625,94.625,94.625,19
1699627740,94.625,94.625,94.625,94.625,900
1699627800,94.625,94.625,94.625,94.625,300
1699628040,94.625,94.625,94.625,94.625,50
1699628220,94.625,94.625,94.625,94.625,1
1699628340,94.625,94.625,94.625,94.625,51
1699628400,94.62,94.62,94.62,94.62,71
1699628460,94.62,94.62,94.62,94.62,245
1699628520,94.62,94.62,94.62,94.62,88
1699628640,94.62,94.62,94.62,94.62,15
1699628700,94.62,94.62,94.62,94.62,412
1699628760,94.62,94.62,94.62,94.62,77
1699628820,94.62,94.62,94.62,94.62,1
1699628880,94.62,94.62,94.62,94.62,49
1699629000,94.62,94.62,94.62,94.62,400
1699629300,94.62,94.62,94.62,94.62,40
1699629480,94.62,94.62,94.62,94.62,10
1699630020,94.62,94.62,94.62,94.62,2
1699630080,94.62,94.62,94.62,94.62,53
1699630260,94.62,94.62,94.62,94.62,18
1699630620,94.62,94.62,94.62,94.62,19
1699630980,94.62,94.62,94.62,94.62,1
1699631160,94.62,94.62,94.62,94.62,2
1699631640,94.62,94.62,94.62,94.62,480
1699631940,94.62,94.62,94.62,94.62,1
1699632180,94.62,94.62,94.62,94.62,17
1699634160,94.615,94.615,94.615,94.615,167
1699634220,94.615,94.615,94.615,94.615,105
1699634520,94.615,94.615,94.615,94.615,219
1699634580,94.615,94.615,94.615,94.615,407
1699634640,94.615,94.615,94.615,94.615,53
1699635060,94.615,94.615,94.615,94.615,2
1699635600,94.61,94.61,94.61,94.61,375
1699637280,94.61,94.61,94.61,94.61,2
1699637400,94.61,94.61,94.61,94.61,83
1699638120,94.61,94.61,94.61,94.61,150
1699638240,94.61,94.61,94.61,94.61,6
1699638660,94.615,94.615,94.615,94.615,2650
1699638780,94.615,94.615,94.615,94.615,340
1699639680,94.61,94.615,94.61,94.615,6
1699639980,94.615,94.615,94.615,94.615,28
1699640520,94.615,94.615,94.615,94.615,1
1699640640,94.61,94.61,94.61,94.61,1
1699640760,94.615,94.615,94.615,94.615,1
1699641480,94.61,94.61,94.61,94.61,107
1699641600,94.61,94.61,94.61,94.61,100
1699641720,94.61,94.61,94.61,94.61,1
1699642860,94.615,94.615,94.615,94.615,1
1699643580,94.615,94.615,94.615,94.615,15
1699644780,94.615,94.615,94.615,94.615,1
1699645260,94.61,94.61,94.61,94.61,5
1699645380,94.61,94.61,94.61,94.61,16
1699645740,94.61,94.61,94.61,94.61,1
1699645800,94.61,94.61,94.61,94.61,36
1699645980,94.61,94.61,94.61,94.61,11
1699646280,94.61,94.61,94.61,94.61,9
1699646700,94.61,94.61,94.61,94.61,50
1699647120,94.615,94.615,94.615,94.615,585
1699647480,94.61,94.61,94.61,94.61,50
1699648140,94.61,94.61,94.61,94.61,9
1699648200,94.615,94.615,94.615,94.615,1
1699649940,94.615,94.615,94.615,94.615,1
1699650480,94.615,94.615,94.615,94.615,10
1699650780,94.61,94.61,94.61,94.61,2
1699651800,94.61,94.61,94.61,94.61,145
1699652040,94.61,94.61,94.61,94.61,2053
1699652160,94.605,94.605,94.605,94.605,3
1699652940,94.61,94.61,94.61,94.61,36
1699653240,94.61,94.61,94.61,94.61,20
1699830000,94.605,94.605,94.605,94.605,409
1699830060,94.605,94.605,94.605,94.605,257
1699830180,94.605,94.605,94.605,94.605,1
1699831980,94.605,94.605,94.605,94.605,298
1699832520,94.605,94.605,94.605,94.605,12
1699833540,94.605,94.605,94.605,94.605,97
1699834200,94.605,94.605,94.605,94.605,26
1699834260,94.605,94.605,94.605,94.605,53
1699835280,94.605,94.605,94.605,94.605,9
1699836780,94.605,94.605,94.605,94.605,210
1699840800,94.6,94.6,94.6,94.6,2
1699841160,94.605,94.605,94.605,94.605,50
1699841700,94.605,94.605,94.605,94.605,1
1699841760,94.605,94.605,94.6,94.605,2253
1699842300,94.6,94.6,94.6,94.6,1751
1699842360,94.605,94.605,94.6,94.6,57
1699843200,94.6,94.6,94.6,94.6,75
1699844040,94.6,94.6,94.6,94.6,82
1699844640,94.6,94.6,94.6,94.6,4
1699844760,94.6,94.6,94.6,94.6,1
1699845180,94.6,94.6,94.6,94.6,3
1699845720,94.6,94.6,94.6,94.6,18
1699846200,94.6,94.6,94.6,94.6,72
1699846440,94.6,94.6,94.6,94.6,270
1699847280,94.6,94.6,94.6,94.6,197
1699847340,94.6,94.6,94.6,94.6,281
1699847400,94.6,94.6,94.6,94.6,20
1699848180,94.6,94.6,94.6,94.6,40
1699848780,94.6,94.6,94.6,94.6,12
1699849680,94.6,94.6,94.6,94.6,81
1699850340,94.6,94.6,94.6,94.6,2
1699853940,94.6,94.6,94.6,94.6,50
1699855260,94.6,94.6,94.6,94.6,8
1699859820,94.605,94.605,94.605,94.605,92
1699862820,94.6,94.6,94.6,94.6,193
1699863360,94.595,94.595,94.595,94.595,53
1699867560,94.6,94.6,94.6,94.6,200
1699867860,94.6,94.6,94.6,94.6,25
1699868760,94.6,94.6,94.6,94.6,5
1699869420,94.595,94.595,94.595,94.595,1
1699869960,94.6,94.6,94.6,94.6,200
1699871280,94.595,94.595,94.595,94.595,150
1699871580,94.595,94.595,94.595,94.595,100
1699871640,94.595,94.595,94.595,94.595,100
1699871940,94.6,94.6,94.6,94.6,5
1699872960,94.595,94.595,94.595,94.595,3
1699873200,94.595,94.595,94.595,94.595,75
1699876800,94.6,94.6,94.6,94.6,129
1699877100,94.6,94.6,94.6,94.6,21
1699877460,94.6,94.6,94.6,94.6,15
1699877760,94.6,94.6,94.6,94.6,318
1699877820,94.6,94.6,94.6,94.6,468
1699878360,94.6,94.6,94.6,94.6,5
1699878720,94.605,94.605,94.605,94.605,200
1699879200,94.605,94.605,94.605,94.605,250
1699879500,94.6,94.6,94.6,94.6,673
1699879980,94.6,94.6,94.6,94.6,32
1699880100,94.6,94.6,94.6,94.6,651
1699880160,94.6,94.6,94.6,94.6,88
1699880340,94.6,94.6,94.6,94.6,1
1699880460,94.6,94.6,94.6,94.6,50
1699880520,94.6,94.6,94.6,94.6,187
1699880880,94.6,94.6,94.6,94.6,134
1699881120,94.6,94.6,94.6,94.6,929
1699881300,94.6,94.6,94.6,94.6,240
1699881360,94.6,94.6,94.6,94.6,242
1699881540,94.6,94.6,94.6,94.6,773
1699881600,94.6,94.6,94.6,94.6,155
1699882020,94.6,94.6,94.6,94.6,5
1699882140,94.6,94.6,94.6,94.6,1
1699882200,94.595,94.6,94.595,94.6,248
1699882260,94.6,94.6,94.595,94.595,105
1699882320,94.595,94.595,94.595,94.595,25
1699882380,94.595,94.6,94.595,94.6,625
1699882440,94.595,94.595,94.595,94.595,25
1699882500,94.595,94.595,94.595,94.595,25
1699882560,94.595,94.595,94.595,94.595,25
1699882620,94.595,94.595,94.595,94.595,25
1699882680,94.595,94.595,94.595,94.595,25
1699882740,94.595,94.595,94.595,94.595,2
1699882800,94.6,94.6,94.6,94.6,37
1699883340,94.6,94.6,94.6,94.6,8
1699883640,94.6,94.6,94.6,94.6,481
1699883760,94.6,94.6,94.6,94.6,25
1699884840,94.6,94.6,94.6,94.6,1
1699885020,94.6,94.6,94.6,94.6,100
1699885080,94.6,94.6,94.6,94.6,120
1699885200,94.6,94.6,94.6,94.6,6
1699885260,94.6,94.6,94.595,94.595,18
1699885320,94.6,94.6,94.6,94.6,100
1699885440,94.595,94.595,94.595,94.595,8
1699886100,94.6,94.6,94.6,94.6,72
1699886160,94.6,94.6,94.6,94.6,13
1699886400,94.6,94.6,94.6,94.6,1182
1699886520,94.6,94.6,94.6,94.6,23
1699887240,94.6,94.605,94.6,94.6,1241
1699887660,94.605,94.605,94.605,94.605,13
1699887720,94.605,94.605,94.605,94.605,175
1699888140,94.6,94.6,94.6,94.6,1
1699888260,94.605,94.605,94.605,94.605,102
1699889100,94.605,94.605,94.605,94.605,4
1699890000,94.6,94.6,94.6,94.6,1
1699890180,94.605,94.605,94.605,94.605,42
1699890240,94.605,94.605,94.605,94.605,56
1699890300,94.6,94.6,94.6,94.6,557
1699890360,94.605,94.605,94.605,94.605,174
1699891020,94.605,94.605,94.605,94.605,3
1699891200,94.6,94.6,94.6,94.6,2
1699892040,94.605,94.605,94.605,94.605,200
1699892220,94.605,94.605,94.605,94.605,11
1699892520,94.605,94.605,94.605,94.605,3
1699892700,94.6,94.6,94.6,94.6,1
1699892820,94.6,94.6,94.6,94.6,7
1699893840,94.6,94.6,94.6,94.6,8
1699893900,94.6,94.6,94.6,94.6,72
1699894800,94.605,94.605,94.605,94.605,1
1699896780,94.6,94.6,94.6,94.6,3
1699897200,94.605,94.605,94.605,94.605,250
1699898040,94.605,94.605,94.605,94.605,1
1699904820,94.605,94.605,94.605,94.605,1
1699905120,94.605,94.605,94.605,94.605,7
1699905180,94.605,94.605,94.605,94.605,10
1699905240,94.605,94.605,94.605,94.605,10
1699905300,94.605,94.605,94.605,94.605,11
1699905360,94.605,94.605,94.605,94.605,12
1699905420,94.605,94.605,94.605,94.605,13
1699905480,94.605,94.605,94.605,94.605,15
1699905540,94.605,94.605,94.605,94.605,2
1699906020,94.605,94.605,94.605,94.605,31
1699906140,94.605,94.605,94.605,94.605,1
1699906200,94.6,94.6,94.6,94.6,20
1699907340,94.6,94.6,94.6,94.6,250
1699907400,94.6,94.6,94.6,94.6,100
1699908000,94.605,94.605,94.605,94.605,5
1699908060,94.6,94.6,94.6,94.6,1
1699908180,94.605,94.605,94.605,94.605,34
1699908480,94.605,94.605,94.605,94.605,98
1699909440,94.6,94.6,94.6,94.6,42
1699909860,94.605,94.605,94.605,94.605,2
1699909980,94.6,94.6,94.6,94.6,1
1699910220,94.6,94.6,94.6,94.6,5
1699916400,94.6,94.6,94.6,94.6,113
1699916460,94.6,94.6,94.6,94.6,20
1699916520,94.6,94.6,94.6,94.6,1
1699916760,94.6,94.6,94.6,94.6,2
1699916940,94.6,94.6,94.6,94.6,2
1699917060,94.6,94.6,94.6,94.6,2
1699917300,94.6,94.6,94.6,94.6,11
1699917540,94.6,94.6,94.6,94.6,59
1699918380,94.6,94.6,94.6,94.6,3
1699920480,94.595,94.595,94.595,94.595,179
1699920540,94.595,94.595,94.595,94.595,57
1699920840,94.595,94.595,94.595,94.595,24
1699921560,94.595,94.595,94.595,94.595,2
1699922160,94.595,94.595,94.595,94.595,12
1699924620,94.595,94.595,94.595,94.595,30
1699924800,94.595,94.595,94.595,94.595,29
1699924860,94.595,94.595,94.595,94.595,1
1699927680,94.595,94.595,94.595,94.595,50
1699927740,94.595,94.595,94.595,94.595,23
1699928220,94.6,94.6,94.6,94.6,25
1699930200,94.6,94.6,94.6,94.6,1
1699936740,94.595,94.595,94.595,94.595,9
1699937940,94.595,94.595,94.595,94.595,1
1699939200,94.595,94.595,94.595,94.595,66
1699939260,94.595,94.595,94.595,94.595,33
1699945860,94.6,94.6,94.6,94.6,30
1699947480,94.595,94.595,94.595,94.595,4
1699947600,94.595,94.595,94.595,94.595,2
1699948560,94.6,94.6,94.6,94.6,36
1699948980,94.595,94.595,94.595,94.595,9
1699955880,94.6,94.6,94.6,94.6,239
1699958940,94.6,94.6,94.6,94.6,70
1699959540,94.595,94.595,94.595,94.595,1
1699962900,94.595,94.595,94.595,94.595,54
1699963560,94.595,94.595,94.595,94.595,200
1699964160,94.6,94.6,94.6,94.6,1200
1699964340,94.6,94.6,94.6,94.6,718
1699964580,94.6,94.6,94.6,94.6,77
1699964820,94.6,94.6,94.6,94.6,57
1699964940,94.595,94.595,94.595,94.595,8
1699965000,94.595,94.595,94.595,94.595,104
1699965240,94.595,94.595,94.595,94.595,22
1699965780,94.595,94.595,94.595,94.595,18
1699966020,94.595,94.595,94.595,94.595,277
1699966080,94.595,94.595,94.595,94.595,600
1699966140,94.595,94.595,94.595,94.595,60
1699966260,94.595,94.595,94.595,94.595,7
1699966380,94.595,94.595,94.595,94.595,3
1699966440,94.595,94.595,94.595,94.595,30
1699966500,94.595,94.595,94.595,94.595,708
1699966800,94.595,94.595,94.595,94.595,1182
1699966860,94.595,94.595,94.595,94.595,2
1699966920,94.595,94.595,94.595,94.595,30
1699966980,94.595,94.595,94.595,94.595,43
1699967040,94.595,94.595,94.595,94.595,9
1699967160,94.595,94.595,94.595,94.595,300
1699967220,94.595,94.595,94.595,94.595,127
1699967400,94.595,94.595,94.59,94.59,1092
1699967580,94.595,94.595,94.595,94.595,25
1699967640,94.595,94.595,94.595,94.595,26
1699967820,94.595,94.595,94.595,94.595,285
1699967880,94.595,94.595,94.595,94.595,256
1699967940,94.595,94.595,94.595,94.595,90
1699968000,94.595,94.595,94.595,94.595,198
1699968060,94.595,94.595,94.595,94.595,292
1699968180,94.595,94.595,94.595,94.595,110
1699968240,94.595,94.595,94.595,94.595,10
1699968300,94.595,94.595,94.595,94.595,63
1699968360,94.595,94.595,94.595,94.595,53
1699968420,94.595,94.595,94.595,94.595,320
1699968480,94.595,94.595,94.595,94.595,48
1699968540,94.595,94.595,94.595,94.595,129
1699968600,94.59,94.645,94.59,94.645,4331
1699968660,94.65,94.66,94.65,94.655,1522
1699968720,94.655,94.66,94.655,94.66,1571
1699968780,94.655,94.66,94.655,94.655,1295
1699968840,94.655,94.655,94.655,94.655,3540
1699968900,94.655,94.66,94.655,94.66,1430
1699968960,94.655,94.66,94.655,94.66,12
1699969020,94.655,94.655,94.655,94.655,615
1699969080,94.655,94.655,94.65,94.655,48
1699969140,94.655,94.655,94.65,94.65,2
1699969200,94.655,94.66,94.655,94.655,1196
1699969260,94.655,94.655,94.655,94.655,968
1699969320,94.655,94.66,94.655,94.66,333
1699969380,94.66,94.66,94.66,94.66,702
1699969440,94.66,94.66,94.66,94.66,50
1699969500,94.66,94.66,94.66,94.66,27
1699969560,94.66,94.66,94.66,94.66,78
1699969620,94.66,94.66,94.66,94.66,94
1699969680,94.66,94.66,94.66,94.66,48
1699969740,94.66,94.66,94.66,94.66,2
1699969800,94.655,94.655,94.655,94.655,24
1699969860,94.655,94.655,94.65,94.65,2867
1699969920,94.655,94.655,94.655,94.655,393
1699969980,94.655,94.655,94.655,94.655,538
1699970040,94.655,94.655,94.655,94.655,529
1699970100,94.655,94.655,94.655,94.655,329
1699970160,94.66,94.66,94.66,94.66,1287
1699970220,94.66,94.66,94.66,94.66,5
1699970340,94.66,94.66,94.66,94.66,50
1699970400,94.66,94.66,94.66,94.66,422
1699970460,94.66,94.66,94.66,94.66,2624
1699970580,94.66,94.66,94.66,94.66,796
1699970640,94.66,94.66,94.66,94.66,1346
1699970700,94.66,94.66,94.66,94.66,1161
1699970760,94.66,94.66,94.66,94.66,803
1699970820,94.66,94.66,94.66,94.66,432
1699970880,94.665,94.665,94.665,94.665,16
1699970940,94.665,94.665,94.665,94.665,625
1699971060,94.665,94.665,94.665,94.665,192
1699971120,94.665,94.665,94.665,94.665,74
1699971240,94.665,94.665,94.665,94.665,74
1699971300,94.66,94.66,94.66,94.66,250
1699971540,94.66,94.665,94.66,94.665,2648
1699971600,94.665,94.665,94.665,94.665,422
1699971660,94.665,94.665,94.665,94.665,134
1699971720,94.665,94.665,94.665,94.665,175
1699971780,94.665,94.665,94.665,94.665,50
1699971900,94.67,94.67,94.67,94.67,253
1699972140,94.665,94.67,94.665,94.67,1745
1699972200,94.665,94.67,94.665,94.67,58
1699972380,94.665,94.665,94.665,94.665,462
1699972740,94.665,94.665,94.665,94.665,6
1699972800,94.665,94.665,94.665,94.665,4
1699973160,94.67,94.67,94.67,94.67,6640
1699973220,94.67,94.67,94.67,94.67,2951
1699973340,94.67,94.67,94.67,94.67,51
1699973400,94.67,94.67,94.67,94.67,10
1699973460,94.67,94.67,94.67,94.67,15
1699973520,94.67,94.67,94.67,94.67,8665
1699973580,94.67,94.67,94.67,94.67,2
1699973640,94.67,94.67,94.67,94.67,14
1699973700,94.67,94.67,94.67,94.67,1489
1699973760,94.67,94.67,94.67,94.67,1
1699973820,94.665,94.665,94.665,94.665,250
1699973940,94.67,94.67,94.67,94.67,1
1699974000,94.67,94.67,94.67,94.67,1
1699974060,94.665,94.665,94.665,94.665,400
1699974120,94.665,94.665,94.665,94.665,548
1699974240,94.67,94.67,94.665,94.665,170
1699974300,94.665,94.665,94.665,94.665,100
1699974480,94.665,94.665,94.665,94.665,19
1699974540,94.67,94.67,94.67,94.67,1
1699974600,94.665,94.665,94.665,94.665,3
1699974720,94.665,94.665,94.665,94.665,600
1699974780,94.665,94.665,94.665,94.665,1
1699974840,94.67,94.67,94.67,94.67,1
1699974900,94.665,94.665,94.665,94.665,1
1699974960,94.665,94.665,94.665,94.665,66
1699975020,94.67,94.67,94.67,94.67,1
1699975200,94.665,94.67,94.665,94.67,7
1699975320,94.665,94.665,94.665,94.665,69
1699975440,94.67,94.67,94.67,94.67,1
1699975680,94.67,94.67,94.665,94.665,2
1699975800,94.665,94.665,94.665,94.665,1
1699975980,94.67,94.67,94.67,94.67,1
1699976340,94.67,94.67,94.67,94.67,1
1699976520,94.67,94.67,94.67,94.67,384
1699976640,94.665,94.665,94.665,94.665,100
1699976700,94.67,94.67,94.67,94.67,1
1699977000,94.67,94.67,94.67,94.67,1
1699977060,94.67,94.67,94.67,94.67,1
1699977180,94.67,94.67,94.67,94.67,1
1699977540,94.67,94.67,94.67,94.67,1
1699977600,94.665,94.665,94.665,94.665,3847
1699977720,94.665,94.665,94.665,94.665,268
1699977900,94.665,94.665,94.665,94.665,600
1699977960,94.665,94.665,94.665,94.665,700
1699978020,94.665,94.665,94.665,94.665,89
1699978200,94.665,94.665,94.665,94.665,25
1699978320,94.665,94.665,94.665,94.665,1
1699978560,94.67,94.67,94.67,94.67,1
1699978620,94.665,94.665,94.665,94.665,2
1699978920,94.67,94.67,94.67,94.67,1
1699979280,94.665,94.665,94.665,94.665,35
1699979340,94.67,94.67,94.67,94.67,1
1699979700,94.67,94.67,94.67,94.67,1
1699979760,94.665,94.665,94.665,94.665,2
1699980000,94.67,94.67,94.67,94.67,2
1699980180,94.67,94.67,94.67,94.67,1
1699980660,94.67,94.67,94.67,94.67,1
1699980780,94.67,94.67,94.67,94.67,49
1699981080,94.67,94.67,94.67,94.67,1
1699981200,94.665,94.665,94.665,94.665,2
1699982340,94.665,94.665,94.665,94.665,3
1699982400,94.665,94.665,94.665,94.665,5
1699982640,94.67,94.67,94.67,94.67,1
1699982820,94.67,94.67,94.67,94.67,5
1699983000,94.67,94.67,94.67,94.67,13
1699983240,94.665,94.665,94.665,94.665,100
1699983840,94.67,94.67,94.67,94.67,1
1699984020,94.67,94.67,94.67,94.67,1
1699984800,94.67,94.67,94.67,94.67,1
1699985040,94.67,94.67,94.67,94.67,1
1699985460,94.67,94.67,94.67,94.67,1
1699985520,94.67,94.67,94.67,94.67,4178
1699985700,94.67,94.67,94.67,94.67,143
1699985760,94.67,94.67,94.67,94.67,114
1699985940,94.67,94.67,94.67,94.67,2
1699986000,94.67,94.67,94.67,94.67,182
1699986060,94.67,94.67,94.67,94.67,110
1699986120,94.67,94.67,94.67,94.67,10
1699986480,94.67,94.67,94.67,94.67,3
1699986540,94.67,94.67,94.67,94.67,101
1699986600,94.67,94.67,94.67,94.67,6
1699986660,94.67,94.67,94.67,94.67,100
1699986720,94.67,94.67,94.67,94.67,294
1699986900,94.67,94.67,94.67,94.67,121
1699986960,94.67,94.67,94.67,94.67,1
1699987020,94.67,94.67,94.67,94.67,6
1699987080,94.67,94.67,94.67,94.67,574
1699987200,94.67,94.67,94.67,94.67,215
1699987260,94.67,94.67,94.67,94.67,2
1699987380,94.67,94.67,94.67,94.67,34
1699987560,94.67,94.67,94.67,94.67,10
1699987620,94.67,94.67,94.67,94.67,48
1699987680,94.67,94.67,94.67,94.67,15
1699987740,94.67,94.67,94.67,94.67,406
1699987800,94.67,94.67,94.67,94.67,2
1699988040,94.675,94.675,94.675,94.675,10
1699988100,94.67,94.67,94.67,94.67,400
1699988220,94.67,94.67,94.67,94.67,5
1699988280,94.67,94.67,94.67,94.67,3
1699988400,94.67,94.67,94.67,94.67,7
1699988460,94.67,94.67,94.67,94.67,29
1699988880,94.67,94.67,94.67,94.67,2
1699989000,94.67,94.67,94.67,94.67,108
1699989060,94.67,94.67,94.67,94.67,4
1699989780,94.675,94.675,94.675,94.675,10
1699989840,94.67,94.67,94.67,94.67,60
1699990260,94.675,94.675,94.675,94.675,2
1699990320,94.675,94.675,94.675,94.675,612
1699990380,94.675,94.675,94.675,94.675,38
1699990440,94.675,94.675,94.675,94.675,168
1699990500,94.675,94.675,94.675,94.675,2
1699990560,94.675,94.675,94.675,94.675,165
1699990860,94.675,94.675,94.675,94.675,17
1699991340,94.675,94.675,94.675,94.675,19
1699991400,94.675,94.675,94.675,94.675,2
1699991940,94.675,94.675,94.675,94.675,281
1699992120,94.675,94.675,94.675,94.675,250
1699992240,94.675,94.675,94.675,94.675,2
1699992420,94.68,94.68,94.68,94.68,3
1699992660,94.675,94.675,94.675,94.675,28
1699992960,94.675,94.675,94.675,94.675,5
1699993080,94.675,94.675,94.675,94.675,2
1699993140,94.675,94.675,94.675,94.675,3
1699993320,94.675,94.675,94.675,94.675,1
1699993740,94.675,94.675,94.675,94.675,1
1699994400,94.675,94.675,94.675,94.675,1
1699994580,94.68,94.68,94.68,94.68,2593
1699995000,94.675,94.675,94.675,94.675,4
1699995060,94.68,94.68,94.68,94.68,2391
1699995120,94.68,94.68,94.68,94.68,93
1699995180,94.68,94.68,94.68,94.68,284
1699995240,94.68,94.68,94.68,94.68,256
1699995300,94.68,94.68,94.68,94.68,349
1699995360,94.68,94.68,94.68,94.68,131
1699995420,94.68,94.68,94.68,94.68,239
1699995540,94.68,94.68,94.68,94.68,290
1699995840,94.68,94.68,94.68,94.68,3
1699996440,94.68,94.68,94.68,94.68,1
1699997100,94.675,94.675,94.675,94.675,33
1699997220,94.68,94.68,94.68,94.68,605
1699997400,94.675,94.675,94.675,94.675,113
1699998600,94.675,94.675,94.675,94.675,9
1699998720,94.68,94.68,94.68,94.68,15
1699998780,94.675,94.675,94.675,94.675,84
1699998900,94.68,94.68,94.68,94.68,4
1699998960,94.68,94.68,94.68,94.68,1
1699999020,94.675,94.675,94.675,94.675,5
1699999140,94.675,94.675,94.675,94.675,2
1700002800,94.675,94.68,94.675,94.68,631
1700003040,94.675,94.675,94.675,94.675,1
1700004060,94.675,94.675,94.675,94.675,16
1700004840,94.68,94.68,94.68,94.68,513
1700004900,94.68,94.68,94.68,94.68,715
1700004960,94.68,94.68,94.68,94.68,10
1700005080,94.68,94.68,94.68,94.68,8
1700005320,94.68,94.68,94.68,94.68,26
1700008800,94.675,94.675,94.675,94.675,12
1700009460,94.675,94.675,94.675,94.675,17
1700009820,94.675,94.675,94.675,94.675,4
1700010360,94.68,94.68,94.68,94.68,28
1700014500,94.675,94.675,94.675,94.675,1
1700015580,94.675,94.675,94.675,94.675,486
1700015880,94.675,94.675,94.675,94.675,11
1700015940,94.675,94.675,94.675,94.675,7
1700016000,94.675,94.675,94.675,94.675,8
1700020800,94.675,94.675,94.675,94.675,33
1700022060,94.675,94.675,94.675,94.675,6
1700026800,94.675,94.675,94.675,94.675,38
1700027160,94.675,94.675,94.675,94.675,500
1700027700,94.675,94.675,94.675,94.675,100
1700029860,94.675,94.675,94.675,94.675,250
1700030460,94.675,94.675,94.675,94.675,123
1700030580,94.675,94.675,94.675,94.675,9
1700030640,94.675,94.675,94.675,94.675,123
1700030700,94.675,94.675,94.675,94.675,15
1700030880,94.675,94.675,94.675,94.675,222
1700030940,94.675,94.675,94.675,94.675,33
1700031000,94.675,94.675,94.675,94.675,21
1700031060,94.675,94.675,94.675,94.675,10
1700031540,94.675,94.675,94.675,94.675,4
1700031720,94.675,94.675,94.675,94.675,88
1700032020,94.675,94.675,94.675,94.675,82
1700032140,94.675,94.675,94.675,94.675,20
1700032320,94.675,94.675,94.675,94.675,50
1700032440,94.675,94.675,94.675,94.675,134
1700032500,94.675,94.675,94.675,94.675,8
1700032560,94.675,94.675,94.675,94.675,653
1700032620,94.675,94.675,94.675,94.675,370
1700032680,94.675,94.675,94.675,94.675,120
1700032740,94.675,94.675,94.675,94.675,35
1700033100,94.675,94.675,94.675,94.675,25
1700033160,94.675,94.675,94.675,94.675,20
1700033280,94.675,94.675,94.675,94.675,1
1700034600,94.675,94.675,94.675,94.675,50
1700040720,94.675,94.675,94.675,94.675,1
1700041380,94.675,94.675,94.675,94.675,203
1700041500,94.675,94.675,94.675,94.675,4
1700041560,94.675,94.675,94.675,94.675,200
1700041620,94.675,94.675,94.675,94.675,200
1700041740,94.675,94.675,94.675,94.675,1316
1700041860,94.675,94.675,94.675,94.675,4
1700041980,94.675,94.675,94.675,94.675,18
1700042040,94.675,94.675,94.675,94.675,4
1700042820,94.675,94.675,94.675,94.675,200
1700043600,94.675,94.675,94.675,94.675,300
1700045340,94.675,94.675,94.675,94.675,150
1700046960,94.675,94.675,94.675,94.675,300
1700047380,94.675,94.675,94.675,94.675,2139
1700047440,94.675,94.675,94.675,94.675,62
1700047500,94.675,94.675,94.675,94.675,9
1700047560,94.675,94.675,94.675,94.675,600
1700047680,94.675,94.675,94.675,94.675,39
1700047800,94.675,94.675,94.675,94.675,9
1700047860,94.675,94.675,94.675,94.675,120
1700048040,94.675,94.675,94.675,94.675,125
1700048520,94.675,94.675,94.675,94.675,200
1700048640,94.675,94.675,94.675,94.675,124
1700048760,94.675,94.675,94.675,94.675,51
1700049060,94.675,94.675,94.675,94.675,48
1700049240,94.675,94.675,94.675,94.675,52
1700049420,94.675,94.675,94.675,94.675,51
1700050020,94.68,94.68,94.68,94.68,1
1700050260,94.675,94.675,94.675,94.675,2
1700050380,94.675,94.675,94.675,94.675,1012
1700050440,94.675,94.675,94.675,94.675,118
1700050560,94.675,94.675,94.675,94.675,599
1700050740,94.68,94.68,94.68,94.68,1
1700050920,94.675,94.675,94.675,94.675,82
1700050980,94.675,94.675,94.675,94.675,47
1700051040,94.675,94.675,94.675,94.675,50
1700051220,94.675,94.675,94.675,94.675,2
1700051280,94.675,94.675,94.675,94.675,16
1700051460,94.68,94.68,94.675,94.675,16
1700052000,94.675,94.675,94.675,94.675,10
1700052120,94.68,94.68,94.68,94.68,1
1700052180,94.675,94.675,94.675,94.675,2
1700052240,94.68,94.68,94.68,94.68,1
1700052600,94.675,94.675,94.675,94.675,373
1700052660,94.675,94.675,94.675,94.675,9
1700052720,94.675,94.675,94.675,94.675,103
1700052780,94.675,94.675,94.675,94.675,12
1700052900,94.675,94.675,94.675,94.675,24
1700053020,94.675,94.675,94.675,94.675,2
1700053320,94.675,94.675,94.675,94.675,4
1700053560,94.68,94.68,94.68,94.68,1
1700053620,94.675,94.675,94.675,94.675,10
1700054160,94.675,94.675,94.675,94.675,25
1700054280,94.68,94.68,94.68,94.68,1
1700054460,94.675,94.675,94.675,94.675,2
1700054580,94.675,94.675,94.675,94.675,76
1700054640,94.675,94.675,94.675,94.675,7
1700054940,94.68,94.68,94.675,94.675,230
1700055000,94.68,94.685,94.675,94.675,1279
1700055060,94.675,94.675,94.675,94.675,306
1700055120,94.675,94.675,94.675,94.675,1491
1700055180,94.67,94.67,94.67,94.67,508
1700055240,94.67,94.67,94.67,94.67,24
1700055300,94.675,94.675,94.675,94.675,1
1700055360,94.67,94.67,94.67,94.67,206
1700055480,94.67,94.67,94.67,94.67,1
1700055660,94.675,94.675,94.675,94.675,1
1700055720,94.67,94.67,94.67,94.67,31
1700055780,94.67,94.67,94.67,94.67,2618
1700055840,94.67,94.67,94.67,94.67,83
1700055900,94.67,94.67,94.67,94.67,4
1700055960,94.67,94.67,94.67,94.67,6
1700056020,94.67,94.67,94.67,94.67,12
1700056080,94.67,94.67,94.67,94.67,1046
1700056320,94.67,94.67,94.67,94.67,10
1700056380,94.675,94.675,94.675,94.675,1
1700056560,94.67,94.67,94.67,94.67,1
1700056740,94.67,94.67,94.67,94.67,1279
1700056800,94.67,94.67,94.67,94.67,147
1700056860,94.67,94.675,94.67,94.675,627
1700057040,94.67,94.67,94.67,94.67,9
1700057100,94.67,94.67,94.67,94.67,323
1700057160,94.67,94.67,94.67,94.67,203
1700057220,94.67,94.67,94.67,94.67,387
1700057280,94.67,94.67,94.67,94.67,145
1700057400,94.67,94.67,94.67,94.67,170
1700057460,94.67,94.67,94.67,94.67,219
1700057580,94.67,94.67,94.67,94.67,479
1700057820,94.67,94.675,94.67,94.675,94
1700058060,94.67,94.67,94.67,94.67,23
1700058120,94.67,94.67,94.67,94.67,1
1700058180,94.67,94.67,94.67,94.67,1
1700058240,94.67,94.67,94.67,94.67,16
1700058360,94.67,94.67,94.67,94.67,19
1700058540,94.675,94.675,94.675,94.675,1
1700058660,94.67,94.67,94.67,94.67,1
1700059200,94.67,94.675,94.67,94.675,17
1700059380,94.67,94.67,94.67,94.67,12
1700059500,94.67,94.67,94.67,94.67,1
1700059860,94.67,94.67,94.67,94.67,32
1700059920,94.675,94.675,94.67,94.67,54
1700059980,94.67,94.67,94.67,94.67,1955
1700060040,94.67,94.67,94.67,94.67,51
1700060100,94.67,94.67,94.67,94.67,25
1700060160,94.67,94.67,94.67,94.67,122
1700060220,94.67,94.67,94.67,94.67,35
1700060340,94.67,94.67,94.67,94.67,5
1700060400,94.67,94.67,94.67,94.67,6
1700060460,94.67,94.675,94.67,94.675,8
1700060520,94.67,94.67,94.67,94.67,200
1700060640,94.67,94.67,94.67,94.67,16
1700060700,94.675,94.675,94.67,94.67,12
1700060760,94.67,94.67,94.67,94.67,317
1700060820,94.67,94.67,94.67,94.67,60
1700060880,94.67,94.67,94.67,94.67,240
1700060940,94.67,94.67,94.67,94.67,1241
1700061060,94.67,94.67,94.67,94.67,4
1700061240,94.67,94.67,94.67,94.67,8
1700061360,94.67,94.67,94.67,94.67,4
1700061420,94.67,94.67,94.67,94.67,2
1700061480,94.67,94.67,94.67,94.67,89
1700061540,94.665,94.665,94.665,94.665,90
1700061660,94.67,94.67,94.67,94.67,1
1700061720,94.67,94.67,94.67,94.67,123
1700061840,94.675,94.675,94.675,94.675,1
1700061900,94.67,94.675,94.67,94.675,9
1700062020,94.675,94.675,94.675,94.675,2
1700062080,94.67,94.67,94.67,94.67,2
1700062200,94.675,94.675,94.675,94.675,2
1700062320,94.67,94.67,94.67,94.67,15
1700062380,94.67,94.67,94.67,94.67,229
1700062500,94.67,94.67,94.67,94.67,88
1700062560,94.67,94.67,94.67,94.67,14
1700062980,94.67,94.67,94.67,94.67,2
1700063040,94.675,94.675,94.67,94.67,15
1700063160,94.67,94.67,94.67,94.67,52
1700063220,94.67,94.67,94.67,94.67,59
1700063280,94.67,94.67,94.67,94.67,115
1700063340,94.67,94.67,94.67,94.67,8
1700063460,94.67,94.67,94.67,94.67,23
1700063520,94.67,94.67,94.67,94.67,2
1700063580,94.67,94.67,94.67,94.67,39
1700063640,94.67,94.67,94.67,94.67,5
1700063760,94.67,94.67,94.67,94.67,3
1700063820,94.67,94.67,94.67,94.67,3
1700064000,94.67,94.67,94.67,94.67,5
1700064240,94.67,94.675,94.67,94.67,15
1700064420,94.67,94.675,94.67,94.675,165
1700064660,94.67,94.67,94.67,94.67,1
1700064840,94.67,94.67,94.67,94.67,249
1700065020,94.67,94.67,94.67,94.67,7
1700065140,94.67,94.67,94.67,94.67,24
1700065200,94.67,94.67,94.67,94.67,26
1700065500,94.67,94.67,94.67,94.67,2
1700065740,94.67,94.67,94.67,94.67,1
1700065860,94.67,94.67,94.67,94.67,12
1700065920,94.675,94.675,94.675,94.675,1
1700065980,94.67,94.67,94.67,94.67,49
1700066040,94.67,94.67,94.67,94.67,43
1700066100,94.67,94.675,94.67,94.675,43
1700066160,94.67,94.67,94.67,94.67,43
1700066280,94.67,94.67,94.67,94.67,1
1700066340,94.67,94.67,94.67,94.67,28
1700066400,94.67,94.67,94.67,94.67,42
1700066460,94.675,94.675,94.675,94.675,1
1700066580,94.67,94.67,94.67,94.67,43
1700066640,94.67,94.675,94.67,94.675,43
1700066820,94.675,94.675,94.675,94.675,1
1700066880,94.67,94.67,94.67,94.67,131
1700067000,94.675,94.675,94.675,94.675,1
1700067060,94.67,94.67,94.67,94.67,221
1700067120,94.67,94.67,94.67,94.67,507
1700067180,94.67,94.67,94.67,94.67,48
1700067240,94.67,94.675,94.67,94.675,13
1700067300,94.67,94.67,94.67,94.67,118
1700067420,94.67,94.67,94.67,94.67,1
1700067540,94.67,94.67,94.67,94.67,117
1700067600,94.675,94.675,94.67,94.67,2
1700067660,94.67,94.67,94.67,94.67,40
1700067780,94.67,94.67,94.67,94.67,1
1700067960,94.67,94.67,94.67,94.67,1
1700068140,94.67,94.67,94.67,94.67,1
1700068320,94.67,94.67,94.67,94.67,1
1700068500,94.67,94.67,94.67,94.67,1
1700068680,94.67,94.67,94.67,94.67,1
1700068860,94.67,94.67,94.67,94.67,1
1700069040,94.67,94.67,94.67,94.67,1
1700069100,94.67,94.67,94.67,94.67,11
1700069940,94.67,94.67,94.67,94.67,13
1700070120,94.67,94.67,94.67,94.67,11
1700070720,94.67,94.67,94.67,94.67,1
1700071380,94.67,94.67,94.67,94.67,1
1700071680,94.67,94.67,94.67,94.67,2
1700071740,94.665,94.665,94.665,94.665,2
1700071860,94.665,94.665,94.665,94.665,13
1700071920,94.665,94.67,94.665,94.67,742
1700072100,94.67,94.67,94.67,94.67,1
1700072160,94.67,94.67,94.67,94.67,2
1700072220,94.665,94.665,94.665,94.665,4
1700072340,94.665,94.665,94.665,94.665,4
1700072400,94.665,94.67,94.665,94.67,7
1700072580,94.665,94.665,94.665,94.665,1
1700072700,94.67,94.67,94.665,94.665,4
1700072760,94.665,94.665,94.665,94.665,12
1700072880,94.665,94.665,94.665,94.665,480
1700072940,94.67,94.67,94.665,94.665,51
1700073060,94.67,94.67,94.67,94.67,1
1700073180,94.67,94.67,94.67,94.67,3
1700073240,94.67,94.67,94.67,94.67,1
1700073300,94.665,94.665,94.665,94.665,9
1700073360,94.665,94.665,94.665,94.665,1
1700073420,94.67,94.67,94.67,94.67,1
1700073480,94.665,94.665,94.665,94.665,2
1700073540,94.67,94.67,94.67,94.67,1
1700073600,94.665,94.665,94.665,94.665,2
1700073660,94.67,94.67,94.665,94.665,4
1700073780,94.67,94.67,94.665,94.665,3
1700073900,94.67,94.67,94.67,94.67,2
1700074140,94.67,94.67,94.67,94.67,1
1700074260,94.67,94.67,94.67,94.67,2
1700074440,94.67,94.67,94.67,94.67,1
1700074500,94.67,94.67,94.67,94.67,1
1700074560,94.665,94.665,94.665,94.665,25
1700074680,94.67,94.67,94.67,94.67,1
1700074800,94.67,94.67,94.67,94.67,2
1700075040,94.67,94.67,94.67,94.67,2
1700075280,94.67,94.67,94.67,94.67,3
1700076120,94.665,94.665,94.665,94.665,4807
1700076300,94.665,94.665,94.665,94.665,2
1700076360,94.665,94.665,94.665,94.665,2
1700077380,94.665,94.665,94.665,94.665,317
1700078040,94.67,94.67,94.67,94.67,1
1700078160,94.665,94.665,94.665,94.665,3
1700078820,94.67,94.67,94.67,94.67,1
1700079180,94.67,94.67,94.67,94.67,1
1700079840,94.67,94.67,94.67,94.67,17
1700080440,94.665,94.665,94.665,94.665,875
1700080500,94.67,94.67,94.665,94.665,251
1700080860,94.665,94.665,94.665,94.665,3
1700081160,94.67,94.67,94.67,94.67,1
1700081280,94.665,94.665,94.665,94.665,6204
1700081340,94.665,94.665,94.665,94.665,109
1700081460,94.665,94.665,94.665,94.665,595
1700081640,94.665,94.665,94.665,94.665,192
1700081700,94.665,94.665,94.665,94.665,14
1700081820,94.665,94.665,94.665,94.665,2
1700081940,94.665,94.665,94.665,94.665,60
1700082000,94.665,94.665,94.665,94.665,1
1700082060,94.665,94.665,94.665,94.665,209
1700082720,94.665,94.665,94.665,94.665,2
1700082780,94.665,94.665,94.665,94.665,2
1700084160,94.665,94.665,94.665,94.665,7
1700085000,94.665,94.665,94.665,94.665,102
1700085240,94.665,94.665,94.665,94.665,17
1700089200,94.665,94.665,94.665,94.665,136
1700094780,94.665,94.665,94.665,94.665,250
1700094840,94.665,94.665,94.665,94.665,100
1700100180,94.665,94.665,94.665,94.665,229
1700101740,94.665,94.665,94.665,94.665,28
1700102160,94.665,94.665,94.665,94.665,43
1700102280,94.665,94.665,94.665,94.665,34
1700102820,94.665,94.665,94.665,94.665,27
1700110500,94.665,94.665,94.665,94.665,600
1700111700,94.67,94.67,94.67,94.67,10
1700112060,94.665,94.665,94.665,94.665,100
1700115360,94.665,94.665,94.665,94.665,17
1700116020,94.665,94.665,94.665,94.665,194
1700116980,94.665,94.665,94.665,94.665,96
1700117220,94.665,94.665,94.665,94.665,20
1700117460,94.665,94.665,94.665,94.665,55
1700117520,94.665,94.665,94.665,94.665,6
1700118600,94.665,94.665,94.665,94.665,24
1700118840,94.665,94.665,94.665,94.665,16
1700118960,94.665,94.665,94.665,94.665,11
1700122320,94.665,94.665,94.665,94.665,250
1700122440,94.665,94.665,94.665,94.665,50
1700125200,94.665,94.665,94.665,94.665,93
1700125620,94.665,94.665,94.665,94.665,120
1700126820,94.67,94.67,94.67,94.67,40
1700126880,94.665,94.665,94.665,94.665,5
1700127900,94.67,94.67,94.67,94.67,1
1700128260,94.665,94.665,94.665,94.665,100
1700130960,94.665,94.665,94.665,94.665,7
1700132040,94.665,94.665,94.665,94.665,1
1700133180,94.67,94.67,94.67,94.67,48
1700133540,94.665,94.665,94.665,94.665,75
1700133660,94.665,94.665,94.665,94.665,4
1700133960,94.665,94.665,94.665,94.665,55
1700134020,94.665,94.665,94.665,94.665,2
1700134080,94.665,94.665,94.665,94.665,46
1700139960,94.67,94.67,94.67,94.67,149
1700140080,94.67,94.67,94.67,94.67,11
1700140320,94.67,94.67,94.67,94.67,1
1700140500,94.67,94.67,94.67,94.67,296
1700140560,94.67,94.67,94.67,94.67,2795
1700140620,94.67,94.67,94.67,94.67,155
1700140800,94.67,94.67,94.67,94.67,458
1700140860,94.67,94.67,94.67,94.67,7
1700140920,94.67,94.67,94.67,94.67,465
1700140980,94.67,94.67,94.67,94.67,257
1700141040,94.67,94.67,94.67,94.67,43
1700141100,94.67,94.67,94.67,94.67,5
1700141160,94.67,94.67,94.67,94.67,39
1700141340,94.67,94.67,94.67,94.67,11
1700141400,94.675,94.68,94.675,94.68,803
1700141460,94.68,94.68,94.675,94.675,19
1700141520,94.675,94.675,94.675,94.675,1101
1700141580,94.675,94.675,94.675,94.675,3601
1700141640,94.675,94.675,94.675,94.675,288
1700141700,94.675,94.675,94.675,94.675,288
1700141760,94.675,94.675,94.675,94.675,1380
1700141820,94.675,94.675,94.675,94.675,50
1700142000,94.675,94.675,94.675,94.675,1036
1700142120,94.675,94.675,94.675,94.675,185
1700142240,94.675,94.675,94.675,94.675,3
1700142300,94.675,94.675,94.675,94.675,312
1700142600,94.675,94.675,94.675,94.675,42
1700142840,94.68,94.68,94.68,94.68,1
1700142960,94.675,94.675,94.675,94.675,121
1700143260,94.675,94.675,94.675,94.675,4
1700143440,94.675,94.675,94.675,94.675,1007
1700143500,94.675,94.675,94.675,94.675,1114
1700143560,94.675,94.675,94.675,94.675,443
1700143620,94.675,94.675,94.675,94.675,171
1700143680,94.675,94.675,94.675,94.675,154
1700143740,94.675,94.675,94.675,94.675,222
1700143800,94.675,94.675,94.675,94.675,100
1700143860,94.675,94.675,94.675,94.675,20
1700143980,94.675,94.675,94.675,94.675,10
1700144040,94.675,94.675,94.675,94.675,10
1700144100,94.675,94.675,94.675,94.675,251
1700144160,94.675,94.675,94.675,94.675,28
1700144220,94.675,94.675,94.675,94.675,4
1700144280,94.675,94.675,94.675,94.675,117
1700144340,94.675,94.675,94.675,94.675,33
1700144520,94.675,94.675,94.675,94.675,95
1700144640,94.675,94.675,94.675,94.675,3
1700144700,94.675,94.675,94.675,94.675,52
1700144880,94.675,94.675,94.675,94.675,579
1700145060,94.675,94.675,94.675,94.675,5
1700145300,94.675,94.675,94.675,94.675,15
1700145360,94.675,94.675,94.675,94.675,25
1700145600,94.675,94.675,94.675,94.675,3
1700145660,94.68,94.68,94.675,94.675,103
1700145900,94.675,94.675,94.675,94.675,3
1700146020,94.68,94.68,94.68,94.68,1
1700146380,94.675,94.675,94.675,94.675,4
1700146740,94.675,94.675,94.675,94.675,1
1700146800,94.675,94.675,94.675,94.675,2
1700146860,94.675,94.675,94.675,94.675,20
1700146920,94.68,94.68,94.68,94.68,1907
1700146980,94.68,94.68,94.68,94.68,381
1700147040,94.68,94.68,94.68,94.68,80
1700147100,94.68,94.68,94.675,94.675,276
1700147160,94.68,94.68,94.68,94.68,10
1700147340,94.68,94.68,94.68,94.68,523
1700147400,94.68,94.68,94.68,94.68,1
1700147460,94.68,94.68,94.68,94.68,19
1700147520,94.68,94.68,94.68,94.68,76
1700147580,94.68,94.68,94.68,94.68,187
1700147640,94.68,94.68,94.68,94.68,29
1700147760,94.68,94.68,94.68,94.68,13
1700147880,94.685,94.685,94.685,94.685,500
1700147940,94.68,94.68,94.68,94.68,30
1700148000,94.68,94.68,94.68,94.68,9
1700148300,94.68,94.68,94.68,94.68,2
1700148540,94.68,94.68,94.68,94.68,8
1700148600,94.68,94.68,94.68,94.68,2
1700148900,94.68,94.68,94.68,94.68,1
1700149140,94.68,94.68,94.68,94.68,47
1700149200,94.68,94.68,94.68,94.68,1
1700149260,94.68,94.68,94.68,94.68,10
1700149380,94.68,94.685,94.68,94.685,23
1700149440,94.68,94.68,94.68,94.68,205
1700149500,94.68,94.68,94.68,94.68,248
1700149620,94.68,94.68,94.68,94.68,187
1700149740,94.68,94.68,94.68,94.68,85
1700149920,94.68,94.68,94.68,94.68,2
1700150100,94.675,94.68,94.675,94.68,101
1700150340,94.68,94.68,94.68,94.68,1
1700150700,94.675,94.675,94.675,94.675,1
1700150820,94.68,94.68,94.68,94.68,9
1700150880,94.68,94.68,94.68,94.68,1
1700151000,94.675,94.68,94.675,94.68,34
1700151300,94.675,94.675,94.675,94.675,1
1700151480,94.68,94.68,94.68,94.68,1
1700151600,94.675,94.68,94.675,94.675,966
1700151840,94.68,94.68,94.68,94.68,21
1700151900,94.675,94.675,94.675,94.675,1
1700152020,94.675,94.675,94.675,94.675,8
1700152140,94.68,94.68,94.68,94.68,1
1700152200,94.675,94.675,94.675,94.675,1
1700152260,94.68,94.68,94.68,94.68,556
1700152860,94.68,94.68,94.68,94.68,1
1700153640,94.68,94.68,94.68,94.68,1
1700154000,94.68,94.68,94.675,94.675,58
1700154420,94.68,94.68,94.68,94.68,1
1700154540,94.675,94.675,94.675,94.675,23
1700154900,94.675,94.675,94.675,94.675,1
1700155260,94.68,94.68,94.675,94.68,566
1700156160,94.68,94.68,94.68,94.68,1
1700156700,94.675,94.675,94.675,94.675,2119
1700157720,94.68,94.68,94.68,94.68,1
1700157960,94.68,94.68,94.68,94.68,1
1700158260,94.68,94.68,94.68,94.68,1
1700158920,94.68,94.68,94.68,94.68,1
1700160000,94.68,94.68,94.68,94.68,1
1700160420,94.675,94.675,94.675,94.675,150
1700161020,94.68,94.68,94.68,94.68,1
1700161260,94.675,94.675,94.675,94.675,1
1700161680,94.68,94.68,94.68,94.68,1
1700161980,94.68,94.68,94.68,94.68,1
1700162880,94.68,94.68,94.68,94.68,1
1700163060,94.675,94.675,94.675,94.675,7
1700163360,94.675,94.675,94.675,94.675,5
1700163540,94.675,94.675,94.675,94.675,9
1700163600,94.675,94.675,94.675,94.675,48
1700163720,94.675,94.675,94.675,94.675,2169
1700164080,94.675,94.675,94.675,94.675,5
1700164140,94.675,94.675,94.675,94.675,18
1700164680,94.675,94.675,94.67,94.67,31
1700164860,94.675,94.675,94.675,94.675,6
1700165100,94.675,94.675,94.675,94.675,28
1700165400,94.675,94.675,94.675,94.675,245
1700165520,94.675,94.675,94.675,94.675,1
1700165700,94.675,94.675,94.675,94.675,1
1700165820,94.675,94.675,94.675,94.675,500
1700165880,94.675,94.675,94.675,94.675,2
1700166000,94.675,94.675,94.675,94.675,1
1700166300,94.675,94.675,94.675,94.675,1
1700166360,94.675,94.675,94.675,94.675,907
1700166420,94.675,94.675,94.675,94.675,73
1700166660,94.675,94.675,94.675,94.675,88
1700166900,94.68,94.68,94.68,94.68,1
1700167080,94.675,94.675,94.675,94.675,18
1700167200,94.675,94.68,94.675,94.68,18
1700167320,94.675,94.68,94.675,94.68,9
1700167440,94.675,94.675,94.675,94.675,120
1700167500,94.675,94.68,94.675,94.675,251
1700167560,94.675,94.675,94.675,94.675,29
1700168100,94.675,94.675,94.675,94.675,1
1700168160,94.675,94.675,94.675,94.675,436
1700168220,94.675,94.675,94.675,94.675,31
1700168280,94.675,94.675,94.675,94.675,30
1700168340,94.675,94.675,94.675,94.675,6
1700168400,94.675,94.675,94.675,94.675,77
1700168940,94.675,94.675,94.675,94.675,54
1700169000,94.68,94.68,94.675,94.675,29
1700169240,94.68,94.68,94.68,94.68,1
1700169300,94.675,94.675,94.675,94.675,9
1700169360,94.675,94.675,94.675,94.675,5
1700169420,94.675,94.675,94.675,94.675,40
1700169600,94.675,94.675,94.675,94.675,50
1700169660,94.675,94.675,94.675,94.675,4
1700169720,94.675,94.675,94.675,94.675,27
1700169780,94.675,94.675,94.675,94.675,1
1700170200,94.675,94.675,94.675,94.675,12
1700170620,94.675,94.675,94.675,94.675,263
1700170800,94.675,94.675,94.675,94.675,1
1700171700,94.675,94.675,94.675,94.675,10
1700171820,94.675,94.675,94.675,94.675,1
1700175600,94.675,94.675,94.675,94.675,114
1700180100,94.675,94.675,94.675,94.675,224
1700180640,94.675,94.675,94.675,94.675,8
1700183280,94.675,94.675,94.675,94.675,8
1700183880,94.675,94.675,94.675,94.675,100
1700183940,94.675,94.675,94.675,94.675,150
1700184060,94.675,94.675,94.675,94.675,1
1700188020,94.68,94.68,94.68,94.68,61
1700188800,94.675,94.675,94.675,94.675,861
1700194260,94.675,94.675,94.675,94.675,50
1700196180,94.675,94.675,94.675,94.675,100
1700198880,94.67,94.67,94.67,94.67,4
1700200440,94.67,94.67,94.67,94.67,1
1700201400,94.67,94.67,94.67,94.67,88
1700210040,94.675,94.675,94.675,94.675,128
1700210100,94.675,94.675,94.675,94.675,11
1700210160,94.675,94.675,94.675,94.675,2
1700210220,94.675,94.675,94.675,94.675,3
1700210280,94.675,94.675,94.675,94.675,2
1700210340,94.675,94.675,94.675,94.675,8
1700210400,94.675,94.675,94.675,94.675,3
1700210460,94.675,94.675,94.675,94.675,1
1700210640,94.675,94.675,94.675,94.675,3
1700210700,94.675,94.675,94.675,94.675,2
1700210760,94.675,94.675,94.675,94.675,16
1700211120,94.675,94.675,94.675,94.675,1203
1700211180,94.675,94.675,94.675,94.675,51
1700211240,94.675,94.675,94.675,94.675,53
1700211300,94.675,94.675,94.675,94.675,132
1700211420,94.675,94.675,94.675,94.675,1
1700211540,94.675,94.675,94.675,94.675,25
1700211600,94.675,94.675,94.675,94.675,149
1700213280,94.675,94.675,94.675,94.675,25
1700214660,94.675,94.675,94.675,94.675,6
1700215020,94.675,94.675,94.675,94.675,4
1700218500,94.68,94.68,94.68,94.68,700
1700218560,94.68,94.68,94.68,94.68,350
1700219520,94.68,94.68,94.68,94.68,151
1700219820,94.675,94.675,94.675,94.675,1
1700222040,94.675,94.675,94.675,94.675,10
1700223180,94.675,94.675,94.675,94.675,2
1700223360,94.68,94.68,94.68,94.68,14
1700223420,94.675,94.675,94.675,94.675,4
1700223480,94.675,94.675,94.675,94.675,61
1700223720,94.675,94.675,94.675,94.675,2401
1700223840,94.675,94.675,94.675,94.675,1787
1700224680,94.675,94.675,94.675,94.675,50
1700225400,94.675,94.675,94.675,94.675,1
1700225640,94.675,94.675,94.675,94.675,1
1700225700,94.675,94.675,94.675,94.675,1
1700225760,94.675,94.675,94.675,94.675,35
1700225880,94.675,94.675,94.675,94.675,293
1700225940,94.675,94.675,94.675,94.675,21
1700226000,94.675,94.675,94.675,94.675,221
1700226180,94.675,94.675,94.675,94.675,10
1700226240,94.675,94.675,94.675,94.675,14
1700226300,94.675,94.675,94.675,94.675,3
1700226360,94.675,94.675,94.675,94.675,3
1700227140,94.675,94.675,94.675,94.675,3
1700227260,94.675,94.675,94.675,94.675,1
1700227380,94.675,94.675,94.675,94.675,141
1700227440,94.675,94.675,94.675,94.675,18
1700227560,94.675,94.675,94.675,94.675,35
1700227680,94.68,94.68,94.68,94.68,1
1700227740,94.675,94.675,94.675,94.675,103
1700227800,94.675,94.675,94.675,94.675,29
1700227860,94.675,94.675,94.675,94.675,70
1700228100,94.675,94.675,94.675,94.675,45
1700228160,94.675,94.675,94.675,94.675,8
1700228220,94.675,94.675,94.675,94.675,5
1700228340,94.675,94.675,94.675,94.675,1944
1700228640,94.67,94.67,94.67,94.67,1
1700228700,94.67,94.67,94.67,94.67,2
1700228760,94.67,94.67,94.67,94.67,1
1700228880,94.67,94.67,94.67,94.67,3
1700229240,94.67,94.67,94.67,94.67,5
1700229540,94.67,94.67,94.67,94.67,1
1700230200,94.67,94.67,94.67,94.67,10
1700230260,94.67,94.67,94.67,94.67,1
1700230500,94.67,94.67,94.67,94.67,1000
1700230920,94.67,94.67,94.67,94.67,24
1700231100,94.675,94.675,94.675,94.675,1
1700231520,94.675,94.675,94.675,94.675,1
1700231640,94.67,94.67,94.67,94.67,8
1700231820,94.67,94.67,94.67,94.67,212
1700231940,94.67,94.67,94.67,94.67,93
1700232360,94.67,94.67,94.67,94.67,50
1700233140,94.675,94.675,94.675,94.675,1
1700233200,94.675,94.675,94.675,94.675,1
1700233320,94.675,94.675,94.675,94.675,1
1700233440,94.675,94.675,94.675,94.675,56
1700233500,94.675,94.675,94.675,94.675,1
1700233680,94.675,94.675,94.675,94.675,1
1700233800,94.675,94.675,94.675,94.675,1
1700234040,94.675,94.675,94.67,94.67,3
1700234100,94.67,94.67,94.67,94.67,14
1700234220,94.67,94.675,94.67,94.67,513
1700234280,94.67,94.67,94.67,94.67,105
1700234340,94.67,94.67,94.67,94.67,274
1700234460,94.67,94.67,94.67,94.67,29
1700234760,94.67,94.67,94.67,94.67,100
1700235000,94.675,94.675,94.675,94.675,1
1700235780,94.67,94.67,94.67,94.67,6
1700235840,94.675,94.675,94.675,94.675,1
1700236140,94.67,94.67,94.67,94.67,3
1700236320,94.67,94.67,94.67,94.67,14
1700236380,94.67,94.675,94.67,94.675,11
1700236560,94.67,94.67,94.67,94.67,4
1700236860,94.67,94.67,94.67,94.67,2
1700236920,94.67,94.67,94.67,94.67,163
1700236980,94.67,94.67,94.67,94.67,60
1700237040,94.675,94.675,94.675,94.675,1
1700237280,94.675,94.675,94.675,94.675,1
1700237520,94.67,94.67,94.67,94.67,24
1700237580,94.675,94.675,94.675,94.675,1
1700237700,94.67,94.67,94.67,94.67,7387
1700237760,94.67,94.67,94.67,94.67,81
1700237820,94.67,94.67,94.67,94.67,91
1700238060,94.67,94.67,94.67,94.67,12
1700238240,94.67,94.67,94.67,94.67,12
1700238900,94.665,94.665,94.665,94.665,3
1700239320,94.665,94.665,94.665,94.665,3
1700239560,94.67,94.67,94.67,94.67,1
1700240340,94.665,94.665,94.665,94.665,3
1700240400,94.67,94.67,94.67,94.67,1
1700240580,94.67,94.67,94.67,94.67,1
1700241180,94.665,94.665,94.665,94.665,21
1700241420,94.67,94.67,94.665,94.665,23
1700241600,94.67,94.67,94.67,94.67,1
1700242740,94.67,94.67,94.67,94.67,1
1700242980,94.67,94.67,94.67,94.67,3
1700243520,94.67,94.67,94.67,94.67,1
1700243820,94.67,94.67,94.67,94.67,1
1700244540,94.67,94.67,94.67,94.67,1
1700244900,94.67,94.67,94.67,94.67,7
1700245200,94.665,94.665,94.665,94.665,2
1700245380,94.665,94.665,94.665,94.665,9
1700245440,94.67,94.67,94.67,94.67,1
1700246580,94.67,94.67,94.67,94.67,1
1700246700,94.67,94.67,94.67,94.67,1
1700246820,94.665,94.665,94.665,94.665,1250
1700247120,94.665,94.665,94.665,94.665,1
1700247360,94.665,94.665,94.665,94.665,1
1700247480,94.665,94.665,94.665,94.665,3
1700247960,94.67,94.67,94.67,94.67,27
1700249220,94.67,94.67,94.67,94.67,1
1700249340,94.67,94.67,94.67,94.67,10
1700249400,94.67,94.67,94.67,94.67,4
1700249700,94.67,94.67,94.67,94.67,1
1700249760,94.67,94.67,94.67,94.67,10
1700250060,94.665,94.665,94.665,94.665,92
1700250240,94.665,94.67,94.665,94.67,3
1700250300,94.665,94.665,94.665,94.665,11
1700250360,94.665,94.665,94.665,94.665,34
1700250960,94.665,94.665,94.665,94.665,13
1700251140,94.665,94.665,94.665,94.665,1
1700251200,94.67,94.67,94.67,94.67,1
1700251740,94.665,94.665,94.665,94.665,54
1700252040,94.665,94.665,94.665,94.665,1233
1700252520,94.665,94.665,94.665,94.665,1001
1700252760,94.665,94.665,94.665,94.665,1194
1700253060,94.665,94.665,94.665,94.665,25
1700253480,94.665,94.665,94.665,94.665,8
1700253840,94.665,94.665,94.665,94.665,5
1700253900,94.67,94.67,94.67,94.67,1
1700254500,94.665,94.665,94.665,94.665,34
1700254740,94.67,94.67,94.67,94.67,1
1700254860,94.665,94.665,94.665,94.665,1
1700255340,94.665,94.665,94.665,94.665,55
1700255400,94.665,94.665,94.665,94.665,4
1700255580,94.665,94.665,94.665,94.665,2
1700255940,94.67,94.67,94.67,94.67,4
1700256720,94.665,94.665,94.665,94.665,4
1700257080,94.67,94.67,94.67,94.67,4
1700257440,94.67,94.67,94.67,94.67,114
1700257740,94.67,94.67,94.665,94.665,195
1700257800,94.665,94.665,94.665,94.665,21
1700258280,94.665,94.665,94.665,94.665,1
1700258340,94.67,94.67,94.665,94.665,12
1700434800,94.665,94.665,94.665,94.665,789
1700434860,94.665,94.665,94.665,94.665,5
1700434920,94.665,94.665,94.665,94.665,29
1700435040,94.665,94.665,94.665,94.665,13
1700441820,94.665,94.665,94.665,94.665,200
1700461500,94.665,94.665,94.665,94.665,2
1700463180,94.665,94.665,94.665,94.665,65
1700463660,94.665,94.665,94.665,94.665,22
1700464200,94.665,94.665,94.665,94.665,4
1700465340,94.665,94.665,94.665,94.665,199
1700465700,94.665,94.665,94.665,94.665,3
1700465760,94.665,94.665,94.665,94.665,29
1700466060,94.665,94.665,94.665,94.665,26
1700466180,94.665,94.665,94.665,94.665,2
1700466300,94.665,94.665,94.665,94.665,73
1700466480,94.665,94.665,94.665,94.665,52
1700466840,94.665,94.665,94.665,94.665,418
1700467080,94.665,94.665,94.665,94.665,6
1700467380,94.665,94.665,94.665,94.665,122
1700467620,94.665,94.665,94.665,94.665,1060
1700470140,94.665,94.665,94.665,94.665,144
1700470260,94.665,94.665,94.665,94.665,25
1700471880,94.66,94.66,94.66,94.66,3
1700472660,94.665,94.665,94.665,94.665,8
1700472780,94.665,94.665,94.665,94.665,19
1700473440,94.66,94.66,94.66,94.66,1
1700477940,94.66,94.66,94.66,94.66,1
1700481720,94.66,94.66,94.66,94.66,23
1700481900,94.66,94.66,94.66,94.66,3
1700482800,94.66,94.66,94.66,94.66,1
1700483220,94.66,94.66,94.66,94.66,1000
1700484300,94.665,94.665,94.665,94.665,1
1700484540,94.665,94.665,94.665,94.665,2
1700484660,94.665,94.665,94.665,94.665,1
1700484960,94.66,94.665,94.66,94.665,59
1700485500,94.66,94.66,94.66,94.66,4
1700485620,94.665,94.665,94.665,94.665,1
1700485980,94.665,94.665,94.665,94.665,1
1700486640,94.665,94.665,94.665,94.665,1
1700487000,94.665,94.665,94.665,94.665,1
1700487240,94.66,94.66,94.66,94.66,1
1700487300,94.66,94.66,94.66,94.66,21
1700487660,94.66,94.665,94.66,94.665,109
1700487900,94.66,94.66,94.66,94.66,3
1700488020,94.665,94.665,94.665,94.665,1
1700488140,94.66,94.66,94.66,94.66,8
1700488320,94.665,94.665,94.665,94.665,1
1700488440,94.66,94.66,94.66,94.66,2
1700488500,94.665,94.665,94.665,94.665,3
1700488680,94.66,94.66,94.66,94.66,1
1700488920,94.66,94.66,94.66,94.66,12
1700489040,94.665,94.665,94.665,94.665,1
1700489100,94.66,94.66,94.66,94.66,76
1700489280,94.66,94.66,94.66,94.66,5
1700489340,94.66,94.665,94.66,94.665,33
1700489580,94.66,94.66,94.66,94.66,117
1700489640,94.665,94.665,94.665,94.665,9
1700489820,94.66,94.66,94.66,94.66,17
1700490000,94.66,94.66,94.66,94.66,4
1700490060,94.665,94.665,94.66,94.66,11
1700490120,94.66,94.66,94.66,94.66,3
1700490240,94.665,94.665,94.665,94.665,6
1700490360,94.665,94.665,94.665,94.665,1
1700490480,94.66,94.66,94.66,94.66,28
1700490600,94.665,94.665,94.665,94.665,1
1700490720,94.665,94.665,94.66,94.66,19
1700490840,94.66,94.66,94.66,94.66,1
1700491080,94.665,94.665,94.665,94.665,55
1700491200,94.66,94.66,94.66,94.66,37
1700491380,94.665,94.665,94.665,94.665,1
1700491680,94.665,94.665,94.665,94.665,1
1700491740,94.665,94.665,94.665,94.665,1
1700492340,94.66,94.665,94.66,94.66,89
1700492400,94.665,94.665,94.665,94.665,1
1700492460,94.66,94.66,94.66,94.66,2241
1700492520,94.66,94.66,94.66,94.66,2
1700492580,94.66,94.66,94.66,94.66,492
1700492760,94.66,94.66,94.66,94.66,72
1700492880,94.66,94.66,94.66,94.66,1913
1700493000,94.66,94.66,94.66,94.66,7
1700493660,94.655,94.655,94.655,94.655,7
1700493780,94.66,94.66,94.66,94.66,1
1700493840,94.655,94.655,94.655,94.655,7
1700494020,94.655,94.655,94.655,94.655,87
1700494140,94.655,94.655,94.655,94.655,1
1700494260,94.66,94.66,94.66,94.66,30
1700494320,94.655,94.655,94.655,94.655,1
1700494680,94.66,94.66,94.66,94.66,1
1700494740,94.66,94.66,94.655,94.655,19
1700494800,94.655,94.655,94.655,94.655,1
1700494980,94.655,94.655,94.655,94.655,4
1700495100,94.66,94.66,94.66,94.66,1
1700495460,94.655,94.655,94.655,94.655,5
1700495580,94.66,94.66,94.66,94.66,1
1700495640,94.66,94.66,94.66,94.66,1
1700495760,94.66,94.66,94.66,94.66,1
1700495820,94.66,94.66,94.66,94.66,250
1700496120,94.655,94.655,94.655,94.655,172
1700496360,94.655,94.655,94.655,94.655,8
1700496420,94.66,94.66,94.66,94.66,2
1700496480,94.66,94.66,94.66,94.66,1
1700496540,94.655,94.655,94.655,94.655,8
1700497500,94.66,94.66,94.66,94.66,1
1700497920,94.655,94.655,94.655,94.655,8
1700498580,94.655,94.66,94.655,94.66,23
1700498700,94.655,94.66,94.655,94.66,2
1700499240,94.655,94.655,94.655,94.655,65
1700499600,94.66,94.66,94.66,94.66,1
1700499660,94.655,94.655,94.655,94.655,19
1700499720,94.66,94.66,94.66,94.66,16
1700499960,94.66,94.66,94.66,94.66,1
1700500200,94.66,94.66,94.66,94.66,32
1700500740,94.655,94.655,94.655,94.655,10
1700501340,94.66,94.66,94.66,94.66,1
1700501880,94.655,94.655,94.655,94.655,25
1700502420,94.655,94.655,94.655,94.655,9
1700502840,94.655,94.655,94.655,94.655,48
1700502900,94.66,94.66,94.66,94.66,1
1700503140,94.655,94.655,94.655,94.655,27
1700503260,94.655,94.655,94.655,94.655,313
1700503560,94.66,94.66,94.66,94.66,1
1700503860,94.66,94.66,94.66,94.66,1
1700504220,94.655,94.655,94.655,94.655,62
1700504640,94.66,94.66,94.66,94.66,5998
1700504700,94.66,94.66,94.66,94.66,587
1700504760,94.66,94.66,94.66,94.66,18
1700504820,94.66,94.66,94.66,94.66,9
1700504880,94.66,94.66,94.66,94.66,200
1700504940,94.66,94.66,94.66,94.66,114
1700505420,94.66,94.66,94.66,94.66,969
1700505780,94.66,94.66,94.66,94.66,292
1700505840,94.66,94.66,94.66,94.66,1
1700505960,94.66,94.66,94.66,94.66,2
1700506080,94.66,94.66,94.66,94.66,300
1700507520,94.66,94.66,94.66,94.66,1
1700507760,94.66,94.66,94.66,94.66,18
1700508540,94.66,94.66,94.66,94.66,1
1700508960,94.66,94.66,94.66,94.66,450
1700509140,94.66,94.66,94.66,94.66,5
1700509620,94.66,94.66,94.66,94.66,25
1700509680,94.66,94.66,94.66,94.66,15
1700510160,94.66,94.66,94.66,94.66,110
1700510280,94.66,94.66,94.66,94.66,2
1700510820,94.66,94.66,94.66,94.66,12
1700511180,94.66,94.66,94.66,94.66,61
1700511300,94.655,94.66,94.655,94.66,125
1700511540,94.66,94.66,94.66,94.66,179
1700512140,94.66,94.66,94.66,94.66,119
1700512200,94.66,94.66,94.66,94.66,82
1700512500,94.66,94.66,94.66,94.66,15
1700512560,94.66,94.66,94.66,94.66,3
1700512680,94.66,94.66,94.66,94.66,24
1700512740,94.66,94.66,94.66,94.66,38
1700512860,94.66,94.66,94.66,94.66,5
1700513100,94.66,94.66,94.66,94.66,5
1700513280,94.66,94.66,94.66,94.66,3
1700513340,94.66,94.66,94.66,94.66,10
1700513580,94.66,94.66,94.66,94.66,9
1700513640,94.66,94.66,94.66,94.66,43
1700513940,94.66,94.66,94.655,94.655,111
1700514000,94.66,94.66,94.66,94.66,15
1700514180,94.66,94.66,94.66,94.66,8
1700514840,94.66,94.66,94.66,94.66,1
1700515440,94.655,94.655,94.655,94.655,1
1700515620,94.655,94.655,94.655,94.655,1
1700515740,94.66,94.66,94.66,94.66,1
1700515800,94.655,94.655,94.655,94.655,53
1700516820,94.655,94.655,94.655,94.655,3
1700516880,94.655,94.655,94.655,94.655,2
1700516940,94.655,94.655,94.655,94.655,3
1700517000,94.655,94.655,94.655,94.655,2
1700517060,94.655,94.655,94.655,94.655,3
1700517120,94.655,94.655,94.655,94.655,2
1700517180,94.655,94.655,94.655,94.655,22
1700517240,94.66,94.66,94.655,94.655,48
1700517300,94.655,94.655,94.655,94.655,11
1700517540,94.655,94.66,94.655,94.66,12
1700521200,94.66,94.66,94.655,94.655,91
1700521260,94.66,94.66,94.66,94.66,1
1700521620,94.655,94.655,94.655,94.655,37
1700524140,94.66,94.66,94.66,94.66,76
1700526120,94.66,94.66,94.66,94.66,4
1700526420,94.66,94.66,94.66,94.66,91
1700526540,94.66,94.66,94.66,94.66,100
1700529420,94.66,94.66,94.66,94.66,7
1700529840,94.66,94.66,94.66,94.66,51
1700531580,94.66,94.66,94.66,94.66,113
1700534880,94.66,94.66,94.66,94.66,8
1700539020,94.66,94.66,94.66,94.66,12
1700541360,94.66,94.66,94.66,94.66,34
1700542920,94.66,94.66,94.66,94.66,1
1700544360,94.66,94.66,94.66,94.66,58
1700545080,94.66,94.66,94.66,94.66,149
1700545200,94.66,94.66,94.66,94.66,10
1700546220,94.66,94.66,94.66,94.66,109
1700546640,94.66,94.66,94.66,94.66,2
1700548560,94.66,94.66,94.66,94.66,106
1700548800,94.66,94.66,94.66,94.66,13
1700548860,94.66,94.66,94.66,94.66,2
1700549100,94.66,94.66,94.66,94.66,47
1700549280,94.66,94.66,94.66,94.66,31
1700549460,94.66,94.66,94.66,94.66,19
1700551920,94.66,94.66,94.66,94.66,3
1700551980,94.66,94.66,94.66,94.66,14
1700552040,94.66,94.66,94.66,94.66,19
1700552160,94.66,94.66,94.66,94.66,51
1700552220,94.66,94.66,94.66,94.66,2
1700553240,94.66,94.66,94.66,94.66,51
1700553720,94.66,94.66,94.66,94.66,22
1700553780,94.66,94.66,94.66,94.66,1
1700555280,94.66,94.66,94.66,94.66,1177
1700556000,94.66,94.66,94.66,94.66,10
1700556120,94.66,94.66,94.66,94.66,7
1700556300,94.66,94.66,94.66,94.66,208
1700556480,94.66,94.66,94.66,94.66,1
1700556840,94.66,94.66,94.66,94.66,1
1700557020,94.66,94.66,94.66,94.66,272
1700559060,94.655,94.655,94.655,94.655,2
1700559540,94.66,94.66,94.66,94.66,658
1700559600,94.66,94.66,94.66,94.66,102
1700559960,94.66,94.66,94.66,94.66,1
1700560080,94.66,94.66,94.66,94.66,5
1700560200,94.66,94.66,94.66,94.66,172
1700560440,94.66,94.66,94.66,94.66,71
1700560560,94.66,94.66,94.66,94.66,15
1700560620,94.66,94.66,94.66,94.66,51
1700560800,94.66,94.66,94.66,94.66,41
1700560920,94.66,94.66,94.66,94.66,15
1700560980,94.66,94.66,94.66,94.66,3
1700561100,94.66,94.66,94.66,94.66,41
1700561460,94.655,94.655,94.655,94.655,1
1700562060,94.66,94.66,94.66,94.66,26
1700562120,94.66,94.66,94.66,94.66,3
1700562240,94.66,94.66,94.66,94.66,1
1700562300,94.66,94.66,94.66,94.66,17
1700562720,94.66,94.66,94.66,94.66,1
1700562780,94.66,94.66,94.66,94.66,1
1700563560,94.66,94.66,94.66,94.66,5
1700563620,94.66,94.66,94.66,94.66,12
1700563980,94.66,94.66,94.66,94.66,1
1700564760,94.66,94.66,94.66,94.66,6
1700565660,94.665,94.665,94.665,94.665,150
1700567160,94.66,94.66,94.66,94.66,2
1700567280,94.66,94.66,94.66,94.66,2
1700567340,94.66,94.66,94.66,94.66,6
1700568000,94.66,94.66,94.66,94.66,13
1700568060,94.66,94.66,94.66,94.66,23
1700568300,94.66,94.66,94.66,94.66,2
1700568360,94.66,94.665,94.66,94.665,4
1700569020,94.66,94.66,94.66,94.66,4
1700569140,94.66,94.66,94.66,94.66,3
1700569320,94.66,94.66,94.66,94.66,50
1700569560,94.66,94.66,94.66,94.66,3
1700570100,94.66,94.66,94.66,94.66,1
1700570280,94.66,94.66,94.66,94.66,50
1700570400,94.66,94.66,94.66,94.66,4
1700570460,94.66,94.66,94.66,94.66,4
1700570700,94.66,94.66,94.66,94.66,1
1700570760,94.66,94.66,94.66,94.66,1
1700571660,94.66,94.66,94.66,94.66,24
1700571840,94.66,94.665,94.66,94.665,61
1700572020,94.66,94.66,94.66,94.66,1
1700572080,94.66,94.66,94.66,94.66,3
1700572320,94.66,94.66,94.66,94.66,2
1700572440,94.66,94.66,94.66,94.66,5
1700572980,94.66,94.66,94.66,94.66,124
1700573100,94.665,94.665,94.665,94.665,37
1700573160,94.66,94.66,94.66,94.66,206
1700573280,94.66,94.66,94.66,94.66,16
1700573460,94.66,94.66,94.66,94.66,50
1700573640,94.66,94.66,94.66,94.66,100
1700573820,94.66,94.66,94.66,94.66,85
1700573880,94.66,94.66,94.66,94.66,66
1700574060,94.66,94.66,94.66,94.66,2089
1700574120,94.655,94.655,94.655,94.655,10
1700574180,94.655,94.655,94.655,94.655,2
1700574240,94.655,94.655,94.655,94.655,13
1700574540,94.655,94.655,94.655,94.655,12
1700574780,94.66,94.66,94.66,94.66,25
1700574840,94.66,94.66,94.66,94.66,1
1700574900,94.655,94.655,94.655,94.655,1
1700575020,94.655,94.655,94.655,94.655,1
1700575140,94.655,94.66,94.655,94.66,34
1700575320,94.655,94.655,94.655,94.655,1
1700575380,94.66,94.66,94.66,94.66,1
1700575620,94.66,94.66,94.66,94.66,3
1700575680,94.66,94.66,94.66,94.66,121
1700575740,94.655,94.655,94.655,94.655,1
1700575800,94.66,94.66,94.66,94.66,53
1700575860,94.66,94.66,94.66,94.66,205
1700575920,94.66,94.66,94.66,94.66,27
1700575980,94.66,94.66,94.66,94.66,605
1700576220,94.66,94.66,94.66,94.66,120
1700576400,94.66,94.66,94.66,94.66,10
1700576460,94.66,94.66,94.66,94.66,12
1700576760,94.66,94.66,94.66,94.66,185
1700576820,94.66,94.66,94.66,94.66,4
1700576880,94.66,94.66,94.66,94.66,1
1700576940,94.66,94.66,94.66,94.66,27
1700577000,94.66,94.66,94.66,94.66,39
1700577660,94.655,94.655,94.655,94.655,1
1700577720,94.66,94.66,94.66,94.66,4
1700578200,94.66,94.66,94.66,94.66,25
1700578500,94.66,94.66,94.66,94.66,3
1700578740,94.66,94.66,94.66,94.66,1
1700578800,94.66,94.66,94.66,94.66,2192
1700578920,94.66,94.665,94.66,94.665,2
1700579040,94.66,94.66,94.66,94.66,1
1700579100,94.66,94.66,94.66,94.66,40
1700579220,94.66,94.66,94.66,94.66,4
1700579280,94.66,94.66,94.66,94.66,2
1700579340,94.66,94.66,94.66,94.66,53
1700579460,94.665,94.665,94.665,94.665,1
1700579640,94.66,94.66,94.66,94.66,1
1700579820,94.66,94.66,94.66,94.66,25
1700579880,94.665,94.665,94.66,94.66,44
1700580060,94.66,94.66,94.66,94.66,217
1700580120,94.66,94.66,94.66,94.66,4
1700580180,94.66,94.66,94.66,94.66,39
1700580360,94.66,94.66,94.66,94.66,41
1700580420,94.66,94.66,94.66,94.66,10
1700580480,94.665,94.665,94.665,94.665,1
1700580540,94.66,94.66,94.66,94.66,1
1700580600,94.66,94.66,94.66,94.66,158
1700580720,94.66,94.66,94.66,94.66,514
1700580780,94.66,94.66,94.66,94.66,10
1700580840,94.665,94.665,94.66,94.66,2
1700580900,94.66,94.66,94.66,94.66,951
1700580960,94.66,94.66,94.66,94.66,79
1700581020,94.66,94.66,94.66,94.66,41
1700581080,94.66,94.66,94.66,94.66,42
1700581140,94.66,94.66,94.66,94.66,91
1700581380,94.66,94.66,94.66,94.66,506
1700581560,94.66,94.66,94.66,94.66,246
1700581620,94.66,94.66,94.66,94.66,39
1700581680,94.66,94.66,94.66,94.66,8
1700581740,94.66,94.66,94.66,94.66,16
1700581800,94.66,94.66,94.66,94.66,4
1700581860,94.66,94.66,94.66,94.66,4
1700581920,94.66,94.66,94.66,94.66,7
1700581980,94.66,94.66,94.66,94.66,4
1700582100,94.66,94.66,94.66,94.66,255
1700582160,94.66,94.66,94.66,94.66,31
1700582460,94.655,94.655,94.655,94.655,79
1700582520,94.655,94.655,94.655,94.655,8
1700582700,94.66,94.66,94.66,94.66,17
1700582760,94.66,94.66,94.66,94.66,1
1700582820,94.66,94.66,94.66,94.66,991
1700582940,94.66,94.66,94.66,94.66,83
1700583060,94.66,94.66,94.66,94.66,84
1700583120,94.66,94.66,94.66,94.66,1
1700583180,94.66,94.66,94.66,94.66,251
1700583240,94.66,94.66,94.66,94.66,43
1700583300,94.66,94.66,94.655,94.655,264
1700583360,94.655,94.655,94.655,94.655,227
1700583420,94.66,94.66,94.66,94.66,2
1700583600,94.66,94.66,94.66,94.66,5
1700583660,94.66,94.66,94.66,94.66,1
1700583720,94.655,94.655,94.655,94.655,20
1700583780,94.66,94.66,94.66,94.66,23
1700583900,94.66,94.66,94.655,94.655,158
1700584080,94.66,94.66,94.66,94.66,100
1700584140,94.655,94.655,94.655,94.655,196
1700584200,94.66,94.66,94.655,94.655,151
1700584440,94.655,94.655,94.655,94.655,30
1700584620,94.655,94.655,94.655,94.655,387
1700584680,94.66,94.66,94.655,94.66,1226
1700584920,94.66,94.66,94.66,94.66,1
1700585040,94.66,94.66,94.66,94.66,60
1700585160,94.655,94.655,94.655,94.655,53
1700585280,94.655,94.655,94.655,94.655,7
1700585880,94.655,94.655,94.655,94.655,1
1700586000,94.66,94.66,94.66,94.66,1
1700586120,94.655,94.655,94.655,94.655,37
1700586180,94.66,94.66,94.66,94.66,1
1700586360,94.655,94.655,94.655,94.655,4
1700586660,94.655,94.655,94.655,94.655,3
1700586720,94.655,94.655,94.655,94.655,5
1700586780,94.655,94.655,94.655,94.655,4
1700587080,94.66,94.66,94.66,94.66,1
1700587200,94.66,94.66,94.66,94.66,1
1700587380,94.655,94.655,94.655,94.655,1
1700587620,94.66,94.66,94.66,94.66,4
1700587680,94.66,94.66,94.655,94.655,2008
1700587740,94.655,94.655,94.655,94.655,37
1700587800,94.655,94.655,94.655,94.655,5
1700587860,94.655,94.655,94.655,94.655,9
1700587920,94.655,94.655,94.655,94.655,266
1700588460,94.655,94.655,94.655,94.655,16
1700588640,94.655,94.655,94.655,94.655,119
1700588700,94.655,94.655,94.655,94.655,6
1700588880,94.655,94.66,94.655,94.655,959
1700588940,94.655,94.655,94.655,94.655,102
1700589000,94.655,94.655,94.655,94.655,50
1700589060,94.655,94.655,94.655,94.655,1
1700589180,94.655,94.655,94.655,94.655,194
1700589240,94.655,94.655,94.655,94.655,8
1700589300,94.655,94.655,94.655,94.655,6
1700589360,94.655,94.655,94.655,94.655,1
1700589420,94.655,94.655,94.655,94.655,12
1700589540,94.655,94.655,94.655,94.655,225
1700589600,94.655,94.655,94.655,94.655,829
1700589660,94.655,94.655,94.655,94.655,35
1700589720,94.655,94.655,94.655,94.655,7
1700589960,94.655,94.655,94.655,94.655,2
1700590200,94.655,94.655,94.655,94.655,31
1700590560,94.65,94.65,94.65,94.65,70
1700590620,94.655,94.655,94.655,94.655,1
1700590920,94.655,94.655,94.655,94.655,8
1700591040,94.655,94.655,94.655,94.655,1
1700591280,94.65,94.65,94.65,94.65,11
1700591580,94.655,94.655,94.655,94.655,1
1700591700,94.655,94.655,94.655,94.655,1
1700591760,94.65,94.65,94.65,94.65,1
1700591880,94.655,94.655,94.655,94.655,499
1700591940,94.655,94.655,94.655,94.655,1
1700592000,94.65,94.655,94.65,94.655,2
1700592180,94.65,94.65,94.65,94.65,9
1700592300,94.65,94.65,94.65,94.65,5
1700592360,94.65,94.65,94.65,94.65,1
1700592420,94.65,94.65,94.65,94.65,1
1700592540,94.655,94.655,94.65,94.65,76
1700592660,94.65,94.65,94.65,94.65,197
1700592780,94.65,94.65,94.65,94.65,49
1700592840,94.655,94.655,94.65,94.655,53
1700592900,94.655,94.655,94.655,94.655,1
1700592960,94.65,94.65,94.65,94.65,79
1700593080,94.655,94.655,94.655,94.655,18
1700593140,94.65,94.655,94.65,94.655,94
1700593260,94.655,94.655,94.655,94.655,36
1700593320,94.655,94.655,94.655,94.655,17
1700593380,94.655,94.655,94.655,94.655,1
1700593440,94.655,94.655,94.655,94.655,2
1700593500,94.655,94.655,94.655,94.655,50
1700593740,94.655,94.655,94.655,94.655,1
1700593800,94.655,94.655,94.655,94.655,1
1700593860,94.655,94.655,94.655,94.655,50
1700593980,94.655,94.655,94.655,94.655,190
1700594040,94.655,94.655,94.655,94.655,739
1700594100,94.655,94.655,94.655,94.655,4
1700594160,94.655,94.655,94.655,94.655,1
1700594220,94.655,94.655,94.655,94.655,138
1700594280,94.655,94.655,94.655,94.655,3
1700594460,94.66,94.66,94.66,94.66,1
1700594880,94.655,94.655,94.655,94.655,9
1700594940,94.655,94.655,94.655,94.655,2
1700595000,94.655,94.655,94.655,94.655,21
1700595060,94.655,94.655,94.655,94.655,1
1700595120,94.655,94.655,94.655,94.655,1
1700595360,94.655,94.655,94.655,94.655,1120
1700595480,94.655,94.655,94.655,94.655,177
1700595960,94.65,94.65,94.65,94.65,3
1700596020,94.655,94.655,94.655,94.655,229
1700596080,94.655,94.655,94.655,94.655,81
1700596140,94.655,94.655,94.655,94.655,12
1700596800,94.655,94.655,94.655,94.655,2
1700596860,94.655,94.655,94.655,94.655,318
1700596980,94.66,94.66,94.66,94.66,9
1700597100,94.655,94.655,94.655,94.655,119
1700597160,94.66,94.66,94.66,94.66,1
1700597940,94.66,94.66,94.66,94.66,1
1700598900,94.655,94.655,94.655,94.655,3
1700600280,94.655,94.655,94.655,94.655,1
1700600340,94.66,94.66,94.66,94.66,1
1700601060,94.655,94.655,94.655,94.655,10
1700601120,94.655,94.655,94.655,94.655,13
1700601180,94.655,94.655,94.655,94.655,15
1700601240,94.655,94.655,94.655,94.655,7
1700601300,94.655,94.655,94.655,94.655,7
1700601420,94.655,94.655,94.655,94.655,14
1700601480,94.655,94.655,94.655,94.655,1
1700601540,94.655,94.655,94.655,94.655,502
1700601960,94.655,94.66,94.655,94.66,88
1700602200,94.655,94.655,94.655,94.655,1
1700602320,94.655,94.655,94.655,94.655,3
1700603160,94.655,94.655,94.655,94.655,415
1700603400,94.655,94.655,94.655,94.655,84
1700603460,94.655,94.655,94.655,94.655,46
1700603580,94.655,94.655,94.655,94.655,1
1700603700,94.655,94.655,94.655,94.655,1
1700603760,94.655,94.655,94.655,94.655,1
1700603880,94.655,94.655,94.655,94.655,1
1700603940,94.655,94.655,94.655,94.655,2
1700607600,94.655,94.655,94.655,94.655,10
1700607780,94.655,94.655,94.655,94.655,1
1700611560,94.655,94.655,94.655,94.655,8
1700617020,94.655,94.655,94.655,94.655,600
1700617980,94.655,94.655,94.655,94.655,82
1700619300,94.655,94.655,94.655,94.655,144
1700633640,94.655,94.655,94.655,94.655,1239
1700633880,94.655,94.655,94.655,94.655,321
1700633940,94.655,94.655,94.655,94.655,92
1700634420,94.655,94.655,94.655,94.655,9
1700634720,94.655,94.655,94.655,94.655,12
1700634900,94.655,94.655,94.655,94.655,173
1700634960,94.655,94.655,94.655,94.655,1
1700635500,94.655,94.655,94.655,94.655,1
1700635980,94.655,94.655,94.655,94.655,18
1700636820,94.655,94.655,94.655,94.655,1
1700638800,94.655,94.655,94.655,94.655,1
1700640180,94.655,94.655,94.655,94.655,1
1700640240,94.655,94.655,94.655,94.655,2
1700640300,94.655,94.655,94.655,94.655,1
1700640540,94.655,94.655,94.655,94.655,2
1700640840,94.655,94.655,94.655,94.655,1
1700641020,94.655,94.655,94.655,94.655,1
1700641080,94.655,94.655,94.655,94.655,30
1700641380,94.655,94.655,94.655,94.655,2
1700641440,94.655,94.655,94.655,94.655,1
1700641620,94.655,94.655,94.655,94.655,1
1700641800,94.655,94.655,94.655,94.655,2
1700641860,94.655,94.655,94.655,94.655,109
1700642160,94.655,94.655,94.655,94.655,1
1700642280,94.655,94.655,94.655,94.655,81
1700642460,94.655,94.655,94.655,94.655,25
1700642580,94.655,94.655,94.655,94.655,75
1700642880,94.655,94.655,94.655,94.655,2
1700643060,94.655,94.655,94.655,94.655,76
1700643360,94.655,94.655,94.655,94.655,11
1700643660,94.655,94.655,94.655,94.655,1
1700644380,94.655,94.655,94.655,94.655,2
1700644620,94.655,94.655,94.655,94.655,1
1700644860,94.655,94.655,94.655,94.655,2
1700645040,94.655,94.655,94.655,94.655,9
1700645280,94.655,94.655,94.655,94.655,21
1700645400,94.655,94.655,94.655,94.655,3
1700645460,94.655,94.655,94.655,94.655,95
1700645880,94.655,94.655,94.655,94.655,8
1700646120,94.655,94.655,94.655,94.655,1
1700646180,94.655,94.655,94.655,94.655,1
1700646240,94.655,94.655,94.655,94.655,1
1700646960,94.655,94.655,94.655,94.655,2
1700647380,94.655,94.655,94.655,94.655,2
1700647560,94.655,94.655,94.655,94.655,2
1700647800,94.655,94.655,94.655,94.655,1
1700648100,94.655,94.655,94.655,94.655,20
1700648340,94.655,94.655,94.655,94.655,23
1700648520,94.655,94.655,94.655,94.655,1
1700648580,94.655,94.655,94.655,94.655,2
1700648760,94.655,94.655,94.655,94.655,2
1700649060,94.655,94.655,94.655,94.655,1
1700649300,94.655,94.655,94.655,94.655,1
1700649540,94.655,94.655,94.655,94.655,13
1700649660,94.655,94.655,94.655,94.655,15
1700649780,94.655,94.655,94.655,94.655,1
1700649840,94.655,94.655,94.655,94.655,1
1700649900,94.655,94.655,94.655,94.655,5
1700649960,94.655,94.655,94.655,94.655,102
1700650020,94.655,94.655,94.655,94.655,1
1700650260,94.655,94.655,94.655,94.655,21
1700650380,94.655,94.655,94.655,94.655,14
1700650440,94.655,94.655,94.655,94.655,1
1700650500,94.655,94.655,94.655,94.655,5
1700651100,94.655,94.655,94.655,94.655,1
1700652120,94.655,94.66,94.655,94.655,7
1700652180,94.655,94.655,94.655,94.655,6
1700652900,94.655,94.655,94.655,94.655,270
1700654280,94.655,94.655,94.655,94.655,3
1700654580,94.655,94.655,94.655,94.655,68
1700655660,94.655,94.655,94.655,94.655,28
1700655720,94.655,94.655,94.655,94.655,25
1700655780,94.655,94.655,94.655,94.655,3
1700656020,94.655,94.655,94.655,94.655,1
1700656080,94.655,94.655,94.655,94.655,21
1700656440,94.655,94.655,94.655,94.655,38
1700656920,94.66,94.66,94.66,94.66,156
1700657220,94.655,94.655,94.655,94.655,1
1700657340,94.66,94.66,94.66,94.66,146
1700657400,94.66,94.66,94.66,94.66,21
1700657700,94.655,94.655,94.655,94.655,232
1700657760,94.655,94.655,94.655,94.655,4
1700658000,94.655,94.655,94.655,94.655,195
1700658120,94.655,94.655,94.655,94.655,75
1700658360,94.66,94.66,94.66,94.66,1
1700658480,94.655,94.655,94.655,94.655,3
1700658720,94.655,94.655,94.655,94.655,12
1700658780,94.655,94.655,94.655,94.655,20
1700658960,94.655,94.655,94.655,94.655,44
1700659020,94.655,94.66,94.655,94.66,421
1700659080,94.66,94.66,94.66,94.66,1909
1700659140,94.66,94.66,94.66,94.66,386
1700659200,94.66,94.66,94.66,94.66,210
1700659320,94.66,94.66,94.66,94.66,100
1700659380,94.655,94.655,94.655,94.655,2
1700659440,94.655,94.655,94.655,94.655,6
1700659620,94.655,94.655,94.655,94.655,2
1700659680,94.655,94.655,94.655,94.655,246
1700659740,94.655,94.655,94.655,94.655,464
1700659800,94.655,94.655,94.65,94.655,2384
1700659860,94.655,94.655,94.655,94.655,509
1700659920,94.655,94.655,94.65,94.655,2465
1700659980,94.655,94.655,94.655,94.655,16
1700660040,94.655,94.655,94.65,94.655,558
1700660100,94.65,94.655,94.65,94.655,865
1700660400,94.65,94.65,94.65,94.65,294
1700660460,94.65,94.65,94.65,94.65,88
1700660520,94.65,94.65,94.65,94.65,304
1700660580,94.65,94.65,94.65,94.65,12
1700660640,94.65,94.65,94.65,94.65,3
1700660820,94.65,94.65,94.65,94.65,1376
1700661000,94.65,94.65,94.65,94.65,13
1700661060,94.65,94.65,94.65,94.65,19
1700661120,94.65,94.65,94.65,94.65,44
1700661240,94.65,94.65,94.65,94.65,111
1700661360,94.65,94.65,94.65,94.65,227
1700661420,94.65,94.65,94.65,94.65,1
1700661480,94.65,94.65,94.65,94.65,13
1700661540,94.65,94.65,94.65,94.65,3
1700661720,94.65,94.65,94.65,94.65,2
1700661840,94.65,94.65,94.65,94.65,4
1700661960,94.655,94.655,94.655,94.655,1
1700662020,94.65,94.65,94.65,94.65,43
1700662140,94.655,94.655,94.65,94.65,4
1700662200,94.655,94.655,94.655,94.655,1
1700662260,94.655,94.655,94.655,94.655,1
1700662320,94.65,94.655,94.65,94.655,9
1700662440,94.65,94.65,94.65,94.65,4
1700662500,94.65,94.65,94.65,94.65,83
1700662560,94.655,94.655,94.655,94.655,2
1700662680,94.655,94.655,94.65,94.65,74
1700662740,94.65,94.65,94.65,94.65,16
1700662860,94.655,94.655,94.65,94.65,36
1700663040,94.65,94.655,94.65,94.655,3
1700663160,94.65,94.65,94.65,94.65,6
1700663220,94.655,94.655,94.65,94.65,7
1700663340,94.65,94.65,94.65,94.65,5
1700663400,94.655,94.655,94.65,94.65,10
1700663520,94.65,94.65,94.65,94.65,2
1700663580,94.655,94.655,94.655,94.655,3
1700663640,94.65,94.65,94.65,94.65,34
1700663700,94.65,94.65,94.65,94.65,5
1700663760,94.65,94.655,94.65,94.655,2
1700663820,94.65,94.65,94.65,94.65,2
1700663880,94.655,94.655,94.655,94.655,2
1700663940,94.65,94.65,94.65,94.65,47
1700664000,94.655,94.655,94.65,94.65,9
1700664060,94.65,94.65,94.65,94.65,34
1700664120,94.65,94.655,94.65,94.65,40
1700664180,94.65,94.65,94.65,94.65,5
1700664240,94.65,94.655,94.65,94.65,425
1700664300,94.65,94.655,94.65,94.655,5
1700664360,94.65,94.65,94.65,94.65,13
1700664420,94.65,94.65,94.65,94.65,6
1700664480,94.655,94.655,94.65,94.65,35
1700664540,94.65,94.65,94.65,94.65,2
1700664600,94.655,94.655,94.65,94.65,13
1700664660,94.65,94.655,94.65,94.65,11
1700664720,94.65,94.65,94.65,94.65,6
1700664780,94.65,94.655,94.65,94.655,6
1700664840,94.65,94.65,94.65,94.65,58
1700664900,94.65,94.655,94.65,94.655,4
1700665020,94.65,94.65,94.65,94.65,203
1700665080,94.65,94.65,94.65,94.65,20
1700665140,94.655,94.655,94.65,94.65,96
1700665200,94.65,94.65,94.65,94.65,3386
1700665260,94.645,94.645,94.645,94.645,55
1700665320,94.645,94.645,94.645,94.645,1
1700665380,94.645,94.65,94.645,94.645,505
1700665440,94.645,94.645,94.645,94.645,1707
1700665560,94.645,94.65,94.645,94.65,3
1700665620,94.645,94.645,94.645,94.645,13
1700665680,94.645,94.65,94.645,94.65,14
1700665740,94.645,94.645,94.645,94.645,390
1700665800,94.645,94.645,94.645,94.645,1100
1700665860,94.645,94.645,94.645,94.645,41
1700665920,94.645,94.645,94.645,94.645,2716
1700666040,94.645,94.645,94.645,94.645,156
1700666280,94.645,94.645,94.64,94.645,8
1700666340,94.64,94.64,94.64,94.64,4
1700666400,94.64,94.64,94.64,94.64,51
1700666460,94.64,94.64,94.64,94.64,207
1700666520,94.645,94.645,94.64,94.64,3
1700666580,94.64,94.645,94.64,94.64,838
1700666700,94.64,94.64,94.64,94.64,5
1700666760,94.645,94.645,94.645,94.645,1
1700666820,94.64,94.64,94.64,94.64,307
1700666880,94.64,94.64,94.64,94.64,261
1700666940,94.64,94.64,94.64,94.64,12
1700667000,94.64,94.64,94.64,94.64,6
1700667060,94.645,94.645,94.64,94.64,4
1700667120,94.64,94.64,94.64,94.64,18
1700667180,94.64,94.64,94.64,94.64,21
1700667240,94.64,94.645,94.64,94.645,4
1700667360,94.645,94.645,94.64,94.64,67
1700667420,94.64,94.64,94.64,94.64,49
1700667480,94.64,94.64,94.64,94.64,150
1700667540,94.64,94.645,94.64,94.64,15
1700667660,94.645,94.645,94.645,94.645,1
1700667720,94.64,94.64,94.64,94.64,1
1700667780,94.64,94.645,94.64,94.64,205
1700667900,94.64,94.64,94.64,94.64,204
1700667960,94.64,94.645,94.64,94.64,7
1700668020,94.64,94.645,94.64,94.64,139
1700668080,94.64,94.64,94.64,94.64,49
1700668140,94.64,94.64,94.64,94.64,106
1700668200,94.645,94.645,94.645,94.645,1
1700668260,94.64,94.645,94.64,94.645,76
1700668320,94.645,94.645,94.64,94.645,381
1700668560,94.645,94.645,94.64,94.64,236
1700668620,94.64,94.64,94.64,94.64,394
1700668680,94.64,94.645,94.64,94.645,60
1700668740,94.64,94.645,94.64,94.645,260
1700668800,94.645,94.645,94.645,94.645,2
1700668860,94.645,94.645,94.645,94.645,4
1700668920,94.64,94.645,94.64,94.64,64
1700669040,94.645,94.645,94.64,94.64,7
1700669100,94.64,94.64,94.64,94.64,27
1700669160,94.645,94.645,94.645,94.645,3
1700669220,94.645,94.645,94.64,94.64,6
1700669280,94.64,94.64,94.64,94.64,32
1700669340,94.64,94.645,94.64,94.64,52
1700669400,94.64,94.645,94.64,94.64,68
1700669460,94.64,94.64,94.64,94.64,10
1700669520,94.64,94.64,94.64,94.64,46
1700669580,94.645,94.645,94.64,94.645,157
1700669700,94.64,94.645,94.64,94.645,1288
1700669760,94.645,94.645,94.64,94.64,2973
1700669820,94.64,94.64,94.64,94.64,1026
1700669880,94.64,94.645,94.64,94.64,8
1700669940,94.64,94.64,94.64,94.64,12
1700670000,94.64,94.64,94.64,94.64,31
1700670060,94.64,94.64,94.64,94.64,318
1700670120,94.64,94.64,94.64,94.64,1495
1700670180,94.64,94.64,94.64,94.64,652
1700670240,94.64,94.64,94.64,94.64,116
1700670300,94.635,94.64,94.635,94.64,13
1700670360,94.64,94.64,94.64,94.64,20
1700670420,94.64,94.645,94.64,94.64,8
1700670480,94.64,94.64,94.64,94.64,50
1700670540,94.64,94.64,94.64,94.64,2
1700670600,94.645,94.645,94.64,94.64,8
1700670660,94.64,94.64,94.64,94.64,2
1700670720,94.64,94.64,94.64,94.64,231
1700670780,94.645,94.645,94.64,94.64,32
1700670840,94.64,94.64,94.64,94.64,3
1700670900,94.64,94.645,94.64,94.645,28
1700670960,94.64,94.64,94.64,94.64,27
1700671020,94.64,94.64,94.64,94.64,27
1700671080,94.64,94.645,94.64,94.645,29
1700671140,94.64,94.64,94.64,94.64,27
1700671200,94.64,94.64,94.64,94.64,27
1700671260,94.64,94.645,94.64,94.645,29
1700671320,94.64,94.64,94.64,94.64,26
1700671380,94.64,94.645,94.64,94.64,27
1700671440,94.64,94.645,94.64,94.645,11
1700671500,94.64,94.64,94.64,94.64,49
1700671560,94.64,94.64,94.64,94.64,1
1700671620,94.64,94.645,94.64,94.64,12
1700671680,94.64,94.64,94.64,94.64,114
1700671740,94.64,94.64,94.64,94.64,10
1700671800,94.64,94.645,94.64,94.64,65
1700671860,94.64,94.645,94.64,94.64,20
1700671920,94.64,94.64,94.64,94.64,3
1700671980,94.645,94.645,94.64,94.64,282
1700672040,94.64,94.64,94.64,94.64,190
1700672100,94.64,94.64,94.64,94.64,474
1700672160,94.64,94.64,94.64,94.64,3
1700672280,94.64,94.645,94.64,94.645,443
1700672340,94.64,94.645,94.64,94.64,78
1700672400,94.64,94.645,94.64,94.64,24
1700672460,94.64,94.645,94.64,94.64,72
1700672520,94.64,94.64,94.64,94.64,5
1700672580,94.64,94.64,94.64,94.64,44
1700672640,94.64,94.645,94.64,94.645,6
1700672700,94.64,94.64,94.64,94.64,307
1700672820,94.64,94.64,94.64,94.64,3
1700673000,94.64,94.64,94.64,94.64,253
1700673180,94.64,94.64,94.64,94.64,4
1700673300,94.64,94.64,94.64,94.64,7
1700673360,94.64,94.64,94.64,94.64,1180
1700673420,94.64,94.64,94.64,94.64,39
1700673480,94.64,94.64,94.64,94.64,67
1700673540,94.64,94.64,94.64,94.64,3
1700673600,94.64,94.64,94.64,94.64,21
1700673660,94.645,94.645,94.64,94.64,3
1700673780,94.64,94.64,94.64,94.64,32
1700673840,94.64,94.645,94.64,94.645,6
1700673900,94.64,94.64,94.64,94.64,5
1700673960,94.64,94.64,94.64,94.64,44
1700674020,94.64,94.64,94.64,94.64,34
1700674080,94.64,94.64,94.64,94.64,56
1700674140,94.64,94.64,94.64,94.64,83
1700674200,94.64,94.645,94.64,94.64,33
1700674260,94.64,94.64,94.64,94.64,3
1700674320,94.64,94.64,94.64,94.64,11
1700674380,94.64,94.645,94.64,94.64,6
1700674440,94.64,94.64,94.64,94.64,11
1700674500,94.64,94.64,94.64,94.64,4
1700674560,94.645,94.645,94.64,94.64,8
1700674620,94.64,94.64,94.64,94.64,69
1700674680,94.645,94.645,94.64,94.645,72
1700674740,94.64,94.64,94.64,94.64,46
1700674800,94.64,94.64,94.64,94.64,3
1700674860,94.64,94.64,94.64,94.64,1191
1700675160,94.64,94.64,94.64,94.64,3
1700675220,94.64,94.64,94.64,94.64,2
1700675460,94.64,94.64,94.64,94.64,1
1700675580,94.635,94.635,94.635,94.635,3
1700675640,94.635,94.635,94.635,94.635,1
1700675700,94.635,94.64,94.635,94.64,2
1700675820,94.64,94.64,94.64,94.64,1
1700675940,94.64,94.64,94.64,94.64,1
1700676180,94.64,94.64,94.64,94.64,1
1700676240,94.64,94.64,94.64,94.64,1
1700676300,94.635,94.635,94.635,94.635,21
1700676420,94.635,94.635,94.635,94.635,4
1700676480,94.64,94.64,94.635,94.635,16
1700676540,94.64,94.64,94.64,94.64,25
1700676600,94.635,94.635,94.635,94.635,26
1700676660,94.64,94.64,94.64,94.64,4
1700676720,94.64,94.64,94.635,94.635,71
1700676780,94.635,94.635,94.635,94.635,16
1700676840,94.64,94.64,94.64,94.64,3
1700676960,94.64,94.64,94.64,94.64,1
1700677020,94.64,94.64,94.64,94.64,4
1700677080,94.64,94.64,94.64,94.64,1
1700677140,94.635,94.64,94.635,94.64,36
1700677200,94.635,94.64,94.635,94.64,66
1700677320,94.64,94.64,94.64,94.64,4
1700677440,94.64,94.64,94.64,94.64,1
1700677500,94.64,94.64,94.64,94.64,4
1700677680,94.64,94.64,94.64,94.64,4
1700677740,94.64,94.64,94.64,94.64,1
1700677920,94.635,94.635,94.635,94.635,1000
1700677980,94.64,94.64,94.635,94.635,8
1700678040,94.64,94.64,94.64,94.64,1
1700678220,94.64,94.64,94.64,94.64,1
1700678460,94.64,94.64,94.64,94.64,1
1700678700,94.64,94.64,94.64,94.64,1
1700679000,94.64,94.64,94.64,94.64,1
1700679240,94.64,94.64,94.64,94.64,1
1700679360,94.635,94.635,94.635,94.635,85
1700679420,94.64,94.64,94.635,94.635,63
1700679480,94.64,94.64,94.64,94.64,1
1700679540,94.635,94.635,94.635,94.635,500
1700679660,94.635,94.635,94.635,94.635,1
1700679720,94.635,94.64,94.635,94.64,3
1700680020,94.64,94.64,94.64,94.64,1226
1700680080,94.64,94.64,94.64,94.64,1
1700680260,94.64,94.64,94.64,94.64,1
1700680320,94.64,94.64,94.64,94.64,77
1700680500,94.64,94.64,94.64,94.64,1
1700680740,94.64,94.64,94.64,94.64,1
1700680860,94.64,94.64,94.64,94.64,5
1700680980,94.64,94.64,94.64,94.64,4
1700681100,94.64,94.64,94.64,94.64,879
1700681160,94.64,94.64,94.64,94.64,56
1700681220,94.64,94.645,94.64,94.645,6
1700681280,94.645,94.645,94.645,94.645,1
1700681340,94.64,94.645,94.64,94.645,25
1700681460,94.645,94.645,94.645,94.645,4
1700681520,94.645,94.645,94.64,94.645,6
1700681580,94.64,94.64,94.64,94.64,31
1700681640,94.645,94.645,94.645,94.645,3
1700681700,94.64,94.64,94.64,94.64,1
1700681760,94.645,94.645,94.64,94.645,7
1700681820,94.64,94.645,94.64,94.645,5
1700681880,94.64,94.64,94.64,94.64,1
1700681940,94.645,94.645,94.645,94.645,5
1700682000,94.64,94.645,94.64,94.645,4
1700682060,94.64,94.645,94.64,94.645,6
1700682240,94.645,94.645,94.64,94.64,5
1700682300,94.645,94.645,94.64,94.64,2
1700682360,94.645,94.645,94.64,94.64,29
1700682420,94.64,94.64,94.64,94.64,8
1700682480,94.64,94.645,94.64,94.645,12
1700682540,94.645,94.645,94.64,94.64,2
1700682600,94.64,94.64,94.64,94.64,2
1700682660,94.645,94.645,94.645,94.645,3
1700682720,94.64,94.645,94.64,94.645,6
1700682780,94.645,94.645,94.64,94.64,2
1700682840,94.645,94.645,94.645,94.645,11
1700682900,94.64,94.64,94.64,94.64,1
1700682960,94.645,94.645,94.64,94.64,16
1700683020,94.64,94.645,94.64,94.645,7
1700683080,94.64,94.64,94.64,94.64,2
1700683140,94.64,94.645,94.64,94.64,25
1700683200,94.64,94.64,94.64,94.64,10
1700683260,94.645,94.645,94.645,94.645,4
1700683380,94.645,94.645,94.645,94.645,4
1700683440,94.645,94.645,94.645,94.645,1
1700683500,94.645,94.645,94.645,94.645,3
1700683560,94.645,94.645,94.64,94.645,9
1700683620,94.64,94.64,94.64,94.64,2
1700683680,94.645,94.645,94.645,94.645,3
1700683740,94.64,94.64,94.64,94.64,25
1700683800,94.645,94.645,94.645,94.645,4
1700683860,94.645,94.645,94.645,94.645,3
1700683980,94.645,94.645,94.645,94.645,4
1700684040,94.645,94.645,94.645,94.645,1
1700684100,94.645,94.645,94.645,94.645,5
1700684160,94.64,94.64,94.64,94.64,1
1700684220,94.64,94.645,94.64,94.645,108
1700684280,94.645,94.645,94.645,94.645,1
1700684340,94.64,94.64,94.64,94.64,1
1700684400,94.645,94.645,94.645,94.645,3
1700684460,94.645,94.645,94.645,94.645,4
1700684520,94.64,94.645,94.64,94.645,107
1700684580,94.64,94.645,94.64,94.645,5
1700684640,94.64,94.64,94.64,94.64,29
1700684700,94.645,94.645,94.645,94.645,5
1700684760,94.64,94.64,94.64,94.64,64
1700684820,94.645,94.645,94.64,94.64,22
1700684940,94.64,94.64,94.64,94.64,1
1700685000,94.645,94.645,94.645,94.645,3
1700685060,94.645,94.645,94.645,94.645,5
1700685120,94.64,94.64,94.64,94.64,1053
1700685180,94.64,94.645,94.64,94.64,65
1700685240,94.64,94.64,94.64,94.64,580
1700685300,94.645,94.645,94.645,94.645,5
1700685420,94.645,94.645,94.645,94.645,5
1700685540,94.645,94.645,94.645,94.645,1
1700685600,94.645,94.645,94.645,94.645,5
1700685660,94.64,94.64,94.64,94.64,2
1700685720,94.64,94.645,94.64,94.645,9
1700685840,94.645,94.645,94.645,94.645,1
1700685900,94.645,94.645,94.64,94.64,13
1700685960,94.645,94.645,94.645,94.645,4
1700686080,94.645,94.645,94.64,94.645,9
1700686200,94.645,94.645,94.645,94.645,3
1700686260,94.64,94.64,94.64,94.64,3
1700686320,94.645,94.645,94.64,94.64,8
1700686560,94.645,94.645,94.645,94.645,1
1700686680,94.64,94.64,94.64,94.64,1
1700686740,94.64,94.645,94.64,94.645,3
1700686800,94.64,94.645,94.64,94.645,18
1700687100,94.645,94.645,94.645,94.645,1
1700687220,94.645,94.645,94.645,94.645,8
1700687340,94.645,94.645,94.64,94.64,2
1700687460,94.645,94.645,94.64,94.64,11
1700687520,94.64,94.64,94.64,94.64,90
1700687580,94.645,94.645,94.64,94.64,10
1700687700,94.645,94.645,94.645,94.645,9
1700687820,94.645,94.645,94.645,94.645,8
1700687880,94.645,94.645,94.645,94.645,6
1700687940,94.645,94.645,94.645,94.645,2
1700688000,94.645,94.645,94.645,94.645,8
1700688060,94.64,94.64,94.64,94.64,1
1700688120,94.645,94.645,94.645,94.645,9
1700688240,94.645,94.645,94.64,94.645,10
1700688360,94.645,94.645,94.645,94.645,8
1700688480,94.645,94.645,94.645,94.645,9
1700688600,94.645,94.645,94.645,94.645,9
1700688660,94.64,94.64,94.64,94.64,9
1700688720,94.645,94.645,94.645,94.645,9
1700688780,94.64,94.645,94.64,94.645,7
1700688840,94.64,94.645,94.64,94.645,6
1700688900,94.645,94.645,94.645,94.645,6
1700688960,94.645,94.645,94.64,94.64,345
1700689020,94.64,94.645,94.64,94.645,74
1700689140,94.645,94.645,94.645,94.645,8
1700689260,94.645,94.645,94.645,94.645,9
1700689380,94.645,94.645,94.645,94.645,8
1700689440,94.645,94.645,94.645,94.645,8
1700689620,94.645,94.645,94.645,94.645,1
1700689860,94.645,94.645,94.645,94.645,1
1700690100,94.645,94.645,94.645,94.645,1
1700690280,94.64,94.64,94.64,94.64,1
1700690340,94.64,94.64,94.64,94.64,99
1700694000,94.64,94.64,94.64,94.64,197
1700694060,94.64,94.64,94.64,94.64,15
1700694120,94.64,94.64,94.64,94.64,3
1700694180,94.64,94.64,94.64,94.64,2
1700694240,94.64,94.64,94.64,94.64,1
1700696640,94.64,94.64,94.64,94.64,5
1700697540,94.64,94.64,94.64,94.64,9
1700708820,94.64,94.64,94.64,94.64,82
1700715660,94.64,94.64,94.64,94.64,9
1700726400,94.64,94.64,94.64,94.64,20
1700727360,94.64,94.64,94.64,94.64,15
1700727780,94.645,94.645,94.645,94.645,1
1700728140,94.64,94.64,94.64,94.64,1
1700728200,94.64,94.64,94.64,94.64,29
1700729100,94.64,94.64,94.64,94.64,5
1700730300,94.64,94.64,94.64,94.64,5
1700733960,94.64,94.64,94.64,94.64,41
1700734140,94.64,94.64,94.64,94.64,3
1700734440,94.64,94.64,94.64,94.64,46
1700734500,94.64,94.64,94.64,94.64,205
1700734560,94.64,94.64,94.64,94.64,15
1700734620,94.64,94.64,94.64,94.64,5
1700734680,94.64,94.64,94.64,94.64,1
1700734800,94.64,94.64,94.64,94.64,1
1700735220,94.64,94.64,94.64,94.64,44
1700735400,94.64,94.64,94.64,94.64,872
1700735520,94.64,94.64,94.64,94.64,16
1700735760,94.64,94.64,94.64,94.64,2
1700736300,94.64,94.64,94.64,94.64,100
1700736780,94.635,94.635,94.635,94.635,14
1700739000,94.635,94.635,94.635,94.635,11
1700739600,94.635,94.635,94.635,94.635,350
1700742000,94.64,94.64,94.64,94.64,771
1700742540,94.64,94.645,94.64,94.645,208
1700742600,94.64,94.64,94.64,94.64,451
1700742960,94.64,94.64,94.64,94.64,1
1700743320,94.64,94.64,94.64,94.64,23
1700743860,94.64,94.64,94.64,94.64,20
1700743920,94.64,94.64,94.64,94.64,193
1700744100,94.64,94.64,94.64,94.64,86
1700744580,94.64,94.64,94.64,94.64,1
1700744760,94.64,94.64,94.64,94.64,2
1700745720,94.64,94.64,94.64,94.64,200
1700745840,94.64,94.64,94.64,94.64,241
1700746440,94.64,94.64,94.64,94.64,50
1700746860,94.64,94.64,94.64,94.64,6
1700747160,94.64,94.64,94.64,94.64,151
1700747220,94.64,94.64,94.64,94.64,3
1700747580,94.64,94.64,94.64,94.64,100
1700748060,94.64,94.64,94.64,94.64,65
1700748360,94.64,94.64,94.64,94.64,16
1700748540,94.64,94.64,94.64,94.64,89
1700748900,94.64,94.64,94.64,94.64,151
1700749260,94.64,94.64,94.64,94.64,2
1700749500,94.64,94.64,94.64,94.64,88
1700749740,94.64,94.64,94.64,94.64,15
1700749980,94.64,94.64,94.64,94.64,2
1700750640,94.64,94.64,94.635,94.635,5
1700751180,94.64,94.64,94.64,94.64,2
1700751240,94.64,94.64,94.64,94.64,7
1700751840,94.64,94.64,94.64,94.64,20
1700751960,94.64,94.64,94.64,94.64,3
1700752260,94.635,94.635,94.635,94.635,1
1700752320,94.64,94.64,94.64,94.64,2
1700752980,94.64,94.64,94.64,94.64,29
1700755140,94.64,94.64,94.635,94.64,25
1700755380,94.64,94.64,94.64,94.64,17
1700756520,94.64,94.64,94.64,94.64,8
1700756940,94.64,94.64,94.64,94.64,22
1700757120,94.64,94.64,94.635,94.635,612
1700757180,94.635,94.635,94.635,94.635,3
1700758620,94.635,94.635,94.635,94.635,1
1700758860,94.635,94.635,94.635,94.635,9
1700758920,94.635,94.635,94.635,94.635,20
1700761980,94.635,94.635,94.635,94.635,168
1700762160,94.635,94.635,94.635,94.635,19
1700780460,94.635,94.635,94.635,94.635,2
1700783580,94.635,94.635,94.635,94.635,341
1700783640,94.635,94.635,94.635,94.635,163
1700784420,94.635,94.635,94.635,94.635,141
1700784480,94.635,94.635,94.635,94.635,9
1700784960,94.635,94.635,94.635,94.635,91
1700787000,94.635,94.635,94.635,94.635,2
1700788320,94.635,94.635,94.635,94.635,21
1700792220,94.635,94.635,94.635,94.635,38
1700792280,94.635,94.635,94.635,94.635,34
1700793060,94.635,94.635,94.635,94.635,2
1700793720,94.63,94.63,94.63,94.63,6
1700806560,94.635,94.635,94.635,94.635,11
1700806740,94.63,94.63,94.63,94.63,129
1700807280,94.63,94.63,94.63,94.63,1
1700807880,94.635,94.635,94.635,94.635,686
1700808060,94.635,94.635,94.635,94.635,138
1700809560,94.635,94.635,94.635,94.635,5
1700809740,94.635,94.635,94.635,94.635,1
1700809800,94.635,94.635,94.635,94.635,1
1700810040,94.635,94.635,94.635,94.635,74
1700810220,94.635,94.635,94.635,94.635,4
1700810280,94.635,94.635,94.635,94.635,2
1700810340,94.635,94.635,94.635,94.635,70
1700810400,94.635,94.635,94.635,94.635,65
1700811180,94.635,94.635,94.635,94.635,1
1700811420,94.635,94.635,94.635,94.635,21
1700811900,94.635,94.635,94.635,94.635,1
1700812140,94.635,94.635,94.635,94.635,4
1700812260,94.635,94.635,94.635,94.635,47
1700812320,94.635,94.635,94.635,94.635,2
1700812860,94.635,94.635,94.635,94.635,7
1700813160,94.635,94.635,94.635,94.635,22
1700813280,94.635,94.635,94.635,94.635,8
1700813520,94.635,94.635,94.635,94.635,1
1700813580,94.635,94.635,94.635,94.635,7
1700813640,94.635,94.635,94.635,94.635,66
1700813760,94.635,94.635,94.635,94.635,115
1700813820,94.635,94.635,94.635,94.635,192
1700813880,94.635,94.635,94.635,94.635,9
1700813940,94.635,94.635,94.635,94.635,31
1700814000,94.635,94.635,94.635,94.635,10
1700814060,94.635,94.635,94.63,94.635,414
1700814120,94.635,94.635,94.635,94.635,47
1700814240,94.635,94.635,94.635,94.635,76
1700814360,94.635,94.635,94.635,94.635,38
1700814720,94.635,94.635,94.635,94.635,411
1700814900,94.635,94.635,94.635,94.635,1
1700814960,94.635,94.635,94.635,94.635,15
1700815080,94.635,94.635,94.635,94.635,9
1700815140,94.635,94.635,94.635,94.635,71
1700815200,94.635,94.635,94.635,94.635,344
1700815440,94.635,94.635,94.635,94.635,6
1700815500,94.635,94.635,94.635,94.635,2
1700815560,94.635,94.635,94.635,94.635,7
1700815680,94.635,94.635,94.635,94.635,2
1700815740,94.635,94.635,94.635,94.635,2
1700815860,94.635,94.635,94.635,94.635,2
1700816100,94.635,94.635,94.635,94.635,2
1700816400,94.635,94.635,94.635,94.635,1
1700816760,94.635,94.635,94.635,94.635,2
1700816820,94.635,94.635,94.635,94.635,120
1700816940,94.635,94.635,94.635,94.635,1
1700817060,94.635,94.635,94.635,94.635,3
1700817420,94.635,94.635,94.635,94.635,12
1700818680,94.635,94.635,94.635,94.635,32
1700818740,94.635,94.635,94.635,94.635,100
1700819700,94.635,94.635,94.635,94.635,2
1700819940,94.635,94.635,94.635,94.635,55
1700820420,94.635,94.635,94.635,94.635,1
1700820660,94.635,94.635,94.635,94.635,2
1700820780,94.635,94.635,94.635,94.635,2
1700821020,94.635,94.635,94.635,94.635,5
1700821200,94.635,94.635,94.635,94.635,1
1700821740,94.635,94.635,94.635,94.635,54
1700822280,94.635,94.635,94.635,94.635,75
1700822400,94.635,94.635,94.635,94.635,1
1700823420,94.635,94.635,94.635,94.635,3
1700823600,94.635,94.635,94.635,94.635,5
1700824200,94.635,94.635,94.635,94.635,1
1700824440,94.635,94.635,94.635,94.635,1
1700824500,94.635,94.635,94.635,94.635,2
1700824980,94.635,94.635,94.635,94.635,9
1700825040,94.635,94.635,94.635,94.635,14
1700825100,94.635,94.635,94.635,94.635,1
1700825160,94.635,94.635,94.635,94.635,1
1700825220,94.635,94.635,94.635,94.635,3
1700825280,94.635,94.635,94.635,94.635,4
1700825340,94.635,94.635,94.635,94.635,1
1700825460,94.635,94.635,94.635,94.635,4
1700825520,94.635,94.635,94.635,94.635,1
1700825580,94.635,94.635,94.635,94.635,1
1700825640,94.635,94.635,94.635,94.635,4
1700825700,94.635,94.635,94.635,94.635,1
1700825760,94.635,94.635,94.635,94.635,6
1700825820,94.635,94.635,94.635,94.635,1
1700825880,94.635,94.635,94.635,94.635,1
1700825940,94.635,94.635,94.635,94.635,1
1700826000,94.635,94.635,94.635,94.635,4
1700826060,94.635,94.635,94.635,94.635,4
1700826180,94.635,94.635,94.635,94.635,8
1700826360,94.635,94.635,94.635,94.635,6
1700826480,94.635,94.635,94.635,94.635,1
1700826540,94.635,94.635,94.635,94.635,4
1700826600,94.635,94.635,94.635,94.635,1
1700826660,94.635,94.635,94.635,94.635,1
1700826720,94.635,94.635,94.635,94.635,5
1700826780,94.635,94.635,94.635,94.635,38
1700827020,94.635,94.635,94.635,94.635,56
1700827080,94.635,94.635,94.635,94.635,207
1700827200,94.635,94.635,94.635,94.635,2
1700827320,94.635,94.635,94.635,94.635,1
1700827440,94.635,94.635,94.635,94.635,2
1700827500,94.635,94.635,94.635,94.635,6
1700827560,94.635,94.635,94.635,94.635,5
1700827740,94.635,94.635,94.635,94.635,8
1700828220,94.635,94.635,94.635,94.635,3
1700828460,94.635,94.635,94.635,94.635,4
1700828520,94.635,94.635,94.635,94.635,8
1700828580,94.635,94.635,94.635,94.635,46
1700828640,94.635,94.635,94.635,94.635,2
1700828880,94.635,94.635,94.635,94.635,33
1700828940,94.635,94.635,94.635,94.635,16
1700829000,94.64,94.64,94.64,94.64,1
1700829120,94.635,94.635,94.635,94.635,1
1700829180,94.635,94.635,94.635,94.635,1
1700829360,94.635,94.635,94.635,94.635,179
1700829420,94.635,94.635,94.635,94.635,1
1700829480,94.635,94.635,94.635,94.635,2
1700829600,94.635,94.635,94.635,94.635,3
1700829660,94.635,94.635,94.635,94.635,371
1700829780,94.635,94.635,94.635,94.635,1
1700830020,94.635,94.635,94.635,94.635,1
1700830140,94.635,94.64,94.635,94.64,2
1700830200,94.635,94.635,94.635,94.635,2
1700830260,94.635,94.635,94.635,94.635,1
1700830320,94.635,94.635,94.635,94.635,2
1700830380,94.635,94.635,94.635,94.635,1
1700830440,94.635,94.635,94.635,94.635,14
1700830500,94.635,94.635,94.635,94.635,2
1700830560,94.64,94.64,94.635,94.635,6
1700830620,94.635,94.635,94.635,94.635,1
1700830740,94.635,94.635,94.635,94.635,1
1700830860,94.635,94.635,94.635,94.635,2
1700830920,94.64,94.64,94.64,94.64,2
1700830980,94.635,94.635,94.635,94.635,1
1700831040,94.635,94.635,94.635,94.635,1
1700831100,94.635,94.635,94.635,94.635,2
1700831220,94.635,94.635,94.635,94.635,3
1700831340,94.635,94.635,94.635,94.635,390
1700831460,94.64,94.64,94.635,94.635,2
1700831520,94.635,94.635,94.635,94.635,8
1700831580,94.635,94.635,94.635,94.635,1
1700831700,94.635,94.635,94.635,94.635,1
1700831760,94.635,94.635,94.635,94.635,4
1700831820,94.635,94.635,94.635,94.635,1
1700831880,94.635,94.635,94.635,94.635,582
1700831940,94.635,94.635,94.635,94.635,1
1700832000,94.635,94.635,94.635,94.635,57
1700832060,94.635,94.635,94.635,94.635,111
1700832120,94.64,94.64,94.635,94.635,51
1700832180,94.635,94.64,94.635,94.64,13
1700832240,94.64,94.64,94.635,94.635,643
1700832300,94.635,94.635,94.635,94.635,25
1700832360,94.64,94.64,94.635,94.635,2
1700832420,94.635,94.635,94.635,94.635,1877
1700832480,94.635,94.635,94.635,94.635,665
1700832540,94.64,94.64,94.635,94.635,22
1700832600,94.635,94.64,94.635,94.64,4
1700832660,94.64,94.64,94.635,94.64,3
1700832720,94.635,94.635,94.635,94.635,1
1700832780,94.635,94.635,94.635,94.635,49
1700832840,94.64,94.64,94.64,94.64,1
1700832900,94.64,94.64,94.635,94.635,2
1700832960,94.64,94.64,94.635,94.635,90
1700833020,94.635,94.635,94.635,94.635,1
1700833080,94.635,94.635,94.635,94.635,5
1700833140,94.635,94.635,94.635,94.635,5
1700833200,94.635,94.635,94.635,94.635,1
1700833260,94.635,94.635,94.635,94.635,100
1700833320,94.635,94.635,94.635,94.635,2
1700833440,94.635,94.635,94.635,94.635,90
1700833560,94.635,94.635,94.635,94.635,9
1700833680,94.635,94.635,94.635,94.635,126
1700833800,94.635,94.635,94.635,94.635,1
1700833980,94.635,94.635,94.635,94.635,77
1700834040,94.635,94.635,94.635,94.635,400
1700834100,94.635,94.635,94.635,94.635,2
1700834160,94.635,94.635,94.635,94.635,1
1700834220,94.635,94.635,94.63,94.635,518
1700834280,94.63,94.63,94.63,94.63,7
1700834340,94.635,94.635,94.635,94.635,25
1700834400,94.64,94.64,94.63,94.63,2
1700834520,94.635,94.635,94.635,94.635,6
1700834580,94.635,94.635,94.635,94.635,2
1700834640,94.635,94.635,94.635,94.635,1
1700834700,94.635,94.635,94.635,94.635,4
1700834760,94.635,94.635,94.635,94.635,5
1700834880,94.635,94.635,94.635,94.635,3
1700835000,94.63,94.63,94.63,94.63,1
1700835060,94.635,94.635,94.635,94.635,2
1700835120,94.635,94.635,94.635,94.635,2
1700835180,94.635,94.635,94.63,94.635,170
1700835240,94.63,94.63,94.63,94.63,44
1700835360,94.63,94.63,94.63,94.63,41
1700835480,94.63,94.635,94.63,94.63,38
1700835540,94.63,94.63,94.63,94.63,7
1700835600,94.63,94.63,94.63,94.63,9
1700835660,94.63,94.63,94.63,94.63,1
1700835720,94.63,94.63,94.63,94.63,1
1700835780,94.63,94.63,94.63,94.63,1
1700835900,94.63,94.635,94.63,94.635,540
1700835960,94.635,94.635,94.63,94.63,587
1700836020,94.63,94.63,94.63,94.63,4
1700836080,94.63,94.63,94.63,94.63,2002
1700836140,94.63,94.63,94.63,94.63,2
1700836200,94.635,94.635,94.63,94.63,2
1700836260,94.63,94.63,94.63,94.63,207
1700836560,94.63,94.63,94.63,94.63,12
1700836620,94.63,94.63,94.63,94.63,32
1700836680,94.63,94.63,94.63,94.63,1044
1700836800,94.63,94.63,94.63,94.63,4
1700836860,94.63,94.63,94.63,94.63,997
1700836920,94.63,94.63,94.63,94.63,50
1700836980,94.63,94.63,94.63,94.63,2
1700837040,94.635,94.635,94.63,94.635,704
1700837100,94.63,94.635,94.63,94.635,70
1700837160,94.63,94.63,94.63,94.63,7
1700837220,94.63,94.63,94.63,94.63,8
1700837280,94.63,94.63,94.63,94.63,239
1700837460,94.63,94.63,94.63,94.63,5
1700837520,94.63,94.63,94.63,94.63,1
1700837580,94.63,94.63,94.63,94.63,245
1700837640,94.63,94.63,94.63,94.63,2
1700837700,94.63,94.63,94.63,94.63,1
1700837760,94.63,94.63,94.63,94.63,1
1700837880,94.63,94.63,94.63,94.63,1
1700837940,94.63,94.63,94.63,94.63,1
1700838060,94.63,94.635,94.63,94.635,72
1700838240,94.63,94.63,94.63,94.63,2
1700838300,94.635,94.635,94.635,94.635,1
1700838360,94.63,94.63,94.63,94.63,3
1700838480,94.63,94.63,94.63,94.63,23
1700838540,94.63,94.635,94.63,94.635,1017
1700838600,94.635,94.635,94.635,94.635,300
1700838840,94.63,94.63,94.63,94.63,2
1700838900,94.635,94.635,94.635,94.635,1
1700839080,94.63,94.63,94.63,94.63,1
1700839200,94.63,94.63,94.63,94.63,1
1700839380,94.63,94.63,94.63,94.63,1
1700839500,94.63,94.63,94.63,94.63,382
1700839680,94.63,94.63,94.63,94.63,1
1700839800,94.63,94.63,94.63,94.63,1
1700839980,94.63,94.63,94.63,94.63,1
1700840100,94.63,94.63,94.63,94.63,39
1700840220,94.63,94.63,94.63,94.63,1
1700840280,94.635,94.635,94.635,94.635,1
1700840460,94.635,94.635,94.63,94.63,5
1700840640,94.63,94.63,94.63,94.63,150
1700840880,94.63,94.63,94.63,94.63,1
1700841060,94.635,94.635,94.635,94.635,2
1700841180,94.635,94.635,94.635,94.635,2
1700841300,94.635,94.635,94.635,94.635,1
1700841360,94.635,94.635,94.635,94.635,3
1700841420,94.63,94.63,94.63,94.63,1
1700841480,94.635,94.635,94.635,94.635,3
1700841540,94.635,94.635,94.635,94.635,1
1700841660,94.63,94.635,94.63,94.63,213
1700841780,94.635,94.635,94.635,94.635,3
1700841960,94.635,94.635,94.635,94.635,3
1700842020,94.63,94.63,94.63,94.63,1
1700842080,94.635,94.635,94.635,94.635,3
1700842140,94.635,94.635,94.635,94.635,1
1700842260,94.635,94.635,94.635,94.635,3
1700842320,94.63,94.63,94.63,94.63,1
1700842380,94.635,94.635,94.635,94.635,3
1700842560,94.635,94.635,94.635,94.635,4
1700842680,94.63,94.635,94.63,94.635,2
1700842740,94.635,94.635,94.635,94.635,4
1700842860,94.635,94.635,94.635,94.635,4
1700843040,94.635,94.635,94.635,94.635,14
1700843160,94.635,94.635,94.635,94.635,3
1700843220,94.63,94.63,94.63,94.63,3
1700843340,94.635,94.635,94.635,94.635,4
1700843400,94.63,94.63,94.63,94.63,1
1700843460,94.635,94.635,94.635,94.635,4
1700843640,94.635,94.635,94.635,94.635,4
1700843760,94.635,94.635,94.635,94.635,4
1700843880,94.63,94.63,94.63,94.63,10
1700843940,94.635,94.635,94.635,94.635,3
1700844000,94.635,94.635,94.635,94.635,495
1700844060,94.635,94.635,94.635,94.635,3
1700844240,94.635,94.635,94.635,94.635,41
1700844360,94.63,94.63,94.63,94.63,68
1700844540,94.63,94.63,94.63,94.63,8
1700844660,94.63,94.63,94.63,94.63,9
1700844840,94.63,94.63,94.63,94.63,9
1700845080,94.635,94.635,94.635,94.635,1
1700845140,94.635,94.635,94.635,94.635,2
1700845200,94.635,94.635,94.63,94.63,9
1700845260,94.635,94.635,94.635,94.635,2
1700845380,94.635,94.635,94.63,94.63,12
1700845500,94.635,94.635,94.63,94.635,20
1700845560,94.63,94.63,94.63,94.63,45
1700845620,94.635,94.635,94.635,94.635,2
1700845740,94.635,94.635,94.635,94.635,79
1700845800,94.635,94.635,94.635,94.635,19
1700845860,94.635,94.635,94.635,94.635,2
1700845920,94.635,94.635,94.635,94.635,6
1700845980,94.635,94.635,94.63,94.63,27
1700846040,94.635,94.635,94.63,94.63,160
1700846100,94.635,94.635,94.635,94.635,3
1700846220,94.635,94.635,94.635,94.635,2
1700846340,94.63,94.635,94.63,94.635,12
1700846460,94.635,94.635,94.635,94.635,14
1700846520,94.635,94.635,94.63,94.63,200
1700846580,94.635,94.635,94.63,94.635,175
1700846640,94.63,94.63,94.63,94.63,10
1700846700,94.635,94.635,94.635,94.635,2
1700846760,94.635,94.635,94.635,94.635,24
1700846820,94.635,94.635,94.635,94.635,1
1700846880,94.635,94.635,94.635,94.635,2
1700846940,94.635,94.635,94.635,94.635,1
1700847000,94.635,94.635,94.635,94.635,6
1700847060,94.635,94.635,94.635,94.635,901
1700847120,94.635,94.635,94.635,94.635,56
1700847180,94.635,94.635,94.63,94.63,513
1700847300,94.635,94.635,94.635,94.635,250
1700847360,94.635,94.635,94.635,94.635,6
1700847420,94.635,94.635,94.635,94.635,1
1700847540,94.635,94.635,94.635,94.635,2
1700847660,94.635,94.635,94.635,94.635,251
1700847780,94.635,94.635,94.635,94.635,1
1700847840,94.635,94.635,94.635,94.635,5
1700847900,94.635,94.635,94.635,94.635,1
1700847960,94.635,94.635,94.635,94.635,3
1700848140,94.63,94.63,94.63,94.63,1
1700848200,94.635,94.635,94.635,94.635,1
1700848260,94.635,94.635,94.635,94.635,77
1700848380,94.635,94.635,94.635,94.635,80
1700848440,94.63,94.63,94.63,94.63,43
1700848620,94.635,94.635,94.635,94.635,320
1700848680,94.63,94.63,94.63,94.63,312
1700848740,94.635,94.635,94.635,94.635,3
1700848800,94.63,94.635,94.63,94.635,98
1700848860,94.635,94.635,94.635,94.635,45
1700848920,94.63,94.63,94.63,94.63,3
1700849100,94.63,94.63,94.63,94.63,4
1700849160,94.635,94.635,94.63,94.63,666
1700849220,94.63,94.63,94.63,94.63,5
1700849400,94.635,94.635,94.635,94.635,2
1700849520,94.63,94.63,94.63,94.63,1
1700849580,94.635,94.635,94.635,94.635,1
1700849640,94.63,94.63,94.63,94.63,90
1701039600,94.635,94.635,94.635,94.635,3
1701039900,94.63,94.63,94.63,94.63,592
1701040080,94.63,94.63,94.63,94.63,25
1701040380,94.625,94.625,94.625,94.625,10
1701040680,94.625,94.625,94.625,94.625,857
1701040800,94.625,94.625,94.625,94.625,25
1701040920,94.625,94.625,94.625,94.625,43
1701041940,94.625,94.625,94.625,94.625,1
1701042660,94.63,94.63,94.63,94.63,2
1701042780,94.63,94.63,94.63,94.63,1
1701043140,94.63,94.63,94.63,94.63,1
1701043200,94.63,94.63,94.63,94.63,1
1701043260,94.63,94.63,94.63,94.63,1
1701043800,94.63,94.63,94.63,94.63,3
1701043920,94.63,94.63,94.63,94.63,1
1701044160,94.63,94.63,94.63,94.63,9
1701044220,94.63,94.63,94.63,94.63,6
1701045000,94.625,94.625,94.625,94.625,83
1701045060,94.625,94.625,94.625,94.625,247
1701045180,94.625,94.63,94.625,94.63,745
1701045240,94.625,94.625,94.625,94.625,9
1701045420,94.63,94.63,94.63,94.63,5
1701046860,94.625,94.625,94.625,94.625,25
1701047100,94.625,94.63,94.625,94.63,3
1701049500,94.625,94.625,94.625,94.625,99
1701050640,94.625,94.625,94.625,94.625,1
1701051540,94.625,94.625,94.625,94.625,1
1701051660,94.625,94.625,94.625,94.625,3
1701052680,94.625,94.625,94.625,94.625,71
1701053580,94.625,94.625,94.625,94.625,53
1701056880,94.63,94.63,94.63,94.63,118
1701059520,94.625,94.625,94.625,94.625,24
1701059580,94.625,94.625,94.625,94.625,19
1701060660,94.63,94.63,94.63,94.63,6
1701060720,94.625,94.63,94.625,94.63,52
1701060840,94.63,94.63,94.63,94.63,150
1701060900,94.63,94.63,94.63,94.63,1
1701060960,94.63,94.63,94.625,94.625,101
1701061440,94.625,94.625,94.625,94.625,3
1701061560,94.625,94.625,94.625,94.625,7
1701061620,94.625,94.625,94.625,94.625,4
1701061800,94.625,94.625,94.625,94.625,19
1701063600,94.625,94.625,94.625,94.625,1
1701064380,94.625,94.625,94.625,94.625,2
1701064440,94.625,94.625,94.625,94.625,1
1701065280,94.625,94.63,94.625,94.63,92
1701065340,94.625,94.625,94.625,94.625,32
1701065940,94.63,94.63,94.63,94.63,6
1701066000,94.625,94.625,94.625,94.625,1
1701066300,94.625,94.625,94.625,94.625,28
1701066360,94.625,94.625,94.625,94.625,2
1701066540,94.63,94.63,94.63,94.63,2
1701066600,94.625,94.625,94.625,94.625,1
1701066720,94.63,94.63,94.625,94.625,2
1701067080,94.63,94.63,94.63,94.63,2
1701067320,94.63,94.63,94.63,94.63,3
1701068220,94.625,94.625,94.625,94.625,8
1701068580,94.63,94.63,94.625,94.63,18
1701068820,94.625,94.63,94.625,94.63,22
1701068880,94.63,94.63,94.63,94.63,49
1701068940,94.63,94.63,94.63,94.63,99
1701069300,94.63,94.63,94.63,94.63,2
1701069480,94.63,94.63,94.63,94.63,3
1701069720,94.63,94.63,94.63,94.63,4
1701069960,94.63,94.63,94.63,94.63,6
1701071100,94.63,94.63,94.63,94.63,5
1701071340,94.63,94.63,94.63,94.63,1
1701071400,94.635,94.635,94.635,94.635,1
1701071520,94.63,94.63,94.63,94.63,14
1701072000,94.63,94.63,94.63,94.63,1
1701072240,94.635,94.635,94.635,94.635,1
1701072780,94.63,94.63,94.63,94.63,6
1701073020,94.63,94.63,94.63,94.63,1
1701073680,94.63,94.63,94.63,94.63,17
1701073920,94.635,94.635,94.63,94.63,402
1701074040,94.635,94.635,94.635,94.635,250
1701074160,94.635,94.635,94.635,94.635,7
1701074580,94.635,94.635,94.63,94.63,3
1701074640,94.63,94.63,94.63,94.63,18
1701074700,94.63,94.63,94.63,94.63,7
1701074820,94.63,94.63,94.63,94.63,2
1701075180,94.635,94.635,94.635,94.635,1
1701076440,94.635,94.635,94.635,94.635,120
1701076500,94.635,94.635,94.635,94.635,220
1701076920,94.635,94.635,94.635,94.635,1
1701077280,94.63,94.63,94.63,94.63,8
1701077340,94.635,94.635,94.635,94.635,300
1701077460,94.635,94.635,94.635,94.635,1
1701077880,94.63,94.63,94.63,94.63,1
1701078060,94.63,94.63,94.63,94.63,1
1701078120,94.63,94.63,94.63,94.63,2
1701078180,94.63,94.63,94.63,94.63,4
1701078240,94.63,94.63,94.63,94.63,10
1701078300,94.63,94.63,94.63,94.63,9
1701078360,94.63,94.63,94.63,94.63,5
1701078420,94.63,94.63,94.63,94.63,23
1701078540,94.63,94.63,94.63,94.63,3
1701078780,94.63,94.63,94.63,94.63,2
1701079020,94.63,94.63,94.63,94.63,26
1701079860,94.635,94.635,94.635,94.635,1
1701080160,94.63,94.63,94.63,94.63,3
1701080280,94.63,94.63,94.63,94.63,2
1701080460,94.63,94.63,94.63,94.63,5
1701080940,94.63,94.63,94.63,94.63,14
1701081060,94.63,94.63,94.63,94.63,2
1701081180,94.63,94.63,94.63,94.63,6
1701081240,94.63,94.63,94.63,94.63,20
1701081360,94.63,94.63,94.63,94.63,1
1701081480,94.63,94.63,94.63,94.63,10
1701081600,94.63,94.63,94.63,94.63,36
1701081780,94.63,94.63,94.63,94.63,1
1701081840,94.635,94.635,94.635,94.635,50
1701082020,94.63,94.63,94.63,94.63,1
1701082080,94.63,94.63,94.63,94.63,51
1701082140,94.635,94.635,94.63,94.63,12
1701082680,94.63,94.63,94.63,94.63,194
1701082980,94.63,94.63,94.63,94.63,4
1701083040,94.635,94.635,94.635,94.635,1
1701083220,94.63,94.63,94.63,94.63,114
1701083280,94.63,94.63,94.63,94.63,3
1701084180,94.63,94.63,94.63,94.63,6
1701084300,94.63,94.63,94.63,94.63,101
1701084600,94.635,94.635,94.635,94.635,1
1701084720,94.635,94.635,94.635,94.635,8
1701085620,94.63,94.63,94.63,94.63,1
1701085860,94.635,94.635,94.635,94.635,1
1701086520,94.635,94.635,94.635,94.635,100
1701086700,94.63,94.63,94.63,94.63,1
1701087180,94.63,94.63,94.63,94.63,23
1701087300,94.63,94.63,94.63,94.63,20
1701087480,94.635,94.635,94.635,94.635,250
1701088200,94.63,94.63,94.63,94.63,16
1701088260,94.63,94.63,94.63,94.63,4
1701088320,94.635,94.635,94.635,94.635,3
1701088620,94.63,94.63,94.63,94.63,536
1701088740,94.63,94.63,94.63,94.63,4
1701089040,94.63,94.63,94.63,94.63,1
1701089100,94.63,94.63,94.63,94.63,230
1701089160,94.63,94.63,94.63,94.63,106
1701089220,94.63,94.63,94.63,94.63,1
1701089280,94.63,94.635,94.63,94.63,22
1701089340,94.63,94.63,94.63,94.63,41
1701089820,94.63,94.63,94.63,94.63,7
1701089880,94.63,94.63,94.63,94.63,1
1701090120,94.63,94.63,94.63,94.63,1
1701090180,94.63,94.63,94.63,94.63,3
1701090300,94.635,94.635,94.635,94.635,3255
1701090360,94.64,94.64,94.635,94.635,22
1701090540,94.635,94.635,94.635,94.635,12
1701090660,94.635,94.635,94.635,94.635,1
1701090960,94.635,94.635,94.635,94.635,772
1701091020,94.635,94.635,94.635,94.635,2
1701091260,94.64,94.64,94.635,94.64,1545
1701091320,94.64,94.64,94.64,94.64,918
1701091380,94.64,94.64,94.64,94.64,62
1701091440,94.64,94.64,94.64,94.64,3
1701091500,94.64,94.64,94.64,94.64,300
1701091620,94.64,94.64,94.64,94.64,1
1701091740,94.64,94.64,94.64,94.64,24
1701091800,94.64,94.64,94.64,94.64,134
1701091860,94.64,94.64,94.64,94.64,2
1701091920,94.64,94.64,94.64,94.64,83
1701091980,94.64,94.64,94.64,94.64,99
1701092100,94.645,94.645,94.64,94.645,96
1701092160,94.64,94.64,94.64,94.64,8
1701092220,94.64,94.64,94.64,94.64,3
1701092280,94.64,94.645,94.64,94.645,111
1701092340,94.64,94.645,94.64,94.645,3
1701092460,94.64,94.645,94.64,94.645,19
1701092520,94.64,94.645,94.64,94.645,998
1701092580,94.64,94.64,94.64,94.64,139
1701092640,94.64,94.64,94.64,94.64,2
1701092700,94.64,94.645,94.64,94.645,39
1701092760,94.64,94.645,94.64,94.64,79
1701092820,94.645,94.645,94.64,94.64,26
1701092880,94.64,94.645,94.64,94.64,231
1701092940,94.64,94.645,94.64,94.64,153
1701093000,94.645,94.645,94.645,94.645,25
1701093060,94.645,94.645,94.645,94.645,25
1701093120,94.64,94.645,94.64,94.645,30
1701093180,94.645,94.645,94.64,94.64,27
1701093240,94.64,94.645,94.64,94.64,168
1701093300,94.64,94.64,94.64,94.64,30
1701093360,94.645,94.645,94.64,94.64,11
1701093420,94.64,94.64,94.64,94.64,5
1701093480,94.64,94.64,94.64,94.64,2
1701093540,94.64,94.64,94.64,94.64,1
1701093600,94.64,94.64,94.64,94.64,318
1701093660,94.64,94.64,94.635,94.635,254
1701093720,94.64,94.64,94.64,94.64,18
1701093780,94.64,94.64,94.64,94.64,104
1701093840,94.635,94.635,94.635,94.635,4
1701093900,94.635,94.64,94.635,94.635,565
1701094080,94.635,94.635,94.635,94.635,1
1701094140,94.635,94.635,94.635,94.635,22
1701094200,94.635,94.635,94.635,94.635,44
1701094260,94.635,94.635,94.635,94.635,1
1701094320,94.635,94.635,94.635,94.635,1
1701094380,94.635,94.635,94.635,94.635,2
1701094440,94.635,94.635,94.635,94.635,5
1701094500,94.635,94.635,94.635,94.635,267
1701094560,94.635,94.635,94.635,94.635,20
1701094620,94.635,94.635,94.635,94.635,6
1701094680,94.635,94.635,94.635,94.635,107
1701094740,94.635,94.635,94.635,94.635,3
1701094800,94.635,94.635,94.635,94.635,342
1701094860,94.635,94.635,94.635,94.635,34
1701094920,94.635,94.635,94.635,94.635,1
1701094980,94.635,94.64,94.635,94.64,22
1701095160,94.635,94.64,94.635,94.64,239
1701095220,94.635,94.635,94.635,94.635,1763
1701095280,94.635,94.635,94.635,94.635,23
1701095340,94.635,94.635,94.635,94.635,20
1701095400,94.635,94.635,94.635,94.635,54
1701095460,94.635,94.635,94.635,94.635,8
1701095520,94.635,94.635,94.635,94.635,79
1701095580,94.63,94.635,94.63,94.635,82
1701095640,94.635,94.635,94.635,94.635,390
1701095700,94.635,94.635,94.635,94.635,7
1701095760,94.635,94.635,94.635,94.635,12
1701095820,94.635,94.635,94.635,94.635,597
1701095880,94.635,94.635,94.635,94.635,4
1701095940,94.635,94.635,94.635,94.635,7
1701096000,94.635,94.635,94.635,94.635,7
1701096060,94.635,94.635,94.635,94.635,121
1701096540,94.635,94.635,94.635,94.635,96
1701096720,94.635,94.635,94.635,94.635,7
1701096780,94.635,94.635,94.635,94.635,4
1701096900,94.64,94.64,94.635,94.635,47
1701097080,94.635,94.635,94.635,94.635,215
1701097140,94.635,94.635,94.635,94.635,61
1701097200,94.64,94.645,94.64,94.64,776
1701097260,94.64,94.64,94.64,94.64,22
1701097320,94.64,94.64,94.64,94.64,97
1701097380,94.64,94.64,94.64,94.64,85
1701097440,94.64,94.64,94.635,94.635,388
1701097500,94.635,94.635,94.635,94.635,3
1701097560,94.635,94.635,94.635,94.635,3
1701097620,94.635,94.635,94.635,94.635,8
1701097680,94.635,94.635,94.635,94.635,7
1701097740,94.635,94.635,94.635,94.635,55
1701097800,94.635,94.64,94.635,94.635,10
1701097860,94.635,94.635,94.635,94.635,1
1701097920,94.635,94.635,94.635,94.635,4
1701098040,94.635,94.635,94.635,94.635,1
1701098100,94.635,94.635,94.635,94.635,1
1701098160,94.635,94.635,94.635,94.635,33
1701098280,94.635,94.635,94.635,94.635,29
1701098340,94.635,94.635,94.635,94.635,1
1701098400,94.635,94.635,94.635,94.635,1
1701098460,94.635,94.635,94.635,94.635,1
1701098520,94.64,94.64,94.64,94.64,1
1701098580,94.635,94.635,94.635,94.635,29
1701098640,94.635,94.635,94.635,94.635,34
1701098700,94.635,94.635,94.635,94.635,1
1701098760,94.635,94.64,94.635,94.64,5
1701098820,94.635,94.635,94.635,94.635,911
1701098940,94.635,94.635,94.635,94.635,38
1701099060,94.635,94.635,94.635,94.635,5
1701099120,94.635,94.635,94.635,94.635,37
1701099180,94.635,94.635,94.635,94.635,31
1701099240,94.635,94.635,94.635,94.635,23
1701099300,94.635,94.635,94.635,94.635,13
1701099360,94.64,94.64,94.64,94.64,2
1701099420,94.635,94.635,94.635,94.635,49
1701099540,94.635,94.635,94.635,94.635,7
1701099660,94.635,94.635,94.635,94.635,4
1701099720,94.635,94.64,94.635,94.635,78
1701099780,94.635,94.635,94.635,94.635,52
1701099840,94.635,94.635,94.635,94.635,1145
1701099900,94.635,94.635,94.635,94.635,26
1701099960,94.635,94.64,94.635,94.64,3
1701100020,94.635,94.635,94.635,94.635,37
1701100080,94.635,94.635,94.635,94.635,2
1701100140,94.635,94.635,94.635,94.635,1
1701100200,94.635,94.635,94.635,94.635,2
1701100260,94.635,94.635,94.635,94.635,39
1701100320,94.635,94.635,94.635,94.635,5
1701100380,94.635,94.635,94.635,94.635,78
1701100440,94.635,94.635,94.635,94.635,1
1701100500,94.635,94.635,94.635,94.635,70
1701100560,94.635,94.64,94.635,94.64,7
1701100680,94.635,94.64,94.635,94.64,447
1701100740,94.635,94.635,94.635,94.635,4
1701100920,94.635,94.635,94.635,94.635,4
1701101160,94.635,94.64,94.635,94.64,9
1701101460,94.64,94.64,94.64,94.64,2993
1701101520,94.64,94.64,94.64,94.64,2
1701101580,94.64,94.64,94.64,94.64,92
1701101640,94.64,94.64,94.64,94.64,35
1701101700,94.64,94.64,94.64,94.64,1
1701101760,94.64,94.64,94.64,94.64,243
1701101820,94.64,94.64,94.64,94.64,6
1701101940,94.64,94.64,94.64,94.64,34
1701102000,94.64,94.64,94.64,94.64,657
1701102120,94.64,94.64,94.64,94.64,2
1701102180,94.64,94.64,94.64,94.64,255
1701102240,94.64,94.64,94.64,94.64,255
1701102300,94.64,94.64,94.64,94.64,99
1701102360,94.64,94.64,94.64,94.64,363
1701102420,94.64,94.64,94.635,94.635,199
1701102480,94.64,94.64,94.64,94.64,519
1701102540,94.64,94.64,94.64,94.64,44
1701102600,94.645,94.645,94.64,94.64,42
1701102660,94.64,94.64,94.64,94.64,43
1701102720,94.64,94.64,94.64,94.64,3
1701102780,94.64,94.64,94.64,94.64,239
1701102900,94.64,94.64,94.64,94.64,17
1701102960,94.64,94.64,94.64,94.64,463
1701103020,94.64,94.64,94.64,94.64,4
1701103440,94.64,94.64,94.64,94.64,4
1701103500,94.64,94.64,94.64,94.64,37
1701103560,94.645,94.645,94.645,94.645,4
1701103620,94.64,94.64,94.64,94.64,232
1701103860,94.64,94.64,94.64,94.64,359
1701103920,94.64,94.64,94.64,94.64,3013
1701103980,94.64,94.64,94.64,94.64,97
1701104040,94.64,94.64,94.64,94.64,3
1701104100,94.64,94.64,94.64,94.64,200
1701104220,94.64,94.64,94.64,94.64,44
1701104280,94.64,94.64,94.64,94.64,124
1701104340,94.64,94.64,94.64,94.64,1
1701104460,94.64,94.64,94.64,94.64,2979
1701104520,94.64,94.645,94.64,94.645,454
1701104640,94.64,94.64,94.64,94.64,1
1701104700,94.64,94.64,94.64,94.64,3
1701104880,94.64,94.64,94.64,94.64,1
1701104940,94.64,94.64,94.64,94.64,621
1701105000,94.64,94.64,94.64,94.64,125
1701105060,94.64,94.64,94.64,94.64,35
1701105120,94.64,94.64,94.64,94.64,28
1701105180,94.64,94.64,94.64,94.64,1
1701105240,94.64,94.64,94.64,94.64,195
1701105300,94.64,94.64,94.64,94.64,68
1701105360,94.64,94.64,94.64,94.64,51
1701105420,94.64,94.64,94.64,94.64,11
1701105480,94.64,94.64,94.64,94.64,4
1701105540,94.64,94.64,94.635,94.635,2
1701105600,94.64,94.64,94.64,94.64,2
1701105660,94.64,94.64,94.64,94.64,3
1701105720,94.64,94.64,94.64,94.64,41
1701105780,94.64,94.64,94.64,94.64,2
1701105840,94.64,94.64,94.64,94.64,2
1701105900,94.64,94.64,94.64,94.64,1
1701105960,94.64,94.64,94.64,94.64,1
1701106020,94.635,94.64,94.635,94.64,8
1701106200,94.635,94.635,94.635,94.635,23
1701106260,94.635,94.635,94.635,94.635,5
1701106320,94.635,94.635,94.635,94.635,15
1701106500,94.635,94.635,94.635,94.635,7
1701106740,94.635,94.635,94.635,94.635,1
1701106800,94.635,94.635,94.635,94.635,5
1701106980,94.635,94.64,94.635,94.64,40
1701107100,94.635,94.635,94.635,94.635,3
1701107160,94.635,94.635,94.635,94.635,4
1701107280,94.64,94.64,94.64,94.64,250
1701107340,94.635,94.635,94.635,94.635,8
1701107820,94.635,94.635,94.635,94.635,34
1701108000,94.635,94.635,94.635,94.635,43
1701108180,94.64,94.64,94.64,94.64,22
1701108240,94.635,94.635,94.635,94.635,2
1701108360,94.64,94.64,94.64,94.64,4
1701108540,94.64,94.64,94.635,94.635,65
1701108660,94.64,94.64,94.64,94.64,4
1701108840,94.64,94.64,94.64,94.64,4
1701108900,94.635,94.635,94.635,94.635,13
1701109020,94.64,94.64,94.64,94.64,4
1701109200,94.64,94.64,94.64,94.64,3
1701109320,94.64,94.64,94.64,94.64,4
1701109380,94.635,94.64,94.635,94.64,121
1701109440,94.635,94.635,94.635,94.635,3
1701109500,94.635,94.64,94.635,94.64,11
1701109680,94.64,94.64,94.64,94.64,4
1701109740,94.635,94.635,94.635,94.635,5
1701109860,94.64,94.64,94.635,94.64,35
1701110040,94.64,94.64,94.64,94.64,3
1701110160,94.64,94.64,94.64,94.64,4
1701110280,94.635,94.635,94.635,94.635,7
1701110340,94.64,94.64,94.64,94.64,4
1701110460,94.635,94.64,94.635,94.64,14
1701110520,94.64,94.64,94.635,94.64,38
1701110580,94.635,94.635,94.635,94.635,4
1701110700,94.64,94.64,94.64,94.64,4
1701110820,94.64,94.64,94.64,94.64,4
1701111000,94.64,94.64,94.635,94.635,9
1701111060,94.635,94.635,94.635,94.635,1
1701111120,94.635,94.64,94.635,94.64,128
1701111180,94.64,94.64,94.635,94.64,8
1701111300,94.635,94.635,94.635,94.635,1
1701111360,94.64,94.64,94.635,94.64,8
1701111420,94.635,94.635,94.635,94.635,5
1701111480,94.635,94.64,94.635,94.64,19
1701111660,94.64,94.64,94.64,94.64,4
1701111720,94.635,94.635,94.635,94.635,7
1701111840,94.64,94.64,94.64,94.64,3
1701112020,94.64,94.64,94.64,94.64,4
1701112140,94.635,94.64,94.635,94.635,30
1701112200,94.64,94.64,94.635,94.64,9
1701112260,94.635,94.635,94.635,94.635,1
1701112320,94.635,94.64,94.635,94.64,25
1701112440,94.635,94.635,94.635,94.635,2
1701112500,94.64,94.64,94.635,94.635,5
1701112560,94.635,94.635,94.635,94.635,2
1701112680,94.635,94.64,94.635,94.64,18
1701112800,94.635,94.635,94.635,94.635,1
1701112860,94.64,94.64,94.64,94.64,3
1701112920,94.64,94.64,94.64,94.64,7
1701112980,94.64,94.64,94.64,94.64,4
1701113100,94.635,94.64,94.635,94.64,35
1701113160,94.64,94.64,94.64,94.64,4
1701113340,94.64,94.64,94.64,94.64,4
1701113460,94.635,94.64,94.635,94.635,6
1701113520,94.64,94.64,94.64,94.64,4
1701113580,94.635,94.64,94.635,94.64,8
1701113640,94.635,94.64,94.635,94.64,8
1701113760,94.635,94.64,94.635,94.64,5
1701113820,94.635,94.64,94.635,94.64,8
1701114000,94.64,94.64,94.64,94.64,4
1701114180,94.64,94.64,94.64,94.64,115
1701114360,94.64,94.64,94.64,94.64,4
1701114480,94.64,94.64,94.64,94.64,3
1701114540,94.64,94.64,94.64,94.64,42
1701114600,94.64,94.64,94.64,94.64,11
1701114660,94.64,94.64,94.64,94.64,4
1701114840,94.635,94.64,94.635,94.64,7
1701115020,94.64,94.64,94.64,94.64,4
1701115140,94.64,94.64,94.64,94.64,71
1701115320,94.64,94.64,94.64,94.64,4
1701115500,94.64,94.64,94.64,94.64,3
1701115680,94.64,94.64,94.64,94.64,5
1701115800,94.64,94.64,94.64,94.64,4
1701115980,94.64,94.64,94.64,94.64,4
1701116160,94.64,94.64,94.64,94.64,4
1701116340,94.64,94.64,94.64,94.64,5
1701116400,94.64,94.64,94.64,94.64,2
1701116460,94.64,94.64,94.64,94.64,1
1701116520,94.64,94.64,94.64,94.64,4
1701116640,94.64,94.64,94.64,94.64,4
1701116820,94.64,94.64,94.64,94.64,4
1701116880,94.64,94.64,94.64,94.64,3
1701117060,94.64,94.64,94.64,94.64,74
1701117600,94.64,94.64,94.64,94.64,1
1701117660,94.64,94.64,94.64,94.64,140
1701117720,94.635,94.635,94.635,94.635,6
1701117960,94.635,94.635,94.635,94.635,10
1701118140,94.64,94.64,94.64,94.64,1
1701118200,94.635,94.635,94.635,94.635,2
1701118320,94.64,94.64,94.635,94.635,53
1701118380,94.64,94.64,94.64,94.64,3
1701118440,94.64,94.64,94.64,94.64,1
1701118500,94.64,94.64,94.64,94.64,1
1701118740,94.64,94.64,94.64,94.64,3
1701118800,94.64,94.64,94.64,94.64,3
1701119040,94.64,94.64,94.64,94.64,8
1701119520,94.64,94.64,94.635,94.64,1901
1701119580,94.64,94.64,94.64,94.64,40
1701119640,94.64,94.64,94.635,94.635,252
1701119760,94.64,94.64,94.64,94.64,6
1701119880,94.64,94.64,94.64,94.64,600
1701119940,94.64,94.64,94.64,94.64,44
1701120000,94.64,94.64,94.64,94.64,6
1701120120,94.64,94.64,94.64,94.64,3
1701120240,94.64,94.64,94.64,94.64,5
1701120540,94.64,94.64,94.64,94.64,297
1701120780,94.64,94.64,94.64,94.64,3
1701120900,94.64,94.64,94.635,94.64,307
1701121260,94.635,94.635,94.635,94.635,26
1701121380,94.64,94.64,94.635,94.635,17
1701121620,94.64,94.64,94.64,94.64,1
1701121860,94.64,94.64,94.64,94.64,15
1701122040,94.64,94.64,94.64,94.64,57
1701122280,94.635,94.635,94.635,94.635,265
1701122340,94.635,94.64,94.635,94.635,110
1701126000,94.64,94.64,94.64,94.64,83
1701126420,94.64,94.64,94.64,94.64,55
1701130560,94.64,94.64,94.64,94.64,1
1701130680,94.64,94.64,94.64,94.64,101
1701131400,94.64,94.64,94.64,94.64,283
1701133380,94.64,94.64,94.64,94.64,100
1701139080,94.635,94.635,94.635,94.635,1
1701142680,94.64,94.64,94.64,94.64,384
1701144180,94.64,94.64,94.64,94.64,10
1701144840,94.635,94.635,94.635,94.635,3
1701146100,94.64,94.64,94.64,94.64,1
1701147000,94.635,94.635,94.635,94.635,4
1701147300,94.635,94.635,94.635,94.635,2
1701147600,94.635,94.635,94.635,94.635,207
1701152520,94.64,94.64,94.64,94.64,60
1701152940,94.64,94.64,94.64,94.64,43
1701153060,94.64,94.64,94.64,94.64,121
1701155580,94.64,94.64,94.64,94.64,500
1701156480,94.64,94.64,94.64,94.64,3
1701156660,94.64,94.64,94.64,94.64,613
1701156720,94.64,94.64,94.64,94.64,348
1701157260,94.64,94.64,94.64,94.64,50
1701158580,94.645,94.645,94.645,94.645,15
1701158940,94.64,94.64,94.64,94.64,1
1701159480,94.64,94.64,94.64,94.64,26
1701159780,94.64,94.64,94.64,94.64,1
1701159900,94.64,94.64,94.64,94.64,2530
1701160620,94.64,94.64,94.64,94.64,8
1701161280,94.64,94.64,94.64,94.64,58
1701161700,94.64,94.64,94.64,94.64,88
1701161820,94.64,94.64,94.64,94.64,2
1701161940,94.64,94.64,94.64,94.64,2
1701162180,94.64,94.64,94.64,94.64,118
1701162420,94.64,94.64,94.64,94.64,1
1701162540,94.64,94.64,94.64,94.64,1
1701162780,94.64,94.64,94.64,94.64,3
1701163140,94.64,94.64,94.64,94.64,104
1701163260,94.64,94.64,94.64,94.64,9
1701163320,94.64,94.64,94.64,94.64,1
1701163620,94.64,94.64,94.64,94.64,1
1701164160,94.64,94.64,94.64,94.64,110
1701165840,94.64,94.64,94.64,94.64,42
1701167400,94.635,94.635,94.635,94.635,2
1701169200,94.635,94.635,94.635,94.635,2
1701169560,94.64,94.64,94.64,94.64,2
1701170100,94.64,94.64,94.64,94.64,196
1701170820,94.64,94.64,94.64,94.64,2
1701171840,94.64,94.64,94.64,94.64,32
1701172020,94.64,94.64,94.64,94.64,5
1701172140,94.64,94.64,94.64,94.64,102
1701172200,94.64,94.64,94.64,94.64,472
1701172260,94.64,94.64,94.64,94.64,53
1701172380,94.64,94.64,94.64,94.64,31
1701172440,94.64,94.64,94.64,94.64,1
1701172500,94.64,94.64,94.64,94.64,161
1701172560,94.64,94.64,94.64,94.64,5
1701172740,94.64,94.64,94.64,94.64,148
1701172860,94.64,94.64,94.64,94.64,32
1701173160,94.64,94.64,94.64,94.64,180
1701173520,94.64,94.64,94.64,94.64,13
1701173700,94.64,94.64,94.64,94.64,549
1701173760,94.64,94.64,94.64,94.64,28
1701174900,94.64,94.64,94.64,94.64,140
1701175020,94.64,94.64,94.64,94.64,244
1701175080,94.64,94.64,94.64,94.64,125
1701175380,94.64,94.64,94.64,94.64,19
1701175440,94.64,94.64,94.64,94.64,6
1701175620,94.64,94.64,94.64,94.64,1
1701176160,94.64,94.64,94.64,94.64,13
1701176280,94.64,94.64,94.64,94.64,12
1701176340,94.64,94.64,94.64,94.64,156
1701176400,94.64,94.64,94.64,94.64,52
1701176460,94.64,94.64,94.64,94.64,49
1701176520,94.64,94.64,94.64,94.64,119
1701176580,94.64,94.64,94.64,94.64,37
1701176640,94.64,94.64,94.64,94.64,8
1701176700,94.64,94.64,94.64,94.64,108
1701176880,94.64,94.64,94.64,94.64,250
1701177000,94.64,94.64,94.64,94.64,162
1701177240,94.64,94.64,94.64,94.64,86
1701177300,94.64,94.64,94.64,94.64,97
1701177360,94.64,94.64,94.64,94.64,2
1701177480,94.64,94.64,94.64,94.64,7
1701177540,94.64,94.64,94.64,94.64,1
1701177600,94.64,94.64,94.64,94.64,26
1701177660,94.64,94.64,94.64,94.64,2
1701177720,94.64,94.64,94.64,94.64,3
1701177840,94.64,94.64,94.64,94.64,9
1701177900,94.64,94.64,94.64,94.64,52
1701178140,94.64,94.64,94.64,94.64,57
1701178200,94.64,94.64,94.64,94.64,5
1701178260,94.64,94.64,94.64,94.64,94
1701178320,94.64,94.64,94.64,94.64,51
1701178440,94.645,94.645,94.645,94.645,1
1701178500,94.64,94.64,94.64,94.64,5
1701178620,94.64,94.645,94.64,94.645,10
1701178680,94.645,94.645,94.64,94.64,51
1701178800,94.64,94.64,94.64,94.64,2
1701178860,94.64,94.64,94.64,94.64,6
1701179160,94.645,94.645,94.645,94.645,6
1701179220,94.645,94.645,94.645,94.645,17
1701179280,94.645,94.645,94.645,94.645,7
1701179340,94.645,94.645,94.645,94.645,2
1701179400,94.645,94.645,94.64,94.645,14
1701179580,94.64,94.645,94.64,94.645,47
1701179700,94.64,94.64,94.64,94.64,14
1701180060,94.64,94.64,94.64,94.64,4
1701180120,94.64,94.64,94.64,94.64,39
1701180180,94.645,94.645,94.645,94.645,7
1701180300,94.645,94.645,94.645,94.645,212
1701180480,94.64,94.64,94.64,94.64,4
1701180600,94.64,94.64,94.64,94.64,10
1701180720,94.64,94.64,94.64,94.64,1
1701180840,94.645,94.645,94.645,94.645,41
1701180900,94.645,94.645,94.645,94.645,48
1701181020,94.645,94.645,94.645,94.645,1
1701181200,94.645,94.645,94.645,94.645,1
1701181500,94.64,94.64,94.64,94.64,1
1701181620,94.64,94.64,94.64,94.64,2
1701181680,94.645,94.645,94.64,94.64,25
1701182580,94.645,94.645,94.645,94.645,2
1701182640,94.645,94.645,94.645,94.645,1
1701182760,94.645,94.645,94.645,94.645,22
1701182880,94.645,94.645,94.645,94.645,1
1701183000,94.645,94.645,94.645,94.645,1427
1701183060,94.645,94.645,94.645,94.645,6
1701183120,94.645,94.645,94.645,94.645,318
1701183180,94.645,94.645,94.645,94.645,117
1701183240,94.645,94.645,94.645,94.645,5
1701183300,94.645,94.645,94.645,94.645,77
1701183360,94.645,94.645,94.645,94.645,1
1701183420,94.645,94.645,94.645,94.645,8
1701183480,94.645,94.645,94.645,94.645,1
1701183600,94.645,94.645,94.645,94.645,35
1701183660,94.645,94.645,94.645,94.645,300
1701183780,94.645,94.645,94.645,94.645,541
1701183840,94.65,94.65,94.65,94.65,412
1701183900,94.65,94.65,94.65,94.65,710
1701184020,94.65,94.65,94.65,94.65,5
1701184260,94.645,94.645,94.645,94.645,30
1701184320,94.645,94.645,94.645,94.645,1
1701184380,94.645,94.645,94.645,94.645,34
1701184440,94.645,94.645,94.645,94.645,2
1701184500,94.645,94.645,94.645,94.645,49
1701184620,94.645,94.645,94.645,94.645,1
1701184920,94.645,94.645,94.645,94.645,1
1701184980,94.65,94.65,94.65,94.65,104
1701185100,94.65,94.65,94.645,94.645,20
1701185160,94.65,94.65,94.65,94.65,252
1701185220,94.65,94.65,94.65,94.65,52
1701185280,94.65,94.65,94.65,94.65,40
1701185340,94.65,94.65,94.65,94.65,1223
1701185400,94.65,94.65,94.65,94.65,14
1701185520,94.65,94.65,94.65,94.65,3
1701185580,94.65,94.65,94.65,94.65,1
1701185640,94.65,94.65,94.65,94.65,125
1701185700,94.65,94.65,94.65,94.65,153
1701185760,94.65,94.65,94.65,94.65,1
1701185820,94.65,94.65,94.65,94.65,1
1701185880,94.65,94.65,94.65,94.65,286
1701185940,94.655,94.655,94.655,94.655,711
1701186000,94.655,94.66,94.655,94.66,2515
1701186060,94.66,94.66,94.66,94.66,192
1701186120,94.665,94.665,94.665,94.665,34
1701186180,94.665,94.665,94.655,94.655,1956
1701186240,94.66,94.66,94.66,94.66,587
1701186300,94.66,94.66,94.66,94.66,20
1701186360,94.66,94.66,94.66,94.66,1007
1701186420,94.66,94.66,94.66,94.66,54
1701186480,94.66,94.66,94.66,94.66,221
1701186540,94.66,94.66,94.66,94.66,3374
1701186600,94.655,94.66,94.655,94.66,438
1701186720,94.66,94.66,94.66,94.66,2
1701186900,94.66,94.66,94.66,94.66,1
1701187020,94.66,94.66,94.66,94.66,26
1701187080,94.66,94.66,94.66,94.66,1223
1701187140,94.66,94.66,94.66,94.66,25
1701187200,94.66,94.66,94.66,94.66,7
1701187260,94.66,94.66,94.66,94.66,211
1701187320,94.655,94.66,94.655,94.66,675
1701187380,94.66,94.66,94.66,94.66,167
1701187440,94.66,94.66,94.66,94.66,202
1701187500,94.66,94.66,94.66,94.66,641
1701187680,94.66,94.66,94.66,94.66,5
1701187740,94.66,94.665,94.66,94.665,77
1701187800,94.66,94.66,94.66,94.66,2
1701187860,94.66,94.66,94.66,94.66,1
1701187920,94.66,94.66,94.66,94.66,2
1701187980,94.66,94.66,94.66,94.66,606
1701188040,94.66,94.66,94.66,94.66,184
1701188100,94.66,94.66,94.66,94.66,295
1701188160,94.66,94.66,94.66,94.66,54
1701188220,94.66,94.665,94.66,94.66,19
1701188280,94.66,94.665,94.66,94.665,321
1701188580,94.66,94.66,94.66,94.66,2
1701188640,94.66,94.66,94.66,94.66,2
1701188880,94.665,94.665,94.665,94.665,47
1701189000,94.66,94.66,94.66,94.66,5
1701189120,94.66,94.66,94.66,94.66,207
1701189180,94.66,94.66,94.66,94.66,285
1701189240,94.66,94.66,94.66,94.66,1
1701189300,94.66,94.66,94.66,94.66,6
1701189360,94.66,94.66,94.66,94.66,8
1701189420,94.66,94.66,94.66,94.66,295
1701189480,94.66,94.66,94.66,94.66,3
1701189540,94.66,94.66,94.66,94.66,2
1701189660,94.66,94.66,94.66,94.66,14
1701189720,94.66,94.66,94.66,94.66,851
1701189780,94.66,94.66,94.66,94.66,131
1701189960,94.66,94.66,94.66,94.66,8
1701190260,94.66,94.66,94.66,94.66,2
1701190440,94.66,94.66,94.66,94.66,56
1701190620,94.66,94.66,94.66,94.66,2
1701190860,94.665,94.665,94.665,94.665,139
1701190920,94.665,94.665,94.66,94.665,90
1701190980,94.665,94.665,94.665,94.665,107
1701191040,94.665,94.665,94.665,94.665,123
1701191100,94.66,94.665,94.66,94.665,73
1701191220,94.66,94.66,94.66,94.66,2
1701191460,94.66,94.66,94.66,94.66,8
1701191520,94.66,94.66,94.66,94.66,2
1701191580,94.66,94.66,94.66,94.66,1
1701191700,94.66,94.66,94.66,94.66,2
1701191880,94.66,94.66,94.66,94.66,240
1701191940,94.66,94.66,94.66,94.66,22
1701192060,94.66,94.66,94.66,94.66,2
1701192120,94.66,94.66,94.66,94.66,3005
1701192180,94.66,94.66,94.66,94.66,2
1701192300,94.66,94.66,94.66,94.66,1
1701192360,94.66,94.66,94.66,94.66,2
1701192480,94.66,94.66,94.66,94.66,24
1701192540,94.66,94.66,94.66,94.66,7
1701192720,94.66,94.66,94.66,94.66,5
1701192840,94.66,94.66,94.66,94.66,1
1701192900,94.66,94.66,94.66,94.66,1
1701193020,94.66,94.66,94.66,94.66,3
1701193080,94.66,94.66,94.66,94.66,404
1701193140,94.66,94.66,94.66,94.66,4
1701193200,94.66,94.66,94.66,94.66,9
1701193260,94.66,94.66,94.66,94.66,1
1701193320,94.66,94.66,94.66,94.66,5
1701193380,94.66,94.66,94.66,94.66,1
1701193500,94.66,94.66,94.66,94.66,39
1701193680,94.66,94.66,94.66,94.66,7
1701193740,94.665,94.665,94.665,94.665,64
1701193920,94.665,94.665,94.665,94.665,200
1701193980,94.66,94.66,94.66,94.66,66
1701194160,94.66,94.66,94.66,94.66,1428
1701194220,94.66,94.66,94.66,94.66,104
1701194280,94.66,94.66,94.66,94.66,236
1701194340,94.66,94.665,94.66,94.66,33
1701194460,94.66,94.66,94.66,94.66,123
1701194760,94.655,94.655,94.655,94.655,3
1701195060,94.655,94.655,94.655,94.655,326
1701195360,94.655,94.655,94.655,94.655,2
1701195420,94.655,94.655,94.655,94.655,4
1701195480,94.655,94.655,94.655,94.655,1
1701195540,94.655,94.655,94.655,94.655,1
1701195600,94.655,94.655,94.655,94.655,54
1701195660,94.655,94.655,94.655,94.655,1
1701195780,94.655,94.655,94.655,94.655,1
1701195900,94.655,94.655,94.655,94.655,1
1701195960,94.655,94.655,94.655,94.655,1
1701196080,94.655,94.655,94.655,94.655,659
1701196200,94.655,94.66,94.655,94.66,2
1701196260,94.655,94.655,94.655,94.655,100
1701196440,94.655,94.655,94.655,94.655,100
1701196500,94.655,94.655,94.655,94.655,46
1701196560,94.655,94.655,94.655,94.655,4
1701196620,94.655,94.655,94.655,94.655,1
1701196740,94.655,94.655,94.655,94.655,1
1701196860,94.655,94.655,94.655,94.655,201
1701196980,94.655,94.655,94.655,94.655,50
1701197040,94.655,94.655,94.655,94.655,1
1701197160,94.655,94.655,94.655,94.655,1
1701197280,94.655,94.655,94.655,94.655,1
1701197400,94.655,94.655,94.655,94.655,1
1701197580,94.655,94.655,94.655,94.655,27
1701197640,94.655,94.655,94.655,94.655,5
1701197700,94.655,94.655,94.655,94.655,20
1701197760,94.655,94.655,94.655,94.655,47
1701197820,94.655,94.655,94.655,94.655,1
1701197940,94.655,94.655,94.655,94.655,2
1701198060,94.655,94.66,94.655,94.66,39
1701198120,94.655,94.655,94.655,94.655,1
1701198180,94.66,94.66,94.655,94.655,5
1701198240,94.655,94.655,94.655,94.655,6
1701198360,94.655,94.655,94.655,94.655,1
1701198420,94.655,94.655,94.655,94.655,6
1701198480,94.655,94.655,94.655,94.655,9
1701198540,94.655,94.655,94.655,94.655,58
1701198660,94.655,94.655,94.655,94.655,47
1701198780,94.655,94.655,94.655,94.655,3
1701199320,94.655,94.655,94.655,94.655,1
1701199440,94.655,94.655,94.655,94.655,1
1701199860,94.655,94.655,94.655,94.655,2
1701200160,94.655,94.66,94.655,94.66,10
1701200220,94.655,94.655,94.655,94.655,33
1701200340,94.655,94.655,94.655,94.655,4435
1701200400,94.655,94.655,94.655,94.655,1
1701200460,94.655,94.655,94.655,94.655,214
1701200760,94.655,94.655,94.655,94.655,23
1701200820,94.655,94.655,94.655,94.655,5
1701200880,94.655,94.655,94.655,94.655,32
1701201240,94.655,94.655,94.655,94.655,2
1701201360,94.655,94.655,94.655,94.655,1
1701201540,94.655,94.655,94.655,94.655,13
1701201660,94.655,94.655,94.655,94.655,4
1701201840,94.655,94.655,94.655,94.655,1
1701201960,94.655,94.655,94.655,94.655,2
1701202080,94.655,94.655,94.655,94.655,9
1701202140,94.655,94.655,94.655,94.655,28
1701202260,94.655,94.655,94.655,94.655,2
1701202380,94.655,94.655,94.655,94.655,4
1701202440,94.655,94.655,94.655,94.655,16
1701202560,94.655,94.655,94.655,94.655,2
1701202620,94.655,94.655,94.655,94.655,16
1701202680,94.655,94.655,94.655,94.655,3149
1701202740,94.655,94.655,94.655,94.655,48
1701202800,94.655,94.655,94.655,94.655,321
1701202860,94.655,94.655,94.655,94.655,10
1701203040,94.655,94.655,94.655,94.655,2
1701203160,94.655,94.655,94.655,94.655,1
1701203340,94.655,94.66,94.655,94.66,3
1701203460,94.66,94.66,94.655,94.655,3
1701203580,94.66,94.66,94.66,94.66,107
1701203640,94.655,94.655,94.655,94.655,2
1701203760,94.655,94.655,94.655,94.655,1
1701203940,94.655,94.655,94.655,94.655,2
1701204000,94.66,94.66,94.66,94.66,1
1701204060,94.66,94.66,94.66,94.66,2
1701204120,94.655,94.66,94.655,94.66,2357
1701204180,94.66,94.66,94.66,94.66,265
1701204240,94.66,94.66,94.66,94.66,17
1701204420,94.66,94.66,94.66,94.66,42
1701204480,94.66,94.66,94.66,94.66,8
1701204540,94.66,94.66,94.66,94.66,3
1701204660,94.66,94.66,94.66,94.66,2
1701204720,94.66,94.66,94.66,94.66,1
1701204840,94.66,94.66,94.66,94.66,13
1701204900,94.66,94.66,94.66,94.66,1
1701204960,94.66,94.66,94.66,94.66,16
1701205080,94.66,94.66,94.66,94.66,2
1701205140,94.66,94.665,94.66,94.665,24
1701205200,94.66,94.66,94.66,94.66,10
1701205380,94.66,94.66,94.66,94.66,1
1701205440,94.66,94.66,94.66,94.66,1
1701205980,94.66,94.66,94.66,94.66,9
1701206760,94.66,94.66,94.66,94.66,9
1701206820,94.66,94.66,94.66,94.66,25
1701207060,94.66,94.66,94.66,94.66,1
1701207420,94.66,94.66,94.66,94.66,500
1701207540,94.665,94.665,94.665,94.665,15
1701207660,94.66,94.66,94.66,94.66,1
1701207720,94.66,94.66,94.66,94.66,2
1701207900,94.66,94.66,94.66,94.66,6
1701207960,94.66,94.66,94.66,94.66,21
1701208080,94.66,94.66,94.66,94.66,8
1701208140,94.66,94.66,94.66,94.66,21
1701208380,94.66,94.66,94.66,94.66,2
1701208500,94.66,94.66,94.66,94.66,7
1701208560,94.66,94.66,94.66,94.66,3
1701208680,94.665,94.665,94.665,94.665,51
1701208740,94.66,94.665,94.66,94.665,91
1701212400,94.665,94.665,94.665,94.665,69
1701213300,94.665,94.665,94.665,94.665,4
1701214020,94.665,94.665,94.665,94.665,1
1701214080,94.665,94.665,94.665,94.665,2500
1701214140,94.665,94.665,94.665,94.665,2500
1701214440,94.665,94.665,94.665,94.665,200
1701214800,94.665,94.665,94.665,94.665,640
1701214920,94.665,94.665,94.665,94.665,50
1701215400,94.665,94.665,94.665,94.665,13
1701217920,94.665,94.665,94.665,94.665,6
1701219180,94.665,94.665,94.665,94.665,8
1701219900,94.665,94.665,94.665,94.665,47
1701220200,94.665,94.665,94.665,94.665,1
1701220560,94.665,94.665,94.665,94.665,1
1701221760,94.665,94.665,94.665,94.665,16
1701221940,94.665,94.665,94.665,94.665,361
1701222000,94.665,94.665,94.665,94.665,64
1701222180,94.665,94.665,94.665,94.665,262
1701222420,94.665,94.665,94.665,94.665,25
1701222480,94.665,94.665,94.665,94.665,37
1701222540,94.665,94.665,94.665,94.665,20
1701222600,94.665,94.665,94.665,94.665,36
1701222900,94.665,94.665,94.665,94.665,17
1701223140,94.665,94.665,94.665,94.665,46
1701223200,94.665,94.665,94.665,94.665,22
1701223260,94.665,94.665,94.665,94.665,13
1701223320,94.665,94.665,94.665,94.665,4
1701223380,94.665,94.665,94.665,94.665,5
1701223440,94.665,94.665,94.665,94.665,1
1701223500,94.665,94.665,94.665,94.665,19
1701223920,94.665,94.665,94.665,94.665,22
1701224040,94.665,94.665,94.665,94.665,255
1701225960,94.665,94.665,94.665,94.665,105
1701226200,94.665,94.665,94.665,94.665,4
1701226320,94.66,94.665,94.66,94.665,61
1701234900,94.665,94.665,94.665,94.665,90
1701236940,94.665,94.665,94.665,94.665,207
1701237360,94.665,94.665,94.665,94.665,53
1701237420,94.665,94.665,94.665,94.665,141
1701237540,94.665,94.67,94.665,94.67,1755
1701237720,94.67,94.67,94.67,94.67,2
1701238380,94.67,94.67,94.67,94.67,279
1701238440,94.67,94.67,94.67,94.67,41
1701238980,94.67,94.67,94.67,94.67,165
1701239040,94.67,94.67,94.67,94.67,20
1701239160,94.67,94.67,94.67,94.67,6
1701239400,94.67,94.67,94.67,94.67,17
1701239460,94.67,94.67,94.67,94.67,38
1701239520,94.67,94.67,94.67,94.67,104
1701239580,94.67,94.67,94.67,94.67,34
1701239820,94.67,94.67,94.67,94.67,3
1701240240,94.67,94.67,94.67,94.67,106
1701240300,94.67,94.67,94.67,94.67,38
1701240360,94.67,94.67,94.67,94.67,20
1701240720,94.67,94.67,94.67,94.67,25
1701240840,94.67,94.67,94.67,94.67,76
1701240900,94.67,94.67,94.67,94.67,65
1701241020,94.67,94.67,94.67,94.67,189
1701241140,94.67,94.67,94.67,94.67,16
1701241200,94.67,94.67,94.67,94.67,129
1701241260,94.67,94.67,94.67,94.67,5
1701241440,94.67,94.67,94.67,94.67,22
1701241560,94.67,94.67,94.67,94.67,20
1701241620,94.67,94.67,94.67,94.67,1
1701241740,94.67,94.67,94.67,94.67,201
1701241860,94.67,94.67,94.67,94.67,15
1701242220,94.67,94.67,94.67,94.67,35
1701242520,94.67,94.67,94.67,94.67,30
1701242580,94.665,94.665,94.665,94.665,92
1701242640,94.67,94.67,94.67,94.67,69
1701242700,94.67,94.67,94.67,94.67,90
1701242760,94.67,94.67,94.67,94.67,54
1701242820,94.67,94.67,94.665,94.665,107
1701242880,94.665,94.665,94.665,94.665,68
1701242940,94.67,94.67,94.665,94.665,673
1701243000,94.67,94.67,94.665,94.67,115
1701243120,94.67,94.67,94.67,94.67,56
1701243180,94.67,94.675,94.67,94.67,359
1701243360,94.67,94.67,94.67,94.67,205
1701243540,94.665,94.665,94.665,94.665,1
1701243840,94.67,94.67,94.67,94.67,12
1701244200,94.67,94.67,94.67,94.67,100
1701244440,94.67,94.67,94.67,94.67,3
1701244500,94.67,94.67,94.67,94.67,1
1701244680,94.67,94.67,94.67,94.67,270
1701244740,94.67,94.67,94.665,94.665,5
1701244800,94.67,94.67,94.67,94.67,915
1701244860,94.67,94.67,94.67,94.67,24
1701244920,94.67,94.67,94.67,94.67,35
1701245100,94.675,94.675,94.675,94.675,50
1701245160,94.67,94.67,94.67,94.67,10
1701245400,94.67,94.67,94.67,94.67,4
1701245640,94.67,94.67,94.67,94.67,258
1701245880,94.67,94.67,94.67,94.67,164
1701245940,94.67,94.67,94.67,94.67,76
1701246000,94.67,94.67,94.67,94.67,1
1701246060,94.67,94.67,94.67,94.67,428
1701246120,94.67,94.67,94.67,94.67,536
1701246180,94.67,94.67,94.67,94.67,192
1701246240,94.67,94.67,94.67,94.67,207
1701246300,94.67,94.67,94.67,94.67,1
1701246600,94.67,94.67,94.67,94.67,1039
1701246660,94.67,94.67,94.67,94.67,38
1701246720,94.67,94.67,94.67,94.67,1000
1701246840,94.675,94.675,94.675,94.675,120
1701247380,94.67,94.67,94.67,94.67,5
1701247440,94.67,94.67,94.67,94.67,63
1701247560,94.67,94.67,94.67,94.67,2
1701247860,94.67,94.67,94.67,94.67,366
1701248160,94.67,94.67,94.67,94.67,35
1701248340,94.67,94.67,94.67,94.67,2
1701248400,94.67,94.67,94.67,94.67,139
1701248460,94.67,94.67,94.67,94.67,26
1701249720,94.675,94.675,94.67,94.67,330
1701249780,94.67,94.67,94.67,94.67,1
1701250200,94.675,94.675,94.675,94.675,9
1701250260,94.67,94.67,94.67,94.67,1
1701250320,94.67,94.67,94.67,94.67,6
1701250440,94.67,94.67,94.67,94.67,1
1701250740,94.67,94.67,94.67,94.67,6
1701250800,94.67,94.67,94.67,94.67,105
1701250860,94.67,94.67,94.67,94.67,2
1701252120,94.675,94.675,94.675,94.675,1
1701252360,94.67,94.67,94.67,94.67,1
1701252540,94.67,94.67,94.67,94.67,4
1701253860,94.67,94.67,94.67,94.67,1
1701253980,94.67,94.67,94.67,94.67,22
1701254880,94.67,94.67,94.67,94.67,1400
1701254940,94.67,94.67,94.67,94.67,142
1701255060,94.67,94.67,94.67,94.67,1
1701255300,94.67,94.67,94.67,94.67,56
1701255780,94.67,94.67,94.67,94.67,55
1701255840,94.67,94.67,94.67,94.67,2
1701255900,94.67,94.67,94.67,94.67,205
1701256560,94.67,94.67,94.67,94.67,60
1701257160,94.675,94.675,94.67,94.67,6
1701257640,94.67,94.67,94.67,94.67,1
1701257760,94.67,94.67,94.67,94.67,1352
1701257940,94.67,94.67,94.67,94.67,1
1701258600,94.67,94.67,94.67,94.67,10
1701259380,94.67,94.67,94.67,94.67,404
1701259680,94.67,94.67,94.67,94.67,1
1701260280,94.67,94.67,94.67,94.67,346
1701260400,94.67,94.67,94.67,94.67,14
1701260520,94.67,94.67,94.67,94.67,1
1701260640,94.67,94.67,94.67,94.67,33
1701260820,94.67,94.67,94.67,94.67,21
1701260940,94.67,94.67,94.67,94.67,211
1701261120,94.67,94.67,94.67,94.67,26
1701261180,94.67,94.67,94.67,94.67,91
1701261360,94.67,94.67,94.67,94.67,4
1701261420,94.675,94.675,94.675,94.675,1
1701261660,94.67,94.67,94.67,94.67,7
1701261960,94.675,94.675,94.675,94.675,1
1701262560,94.67,94.67,94.67,94.67,21
1701262620,94.675,94.675,94.67,94.67,12
1701262680,94.67,94.67,94.67,94.67,21
1701262740,94.67,94.67,94.67,94.67,30
1701262800,94.67,94.67,94.67,94.67,3
1701262980,94.67,94.67,94.67,94.67,10
1701263040,94.675,94.675,94.67,94.67,29
1701263400,94.675,94.675,94.675,94.675,1
1701263460,94.675,94.675,94.675,94.675,250
1701263580,94.675,94.675,94.675,94.675,253
1701263640,94.675,94.675,94.675,94.675,1
1701263700,94.675,94.675,94.675,94.675,1
1701263820,94.675,94.675,94.675,94.675,1
1701264000,94.67,94.67,94.67,94.67,5
1701264120,94.675,94.675,94.675,94.675,17
1701264180,94.67,94.675,94.67,94.675,127
1701264300,94.675,94.675,94.675,94.675,3
1701264360,94.67,94.67,94.67,94.67,10
1701264480,94.675,94.675,94.675,94.675,3055
1701264540,94.675,94.675,94.67,94.67,751
1701264600,94.67,94.675,94.67,94.675,3669
1701264660,94.675,94.68,94.675,94.675,433
1701264720,94.675,94.675,94.675,94.675,90
1701264780,94.675,94.675,94.67,94.67,1091
1701264900,94.675,94.675,94.675,94.675,1
1701264960,94.675,94.675,94.67,94.67,224
1701265020,94.67,94.67,94.67,94.67,10
1701265080,94.67,94.67,94.67,94.67,1821
1701265140,94.675,94.675,94.675,94.675,2
1701265260,94.67,94.675,94.67,94.675,28
1701265320,94.675,94.675,94.675,94.675,2
1701265440,94.67,94.675,94.67,94.675,398
1701265500,94.675,94.675,94.675,94.675,1
1701265560,94.675,94.675,94.67,94.675,745
1701265620,94.675,94.675,94.675,94.675,31
1701265800,94.675,94.675,94.675,94.675,6
1701266040,94.67,94.675,94.67,94.67,131
1701266160,94.675,94.675,94.675,94.675,87
1701266220,94.67,94.67,94.67,94.67,39
1701266340,94.675,94.675,94.67,94.67,22
1701266400,94.675,94.675,94.675,94.675,1
1701266460,94.67,94.67,94.67,94.67,20
1701266580,94.675,94.675,94.675,94.675,1
1701266640,94.675,94.675,94.675,94.675,1
1701266700,94.675,94.675,94.675,94.675,71
1701266760,94.675,94.675,94.675,94.675,1
1701266820,94.675,94.675,94.675,94.675,1
1701266880,94.675,94.675,94.67,94.675,5
1701267000,94.675,94.675,94.675,94.675,1
1701267120,94.67,94.67,94.67,94.67,43
1701267180,94.67,94.67,94.67,94.67,1
1701267240,94.675,94.675,94.675,94.675,2
1701267480,94.67,94.67,94.67,94.67,10
1701267600,94.675,94.675,94.675,94.675,1
1701268020,94.675,94.675,94.675,94.675,1
1701268200,94.67,94.67,94.67,94.67,18
1701268440,94.675,94.675,94.675,94.675,1
1701268500,94.675,94.675,94.675,94.675,1
1701268620,94.675,94.675,94.675,94.675,1870
1701268680,94.675,94.675,94.675,94.675,200
1701268740,94.675,94.675,94.675,94.675,74
1701268860,94.675,94.675,94.675,94.675,35
1701268920,94.675,94.675,94.675,94.675,230
1701268980,94.675,94.675,94.675,94.675,261
1701269040,94.675,94.675,94.675,94.675,100
1701269100,94.675,94.675,94.675,94.675,47
1701269160,94.675,94.675,94.675,94.675,205
1701269220,94.675,94.675,94.675,94.675,55
1701269280,94.68,94.68,94.68,94.68,17
1701269340,94.68,94.68,94.675,94.675,7
1701269460,94.675,94.675,94.675,94.675,15
1701269520,94.675,94.675,94.675,94.675,10
1701269580,94.675,94.675,94.675,94.675,304
1701270060,94.68,94.68,94.675,94.68,174
1701270120,94.68,94.68,94.68,94.68,22
1701270180,94.68,94.685,94.68,94.685,1381
1701270240,94.685,94.685,94.685,94.685,5
1701270300,94.685,94.685,94.68,94.68,530
1701270360,94.685,94.685,94.675,94.675,412
1701270420,94.675,94.68,94.675,94.68,5
1701270480,94.68,94.68,94.675,94.675,30
1701270540,94.675,94.68,94.675,94.675,16
1701270600,94.675,94.675,94.67,94.675,1035
1701270660,94.675,94.675,94.675,94.675,313
1701270720,94.675,94.675,94.675,94.675,1600
1701270780,94.675,94.675,94.675,94.675,409
1701270840,94.675,94.675,94.675,94.675,2
1701270900,94.675,94.675,94.675,94.675,2
1701270960,94.675,94.675,94.675,94.675,2
1701271020,94.675,94.675,94.675,94.675,28
1701271080,94.675,94.675,94.675,94.675,2
1701271140,94.675,94.675,94.675,94.675,1
1701271200,94.675,94.675,94.675,94.675,2
1701271320,94.675,94.675,94.675,94.675,2
1701271380,94.675,94.675,94.675,94.675,1
1701271440,94.675,94.675,94.67,94.675,8
1701271500,94.675,94.675,94.675,94.675,1
1701271560,94.675,94.675,94.675,94.675,1
1701271620,94.675,94.675,94.675,94.675,4
1701271680,94.675,94.675,94.675,94.675,4
1701271740,94.675,94.675,94.675,94.675,2
1701271800,94.675,94.675,94.675,94.675,45
1701271860,94.675,94.675,94.675,94.675,2
1701271920,94.675,94.675,94.675,94.675,1
1701272040,94.67,94.67,94.67,94.67,1000
1701272100,94.675,94.675,94.675,94.675,1201
1701272160,94.675,94.675,94.67,94.67,107
1701272220,94.675,94.675,94.675,94.675,1
1701272280,94.675,94.675,94.675,94.675,2
1701272340,94.675,94.675,94.675,94.675,1
1701272400,94.675,94.675,94.675,94.675,1
1701272460,94.675,94.675,94.675,94.675,3
1701272520,94.67,94.67,94.67,94.67,29
1701272580,94.675,94.675,94.675,94.675,1
1701272640,94.675,94.675,94.675,94.675,2
1701272700,94.675,94.675,94.675,94.675,3
1701272760,94.675,94.675,94.675,94.675,2
1701272820,94.675,94.675,94.675,94.675,3
1701272880,94.675,94.675,94.675,94.675,3
1701273000,94.675,94.675,94.67,94.675,9821
1701273060,94.675,94.68,94.675,94.675,369
1701273120,94.68,94.68,94.68,94.68,2
1701273180,94.68,94.68,94.68,94.68,1
1701273240,94.68,94.68,94.68,94.68,4
1701273300,94.68,94.68,94.68,94.68,1
1701273360,94.68,94.68,94.68,94.68,2
1701273420,94.68,94.68,94.68,94.68,1
1701273480,94.68,94.68,94.68,94.68,2
1701273540,94.68,94.68,94.68,94.68,3
1701273600,94.68,94.68,94.68,94.68,6
1701273660,94.68,94.68,94.68,94.68,2
1701273720,94.675,94.675,94.675,94.675,4
1701273780,94.68,94.68,94.68,94.68,3
1701273900,94.68,94.68,94.68,94.68,1
1701273960,94.68,94.68,94.68,94.68,3
1701274020,94.68,94.68,94.68,94.68,1
1701274080,94.675,94.68,94.675,94.68,24
1701274140,94.675,94.675,94.675,94.675,4
1701274200,94.68,94.68,94.675,94.68,503
1701274260,94.68,94.68,94.68,94.68,1
1701274320,94.68,94.68,94.68,94.68,3
1701274380,94.68,94.68,94.68,94.68,2
1701274440,94.68,94.68,94.68,94.68,2
1701274500,94.68,94.68,94.68,94.68,4
1701274560,94.68,94.68,94.68,94.68,4
1701274680,94.68,94.68,94.68,94.68,2
1701274740,94.68,94.68,94.68,94.68,4
1701274800,94.68,94.68,94.68,94.68,2
1701274860,94.68,94.68,94.68,94.68,1
1701274920,94.68,94.68,94.68,94.68,1
1701274980,94.68,94.68,94.675,94.675,34
1701275040,94.68,94.68,94.68,94.68,1
1701275100,94.68,94.68,94.68,94.68,2
1701275160,94.675,94.68,94.675,94.68,77
1701275220,94.675,94.68,94.675,94.68,247
1701275280,94.675,94.675,94.675,94.675,21
1701275340,94.68,94.68,94.675,94.675,291
1701275400,94.675,94.675,94.675,94.675,37
1701275460,94.68,94.68,94.675,94.675,3
1701275520,94.68,94.68,94.68,94.68,3
1701275580,94.675,94.675,94.675,94.675,2
1701275640,94.675,94.675,94.675,94.675,8
1701275700,94.68,94.68,94.675,94.675,10
1701275760,94.68,94.68,94.675,94.675,3
1701275820,94.675,94.68,94.675,94.675,212
1701275880,94.675,94.675,94.675,94.675,367
1701276000,94.675,94.675,94.675,94.675,2
1701276060,94.675,94.675,94.675,94.675,1
1701276180,94.675,94.675,94.675,94.675,2
1701276240,94.675,94.675,94.675,94.675,1
1701276300,94.675,94.675,94.675,94.675,51
1701276360,94.675,94.675,94.675,94.675,2
1701276420,94.67,94.675,94.67,94.675,177
1701276480,94.675,94.68,94.675,94.675,103
1701276600,94.675,94.675,94.675,94.675,2
1701276660,94.675,94.675,94.675,94.675,1
1701276780,94.675,94.675,94.675,94.675,2
1701276840,94.675,94.675,94.675,94.675,3
1701276960,94.675,94.675,94.675,94.675,1
1701277020,94.675,94.675,94.675,94.675,3
1701277080,94.675,94.675,94.675,94.675,22
1701277140,94.675,94.675,94.675,94.675,2
1701277260,94.675,94.675,94.675,94.675,2
1701277320,94.67,94.675,94.67,94.675,8
1701277380,94.675,94.675,94.675,94.675,115
1701277500,94.675,94.675,94.675,94.675,2
1701277560,94.675,94.675,94.675,94.675,2
1701277680,94.675,94.675,94.675,94.675,2
1701277740,94.675,94.675,94.675,94.675,2
1701277800,94.675,94.675,94.675,94.675,1
1701277860,94.67,94.675,94.67,94.675,6
1701277920,94.675,94.675,94.675,94.675,1
1701278040,94.675,94.675,94.675,94.675,4
1701278100,94.675,94.675,94.675,94.675,4
1701278220,94.675,94.675,94.675,94.675,2
1701278280,94.675,94.675,94.675,94.675,2
1701278340,94.675,94.675,94.675,94.675,2
1701278400,94.675,94.675,94.675,94.675,1
1701278460,94.675,94.675,94.675,94.675,2
1701278520,94.675,94.675,94.675,94.675,1
1701278580,94.675,94.675,94.675,94.675,2
1701278760,94.675,94.675,94.675,94.675,1
1701278820,94.675,94.675,94.675,94.675,2
1701278880,94.675,94.675,94.675,94.675,3
1701278940,94.675,94.675,94.675,94.675,6
1701279000,94.67,94.67,94.67,94.67,7
1701279060,94.675,94.675,94.675,94.675,2
1701279240,94.675,94.675,94.675,94.675,2
1701279360,94.675,94.675,94.675,94.675,2
1701279480,94.675,94.675,94.675,94.675,10
1701279540,94.675,94.675,94.675,94.675,1
1701279600,94.675,94.675,94.675,94.675,1
1701279660,94.675,94.675,94.675,94.675,1
1701279720,94.675,94.675,94.675,94.675,2
1701279780,94.67,94.67,94.67,94.67,4
1701279840,94.67,94.675,94.67,94.675,47
1701279960,94.675,94.675,94.67,94.675,51
1701280020,94.675,94.675,94.675,94.675,1
1701280140,94.675,94.675,94.675,94.675,2
1701280260,94.675,94.675,94.675,94.675,2
1701280320,94.675,94.675,94.675,94.675,2
1701280380,94.675,94.675,94.675,94.675,2
1701280440,94.67,94.675,94.67,94.675,4
1701280560,94.675,94.675,94.675,94.675,9
1701280620,94.675,94.675,94.675,94.675,108
1701280680,94.675,94.675,94.675,94.675,2
1701280740,94.675,94.675,94.675,94.675,2
1701280800,94.675,94.675,94.675,94.675,2
1701280860,94.675,94.675,94.67,94.67,4
1701280920,94.675,94.675,94.675,94.675,2
1701280980,94.675,94.675,94.675,94.675,2
1701281040,94.675,94.675,94.675,94.675,1
1701281100,94.675,94.675,94.675,94.675,4
1701281160,94.675,94.675,94.675,94.675,1
1701281220,94.675,94.675,94.67,94.67,12
1701281340,94.675,94.675,94.675,94.675,3
1701281460,94.675,94.675,94.675,94.675,4
1701281520,94.675,94.675,94.675,94.675,2
1701281700,94.675,94.675,94.675,94.675,1
1701281760,94.675,94.675,94.675,94.675,1
1701281820,94.675,94.675,94.675,94.675,2
1701281940,94.675,94.675,94.675,94.675,1
1701282000,94.675,94.675,94.675,94.675,2
1701282060,94.675,94.675,94.675,94.675,3
1701282120,94.67,94.67,94.67,94.67,2
1701282180,94.675,94.675,94.675,94.675,2
1701282240,94.675,94.675,94.675,94.675,2
1701282300,94.675,94.675,94.675,94.675,1
1701282360,94.675,94.675,94.675,94.675,2
1701282480,94.675,94.675,94.675,94.675,1
1701282600,94.675,94.675,94.675,94.675,2
1701282720,94.675,94.675,94.675,94.675,2
1701282900,94.675,94.675,94.675,94.675,2
1701283020,94.675,94.675,94.675,94.675,2
1701283080,94.67,94.67,94.67,94.67,24
1701283200,94.675,94.675,94.675,94.675,1
1701283320,94.675,94.675,94.675,94.675,1
1701283380,94.675,94.675,94.675,94.675,1
1701283440,94.675,94.675,94.675,94.675,2
1701283500,94.675,94.675,94.675,94.675,1
1701283680,94.675,94.675,94.67,94.67,28
1701283860,94.675,94.675,94.675,94.675,1
1701283920,94.675,94.675,94.675,94.675,2
1701284220,94.675,94.675,94.675,94.675,3
1701284340,94.675,94.675,94.675,94.675,5
1701284400,94.675,94.675,94.675,94.675,1
1701284460,94.675,94.675,94.675,94.675,2
1701284520,94.675,94.675,94.675,94.675,2
1701284580,94.675,94.675,94.675,94.675,1
1701284640,94.675,94.675,94.675,94.675,3
1701284700,94.675,94.675,94.675,94.675,1
1701284760,94.675,94.675,94.675,94.675,2
1701284880,94.675,94.675,94.675,94.675,2
1701284940,94.67,94.67,94.67,94.67,4
1701285060,94.67,94.67,94.67,94.67,12
1701285120,94.67,94.675,94.67,94.67,6
1701285180,94.67,94.67,94.67,94.67,1
1701285240,94.675,94.675,94.67,94.67,38
1701285300,94.67,94.675,94.67,94.67,3
1701285360,94.67,94.67,94.67,94.67,1
1701285420,94.675,94.675,94.67,94.67,6
1701285480,94.675,94.675,94.67,94.67,5
1701285600,94.67,94.675,94.67,94.675,3
1701285720,94.675,94.675,94.67,94.67,116
1701285780,94.67,94.675,94.67,94.675,148
1701285900,94.675,94.675,94.67,94.67,10
1701286020,94.67,94.67,94.67,94.67,1
1701286080,94.675,94.675,94.675,94.675,1
1701286200,94.675,94.675,94.675,94.675,1
1701286260,94.675,94.675,94.675,94.675,2
1701286380,94.67,94.675,94.67,94.67,7
1701286440,94.67,94.67,94.67,94.67,3
1701286500,94.67,94.675,94.67,94.67,7
1701286560,94.67,94.675,94.67,94.67,104
1701286620,94.675,94.675,94.675,94.675,2
1701286680,94.675,94.675,94.67,94.67,5
1701286740,94.675,94.675,94.675,94.675,2
1701286800,94.675,94.675,94.67,94.675,4
1701286920,94.675,94.675,94.675,94.675,2
1701286980,94.675,94.675,94.675,94.675,1
1701287040,94.67,94.67,94.67,94.67,15
1701287100,94.675,94.675,94.675,94.675,2
1701287160,94.67,94.675,94.67,94.675,6
1701287220,94.675,94.675,94.675,94.675,1
1701287280,94.67,94.675,94.67,94.67,5
1701287340,94.675,94.675,94.675,94.675,3
1701287400,94.675,94.675,94.675,94.675,8
1701287520,94.675,94.675,94.675,94.675,3
1701287580,94.675,94.675,94.67,94.675,7
1701287640,94.675,94.675,94.675,94.675,3
1701287760,94.675,94.675,94.675,94.675,1
1701287940,94.675,94.675,94.675,94.675,58
1701288120,94.675,94.675,94.675,94.675,2
1701288180,94.675,94.675,94.675,94.675,1
1701288240,94.675,94.675,94.675,94.675,41
1701288300,94.675,94.675,94.675,94.675,1
1701288480,94.675,94.675,94.675,94.675,2
1701288600,94.675,94.675,94.675,94.675,2
1701288660,94.675,94.675,94.675,94.675,1
1701288720,94.675,94.675,94.675,94.675,3
1701288840,94.675,94.675,94.675,94.675,2
1701288900,94.675,94.675,94.675,94.675,1
1701289080,94.675,94.675,94.675,94.675,2
1701289140,94.675,94.675,94.675,94.675,2
1701289260,94.675,94.675,94.675,94.675,1
1701289320,94.675,94.675,94.675,94.675,1
1701289380,94.675,94.675,94.675,94.675,2
1701289440,94.675,94.675,94.675,94.675,2
1701289560,94.675,94.675,94.675,94.675,1
1701289740,94.675,94.675,94.675,94.675,2
1701289800,94.675,94.675,94.675,94.675,2
1701289980,94.675,94.675,94.675,94.675,1
1701290040,94.675,94.675,94.675,94.675,2
1701290100,94.67,94.67,94.67,94.67,44
1701290280,94.675,94.675,94.675,94.675,2
1701290400,94.675,94.675,94.675,94.675,1
1701290580,94.675,94.675,94.675,94.675,1
1701290640,94.675,94.675,94.675,94.675,2
1701290940,94.675,94.675,94.675,94.675,2
1701291120,94.675,94.675,94.675,94.675,1
1701291180,94.675,94.675,94.675,94.675,252
1701291240,94.675,94.675,94.675,94.675,15
1701291480,94.675,94.675,94.675,94.675,1
1701291540,94.675,94.675,94.675,94.675,2
1701292080,94.675,94.675,94.675,94.675,55
1701292320,94.67,94.67,94.67,94.67,92
1701292440,94.67,94.67,94.67,94.67,13
1701292500,94.67,94.675,94.67,94.675,50
1701292860,94.675,94.675,94.675,94.675,803
1701293700,94.67,94.67,94.67,94.67,4
1701293940,94.675,94.675,94.675,94.675,30
1701294060,94.675,94.675,94.675,94.675,167
1701294180,94.67,94.675,94.67,94.67,847
1701294540,94.675,94.675,94.675,94.675,29
1701294600,94.675,94.675,94.675,94.675,2
1701294660,94.675,94.675,94.675,94.675,1
1701294720,94.67,94.675,94.67,94.675,68
1701294780,94.675,94.675,94.675,94.675,1
1701294900,94.67,94.67,94.67,94.67,7
1701295020,94.675,94.675,94.675,94.675,8
1701295080,94.67,94.67,94.67,94.67,43
1701295140,94.675,94.675,94.675,94.675,8
1701298800,94.675,94.675,94.675,94.675,165
1701304620,94.675,94.675,94.675,94.675,1
1701306120,94.67,94.67,94.67,94.67,2
1701306600,94.67,94.67,94.67,94.67,1
1701308280,94.67,94.67,94.67,94.67,87
1701309780,94.67,94.67,94.67,94.67,1
1701310500,94.67,94.67,94.67,94.67,1
1701311820,94.67,94.67,94.67,94.67,1
1701312720,94.675,94.675,94.675,94.675,150
1701315300,94.67,94.67,94.67,94.67,2
1701318000,94.67,94.67,94.67,94.67,1
1701318060,94.67,94.67,94.67,94.67,5
1701318780,94.67,94.67,94.67,94.67,33
1701320280,94.67,94.67,94.67,94.67,1
1701321660,94.67,94.67,94.67,94.67,1
1701329760,94.67,94.67,94.67,94.67,355
1701330120,94.67,94.67,94.67,94.67,649
1701330180,94.67,94.67,94.67,94.67,2
1701330240,94.67,94.67,94.67,94.67,2
1701330300,94.67,94.67,94.67,94.67,18
1701330360,94.67,94.67,94.67,94.67,62
1701330420,94.67,94.67,94.67,94.67,3
1701330540,94.67,94.67,94.67,94.67,1
1701332220,94.67,94.67,94.67,94.67,1
1701332820,94.675,94.675,94.675,94.675,1
1701333300,94.67,94.67,94.67,94.67,3
1701333420,94.67,94.67,94.67,94.67,1
1701337800,94.67,94.67,94.67,94.67,1
1701338460,94.67,94.67,94.67,94.67,2
1701339120,94.67,94.67,94.67,94.67,3
1701339540,94.67,94.67,94.67,94.67,33
1701339960,94.67,94.675,94.67,94.675,7
1701340020,94.675,94.675,94.675,94.675,1
1701340200,94.67,94.67,94.67,94.67,1
1701342000,94.67,94.67,94.67,94.67,5
1701342300,94.67,94.67,94.67,94.67,5
1701343860,94.675,94.675,94.675,94.675,250
1701344760,94.67,94.67,94.67,94.67,2
1701347340,94.67,94.67,94.67,94.67,1
1701348000,94.67,94.67,94.67,94.67,1
1701348540,94.67,94.675,94.67,94.675,7962
1701349140,94.675,94.675,94.675,94.675,2
1701349320,94.68,94.68,94.68,94.68,2941
1701349380,94.68,94.68,94.68,94.68,1172
1701349440,94.68,94.68,94.68,94.68,72
1701349500,94.68,94.68,94.68,94.68,1
1701349620,94.68,94.68,94.68,94.68,1
1701349740,94.68,94.68,94.68,94.68,1
1701349920,94.68,94.68,94.68,94.68,108
1701349980,94.68,94.68,94.68,94.68,1
1701350040,94.68,94.68,94.68,94.68,181
1701350100,94.68,94.68,94.675,94.68,165
1701350160,94.68,94.68,94.68,94.68,3
1701350220,94.68,94.68,94.68,94.68,1
1701350580,94.68,94.68,94.68,94.68,8
1701350640,94.68,94.68,94.68,94.68,10
1701350700,94.68,94.68,94.68,94.68,58
1701350820,94.68,94.68,94.68,94.68,1583
1701350940,94.68,94.68,94.68,94.68,74
1701351000,94.675,94.68,94.675,94.675,1886
1701351060,94.675,94.675,94.675,94.675,223
1701351120,94.675,94.675,94.675,94.675,1260
1701351180,94.67,94.675,94.67,94.675,137
1701351240,94.675,94.675,94.675,94.675,2562
1701351300,94.67,94.675,94.67,94.675,93
1701351480,94.67,94.67,94.67,94.67,1
1701351540,94.67,94.67,94.67,94.67,2359
1701351600,94.67,94.67,94.67,94.67,19
1701351660,94.67,94.67,94.67,94.67,6937
1701351720,94.67,94.67,94.67,94.67,1091
1701351780,94.67,94.67,94.67,94.67,413
1701351840,94.67,94.67,94.67,94.67,795
1701351900,94.67,94.67,94.67,94.67,117
1701351960,94.67,94.67,94.67,94.67,2179
1701352020,94.67,94.67,94.67,94.67,710
1701352080,94.67,94.675,94.67,94.675,129
1701352320,94.67,94.67,94.67,94.67,200
1701352380,94.67,94.67,94.67,94.67,5
1701352440,94.67,94.67,94.67,94.67,251
1701352620,94.67,94.67,94.67,94.67,102
1701352800,94.67,94.67,94.665,94.665,717
1701352920,94.66,94.66,94.66,94.66,1507
1701353040,94.665,94.665,94.665,94.665,645
1701353100,94.665,94.665,94.665,94.665,150
1701353220,94.67,94.67,94.67,94.67,129
1701353940,94.67,94.67,94.67,94.67,1
1701354000,94.67,94.67,94.67,94.67,279
1701354060,94.67,94.67,94.67,94.67,3
1701354300,94.67,94.67,94.67,94.67,357
1701354360,94.67,94.67,94.67,94.67,250
1701354540,94.67,94.67,94.67,94.67,100
1701354780,94.67,94.67,94.67,94.67,3
1701354960,94.67,94.67,94.67,94.67,24
1701355260,94.67,94.67,94.67,94.67,3
1701355320,94.67,94.67,94.665,94.665,6
1701355380,94.665,94.665,94.665,94.665,4
1701355500,94.665,94.67,94.665,94.67,163
1701355860,94.665,94.665,94.665,94.665,1
1701355920,94.665,94.665,94.665,94.665,72
1701355980,94.665,94.665,94.665,94.665,558
1701356040,94.665,94.665,94.665,94.665,1415
1701356100,94.665,94.665,94.665,94.665,392
1701356160,94.665,94.665,94.665,94.665,121
1701356220,94.665,94.665,94.665,94.665,11
1701356280,94.665,94.665,94.665,94.665,618
1701356400,94.665,94.665,94.665,94.665,181
1701356460,94.665,94.665,94.665,94.665,169
1701356520,94.665,94.665,94.665,94.665,70
1701356580,94.665,94.665,94.665,94.665,2
1701356880,94.665,94.67,94.665,94.665,8
1701356940,94.665,94.665,94.665,94.665,1
1701357000,94.665,94.665,94.665,94.665,1
1701357060,94.67,94.67,94.67,94.67,1
1701357120,94.665,94.665,94.665,94.665,45
1701357180,94.665,94.665,94.665,94.665,2
1701357240,94.665,94.67,94.665,94.665,4
1701357300,94.665,94.665,94.665,94.665,1
1701357360,94.665,94.665,94.665,94.665,1
1701357420,94.665,94.665,94.665,94.665,4
1701357480,94.665,94.67,94.665,94.67,2
1701357540,94.665,94.665,94.665,94.665,1
1701357600,94.665,94.665,94.665,94.665,9
1701357840,94.67,94.67,94.67,94.67,1
1701357900,94.665,94.665,94.665,94.665,3
1701357960,94.665,94.665,94.665,94.665,1
1701358020,94.665,94.665,94.665,94.665,1
1701358080,94.665,94.67,94.665,94.665,9
1701358140,94.665,94.665,94.665,94.665,3
1701358200,94.665,94.665,94.665,94.665,4
1701358260,94.665,94.665,94.665,94.665,500
1701358500,94.67,94.67,94.67,94.67,1
1701358980,94.67,94.67,94.67,94.67,1
1701359220,94.67,94.67,94.67,94.67,217
1701359340,94.67,94.67,94.67,94.67,1
1701359400,94.67,94.67,94.67,94.67,600
1701359460,94.67,94.67,94.67,94.67,100
1701359520,94.67,94.67,94.67,94.67,36
1701359580,94.67,94.67,94.67,94.67,45
1701359700,94.67,94.67,94.67,94.67,700
1701359760,94.67,94.67,94.67,94.67,401
1701359820,94.67,94.67,94.67,94.67,2715
1701359880,94.67,94.67,94.67,94.67,25
1701359940,94.67,94.67,94.67,94.67,3
1701360000,94.67,94.67,94.67,94.67,5
1701360060,94.67,94.67,94.67,94.67,2
1701360120,94.67,94.67,94.67,94.67,1
1701360180,94.67,94.67,94.67,94.67,2
1701360240,94.67,94.67,94.67,94.67,2
1701360300,94.67,94.67,94.67,94.67,3
1701360360,94.67,94.67,94.67,94.67,1
1701360420,94.675,94.675,94.675,94.675,1
1701360540,94.67,94.67,94.67,94.67,6
1701360780,94.675,94.675,94.675,94.675,1
1701361020,94.675,94.675,94.675,94.675,5
1701361080,94.675,94.675,94.675,94.675,1
1701361500,94.675,94.675,94.675,94.675,167
1701361740,94.675,94.675,94.67,94.67,86
1701361920,94.675,94.675,94.67,94.67,9
1701362100,94.67,94.67,94.67,94.67,7
1701362280,94.67,94.67,94.67,94.67,7
1701362340,94.675,94.675,94.675,94.675,1
1701362460,94.67,94.67,94.67,94.67,7
1701362580,94.675,94.675,94.675,94.675,25
1701362640,94.67,94.67,94.67,94.67,7
1701362760,94.675,94.675,94.675,94.675,1
1701362820,94.67,94.675,94.67,94.675,3560
1701362880,94.675,94.675,94.675,94.675,50
1701362940,94.675,94.675,94.675,94.675,164
1701363120,94.675,94.675,94.675,94.675,12
1701363180,94.675,94.675,94.675,94.675,429
1701363240,94.675,94.675,94.675,94.675,1
1701363300,94.675,94.675,94.675,94.675,277
1701363360,94.675,94.675,94.675,94.675,525
1701363480,94.675,94.675,94.675,94.675,7
1701363540,94.675,94.675,94.675,94.675,30
1701363600,94.675,94.675,94.675,94.675,36
1701363660,94.675,94.675,94.675,94.675,489
1701363840,94.675,94.675,94.675,94.675,57
1701363960,94.675,94.675,94.675,94.675,209
1701364140,94.675,94.675,94.675,94.675,7
1701364200,94.675,94.675,94.675,94.675,1
1701364260,94.675,94.675,94.675,94.675,53
1701364320,94.675,94.675,94.675,94.675,7
1701364380,94.675,94.675,94.675,94.675,29
1701364500,94.675,94.675,94.675,94.675,76
1701364560,94.675,94.675,94.675,94.675,1416
1701364680,94.67,94.67,94.67,94.67,7
1701364740,94.675,94.675,94.675,94.675,588
1701364800,94.675,94.675,94.675,94.675,131
1701364860,94.67,94.67,94.67,94.67,7
1701364980,94.67,94.67,94.67,94.67,7
1701365040,94.675,94.675,94.675,94.675,5
1701365160,94.675,94.675,94.67,94.67,8
1701365220,94.675,94.675,94.675,94.675,1000
1701365340,94.675,94.675,94.67,94.67,208
1701365400,94.675,94.675,94.675,94.675,1
1701365520,94.675,94.675,94.67,94.675,16
1701365700,94.67,94.67,94.67,94.67,7
1701365820,94.675,94.675,94.675,94.675,100
1701365880,94.67,94.67,94.67,94.67,7
1701366060,94.67,94.67,94.67,94.67,7
1701366120,94.675,94.675,94.675,94.675,30
1701366180,94.67,94.67,94.67,94.67,8
1701366360,94.67,94.67,94.67,94.67,7
1701366540,94.67,94.67,94.67,94.67,7
1701366600,94.675,94.675,94.675,94.675,138
1701366660,94.675,94.675,94.675,94.675,1
1701366720,94.67,94.67,94.67,94.67,7
1701366900,94.67,94.67,94.67,94.67,8
1701367080,94.67,94.67,94.67,94.67,7
1701367140,94.675,94.675,94.675,94.675,1
1701367200,94.67,94.67,94.67,94.67,7
1701367320,94.675,94.675,94.675,94.675,5
1701367380,94.67,94.67,94.67,94.67,7
1701367440,94.675,94.675,94.675,94.675,1
1701367560,94.67,94.67,94.67,94.67,7
1701367740,94.67,94.67,94.67,94.67,8
1701367860,94.675,94.675,94.675,94.675,1
1701367920,94.67,94.67,94.67,94.67,7
1701368100,94.67,94.67,94.67,94.67,7
1701368220,94.67,94.675,94.67,94.675,9
1701368280,94.675,94.675,94.675,94.675,2
1701368400,94.675,94.675,94.675,94.675,1
1701368520,94.675,94.675,94.675,94.675,7
1701368640,94.675,94.675,94.675,94.675,1
1701368700,94.675,94.675,94.675,94.675,4
1701368820,94.675,94.675,94.675,94.675,1
1701369240,94.67,94.67,94.67,94.67,11
1701369420,94.67,94.67,94.67,94.67,10
1701369480,94.675,94.675,94.675,94.675,1
1701369540,94.67,94.67,94.67,94.67,10
1701369720,94.67,94.67,94.67,94.67,10
1701369780,94.675,94.675,94.675,94.675,13
1701369900,94.67,94.67,94.67,94.67,10
1701370080,94.67,94.67,94.67,94.67,10
1701370140,94.675,94.675,94.675,94.675,1
1701370200,94.67,94.67,94.67,94.67,10
1701370380,94.67,94.67,94.67,94.67,10
1701370500,94.675,94.675,94.675,94.675,1181
1701370560,94.67,94.67,94.67,94.67,9
1701370680,94.675,94.675,94.67,94.67,21
1701370740,94.675,94.675,94.675,94.675,1
1701370800,94.675,94.675,94.675,94.675,55
1701370860,94.67,94.67,94.67,94.67,10
1701371040,94.67,94.675,94.67,94.675,29
1701371220,94.67,94.67,94.67,94.67,10
1701371340,94.67,94.675,94.67,94.675,11
1701371520,94.67,94.67,94.67,94.67,10
1701371700,94.675,94.675,94.67,94.67,11
1701371820,94.67,94.67,94.67,94.67,11
1701372000,94.67,94.67,94.67,94.67,10
1701372120,94.675,94.675,94.675,94.675,2
1701372180,94.67,94.67,94.67,94.67,10
1701372240,94.675,94.675,94.675,94.675,4
1701372360,94.67,94.67,94.67,94.67,10
1701372480,94.675,94.675,94.67,94.67,11
1701372660,94.675,94.675,94.67,94.675,128
1701372840,94.67,94.67,94.67,94.67,10
1701372960,94.675,94.675,94.675,94.675,10
1701373020,94.67,94.67,94.67,94.67,10
1701373140,94.675,94.675,94.67,94.67,12
1701373260,94.675,94.675,94.675,94.675,3
1701373320,94.67,94.67,94.67,94.67,18
1701373380,94.675,94.675,94.675,94.675,1980
1701373440,94.675,94.675,94.675,94.675,30
1701373500,94.675,94.675,94.675,94.675,12
1701373560,94.675,94.675,94.675,94.675,1
1701373620,94.675,94.675,94.675,94.675,11
1701373680,94.675,94.675,94.675,94.675,3
1701373740,94.675,94.675,94.675,94.675,4
1701373800,94.68,94.68,94.675,94.675,254
1701373920,94.675,94.675,94.675,94.675,1
1701373980,94.675,94.675,94.675,94.675,11
1701374040,94.675,94.675,94.675,94.675,1
1701374100,94.675,94.675,94.675,94.675,1157
1701374160,94.675,94.675,94.67,94.67,12
1701374280,94.675,94.675,94.67,94.67,11
1701374340,94.675,94.675,94.675,94.675,1
1701374400,94.675,94.675,94.675,94.675,64
1701374460,94.675,94.675,94.675,94.675,176
1701374520,94.675,94.675,94.675,94.675,4
1701374580,94.675,94.675,94.675,94.675,3
1701374640,94.675,94.675,94.675,94.675,10
1701374760,94.675,94.675,94.675,94.675,6
1701374820,94.675,94.675,94.675,94.675,10
1701375060,94.675,94.675,94.675,94.675,1
1701375120,94.675,94.675,94.675,94.675,3
1701375240,94.675,94.675,94.675,94.675,2
1701375300,94.675,94.675,94.675,94.675,2
1701375360,94.675,94.675,94.675,94.675,186
1701375420,94.675,94.675,94.675,94.675,256
1701375480,94.675,94.675,94.675,94.675,185
1701375600,94.675,94.675,94.675,94.675,202
1701375780,94.675,94.675,94.675,94.675,1
1701375840,94.675,94.675,94.675,94.675,622
1701375900,94.675,94.675,94.675,94.675,4
1701375960,94.675,94.675,94.675,94.675,26
1701376020,94.675,94.675,94.675,94.675,5
1701376080,94.675,94.675,94.675,94.675,13
1701376140,94.675,94.675,94.675,94.675,59
1701376200,94.675,94.675,94.675,94.675,3
1701376500,94.675,94.675,94.675,94.675,1
1701376560,94.68,94.68,94.68,94.68,2000
1701376680,94.68,94.68,94.68,94.68,4508
1701376740,94.68,94.68,94.68,94.68,2518
1701376980,94.68,94.68,94.68,94.68,13
1701377100,94.68,94.68,94.68,94.68,500
1701377160,94.675,94.675,94.675,94.675,13
1701377220,94.68,94.68,94.68,94.68,1
1701377280,94.68,94.68,94.675,94.675,15
1701377400,94.675,94.68,94.675,94.68,218
1701377520,94.68,94.68,94.675,94.675,15
1701377580,94.68,94.68,94.68,94.68,6
1701377700,94.675,94.675,94.675,94.675,12
1701377820,94.675,94.675,94.675,94.675,12
1701377940,94.675,94.68,94.675,94.68,71
1701378000,94.68,94.68,94.675,94.675,34
1701378060,94.68,94.68,94.68,94.68,987
1701378120,94.68,94.68,94.68,94.68,7
1701378180,94.68,94.68,94.68,94.68,13
1701378300,94.68,94.68,94.68,94.68,62
1701378360,94.68,94.68,94.68,94.68,656
1701378480,94.68,94.68,94.68,94.68,12
1701378600,94.68,94.68,94.68,94.68,15
1701378720,94.68,94.68,94.68,94.68,12
1701378780,94.68,94.68,94.68,94.68,2
1701378840,94.68,94.685,94.68,94.685,17
1701378960,94.68,94.68,94.68,94.68,12
1701379080,94.68,94.68,94.68,94.68,12
1701379260,94.68,94.68,94.68,94.68,13
1701379380,94.68,94.68,94.68,94.68,12
1701379500,94.68,94.68,94.68,94.68,13
1701379620,94.68,94.68,94.68,94.68,12
1701379740,94.68,94.68,94.68,94.68,27
1701379800,94.68,94.68,94.68,94.68,243
1701379920,94.675,94.675,94.675,94.675,13
1701379980,94.68,94.68,94.68,94.68,71
1701380040,94.68,94.68,94.68,94.68,12
1701380160,94.68,94.68,94.68,94.68,13
1701380460,94.68,94.68,94.68,94.68,1
1701380580,94.68,94.68,94.68,94.68,1
1701380640,94.685,94.685,94.685,94.685,400
1701380700,94.685,94.685,94.685,94.685,628
1701380760,94.685,94.685,94.685,94.685,280
1701380880,94.68,94.68,94.68,94.68,17
1701381420,94.685,94.685,94.685,94.685,1
1701381480,94.68,94.68,94.68,94.68,6
1701385620,94.685,94.685,94.685,94.685,222
1701385860,94.685,94.685,94.685,94.685,3
1701385980,94.685,94.685,94.685,94.685,6
1701386400,94.685,94.685,94.685,94.685,1
1701386640,94.68,94.68,94.68,94.68,8
1701386700,94.685,94.685,94.685,94.685,1619
1701386880,94.685,94.685,94.685,94.685,40
1701387000,94.69,94.69,94.685,94.69,18
1701387180,94.685,94.685,94.685,94.685,233
1701387240,94.685,94.685,94.685,94.685,8
1701387300,94.685,94.685,94.685,94.685,10
1701387360,94.685,94.685,94.685,94.685,1
1701387960,94.685,94.685,94.685,94.685,3
1701388020,94.685,94.685,94.685,94.685,103
1701388080,94.685,94.685,94.685,94.685,48
1701388140,94.685,94.685,94.685,94.685,51
1701388320,94.685,94.685,94.685,94.685,48
1701388560,94.685,94.685,94.685,94.685,2
1701388620,94.685,94.685,94.685,94.685,85
1701390540,94.685,94.685,94.685,94.685,586
1701390840,94.685,94.685,94.685,94.685,52
1701391200,94.685,94.685,94.685,94.685,60
1701397740,94.685,94.685,94.685,94.685,1
1701399780,94.685,94.685,94.685,94.685,1138
1701400140,94.685,94.685,94.685,94.685,99
1701404520,94.685,94.685,94.685,94.685,812
1701404580,94.685,94.685,94.685,94.685,74
1701406260,94.685,94.685,94.685,94.685,37
1701407100,94.685,94.685,94.685,94.685,63
1701410940,94.685,94.685,94.685,94.685,214
1701412680,94.685,94.685,94.685,94.685,1
1701416220,94.685,94.685,94.685,94.685,4
1701420000,94.685,94.685,94.685,94.685,1000
1701420840,94.685,94.685,94.685,94.685,1
1701421260,94.685,94.685,94.685,94.685,50
1701421620,94.685,94.685,94.685,94.685,135
1701422100,94.685,94.685,94.685,94.685,30
1701422880,94.685,94.685,94.685,94.685,15
1701422940,94.685,94.685,94.685,94.685,1
1701423240,94.685,94.685,94.685,94.685,2419
1701423720,94.69,94.69,94.69,94.69,2911
1701423780,94.69,94.69,94.69,94.69,691
1701424500,94.69,94.69,94.69,94.69,741
1701425460,94.69,94.69,94.69,94.69,200
1701425880,94.69,94.69,94.69,94.69,4
1701426060,94.69,94.69,94.69,94.69,16
1701428400,94.685,94.685,94.685,94.685,1
1701430320,94.685,94.685,94.685,94.685,2576
1701430620,94.685,94.685,94.685,94.685,6
1701432480,94.68,94.68,94.68,94.68,10
1701432540,94.68,94.68,94.68,94.68,3
1701433740,94.68,94.68,94.68,94.68,1
1701435780,94.685,94.685,94.685,94.685,8
1701435960,94.685,94.685,94.685,94.685,5
1701436020,94.685,94.685,94.685,94.685,4
1701436080,94.685,94.685,94.685,94.685,16
1701436140,94.685,94.685,94.685,94.685,1
1701436200,94.685,94.685,94.685,94.685,3
1701436260,94.685,94.685,94.685,94.685,600
1701436320,94.685,94.685,94.685,94.685,1
1701436380,94.685,94.685,94.685,94.685,32
1701436440,94.685,94.685,94.685,94.685,304
1701436740,94.685,94.685,94.685,94.685,5
1701436800,94.68,94.685,94.68,94.685,103
1701437040,94.685,94.685,94.685,94.685,1
1701437160,94.685,94.685,94.685,94.685,2
1701437340,94.685,94.685,94.685,94.685,3
1701437400,94.68,94.68,94.68,94.68,6
1701437580,94.685,94.685,94.685,94.685,1
1701438120,94.685,94.685,94.685,94.685,1
1701438180,94.68,94.68,94.68,94.68,1
1701438300,94.68,94.68,94.68,94.68,190
1701438900,94.685,94.685,94.685,94.685,22
1701439140,94.685,94.685,94.685,94.685,1
1701439260,94.685,94.685,94.685,94.685,1
1701439320,94.68,94.68,94.68,94.68,1
1701439440,94.685,94.685,94.685,94.685,1
1701439740,94.685,94.685,94.685,94.685,1
1701440040,94.685,94.685,94.685,94.685,2
1701440160,94.68,94.68,94.68,94.68,10
1701440340,94.68,94.685,94.68,94.685,2
1701440640,94.685,94.685,94.685,94.685,1
1701440700,94.68,94.685,94.68,94.685,19
1701440820,94.68,94.68,94.68,94.68,3
1701440940,94.685,94.685,94.685,94.685,1
1701441240,94.685,94.685,94.685,94.685,1
1701441360,94.68,94.68,94.68,94.68,15
1701441480,94.68,94.68,94.68,94.68,1
1701441540,94.685,94.685,94.685,94.685,2
1701441600,94.685,94.685,94.685,94.685,82
1701441660,94.685,94.685,94.685,94.685,1109
1701441720,94.685,94.685,94.685,94.685,119
1701441900,94.685,94.685,94.685,94.685,9
1701442080,94.685,94.685,94.685,94.685,180
1701442200,94.685,94.685,94.685,94.685,1112
1701442380,94.685,94.685,94.685,94.685,44
1701442560,94.685,94.685,94.685,94.685,978
1701442620,94.685,94.685,94.685,94.685,24
1701442680,94.685,94.685,94.685,94.685,688
1701442740,94.685,94.685,94.68,94.685,35
1701442800,94.685,94.695,94.685,94.69,1963
1701442860,94.69,94.69,94.69,94.69,182
1701442920,94.69,94.695,94.69,94.695,135
1701442980,94.695,94.695,94.695,94.695,7
1701443040,94.695,94.695,94.695,94.695,99
1701443100,94.695,94.695,94.695,94.695,1266
1701443160,94.695,94.695,94.69,94.69,5188
1701443220,94.69,94.69,94.69,94.69,1034
1701443340,94.69,94.69,94.69,94.69,204
1701443460,94.69,94.69,94.69,94.69,1239
1701443580,94.69,94.69,94.69,94.69,603
1701443640,94.69,94.69,94.69,94.69,625
1701443820,94.69,94.69,94.69,94.69,292
1701443880,94.69,94.69,94.69,94.69,348
1701443940,94.69,94.695,94.69,94.695,44
1701444000,94.695,94.695,94.695,94.695,33
1701444060,94.695,94.7,94.695,94.7,3515
1701444120,94.7,94.7,94.7,94.7,15
1701444240,94.695,94.695,94.695,94.695,1137
1701444300,94.695,94.695,94.695,94.695,4
1701444360,94.695,94.695,94.695,94.695,5
1701444600,94.695,94.695,94.69,94.69,90
1701444720,94.69,94.69,94.69,94.69,136
1701444780,94.69,94.69,94.69,94.69,67
1701444840,94.69,94.69,94.69,94.69,1
1701444900,94.69,94.69,94.69,94.69,862
1701444960,94.69,94.69,94.69,94.69,1294
1701445020,94.69,94.69,94.69,94.69,529
1701445080,94.69,94.69,94.69,94.69,84
1701445140,94.69,94.69,94.69,94.69,373
1701445200,94.69,94.69,94.69,94.69,818
1701445260,94.69,94.69,94.69,94.69,4
1701445320,94.69,94.69,94.69,94.69,1
1701445380,94.69,94.69,94.69,94.69,77
1701445440,94.69,94.69,94.69,94.69,19
1701445740,94.69,94.69,94.69,94.69,100
1701445920,94.695,94.695,94.695,94.695,1
1701446040,94.695,94.695,94.695,94.695,2
1701446100,94.695,94.695,94.695,94.695,50
1701446340,94.69,94.69,94.69,94.69,218
1701446400,94.69,94.69,94.68,94.685,2779
1701446460,94.69,94.69,94.685,94.685,523
1701446520,94.69,94.695,94.69,94.695,1406
1701446580,94.695,94.695,94.695,94.695,12
1701446640,94.69,94.69,94.69,94.69,164
1701446760,94.69,94.69,94.69,94.69,1375
1701446880,94.69,94.69,94.69,94.69,474
1701447060,94.69,94.69,94.69,94.69,1311
1701447180,94.69,94.69,94.69,94.69,480
1701447240,94.69,94.69,94.69,94.69,3844
1701447300,94.69,94.69,94.69,94.69,158
1701447360,94.69,94.69,94.69,94.69,1406
1701447420,94.69,94.69,94.69,94.69,238
1701447480,94.695,94.695,94.695,94.695,201
1701447780,94.69,94.69,94.69,94.69,92
1701447840,94.69,94.69,94.69,94.69,750
1701447900,94.69,94.69,94.69,94.69,387
1701447960,94.69,94.69,94.69,94.69,240
1701448020,94.69,94.69,94.69,94.69,200
1701448080,94.695,94.695,94.69,94.695,27
1701448200,94.695,94.695,94.695,94.695,97
1701448380,94.695,94.695,94.695,94.695,2424
1701448440,94.695,94.695,94.695,94.695,329
1701448560,94.695,94.695,94.695,94.695,436
1701448620,94.695,94.695,94.695,94.695,482
1701448680,94.695,94.695,94.695,94.695,127
1701448740,94.695,94.695,94.695,94.695,168
1701448800,94.695,94.695,94.695,94.695,117
1701448860,94.695,94.695,94.695,94.695,184
1701449160,94.695,94.695,94.695,94.695,54
1701449220,94.695,94.695,94.695,94.695,51
1701449400,94.695,94.695,94.695,94.695,240
1701449460,94.695,94.695,94.695,94.695,117
1701449760,94.695,94.695,94.695,94.695,125
1701449820,94.7,94.7,94.7,94.7,1
1701449940,94.695,94.695,94.695,94.695,716
1701450000,94.69,94.695,94.69,94.695,305
1701450060,94.69,94.69,94.69,94.69,100
1701450180,94.695,94.695,94.695,94.695,1236
1701450240,94.695,94.695,94.695,94.695,50
1701450360,94.695,94.695,94.695,94.695,301
1701450600,94.695,94.695,94.695,94.695,53
1701450660,94.695,94.695,94.695,94.695,45
1701450720,94.695,94.695,94.695,94.695,150
1701450840,94.695,94.695,94.695,94.695,3
1701450960,94.695,94.695,94.695,94.695,10
1701451020,94.695,94.695,94.695,94.695,1
1701451140,94.695,94.695,94.695,94.695,900
1701451260,94.695,94.695,94.695,94.695,1
1701451320,94.695,94.695,94.695,94.695,500
1701451440,94.695,94.695,94.695,94.695,2
1701451680,94.695,94.695,94.695,94.695,1
1701451800,94.69,94.69,94.69,94.69,43
1701453120,94.695,94.695,94.695,94.695,1130
1701453180,94.695,94.695,94.695,94.695,501
1701453240,94.695,94.705,94.695,94.7,3502
1701453300,94.705,94.71,94.705,94.71,1259
1701453360,94.71,94.71,94.705,94.705,129
1701453420,94.705,94.705,94.705,94.705,1449
1701453480,94.705,94.705,94.705,94.705,978
1701453540,94.705,94.705,94.705,94.705,155
1701453600,94.705,94.705,94.705,94.705,42
1701453660,94.705,94.705,94.705,94.705,281
1701453720,94.705,94.705,94.705,94.705,195
1701453780,94.705,94.705,94.705,94.705,3
1701453840,94.705,94.705,94.705,94.705,8
1701453900,94.705,94.705,94.705,94.705,786
1701453960,94.705,94.705,94.705,94.705,153
1701454020,94.705,94.705,94.705,94.705,20
1701454080,94.705,94.705,94.705,94.705,598
1701454140,94.705,94.705,94.705,94.705,255
1701454320,94.705,94.705,94.705,94.705,1
1701454380,94.7,94.705,94.7,94.705,292
1701454440,94.7,94.705,94.7,94.7,210
1701454500,94.7,94.705,94.7,94.705,53
1701454560,94.705,94.705,94.705,94.705,3344
1701454620,94.705,94.705,94.705,94.705,125
1701454680,94.705,94.705,94.705,94.705,301
1701454740,94.705,94.705,94.705,94.705,149
1701454800,94.71,94.71,94.71,94.71,47
1701454920,94.705,94.705,94.705,94.705,202
1701454980,94.705,94.705,94.705,94.705,390
1701455100,94.705,94.705,94.705,94.705,17
1701455460,94.71,94.71,94.705,94.705,2373
1701455520,94.705,94.705,94.705,94.705,84
1701455580,94.705,94.705,94.705,94.705,102
1701455640,94.705,94.705,94.705,94.705,397
1701455700,94.705,94.705,94.705,94.705,2
1701455820,94.705,94.705,94.705,94.705,1
1701456060,94.705,94.705,94.705,94.705,517
1701456120,94.705,94.705,94.705,94.705,24
1701456180,94.705,94.705,94.705,94.705,650
1701456360,94.705,94.705,94.705,94.705,2
1701456660,94.705,94.705,94.705,94.705,3
1701456720,94.705,94.705,94.705,94.705,240
1701457080,94.705,94.705,94.705,94.705,518
1701457140,94.705,94.705,94.705,94.705,1
1701457260,94.705,94.705,94.705,94.705,1
1701457440,94.705,94.705,94.705,94.705,1
1701457560,94.705,94.705,94.705,94.705,368
1701457620,94.705,94.705,94.705,94.705,2
1701457680,94.705,94.705,94.705,94.705,5337
1701457800,94.705,94.705,94.705,94.705,1326
1701457860,94.7,94.7,94.7,94.7,38
1701457920,94.7,94.7,94.7,94.7,139
1701458100,94.705,94.705,94.705,94.705,1
1701458340,94.705,94.705,94.705,94.705,1
1701458640,94.705,94.705,94.705,94.705,1
1701458700,94.705,94.705,94.705,94.705,5
1701459000,94.705,94.705,94.705,94.705,113
1701459240,94.705,94.705,94.705,94.705,1089
1701459300,94.705,94.705,94.705,94.705,1
1701459600,94.705,94.705,94.705,94.705,1
1701459840,94.7,94.7,94.7,94.7,7
1701459960,94.7,94.7,94.7,94.7,1
1701460020,94.7,94.7,94.7,94.7,5
1701460080,94.7,94.7,94.7,94.7,1
1701460140,94.7,94.705,94.7,94.705,2
1701460200,94.7,94.7,94.7,94.7,1
1701460260,94.7,94.7,94.7,94.7,1
1701460380,94.7,94.7,94.7,94.7,12
1701460500,94.7,94.7,94.7,94.7,1
1701460620,94.7,94.7,94.7,94.7,2
1701460680,94.705,94.705,94.705,94.705,1
1701460740,94.7,94.7,94.7,94.7,1
1701460860,94.7,94.7,94.7,94.7,1
1701460920,94.705,94.705,94.705,94.705,5
1701460980,94.7,94.7,94.7,94.7,1
1701461100,94.7,94.7,94.7,94.7,1
1701461220,94.7,94.7,94.7,94.7,1
1701461340,94.7,94.7,94.7,94.7,1
1701461460,94.7,94.705,94.7,94.705,2
1701461520,94.705,94.705,94.705,94.705,303
1701461700,94.7,94.705,94.7,94.705,33
1701461760,94.7,94.7,94.7,94.7,1
1701461820,94.7,94.7,94.7,94.7,1
1701461880,94.705,94.705,94.705,94.705,1
1701461940,94.7,94.7,94.7,94.7,1
1701462060,94.7,94.7,94.7,94.7,1
1701462180,94.7,94.7,94.7,94.7,1
1701462300,94.7,94.7,94.7,94.7,1
1701462420,94.7,94.7,94.7,94.7,1
1701462480,94.7,94.7,94.7,94.7,94
1701462600,94.7,94.7,94.7,94.7,1
1701462720,94.7,94.7,94.7,94.7,12
1701462780,94.705,94.705,94.705,94.705,1
1701462840,94.7,94.7,94.7,94.7,1
1701462960,94.7,94.7,94.7,94.7,1
1701463080,94.7,94.705,94.7,94.705,9009
1701463140,94.705,94.71,94.705,94.71,1004
1701463200,94.705,94.705,94.705,94.705,1
1701463260,94.705,94.705,94.705,94.705,5
1701463320,94.705,94.705,94.705,94.705,2
1701463440,94.705,94.705,94.705,94.705,2
1701463500,94.705,94.705,94.705,94.705,1
1701463560,94.705,94.705,94.705,94.705,1
1701463620,94.705,94.705,94.705,94.705,3808
1701463680,94.705,94.705,94.705,94.705,822
1701463740,94.705,94.705,94.705,94.705,56
1701463800,94.705,94.705,94.705,94.705,151
1701463860,94.705,94.705,94.705,94.705,52
1701463920,94.705,94.705,94.705,94.705,102
1701463980,94.705,94.705,94.705,94.705,66
1701464040,94.705,94.705,94.705,94.705,168
1701464100,94.705,94.715,94.705,94.71,11292
1701464160,94.71,94.71,94.71,94.71,8
1701464280,94.71,94.715,94.71,94.715,126
1701464400,94.71,94.71,94.71,94.71,3
1701464520,94.71,94.71,94.71,94.71,1002
1701464580,94.71,94.715,94.71,94.71,14
1701464640,94.71,94.71,94.71,94.71,3
1701464760,94.71,94.71,94.71,94.71,34
1701464820,94.71,94.71,94.71,94.71,3
1701464880,94.71,94.71,94.71,94.71,10
1701464940,94.71,94.71,94.71,94.71,2
1701465000,94.71,94.71,94.71,94.71,2
1701465060,94.71,94.71,94.71,94.71,1
1701465120,94.71,94.71,94.71,94.71,9
1701465180,94.71,94.71,94.71,94.71,1
1701465240,94.715,94.715,94.715,94.715,1
1701465300,94.71,94.71,94.71,94.71,6
1701465360,94.71,94.71,94.71,94.71,2
1701465420,94.71,94.71,94.71,94.71,1
1701465480,94.71,94.71,94.71,94.71,1
1701465540,94.71,94.71,94.71,94.71,701
1701465600,94.71,94.71,94.71,94.71,2
1701465660,94.71,94.71,94.71,94.71,188
1701465720,94.715,94.715,94.71,94.71,363
1701465780,94.71,94.71,94.71,94.71,1
1701465840,94.71,94.71,94.71,94.71,102
1701465900,94.71,94.71,94.71,94.71,3
1701466020,94.71,94.71,94.71,94.71,1
1701466080,94.71,94.71,94.71,94.71,1
1701466140,94.715,94.715,94.71,94.71,249
1701466200,94.71,94.71,94.71,94.71,238
1701466380,94.71,94.71,94.71,94.71,2
1701466440,94.71,94.71,94.71,94.71,408
1701466500,94.71,94.71,94.705,94.705,23
1701466620,94.705,94.705,94.705,94.705,1
1701466740,94.705,94.705,94.705,94.705,453
1701466860,94.705,94.705,94.705,94.705,3
1701466980,94.705,94.705,94.705,94.705,1
1701467040,94.705,94.705,94.705,94.705,1
1701467100,94.705,94.705,94.705,94.705,1
1701467340,94.705,94.705,94.705,94.705,19
1701467520,94.71,94.71,94.71,94.71,226
1701467640,94.71,94.71,94.71,94.71,46
1701467820,94.71,94.71,94.71,94.71,85
1701644400,94.71,94.71,94.705,94.705,2923
1701644460,94.705,94.705,94.705,94.705,157
1701644520,94.705,94.705,94.705,94.705,55
1701644640,94.705,94.705,94.705,94.705,416
1701644700,94.705,94.705,94.705,94.705,16
1701644760,94.705,94.705,94.705,94.705,155
1701645000,94.705,94.705,94.705,94.705,155
1701645060,94.705,94.705,94.705,94.705,334
1701645240,94.705,94.705,94.705,94.705,10
1701645420,94.705,94.705,94.705,94.705,60
1701645720,94.705,94.705,94.705,94.705,1
1701645960,94.705,94.705,94.705,94.705,3
1701646020,94.705,94.705,94.705,94.705,1
1701647160,94.705,94.705,94.705,94.705,8
1701647400,94.705,94.705,94.705,94.705,5
1701647460,94.705,94.705,94.705,94.705,3
1701648360,94.7,94.7,94.7,94.7,3129
1701648420,94.7,94.7,94.7,94.7,5
1701648720,94.695,94.695,94.695,94.695,12
1701648840,94.695,94.695,94.695,94.695,100
1701648900,94.695,94.695,94.695,94.695,1033
1701649440,94.695,94.695,94.695,94.695,8
1701652380,94.695,94.695,94.695,94.695,500
1701653400,94.695,94.695,94.695,94.695,661
1701653880,94.695,94.7,94.695,94.695,4203
1701653940,94.695,94.695,94.695,94.695,200
1701654300,94.695,94.695,94.695,94.695,10
1701654360,94.695,94.695,94.695,94.695,16
1701654480,94.695,94.695,94.695,94.695,10
1701655500,94.695,94.695,94.695,94.695,9
1701655620,94.695,94.695,94.695,94.695,22
1701655800,94.695,94.695,94.695,94.695,133
1701655980,94.695,94.695,94.695,94.695,3
1701656220,94.695,94.695,94.695,94.695,14
1701656280,94.695,94.695,94.695,94.695,1
1701656520,94.695,94.695,94.695,94.695,217
1701656580,94.695,94.695,94.695,94.695,21
1701656640,94.695,94.695,94.695,94.695,73
1701656880,94.695,94.695,94.695,94.695,7
1701657000,94.695,94.695,94.695,94.695,64
1701657960,94.695,94.695,94.695,94.695,9
1701659160,94.695,94.695,94.695,94.695,100
1701659340,94.695,94.695,94.695,94.695,1
1701659940,94.695,94.695,94.695,94.695,20
1701661380,94.695,94.695,94.695,94.695,99
1701664860,94.695,94.695,94.695,94.695,104
1701665100,94.695,94.695,94.695,94.695,1028
1701669420,94.695,94.695,94.695,94.695,2
1701669540,94.695,94.695,94.695,94.695,56
1701670020,94.695,94.695,94.695,94.695,218
1701670380,94.695,94.695,94.695,94.695,482
1701670500,94.695,94.695,94.695,94.695,400
1701670680,94.695,94.695,94.695,94.695,30
1701671580,94.7,94.7,94.7,94.7,209
1701673620,94.695,94.695,94.695,94.695,1
1701673980,94.695,94.695,94.695,94.695,100
1701674760,94.7,94.7,94.7,94.7,27
1701675720,94.695,94.695,94.695,94.695,1
1701676380,94.695,94.7,94.695,94.7,43
1701676620,94.695,94.695,94.695,94.695,250
1701676740,94.695,94.695,94.695,94.695,358
1701676980,94.695,94.695,94.695,94.695,21
1701677040,94.695,94.695,94.695,94.695,15
1701677100,94.695,94.695,94.695,94.695,26
1701677220,94.695,94.695,94.695,94.695,102
1701677400,94.695,94.695,94.695,94.695,1
1701678120,94.695,94.695,94.695,94.695,508
1701678180,94.695,94.695,94.695,94.695,4
1701678300,94.695,94.695,94.695,94.695,1
1701678360,94.695,94.7,94.695,94.7,252
1701679200,94.695,94.695,94.695,94.695,30
1701680520,94.7,94.7,94.7,94.7,250
1701680580,94.7,94.7,94.7,94.7,1093
1701680640,94.7,94.7,94.7,94.7,5
1701680700,94.7,94.7,94.7,94.7,143
1701680760,94.7,94.7,94.7,94.7,3
1701680940,94.7,94.7,94.7,94.7,2
1701681000,94.7,94.7,94.7,94.7,8
1701682680,94.7,94.7,94.7,94.7,300
1701682800,94.7,94.7,94.7,94.7,1
1701682860,94.7,94.7,94.7,94.7,604
1701682920,94.7,94.7,94.7,94.7,25
1701682980,94.7,94.7,94.7,94.7,6
1701683100,94.7,94.7,94.7,94.7,6
1701683160,94.7,94.7,94.7,94.7,2931
1701683280,94.7,94.7,94.7,94.7,897
1701683340,94.7,94.7,94.7,94.7,356
1701683460,94.7,94.7,94.7,94.7,155
1701683520,94.7,94.7,94.7,94.7,100
1701683940,94.7,94.7,94.7,94.7,1
1701684000,94.7,94.7,94.7,94.7,9
1701684060,94.7,94.7,94.7,94.7,4
1701684360,94.7,94.7,94.7,94.7,13
1701684540,94.7,94.7,94.7,94.7,300
1701684600,94.7,94.7,94.7,94.7,300
1701684660,94.7,94.7,94.7,94.7,315
1701685200,94.7,94.7,94.7,94.7,18
1701685440,94.7,94.7,94.7,94.7,4
1701691680,94.7,94.7,94.7,94.7,300
1701692460,94.7,94.7,94.7,94.7,500
1701693180,94.7,94.7,94.7,94.7,22
1701694140,94.7,94.7,94.7,94.7,2
1701694200,94.7,94.7,94.7,94.7,1
1701694260,94.7,94.7,94.7,94.7,450
1701694740,94.7,94.7,94.7,94.7,2
1701694920,94.7,94.7,94.695,94.695,3718
1701695100,94.695,94.695,94.695,94.695,1
1701695280,94.695,94.695,94.695,94.695,1
1701695400,94.7,94.7,94.7,94.7,100
1701695460,94.695,94.695,94.695,94.695,1
1701695520,94.695,94.695,94.695,94.695,600
1701695640,94.695,94.695,94.695,94.695,2
1701695700,94.7,94.7,94.7,94.7,5
1701695820,94.695,94.695,94.695,94.695,1
1701696000,94.7,94.7,94.7,94.7,645
1701696060,94.695,94.695,94.695,94.695,670
1701696180,94.695,94.695,94.695,94.695,1
1701696360,94.695,94.695,94.695,94.695,2
1701696420,94.695,94.695,94.695,94.695,25
1701696540,94.695,94.695,94.695,94.695,1
1701696720,94.695,94.695,94.695,94.695,1
1701696840,94.695,94.695,94.695,94.695,30
1701696900,94.695,94.695,94.695,94.695,1
1701697080,94.695,94.695,94.695,94.695,2
1701697260,94.695,94.695,94.695,94.695,1
1701697380,94.695,94.695,94.695,94.695,1
1701697560,94.695,94.695,94.695,94.695,301
1701697740,94.695,94.695,94.695,94.695,2
1701697800,94.695,94.695,94.695,94.695,6
1701697920,94.695,94.695,94.695,94.695,1
1701698100,94.695,94.695,94.695,94.695,1
1701698280,94.695,94.695,94.695,94.695,292
1701698460,94.7,94.7,94.695,94.695,37
1701698520,94.695,94.695,94.695,94.695,4
1701698580,94.695,94.695,94.695,94.695,200
1701698640,94.695,94.695,94.695,94.695,1
1701698820,94.695,94.695,94.695,94.695,1
1701698940,94.695,94.695,94.695,94.695,406
1701699000,94.695,94.695,94.695,94.695,882
1701699060,94.695,94.695,94.695,94.695,8
1701699120,94.695,94.695,94.695,94.695,5
1701699180,94.695,94.695,94.695,94.695,1685
1701699240,94.695,94.695,94.695,94.695,129
1701699300,94.695,94.695,94.695,94.695,500
1701699360,94.69,94.695,94.69,94.695,26
1701699420,94.695,94.695,94.695,94.695,260
1701699480,94.695,94.695,94.695,94.695,716
1701699540,94.695,94.695,94.695,94.695,2
1701699720,94.695,94.7,94.695,94.7,2
1701699900,94.695,94.695,94.695,94.695,2
1701700020,94.695,94.695,94.695,94.695,1
1701700140,94.695,94.695,94.695,94.695,142
1701700200,94.695,94.695,94.695,94.695,710
1701700260,94.695,94.695,94.695,94.695,140
1701700320,94.695,94.695,94.695,94.695,104
1701700380,94.695,94.695,94.695,94.695,1
1701700560,94.695,94.695,94.695,94.695,984
1701700740,94.695,94.695,94.695,94.695,3
1701700920,94.695,94.695,94.695,94.695,38
1701701100,94.695,94.695,94.695,94.695,1
1701701160,94.7,94.7,94.7,94.7,7
1701701280,94.695,94.695,94.695,94.695,2
1701701340,94.695,94.695,94.695,94.695,3
1701701460,94.695,94.695,94.695,94.695,1
1701701640,94.695,94.695,94.695,94.695,1
1701701760,94.695,94.695,94.695,94.695,11
1701701880,94.7,94.7,94.7,94.7,1882
1701702060,94.695,94.695,94.695,94.695,30
1701702120,94.7,94.7,94.7,94.7,4283
1701702180,94.7,94.7,94.7,94.7,165
1701702240,94.7,94.7,94.7,94.7,111
1701702300,94.7,94.7,94.7,94.7,1087
1701702720,94.7,94.7,94.7,94.7,1
1701702840,94.695,94.7,94.695,94.7,5
1701703080,94.7,94.7,94.7,94.7,1
1701703260,94.7,94.7,94.7,94.7,1
1701703440,94.695,94.695,94.695,94.695,7
1701703500,94.7,94.7,94.7,94.7,1
1701703680,94.7,94.7,94.7,94.7,1
1701703800,94.695,94.695,94.695,94.695,1
1701703860,94.7,94.7,94.695,94.695,58
1701704040,94.695,94.695,94.695,94.695,26
1701704160,94.7,94.7,94.7,94.7,1
1701704460,94.7,94.7,94.7,94.7,1
1701704700,94.7,94.7,94.7,94.7,1
1701704940,94.7,94.7,94.7,94.7,1
1701705000,94.695,94.695,94.695,94.695,76
1701705060,94.7,94.7,94.695,94.695,200
1701705120,94.7,94.7,94.7,94.7,1
1701705180,94.695,94.695,94.695,94.695,79
1701705300,94.7,94.7,94.7,94.7,1
1701705360,94.695,94.695,94.695,94.695,1516
1701705540,94.695,94.695,94.695,94.695,102
1701705600,94.695,94.695,94.695,94.695,133
1701705720,94.7,94.7,94.7,94.7,171
1701705960,94.7,94.7,94.7,94.7,1
1701706260,94.7,94.7,94.7,94.7,1
1701706440,94.7,94.7,94.7,94.7,1
1701706620,94.695,94.695,94.695,94.695,1637
1701706680,94.695,94.695,94.695,94.695,2
1701706800,94.695,94.695,94.695,94.695,4
1701706860,94.695,94.695,94.695,94.695,151
1701707100,94.695,94.695,94.695,94.695,8
1701707280,94.7,94.7,94.7,94.7,1
1701707460,94.7,94.7,94.7,94.7,1
1701707580,94.695,94.695,94.695,94.695,1946
1701707640,94.695,94.695,94.695,94.695,366
1701707700,94.695,94.695,94.695,94.695,662
1701707760,94.695,94.695,94.695,94.695,467
1701707820,94.695,94.695,94.695,94.695,5
1701707940,94.695,94.695,94.695,94.695,28
1701708480,94.7,94.7,94.7,94.7,1
1701708780,94.695,94.695,94.695,94.695,4
1701708840,94.7,94.7,94.695,94.695,47
1701708900,94.695,94.695,94.695,94.695,5
1701708960,94.695,94.695,94.695,94.695,207
1701709020,94.695,94.695,94.695,94.695,79
1701709080,94.695,94.695,94.695,94.695,5
1701709140,94.7,94.7,94.7,94.7,1
1701709260,94.695,94.695,94.695,94.695,3
1701709320,94.7,94.7,94.7,94.7,5
1701709380,94.695,94.695,94.695,94.695,2
1701709440,94.695,94.695,94.695,94.695,1
1701709500,94.695,94.695,94.695,94.695,4
1701709560,94.695,94.695,94.695,94.695,7
1701709620,94.7,94.7,94.7,94.7,1
1701709800,94.695,94.695,94.695,94.695,59
1701709920,94.695,94.695,94.695,94.695,116
1701710100,94.7,94.7,94.7,94.7,1
1701710280,94.695,94.695,94.695,94.695,1
1701710340,94.7,94.7,94.7,94.7,1
1701710400,94.695,94.695,94.695,94.695,5
1701710460,94.695,94.695,94.695,94.695,10
1701710580,94.7,94.7,94.7,94.7,58
1701710640,94.695,94.695,94.695,94.695,2886
1701710700,94.695,94.695,94.695,94.695,3
1701710760,94.695,94.695,94.695,94.695,7
1701710820,94.695,94.695,94.695,94.695,11
1701710880,94.7,94.7,94.7,94.7,1
1701710940,94.695,94.695,94.695,94.695,41
1701711000,94.695,94.695,94.695,94.695,473
1701711060,94.695,94.695,94.695,94.695,29
1701711180,94.695,94.695,94.695,94.695,132
1701711240,94.695,94.695,94.695,94.695,539
1701711300,94.695,94.695,94.695,94.695,11
1701711360,94.695,94.695,94.695,94.695,105
1701711420,94.695,94.695,94.695,94.695,89
1701711480,94.695,94.695,94.695,94.695,70
1701711600,94.695,94.695,94.695,94.695,227
1701711840,94.695,94.695,94.695,94.695,300
1701712020,94.695,94.695,94.695,94.695,453
1701712080,94.695,94.695,94.695,94.695,600
1701712200,94.695,94.695,94.695,94.695,300
1701712260,94.695,94.695,94.695,94.695,7
1701712440,94.695,94.695,94.695,94.695,2
1701712560,94.7,94.7,94.7,94.7,1
1701712620,94.695,94.695,94.695,94.695,3
1701712740,94.695,94.695,94.695,94.695,4
1701712800,94.7,94.7,94.7,94.7,1
1701712920,94.695,94.695,94.695,94.695,177
1701712980,94.695,94.695,94.695,94.695,1200
1701713040,94.695,94.695,94.695,94.695,600
1701713100,94.695,94.695,94.695,94.695,3
1701713220,94.695,94.695,94.695,94.695,1642
1701713280,94.695,94.695,94.695,94.695,628
1701713340,94.695,94.695,94.695,94.695,720
1701713460,94.695,94.695,94.695,94.695,2
1701713580,94.695,94.695,94.695,94.695,3
1701713760,94.695,94.695,94.695,94.695,21
1701713820,94.695,94.695,94.695,94.695,18
1701713880,94.695,94.695,94.695,94.695,101
1701713940,94.695,94.695,94.695,94.695,6
1701714000,94.695,94.695,94.695,94.695,6
1701714120,94.695,94.695,94.695,94.695,9
1701714240,94.695,94.695,94.695,94.695,10
1701714420,94.695,94.695,94.695,94.695,3
1701714540,94.695,94.695,94.695,94.695,100
1701714600,94.695,94.695,94.695,94.695,2
1701714660,94.695,94.695,94.695,94.695,2
1701714780,94.695,94.695,94.695,94.695,16
1701714840,94.695,94.695,94.695,94.695,1
1701714900,94.695,94.695,94.695,94.695,2
1701714960,94.695,94.695,94.695,94.695,3
1701715080,94.695,94.695,94.695,94.695,3
1701715260,94.7,94.7,94.695,94.695,4
1701715440,94.695,94.7,94.695,94.695,103
1701715620,94.695,94.695,94.695,94.695,2
1701715680,94.7,94.7,94.7,94.7,1
1701715800,94.695,94.695,94.695,94.695,3
1701715920,94.695,94.695,94.695,94.695,3
1701716100,94.695,94.695,94.695,94.695,3
1701716220,94.7,94.7,94.7,94.7,1
1701716280,94.695,94.695,94.695,94.695,3
1701716340,94.7,94.7,94.7,94.7,1
1701716460,94.695,94.695,94.695,94.695,3
1701716520,94.7,94.7,94.7,94.7,12
1701716580,94.695,94.695,94.695,94.695,3
1701716640,94.7,94.7,94.7,94.7,1
1701716760,94.695,94.695,94.695,94.695,2
1701716940,94.695,94.695,94.695,94.695,3
1701717000,94.7,94.7,94.7,94.7,1
1701717120,94.695,94.695,94.695,94.695,3
1701717300,94.695,94.695,94.695,94.695,3
1701717420,94.695,94.695,94.695,94.695,3
1701717480,94.7,94.7,94.7,94.7,1
1701717600,94.695,94.695,94.695,94.695,3
1701717720,94.695,94.695,94.695,94.695,7
1701717780,94.695,94.695,94.695,94.695,2
1701717960,94.695,94.695,94.695,94.695,3
1701718080,94.695,94.695,94.695,94.695,3
1701718140,94.7,94.7,94.7,94.7,1
1701718200,94.7,94.7,94.7,94.7,969
1701718260,94.695,94.695,94.695,94.695,3
1701718440,94.695,94.695,94.695,94.695,3
1701718500,94.7,94.7,94.7,94.7,200
1701718560,94.7,94.7,94.7,94.7,1
1701718620,94.695,94.695,94.695,94.695,3
1701718680,94.7,94.7,94.7,94.7,1
1701718800,94.695,94.7,94.695,94.7,4
1701718920,94.695,94.695,94.695,94.695,2
1701719040,94.7,94.7,94.7,94.7,1
1701719100,94.695,94.7,94.695,94.7,5
1701719280,94.695,94.695,94.695,94.695,3
1701719460,94.695,94.7,94.695,94.7,4
1701719580,94.695,94.695,94.695,94.695,3
1701719760,94.695,94.695,94.695,94.695,3
1701719940,94.695,94.7,94.695,94.7,3
1701720240,94.695,94.695,94.695,94.695,5
1701720540,94.7,94.7,94.7,94.7,4
1701720660,94.7,94.7,94.7,94.7,1
1701720960,94.7,94.7,94.7,94.7,200
1701721020,94.7,94.7,94.7,94.7,1
1701721080,94.695,94.695,94.695,94.695,4
1701721260,94.695,94.695,94.695,94.695,3
1701721320,94.7,94.7,94.7,94.7,1
1701721380,94.695,94.695,94.695,94.695,4
1701721560,94.695,94.695,94.695,94.695,4
1701721740,94.7,94.7,94.695,94.695,5
1701721920,94.695,94.695,94.695,94.695,4
1701721980,94.7,94.7,94.7,94.7,1
1701722160,94.695,94.695,94.695,94.695,4
1701722220,94.7,94.7,94.7,94.7,29
1701722340,94.695,94.695,94.695,94.695,3
1701722400,94.695,94.7,94.695,94.7,4
1701722580,94.695,94.695,94.695,94.695,4
1701722760,94.695,94.695,94.695,94.695,4
1701722820,94.7,94.7,94.7,94.7,1
1701722940,94.695,94.7,94.695,94.7,5
1701723000,94.7,94.7,94.695,94.7,67
1701723060,94.7,94.7,94.7,94.7,40
1701723120,94.695,94.7,94.695,94.7,3
1701723180,94.7,94.7,94.695,94.695,7
1701723300,94.7,94.7,94.7,94.7,9
1701723360,94.695,94.695,94.695,94.695,4
1701723540,94.7,94.7,94.695,94.7,23
1701723720,94.695,94.695,94.695,94.695,4
1701723900,94.695,94.695,94.695,94.695,3
1701724020,94.695,94.695,94.695,94.695,2
1701724080,94.7,94.7,94.7,94.7,20
1701724140,94.695,94.695,94.695,94.695,2
1701724200,94.695,94.695,94.695,94.695,4
1701724380,94.7,94.7,94.7,94.7,5
1701724440,94.695,94.7,94.695,94.7,6
1701724560,94.7,94.7,94.7,94.7,138
1701724620,94.695,94.7,94.695,94.7,6
1701724680,94.695,94.695,94.695,94.695,2
1701724800,94.7,94.7,94.695,94.695,9
1701724920,94.695,94.695,94.695,94.695,25
1701724980,94.695,94.695,94.695,94.695,3
1701725100,94.695,94.695,94.695,94.695,2
1701725160,94.7,94.7,94.7,94.7,125
1701725220,94.695,94.7,94.695,94.7,223
1701725460,94.695,94.695,94.695,94.695,4
1701725640,94.7,94.7,94.695,94.695,302
1701725760,94.695,94.695,94.695,94.695,4
1701725940,94.695,94.695,94.695,94.695,2
1701726060,94.695,94.7,94.695,94.7,725
1701726120,94.7,94.7,94.7,94.7,32
1701726180,94.7,94.7,94.7,94.7,82
1701726300,94.7,94.7,94.7,94.7,38
1701726540,94.7,94.7,94.7,94.7,25
1701726840,94.7,94.7,94.7,94.7,2
1701726900,94.7,94.7,94.7,94.7,5
1701726960,94.7,94.7,94.7,94.7,5
1701727140,94.7,94.7,94.7,94.7,29
1701730800,94.7,94.7,94.7,94.7,134
1701730860,94.7,94.7,94.7,94.7,133
1701730980,94.7,94.7,94.7,94.7,128
1701731100,94.7,94.7,94.7,94.7,300
1701731280,94.7,94.7,94.7,94.7,54
1701731520,94.7,94.7,94.7,94.7,3
1701731700,94.7,94.7,94.7,94.7,6
1701732360,94.7,94.7,94.7,94.7,72
1701732780,94.7,94.7,94.7,94.7,1
1701732900,94.7,94.7,94.7,94.7,30
1701734700,94.7,94.7,94.7,94.7,93
1701734940,94.7,94.7,94.7,94.7,15
1701735240,94.7,94.7,94.7,94.7,186
1701735300,94.7,94.7,94.7,94.7,401
1701735660,94.7,94.7,94.7,94.7,101
1701735720,94.7,94.7,94.7,94.7,212
1701736560,94.7,94.7,94.7,94.7,4
1701736620,94.7,94.7,94.7,94.7,4
1701748320,94.7,94.7,94.7,94.7,873
1701748800,94.7,94.7,94.7,94.7,302
1701748860,94.7,94.7,94.7,94.7,11
1701748920,94.7,94.7,94.7,94.7,26
1701748980,94.7,94.7,94.7,94.7,19
1701749760,94.7,94.7,94.7,94.7,76
1701750000,94.7,94.7,94.7,94.7,14
1701751080,94.7,94.7,94.7,94.7,11
1701752760,94.7,94.7,94.7,94.7,100
1701753060,94.7,94.7,94.7,94.7,101
1701753240,94.7,94.7,94.7,94.7,8
1701754080,94.7,94.7,94.7,94.7,100
1701756480,94.7,94.7,94.7,94.7,527
1701756600,94.7,94.7,94.7,94.7,186
1701757980,94.7,94.7,94.7,94.7,200
1701762180,94.705,94.705,94.705,94.705,58
1701762660,94.705,94.705,94.705,94.705,100
1701762780,94.705,94.705,94.705,94.705,45
1701763560,94.705,94.705,94.705,94.705,600
1701763680,94.705,94.705,94.705,94.705,100
1701764280,94.705,94.705,94.705,94.705,300
1701764340,94.705,94.705,94.705,94.705,40
1701764580,94.705,94.705,94.705,94.705,50
1701766260,94.7,94.7,94.7,94.7,50
1701766440,94.705,94.705,94.705,94.705,1
1701766860,94.7,94.7,94.7,94.7,29
1701767100,94.7,94.7,94.7,94.7,3
1701767700,94.7,94.7,94.7,94.7,75
1701768360,94.7,94.7,94.7,94.7,184
1701770040,94.7,94.7,94.7,94.7,18
1701770280,94.7,94.7,94.7,94.7,57
1701771720,94.7,94.7,94.7,94.7,75
1701771840,94.7,94.7,94.7,94.7,619
1701772140,94.7,94.7,94.7,94.7,100
1701772200,94.7,94.7,94.7,94.7,100
1701772440,94.7,94.7,94.7,94.7,1
1701774720,94.7,94.7,94.7,94.7,2
1701775860,94.7,94.7,94.7,94.7,69
1701776040,94.7,94.7,94.7,94.7,10
1701776280,94.7,94.7,94.7,94.7,2
1701777000,94.7,94.7,94.7,94.7,500
1701777780,94.7,94.7,94.7,94.7,17
1701778200,94.7,94.7,94.7,94.7,127
1701778440,94.7,94.7,94.7,94.7,30
1701778620,94.7,94.7,94.7,94.7,24
1701778680,94.7,94.7,94.7,94.7,60
1701778740,94.7,94.7,94.7,94.7,5
1701779580,94.7,94.7,94.7,94.7,513
1701779940,94.705,94.705,94.705,94.705,200
1701780000,94.7,94.705,94.7,94.705,598
1701780360,94.7,94.7,94.7,94.7,12
1701781080,94.7,94.7,94.7,94.7,2
1701781140,94.7,94.7,94.7,94.7,6
1701781200,94.7,94.7,94.7,94.7,1055
1701781260,94.7,94.7,94.7,94.7,20
1701781740,94.7,94.7,94.7,94.7,84
1701781860,94.7,94.7,94.7,94.7,1883
1701781920,94.7,94.7,94.7,94.7,131
1701782040,94.7,94.705,94.7,94.7,1421
1701782100,94.7,94.7,94.7,94.7,672
1701782220,94.7,94.7,94.7,94.7,513
1701782400,94.7,94.7,94.7,94.7,1041
1701782460,94.7,94.7,94.7,94.7,1541
1701782520,94.705,94.705,94.705,94.705,1
1701782820,94.7,94.7,94.7,94.7,6095
1701782880,94.695,94.7,94.695,94.7,18
1701782940,94.7,94.7,94.7,94.7,289
1701783000,94.7,94.705,94.7,94.7,18
1701783060,94.705,94.705,94.705,94.705,100
1701783480,94.705,94.705,94.705,94.705,1
1701783960,94.705,94.705,94.705,94.705,25
1701784440,94.705,94.705,94.7,94.7,2
1701784560,94.7,94.7,94.7,94.7,240
1701784680,94.705,94.705,94.705,94.705,19
1701784920,94.705,94.705,94.705,94.705,1
1701785220,94.7,94.7,94.7,94.7,5
1701785400,94.705,94.705,94.705,94.705,1
1701785760,94.705,94.705,94.705,94.705,25
1701785880,94.705,94.705,94.705,94.705,1
1701785940,94.705,94.705,94.705,94.705,48
1701786360,94.705,94.705,94.705,94.705,1
1701786600,94.7,94.7,94.7,94.7,30
1701786840,94.705,94.705,94.705,94.705,1
1701787200,94.705,94.705,94.705,94.705,10
1701787320,94.705,94.705,94.705,94.705,1
1701787440,94.7,94.705,94.7,94.705,127
1701787800,94.705,94.705,94.705,94.705,1
1701788160,94.705,94.705,94.705,94.705,150
1701788280,94.705,94.705,94.705,94.705,76
1701788340,94.705,94.705,94.7,94.705,541
1701788400,94.705,94.715,94.7,94.71,3199
1701788460,94.71,94.71,94.71,94.71,2784
1701788520,94.71,94.71,94.71,94.71,646
1701788580,94.71,94.71,94.71,94.71,41
1701788640,94.705,94.705,94.705,94.705,11
1701788700,94.705,94.705,94.705,94.705,1936
1701788760,94.705,94.705,94.705,94.705,123
1701788820,94.705,94.705,94.705,94.705,851
1701788880,94.705,94.705,94.705,94.705,69
1701788940,94.705,94.705,94.705,94.705,786
1701789000,94.705,94.705,94.705,94.705,1052
1701789060,94.705,94.705,94.705,94.705,252
1701789120,94.705,94.705,94.705,94.705,165
1701789240,94.705,94.705,94.705,94.705,1
1701789420,94.705,94.705,94.705,94.705,1
1701789600,94.705,94.705,94.705,94.705,8
1701789720,94.705,94.705,94.705,94.705,150
1701789780,94.705,94.705,94.705,94.705,1
1701790020,94.7,94.7,94.7,94.7,1436
1701790200,94.705,94.705,94.705,94.705,1
1701790380,94.705,94.705,94.705,94.705,170
1701790440,94.705,94.705,94.705,94.705,1
1701790560,94.705,94.705,94.705,94.705,18
1701790680,94.705,94.705,94.705,94.705,20
1701790740,94.705,94.705,94.7,94.7,9
1701790980,94.705,94.705,94.705,94.705,2
1701791100,94.7,94.7,94.7,94.7,600
1701791400,94.705,94.705,94.705,94.705,1
1701791460,94.7,94.7,94.7,94.7,192
1701791820,94.705,94.705,94.705,94.705,1
1701791880,94.705,94.705,94.705,94.705,8140
1701791940,94.705,94.705,94.705,94.705,356
1701792060,94.705,94.705,94.705,94.705,76
1701792300,94.705,94.705,94.705,94.705,1
1701792540,94.705,94.705,94.705,94.705,1
1701792720,94.705,94.705,94.705,94.705,1
1701792840,94.705,94.705,94.705,94.705,40
1701792900,94.705,94.705,94.705,94.705,1
1701792960,94.7,94.705,94.7,94.705,2250
1701793080,94.705,94.705,94.705,94.705,103
1701793140,94.705,94.705,94.705,94.705,1
1701793260,94.705,94.705,94.705,94.705,203
1701793380,94.705,94.705,94.705,94.705,1
1701793560,94.705,94.705,94.705,94.705,6
1701794040,94.705,94.705,94.705,94.705,1
1701794100,94.705,94.705,94.705,94.705,1
1701794340,94.705,94.705,94.705,94.705,1
1701794400,94.7,94.7,94.7,94.7,500
1701794460,94.705,94.705,94.705,94.705,1
1701794520,94.7,94.7,94.7,94.7,500
1701794640,94.705,94.705,94.705,94.705,1
1701794880,94.705,94.705,94.705,94.705,2
1701795180,94.705,94.705,94.7,94.7,1201
1701795300,94.705,94.705,94.705,94.705,1
1701795540,94.705,94.705,94.705,94.705,15
1701795720,94.705,94.705,94.705,94.705,1
1701795780,94.7,94.7,94.7,94.7,86
1701795960,94.705,94.705,94.705,94.705,1
1701796260,94.705,94.705,94.705,94.705,1
1701796380,94.7,94.7,94.7,94.7,12
1701796620,94.705,94.705,94.705,94.705,1
1701796740,94.7,94.7,94.7,94.7,1
1701796860,94.705,94.705,94.705,94.705,1
1701796920,94.7,94.7,94.7,94.7,2
1701797040,94.705,94.705,94.705,94.705,1
1701797280,94.705,94.705,94.705,94.705,1
1701797580,94.705,94.705,94.705,94.705,1
1701797700,94.705,94.705,94.705,94.705,189
1701797820,94.705,94.705,94.705,94.705,7
1701798000,94.705,94.705,94.705,94.705,1
1701798300,94.705,94.705,94.705,94.705,1
1701798540,94.705,94.705,94.705,94.705,1
1701798720,94.705,94.705,94.705,94.705,4
1701798840,94.705,94.705,94.705,94.705,1
1701799020,94.705,94.705,94.705,94.705,1
1701799080,94.705,94.705,94.705,94.705,1
1701799200,94.705,94.705,94.705,94.705,1
1701799380,94.705,94.705,94.705,94.705,1
1701799500,94.705,94.705,94.705,94.705,1
1701799560,94.705,94.705,94.705,94.705,1
1701799740,94.7,94.705,94.7,94.705,201
1701799800,94.705,94.705,94.705,94.705,1
1701799920,94.705,94.705,94.705,94.705,1
1701800040,94.705,94.705,94.7,94.7,503
1701800100,94.7,94.7,94.7,94.7,2
1701800160,94.705,94.705,94.705,94.705,1
1701800220,94.705,94.705,94.705,94.705,1
1701800400,94.705,94.705,94.705,94.705,1
1701800520,94.705,94.705,94.705,94.705,1
1701800640,94.705,94.705,94.705,94.705,2
1701800880,94.7,94.7,94.7,94.7,1
1701800940,94.705,94.705,94.705,94.705,2
1701801000,94.7,94.7,94.7,94.7,1
1701801240,94.705,94.705,94.705,94.705,1
1701801300,94.7,94.705,94.7,94.705,2
1701801420,94.7,94.7,94.7,94.7,1
1701801660,94.705,94.705,94.705,94.705,2
1701801960,94.705,94.705,94.705,94.705,2
1701802200,94.705,94.705,94.705,94.705,1
1701802380,94.705,94.705,94.705,94.705,1
1701802680,94.705,94.705,94.705,94.705,2
1701802740,94.705,94.705,94.705,94.705,1
1701802860,94.705,94.705,94.705,94.705,1
1701802920,94.705,94.705,94.705,94.705,2
1701803040,94.705,94.705,94.705,94.705,1
1701803280,94.705,94.705,94.705,94.705,1
1701803340,94.7,94.705,94.7,94.705,2
1701803460,94.705,94.705,94.705,94.705,79
1701803640,94.705,94.705,94.705,94.705,1
1701803700,94.705,94.705,94.705,94.705,1
1701804000,94.705,94.705,94.705,94.705,1
1701804060,94.705,94.705,94.705,94.705,1
1701804120,94.7,94.7,94.7,94.7,2
1701804360,94.705,94.705,94.705,94.705,1
1701804600,94.705,94.705,94.705,94.705,1
1701804780,94.705,94.705,94.705,94.705,1
1701804900,94.705,94.705,94.705,94.705,1
1701805080,94.705,94.705,94.705,94.705,2
1701805200,94.705,94.705,94.705,94.705,1
1701805500,94.705,94.705,94.705,94.705,1
1701805620,94.705,94.705,94.705,94.705,1
1701805800,94.705,94.705,94.705,94.705,1
1701805980,94.705,94.705,94.705,94.705,1
1701806220,94.705,94.705,94.705,94.705,1
1701806280,94.705,94.705,94.705,94.705,1
1701806340,94.705,94.705,94.705,94.705,4
1701806460,94.705,94.705,94.705,94.705,1
1701806580,94.7,94.7,94.7,94.7,10
1701807120,94.7,94.7,94.7,94.7,21
1701807180,94.705,94.705,94.705,94.705,1
1701807420,94.705,94.705,94.705,94.705,1
1701807600,94.705,94.705,94.705,94.705,1
1701807780,94.7,94.7,94.7,94.7,23
1701807840,94.705,94.705,94.705,94.705,1
1701808140,94.705,94.705,94.705,94.705,1
1701808380,94.705,94.705,94.705,94.705,1
1701808560,94.7,94.7,94.7,94.7,1
1701808620,94.705,94.705,94.705,94.705,1
1701808860,94.705,94.705,94.705,94.705,1
1701808980,94.705,94.705,94.705,94.705,1
1701809040,94.705,94.705,94.705,94.705,1
1701809280,94.705,94.705,94.705,94.705,1
1701809460,94.705,94.705,94.705,94.705,1
1701809580,94.705,94.705,94.705,94.705,1
1701809700,94.7,94.705,94.7,94.705,6
1701809940,94.705,94.705,94.705,94.705,2
1701810780,94.7,94.7,94.7,94.7,4
1701810840,94.7,94.7,94.7,94.7,1
1701810960,94.7,94.7,94.7,94.7,50
1701811740,94.7,94.7,94.7,94.7,14
1701812100,94.705,94.705,94.705,94.705,3
1701812220,94.705,94.705,94.705,94.705,16
1701812580,94.705,94.705,94.705,94.705,18
1701812640,94.705,94.705,94.705,94.705,5
1701812940,94.7,94.7,94.7,94.7,59
1701813060,94.705,94.705,94.705,94.705,1
1701813240,94.705,94.705,94.705,94.705,5
1701813420,94.7,94.7,94.7,94.7,50
1701813540,94.705,94.705,94.705,94.705,9
1701817200,94.705,94.705,94.705,94.705,3
1701822660,94.7,94.7,94.7,94.7,554
1701823500,94.7,94.7,94.7,94.7,10
1701825300,94.7,94.7,94.7,94.7,100
1701826560,94.7,94.7,94.7,94.7,6
1701827460,94.7,94.7,94.7,94.7,2
1701829140,94.695,94.695,94.695,94.695,33
1701829380,94.695,94.695,94.695,94.695,34
1701832080,94.7,94.7,94.7,94.7,6
1701836520,94.695,94.695,94.695,94.695,2
1701842820,94.695,94.695,94.695,94.695,200
1701844620,94.695,94.695,94.695,94.695,2
1701849240,94.7,94.7,94.7,94.7,449
1701849840,94.7,94.7,94.7,94.7,100
1701850920,94.695,94.695,94.695,94.695,127
1701853680,94.695,94.695,94.695,94.695,100
1701855660,94.695,94.695,94.695,94.695,21
1701856440,94.695,94.695,94.695,94.695,8
1701857100,94.695,94.695,94.695,94.695,97
1701857280,94.695,94.695,94.695,94.695,67
1701858360,94.695,94.695,94.695,94.695,581
1701861420,94.695,94.695,94.695,94.695,2
1701862140,94.695,94.695,94.695,94.695,1
1701862200,94.695,94.695,94.695,94.695,1
1701862260,94.695,94.695,94.695,94.695,821
1701862680,94.695,94.695,94.695,94.695,143
1701862920,94.695,94.695,94.695,94.695,125
1701863160,94.695,94.695,94.695,94.695,1
1701863520,94.695,94.695,94.695,94.695,1
1701863760,94.695,94.695,94.695,94.695,1
1701863820,94.695,94.695,94.695,94.695,1
1701864000,94.7,94.7,94.7,94.7,4
1701865800,94.695,94.695,94.695,94.695,3
1701865920,94.7,94.7,94.7,94.7,1
1701866160,94.695,94.695,94.695,94.695,100
1701866340,94.695,94.695,94.695,94.695,7
1701867240,94.7,94.7,94.7,94.7,1
1701867600,94.7,94.7,94.7,94.7,69
1701867780,94.7,94.7,94.7,94.7,1
1701867840,94.695,94.695,94.695,94.695,1
1701867900,94.695,94.695,94.695,94.695,1
1701868080,94.7,94.7,94.7,94.7,7
1701868140,94.7,94.7,94.7,94.7,10
1701868200,94.7,94.7,94.7,94.7,4
1701868320,94.695,94.695,94.695,94.695,1
1701868380,94.7,94.7,94.7,94.7,1
1701868440,94.7,94.7,94.695,94.7,106
1701868500,94.7,94.7,94.695,94.7,4655
1701868680,94.7,94.7,94.695,94.695,124
1701868800,94.695,94.695,94.695,94.695,1
1701869160,94.7,94.7,94.7,94.7,28
1701869220,94.7,94.7,94.7,94.7,1
1701869400,94.7,94.7,94.7,94.7,650
1701869460,94.7,94.7,94.695,94.695,7528
1701869640,94.695,94.695,94.695,94.695,1
1701869820,94.7,94.7,94.7,94.7,2
1701869880,94.7,94.7,94.7,94.7,379
1701870360,94.7,94.7,94.7,94.7,2
1701870420,94.7,94.7,94.7,94.7,4
1701870540,94.7,94.7,94.7,94.7,1145
1701870660,94.7,94.7,94.7,94.7,162
1701870720,94.7,94.7,94.695,94.695,25
1701870780,94.7,94.7,94.7,94.7,61
1701870840,94.7,94.7,94.7,94.7,26
1701870960,94.7,94.7,94.7,94.7,1
1701871080,94.7,94.7,94.7,94.7,2
1701871140,94.7,94.7,94.7,94.7,1323
1701871500,94.7,94.7,94.7,94.7,1
1701871740,94.695,94.695,94.695,94.695,1
1701871980,94.7,94.7,94.7,94.7,10
1701872100,94.695,94.695,94.695,94.695,401
1701872280,94.7,94.7,94.7,94.7,24
1701872400,94.7,94.7,94.7,94.7,2
1701872760,94.7,94.7,94.7,94.7,13
1701873360,94.7,94.7,94.7,94.7,1
1701874740,94.7,94.7,94.7,94.7,5
1701874800,94.7,94.7,94.7,94.7,1
1701874860,94.7,94.7,94.7,94.7,2
1701874920,94.7,94.7,94.7,94.7,1
1701874980,94.7,94.7,94.7,94.7,25
1701875040,94.7,94.7,94.7,94.7,2
1701875100,94.7,94.7,94.7,94.7,1
1701875160,94.7,94.7,94.7,94.7,2
1701875220,94.7,94.7,94.7,94.7,23
1701875280,94.7,94.7,94.7,94.7,1
1701875400,94.7,94.7,94.7,94.7,1
1701875460,94.7,94.7,94.695,94.695,103
1701875520,94.7,94.7,94.7,94.7,1
1701875580,94.695,94.695,94.695,94.695,3
1701875640,94.7,94.7,94.7,94.7,1
1701875700,94.695,94.695,94.695,94.695,297
1701875880,94.7,94.7,94.7,94.7,1
1701876000,94.695,94.695,94.695,94.695,25
1701876120,94.695,94.7,94.695,94.7,26
1701876180,94.695,94.695,94.695,94.695,16
1701876360,94.7,94.7,94.7,94.7,1
1701876480,94.7,94.7,94.7,94.7,1
1701876720,94.7,94.7,94.7,94.7,1
1701876900,94.7,94.7,94.7,94.7,1
1701877020,94.7,94.7,94.7,94.7,1
1701877260,94.7,94.7,94.7,94.7,1
1701877320,94.7,94.7,94.7,94.7,1
1701877560,94.7,94.7,94.7,94.7,1
1701877740,94.7,94.7,94.7,94.7,13
1701877800,94.7,94.7,94.7,94.7,96
1701877860,94.7,94.7,94.7,94.7,36
1701878100,94.7,94.7,94.7,94.7,1
1701878220,94.7,94.7,94.7,94.7,1
1701878280,94.7,94.7,94.7,94.7,1
1701878400,94.7,94.7,94.7,94.7,1
1701878460,94.7,94.7,94.7,94.7,2
1701878520,94.7,94.7,94.7,94.7,38
1701878580,94.7,94.7,94.7,94.7,1
1701878820,94.7,94.7,94.7,94.7,1
1701878940,94.7,94.7,94.7,94.7,2
1701879120,94.7,94.7,94.7,94.7,503
1701879240,94.7,94.7,94.7,94.7,3
1701879300,94.7,94.7,94.7,94.7,1
1701879360,94.7,94.7,94.7,94.7,1
1701879420,94.7,94.7,94.7,94.7,1
1701879600,94.7,94.7,94.7,94.7,1
1701879780,94.695,94.695,94.695,94.695,15
1701879840,94.7,94.7,94.7,94.7,1
1701879960,94.695,94.695,94.695,94.695,32
1701880080,94.7,94.7,94.7,94.7,2
1701880260,94.7,94.7,94.7,94.7,1
1701880440,94.7,94.7,94.7,94.7,1
1701880620,94.7,94.7,94.7,94.7,1
1701880740,94.7,94.7,94.7,94.7,1
1701881040,94.7,94.7,94.7,94.7,1
1701881160,94.7,94.7,94.7,94.7,51
1701881460,94.7,94.7,94.7,94.7,1
1701881700,94.7,94.7,94.7,94.7,1
1701881820,94.7,94.7,94.7,94.7,5
1701882060,94.7,94.7,94.7,94.7,2
1701882120,94.7,94.7,94.695,94.7,6
1701882360,94.7,94.7,94.7,94.7,1
1701882600,94.7,94.7,94.7,94.7,1
1701883020,94.7,94.7,94.7,94.7,1
1701883140,94.7,94.7,94.7,94.7,1
1701883380,94.695,94.7,94.695,94.7,29
1701884100,94.7,94.7,94.7,94.7,1
1701884580,94.7,94.7,94.7,94.7,1
1701884640,94.695,94.695,94.695,94.695,425
1701884880,94.7,94.7,94.7,94.7,555
1701885120,94.7,94.7,94.7,94.7,1
1701885360,94.7,94.7,94.7,94.7,1
1701885600,94.7,94.7,94.7,94.7,1
1701885660,94.7,94.7,94.7,94.7,1
1701885780,94.695,94.695,94.695,94.695,19
1701885840,94.7,94.7,94.7,94.7,1
1701885900,94.7,94.7,94.7,94.7,2024
1701886320,94.7,94.7,94.7,94.7,1
1701886920,94.7,94.7,94.695,94.695,45
1701887220,94.7,94.7,94.7,94.7,7
1701887280,94.7,94.7,94.7,94.7,1
1701887340,94.7,94.7,94.7,94.7,12
1701887520,94.7,94.7,94.7,94.7,1
1701887940,94.7,94.7,94.7,94.7,1
1701888120,94.7,94.7,94.7,94.7,1
1701888300,94.7,94.7,94.7,94.7,3656
1701888360,94.7,94.7,94.7,94.7,33
1701888420,94.7,94.7,94.7,94.7,7
1701888480,94.7,94.7,94.7,94.7,549
1701888660,94.7,94.7,94.7,94.7,2
1701888780,94.7,94.7,94.7,94.7,2
1701888840,94.7,94.7,94.7,94.7,1
1701888900,94.7,94.7,94.7,94.7,611
1701888960,94.7,94.7,94.7,94.7,200
1701889020,94.7,94.7,94.7,94.7,2937
1701889080,94.7,94.7,94.7,94.7,397
1701889200,94.7,94.7,94.7,94.7,50
1701889260,94.7,94.7,94.7,94.7,75
1701889320,94.7,94.7,94.7,94.7,33
1701889380,94.7,94.7,94.7,94.7,100
1701889500,94.7,94.7,94.7,94.7,1
1701889560,94.7,94.7,94.7,94.7,83
1701889620,94.7,94.7,94.7,94.7,74
1701889860,94.7,94.7,94.7,94.7,1
1701889920,94.7,94.7,94.7,94.7,1
1701889980,94.7,94.7,94.7,94.7,3
1701890040,94.695,94.7,94.695,94.695,3338
1701890100,94.7,94.7,94.7,94.7,15
1701890580,94.7,94.7,94.7,94.7,2
1701891120,94.7,94.7,94.7,94.7,1
1701891360,94.7,94.7,94.7,94.7,1
1701891420,94.7,94.7,94.7,94.7,2
1701891900,94.7,94.7,94.7,94.7,1
1701892620,94.7,94.7,94.7,94.7,2
1701892740,94.7,94.7,94.7,94.7,1
1701892980,94.7,94.7,94.7,94.7,3
1701893040,94.7,94.7,94.7,94.7,1
1701893220,94.7,94.7,94.7,94.7,13
1701893460,94.7,94.7,94.7,94.7,1
1701894000,94.7,94.7,94.7,94.7,1
1701894240,94.7,94.7,94.7,94.7,1
1701894840,94.7,94.7,94.7,94.7,1
1701895080,94.7,94.7,94.7,94.7,1
1701895380,94.7,94.7,94.7,94.7,5
1701895560,94.7,94.7,94.7,94.7,1
1701895800,94.7,94.7,94.7,94.7,1
1701896340,94.7,94.7,94.7,94.7,2
1701896880,94.695,94.695,94.695,94.695,9
1701897000,94.7,94.7,94.7,94.7,2
1701897120,94.7,94.7,94.7,94.7,365
1701897240,94.7,94.7,94.7,94.7,1
1701897660,94.7,94.7,94.7,94.7,1
1701898080,94.7,94.7,94.7,94.7,23
1701898140,94.7,94.7,94.7,94.7,1
1701898320,94.695,94.695,94.695,94.695,2
1701898560,94.7,94.7,94.7,94.7,27
1701898620,94.7,94.7,94.7,94.7,70
1701898740,94.7,94.7,94.7,94.7,141
1701898800,94.7,94.7,94.7,94.7,113
1701898860,94.7,94.7,94.7,94.7,48
1701898920,94.7,94.7,94.7,94.7,115
1701898980,94.7,94.7,94.7,94.7,4
1701899100,94.7,94.7,94.7,94.7,481
1701903600,94.705,94.705,94.705,94.705,6
1701904560,94.705,94.705,94.705,94.705,8
1701904620,94.705,94.705,94.705,94.705,8
1701904980,94.705,94.705,94.705,94.705,14
1701909600,94.7,94.7,94.7,94.7,1
1701910920,94.7,94.7,94.7,94.7,35
1701914400,94.7,94.7,94.7,94.7,9
1701915780,94.7,94.7,94.7,94.7,10
1701915840,94.7,94.7,94.7,94.7,60
1701923580,94.7,94.7,94.7,94.7,1
1701924240,94.7,94.7,94.7,94.7,100
1701924840,94.7,94.7,94.7,94.7,2
1701925080,94.7,94.7,94.7,94.7,1200
1701929220,94.695,94.695,94.695,94.695,1
1701938520,94.695,94.695,94.695,94.695,200
1701938880,94.7,94.7,94.7,94.7,1576
1701938940,94.7,94.7,94.7,94.7,306
1701939120,94.7,94.7,94.7,94.7,200
1701939960,94.7,94.7,94.7,94.7,24
1701941880,94.7,94.7,94.7,94.7,86
1701941940,94.7,94.7,94.7,94.7,114
1701942600,94.7,94.7,94.7,94.7,1275
1701943200,94.7,94.705,94.7,94.705,51
1701944640,94.7,94.705,94.7,94.705,294
1701945480,94.705,94.71,94.705,94.71,6938
1701945540,94.705,94.705,94.705,94.705,992
1701945660,94.705,94.705,94.705,94.705,502
1701945720,94.705,94.705,94.705,94.705,144
1701946020,94.705,94.71,94.705,94.705,634
1701946080,94.705,94.705,94.705,94.705,410
1701946140,94.705,94.705,94.705,94.705,34
1701946680,94.705,94.705,94.705,94.705,220
1701949140,94.705,94.705,94.705,94.705,120
1701950040,94.7,94.7,94.7,94.7,335
1701951300,94.7,94.7,94.7,94.7,4
1701951600,94.7,94.7,94.7,94.7,200
1701951780,94.7,94.7,94.7,94.7,1
1701951960,94.7,94.7,94.7,94.7,5
1701952080,94.7,94.7,94.7,94.7,5
1701952380,94.7,94.7,94.7,94.7,100
1701952560,94.705,94.705,94.7,94.7,274
1701952800,94.705,94.705,94.705,94.705,7
1701952920,94.705,94.705,94.705,94.705,1
1701953940,94.705,94.705,94.705,94.705,145
1701954180,94.7,94.7,94.7,94.7,3
1701954360,94.7,94.7,94.7,94.7,2
1701954420,94.705,94.705,94.7,94.7,1457
1701954540,94.7,94.7,94.7,94.7,215
1701954720,94.7,94.7,94.7,94.7,53
1701954780,94.7,94.7,94.7,94.7,100
1701954900,94.7,94.7,94.7,94.7,2
1701955080,94.7,94.7,94.7,94.7,2
1701955140,94.7,94.7,94.7,94.7,1
1701955260,94.7,94.7,94.7,94.7,3
1701955320,94.7,94.7,94.7,94.7,55
1701955380,94.7,94.7,94.7,94.7,2
1701955560,94.7,94.7,94.7,94.7,3
1701955740,94.7,94.7,94.7,94.7,28
1701955800,94.7,94.7,94.7,94.7,1389
1701955860,94.7,94.7,94.7,94.7,3
1701955920,94.695,94.695,94.695,94.695,2
1701955980,94.7,94.7,94.7,94.7,2490
1701956040,94.7,94.7,94.7,94.7,198
1701956100,94.7,94.7,94.7,94.7,573
1701956160,94.7,94.7,94.7,94.7,226
1701956280,94.7,94.7,94.695,94.695,17
1701956400,94.7,94.7,94.7,94.7,1100
1701956460,94.7,94.7,94.7,94.7,3
1701956640,94.7,94.7,94.7,94.7,2
1701956760,94.705,94.705,94.705,94.705,1620
1701956820,94.705,94.705,94.7,94.705,817
1701956880,94.705,94.705,94.705,94.705,189
1701956940,94.705,94.705,94.705,94.705,250
1701957000,94.705,94.705,94.7,94.705,37
1701957060,94.705,94.705,94.705,94.705,209
1701957120,94.705,94.705,94.705,94.705,200
1701957180,94.705,94.705,94.705,94.705,2
1701957240,94.705,94.705,94.705,94.705,4
1701957300,94.71,94.71,94.705,94.705,109
1701957360,94.705,94.705,94.705,94.705,3
1701957480,94.705,94.705,94.705,94.705,997
1701957540,94.705,94.705,94.705,94.705,1326
1701957720,94.7,94.705,94.7,94.705,8
1701957780,94.705,94.705,94.705,94.705,134
1701957840,94.705,94.705,94.705,94.705,12
1701957900,94.7,94.705,94.7,94.705,7
1701957960,94.705,94.705,94.705,94.705,259
1701958020,94.705,94.705,94.7,94.7,27
1701958200,94.7,94.7,94.7,94.7,2
1701958380,94.7,94.7,94.7,94.7,3
1701958560,94.7,94.7,94.7,94.7,2
1701958620,94.705,94.705,94.705,94.705,1
1701958680,94.705,94.705,94.705,94.705,111
1701958740,94.7,94.705,94.7,94.705,9
1701958920,94.7,94.7,94.7,94.7,2
1701958980,94.705,94.705,94.705,94.705,13
1701959100,94.7,94.7,94.7,94.7,2
1701959220,94.705,94.705,94.705,94.705,155
1701959280,94.705,94.705,94.705,94.705,70
1701959400,94.705,94.705,94.705,94.705,20
1701959460,94.705,94.705,94.705,94.705,9
1701959520,94.705,94.705,94.705,94.705,54
1701959640,94.705,94.705,94.705,94.705,3
1701959820,94.705,94.705,94.705,94.705,2
1701960000,94.705,94.705,94.705,94.705,2
1701960180,94.705,94.705,94.705,94.705,3
1701960240,94.705,94.705,94.705,94.705,88
1701960360,94.705,94.705,94.705,94.705,2
1701960480,94.705,94.705,94.705,94.705,3
1701960660,94.705,94.705,94.705,94.705,2
1701960780,94.705,94.705,94.705,94.705,259
1701960840,94.705,94.705,94.705,94.705,2
1701960900,94.705,94.705,94.705,94.705,27
1701961020,94.705,94.705,94.7,94.7,603
1701961080,94.705,94.705,94.705,94.705,410
1701961140,94.705,94.705,94.705,94.705,300
1701961200,94.705,94.705,94.705,94.705,2
1701961380,94.705,94.705,94.705,94.705,3
1701961560,94.705,94.705,94.705,94.705,2
1701961740,94.705,94.705,94.705,94.705,2
1701961800,94.71,94.71,94.71,94.71,1
1701961920,94.71,94.71,94.71,94.71,1
1701962220,94.71,94.71,94.71,94.71,1
1701962400,94.71,94.71,94.71,94.71,1
1701962580,94.705,94.705,94.705,94.705,1654
1701962640,94.705,94.705,94.705,94.705,87
1701962700,94.705,94.705,94.705,94.705,22
1701962820,94.705,94.705,94.705,94.705,12
1701962940,94.705,94.705,94.705,94.705,12
1701963180,94.705,94.705,94.705,94.705,10
1701963300,94.71,94.71,94.71,94.71,1
1701963360,94.705,94.705,94.705,94.705,75
1701963600,94.705,94.705,94.705,94.705,57
1701963720,94.705,94.705,94.705,94.705,40
1701963840,94.705,94.705,94.705,94.705,2022
1701963900,94.705,94.705,94.705,94.705,19
1701964080,94.705,94.705,94.705,94.705,79
1701964380,94.71,94.71,94.71,94.71,1
1701964560,94.705,94.705,94.705,94.705,25
1701964620,94.71,94.71,94.705,94.705,101
1701964740,94.705,94.705,94.705,94.705,6
1701964920,94.71,94.71,94.71,94.71,1
1701965100,94.705,94.705,94.705,94.705,1356
1701965520,94.705,94.705,94.705,94.705,1
1701965700,94.705,94.705,94.705,94.705,22
1701965760,94.71,94.71,94.71,94.71,1
1701966000,94.705,94.705,94.705,94.705,1
1701966060,94.705,94.705,94.705,94.705,38
1701966360,94.705,94.705,94.705,94.705,1
1701966600,94.705,94.705,94.705,94.705,1
1701966780,94.705,94.705,94.705,94.705,1040
1701966840,94.705,94.705,94.705,94.705,1
1701966960,94.705,94.705,94.705,94.705,87
1701967080,94.705,94.705,94.705,94.705,4
1701967140,94.705,94.705,94.705,94.705,1527
1701967200,94.705,94.705,94.705,94.705,314
1701967260,94.705,94.705,94.705,94.705,364
1701967500,94.705,94.705,94.705,94.705,250
1701968040,94.71,94.71,94.71,94.71,1
1701968460,94.71,94.71,94.71,94.71,1
1701968880,94.705,94.705,94.705,94.705,527
1701969420,94.705,94.705,94.705,94.705,1
1701969480,94.705,94.705,94.705,94.705,5
1701969540,94.71,94.71,94.71,94.71,1
1701969600,94.705,94.705,94.705,94.705,20
1701970020,94.71,94.71,94.71,94.71,1
1701970260,94.71,94.71,94.71,94.71,1
1701970800,94.71,94.71,94.71,94.71,27
1701971220,94.71,94.71,94.71,94.71,31
1701971280,94.71,94.71,94.71,94.71,1
1701971640,94.71,94.71,94.71,94.71,1
1701971940,94.71,94.71,94.71,94.71,1
1701972180,94.71,94.71,94.71,94.71,1
1701972360,94.705,94.71,94.705,94.705,46
1701972480,94.705,94.705,94.705,94.705,1
1701972660,94.71,94.71,94.71,94.71,1
1701973020,94.71,94.71,94.71,94.71,1
1701973080,94.705,94.705,94.705,94.705,100
1701973380,94.71,94.71,94.71,94.71,1
1701973800,94.71,94.71,94.71,94.71,1
1701974280,94.705,94.705,94.705,94.705,150
1701974460,94.71,94.71,94.71,94.71,1
1701974520,94.705,94.705,94.705,94.705,50
1701975000,94.71,94.71,94.71,94.71,1
1701975480,94.71,94.71,94.71,94.71,1
1701975600,94.71,94.71,94.71,94.71,1
1701975840,94.705,94.71,94.705,94.71,61
1701975900,94.705,94.705,94.705,94.705,11
1701976080,94.705,94.705,94.705,94.705,2
1701976200,94.71,94.71,94.71,94.71,1
1701976440,94.71,94.71,94.71,94.71,101
1701976920,94.71,94.71,94.71,94.71,1
1701976980,94.705,94.705,94.705,94.705,447
1701977100,94.705,94.705,94.705,94.705,2
1701977280,94.705,94.705,94.705,94.705,125
1701977520,94.71,94.71,94.71,94.71,1
1701978000,94.71,94.71,94.71,94.71,1
1701978540,94.71,94.71,94.71,94.71,1
1701978840,94.705,94.705,94.705,94.705,24
1701978900,94.705,94.705,94.705,94.705,139
1701979140,94.71,94.71,94.705,94.705,25
1701979260,94.705,94.705,94.705,94.705,30
1701979440,94.705,94.705,94.705,94.705,25
1701979920,94.705,94.705,94.705,94.705,5
1701979980,94.705,94.705,94.705,94.705,500
1701980160,94.71,94.71,94.71,94.71,1
1701980520,94.71,94.71,94.71,94.71,1
1701980580,94.705,94.705,94.705,94.705,1104
1701980640,94.705,94.705,94.705,94.705,1408
1701980700,94.705,94.705,94.705,94.705,1481
1701981180,94.705,94.705,94.705,94.705,20
1701981300,94.705,94.705,94.705,94.705,2
1701981360,94.705,94.705,94.705,94.705,1
1701981480,94.705,94.705,94.705,94.705,1
1701981660,94.705,94.705,94.705,94.705,2
1701981720,94.7,94.7,94.7,94.7,15
1701981900,94.705,94.705,94.705,94.705,1
1701982200,94.705,94.705,94.705,94.705,13
1701982320,94.7,94.7,94.7,94.7,700
1701982620,94.7,94.7,94.7,94.7,15
1701982740,94.705,94.705,94.705,94.705,1
1701983640,94.7,94.7,94.7,94.7,3
1701984180,94.7,94.7,94.7,94.7,500
1701984480,94.7,94.7,94.7,94.7,250
1701984660,94.7,94.7,94.7,94.7,2
1701984900,94.7,94.7,94.7,94.7,75
1701985140,94.7,94.7,94.7,94.7,500
1701985200,94.7,94.7,94.7,94.7,6
1701985740,94.7,94.7,94.7,94.7,1
1701985860,94.7,94.7,94.7,94.7,50
1701986040,94.705,94.705,94.705,94.705,4
1701986340,94.7,94.705,94.7,94.705,18
1701990000,94.7,94.7,94.7,94.7,10
1701994500,94.7,94.7,94.7,94.7,10
1701995220,94.7,94.7,94.7,94.7,347
1701995340,94.7,94.7,94.7,94.7,368
1701995400,94.7,94.7,94.7,94.7,557
1701995460,94.7,94.7,94.7,94.7,70
1701995760,94.7,94.7,94.7,94.7,1
1701996720,94.7,94.7,94.7,94.7,71
1701996900,94.7,94.7,94.7,94.7,22
1701996960,94.7,94.7,94.7,94.7,3
1701997200,94.7,94.7,94.7,94.7,1
1701998040,94.7,94.7,94.7,94.7,10
1701998280,94.7,94.7,94.7,94.7,437
1701999180,94.7,94.7,94.7,94.7,269
1701999540,94.7,94.7,94.7,94.7,137
1702000080,94.7,94.7,94.7,94.7,270
1702000260,94.7,94.7,94.7,94.7,427
1702000860,94.7,94.7,94.7,94.7,30
1702002600,94.7,94.7,94.7,94.7,100
1702010700,94.695,94.695,94.695,94.695,2
1702019040,94.7,94.7,94.7,94.7,9
1702020360,94.695,94.695,94.695,94.695,23
1702021500,94.695,94.695,94.695,94.695,9
1702021740,94.695,94.695,94.695,94.695,252
1702022400,94.695,94.695,94.695,94.695,1
1702022880,94.695,94.695,94.695,94.695,30
1702023180,94.695,94.695,94.695,94.695,3
1702023240,94.695,94.695,94.695,94.695,11
1702023780,94.695,94.695,94.695,94.695,1
1702024380,94.695,94.695,94.695,94.695,2
1702024500,94.695,94.695,94.695,94.695,3
1702024620,94.695,94.695,94.695,94.695,2
1702024740,94.695,94.695,94.695,94.695,2
1702025040,94.695,94.695,94.695,94.695,9
1702026060,94.695,94.695,94.695,94.695,252
1702026480,94.7,94.7,94.7,94.7,1
1702027680,94.695,94.695,94.695,94.695,2
1702027980,94.695,94.695,94.695,94.695,152
1702031460,94.7,94.7,94.695,94.695,4469
1702031760,94.7,94.7,94.7,94.7,19
1702031940,94.7,94.7,94.7,94.7,406
1702032000,94.7,94.7,94.7,94.7,16
1702032420,94.7,94.7,94.7,94.7,1300
1702032480,94.7,94.7,94.7,94.7,185
1702032780,94.7,94.7,94.7,94.7,69
1702033020,94.7,94.7,94.7,94.7,9
1702033320,94.695,94.695,94.695,94.695,36
1702033440,94.7,94.7,94.7,94.7,7
1702033620,94.695,94.695,94.695,94.695,30
1702033800,94.7,94.7,94.7,94.7,300
1702034760,94.7,94.7,94.7,94.7,1
1702035900,94.7,94.7,94.7,94.7,31
1702036080,94.7,94.7,94.7,94.7,5
1702036680,94.7,94.7,94.7,94.7,1
1702036740,94.7,94.7,94.7,94.7,560
1702036800,94.7,94.7,94.7,94.7,135
1702036860,94.7,94.7,94.7,94.7,2
1702036980,94.7,94.7,94.7,94.7,393
1702037100,94.7,94.7,94.7,94.7,1471
1702037220,94.7,94.7,94.7,94.7,2
1702037280,94.7,94.7,94.7,94.7,29
1702037520,94.7,94.7,94.7,94.7,250
1702037700,94.7,94.7,94.7,94.7,100
1702037760,94.7,94.7,94.7,94.7,300
1702037880,94.695,94.695,94.695,94.695,40
1702038840,94.695,94.695,94.695,94.695,4
1702039140,94.7,94.7,94.7,94.7,2016
1702039260,94.7,94.7,94.7,94.7,60
1702039320,94.7,94.7,94.7,94.7,210
1702039380,94.7,94.7,94.7,94.7,2
1702039440,94.7,94.7,94.7,94.7,100
1702039560,94.7,94.7,94.7,94.7,852
1702039620,94.7,94.7,94.7,94.7,33
1702039680,94.7,94.7,94.7,94.7,735
1702039800,94.7,94.7,94.7,94.7,240
1702040100,94.7,94.705,94.7,94.705,10
1702040220,94.705,94.705,94.705,94.705,10
1702040340,94.705,94.705,94.705,94.705,10
1702040460,94.7,94.7,94.7,94.7,36
1702040520,94.705,94.705,94.705,94.705,113
1702040580,94.705,94.705,94.705,94.705,10
1702040640,94.705,94.705,94.705,94.705,10
1702040820,94.705,94.705,94.705,94.705,10
1702040880,94.7,94.7,94.7,94.7,49
1702040940,94.7,94.7,94.7,94.7,14
1702041000,94.7,94.7,94.7,94.7,1074
1702041120,94.7,94.7,94.7,94.7,251
1702041240,94.705,94.705,94.7,94.7,208
1702041300,94.7,94.7,94.695,94.7,469
1702041360,94.7,94.7,94.7,94.7,134
1702041480,94.7,94.7,94.7,94.7,829
1702041540,94.7,94.7,94.7,94.7,3
1702041600,94.7,94.7,94.7,94.7,4
1702041660,94.705,94.705,94.7,94.7,22
1702041720,94.705,94.705,94.7,94.7,505
1702041780,94.7,94.7,94.7,94.7,450
1702041840,94.7,94.7,94.7,94.7,108
1702041900,94.7,94.7,94.7,94.7,626
1702041960,94.7,94.7,94.7,94.7,233
1702042020,94.7,94.7,94.7,94.7,410
1702042080,94.7,94.7,94.7,94.7,131
1702042140,94.7,94.705,94.7,94.7,419
1702042200,94.7,94.7,94.68,94.685,8990
1702042260,94.685,94.685,94.68,94.68,8022
1702042320,94.68,94.68,94.675,94.68,8433
1702042380,94.68,94.68,94.68,94.68,658
1702042440,94.68,94.68,94.68,94.68,1
1702042620,94.685,94.685,94.685,94.685,386
1702042740,94.685,94.685,94.685,94.685,5
1702042800,94.685,94.685,94.685,94.685,2921
1702042860,94.685,94.685,94.685,94.685,784
1702042920,94.685,94.685,94.685,94.685,289
1702042980,94.685,94.685,94.685,94.685,66
1702043040,94.685,94.685,94.685,94.685,12
1702043100,94.685,94.685,94.685,94.685,846
1702043160,94.685,94.685,94.685,94.685,633
1702043220,94.685,94.685,94.685,94.685,891
1702043280,94.685,94.685,94.685,94.685,167
1702043340,94.685,94.685,94.685,94.685,11
1702043460,94.685,94.685,94.685,94.685,99
1702043580,94.685,94.685,94.685,94.685,5
1702043640,94.68,94.68,94.68,94.68,7612
1702043700,94.68,94.68,94.68,94.68,748
1702043760,94.68,94.68,94.675,94.675,226
1702043820,94.68,94.68,94.68,94.68,2
1702043940,94.68,94.685,94.675,94.675,3078
1702044000,94.68,94.68,94.68,94.68,500
1702044060,94.68,94.68,94.68,94.68,1
1702044180,94.68,94.68,94.68,94.68,133
1702044420,94.68,94.68,94.68,94.68,30
1702044480,94.68,94.68,94.68,94.68,9
1702044720,94.68,94.68,94.68,94.68,79
1702044780,94.68,94.68,94.68,94.68,8
1702044840,94.68,94.68,94.675,94.675,26
1702044900,94.68,94.68,94.68,94.68,307
1702045080,94.68,94.68,94.68,94.68,37
1702045140,94.68,94.68,94.675,94.68,151
1702045260,94.675,94.675,94.675,94.675,180
1702045800,94.68,94.68,94.68,94.68,1660
1702046040,94.685,94.685,94.68,94.68,15
1702046100,94.68,94.68,94.68,94.68,100
1702046400,94.68,94.68,94.68,94.68,3
1702046460,94.685,94.685,94.685,94.685,7
1702046760,94.68,94.68,94.68,94.68,90
1702046940,94.68,94.68,94.68,94.68,120
1702047120,94.68,94.68,94.68,94.68,23
1702047180,94.685,94.685,94.685,94.685,139
1702047240,94.68,94.68,94.68,94.68,200
1702047300,94.685,94.685,94.685,94.685,3
1702047540,94.68,94.68,94.68,94.68,8
1702047600,94.685,94.685,94.685,94.685,3109
1702047720,94.68,94.685,94.68,94.685,87
1702047780,94.68,94.68,94.68,94.68,1
1702047840,94.68,94.68,94.68,94.68,5
1702047900,94.68,94.68,94.68,94.68,5
1702047960,94.68,94.68,94.68,94.68,5
1702048020,94.68,94.68,94.68,94.68,20
1702048140,94.68,94.68,94.68,94.68,5
1702048380,94.68,94.68,94.68,94.68,5
1702048500,94.68,94.68,94.68,94.68,100
1702048560,94.68,94.68,94.68,94.68,5
1702048740,94.685,94.685,94.685,94.685,2
1702048800,94.68,94.68,94.68,94.68,5
1702048980,94.68,94.68,94.68,94.68,100
1702049100,94.68,94.68,94.68,94.68,5
1702049220,94.685,94.685,94.685,94.685,23
1702049280,94.685,94.685,94.685,94.685,47
1702049400,94.685,94.685,94.685,94.685,47
1702049460,94.685,94.685,94.685,94.685,9
1702049520,94.68,94.68,94.68,94.68,5
1702049760,94.68,94.68,94.68,94.68,100
1702049820,94.68,94.68,94.68,94.68,43
1702049880,94.68,94.68,94.68,94.68,5
1702050180,94.68,94.68,94.68,94.68,22
1702050240,94.68,94.68,94.68,94.68,5
1702050360,94.68,94.685,94.68,94.68,311
1702050480,94.68,94.68,94.68,94.68,98
1702050600,94.68,94.68,94.68,94.68,702
1702050660,94.68,94.68,94.68,94.68,6
1702050780,94.68,94.68,94.68,94.68,5
1702050840,94.68,94.68,94.68,94.68,4
1702050960,94.68,94.68,94.68,94.68,602
1702051020,94.68,94.68,94.68,94.68,3513
1702051080,94.675,94.68,94.675,94.675,22
1702051140,94.675,94.675,94.675,94.675,10
1702051200,94.675,94.675,94.675,94.675,5
1702051260,94.675,94.675,94.675,94.675,1
1702051320,94.675,94.675,94.675,94.675,5
1702051740,94.675,94.675,94.675,94.675,5
1702051800,94.68,94.68,94.68,94.68,240
1702052040,94.675,94.675,94.675,94.675,3
1702052100,94.675,94.675,94.675,94.675,5
1702052160,94.675,94.675,94.675,94.675,5
1702052220,94.675,94.675,94.675,94.675,5
1702052520,94.68,94.68,94.68,94.68,407
1702052580,94.68,94.68,94.68,94.68,10
1702052760,94.68,94.68,94.68,94.68,10
1702052940,94.675,94.675,94.675,94.675,62
1702053180,94.675,94.675,94.675,94.675,5
1702053420,94.675,94.675,94.675,94.675,5
1702053480,94.675,94.68,94.675,94.68,2521
1702053540,94.68,94.68,94.68,94.68,4
1702053780,94.68,94.68,94.68,94.68,49
1702053840,94.68,94.68,94.68,94.68,4
1702053900,94.68,94.68,94.68,94.68,46
1702054020,94.675,94.675,94.675,94.675,46
1702054080,94.675,94.68,94.675,94.68,1243
1702054200,94.68,94.68,94.68,94.68,100
1702054260,94.68,94.68,94.68,94.68,340
1702054320,94.68,94.68,94.68,94.68,3
1702054380,94.68,94.68,94.68,94.68,361
1702054500,94.68,94.68,94.68,94.68,210
1702054680,94.675,94.675,94.675,94.675,120
1702054980,94.68,94.68,94.68,94.68,46
1702055100,94.68,94.68,94.68,94.68,429
1702055340,94.68,94.68,94.68,94.68,21
1702055820,94.675,94.675,94.675,94.675,1
1702056060,94.675,94.675,94.675,94.675,300
1702056120,94.68,94.68,94.68,94.68,3
1702056300,94.68,94.68,94.68,94.68,300
1702056660,94.68,94.68,94.68,94.68,1250
1702056720,94.68,94.68,94.68,94.68,742
1702056780,94.68,94.68,94.68,94.68,3
1702057080,94.68,94.68,94.68,94.68,302
1702057140,94.68,94.68,94.68,94.68,4
1702057260,94.68,94.68,94.68,94.68,7
1702057440,94.68,94.68,94.68,94.68,327
1702057500,94.68,94.68,94.68,94.68,214
1702057620,94.68,94.68,94.68,94.68,2
1702057680,94.68,94.68,94.68,94.68,143
1702057740,94.68,94.68,94.68,94.68,237
1702057860,94.68,94.68,94.68,94.68,8
1702058100,94.68,94.68,94.68,94.68,17
1702058220,94.68,94.68,94.68,94.68,616
1702058340,94.68,94.68,94.68,94.68,125
1702058460,94.68,94.68,94.68,94.68,2
1702059240,94.68,94.68,94.68,94.68,27
1702059300,94.68,94.68,94.68,94.68,1
1702059360,94.675,94.68,94.675,94.68,13
1702059540,94.675,94.675,94.675,94.675,1
1702059780,94.675,94.675,94.675,94.675,4
1702060200,94.68,94.68,94.68,94.68,2
1702060320,94.675,94.675,94.675,94.675,1
1702060500,94.675,94.675,94.675,94.675,5
1702060560,94.675,94.675,94.675,94.675,320
1702060860,94.675,94.675,94.675,94.675,5
1702060980,94.68,94.68,94.68,94.68,3
1702061040,94.675,94.675,94.675,94.675,5
1702061160,94.675,94.675,94.675,94.675,5
1702061220,94.675,94.675,94.675,94.675,1
1702061340,94.675,94.675,94.675,94.675,5
1702061400,94.68,94.68,94.68,94.68,8
1702061520,94.68,94.68,94.68,94.68,100
1702061640,94.675,94.675,94.675,94.675,3
1702061760,94.675,94.675,94.675,94.675,11
1702061820,94.675,94.68,94.675,94.68,54
1702061880,94.68,94.68,94.68,94.68,47
1702061940,94.675,94.675,94.675,94.675,2
1702062300,94.675,94.675,94.675,94.675,6
1702062600,94.675,94.675,94.675,94.675,5
1702062660,94.68,94.68,94.68,94.68,65
1702062720,94.68,94.68,94.68,94.68,3
1702062780,94.675,94.675,94.675,94.675,3
1702062840,94.675,94.675,94.675,94.675,6
1702062900,94.675,94.675,94.675,94.675,5
1702063260,94.68,94.68,94.68,94.68,12
1702063620,94.675,94.675,94.675,94.675,5
1702063740,94.675,94.675,94.675,94.675,1
1702064040,94.68,94.68,94.68,94.68,33
1702064160,94.675,94.675,94.675,94.675,1
1702064220,94.68,94.68,94.68,94.68,7
1702064280,94.68,94.68,94.68,94.68,200
1702064580,94.675,94.675,94.675,94.675,8
1702065240,94.675,94.675,94.675,94.675,44
1702065360,94.675,94.675,94.675,94.675,2
1702065480,94.675,94.675,94.675,94.675,50
1702065540,94.675,94.675,94.675,94.675,3
1702065840,94.675,94.675,94.675,94.675,75
1702066140,94.675,94.675,94.675,94.675,24
1702066500,94.675,94.675,94.675,94.675,300
1702066620,94.675,94.675,94.675,94.675,1
1702066740,94.68,94.68,94.68,94.68,1061
1702067100,94.68,94.68,94.68,94.68,16
1702067400,94.68,94.68,94.68,94.68,93
1702067460,94.68,94.68,94.68,94.68,22
1702067520,94.68,94.68,94.68,94.68,71
1702067580,94.68,94.68,94.68,94.68,4
1702067880,94.675,94.675,94.675,94.675,11
1702068060,94.675,94.675,94.675,94.675,5
1702068300,94.675,94.675,94.675,94.675,2
1702068480,94.675,94.675,94.675,94.675,1
1702068540,94.675,94.675,94.675,94.675,5
1702068720,94.675,94.675,94.675,94.675,22
1702068840,94.675,94.675,94.675,94.675,5
1702068900,94.675,94.675,94.675,94.675,7
1702068960,94.675,94.675,94.675,94.675,10
1702069080,94.68,94.68,94.68,94.68,93
1702069140,94.675,94.675,94.675,94.675,6
1702069980,94.68,94.68,94.68,94.68,2
1702072140,94.68,94.68,94.68,94.68,20
1702072440,94.675,94.675,94.675,94.675,38
1702072560,94.68,94.68,94.68,94.68,50
1702072740,94.68,94.68,94.68,94.68,6
1702249200,94.68,94.68,94.68,94.68,8
1702249440,94.68,94.68,94.68,94.68,7
1702249620,94.68,94.68,94.68,94.68,3
1702254420,94.68,94.68,94.68,94.68,1
1702255260,94.68,94.68,94.68,94.68,14
1702256220,94.68,94.68,94.68,94.68,1
1702258080,94.68,94.68,94.68,94.68,1
1702260540,94.68,94.68,94.68,94.68,1
1702262520,94.68,94.68,94.68,94.68,1
1702264740,94.68,94.68,94.68,94.68,1
1702267200,94.68,94.68,94.68,94.68,1
1702269240,94.68,94.68,94.68,94.68,1
1702271160,94.68,94.68,94.68,94.68,1
1702273020,94.68,94.68,94.68,94.68,1
1702274820,94.68,94.68,94.68,94.68,3
1702274940,94.68,94.68,94.68,94.68,1
1702277100,94.675,94.675,94.675,94.675,4
1702277280,94.68,94.68,94.68,94.68,1
1702279320,94.68,94.68,94.68,94.68,1
1702280460,94.68,94.68,94.68,94.68,1255
1702280700,94.68,94.68,94.68,94.68,94
1702281480,94.675,94.675,94.675,94.675,203
1702281780,94.68,94.68,94.68,94.68,11
1702281900,94.675,94.675,94.675,94.675,1
1702281960,94.675,94.675,94.675,94.675,318
1702283880,94.68,94.68,94.675,94.675,7
1702284180,94.675,94.675,94.675,94.675,1
1702284300,94.675,94.675,94.675,94.675,7
1702284660,94.675,94.675,94.675,94.675,1
1702285920,94.68,94.68,94.68,94.68,1
1702286220,94.68,94.68,94.68,94.68,48
1702286640,94.675,94.675,94.675,94.675,1
1702288560,94.68,94.68,94.68,94.68,1
1702289400,94.68,94.68,94.68,94.68,500
1702289580,94.68,94.68,94.68,94.68,2585
1702290600,94.68,94.68,94.68,94.68,1
1702290660,94.675,94.675,94.675,94.675,120
1702290780,94.68,94.68,94.68,94.68,1
1702290840,94.68,94.68,94.68,94.68,4
1702293360,94.68,94.68,94.68,94.68,1
1702295640,94.68,94.68,94.68,94.68,1
1702295940,94.68,94.68,94.68,94.68,50
1702296360,94.68,94.68,94.68,94.68,8
1702296480,94.68,94.68,94.68,94.68,4
1702296540,94.675,94.675,94.675,94.675,3
1702297980,94.675,94.675,94.675,94.675,4
1702298460,94.68,94.68,94.68,94.68,1
1702298640,94.675,94.675,94.675,94.675,3
1702299060,94.675,94.675,94.675,94.675,3
1702299420,94.675,94.675,94.675,94.675,216
1702299900,94.675,94.675,94.675,94.675,396
1702299960,94.675,94.675,94.675,94.675,294
1702300140,94.675,94.675,94.675,94.675,3
1702300200,94.675,94.675,94.675,94.675,4
1702300320,94.675,94.675,94.675,94.675,1
1702300380,94.675,94.675,94.675,94.675,250
1702300440,94.675,94.675,94.675,94.675,5
1702300560,94.675,94.675,94.675,94.675,39
1702300800,94.675,94.675,94.675,94.675,7
1702301100,94.68,94.68,94.68,94.68,2
1702301400,94.675,94.675,94.675,94.675,1
1702302300,94.675,94.675,94.675,94.675,200
1702302360,94.68,94.68,94.675,94.675,56
1702302420,94.675,94.675,94.675,94.675,200
1702302540,94.675,94.675,94.675,94.675,1
1702302660,94.675,94.675,94.675,94.675,101
1702303260,94.68,94.68,94.68,94.68,6
1702303920,94.68,94.68,94.68,94.68,1
1702304100,94.68,94.68,94.68,94.68,1
1702304640,94.68,94.68,94.68,94.68,16
1702305960,94.675,94.675,94.675,94.675,105
1702306260,94.68,94.68,94.68,94.68,20
1702306800,94.675,94.675,94.675,94.675,3
1702306860,94.675,94.675,94.675,94.675,23
1702306980,94.675,94.675,94.675,94.675,3
1702307160,94.675,94.675,94.675,94.675,125
1702307220,94.68,94.68,94.68,94.68,1
1702307280,94.675,94.675,94.675,94.675,7
1702307340,94.675,94.675,94.675,94.675,5
1702307400,94.68,94.68,94.68,94.68,2
1702307520,94.675,94.675,94.675,94.675,100
1702307580,94.675,94.675,94.675,94.675,5
1702307880,94.675,94.675,94.675,94.675,6
1702308180,94.675,94.675,94.675,94.675,150
1702308480,94.68,94.68,94.675,94.675,8
1702308960,94.68,94.68,94.68,94.68,1
1702309080,94.675,94.675,94.675,94.675,7
1702309200,94.675,94.675,94.675,94.675,8
1702309440,94.68,94.68,94.68,94.68,1
1702309680,94.675,94.675,94.675,94.675,6
1702309800,94.68,94.68,94.68,94.68,1
1702309860,94.675,94.675,94.675,94.675,397
1702309920,94.675,94.675,94.675,94.675,4
1702309980,94.675,94.675,94.675,94.675,28
1702310100,94.68,94.68,94.68,94.68,2
1702310280,94.675,94.68,94.675,94.68,8
1702310340,94.675,94.675,94.675,94.675,4
1702310460,94.68,94.68,94.68,94.68,1
1702310520,94.675,94.675,94.675,94.675,201
1702310700,94.675,94.675,94.675,94.675,58
1702310880,94.675,94.675,94.675,94.675,6
1702310940,94.68,94.68,94.675,94.675,1323
1702311000,94.675,94.675,94.675,94.675,2
1702311120,94.675,94.675,94.675,94.675,300
1702311300,94.68,94.68,94.675,94.675,4065
1702311360,94.675,94.675,94.675,94.675,50
1702311480,94.675,94.675,94.675,94.675,16
1702311540,94.675,94.675,94.675,94.675,12
1702311720,94.675,94.675,94.675,94.675,126
1702311780,94.675,94.675,94.675,94.675,33
1702311840,94.675,94.68,94.675,94.675,338
1702311900,94.68,94.68,94.68,94.68,25
1702312080,94.675,94.675,94.675,94.675,7
1702312140,94.675,94.675,94.675,94.675,11
1702312260,94.675,94.675,94.675,94.675,1246
1702312320,94.675,94.675,94.675,94.675,1314
1702312560,94.68,94.68,94.68,94.68,15
1702312620,94.68,94.68,94.68,94.68,9
1702312680,94.68,94.68,94.68,94.68,9
1702312740,94.675,94.68,94.675,94.68,6
1702312800,94.68,94.68,94.68,94.68,10
1702312860,94.68,94.68,94.68,94.68,10
1702312920,94.68,94.68,94.68,94.68,10
1702312980,94.68,94.68,94.68,94.68,8
1702313040,94.68,94.68,94.68,94.68,9
1702313100,94.68,94.68,94.68,94.68,9
1702313160,94.68,94.68,94.68,94.68,10
1702313220,94.68,94.68,94.68,94.68,10
1702313280,94.68,94.68,94.68,94.68,1
1702313340,94.68,94.68,94.675,94.675,13
1702313400,94.68,94.68,94.675,94.675,14
1702313460,94.68,94.68,94.68,94.68,10
1702313520,94.68,94.68,94.68,94.68,9
1702313580,94.68,94.68,94.68,94.68,10
1702313640,94.68,94.68,94.68,94.68,9
1702313700,94.68,94.68,94.68,94.68,10
1702313760,94.68,94.68,94.68,94.68,1
1702313820,94.68,94.68,94.68,94.68,9
1702313880,94.68,94.68,94.68,94.68,8
1702313940,94.68,94.68,94.675,94.675,13
1702314000,94.68,94.68,94.68,94.68,9
1702314060,94.68,94.68,94.68,94.68,10
1702314120,94.675,94.68,94.675,94.68,160
1702314180,94.68,94.68,94.68,94.68,9
1702314240,94.68,94.68,94.68,94.68,10
1702314300,94.68,94.68,94.68,94.68,9
1702314420,94.68,94.68,94.68,94.68,17
1702314480,94.68,94.68,94.68,94.68,10
1702314540,94.675,94.675,94.675,94.675,7
1702314600,94.68,94.68,94.68,94.68,16
1702314660,94.68,94.68,94.68,94.68,9
1702314720,94.68,94.68,94.68,94.68,9
1702314780,94.675,94.68,94.675,94.68,14
1702314840,94.68,94.68,94.68,94.68,8
1702314900,94.68,94.68,94.68,94.68,8
1702314960,94.68,94.68,94.68,94.68,8
1702315020,94.68,94.68,94.68,94.68,9
1702315080,94.68,94.68,94.68,94.68,9
1702315140,94.675,94.675,94.675,94.675,8
1702315200,94.68,94.68,94.68,94.68,16
1702315260,94.68,94.68,94.68,94.68,8
1702315320,94.675,94.68,94.675,94.675,213
1702315380,94.68,94.68,94.68,94.68,8
1702315440,94.68,94.68,94.68,94.68,9
1702315500,94.68,94.68,94.68,94.68,8
1702315560,94.68,94.68,94.68,94.68,8
1702315620,94.68,94.68,94.68,94.68,9
1702315680,94.675,94.68,94.675,94.68,9
1702315740,94.675,94.68,94.675,94.68,16
1702315800,94.68,94.68,94.68,94.68,8
1702315860,94.675,94.68,94.675,94.675,342
1702315920,94.68,94.68,94.68,94.68,8
1702315980,94.68,94.68,94.68,94.68,8
1702316100,94.675,94.68,94.675,94.68,115
1702316160,94.68,94.68,94.68,94.68,1
1702316220,94.68,94.68,94.68,94.68,1
1702316340,94.675,94.675,94.675,94.675,307
1702316940,94.675,94.675,94.675,94.675,9
1702317000,94.68,94.68,94.68,94.68,1
1702317180,94.675,94.675,94.675,94.675,77
1702317240,94.675,94.675,94.675,94.675,25
1702317420,94.675,94.675,94.675,94.675,7
1702317540,94.675,94.68,94.675,94.675,144
1702317660,94.675,94.675,94.675,94.675,121
1702317720,94.675,94.675,94.675,94.675,69
1702317780,94.675,94.675,94.675,94.675,36
1702318140,94.675,94.675,94.675,94.675,5
1702318200,94.68,94.68,94.675,94.675,2
1702318260,94.675,94.675,94.675,94.675,9
1702318320,94.675,94.675,94.675,94.675,29
1702318680,94.675,94.675,94.675,94.675,31
1702318740,94.675,94.675,94.675,94.675,4
1702318920,94.68,94.68,94.68,94.68,1
1702319220,94.675,94.675,94.675,94.675,1
1702319280,94.675,94.675,94.675,94.675,300
1702319340,94.675,94.675,94.675,94.675,3
1702319520,94.68,94.68,94.68,94.68,1
1702320240,94.675,94.675,94.675,94.675,155
1702320420,94.675,94.675,94.675,94.675,3
1702320480,94.675,94.675,94.675,94.675,2
1702320600,94.675,94.675,94.675,94.675,12
1702320660,94.675,94.675,94.675,94.675,357
1702320900,94.68,94.68,94.68,94.68,1
1702321140,94.675,94.675,94.675,94.675,2
1702321560,94.675,94.675,94.675,94.675,3
1702321620,94.68,94.68,94.68,94.68,1
1702321740,94.675,94.675,94.675,94.675,100
1702321920,94.675,94.675,94.675,94.675,5
1702321980,94.675,94.675,94.675,94.675,2
1702322340,94.675,94.675,94.675,94.675,3
1702322760,94.68,94.68,94.68,94.68,1
1702322940,94.675,94.675,94.675,94.675,4
1702323000,94.675,94.675,94.675,94.675,16
1702323420,94.68,94.68,94.68,94.68,1
1702323540,94.675,94.675,94.675,94.675,10
1702324140,94.675,94.675,94.675,94.675,11
1702324440,94.675,94.675,94.675,94.675,102
1702324500,94.675,94.675,94.675,94.675,13
1702324680,94.68,94.68,94.68,94.68,1
1702324740,94.675,94.675,94.675,94.675,24
1702324800,94.675,94.675,94.675,94.675,33
1702324920,94.68,94.68,94.68,94.68,24
1702324980,94.675,94.675,94.675,94.675,54
1702325040,94.675,94.675,94.675,94.675,56
1702325100,94.675,94.675,94.675,94.675,434
1702325280,94.675,94.675,94.675,94.675,375
1702325400,94.675,94.675,94.675,94.675,374
1702325460,94.675,94.675,94.675,94.675,11
1702325580,94.675,94.675,94.675,94.675,7
1702325700,94.675,94.675,94.675,94.675,120
1702325760,94.675,94.675,94.675,94.675,1
1702325940,94.675,94.675,94.675,94.675,91
1702326360,94.675,94.675,94.675,94.675,83
1702326540,94.68,94.68,94.68,94.68,1
1702326600,94.675,94.675,94.675,94.675,7
1702326780,94.675,94.675,94.675,94.675,89
1702327020,94.675,94.675,94.675,94.675,206
1702327140,94.675,94.68,94.675,94.68,3
1702327320,94.68,94.68,94.68,94.68,37
1702327380,94.675,94.675,94.675,94.675,75
1702327440,94.675,94.675,94.675,94.675,64
1702327860,94.675,94.675,94.675,94.675,50
1702327980,94.68,94.68,94.68,94.68,115
1702328040,94.68,94.68,94.68,94.68,65
1702328280,94.68,94.68,94.68,94.68,36
1702328340,94.68,94.68,94.68,94.68,1
1702328400,94.675,94.675,94.675,94.675,60
1702328580,94.68,94.68,94.68,94.68,46
1702328640,94.68,94.68,94.68,94.68,1
1702328880,94.675,94.675,94.675,94.675,100
1702328940,94.675,94.675,94.675,94.675,23
1702329240,94.675,94.675,94.675,94.675,2
1702330380,94.675,94.675,94.675,94.675,296
1702330440,94.68,94.68,94.68,94.68,225
1702330560,94.675,94.675,94.675,94.675,3
1702331040,94.68,94.68,94.675,94.675,34
1702331100,94.675,94.675,94.675,94.675,80
1702331160,94.68,94.68,94.68,94.68,6
1702331220,94.675,94.675,94.675,94.675,6
1702331700,94.68,94.68,94.68,94.68,250
1702331940,94.675,94.68,94.675,94.675,125
1702335600,94.675,94.675,94.675,94.675,52
1702335720,94.675,94.675,94.675,94.675,1
1702335780,94.675,94.675,94.675,94.675,19
1702336500,94.675,94.675,94.675,94.675,3
1702336800,94.675,94.675,94.675,94.675,24
1702342200,94.675,94.675,94.675,94.675,5
1702343700,94.675,94.675,94.675,94.675,27
1702344300,94.68,94.68,94.68,94.68,290
1702344420,94.68,94.68,94.68,94.68,69
1702345200,94.675,94.68,94.675,94.675,258
1702348740,94.675,94.68,94.675,94.68,7
1702348800,94.675,94.68,94.675,94.675,180
1702348860,94.675,94.675,94.675,94.675,1
1702351080,94.68,94.68,94.68,94.68,43
1702357020,94.675,94.675,94.675,94.675,6
1702357440,94.675,94.68,94.675,94.68,35
1702359720,94.68,94.68,94.68,94.68,82
1702360200,94.68,94.68,94.68,94.68,500
1702360380,94.675,94.675,94.675,94.675,11
1702360740,94.68,94.68,94.68,94.68,50
1702363920,94.68,94.68,94.68,94.68,100
1702364040,94.68,94.68,94.68,94.68,100
1702364160,94.675,94.675,94.675,94.675,5
1702365900,94.68,94.68,94.68,94.68,127
1702367760,94.68,94.68,94.68,94.68,2
1702370400,94.68,94.68,94.68,94.68,240
1702370520,94.675,94.675,94.675,94.675,8
1702370580,94.675,94.675,94.675,94.675,4
1702372500,94.675,94.675,94.675,94.675,142
1702372800,94.675,94.675,94.675,94.675,168
1702373100,94.675,94.675,94.675,94.675,200
1702373160,94.675,94.675,94.675,94.675,5
1702373520,94.675,94.675,94.675,94.675,9
1702377780,94.675,94.675,94.675,94.675,1
1702379880,94.68,94.68,94.68,94.68,1000
1702381080,94.675,94.675,94.675,94.675,107
1702381260,94.675,94.675,94.675,94.675,3
1702383180,94.675,94.675,94.675,94.675,2
1702384380,94.675,94.675,94.675,94.675,240
1702385340,94.675,94.675,94.675,94.675,5
1702385400,94.68,94.68,94.68,94.68,1
1702385640,94.68,94.68,94.68,94.68,750
1702386240,94.68,94.68,94.675,94.675,350
1702386300,94.68,94.68,94.68,94.68,1501
1702386420,94.68,94.68,94.68,94.68,6
1702386720,94.68,94.68,94.68,94.68,30
1702386780,94.68,94.68,94.68,94.68,20
1702386840,94.68,94.68,94.68,94.68,900
1702386900,94.68,94.68,94.68,94.68,2890
1702387020,94.68,94.68,94.68,94.68,106
1702387140,94.68,94.68,94.68,94.68,51
1702387200,94.68,94.68,94.68,94.68,50
1702387260,94.68,94.68,94.68,94.68,308
1702387320,94.68,94.68,94.68,94.68,138
1702387380,94.68,94.68,94.68,94.68,324
1702387440,94.68,94.68,94.68,94.68,100
1702387500,94.68,94.68,94.68,94.68,1823
1702387620,94.68,94.68,94.68,94.68,612
1702387680,94.68,94.685,94.68,94.685,307
1702387740,94.685,94.685,94.68,94.68,312
1702387800,94.675,94.685,94.675,94.68,3812
1702387860,94.68,94.685,94.68,94.685,237
1702387920,94.685,94.69,94.68,94.685,3472
1702387980,94.68,94.68,94.68,94.68,805
1702388040,94.68,94.68,94.68,94.68,1667
1702388100,94.68,94.68,94.68,94.68,1343
1702388160,94.68,94.68,94.68,94.68,914
1702388340,94.675,94.675,94.675,94.675,11
1702388460,94.675,94.675,94.675,94.675,1
1702388580,94.675,94.675,94.675,94.675,406
1702388640,94.675,94.675,94.675,94.675,224
1702388700,94.675,94.675,94.675,94.675,4431
1702388760,94.675,94.675,94.675,94.675,943
1702388820,94.675,94.675,94.675,94.675,15
1702388940,94.675,94.675,94.675,94.675,500
1702389120,94.675,94.675,94.67,94.675,4573
1702389180,94.67,94.67,94.67,94.67,18
1702389480,94.675,94.675,94.675,94.675,50
1702389720,94.675,94.675,94.675,94.675,646
1702389780,94.675,94.675,94.675,94.675,59
1702389840,94.675,94.675,94.675,94.675,406
1702390020,94.675,94.675,94.675,94.675,5
1702390080,94.675,94.675,94.675,94.675,176
1702390140,94.675,94.68,94.675,94.675,26
1702390200,94.675,94.675,94.675,94.675,2
1702390260,94.675,94.675,94.675,94.675,3
1702390320,94.675,94.675,94.675,94.675,13
1702390380,94.675,94.675,94.675,94.675,2
1702390440,94.675,94.675,94.675,94.675,131
1702390500,94.675,94.675,94.675,94.675,4
1702390620,94.675,94.675,94.675,94.675,279
1702390800,94.675,94.675,94.675,94.675,4
1702390860,94.675,94.675,94.675,94.675,750
1702390980,94.675,94.675,94.675,94.675,244
1702391040,94.675,94.675,94.675,94.675,440
1702391100,94.675,94.675,94.675,94.675,236
1702391160,94.675,94.675,94.675,94.675,478
1702391220,94.675,94.675,94.675,94.675,466
1702391460,94.675,94.675,94.675,94.675,616
1702391520,94.675,94.675,94.675,94.675,1460
1702391580,94.675,94.675,94.675,94.675,20
1702391640,94.675,94.675,94.675,94.675,270
1702391820,94.675,94.675,94.675,94.675,5
1702391940,94.675,94.675,94.675,94.675,15
1702392360,94.675,94.675,94.675,94.675,100
1702392540,94.675,94.675,94.675,94.675,2
1702392600,94.675,94.675,94.675,94.675,2
1702392660,94.675,94.675,94.675,94.675,5
1702392720,94.675,94.675,94.675,94.675,2
1702392780,94.675,94.675,94.675,94.675,3714
1702392840,94.675,94.675,94.675,94.675,35
1702392900,94.675,94.675,94.675,94.675,2
1702393080,94.675,94.675,94.675,94.675,20
1702393140,94.675,94.675,94.675,94.675,1
1702393200,94.675,94.675,94.675,94.675,273
1702393320,94.675,94.675,94.675,94.675,1
1702393440,94.675,94.675,94.675,94.675,1
1702393560,94.675,94.675,94.675,94.675,4
1702393620,94.675,94.675,94.675,94.675,2
1702393680,94.675,94.675,94.675,94.675,40
1702393860,94.675,94.675,94.675,94.675,1
1702393920,94.675,94.675,94.675,94.675,2
1702394040,94.675,94.675,94.675,94.675,3
1702394460,94.675,94.675,94.675,94.675,1
1702394820,94.675,94.675,94.675,94.675,50
1702394940,94.68,94.68,94.68,94.68,1
1702395420,94.68,94.68,94.675,94.675,43
1702395480,94.675,94.675,94.675,94.675,1
1702395540,94.675,94.68,94.675,94.68,240
1702395600,94.675,94.675,94.675,94.675,50
1702395660,94.68,94.68,94.68,94.68,56
1702395840,94.68,94.68,94.68,94.68,20
1702395960,94.675,94.675,94.675,94.675,5
1702396080,94.68,94.68,94.68,94.68,1
1702396260,94.675,94.675,94.675,94.675,16
1702396320,94.68,94.68,94.68,94.68,1
1702396380,94.68,94.68,94.68,94.68,21
1702396500,94.675,94.675,94.675,94.675,2
1702396680,94.68,94.68,94.68,94.68,1
1702396740,94.675,94.675,94.675,94.675,1
1702396980,94.68,94.68,94.68,94.68,1
1702397100,94.68,94.68,94.68,94.68,4
1702397340,94.675,94.675,94.675,94.675,200
1702397520,94.68,94.68,94.675,94.675,151
1702397820,94.675,94.675,94.675,94.675,6
1702397940,94.68,94.68,94.68,94.68,1
1702398420,94.68,94.68,94.68,94.68,1
1702399020,94.68,94.68,94.68,94.68,1
1702399620,94.68,94.68,94.68,94.68,1
1702400280,94.68,94.68,94.68,94.68,1
1702400940,94.68,94.68,94.68,94.68,1
1702401300,94.675,94.675,94.675,94.675,2
1702401480,94.68,94.68,94.68,94.68,290
1702401660,94.68,94.68,94.68,94.68,1
1702401720,94.68,94.68,94.675,94.68,68
1702401840,94.68,94.68,94.68,94.68,119
1702402020,94.68,94.68,94.68,94.68,8
1702402200,94.68,94.68,94.68,94.68,1
1702402500,94.675,94.675,94.675,94.675,1
1702403100,94.68,94.68,94.68,94.68,1
1702403340,94.675,94.675,94.675,94.675,2
1702403580,94.675,94.675,94.675,94.675,100
1702403700,94.68,94.68,94.68,94.68,1
1702403940,94.675,94.675,94.675,94.675,1
1702404000,94.675,94.675,94.675,94.675,6
1702404120,94.68,94.68,94.675,94.68,28
1702404180,94.675,94.675,94.675,94.675,1
1702404660,94.68,94.68,94.68,94.68,1
1702405260,94.68,94.68,94.68,94.68,1
1702405680,94.68,94.68,94.68,94.68,1
1702405740,94.675,94.675,94.675,94.675,29
1702406040,94.68,94.68,94.68,94.68,1
1702406880,94.68,94.68,94.68,94.68,1
1702407360,94.675,94.675,94.675,94.675,221
1702407540,94.675,94.675,94.675,94.675,151
1702407600,94.68,94.68,94.68,94.68,1
1702408140,94.68,94.68,94.68,94.68,1
1702408560,94.675,94.675,94.675,94.675,11
1702409160,94.675,94.68,94.675,94.68,33
1702409220,94.675,94.675,94.675,94.675,300
1702409280,94.675,94.675,94.675,94.675,1
1702409520,94.675,94.675,94.675,94.675,1
1702409700,94.675,94.675,94.675,94.675,1
1702410420,94.675,94.675,94.675,94.675,1
1702411020,94.68,94.68,94.68,94.68,1
1702411080,94.675,94.675,94.675,94.675,203
1702411140,94.675,94.675,94.675,94.675,100
1702411380,94.675,94.675,94.675,94.675,1250
1702411560,94.68,94.68,94.68,94.68,1
1702411860,94.675,94.675,94.675,94.675,7
1702412580,94.675,94.675,94.675,94.675,5
1702412820,94.68,94.68,94.68,94.68,1
1702413120,94.675,94.675,94.675,94.675,234
1702413300,94.675,94.675,94.675,94.675,20
1702413360,94.675,94.675,94.675,94.675,226
1702413480,94.675,94.675,94.675,94.675,1
1702413540,94.675,94.675,94.675,94.675,5436
1702413600,94.675,94.675,94.675,94.675,136
1702413720,94.675,94.675,94.675,94.675,14
1702413900,94.675,94.675,94.675,94.675,308
1702413960,94.675,94.675,94.675,94.675,408
1702414020,94.675,94.675,94.675,94.675,21
1702414140,94.675,94.675,94.675,94.675,117
1702414260,94.675,94.675,94.675,94.675,73
1702414380,94.675,94.675,94.675,94.675,1
1702414500,94.68,94.68,94.68,94.68,74
1702414560,94.68,94.68,94.68,94.68,35
1702414680,94.68,94.68,94.68,94.68,23
1702414860,94.675,94.68,94.675,94.68,25
1702415340,94.675,94.675,94.675,94.675,4
1702415640,94.68,94.68,94.68,94.68,1
1702415940,94.675,94.675,94.675,94.675,18
1702416840,94.675,94.675,94.675,94.675,17
1702417320,94.675,94.675,94.675,94.675,29
1702418340,94.675,94.675,94.675,94.675,92
1702422000,94.675,94.675,94.675,94.675,23
1702422060,94.675,94.675,94.675,94.675,114
1702422600,94.675,94.675,94.675,94.675,152
1702425000,94.675,94.675,94.675,94.675,1
1702426020,94.68,94.68,94.68,94.68,13253
1702430280,94.68,94.68,94.68,94.68,600
1702430520,94.685,94.685,94.685,94.685,29
1702431540,94.685,94.685,94.685,94.685,2
1702436100,94.68,94.68,94.68,94.68,400
1702448580,94.68,94.68,94.68,94.68,2
1702448760,94.68,94.68,94.68,94.68,156
1702450200,94.68,94.68,94.68,94.68,867
1702450860,94.68,94.68,94.68,94.68,10
1702450920,94.68,94.68,94.68,94.68,35
1702450980,94.68,94.68,94.68,94.68,2
1702451040,94.68,94.68,94.68,94.68,2
1702451580,94.68,94.68,94.68,94.68,5
1702451640,94.68,94.68,94.68,94.68,5
1702451700,94.68,94.68,94.68,94.68,5
1702453440,94.68,94.68,94.68,94.68,801
1702454460,94.68,94.68,94.68,94.68,1
1702454820,94.68,94.68,94.68,94.68,1
1702455000,94.68,94.68,94.68,94.68,112
1702455120,94.68,94.68,94.68,94.68,42
1702455540,94.68,94.68,94.68,94.68,800
1702455600,94.68,94.68,94.675,94.675,1003
1702455840,94.68,94.68,94.68,94.68,8
1702455900,94.68,94.68,94.68,94.68,1
1702456080,94.68,94.68,94.68,94.68,600
1702457460,94.68,94.68,94.68,94.68,2446
1702458000,94.68,94.68,94.68,94.68,23
1702458180,94.68,94.68,94.68,94.68,1001
1702458420,94.68,94.68,94.68,94.68,1
1702458540,94.68,94.68,94.68,94.68,86
1702459020,94.68,94.68,94.68,94.68,1
1702459200,94.68,94.68,94.68,94.68,6
1702459380,94.68,94.68,94.68,94.68,1
1702459860,94.68,94.68,94.68,94.68,1
1702460100,94.68,94.68,94.68,94.68,11
1702461120,94.68,94.68,94.68,94.68,1
1702461420,94.68,94.68,94.68,94.68,840
1702461600,94.68,94.68,94.68,94.68,1200
1702461840,94.68,94.68,94.68,94.68,86
1702461900,94.68,94.68,94.68,94.68,1
1702462380,94.675,94.675,94.675,94.675,145
1702462440,94.675,94.675,94.675,94.675,143
1702462500,94.675,94.675,94.675,94.675,143
1702462560,94.675,94.675,94.675,94.675,70
1702462740,94.68,94.68,94.68,94.68,311
1702462860,94.68,94.68,94.68,94.68,128
1702463520,94.675,94.68,94.675,94.68,60
1702464780,94.68,94.68,94.68,94.68,7
1702465080,94.68,94.68,94.68,94.68,5
1702467420,94.68,94.68,94.68,94.68,375
1702467840,94.68,94.68,94.68,94.68,13
1702467960,94.68,94.68,94.68,94.68,1451
1702468380,94.68,94.68,94.68,94.68,3
1702468440,94.68,94.68,94.68,94.68,83
1702468500,94.68,94.68,94.68,94.68,1
1702468560,94.68,94.68,94.68,94.68,147
1702468680,94.68,94.68,94.68,94.68,278
1702468740,94.68,94.68,94.68,94.68,3
1702468860,94.68,94.685,94.68,94.68,183
1702468920,94.68,94.68,94.68,94.68,1
1702468980,94.68,94.68,94.68,94.68,226
1702469160,94.68,94.68,94.68,94.68,30
1702469400,94.68,94.68,94.68,94.68,2
1702469820,94.68,94.68,94.68,94.68,157
1702469880,94.68,94.68,94.68,94.68,119
1702470060,94.68,94.68,94.68,94.68,600
1702470120,94.68,94.68,94.68,94.68,145
1702470420,94.68,94.68,94.68,94.68,109
1702470540,94.68,94.68,94.68,94.68,47
1702470780,94.68,94.68,94.68,94.68,128
1702470900,94.68,94.68,94.68,94.68,25
1702471200,94.68,94.68,94.675,94.68,215
1702471320,94.68,94.68,94.68,94.68,1
1702471440,94.68,94.68,94.68,94.68,70
1702471680,94.68,94.68,94.68,94.68,2
1702471740,94.68,94.68,94.68,94.68,2
1702471860,94.68,94.68,94.68,94.68,237
1702471980,94.68,94.68,94.68,94.68,91
1702472100,94.68,94.68,94.68,94.68,36
1702472220,94.68,94.68,94.68,94.68,30
1702472340,94.68,94.68,94.68,94.68,1
1702472400,94.68,94.68,94.68,94.68,1
1702472460,94.68,94.68,94.68,94.68,351
1702472640,94.68,94.68,94.68,94.68,2
1702472700,94.68,94.68,94.68,94.68,60
1702472880,94.68,94.68,94.68,94.68,182
1702473000,94.68,94.68,94.68,94.68,1
1702473060,94.68,94.68,94.68,94.68,102
1702473120,94.68,94.68,94.68,94.68,491
1702473600,94.685,94.685,94.685,94.685,2
1702473720,94.68,94.68,94.68,94.68,842
1702473780,94.68,94.68,94.68,94.68,253
1702473840,94.68,94.68,94.68,94.68,33
1702473900,94.68,94.68,94.68,94.68,59
1702473960,94.68,94.68,94.68,94.68,75
1702474020,94.68,94.68,94.68,94.68,31
1702474080,94.68,94.68,94.68,94.68,60
1702474140,94.68,94.68,94.68,94.68,228
1702474200,94.68,94.68,94.68,94.68,462
1702474260,94.68,94.68,94.68,94.68,31
1702474380,94.68,94.68,94.68,94.68,10
1702474440,94.68,94.68,94.68,94.68,8
1702474620,94.685,94.685,94.685,94.685,88
1702474800,94.685,94.685,94.685,94.685,2
1702475280,94.685,94.685,94.685,94.685,5
1702475580,94.685,94.685,94.685,94.685,198
1702475640,94.685,94.685,94.685,94.685,200
1702475940,94.685,94.685,94.685,94.685,1785
1702476000,94.685,94.685,94.685,94.685,5428
1702476060,94.685,94.685,94.685,94.685,2803
1702476120,94.685,94.685,94.685,94.685,194
1702476180,94.685,94.685,94.685,94.685,42
1702476240,94.685,94.685,94.685,94.685,2648
1702476300,94.685,94.685,94.685,94.685,1526
1702476360,94.685,94.685,94.685,94.685,269
1702476480,94.685,94.685,94.685,94.685,300
1702476540,94.685,94.685,94.685,94.685,376
1702476600,94.685,94.685,94.685,94.685,534
1702476720,94.685,94.685,94.685,94.685,6
1702476780,94.685,94.685,94.685,94.685,8
1702476900,94.685,94.685,94.685,94.685,685
1702477020,94.685,94.685,94.685,94.685,1048
1702477080,94.685,94.685,94.685,94.685,2
1702477140,94.685,94.685,94.685,94.685,3
1702477200,94.685,94.685,94.685,94.685,234
1702477260,94.685,94.685,94.685,94.685,2037
1702477320,94.685,94.685,94.685,94.685,77
1702477380,94.685,94.685,94.685,94.685,597
1702477440,94.685,94.685,94.685,94.685,30
1702477500,94.685,94.685,94.685,94.685,1698
1702477560,94.685,94.685,94.685,94.685,433
1702477620,94.685,94.685,94.685,94.685,865
1702477680,94.685,94.685,94.685,94.685,2518
1702478100,94.68,94.68,94.68,94.68,2
1702478400,94.68,94.68,94.68,94.68,120
1702478940,94.68,94.68,94.68,94.68,17
1702479000,94.68,94.68,94.68,94.68,1173
1702479180,94.68,94.68,94.68,94.68,1
1702479240,94.68,94.68,94.68,94.68,139
1702479300,94.685,94.685,94.685,94.685,100
1702479900,94.685,94.685,94.685,94.685,1
1702480080,94.685,94.685,94.685,94.685,1
1702480140,94.68,94.68,94.68,94.68,6
1702480200,94.68,94.68,94.68,94.68,60
1702480260,94.68,94.685,94.68,94.68,336
1702480440,94.68,94.68,94.68,94.68,29
1702480560,94.68,94.68,94.68,94.68,1
1702480680,94.68,94.68,94.68,94.68,343
1702480860,94.68,94.68,94.68,94.68,50
1702481100,94.685,94.685,94.685,94.685,1
1702481220,94.68,94.68,94.68,94.68,25
1702481280,94.685,94.685,94.685,94.685,1
1702481640,94.685,94.685,94.685,94.685,1
1702481700,94.68,94.68,94.68,94.68,4
1702481760,94.68,94.68,94.68,94.68,39
1702481820,94.68,94.68,94.68,94.68,3
1702481940,94.68,94.68,94.68,94.68,502
1702482000,94.68,94.68,94.68,94.68,2
1702482060,94.68,94.68,94.68,94.68,1
1702482240,94.68,94.68,94.68,94.68,6
1702482300,94.685,94.685,94.685,94.685,39
1702482360,94.68,94.68,94.68,94.68,1
1702482420,94.68,94.68,94.68,94.68,7
1702482540,94.68,94.68,94.68,94.68,1041
1702482720,94.685,94.685,94.685,94.685,1
1702482960,94.685,94.685,94.685,94.685,1
1702483140,94.685,94.685,94.68,94.68,13
1702483200,94.68,94.685,94.68,94.685,3
1702483440,94.685,94.685,94.685,94.685,1
1702483500,94.68,94.68,94.68,94.68,2
1702483680,94.68,94.68,94.68,94.68,3030
1702483860,94.68,94.68,94.68,94.68,2253
1702483920,94.68,94.68,94.68,94.68,858
1702483980,94.685,94.685,94.685,94.685,1
1702484040,94.68,94.68,94.68,94.68,1
1702484100,94.68,94.68,94.68,94.68,1
1702484160,94.685,94.685,94.685,94.685,1
1702484400,94.68,94.685,94.68,94.685,3
1702484640,94.685,94.685,94.68,94.68,4
1702484700,94.68,94.68,94.68,94.68,2
1702484940,94.685,94.685,94.685,94.685,1
1702485000,94.68,94.68,94.68,94.68,3
1702485120,94.685,94.685,94.685,94.685,1
1702485180,94.68,94.68,94.68,94.68,162
1702485300,94.68,94.68,94.68,94.68,2
1702485420,94.685,94.685,94.685,94.685,1
1702485540,94.68,94.68,94.68,94.68,1
1702485600,94.68,94.68,94.68,94.68,3
1702485660,94.68,94.68,94.68,94.68,20
1702485900,94.68,94.685,94.68,94.68,201
1702485960,94.68,94.68,94.68,94.68,2
1702486200,94.68,94.68,94.68,94.68,176
1702486260,94.685,94.685,94.685,94.685,1
1702486440,94.68,94.68,94.68,94.68,74
1702486500,94.68,94.685,94.68,94.685,355
1702486560,94.68,94.685,94.68,94.68,54
1702486620,94.68,94.68,94.68,94.68,15
1702486680,94.68,94.68,94.68,94.68,193
1702486740,94.685,94.685,94.68,94.68,73
1702486800,94.68,94.68,94.68,94.68,426
1702486860,94.68,94.68,94.68,94.68,137
1702486920,94.68,94.685,94.68,94.68,514
1702487040,94.68,94.68,94.68,94.68,157
1702487280,94.68,94.68,94.68,94.68,75
1702487520,94.68,94.68,94.68,94.68,2
1702487640,94.68,94.68,94.68,94.68,2418
1702487700,94.68,94.68,94.68,94.68,100
1702487820,94.68,94.68,94.68,94.68,178
1702487880,94.68,94.68,94.68,94.68,142
1702488060,94.68,94.685,94.68,94.685,291
1702488120,94.68,94.68,94.68,94.68,8
1702488180,94.68,94.68,94.68,94.68,9
1702488300,94.68,94.68,94.68,94.68,789
1702488360,94.68,94.68,94.68,94.68,1
1702488420,94.68,94.68,94.68,94.68,121
1702488480,94.68,94.68,94.68,94.68,31
1702488540,94.68,94.68,94.68,94.68,1
1702488660,94.68,94.68,94.68,94.68,30
1702488720,94.68,94.68,94.68,94.68,50
1702489380,94.68,94.68,94.68,94.68,1
1702489680,94.68,94.68,94.68,94.68,2611
1702489740,94.675,94.675,94.675,94.675,130
1702489800,94.68,94.68,94.68,94.68,1254
1702489920,94.68,94.68,94.68,94.68,20
1702489980,94.68,94.68,94.68,94.68,1
1702490040,94.68,94.68,94.68,94.68,18
1702490100,94.68,94.68,94.68,94.68,3
1702490160,94.68,94.68,94.68,94.68,103
1702490340,94.68,94.685,94.68,94.68,2554
1702490520,94.68,94.68,94.68,94.68,59
1702490580,94.68,94.68,94.68,94.68,43
1702490640,94.68,94.685,94.68,94.68,80
1702490760,94.68,94.68,94.68,94.68,196
1702490880,94.685,94.685,94.685,94.685,1
1702490940,94.68,94.68,94.68,94.68,40
1702491240,94.68,94.685,94.68,94.685,4
1702491720,94.685,94.685,94.685,94.685,1
1702491780,94.68,94.68,94.68,94.68,59
1702491960,94.68,94.68,94.68,94.68,18
1702492020,94.68,94.68,94.68,94.68,24
1702492140,94.685,94.685,94.68,94.68,20
1702492380,94.68,94.68,94.68,94.68,234
1702492680,94.685,94.685,94.685,94.685,1
1702492740,94.68,94.68,94.68,94.68,7
1702492920,94.68,94.68,94.68,94.68,20
1702493040,94.68,94.68,94.68,94.68,128
1702493100,94.68,94.685,94.68,94.685,758
1702493220,94.68,94.68,94.68,94.68,300
1702493280,94.68,94.68,94.68,94.68,137
1702493340,94.68,94.68,94.68,94.68,167
1702493460,94.68,94.68,94.68,94.68,14
1702493520,94.68,94.68,94.68,94.68,549
1702493580,94.68,94.68,94.68,94.68,116
1702493640,94.68,94.68,94.68,94.68,139
1702493700,94.68,94.68,94.68,94.68,297
1702493760,94.68,94.68,94.68,94.68,317
1702493820,94.68,94.68,94.68,94.68,660
1702493880,94.68,94.68,94.68,94.68,188
1702493940,94.68,94.68,94.68,94.68,196
1702494000,94.685,94.7,94.685,94.695,6863
1702494060,94.695,94.695,94.69,94.695,3611
1702494120,94.695,94.695,94.695,94.695,301
1702494180,94.695,94.695,94.695,94.695,968
1702494240,94.695,94.695,94.695,94.695,1010
1702494300,94.695,94.695,94.695,94.695,102
1702494360,94.69,94.69,94.69,94.69,958
1702494420,94.69,94.69,94.685,94.69,3352
1702494480,94.69,94.69,94.69,94.69,336
1702494540,94.69,94.69,94.69,94.69,948
1702494600,94.69,94.69,94.69,94.69,124
1702494660,94.69,94.69,94.69,94.69,96
1702494720,94.69,94.69,94.685,94.69,32
1702494780,94.69,94.69,94.69,94.69,81
1702494840,94.69,94.69,94.69,94.69,183
1702494900,94.69,94.69,94.69,94.69,189
1702494960,94.69,94.69,94.69,94.69,237
1702495020,94.69,94.69,94.69,94.69,46
1702495140,94.69,94.69,94.69,94.69,8
1702495200,94.69,94.69,94.69,94.69,38
1702495260,94.69,94.69,94.69,94.69,1
1702495320,94.69,94.69,94.69,94.69,7
1702495380,94.69,94.69,94.69,94.69,6258
1702495440,94.69,94.69,94.69,94.69,49
1702495560,94.69,94.69,94.69,94.69,79
1702495620,94.69,94.69,94.69,94.69,2140
1702495680,94.69,94.69,94.69,94.69,804
1702495860,94.69,94.69,94.69,94.69,1
1702495920,94.69,94.69,94.69,94.69,9
1702495980,94.69,94.69,94.69,94.69,3945
1702496040,94.69,94.69,94.69,94.69,927
1702496100,94.69,94.69,94.69,94.69,1348
1702496160,94.69,94.69,94.69,94.69,17
1702496220,94.69,94.69,94.69,94.69,2317
1702496280,94.69,94.69,94.69,94.69,1368
1702496340,94.69,94.69,94.69,94.69,3
1702496400,94.69,94.69,94.69,94.69,1196
1702496520,94.695,94.695,94.695,94.695,2919
1702496580,94.695,94.7,94.695,94.695,1223
1702496640,94.7,94.7,94.695,94.695,1375
1702496700,94.695,94.695,94.695,94.695,500
1702496760,94.695,94.695,94.695,94.695,626
1702496820,94.695,94.695,94.695,94.695,202
1702496880,94.695,94.695,94.695,94.695,270
1702496940,94.695,94.695,94.695,94.695,1
1702497180,94.695,94.695,94.695,94.695,40
1702497240,94.695,94.695,94.695,94.695,10
1702497300,94.695,94.7,94.695,94.7,7
1702497360,94.695,94.695,94.695,94.695,5626
1702497420,94.695,94.695,94.695,94.695,1760
1702497480,94.695,94.695,94.695,94.695,540
1702497540,94.695,94.695,94.695,94.695,1126
1702497600,94.695,94.695,94.695,94.695,425
1702497660,94.695,94.695,94.695,94.695,150
1702497720,94.695,94.695,94.695,94.695,2
1702497780,94.695,94.7,94.695,94.695,325
1702497900,94.695,94.7,94.695,94.695,504
1702498020,94.695,94.695,94.695,94.695,49
1702498080,94.695,94.7,94.695,94.7,1008
1702498140,94.7,94.71,94.7,94.71,9832
1702498200,94.705,94.705,94.7,94.7,1012
1702498260,94.7,94.705,94.7,94.7,2896
1702498320,94.7,94.7,94.7,94.7,1102
1702498380,94.7,94.7,94.7,94.7,125
1702498440,94.7,94.7,94.7,94.7,1765
1702498500,94.7,94.7,94.7,94.7,2036
1702498560,94.7,94.7,94.7,94.7,10
1702498620,94.7,94.7,94.7,94.7,36
1702498680,94.7,94.7,94.7,94.7,1
1702498800,94.7,94.7,94.7,94.7,1
1702498920,94.7,94.7,94.7,94.7,1
1702498980,94.705,94.705,94.705,94.705,4774
1702499040,94.705,94.705,94.705,94.705,4435
1702499100,94.71,94.71,94.71,94.71,594
1702499160,94.705,94.705,94.705,94.705,65
1702499220,94.705,94.705,94.705,94.705,729
1702499280,94.705,94.71,94.705,94.705,1790
1702499340,94.705,94.705,94.705,94.705,1932
1702499400,94.705,94.705,94.705,94.705,73
1702499460,94.705,94.705,94.7,94.7,250
1702499520,94.705,94.705,94.705,94.705,1471
1702499580,94.705,94.705,94.705,94.705,3
1702499640,94.705,94.705,94.705,94.705,173
1702499700,94.705,94.705,94.705,94.705,17
1702499820,94.705,94.705,94.705,94.705,529
1702499880,94.705,94.705,94.705,94.705,5
1702499940,94.71,94.71,94.705,94.705,469
1702500060,94.705,94.705,94.705,94.705,20
1702500120,94.705,94.705,94.705,94.705,131
1702500180,94.705,94.705,94.705,94.705,33
1702500240,94.705,94.705,94.705,94.705,668
1702500300,94.705,94.705,94.705,94.705,2
1702500360,94.705,94.705,94.705,94.705,11
1702500420,94.705,94.71,94.705,94.71,81
1702500480,94.705,94.705,94.705,94.705,236
1702500540,94.71,94.71,94.705,94.705,41
1702500600,94.71,94.71,94.71,94.71,9
1702500660,94.705,94.71,94.705,94.71,114
1702500720,94.71,94.71,94.71,94.71,8
1702500780,94.71,94.71,94.71,94.71,210
1702500840,94.71,94.71,94.705,94.705,30
1702500900,94.71,94.71,94.71,94.71,9
1702500960,94.71,94.71,94.705,94.705,9
1702501020,94.705,94.705,94.705,94.705,1
1702501080,94.71,94.71,94.71,94.71,9
1702501140,94.705,94.71,94.705,94.71,12
1702501200,94.705,94.705,94.705,94.705,3
1702501320,94.705,94.705,94.705,94.705,2
1702501500,94.705,94.71,94.705,94.71,65
1702501560,94.705,94.705,94.705,94.705,4
1702501620,94.71,94.71,94.71,94.71,160
1702501740,94.71,94.71,94.71,94.71,298
1702501860,94.705,94.705,94.705,94.705,6
1702501920,94.705,94.705,94.705,94.705,72
1702501980,94.705,94.705,94.705,94.705,1
1702502040,94.705,94.705,94.705,94.705,308
1702502100,94.705,94.705,94.705,94.705,604
1702502220,94.705,94.705,94.705,94.705,52
1702502280,94.705,94.705,94.705,94.705,29
1702502340,94.705,94.705,94.705,94.705,9
1702502400,94.705,94.705,94.705,94.705,1
1702502460,94.705,94.705,94.705,94.705,1
1702502580,94.705,94.705,94.705,94.705,1
1702502700,94.705,94.705,94.705,94.705,60
1702502760,94.705,94.705,94.705,94.705,2
1702502820,94.705,94.705,94.705,94.705,4
1702502880,94.705,94.705,94.705,94.705,1
1702502940,94.705,94.705,94.705,94.705,1
1702503180,94.705,94.705,94.705,94.705,658
1702503300,94.705,94.705,94.705,94.705,4
1702503840,94.705,94.705,94.705,94.705,15
1702503960,94.705,94.705,94.705,94.705,2
1702504200,94.705,94.705,94.705,94.705,450
1702504260,94.71,94.71,94.705,94.705,56
1702504680,94.71,94.71,94.71,94.71,125
1702504740,94.705,94.705,94.705,94.705,1
1702508400,94.71,94.71,94.705,94.705,142
1702508520,94.71,94.71,94.71,94.71,1
1702508580,94.705,94.705,94.705,94.705,8
1702508940,94.705,94.705,94.705,94.705,22
1702509720,94.705,94.705,94.705,94.705,20
1702509840,94.705,94.705,94.705,94.705,20
1702509900,94.705,94.705,94.705,94.705,21
1702509960,94.705,94.705,94.705,94.705,21
1702510080,94.71,94.71,94.71,94.71,10
1702511640,94.71,94.71,94.705,94.705,15
1702512240,94.71,94.71,94.705,94.705,1004
1702512360,94.71,94.71,94.705,94.705,433
1702512720,94.705,94.705,94.705,94.705,1
1702512780,94.71,94.71,94.705,94.705,503
1702512840,94.71,94.71,94.705,94.705,519
1702513020,94.71,94.71,94.71,94.71,789
1702513140,94.71,94.71,94.71,94.71,779
1702513200,94.71,94.71,94.71,94.71,255
1702513260,94.71,94.71,94.71,94.71,105
1702514280,94.715,94.715,94.71,94.71,129
1702514940,94.715,94.715,94.715,94.715,2201
1702515480,94.72,94.72,94.72,94.72,611
1702515540,94.72,94.72,94.72,94.72,123
1702515600,94.72,94.72,94.72,94.72,3
1702515660,94.72,94.72,94.72,94.72,65
1702515780,94.72,94.72,94.72,94.72,200
1702515840,94.72,94.72,94.72,94.72,200
1702515900,94.72,94.72,94.72,94.72,100
1702515960,94.72,94.72,94.72,94.72,669
1702516080,94.72,94.72,94.72,94.72,39
1702516140,94.72,94.72,94.72,94.72,22
1702516260,94.72,94.72,94.72,94.72,2
1702516500,94.72,94.72,94.72,94.72,38
1702516560,94.72,94.72,94.72,94.72,2
1702516620,94.72,94.72,94.72,94.72,8
1702516680,94.72,94.72,94.72,94.72,3
1702516860,94.72,94.72,94.72,94.72,4
1702516920,94.715,94.715,94.715,94.715,14
1702517100,94.715,94.715,94.715,94.715,19
1702517160,94.72,94.72,94.715,94.715,401
1702517220,94.715,94.715,94.715,94.715,4
1702517280,94.72,94.72,94.72,94.72,54
1702517340,94.715,94.715,94.715,94.715,620
1702517400,94.715,94.715,94.715,94.715,45
1702517520,94.71,94.71,94.71,94.71,1201
1702517580,94.71,94.71,94.71,94.71,2
1702517640,94.715,94.715,94.715,94.715,14
1702517820,94.715,94.715,94.715,94.715,852
1702517880,94.715,94.715,94.715,94.715,125
1702518060,94.71,94.71,94.71,94.71,6
1702518900,94.715,94.715,94.715,94.715,6
1702518960,94.715,94.715,94.715,94.715,1
1702519020,94.715,94.715,94.715,94.715,10
1702519560,94.715,94.715,94.715,94.715,1
1702519740,94.715,94.715,94.715,94.715,44
1702519860,94.715,94.715,94.715,94.715,4
1702520580,94.72,94.72,94.72,94.72,200
1702521480,94.715,94.715,94.715,94.715,1
1702521900,94.715,94.715,94.715,94.715,1
1702522140,94.715,94.715,94.715,94.715,172
1702522440,94.715,94.715,94.715,94.715,175
1702522680,94.715,94.715,94.715,94.715,1
1702523100,94.715,94.715,94.715,94.715,100
1702524660,94.715,94.715,94.715,94.715,100
1702525680,94.72,94.72,94.72,94.72,4
1702526280,94.715,94.715,94.715,94.715,28
1702526880,94.715,94.715,94.715,94.715,11
1702526940,94.715,94.715,94.715,94.715,78
1702528380,94.715,94.715,94.715,94.715,20
1702528440,94.715,94.715,94.715,94.715,25
1702530120,94.715,94.715,94.715,94.715,433
1702530720,94.715,94.72,94.715,94.72,249
1702530900,94.72,94.72,94.72,94.72,1
1702530960,94.715,94.715,94.715,94.715,51
1702531680,94.715,94.715,94.715,94.715,15
1702531740,94.715,94.715,94.715,94.715,70
1702531800,94.715,94.715,94.715,94.715,27
1702532160,94.715,94.715,94.715,94.715,1214
1702532340,94.715,94.715,94.715,94.715,1
1702532820,94.715,94.715,94.715,94.715,400
1702534320,94.715,94.715,94.715,94.715,5
1702534980,94.715,94.715,94.715,94.715,37
1702536840,94.715,94.715,94.715,94.715,57
1702536900,94.715,94.715,94.715,94.715,1
1702537200,94.72,94.72,94.72,94.72,496
1702537560,94.715,94.72,94.715,94.715,18
1702537620,94.715,94.715,94.715,94.715,17
1702537740,94.72,94.72,94.72,94.72,1
1702537860,94.72,94.72,94.72,94.72,4
1702537920,94.715,94.715,94.715,94.715,5
1702538220,94.715,94.715,94.715,94.715,14
1702538340,94.715,94.715,94.715,94.715,1
1702539000,94.72,94.72,94.715,94.715,76
1702539180,94.715,94.715,94.715,94.715,3
1702539240,94.715,94.715,94.715,94.715,157
1702539360,94.715,94.715,94.715,94.715,1220
1702539420,94.715,94.715,94.715,94.715,1668
1702539600,94.71,94.71,94.71,94.71,63
1702539900,94.715,94.715,94.715,94.715,600
1702539960,94.71,94.71,94.71,94.71,1
1702540740,94.715,94.715,94.715,94.715,1
1702540980,94.715,94.715,94.715,94.715,58
1702541040,94.715,94.715,94.715,94.715,15
1702541340,94.715,94.715,94.715,94.715,43
1702541400,94.715,94.715,94.715,94.715,843
1702541460,94.715,94.715,94.715,94.715,36
1702541520,94.715,94.715,94.715,94.715,32
1702541580,94.715,94.715,94.715,94.715,35
1702541820,94.715,94.715,94.715,94.715,148
1702541880,94.715,94.715,94.715,94.715,100
1702542120,94.715,94.715,94.715,94.715,14
1702542180,94.715,94.715,94.715,94.715,1
1702542300,94.715,94.715,94.715,94.715,2
1702542600,94.72,94.72,94.72,94.72,135
1702542840,94.715,94.715,94.715,94.715,965
1702542960,94.715,94.715,94.715,94.715,294
1702543080,94.715,94.715,94.715,94.715,139
1702543200,94.715,94.715,94.715,94.715,6
1702543260,94.715,94.715,94.715,94.715,19
1702543320,94.715,94.715,94.715,94.715,18
1702543380,94.715,94.715,94.715,94.715,64
1702543440,94.715,94.715,94.715,94.715,740
1702543500,94.715,94.715,94.715,94.715,663
1702543560,94.715,94.715,94.715,94.715,346
1702543620,94.715,94.715,94.715,94.715,105
1702543740,94.715,94.715,94.715,94.715,17
1702543800,94.715,94.715,94.715,94.715,46
1702543860,94.715,94.715,94.715,94.715,500
1702543920,94.715,94.715,94.715,94.715,3
1702544100,94.715,94.715,94.715,94.715,216
1702544220,94.715,94.715,94.715,94.715,478
1702545000,94.715,94.715,94.715,94.715,489
1702545660,94.715,94.715,94.715,94.715,53
1702545720,94.715,94.715,94.715,94.715,41
1702545780,94.715,94.715,94.715,94.715,1
1702545840,94.715,94.715,94.715,94.715,9
1702546020,94.72,94.72,94.72,94.72,1612
1702546080,94.72,94.72,94.715,94.715,292
1702546740,94.715,94.715,94.715,94.715,6
1702546920,94.715,94.715,94.715,94.715,32
1702547220,94.715,94.715,94.715,94.715,121
1702547340,94.715,94.715,94.715,94.715,414
1702547400,94.715,94.715,94.715,94.715,121
1702547460,94.715,94.715,94.715,94.715,100
1702547520,94.715,94.715,94.715,94.715,155
1702547640,94.715,94.715,94.715,94.715,100
1702547700,94.715,94.715,94.715,94.715,158
1702547760,94.715,94.715,94.715,94.715,72
1702548180,94.715,94.715,94.715,94.715,6
1702548720,94.71,94.71,94.71,94.71,12
1702549380,94.71,94.71,94.71,94.71,79
1702549680,94.71,94.71,94.71,94.71,19
1702549800,94.71,94.71,94.71,94.71,19
1702550580,94.71,94.71,94.71,94.71,3
1702551000,94.71,94.71,94.71,94.71,5
1702552320,94.71,94.71,94.71,94.71,251
1702553340,94.715,94.715,94.715,94.715,30
1702553640,94.715,94.715,94.715,94.715,242
1702554660,94.715,94.715,94.715,94.715,8
1702554720,94.71,94.71,94.71,94.71,725
1702554960,94.71,94.71,94.71,94.71,125
1702555080,94.71,94.71,94.71,94.71,10
1702555200,94.71,94.71,94.71,94.71,21
1702555260,94.71,94.71,94.71,94.71,3606
1702555620,94.71,94.71,94.71,94.71,160
1702556280,94.71,94.71,94.71,94.71,670
1702556340,94.71,94.71,94.705,94.71,613
1702556400,94.71,94.71,94.71,94.71,6
1702556460,94.71,94.71,94.71,94.71,279
1702556580,94.71,94.71,94.71,94.71,836
1702556760,94.71,94.71,94.71,94.71,53
1702557000,94.715,94.715,94.715,94.715,4
1702557060,94.715,94.715,94.715,94.715,100
1702557180,94.715,94.715,94.715,94.715,968
1702557240,94.715,94.715,94.715,94.715,2
1702557360,94.715,94.715,94.715,94.715,103
1702557480,94.715,94.715,94.715,94.715,33
1702557720,94.715,94.715,94.715,94.715,100
1702557780,94.715,94.715,94.715,94.715,110
1702558140,94.715,94.715,94.715,94.715,2
1702558320,94.715,94.715,94.715,94.715,4
1702558440,94.715,94.715,94.715,94.715,103
1702558500,94.72,94.72,94.72,94.72,2
1702558680,94.72,94.72,94.72,94.72,25
1702558740,94.72,94.72,94.72,94.72,7532
1702558800,94.725,94.725,94.725,94.725,885
1702558920,94.725,94.725,94.725,94.725,3026
1702558980,94.725,94.725,94.725,94.725,1148
1702559160,94.725,94.725,94.725,94.725,1
1702559220,94.72,94.72,94.72,94.72,1770
1702559340,94.72,94.72,94.72,94.72,8857
1702559460,94.72,94.72,94.72,94.72,778
1702559520,94.72,94.72,94.72,94.72,240
1702559580,94.72,94.72,94.72,94.72,953
1702559640,94.72,94.72,94.715,94.72,558
1702559700,94.72,94.72,94.72,94.72,20
1702559760,94.725,94.725,94.725,94.725,1114
1702559820,94.72,94.72,94.72,94.72,600
1702559940,94.72,94.72,94.72,94.72,743
1702560000,94.72,94.72,94.715,94.715,176
1702560060,94.715,94.715,94.715,94.715,1249
1702560120,94.715,94.715,94.715,94.715,838
1702560240,94.715,94.715,94.715,94.715,228
1702560300,94.715,94.715,94.715,94.715,1030
1702560360,94.715,94.715,94.715,94.715,100
1702560420,94.715,94.715,94.715,94.715,81
1702560540,94.715,94.715,94.715,94.715,3
1702560600,94.715,94.72,94.71,94.71,6405
1702560660,94.705,94.71,94.705,94.705,4491
1702560720,94.705,94.71,94.705,94.705,136
1702560780,94.71,94.71,94.705,94.705,170
1702560840,94.705,94.705,94.705,94.705,592
1702560900,94.71,94.71,94.7,94.705,2591
1702560960,94.705,94.705,94.705,94.705,138
1702561020,94.705,94.705,94.705,94.705,2809
1702561080,94.705,94.705,94.705,94.705,116
1702561140,94.705,94.705,94.705,94.705,852
1702561200,94.705,94.705,94.705,94.705,671
1702561260,94.705,94.705,94.705,94.705,43
1702561320,94.705,94.705,94.705,94.705,2825
1702561380,94.705,94.705,94.705,94.705,2967
1702561500,94.705,94.705,94.705,94.705,9
1702561560,94.705,94.705,94.705,94.705,4585
1702561620,94.705,94.705,94.705,94.705,1638
1702561680,94.705,94.71,94.705,94.71,1107
1702561740,94.705,94.705,94.705,94.705,2
1702561800,94.705,94.705,94.705,94.705,26
1702561860,94.71,94.71,94.71,94.71,8096
1702561920,94.71,94.71,94.71,94.71,1531
1702561980,94.71,94.71,94.71,94.71,923
1702562040,94.71,94.71,94.71,94.71,232
1702562280,94.715,94.715,94.715,94.715,50
1702562340,94.715,94.715,94.715,94.715,100
1702562760,94.71,94.71,94.71,94.71,2
1702562820,94.71,94.71,94.71,94.71,1
1702563180,94.71,94.71,94.71,94.71,1
1702563300,94.71,94.71,94.71,94.71,5
1702563360,94.715,94.715,94.71,94.71,615
1702563420,94.71,94.71,94.71,94.71,3593
1702563480,94.71,94.71,94.71,94.71,1313
1702563540,94.71,94.71,94.71,94.71,489
1702563600,94.71,94.71,94.71,94.71,55
1702563660,94.71,94.71,94.71,94.71,4
1702563780,94.71,94.71,94.71,94.71,224
1702563840,94.71,94.71,94.71,94.71,603
1702563900,94.71,94.71,94.71,94.71,30
1702563960,94.71,94.71,94.71,94.71,24
1702564140,94.71,94.71,94.71,94.71,55
1702564320,94.715,94.715,94.715,94.715,1
1702564380,94.71,94.71,94.71,94.71,421
1702564920,94.71,94.71,94.71,94.71,13
1702565040,94.715,94.715,94.715,94.715,65
1702565100,94.71,94.71,94.71,94.71,5
1702565220,94.715,94.715,94.715,94.715,188
1702565280,94.715,94.715,94.715,94.715,16
1702565580,94.715,94.715,94.715,94.715,2
1702565700,94.715,94.715,94.715,94.715,57
1702565820,94.715,94.715,94.715,94.715,17
1702565880,94.715,94.715,94.71,94.715,1364
1702565940,94.715,94.715,94.715,94.715,28
1702566000,94.715,94.715,94.715,94.715,283
1702566060,94.715,94.715,94.715,94.715,102
1702566240,94.715,94.72,94.715,94.72,36
1702566300,94.715,94.72,94.715,94.72,21
1702566360,94.715,94.715,94.715,94.715,68
1702566420,94.715,94.715,94.715,94.715,2
1702566480,94.715,94.715,94.715,94.715,71
1702566540,94.715,94.715,94.715,94.715,287
1702566600,94.715,94.715,94.715,94.715,474
1702566660,94.715,94.72,94.715,94.72,390
1702566720,94.715,94.72,94.715,94.72,3
1702566780,94.715,94.715,94.715,94.715,5
1702566840,94.715,94.715,94.715,94.715,1
1702566900,94.715,94.715,94.715,94.715,254
1702567020,94.715,94.715,94.715,94.715,2
1702567140,94.715,94.72,94.715,94.715,903
1702567200,94.715,94.715,94.715,94.715,14
1702567260,94.715,94.715,94.715,94.715,8
1702567320,94.715,94.715,94.715,94.715,247
1702567380,94.715,94.715,94.715,94.715,1
1702567500,94.715,94.715,94.71,94.71,84
1702567620,94.715,94.715,94.71,94.71,25
1702567680,94.715,94.715,94.715,94.715,1
1702567800,94.71,94.715,94.71,94.715,6
1702568040,94.715,94.715,94.71,94.71,6
1702568100,94.71,94.71,94.71,94.71,407
1702568160,94.71,94.71,94.71,94.71,320
1702568220,94.715,94.715,94.715,94.715,1
1702568280,94.71,94.71,94.71,94.71,863
1702568340,94.71,94.71,94.71,94.71,70
1702568400,94.71,94.71,94.71,94.71,262
1702568520,94.705,94.705,94.705,94.705,90
1702568640,94.71,94.71,94.71,94.71,9
1702568700,94.705,94.705,94.705,94.705,16
1702568760,94.71,94.71,94.71,94.71,1
1702568880,94.71,94.71,94.71,94.71,1
1702568940,94.71,94.71,94.71,94.71,1
1702569060,94.71,94.71,94.71,94.71,1
1702569120,94.71,94.71,94.71,94.71,1
1702569180,94.71,94.71,94.71,94.71,1
1702569300,94.705,94.71,94.705,94.71,4099
1702569360,94.715,94.715,94.715,94.715,1
1702569420,94.715,94.715,94.715,94.715,101
1702569540,94.715,94.715,94.715,94.715,1
1702569600,94.715,94.715,94.715,94.715,1
1702569720,94.715,94.715,94.715,94.715,101
1702569840,94.715,94.715,94.715,94.715,41
1702569960,94.715,94.715,94.715,94.715,29
1702570140,94.715,94.715,94.715,94.715,505
1702570200,94.715,94.715,94.715,94.715,8
1702570260,94.715,94.715,94.715,94.715,20
1702570380,94.715,94.715,94.715,94.715,2
1702570440,94.72,94.72,94.72,94.72,1
1702570560,94.715,94.715,94.715,94.715,107
1702570680,94.715,94.715,94.715,94.715,3
1702570800,94.715,94.715,94.715,94.715,1
1702570980,94.715,94.715,94.715,94.715,1
1702571100,94.715,94.715,94.715,94.715,1
1702571340,94.715,94.715,94.715,94.715,1
1702571460,94.715,94.715,94.715,94.715,1
1702571520,94.715,94.715,94.715,94.715,2
1702571580,94.715,94.715,94.715,94.715,1
1702571820,94.715,94.715,94.715,94.715,1
1702571940,94.715,94.715,94.715,94.715,2289
1702572000,94.715,94.715,94.715,94.715,97
1702572060,94.715,94.715,94.715,94.715,2
1702572120,94.715,94.715,94.715,94.715,118
1702572180,94.715,94.715,94.715,94.715,2
1702572240,94.715,94.715,94.715,94.715,279
1702572360,94.715,94.715,94.715,94.715,32
1702572420,94.715,94.715,94.715,94.715,322
1702572480,94.715,94.715,94.715,94.715,360
1702572780,94.72,94.72,94.72,94.72,1
1702573020,94.72,94.72,94.72,94.72,1
1702573200,94.715,94.72,94.715,94.72,14
1702573260,94.715,94.715,94.715,94.715,10
1702573440,94.72,94.72,94.72,94.72,1
1702573620,94.72,94.72,94.72,94.72,1
1702573800,94.715,94.72,94.715,94.72,315
1702573920,94.72,94.72,94.72,94.72,17
1702573980,94.72,94.72,94.72,94.72,130
1702574040,94.72,94.72,94.72,94.72,148
1702574160,94.72,94.72,94.72,94.72,1
1702574280,94.72,94.72,94.72,94.72,600
1702574340,94.72,94.72,94.72,94.72,1
1702574520,94.72,94.72,94.72,94.72,1
1702574640,94.72,94.72,94.72,94.72,1
1702574700,94.715,94.715,94.715,94.715,6
1702574820,94.72,94.72,94.72,94.72,1
1702575000,94.72,94.72,94.72,94.72,1
1702575120,94.715,94.715,94.715,94.715,499
1702575300,94.715,94.715,94.715,94.715,15
1702575360,94.72,94.72,94.715,94.715,5
1702575420,94.715,94.715,94.715,94.715,23
1702575600,94.715,94.715,94.715,94.715,216
1702575660,94.72,94.72,94.72,94.72,1
1702575840,94.72,94.72,94.72,94.72,1
1702575900,94.715,94.715,94.715,94.715,16
1702575960,94.715,94.715,94.715,94.715,5
1702576020,94.715,94.715,94.715,94.715,53
1702576080,94.72,94.72,94.715,94.715,626
1702576140,94.715,94.715,94.715,94.715,88
1702576440,94.72,94.72,94.72,94.72,1
1702576500,94.715,94.715,94.715,94.715,11
1702576560,94.72,94.72,94.72,94.72,1
1702576740,94.72,94.72,94.72,94.72,1
1702576860,94.72,94.72,94.715,94.715,2307
1702576920,94.715,94.715,94.715,94.715,802
1702577100,94.715,94.715,94.715,94.715,11
1702577160,94.715,94.715,94.715,94.715,47
1702577220,94.715,94.715,94.715,94.715,32
1702577280,94.715,94.715,94.715,94.715,1
1702577460,94.715,94.715,94.715,94.715,7
1702577700,94.715,94.715,94.715,94.715,67
1702577760,94.715,94.715,94.715,94.715,10
1702577940,94.715,94.715,94.715,94.715,1
1702578000,94.715,94.715,94.715,94.715,2
1702578120,94.715,94.715,94.715,94.715,42
1702578300,94.715,94.715,94.71,94.71,13
1702578540,94.715,94.715,94.715,94.715,1
1702578840,94.715,94.715,94.715,94.715,1
1702578900,94.71,94.71,94.71,94.71,11
1702579080,94.715,94.715,94.715,94.715,1
1702579380,94.715,94.715,94.715,94.715,1
1702579500,94.71,94.71,94.71,94.71,8
1702579620,94.715,94.715,94.715,94.715,1
1702579920,94.715,94.715,94.715,94.715,1
1702579980,94.715,94.715,94.715,94.715,3
1702580220,94.715,94.715,94.715,94.715,1
1702580340,94.715,94.715,94.715,94.715,301
1702580460,94.715,94.715,94.715,94.715,1
1702580580,94.715,94.715,94.715,94.715,1
1702580700,94.715,94.715,94.715,94.715,1
1702580760,94.715,94.715,94.715,94.715,1
1702580940,94.715,94.715,94.715,94.715,1
1702581180,94.715,94.715,94.715,94.715,1
1702581420,94.715,94.715,94.715,94.715,1
1702581720,94.715,94.715,94.715,94.715,1
1702581900,94.715,94.715,94.71,94.71,1001
1702582080,94.715,94.715,94.715,94.715,1
1702582320,94.715,94.715,94.715,94.715,1
1702582560,94.715,94.715,94.715,94.715,1
1702582740,94.715,94.715,94.715,94.715,1
1702582920,94.71,94.71,94.71,94.71,92
1702583040,94.715,94.715,94.715,94.715,1
1702583160,94.71,94.71,94.71,94.71,132
1702583220,94.71,94.71,94.71,94.71,5
1702583280,94.715,94.715,94.715,94.715,1
1702583460,94.71,94.71,94.71,94.71,100
1702583640,94.715,94.715,94.715,94.715,1
1702583700,94.71,94.71,94.71,94.71,1007
1702583940,94.715,94.715,94.71,94.71,10
1702584000,94.715,94.715,94.715,94.715,2
1702584060,94.715,94.715,94.715,94.715,5
1702584120,94.715,94.715,94.715,94.715,1
1702584180,94.715,94.715,94.715,94.715,5
1702584300,94.715,94.715,94.715,94.715,1
1702584360,94.715,94.715,94.715,94.715,2
1702584420,94.715,94.715,94.715,94.715,4
1702584660,94.715,94.715,94.71,94.71,7
1702584780,94.71,94.71,94.71,94.71,9
1702584900,94.715,94.715,94.715,94.715,1
1702585080,94.715,94.715,94.715,94.715,400
1702585200,94.715,94.715,94.715,94.715,1
1702585440,94.715,94.715,94.715,94.715,1
1702585740,94.71,94.71,94.71,94.71,155
1702585800,94.715,94.715,94.715,94.715,1
1702585860,94.715,94.715,94.715,94.715,4
1702585980,94.715,94.715,94.715,94.715,2
1702586040,94.715,94.715,94.715,94.715,13
1702586100,94.715,94.715,94.71,94.71,101
1702586160,94.715,94.715,94.715,94.715,1
1702586220,94.715,94.715,94.715,94.715,6
1702586400,94.715,94.715,94.715,94.715,1
1702586460,94.715,94.715,94.715,94.715,2
1702586520,94.71,94.71,94.71,94.71,88
1702586580,94.71,94.71,94.71,94.71,50
1702586640,94.715,94.715,94.715,94.715,24
1702586700,94.715,94.715,94.71,94.71,2
1702586880,94.71,94.71,94.71,94.71,3105
1702587000,94.71,94.71,94.71,94.71,406
1702587060,94.71,94.71,94.71,94.71,47
1702587120,94.71,94.71,94.71,94.71,40
1702587180,94.71,94.71,94.71,94.71,17
1702587240,94.71,94.71,94.71,94.71,30
1702587300,94.71,94.71,94.71,94.71,95
1702587360,94.715,94.715,94.715,94.715,2
1702587600,94.71,94.71,94.71,94.71,207
1702587660,94.71,94.71,94.71,94.71,42
1702587720,94.71,94.71,94.71,94.71,317
1702587840,94.71,94.71,94.71,94.71,3
1702587900,94.71,94.71,94.71,94.71,5
1702587960,94.71,94.71,94.71,94.71,5
1702588020,94.71,94.71,94.71,94.71,2
1702588140,94.71,94.71,94.71,94.71,1
1702588200,94.71,94.71,94.71,94.71,7
1702588320,94.71,94.71,94.71,94.71,11
1702588380,94.71,94.71,94.71,94.71,12
1702588500,94.71,94.71,94.71,94.71,120
1702588560,94.71,94.71,94.71,94.71,1
1702588680,94.71,94.71,94.71,94.71,2
1702589220,94.71,94.71,94.71,94.71,120
1702589520,94.71,94.71,94.71,94.71,265
1702589940,94.71,94.71,94.71,94.71,1
1702590120,94.71,94.71,94.71,94.71,1
1702590660,94.71,94.71,94.71,94.71,3
1702594800,94.705,94.705,94.705,94.705,11
1702594920,94.71,94.71,94.71,94.71,1
1702597200,94.705,94.705,94.705,94.705,19
1702597800,94.705,94.71,94.705,94.71,104
1702597860,94.705,94.71,94.705,94.705,85
1702598760,94.705,94.705,94.705,94.705,1
1702598820,94.705,94.71,94.705,94.71,55
1702600020,94.705,94.705,94.705,94.705,2
1702600080,94.705,94.71,94.705,94.71,146
1702600140,94.705,94.705,94.705,94.705,5
1702600200,94.705,94.71,94.705,94.71,35
1702600320,94.705,94.71,94.705,94.71,25
1702600440,94.705,94.705,94.705,94.705,10
1702600500,94.705,94.71,94.705,94.705,445
1702601400,94.7,94.7,94.7,94.7,1
1702601880,94.7,94.7,94.7,94.7,35
1702605120,94.7,94.7,94.7,94.7,5
1702609020,94.705,94.705,94.705,94.705,1
1702609500,94.705,94.705,94.705,94.705,1
1702610160,94.705,94.705,94.705,94.705,80
1702612020,94.705,94.705,94.705,94.705,25
1702612200,94.705,94.705,94.705,94.705,162
1702612440,94.705,94.705,94.705,94.705,22
1702614600,94.705,94.705,94.705,94.705,50
1702615320,94.705,94.705,94.705,94.705,504
1702615380,94.705,94.705,94.705,94.705,100
1702615920,94.7,94.7,94.7,94.7,111
1702617180,94.705,94.705,94.705,94.705,250
1702618200,94.7,94.7,94.7,94.7,558
1702618260,94.7,94.7,94.7,94.7,70
1702619340,94.705,94.705,94.705,94.705,1
1702619580,94.705,94.705,94.705,94.705,1
1702620000,94.7,94.7,94.7,94.7,36
1702620060,94.7,94.7,94.7,94.7,10
1702620480,94.705,94.705,94.705,94.705,12
1702624020,94.705,94.705,94.705,94.705,40
1702624920,94.705,94.705,94.705,94.705,510
1702625100,94.7,94.7,94.7,94.7,1
1702625580,94.705,94.705,94.705,94.705,50
1702625640,94.705,94.705,94.705,94.705,17
1702626240,94.705,94.705,94.705,94.705,1
1702626780,94.7,94.7,94.7,94.7,5
1702627260,94.705,94.705,94.705,94.705,6
1702627320,94.705,94.705,94.705,94.705,19
1702627620,94.705,94.705,94.705,94.705,950
1702627680,94.705,94.705,94.705,94.705,5
1702627740,94.705,94.705,94.705,94.705,30
1702628100,94.705,94.705,94.705,94.705,764
1702628160,94.705,94.705,94.705,94.705,6
1702628220,94.705,94.705,94.705,94.705,30
1702628340,94.705,94.705,94.705,94.705,324
1702628400,94.705,94.705,94.705,94.705,601
1702628640,94.705,94.705,94.705,94.705,5
1702628700,94.705,94.705,94.705,94.705,2
1702628760,94.705,94.705,94.705,94.705,9
1702628820,94.705,94.705,94.705,94.705,35
1702628880,94.705,94.705,94.705,94.705,90
1702628940,94.705,94.705,94.705,94.705,5
1702629000,94.705,94.705,94.705,94.705,2250
1702629060,94.705,94.705,94.705,94.705,304
1702629120,94.705,94.705,94.705,94.705,60
1702629360,94.705,94.705,94.705,94.705,35
1702629480,94.705,94.705,94.705,94.705,55
1702629540,94.705,94.705,94.705,94.705,21
1702629660,94.705,94.705,94.705,94.705,37
1702629780,94.705,94.705,94.705,94.705,183
1702629840,94.705,94.705,94.705,94.705,15
1702630080,94.705,94.705,94.705,94.705,13
1702630680,94.705,94.705,94.705,94.705,45
1702631040,94.705,94.705,94.705,94.705,72
1702631160,94.705,94.705,94.705,94.705,24
1702631460,94.705,94.705,94.705,94.705,14
1702631580,94.7,94.7,94.7,94.7,9750
1702631640,94.7,94.7,94.7,94.7,886
1702631700,94.7,94.7,94.7,94.7,89
1702631760,94.7,94.7,94.695,94.7,528
1702631820,94.7,94.7,94.695,94.695,422
1702631880,94.695,94.7,94.695,94.7,276
1702631940,94.7,94.7,94.7,94.7,1
1702632300,94.7,94.7,94.7,94.7,4
1702632360,94.7,94.7,94.7,94.7,1
1702632540,94.7,94.7,94.7,94.7,1
1702632600,94.7,94.7,94.7,94.7,1
1702633320,94.7,94.7,94.7,94.7,130
1702633800,94.7,94.7,94.7,94.7,3
1702634160,94.7,94.7,94.7,94.7,5
1702634220,94.7,94.7,94.7,94.7,19
1702634280,94.7,94.7,94.7,94.7,18
1702634340,94.7,94.7,94.7,94.7,20
1702634400,94.7,94.7,94.7,94.7,18
1702634460,94.7,94.7,94.7,94.7,15
1702634520,94.7,94.7,94.7,94.7,17
1702634580,94.7,94.7,94.7,94.7,65
1702634640,94.7,94.7,94.7,94.7,118
1702634700,94.7,94.7,94.7,94.7,19
1702634760,94.7,94.7,94.7,94.7,52
1702634820,94.7,94.7,94.7,94.7,12
1702634880,94.7,94.7,94.7,94.7,14
1702634940,94.7,94.7,94.7,94.7,29
1702635000,94.7,94.7,94.7,94.7,198
1702635060,94.7,94.7,94.7,94.7,29
1702635120,94.7,94.7,94.7,94.7,32
1702635240,94.7,94.7,94.7,94.7,10
1702635540,94.7,94.7,94.7,94.7,62
1702635840,94.7,94.7,94.7,94.7,1834
1702635900,94.7,94.7,94.7,94.7,100
1702635960,94.7,94.7,94.7,94.7,115
1702636080,94.7,94.7,94.7,94.7,3
1702636440,94.7,94.7,94.7,94.7,7
1702636500,94.7,94.7,94.7,94.7,51
1702636560,94.7,94.7,94.7,94.7,52
1702636620,94.7,94.7,94.7,94.7,51
1702636680,94.7,94.7,94.7,94.7,51
1702636740,94.7,94.7,94.7,94.7,59
1702636800,94.7,94.7,94.7,94.7,457
1702637040,94.7,94.7,94.7,94.7,16
1702640160,94.7,94.7,94.7,94.7,52
1702641720,94.7,94.705,94.7,94.705,8246
1702642560,94.705,94.705,94.705,94.705,400
1702642620,94.705,94.705,94.705,94.705,1145
1702642680,94.705,94.705,94.705,94.705,72
1702642800,94.705,94.705,94.705,94.705,341
1702642980,94.705,94.705,94.705,94.705,1219
1702643040,94.705,94.705,94.705,94.705,89
1702643160,94.705,94.705,94.705,94.705,20
1702643520,94.705,94.705,94.705,94.705,9
1702643580,94.705,94.705,94.705,94.705,8
1702644000,94.7,94.705,94.7,94.705,102
1702644060,94.705,94.705,94.705,94.705,7
1702644360,94.705,94.705,94.705,94.705,16
1702644660,94.705,94.705,94.705,94.705,33
1702644780,94.705,94.705,94.705,94.705,20
1702645260,94.7,94.7,94.7,94.7,6
1702645440,94.7,94.7,94.7,94.7,220
1702645680,94.7,94.7,94.7,94.7,22
1702645800,94.7,94.7,94.7,94.7,88
1702645980,94.7,94.7,94.7,94.7,53
1702646160,94.7,94.7,94.7,94.7,3
1702646280,94.7,94.7,94.7,94.7,99
1702646400,94.705,94.705,94.705,94.705,1
1702646820,94.705,94.705,94.7,94.7,102
1702647000,94.705,94.705,94.705,94.705,2584
1702647120,94.705,94.705,94.705,94.705,394
1702647180,94.7,94.7,94.695,94.7,11094
1702647240,94.7,94.7,94.695,94.7,563
1702647300,94.7,94.7,94.695,94.695,37
1702647420,94.695,94.695,94.695,94.695,51
1702647480,94.7,94.7,94.7,94.7,159
1702647540,94.695,94.7,94.695,94.695,7484
1702647600,94.695,94.695,94.695,94.695,1154
1702647660,94.695,94.695,94.695,94.695,5
1702647720,94.69,94.69,94.69,94.69,3
1702647780,94.695,94.695,94.695,94.695,107
1702647840,94.695,94.7,94.695,94.7,1096
1702648020,94.7,94.7,94.7,94.7,325
1702648080,94.7,94.7,94.7,94.7,741
1702648140,94.7,94.7,94.7,94.7,38
1702648200,94.7,94.7,94.7,94.7,500
1702648260,94.7,94.7,94.7,94.7,6
1702648320,94.7,94.7,94.7,94.7,28
1702648380,94.7,94.7,94.7,94.7,1960
1702648440,94.7,94.7,94.7,94.7,4
1702648500,94.7,94.7,94.7,94.7,13
1702648560,94.695,94.695,94.695,94.695,16
1702649220,94.7,94.7,94.7,94.7,4
1702649400,94.7,94.7,94.7,94.7,412
1702649460,94.7,94.7,94.7,94.7,13
1702649640,94.7,94.7,94.7,94.7,110
1702649880,94.7,94.7,94.7,94.7,2887
1702649940,94.7,94.7,94.7,94.7,100
1702650060,94.7,94.7,94.7,94.7,217
1702650120,94.7,94.7,94.7,94.7,361
1702650180,94.7,94.7,94.7,94.7,3
1702650240,94.7,94.7,94.7,94.7,544
1702650300,94.7,94.7,94.7,94.7,689
1702650420,94.7,94.7,94.7,94.7,200
1702650600,94.7,94.7,94.7,94.7,1000
1702650660,94.7,94.7,94.7,94.7,41
1702650780,94.7,94.7,94.7,94.7,420
1702650840,94.7,94.7,94.7,94.7,284
1702650900,94.7,94.7,94.7,94.7,201
1702651020,94.7,94.7,94.7,94.7,3
1702651140,94.7,94.7,94.7,94.7,38
1702651380,94.7,94.7,94.7,94.7,100
1702651440,94.7,94.7,94.7,94.7,6
1702651500,94.7,94.7,94.7,94.7,1864
1702651560,94.7,94.7,94.7,94.7,168
1702652340,94.7,94.7,94.7,94.7,6
1702652400,94.7,94.7,94.7,94.7,2
1702652520,94.7,94.7,94.7,94.7,1589
1702652640,94.705,94.705,94.705,94.705,1
1702652700,94.705,94.705,94.705,94.705,1
1702652880,94.705,94.705,94.705,94.705,3
1702652940,94.705,94.705,94.705,94.705,5
1702653000,94.7,94.7,94.7,94.7,53
1702653060,94.705,94.705,94.705,94.705,1
1702653120,94.705,94.705,94.705,94.705,1
1702653180,94.705,94.705,94.705,94.705,1
1702653300,94.705,94.705,94.705,94.705,1
1702653420,94.705,94.705,94.705,94.705,1
1702653540,94.7,94.705,94.7,94.705,14
1702653600,94.7,94.7,94.7,94.7,45
1702653660,94.7,94.7,94.7,94.7,16
1702653780,94.705,94.705,94.705,94.705,3
1702653900,94.705,94.705,94.705,94.705,1
1702654020,94.7,94.7,94.7,94.7,5
1702654140,94.705,94.705,94.705,94.705,1
1702654320,94.705,94.705,94.705,94.705,1
1702654560,94.705,94.705,94.7,94.7,12
1702654620,94.7,94.7,94.7,94.7,12
1702654920,94.705,94.705,94.705,94.705,1
1702655100,94.7,94.7,94.7,94.7,100
1702655160,94.705,94.705,94.705,94.705,1
1702655220,94.7,94.7,94.7,94.7,23
1702655340,94.7,94.7,94.7,94.7,3
1702655400,94.705,94.705,94.705,94.705,1
1702655580,94.705,94.705,94.705,94.705,1
1702655760,94.7,94.7,94.7,94.7,1
1702655820,94.7,94.705,94.7,94.705,8
1702655940,94.705,94.705,94.705,94.705,2
1702656000,94.705,94.705,94.705,94.705,1
1702656300,94.705,94.705,94.705,94.705,1
1702656420,94.7,94.7,94.7,94.7,13
1702656480,94.7,94.7,94.7,94.7,3
1702656540,94.705,94.705,94.705,94.705,1
1702656600,94.7,94.7,94.7,94.7,103
1702656660,94.7,94.7,94.7,94.7,42
1702656720,94.7,94.7,94.7,94.7,10
1702656780,94.705,94.705,94.705,94.705,1
1702656840,94.705,94.705,94.705,94.705,4850
1702656900,94.705,94.705,94.705,94.705,6
1702656960,94.705,94.705,94.705,94.705,1
1702657200,94.705,94.705,94.705,94.705,1
1702657380,94.705,94.705,94.705,94.705,51
1702657440,94.705,94.705,94.705,94.705,1
1702657500,94.705,94.705,94.705,94.705,795
1702657560,94.705,94.705,94.705,94.705,628
1702657740,94.705,94.705,94.705,94.705,174
1702657800,94.705,94.705,94.705,94.705,188
1702657860,94.705,94.705,94.705,94.705,1
1702658040,94.705,94.705,94.705,94.705,50
1702658280,94.705,94.705,94.705,94.705,1
1702658700,94.705,94.705,94.705,94.705,2
1702658880,94.705,94.705,94.705,94.705,1
1702659060,94.705,94.705,94.705,94.705,1
1702659360,94.705,94.705,94.705,94.705,1
1702659600,94.705,94.705,94.705,94.705,90
1702659900,94.705,94.705,94.705,94.705,1
1702660200,94.705,94.705,94.705,94.705,1563
1702660260,94.705,94.705,94.705,94.705,558
1702660320,94.705,94.705,94.705,94.705,18
1702660440,94.705,94.705,94.705,94.705,4
1702660500,94.705,94.705,94.705,94.705,1
1702660560,94.705,94.705,94.705,94.705,2
1702660620,94.705,94.705,94.705,94.705,1
1702660680,94.705,94.705,94.705,94.705,1
1702660800,94.705,94.705,94.705,94.705,1
1702660920,94.705,94.705,94.705,94.705,1
1702660980,94.705,94.705,94.705,94.705,2
1702661040,94.705,94.705,94.705,94.705,2
1702661100,94.705,94.705,94.705,94.705,100
1702661220,94.705,94.705,94.705,94.705,1
1702661580,94.705,94.705,94.705,94.705,6
1702661640,94.705,94.705,94.705,94.705,47
1702662000,94.705,94.705,94.705,94.705,1
1702662060,94.705,94.705,94.705,94.705,1
1702662120,94.705,94.705,94.705,94.705,1
1702662180,94.705,94.705,94.705,94.705,1
1702662540,94.705,94.705,94.705,94.705,2
1702662900,94.705,94.705,94.705,94.705,3
1702663200,94.705,94.705,94.705,94.705,2
1702663380,94.705,94.705,94.705,94.705,1
1702663620,94.705,94.705,94.705,94.705,1
1702663740,94.7,94.7,94.7,94.7,400
1702663800,94.7,94.705,94.7,94.705,464
1702663860,94.7,94.7,94.7,94.7,196
1702663920,94.7,94.7,94.7,94.7,1840
1702664460,94.695,94.7,94.695,94.7,44
1702664520,94.695,94.695,94.695,94.695,500
1702664820,94.695,94.695,94.695,94.695,400
1702665420,94.695,94.695,94.695,94.695,1
1702665840,94.7,94.7,94.7,94.7,1
1702666320,94.695,94.695,94.695,94.695,498
1702666440,94.695,94.695,94.695,94.695,290
1702666500,94.695,94.695,94.695,94.695,95
1702666560,94.695,94.695,94.695,94.695,812
1702666620,94.695,94.695,94.695,94.695,20
1702666920,94.695,94.695,94.695,94.695,100
1702666980,94.695,94.695,94.695,94.695,788
1702667040,94.7,94.7,94.695,94.695,548
1702667460,94.695,94.695,94.695,94.695,10
1702667520,94.695,94.695,94.695,94.695,1
1702667580,94.695,94.695,94.695,94.695,1
1702667640,94.695,94.695,94.695,94.695,2
1702667820,94.695,94.695,94.695,94.695,303
1702668000,94.695,94.695,94.695,94.695,6
1702668060,94.695,94.695,94.695,94.695,54
1702668180,94.695,94.695,94.695,94.695,632
1702668300,94.695,94.695,94.695,94.695,2
1702668420,94.695,94.695,94.695,94.695,1
1702668660,94.695,94.695,94.695,94.695,1
1702668720,94.695,94.695,94.695,94.695,295
1702668780,94.695,94.695,94.695,94.695,271
1702668840,94.695,94.695,94.695,94.695,1
1702668960,94.695,94.695,94.695,94.695,2
1702669140,94.695,94.695,94.695,94.695,11
1702669440,94.695,94.695,94.695,94.695,1
1702669500,94.695,94.695,94.695,94.695,1
1702669560,94.695,94.695,94.695,94.695,6
1702669620,94.695,94.695,94.695,94.695,1
1702669800,94.695,94.695,94.695,94.695,2
1702669860,94.695,94.695,94.695,94.695,3
1702669920,94.695,94.695,94.695,94.695,175
1702669980,94.695,94.695,94.695,94.695,6
1702670100,94.695,94.695,94.695,94.695,1
1702670160,94.7,94.7,94.7,94.7,1
1702670280,94.7,94.7,94.7,94.7,1
1702670340,94.7,94.7,94.695,94.695,16
1702670400,94.7,94.7,94.7,94.7,1
1702670820,94.7,94.7,94.7,94.7,1
1702671300,94.7,94.7,94.7,94.7,1
1702671780,94.695,94.695,94.695,94.695,43
1702671900,94.695,94.695,94.695,94.695,1
1702672140,94.7,94.7,94.7,94.7,10
1702672620,94.695,94.695,94.695,94.695,3
1702672680,94.7,94.7,94.7,94.7,2
1702672920,94.7,94.7,94.7,94.7,3
1702673100,94.7,94.7,94.7,94.7,1
1702673340,94.7,94.7,94.7,94.7,1
1702673940,94.695,94.695,94.695,94.695,1
1702674060,94.695,94.695,94.695,94.695,25
1702674600,94.7,94.7,94.7,94.7,1
1702675560,94.695,94.695,94.695,94.695,93
1702675800,94.7,94.7,94.7,94.7,42
1702675860,94.7,94.7,94.7,94.7,27
1702676280,94.695,94.695,94.695,94.695,150
1702676400,94.7,94.7,94.7,94.7,10
1702676700,94.695,94.695,94.695,94.695,5
1702676820,94.695,94.695,94.695,94.695,10
1702676940,94.695,94.695,94.695,94.695,2
1702677000,94.695,94.695,94.695,94.695,32
1702677540,94.695,94.7,94.695,94.7,2
1702854240,94.695,94.695,94.695,94.695,2
1702859280,94.695,94.695,94.695,94.695,1
1702860360,94.7,94.7,94.7,94.7,150
1702860420,94.7,94.7,94.7,94.7,50
1702864380,94.7,94.7,94.7,94.7,67
1702866480,94.7,94.7,94.7,94.7,486
1702867560,94.7,94.7,94.7,94.7,250
1702870140,94.7,94.7,94.7,94.7,1
1702876320,94.7,94.7,94.7,94.7,5
1702877040,94.695,94.695,94.695,94.695,1
1702877160,94.7,94.7,94.7,94.7,28
1702877280,94.695,94.695,94.695,94.695,240
1702887180,94.7,94.7,94.7,94.7,25
1702887360,94.7,94.7,94.7,94.7,10
1702889340,94.7,94.7,94.7,94.7,1
1702889400,94.7,94.7,94.7,94.7,101
1702890060,94.7,94.7,94.7,94.7,50
1702891860,94.695,94.695,94.695,94.695,662
1702893600,94.7,94.7,94.7,94.7,250
1702899900,94.7,94.7,94.695,94.695,289
1702901580,94.695,94.695,94.695,94.695,290
1702902240,94.695,94.695,94.695,94.695,3
1702902480,94.695,94.695,94.695,94.695,1
1702902540,94.695,94.695,94.695,94.695,2
1702902660,94.695,94.695,94.695,94.695,4
1702902780,94.695,94.695,94.695,94.695,335
1702902840,94.695,94.695,94.695,94.695,3
1702902900,94.695,94.695,94.695,94.695,26
1702903020,94.695,94.695,94.695,94.695,1
1702903080,94.695,94.695,94.695,94.695,1
1702903140,94.695,94.695,94.695,94.695,2
1702903200,94.695,94.695,94.695,94.695,2
1702903320,94.695,94.695,94.695,94.695,1
1702903380,94.695,94.695,94.695,94.695,2
1702903500,94.695,94.695,94.695,94.695,2
1702903620,94.695,94.695,94.695,94.695,3
1702903740,94.695,94.695,94.695,94.695,1
1702903800,94.695,94.695,94.695,94.695,3
1702903980,94.695,94.695,94.695,94.695,3
1702904100,94.695,94.695,94.695,94.695,3
1702904280,94.695,94.695,94.695,94.695,2
1702904400,94.695,94.695,94.695,94.695,2
1702904520,94.695,94.695,94.695,94.695,2
1702904580,94.695,94.695,94.695,94.695,1
1702904640,94.695,94.695,94.695,94.695,2
1702904760,94.695,94.695,94.695,94.695,1
1702904820,94.695,94.695,94.695,94.695,2
1702904940,94.695,94.695,94.695,94.695,1
1702905000,94.695,94.695,94.695,94.695,102
1702905060,94.695,94.695,94.695,94.695,2
1702905180,94.695,94.695,94.695,94.695,2
1702905300,94.695,94.695,94.695,94.695,3
1702905480,94.695,94.695,94.695,94.695,3
1702905600,94.7,94.7,94.695,94.695,3
1702905720,94.695,94.695,94.695,94.695,3
1702905780,94.695,94.695,94.695,94.695,69
1702905840,94.695,94.695,94.695,94.695,77
1702905900,94.695,94.695,94.695,94.695,2
1702905960,94.695,94.695,94.695,94.695,1
1702906020,94.695,94.695,94.695,94.695,2
1702906140,94.695,94.695,94.695,94.695,3
1702906200,94.695,94.695,94.695,94.695,2
1702906320,94.695,94.695,94.695,94.695,1
1702906380,94.695,94.695,94.695,94.695,3
1702906500,94.695,94.695,94.695,94.695,1
1702906560,94.695,94.7,94.695,94.7,245
1702906620,94.695,94.695,94.695,94.695,1148
1702906680,94.695,94.695,94.695,94.695,1
1702906740,94.695,94.695,94.695,94.695,1
1702906800,94.695,94.695,94.695,94.695,1
1702906860,94.695,94.695,94.695,94.695,3
1702906980,94.695,94.695,94.695,94.695,1
1702907040,94.695,94.695,94.695,94.695,2
1702907160,94.695,94.695,94.695,94.695,2
1702907280,94.695,94.695,94.695,94.695,1
1702907340,94.695,94.695,94.695,94.695,1
1702907400,94.695,94.695,94.695,94.695,2
1702907460,94.695,94.695,94.695,94.695,121
1702907520,94.695,94.695,94.695,94.695,7
1702907640,94.695,94.695,94.695,94.695,1
1702907700,94.695,94.695,94.695,94.695,5
1702907760,94.695,94.695,94.695,94.695,3
1702907880,94.695,94.695,94.695,94.695,2
1702907940,94.695,94.695,94.695,94.695,131
1702908000,94.695,94.695,94.695,94.695,3
1702908120,94.695,94.7,94.695,94.695,892
1702908180,94.695,94.695,94.695,94.695,7
1702908240,94.695,94.695,94.695,94.695,1
1702908300,94.695,94.695,94.695,94.695,1179
1702908420,94.695,94.695,94.69,94.69,7
1702908480,94.69,94.69,94.69,94.69,2
1702908600,94.69,94.69,94.69,94.69,2
1702908720,94.69,94.69,94.69,94.69,1
1702908780,94.69,94.69,94.69,94.69,2
1702908840,94.69,94.69,94.69,94.69,1
1702908900,94.69,94.69,94.69,94.69,3
1702909020,94.69,94.69,94.69,94.69,1
1702909080,94.69,94.69,94.69,94.69,3
1702909260,94.69,94.69,94.69,94.69,1
1702909320,94.69,94.69,94.69,94.69,2
1702909380,94.69,94.69,94.69,94.69,3
1702909560,94.69,94.69,94.69,94.69,2
1702909680,94.69,94.69,94.69,94.69,8
1702909800,94.69,94.69,94.69,94.69,1
1702909860,94.69,94.69,94.69,94.69,406
1702909920,94.69,94.69,94.69,94.69,2
1702910040,94.69,94.69,94.69,94.69,2
1702910160,94.69,94.69,94.69,94.69,7
1702910280,94.69,94.69,94.69,94.69,1
1702910340,94.69,94.69,94.69,94.69,8
1702910460,94.69,94.69,94.69,94.69,4
1702910520,94.69,94.69,94.69,94.69,2
1702910640,94.69,94.69,94.69,94.69,206
1702910700,94.69,94.69,94.69,94.69,2
1702910760,94.69,94.69,94.69,94.69,38
1702910880,94.695,94.695,94.69,94.69,2
1702910940,94.69,94.69,94.69,94.69,3
1702911060,94.69,94.69,94.69,94.69,3
1702911120,94.69,94.695,94.69,94.69,24
1702911240,94.695,94.695,94.69,94.69,15
1702911360,94.69,94.69,94.69,94.69,4
1702911420,94.695,94.695,94.69,94.69,3
1702911540,94.69,94.695,94.69,94.695,9
1702911600,94.695,94.695,94.695,94.695,2
1702911660,94.69,94.69,94.69,94.69,290
1702911720,94.69,94.69,94.69,94.69,4
1702911780,94.69,94.69,94.69,94.69,293
1702911840,94.69,94.695,94.69,94.695,3
1702911960,94.69,94.695,94.69,94.695,3
1702912080,94.69,94.69,94.69,94.69,4
1702912140,94.695,94.695,94.695,94.695,1
1702912200,94.69,94.69,94.69,94.69,2
1702912260,94.695,94.695,94.69,94.69,29
1702912320,94.69,94.69,94.69,94.69,2424
1702912380,94.69,94.69,94.69,94.69,56
1702912440,94.69,94.69,94.69,94.69,8
1702912500,94.69,94.69,94.69,94.69,4
1702912620,94.69,94.69,94.69,94.69,2
1702912680,94.69,94.695,94.69,94.695,3
1702912800,94.69,94.69,94.69,94.69,1
1702912860,94.69,94.69,94.69,94.69,2
1702912920,94.69,94.69,94.69,94.69,1005
1702912980,94.69,94.69,94.69,94.69,1
1702913040,94.69,94.69,94.69,94.69,186
1702913100,94.69,94.69,94.69,94.69,152
1702913160,94.69,94.69,94.69,94.69,3
1702913340,94.69,94.69,94.69,94.69,101
1702913400,94.69,94.69,94.69,94.69,132
1702913460,94.69,94.69,94.69,94.69,15
1702913520,94.69,94.69,94.69,94.69,1064
1702913700,94.685,94.685,94.685,94.685,3
1702913880,94.685,94.685,94.685,94.685,3
1702914060,94.685,94.685,94.685,94.685,3
1702914120,94.69,94.69,94.69,94.69,1
1702914180,94.685,94.685,94.685,94.685,3
1702914300,94.69,94.69,94.69,94.69,1
1702914360,94.685,94.685,94.685,94.685,2
1702914420,94.69,94.69,94.69,94.69,96
1702914480,94.685,94.685,94.685,94.685,1
1702914540,94.685,94.69,94.685,94.685,3
1702914600,94.685,94.685,94.685,94.685,2
1702914660,94.69,94.69,94.69,94.69,8048
1702914720,94.695,94.695,94.69,94.69,13
1702914780,94.69,94.69,94.69,94.69,1
1702914840,94.69,94.69,94.69,94.69,2
1702914900,94.695,94.695,94.69,94.69,361
1702914960,94.69,94.69,94.69,94.69,4
1702915020,94.69,94.695,94.69,94.695,3
1702915080,94.69,94.69,94.69,94.69,1
1702915140,94.695,94.695,94.69,94.69,3
1702915200,94.695,94.695,94.695,94.695,1
1702915260,94.69,94.69,94.69,94.69,3
1702915320,94.695,94.695,94.695,94.695,1
1702915440,94.69,94.69,94.69,94.69,2
1702915500,94.69,94.69,94.69,94.69,2
1702915620,94.69,94.69,94.69,94.69,3
1702915680,94.695,94.695,94.695,94.695,1
1702915800,94.69,94.69,94.69,94.69,1
1702915860,94.69,94.695,94.69,94.695,3
1702915920,94.69,94.69,94.69,94.69,2
1702916040,94.695,94.695,94.69,94.69,4
1702916160,94.695,94.695,94.695,94.695,1
1702916220,94.69,94.69,94.69,94.69,95
1702916280,94.695,94.695,94.695,94.695,2
1702916340,94.69,94.69,94.69,94.69,2
1702916400,94.69,94.69,94.69,94.69,3
1702916580,94.695,94.695,94.69,94.69,3
1702916700,94.69,94.695,94.69,94.695,2
1702916760,94.69,94.69,94.69,94.69,3
1702916880,94.69,94.69,94.69,94.69,3
1702916940,94.695,94.695,94.695,94.695,1
1702917060,94.69,94.69,94.69,94.69,3
1702917120,94.695,94.695,94.695,94.695,1
1702917240,94.69,94.69,94.69,94.69,5
1702917360,94.69,94.69,94.69,94.69,3
1702917420,94.695,94.695,94.695,94.695,1
1702917540,94.69,94.69,94.69,94.69,3
1702917720,94.695,94.695,94.695,94.695,1
1702918020,94.695,94.695,94.695,94.695,1
1702918320,94.695,94.695,94.695,94.695,2
1702918560,94.695,94.695,94.695,94.695,1
1702918920,94.695,94.695,94.695,94.695,1
1702919340,94.695,94.695,94.695,94.695,1
1702919760,94.695,94.695,94.695,94.695,1
1702920120,94.695,94.695,94.695,94.695,1
1702920480,94.695,94.695,94.695,94.695,1
1702920540,94.69,94.69,94.69,94.69,60
1702921080,94.695,94.695,94.69,94.69,5
1702921260,94.69,94.69,94.69,94.69,2
1702921320,94.69,94.69,94.69,94.69,2
1702921440,94.69,94.69,94.69,94.69,2
1702921500,94.69,94.69,94.69,94.69,4
1702921620,94.695,94.695,94.695,94.695,2
1702921680,94.69,94.69,94.69,94.69,4
1702921800,94.69,94.69,94.69,94.69,2
1702921860,94.695,94.695,94.695,94.695,1
1702921920,94.69,94.69,94.69,94.69,3
1702922040,94.69,94.69,94.69,94.69,2
1702922100,94.69,94.69,94.69,94.69,3
1702922160,94.695,94.695,94.695,94.695,1
1702922220,94.69,94.69,94.69,94.69,3
1702922340,94.69,94.69,94.69,94.69,2
1702922400,94.695,94.695,94.695,94.695,1
1702922460,94.69,94.69,94.69,94.69,4
1702922580,94.69,94.695,94.69,94.695,3
1702922700,94.69,94.69,94.69,94.69,3
1702922820,94.69,94.69,94.69,94.69,3
1702922880,94.695,94.695,94.695,94.695,1
1702922940,94.69,94.69,94.69,94.69,4
1702923060,94.69,94.69,94.69,94.69,2
1702923120,94.695,94.695,94.695,94.695,1
1702923180,94.69,94.69,94.69,94.69,3
1702923300,94.69,94.69,94.69,94.69,2
1702923360,94.69,94.69,94.69,94.69,4
1702923540,94.69,94.69,94.69,94.69,3
1702923600,94.695,94.695,94.695,94.695,1
1702923660,94.69,94.69,94.69,94.69,2
1702923720,94.69,94.69,94.69,94.69,3
1702923840,94.69,94.695,94.69,94.695,5
1702924020,94.69,94.695,94.69,94.695,3
1702924080,94.69,94.69,94.69,94.69,4
1702924260,94.69,94.69,94.69,94.69,3
1702924320,94.695,94.695,94.695,94.695,1
1702924380,94.69,94.69,94.69,94.69,3
1702924500,94.69,94.69,94.69,94.69,2
1702924560,94.69,94.69,94.69,94.69,3
1702924620,94.695,94.695,94.695,94.695,1
1702924680,94.69,94.69,94.69,94.69,2
1702924740,94.69,94.69,94.69,94.69,4
1702924920,94.69,94.69,94.69,94.69,4
1702925100,94.69,94.69,94.69,94.69,2
1702925160,94.695,94.695,94.69,94.69,9
1702925340,94.69,94.69,94.69,94.69,3
1702925460,94.69,94.69,94.69,94.69,7
1702925580,94.69,94.695,94.69,94.695,3
1702925640,94.69,94.69,94.69,94.69,4
1702925760,94.69,94.69,94.69,94.69,3
1702925820,94.69,94.69,94.69,94.69,3
1702925880,94.69,94.69,94.69,94.69,138
1702925940,94.695,94.695,94.69,94.69,5
1702926060,94.69,94.69,94.69,94.69,4
1702926120,94.69,94.695,94.69,94.695,4
1702926240,94.69,94.695,94.69,94.695,5
1702926360,94.69,94.69,94.69,94.69,7
1702926420,94.695,94.695,94.695,94.695,1
1702926480,94.69,94.69,94.69,94.69,2
1702926600,94.69,94.695,94.69,94.695,3
1702926660,94.69,94.69,94.69,94.69,5
1702926720,94.69,94.69,94.69,94.69,2
1702926780,94.695,94.695,94.695,94.695,1
1702926840,94.69,94.69,94.69,94.69,4
1702926960,94.69,94.69,94.69,94.69,7
1702927140,94.69,94.695,94.69,94.695,5
1702927260,94.69,94.69,94.69,94.69,3
1702927320,94.69,94.69,94.69,94.69,4
1702927440,94.69,94.69,94.69,94.69,4
1702927500,94.695,94.695,94.695,94.695,1
1702927560,94.69,94.69,94.69,94.69,3
1702927620,94.69,94.69,94.69,94.69,3
1702927740,94.69,94.69,94.69,94.69,3
1702927860,94.69,94.69,94.69,94.69,7
1702927980,94.69,94.695,94.69,94.695,5
1702928160,94.69,94.69,94.69,94.69,7
1702928280,94.695,94.695,94.69,94.69,3
1702928400,94.69,94.69,94.69,94.69,4
1702928460,94.69,94.69,94.69,94.69,5
1702928520,94.69,94.69,94.69,94.69,2
1702928580,94.695,94.695,94.695,94.695,1
1702928640,94.69,94.69,94.69,94.69,3
1702928760,94.69,94.69,94.69,94.69,7
1702928880,94.69,94.69,94.69,94.69,4
1702929000,94.69,94.69,94.69,94.69,2
1702929060,94.695,94.695,94.69,94.69,6
1702929120,94.69,94.69,94.69,94.69,3
1702929240,94.69,94.69,94.69,94.69,3
1702929360,94.69,94.695,94.69,94.695,9
1702929540,94.69,94.69,94.69,94.69,13
1702929600,94.69,94.69,94.69,94.69,2
1702929660,94.695,94.695,94.69,94.69,5
1702929780,94.695,94.695,94.695,94.695,1
1702929840,94.69,94.69,94.69,94.69,4
1702929900,94.69,94.69,94.69,94.69,1
1702930020,94.69,94.69,94.69,94.69,3
1702930140,94.69,94.69,94.69,94.69,2
1702930200,94.69,94.69,94.69,94.69,4
1702930380,94.69,94.69,94.69,94.69,4
1702930500,94.69,94.69,94.69,94.69,3
1702930620,94.69,94.69,94.69,94.69,2
1702930680,94.695,94.695,94.695,94.695,1
1702930740,94.69,94.69,94.69,94.69,2
1702930800,94.69,94.69,94.69,94.69,3
1702930860,94.69,94.695,94.69,94.695,300
1702930920,94.695,94.695,94.69,94.69,4
1702931040,94.69,94.695,94.69,94.695,3
1702931100,94.69,94.69,94.69,94.69,4
1702931280,94.69,94.69,94.69,94.69,3
1702931340,94.695,94.695,94.695,94.695,1
1702931400,94.69,94.69,94.69,94.69,2
1702931460,94.69,94.69,94.69,94.69,4
1702931520,94.695,94.695,94.695,94.695,1
1702931640,94.69,94.69,94.69,94.69,4
1702931820,94.695,94.695,94.69,94.69,5
1702931940,94.695,94.695,94.69,94.69,5
1702932060,94.695,94.695,94.695,94.695,1
1702932120,94.695,94.695,94.695,94.695,4
1702932300,94.695,94.695,94.695,94.695,1
1702932420,94.695,94.695,94.695,94.695,1
1702932540,94.695,94.695,94.695,94.695,1
1702932720,94.695,94.695,94.69,94.69,11
1702932840,94.69,94.69,94.69,94.69,3
1702932900,94.695,94.695,94.695,94.695,1
1702932960,94.69,94.69,94.69,94.69,40
1702933140,94.695,94.695,94.695,94.695,2
1702933980,94.69,94.69,94.69,94.69,1
1702934220,94.69,94.69,94.69,94.69,100
1702934880,94.695,94.695,94.695,94.695,2
1702934940,94.69,94.69,94.69,94.69,340
1702935060,94.69,94.69,94.69,94.69,4
1702935660,94.69,94.69,94.69,94.69,1
1702936560,94.69,94.69,94.69,94.69,9
1702941780,94.695,94.695,94.695,94.695,2104
1702948260,94.695,94.695,94.695,94.695,25
1702952460,94.695,94.695,94.695,94.695,1
1702952580,94.695,94.695,94.695,94.695,2
1702953120,94.695,94.695,94.695,94.695,1
1702954320,94.695,94.695,94.695,94.695,1
1702970520,94.695,94.695,94.695,94.695,1
1702971240,94.695,94.695,94.695,94.695,2
1702974420,94.695,94.695,94.695,94.695,41
1702974660,94.695,94.695,94.695,94.695,1
1702978200,94.695,94.695,94.695,94.695,1200
1702978260,94.695,94.695,94.695,94.695,8
1702979100,94.695,94.695,94.695,94.695,1
1702982100,94.695,94.695,94.695,94.695,1
1702983780,94.695,94.695,94.695,94.695,53
1702985100,94.695,94.695,94.695,94.695,1
1702986180,94.695,94.695,94.695,94.695,470
1702986540,94.695,94.695,94.695,94.695,1
1702987380,94.695,94.695,94.695,94.695,7
1702987500,94.695,94.695,94.695,94.695,6
1702987680,94.695,94.695,94.695,94.695,2
1702987740,94.695,94.695,94.695,94.695,4256
1702988400,94.695,94.695,94.695,94.695,1
1702988640,94.695,94.695,94.695,94.695,2342
1702989660,94.695,94.695,94.695,94.695,126
1702989780,94.695,94.695,94.695,94.695,569
1702989900,94.695,94.695,94.695,94.695,72
1702990020,94.695,94.695,94.695,94.695,186
1702990080,94.695,94.695,94.695,94.695,160
1702991040,94.7,94.7,94.7,94.7,1
1702991100,94.695,94.695,94.695,94.695,100
1702991160,94.695,94.695,94.695,94.695,3
1702991460,94.7,94.7,94.7,94.7,1
1702991520,94.695,94.7,94.695,94.7,204
1702992000,94.7,94.7,94.695,94.695,2
1702992060,94.695,94.695,94.695,94.695,1
1702992120,94.7,94.7,94.7,94.7,1
1702992240,94.7,94.7,94.7,94.7,304
1702992480,94.7,94.7,94.7,94.7,1
1702992540,94.7,94.7,94.7,94.7,1
1702992600,94.695,94.7,94.695,94.695,1364
1702992780,94.695,94.695,94.695,94.695,1
1702992840,94.69,94.69,94.69,94.69,1
1702992960,94.695,94.695,94.695,94.695,1
1702993140,94.695,94.695,94.695,94.695,78
1702993380,94.695,94.695,94.695,94.695,1
1702993620,94.695,94.695,94.695,94.695,1
1702993680,94.695,94.695,94.695,94.695,3
1702993920,94.695,94.695,94.695,94.695,1
1702994100,94.69,94.695,94.69,94.695,2
1702994160,94.695,94.695,94.695,94.695,1
1702994400,94.695,94.695,94.695,94.695,1
1702994580,94.695,94.695,94.695,94.695,146
1702994700,94.695,94.695,94.695,94.695,1
1702994760,94.695,94.695,94.695,94.695,15
1702994880,94.69,94.69,94.69,94.69,3
1702995060,94.69,94.695,94.69,94.695,4
1702995240,94.69,94.69,94.69,94.69,3
1702995300,94.695,94.695,94.695,94.695,176
1702995480,94.69,94.69,94.69,94.69,3
1702995540,94.695,94.695,94.695,94.695,1
1702995660,94.695,94.695,94.69,94.69,12
1702995840,94.69,94.69,94.69,94.69,1
1702995900,94.69,94.69,94.69,94.69,2
1702996020,94.695,94.695,94.695,94.695,1
1702996080,94.69,94.695,94.69,94.695,2
1702996140,94.69,94.69,94.69,94.69,3
1702996320,94.69,94.69,94.69,94.69,1
1702996380,94.69,94.69,94.69,94.69,2
1702996440,94.695,94.695,94.695,94.695,1
1702996500,94.69,94.69,94.69,94.69,2
1702996680,94.69,94.695,94.69,94.695,124
1702996800,94.69,94.695,94.69,94.695,3
1702996920,94.69,94.69,94.69,94.69,1
1702996980,94.69,94.69,94.69,94.69,3
1702997160,94.69,94.69,94.69,94.69,3
1702997220,94.695,94.695,94.695,94.695,1
1702997400,94.69,94.69,94.69,94.69,2
1702997460,94.695,94.695,94.695,94.695,1
1702997520,94.69,94.69,94.69,94.69,1
1702997580,94.69,94.695,94.69,94.695,3
1702997700,94.69,94.69,94.69,94.69,1
1702997760,94.69,94.69,94.69,94.69,1
1702997820,94.695,94.695,94.695,94.695,31
1702997880,94.69,94.695,94.69,94.695,2
1702997940,94.69,94.69,94.69,94.69,3
1702998000,94.695,94.695,94.695,94.695,1
1702998120,94.69,94.69,94.69,94.69,3
1702998180,94.695,94.695,94.695,94.695,1
1702998300,94.69,94.69,94.69,94.69,3
1702998480,94.695,94.695,94.695,94.695,1
1702998540,94.69,94.69,94.69,94.69,2
1702998660,94.69,94.69,94.69,94.69,3
1702998780,94.695,94.695,94.695,94.695,4
1702998840,94.69,94.69,94.69,94.69,2
1702998960,94.69,94.69,94.69,94.69,3
1702999200,94.69,94.69,94.69,94.69,2
1702999260,94.695,94.695,94.695,94.695,1
1702999320,94.69,94.69,94.69,94.69,2
1702999440,94.695,94.695,94.69,94.695,15
1702999500,94.69,94.69,94.69,94.69,2
1702999620,94.695,94.695,94.69,94.69,2
1702999740,94.69,94.695,94.69,94.695,3
1702999860,94.69,94.69,94.69,94.69,1
1702999920,94.69,94.69,94.69,94.69,3
1702999980,94.695,94.695,94.695,94.695,1
1703000100,94.69,94.69,94.69,94.69,3
1703000280,94.695,94.695,94.695,94.695,1
1703000340,94.69,94.69,94.69,94.69,1
1703000400,94.69,94.69,94.69,94.69,1
1703000460,94.69,94.69,94.69,94.69,3
1703000520,94.695,94.695,94.695,94.695,1
1703000640,94.69,94.695,94.69,94.695,7
1703000700,94.695,94.695,94.695,94.695,69
1703000820,94.69,94.69,94.69,94.69,3
1703000880,94.695,94.695,94.695,94.695,1
1703001000,94.695,94.695,94.695,94.695,1
1703001060,94.695,94.695,94.69,94.695,5
1703001180,94.695,94.695,94.695,94.695,1
1703001240,94.69,94.69,94.69,94.69,1
1703001300,94.69,94.69,94.69,94.69,2
1703001360,94.695,94.695,94.695,94.695,7
1703001420,94.69,94.69,94.69,94.69,1
1703001480,94.695,94.695,94.695,94.695,16
1703001540,94.69,94.695,94.69,94.695,3
1703001660,94.69,94.695,94.69,94.695,3
1703001780,94.69,94.69,94.69,94.69,3
1703001840,94.695,94.695,94.695,94.695,1
1703001960,94.69,94.69,94.69,94.69,3
1703002020,94.695,94.695,94.695,94.695,1
1703002200,94.69,94.695,94.69,94.695,3
1703002320,94.69,94.69,94.69,94.69,3
1703002380,94.695,94.695,94.695,94.695,1
1703002500,94.695,94.695,94.69,94.69,3
1703002560,94.695,94.695,94.695,94.695,1
1703002620,94.69,94.69,94.69,94.69,3
1703002680,94.695,94.695,94.695,94.695,1
1703002860,94.695,94.695,94.695,94.695,1
1703003100,94.695,94.695,94.695,94.695,1
1703003340,94.695,94.695,94.695,94.695,1
1703003460,94.695,94.695,94.695,94.695,1
1703003700,94.695,94.695,94.695,94.695,31
1703003880,94.69,94.69,94.69,94.69,3
1703003940,94.695,94.695,94.695,94.695,1
1703004000,94.69,94.69,94.69,94.69,2
1703004120,94.69,94.69,94.69,94.69,2
1703004180,94.69,94.695,94.69,94.695,4
1703004240,94.695,94.695,94.695,94.695,1556
1703004300,94.695,94.695,94.695,94.695,94
1703004360,94.695,94.695,94.695,94.695,442
1703004420,94.695,94.695,94.695,94.695,101
1703004480,94.695,94.695,94.695,94.695,158
1703004540,94.695,94.695,94.695,94.695,71
1703004600,94.695,94.695,94.695,94.695,5
1703004660,94.695,94.695,94.695,94.695,93
1703004720,94.695,94.695,94.695,94.695,4
1703004840,94.695,94.695,94.695,94.695,1
1703004900,94.69,94.69,94.69,94.69,4
1703005080,94.69,94.69,94.69,94.69,2
1703005140,94.695,94.695,94.695,94.695,1
1703005200,94.69,94.69,94.69,94.69,4
1703005380,94.69,94.695,94.69,94.695,4
1703005500,94.69,94.69,94.69,94.69,3
1703005560,94.695,94.695,94.695,94.695,1
1703005620,94.69,94.69,94.69,94.69,3
1703005740,94.69,94.69,94.69,94.69,2
1703005800,94.695,94.695,94.695,94.695,1
1703005860,94.69,94.69,94.69,94.69,2
1703005920,94.69,94.69,94.69,94.69,2
1703006040,94.69,94.69,94.69,94.69,2
1703006100,94.69,94.695,94.69,94.695,26
1703006160,94.695,94.695,94.695,94.695,1
1703006220,94.69,94.69,94.69,94.69,4
1703006340,94.69,94.69,94.69,94.69,2
1703006400,94.695,94.695,94.695,94.695,1
1703006460,94.69,94.69,94.69,94.69,3
1703006520,94.695,94.695,94.695,94.695,1
1703006580,94.69,94.69,94.69,94.69,2
1703006640,94.695,94.695,94.695,94.695,1
1703006700,94.69,94.69,94.69,94.69,4
1703006820,94.695,94.695,94.695,94.695,1
1703006880,94.69,94.69,94.69,94.69,3
1703007000,94.69,94.69,94.69,94.69,4
1703007120,94.695,94.695,94.695,94.695,1
1703007180,94.69,94.695,94.69,94.695,5
1703007240,94.695,94.695,94.695,94.695,3
1703007360,94.69,94.69,94.69,94.69,2
1703007420,94.69,94.69,94.69,94.69,3
1703007480,94.695,94.695,94.695,94.695,19
1703007540,94.695,94.695,94.69,94.69,3
1703007660,94.69,94.69,94.69,94.69,3
1703007780,94.69,94.695,94.69,94.695,5
1703007840,94.695,94.695,94.695,94.695,1
1703007960,94.69,94.69,94.69,94.69,3
1703008080,94.695,94.695,94.69,94.69,4
1703008200,94.69,94.69,94.69,94.69,3
1703008260,94.695,94.695,94.695,94.695,3
1703008320,94.695,94.695,94.69,94.69,3
1703008440,94.69,94.69,94.69,94.69,4
1703008500,94.695,94.695,94.695,94.695,1
1703008620,94.69,94.69,94.69,94.69,3
1703008680,94.695,94.695,94.695,94.695,1
1703008740,94.69,94.69,94.69,94.69,3
1703008860,94.695,94.695,94.69,94.695,5
1703008980,94.69,94.69,94.69,94.69,2
1703009040,94.695,94.695,94.695,94.695,1
1703009100,94.69,94.69,94.69,94.69,3
1703009220,94.69,94.695,94.69,94.695,3
1703009280,94.69,94.69,94.69,94.69,2
1703009400,94.69,94.69,94.69,94.69,3
1703009460,94.695,94.695,94.695,94.695,1
1703009520,94.69,94.695,94.69,94.695,3
1703009640,94.69,94.69,94.69,94.69,2
1703009700,94.69,94.695,94.69,94.695,3
1703009760,94.69,94.69,94.69,94.69,3
1703009940,94.69,94.69,94.69,94.69,2
1703010000,94.695,94.695,94.69,94.69,53
1703010180,94.69,94.695,94.69,94.695,3
1703010240,94.69,94.69,94.69,94.69,3
1703010420,94.69,94.69,94.69,94.69,4
1703010480,94.695,94.695,94.695,94.695,1
1703010600,94.69,94.69,94.69,94.69,3
1703010720,94.69,94.69,94.69,94.69,4
1703010840,94.695,94.695,94.695,94.695,5
1703010900,94.69,94.69,94.69,94.69,3
1703011020,94.69,94.69,94.69,94.69,4
1703011140,94.695,94.695,94.695,94.695,1
1703011200,94.69,94.69,94.69,94.69,2
1703011260,94.69,94.69,94.69,94.69,2
1703011380,94.69,94.69,94.69,94.69,2
1703011440,94.69,94.695,94.69,94.695,4
1703011560,94.69,94.69,94.69,94.69,2
1703011680,94.69,94.69,94.69,94.69,3
1703011800,94.69,94.69,94.69,94.69,4
1703011860,94.695,94.695,94.695,94.695,1
1703011980,94.69,94.69,94.69,94.69,2
1703012040,94.69,94.69,94.69,94.69,4
1703012160,94.69,94.69,94.69,94.69,1
1703012220,94.695,94.695,94.69,94.69,3
1703012340,94.69,94.69,94.69,94.69,2
1703012400,94.695,94.695,94.69,94.69,5
1703012460,94.695,94.695,94.695,94.695,1
1703012580,94.695,94.695,94.69,94.69,4
1703012700,94.69,94.69,94.69,94.69,2
1703012760,94.695,94.695,94.695,94.695,1
1703012820,94.69,94.69,94.69,94.69,3
1703012940,94.69,94.69,94.69,94.69,3
1703013000,94.695,94.695,94.695,94.695,1
1703013060,94.69,94.69,94.69,94.69,4
1703013180,94.695,94.695,94.695,94.695,6
1703013240,94.69,94.69,94.69,94.69,4
1703013360,94.695,94.695,94.695,94.695,1
1703013420,94.69,94.69,94.69,94.69,3
1703013540,94.69,94.69,94.69,94.69,4
1703013720,94.69,94.695,94.69,94.695,5
1703013900,94.69,94.69,94.69,94.69,3
1703014020,94.69,94.69,94.69,94.69,3
1703014080,94.695,94.695,94.695,94.695,1
1703014140,94.69,94.69,94.69,94.69,4
1703014260,94.695,94.695,94.695,94.695,1
1703014320,94.69,94.69,94.69,94.69,2
1703014440,94.69,94.69,94.69,94.69,2
1703014500,94.69,94.69,94.69,94.69,2
1703014560,94.695,94.695,94.695,94.695,1
1703014620,94.69,94.69,94.69,94.69,3
1703014740,94.69,94.69,94.69,94.69,4
1703014800,94.695,94.695,94.695,94.695,1
1703014920,94.69,94.69,94.69,94.69,3
1703015040,94.69,94.69,94.69,94.69,2
1703015100,94.69,94.69,94.69,94.69,3
1703015220,94.695,94.695,94.69,94.69,121
1703015280,94.695,94.695,94.69,94.69,3
1703015340,94.69,94.69,94.69,94.69,2
1703015460,94.69,94.69,94.69,94.69,2
1703015520,94.69,94.69,94.69,94.69,2
1703015580,94.695,94.695,94.695,94.695,1
1703015640,94.69,94.69,94.69,94.69,4
1703015700,94.695,94.695,94.695,94.695,1
1703015760,94.69,94.69,94.69,94.69,3
1703015820,94.695,94.695,94.695,94.695,1
1703015940,94.69,94.695,94.69,94.695,3
1703016000,94.69,94.69,94.69,94.69,3
1703016120,94.69,94.69,94.69,94.69,4
1703016180,94.695,94.695,94.695,94.695,1
1703016300,94.69,94.69,94.69,94.69,4
1703016480,94.69,94.69,94.69,94.69,2
1703016540,94.695,94.695,94.695,94.695,4
1703016600,94.69,94.695,94.69,94.695,5
1703016720,94.69,94.69,94.69,94.69,3
1703016900,94.69,94.695,94.69,94.695,5
1703017080,94.69,94.69,94.69,94.69,2
1703017140,94.69,94.69,94.69,94.69,3
1703017260,94.69,94.69,94.69,94.69,4
1703017320,94.695,94.695,94.695,94.695,1
1703017440,94.69,94.69,94.69,94.69,3
1703017560,94.69,94.69,94.69,94.69,2
1703017620,94.695,94.695,94.695,94.695,8
1703017680,94.69,94.69,94.69,94.69,4
1703017740,94.695,94.695,94.695,94.695,1
1703017860,94.69,94.69,94.69,94.69,4
1703017920,94.69,94.69,94.69,94.69,10
1703018040,94.69,94.69,94.69,94.69,4
1703018160,94.695,94.695,94.695,94.695,1
1703018220,94.69,94.69,94.69,94.69,4
1703018340,94.69,94.69,94.69,94.69,4
1703018520,94.695,94.695,94.69,94.69,5
1703018640,94.69,94.69,94.69,94.69,4
1703018760,94.695,94.695,94.695,94.695,241
1703018820,94.695,94.695,94.695,94.695,1
1703019120,94.695,94.695,94.695,94.695,1
1703019480,94.695,94.695,94.695,94.695,1
1703019540,94.695,94.695,94.695,94.695,11
1703019720,94.695,94.695,94.695,94.695,4
1703020380,94.695,94.695,94.695,94.695,3
1703020500,94.695,94.695,94.695,94.695,20
1703020680,94.695,94.695,94.695,94.695,8
1703020740,94.69,94.69,94.69,94.69,55
1703021040,94.69,94.69,94.69,94.69,200
1703021160,94.69,94.69,94.69,94.69,350
1703021340,94.695,94.695,94.695,94.695,9
1703022060,94.695,94.695,94.695,94.695,50
1703022900,94.695,94.695,94.695,94.695,3
1703023140,94.695,94.695,94.695,94.695,209
1703026800,94.695,94.695,94.695,94.695,51
1703032200,94.695,94.695,94.695,94.695,1
1703032260,94.695,94.695,94.695,94.695,2
1703032560,94.695,94.695,94.695,94.695,15
1703035020,94.695,94.695,94.695,94.695,2
1703035440,94.695,94.695,94.695,94.695,1
1703036160,94.695,94.695,94.695,94.695,1
1703036220,94.695,94.695,94.695,94.695,1
1703037540,94.695,94.695,94.695,94.695,2
1703038620,94.695,94.695,94.695,94.695,100
1703040060,94.695,94.695,94.695,94.695,4
1703040300,94.695,94.695,94.695,94.695,53
1703041560,94.695,94.695,94.695,94.695,1
1703044260,94.695,94.695,94.695,94.695,1
1703044800,94.695,94.695,94.695,94.695,1
1703047380,94.695,94.695,94.695,94.695,67
1703047680,94.695,94.695,94.695,94.695,65
1703049540,94.695,94.695,94.695,94.695,102
1703049660,94.695,94.695,94.695,94.695,290
1703050320,94.695,94.695,94.695,94.695,3
1703052060,94.69,94.69,94.69,94.69,3
1703052780,94.695,94.695,94.695,94.695,1
1703052900,94.695,94.695,94.695,94.695,6
1703052960,94.695,94.695,94.695,94.695,1
1703053260,94.695,94.695,94.69,94.695,64
1703054400,94.695,94.695,94.69,94.69,44
1703055600,94.695,94.695,94.69,94.695,913
1703057460,94.7,94.7,94.7,94.7,6
1703057700,94.7,94.7,94.7,94.7,4
1703058900,94.695,94.695,94.695,94.695,1000
1703062560,94.7,94.7,94.7,94.7,21
1703063640,94.7,94.7,94.7,94.7,1
1703067780,94.7,94.7,94.7,94.7,400
1703067840,94.7,94.7,94.7,94.7,400
1703067900,94.7,94.7,94.7,94.7,1000
1703068200,94.7,94.7,94.7,94.7,100
1703068440,94.695,94.695,94.695,94.695,50
1703071680,94.7,94.7,94.7,94.7,100
1703073840,94.7,94.7,94.7,94.7,150
1703074140,94.695,94.695,94.695,94.695,8
1703075460,94.7,94.7,94.7,94.7,1
1703077140,94.695,94.695,94.695,94.695,2
1703077200,94.695,94.695,94.695,94.695,3
1703077380,94.695,94.695,94.695,94.695,1
1703077800,94.695,94.695,94.695,94.695,150
1703077860,94.695,94.695,94.695,94.695,1
1703078040,94.695,94.695,94.695,94.695,55
1703078280,94.695,94.695,94.695,94.695,14
1703078340,94.695,94.695,94.695,94.695,1
1703078400,94.7,94.7,94.7,94.7,3
1703078760,94.695,94.695,94.695,94.695,1
1703079240,94.695,94.695,94.695,94.695,20
1703079540,94.695,94.695,94.695,94.695,9
1703079720,94.695,94.7,94.695,94.7,9
1703080140,94.7,94.7,94.695,94.695,101
1703080620,94.695,94.695,94.695,94.695,1
1703081100,94.695,94.695,94.695,94.695,1
1703081520,94.695,94.695,94.695,94.695,1
1703082000,94.695,94.695,94.695,94.695,1
1703082180,94.695,94.695,94.695,94.695,99
1703082480,94.695,94.695,94.695,94.695,1
1703082900,94.695,94.695,94.695,94.695,1
1703083140,94.695,94.695,94.695,94.695,200
1703083380,94.695,94.695,94.695,94.695,1
1703083740,94.695,94.695,94.695,94.695,102
1703083800,94.695,94.695,94.695,94.695,278
1703084220,94.695,94.695,94.695,94.695,192
1703084340,94.695,94.695,94.695,94.695,1
1703084400,94.695,94.7,94.695,94.695,1320
1703084460,94.695,94.695,94.695,94.695,145
1703084640,94.695,94.695,94.695,94.695,718
1703084700,94.695,94.695,94.695,94.695,109
1703084820,94.695,94.695,94.695,94.695,64
1703085060,94.695,94.695,94.695,94.695,99
1703085120,94.695,94.695,94.695,94.695,2
1703085180,94.695,94.695,94.695,94.695,3784
1703085240,94.695,94.695,94.695,94.695,100
1703085360,94.695,94.695,94.695,94.695,9
1703085420,94.695,94.695,94.695,94.695,4
1703085480,94.695,94.695,94.695,94.695,4
1703085840,94.695,94.695,94.695,94.695,25
1703086380,94.695,94.695,94.695,94.695,1
1703086440,94.695,94.695,94.695,94.695,97
1703086500,94.695,94.695,94.695,94.695,11
1703086740,94.7,94.7,94.7,94.7,5
1703086920,94.7,94.7,94.7,94.7,1
1703086980,94.7,94.7,94.7,94.7,1
1703087100,94.7,94.7,94.7,94.7,1
1703087220,94.7,94.7,94.7,94.7,1
1703087280,94.7,94.7,94.7,94.7,1
1703087340,94.7,94.7,94.7,94.7,1
1703087400,94.7,94.7,94.7,94.7,1
1703087460,94.7,94.7,94.7,94.7,1
1703087520,94.7,94.7,94.7,94.7,1
1703087580,94.7,94.7,94.7,94.7,1
1703087640,94.7,94.7,94.7,94.7,1
1703087700,94.7,94.7,94.7,94.7,1
1703087760,94.7,94.7,94.695,94.695,4
1703087820,94.7,94.7,94.7,94.7,1
1703087880,94.7,94.7,94.7,94.7,2
1703088060,94.7,94.7,94.7,94.7,1
1703088120,94.7,94.7,94.7,94.7,1
1703088240,94.7,94.7,94.7,94.7,1
1703088300,94.7,94.7,94.7,94.7,1
1703088360,94.7,94.7,94.7,94.7,1
1703088480,94.7,94.7,94.7,94.7,1
1703088600,94.7,94.7,94.7,94.7,2
1703088720,94.7,94.7,94.695,94.695,24
1703088780,94.695,94.695,94.695,94.695,150
1703088840,94.7,94.7,94.7,94.7,1
1703088960,94.7,94.7,94.7,94.7,1
1703089020,94.7,94.7,94.7,94.7,1
1703089260,94.7,94.7,94.7,94.7,1
1703089380,94.7,94.7,94.7,94.7,1
1703089500,94.7,94.7,94.7,94.7,1
1703089620,94.7,94.7,94.7,94.7,1
1703089800,94.7,94.7,94.7,94.7,1
1703089860,94.7,94.7,94.7,94.7,1
1703089920,94.695,94.695,94.695,94.695,29
1703089980,94.7,94.7,94.7,94.7,18
1703090040,94.7,94.7,94.7,94.7,1
1703090220,94.7,94.7,94.7,94.7,1
1703090340,94.7,94.7,94.7,94.7,1
1703090460,94.7,94.7,94.7,94.7,1
1703090580,94.7,94.7,94.7,94.7,176
1703090700,94.7,94.7,94.7,94.7,1
1703090760,94.695,94.695,94.695,94.695,12
1703090820,94.695,94.7,94.695,94.7,28
1703090880,94.7,94.7,94.7,94.7,1
1703091060,94.7,94.7,94.7,94.7,1
1703091180,94.7,94.7,94.7,94.7,1
1703091360,94.7,94.7,94.7,94.7,1
1703091480,94.7,94.7,94.7,94.7,1
1703091540,94.7,94.7,94.7,94.7,1
1703091660,94.7,94.7,94.7,94.7,1
1703091780,94.7,94.7,94.7,94.7,1
1703091960,94.7,94.7,94.695,94.695,13
1703092140,94.7,94.7,94.7,94.7,1
1703092320,94.7,94.7,94.7,94.7,1
1703092620,94.7,94.7,94.7,94.7,1
1703092800,94.7,94.7,94.7,94.7,1
1703092980,94.7,94.7,94.7,94.7,1
1703093100,94.7,94.7,94.7,94.7,1
1703093220,94.7,94.7,94.7,94.7,1
1703093460,94.7,94.7,94.7,94.7,1
1703093580,94.7,94.7,94.7,94.7,1
1703093820,94.7,94.7,94.7,94.7,1
1703094060,94.7,94.7,94.7,94.7,1
1703094360,94.7,94.7,94.7,94.7,1
1703094480,94.7,94.7,94.7,94.7,1
1703094660,94.7,94.7,94.7,94.7,1
1703094780,94.7,94.7,94.7,94.7,1
1703094960,94.7,94.7,94.7,94.7,18
1703095020,94.7,94.7,94.7,94.7,50
1703095140,94.7,94.7,94.7,94.7,4
1703095200,94.7,94.7,94.7,94.7,1
1703095320,94.7,94.7,94.7,94.7,1
1703095380,94.7,94.7,94.7,94.7,1
1703095500,94.7,94.7,94.7,94.7,1
1703095560,94.7,94.7,94.7,94.7,1
1703095680,94.7,94.7,94.7,94.7,1
1703095860,94.7,94.7,94.7,94.7,1
1703096100,94.7,94.7,94.7,94.7,1
1703096520,94.7,94.7,94.7,94.7,1
1703096760,94.7,94.7,94.7,94.7,1
1703097000,94.695,94.695,94.695,94.695,492
1703097360,94.7,94.7,94.695,94.695,100
1703097720,94.7,94.7,94.7,94.7,1
1703098020,94.7,94.7,94.7,94.7,1
1703098260,94.7,94.7,94.695,94.695,305
1703098440,94.7,94.7,94.7,94.7,1
1703098560,94.7,94.7,94.7,94.7,1
1703098680,94.7,94.7,94.7,94.7,1
1703098920,94.7,94.7,94.7,94.7,1
1703099040,94.7,94.7,94.7,94.7,1
1703099220,94.7,94.7,94.7,94.7,1
1703099280,94.695,94.7,94.695,94.7,4
1703099460,94.7,94.7,94.7,94.7,1
1703099580,94.7,94.7,94.7,94.7,1
1703099760,94.7,94.7,94.7,94.7,1
1703099880,94.695,94.695,94.695,94.695,10
1703100060,94.7,94.7,94.7,94.7,1
1703100240,94.7,94.7,94.7,94.7,1
1703100360,94.7,94.7,94.7,94.7,1
1703100420,94.695,94.695,94.695,94.695,15
1703100480,94.695,94.7,94.695,94.7,2
1703100540,94.695,94.695,94.695,94.695,5
1703100660,94.7,94.7,94.7,94.7,1
1703100780,94.7,94.7,94.7,94.7,1
1703100900,94.7,94.7,94.7,94.7,1
1703100960,94.695,94.695,94.695,94.695,200
1703101020,94.7,94.7,94.7,94.7,1
1703101080,94.7,94.7,94.7,94.7,1
1703101260,94.7,94.7,94.7,94.7,1
1703101440,94.7,94.7,94.7,94.7,1
1703101740,94.7,94.7,94.7,94.7,1
1703101980,94.7,94.7,94.695,94.695,19
1703102160,94.7,94.7,94.7,94.7,1
1703102340,94.7,94.7,94.7,94.7,14
1703102460,94.695,94.695,94.695,94.695,95
1703102520,94.7,94.7,94.7,94.7,1
1703102640,94.7,94.7,94.7,94.7,1
1703102880,94.7,94.7,94.7,94.7,1
1703103060,94.7,94.7,94.7,94.7,1
1703103120,94.695,94.7,94.695,94.7,3
1703103420,94.7,94.7,94.7,94.7,401
1703103660,94.7,94.7,94.7,94.7,1
1703103780,94.7,94.7,94.7,94.7,1
1703103840,94.7,94.7,94.7,94.7,2
1703104080,94.695,94.695,94.695,94.695,1
1703104140,94.7,94.7,94.7,94.7,1
1703104200,94.7,94.7,94.7,94.7,2
1703104320,94.7,94.7,94.7,94.7,1281
1703104560,94.7,94.7,94.7,94.7,5177
1703104620,94.7,94.705,94.7,94.705,2540
1703104680,94.7,94.705,94.7,94.705,51
1703104740,94.705,94.705,94.705,94.705,1
1703104800,94.7,94.7,94.7,94.7,15
1703104860,94.705,94.705,94.705,94.705,1
1703104920,94.7,94.7,94.7,94.7,1
1703104980,94.7,94.7,94.7,94.7,581
1703105100,94.705,94.705,94.7,94.7,10
1703105220,94.705,94.705,94.705,94.705,1
1703105280,94.705,94.705,94.705,94.705,1
1703105340,94.7,94.7,94.7,94.7,59
1703105460,94.705,94.705,94.7,94.7,79
1703105520,94.7,94.7,94.7,94.7,86
1703105700,94.705,94.705,94.705,94.705,1
1703105880,94.7,94.7,94.7,94.7,1362
1703106000,94.7,94.7,94.7,94.7,522
1703106060,94.7,94.7,94.7,94.7,13
1703106120,94.7,94.7,94.7,94.7,169
1703106240,94.7,94.7,94.7,94.7,136
1703106540,94.7,94.7,94.7,94.7,69
1703106600,94.7,94.7,94.7,94.7,49
1703106720,94.7,94.7,94.7,94.7,60
1703106840,94.695,94.695,94.695,94.695,2
1703106960,94.7,94.7,94.7,94.7,60
1703107500,94.7,94.7,94.7,94.7,4
1703107980,94.705,94.705,94.705,94.705,20
1703108040,94.705,94.705,94.705,94.705,5
1703108160,94.705,94.705,94.705,94.705,2823
1703108280,94.71,94.71,94.71,94.71,1525
1703108340,94.71,94.71,94.71,94.71,1300
1703108400,94.71,94.71,94.71,94.71,123
1703108760,94.71,94.71,94.71,94.71,272
1703108820,94.71,94.71,94.71,94.71,2
1703109480,94.71,94.71,94.71,94.71,200
1703109540,94.71,94.71,94.71,94.71,1
1703113200,94.71,94.71,94.71,94.71,619
1703113500,94.71,94.71,94.71,94.71,4
1703113620,94.71,94.71,94.705,94.705,21
1703114400,94.71,94.71,94.71,94.71,81
1703115420,94.705,94.705,94.705,94.705,143
1703115660,94.705,94.705,94.705,94.705,137
1703117820,94.705,94.705,94.7,94.7,440
1703117880,94.705,94.705,94.7,94.705,105
1703117940,94.705,94.705,94.705,94.705,7
1703118060,94.705,94.705,94.705,94.705,23
1703118120,94.705,94.705,94.705,94.705,12
1703118300,94.705,94.705,94.705,94.705,38
1703119320,94.705,94.705,94.705,94.705,1
1703119980,94.705,94.705,94.705,94.705,78
1703120400,94.705,94.705,94.705,94.705,16
1703120460,94.705,94.705,94.705,94.705,10
1703120520,94.705,94.705,94.705,94.705,1
1703121360,94.705,94.705,94.705,94.705,2
1703121420,94.705,94.705,94.705,94.705,35
1703121960,94.705,94.705,94.705,94.705,121
1703122080,94.705,94.705,94.705,94.705,181
1703122260,94.705,94.705,94.705,94.705,1
1703123340,94.705,94.705,94.705,94.705,1
1703123580,94.705,94.705,94.705,94.705,203
1703124120,94.705,94.705,94.705,94.705,50
1703124600,94.705,94.705,94.705,94.705,4
1703125320,94.705,94.705,94.705,94.705,60
1703125380,94.705,94.705,94.705,94.705,440
1703125740,94.705,94.705,94.705,94.705,49
1703126160,94.705,94.705,94.705,94.705,20
1703128140,94.705,94.705,94.705,94.705,13
1703128200,94.705,94.705,94.705,94.705,55
1703139480,94.705,94.705,94.705,94.705,4
1703139600,94.705,94.705,94.705,94.705,2
1703140200,94.705,94.705,94.705,94.705,148
1703140380,94.705,94.705,94.705,94.705,18
1703142240,94.705,94.705,94.705,94.705,1
1703142780,94.705,94.705,94.705,94.705,54
1703144700,94.705,94.705,94.705,94.705,105
1703145000,94.705,94.705,94.705,94.705,1
1703145480,94.705,94.705,94.705,94.705,1
1703145720,94.705,94.705,94.705,94.705,1
1703146020,94.705,94.705,94.705,94.705,1
1703146380,94.705,94.705,94.705,94.705,1
1703147880,94.7,94.7,94.7,94.7,10
1703148660,94.7,94.7,94.7,94.7,6
1703148960,94.705,94.705,94.705,94.705,12
1703149020,94.705,94.705,94.705,94.705,50
1703149140,94.705,94.705,94.705,94.705,16
1703149800,94.705,94.705,94.705,94.705,88
1703150700,94.705,94.705,94.705,94.705,2
1703152320,94.7,94.7,94.7,94.7,99
1703154300,94.7,94.7,94.7,94.7,12
1703154900,94.7,94.7,94.7,94.7,11
1703154960,94.7,94.7,94.7,94.7,3092
1703155020,94.7,94.7,94.7,94.7,1011
1703155200,94.7,94.7,94.7,94.7,391
1703155440,94.7,94.7,94.7,94.7,18
1703157420,94.7,94.7,94.7,94.7,9
1703157600,94.7,94.7,94.7,94.7,7
1703158500,94.7,94.7,94.7,94.7,202
1703158680,94.7,94.7,94.7,94.7,45
1703159280,94.7,94.7,94.7,94.7,31
1703159460,94.7,94.7,94.7,94.7,1
1703159640,94.7,94.7,94.7,94.7,100
1703159700,94.7,94.7,94.7,94.7,2
1703160300,94.7,94.7,94.7,94.7,4
1703160360,94.7,94.7,94.7,94.7,15
1703160480,94.7,94.7,94.7,94.7,53
1703161140,94.7,94.7,94.7,94.7,347
1703161200,94.7,94.7,94.7,94.7,82
1703161380,94.7,94.7,94.7,94.7,2
1703161800,94.7,94.7,94.7,94.7,10
1703163360,94.705,94.705,94.705,94.705,1
1703164200,94.705,94.705,94.705,94.705,1
1703164500,94.705,94.705,94.705,94.705,26
1703164800,94.7,94.7,94.7,94.7,3
1703164860,94.705,94.705,94.705,94.705,1
1703165100,94.705,94.705,94.705,94.705,15
1703165340,94.705,94.705,94.7,94.7,5
1703165400,94.7,94.705,94.7,94.7,1440
1703165580,94.705,94.705,94.705,94.705,742
1703165640,94.705,94.705,94.705,94.705,2308
1703165700,94.71,94.71,94.705,94.705,476
1703165820,94.71,94.71,94.71,94.71,5
1703165940,94.71,94.71,94.71,94.71,166
1703166000,94.71,94.71,94.71,94.71,102
1703166060,94.71,94.71,94.71,94.71,561
1703166120,94.71,94.71,94.71,94.71,100
1703166180,94.71,94.71,94.71,94.71,15
1703166240,94.71,94.71,94.71,94.71,49
1703166360,94.71,94.71,94.71,94.71,1
1703166420,94.71,94.71,94.705,94.705,6
1703166600,94.705,94.705,94.705,94.705,7
1703166780,94.71,94.71,94.705,94.705,549
1703166840,94.705,94.705,94.705,94.705,600
1703167020,94.705,94.705,94.705,94.705,13
1703167080,94.705,94.705,94.705,94.705,536
1703167140,94.705,94.705,94.705,94.705,401
1703167500,94.705,94.705,94.705,94.705,300
1703167560,94.705,94.705,94.705,94.705,165
1703167680,94.705,94.705,94.705,94.705,200
1703167800,94.705,94.705,94.705,94.705,1275
1703167980,94.705,94.705,94.705,94.705,1
1703168040,94.705,94.705,94.705,94.705,5
1703168160,94.705,94.705,94.705,94.705,3
1703168280,94.705,94.705,94.705,94.705,372
1703168340,94.705,94.705,94.705,94.705,99
1703168400,94.705,94.71,94.705,94.71,16
1703168460,94.705,94.705,94.705,94.705,196
1703168520,94.705,94.705,94.705,94.705,5
1703168580,94.705,94.705,94.705,94.705,8
1703168640,94.705,94.705,94.705,94.705,94
1703168700,94.705,94.705,94.705,94.705,50
1703168820,94.71,94.71,94.71,94.71,1
1703169120,94.71,94.71,94.71,94.71,50
1703169240,94.71,94.71,94.71,94.71,1
1703169420,94.71,94.71,94.71,94.71,200
1703169660,94.71,94.71,94.71,94.71,92
1703170080,94.71,94.71,94.71,94.71,2
1703170500,94.71,94.71,94.71,94.71,1
1703170800,94.71,94.71,94.705,94.705,101
1703170860,94.71,94.71,94.71,94.71,1
1703170920,94.71,94.71,94.705,94.71,16
1703170980,94.71,94.71,94.71,94.71,1
1703171040,94.71,94.71,94.71,94.71,1
1703171160,94.71,94.71,94.705,94.705,227
1703171280,94.705,94.705,94.705,94.705,1162
1703171340,94.705,94.705,94.705,94.705,139
1703171400,94.705,94.705,94.705,94.705,208
1703171460,94.705,94.705,94.705,94.705,243
1703171520,94.705,94.705,94.705,94.705,161
1703171580,94.705,94.705,94.705,94.705,52
1703171760,94.71,94.71,94.71,94.71,2
1703171880,94.705,94.705,94.705,94.705,712
1703171940,94.705,94.705,94.705,94.705,282
1703172000,94.705,94.705,94.705,94.705,75
1703172060,94.705,94.705,94.705,94.705,3
1703172180,94.71,94.71,94.71,94.71,1
1703172240,94.71,94.71,94.71,94.71,1
1703172420,94.71,94.71,94.71,94.71,1
1703172600,94.71,94.71,94.71,94.71,2
1703172900,94.71,94.71,94.71,94.71,1
1703173020,94.71,94.71,94.71,94.71,1
1703173140,94.71,94.71,94.71,94.71,1
1703173380,94.71,94.71,94.71,94.71,1
1703173620,94.71,94.71,94.71,94.71,1
1703173740,94.705,94.71,94.705,94.71,5
1703173800,94.705,94.705,94.705,94.705,2
1703173860,94.71,94.71,94.705,94.705,2
1703173920,94.71,94.71,94.71,94.71,1
1703174100,94.71,94.71,94.71,94.71,1
1703174160,94.705,94.705,94.705,94.705,1823
1703174400,94.71,94.71,94.705,94.705,2
1703174700,94.71,94.71,94.71,94.71,1
1703174760,94.705,94.705,94.705,94.705,37
1703174880,94.705,94.705,94.705,94.705,31
1703175000,94.705,94.705,94.705,94.705,140
1703175060,94.705,94.705,94.705,94.705,252
1703175240,94.71,94.71,94.71,94.71,1
1703175420,94.71,94.71,94.71,94.71,1
1703175480,94.705,94.705,94.705,94.705,5
1703175600,94.71,94.71,94.71,94.71,2
1703175840,94.71,94.71,94.71,94.71,1
1703175960,94.71,94.71,94.71,94.71,1
1703176080,94.71,94.71,94.71,94.71,1
1703176260,94.71,94.71,94.71,94.71,1
1703176320,94.71,94.71,94.71,94.71,1
1703176500,94.71,94.71,94.71,94.71,1
1703176680,94.71,94.71,94.71,94.71,1
1703176740,94.71,94.71,94.71,94.71,1
1703176980,94.71,94.71,94.71,94.71,1
1703177100,94.71,94.71,94.71,94.71,1
1703177220,94.71,94.71,94.71,94.71,1
1703177460,94.71,94.71,94.71,94.71,2
1703177640,94.705,94.705,94.705,94.705,1000
1703177820,94.71,94.71,94.71,94.71,1
1703178000,94.71,94.71,94.71,94.71,1
1703178240,94.71,94.71,94.71,94.71,2
1703178420,94.71,94.71,94.71,94.71,1
1703178600,94.71,94.71,94.71,94.71,1
1703178660,94.705,94.705,94.705,94.705,5
1703178720,94.71,94.71,94.71,94.71,1
1703178960,94.71,94.71,94.71,94.71,1
1703179080,94.71,94.71,94.71,94.71,1
1703179260,94.71,94.71,94.71,94.71,1
1703179320,94.71,94.71,94.71,94.71,1
1703179560,94.71,94.71,94.71,94.71,1
1703179740,94.71,94.71,94.71,94.71,2
1703180100,94.71,94.71,94.71,94.71,7
1703180280,94.705,94.705,94.705,94.705,955
1703180460,94.71,94.71,94.71,94.71,1
1703180520,94.705,94.705,94.705,94.705,1
1703180760,94.71,94.71,94.71,94.71,1
1703180820,94.71,94.71,94.71,94.71,1
1703181000,94.705,94.705,94.705,94.705,125
1703181060,94.71,94.71,94.71,94.71,1
1703181120,94.705,94.705,94.705,94.705,200
1703181240,94.71,94.71,94.71,94.71,2
1703181420,94.71,94.71,94.71,94.71,1
1703181540,94.705,94.705,94.705,94.705,4
1703181600,94.71,94.71,94.71,94.71,2
1703181780,94.71,94.71,94.71,94.71,1
1703181960,94.71,94.71,94.71,94.71,2
1703182020,94.705,94.705,94.705,94.705,2
1703182200,94.71,94.71,94.71,94.71,1
1703182320,94.71,94.71,94.71,94.71,1
1703182440,94.71,94.71,94.71,94.71,1
1703182620,94.705,94.705,94.705,94.705,335
1703182680,94.705,94.705,94.705,94.705,6
1703182740,94.71,94.71,94.71,94.71,1
1703182980,94.71,94.71,94.71,94.71,1
1703183100,94.705,94.71,94.705,94.71,101
1703183280,94.71,94.71,94.71,94.71,1
1703183400,94.705,94.705,94.705,94.705,100
1703183460,94.71,94.71,94.71,94.71,1
1703183700,94.71,94.71,94.71,94.71,1
1703183820,94.71,94.71,94.71,94.71,1
1703183880,94.705,94.705,94.705,94.705,34
1703183940,94.71,94.71,94.71,94.71,1
1703184180,94.705,94.705,94.705,94.705,1740
1703184240,94.705,94.705,94.705,94.705,1536
1703184480,94.705,94.705,94.705,94.705,24
1703184600,94.71,94.71,94.71,94.71,1
1703184660,94.71,94.71,94.705,94.705,2
1703184720,94.705,94.705,94.705,94.705,1
1703185020,94.71,94.71,94.71,94.71,50
1703185200,94.71,94.71,94.705,94.705,241
1703185380,94.71,94.71,94.71,94.71,1
1703185620,94.71,94.71,94.71,94.71,1
1703185920,94.71,94.71,94.71,94.71,1
1703186280,94.71,94.71,94.71,94.71,1
1703186760,94.71,94.71,94.71,94.71,1
1703187180,94.71,94.71,94.71,94.71,1
1703187480,94.71,94.71,94.71,94.71,1
1703187840,94.705,94.705,94.705,94.705,1
1703187900,94.71,94.71,94.71,94.71,1
1703188020,94.705,94.705,94.705,94.705,11
1703188140,94.705,94.705,94.705,94.705,3
1703188200,94.71,94.71,94.71,94.71,1
1703188320,94.71,94.71,94.71,94.71,1
1703188680,94.71,94.71,94.71,94.71,1
1703188920,94.705,94.705,94.705,94.705,11
1703188980,94.71,94.71,94.71,94.71,11
1703189400,94.71,94.71,94.71,94.71,1
1703190000,94.71,94.71,94.71,94.71,9
1703190300,94.705,94.705,94.705,94.705,1
1703190480,94.705,94.705,94.705,94.705,1
1703190660,94.705,94.705,94.705,94.705,1
1703190780,94.705,94.705,94.705,94.705,3
1703190960,94.705,94.705,94.705,94.705,1
1703191080,94.705,94.705,94.705,94.705,1
1703191140,94.705,94.705,94.705,94.705,6
1703191320,94.705,94.705,94.705,94.705,1
1703191440,94.705,94.705,94.705,94.705,1
1703191620,94.705,94.705,94.705,94.705,1
1703191680,94.705,94.705,94.705,94.705,1
1703191860,94.705,94.705,94.705,94.705,1
1703191980,94.705,94.705,94.705,94.705,1
1703192220,94.705,94.705,94.705,94.705,1
1703192340,94.705,94.705,94.705,94.705,2
1703193120,94.705,94.705,94.705,94.705,1
1703193240,94.705,94.705,94.705,94.705,2
1703194500,94.705,94.705,94.705,94.705,237
1703195460,94.71,94.71,94.71,94.71,565
1703195880,94.71,94.71,94.71,94.71,2
1703199660,94.71,94.71,94.71,94.71,1200
1703202600,94.71,94.71,94.71,94.71,1556
1703202780,94.71,94.71,94.71,94.71,20
1703202840,94.71,94.715,94.71,94.71,226
1703203200,94.71,94.71,94.71,94.71,22
1703203740,94.71,94.71,94.71,94.71,1
1703205120,94.71,94.715,94.71,94.715,65
1703227080,94.71,94.71,94.71,94.71,130
1703227980,94.71,94.71,94.71,94.71,60
1703231160,94.71,94.71,94.71,94.71,207
1703232420,94.71,94.71,94.71,94.71,405
1703233980,94.71,94.71,94.71,94.71,355
1703236200,94.71,94.71,94.71,94.71,235
1703236380,94.71,94.71,94.71,94.71,240
1703238060,94.71,94.71,94.71,94.71,2569
1703238120,94.71,94.71,94.71,94.71,6
1703238420,94.71,94.71,94.71,94.71,9
1703238600,94.71,94.71,94.71,94.71,1
1703239260,94.71,94.71,94.71,94.71,1
1703240040,94.71,94.71,94.71,94.71,19
1703240100,94.71,94.71,94.71,94.71,15
1703240160,94.71,94.71,94.71,94.71,39
1703240520,94.71,94.71,94.71,94.71,1
1703240700,94.71,94.71,94.71,94.71,1
1703241480,94.71,94.71,94.71,94.71,6
1703242140,94.71,94.71,94.71,94.71,1
1703244540,94.71,94.71,94.71,94.71,80
1703244720,94.71,94.71,94.71,94.71,1
1703244780,94.71,94.71,94.71,94.71,15
1703245680,94.71,94.71,94.71,94.71,505
1703245980,94.71,94.71,94.71,94.71,125
1703246040,94.71,94.71,94.71,94.71,125
1703246160,94.71,94.71,94.71,94.71,43
1703246460,94.71,94.71,94.71,94.71,1
1703247480,94.71,94.71,94.71,94.71,1
1703248440,94.71,94.71,94.71,94.71,1
1703249220,94.71,94.71,94.71,94.71,1
1703249700,94.71,94.71,94.71,94.71,2435
1703249940,94.71,94.71,94.71,94.71,1
1703250000,94.71,94.71,94.71,94.71,206
1703250060,94.71,94.71,94.71,94.71,206
1703250120,94.71,94.71,94.71,94.71,6
1703250180,94.71,94.71,94.71,94.71,50
1703250300,94.71,94.71,94.71,94.71,56
1703250480,94.71,94.71,94.71,94.71,706
1703250540,94.71,94.71,94.71,94.71,1
1703250900,94.71,94.71,94.71,94.71,2
1703251020,94.71,94.71,94.71,94.71,1
1703251080,94.71,94.71,94.71,94.71,193
1703251200,94.71,94.71,94.71,94.71,86
1703251320,94.71,94.71,94.71,94.71,19
1703251380,94.71,94.715,94.71,94.71,542
1703251620,94.71,94.71,94.71,94.71,7
1703251740,94.71,94.71,94.71,94.71,234
1703251800,94.71,94.715,94.71,94.71,539
1703251860,94.705,94.71,94.705,94.705,502
1703251920,94.705,94.71,94.705,94.705,1345
1703251980,94.705,94.705,94.705,94.705,1673
1703252040,94.705,94.705,94.705,94.705,725
1703252100,94.71,94.71,94.71,94.71,1
1703252220,94.71,94.71,94.71,94.71,1
1703252340,94.71,94.71,94.71,94.71,1
1703252520,94.71,94.71,94.71,94.71,1
1703252580,94.71,94.71,94.71,94.71,2
1703252700,94.71,94.71,94.71,94.71,1
1703252820,94.71,94.71,94.71,94.71,250
1703252880,94.71,94.71,94.71,94.71,1
1703253060,94.71,94.71,94.71,94.71,1
1703253180,94.71,94.71,94.71,94.71,1
1703253300,94.71,94.71,94.71,94.71,1
1703253360,94.71,94.71,94.71,94.71,250
1703253420,94.71,94.71,94.71,94.71,1
1703253540,94.71,94.71,94.71,94.71,401
1703253660,94.71,94.71,94.71,94.71,1
1703253720,94.71,94.71,94.71,94.71,4398
1703253840,94.71,94.71,94.705,94.71,672
1703254140,94.71,94.71,94.71,94.71,1
1703254620,94.71,94.71,94.71,94.71,1
1703254860,94.71,94.71,94.71,94.71,1
1703255220,94.71,94.71,94.71,94.71,63
1703255280,94.71,94.71,94.71,94.71,59
1703255520,94.71,94.71,94.71,94.71,1
1703255880,94.71,94.71,94.71,94.71,236
1703256000,94.71,94.71,94.71,94.71,1
1703256300,94.71,94.71,94.71,94.71,1
1703256480,94.71,94.71,94.71,94.71,1
1703256900,94.71,94.71,94.71,94.71,250
1703257020,94.71,94.71,94.71,94.71,133
1703257080,94.71,94.71,94.71,94.71,61
1703257140,94.71,94.71,94.71,94.71,39
1703257200,94.71,94.71,94.71,94.71,3
1703257260,94.71,94.71,94.71,94.71,1
1703257320,94.71,94.71,94.71,94.71,1
1703257380,94.71,94.71,94.71,94.71,1
1703257440,94.71,94.71,94.71,94.71,1
1703257500,94.71,94.71,94.71,94.71,1
1703257560,94.71,94.71,94.71,94.71,1
1703257620,94.71,94.71,94.71,94.71,1
1703257680,94.71,94.71,94.71,94.71,30
1703257800,94.71,94.71,94.71,94.71,1
1703257920,94.71,94.71,94.71,94.71,1
1703258040,94.71,94.71,94.71,94.71,1
1703258280,94.71,94.71,94.71,94.71,1
1703258460,94.71,94.71,94.71,94.71,1
1703258520,94.71,94.71,94.71,94.71,1
1703258640,94.71,94.71,94.705,94.705,88
1703258760,94.71,94.71,94.71,94.71,100
1703258820,94.705,94.705,94.705,94.705,976
1703258880,94.71,94.71,94.71,94.71,1
1703258940,94.705,94.705,94.705,94.705,373
1703259000,94.705,94.705,94.705,94.705,121
1703259120,94.705,94.705,94.705,94.705,5
1703259420,94.71,94.71,94.71,94.71,1
1703259600,94.705,94.705,94.705,94.705,859
1703259900,94.71,94.71,94.71,94.71,1
1703259960,94.705,94.705,94.705,94.705,6
1703260020,94.71,94.71,94.71,94.71,1
1703260080,94.71,94.71,94.71,94.71,1
1703260260,94.71,94.71,94.71,94.71,1
1703260440,94.71,94.71,94.71,94.71,1
1703260500,94.705,94.705,94.705,94.705,10
1703260560,94.71,94.71,94.71,94.71,1
1703260620,94.71,94.71,94.71,94.71,1
1703260740,94.705,94.705,94.705,94.705,1
1703260800,94.71,94.71,94.71,94.71,1
1703260920,94.71,94.71,94.71,94.71,1
1703261160,94.71,94.71,94.71,94.71,1
1703261280,94.71,94.71,94.71,94.71,1
1703261400,94.71,94.71,94.71,94.71,2
1703261460,94.71,94.71,94.71,94.71,1
1703261700,94.71,94.71,94.71,94.71,1
1703261760,94.71,94.71,94.71,94.71,1
1703261940,94.71,94.71,94.71,94.71,560
1703262060,94.71,94.71,94.71,94.71,1
1703262180,94.71,94.71,94.71,94.71,2
1703262240,94.71,94.71,94.71,94.71,1
1703262360,94.71,94.71,94.71,94.71,1
1703262600,94.71,94.71,94.71,94.71,1
1703262780,94.71,94.71,94.71,94.71,1
1703262840,94.71,94.71,94.71,94.71,1
1703263140,94.71,94.71,94.71,94.71,1
1703263320,94.71,94.71,94.71,94.71,1
1703263440,94.705,94.71,94.705,94.71,8
1703263620,94.71,94.71,94.71,94.71,1
1703263740,94.705,94.705,94.705,94.705,1
1703263800,94.71,94.71,94.71,94.71,1
1703263860,94.705,94.705,94.705,94.705,5
1703264040,94.71,94.71,94.71,94.71,1
1703264220,94.705,94.705,94.705,94.705,2
1703264280,94.705,94.705,94.705,94.705,6
1703264340,94.71,94.71,94.71,94.71,1
1703264580,94.71,94.71,94.71,94.71,1
1703264700,94.705,94.705,94.705,94.705,31
1703264880,94.705,94.705,94.705,94.705,250
1703265300,94.71,94.71,94.71,94.71,1
1703265600,94.71,94.71,94.71,94.71,1
1703265660,94.705,94.705,94.705,94.705,600
1703265720,94.71,94.71,94.71,94.71,500
1703265780,94.705,94.705,94.705,94.705,50
1703266140,94.71,94.71,94.71,94.71,1
1703266260,94.71,94.71,94.71,94.71,100
1703266500,94.71,94.71,94.71,94.71,1
1703266980,94.71,94.71,94.71,94.71,1
1703267160,94.71,94.71,94.71,94.71,100
1703267280,94.71,94.71,94.71,94.71,1
1703267520,94.71,94.71,94.71,94.71,1
1703267820,94.71,94.71,94.71,94.71,3691
1703267940,94.71,94.71,94.71,94.71,241
1703268000,94.71,94.71,94.71,94.71,1179
1703268180,94.71,94.71,94.71,94.71,27
1703268240,94.71,94.71,94.71,94.71,150
1703268420,94.715,94.715,94.71,94.71,22
1703268540,94.71,94.71,94.71,94.71,2
1703268600,94.71,94.71,94.71,94.71,2
1703268660,94.71,94.71,94.71,94.71,4
1703268780,94.715,94.715,94.715,94.715,1
1703269020,94.71,94.71,94.71,94.71,125
1703269080,94.71,94.71,94.71,94.71,2
1703269380,94.71,94.71,94.71,94.71,1
1703269740,94.715,94.715,94.715,94.715,1
1703269920,94.71,94.71,94.71,94.71,18
1703270040,94.715,94.715,94.71,94.71,10
1703270160,94.71,94.71,94.71,94.71,1
1703270220,94.71,94.71,94.71,94.71,2
1703270280,94.715,94.715,94.715,94.715,1
1703270640,94.715,94.715,94.715,94.715,1
1703270760,94.71,94.71,94.71,94.71,69
1703271240,94.715,94.715,94.715,94.715,1
1703271360,94.715,94.715,94.715,94.715,1
1703271480,94.71,94.71,94.71,94.71,2
1703271540,94.71,94.71,94.71,94.71,2
1703271600,94.715,94.715,94.715,94.715,1
1703271780,94.71,94.71,94.71,94.71,96
1703271900,94.71,94.71,94.71,94.71,24
1703272320,94.715,94.715,94.715,94.715,1
1703272440,94.715,94.715,94.715,94.715,1
1703272500,94.715,94.715,94.715,94.715,1
1703272920,94.715,94.715,94.715,94.715,1
1703273220,94.715,94.715,94.715,94.715,1
1703273640,94.715,94.715,94.715,94.715,1
1703273820,94.715,94.715,94.715,94.715,1
1703274000,94.715,94.715,94.715,94.715,1
1703274180,94.715,94.715,94.71,94.71,33
1703274420,94.715,94.715,94.715,94.715,1
1703274480,94.71,94.71,94.71,94.71,1
1703274540,94.71,94.71,94.71,94.71,5
1703274780,94.715,94.715,94.715,94.715,1
1703274960,94.715,94.715,94.715,94.715,1
1703275200,94.715,94.715,94.715,94.715,1
1703275320,94.715,94.715,94.715,94.715,7
1703275440,94.71,94.71,94.71,94.71,2
1703275500,94.715,94.715,94.715,94.715,1
1703275680,94.715,94.715,94.715,94.715,59
1703275740,94.715,94.715,94.715,94.715,3023
1703275920,94.715,94.715,94.715,94.715,1
1703276040,94.715,94.715,94.715,94.715,3545
1703277900,94.715,94.715,94.715,94.715,59
1703278200,94.715,94.715,94.715,94.715,1
1703278800,94.715,94.715,94.715,94.715,5
1703278920,94.715,94.715,94.715,94.715,24
1703279040,94.715,94.715,94.715,94.715,76
1703279580,94.715,94.715,94.715,94.715,5
1703279640,94.715,94.715,94.715,94.715,1
1703279880,94.715,94.715,94.715,94.715,42
1703280000,94.715,94.715,94.715,94.715,32
1703281380,94.71,94.71,94.71,94.71,27
1703281620,94.715,94.715,94.715,94.715,6
1703281740,94.715,94.715,94.715,94.715,709
1703282100,94.715,94.715,94.715,94.715,14
1703545200,94.71,94.71,94.71,94.71,1
1703555400,94.715,94.715,94.715,94.715,27
1703555880,94.715,94.715,94.715,94.715,2
1703556060,94.71,94.71,94.71,94.71,1
1703557440,94.71,94.71,94.71,94.71,33
1703558700,94.715,94.715,94.715,94.715,1
1703558880,94.715,94.715,94.715,94.715,1
1703559420,94.715,94.715,94.715,94.715,1
1703560080,94.715,94.715,94.715,94.715,1
1703560200,94.715,94.715,94.715,94.715,1
1703560980,94.715,94.715,94.715,94.715,1
1703561700,94.715,94.715,94.715,94.715,1
1703562480,94.715,94.715,94.715,94.715,1
1703563260,94.715,94.715,94.715,94.715,1
1703563740,94.715,94.715,94.715,94.715,1
1703563980,94.715,94.715,94.715,94.715,1
1703564100,94.71,94.71,94.71,94.71,250
1703564760,94.715,94.715,94.715,94.715,1
1703565540,94.715,94.715,94.715,94.715,1
1703566260,94.715,94.715,94.715,94.715,1
1703567040,94.715,94.715,94.715,94.715,1
1703569260,94.715,94.715,94.715,94.715,1
1703569740,94.715,94.715,94.715,94.715,1
1703573340,94.71,94.71,94.71,94.71,20
1703575920,94.71,94.71,94.71,94.71,5712
1703576160,94.71,94.71,94.71,94.71,1
1703576820,94.705,94.705,94.705,94.705,3365
1703577720,94.71,94.71,94.71,94.71,1
1703578440,94.71,94.71,94.71,94.71,1
1703579220,94.71,94.71,94.71,94.71,1
1703580000,94.71,94.71,94.71,94.71,1
1703580720,94.71,94.71,94.71,94.71,1
1703581500,94.71,94.71,94.71,94.71,1
1703582280,94.71,94.71,94.71,94.71,1
1703583000,94.71,94.71,94.71,94.71,1
1703583780,94.71,94.71,94.71,94.71,1
1703584560,94.71,94.71,94.71,94.71,1
1703585280,94.71,94.71,94.71,94.71,1
1703586060,94.71,94.71,94.71,94.71,1
1703586840,94.71,94.71,94.71,94.71,1
1703587560,94.71,94.71,94.71,94.71,1
1703588340,94.71,94.71,94.71,94.71,1
1703589120,94.71,94.71,94.71,94.71,1
1703589840,94.71,94.71,94.71,94.71,1
1703590620,94.71,94.71,94.71,94.71,1
1703591400,94.71,94.71,94.71,94.71,1
1703592120,94.71,94.71,94.71,94.71,1
1703592900,94.71,94.71,94.71,94.71,1
1703593320,94.705,94.705,94.705,94.705,25
1703593680,94.71,94.71,94.71,94.71,1
1703594400,94.71,94.71,94.71,94.71,1
1703594880,94.705,94.705,94.705,94.705,74
1703595300,94.705,94.705,94.705,94.705,62
1703595360,94.705,94.705,94.7,94.705,415
1703595420,94.705,94.705,94.705,94.705,47
1703595480,94.705,94.705,94.7,94.705,178
1703595540,94.705,94.705,94.705,94.705,30
1703595960,94.705,94.705,94.705,94.705,6
1703596380,94.705,94.705,94.7,94.705,273
1703596440,94.705,94.705,94.705,94.705,163
1703596500,94.705,94.705,94.705,94.705,63
1703596560,94.705,94.705,94.705,94.705,9
1703596680,94.705,94.705,94.705,94.705,480
1703596860,94.705,94.705,94.705,94.705,68
1703598180,94.71,94.71,94.71,94.71,1
1703598360,94.705,94.705,94.705,94.705,173
1703599080,94.705,94.705,94.705,94.705,169
1703599140,94.705,94.705,94.705,94.705,720
1703599200,94.705,94.705,94.705,94.705,254
1703599380,94.705,94.705,94.705,94.705,36
1703599560,94.705,94.705,94.705,94.705,37
1703600340,94.705,94.705,94.705,94.705,2637
1703600520,94.705,94.705,94.705,94.705,2
1703600640,94.705,94.705,94.705,94.705,46
1703600700,94.705,94.705,94.705,94.705,152
1703600760,94.705,94.705,94.705,94.705,4
1703601000,94.705,94.705,94.705,94.705,150
1703601060,94.705,94.705,94.705,94.705,291
1703601180,94.705,94.705,94.705,94.705,171
1703601300,94.705,94.705,94.705,94.705,42
1703601360,94.705,94.705,94.705,94.705,8
1703601540,94.705,94.705,94.705,94.705,434
1703602200,94.705,94.705,94.705,94.705,97
1703602320,94.705,94.705,94.705,94.705,469
1703602440,94.705,94.705,94.705,94.705,5
1703602680,94.705,94.705,94.705,94.705,2
1703602800,94.705,94.705,94.705,94.705,146
1703602980,94.71,94.71,94.71,94.71,2
1703603040,94.71,94.71,94.71,94.71,1
1703603100,94.71,94.71,94.71,94.71,1
1703603160,94.71,94.71,94.71,94.71,1
1703603220,94.71,94.71,94.71,94.71,1
1703603280,94.71,94.71,94.71,94.71,1
1703603340,94.71,94.71,94.71,94.71,1
1703603400,94.71,94.71,94.71,94.71,1
1703603460,94.71,94.71,94.71,94.71,2
1703603520,94.71,94.71,94.71,94.71,2
1703603580,94.71,94.71,94.71,94.71,1
1703603640,94.71,94.71,94.71,94.71,1
1703603700,94.71,94.71,94.71,94.71,1
1703603760,94.71,94.71,94.71,94.71,1
1703603880,94.71,94.71,94.71,94.71,1
1703603940,94.71,94.71,94.71,94.71,1
1703604000,94.71,94.71,94.71,94.71,1
1703604120,94.71,94.71,94.705,94.71,190
1703604240,94.71,94.71,94.71,94.71,1
1703604300,94.71,94.71,94.71,94.71,1
1703604360,94.71,94.71,94.71,94.71,1
1703604420,94.71,94.71,94.71,94.71,1
1703604480,94.71,94.71,94.71,94.71,1
1703604600,94.71,94.71,94.71,94.71,1
1703604720,94.71,94.71,94.71,94.71,1
1703604840,94.705,94.705,94.705,94.705,131
1703605020,94.71,94.71,94.71,94.71,1
1703605140,94.71,94.71,94.71,94.71,1
1703605260,94.71,94.71,94.71,94.71,1
1703605380,94.71,94.71,94.705,94.705,225
1703605440,94.705,94.705,94.705,94.705,163
1703605560,94.71,94.71,94.71,94.71,1
1703605620,94.705,94.705,94.705,94.705,91
1703605740,94.71,94.71,94.71,94.71,1
1703605800,94.705,94.705,94.705,94.705,2
1703605860,94.71,94.71,94.71,94.71,1
1703605920,94.71,94.71,94.71,94.71,1
1703605980,94.71,94.71,94.705,94.705,2
1703606040,94.71,94.71,94.71,94.71,1
1703606160,94.71,94.71,94.71,94.71,1
1703606220,94.71,94.71,94.71,94.71,1
1703606280,94.71,94.71,94.71,94.71,1
1703606340,94.71,94.71,94.71,94.71,1
1703606400,94.705,94.705,94.705,94.705,20
1703606460,94.71,94.71,94.71,94.71,1
1703606520,94.705,94.705,94.705,94.705,127
1703606580,94.705,94.705,94.705,94.705,6
1703606640,94.71,94.71,94.71,94.71,1
1703606700,94.71,94.71,94.71,94.71,1
1703606820,94.71,94.71,94.7,94.7,1289
1703607000,94.705,94.705,94.705,94.705,1
1703607060,94.705,94.705,94.705,94.705,39
1703607120,94.71,94.71,94.71,94.71,1
1703607180,94.71,94.71,94.71,94.71,1
1703607300,94.71,94.71,94.71,94.71,1
1703607360,94.71,94.71,94.71,94.71,1
1703607420,94.705,94.705,94.705,94.705,1
1703607540,94.71,94.71,94.71,94.71,1
1703607600,94.71,94.71,94.71,94.71,1
1703607720,94.705,94.705,94.705,94.705,205
1703607840,94.705,94.705,94.705,94.705,1
1703607960,94.705,94.705,94.705,94.705,74
1703608080,94.705,94.705,94.705,94.705,40
1703608140,94.705,94.705,94.705,94.705,55
1703608200,94.71,94.71,94.71,94.71,1
1703608260,94.71,94.71,94.71,94.71,1
1703608380,94.71,94.71,94.71,94.71,1
1703608500,94.71,94.71,94.71,94.71,1
1703608620,94.71,94.71,94.71,94.71,1
1703608740,94.71,94.71,94.71,94.71,1
1703608800,94.705,94.705,94.705,94.705,3
1703608860,94.71,94.71,94.71,94.71,1
1703608920,94.71,94.71,94.71,94.71,1
1703609040,94.71,94.71,94.71,94.71,1
1703609160,94.71,94.71,94.71,94.71,1
1703609280,94.71,94.71,94.71,94.71,1
1703609400,94.71,94.71,94.71,94.71,1
1703609520,94.71,94.71,94.71,94.71,1
1703609580,94.71,94.71,94.71,94.71,1
1703609640,94.71,94.71,94.71,94.71,1
1703609820,94.71,94.71,94.71,94.71,1
1703609940,94.71,94.71,94.71,94.71,1
1703610060,94.71,94.71,94.71,94.71,1
1703610120,94.71,94.71,94.71,94.71,1
1703610180,94.71,94.71,94.71,94.71,1
1703610300,94.71,94.71,94.71,94.71,1
1703610360,94.71,94.71,94.71,94.71,1
1703610420,94.71,94.71,94.71,94.71,1
1703610600,94.71,94.71,94.71,94.71,1
1703610720,94.71,94.71,94.71,94.71,1
1703610900,94.71,94.71,94.71,94.71,1
1703611020,94.71,94.71,94.71,94.71,1
1703611140,94.71,94.71,94.71,94.71,2
1703611260,94.71,94.71,94.71,94.71,1
1703611380,94.71,94.71,94.71,94.71,1
1703611440,94.71,94.71,94.71,94.71,1
1703611500,94.71,94.71,94.71,94.71,1
1703611620,94.71,94.71,94.71,94.71,1
1703611740,94.71,94.71,94.71,94.71,1
1703611860,94.71,94.71,94.71,94.71,1
1703611920,94.71,94.71,94.71,94.71,1
1703612160,94.71,94.71,94.71,94.71,1
1703612280,94.71,94.71,94.71,94.71,1
1703612460,94.71,94.71,94.71,94.71,1
1703612640,94.71,94.71,94.71,94.71,2
1703612760,94.71,94.71,94.71,94.71,1
1703612880,94.71,94.71,94.71,94.71,1
1703612940,94.71,94.71,94.71,94.71,1
1703613060,94.71,94.71,94.71,94.71,1
1703613180,94.71,94.71,94.71,94.71,1
1703613240,94.71,94.71,94.71,94.71,1
1703613360,94.71,94.71,94.71,94.71,2
1703613420,94.705,94.705,94.705,94.705,1380
1703613540,94.705,94.705,94.705,94.705,1
1703613600,94.705,94.705,94.705,94.705,12
1703613660,94.705,94.705,94.705,94.705,1
1703613720,94.705,94.705,94.705,94.705,8
1703613780,94.705,94.705,94.705,94.705,185
1703613840,94.71,94.71,94.71,94.71,1
1703613900,94.705,94.705,94.705,94.705,43
1703613960,94.705,94.705,94.705,94.705,2
1703614140,94.71,94.71,94.71,94.71,1
1703614200,94.705,94.705,94.705,94.705,1
1703614380,94.71,94.71,94.71,94.71,1
1703614500,94.705,94.705,94.705,94.705,28
1703614560,94.71,94.71,94.71,94.71,1
1703614740,94.71,94.71,94.71,94.71,1
1703614860,94.71,94.71,94.71,94.71,1
1703614920,94.71,94.71,94.71,94.71,1
1703614980,94.71,94.71,94.71,94.71,1
1703615100,94.705,94.705,94.705,94.705,27
1703615160,94.705,94.71,94.705,94.705,31
1703615340,94.71,94.71,94.71,94.71,2
1703615520,94.705,94.705,94.705,94.705,1
1703615580,94.71,94.71,94.71,94.71,1
1703615700,94.71,94.71,94.71,94.71,2
1703615820,94.71,94.71,94.71,94.71,1
1703616000,94.71,94.71,94.71,94.71,1
1703616180,94.71,94.71,94.71,94.71,1
1703616360,94.71,94.71,94.71,94.71,1
1703616420,94.71,94.71,94.71,94.71,1
1703616600,94.71,94.71,94.71,94.71,1
1703616660,94.705,94.705,94.705,94.705,1
1703616780,94.71,94.71,94.71,94.71,1
1703616960,94.71,94.71,94.71,94.71,1
1703617020,94.71,94.71,94.71,94.71,1
1703617080,94.71,94.71,94.71,94.71,1
1703617140,94.71,94.71,94.71,94.71,1
1703617200,94.71,94.71,94.71,94.71,1
1703617260,94.71,94.71,94.71,94.71,1
1703617380,94.71,94.71,94.71,94.71,1
1703617440,94.71,94.71,94.71,94.71,1
1703617560,94.71,94.71,94.71,94.71,1
1703617680,94.71,94.71,94.71,94.71,1
1703617860,94.71,94.71,94.71,94.71,1
1703617920,94.71,94.71,94.71,94.71,1
1703618040,94.71,94.71,94.71,94.71,1
1703618100,94.705,94.705,94.705,94.705,1
1703618280,94.71,94.71,94.71,94.71,1
1703618400,94.71,94.71,94.71,94.71,1
1703618520,94.71,94.71,94.71,94.71,1
1703618700,94.71,94.71,94.71,94.71,2
1703618760,94.71,94.71,94.71,94.71,1
1703618820,94.705,94.705,94.705,94.705,2
1703618940,94.71,94.71,94.71,94.71,41
1703619000,94.71,94.71,94.71,94.71,7
1703619060,94.71,94.71,94.71,94.71,1
1703619180,94.71,94.71,94.71,94.71,37
1703619300,94.71,94.71,94.71,94.71,1
1703619480,94.71,94.71,94.71,94.71,1515
1703619540,94.71,94.71,94.71,94.71,5
1703619660,94.715,94.715,94.715,94.715,1
1703619900,94.71,94.715,94.71,94.715,2
1703620080,94.715,94.715,94.715,94.715,1
1703620140,94.715,94.715,94.715,94.715,175
1703620200,94.715,94.715,94.715,94.715,1
1703620320,94.715,94.715,94.715,94.715,1
1703620440,94.71,94.71,94.71,94.71,4
1703620500,94.715,94.715,94.715,94.715,1
1703620560,94.71,94.71,94.71,94.71,1
1703620620,94.715,94.715,94.715,94.715,1
1703620680,94.71,94.71,94.71,94.71,4
1703620740,94.715,94.715,94.71,94.71,155
1703620800,94.71,94.71,94.71,94.71,2
1703620860,94.715,94.715,94.715,94.715,390
1703620980,94.715,94.715,94.715,94.715,1
1703621040,94.715,94.715,94.715,94.715,1
1703621280,94.715,94.715,94.715,94.715,1
1703621340,94.71,94.71,94.71,94.71,70
1703621460,94.715,94.715,94.715,94.715,1
1703621580,94.715,94.715,94.715,94.715,1
1703621760,94.715,94.715,94.71,94.71,31
1703621820,94.715,94.715,94.715,94.715,1
1703621940,94.71,94.71,94.71,94.71,125
1703622060,94.715,94.715,94.715,94.715,1
1703622240,94.715,94.715,94.715,94.715,1
1703622420,94.71,94.71,94.71,94.71,543
1703622540,94.71,94.71,94.71,94.71,2
1703622840,94.71,94.71,94.71,94.71,1
1703623080,94.71,94.71,94.71,94.71,1
1703623260,94.71,94.71,94.71,94.71,1
1703623440,94.71,94.71,94.71,94.71,1
1703623560,94.71,94.71,94.71,94.71,80
1703623620,94.71,94.71,94.71,94.71,225
1703623740,94.71,94.71,94.71,94.71,132
1703623920,94.71,94.71,94.71,94.71,72
1703624040,94.715,94.715,94.71,94.71,2
1703624160,94.71,94.71,94.71,94.71,1
1703624340,94.71,94.71,94.71,94.71,1
1703624520,94.71,94.71,94.71,94.71,10
1703624580,94.71,94.71,94.71,94.71,11
1703624640,94.71,94.71,94.71,94.71,1
1703624760,94.71,94.71,94.71,94.71,7
1703624940,94.71,94.71,94.71,94.71,1
1703625120,94.71,94.71,94.71,94.71,100
1703625180,94.71,94.71,94.71,94.71,1
1703625240,94.71,94.71,94.71,94.71,100
1703625540,94.71,94.71,94.71,94.71,1
1703625660,94.71,94.71,94.71,94.71,150
1703625900,94.71,94.71,94.71,94.71,120
1703626200,94.71,94.71,94.71,94.71,300
1703626320,94.71,94.71,94.71,94.71,1
1703626380,94.71,94.71,94.71,94.71,1
1703627040,94.71,94.71,94.71,94.71,1
1703627400,94.71,94.71,94.71,94.71,1
1703627700,94.705,94.705,94.705,94.705,6
1703627820,94.71,94.71,94.71,94.71,200
1703627880,94.71,94.71,94.71,94.71,74
1703627940,94.71,94.71,94.71,94.71,3
1703635920,94.705,94.705,94.705,94.705,200
1703642460,94.705,94.705,94.705,94.705,1
1703642880,94.71,94.71,94.71,94.71,279
1703654220,94.71,94.71,94.71,94.71,4
1703655180,94.71,94.71,94.71,94.71,46
1703659260,94.71,94.71,94.71,94.71,1
1703662440,94.71,94.71,94.71,94.71,22
1703663940,94.705,94.71,94.705,94.71,254
1703667180,94.71,94.71,94.71,94.71,34
1703667480,94.71,94.71,94.71,94.71,40
1703669040,94.71,94.71,94.71,94.71,1
1703670120,94.705,94.71,94.705,94.705,4360
1703670540,94.705,94.71,94.705,94.71,203
1703672040,94.71,94.71,94.71,94.71,1
1703672340,94.71,94.71,94.71,94.71,38
1703673900,94.71,94.71,94.71,94.71,1
1703676660,94.71,94.71,94.71,94.71,1
1703678040,94.71,94.71,94.71,94.71,755
1703678400,94.71,94.71,94.71,94.71,1
1703679600,94.71,94.71,94.71,94.71,1
1703679960,94.71,94.71,94.71,94.71,505
1703680440,94.71,94.71,94.71,94.71,1
1703681520,94.71,94.71,94.71,94.71,1
1703681940,94.71,94.71,94.71,94.71,41
1703682000,94.71,94.71,94.71,94.71,1
1703682480,94.71,94.71,94.71,94.71,1
1703682900,94.71,94.71,94.71,94.71,1
1703683020,94.71,94.71,94.71,94.71,1
1703683200,94.71,94.71,94.71,94.71,1
1703683320,94.71,94.71,94.71,94.71,4
1703683500,94.71,94.71,94.71,94.71,4
1703683740,94.71,94.71,94.71,94.71,2
1703683800,94.71,94.71,94.71,94.71,1
1703683860,94.71,94.71,94.71,94.71,5
1703683920,94.71,94.71,94.71,94.71,1
1703683980,94.71,94.71,94.71,94.71,13
1703684100,94.71,94.71,94.71,94.71,1
1703684220,94.71,94.71,94.71,94.71,1
1703684340,94.71,94.71,94.71,94.71,1
1703684520,94.71,94.71,94.71,94.71,2
1703684700,94.705,94.705,94.705,94.705,3
1703684760,94.71,94.71,94.71,94.71,1
1703684880,94.71,94.71,94.71,94.71,1
1703685120,94.71,94.71,94.71,94.71,1
1703685240,94.71,94.71,94.71,94.71,3
1703685360,94.71,94.71,94.71,94.71,9
1703685420,94.71,94.71,94.71,94.71,115
1703685480,94.71,94.71,94.71,94.71,305
1703685540,94.71,94.71,94.71,94.71,1
1703685780,94.71,94.71,94.71,94.71,1
1703686020,94.71,94.71,94.71,94.71,6
1703686140,94.705,94.705,94.705,94.705,1
1703686260,94.705,94.705,94.705,94.705,1
1703686560,94.71,94.71,94.71,94.71,1
1703686800,94.71,94.71,94.71,94.71,1
1703686860,94.71,94.71,94.71,94.71,21
1703687100,94.71,94.71,94.71,94.71,1
1703687160,94.71,94.71,94.71,94.71,1
1703687280,94.71,94.71,94.71,94.71,1
1703687460,94.71,94.71,94.71,94.71,1
1703687580,94.71,94.71,94.71,94.71,105
1703687880,94.71,94.71,94.71,94.71,30
1703687940,94.71,94.71,94.71,94.71,1
1703688000,94.71,94.71,94.71,94.71,19
1703688360,94.71,94.71,94.71,94.71,65
1703688540,94.705,94.71,94.705,94.71,12
1703688900,94.71,94.71,94.705,94.705,77
1703689020,94.71,94.71,94.71,94.71,1
1703689140,94.71,94.71,94.71,94.71,2
1703689200,94.71,94.71,94.71,94.71,11
1703689500,94.705,94.705,94.705,94.705,5
1703689560,94.705,94.705,94.705,94.705,5
1703689620,94.705,94.705,94.705,94.705,2
1703689680,94.71,94.71,94.705,94.705,2
1703689800,94.71,94.71,94.71,94.71,1
1703689920,94.71,94.71,94.71,94.71,1
1703689980,94.71,94.71,94.705,94.705,5
1703690160,94.705,94.71,94.705,94.71,10
1703690220,94.705,94.705,94.705,94.705,10
1703690280,94.705,94.705,94.705,94.705,4
1703690340,94.705,94.71,94.705,94.705,13
1703690400,94.705,94.705,94.705,94.705,2
1703690460,94.71,94.71,94.71,94.71,1
1703690580,94.705,94.705,94.705,94.705,1
1703690700,94.71,94.71,94.71,94.71,2
1703690820,94.71,94.71,94.71,94.71,1
1703690880,94.705,94.71,94.705,94.705,163
1703690940,94.705,94.705,94.705,94.705,1
1703691000,94.71,94.715,94.71,94.715,824
1703691240,94.715,94.715,94.715,94.715,1
1703691540,94.715,94.715,94.715,94.715,2
1703691600,94.71,94.715,94.71,94.71,155
1703691780,94.715,94.715,94.715,94.715,1
1703691960,94.715,94.715,94.715,94.715,1
1703692080,94.715,94.715,94.715,94.715,1
1703692260,94.71,94.715,94.71,94.715,657
1703692500,94.715,94.715,94.71,94.71,94
1703692680,94.715,94.715,94.715,94.715,1
1703692800,94.71,94.715,94.71,94.715,6
1703692920,94.715,94.715,94.715,94.715,1
1703692980,94.715,94.715,94.715,94.715,105
1703693160,94.715,94.715,94.715,94.715,1
1703693280,94.71,94.71,94.71,94.71,1
1703693340,94.715,94.715,94.715,94.715,1006
1703693460,94.715,94.715,94.715,94.715,2
1703693700,94.715,94.715,94.715,94.715,1
1703693940,94.715,94.715,94.715,94.715,1
1703694120,94.715,94.715,94.715,94.715,1
1703694300,94.71,94.71,94.71,94.71,1
1703694360,94.715,94.715,94.715,94.715,1
1703694480,94.71,94.71,94.71,94.71,2
1703694600,94.715,94.715,94.715,94.715,1
1703694780,94.715,94.715,94.715,94.715,1
1703695140,94.715,94.715,94.715,94.715,1
1703695380,94.715,94.715,94.715,94.715,1
1703695440,94.715,94.715,94.715,94.715,1
1703695680,94.715,94.715,94.715,94.715,10
1703695920,94.715,94.715,94.715,94.715,1
1703696220,94.715,94.715,94.715,94.715,1
1703696520,94.715,94.715,94.715,94.715,1
1703696940,94.715,94.715,94.715,94.715,17
1703697420,94.715,94.715,94.715,94.715,1
1703697600,94.715,94.715,94.715,94.715,3615
1703697720,94.715,94.715,94.715,94.715,1
1703698020,94.715,94.715,94.715,94.715,1
1703698320,94.715,94.715,94.715,94.715,26
1703698500,94.715,94.715,94.715,94.715,79
1703698620,94.715,94.715,94.715,94.715,206
1703698920,94.715,94.715,94.715,94.715,1
1703699220,94.715,94.715,94.715,94.715,8
1703699280,94.715,94.715,94.715,94.715,2
1703699520,94.715,94.715,94.715,94.715,1
1703699700,94.715,94.715,94.715,94.715,43
1703699760,94.715,94.715,94.715,94.715,4
1703699880,94.715,94.715,94.715,94.715,178
1703699940,94.715,94.715,94.715,94.715,6
1703700000,94.715,94.715,94.715,94.715,1
1703700120,94.715,94.715,94.715,94.715,564
1703700180,94.72,94.72,94.72,94.72,1
1703700360,94.715,94.72,94.715,94.715,2724
1703700480,94.715,94.72,94.715,94.72,105
1703700600,94.715,94.715,94.715,94.715,1
1703700660,94.715,94.715,94.715,94.715,82
1703700720,94.715,94.715,94.715,94.715,51
1703700780,94.715,94.72,94.715,94.72,158
1703701140,94.715,94.72,94.715,94.72,108
1703701260,94.715,94.715,94.715,94.715,21
1703701380,94.715,94.715,94.715,94.715,3
1703701440,94.72,94.72,94.72,94.72,6
1703701500,94.72,94.72,94.72,94.72,1
1703701680,94.715,94.715,94.715,94.715,600
1703701800,94.72,94.72,94.72,94.72,1
1703702220,94.72,94.72,94.72,94.72,1
1703702700,94.72,94.72,94.72,94.72,1
1703703000,94.72,94.72,94.72,94.72,16
1703703060,94.72,94.72,94.72,94.72,1
1703703300,94.72,94.72,94.72,94.72,1
1703703420,94.72,94.72,94.72,94.72,5
1703703480,94.72,94.72,94.72,94.72,1
1703703780,94.72,94.72,94.72,94.72,1
1703704080,94.72,94.72,94.72,94.72,1
1703704380,94.72,94.72,94.72,94.72,1
1703704740,94.72,94.72,94.72,94.72,1
1703705040,94.72,94.72,94.72,94.72,1
1703705220,94.72,94.72,94.72,94.72,2
1703705580,94.72,94.72,94.72,94.72,1
1703705640,94.72,94.72,94.72,94.72,14
1703705820,94.72,94.72,94.72,94.72,1
1703705940,94.72,94.72,94.72,94.72,1
1703706180,94.72,94.72,94.72,94.72,2
1703706300,94.72,94.72,94.72,94.72,5
1703706420,94.72,94.72,94.72,94.72,2001
1703706780,94.72,94.72,94.72,94.72,1
1703706960,94.72,94.72,94.715,94.715,2
1703707140,94.72,94.72,94.72,94.72,3
1703707380,94.72,94.72,94.72,94.72,1
1703707440,94.715,94.715,94.715,94.715,1
1703707680,94.72,94.72,94.72,94.72,1
1703707800,94.72,94.72,94.715,94.715,5
1703707860,94.715,94.72,94.715,94.72,601
1703707920,94.715,94.715,94.715,94.715,1
1703707980,94.72,94.72,94.72,94.72,1
1703708100,94.715,94.72,94.715,94.72,20
1703708340,94.72,94.72,94.715,94.715,2
1703708580,94.72,94.72,94.72,94.72,1
1703708640,94.715,94.715,94.715,94.715,2
1703708700,94.72,94.72,94.72,94.72,1
1703708880,94.715,94.715,94.715,94.715,1
1703709000,94.72,94.72,94.72,94.72,1
1703709420,94.72,94.72,94.72,94.72,1
1703709660,94.715,94.715,94.715,94.715,1
1703709720,94.715,94.715,94.715,94.715,1
1703709780,94.72,94.72,94.72,94.72,1
1703710080,94.72,94.72,94.72,94.72,1
1703710320,94.72,94.72,94.72,94.72,1
1703710560,94.72,94.72,94.72,94.72,2
1703710620,94.715,94.715,94.715,94.715,5
1703710740,94.72,94.72,94.72,94.72,2
1703711100,94.72,94.72,94.72,94.72,200
1703711340,94.715,94.715,94.715,94.715,50
1703711520,94.715,94.715,94.715,94.715,50
1703711640,94.72,94.72,94.72,94.72,2
1703712960,94.72,94.72,94.72,94.72,28
1703713020,94.72,94.72,94.72,94.72,1
1703714100,94.72,94.72,94.72,94.72,17
1703714160,94.715,94.715,94.715,94.715,82
1703714280,94.715,94.715,94.715,94.715,6
1703714340,94.715,94.715,94.715,94.715,215
1703718000,94.72,94.72,94.72,94.72,18
1703719080,94.715,94.715,94.715,94.715,7
1703720880,94.715,94.715,94.715,94.715,1000
1703721060,94.715,94.715,94.715,94.715,405
1703721900,94.715,94.715,94.715,94.715,3040
1703721960,94.715,94.715,94.715,94.715,9
1703722200,94.715,94.715,94.715,94.715,6
1703724060,94.715,94.715,94.71,94.715,126
1703724660,94.715,94.715,94.71,94.715,276
1703724720,94.715,94.715,94.715,94.715,97
1703724780,94.715,94.715,94.71,94.715,128
1703724840,94.715,94.715,94.715,94.715,87
1703727060,94.715,94.715,94.715,94.715,108
1703728260,94.715,94.715,94.715,94.715,10
1703728500,94.715,94.715,94.715,94.715,31
1703729700,94.715,94.715,94.715,94.715,20
1703729760,94.715,94.715,94.715,94.715,10
1703731200,94.715,94.715,94.71,94.715,179
1703733840,94.715,94.715,94.715,94.715,98
1703735520,94.715,94.715,94.715,94.715,168
1703735820,94.715,94.715,94.715,94.715,199
1703736120,94.715,94.715,94.715,94.715,293
1703737500,94.715,94.715,94.71,94.715,394
1703737620,94.715,94.715,94.715,94.715,28
1703737680,94.715,94.715,94.715,94.715,105
1703738340,94.715,94.715,94.715,94.715,90
1703739960,94.715,94.715,94.715,94.715,1
1703740200,94.715,94.715,94.715,94.715,80
1703740500,94.715,94.715,94.715,94.715,203
1703740680,94.715,94.715,94.715,94.715,189
1703741340,94.715,94.715,94.715,94.715,1302
1703742000,94.715,94.715,94.715,94.715,3
1703744580,94.71,94.71,94.71,94.71,1
1703750340,94.715,94.715,94.715,94.715,1
1703751120,94.715,94.715,94.715,94.715,1
1703754780,94.71,94.71,94.71,94.71,278
1703760840,94.71,94.71,94.71,94.71,4
1703762400,94.71,94.71,94.71,94.71,73
1703763480,94.71,94.71,94.71,94.71,72
1703763840,94.715,94.715,94.715,94.715,500
1703767380,94.71,94.71,94.71,94.71,6
1703768160,94.71,94.71,94.71,94.71,344
1703769600,94.715,94.715,94.715,94.715,1
1703770140,94.71,94.71,94.71,94.71,2
1703770200,94.71,94.71,94.71,94.71,2
1703770380,94.71,94.71,94.71,94.71,150
1703770560,94.71,94.71,94.71,94.71,1
1703770860,94.71,94.71,94.71,94.71,1
1703770920,94.71,94.71,94.71,94.71,1
1703770980,94.71,94.71,94.71,94.71,1
1703771040,94.71,94.71,94.71,94.71,1
1703771100,94.71,94.71,94.71,94.71,1
1703771400,94.71,94.71,94.71,94.71,2
1703771520,94.71,94.71,94.71,94.71,1
1703771580,94.71,94.71,94.71,94.71,2
1703771940,94.71,94.71,94.71,94.71,201
1703772120,94.71,94.71,94.71,94.71,1
1703772300,94.71,94.71,94.71,94.71,1
1703772360,94.71,94.71,94.71,94.71,1
1703773140,94.71,94.71,94.71,94.71,12
1703773320,94.71,94.71,94.71,94.71,200
1703773680,94.71,94.71,94.71,94.71,100
1703773740,94.715,94.715,94.715,94.715,43
1703774820,94.71,94.71,94.71,94.71,10
1703775000,94.71,94.71,94.71,94.71,200
1703776020,94.715,94.715,94.715,94.715,102
1703776080,94.715,94.715,94.715,94.715,8
1703776140,94.715,94.715,94.715,94.715,1
1703776260,94.715,94.715,94.715,94.715,1
1703776320,94.715,94.715,94.715,94.715,1
1703776380,94.715,94.715,94.715,94.715,24
1703776440,94.715,94.715,94.715,94.715,6
1703776560,94.715,94.715,94.715,94.715,14
1703776620,94.715,94.715,94.715,94.715,6
1703776680,94.715,94.715,94.715,94.715,1
1703776800,94.715,94.715,94.715,94.715,6
1703776980,94.715,94.715,94.715,94.715,1
1703777040,94.715,94.715,94.715,94.715,24
1703777160,94.715,94.715,94.715,94.715,1
1703777280,94.715,94.715,94.715,94.715,1
1703777400,94.715,94.715,94.715,94.715,1
1703777460,94.715,94.715,94.715,94.715,1
1703777700,94.715,94.715,94.715,94.715,1
1703777760,94.715,94.715,94.715,94.715,114
1703777940,94.71,94.715,94.71,94.715,85
1703778180,94.715,94.715,94.715,94.715,1
1703778300,94.715,94.715,94.715,94.715,1
1703778480,94.715,94.715,94.715,94.715,1
1703778660,94.715,94.715,94.715,94.715,1
1703778720,94.71,94.715,94.71,94.715,87
1703778840,94.715,94.715,94.715,94.715,1
1703778900,94.71,94.71,94.71,94.71,1
1703779020,94.715,94.715,94.715,94.715,1
1703779140,94.715,94.715,94.715,94.715,1
1703779200,94.715,94.715,94.715,94.715,1
1703779260,94.715,94.715,94.715,94.715,1000
1703779320,94.715,94.715,94.715,94.715,2
1703779500,94.715,94.715,94.715,94.715,1
1703779680,94.715,94.715,94.715,94.715,1
1703779800,94.715,94.715,94.715,94.715,1
1703779980,94.715,94.715,94.715,94.715,1
1703780100,94.715,94.715,94.715,94.715,1
1703780220,94.715,94.715,94.715,94.715,185
1703780280,94.715,94.715,94.715,94.715,1
1703780400,94.715,94.715,94.715,94.715,1
1703780640,94.715,94.715,94.715,94.715,1
1703780760,94.715,94.715,94.715,94.715,54
1703781000,94.715,94.715,94.715,94.715,1
1703781120,94.715,94.715,94.715,94.715,1
1703781300,94.715,94.715,94.715,94.715,1
1703781420,94.715,94.715,94.715,94.715,1
1703781600,94.715,94.715,94.715,94.715,1
1703781840,94.715,94.715,94.715,94.715,1
1703782080,94.715,94.715,94.715,94.715,1
1703782320,94.715,94.715,94.715,94.715,1
1703782500,94.715,94.715,94.715,94.715,1
1703782860,94.715,94.715,94.715,94.715,1
1703783040,94.715,94.715,94.715,94.715,1
1703783220,94.715,94.715,94.715,94.715,1
1703783460,94.715,94.715,94.715,94.715,1
1703783760,94.715,94.715,94.715,94.715,1
1703783940,94.715,94.715,94.715,94.715,1
1703784000,94.715,94.715,94.715,94.715,1
1703784120,94.715,94.715,94.715,94.715,1
1703784360,94.715,94.715,94.715,94.715,1
1703784540,94.715,94.715,94.715,94.715,1
1703784900,94.715,94.715,94.715,94.715,1
1703785200,94.715,94.715,94.715,94.715,1
1703785440,94.715,94.715,94.715,94.715,1
1703785740,94.715,94.715,94.715,94.715,1
1703785980,94.715,94.715,94.715,94.715,1
1703786100,94.715,94.715,94.715,94.715,1
1703786280,94.715,94.715,94.715,94.715,5
1703786340,94.71,94.715,94.71,94.715,84
1703786400,94.715,94.715,94.715,94.715,29
1703786460,94.715,94.715,94.71,94.71,6
1703786580,94.715,94.715,94.715,94.715,1
1703786640,94.715,94.715,94.715,94.715,1
1703786760,94.715,94.715,94.715,94.715,1
1703786820,94.71,94.71,94.71,94.71,10
1703786940,94.715,94.715,94.715,94.715,1
1703787120,94.715,94.715,94.715,94.715,1
1703787420,94.715,94.715,94.715,94.715,1
1703787660,94.715,94.715,94.715,94.715,1
1703787900,94.715,94.715,94.715,94.715,1
1703788140,94.71,94.71,94.71,94.71,500
1703788200,94.715,94.715,94.715,94.715,1
1703788500,94.715,94.715,94.715,94.715,1
1703788800,94.715,94.715,94.715,94.715,1
1703789100,94.715,94.715,94.715,94.715,1
1703789220,94.715,94.715,94.715,94.715,6
1703789280,94.715,94.715,94.715,94.715,90
1703789340,94.715,94.715,94.715,94.715,3
1703789460,94.715,94.715,94.715,94.715,1
1703789760,94.715,94.715,94.71,94.71,10
1703789820,94.71,94.715,94.71,94.715,25
1703789940,94.715,94.715,94.71,94.71,101
1703790120,94.715,94.715,94.715,94.715,1
1703790240,94.715,94.715,94.715,94.715,1
1703790480,94.715,94.715,94.715,94.715,1
1703790780,94.715,94.715,94.715,94.715,1
1703791080,94.715,94.715,94.715,94.715,1
1703791500,94.715,94.715,94.715,94.715,1
1703791860,94.71,94.71,94.71,94.71,100
1703791920,94.715,94.715,94.715,94.715,1
1703792220,94.715,94.715,94.715,94.715,1
1703792340,94.71,94.71,94.71,94.71,5
1703792460,94.71,94.71,94.71,94.71,40
1703792580,94.715,94.715,94.715,94.715,1
1703792940,94.715,94.715,94.715,94.715,1
1703793180,94.715,94.715,94.715,94.715,81
1703793240,94.715,94.715,94.71,94.71,201
1703793300,94.715,94.715,94.715,94.715,1
1703793540,94.715,94.715,94.715,94.715,1
1703793900,94.715,94.715,94.715,94.715,1
1703794200,94.715,94.715,94.715,94.715,1
1703794440,94.715,94.715,94.715,94.715,1
1703794800,94.71,94.71,94.71,94.71,1
1703794860,94.715,94.715,94.715,94.715,1
1703795160,94.715,94.715,94.715,94.715,1
1703795520,94.715,94.715,94.715,94.715,1
1703795880,94.715,94.715,94.715,94.715,1
1703796240,94.715,94.715,94.715,94.715,1
1703796300,94.715,94.715,94.715,94.715,11
1703796480,94.715,94.715,94.715,94.715,1
1703796780,94.715,94.715,94.715,94.715,1
1703796960,94.71,94.71,94.71,94.71,2
1703797020,94.71,94.71,94.71,94.71,5
1703797140,94.715,94.715,94.715,94.715,2
1703797200,94.715,94.715,94.715,94.715,15
1703798340,94.715,94.715,94.715,94.715,43
1703798460,94.715,94.715,94.715,94.715,11
1703798580,94.715,94.715,94.715,94.715,42
1703798880,94.715,94.715,94.715,94.715,1
1703798940,94.715,94.715,94.715,94.715,4
1703799300,94.715,94.715,94.715,94.715,89
1703800080,94.71,94.71,94.71,94.71,1067
1703800740,94.715,94.715,94.715,94.715,105
1703804400,94.715,94.715,94.715,94.715,2860
1703804460,94.715,94.715,94.715,94.715,676
1703804520,94.715,94.715,94.715,94.715,274
1703805000,94.715,94.715,94.715,94.715,415
1703807520,94.715,94.715,94.715,94.715,124
1703808600,94.715,94.715,94.715,94.715,478
1703811540,94.715,94.715,94.715,94.715,227
1703814060,94.71,94.71,94.71,94.71,250
1703814120,94.71,94.71,94.71,94.71,50
1703819820,94.715,94.715,94.715,94.715,11
1703819880,94.715,94.715,94.715,94.715,13
1703821500,94.715,94.715,94.715,94.715,1
1703821740,94.715,94.715,94.715,94.715,3
1703822760,94.715,94.715,94.715,94.715,2
1703823000,94.715,94.715,94.715,94.715,20
1703823480,94.715,94.715,94.715,94.715,50
1703824920,94.715,94.715,94.715,94.715,17
1703827740,94.71,94.71,94.71,94.71,100
1703827800,94.71,94.71,94.71,94.71,400
1703829900,94.715,94.715,94.715,94.715,1
1703831580,94.71,94.71,94.71,94.71,12
1703834700,94.71,94.71,94.71,94.71,50
1703835120,94.715,94.715,94.715,94.715,99
1703835180,94.715,94.715,94.715,94.715,33
1703835360,94.71,94.71,94.71,94.71,500
1703835600,94.715,94.715,94.715,94.715,33
1703836740,94.71,94.715,94.71,94.715,205
1703836800,94.715,94.715,94.715,94.715,69
1703837880,94.715,94.715,94.715,94.715,50
1703838000,94.71,94.71,94.71,94.71,400
1703838360,94.71,94.71,94.71,94.71,50
1703838420,94.71,94.71,94.71,94.71,150
1703838540,94.71,94.715,94.71,94.715,64
1703838660,94.71,94.71,94.71,94.71,24
1703838900,94.715,94.715,94.715,94.715,131
1703838960,94.715,94.715,94.715,94.715,22
1703842740,94.71,94.71,94.71,94.71,500
1703842920,94.71,94.71,94.71,94.71,600
1703843220,94.71,94.71,94.71,94.71,9
1703846520,94.71,94.71,94.71,94.71,196
1703846640,94.71,94.71,94.71,94.71,791
1703846760,94.71,94.71,94.71,94.71,304
1703848260,94.71,94.71,94.71,94.71,2647
1703849040,94.71,94.71,94.71,94.71,160
1703849760,94.71,94.71,94.71,94.71,5
1703850360,94.715,94.715,94.715,94.715,30
1703851800,94.71,94.71,94.71,94.71,93
1703852280,94.71,94.71,94.71,94.71,150
1703852340,94.71,94.71,94.71,94.71,100
1703853180,94.71,94.71,94.71,94.71,4
1703853360,94.71,94.71,94.71,94.71,500
1703853480,94.71,94.71,94.71,94.71,100
1703854260,94.71,94.71,94.71,94.71,66
1703854620,94.715,94.715,94.71,94.71,23
1703854680,94.71,94.71,94.71,94.71,1
1703854800,94.715,94.715,94.715,94.715,1
1703855280,94.715,94.715,94.715,94.715,1
1703855340,94.71,94.71,94.71,94.71,100
1703855400,94.71,94.71,94.71,94.71,50
1703855520,94.715,94.715,94.715,94.715,30
1703855580,94.715,94.715,94.715,94.715,44
1703855640,94.715,94.715,94.715,94.715,43
1703855700,94.715,94.715,94.715,94.715,44
1703855760,94.715,94.715,94.715,94.715,28
1703855820,94.715,94.715,94.715,94.715,13
1703855880,94.715,94.715,94.71,94.71,2457
1703856000,94.71,94.71,94.71,94.71,1
1703856060,94.71,94.71,94.71,94.71,167
1703856180,94.71,94.71,94.71,94.71,1000
1703856240,94.715,94.715,94.715,94.715,7
1703856600,94.71,94.71,94.71,94.71,84
1703856660,94.715,94.715,94.715,94.715,1
1703856780,94.715,94.715,94.715,94.715,1
1703856960,94.715,94.715,94.715,94.715,1
1703857140,94.71,94.71,94.71,94.71,5
1703857620,94.71,94.71,94.71,94.71,26
1703857680,94.71,94.71,94.71,94.71,100
1703857800,94.71,94.71,94.71,94.71,520
1703857860,94.71,94.71,94.71,94.71,96
1703858400,94.71,94.71,94.71,94.71,341
1703858460,94.71,94.71,94.71,94.71,65
1703858760,94.71,94.71,94.71,94.71,1000
1703859120,94.71,94.71,94.71,94.71,7
1703859180,94.705,94.71,94.705,94.71,75
1703859600,94.71,94.71,94.71,94.71,3
1703859660,94.71,94.71,94.71,94.71,4
1703859720,94.71,94.71,94.71,94.71,3
1703860440,94.705,94.705,94.705,94.705,100
1703860920,94.71,94.71,94.71,94.71,12
1703861100,94.71,94.71,94.71,94.71,16
1703861160,94.71,94.71,94.71,94.71,1
1703861400,94.71,94.71,94.71,94.71,1
1703861580,94.71,94.71,94.71,94.71,1
1703861700,94.71,94.71,94.71,94.71,1
1703861820,94.705,94.705,94.705,94.705,1
1703861880,94.71,94.71,94.71,94.71,1
1703862000,94.71,94.71,94.71,94.71,1
1703862060,94.71,94.71,94.71,94.71,2
1703862120,94.71,94.71,94.71,94.71,1
1703862240,94.71,94.71,94.705,94.705,2
1703862420,94.71,94.71,94.71,94.71,1
1703862600,94.71,94.71,94.71,94.71,85
1703862660,94.71,94.71,94.71,94.71,1
1703862720,94.71,94.71,94.71,94.71,50
1703862780,94.71,94.71,94.71,94.71,2
1703863020,94.71,94.71,94.71,94.71,1
1703863200,94.705,94.705,94.705,94.705,1
1703863260,94.71,94.71,94.71,94.71,1
1703863560,94.71,94.71,94.71,94.71,1
1703863800,94.71,94.71,94.705,94.71,5
1703864160,94.71,94.71,94.71,94.71,40
1703864220,94.71,94.71,94.71,94.71,102
1703864580,94.71,94.71,94.71,94.71,1
1703864640,94.705,94.705,94.705,94.705,1
1703864820,94.71,94.71,94.71,94.71,5
1703864880,94.71,94.71,94.71,94.71,1
1703865120,94.71,94.71,94.71,94.71,1
1703865300,94.71,94.71,94.71,94.71,1
1703865420,94.71,94.71,94.71,94.71,400
1703865540,94.71,94.71,94.71,94.71,1
1703865660,94.71,94.71,94.71,94.71,1
1703865960,94.71,94.71,94.71,94.71,1
1703866260,94.71,94.71,94.71,94.71,1
1703866500,94.71,94.71,94.71,94.71,1
1703866800,94.71,94.71,94.71,94.71,1
1703866920,94.705,94.705,94.705,94.705,1
1703867100,94.71,94.71,94.71,94.71,1
1703867280,94.71,94.71,94.71,94.71,6
1703867340,94.71,94.71,94.71,94.71,1
1703867400,94.71,94.71,94.71,94.71,1
1703867820,94.71,94.71,94.71,94.71,1
1703868180,94.71,94.71,94.71,94.71,1
1703868600,94.71,94.71,94.705,94.705,2
1703868780,94.705,94.705,94.705,94.705,33
1703868960,94.705,94.705,94.705,94.705,5
1703869020,94.71,94.71,94.71,94.71,1
1703869260,94.71,94.71,94.71,94.71,64
1703869440,94.71,94.71,94.71,94.71,1
1703869800,94.71,94.71,94.71,94.71,1
1703870280,94.71,94.71,94.71,94.71,1
1703870400,94.705,94.705,94.705,94.705,1
1703870580,94.71,94.71,94.71,94.71,1
1703870940,94.71,94.71,94.71,94.71,1
1703871480,94.71,94.71,94.71,94.71,1
1703871960,94.71,94.71,94.71,94.71,1
1703872020,94.71,94.71,94.71,94.71,4
1703872140,94.71,94.71,94.71,94.71,1
1703872320,94.705,94.705,94.705,94.705,26
1703872440,94.71,94.71,94.705,94.705,2
1703872680,94.71,94.715,94.71,94.715,5538
1703872740,94.715,94.715,94.715,94.715,20
1703872800,94.71,94.71,94.71,94.71,1636
1703872860,94.71,94.71,94.71,94.71,222
1703872920,94.715,94.715,94.715,94.715,1
1703873040,94.715,94.715,94.71,94.71,201
1703873100,94.71,94.71,94.71,94.71,1
1703873520,94.715,94.715,94.715,94.715,1
1703874060,94.715,94.715,94.715,94.715,1
1703874420,94.715,94.715,94.715,94.715,1
1703874600,94.71,94.71,94.71,94.71,7
1703874900,94.715,94.715,94.715,94.715,1
1703875440,94.715,94.715,94.715,94.715,1
1703875980,94.715,94.715,94.715,94.715,1
1703876040,94.71,94.71,94.71,94.71,100
1703876160,94.71,94.71,94.71,94.71,1
1703876340,94.715,94.715,94.715,94.715,1
1703876460,94.71,94.71,94.71,94.71,600
1703877060,94.715,94.715,94.715,94.715,1
1703877720,94.715,94.715,94.715,94.715,1
1703878320,94.71,94.71,94.71,94.71,10
1703878380,94.715,94.715,94.715,94.715,1
1703878560,94.71,94.71,94.71,94.71,499
1703878620,94.71,94.71,94.71,94.71,1
1703878740,94.71,94.71,94.71,94.71,6
1703879040,94.71,94.71,94.71,94.71,1
1703879460,94.71,94.71,94.71,94.71,1
1703879580,94.715,94.715,94.715,94.715,1
1703879940,94.71,94.71,94.71,94.71,107
1703880060,94.71,94.71,94.71,94.71,154
1703880840,94.71,94.71,94.71,94.71,1
1703881200,94.715,94.715,94.715,94.715,1
1703881800,94.715,94.715,94.715,94.715,1
1703882460,94.715,94.715,94.715,94.715,1
1703882940,94.715,94.715,94.715,94.715,1
1703883480,94.71,94.71,94.71,94.71,687
1703883540,94.71,94.71,94.71,94.71,1
1703885040,94.715,94.715,94.71,94.71,417
1703886540,94.71,94.71,94.71,94.71,233
1703886600,94.71,94.71,94.71,94.71,11
1703887020,94.71,94.71,94.71,94.71,153
1704150000,94.71,94.71,94.71,94.71,507
1704150120,94.705,94.705,94.705,94.705,16
1704150180,94.71,94.71,94.71,94.71,31
1704150480,94.71,94.71,94.71,94.71,70
1704150540,94.71,94.71,94.71,94.71,29
1704150660,94.71,94.71,94.71,94.71,58
1704152220,94.71,94.71,94.71,94.71,1
1704153060,94.705,94.705,94.705,94.705,142
1704153720,94.71,94.71,94.71,94.71,1
1704155280,94.71,94.71,94.71,94.71,1
1704155940,94.705,94.705,94.705,94.705,56
1704156780,94.71,94.71,94.71,94.71,1
1704158280,94.71,94.71,94.71,94.71,1
1704159780,94.71,94.71,94.71,94.71,1
1704160800,94.705,94.705,94.705,94.705,49
1704161280,94.71,94.71,94.71,94.71,1
1704162780,94.71,94.71,94.71,94.71,1
1704164280,94.71,94.71,94.71,94.71,1
1704164760,94.705,94.705,94.705,94.705,10
1704165780,94.71,94.71,94.71,94.71,1
1704166200,94.705,94.705,94.705,94.705,2
1704167280,94.71,94.71,94.71,94.71,1
1704168780,94.71,94.71,94.71,94.71,1
1704170280,94.71,94.71,94.71,94.71,1
1704171840,94.71,94.71,94.71,94.71,1
1704173340,94.71,94.71,94.71,94.71,1
1704174840,94.71,94.71,94.71,94.71,1
1704176340,94.71,94.71,94.71,94.71,1
1704177840,94.71,94.71,94.71,94.71,1
1704179340,94.71,94.71,94.71,94.71,1
1704180240,94.705,94.705,94.705,94.705,600
1704180720,94.705,94.705,94.705,94.705,1244
1704182040,94.705,94.705,94.705,94.705,1
1704182340,94.705,94.705,94.705,94.705,1
1704182700,94.7,94.7,94.7,94.7,52
1704182940,94.7,94.7,94.7,94.7,67
1704183000,94.7,94.7,94.7,94.7,1
1704183240,94.7,94.7,94.7,94.7,36
1704183900,94.705,94.705,94.705,94.705,1
1704184560,94.7,94.7,94.7,94.7,26
1704185400,94.705,94.705,94.705,94.705,1
1704185520,94.7,94.7,94.7,94.7,2288
1704187560,94.7,94.7,94.7,94.7,16
1704187740,94.7,94.7,94.7,94.7,5
1704187860,94.7,94.7,94.7,94.7,512
1704187920,94.7,94.7,94.7,94.7,654
1704187980,94.7,94.7,94.7,94.7,56
1704188340,94.7,94.7,94.7,94.7,600
1704188400,94.7,94.7,94.7,94.7,1
1704189420,94.7,94.7,94.7,94.7,13
1704189900,94.7,94.7,94.7,94.7,1
1704191400,94.7,94.7,94.7,94.7,1
1704191640,94.7,94.7,94.7,94.7,5
1704192900,94.7,94.7,94.7,94.7,1
1704194400,94.7,94.7,94.7,94.7,1
1704195900,94.7,94.7,94.7,94.7,1
1704196080,94.7,94.7,94.7,94.7,189
1704196260,94.7,94.7,94.7,94.7,100
1704196440,94.7,94.7,94.7,94.7,1207
1704196500,94.7,94.7,94.7,94.7,2002
1704196560,94.7,94.7,94.7,94.7,136
1704196860,94.7,94.7,94.7,94.7,125
1704197400,94.7,94.7,94.7,94.7,1
1704198060,94.7,94.7,94.7,94.7,145
1704198420,94.7,94.7,94.7,94.7,5
1704198540,94.7,94.7,94.7,94.7,438
1704198600,94.7,94.7,94.7,94.7,40
1704198660,94.7,94.7,94.7,94.7,23
1704198720,94.7,94.7,94.7,94.7,2264
1704198780,94.7,94.7,94.7,94.7,60
1704198840,94.7,94.7,94.7,94.7,105
1704198960,94.7,94.7,94.7,94.7,217
1704199020,94.7,94.7,94.7,94.7,1
1704199320,94.7,94.7,94.7,94.7,85
1704199380,94.7,94.7,94.7,94.7,247
1704199440,94.7,94.7,94.7,94.7,122
1704199500,94.7,94.7,94.7,94.7,94
1704199920,94.7,94.7,94.7,94.7,50
1704200100,94.7,94.7,94.7,94.7,2
1704200160,94.7,94.705,94.7,94.705,110
1704200280,94.705,94.705,94.705,94.705,2
1704200400,94.705,94.705,94.705,94.705,1
1704200460,94.7,94.7,94.7,94.7,30
1704200880,94.705,94.705,94.705,94.705,1
1704201120,94.705,94.705,94.705,94.705,2
1704201240,94.7,94.7,94.7,94.7,75
1704201300,94.7,94.7,94.7,94.7,187
1704201360,94.7,94.7,94.7,94.7,202
1704201600,94.705,94.705,94.7,94.7,7
1704201780,94.7,94.7,94.7,94.7,1759
1704201960,94.7,94.7,94.7,94.7,4
1704202020,94.7,94.7,94.7,94.7,1
1704202200,94.705,94.705,94.705,94.705,19
1704202380,94.7,94.7,94.7,94.7,6
1704202440,94.7,94.7,94.7,94.7,2
1704202500,94.7,94.7,94.7,94.7,6
1704202620,94.7,94.7,94.7,94.7,2
1704202680,94.7,94.7,94.7,94.7,2
1704203460,94.705,94.705,94.705,94.705,1
1704203820,94.7,94.7,94.7,94.7,20
1704203880,94.7,94.7,94.7,94.7,60
1704203940,94.7,94.7,94.695,94.695,2928
1704204000,94.695,94.7,94.695,94.7,2439
1704204060,94.695,94.7,94.695,94.7,1314
1704204120,94.7,94.7,94.7,94.7,35
1704204180,94.7,94.7,94.7,94.7,211
1704204240,94.7,94.7,94.7,94.7,15
1704204420,94.7,94.7,94.7,94.7,596
1704204480,94.7,94.7,94.7,94.7,99
1704204600,94.7,94.7,94.7,94.7,641
1704205200,94.7,94.7,94.7,94.7,5
1704205260,94.7,94.7,94.7,94.7,50
1704206100,94.7,94.7,94.7,94.7,1358
1704206340,94.7,94.7,94.7,94.7,1
1704206520,94.7,94.7,94.7,94.7,1
1704206580,94.7,94.7,94.7,94.7,500
1704206640,94.7,94.7,94.7,94.7,32
1704206700,94.7,94.7,94.7,94.7,82
1704206760,94.7,94.7,94.7,94.7,1
1704206820,94.7,94.7,94.7,94.7,1
1704206880,94.7,94.7,94.7,94.7,784
1704206940,94.7,94.7,94.7,94.7,150
1704207360,94.7,94.7,94.7,94.7,6
1704207420,94.7,94.7,94.7,94.7,27
1704208080,94.7,94.7,94.7,94.7,202
1704208200,94.7,94.7,94.7,94.7,1
1704208260,94.7,94.7,94.7,94.7,1
1704208380,94.7,94.7,94.7,94.7,1
1704208500,94.7,94.7,94.7,94.7,10
1704208560,94.7,94.7,94.7,94.7,1
1704208620,94.7,94.7,94.7,94.7,1
1704208740,94.7,94.7,94.7,94.7,1
1704208800,94.7,94.7,94.7,94.7,15
1704208920,94.7,94.7,94.7,94.7,1
1704208980,94.7,94.7,94.7,94.7,1
1704209040,94.705,94.705,94.705,94.705,1
1704209100,94.7,94.7,94.7,94.7,1
1704209220,94.7,94.7,94.7,94.7,2
1704209280,94.7,94.7,94.7,94.7,2
1704209340,94.7,94.7,94.7,94.7,1
1704209400,94.7,94.7,94.7,94.7,1
1704209460,94.705,94.705,94.7,94.7,2
1704209520,94.7,94.7,94.7,94.7,1
1704209580,94.7,94.7,94.7,94.7,1
1704209640,94.7,94.7,94.7,94.7,2
1704209760,94.7,94.7,94.7,94.7,1
1704209820,94.7,94.7,94.7,94.7,2
1704209880,94.7,94.7,94.7,94.7,3
1704209940,94.7,94.7,94.7,94.7,2
1704210000,94.7,94.7,94.7,94.7,250
1704210180,94.7,94.7,94.7,94.7,1
1704210360,94.7,94.7,94.7,94.7,1
1704210480,94.7,94.7,94.7,94.7,1
1704210660,94.7,94.7,94.7,94.7,1
1704210780,94.7,94.7,94.7,94.7,1
1704210900,94.7,94.7,94.7,94.7,1
1704210960,94.705,94.705,94.705,94.705,1
1704211080,94.7,94.7,94.7,94.7,1
1704211140,94.7,94.7,94.7,94.7,1
1704211260,94.7,94.7,94.7,94.7,626
1704211320,94.7,94.7,94.7,94.7,121
1704211380,94.7,94.7,94.695,94.695,827
1704211560,94.695,94.695,94.695,94.695,1
1704211620,94.7,94.7,94.7,94.7,394
1704211680,94.7,94.7,94.7,94.7,157
1704211800,94.7,94.7,94.7,94.7,150
1704211860,94.7,94.7,94.7,94.7,14
1704212040,94.7,94.7,94.7,94.7,1
1704212400,94.7,94.7,94.7,94.7,1
1704212580,94.7,94.7,94.7,94.7,1
1704212760,94.7,94.7,94.7,94.7,1
1704212940,94.7,94.7,94.7,94.7,1
1704213000,94.7,94.7,94.7,94.7,46
1704213060,94.7,94.7,94.7,94.7,41
1704213120,94.7,94.7,94.7,94.7,106
1704213180,94.7,94.7,94.7,94.7,242
1704213240,94.695,94.695,94.695,94.695,1
1704213420,94.695,94.695,94.695,94.695,1
1704213540,94.7,94.7,94.7,94.7,1
1704213600,94.695,94.695,94.695,94.695,1
1704213840,94.695,94.695,94.695,94.695,1
1704213960,94.695,94.695,94.695,94.695,1
1704214020,94.7,94.7,94.7,94.7,33
1704214200,94.695,94.695,94.695,94.695,1
1704214380,94.7,94.7,94.7,94.7,1228
1704214620,94.695,94.695,94.695,94.695,1
1704214680,94.7,94.7,94.7,94.7,1
1704214860,94.695,94.695,94.695,94.695,1
1704215040,94.695,94.695,94.695,94.695,1
1704215160,94.695,94.695,94.695,94.695,1
1704215340,94.695,94.695,94.695,94.695,1
1704215460,94.7,94.7,94.7,94.7,121
1704215520,94.7,94.7,94.7,94.7,4
1704215820,94.695,94.695,94.695,94.695,1
1704215940,94.695,94.695,94.695,94.695,1
1704216120,94.695,94.695,94.695,94.695,1
1704216300,94.695,94.695,94.695,94.695,1
1704216420,94.7,94.7,94.7,94.7,82
1704216720,94.695,94.695,94.695,94.695,1
1704216840,94.7,94.7,94.7,94.7,2
1704216960,94.7,94.7,94.7,94.7,1
1704217020,94.695,94.695,94.695,94.695,1
1704217320,94.695,94.695,94.695,94.695,1
1704217560,94.695,94.695,94.695,94.695,1
1704217740,94.7,94.7,94.7,94.7,4
1704217800,94.695,94.695,94.695,94.695,1
1704217920,94.695,94.695,94.695,94.695,2
1704218100,94.695,94.695,94.695,94.695,1
1704218160,94.7,94.7,94.7,94.7,128
1704218220,94.695,94.695,94.695,94.695,1
1704218280,94.695,94.695,94.695,94.695,1
1704218400,94.695,94.695,94.695,94.695,1
1704218460,94.7,94.7,94.7,94.7,17
1704218520,94.695,94.695,94.695,94.695,1
1704218580,94.695,94.695,94.695,94.695,1
1704218700,94.695,94.695,94.695,94.695,1
1704218880,94.695,94.695,94.695,94.695,2
1704219060,94.695,94.695,94.695,94.695,1
1704219240,94.7,94.7,94.695,94.695,36
1704219480,94.695,94.7,94.695,94.7,3
1704219660,94.695,94.695,94.695,94.695,1
1704219840,94.695,94.695,94.695,94.695,2
1704219960,94.7,94.7,94.7,94.7,1
1704220020,94.7,94.7,94.7,94.7,2
1704220080,94.695,94.695,94.695,94.695,1
1704220260,94.695,94.695,94.695,94.695,1
1704220380,94.7,94.7,94.7,94.7,2
1704220500,94.695,94.695,94.695,94.695,1
1704220740,94.695,94.695,94.695,94.695,1
1704220860,94.695,94.695,94.695,94.695,1
1704221040,94.695,94.695,94.695,94.695,1
1704221280,94.695,94.695,94.695,94.695,1
1704221460,94.7,94.7,94.7,94.7,1
1704221520,94.695,94.695,94.695,94.695,1
1704221760,94.695,94.695,94.695,94.695,1
1704221940,94.695,94.695,94.695,94.695,1
1704222000,94.695,94.695,94.695,94.695,2
1704222180,94.7,94.7,94.695,94.695,20
1704222300,94.695,94.695,94.695,94.695,1
1704222480,94.695,94.695,94.695,94.695,1
1704222720,94.695,94.695,94.695,94.695,1
1704222960,94.695,94.695,94.695,94.695,1
1704223020,94.7,94.7,94.695,94.695,2
1704223320,94.695,94.695,94.695,94.695,1
1704223740,94.695,94.695,94.695,94.695,1
1704223920,94.695,94.695,94.695,94.695,1
1704224040,94.695,94.695,94.695,94.695,1
1704224280,94.695,94.695,94.695,94.695,1
1704224520,94.7,94.7,94.7,94.7,1
1704224580,94.695,94.695,94.695,94.695,1
1704224700,94.7,94.7,94.7,94.7,10
1704224760,94.7,94.7,94.7,94.7,70
1704224880,94.695,94.695,94.695,94.695,1
1704225180,94.695,94.695,94.695,94.695,1
1704225420,94.695,94.695,94.695,94.695,1
1704225540,94.7,94.7,94.7,94.7,100
1704225600,94.7,94.7,94.695,94.695,52
1704225900,94.695,94.695,94.695,94.695,1
1704226020,94.7,94.7,94.7,94.7,2
1704226080,94.7,94.7,94.7,94.7,3
1704226140,94.7,94.7,94.7,94.7,5
1704226440,94.695,94.695,94.695,94.695,1
1704226500,94.7,94.7,94.7,94.7,191
1704226560,94.7,94.7,94.7,94.7,37
1704226800,94.695,94.695,94.695,94.695,1
1704226980,94.695,94.695,94.695,94.695,1
1704227100,94.7,94.7,94.7,94.7,390
1704227400,94.695,94.695,94.695,94.695,1
1704227520,94.7,94.7,94.7,94.7,1
1704227760,94.695,94.695,94.695,94.695,1
1704228000,94.7,94.7,94.7,94.7,2
1704228060,94.695,94.695,94.695,94.695,1
1704228360,94.695,94.695,94.695,94.695,1
1704228480,94.695,94.695,94.695,94.695,1
1704228540,94.695,94.695,94.695,94.695,1
1704228840,94.695,94.695,94.695,94.695,1
1704228900,94.7,94.7,94.7,94.7,4
1704229020,94.7,94.7,94.7,94.7,1
1704229140,94.695,94.695,94.695,94.695,2
1704229260,94.7,94.7,94.7,94.7,9
1704229320,94.7,94.7,94.7,94.7,60
1704230280,94.7,94.7,94.7,94.7,25
1704230520,94.7,94.7,94.7,94.7,1
1704230640,94.7,94.7,94.7,94.7,1
1704230700,94.7,94.7,94.7,94.7,6
1704230760,94.7,94.7,94.7,94.7,13
1704231000,94.7,94.7,94.7,94.7,25
1704231300,94.7,94.7,94.7,94.7,73
1704231420,94.7,94.7,94.7,94.7,683
1704231480,94.7,94.7,94.7,94.7,191
1704231540,94.7,94.7,94.7,94.7,90
1704232020,94.705,94.705,94.705,94.705,1
1704232680,94.7,94.7,94.7,94.7,599
1704236400,94.7,94.7,94.7,94.7,283
1704236820,94.7,94.7,94.7,94.7,1
1704241860,94.7,94.7,94.7,94.7,6
1704243840,94.7,94.7,94.7,94.7,52
1704253200,94.7,94.7,94.7,94.7,6
1704261840,94.695,94.695,94.695,94.695,1
1704262080,94.7,94.7,94.7,94.7,50
1704266700,94.7,94.7,94.7,94.7,8
1704267660,94.695,94.695,94.695,94.695,85
1704270540,94.695,94.695,94.69,94.69,3551
1704270600,94.69,94.69,94.69,94.69,800
1704270660,94.69,94.69,94.69,94.69,157
1704271080,94.695,94.695,94.695,94.695,120
1704271140,94.695,94.695,94.695,94.695,55
1704271620,94.69,94.69,94.69,94.69,3
1704271860,94.69,94.69,94.69,94.69,1
1704272340,94.695,94.695,94.695,94.695,45
1704272640,94.695,94.695,94.695,94.695,30
1704273300,94.695,94.695,94.695,94.695,1
1704273600,94.695,94.695,94.695,94.695,400
1704273960,94.695,94.695,94.695,94.695,462
1704274020,94.695,94.695,94.695,94.695,30
1704274620,94.695,94.695,94.695,94.695,1
1704277020,94.7,94.7,94.7,94.7,7
1704279420,94.7,94.7,94.7,94.7,1
1704281580,94.695,94.695,94.695,94.695,1
1704282000,94.7,94.7,94.7,94.7,59
1704282240,94.7,94.7,94.7,94.7,1
1704282720,94.7,94.7,94.7,94.7,20
1704283140,94.7,94.7,94.7,94.7,81
1704283860,94.7,94.7,94.7,94.7,454
1704284580,94.695,94.695,94.695,94.695,2
1704284880,94.695,94.695,94.695,94.695,78
1704284940,94.695,94.695,94.695,94.695,1
1704285060,94.695,94.695,94.695,94.695,2
1704285120,94.7,94.7,94.7,94.7,23
1704285180,94.695,94.695,94.695,94.695,1
1704285240,94.695,94.695,94.695,94.695,1
1704285300,94.695,94.695,94.695,94.695,1
1704285360,94.695,94.695,94.695,94.695,1
1704285420,94.695,94.695,94.695,94.695,149
1704285660,94.695,94.695,94.695,94.695,450
1704286080,94.695,94.695,94.695,94.695,25
1704286200,94.7,94.7,94.7,94.7,9
1704286740,94.695,94.695,94.695,94.695,2
1704286800,94.695,94.695,94.695,94.695,1
1704286920,94.695,94.695,94.695,94.695,3
1704287040,94.695,94.695,94.695,94.695,1
1704287220,94.7,94.7,94.695,94.695,601
1704287280,94.695,94.695,94.695,94.695,2
1704287520,94.695,94.695,94.695,94.695,9
1704288000,94.7,94.7,94.7,94.7,1
1704288120,94.695,94.695,94.695,94.695,1
1704288240,94.695,94.695,94.695,94.695,1
1704288480,94.695,94.695,94.695,94.695,1
1704288780,94.695,94.695,94.695,94.695,1
1704289500,94.7,94.7,94.7,94.7,87
1704290520,94.7,94.7,94.7,94.7,7
1704290880,94.7,94.7,94.695,94.695,6
1704291120,94.695,94.695,94.695,94.695,1
1704291540,94.695,94.695,94.695,94.695,23
1704291840,94.695,94.695,94.695,94.695,531
1704291900,94.695,94.695,94.695,94.695,224
1704291960,94.695,94.695,94.695,94.695,17
1704292020,94.695,94.695,94.695,94.695,3442
1704292080,94.695,94.695,94.695,94.695,228
1704292320,94.695,94.695,94.695,94.695,250
1704292440,94.695,94.695,94.695,94.695,29
1704292500,94.695,94.695,94.695,94.695,2957
1704292680,94.69,94.69,94.69,94.69,10
1704292740,94.695,94.695,94.695,94.695,1
1704292800,94.69,94.69,94.69,94.69,1
1704293100,94.69,94.69,94.69,94.69,1
1704293220,94.69,94.69,94.69,94.69,854
1704293460,94.69,94.69,94.69,94.69,1
1704293640,94.69,94.69,94.69,94.69,1
1704293700,94.69,94.69,94.69,94.69,1
1704293820,94.69,94.69,94.69,94.69,1
1704293940,94.69,94.69,94.69,94.69,1
1704294000,94.695,94.695,94.69,94.695,3207
1704294060,94.695,94.695,94.695,94.695,702
1704294240,94.695,94.695,94.695,94.695,301
1704294300,94.695,94.695,94.695,94.695,1
1704294420,94.695,94.695,94.695,94.695,903
1704294480,94.695,94.695,94.695,94.695,892
1704294540,94.695,94.695,94.695,94.695,508
1704294600,94.695,94.695,94.695,94.695,99
1704294720,94.695,94.695,94.695,94.695,18
1704294840,94.69,94.69,94.69,94.69,1
1704295080,94.69,94.69,94.69,94.69,1
1704295140,94.695,94.695,94.695,94.695,16
1704295380,94.69,94.69,94.69,94.69,1
1704295560,94.69,94.69,94.69,94.69,1
1704295740,94.69,94.69,94.69,94.69,1
1704296040,94.69,94.69,94.69,94.69,1
1704296100,94.69,94.695,94.69,94.695,4
1704296340,94.69,94.69,94.69,94.69,1
1704296400,94.69,94.69,94.69,94.69,3
1704296580,94.69,94.69,94.69,94.69,1
1704296820,94.69,94.69,94.69,94.69,1
1704296880,94.69,94.69,94.69,94.69,1
1704297000,94.69,94.69,94.69,94.69,1
1704297120,94.69,94.69,94.69,94.69,1
1704297300,94.69,94.69,94.69,94.69,1
1704297480,94.69,94.69,94.69,94.69,1
1704297600,94.69,94.69,94.69,94.69,1
1704297720,94.69,94.69,94.69,94.69,1
1704297900,94.69,94.69,94.69,94.69,1
1704298260,94.695,94.695,94.695,94.695,1000
1704298440,94.69,94.69,94.69,94.69,1
1704298560,94.69,94.69,94.69,94.69,1
1704298620,94.69,94.69,94.69,94.69,1
1704298800,94.69,94.69,94.69,94.69,1
1704298920,94.695,94.695,94.69,94.69,35
1704299040,94.69,94.69,94.69,94.69,1
1704299160,94.69,94.69,94.69,94.69,1
1704299340,94.69,94.69,94.69,94.69,1
1704299460,94.69,94.69,94.69,94.69,1
1704299580,94.69,94.69,94.69,94.69,1
1704299700,94.69,94.69,94.69,94.69,1
1704299880,94.69,94.69,94.69,94.69,1
1704300000,94.69,94.69,94.69,94.69,1
1704300180,94.69,94.69,94.69,94.69,13
1704300240,94.69,94.69,94.69,94.69,1
1704300300,94.69,94.69,94.69,94.69,1
1704300360,94.69,94.69,94.69,94.69,1
1704300420,94.69,94.69,94.69,94.69,1
1704300660,94.69,94.69,94.69,94.69,1
1704300780,94.69,94.69,94.69,94.69,1
1704300960,94.69,94.69,94.69,94.69,1
1704301140,94.69,94.69,94.69,94.69,1
1704301200,94.695,94.695,94.695,94.695,46
1704301320,94.69,94.69,94.69,94.69,1
1704301380,94.695,94.695,94.695,94.695,4
1704301500,94.695,94.695,94.69,94.69,51
1704301740,94.69,94.69,94.69,94.69,1
1704302040,94.69,94.69,94.69,94.69,1
1704302280,94.69,94.69,94.69,94.69,1
1704302400,94.69,94.69,94.69,94.69,1
1704302460,94.69,94.69,94.69,94.69,1
1704302640,94.69,94.69,94.69,94.69,1
1704302760,94.69,94.69,94.69,94.69,1
1704303060,94.695,94.695,94.69,94.69,501
1704303180,94.69,94.69,94.69,94.69,1
1704303420,94.69,94.69,94.69,94.69,1
1704303780,94.69,94.69,94.69,94.69,1
1704304020,94.69,94.69,94.69,94.69,1
1704304260,94.69,94.69,94.69,94.69,1
1704304380,94.69,94.69,94.69,94.69,1
1704304500,94.69,94.69,94.69,94.69,1
1704304620,94.69,94.69,94.69,94.69,1
1704304680,94.69,94.695,94.69,94.695,4
1704304740,94.69,94.69,94.69,94.69,1
1704304800,94.69,94.69,94.69,94.69,1
1704304860,94.69,94.69,94.69,94.69,1
1704304920,94.69,94.69,94.69,94.69,1
1704304980,94.695,94.695,94.695,94.695,6
1704305040,94.695,94.695,94.69,94.69,5
1704305160,94.69,94.69,94.69,94.69,1
1704305220,94.695,94.695,94.695,94.695,72
1704305280,94.695,94.695,94.695,94.695,120
1704305400,94.69,94.69,94.69,94.69,2
1704305640,94.69,94.69,94.69,94.69,1
1704306000,94.69,94.69,94.69,94.69,1
1704306120,94.695,94.695,94.695,94.695,19
1704306300,94.69,94.69,94.69,94.69,1
1704306540,94.69,94.69,94.69,94.69,1
1704306720,94.69,94.69,94.69,94.69,1
1704307020,94.69,94.69,94.69,94.69,3
1704307080,94.69,94.69,94.69,94.69,131
1704307380,94.69,94.69,94.69,94.69,1
1704307620,94.69,94.69,94.69,94.69,1
1704307800,94.695,94.695,94.695,94.695,1
1704307860,94.69,94.69,94.69,94.69,1
1704308040,94.695,94.695,94.69,94.69,13
1704308160,94.69,94.69,94.69,94.69,1
1704308340,94.695,94.695,94.69,94.69,143
1704308400,94.69,94.69,94.69,94.69,100
1704308460,94.69,94.69,94.69,94.69,601
1704308520,94.69,94.69,94.69,94.69,400
1704308580,94.69,94.69,94.69,94.69,500
1704308640,94.69,94.69,94.69,94.69,19
1704308760,94.69,94.69,94.69,94.69,1
1704308820,94.69,94.69,94.69,94.69,2
1704308880,94.69,94.69,94.69,94.69,400
1704308940,94.69,94.69,94.69,94.69,4430
1704309000,94.69,94.69,94.69,94.69,5671
1704309060,94.69,94.69,94.69,94.69,3106
1704309120,94.69,94.69,94.69,94.69,4148
1704309240,94.69,94.69,94.69,94.69,3158
1704309360,94.69,94.69,94.69,94.69,1856
1704309420,94.69,94.69,94.69,94.69,722
1704309480,94.69,94.69,94.69,94.69,434
1704309540,94.69,94.69,94.69,94.69,669
1704309900,94.69,94.69,94.69,94.69,300
1704309960,94.69,94.69,94.69,94.69,1
1704310020,94.69,94.69,94.69,94.69,500
1704310200,94.695,94.695,94.695,94.695,13
1704310260,94.695,94.695,94.69,94.69,22
1704310320,94.695,94.695,94.695,94.695,9
1704310440,94.69,94.695,94.69,94.695,42
1704310500,94.695,94.695,94.69,94.69,13
1704310620,94.69,94.69,94.69,94.69,1
1704310800,94.69,94.69,94.69,94.69,122
1704310860,94.69,94.69,94.69,94.69,1
1704311100,94.695,94.695,94.695,94.695,5
1704311220,94.69,94.69,94.69,94.69,1
1704311280,94.69,94.69,94.69,94.69,1200
1704311460,94.69,94.69,94.69,94.69,1
1704311640,94.69,94.69,94.69,94.69,1
1704311760,94.69,94.69,94.69,94.69,1
1704311940,94.695,94.695,94.695,94.695,36
1704312000,94.69,94.69,94.69,94.69,1
1704312180,94.69,94.69,94.69,94.69,1001
1704312600,94.69,94.69,94.69,94.69,2
1704312720,94.695,94.695,94.695,94.695,58
1704312780,94.695,94.695,94.695,94.695,130
1704312840,94.695,94.695,94.695,94.695,32
1704313140,94.695,94.695,94.695,94.695,1
1704313440,94.695,94.695,94.695,94.695,1
1704313680,94.695,94.695,94.695,94.695,1
1704313980,94.695,94.695,94.695,94.695,1
1704314160,94.695,94.695,94.695,94.695,50
1704314220,94.695,94.695,94.695,94.695,1
1704314280,94.695,94.695,94.695,94.695,1
1704314520,94.695,94.695,94.695,94.695,1
1704314820,94.695,94.695,94.695,94.695,1
1704314940,94.695,94.695,94.695,94.695,1
1704315240,94.695,94.695,94.695,94.695,1
1704315300,94.695,94.695,94.695,94.695,7
1704315360,94.695,94.695,94.695,94.695,8
1704315420,94.695,94.695,94.695,94.695,9
1704315480,94.695,94.695,94.695,94.695,8
1704315540,94.695,94.695,94.695,94.695,10
1704315600,94.695,94.695,94.695,94.695,3
1704315780,94.69,94.69,94.69,94.69,1
1704316500,94.69,94.69,94.69,94.69,35
1704316560,94.695,94.695,94.695,94.695,3
1704318120,94.695,94.695,94.695,94.695,46
1704318360,94.695,94.695,94.695,94.695,200
1704318960,94.69,94.69,94.69,94.69,28
1704322800,94.69,94.69,94.69,94.69,28
1704323820,94.695,94.695,94.695,94.695,5
1704324060,94.69,94.69,94.69,94.69,2
1704326340,94.69,94.695,94.69,94.695,67
1704327000,94.69,94.69,94.69,94.69,25
1704334860,94.695,94.695,94.695,94.695,1
1704352080,94.695,94.695,94.695,94.695,104
1704352800,94.69,94.69,94.69,94.69,12
1704352860,94.69,94.69,94.69,94.69,61
1704352980,94.69,94.695,94.69,94.69,201
1704353580,94.69,94.69,94.69,94.69,46
1704356280,94.69,94.695,94.69,94.695,8
1704356520,94.69,94.69,94.69,94.69,8
1704356940,94.69,94.69,94.69,94.69,22
1704358680,94.69,94.695,94.69,94.69,686
1704358800,94.69,94.695,94.69,94.69,115
1704359040,94.69,94.69,94.69,94.69,14
1704359460,94.69,94.695,94.69,94.69,525
1704360060,94.69,94.695,94.69,94.69,2864
1704360780,94.69,94.69,94.69,94.69,3091
1704361020,94.69,94.69,94.69,94.69,933
1704361080,94.69,94.69,94.69,94.69,410
1704361860,94.69,94.69,94.69,94.69,100
1704361920,94.69,94.69,94.69,94.69,125
1704361980,94.69,94.69,94.69,94.69,50
1704362100,94.69,94.69,94.69,94.69,25
1704362220,94.69,94.69,94.69,94.69,30
1704362700,94.69,94.69,94.69,94.69,5
1704362760,94.69,94.69,94.69,94.69,1
1704363180,94.69,94.69,94.69,94.69,22
1704363240,94.69,94.69,94.69,94.69,72
1704364680,94.69,94.69,94.69,94.69,750
1704367260,94.685,94.685,94.685,94.685,70
1704367380,94.685,94.685,94.685,94.685,5
1704367440,94.685,94.685,94.685,94.685,3
1704367560,94.685,94.685,94.685,94.685,2
1704367620,94.685,94.685,94.685,94.685,36
1704367980,94.685,94.685,94.685,94.685,2
1704368520,94.685,94.685,94.685,94.685,2
1704368940,94.685,94.685,94.685,94.685,59
1704369000,94.685,94.685,94.685,94.685,90
1704369360,94.685,94.685,94.685,94.685,1
1704369660,94.685,94.685,94.685,94.685,251
1704369720,94.685,94.685,94.685,94.685,3
1704369900,94.685,94.685,94.685,94.685,1
1704370020,94.685,94.685,94.685,94.685,1
1704370140,94.685,94.685,94.685,94.685,2
1704370320,94.69,94.69,94.69,94.69,150
1704370500,94.685,94.685,94.685,94.685,2
1704370680,94.685,94.685,94.685,94.685,1
1704370740,94.685,94.685,94.685,94.685,2
1704370920,94.685,94.685,94.685,94.685,1
1704371040,94.685,94.685,94.685,94.685,2
1704371100,94.685,94.685,94.685,94.685,1
1704371220,94.685,94.685,94.685,94.685,2
1704371460,94.685,94.685,94.685,94.685,2
1704371640,94.685,94.685,94.685,94.685,1
1704371760,94.685,94.685,94.685,94.685,2
1704371820,94.685,94.685,94.685,94.685,9
1704371940,94.685,94.685,94.685,94.685,1
1704372060,94.685,94.685,94.685,94.685,1
1704372120,94.685,94.685,94.685,94.685,2
1704372180,94.685,94.685,94.685,94.685,1
1704372240,94.685,94.685,94.685,94.685,2
1704372420,94.69,94.69,94.685,94.685,3
1704372600,94.685,94.685,94.685,94.685,1
1704372660,94.685,94.685,94.685,94.685,2
1704372840,94.685,94.685,94.685,94.685,1
1704372900,94.685,94.685,94.685,94.685,1
1704372960,94.685,94.685,94.685,94.685,1
1704373020,94.685,94.685,94.685,94.685,3
1704373140,94.685,94.685,94.685,94.685,2
1704373260,94.685,94.685,94.685,94.685,1
1704373320,94.685,94.685,94.685,94.685,2
1704373380,94.685,94.685,94.685,94.685,1
1704373440,94.685,94.685,94.685,94.685,1294
1704373500,94.685,94.685,94.685,94.685,1
1704373560,94.685,94.685,94.685,94.685,3
1704373620,94.685,94.685,94.685,94.685,100
1704373680,94.685,94.685,94.685,94.685,2
1704373740,94.685,94.685,94.685,94.685,1
1704373800,94.685,94.685,94.685,94.685,1
1704373860,94.685,94.685,94.685,94.685,2
1704373920,94.685,94.685,94.685,94.685,2
1704374040,94.685,94.685,94.685,94.685,5
1704374100,94.685,94.685,94.685,94.685,2
1704374160,94.685,94.685,94.685,94.685,101
1704374220,94.685,94.685,94.685,94.685,2
1704374280,94.685,94.685,94.685,94.685,2
1704374340,94.685,94.685,94.685,94.685,2
1704374400,94.685,94.685,94.685,94.685,3
1704374460,94.685,94.685,94.685,94.685,3
1704374520,94.685,94.685,94.685,94.685,4
1704374580,94.685,94.685,94.685,94.685,2
1704374700,94.685,94.685,94.685,94.685,2
1704374760,94.685,94.685,94.685,94.685,2
1704374820,94.685,94.685,94.685,94.685,2
1704374880,94.685,94.685,94.685,94.685,4
1704374940,94.685,94.685,94.685,94.685,6
1704375000,94.685,94.69,94.685,94.685,48
1704375060,94.685,94.685,94.685,94.685,8
1704375120,94.685,94.69,94.685,94.69,507
1704375180,94.685,94.685,94.685,94.685,6
1704375240,94.685,94.685,94.685,94.685,5
1704375300,94.685,94.685,94.685,94.685,4
1704375360,94.69,94.69,94.685,94.685,4
1704375420,94.685,94.685,94.685,94.685,3
1704375480,94.685,94.685,94.685,94.685,5
1704375540,94.685,94.685,94.685,94.685,3
1704375600,94.69,94.69,94.685,94.685,4
1704375660,94.685,94.685,94.685,94.685,2
1704375720,94.69,94.69,94.685,94.685,5
1704375780,94.69,94.69,94.685,94.685,3
1704375840,94.685,94.685,94.685,94.685,5
1704375900,94.69,94.69,94.685,94.685,3
1704375960,94.685,94.685,94.685,94.685,2
1704376020,94.69,94.69,94.685,94.685,47
1704376080,94.685,94.685,94.685,94.685,2
1704376140,94.685,94.685,94.685,94.685,170
1704376200,94.69,94.69,94.685,94.685,2
1704376260,94.685,94.69,94.685,94.685,9
1704376320,94.685,94.69,94.685,94.69,12
1704376380,94.685,94.69,94.685,94.69,62
1704376440,94.685,94.685,94.685,94.685,2
1704376500,94.685,94.69,94.685,94.685,12
1704376560,94.69,94.69,94.685,94.685,13
1704376620,94.69,94.69,94.685,94.685,11
1704376680,94.69,94.69,94.685,94.685,12
1704376740,94.685,94.69,94.685,94.685,513
1704376800,94.685,94.69,94.685,94.685,1006
1704376860,94.685,94.685,94.685,94.685,2
1704376920,94.69,94.69,94.685,94.685,10
1704376980,94.685,94.69,94.685,94.69,119
1704377040,94.685,94.69,94.685,94.685,14
1704377100,94.685,94.69,94.685,94.69,10
1704377160,94.685,94.69,94.685,94.69,11
1704377220,94.685,94.685,94.685,94.685,27
1704377280,94.69,94.69,94.685,94.685,14
1704377340,94.69,94.69,94.685,94.685,10
1704377400,94.685,94.69,94.685,94.69,12
1704377460,94.69,94.69,94.69,94.69,9
1704377520,94.685,94.69,94.685,94.69,10
1704377580,94.685,94.685,94.685,94.685,3
1704377640,94.69,94.69,94.69,94.69,10
1704377700,94.685,94.69,94.685,94.69,10
1704377760,94.685,94.69,94.685,94.685,58
1704377820,94.685,94.69,94.685,94.685,12
1704377880,94.685,94.69,94.685,94.69,10
1704377940,94.685,94.69,94.685,94.69,12
1704378000,94.685,94.685,94.685,94.685,3
1704378060,94.69,94.69,94.69,94.69,11
1704378120,94.69,94.69,94.685,94.685,11
1704378180,94.685,94.69,94.685,94.69,10
1704378240,94.685,94.69,94.685,94.69,10
1704378300,94.685,94.69,94.685,94.69,15
1704378420,94.69,94.69,94.685,94.685,11
1704378480,94.69,94.69,94.685,94.685,12
1704378540,94.69,94.69,94.685,94.685,10
1704378600,94.685,94.69,94.685,94.69,11
1704378660,94.685,94.69,94.685,94.69,11
1704378720,94.685,94.69,94.685,94.69,13
1704378840,94.69,94.69,94.69,94.69,10
1704378900,94.69,94.69,94.69,94.69,9
1704378960,94.69,94.69,94.69,94.69,9
1704379020,94.685,94.69,94.685,94.69,12
1704379080,94.685,94.69,94.685,94.685,11
1704379140,94.685,94.685,94.685,94.685,2
1704379200,94.69,94.69,94.685,94.685,14
1704379260,94.685,94.69,94.685,94.685,270
1704379320,94.69,94.69,94.69,94.69,9
1704379380,94.685,94.69,94.685,94.685,14
1704379440,94.69,94.69,94.685,94.685,47
1704379500,94.685,94.69,94.685,94.69,11
1704379560,94.685,94.685,94.685,94.685,3
1704379620,94.69,94.69,94.685,94.685,69
1704379680,94.69,94.69,94.685,94.685,12
1704379740,94.685,94.69,94.685,94.685,13
1704379800,94.69,94.69,94.69,94.69,9
1704379860,94.685,94.69,94.685,94.685,14
1704379920,94.685,94.685,94.685,94.685,1
1704379980,94.69,94.69,94.685,94.685,15
1704380040,94.685,94.69,94.685,94.685,14
1704380100,94.69,94.69,94.685,94.685,26
1704380160,94.685,94.69,94.685,94.685,12
1704380220,94.685,94.69,94.685,94.685,14
1704380280,94.685,94.69,94.685,94.69,10
1704380340,94.685,94.685,94.685,94.685,9
1704380400,94.69,94.69,94.685,94.685,117
1704380460,94.685,94.69,94.685,94.685,219
1704380520,94.685,94.69,94.685,94.685,15
1704380580,94.685,94.69,94.685,94.69,15
1704380640,94.685,94.69,94.685,94.69,13
1704380700,94.685,94.69,94.685,94.69,11
1704380760,94.685,94.685,94.685,94.685,2
1704380820,94.69,94.69,94.685,94.685,14
1704380880,94.69,94.69,94.685,94.685,12
1704380940,94.69,94.69,94.685,94.685,87
1704381000,94.685,94.69,94.685,94.685,12
1704381060,94.685,94.69,94.685,94.685,14
1704381120,94.685,94.685,94.685,94.685,3
1704381180,94.69,94.69,94.685,94.685,13
1704381240,94.685,94.69,94.685,94.685,12
1704381300,94.685,94.69,94.685,94.69,12
1704381360,94.685,94.69,94.685,94.685,13
1704381420,94.685,94.69,94.685,94.69,12
1704381480,94.685,94.69,94.685,94.69,11
1704381540,94.685,94.685,94.685,94.685,2
1704381600,94.69,94.69,94.685,94.685,13
1704381660,94.69,94.69,94.69,94.69,10
1704381720,94.685,94.69,94.685,94.69,11
1704381780,94.685,94.69,94.685,94.69,12
1704381840,94.685,94.69,94.685,94.69,11
1704381900,94.685,94.685,94.685,94.685,2
1704381960,94.69,94.69,94.685,94.685,111
1704382020,94.69,94.69,94.685,94.685,13
1704382080,94.685,94.69,94.685,94.685,13
1704382140,94.685,94.69,94.685,94.69,12
1704382200,94.685,94.69,94.685,94.685,783
1704382260,94.685,94.69,94.685,94.69,11
1704382380,94.69,94.69,94.685,94.685,12
1704382440,94.69,94.69,94.69,94.69,9
1704382500,94.69,94.69,94.69,94.69,10
1704382560,94.69,94.69,94.69,94.69,9
1704382620,94.69,94.69,94.69,94.69,9
1704382740,94.69,94.69,94.69,94.69,10
1704382800,94.69,94.69,94.69,94.69,9
1704382860,94.69,94.69,94.69,94.69,10
1704382920,94.685,94.69,94.685,94.69,14
1704382980,94.685,94.69,94.685,94.69,20
1704383040,94.685,94.69,94.685,94.69,21
1704383100,94.685,94.685,94.685,94.685,3
1704383160,94.685,94.685,94.685,94.685,3
1704383280,94.685,94.685,94.685,94.685,2
1704383340,94.685,94.685,94.685,94.685,2
1704383400,94.685,94.685,94.685,94.685,1
1704383460,94.685,94.685,94.685,94.685,3
1704383520,94.685,94.685,94.685,94.685,3
1704383580,94.685,94.685,94.685,94.685,2
1704383640,94.685,94.685,94.685,94.685,2
1704383700,94.685,94.685,94.685,94.685,2
1704383760,94.685,94.685,94.685,94.685,1
1704383820,94.685,94.685,94.685,94.685,2
1704383880,94.685,94.685,94.685,94.685,2
1704383940,94.685,94.685,94.685,94.685,4
1704384000,94.685,94.685,94.685,94.685,2
1704384060,94.685,94.685,94.685,94.685,254
1704384120,94.685,94.685,94.685,94.685,73
1704384240,94.685,94.685,94.685,94.685,2
1704384300,94.685,94.685,94.685,94.685,2
1704384360,94.685,94.685,94.685,94.685,1
1704384420,94.685,94.685,94.685,94.685,2
1704384540,94.685,94.685,94.685,94.685,54
1704384600,94.685,94.685,94.685,94.685,1
1704384660,94.685,94.685,94.685,94.685,1
1704384720,94.685,94.685,94.685,94.685,2
1704384780,94.685,94.685,94.685,94.685,3
1704384900,94.685,94.685,94.685,94.685,3
1704384960,94.685,94.685,94.685,94.685,3
1704385080,94.685,94.685,94.685,94.685,2
1704385140,94.685,94.685,94.685,94.685,2
1704385200,94.685,94.685,94.685,94.685,1
1704385260,94.685,94.685,94.685,94.685,2
1704385380,94.685,94.685,94.685,94.685,1
1704385440,94.685,94.685,94.685,94.685,3
1704385500,94.685,94.685,94.685,94.685,2
1704385620,94.685,94.685,94.685,94.685,26
1704385680,94.685,94.685,94.685,94.685,2
1704385740,94.685,94.685,94.685,94.685,240
1704385800,94.685,94.685,94.685,94.685,1
1704385860,94.685,94.685,94.685,94.685,3
1704385980,94.685,94.685,94.685,94.685,2
1704386040,94.685,94.685,94.685,94.685,1
1704386100,94.685,94.685,94.685,94.685,17
1704386160,94.685,94.685,94.685,94.685,2
1704386280,94.685,94.685,94.685,94.685,1
1704386340,94.685,94.685,94.685,94.685,2
1704386460,94.685,94.685,94.685,94.685,2
1704386580,94.685,94.685,94.685,94.685,2
1704386700,94.685,94.685,94.685,94.685,44
1704386760,94.685,94.685,94.685,94.685,1
1704386820,94.685,94.685,94.685,94.685,1
1704386880,94.685,94.685,94.685,94.685,2
1704387000,94.685,94.685,94.685,94.685,1
1704387060,94.685,94.685,94.685,94.685,1
1704387120,94.685,94.685,94.685,94.685,1
1704387180,94.685,94.685,94.685,94.685,1
1704387240,94.685,94.685,94.685,94.685,2
1704387420,94.685,94.685,94.685,94.685,206
1704387480,94.685,94.685,94.685,94.685,1
1704387600,94.685,94.685,94.685,94.685,2
1704387660,94.685,94.685,94.685,94.685,1
1704387720,94.685,94.685,94.685,94.685,1
1704387780,94.685,94.685,94.685,94.685,2
1704387900,94.685,94.685,94.685,94.685,1
1704387960,94.685,94.685,94.685,94.685,2
1704388080,94.685,94.685,94.685,94.685,2
1704388140,94.685,94.685,94.685,94.685,1
1704388200,94.685,94.685,94.685,94.685,2
1704388320,94.685,94.685,94.685,94.685,1
1704388380,94.685,94.685,94.685,94.685,1202
1704388560,94.685,94.685,94.685,94.685,1
1704388620,94.685,94.685,94.685,94.685,2
1704388740,94.685,94.685,94.685,94.685,2
1704388800,94.685,94.685,94.685,94.685,4
1704388860,94.685,94.685,94.685,94.685,3
1704388920,94.685,94.685,94.685,94.685,3
1704388980,94.685,94.685,94.685,94.685,2
1704389040,94.685,94.685,94.685,94.685,402
1704389100,94.685,94.685,94.685,94.685,2
1704389160,94.685,94.69,94.685,94.685,25
1704389280,94.685,94.685,94.685,94.685,2
1704389400,94.685,94.685,94.685,94.685,2
1704389520,94.685,94.685,94.685,94.685,100
1704389580,94.685,94.685,94.685,94.685,1
1704389700,94.685,94.685,94.685,94.685,2
1704389760,94.685,94.685,94.685,94.685,40
1704389940,94.685,94.69,94.685,94.69,29
1704390000,94.685,94.685,94.685,94.685,1
1704390060,94.685,94.685,94.685,94.685,1
1704390180,94.685,94.685,94.685,94.685,1
1704390240,94.685,94.685,94.685,94.685,6
1704390300,94.685,94.685,94.685,94.685,1
1704390420,94.685,94.685,94.685,94.685,21
1704390480,94.685,94.685,94.685,94.685,1
1704390540,94.685,94.685,94.685,94.685,1
1704390660,94.685,94.69,94.685,94.685,3
1704390720,94.685,94.685,94.685,94.685,3
1704390780,94.685,94.685,94.685,94.685,1
1704390840,94.685,94.685,94.685,94.685,1
1704390900,94.685,94.685,94.685,94.685,2
1704390960,94.685,94.685,94.685,94.685,1
1704391020,94.685,94.69,94.685,94.685,3
1704391080,94.685,94.69,94.685,94.69,101
1704391140,94.685,94.685,94.685,94.685,3
1704391200,94.685,94.685,94.685,94.685,2
1704391260,94.685,94.685,94.685,94.685,2
1704391320,94.685,94.69,94.685,94.69,3
1704391380,94.685,94.685,94.685,94.685,2
1704391440,94.685,94.685,94.685,94.685,2
1704391500,94.685,94.685,94.685,94.685,1
1704391560,94.685,94.685,94.685,94.685,2
1704391620,94.685,94.685,94.685,94.685,3
1704391680,94.685,94.685,94.685,94.685,1
1704391740,94.685,94.685,94.685,94.685,1
1704391800,94.685,94.685,94.685,94.685,3
1704391860,94.685,94.685,94.685,94.685,1
1704391920,94.685,94.685,94.685,94.685,2
1704392040,94.685,94.685,94.685,94.685,1
1704392100,94.685,94.685,94.685,94.685,1
1704392160,94.685,94.69,94.685,94.69,2
1704392220,94.685,94.685,94.685,94.685,3
1704392280,94.685,94.685,94.685,94.685,111
1704392340,94.685,94.685,94.685,94.685,128
1704392400,94.685,94.685,94.685,94.685,1
1704392460,94.685,94.685,94.685,94.685,1
1704392520,94.69,94.69,94.685,94.685,13
1704392580,94.685,94.685,94.685,94.685,1
1704392640,94.685,94.685,94.685,94.685,2
1704392700,94.685,94.69,94.685,94.69,2
1704392760,94.685,94.685,94.685,94.685,1
1704392820,94.685,94.685,94.685,94.685,1
1704392880,94.685,94.685,94.685,94.685,1
1704392940,94.685,94.685,94.685,94.685,2
1704393000,94.685,94.685,94.685,94.685,1
1704393120,94.685,94.685,94.685,94.685,1
1704393180,94.685,94.685,94.685,94.685,194
1704393300,94.685,94.685,94.685,94.685,1
1704393360,94.685,94.685,94.685,94.685,1
1704393420,94.685,94.685,94.685,94.685,2
1704393480,94.685,94.69,94.685,94.69,13
1704393540,94.685,94.685,94.685,94.685,1
1704393660,94.685,94.685,94.685,94.685,1
1704393780,94.685,94.685,94.685,94.685,1
1704393840,94.685,94.685,94.685,94.685,1
1704393900,94.685,94.685,94.685,94.685,2
1704393960,94.685,94.685,94.685,94.685,1
1704394020,94.685,94.685,94.685,94.685,1
1704394140,94.685,94.685,94.685,94.685,1
1704394200,94.685,94.685,94.685,94.685,1
1704394320,94.685,94.685,94.685,94.685,1
1704394380,94.685,94.685,94.685,94.685,1
1704394500,94.685,94.685,94.685,94.685,1
1704394560,94.685,94.685,94.685,94.685,1
1704394620,94.685,94.685,94.685,94.685,2
1704394680,94.685,94.685,94.685,94.685,2
1704394740,94.685,94.685,94.685,94.685,2
1704394800,94.685,94.685,94.685,94.685,2
1704394860,94.685,94.685,94.685,94.685,1
1704394920,94.685,94.69,94.685,94.685,3
1704394980,94.685,94.685,94.685,94.685,1
1704395040,94.685,94.685,94.685,94.685,2
1704395100,94.685,94.685,94.685,94.685,1
1704395160,94.685,94.685,94.685,94.685,2
1704395220,94.685,94.685,94.685,94.685,1
1704395280,94.69,94.69,94.685,94.685,6
1704395400,94.685,94.685,94.685,94.685,1
1704395460,94.685,94.685,94.685,94.685,1
1704395520,94.685,94.685,94.685,94.685,1
1704395580,94.685,94.685,94.685,94.685,1
1704395640,94.685,94.685,94.685,94.685,1
1704395700,94.685,94.685,94.685,94.685,6
1704395820,94.685,94.685,94.685,94.685,2
1704395880,94.685,94.685,94.685,94.685,1
1704395940,94.685,94.685,94.685,94.685,1
1704396060,94.685,94.685,94.685,94.685,2
1704396120,94.685,94.685,94.685,94.685,1
1704396180,94.685,94.685,94.685,94.685,1
1704396300,94.685,94.69,94.685,94.69,3
1704396420,94.685,94.685,94.685,94.685,1
1704396480,94.685,94.685,94.685,94.685,1
1704396600,94.685,94.685,94.685,94.685,1
1704396660,94.685,94.685,94.685,94.685,40
1704396720,94.685,94.69,94.685,94.69,3
1704396780,94.685,94.685,94.685,94.685,1
1704396900,94.685,94.685,94.685,94.685,1
1704396960,94.685,94.685,94.685,94.685,1
1704397020,94.685,94.685,94.685,94.685,1
1704397080,94.685,94.69,94.685,94.69,4
1704397140,94.69,94.69,94.685,94.69,4
1704397260,94.685,94.685,94.685,94.685,1
1704397380,94.685,94.685,94.685,94.685,1
1704397500,94.685,94.685,94.685,94.685,1
1704397620,94.685,94.685,94.685,94.685,1
1704397680,94.685,94.685,94.685,94.685,1
1704397740,94.685,94.685,94.685,94.685,1
1704397860,94.685,94.69,94.685,94.69,36
1704397920,94.69,94.69,94.69,94.69,2
1704397980,94.685,94.685,94.685,94.685,1
1704398040,94.685,94.685,94.685,94.685,10
1704398160,94.685,94.685,94.685,94.685,2
1704398220,94.685,94.69,94.685,94.69,2
1704398340,94.685,94.69,94.685,94.685,32
1704398400,94.685,94.685,94.685,94.685,1
1704398520,94.685,94.685,94.685,94.685,1
1704398580,94.685,94.69,94.685,94.69,21
1704398640,94.685,94.69,94.685,94.69,266
1704398940,94.69,94.69,94.69,94.69,21
1704399000,94.69,94.69,94.69,94.69,6
1704399060,94.69,94.69,94.69,94.69,9
1704399120,94.69,94.69,94.685,94.685,9
1704399180,94.69,94.69,94.685,94.685,9
1704399240,94.69,94.69,94.685,94.685,9
1704399300,94.69,94.69,94.69,94.69,9
1704399360,94.685,94.69,94.685,94.69,9
1704399420,94.69,94.69,94.685,94.69,9
1704399480,94.69,94.69,94.685,94.69,9
1704399540,94.69,94.69,94.685,94.685,9
1704399600,94.69,94.69,94.685,94.69,13
1704399660,94.69,94.69,94.685,94.685,10
1704399720,94.69,94.69,94.685,94.69,6
1704399780,94.685,94.685,94.685,94.685,1
1704399840,94.69,94.69,94.685,94.685,2
1704399900,94.685,94.685,94.685,94.685,1
1704399960,94.685,94.685,94.685,94.685,1
1704400080,94.685,94.685,94.685,94.685,1
1704400140,94.685,94.685,94.685,94.685,1
1704400200,94.685,94.685,94.685,94.685,2
1704400260,94.685,94.685,94.685,94.685,1
1704400320,94.685,94.69,94.685,94.69,2
1704400380,94.685,94.685,94.685,94.685,1
1704400500,94.685,94.685,94.685,94.685,1
1704400560,94.685,94.685,94.685,94.685,1
1704400620,94.685,94.685,94.685,94.685,1
1704400740,94.685,94.685,94.685,94.685,1
1704400800,94.685,94.685,94.685,94.685,1
1704400860,94.685,94.685,94.685,94.685,3
1704400920,94.69,94.69,94.685,94.685,2
1704401040,94.685,94.685,94.685,94.685,1
1704401100,94.685,94.685,94.685,94.685,1
1704401160,94.685,94.685,94.685,94.685,1
1704401220,94.685,94.685,94.685,94.685,2
1704401280,94.685,94.69,94.685,94.69,21
1704401340,94.69,94.69,94.685,94.685,5
1704401400,94.685,94.685,94.685,94.685,1
1704401460,94.685,94.685,94.685,94.685,1
1704401520,94.685,94.685,94.685,94.685,1
1704401640,94.685,94.685,94.685,94.685,1
1704401700,94.685,94.685,94.685,94.685,1
1704401760,94.685,94.69,94.685,94.69,3
1704401880,94.685,94.685,94.685,94.685,1
1704401940,94.685,94.685,94.685,94.685,3
1704402060,94.685,94.685,94.685,94.685,1
1704402120,94.685,94.685,94.685,94.685,6
1704402180,94.685,94.685,94.685,94.685,1
1704402240,94.685,94.685,94.685,94.685,1
1704402840,94.685,94.685,94.685,94.685,121
1704403680,94.685,94.685,94.685,94.685,1850
1704404460,94.685,94.685,94.685,94.685,1156
1704404700,94.69,94.69,94.69,94.69,60
1704405240,94.685,94.685,94.685,94.685,97
1704405420,94.685,94.685,94.685,94.685,156
1704405540,94.685,94.685,94.685,94.685,1
1704409200,94.685,94.685,94.685,94.685,2706
1704411840,94.685,94.685,94.685,94.685,67
1704412920,94.685,94.685,94.685,94.685,500
1704418380,94.68,94.68,94.68,94.68,105
1704419220,94.68,94.68,94.68,94.68,10
1704419340,94.68,94.68,94.68,94.68,100
1704425400,94.68,94.68,94.68,94.68,50
1704428100,94.685,94.685,94.685,94.685,75
1704428220,94.685,94.685,94.685,94.685,5
1704429000,94.685,94.685,94.685,94.685,6
1704429060,94.685,94.685,94.685,94.685,1200
1704429480,94.685,94.685,94.685,94.685,240
1704430380,94.685,94.685,94.685,94.685,50
1704430980,94.685,94.685,94.685,94.685,18
1704432960,94.685,94.685,94.685,94.685,177
1704436440,94.685,94.685,94.685,94.685,33
1704436500,94.685,94.685,94.685,94.685,33
1704437400,94.68,94.68,94.68,94.68,400
1704437880,94.685,94.685,94.685,94.685,1000
1704438540,94.685,94.685,94.685,94.685,55
1704438600,94.685,94.685,94.685,94.685,55
1704438660,94.685,94.685,94.685,94.685,25
1704438780,94.685,94.685,94.685,94.685,25
1704438840,94.685,94.685,94.685,94.685,1102
1704441480,94.685,94.685,94.685,94.685,58
1704442320,94.68,94.68,94.68,94.68,11
1704443100,94.685,94.685,94.685,94.685,700
1704443160,94.685,94.685,94.685,94.685,400
1704444120,94.685,94.685,94.685,94.685,1005
1704444420,94.685,94.685,94.685,94.685,200
1704444480,94.685,94.685,94.685,94.685,480
1704444840,94.685,94.685,94.685,94.685,1956
1704445080,94.68,94.68,94.68,94.68,100
1704445980,94.685,94.685,94.685,94.685,12
1704447720,94.685,94.685,94.685,94.685,49
1704449100,94.685,94.685,94.685,94.685,200
1704450480,94.685,94.685,94.685,94.685,8
1704451080,94.685,94.685,94.685,94.685,19
1704451620,94.685,94.685,94.685,94.685,415
1704452220,94.685,94.685,94.685,94.685,41
1704456300,94.685,94.685,94.68,94.685,2085
1704456540,94.685,94.685,94.685,94.685,200
1704456660,94.685,94.685,94.685,94.685,19
1704457140,94.685,94.685,94.685,94.685,900
1704457200,94.685,94.685,94.685,94.685,1066
1704457260,94.685,94.685,94.685,94.685,1157
1704457380,94.685,94.685,94.685,94.685,575
1704457560,94.685,94.685,94.685,94.685,1
1704457620,94.685,94.685,94.685,94.685,2249
1704457800,94.685,94.685,94.685,94.685,20
1704457860,94.69,94.69,94.685,94.69,775
1704457920,94.69,94.69,94.69,94.69,9
1704457980,94.69,94.69,94.69,94.69,6
1704458040,94.69,94.69,94.69,94.69,9
1704458100,94.69,94.69,94.69,94.69,6
1704458160,94.69,94.69,94.69,94.69,10
1704458220,94.69,94.69,94.69,94.69,6
1704458280,94.69,94.69,94.69,94.69,9
1704458340,94.69,94.69,94.69,94.69,6
1704458400,94.69,94.69,94.69,94.69,9
1704458460,94.69,94.69,94.69,94.69,6
1704458520,94.69,94.69,94.69,94.69,3
1704458580,94.69,94.69,94.69,94.69,3
1704458640,94.69,94.69,94.685,94.685,4
1704458700,94.69,94.69,94.69,94.69,6
1704458760,94.69,94.69,94.69,94.69,3
1704458820,94.69,94.69,94.69,94.69,8
1704458880,94.69,94.69,94.69,94.69,8
1704458940,94.69,94.69,94.69,94.69,3
1704459000,94.69,94.69,94.69,94.69,3
1704459060,94.69,94.69,94.69,94.69,3
1704459120,94.69,94.69,94.69,94.69,3
1704459180,94.69,94.69,94.69,94.69,3
1704459240,94.685,94.69,94.685,94.69,5
1704459300,94.69,94.69,94.69,94.69,3
1704459360,94.69,94.69,94.69,94.69,3
1704459420,94.69,94.69,94.69,94.69,3
1704459480,94.69,94.69,94.69,94.69,7
1704459540,94.685,94.69,94.685,94.69,260
1704459600,94.69,94.69,94.69,94.69,3
1704459660,94.69,94.69,94.69,94.69,87
1704459720,94.685,94.69,94.685,94.69,58
1704459780,94.69,94.69,94.69,94.69,4
1704459840,94.69,94.69,94.69,94.69,3
1704459900,94.69,94.69,94.685,94.69,202
1704459960,94.69,94.69,94.685,94.685,30
1704460020,94.69,94.69,94.69,94.69,7
1704460080,94.69,94.69,94.69,94.69,4
1704460140,94.69,94.69,94.685,94.69,8
1704460200,94.69,94.69,94.685,94.69,235
1704460260,94.69,94.69,94.69,94.69,3
1704460320,94.69,94.69,94.69,94.69,7
1704460380,94.69,94.69,94.685,94.69,42
1704460440,94.69,94.69,94.69,94.69,6
1704460500,94.69,94.69,94.69,94.69,239
1704460560,94.69,94.69,94.69,94.69,31
1704460620,94.69,94.69,94.685,94.685,8
1704460680,94.69,94.69,94.69,94.69,7
1704460740,94.69,94.69,94.69,94.69,345
1704460800,94.69,94.69,94.685,94.69,1349
1704460860,94.69,94.69,94.69,94.69,5
1704460920,94.69,94.69,94.685,94.69,10
1704460980,94.69,94.69,94.685,94.685,204
1704461040,94.685,94.69,94.685,94.69,46
1704461100,94.69,94.69,94.69,94.69,7
1704461160,94.69,94.69,94.69,94.69,6
1704461220,94.69,94.69,94.69,94.69,268
1704461280,94.69,94.69,94.685,94.69,2035
1704461340,94.69,94.69,94.69,94.69,480
1704461400,94.685,94.685,94.675,94.68,6866
1704461460,94.675,94.675,94.675,94.675,170
1704461520,94.68,94.68,94.68,94.68,2406
1704461580,94.68,94.68,94.68,94.68,2449
1704461640,94.68,94.68,94.68,94.68,407
1704461700,94.68,94.68,94.68,94.68,14
1704461760,94.68,94.68,94.68,94.68,459
1704461820,94.68,94.68,94.68,94.68,1194
1704461880,94.68,94.68,94.68,94.68,13
1704461940,94.68,94.68,94.68,94.68,2000
1704462000,94.675,94.675,94.675,94.675,4
1704462060,94.68,94.68,94.68,94.68,5111
1704462120,94.68,94.685,94.68,94.68,1929
1704462180,94.68,94.68,94.68,94.68,86
1704462240,94.675,94.675,94.675,94.675,100
1704462300,94.68,94.68,94.68,94.68,2606
1704462360,94.68,94.68,94.68,94.68,2206
1704462420,94.68,94.68,94.68,94.68,201
1704462480,94.68,94.68,94.68,94.68,305
1704462600,94.68,94.68,94.68,94.68,4
1704462720,94.68,94.68,94.68,94.68,5
1704462840,94.68,94.68,94.68,94.68,104
1704462900,94.68,94.68,94.68,94.68,240
1704463080,94.68,94.68,94.68,94.68,25
1704463200,94.68,94.68,94.68,94.68,1351
1704463260,94.68,94.68,94.68,94.68,931
1704463320,94.68,94.68,94.68,94.68,1142
1704463380,94.68,94.68,94.68,94.68,269
1704463440,94.68,94.68,94.68,94.68,96
1704463500,94.68,94.68,94.68,94.68,2001
1704463560,94.68,94.68,94.68,94.68,2319
1704463620,94.68,94.68,94.68,94.68,314
1704463680,94.68,94.68,94.68,94.68,18
1704463920,94.675,94.675,94.675,94.675,210
1704464220,94.68,94.68,94.68,94.68,810
1704464280,94.68,94.68,94.68,94.68,553
1704464340,94.68,94.68,94.68,94.68,30
1704464400,94.68,94.68,94.68,94.68,214
1704464460,94.68,94.68,94.68,94.68,33
1704464580,94.68,94.68,94.68,94.68,35
1704464640,94.675,94.68,94.675,94.68,7
1704464760,94.68,94.68,94.68,94.68,1566
1704464940,94.685,94.685,94.685,94.685,1
1704465060,94.68,94.68,94.68,94.68,8789
1704465120,94.68,94.68,94.68,94.68,50
1704465180,94.68,94.68,94.68,94.68,75
1704465300,94.68,94.68,94.68,94.68,104
1704465360,94.68,94.68,94.68,94.68,2953
1704465480,94.68,94.68,94.68,94.68,813
1704465540,94.68,94.68,94.68,94.68,2
1704465900,94.68,94.68,94.68,94.68,1
1704466020,94.68,94.68,94.68,94.68,523
1704466320,94.685,94.685,94.685,94.685,10
1704466440,94.68,94.68,94.68,94.68,60
1704466500,94.68,94.68,94.68,94.68,229
1704466560,94.675,94.675,94.675,94.675,2
1704466620,94.68,94.68,94.68,94.68,1
1704466680,94.68,94.68,94.68,94.68,120
1704466800,94.685,94.685,94.68,94.685,3827
1704466860,94.68,94.68,94.68,94.68,58
1704466920,94.685,94.685,94.68,94.685,1124
1704466980,94.685,94.685,94.68,94.685,729
1704467040,94.685,94.685,94.68,94.68,2
1704467100,94.685,94.685,94.68,94.685,427
1704467220,94.68,94.685,94.68,94.685,75
1704467340,94.685,94.685,94.685,94.685,1
1704467400,94.685,94.685,94.685,94.685,2360
1704467460,94.685,94.685,94.685,94.685,350
1704467520,94.685,94.685,94.685,94.685,1433
1704467580,94.685,94.685,94.685,94.685,2104
1704467640,94.685,94.69,94.685,94.685,320
1704467700,94.685,94.685,94.685,94.685,1043
1704467760,94.685,94.685,94.685,94.685,17
1704468060,94.69,94.69,94.69,94.69,1
1704468120,94.69,94.69,94.69,94.69,250
1704468240,94.69,94.69,94.69,94.69,505
1704468300,94.69,94.69,94.69,94.69,1187
1704468360,94.69,94.69,94.69,94.69,130
1704468420,94.69,94.69,94.69,94.69,2348
1704468540,94.69,94.695,94.69,94.695,501
1704468660,94.69,94.69,94.69,94.69,2367
1704468780,94.69,94.69,94.69,94.69,594
1704468840,94.69,94.69,94.69,94.69,5645
1704468900,94.69,94.69,94.69,94.69,1242
1704468960,94.69,94.69,94.69,94.69,184
1704469080,94.69,94.69,94.69,94.69,401
1704469140,94.69,94.69,94.69,94.69,80
1704469200,94.69,94.69,94.69,94.69,2
1704469320,94.69,94.69,94.69,94.69,1893
1704469380,94.69,94.69,94.69,94.69,156
1704469440,94.69,94.69,94.69,94.69,56
1704469500,94.69,94.69,94.69,94.69,15
1704469560,94.69,94.69,94.69,94.69,135
1704469620,94.69,94.69,94.69,94.69,1117
1704469740,94.69,94.69,94.69,94.69,5886
1704469800,94.69,94.69,94.69,94.69,803
1704469860,94.69,94.69,94.69,94.69,80
1704469920,94.69,94.69,94.69,94.69,231
1704470160,94.685,94.685,94.685,94.685,1
1704470220,94.69,94.69,94.69,94.69,36
1704470280,94.69,94.69,94.685,94.685,197
1704470340,94.69,94.69,94.685,94.685,803
1704470460,94.685,94.685,94.685,94.685,1
1704470520,94.685,94.685,94.685,94.685,1
1704470580,94.69,94.69,94.69,94.69,1
1704470700,94.685,94.685,94.685,94.685,1
1704470940,94.685,94.685,94.685,94.685,1
1704471060,94.685,94.685,94.685,94.685,1
1704471300,94.685,94.69,94.685,94.69,25
1704471600,94.685,94.685,94.685,94.685,1
1704471960,94.685,94.685,94.685,94.685,1
1704472140,94.685,94.685,94.685,94.685,1
1704472380,94.685,94.685,94.685,94.685,1
1704472560,94.685,94.685,94.685,94.685,50
1704472740,94.685,94.685,94.685,94.685,1
1704472800,94.69,94.69,94.69,94.69,3
1704472980,94.685,94.685,94.685,94.685,1
1704473100,94.685,94.685,94.685,94.685,1
1704473520,94.685,94.685,94.685,94.685,2
1704473580,94.685,94.685,94.685,94.685,138
1704473640,94.685,94.685,94.685,94.685,498
1704473760,94.685,94.685,94.685,94.685,48
1704473820,94.685,94.685,94.685,94.685,412
1704473880,94.685,94.685,94.685,94.685,14
1704474000,94.685,94.685,94.685,94.685,1
1704474120,94.685,94.685,94.685,94.685,3
1704474180,94.685,94.685,94.685,94.685,5
1704474240,94.685,94.685,94.685,94.685,10
1704474300,94.685,94.685,94.685,94.685,5
1704474480,94.685,94.685,94.685,94.685,13
1704474540,94.685,94.685,94.685,94.685,1
1704474600,94.685,94.685,94.685,94.685,41
1704474660,94.685,94.685,94.685,94.685,90
1704474900,94.685,94.685,94.685,94.685,1
1704475200,94.685,94.685,94.685,94.685,1
1704475560,94.685,94.685,94.685,94.685,1
1704475800,94.685,94.685,94.685,94.685,2
1704475920,94.685,94.685,94.685,94.685,1
1704475980,94.69,94.69,94.685,94.685,11
1704476160,94.685,94.685,94.685,94.685,55
1704476220,94.685,94.685,94.685,94.685,5
1704476280,94.685,94.685,94.685,94.685,1
1704476640,94.685,94.685,94.685,94.685,200
1704476880,94.685,94.685,94.685,94.685,1
1704477240,94.685,94.685,94.685,94.685,1
1704477420,94.685,94.685,94.685,94.685,199
1704477480,94.685,94.685,94.685,94.685,2
1704477540,94.685,94.685,94.685,94.685,1
1704477600,94.685,94.685,94.685,94.685,1
1704477660,94.685,94.685,94.685,94.685,1
1704477720,94.685,94.685,94.685,94.685,1
1704477780,94.685,94.685,94.685,94.685,6
1704477840,94.685,94.685,94.685,94.685,1
1704478140,94.69,94.69,94.69,94.69,120
1704478200,94.69,94.69,94.685,94.685,13
1704478260,94.685,94.685,94.685,94.685,1
1704478440,94.685,94.685,94.685,94.685,2
1704478500,94.685,94.685,94.685,94.685,60
1704478560,94.685,94.685,94.685,94.685,2
1704478620,94.685,94.685,94.685,94.685,3
1704478860,94.685,94.685,94.685,94.685,1
1704479100,94.685,94.685,94.685,94.685,5
1704479340,94.685,94.685,94.685,94.685,1
1704479580,94.685,94.685,94.685,94.685,1
1704479640,94.685,94.685,94.685,94.685,2
1704479760,94.685,94.685,94.685,94.685,3
1704480120,94.685,94.685,94.685,94.685,3
1704480180,94.685,94.685,94.685,94.685,1
1704480240,94.685,94.685,94.685,94.685,5
1704480480,94.685,94.685,94.685,94.685,1
1704480660,94.685,94.685,94.685,94.685,1
1704480720,94.685,94.685,94.685,94.685,3
1704480840,94.685,94.685,94.685,94.685,1
1704480900,94.685,94.685,94.685,94.685,1
1704481020,94.685,94.685,94.685,94.685,1
1704481080,94.685,94.685,94.685,94.685,1
1704481380,94.685,94.69,94.685,94.685,55
1704481440,94.685,94.685,94.685,94.685,1
1704481620,94.685,94.685,94.685,94.685,2
1704481740,94.685,94.685,94.685,94.685,1
1704482280,94.685,94.685,94.685,94.685,1
1704482580,94.69,94.69,94.69,94.69,3
1704482940,94.69,94.69,94.685,94.685,524
1704483240,94.685,94.685,94.685,94.685,1
1704483480,94.685,94.685,94.685,94.685,2
1704483600,94.685,94.685,94.685,94.685,1
1704484080,94.685,94.69,94.685,94.69,5
1704484260,94.69,94.69,94.69,94.69,29
1704484380,94.685,94.685,94.685,94.685,1
1704484500,94.685,94.685,94.685,94.685,2
1704484560,94.685,94.685,94.685,94.685,1
1704484620,94.685,94.685,94.685,94.685,3
1704484680,94.685,94.685,94.685,94.685,1
1704484740,94.685,94.685,94.685,94.685,3
1704484800,94.685,94.685,94.685,94.685,6
1704484860,94.685,94.685,94.685,94.685,1
1704484920,94.69,94.69,94.69,94.69,20
1704485640,94.685,94.685,94.685,94.685,98
1704485880,94.685,94.685,94.685,94.685,1
1704485940,94.685,94.685,94.685,94.685,1
1704486600,94.69,94.69,94.685,94.685,7
1704486720,94.685,94.685,94.685,94.685,5
1704488040,94.69,94.69,94.69,94.69,19
1704488340,94.685,94.685,94.685,94.685,1
1704488580,94.69,94.69,94.69,94.69,121
1704488820,94.69,94.69,94.69,94.69,44
1704490860,94.69,94.69,94.69,94.69,2
1704491340,94.69,94.69,94.69,94.69,22
1704491400,94.69,94.69,94.69,94.69,12
1704491640,94.69,94.69,94.69,94.69,1
1704491760,94.69,94.69,94.69,94.69,100
1704668400,94.685,94.685,94.685,94.685,5863
1704668460,94.685,94.685,94.685,94.685,434
1704668520,94.685,94.685,94.68,94.68,144
1704668580,94.68,94.68,94.68,94.68,626
1704669960,94.685,94.685,94.68,94.68,74
1704673200,94.68,94.68,94.68,94.68,405
1704674340,94.685,94.685,94.685,94.685,50
1704676680,94.68,94.68,94.68,94.68,53
1704678960,94.68,94.68,94.68,94.68,405
1704685380,94.68,94.68,94.68,94.68,27
1704696180,94.68,94.68,94.68,94.68,77
1704696240,94.68,94.68,94.68,94.68,26
1704696480,94.68,94.68,94.68,94.68,54
1704696960,94.68,94.68,94.68,94.68,105
1704699000,94.68,94.68,94.68,94.68,45
1704699300,94.68,94.68,94.68,94.68,82
1704701040,94.68,94.68,94.68,94.68,15
1704701700,94.68,94.68,94.68,94.68,1
1704701760,94.68,94.68,94.68,94.68,10
1704707100,94.68,94.68,94.68,94.68,1
1704708480,94.68,94.68,94.68,94.68,7
1704713640,94.685,94.685,94.685,94.685,25
1704714120,94.68,94.68,94.68,94.68,2
1704717240,94.685,94.685,94.685,94.685,16
1704718860,94.685,94.685,94.68,94.68,205
1704719040,94.68,94.68,94.68,94.68,505
1704719760,94.68,94.68,94.68,94.68,1
1704719940,94.68,94.68,94.68,94.68,8
1704720000,94.68,94.68,94.68,94.68,2
1704720060,94.685,94.685,94.685,94.685,6
1704720480,94.685,94.685,94.685,94.685,54
1704720540,94.685,94.685,94.685,94.685,5
1704721020,94.68,94.68,94.68,94.68,1
1704721080,94.68,94.68,94.68,94.68,1
1704721320,94.68,94.68,94.68,94.68,1
1704721500,94.685,94.685,94.685,94.685,1
1704721740,94.68,94.68,94.68,94.68,48
1704722160,94.685,94.685,94.68,94.68,205
1704722220,94.68,94.68,94.68,94.68,1
1704722280,94.68,94.68,94.68,94.68,16
1704722340,94.685,94.685,94.685,94.685,5
1704722700,94.68,94.68,94.68,94.68,1
1704722820,94.685,94.685,94.685,94.685,3
1704724140,94.685,94.685,94.685,94.685,4
1704724200,94.68,94.68,94.68,94.68,2
1704724320,94.68,94.68,94.68,94.68,1
1704724500,94.68,94.68,94.68,94.68,1
1704724620,94.68,94.68,94.68,94.68,1
1704724740,94.68,94.68,94.68,94.68,1
1704724800,94.685,94.685,94.685,94.685,2
1704724860,94.685,94.685,94.68,94.68,155
1704724920,94.68,94.68,94.68,94.68,1
1704725160,94.68,94.68,94.68,94.68,1
1704725340,94.68,94.68,94.68,94.68,10
1704725400,94.68,94.68,94.68,94.68,1
1704725940,94.685,94.685,94.685,94.685,4
1704726000,94.685,94.685,94.685,94.685,46
1704726480,94.68,94.68,94.68,94.68,1
1704726540,94.68,94.68,94.68,94.68,1
1704726660,94.68,94.68,94.68,94.68,1
1704726840,94.68,94.68,94.68,94.68,1
1704726900,94.685,94.685,94.685,94.685,17
1704727260,94.685,94.685,94.68,94.68,77
1704727500,94.68,94.68,94.68,94.68,78
1704727620,94.68,94.68,94.68,94.68,1
1704727680,94.68,94.68,94.68,94.68,3
1704727740,94.68,94.68,94.68,94.68,1
1704727800,94.68,94.68,94.68,94.68,1
1704727860,94.68,94.68,94.68,94.68,1
1704728040,94.68,94.68,94.68,94.68,1
1704728280,94.68,94.68,94.68,94.68,1
1704728460,94.68,94.68,94.68,94.68,1
1704728580,94.68,94.68,94.68,94.68,2
1704728700,94.68,94.68,94.68,94.68,1
1704728760,94.68,94.68,94.68,94.68,1
1704728820,94.68,94.68,94.68,94.68,1
1704728880,94.68,94.68,94.68,94.68,1
1704729120,94.685,94.685,94.685,94.685,150
1704729480,94.68,94.68,94.68,94.68,1
1704729540,94.68,94.68,94.68,94.68,1
1704729600,94.68,94.68,94.68,94.68,1
1704730140,94.68,94.68,94.68,94.68,1
1704730320,94.685,94.685,94.685,94.685,2
1704730440,94.685,94.685,94.685,94.685,20
1704730500,94.68,94.68,94.68,94.68,500
1704730680,94.685,94.685,94.685,94.685,15
1704730860,94.685,94.685,94.685,94.685,1
1704731040,94.685,94.685,94.685,94.685,75
1704731100,94.685,94.685,94.685,94.685,1
1704731520,94.68,94.68,94.68,94.68,1
1704732660,94.685,94.685,94.685,94.685,1
1704733200,94.68,94.68,94.68,94.68,9
1704733860,94.68,94.68,94.68,94.68,25
1704733920,94.68,94.68,94.68,94.68,2
1704733980,94.68,94.68,94.68,94.68,21
1704734220,94.68,94.68,94.68,94.68,27
1704734280,94.68,94.68,94.68,94.68,24
1704734340,94.68,94.68,94.68,94.68,25
1704734460,94.68,94.68,94.68,94.68,24
1704734640,94.68,94.68,94.68,94.68,2
1704734700,94.68,94.68,94.68,94.68,48
1704734760,94.68,94.68,94.68,94.68,45
1704734880,94.68,94.68,94.68,94.68,25
1704734940,94.68,94.68,94.68,94.68,21
1704735060,94.68,94.68,94.68,94.68,22
1704735180,94.68,94.68,94.68,94.68,23
1704735240,94.68,94.68,94.68,94.68,26
1704735300,94.68,94.68,94.68,94.68,21
1704735360,94.68,94.68,94.68,94.68,25
1704735420,94.68,94.68,94.68,94.68,27
1704735480,94.68,94.68,94.68,94.68,22
1704735660,94.68,94.68,94.68,94.68,23
1704735720,94.68,94.68,94.68,94.68,2
1704735900,94.68,94.68,94.68,94.68,26
1704736020,94.68,94.68,94.68,94.68,27
1704736140,94.68,94.68,94.68,94.68,26
1704736260,94.68,94.68,94.68,94.68,21
1704736320,94.68,94.68,94.68,94.68,22
1704736380,94.68,94.68,94.68,94.68,23
1704736440,94.68,94.68,94.68,94.68,45
1704736500,94.68,94.68,94.68,94.68,23
1704736560,94.68,94.68,94.68,94.68,26
1704736620,94.68,94.68,94.68,94.68,115
1704736680,94.68,94.68,94.68,94.68,100
1704736740,94.68,94.68,94.68,94.68,142
1704736800,94.68,94.68,94.68,94.68,136
1704736860,94.68,94.68,94.68,94.68,69
1704736920,94.68,94.68,94.68,94.68,66
1704736980,94.68,94.68,94.68,94.68,50
1704737040,94.68,94.68,94.68,94.68,64
1704737100,94.68,94.68,94.68,94.68,22
1704737160,94.68,94.68,94.68,94.68,25
1704737220,94.68,94.68,94.68,94.68,2
1704737280,94.68,94.68,94.68,94.68,23
1704737340,94.68,94.68,94.68,94.68,25
1704737400,94.68,94.68,94.68,94.68,2
1704737460,94.68,94.68,94.68,94.68,23
1704737520,94.68,94.68,94.68,94.68,22
1704737580,94.68,94.68,94.68,94.68,23
1704737640,94.68,94.68,94.68,94.68,22
1704737700,94.68,94.68,94.68,94.68,23
1704737760,94.68,94.68,94.68,94.68,20
1704737820,94.68,94.68,94.68,94.68,21
1704737880,94.68,94.68,94.68,94.68,23
1704738000,94.68,94.68,94.68,94.68,25
1704738180,94.68,94.68,94.68,94.68,26
1704738300,94.68,94.68,94.68,94.68,27
1704738420,94.68,94.68,94.68,94.68,22
1704738480,94.68,94.68,94.68,94.68,24
1704738540,94.68,94.68,94.68,94.68,4813
1704738660,94.68,94.68,94.68,94.68,2
1704739740,94.68,94.68,94.68,94.68,26
1704739800,94.68,94.68,94.68,94.68,391
1704739860,94.68,94.68,94.68,94.68,202
1704740820,94.68,94.68,94.68,94.68,38
1704743940,94.685,94.685,94.685,94.685,2
1704744000,94.685,94.685,94.685,94.685,6
1704744060,94.685,94.685,94.685,94.685,700
1704744240,94.68,94.68,94.68,94.68,90
1704744300,94.68,94.68,94.68,94.68,155
1704744360,94.68,94.68,94.68,94.68,25
1704745620,94.68,94.68,94.68,94.68,4
1704746340,94.68,94.68,94.68,94.68,8
1704746400,94.68,94.68,94.68,94.68,29
1704746460,94.68,94.68,94.68,94.68,277
1704746520,94.68,94.68,94.68,94.68,102
1704746580,94.68,94.68,94.68,94.68,73
1704747120,94.685,94.685,94.685,94.685,3
1704747240,94.68,94.68,94.68,94.68,79
1704747420,94.68,94.68,94.68,94.68,53
1704747540,94.68,94.68,94.68,94.68,132
1704748680,94.68,94.68,94.68,94.68,100
1704749640,94.68,94.68,94.68,94.68,564
1704749700,94.68,94.68,94.68,94.68,88
1704749760,94.68,94.68,94.68,94.68,23
1704750240,94.68,94.68,94.68,94.68,57
1704750300,94.68,94.68,94.68,94.68,1
1704750480,94.685,94.685,94.685,94.685,700
1704750780,94.68,94.68,94.68,94.68,4
1704750900,94.685,94.685,94.685,94.685,37
1704751140,94.68,94.685,94.68,94.68,13
1704755220,94.68,94.68,94.68,94.68,3
1704765840,94.68,94.68,94.68,94.68,3
1704766620,94.68,94.68,94.68,94.68,100
1704767220,94.68,94.68,94.68,94.68,107
1704768120,94.68,94.68,94.68,94.68,812
1704769620,94.68,94.68,94.68,94.68,4
1704773160,94.68,94.68,94.68,94.68,10
1704773340,94.68,94.68,94.68,94.68,231
1704773400,94.68,94.68,94.68,94.68,505
1704773700,94.68,94.68,94.68,94.68,11
1704773940,94.68,94.68,94.68,94.68,27
1704774420,94.68,94.68,94.68,94.68,46
1704777240,94.68,94.68,94.68,94.68,20
1704778920,94.68,94.68,94.68,94.68,26
1704781260,94.68,94.68,94.68,94.68,14
1704783180,94.68,94.68,94.68,94.68,28
1704784200,94.68,94.68,94.68,94.68,7
1704784260,94.68,94.68,94.68,94.68,26
1704785940,94.68,94.68,94.68,94.68,140
1704786180,94.68,94.68,94.68,94.68,37
1704786360,94.68,94.68,94.68,94.68,45
1704786600,94.68,94.68,94.68,94.68,25
1704788160,94.68,94.68,94.68,94.68,900
1704788760,94.68,94.68,94.68,94.68,26
1704790500,94.68,94.68,94.68,94.68,11
1704791340,94.68,94.68,94.68,94.68,2
1704792300,94.68,94.68,94.68,94.68,2
1704793020,94.68,94.68,94.68,94.68,4
1704800580,94.68,94.68,94.68,94.68,49
1704800700,94.68,94.68,94.68,94.68,4
1704800940,94.68,94.68,94.68,94.68,500
1704801240,94.68,94.68,94.68,94.68,3
1704801300,94.68,94.68,94.68,94.68,74
1704801360,94.68,94.68,94.68,94.68,18
1704801480,94.68,94.68,94.68,94.68,23
1704801540,94.68,94.68,94.68,94.68,14
1704801600,94.68,94.68,94.68,94.68,84
1704801780,94.68,94.68,94.68,94.68,2
1704802200,94.68,94.68,94.68,94.68,3
1704802800,94.68,94.68,94.68,94.68,262
1704803400,94.68,94.68,94.68,94.68,1
1704804120,94.68,94.68,94.68,94.68,5
1704804480,94.68,94.68,94.68,94.68,1
1704805740,94.68,94.68,94.68,94.68,116
1704806400,94.68,94.68,94.68,94.68,1
1704806520,94.68,94.68,94.68,94.68,27
1704806760,94.68,94.68,94.68,94.68,5
1704807000,94.68,94.68,94.68,94.68,2
1704807360,94.68,94.68,94.68,94.68,31
1704807600,94.68,94.68,94.68,94.68,7
1704811620,94.685,94.685,94.685,94.685,1
1704811740,94.685,94.685,94.685,94.685,4
1704811920,94.685,94.685,94.685,94.685,250
1704812340,94.685,94.685,94.685,94.685,2
1704812640,94.685,94.685,94.685,94.685,1
1704814020,94.685,94.685,94.685,94.685,143
1704814140,94.685,94.685,94.685,94.685,2
1704814380,94.685,94.685,94.685,94.685,3
1704814800,94.685,94.685,94.685,94.685,3
1704814980,94.685,94.685,94.685,94.685,2
1704815100,94.685,94.685,94.685,94.685,1
1704815220,94.685,94.685,94.685,94.685,35
1704815340,94.685,94.685,94.685,94.685,2
1704815460,94.685,94.685,94.685,94.685,1
1704815580,94.685,94.685,94.685,94.685,1
1704815700,94.685,94.685,94.685,94.685,1
1704815760,94.68,94.68,94.68,94.68,367
1704815820,94.685,94.685,94.685,94.685,1
1704815880,94.685,94.685,94.685,94.685,1
1704815940,94.685,94.685,94.685,94.685,1
1704816000,94.685,94.685,94.685,94.685,1
1704816180,94.685,94.685,94.685,94.685,1
1704816360,94.685,94.685,94.685,94.685,1
1704816780,94.68,94.68,94.68,94.68,2
1704816840,94.685,94.685,94.685,94.685,2
1704817020,94.685,94.685,94.685,94.685,18
1704817620,94.685,94.685,94.685,94.685,46
1704817740,94.685,94.685,94.685,94.685,1
1704818580,94.685,94.685,94.685,94.685,66
1704818820,94.685,94.685,94.685,94.685,89
1704818880,94.685,94.685,94.685,94.685,38
1704818940,94.685,94.685,94.685,94.685,1
1704819180,94.685,94.685,94.685,94.685,1
1704819420,94.685,94.685,94.685,94.685,1
1704820080,94.685,94.685,94.685,94.685,50
1704820680,94.68,94.68,94.68,94.68,150
1704821400,94.685,94.685,94.685,94.685,7
1704821580,94.68,94.68,94.68,94.68,1
1704821760,94.685,94.685,94.685,94.685,1
1704822360,94.68,94.68,94.68,94.68,1
1704822720,94.685,94.685,94.685,94.685,2
1704823020,94.685,94.685,94.685,94.685,500
1704823080,94.685,94.685,94.685,94.685,80
1704823200,94.685,94.685,94.685,94.685,1
1704823320,94.685,94.685,94.685,94.685,11
1704827100,94.68,94.68,94.68,94.68,22
1704827640,94.685,94.685,94.685,94.685,20
1704827700,94.685,94.685,94.685,94.685,242
1704829260,94.68,94.68,94.68,94.68,180
1704829320,94.68,94.68,94.68,94.68,7
1704830340,94.685,94.685,94.685,94.685,1
1704830400,94.68,94.68,94.68,94.68,1
1704831600,94.68,94.68,94.68,94.68,85
1704831660,94.68,94.68,94.68,94.68,16
1704832800,94.685,94.685,94.685,94.685,7
1704832920,94.685,94.685,94.685,94.685,34
1704832980,94.685,94.685,94.685,94.685,500
1704833820,94.685,94.685,94.685,94.685,4
1704834000,94.685,94.685,94.685,94.685,50
1704834420,94.68,94.68,94.68,94.68,7
1704835020,94.68,94.685,94.68,94.685,685
1704835260,94.685,94.685,94.685,94.685,5
1704835860,94.68,94.68,94.68,94.68,200
1704837540,94.68,94.68,94.68,94.68,3
1704852540,94.68,94.68,94.68,94.68,1
1704853140,94.68,94.68,94.68,94.68,2
1704853440,94.685,94.685,94.685,94.685,1
1704856860,94.685,94.685,94.685,94.685,1
1704856980,94.685,94.685,94.685,94.685,500
1704858420,94.685,94.685,94.685,94.685,1
1704858660,94.685,94.685,94.685,94.685,19
1704860160,94.685,94.685,94.685,94.685,3
1704862560,94.685,94.685,94.685,94.685,1
1704865980,94.685,94.685,94.685,94.685,1
1704866760,94.685,94.685,94.685,94.685,1
1704867060,94.685,94.685,94.685,94.685,1
1704867960,94.685,94.685,94.685,94.685,3
1704868680,94.685,94.685,94.685,94.685,1
1704870300,94.685,94.685,94.685,94.685,1
1704871980,94.68,94.68,94.68,94.68,1
1704877320,94.68,94.68,94.68,94.68,5
1704877560,94.68,94.68,94.68,94.68,4
1704880500,94.68,94.68,94.68,94.68,200
1704881100,94.685,94.685,94.685,94.685,3
1704882240,94.685,94.685,94.685,94.685,334
1704882900,94.685,94.685,94.685,94.685,2
1704884040,94.68,94.68,94.68,94.68,150
1704885960,94.685,94.685,94.685,94.685,3
1704886860,94.685,94.685,94.685,94.685,1
1704890640,94.685,94.685,94.685,94.685,32
1704890940,94.68,94.68,94.68,94.68,25
1704891660,94.68,94.68,94.68,94.68,16
1704891900,94.68,94.68,94.68,94.68,36
1704892380,94.685,94.685,94.685,94.685,4
1704892500,94.68,94.68,94.68,94.68,3
1704892800,94.68,94.68,94.68,94.68,1
1704893220,94.685,94.685,94.685,94.685,50
1704893280,94.685,94.685,94.685,94.685,53
1704893340,94.685,94.685,94.685,94.685,74
1704893640,94.685,94.685,94.685,94.685,2
1704893700,94.685,94.685,94.685,94.685,19
1704893940,94.685,94.685,94.685,94.685,28
1704894000,94.68,94.68,94.68,94.68,2
1704894060,94.685,94.685,94.685,94.685,3
1704894300,94.685,94.685,94.685,94.685,82
1704894480,94.68,94.68,94.68,94.68,13
1704894840,94.685,94.685,94.685,94.685,5
1704895140,94.685,94.685,94.68,94.68,756
1704895260,94.685,94.685,94.685,94.685,114
1704895440,94.685,94.685,94.685,94.685,1
1704895740,94.685,94.685,94.685,94.685,23
1704896340,94.68,94.68,94.68,94.68,32
1704896460,94.685,94.685,94.685,94.685,5
1704896520,94.685,94.685,94.685,94.685,1
1704896580,94.685,94.685,94.685,94.685,6
1704896700,94.685,94.685,94.685,94.685,248
1704896760,94.685,94.685,94.685,94.685,4
1704896820,94.685,94.685,94.685,94.685,4
1704896880,94.685,94.685,94.685,94.685,63
1704896940,94.685,94.685,94.685,94.685,1006
1704897120,94.685,94.685,94.685,94.685,4
1704897240,94.685,94.685,94.685,94.685,5
1704897360,94.685,94.685,94.685,94.685,4
1704897480,94.685,94.685,94.685,94.685,5
1704897600,94.685,94.685,94.685,94.685,5
1704897720,94.685,94.685,94.685,94.685,6
1704897900,94.685,94.685,94.685,94.685,6
1704898020,94.685,94.685,94.685,94.685,5
1704898200,94.685,94.685,94.685,94.685,6
1704898260,94.685,94.685,94.685,94.685,1
1704898320,94.685,94.685,94.685,94.685,5
1704898440,94.685,94.685,94.685,94.685,6
1704898500,94.685,94.685,94.685,94.685,244
1704898620,94.685,94.685,94.685,94.685,6
1704898680,94.68,94.68,94.68,94.68,20
1704898800,94.685,94.685,94.685,94.685,5
1704898920,94.685,94.685,94.685,94.685,4
1704899040,94.685,94.685,94.685,94.685,5
1704899100,94.685,94.685,94.685,94.685,3
1704899160,94.685,94.685,94.685,94.685,6
1704899220,94.685,94.685,94.685,94.685,1
1704899280,94.68,94.685,94.68,94.68,43
1704899340,94.685,94.685,94.685,94.685,2
1704899400,94.685,94.685,94.68,94.68,15
1704899460,94.685,94.685,94.685,94.685,8
1704899520,94.68,94.68,94.68,94.68,99
1704899580,94.685,94.685,94.685,94.685,5
1704899760,94.685,94.685,94.685,94.685,4
1704899820,94.685,94.685,94.685,94.685,5
1704900000,94.685,94.685,94.685,94.685,6
1704900120,94.685,94.685,94.685,94.685,256
1704900300,94.685,94.685,94.685,94.685,6
1704900360,94.68,94.68,94.68,94.68,267
1704900420,94.685,94.685,94.685,94.685,4
1704900540,94.685,94.685,94.685,94.685,5
1704900660,94.685,94.685,94.685,94.685,6
1704900840,94.685,94.685,94.685,94.685,5
1704900960,94.685,94.685,94.685,94.685,5
1704901140,94.685,94.685,94.685,94.685,6
1704901200,94.68,94.68,94.68,94.68,6
1704901260,94.685,94.685,94.68,94.68,288
1704901500,94.68,94.68,94.68,94.68,3
1704901620,94.68,94.68,94.68,94.68,5
1704901860,94.68,94.68,94.68,94.68,5
1704902100,94.685,94.685,94.685,94.685,68
1704902160,94.68,94.68,94.68,94.68,5
1704902280,94.68,94.68,94.68,94.68,1
1704902400,94.68,94.68,94.68,94.68,5
1704902520,94.68,94.685,94.68,94.685,8
1704902640,94.68,94.68,94.68,94.68,5
1704902760,94.68,94.68,94.68,94.68,5
1704902880,94.68,94.68,94.68,94.68,2
1704902940,94.685,94.685,94.685,94.685,5
1704903000,94.68,94.68,94.68,94.68,1
1704903060,94.685,94.685,94.685,94.685,4
1704903240,94.685,94.685,94.685,94.685,5
1704903360,94.68,94.68,94.68,94.68,1
1704903420,94.685,94.685,94.685,94.685,5
1704903600,94.685,94.685,94.685,94.685,5
1704903780,94.685,94.685,94.685,94.685,5
1704903960,94.685,94.685,94.685,94.685,5
1704904140,94.685,94.685,94.685,94.685,5
1704904320,94.685,94.685,94.685,94.685,7
1704904380,94.685,94.685,94.68,94.68,51
1704904440,94.685,94.685,94.685,94.685,5
1704904500,94.68,94.68,94.68,94.68,6
1704904620,94.685,94.685,94.685,94.685,5
1704904680,94.68,94.68,94.68,94.68,5
1704904800,94.68,94.685,94.68,94.685,8
1704904920,94.68,94.68,94.68,94.68,5
1704904980,94.685,94.685,94.685,94.685,5
1704905040,94.68,94.68,94.68,94.68,5
1704905160,94.685,94.685,94.685,94.685,5
1704905280,94.68,94.68,94.68,94.68,4
1704905340,94.685,94.685,94.685,94.685,5
1704905520,94.685,94.685,94.685,94.685,5
1704905700,94.685,94.685,94.685,94.685,40
1704905760,94.685,94.685,94.685,94.685,100
1704905820,94.68,94.685,94.68,94.685,178
1704906000,94.68,94.685,94.68,94.685,8
1704906180,94.685,94.685,94.68,94.68,9
1704906360,94.685,94.685,94.685,94.685,6
1704906420,94.68,94.68,94.68,94.68,2
1704906540,94.685,94.685,94.68,94.68,12
1704906600,94.685,94.685,94.685,94.685,5
1704906660,94.685,94.685,94.685,94.685,15
1704906720,94.685,94.685,94.685,94.685,4
1704906900,94.685,94.685,94.68,94.685,106
1704907080,94.685,94.685,94.68,94.685,11
1704907140,94.685,94.685,94.685,94.685,1
1704907200,94.685,94.685,94.685,94.685,5
1704907320,94.68,94.68,94.68,94.68,4
1704907380,94.685,94.685,94.685,94.685,5
1704907440,94.68,94.68,94.68,94.68,1
1704907500,94.68,94.68,94.68,94.68,4
1704907560,94.685,94.685,94.685,94.685,5
1704907620,94.685,94.685,94.68,94.68,9
1704907740,94.685,94.685,94.685,94.685,5
1704907800,94.68,94.68,94.68,94.68,4
1704907920,94.685,94.685,94.68,94.68,9
1704908040,94.68,94.68,94.68,94.68,4
1704908100,94.685,94.685,94.685,94.685,5
1704908220,94.68,94.68,94.68,94.68,5
1704908280,94.685,94.685,94.685,94.685,5
1704908340,94.68,94.68,94.68,94.68,4
1704908460,94.685,94.685,94.68,94.68,9
1704908580,94.685,94.685,94.685,94.685,4
1704908760,94.685,94.685,94.685,94.685,5
1704908940,94.685,94.685,94.685,94.685,5
1704909120,94.685,94.685,94.685,94.685,5
1704909300,94.685,94.685,94.685,94.685,5
1704909480,94.685,94.685,94.685,94.685,5
1704909600,94.68,94.68,94.68,94.68,1
1704909660,94.685,94.685,94.685,94.685,5
1704909840,94.685,94.685,94.685,94.685,5
1704909960,94.685,94.685,94.685,94.685,5
1704910140,94.685,94.685,94.685,94.685,5
1704910320,94.685,94.685,94.685,94.685,4
1704910440,94.68,94.68,94.68,94.68,2
1704910500,94.685,94.685,94.685,94.685,5
1704910680,94.685,94.685,94.685,94.685,5
1704910860,94.68,94.685,94.68,94.685,9
1704911040,94.685,94.685,94.685,94.685,5
1704911160,94.68,94.685,94.68,94.685,9
1704911280,94.68,94.68,94.68,94.68,3
1704911340,94.68,94.685,94.68,94.68,138
1704911400,94.68,94.68,94.68,94.68,4
1704911460,94.685,94.685,94.68,94.68,24
1704911520,94.685,94.685,94.68,94.68,8
1704911580,94.68,94.68,94.68,94.68,4
1704911640,94.68,94.68,94.68,94.68,4
1704911700,94.685,94.685,94.68,94.68,9
1704911760,94.68,94.68,94.68,94.68,3
1704911820,94.68,94.68,94.68,94.68,4
1704911880,94.685,94.685,94.68,94.68,9
1704911940,94.68,94.68,94.68,94.68,4
1704912000,94.68,94.68,94.68,94.68,3
1704912060,94.685,94.685,94.68,94.68,9
1704912120,94.68,94.68,94.68,94.68,4
1704912180,94.68,94.68,94.68,94.68,4
1704912240,94.685,94.685,94.68,94.68,7
1704912300,94.68,94.68,94.68,94.68,4
1704912360,94.68,94.68,94.68,94.68,4
1704912420,94.685,94.685,94.68,94.68,8
1704912480,94.68,94.68,94.68,94.68,4
1704912540,94.685,94.685,94.685,94.685,5
1704912600,94.68,94.68,94.68,94.68,4
1704912720,94.68,94.685,94.68,94.685,9
1704912840,94.68,94.68,94.68,94.68,3
1704912900,94.685,94.685,94.685,94.685,5
1704912960,94.68,94.68,94.68,94.68,4
1704913080,94.68,94.685,94.68,94.685,9
1704913200,94.68,94.68,94.68,94.68,4
1704913260,94.685,94.685,94.685,94.685,5
1704913320,94.68,94.68,94.68,94.68,3
1704913380,94.68,94.68,94.68,94.68,4
1704913440,94.685,94.685,94.68,94.685,2009
1704913620,94.685,94.685,94.685,94.685,5
1704913680,94.68,94.68,94.68,94.68,6
1704913740,94.68,94.68,94.68,94.68,30
1704913800,94.68,94.685,94.68,94.68,28
1704913860,94.68,94.68,94.68,94.68,15
1704913920,94.68,94.685,94.68,94.685,31
1704913980,94.68,94.68,94.68,94.68,7
1704914040,94.68,94.68,94.68,94.68,19
1704914100,94.68,94.685,94.68,94.685,8
1704914160,94.68,94.68,94.68,94.68,4
1704914220,94.68,94.68,94.68,94.68,14
1704914280,94.685,94.685,94.685,94.685,5
1704914340,94.68,94.68,94.68,94.68,4
1704914400,94.685,94.685,94.685,94.685,1
1704914460,94.685,94.685,94.685,94.685,5
1704914520,94.68,94.68,94.68,94.68,4
1704914640,94.685,94.685,94.685,94.685,5
1704914700,94.68,94.68,94.68,94.68,5
1704914760,94.685,94.685,94.685,94.685,75
1704914820,94.685,94.685,94.685,94.685,5
1704914940,94.68,94.68,94.68,94.68,2
1704915000,94.68,94.685,94.68,94.68,7
1704915060,94.68,94.68,94.68,94.68,3
1704915120,94.68,94.68,94.68,94.68,1
1704915180,94.685,94.685,94.68,94.68,6
1704915240,94.68,94.68,94.68,94.68,2
1704915300,94.685,94.685,94.685,94.685,5
1704915420,94.68,94.68,94.68,94.68,9
1704915480,94.685,94.685,94.68,94.68,6
1704915660,94.68,94.685,94.68,94.685,19
1704915780,94.68,94.68,94.68,94.68,4
1704915840,94.685,94.685,94.685,94.685,5
1704916020,94.685,94.685,94.685,94.685,6
1704916080,94.68,94.68,94.68,94.68,4
1704916260,94.68,94.68,94.68,94.68,3
1704916380,94.68,94.68,94.68,94.68,4
1704916440,94.685,94.685,94.685,94.685,1
1704916500,94.68,94.68,94.68,94.68,4
1704916620,94.685,94.685,94.685,94.685,1
1704916680,94.68,94.68,94.68,94.68,10
1704916740,94.685,94.685,94.68,94.68,1111
1704916800,94.68,94.68,94.68,94.68,3
1704916860,94.685,94.685,94.68,94.68,12
1704916920,94.68,94.68,94.68,94.68,27
1704916980,94.68,94.68,94.68,94.68,4
1704917040,94.68,94.68,94.68,94.68,5
1704917100,94.68,94.68,94.68,94.68,1
1704917160,94.68,94.68,94.68,94.68,3
1704917220,94.685,94.685,94.685,94.685,1
1704917280,94.68,94.68,94.68,94.68,7
1704917340,94.68,94.68,94.68,94.68,107
1704917400,94.68,94.68,94.68,94.68,100
1704917460,94.685,94.685,94.685,94.685,2
1704917520,94.68,94.685,94.68,94.685,102
1704917580,94.68,94.68,94.68,94.68,9798
1704917640,94.685,94.685,94.68,94.685,374
1704917700,94.68,94.68,94.68,94.68,2204
1704917820,94.68,94.68,94.68,94.68,48
1704917940,94.685,94.685,94.685,94.685,195
1704918120,94.68,94.68,94.68,94.68,1
1704918180,94.68,94.68,94.68,94.68,383
1704918240,94.68,94.68,94.68,94.68,13433
1704918300,94.68,94.68,94.68,94.68,12
1704918420,94.675,94.68,94.675,94.68,17
1704918720,94.675,94.675,94.675,94.675,4
1704918780,94.68,94.68,94.68,94.68,52
1704918900,94.68,94.68,94.68,94.68,1261
1704918960,94.68,94.68,94.68,94.68,1074
1704919020,94.68,94.68,94.68,94.68,60
1704919080,94.68,94.68,94.68,94.68,3025
1704919140,94.68,94.68,94.68,94.68,773
1704919200,94.68,94.68,94.68,94.68,161
1704919260,94.68,94.685,94.68,94.68,547
1704919380,94.685,94.685,94.685,94.685,4
1704919440,94.68,94.68,94.68,94.68,1500
1704919500,94.68,94.68,94.68,94.68,350
1704919620,94.685,94.685,94.68,94.68,156
1704919680,94.68,94.68,94.68,94.68,93
1704919740,94.68,94.68,94.68,94.68,123
1704919800,94.68,94.68,94.68,94.68,132
1704919860,94.68,94.685,94.68,94.685,7
1704919980,94.68,94.68,94.68,94.68,501
1704920040,94.685,94.685,94.68,94.68,104
1704920160,94.68,94.68,94.68,94.68,1347
1704920220,94.68,94.68,94.68,94.68,1009
1704920400,94.685,94.685,94.685,94.685,6
1704920580,94.685,94.685,94.68,94.68,138
1704920700,94.68,94.68,94.68,94.68,1493
1704920760,94.68,94.68,94.68,94.68,329
1704920820,94.68,94.68,94.68,94.68,398
1704920880,94.68,94.68,94.68,94.68,5
1704921060,94.68,94.68,94.68,94.68,5
1704921120,94.68,94.68,94.68,94.68,1
1704921180,94.68,94.68,94.68,94.68,4
1704921240,94.68,94.68,94.68,94.68,2
1704921300,94.68,94.68,94.68,94.68,3
1704921360,94.68,94.68,94.68,94.68,971
1704921420,94.68,94.685,94.68,94.685,154
1704921480,94.685,94.685,94.685,94.685,5
1704921600,94.685,94.685,94.685,94.685,1
1704921660,94.685,94.685,94.685,94.685,5
1704921780,94.68,94.68,94.68,94.68,3
1704921840,94.68,94.685,94.68,94.68,38
1704921900,94.68,94.68,94.68,94.68,1
1704921960,94.685,94.685,94.685,94.685,5
1704922080,94.685,94.685,94.685,94.685,4
1704922260,94.685,94.685,94.685,94.685,3
1704922320,94.685,94.685,94.685,94.685,5
1704922440,94.68,94.68,94.68,94.68,38
1704922500,94.685,94.685,94.685,94.685,7
1704922620,94.685,94.685,94.685,94.685,4
1704922680,94.685,94.685,94.685,94.685,1
1704922740,94.685,94.685,94.685,94.685,3
1704922860,94.685,94.685,94.685,94.685,4
1704922920,94.685,94.685,94.685,94.685,1
1704922980,94.685,94.685,94.685,94.685,3
1704923040,94.685,94.685,94.685,94.685,3
1704923100,94.685,94.685,94.685,94.685,1
1704923220,94.685,94.685,94.685,94.685,1
1704923280,94.68,94.68,94.68,94.68,531
1704923340,94.68,94.68,94.68,94.68,57
1704923400,94.68,94.68,94.68,94.68,43
1704923520,94.68,94.68,94.68,94.68,288
1704923580,94.68,94.68,94.68,94.68,58
1704923640,94.68,94.68,94.68,94.68,73
1704923820,94.68,94.68,94.68,94.68,61
1704923880,94.68,94.68,94.68,94.68,61
1704923940,94.68,94.68,94.68,94.68,151
1704928200,94.68,94.68,94.68,94.68,4
1704928260,94.68,94.68,94.68,94.68,1
1704928380,94.68,94.68,94.68,94.68,15
1704928620,94.675,94.675,94.675,94.675,1
1704928860,94.675,94.675,94.675,94.675,1
1704929220,94.68,94.68,94.68,94.68,4
1704931980,94.68,94.68,94.68,94.68,2
1704937620,94.68,94.68,94.68,94.68,50
1704939060,94.675,94.675,94.675,94.675,1
1704955020,94.68,94.68,94.68,94.68,299
1704957900,94.68,94.68,94.68,94.68,1
1704960660,94.68,94.68,94.68,94.68,200
1704961140,94.68,94.68,94.68,94.68,125
1704964200,94.68,94.68,94.68,94.68,142
1704964380,94.68,94.68,94.68,94.68,15
1704965760,94.68,94.68,94.68,94.68,500
1704966480,94.68,94.68,94.68,94.68,290
1704966840,94.68,94.68,94.68,94.68,100
1704967080,94.68,94.68,94.68,94.68,2000
1704967140,94.68,94.68,94.68,94.68,5
1704967560,94.68,94.68,94.68,94.68,29
1704968400,94.68,94.68,94.68,94.68,12
1704969000,94.68,94.68,94.68,94.68,500
1704969240,94.68,94.68,94.68,94.68,37
1704969300,94.68,94.68,94.68,94.68,28
1704969360,94.68,94.68,94.68,94.68,34
1704969540,94.68,94.68,94.68,94.68,16
1704971160,94.675,94.675,94.675,94.675,287
1704972420,94.68,94.68,94.68,94.68,100
1704972840,94.675,94.675,94.675,94.675,202
1704973680,94.68,94.68,94.68,94.68,1
1704973740,94.68,94.68,94.68,94.68,1
1704974040,94.68,94.68,94.68,94.68,250
1704975120,94.68,94.68,94.68,94.68,100
1704975660,94.68,94.68,94.68,94.68,731
1704976260,94.68,94.68,94.68,94.68,700
1704976500,94.68,94.68,94.68,94.68,306
1704976620,94.68,94.68,94.68,94.68,1
1704976800,94.68,94.68,94.68,94.68,44
1704977040,94.68,94.68,94.68,94.68,490
1704977100,94.68,94.68,94.68,94.68,25
1704977160,94.68,94.68,94.68,94.68,1000
1704977700,94.68,94.68,94.68,94.68,1503
1704977760,94.68,94.68,94.68,94.68,10
1704977820,94.68,94.68,94.68,94.68,708
1704977880,94.68,94.68,94.68,94.68,10
1704978000,94.68,94.68,94.68,94.68,10
1704978060,94.68,94.68,94.68,94.68,3014
1704978120,94.68,94.68,94.68,94.68,680
1704978180,94.68,94.68,94.68,94.68,130
1704978240,94.68,94.68,94.68,94.68,1078
1704978300,94.68,94.68,94.68,94.68,17
1704978360,94.68,94.68,94.68,94.68,11
1704978420,94.68,94.68,94.68,94.68,72
1704978480,94.68,94.68,94.68,94.68,304
1704978540,94.68,94.68,94.68,94.68,1
1704978600,94.68,94.68,94.68,94.68,259
1704978660,94.68,94.685,94.68,94.685,11
1704978720,94.68,94.68,94.68,94.68,1
1704978780,94.685,94.685,94.685,94.685,9
1704978840,94.685,94.685,94.685,94.685,31
1704978900,94.685,94.685,94.685,94.685,10
1704978960,94.685,94.685,94.685,94.685,10
1704979080,94.685,94.685,94.685,94.685,10
1704979200,94.685,94.685,94.68,94.68,266
1704979260,94.68,94.685,94.68,94.685,410
1704979380,94.68,94.685,94.68,94.68,333
1704979440,94.685,94.685,94.68,94.685,33
1704979500,94.68,94.68,94.68,94.68,91
1704979560,94.68,94.68,94.68,94.68,1701
1704979620,94.68,94.68,94.68,94.68,847
1704979680,94.68,94.68,94.68,94.68,856
1704979740,94.675,94.68,94.675,94.68,303
1704979800,94.68,94.685,94.675,94.675,7766
1704979860,94.675,94.675,94.675,94.675,2261
1704979920,94.675,94.675,94.675,94.675,61
1704979980,94.675,94.68,94.675,94.675,4533
1704980040,94.675,94.675,94.675,94.675,3739
1704980100,94.675,94.675,94.675,94.675,312
1704980220,94.675,94.675,94.675,94.675,298
1704980280,94.675,94.675,94.675,94.675,127
1704980340,94.675,94.675,94.675,94.675,1489
1704980400,94.675,94.675,94.675,94.675,972
1704980460,94.675,94.675,94.675,94.675,2104
1704980520,94.675,94.675,94.675,94.675,1349
1704980580,94.675,94.675,94.675,94.675,510
1704980640,94.675,94.675,94.675,94.675,10
1704980700,94.675,94.675,94.675,94.675,391
1704980760,94.675,94.675,94.675,94.675,16
1704980820,94.675,94.675,94.675,94.675,628
1704980880,94.675,94.675,94.675,94.675,57
1704980940,94.675,94.675,94.675,94.675,42
1704981000,94.675,94.675,94.675,94.675,810
1704981060,94.675,94.675,94.675,94.675,236
1704981120,94.675,94.675,94.675,94.675,470
1704981180,94.675,94.675,94.675,94.675,13
1704981240,94.675,94.675,94.675,94.675,904
1704981300,94.675,94.675,94.675,94.675,12
1704981360,94.675,94.675,94.675,94.675,489
1704981420,94.675,94.675,94.675,94.675,2
1704981540,94.675,94.675,94.675,94.675,9
1704981660,94.67,94.675,94.67,94.675,54
1704981720,94.675,94.675,94.675,94.675,600
1704981780,94.675,94.675,94.675,94.675,1
1704981900,94.675,94.675,94.675,94.675,9728
1704981960,94.675,94.675,94.675,94.675,3549
1704982020,94.675,94.675,94.675,94.675,807
1704982080,94.675,94.675,94.675,94.675,320
1704982200,94.675,94.675,94.675,94.675,25
1704982260,94.675,94.675,94.675,94.675,500
1704982320,94.675,94.675,94.675,94.675,2689
1704982380,94.675,94.675,94.675,94.675,944
1704982440,94.675,94.675,94.675,94.675,22
1704982500,94.675,94.675,94.675,94.675,305
1704982680,94.675,94.675,94.675,94.675,19
1704982800,94.675,94.675,94.675,94.675,47
1704982980,94.675,94.675,94.675,94.675,1
1704983040,94.675,94.675,94.675,94.675,2
1704983100,94.675,94.675,94.675,94.675,1
1704983160,94.675,94.675,94.675,94.675,1
1704983220,94.675,94.675,94.675,94.675,20
1704983340,94.675,94.675,94.675,94.675,2
1704983460,94.675,94.675,94.675,94.675,1
1704983520,94.675,94.675,94.675,94.675,3
1704983640,94.68,94.68,94.68,94.68,4
1704983760,94.675,94.675,94.675,94.675,25
1704984240,94.675,94.675,94.675,94.675,85
1704984300,94.675,94.675,94.675,94.675,1
1704985080,94.675,94.675,94.675,94.675,6
1704985440,94.675,94.675,94.675,94.675,3
1704988020,94.675,94.675,94.675,94.675,89
1704988260,94.68,94.68,94.68,94.68,4
1704988320,94.68,94.68,94.68,94.68,35298
1704988380,94.68,94.68,94.68,94.68,650
1704988440,94.68,94.68,94.68,94.68,2869
1704988500,94.68,94.68,94.68,94.68,780
1704988560,94.68,94.68,94.68,94.68,1077
1704988620,94.68,94.68,94.68,94.68,1531
1704988680,94.68,94.68,94.675,94.68,1787
1704988740,94.68,94.68,94.68,94.68,618
1704988800,94.685,94.685,94.68,94.68,1884
1704988860,94.68,94.68,94.68,94.68,261
1704988920,94.68,94.68,94.68,94.68,2907
1704988980,94.68,94.68,94.68,94.68,3116
1704989040,94.68,94.68,94.68,94.68,516
1704989100,94.68,94.68,94.68,94.68,1000
1704989280,94.68,94.68,94.68,94.68,8248
1704989340,94.68,94.68,94.68,94.68,4028
1704989400,94.68,94.68,94.68,94.68,300
1704989520,94.68,94.68,94.68,94.68,2516
1704989580,94.68,94.68,94.68,94.68,697
1704989640,94.675,94.675,94.675,94.675,220
1704989760,94.68,94.68,94.68,94.68,1219
1704990180,94.68,94.68,94.68,94.68,1200
1704990480,94.68,94.68,94.68,94.68,206
1704991380,94.68,94.68,94.68,94.68,5
1704991500,94.68,94.68,94.68,94.68,64
1704991620,94.675,94.68,94.675,94.68,248
1704991680,94.68,94.68,94.68,94.68,56
1704991740,94.68,94.68,94.68,94.68,8
1704991800,94.68,94.68,94.68,94.68,605
1704991860,94.68,94.68,94.675,94.675,6
1704991980,94.675,94.675,94.675,94.675,2
1704992040,94.675,94.675,94.675,94.675,733
1704992100,94.68,94.68,94.68,94.68,53
1704992280,94.68,94.68,94.68,94.68,44
1704992400,94.675,94.675,94.675,94.675,100
1704992520,94.68,94.68,94.68,94.68,16
1704992580,94.675,94.675,94.675,94.675,4
1704992640,94.68,94.68,94.68,94.68,10
1704993300,94.675,94.675,94.675,94.675,3
1704993420,94.675,94.675,94.675,94.675,2
1704993480,94.675,94.675,94.675,94.675,2
1704993660,94.675,94.675,94.675,94.675,2
1704993780,94.675,94.675,94.675,94.675,3
1704993960,94.675,94.675,94.675,94.675,2
1704994080,94.675,94.675,94.675,94.675,1
1704994140,94.675,94.675,94.675,94.675,3
1704994320,94.675,94.675,94.675,94.675,2
1704994440,94.675,94.675,94.675,94.675,2
1704994560,94.675,94.675,94.675,94.675,2
1704994680,94.675,94.675,94.675,94.675,1
1704994740,94.675,94.675,94.675,94.675,1
1704994800,94.675,94.675,94.675,94.675,3
1704994860,94.68,94.68,94.68,94.68,3000
1704994980,94.675,94.675,94.675,94.675,2
1704995160,94.675,94.675,94.675,94.675,2
1704995280,94.675,94.675,94.675,94.675,2
1704995400,94.675,94.675,94.675,94.675,2
1704995520,94.675,94.675,94.675,94.675,3
1704995700,94.675,94.675,94.675,94.675,3
1704995880,94.675,94.675,94.675,94.675,1
1704995940,94.675,94.675,94.675,94.675,1
1704996000,94.675,94.675,94.675,94.675,3
1704996180,94.675,94.675,94.675,94.675,3
1704996360,94.675,94.675,94.675,94.675,3
1704996600,94.675,94.675,94.675,94.675,1
1704996660,94.675,94.675,94.675,94.675,2
1704996780,94.675,94.675,94.675,94.675,2
1704996900,94.675,94.675,94.675,94.675,3
1704997080,94.675,94.675,94.675,94.675,1
1704997140,94.675,94.675,94.675,94.675,1
1704997200,94.675,94.675,94.675,94.675,1
1704997260,94.675,94.675,94.675,94.675,2
1704997380,94.675,94.675,94.675,94.675,1
1704997440,94.675,94.675,94.675,94.675,1
1704997500,94.675,94.675,94.675,94.675,3
1704997680,94.675,94.675,94.675,94.675,3
1704997860,94.675,94.675,94.675,94.675,2
1704998040,94.675,94.675,94.675,94.675,1
1704998100,94.675,94.675,94.675,94.675,2
1704998220,94.675,94.675,94.675,94.675,2
1704998340,94.675,94.675,94.675,94.675,2
1704998460,94.675,94.675,94.675,94.675,2
1704998580,94.675,94.675,94.675,94.675,3
1704998760,94.675,94.675,94.675,94.675,2
1704998880,94.675,94.675,94.675,94.675,1
1704998940,94.675,94.675,94.675,94.675,2
1704999060,94.675,94.675,94.675,94.675,1
1704999120,94.675,94.675,94.675,94.675,1
1704999180,94.675,94.675,94.675,94.675,3
1704999360,94.68,94.68,94.675,94.675,21
1704999600,94.675,94.68,94.675,94.68,41
1704999720,94.68,94.68,94.68,94.68,31
1704999780,94.675,94.675,94.675,94.675,3
1704999960,94.675,94.675,94.675,94.675,2
1705000080,94.675,94.675,94.675,94.675,1
1705000140,94.675,94.675,94.675,94.675,2
1705000260,94.675,94.675,94.675,94.675,3
1705000440,94.675,94.675,94.675,94.675,2
1705000560,94.675,94.675,94.675,94.675,3
1705000740,94.675,94.675,94.675,94.675,1
1705000800,94.675,94.675,94.675,94.675,2
1705000980,94.675,94.68,94.675,94.68,502
1705001100,94.675,94.68,94.675,94.68,2
1705001160,94.675,94.68,94.675,94.68,4
1705001220,94.675,94.68,94.675,94.68,13
1705001280,94.68,94.68,94.68,94.68,690
1705001340,94.68,94.68,94.675,94.68,1722
1705001400,94.675,94.68,94.675,94.68,202
1705001520,94.675,94.675,94.675,94.675,3
1705001580,94.68,94.68,94.68,94.68,15557
1705001640,94.68,94.68,94.68,94.68,127
1705001700,94.68,94.68,94.68,94.68,3
1705001760,94.68,94.68,94.68,94.68,1640
1705001820,94.68,94.68,94.68,94.68,1
1705001880,94.68,94.68,94.68,94.68,3
1705002000,94.68,94.68,94.68,94.68,13
1705002060,94.68,94.68,94.68,94.68,51
1705002180,94.68,94.68,94.68,94.68,2
1705002300,94.68,94.68,94.68,94.68,30
1705002360,94.68,94.68,94.68,94.68,1
1705002420,94.68,94.68,94.68,94.68,3
1705002480,94.68,94.68,94.68,94.68,26
1705002600,94.68,94.68,94.68,94.68,2
1705002720,94.68,94.68,94.68,94.68,2
1705002840,94.68,94.68,94.68,94.68,3
1705002960,94.68,94.68,94.68,94.68,4
1705003020,94.68,94.68,94.68,94.68,2
1705003080,94.68,94.68,94.68,94.68,2
1705003140,94.68,94.68,94.68,94.68,41
1705003200,94.68,94.685,94.68,94.685,71
1705003260,94.68,94.68,94.68,94.68,1
1705003320,94.68,94.68,94.68,94.68,31
1705003380,94.68,94.68,94.68,94.68,3
1705003560,94.68,94.68,94.68,94.68,2
1705003620,94.68,94.68,94.68,94.68,11
1705003680,94.68,94.68,94.68,94.68,42
1705003740,94.68,94.68,94.68,94.68,27
1705003800,94.68,94.68,94.68,94.68,3
1705003980,94.68,94.68,94.68,94.68,1
1705004040,94.68,94.68,94.68,94.68,2
1705004100,94.685,94.685,94.685,94.685,270
1705004160,94.68,94.68,94.68,94.68,1
1705004220,94.68,94.68,94.68,94.68,2
1705004340,94.68,94.68,94.68,94.68,2
1705004400,94.68,94.68,94.68,94.68,4
1705004460,94.68,94.68,94.68,94.68,2
1705004580,94.68,94.68,94.68,94.68,12
1705004700,94.685,94.685,94.685,94.685,150
1705004760,94.68,94.68,94.68,94.68,3
1705005600,94.68,94.68,94.68,94.68,51
1705006680,94.68,94.68,94.68,94.68,1
1705007280,94.68,94.68,94.68,94.68,2411
1705008060,94.685,94.685,94.685,94.685,1
1705008120,94.68,94.68,94.68,94.68,1000
1705009380,94.685,94.685,94.685,94.685,3584
1705009440,94.685,94.685,94.685,94.685,80
1705009500,94.685,94.685,94.685,94.685,43
1705009680,94.685,94.685,94.685,94.685,308
1705009860,94.68,94.68,94.68,94.68,13
1705009920,94.685,94.685,94.685,94.685,6
1705009980,94.685,94.685,94.685,94.685,15
1705010160,94.685,94.685,94.685,94.685,250
1705010220,94.685,94.685,94.685,94.685,50
1705010340,94.68,94.68,94.68,94.68,12
1705014000,94.685,94.685,94.685,94.685,500
1705014240,94.685,94.685,94.685,94.685,20
1705017000,94.685,94.685,94.685,94.685,22
1705019100,94.68,94.68,94.68,94.68,161
1705019160,94.68,94.68,94.68,94.68,1
1705019280,94.68,94.68,94.68,94.68,424
1705019460,94.68,94.68,94.68,94.68,1
1705023720,94.68,94.68,94.68,94.68,10
1705023780,94.68,94.68,94.68,94.68,10
1705024860,94.685,94.685,94.685,94.685,1
1705026000,94.68,94.68,94.68,94.68,348
1705028040,94.68,94.68,94.68,94.68,9
1705036440,94.68,94.68,94.68,94.68,28
1705039980,94.68,94.68,94.68,94.68,29
1705041240,94.685,94.685,94.685,94.685,10
1705043700,94.68,94.68,94.68,94.68,1
1705045020,94.68,94.68,94.68,94.68,55
1705047780,94.68,94.68,94.68,94.68,1
1705049160,94.68,94.68,94.68,94.68,12
1705050120,94.68,94.68,94.68,94.68,13
1705050300,94.68,94.68,94.68,94.68,34
1705050420,94.68,94.68,94.68,94.68,54
1705052580,94.68,94.68,94.68,94.68,19
1705052760,94.68,94.68,94.68,94.68,1
1705053000,94.685,94.685,94.685,94.685,1
1705053480,94.68,94.68,94.68,94.68,12
1705055520,94.68,94.68,94.68,94.68,91
1705057500,94.68,94.68,94.68,94.68,123
1705059480,94.685,94.685,94.685,94.685,10653
1705059600,94.685,94.685,94.685,94.685,69
1705060380,94.685,94.685,94.685,94.685,23407
1705060440,94.685,94.685,94.685,94.685,125
1705060680,94.685,94.685,94.685,94.685,28
1705060740,94.685,94.685,94.685,94.685,23
1705061100,94.685,94.685,94.685,94.685,1260
1705061160,94.685,94.685,94.685,94.685,143
1705062780,94.685,94.685,94.685,94.685,600
1705063320,94.685,94.685,94.685,94.685,23
1705063620,94.685,94.685,94.685,94.685,2
1705064040,94.685,94.685,94.685,94.685,8
1705064820,94.685,94.685,94.685,94.685,39
1705065180,94.68,94.68,94.68,94.68,25
1705065600,94.685,94.685,94.685,94.685,1
1705066080,94.68,94.68,94.68,94.68,41
1705066200,94.685,94.685,94.685,94.685,10294
1705066260,94.685,94.685,94.685,94.685,2758
1705066320,94.685,94.685,94.685,94.685,401
1705066380,94.685,94.685,94.685,94.685,1025
1705066440,94.69,94.69,94.685,94.685,16
1705066500,94.685,94.685,94.685,94.685,3033
1705066560,94.685,94.69,94.685,94.69,329
1705066620,94.69,94.69,94.685,94.685,160
1705066680,94.69,94.69,94.69,94.69,2657
1705066740,94.69,94.69,94.69,94.69,2219
1705066800,94.69,94.69,94.69,94.69,37
1705066860,94.69,94.69,94.69,94.69,145
1705066920,94.685,94.685,94.685,94.685,372
1705066980,94.685,94.685,94.685,94.685,1
1705067040,94.685,94.685,94.685,94.685,623
1705067160,94.685,94.685,94.685,94.685,6
1705067220,94.685,94.685,94.685,94.685,8
1705067280,94.685,94.685,94.685,94.685,16
1705067340,94.685,94.685,94.685,94.685,3
1705067400,94.685,94.685,94.685,94.685,200
1705067460,94.685,94.685,94.685,94.685,9
1705067520,94.685,94.685,94.685,94.685,7
1705067940,94.685,94.685,94.685,94.685,1
1705068000,94.685,94.69,94.685,94.685,18
1705068060,94.685,94.685,94.685,94.685,12
1705068120,94.685,94.685,94.685,94.685,2
1705068180,94.685,94.685,94.685,94.685,22
1705068300,94.685,94.685,94.685,94.685,3
1705068360,94.69,94.69,94.69,94.69,200
1705068420,94.685,94.685,94.685,94.685,1
1705068480,94.685,94.69,94.685,94.69,2507
1705068600,94.69,94.69,94.69,94.69,15
1705068720,94.69,94.69,94.69,94.69,10
1705068780,94.685,94.685,94.685,94.685,12
1705068960,94.69,94.69,94.69,94.69,45
1705069140,94.69,94.69,94.69,94.69,368
1705069920,94.685,94.685,94.685,94.685,11
1705069980,94.685,94.685,94.685,94.685,61
1705070100,94.69,94.69,94.69,94.69,10
1705070220,94.69,94.69,94.69,94.69,401
1705070280,94.69,94.69,94.69,94.69,2513
1705070340,94.69,94.69,94.69,94.69,1107
1705070520,94.685,94.685,94.685,94.685,5
1705070640,94.69,94.69,94.69,94.69,1061
1705070700,94.69,94.69,94.69,94.69,6
1705070760,94.69,94.69,94.69,94.69,1
1705070820,94.685,94.69,94.685,94.69,32
1705070940,94.69,94.69,94.685,94.685,7651
1705071300,94.685,94.685,94.685,94.685,42
1705071360,94.685,94.685,94.685,94.685,1
1705071420,94.69,94.69,94.685,94.685,5
1705071480,94.685,94.685,94.685,94.685,1
1705071660,94.69,94.69,94.69,94.69,25
1705071900,94.685,94.685,94.685,94.685,3
1705071960,94.685,94.685,94.685,94.685,65
1705072440,94.685,94.685,94.685,94.685,2
1705072560,94.685,94.685,94.685,94.685,1
1705072680,94.685,94.685,94.685,94.685,80
1705072740,94.685,94.685,94.685,94.685,100
1705072980,94.685,94.685,94.685,94.685,600
1705073220,94.685,94.685,94.685,94.685,52
1705073280,94.685,94.685,94.685,94.685,8
1705073520,94.685,94.685,94.685,94.685,3
1705073640,94.685,94.685,94.685,94.685,12
1705073820,94.685,94.685,94.685,94.685,300
1705074240,94.685,94.685,94.685,94.685,1323
1705074300,94.685,94.685,94.685,94.685,337
1705074360,94.685,94.685,94.685,94.685,2644
1705074900,94.685,94.685,94.685,94.685,250
1705074960,94.685,94.685,94.685,94.685,501
1705075080,94.685,94.685,94.685,94.685,2
1705075200,94.685,94.685,94.685,94.685,3
1705075800,94.685,94.685,94.685,94.685,240
1705076280,94.685,94.685,94.685,94.685,2388
1705076340,94.685,94.685,94.685,94.685,193
1705076400,94.685,94.685,94.685,94.685,386
1705076460,94.685,94.685,94.685,94.685,594
1705076520,94.685,94.685,94.685,94.685,7
1705076580,94.685,94.685,94.685,94.685,7
1705076700,94.685,94.685,94.68,94.685,255
1705076760,94.685,94.685,94.685,94.685,1
1705076820,94.685,94.685,94.685,94.685,15
1705077000,94.685,94.685,94.685,94.685,520
1705077060,94.685,94.685,94.685,94.685,240
1705077120,94.685,94.685,94.685,94.685,3
1705077180,94.685,94.685,94.685,94.685,3
1705077300,94.685,94.685,94.685,94.685,20
1705077420,94.685,94.685,94.685,94.685,799
1705077480,94.685,94.685,94.685,94.685,97
1705077600,94.685,94.685,94.685,94.685,5
1705077840,94.69,94.69,94.69,94.69,100
1705077900,94.685,94.685,94.685,94.685,14
1705078320,94.685,94.685,94.685,94.685,500
1705078380,94.685,94.685,94.685,94.685,251
1705078500,94.685,94.685,94.685,94.685,596
1705078860,94.685,94.685,94.685,94.685,1021
1705078920,94.685,94.685,94.685,94.685,1
1705079040,94.685,94.685,94.685,94.685,1635
1705079100,94.685,94.685,94.685,94.685,836
1705079160,94.685,94.685,94.685,94.685,100
1705079220,94.685,94.685,94.685,94.685,413
1705079340,94.685,94.685,94.685,94.685,34
1705079460,94.685,94.685,94.685,94.685,72
1705079580,94.685,94.685,94.685,94.685,15
1705079640,94.685,94.685,94.685,94.685,1
1705079940,94.685,94.685,94.685,94.685,1892
1705080060,94.685,94.685,94.685,94.685,512
1705080240,94.69,94.69,94.69,94.69,1
1705080300,94.69,94.69,94.69,94.69,2
1705080540,94.685,94.69,94.685,94.69,95
1705080600,94.685,94.69,94.685,94.69,50
1705080660,94.69,94.69,94.69,94.69,1
1705080720,94.69,94.69,94.69,94.69,1
1705080780,94.685,94.69,94.685,94.69,46
1705080900,94.69,94.69,94.685,94.685,468
1705081200,94.69,94.69,94.685,94.685,49
1705081260,94.69,94.69,94.69,94.69,1
1705081320,94.69,94.69,94.69,94.69,1
1705081440,94.69,94.69,94.69,94.69,1
1705081500,94.69,94.69,94.685,94.685,613
1705081560,94.69,94.69,94.69,94.69,1
1705081620,94.685,94.685,94.685,94.685,1
1705082040,94.69,94.69,94.69,94.69,1
1705082520,94.685,94.685,94.685,94.685,1982
1705082760,94.69,94.69,94.69,94.69,4
1705082820,94.69,94.69,94.69,94.69,3
1705082880,94.69,94.69,94.69,94.69,1
1705082940,94.69,94.69,94.69,94.69,1
1705083060,94.69,94.69,94.69,94.69,1
1705083120,94.69,94.69,94.69,94.69,1
1705083240,94.69,94.69,94.69,94.69,1
1705083300,94.69,94.69,94.69,94.69,2
1705083420,94.69,94.69,94.69,94.69,81
1705083540,94.69,94.69,94.69,94.69,3
1705083600,94.685,94.685,94.685,94.685,46
1705083720,94.69,94.69,94.69,94.69,1
1705083840,94.685,94.685,94.685,94.685,18
1705083900,94.685,94.685,94.685,94.685,1
1705084260,94.685,94.685,94.685,94.685,840
1705084320,94.685,94.685,94.685,94.685,246
1705084440,94.69,94.69,94.69,94.69,1
1705084860,94.69,94.69,94.69,94.69,1
1705085100,94.69,94.69,94.69,94.69,1
1705085520,94.69,94.69,94.69,94.69,5
1705085580,94.69,94.69,94.69,94.69,3
1705085640,94.69,94.69,94.69,94.69,1
1705085700,94.69,94.69,94.685,94.69,403
1705085760,94.69,94.69,94.69,94.69,2
1705085880,94.69,94.69,94.69,94.69,2
1705086120,94.685,94.685,94.685,94.685,500
1705086360,94.685,94.685,94.685,94.685,1
1705087020,94.685,94.685,94.685,94.685,2
1705087200,94.685,94.685,94.685,94.685,510
1705087500,94.69,94.69,94.685,94.685,236
1705087920,94.685,94.685,94.685,94.685,50
1705087980,94.685,94.685,94.685,94.685,104
1705088100,94.685,94.685,94.685,94.685,250
1705088580,94.685,94.685,94.685,94.685,4
1705088760,94.685,94.685,94.685,94.685,1
1705088880,94.69,94.69,94.69,94.69,15
1705089000,94.685,94.685,94.685,94.685,1
1705089060,94.685,94.685,94.685,94.685,1
1705089120,94.685,94.685,94.685,94.685,1
1705089240,94.685,94.685,94.685,94.685,2
1705089360,94.685,94.685,94.685,94.685,3
1705089420,94.685,94.69,94.685,94.69,186
1705089480,94.69,94.69,94.685,94.685,5
1705089540,94.685,94.69,94.685,94.69,9
1705089600,94.685,94.69,94.685,94.685,204
1705089660,94.685,94.69,94.685,94.69,170
1705089780,94.685,94.685,94.685,94.685,1
1705089840,94.685,94.69,94.685,94.685,4
1705089900,94.685,94.685,94.685,94.685,1
1705089960,94.69,94.69,94.69,94.69,1
1705090020,94.69,94.69,94.685,94.69,4
1705090080,94.685,94.685,94.685,94.685,1
1705090200,94.685,94.685,94.685,94.685,4
1705090320,94.685,94.685,94.685,94.685,1
1705090440,94.685,94.685,94.685,94.685,1
1705090500,94.685,94.685,94.685,94.685,1
1705090560,94.685,94.685,94.685,94.685,1
1705090620,94.685,94.685,94.685,94.685,11
1705090860,94.685,94.685,94.685,94.685,234
1705091040,94.685,94.685,94.685,94.685,151
1705091100,94.685,94.685,94.685,94.685,166
1705091160,94.685,94.685,94.685,94.685,40
1705091220,94.685,94.685,94.685,94.685,4
1705091280,94.685,94.685,94.685,94.685,95
1705091340,94.685,94.685,94.685,94.685,203
1705092000,94.685,94.685,94.685,94.685,53
1705092120,94.685,94.685,94.685,94.685,78
1705092240,94.685,94.685,94.685,94.685,2
1705092300,94.685,94.685,94.685,94.685,1
1705092360,94.685,94.685,94.685,94.685,3
1705092480,94.685,94.685,94.685,94.685,29
1705092540,94.685,94.685,94.685,94.685,295
1705092600,94.685,94.685,94.685,94.685,75
1705092660,94.685,94.685,94.685,94.685,2
1705092720,94.685,94.685,94.685,94.685,8
1705092780,94.685,94.685,94.685,94.685,295
1705092840,94.685,94.685,94.685,94.685,62
1705092960,94.685,94.685,94.685,94.685,864
1705093140,94.685,94.685,94.685,94.685,63
1705094100,94.685,94.685,94.685,94.685,12
1705094400,94.685,94.685,94.685,94.685,469
1705094700,94.685,94.685,94.685,94.685,23
1705094880,94.685,94.685,94.685,94.685,37
1705094940,94.685,94.685,94.685,94.685,8
1705095060,94.685,94.685,94.685,94.685,145
1705095540,94.69,94.69,94.69,94.69,15
1705096200,94.685,94.685,94.685,94.685,1
1705096440,94.685,94.685,94.685,94.685,295
1705096560,94.685,94.685,94.685,94.685,71
1705096620,94.685,94.685,94.685,94.685,55
1705096680,94.685,94.685,94.685,94.685,482
1705096740,94.685,94.685,94.685,94.685,511
1705273200,94.68,94.68,94.68,94.68,81
1705273260,94.68,94.68,94.68,94.68,1
1705273380,94.685,94.685,94.685,94.685,52
1705274160,94.685,94.685,94.685,94.685,1503
1705276260,94.68,94.68,94.68,94.68,20
1705292460,94.68,94.685,94.68,94.685,6
1705299000,94.68,94.685,94.68,94.685,6
1705299840,94.68,94.68,94.68,94.68,9
1705304520,94.68,94.685,94.68,94.685,4
1705305600,94.685,94.685,94.685,94.685,12
1705306200,94.685,94.685,94.685,94.685,5
1705306740,94.685,94.685,94.685,94.685,2
1705306860,94.685,94.685,94.685,94.685,20
1705306920,94.685,94.685,94.685,94.685,30
1705313340,94.68,94.68,94.68,94.68,21
1705315860,94.68,94.68,94.68,94.68,315
1705316400,94.68,94.68,94.68,94.68,146
1705316460,94.685,94.685,94.68,94.68,4
1705316820,94.68,94.68,94.68,94.68,8
1705317600,94.68,94.68,94.68,94.68,34
1705318140,94.68,94.68,94.68,94.68,10
1705318800,94.68,94.68,94.68,94.68,8
1705319460,94.685,94.685,94.685,94.685,36
1705319520,94.68,94.68,94.68,94.68,1
1705319580,94.68,94.68,94.68,94.68,13
1705319640,94.68,94.68,94.68,94.68,20
1705319760,94.68,94.68,94.68,94.68,14
1705319940,94.68,94.68,94.68,94.68,8
1705320360,94.68,94.685,94.68,94.685,703
1705322460,94.68,94.68,94.68,94.68,7
1705323720,94.685,94.685,94.685,94.685,3
1705324380,94.68,94.68,94.68,94.68,536
1705324740,94.68,94.68,94.68,94.68,78
1705324800,94.68,94.68,94.68,94.68,53
1705325760,94.685,94.685,94.685,94.685,18
1705327500,94.685,94.685,94.685,94.685,150
1705328220,94.68,94.68,94.68,94.68,600
1705329840,94.685,94.685,94.685,94.685,3
1705331040,94.68,94.68,94.68,94.68,280
1705336980,94.685,94.685,94.685,94.685,1
1705339500,94.685,94.685,94.685,94.685,50
1705339860,94.68,94.68,94.68,94.68,2
1705339980,94.68,94.68,94.68,94.68,7
1705340040,94.68,94.68,94.68,94.68,1
1705340100,94.68,94.68,94.68,94.68,2
1705340160,94.68,94.68,94.68,94.68,5
1705340820,94.68,94.68,94.68,94.68,10
1705341000,94.68,94.68,94.68,94.68,20
1705359600,94.68,94.685,94.68,94.685,2401
1705364040,94.68,94.68,94.68,94.68,5
1705365780,94.685,94.685,94.685,94.685,21
1705369800,94.68,94.68,94.68,94.68,1
1705369860,94.68,94.68,94.68,94.68,1
1705369920,94.68,94.68,94.68,94.68,1
1705370040,94.68,94.68,94.68,94.68,1
1705370280,94.68,94.68,94.68,94.68,374
1705370340,94.68,94.68,94.68,94.68,1
1705370400,94.68,94.68,94.68,94.68,1
1705370460,94.68,94.68,94.68,94.68,1
1705370520,94.68,94.68,94.68,94.68,1
1705370580,94.68,94.68,94.68,94.68,1
1705370700,94.68,94.68,94.68,94.68,1
1705370760,94.68,94.68,94.68,94.68,208
1705375980,94.68,94.68,94.68,94.68,1200
1705378680,94.68,94.68,94.68,94.68,20
1705382340,94.685,94.685,94.685,94.685,10
1705388280,94.68,94.68,94.68,94.68,122
1705388340,94.68,94.68,94.68,94.68,487
1705388400,94.68,94.68,94.68,94.68,31
1705389420,94.68,94.68,94.68,94.68,901
1705389600,94.68,94.68,94.68,94.68,16
1705389900,94.68,94.68,94.68,94.68,200
1705390560,94.68,94.68,94.68,94.68,100
1705390740,94.68,94.68,94.68,94.68,48
1705391340,94.68,94.68,94.68,94.68,100
1705392180,94.68,94.68,94.68,94.68,250
1705392300,94.68,94.68,94.68,94.68,500
1705392360,94.68,94.68,94.68,94.68,500
1705392420,94.68,94.68,94.68,94.68,70
1705392540,94.68,94.68,94.68,94.68,500
1705392840,94.68,94.68,94.68,94.68,39
1705392960,94.68,94.68,94.68,94.68,39
1705393020,94.68,94.68,94.68,94.68,1
1705393140,94.68,94.68,94.68,94.68,200
1705393260,94.68,94.68,94.68,94.68,638
1705393440,94.68,94.68,94.68,94.68,30
1705393500,94.68,94.68,94.68,94.68,86
1705393560,94.68,94.68,94.68,94.68,30
1705393620,94.68,94.68,94.68,94.68,735
1705393680,94.68,94.68,94.68,94.68,21
1705393920,94.68,94.68,94.68,94.68,2
1705394040,94.68,94.68,94.68,94.68,500
1705394700,94.68,94.68,94.68,94.68,197
1705394820,94.68,94.68,94.68,94.68,691
1705394940,94.68,94.68,94.68,94.68,81
1705395240,94.68,94.68,94.68,94.68,7
1705395420,94.68,94.68,94.68,94.68,25
1705395540,94.68,94.68,94.68,94.68,143
1705396500,94.68,94.68,94.68,94.68,250
1705396680,94.68,94.68,94.68,94.68,865
1705397040,94.68,94.68,94.68,94.68,100
1705397340,94.68,94.68,94.68,94.68,50
1705398300,94.68,94.68,94.68,94.68,79
1705398540,94.68,94.68,94.68,94.68,5
1705398660,94.68,94.68,94.68,94.68,188
1705398960,94.68,94.68,94.68,94.68,600
1705399320,94.68,94.68,94.68,94.68,500
1705399800,94.68,94.68,94.68,94.68,842
1705399920,94.68,94.68,94.68,94.68,3
1705400100,94.68,94.68,94.68,94.68,6
1705400460,94.675,94.675,94.675,94.675,8
1705400580,94.68,94.68,94.68,94.68,4
1705400640,94.68,94.68,94.68,94.68,4
1705400700,94.68,94.68,94.68,94.68,14
1705400760,94.68,94.68,94.68,94.68,182
1705400820,94.68,94.68,94.68,94.68,33
1705400940,94.68,94.68,94.68,94.68,30
1705401000,94.68,94.68,94.68,94.68,10
1705401060,94.68,94.68,94.68,94.68,4
1705401360,94.68,94.68,94.68,94.68,345
1705401780,94.68,94.68,94.68,94.68,330
1705401900,94.68,94.68,94.68,94.68,475
1705402320,94.68,94.68,94.68,94.68,1
1705403040,94.68,94.68,94.68,94.68,20
1705403100,94.68,94.68,94.68,94.68,45
1705404360,94.68,94.68,94.68,94.68,304
1705404840,94.68,94.68,94.68,94.68,600
1705404900,94.68,94.68,94.68,94.68,21
1705405740,94.68,94.68,94.68,94.68,1006
1705405800,94.68,94.68,94.68,94.68,23
1705405860,94.68,94.68,94.68,94.68,501
1705405920,94.68,94.68,94.68,94.68,150
1705406040,94.68,94.68,94.68,94.68,2
1705406100,94.68,94.68,94.68,94.68,186
1705406280,94.68,94.68,94.68,94.68,44
1705406520,94.68,94.68,94.68,94.68,22
1705406700,94.68,94.68,94.68,94.68,3
1705408260,94.675,94.68,94.675,94.68,51
1705408620,94.675,94.675,94.675,94.675,1
1705408860,94.68,94.68,94.68,94.68,47
1705408920,94.68,94.68,94.675,94.68,7
1705409220,94.68,94.68,94.68,94.68,1
1705409280,94.675,94.675,94.675,94.675,1
1705409400,94.68,94.68,94.68,94.68,114
1705409640,94.675,94.675,94.675,94.675,1
1705409760,94.68,94.68,94.68,94.68,21
1705409940,94.68,94.68,94.68,94.68,21
1705410000,94.68,94.68,94.675,94.68,1503
1705410300,94.68,94.68,94.68,94.68,392
1705410360,94.68,94.68,94.68,94.68,72
1705410540,94.68,94.68,94.68,94.68,62
1705410600,94.68,94.68,94.68,94.68,2
1705410720,94.68,94.68,94.68,94.68,2861
1705410780,94.68,94.68,94.68,94.68,115
1705410840,94.68,94.68,94.68,94.68,173
1705410960,94.68,94.68,94.68,94.68,311
1705411020,94.68,94.68,94.68,94.68,53
1705411080,94.68,94.68,94.68,94.68,39
1705411140,94.68,94.68,94.68,94.68,522
1705411200,94.68,94.68,94.68,94.68,138
1705411320,94.68,94.68,94.68,94.68,349
1705411380,94.68,94.68,94.68,94.68,259
1705411440,94.68,94.68,94.68,94.68,1
1705411560,94.68,94.68,94.68,94.68,366
1705411620,94.68,94.68,94.68,94.68,185
1705411740,94.68,94.68,94.68,94.68,87
1705411800,94.68,94.68,94.68,94.68,455
1705411860,94.68,94.68,94.68,94.68,142
1705411980,94.685,94.685,94.685,94.685,4000
1705412040,94.685,94.685,94.685,94.685,133
1705412580,94.685,94.685,94.685,94.685,65
1705412760,94.68,94.68,94.68,94.68,15
1705413720,94.68,94.68,94.68,94.68,129
1705413780,94.68,94.68,94.68,94.68,12
1705413840,94.68,94.685,94.68,94.685,81
1705413900,94.685,94.685,94.68,94.68,2
1705414020,94.685,94.685,94.68,94.68,2
1705414080,94.685,94.685,94.68,94.685,3
1705414140,94.685,94.685,94.68,94.68,2
1705414260,94.68,94.68,94.68,94.68,2
1705414320,94.685,94.685,94.685,94.685,5
1705414380,94.685,94.685,94.685,94.685,2
1705414440,94.685,94.685,94.685,94.685,2
1705414500,94.685,94.685,94.68,94.68,2
1705414560,94.685,94.685,94.685,94.685,2
1705414620,94.68,94.685,94.68,94.68,3
1705414680,94.68,94.68,94.68,94.68,1501
1705414800,94.68,94.68,94.68,94.68,3
1705414860,94.685,94.685,94.685,94.685,1
1705414980,94.68,94.68,94.68,94.68,2
1705415040,94.68,94.68,94.68,94.68,1
1705415160,94.685,94.685,94.68,94.685,3
1705415220,94.685,94.685,94.68,94.68,18
1705415520,94.68,94.68,94.68,94.68,1
1705415820,94.68,94.68,94.68,94.68,20
1705415880,94.68,94.68,94.68,94.68,1
1705415940,94.68,94.68,94.68,94.68,4
1705416000,94.68,94.68,94.68,94.68,250
1705416060,94.68,94.68,94.68,94.68,34
1705416120,94.68,94.68,94.68,94.68,1
1705416180,94.68,94.68,94.68,94.68,1
1705416300,94.685,94.685,94.685,94.685,3
1705416360,94.68,94.68,94.68,94.68,1
1705416420,94.685,94.685,94.68,94.68,3
1705416540,94.685,94.685,94.68,94.68,2
1705416600,94.68,94.68,94.68,94.68,481
1705416660,94.68,94.68,94.68,94.68,125
1705416720,94.685,94.685,94.685,94.685,1
1705416780,94.685,94.685,94.685,94.685,1
1705416840,94.685,94.685,94.685,94.685,2
1705416900,94.685,94.685,94.685,94.685,1
1705416960,94.685,94.685,94.685,94.685,2
1705417020,94.685,94.685,94.685,94.685,3
1705417080,94.685,94.685,94.685,94.685,1
1705417260,94.685,94.685,94.685,94.685,2
1705417320,94.685,94.685,94.685,94.685,2
1705417380,94.685,94.685,94.68,94.68,251
1705417440,94.685,94.685,94.685,94.685,2
1705417620,94.68,94.68,94.68,94.68,72
1705417680,94.685,94.685,94.685,94.685,1
1705417740,94.685,94.685,94.685,94.685,2
1705418040,94.685,94.685,94.685,94.685,5
1705418100,94.685,94.685,94.685,94.685,1
1705418160,94.68,94.685,94.68,94.68,51
1705418220,94.68,94.68,94.68,94.68,20
1705418340,94.68,94.68,94.68,94.68,1
1705418640,94.68,94.68,94.68,94.68,1
1705418880,94.685,94.685,94.685,94.685,1
1705418940,94.685,94.685,94.685,94.685,1
1705419000,94.68,94.68,94.68,94.68,1
1705419240,94.68,94.68,94.68,94.68,1
1705419300,94.68,94.68,94.68,94.68,1
1705419660,94.68,94.68,94.68,94.68,2
1705420020,94.68,94.68,94.68,94.68,1
1705420320,94.68,94.68,94.68,94.68,2
1705420380,94.68,94.68,94.68,94.68,1
1705420500,94.68,94.68,94.68,94.68,608
1705420560,94.68,94.68,94.68,94.68,704
1705420620,94.68,94.68,94.68,94.68,39
1705420680,94.68,94.68,94.68,94.68,1
1705420740,94.68,94.68,94.68,94.68,12
1705420800,94.68,94.68,94.675,94.675,3085
1705420860,94.68,94.68,94.675,94.675,964
1705420920,94.675,94.68,94.675,94.675,104
1705420980,94.675,94.675,94.675,94.675,1526
1705421040,94.675,94.675,94.675,94.675,169
1705421100,94.675,94.675,94.675,94.675,19
1705421220,94.68,94.68,94.68,94.68,2
1705421280,94.68,94.68,94.68,94.68,4
1705421340,94.68,94.68,94.68,94.68,567
1705421400,94.675,94.68,94.675,94.68,9
1705421460,94.68,94.68,94.68,94.68,235
1705421520,94.68,94.68,94.68,94.68,2
1705421580,94.68,94.68,94.68,94.68,26
1705421640,94.68,94.68,94.68,94.68,20
1705421700,94.68,94.68,94.68,94.68,35
1705421760,94.68,94.68,94.68,94.68,1860
1705421820,94.68,94.68,94.68,94.68,473
1705421880,94.68,94.68,94.68,94.68,635
1705422060,94.68,94.68,94.68,94.68,147
1705422120,94.68,94.68,94.68,94.68,776
1705422240,94.68,94.68,94.68,94.68,817
1705422300,94.68,94.68,94.68,94.68,170
1705422360,94.675,94.675,94.675,94.675,12
1705422420,94.68,94.68,94.68,94.68,16
1705422480,94.68,94.68,94.68,94.68,2
1705422540,94.68,94.68,94.68,94.68,73
1705422780,94.68,94.68,94.68,94.68,81
1705423020,94.68,94.68,94.68,94.68,13
1705423140,94.68,94.68,94.68,94.68,6
1705423320,94.68,94.68,94.68,94.68,6
1705423380,94.68,94.68,94.68,94.68,6
1705423560,94.68,94.68,94.68,94.68,200
1705423860,94.675,94.675,94.675,94.675,4
1705424700,94.68,94.68,94.68,94.68,1
1705424940,94.68,94.68,94.68,94.68,3
1705425000,94.68,94.68,94.68,94.68,59
1705425120,94.68,94.68,94.68,94.68,1
1705425300,94.68,94.68,94.68,94.68,1
1705425360,94.68,94.68,94.675,94.675,180
1705425420,94.675,94.68,94.675,94.68,94
1705425600,94.68,94.68,94.68,94.68,26
1705425780,94.68,94.68,94.68,94.68,313
1705425900,94.675,94.675,94.675,94.675,63
1705426140,94.68,94.68,94.68,94.68,1
1705426200,94.68,94.68,94.68,94.68,1
1705426260,94.68,94.68,94.68,94.68,2
1705426320,94.68,94.68,94.68,94.68,2
1705426380,94.68,94.68,94.68,94.68,3
1705426500,94.68,94.68,94.68,94.68,20
1705426560,94.68,94.68,94.675,94.675,3
1705426980,94.675,94.675,94.675,94.675,2
1705427160,94.68,94.68,94.68,94.68,4
1705427280,94.675,94.68,94.675,94.68,220
1705427340,94.68,94.68,94.675,94.68,32
1705427400,94.675,94.68,94.675,94.675,3
1705427460,94.675,94.675,94.675,94.675,1
1705427520,94.675,94.675,94.675,94.675,2
1705427580,94.675,94.675,94.675,94.675,2
1705427640,94.68,94.68,94.68,94.68,1
1705427820,94.675,94.675,94.675,94.675,4893
1705427880,94.675,94.675,94.675,94.675,4
1705427940,94.675,94.675,94.675,94.675,6
1705428000,94.675,94.68,94.675,94.675,6
1705428060,94.675,94.68,94.675,94.675,6
1705428120,94.675,94.675,94.675,94.675,5
1705428180,94.675,94.675,94.675,94.675,1
1705428240,94.675,94.675,94.675,94.675,3
1705428300,94.675,94.675,94.675,94.675,3
1705428360,94.675,94.675,94.675,94.675,2
1705428420,94.675,94.675,94.675,94.675,1
1705428540,94.68,94.68,94.68,94.68,10
1705429140,94.68,94.68,94.68,94.68,7
1705429200,94.675,94.675,94.675,94.675,1
1705429680,94.68,94.68,94.68,94.68,6
1705429800,94.68,94.68,94.68,94.68,67
1705429920,94.68,94.68,94.68,94.68,2
1705429980,94.68,94.68,94.68,94.68,1
1705430100,94.68,94.68,94.68,94.68,1
1705430220,94.68,94.68,94.68,94.68,40
1705430340,94.675,94.675,94.675,94.675,1
1705431000,94.68,94.68,94.68,94.68,1
1705431420,94.675,94.675,94.675,94.675,1
1705431540,94.68,94.68,94.68,94.68,1
1705431600,94.68,94.68,94.68,94.68,1
1705431660,94.68,94.68,94.68,94.68,1
1705431840,94.68,94.68,94.68,94.68,13
1705432080,94.68,94.68,94.68,94.68,1
1705432320,94.68,94.68,94.68,94.68,85
1705432440,94.68,94.68,94.68,94.68,1
1705432560,94.675,94.675,94.675,94.675,1
1705432800,94.68,94.68,94.68,94.68,1
1705433580,94.68,94.68,94.68,94.68,1
1705433700,94.675,94.675,94.675,94.675,1
1705433880,94.68,94.68,94.68,94.68,1
1705434180,94.68,94.68,94.68,94.68,16
1705434240,94.68,94.68,94.68,94.68,64
1705434360,94.68,94.68,94.68,94.68,9
1705434480,94.675,94.675,94.675,94.675,1846
1705434540,94.68,94.68,94.68,94.68,2
1705434720,94.68,94.68,94.68,94.68,1
1705434780,94.68,94.68,94.675,94.675,2
1705435140,94.68,94.68,94.68,94.68,33
1705435380,94.68,94.68,94.68,94.68,1
1705435860,94.68,94.68,94.68,94.68,2
1705435920,94.675,94.675,94.675,94.675,1
1705436040,94.68,94.68,94.68,94.68,1
1705436100,94.68,94.68,94.675,94.675,3
1705436220,94.675,94.675,94.675,94.675,1
1705436400,94.675,94.675,94.675,94.675,1
1705436460,94.675,94.68,94.675,94.68,2
1705436520,94.68,94.68,94.68,94.68,2
1705436580,94.68,94.68,94.675,94.675,3
1705436640,94.675,94.675,94.675,94.675,4
1705436700,94.675,94.68,94.675,94.675,4
1705436760,94.675,94.675,94.675,94.675,2
1705436880,94.675,94.675,94.675,94.675,5
1705436940,94.68,94.68,94.68,94.68,5
1705437000,94.675,94.675,94.675,94.675,4
1705437120,94.68,94.68,94.68,94.68,1
1705437660,94.675,94.675,94.675,94.675,500
1705438080,94.68,94.68,94.68,94.68,1
1705438440,94.68,94.68,94.68,94.68,1
1705438560,94.68,94.68,94.68,94.68,78
1705438620,94.68,94.68,94.68,94.68,14
1705438680,94.68,94.68,94.68,94.68,3
1705438740,94.68,94.68,94.68,94.68,3
1705438800,94.68,94.68,94.68,94.68,1
1705439760,94.68,94.68,94.68,94.68,5
1705440480,94.68,94.68,94.68,94.68,51
1705440540,94.68,94.68,94.68,94.68,84
1705440600,94.68,94.68,94.68,94.68,36
1705442280,94.675,94.675,94.675,94.675,122
1705442340,94.68,94.68,94.68,94.68,27
1705446000,94.68,94.68,94.68,94.68,1
1705446180,94.68,94.68,94.68,94.68,1
1705451880,94.68,94.68,94.68,94.68,10
1705454280,94.68,94.68,94.68,94.68,81
1705457280,94.68,94.68,94.68,94.68,10
1705457400,94.68,94.68,94.68,94.68,8
1705458000,94.68,94.68,94.68,94.68,3
1705460820,94.68,94.68,94.68,94.68,6
1705460940,94.675,94.675,94.675,94.675,200
1705461180,94.68,94.68,94.68,94.68,6
1705476000,94.68,94.68,94.68,94.68,8
1705478760,94.675,94.675,94.675,94.675,3570
1705484160,94.68,94.68,94.68,94.68,64
1705486560,94.68,94.68,94.68,94.68,7
1705487040,94.68,94.68,94.68,94.68,67
1705488360,94.68,94.68,94.68,94.68,15
1705492200,94.68,94.68,94.68,94.68,1
1705492380,94.68,94.68,94.68,94.68,2
1705492740,94.68,94.68,94.68,94.68,1
1705492920,94.68,94.68,94.68,94.68,1
1705493100,94.68,94.68,94.68,94.68,1
1705493280,94.68,94.68,94.68,94.68,2
1705493640,94.68,94.68,94.68,94.68,2
1705494000,94.68,94.68,94.68,94.68,1
1705494120,94.675,94.675,94.675,94.675,38
1705494180,94.68,94.68,94.68,94.68,2
1705494540,94.68,94.68,94.68,94.68,1
1705494720,94.68,94.68,94.68,94.68,1
1705494900,94.68,94.68,94.68,94.68,1
1705495080,94.675,94.68,94.675,94.68,2605
1705495440,94.68,94.68,94.68,94.68,2
1705495800,94.68,94.68,94.68,94.68,2
1705496160,94.68,94.68,94.68,94.68,2
1705496460,94.68,94.68,94.68,94.68,2
1705496820,94.68,94.68,94.68,94.68,1
1705496940,94.68,94.68,94.68,94.68,2
1705497000,94.68,94.68,94.68,94.68,2
1705497360,94.68,94.68,94.68,94.68,1
1705497540,94.68,94.68,94.68,94.68,2
1705497600,94.68,94.68,94.68,94.68,2
1705497780,94.675,94.675,94.675,94.675,5
1705497840,94.675,94.675,94.675,94.675,2000
1705497900,94.675,94.68,94.675,94.68,175
1705497960,94.675,94.675,94.675,94.675,1382
1705498020,94.675,94.675,94.675,94.675,1
1705498080,94.675,94.68,94.675,94.68,377
1705498140,94.68,94.68,94.675,94.68,289
1705498200,94.675,94.68,94.675,94.675,860
1705498260,94.675,94.675,94.675,94.675,2353
1705498320,94.68,94.68,94.675,94.675,51
1705498380,94.675,94.68,94.675,94.68,207
1705498440,94.675,94.68,94.675,94.68,24
1705498500,94.68,94.68,94.68,94.68,4
1705498560,94.675,94.68,94.675,94.68,58
1705498620,94.675,94.68,94.675,94.68,237
1705498800,94.675,94.68,94.675,94.68,22
1705498860,94.675,94.675,94.675,94.675,5
1705498920,94.675,94.675,94.675,94.675,3
1705498980,94.68,94.68,94.68,94.68,1
1705499040,94.675,94.675,94.675,94.675,33
1705499100,94.675,94.675,94.675,94.675,7
1705499160,94.675,94.68,94.675,94.68,5
1705499220,94.675,94.675,94.675,94.675,6
1705499340,94.68,94.68,94.675,94.68,17
1705499700,94.68,94.68,94.68,94.68,1
1705499880,94.675,94.68,94.675,94.675,200
1705499940,94.68,94.68,94.68,94.68,22
1705500000,94.68,94.68,94.68,94.68,3
1705500060,94.68,94.68,94.68,94.68,1
1705500240,94.68,94.68,94.68,94.68,1
1705500420,94.68,94.68,94.68,94.68,2
1705500780,94.68,94.68,94.68,94.68,1
1705500960,94.68,94.68,94.675,94.675,2401
1705501020,94.675,94.68,94.675,94.68,11
1705501320,94.68,94.68,94.68,94.68,2
1705501380,94.675,94.675,94.675,94.675,24
1705501500,94.68,94.68,94.68,94.68,1
1705501740,94.68,94.68,94.68,94.68,9
1705501800,94.68,94.68,94.68,94.68,1
1705501860,94.68,94.68,94.675,94.675,89
1705501980,94.68,94.68,94.675,94.675,18
1705502040,94.675,94.675,94.675,94.675,15
1705502100,94.675,94.68,94.675,94.68,74
1705502160,94.675,94.68,94.675,94.68,21
1705502580,94.675,94.675,94.675,94.675,20
1705503000,94.675,94.675,94.675,94.675,844
1705503060,94.675,94.675,94.675,94.675,52
1705503120,94.675,94.675,94.675,94.675,196
1705503240,94.675,94.675,94.675,94.675,1
1705503300,94.675,94.675,94.675,94.675,33
1705503540,94.675,94.68,94.675,94.68,8
1705503600,94.675,94.675,94.675,94.675,1
1705503660,94.68,94.68,94.68,94.68,3
1705504260,94.675,94.675,94.675,94.675,5
1705504380,94.675,94.675,94.675,94.675,15
1705504740,94.675,94.675,94.675,94.675,43
1705505100,94.675,94.675,94.675,94.675,263
1705505340,94.68,94.68,94.68,94.68,5
1705505400,94.68,94.68,94.68,94.68,7
1705505880,94.675,94.675,94.675,94.675,15
1705506060,94.68,94.68,94.68,94.68,1
1705506180,94.675,94.675,94.675,94.675,30
1705506300,94.68,94.68,94.675,94.675,80
1705506720,94.675,94.675,94.675,94.675,47
1705507140,94.675,94.68,94.675,94.68,56
1705507320,94.675,94.675,94.675,94.675,144
1705507440,94.68,94.68,94.68,94.68,1
1705507740,94.675,94.675,94.675,94.675,129
1705508160,94.675,94.675,94.675,94.675,5
1705508220,94.675,94.675,94.675,94.675,5
1705508280,94.675,94.675,94.675,94.675,53
1705508400,94.675,94.675,94.675,94.675,43
1705508580,94.675,94.675,94.675,94.675,1
1705508640,94.675,94.675,94.675,94.675,1
1705508700,94.675,94.675,94.675,94.675,1
1705508760,94.675,94.675,94.675,94.675,1
1705509000,94.675,94.675,94.675,94.675,2
1705509060,94.675,94.675,94.675,94.675,160
1705509120,94.675,94.675,94.675,94.675,1
1705509240,94.675,94.675,94.675,94.675,30
1705509300,94.675,94.675,94.675,94.675,43
1705509420,94.675,94.675,94.675,94.675,313
1705509480,94.675,94.675,94.675,94.675,800
1705509960,94.675,94.675,94.67,94.67,24331
1705510020,94.675,94.675,94.675,94.675,116
1705510080,94.675,94.675,94.675,94.675,643
1705510200,94.675,94.675,94.675,94.675,100
1705510260,94.675,94.675,94.675,94.675,2
1705510320,94.675,94.675,94.675,94.675,1016
1705510380,94.675,94.675,94.675,94.675,2215
1705510440,94.675,94.675,94.675,94.675,1102
1705510560,94.675,94.675,94.675,94.675,1248
1705510680,94.675,94.675,94.675,94.675,51
1705510740,94.675,94.675,94.675,94.675,197
1705510800,94.675,94.675,94.675,94.675,150
1705511100,94.675,94.675,94.675,94.675,958
1705511340,94.675,94.675,94.675,94.675,182
1705512420,94.675,94.675,94.675,94.675,1
1705512480,94.675,94.675,94.675,94.675,1
1705512720,94.675,94.675,94.675,94.675,71
1705512780,94.675,94.675,94.675,94.675,28
1705512840,94.675,94.675,94.675,94.675,2
1705512900,94.68,94.68,94.68,94.68,1
1705512960,94.675,94.675,94.675,94.675,1
1705513080,94.675,94.675,94.675,94.675,951
1705513500,94.675,94.675,94.675,94.675,1
1705514100,94.675,94.675,94.675,94.675,27
1705514220,94.675,94.675,94.675,94.675,163
1705514340,94.675,94.675,94.675,94.675,9
1705514880,94.675,94.675,94.675,94.675,36
1705514940,94.675,94.675,94.675,94.675,1
1705515000,94.675,94.675,94.675,94.675,1
1705515180,94.675,94.675,94.675,94.675,1
1705515780,94.675,94.675,94.675,94.675,1
1705516140,94.675,94.675,94.675,94.675,1
1705516200,94.675,94.675,94.675,94.675,1
1705516440,94.675,94.675,94.675,94.675,2
1705516500,94.675,94.675,94.675,94.675,1
1705517340,94.675,94.675,94.675,94.675,2
1705517400,94.675,94.675,94.675,94.675,3
1705517580,94.675,94.675,94.675,94.675,1
1705517640,94.675,94.675,94.675,94.675,6
1705517760,94.675,94.675,94.675,94.675,1
1705518060,94.675,94.675,94.675,94.675,1
1705518120,94.675,94.675,94.675,94.675,139
1705518180,94.675,94.675,94.675,94.675,2
1705518360,94.675,94.675,94.675,94.675,3
1705518600,94.68,94.68,94.68,94.68,42
1705519260,94.675,94.675,94.675,94.675,1
1705519680,94.675,94.675,94.675,94.675,1
1705519740,94.68,94.68,94.68,94.68,2
1705519980,94.675,94.675,94.675,94.675,1
1705520040,94.675,94.675,94.675,94.675,1
1705520160,94.675,94.675,94.675,94.675,2
1705520220,94.675,94.675,94.675,94.675,1
1705520340,94.675,94.675,94.675,94.675,1
1705520820,94.675,94.68,94.675,94.68,18
1705521180,94.675,94.675,94.675,94.675,1
1705521360,94.68,94.68,94.675,94.675,24
1705521540,94.68,94.68,94.68,94.68,2
1705521600,94.675,94.675,94.675,94.675,1
1705522080,94.68,94.68,94.68,94.68,4
1705522140,94.68,94.68,94.68,94.68,5
1705522260,94.675,94.675,94.675,94.675,25
1705522320,94.675,94.675,94.675,94.675,3
1705522860,94.68,94.68,94.68,94.68,2
1705524120,94.675,94.675,94.675,94.675,1
1705524180,94.675,94.675,94.675,94.675,1
1705526340,94.675,94.675,94.675,94.675,79
1705526400,94.675,94.675,94.675,94.675,1
1705526940,94.68,94.68,94.68,94.68,8
1705528140,94.675,94.675,94.675,94.675,3
1705528740,94.68,94.68,94.68,94.68,5
1705537140,94.675,94.675,94.675,94.675,1
1705537680,94.68,94.68,94.68,94.68,126
1705537800,94.675,94.675,94.675,94.675,1
1705540020,94.675,94.675,94.675,94.675,1
1705541100,94.68,94.68,94.68,94.68,126
1705542180,94.675,94.675,94.675,94.675,1
1705543440,94.68,94.68,94.68,94.68,96
1705545240,94.675,94.675,94.675,94.675,1
1705547400,94.675,94.675,94.675,94.675,1
1705549980,94.675,94.675,94.675,94.675,12
1705550220,94.675,94.675,94.675,94.675,2
1705553580,94.675,94.675,94.675,94.675,1
1705556580,94.675,94.675,94.675,94.675,1
1705559280,94.675,94.675,94.675,94.675,1
1705562400,94.675,94.675,94.675,94.675,1
1705563000,94.68,94.68,94.68,94.68,11
1705564380,94.675,94.675,94.675,94.675,5
1705565400,94.675,94.675,94.675,94.675,2
1705568460,94.68,94.68,94.68,94.68,2
1705568940,94.675,94.675,94.675,94.675,1
1705572180,94.68,94.68,94.68,94.68,12
1705572360,94.675,94.675,94.675,94.675,20
1705572420,94.675,94.675,94.675,94.675,1
1705573080,94.675,94.675,94.675,94.675,1472
1705574220,94.68,94.68,94.68,94.68,2
1705575480,94.675,94.675,94.675,94.675,1
1705576140,94.68,94.68,94.68,94.68,2
1705576320,94.68,94.68,94.68,94.68,1
1705576500,94.68,94.68,94.68,94.68,2
1705576680,94.68,94.68,94.675,94.675,53
1705576860,94.68,94.68,94.68,94.68,2
1705577040,94.68,94.68,94.68,94.68,2
1705577160,94.68,94.68,94.68,94.68,2
1705577340,94.68,94.68,94.68,94.68,2
1705577520,94.68,94.68,94.68,94.68,2
1705577700,94.68,94.68,94.68,94.68,2
1705577880,94.68,94.68,94.68,94.68,2
1705578060,94.68,94.68,94.68,94.68,2
1705578240,94.68,94.68,94.68,94.68,2
1705578420,94.68,94.68,94.68,94.68,2
1705578600,94.68,94.68,94.68,94.68,2
1705578780,94.68,94.68,94.68,94.68,2
1705578960,94.68,94.68,94.68,94.68,2
1705579140,94.68,94.68,94.68,94.68,2
1705579200,94.675,94.675,94.675,94.675,1
1705579320,94.68,94.68,94.68,94.68,2
1705579500,94.68,94.68,94.68,94.68,2
1705579680,94.68,94.68,94.68,94.68,2
1705579860,94.68,94.68,94.68,94.68,2
1705580040,94.68,94.68,94.68,94.68,2
1705580220,94.68,94.68,94.68,94.68,2
1705580340,94.68,94.68,94.68,94.68,2
1705580520,94.68,94.68,94.68,94.68,2
1705580700,94.68,94.68,94.68,94.68,2
1705580880,94.68,94.68,94.68,94.68,2
1705581060,94.68,94.68,94.68,94.68,1
1705581240,94.68,94.68,94.68,94.68,2
1705581420,94.68,94.68,94.68,94.68,2
1705581600,94.68,94.68,94.68,94.68,100
1705581780,94.68,94.68,94.68,94.68,2
1705581960,94.68,94.68,94.68,94.68,2
1705582020,94.68,94.68,94.68,94.68,147
1705582080,94.68,94.68,94.68,94.68,50
1705582140,94.68,94.68,94.68,94.68,2
1705582320,94.68,94.68,94.68,94.68,2
1705582500,94.68,94.68,94.68,94.68,2
1705582680,94.675,94.68,94.675,94.68,3
1705582800,94.68,94.68,94.68,94.68,10
1705582860,94.68,94.68,94.68,94.68,2
1705583040,94.68,94.68,94.675,94.675,71
1705583220,94.68,94.68,94.68,94.68,2
1705583280,94.675,94.675,94.675,94.675,4
1705583400,94.68,94.68,94.68,94.68,2
1705583460,94.68,94.68,94.68,94.68,13
1705583520,94.68,94.68,94.68,94.68,2
1705583700,94.68,94.68,94.68,94.68,2
1705583880,94.68,94.68,94.68,94.68,2
1705584060,94.68,94.68,94.68,94.68,2
1705584240,94.68,94.68,94.68,94.68,2
1705584300,94.68,94.68,94.68,94.68,7
1705584420,94.68,94.68,94.68,94.68,2
1705584540,94.68,94.68,94.68,94.68,4
1705584600,94.675,94.68,94.675,94.675,1100
1705584780,94.68,94.68,94.68,94.68,2
1705584900,94.675,94.675,94.675,94.675,3
1705584960,94.68,94.68,94.68,94.68,2
1705585140,94.68,94.68,94.68,94.68,2
1705585320,94.675,94.68,94.675,94.68,7
1705585500,94.68,94.68,94.68,94.68,11
1705585680,94.68,94.68,94.68,94.68,2
1705585860,94.68,94.68,94.68,94.68,1
1705586040,94.68,94.68,94.68,94.68,2
1705586100,94.675,94.675,94.675,94.675,250
1705586220,94.68,94.68,94.68,94.68,2
1705586340,94.68,94.68,94.68,94.68,7
1705586400,94.68,94.68,94.68,94.68,2
1705586580,94.68,94.68,94.68,94.68,2
1705586700,94.68,94.68,94.68,94.68,2
1705586880,94.68,94.68,94.68,94.68,2
1705586940,94.675,94.675,94.675,94.675,1
1705587060,94.68,94.68,94.68,94.68,2
1705587120,94.675,94.675,94.675,94.675,1
1705587240,94.68,94.68,94.68,94.68,2
1705587420,94.68,94.68,94.68,94.68,2
1705587540,94.675,94.675,94.675,94.675,30
1705587600,94.68,94.68,94.68,94.68,2
1705587780,94.68,94.68,94.68,94.68,2
1705587960,94.68,94.68,94.68,94.68,2
1705588140,94.68,94.68,94.68,94.68,4
1705588260,94.68,94.68,94.68,94.68,50
1705588320,94.68,94.68,94.68,94.68,2
1705588500,94.68,94.68,94.68,94.68,2
1705588680,94.68,94.68,94.68,94.68,2
1705588860,94.68,94.68,94.68,94.68,2
1705589940,94.68,94.68,94.68,94.68,1
1705590060,94.68,94.68,94.68,94.68,25
1705590240,94.675,94.675,94.675,94.675,1
1705590780,94.68,94.68,94.68,94.68,25
1705591740,94.68,94.68,94.68,94.68,1
1705592280,94.675,94.675,94.675,94.675,4
1705593300,94.675,94.675,94.675,94.675,160
1705593540,94.68,94.68,94.68,94.68,1
1705594020,94.675,94.675,94.675,94.675,1
1705594860,94.675,94.675,94.675,94.675,1
1705595340,94.68,94.68,94.68,94.68,276
1705595760,94.675,94.675,94.675,94.675,1
1705595820,94.675,94.675,94.675,94.675,6
1705596060,94.68,94.68,94.675,94.675,22
1705596180,94.675,94.675,94.675,94.675,202
1705596600,94.68,94.68,94.68,94.68,1
1705597140,94.68,94.68,94.68,94.68,1
1705597440,94.675,94.675,94.675,94.675,1
1705597620,94.68,94.68,94.68,94.68,50
1705597860,94.675,94.675,94.675,94.675,81
1705597920,94.675,94.675,94.675,94.675,9
1705598400,94.675,94.675,94.675,94.675,83
1705598640,94.675,94.675,94.675,94.675,1
1705598940,94.68,94.68,94.68,94.68,1
1705599240,94.675,94.675,94.675,94.675,21
1705599360,94.675,94.675,94.675,94.675,3
1705600740,94.675,94.68,94.675,94.68,7
1705600800,94.675,94.675,94.675,94.675,12
1705601280,94.68,94.68,94.68,94.68,3
1705602540,94.68,94.68,94.68,94.68,1
1705602660,94.68,94.68,94.68,94.68,1
1705603440,94.675,94.675,94.675,94.675,1
1705603560,94.675,94.675,94.675,94.675,29
1705603860,94.68,94.68,94.68,94.68,1
1705604100,94.675,94.675,94.675,94.675,1689
1705604400,94.675,94.675,94.675,94.675,2
1705604520,94.675,94.675,94.675,94.675,1
1705604760,94.675,94.675,94.675,94.675,71
1705605060,94.675,94.675,94.675,94.675,4
1705605240,94.68,94.68,94.68,94.68,10
1705605360,94.675,94.675,94.675,94.675,2
1705606140,94.675,94.675,94.675,94.675,1
1705606260,94.68,94.68,94.68,94.68,1
1705607280,94.68,94.68,94.68,94.68,45
1705607940,94.68,94.68,94.68,94.68,1
1705608720,94.675,94.675,94.675,94.675,1
1705611240,94.675,94.675,94.675,94.675,1
1705611420,94.68,94.68,94.68,94.68,119
1705611900,94.675,94.675,94.675,94.675,5
1705611960,94.675,94.675,94.675,94.675,3
1705612020,94.68,94.68,94.68,94.68,1
1705612440,94.675,94.675,94.675,94.675,3
1705613760,94.68,94.68,94.68,94.68,1
1705613820,94.68,94.68,94.68,94.68,2
1705615140,94.675,94.68,94.675,94.68,49
1705619820,94.675,94.675,94.675,94.675,15990
1705620600,94.675,94.675,94.675,94.675,2544
1705622280,94.675,94.675,94.675,94.675,110
1705623600,94.675,94.675,94.675,94.675,10
1705625340,94.675,94.675,94.675,94.675,15
1705627980,94.68,94.68,94.68,94.68,1
1705628040,94.68,94.68,94.68,94.68,1
1705628700,94.675,94.675,94.675,94.675,97
1705630860,94.68,94.68,94.68,94.68,1
1705631160,94.68,94.68,94.68,94.68,2
1705631760,94.68,94.68,94.68,94.68,1
1705632060,94.675,94.675,94.675,94.675,7
1705635360,94.68,94.68,94.68,94.68,1
1705637520,94.68,94.68,94.68,94.68,1
1705639380,94.68,94.68,94.68,94.68,1
1705639620,94.68,94.68,94.68,94.68,1
1705641120,94.68,94.68,94.68,94.68,2
1705641720,94.68,94.68,94.68,94.68,3
1705642140,94.68,94.68,94.68,94.68,1
1705642200,94.675,94.675,94.675,94.675,48
1705642740,94.675,94.675,94.675,94.675,2
1705643700,94.675,94.675,94.675,94.675,21
1705644240,94.68,94.68,94.68,94.68,4
1705644300,94.68,94.68,94.68,94.68,1
1705645800,94.68,94.68,94.68,94.68,1
1705646520,94.68,94.68,94.68,94.68,1
1705648200,94.68,94.68,94.68,94.68,1
1705648620,94.68,94.68,94.68,94.68,1
1705649160,94.68,94.68,94.68,94.68,1
1705650240,94.675,94.675,94.675,94.675,963
1705650300,94.675,94.68,94.675,94.68,9
1705650480,94.68,94.68,94.68,94.68,1
1705651020,94.68,94.68,94.68,94.68,2
1705651500,94.68,94.68,94.68,94.68,3
1705651560,94.675,94.675,94.675,94.675,12
1705651620,94.675,94.675,94.675,94.675,27
1705652100,94.68,94.68,94.68,94.68,1
1705652580,94.675,94.675,94.675,94.675,6
1705652700,94.68,94.68,94.68,94.68,1
1705652940,94.675,94.675,94.675,94.675,70
1705653060,94.675,94.675,94.675,94.675,3
1705653120,94.675,94.675,94.675,94.675,1
1705653780,94.675,94.675,94.675,94.675,67
1705658580,94.675,94.675,94.675,94.675,600
1705659120,94.675,94.675,94.675,94.675,135
1705659420,94.675,94.675,94.675,94.675,35
1705660080,94.675,94.675,94.675,94.675,16
1705660260,94.675,94.675,94.675,94.675,5
1705661220,94.675,94.675,94.675,94.675,29
1705662540,94.68,94.68,94.68,94.68,4
1705662780,94.675,94.675,94.675,94.675,30
1705663020,94.675,94.675,94.675,94.675,29
1705663620,94.675,94.675,94.675,94.675,42
1705666800,94.675,94.675,94.675,94.675,11
1705670040,94.675,94.675,94.675,94.675,1
1705670400,94.675,94.675,94.675,94.675,2
1705670520,94.675,94.675,94.675,94.675,7
1705671240,94.675,94.675,94.675,94.675,7
1705671360,94.675,94.675,94.675,94.675,11
1705671660,94.675,94.675,94.675,94.675,103
1705671960,94.675,94.675,94.675,94.675,1
1705672020,94.675,94.675,94.675,94.675,9
1705672140,94.675,94.675,94.675,94.675,1
1705672380,94.675,94.675,94.675,94.675,304
1705672560,94.675,94.675,94.675,94.675,120
1705672620,94.675,94.675,94.675,94.675,2
1705672680,94.675,94.675,94.675,94.675,2
1705672740,94.675,94.675,94.675,94.675,51
1705672800,94.675,94.675,94.675,94.675,28
1705672860,94.675,94.675,94.675,94.675,4
1705673040,94.68,94.68,94.675,94.675,108
1705673820,94.675,94.675,94.675,94.675,7
1705674000,94.675,94.675,94.675,94.675,2
1705674960,94.675,94.675,94.675,94.675,17
1705675560,94.68,94.68,94.68,94.68,2
1705675620,94.675,94.675,94.675,94.675,1
1705676040,94.675,94.675,94.675,94.675,19
1705676340,94.675,94.675,94.675,94.675,2
1705676400,94.68,94.68,94.68,94.68,2
1705676460,94.675,94.675,94.675,94.675,1
1705676700,94.675,94.675,94.675,94.675,5
1705677180,94.675,94.675,94.675,94.675,208
1705677360,94.675,94.675,94.675,94.675,1
1705677660,94.675,94.675,94.675,94.675,6
1705677780,94.675,94.675,94.675,94.675,1
1705677960,94.675,94.675,94.675,94.675,120
1705678200,94.675,94.675,94.675,94.675,185
1705678260,94.675,94.675,94.675,94.675,9
1705678440,94.675,94.675,94.675,94.675,9
1705678680,94.675,94.675,94.675,94.675,3
1705678920,94.675,94.675,94.675,94.675,7
1705678980,94.675,94.675,94.675,94.675,8
1705679040,94.675,94.675,94.675,94.675,1
1705679220,94.675,94.675,94.675,94.675,420
1705679400,94.675,94.675,94.675,94.675,104
1705679460,94.675,94.675,94.675,94.675,2
1705679520,94.675,94.675,94.675,94.675,1
1705679580,94.675,94.675,94.675,94.675,300
1705680960,94.675,94.675,94.675,94.675,991
1705681860,94.675,94.675,94.675,94.675,1
1705682160,94.675,94.675,94.675,94.675,2
1705682220,94.675,94.675,94.675,94.675,2
1705682280,94.675,94.675,94.675,94.675,45
1705682400,94.675,94.675,94.675,94.675,1
1705682760,94.675,94.675,94.675,94.675,1
1705683000,94.675,94.675,94.675,94.675,1
1705683180,94.675,94.675,94.675,94.675,1
1705683240,94.675,94.675,94.675,94.675,32
1705683300,94.675,94.675,94.675,94.675,1
1705683360,94.68,94.68,94.68,94.68,2
1705683540,94.675,94.675,94.675,94.675,2
1705683840,94.68,94.68,94.675,94.675,1214
1705683900,94.675,94.675,94.675,94.675,1208
1705683960,94.675,94.675,94.675,94.675,1383
1705684020,94.675,94.675,94.675,94.675,5
1705684140,94.675,94.675,94.675,94.675,1
1705684200,94.675,94.675,94.675,94.675,119
1705684260,94.675,94.675,94.675,94.675,50
1705684500,94.675,94.675,94.675,94.675,1
1705684680,94.675,94.675,94.675,94.675,1
1705684740,94.675,94.675,94.675,94.675,400
1705685280,94.675,94.675,94.675,94.675,1
1705685400,94.675,94.675,94.675,94.675,1
1705685700,94.675,94.675,94.675,94.675,28
1705685820,94.675,94.675,94.675,94.675,4435
1705685880,94.675,94.675,94.675,94.675,5610
1705685940,94.675,94.675,94.675,94.675,114
1705686000,94.675,94.675,94.675,94.675,16
1705686060,94.675,94.675,94.675,94.675,135
1705686120,94.675,94.675,94.675,94.675,473
1705686300,94.675,94.675,94.675,94.675,96
1705686360,94.675,94.675,94.675,94.675,6
1705686480,94.675,94.675,94.675,94.675,40
1705686540,94.675,94.675,94.675,94.675,1
1705686600,94.675,94.675,94.675,94.675,5
1705687020,94.675,94.675,94.675,94.675,46
1705687320,94.68,94.68,94.68,94.68,1
1705687380,94.68,94.68,94.68,94.68,1
1705687800,94.675,94.675,94.675,94.675,3
1705688640,94.68,94.68,94.68,94.68,1
1705688880,94.68,94.68,94.68,94.68,1
1705689000,94.675,94.675,94.675,94.675,710
1705689240,94.675,94.675,94.675,94.675,1
1705689600,94.675,94.675,94.675,94.675,9
1705689720,94.68,94.68,94.68,94.68,1
1705690560,94.675,94.675,94.675,94.675,127
1705690740,94.675,94.675,94.675,94.675,133
1705690800,94.675,94.675,94.675,94.675,3351
1705690860,94.675,94.675,94.675,94.675,15
1705690920,94.675,94.675,94.675,94.675,1316
1705691040,94.675,94.675,94.675,94.675,66
1705691160,94.675,94.675,94.675,94.675,3
1705691220,94.675,94.675,94.675,94.675,1
1705691340,94.675,94.675,94.675,94.675,67
1705691400,94.675,94.68,94.675,94.675,1343
1705691460,94.675,94.675,94.675,94.675,84
1705691520,94.675,94.675,94.675,94.675,202
1705691580,94.675,94.675,94.675,94.675,1
1705691640,94.675,94.675,94.675,94.675,600
1705692060,94.675,94.675,94.675,94.675,1
1705692240,94.675,94.675,94.675,94.675,1
1705692300,94.675,94.68,94.675,94.68,502
1705692360,94.68,94.68,94.68,94.68,1
1705692420,94.68,94.68,94.68,94.68,1
1705692480,94.68,94.68,94.68,94.68,1
1705692660,94.675,94.675,94.675,94.675,5
1705693020,94.675,94.675,94.675,94.675,8
1705693080,94.675,94.675,94.675,94.675,11
1705693200,94.675,94.675,94.675,94.675,50
1705693320,94.675,94.675,94.675,94.675,50
1705693440,94.675,94.675,94.675,94.675,160
1705693620,94.68,94.68,94.68,94.68,1
1705693740,94.675,94.675,94.675,94.675,8
1705693920,94.675,94.675,94.675,94.675,137
1705693980,94.675,94.675,94.675,94.675,698
1705694160,94.68,94.68,94.68,94.68,2
1705694220,94.68,94.68,94.68,94.68,1
1705694580,94.675,94.675,94.675,94.675,1
1705694880,94.68,94.68,94.68,94.68,1
1705695240,94.675,94.675,94.675,94.675,95
1705695780,94.675,94.675,94.675,94.675,95
1705696140,94.675,94.675,94.675,94.675,300
1705696200,94.675,94.675,94.675,94.675,46
1705696320,94.675,94.675,94.675,94.675,200
1705696380,94.675,94.675,94.675,94.675,82
1705696440,94.675,94.675,94.675,94.675,78
1705696500,94.675,94.675,94.675,94.675,16
1705696560,94.675,94.675,94.675,94.675,42
1705696620,94.675,94.675,94.675,94.675,1
1705696680,94.675,94.675,94.675,94.675,10
1705696800,94.675,94.675,94.675,94.675,2665
1705697100,94.675,94.675,94.675,94.675,70
1705697880,94.68,94.68,94.68,94.68,20
1705697940,94.68,94.68,94.68,94.68,5
1705698000,94.68,94.68,94.68,94.68,3
1705698060,94.68,94.68,94.68,94.68,1
1705698120,94.68,94.68,94.68,94.68,1
1705698240,94.675,94.675,94.675,94.675,5
1705698840,94.675,94.675,94.675,94.675,1
1705698900,94.675,94.675,94.675,94.675,42
1705699260,94.675,94.675,94.675,94.675,1
1705699500,94.68,94.68,94.68,94.68,2
1705699920,94.68,94.68,94.68,94.68,2
1705700220,94.68,94.68,94.675,94.68,4
1705700700,94.675,94.68,94.675,94.68,44
1705700820,94.675,94.675,94.675,94.675,41
1705701000,94.675,94.675,94.675,94.675,10
1705701060,94.68,94.68,94.68,94.68,4
1705701120,94.675,94.675,94.675,94.675,6
1705701240,94.68,94.68,94.675,94.675,13
1705701300,94.675,94.675,94.675,94.675,1
1705701420,94.68,94.68,94.68,94.68,1
1705701540,94.68,94.68,94.68,94.68,380
1705878000,94.675,94.68,94.675,94.68,6
1705878120,94.675,94.675,94.675,94.675,92
1705878420,94.675,94.675,94.675,94.675,19
1705883760,94.675,94.675,94.675,94.675,2
1705884240,94.675,94.675,94.675,94.675,5
1705886280,94.68,94.68,94.68,94.68,2
1705886340,94.68,94.68,94.68,94.68,1
1705890300,94.675,94.675,94.675,94.675,6
1705891080,94.68,94.68,94.68,94.68,100
1705892940,94.68,94.68,94.68,94.68,2
1705895340,94.675,94.675,94.675,94.675,737
1705895700,94.675,94.675,94.675,94.675,1
1705897260,94.675,94.675,94.675,94.675,48
1705901400,94.675,94.675,94.675,94.675,88
1705902720,94.675,94.675,94.675,94.675,29
1705902780,94.675,94.675,94.675,94.675,76
1705903740,94.675,94.675,94.675,94.675,4
1705904520,94.675,94.675,94.675,94.675,1
1705904640,94.675,94.675,94.675,94.675,39
1705904820,94.68,94.68,94.68,94.68,4
1705905660,94.675,94.675,94.675,94.675,1
1705906800,94.675,94.675,94.675,94.675,7
1705907880,94.675,94.675,94.675,94.675,10
1705909200,94.675,94.675,94.675,94.675,21
1705909440,94.675,94.675,94.675,94.675,500
1705909500,94.675,94.675,94.675,94.675,480
1705909920,94.675,94.675,94.675,94.675,4
1705911060,94.675,94.675,94.675,94.675,2625
1705911120,94.675,94.675,94.675,94.675,30
1705911480,94.675,94.675,94.675,94.675,2
1705911540,94.675,94.675,94.675,94.675,483
1705912320,94.675,94.675,94.675,94.675,128
1705912380,94.675,94.675,94.675,94.675,77
1705912560,94.675,94.675,94.675,94.675,1
1705912920,94.675,94.675,94.675,94.675,99
1705913040,94.675,94.675,94.675,94.675,105
1705913640,94.675,94.675,94.675,94.675,8
1705913760,94.675,94.675,94.675,94.675,70
1705913880,94.675,94.675,94.675,94.675,1580
1705913940,94.675,94.675,94.675,94.675,100
1705914060,94.675,94.675,94.675,94.675,40
1705914360,94.675,94.675,94.675,94.675,279
1705914480,94.675,94.675,94.675,94.675,44
1705914900,94.675,94.675,94.675,94.675,26
1705915020,94.675,94.675,94.675,94.675,44
1705915560,94.675,94.675,94.675,94.675,2
1705915860,94.675,94.675,94.675,94.675,33
1705915920,94.675,94.675,94.675,94.675,48
1705916040,94.675,94.675,94.675,94.675,12
1705916280,94.675,94.675,94.675,94.675,45
1705916340,94.675,94.675,94.675,94.675,51
1705916400,94.675,94.675,94.675,94.675,15
1705916460,94.675,94.675,94.675,94.675,272
1705916520,94.675,94.675,94.675,94.675,501
1705916580,94.675,94.675,94.675,94.675,72
1705916640,94.675,94.675,94.675,94.675,450
1705916940,94.675,94.675,94.675,94.675,248
1705917240,94.675,94.675,94.675,94.675,22
1705918680,94.675,94.675,94.675,94.675,413
1705918800,94.675,94.675,94.675,94.675,8
1705918860,94.675,94.675,94.675,94.675,56
1705918920,94.675,94.675,94.675,94.675,22
1705918980,94.675,94.675,94.675,94.675,78
1705919340,94.675,94.675,94.675,94.675,4
1705919400,94.675,94.675,94.675,94.675,2
1705919640,94.675,94.675,94.675,94.675,1
1705920840,94.675,94.675,94.675,94.675,175
1705921020,94.675,94.675,94.675,94.675,231
1705921500,94.675,94.675,94.675,94.675,15
1705922700,94.675,94.675,94.675,94.675,1
1705922820,94.675,94.675,94.675,94.675,35
1705925340,94.675,94.675,94.675,94.675,137
1705925760,94.675,94.675,94.675,94.675,7
1705928580,94.67,94.67,94.67,94.67,8935
1705928700,94.675,94.675,94.67,94.67,226
1705928760,94.675,94.675,94.675,94.675,100
1705928880,94.675,94.675,94.675,94.675,87
1705928940,94.675,94.675,94.675,94.675,37
1705929060,94.675,94.675,94.675,94.675,30
1705929600,94.67,94.67,94.67,94.67,2
1705929780,94.675,94.675,94.675,94.675,10
1705930560,94.67,94.67,94.67,94.67,1
1705930740,94.675,94.675,94.675,94.675,24
1705931640,94.675,94.675,94.67,94.67,5986
1705931700,94.675,94.675,94.675,94.675,5
1705931760,94.675,94.675,94.675,94.675,4
1705932000,94.675,94.675,94.675,94.675,390
1705932120,94.675,94.675,94.675,94.675,1
1705932720,94.675,94.675,94.675,94.675,17
1705933440,94.67,94.67,94.67,94.67,12
1705933500,94.67,94.67,94.67,94.67,8
1705933980,94.675,94.675,94.675,94.675,12089
1705934100,94.675,94.675,94.675,94.675,689
1705934160,94.675,94.675,94.675,94.675,549
1705934340,94.675,94.675,94.675,94.675,500
1705934400,94.675,94.675,94.675,94.675,1084
1705934460,94.675,94.675,94.675,94.675,3
1705934520,94.675,94.675,94.675,94.675,12
1705934580,94.675,94.675,94.675,94.675,220
1705934940,94.675,94.675,94.675,94.675,11
1705935000,94.675,94.675,94.675,94.675,488
1705935120,94.675,94.675,94.675,94.675,52
1705935360,94.675,94.675,94.675,94.675,7
1705935540,94.675,94.675,94.675,94.675,4
1705935600,94.675,94.675,94.675,94.675,2
1705935660,94.675,94.675,94.675,94.675,169
1705937040,94.68,94.68,94.68,94.68,10
1705937460,94.675,94.675,94.675,94.675,269
1705937580,94.675,94.675,94.675,94.675,3
1705938180,94.675,94.675,94.675,94.675,4
1705938720,94.675,94.675,94.675,94.675,32
1705939200,94.675,94.675,94.675,94.675,250
1705939440,94.675,94.675,94.675,94.675,60
1705939500,94.675,94.675,94.675,94.675,3
1705939560,94.675,94.675,94.675,94.675,36
1705939740,94.675,94.675,94.675,94.675,1
1705939920,94.675,94.675,94.675,94.675,1
1705939980,94.675,94.675,94.675,94.675,241
1705940100,94.675,94.675,94.675,94.675,51
1705940280,94.675,94.675,94.675,94.675,1
1705940460,94.675,94.675,94.675,94.675,1
1705940580,94.675,94.675,94.675,94.675,1
1705940760,94.675,94.675,94.675,94.675,1
1705940940,94.68,94.68,94.675,94.675,8
1705941120,94.675,94.675,94.675,94.675,1
1705941300,94.675,94.675,94.675,94.675,68
1705941480,94.675,94.675,94.675,94.675,1
1705941600,94.675,94.675,94.675,94.675,1000
1705941660,94.675,94.675,94.675,94.675,1
1705941840,94.675,94.675,94.675,94.675,1
1705942020,94.675,94.675,94.675,94.675,1
1705942140,94.675,94.675,94.675,94.675,51
1705942200,94.675,94.675,94.675,94.675,1
1705942380,94.675,94.675,94.675,94.675,16
1705942560,94.675,94.675,94.675,94.675,1
1705942740,94.675,94.675,94.675,94.675,1
1705942920,94.675,94.675,94.675,94.675,1
1705943100,94.675,94.675,94.675,94.675,1
1705943280,94.675,94.675,94.675,94.675,1
1705943340,94.68,94.68,94.68,94.68,64
1705943460,94.675,94.675,94.675,94.675,1
1705943640,94.675,94.675,94.675,94.675,1
1705943700,94.675,94.675,94.675,94.675,467
1705943820,94.675,94.675,94.675,94.675,1
1705944000,94.675,94.675,94.675,94.675,1
1705944180,94.675,94.675,94.675,94.675,1
1705944240,94.675,94.675,94.675,94.675,256
1705944360,94.675,94.675,94.675,94.675,1
1705944540,94.675,94.675,94.675,94.675,1
1705944720,94.675,94.675,94.675,94.675,1
1705944900,94.675,94.675,94.675,94.675,1
1705945020,94.675,94.675,94.675,94.675,480
1705945080,94.675,94.675,94.675,94.675,1
1705945260,94.675,94.675,94.675,94.675,101
1705945440,94.675,94.675,94.675,94.675,1
1705945620,94.675,94.675,94.675,94.675,1
1705945800,94.675,94.675,94.675,94.675,1
1705945980,94.675,94.675,94.675,94.675,1
1705946160,94.675,94.675,94.675,94.675,1
1705946220,94.675,94.675,94.675,94.675,60
1705946340,94.675,94.68,94.675,94.68,382
1705946460,94.675,94.675,94.675,94.675,38
1705946520,94.675,94.675,94.675,94.675,1
1705946700,94.675,94.675,94.675,94.675,1
1705946880,94.675,94.675,94.675,94.675,1
1705947060,94.675,94.675,94.675,94.675,1
1705947240,94.675,94.675,94.675,94.675,1
1705947420,94.675,94.675,94.675,94.675,1
1705947540,94.675,94.675,94.675,94.675,1
1705947720,94.675,94.675,94.675,94.675,1
1705947900,94.675,94.675,94.675,94.675,1
1705948080,94.675,94.675,94.675,94.675,1
1705948260,94.675,94.675,94.675,94.675,1
1705948440,94.675,94.675,94.675,94.675,1
1705948620,94.675,94.675,94.675,94.675,1
1705948800,94.675,94.675,94.675,94.675,1
1705948980,94.675,94.675,94.675,94.675,1
1705949160,94.675,94.675,94.675,94.675,1
1705949340,94.675,94.675,94.675,94.675,1
1705949520,94.675,94.675,94.675,94.675,1
1705949700,94.675,94.675,94.675,94.675,1
1705949880,94.675,94.675,94.675,94.675,1
1705950060,94.675,94.675,94.675,94.675,1
1705950240,94.675,94.675,94.675,94.675,1
1705950420,94.675,94.675,94.675,94.675,1
1705950600,94.675,94.675,94.675,94.675,1
1705950780,94.675,94.675,94.675,94.675,1
1705950960,94.675,94.675,94.675,94.675,4
1705951020,94.675,94.675,94.675,94.675,3
1705951140,94.675,94.675,94.675,94.675,1
1705951320,94.675,94.675,94.675,94.675,1
1705951500,94.675,94.675,94.675,94.675,1
1705951680,94.675,94.675,94.675,94.675,1
1705951860,94.675,94.675,94.675,94.675,302
1705952040,94.675,94.675,94.675,94.675,1
1705952220,94.675,94.675,94.675,94.675,1
1705952400,94.675,94.675,94.675,94.675,1
1705952580,94.675,94.675,94.675,94.675,1
1705952640,94.675,94.675,94.675,94.675,1
1705952700,94.675,94.675,94.675,94.675,4
1705952760,94.675,94.675,94.675,94.675,1
1705952880,94.675,94.675,94.675,94.675,522
1705953060,94.675,94.675,94.675,94.675,600
1705953540,94.675,94.675,94.675,94.675,1
1705954980,94.68,94.68,94.68,94.68,1
1705955340,94.68,94.68,94.68,94.68,1
1705955400,94.68,94.68,94.68,94.68,1
1705956180,94.68,94.68,94.68,94.68,10
1705956240,94.68,94.68,94.68,94.68,1
1705956300,94.68,94.68,94.68,94.68,1
1705956840,94.68,94.68,94.68,94.68,1
1705956960,94.68,94.68,94.68,94.68,1
1705957140,94.68,94.68,94.68,94.68,1
1705957200,94.68,94.68,94.675,94.675,10
1705957380,94.675,94.68,94.675,94.68,151
1705958640,94.68,94.68,94.68,94.68,1
1705958760,94.675,94.675,94.675,94.675,143
1705959540,94.675,94.675,94.675,94.675,144
1705959720,94.68,94.68,94.68,94.68,7
1705959960,94.68,94.68,94.68,94.68,3
1705960020,94.675,94.68,94.675,94.68,11
1705960380,94.675,94.675,94.675,94.675,6
1705960560,94.68,94.68,94.68,94.68,98
1705960680,94.68,94.68,94.68,94.68,1
1705960740,94.675,94.675,94.675,94.675,165
1705964400,94.675,94.675,94.675,94.675,26
1705964460,94.675,94.675,94.675,94.675,27
1705964520,94.675,94.675,94.675,94.675,13
1705964580,94.675,94.675,94.675,94.675,4
1705971000,94.675,94.675,94.675,94.675,1000
1705971120,94.675,94.675,94.675,94.675,3
1705979040,94.675,94.675,94.675,94.675,5
1705985820,94.68,94.68,94.68,94.68,10
1705990080,94.675,94.675,94.675,94.675,100
1705991160,94.68,94.68,94.68,94.68,8
1705995420,94.675,94.675,94.675,94.675,1
1705995780,94.675,94.675,94.675,94.675,2726
1705996080,94.675,94.675,94.675,94.675,1
1705996200,94.675,94.675,94.675,94.675,46
1705996260,94.675,94.675,94.675,94.675,388
1705996980,94.675,94.675,94.675,94.675,1
1705997280,94.675,94.675,94.675,94.675,325
1705998060,94.675,94.675,94.675,94.675,6
1705998240,94.675,94.675,94.675,94.675,21
1705998420,94.675,94.675,94.675,94.675,2
1705998600,94.675,94.675,94.675,94.675,111
1705998720,94.675,94.675,94.675,94.675,575
1705998960,94.675,94.675,94.675,94.675,5
1705999140,94.675,94.675,94.675,94.675,238
1705999500,94.675,94.675,94.675,94.675,34
1706000460,94.675,94.675,94.675,94.675,6
1706000520,94.675,94.675,94.675,94.675,1
1706000640,94.675,94.675,94.675,94.675,93
1706000760,94.675,94.675,94.675,94.675,1
1706001660,94.675,94.675,94.675,94.675,44
1706002740,94.675,94.675,94.675,94.675,2
1706002860,94.675,94.675,94.675,94.675,1
1706005740,94.675,94.675,94.675,94.675,500
1706007060,94.675,94.675,94.675,94.675,118
1706011020,94.68,94.68,94.68,94.68,2
1706011500,94.68,94.68,94.68,94.68,1
1706011740,94.68,94.68,94.68,94.68,5
1706012940,94.675,94.675,94.675,94.675,1
1706013540,94.675,94.675,94.675,94.675,1
1706014980,94.675,94.675,94.675,94.675,1
1706015040,94.675,94.675,94.675,94.675,1
1706015400,94.68,94.68,94.68,94.68,1
1706015700,94.68,94.68,94.68,94.68,7
1706016180,94.68,94.68,94.68,94.68,11
1706016240,94.68,94.68,94.68,94.68,7
1706016300,94.68,94.68,94.68,94.68,3
1706016420,94.68,94.68,94.68,94.68,1
1706016540,94.68,94.68,94.68,94.68,4
1706016660,94.68,94.68,94.68,94.68,1
1706016720,94.68,94.68,94.68,94.68,2
1706016780,94.68,94.68,94.675,94.675,24
1706016840,94.68,94.68,94.68,94.68,1
1706017680,94.675,94.68,94.675,94.68,19
1706018280,94.68,94.68,94.68,94.68,50
1706019000,94.675,94.675,94.675,94.675,1
1706019900,94.675,94.675,94.675,94.675,30
1706020380,94.675,94.675,94.675,94.675,158
1706020440,94.675,94.675,94.675,94.675,1204
1706020500,94.675,94.675,94.675,94.675,214
1706020560,94.675,94.675,94.675,94.675,555
1706020620,94.675,94.675,94.675,94.675,599
1706020740,94.675,94.675,94.675,94.675,16
1706020800,94.675,94.675,94.675,94.675,214
1706021400,94.675,94.675,94.675,94.675,183
1706022360,94.675,94.675,94.675,94.675,100
1706022480,94.68,94.68,94.68,94.68,2
1706025720,94.675,94.68,94.675,94.68,1207
1706026380,94.675,94.675,94.675,94.675,500
1706026980,94.675,94.675,94.675,94.675,400
1706028540,94.675,94.675,94.675,94.675,300
1706028660,94.675,94.675,94.675,94.675,225
1706029080,94.675,94.675,94.675,94.675,3
1706029440,94.68,94.68,94.68,94.68,50
1706030700,94.68,94.68,94.68,94.68,20
1706030940,94.675,94.675,94.675,94.675,58
1706031600,94.675,94.675,94.675,94.675,21
1706032440,94.68,94.68,94.68,94.68,5
1706032500,94.675,94.675,94.675,94.675,4
1706032740,94.68,94.68,94.68,94.68,381
1706032800,94.675,94.675,94.675,94.675,6
1706033880,94.675,94.675,94.675,94.675,2
1706033940,94.68,94.68,94.68,94.68,1
1706034060,94.675,94.675,94.675,94.675,8730
1706036100,94.675,94.675,94.675,94.675,255
1706036520,94.675,94.675,94.675,94.675,22
1706037180,94.675,94.675,94.675,94.675,1
1706037480,94.675,94.675,94.675,94.675,1
1706038500,94.675,94.675,94.675,94.675,276
1706038560,94.68,94.68,94.68,94.68,1
1706038680,94.68,94.68,94.68,94.68,2
1706038740,94.675,94.675,94.675,94.675,1
1706039640,94.675,94.675,94.675,94.675,38
1706039820,94.675,94.675,94.675,94.675,130
1706039940,94.675,94.68,94.675,94.68,158
1706040000,94.675,94.675,94.675,94.675,37
1706040060,94.675,94.675,94.675,94.675,1
1706041320,94.675,94.675,94.675,94.675,13
1706041500,94.675,94.675,94.675,94.675,1
1706042040,94.675,94.675,94.675,94.675,2
1706042580,94.675,94.675,94.675,94.675,1
1706042820,94.68,94.68,94.68,94.68,8
1706043180,94.68,94.68,94.68,94.68,1
1706043300,94.68,94.68,94.68,94.68,1
1706043360,94.68,94.68,94.68,94.68,4
1706043420,94.68,94.68,94.68,94.68,4
1706043480,94.68,94.68,94.68,94.68,2
1706043540,94.68,94.68,94.68,94.68,11
1706043840,94.675,94.675,94.675,94.675,1
1706045100,94.675,94.675,94.675,94.675,1
1706046000,94.68,94.68,94.68,94.68,8
1706046540,94.675,94.675,94.675,94.675,200
1706046600,94.675,94.675,94.675,94.675,1431
1706047140,94.675,94.68,94.675,94.68,199
1706051520,94.675,94.675,94.675,94.675,22
1706060820,94.675,94.675,94.675,94.675,3
1706070360,94.68,94.68,94.68,94.68,2
1706071080,94.68,94.68,94.68,94.68,2
1706071800,94.68,94.68,94.68,94.68,2
1706072520,94.68,94.68,94.68,94.68,2
1706073300,94.68,94.68,94.68,94.68,2
1706074020,94.68,94.68,94.68,94.68,2
1706074740,94.68,94.68,94.68,94.68,2
1706075460,94.68,94.68,94.68,94.68,2
1706076180,94.68,94.68,94.68,94.68,2
1706076900,94.68,94.68,94.68,94.68,2
1706077620,94.68,94.68,94.675,94.675,6
1706078340,94.68,94.68,94.68,94.68,2
1706079060,94.68,94.68,94.68,94.68,2
1706079780,94.68,94.68,94.68,94.68,2
1706079900,94.68,94.68,94.68,94.68,1
1706080500,94.68,94.68,94.68,94.68,2
1706081220,94.68,94.68,94.68,94.68,2
1706081940,94.68,94.68,94.68,94.68,2
1706082660,94.68,94.68,94.68,94.68,2
1706083380,94.68,94.68,94.68,94.68,2
1706084100,94.68,94.68,94.68,94.68,2
1706084340,94.68,94.68,94.68,94.68,3
1706084400,94.675,94.675,94.675,94.675,19
1706084460,94.675,94.675,94.675,94.675,28
1706084520,94.675,94.675,94.675,94.675,6
1706084820,94.68,94.68,94.68,94.68,2
1706085540,94.68,94.68,94.68,94.68,2
1706086260,94.68,94.68,94.68,94.68,2
1706086980,94.68,94.68,94.68,94.68,2
1706087700,94.68,94.68,94.68,94.68,2
1706088420,94.68,94.68,94.68,94.68,2
1706088540,94.68,94.68,94.68,94.68,1
1706089140,94.68,94.68,94.68,94.68,2
1706089860,94.68,94.68,94.68,94.68,2
1706090580,94.68,94.68,94.68,94.68,2
1706091300,94.68,94.68,94.68,94.68,2
1706092020,94.68,94.68,94.68,94.68,2
1706092620,94.675,94.675,94.675,94.675,15
1706092740,94.68,94.68,94.68,94.68,2
1706093160,94.675,94.675,94.675,94.675,6
1706093460,94.68,94.68,94.68,94.68,2
1706094180,94.68,94.68,94.68,94.68,2
1706094900,94.68,94.68,94.68,94.68,2
1706095620,94.68,94.68,94.68,94.68,2
1706096340,94.68,94.68,94.68,94.68,2
1706097060,94.68,94.68,94.68,94.68,2
1706097780,94.68,94.68,94.68,94.68,2
1706097840,94.675,94.675,94.675,94.675,100
1706097960,94.675,94.675,94.675,94.675,400
1706098500,94.68,94.68,94.68,94.68,2
1706098680,94.675,94.675,94.675,94.675,27
1706098860,94.675,94.675,94.675,94.675,2
1706099220,94.68,94.68,94.68,94.68,2
1706099940,94.68,94.68,94.68,94.68,2
1706100660,94.68,94.68,94.68,94.68,2
1706100960,94.675,94.675,94.675,94.675,100
1706101020,94.675,94.675,94.675,94.675,100
1706101380,94.68,94.68,94.68,94.68,2
1706102100,94.68,94.68,94.68,94.68,2
1706102400,94.675,94.675,94.675,94.675,2
1706102820,94.68,94.68,94.68,94.68,2
1706103120,94.675,94.675,94.675,94.675,2
1706103420,94.68,94.68,94.68,94.68,16
1706103540,94.68,94.68,94.68,94.68,2
1706103780,94.675,94.675,94.675,94.675,2
1706103840,94.675,94.675,94.675,94.675,6
1706104260,94.68,94.68,94.68,94.68,2
1706104380,94.675,94.675,94.675,94.675,1
1706104740,94.68,94.68,94.68,94.68,1
1706104980,94.68,94.68,94.68,94.68,2
1706105040,94.675,94.675,94.675,94.675,8
1706105100,94.68,94.68,94.68,94.68,29
1706105280,94.68,94.68,94.68,94.68,8
1706105700,94.68,94.68,94.68,94.68,2
1706106120,94.675,94.675,94.675,94.675,3
1706106420,94.675,94.68,94.675,94.68,4
1706106480,94.675,94.675,94.675,94.675,3344
1706107200,94.675,94.675,94.675,94.675,15
1706107260,94.675,94.675,94.675,94.675,450
1706107320,94.68,94.68,94.68,94.68,1
1706107440,94.68,94.68,94.68,94.68,10
1706107500,94.675,94.68,94.675,94.68,545
1706107560,94.675,94.675,94.675,94.675,54
1706107620,94.675,94.675,94.675,94.675,3
1706107680,94.675,94.675,94.675,94.675,234
1706107740,94.675,94.675,94.675,94.675,55
1706107860,94.675,94.675,94.675,94.675,317
1706107980,94.675,94.675,94.675,94.675,985
1706108040,94.675,94.675,94.675,94.675,127
1706108100,94.675,94.675,94.675,94.675,337
1706108160,94.675,94.675,94.675,94.675,366
1706108220,94.68,94.68,94.68,94.68,2
1706108280,94.675,94.675,94.675,94.675,322
1706108400,94.675,94.675,94.675,94.675,65
1706108520,94.675,94.675,94.675,94.675,9
1706108580,94.675,94.675,94.675,94.675,2128
1706108700,94.675,94.675,94.675,94.675,950
1706108880,94.675,94.675,94.675,94.675,15
1706108940,94.68,94.68,94.675,94.675,7
1706109060,94.68,94.68,94.68,94.68,3
1706109120,94.675,94.675,94.675,94.675,12
1706109660,94.68,94.68,94.68,94.68,2
1706109840,94.675,94.675,94.675,94.675,13
1706109960,94.675,94.675,94.675,94.675,3
1706110380,94.68,94.68,94.68,94.68,2
1706110440,94.675,94.675,94.675,94.675,4
1706110500,94.68,94.68,94.68,94.68,7
1706110560,94.675,94.675,94.675,94.675,21
1706111100,94.68,94.68,94.68,94.68,2
1706111400,94.675,94.675,94.675,94.675,1
1706111460,94.675,94.675,94.675,94.675,106
1706111640,94.675,94.675,94.675,94.675,27
1706111700,94.675,94.675,94.675,94.675,2500
1706112180,94.68,94.68,94.68,94.68,2
1706112360,94.68,94.68,94.68,94.68,712
1706112540,94.675,94.675,94.675,94.675,165
1706112900,94.68,94.68,94.68,94.68,2
1706113620,94.675,94.68,94.675,94.68,19
1706114100,94.675,94.675,94.675,94.675,7
1706114220,94.675,94.675,94.675,94.675,6
1706114340,94.675,94.68,94.675,94.68,6
1706114400,94.675,94.675,94.675,94.675,4
1706114760,94.675,94.675,94.675,94.675,1413
1706114820,94.675,94.675,94.675,94.675,3
1706114880,94.675,94.675,94.675,94.675,11
1706114940,94.675,94.675,94.675,94.675,30
1706115000,94.675,94.675,94.675,94.675,64
1706115120,94.675,94.675,94.675,94.675,150
1706115420,94.68,94.68,94.68,94.68,2
1706116140,94.68,94.68,94.68,94.68,2
1706116380,94.68,94.68,94.68,94.68,16
1706116860,94.68,94.68,94.68,94.68,2
1706116920,94.675,94.675,94.675,94.675,400
1706117040,94.675,94.675,94.675,94.675,1000
1706117100,94.675,94.675,94.675,94.675,1
1706117460,94.68,94.68,94.68,94.68,10
1706117580,94.68,94.68,94.68,94.68,2
1706118000,94.675,94.675,94.675,94.675,3
1706118300,94.68,94.68,94.68,94.68,2
1706119020,94.68,94.68,94.68,94.68,2
1706119140,94.68,94.68,94.68,94.68,204
1706119260,94.675,94.675,94.675,94.675,46
1706119560,94.675,94.675,94.675,94.675,15
1706119740,94.68,94.68,94.68,94.68,2
1706119920,94.675,94.675,94.675,94.675,22
1706120280,94.675,94.675,94.675,94.675,2
1706120460,94.68,94.68,94.68,94.68,2
1706121060,94.675,94.675,94.675,94.675,1
1706121180,94.68,94.68,94.68,94.68,2
1706121900,94.68,94.68,94.68,94.68,2
1706122620,94.68,94.68,94.68,94.68,2
1706123340,94.68,94.68,94.68,94.68,2
1706124060,94.675,94.68,94.675,94.68,6
1706124840,94.68,94.68,94.675,94.675,106
1706125020,94.675,94.675,94.675,94.675,3
1706125140,94.675,94.675,94.675,94.675,127
1706125260,94.675,94.675,94.675,94.675,2831
1706125380,94.675,94.675,94.675,94.675,144
1706125560,94.675,94.675,94.675,94.675,48
1706125860,94.68,94.68,94.68,94.68,2
1706126520,94.675,94.675,94.675,94.675,1200
1706126940,94.675,94.68,94.675,94.675,118
1706127000,94.675,94.675,94.675,94.675,88
1706127120,94.675,94.675,94.675,94.675,2
1706127480,94.675,94.675,94.675,94.675,8
1706127660,94.68,94.68,94.68,94.68,2
1706128320,94.675,94.675,94.675,94.675,13
1706128440,94.68,94.68,94.68,94.68,2
1706129160,94.68,94.68,94.68,94.68,2
1706129880,94.68,94.68,94.675,94.675,105
1706130120,94.675,94.675,94.675,94.675,4
1706130600,94.68,94.68,94.68,94.68,2
1706131320,94.68,94.68,94.68,94.68,2
1706132040,94.68,94.68,94.68,94.68,2
1706132760,94.68,94.68,94.675,94.675,102
1706132940,94.675,94.675,94.675,94.675,1346
1706133060,94.68,94.68,94.675,94.675,8
1706133420,94.675,94.675,94.675,94.675,11
1706133480,94.675,94.675,94.675,94.675,501
1706133540,94.68,94.68,94.68,94.68,94
1706137260,94.68,94.68,94.68,94.68,18
1706140380,94.675,94.675,94.675,94.675,1000
1706140800,94.675,94.675,94.675,94.675,5
1706144580,94.68,94.68,94.68,94.68,1
1706151420,94.68,94.68,94.68,94.68,300
1706151900,94.68,94.68,94.68,94.68,250
1706152080,94.68,94.68,94.68,94.68,450
1706165820,94.675,94.675,94.675,94.675,200
1706167440,94.675,94.675,94.675,94.675,9
1706168040,94.675,94.675,94.675,94.675,13
1706170020,94.675,94.675,94.675,94.675,2
1706176740,94.675,94.675,94.675,94.675,51
1706180580,94.675,94.675,94.675,94.675,36
1706181000,94.68,94.68,94.68,94.68,5
1706181180,94.675,94.675,94.675,94.675,240
1706181240,94.675,94.675,94.675,94.675,32
1706181480,94.675,94.675,94.675,94.675,36
1706181540,94.675,94.675,94.675,94.675,54
1706182440,94.675,94.675,94.675,94.675,3
1706184060,94.675,94.675,94.675,94.675,155
1706184960,94.68,94.68,94.68,94.68,1
1706185500,94.675,94.675,94.675,94.675,500
1706187000,94.675,94.675,94.675,94.675,3
1706187480,94.675,94.675,94.675,94.675,27
1706187720,94.675,94.675,94.675,94.675,51
1706187960,94.68,94.68,94.68,94.68,25
1706188020,94.68,94.68,94.68,94.68,16
1706188200,94.68,94.68,94.68,94.68,28
1706188380,94.68,94.68,94.68,94.68,27
1706188620,94.68,94.68,94.68,94.68,15
1706188680,94.68,94.68,94.68,94.68,3
1706189220,94.675,94.675,94.675,94.675,23
1706189400,94.675,94.675,94.675,94.675,211
1706189460,94.675,94.68,94.675,94.675,198
1706189520,94.68,94.68,94.675,94.675,7
1706189640,94.675,94.675,94.675,94.675,179
1706190120,94.675,94.675,94.675,94.675,42
1706190240,94.675,94.675,94.675,94.675,45
1706190300,94.675,94.675,94.675,94.675,3
1706190720,94.675,94.675,94.675,94.675,3861
1706190780,94.675,94.675,94.675,94.675,32
1706191140,94.675,94.675,94.675,94.675,181
1706191200,94.675,94.675,94.675,94.675,9
1706191440,94.675,94.675,94.675,94.675,45
1706191500,94.675,94.675,94.675,94.675,110
1706191560,94.675,94.675,94.675,94.675,126
1706191620,94.68,94.68,94.68,94.68,3840
1706192280,94.675,94.675,94.675,94.675,5
1706193060,94.675,94.675,94.675,94.675,14
1706194740,94.675,94.675,94.675,94.675,3
1706195940,94.675,94.675,94.675,94.675,1
1706196360,94.675,94.675,94.675,94.675,1
1706198340,94.675,94.675,94.675,94.675,100
1706198880,94.675,94.675,94.675,94.675,18566
1706198940,94.675,94.675,94.675,94.675,1500
1706199060,94.675,94.675,94.675,94.675,500
1706199120,94.675,94.675,94.675,94.675,125
1706199240,94.675,94.675,94.675,94.675,480
1706199540,94.675,94.675,94.675,94.675,200
1706199660,94.675,94.675,94.675,94.675,150
1706200020,94.675,94.675,94.675,94.675,4
1706200260,94.675,94.675,94.675,94.675,1000
1706200440,94.675,94.675,94.675,94.675,1
1706200500,94.675,94.675,94.675,94.675,969
1706200560,94.675,94.675,94.675,94.675,45
1706200680,94.675,94.675,94.675,94.675,438
1706200860,94.675,94.675,94.675,94.675,95
1706201280,94.675,94.675,94.675,94.675,1
1706201340,94.675,94.675,94.675,94.675,9
1706201580,94.675,94.675,94.675,94.675,661
1706201880,94.675,94.675,94.675,94.675,26
1706202300,94.675,94.675,94.675,94.675,2000
1706202360,94.675,94.675,94.675,94.675,500
1706203020,94.675,94.675,94.675,94.675,1
1706203260,94.675,94.675,94.675,94.675,1
1706203320,94.675,94.675,94.675,94.675,26
1706203740,94.675,94.675,94.675,94.675,1
1706204340,94.675,94.675,94.675,94.675,1
1706204520,94.675,94.675,94.675,94.675,58
1706204640,94.675,94.675,94.675,94.675,31
1706205060,94.675,94.675,94.675,94.675,3
1706205300,94.675,94.675,94.675,94.675,1
1706205540,94.675,94.675,94.675,94.675,1
1706205720,94.675,94.675,94.675,94.675,3
1706205780,94.675,94.675,94.675,94.675,4
1706205960,94.675,94.675,94.675,94.675,3
1706206080,94.675,94.675,94.675,94.675,5
1706206140,94.675,94.675,94.675,94.675,1
1706206200,94.675,94.675,94.675,94.675,2
1706206260,94.675,94.675,94.675,94.675,3
1706206380,94.675,94.675,94.675,94.675,3
1706206500,94.675,94.675,94.675,94.675,4
1706206680,94.675,94.675,94.675,94.675,4
1706206800,94.675,94.675,94.675,94.675,2
1706206860,94.675,94.675,94.675,94.675,7
1706206920,94.675,94.675,94.675,94.675,24
1706206980,94.675,94.675,94.675,94.675,3
1706207040,94.675,94.675,94.675,94.675,5
1706207100,94.675,94.675,94.675,94.675,2
1706207220,94.675,94.675,94.675,94.675,2
1706207340,94.675,94.675,94.675,94.675,4
1706207520,94.675,94.675,94.675,94.675,2
1706207580,94.675,94.675,94.675,94.675,4
1706207760,94.675,94.675,94.675,94.675,4
1706207940,94.675,94.675,94.675,94.675,4
1706208120,94.675,94.675,94.675,94.675,4
1706208300,94.675,94.675,94.675,94.675,17
1706208360,94.675,94.675,94.675,94.675,4
1706208540,94.675,94.675,94.675,94.675,4
1706208720,94.675,94.675,94.675,94.675,9
1706208780,94.675,94.675,94.675,94.675,29
1706208900,94.675,94.675,94.675,94.675,4
1706208960,94.675,94.675,94.675,94.675,1
1706209020,94.675,94.675,94.675,94.675,19
1706209080,94.675,94.675,94.675,94.675,4
1706209260,94.675,94.675,94.675,94.675,3
1706209380,94.675,94.675,94.675,94.675,3
1706209560,94.675,94.675,94.675,94.675,34
1706209620,94.675,94.675,94.675,94.675,60
1706209740,94.675,94.675,94.675,94.675,4
1706209920,94.675,94.675,94.675,94.675,2
1706209980,94.675,94.675,94.675,94.675,3
1706210160,94.675,94.675,94.675,94.675,4
1706210340,94.675,94.675,94.675,94.675,242
1706210400,94.675,94.675,94.675,94.675,2
1706210520,94.675,94.675,94.675,94.675,3
1706210640,94.675,94.675,94.675,94.675,3
1706210820,94.675,94.68,94.675,94.68,5
1706210940,94.675,94.675,94.675,94.675,2
1706211000,94.675,94.675,94.675,94.675,3
1706211180,94.675,94.675,94.675,94.675,2
1706211240,94.675,94.675,94.675,94.675,4
1706211420,94.68,94.68,94.675,94.675,602
1706211540,94.675,94.675,94.675,94.675,2
1706211660,94.675,94.675,94.675,94.675,3
1706211780,94.675,94.675,94.675,94.675,3
1706211900,94.675,94.675,94.675,94.675,2
1706212020,94.675,94.68,94.675,94.68,6
1706212200,94.675,94.675,94.675,94.675,3
1706212320,94.675,94.675,94.675,94.675,559
1706212500,94.675,94.675,94.675,94.675,4
1706212620,94.675,94.675,94.675,94.675,4
1706212800,94.675,94.675,94.675,94.675,3
1706212920,94.675,94.675,94.675,94.675,3
1706213100,94.675,94.675,94.675,94.675,3
1706213220,94.675,94.675,94.675,94.675,3
1706213340,94.675,94.675,94.675,94.675,2
1706213400,94.68,94.68,94.68,94.68,2
1706213460,94.675,94.675,94.675,94.675,2
1706213520,94.675,94.675,94.675,94.675,3
1706213700,94.675,94.675,94.675,94.675,3
1706213820,94.675,94.675,94.675,94.675,3
1706213940,94.675,94.675,94.675,94.675,2
1706214060,94.675,94.675,94.675,94.675,4
1706214240,94.68,94.68,94.675,94.675,394
1706214300,94.675,94.675,94.675,94.675,4
1706214540,94.675,94.675,94.675,94.675,4
1706214720,94.675,94.675,94.675,94.675,4
1706214900,94.675,94.675,94.675,94.675,4
1706215080,94.675,94.675,94.675,94.675,4
1706215260,94.675,94.675,94.675,94.675,4
1706215440,94.675,94.675,94.675,94.675,4
1706215620,94.675,94.675,94.675,94.675,3
1706215740,94.675,94.675,94.675,94.675,2
1706215860,94.675,94.68,94.675,94.68,9
1706215980,94.675,94.675,94.675,94.675,2
1706216100,94.675,94.675,94.675,94.675,2
1706216160,94.675,94.675,94.675,94.675,4
1706216220,94.675,94.675,94.675,94.675,7
1706216400,94.675,94.675,94.675,94.675,2
1706216460,94.675,94.675,94.675,94.675,3
1706216580,94.675,94.675,94.675,94.675,4
1706216700,94.68,94.68,94.68,94.68,20
1706216820,94.675,94.675,94.675,94.675,3
1706216940,94.675,94.675,94.675,94.675,4
1706217120,94.675,94.675,94.675,94.675,4
1706217300,94.675,94.675,94.675,94.675,3
1706217360,94.675,94.675,94.675,94.675,1
1706217420,94.675,94.675,94.675,94.675,3
1706217600,94.675,94.675,94.675,94.675,3
1706217720,94.675,94.675,94.675,94.675,3
1706217840,94.675,94.675,94.675,94.675,3
1706218020,94.675,94.675,94.675,94.675,2
1706218080,94.675,94.675,94.675,94.675,4
1706218260,94.675,94.675,94.675,94.675,2
1706218380,94.675,94.675,94.675,94.675,3
1706218500,94.675,94.675,94.675,94.675,3
1706218620,94.675,94.675,94.675,94.675,3
1706218800,94.675,94.675,94.675,94.675,3
1706218920,94.675,94.675,94.675,94.675,3
1706219040,94.675,94.675,94.675,94.675,3
1706219700,94.675,94.675,94.675,94.675,23
1706219940,94.675,94.675,94.675,94.675,11
1706234040,94.675,94.675,94.675,94.675,3
1706248620,94.68,94.68,94.68,94.68,1
1706248680,94.68,94.68,94.68,94.68,4
1706251260,94.68,94.68,94.68,94.68,1
1706252040,94.68,94.68,94.68,94.68,1
1706253720,94.675,94.675,94.675,94.675,50
1706254320,94.675,94.675,94.675,94.675,24
1706254620,94.675,94.675,94.675,94.675,211
1706256480,94.675,94.675,94.675,94.675,22
1706258040,94.675,94.675,94.675,94.675,55
1706259060,94.675,94.675,94.675,94.675,29
1706259480,94.675,94.675,94.675,94.675,1
1706259600,94.675,94.675,94.675,94.675,1
1706259780,94.675,94.675,94.675,94.675,1
1706259900,94.675,94.675,94.675,94.675,1
1706260020,94.675,94.675,94.675,94.675,1
1706260200,94.675,94.675,94.675,94.675,1
1706260440,94.675,94.675,94.675,94.675,1
1706260620,94.675,94.675,94.675,94.675,10
1706260800,94.675,94.675,94.675,94.675,1
1706260980,94.675,94.675,94.675,94.675,1
1706261940,94.675,94.675,94.675,94.675,1
1706263020,94.675,94.675,94.675,94.675,24
1706263080,94.675,94.675,94.675,94.675,8
1706263200,94.675,94.675,94.675,94.675,1
1706263380,94.675,94.675,94.675,94.675,5
1706263440,94.675,94.675,94.675,94.675,3
1706263560,94.675,94.675,94.675,94.675,1
1706263620,94.675,94.675,94.675,94.675,1
1706264880,94.675,94.675,94.675,94.675,1
1706265300,94.675,94.675,94.675,94.675,1
1706265420,94.675,94.675,94.675,94.675,1
1706266440,94.68,94.68,94.68,94.68,1
1706268060,94.675,94.675,94.675,94.675,49
1706268120,94.675,94.675,94.675,94.675,1
1706268360,94.675,94.675,94.675,94.675,1
1706268420,94.675,94.675,94.675,94.675,3
1706268480,94.675,94.675,94.675,94.675,2
1706268540,94.675,94.675,94.675,94.675,1
1706268720,94.675,94.675,94.675,94.675,1
1706268900,94.675,94.675,94.675,94.675,1
1706269140,94.675,94.675,94.675,94.675,1
1706270700,94.675,94.675,94.675,94.675,1500
1706272920,94.675,94.675,94.675,94.675,2
1706273160,94.675,94.675,94.675,94.675,14
1706273220,94.675,94.675,94.675,94.675,1
1706273280,94.675,94.675,94.675,94.675,1
1706273340,94.675,94.675,94.675,94.675,1
1706273400,94.675,94.675,94.675,94.675,1
1706273520,94.675,94.675,94.675,94.675,5
1706274780,94.675,94.675,94.675,94.675,1
1706275260,94.68,94.68,94.68,94.68,23
1706275560,94.675,94.675,94.675,94.675,50
1706275800,94.675,94.675,94.675,94.675,115
1706275920,94.675,94.675,94.675,94.675,82
1706275980,94.675,94.68,94.675,94.675,217
1706276040,94.675,94.675,94.675,94.675,6
1706276100,94.675,94.675,94.675,94.675,1014
1706276160,94.675,94.675,94.675,94.675,39
1706276220,94.675,94.675,94.675,94.675,108
1706276340,94.675,94.675,94.675,94.675,1000
1706276400,94.675,94.675,94.675,94.675,1000
1706276460,94.675,94.675,94.675,94.675,2
1706276760,94.675,94.675,94.675,94.675,15309
1706276820,94.675,94.675,94.675,94.675,107
1706277240,94.675,94.675,94.675,94.675,1
1706279520,94.675,94.675,94.675,94.675,1
1706279820,94.675,94.675,94.675,94.675,1000
1706280180,94.675,94.675,94.675,94.675,3
1706280420,94.675,94.675,94.675,94.675,10218
1706281140,94.675,94.675,94.675,94.675,98
1706281200,94.675,94.675,94.675,94.675,73
1706281260,94.675,94.675,94.675,94.675,11
1706281320,94.675,94.675,94.675,94.675,3
1706281500,94.675,94.675,94.675,94.675,3
1706281560,94.675,94.675,94.675,94.675,8
1706281620,94.675,94.675,94.675,94.675,5
1706281680,94.675,94.675,94.675,94.675,5
1706281740,94.675,94.675,94.675,94.675,4
1706281800,94.675,94.675,94.675,94.675,1003
1706281860,94.675,94.675,94.675,94.675,2
1706282640,94.675,94.675,94.675,94.675,2
1706282700,94.675,94.675,94.675,94.675,171
1706282760,94.675,94.675,94.675,94.675,5
1706282820,94.675,94.675,94.675,94.675,8
1706282880,94.675,94.675,94.675,94.675,6
1706282940,94.675,94.675,94.675,94.675,4
1706283000,94.675,94.675,94.675,94.675,102
1706283060,94.675,94.675,94.675,94.675,17
1706283120,94.675,94.675,94.675,94.675,9
1706283180,94.675,94.675,94.675,94.675,9
1706283240,94.675,94.675,94.675,94.675,6
1706283300,94.675,94.675,94.675,94.675,1
1706283360,94.675,94.675,94.675,94.675,1
1706283420,94.675,94.675,94.675,94.675,2
1706283480,94.675,94.675,94.675,94.675,2
1706283540,94.675,94.675,94.675,94.675,1
1706283720,94.675,94.675,94.675,94.675,1
1706283900,94.675,94.675,94.675,94.675,1
1706284080,94.675,94.675,94.675,94.675,7
1706284140,94.675,94.675,94.675,94.675,1
1706284200,94.675,94.675,94.675,94.675,3
1706284260,94.675,94.675,94.675,94.675,2
1706284320,94.675,94.675,94.675,94.675,1
1706284380,94.675,94.675,94.675,94.675,40
1706284440,94.675,94.675,94.675,94.675,4
1706284500,94.675,94.675,94.675,94.675,7
1706284560,94.675,94.675,94.675,94.675,3
1706284620,94.675,94.675,94.675,94.675,1
1706284680,94.675,94.675,94.675,94.675,2
1706284740,94.675,94.675,94.675,94.675,97
1706284800,94.675,94.675,94.675,94.675,3
1706284860,94.675,94.675,94.675,94.675,5
1706284920,94.675,94.675,94.675,94.675,3
1706284980,94.675,94.675,94.675,94.675,2
1706285040,94.675,94.675,94.675,94.675,2
1706285100,94.675,94.675,94.675,94.675,5
1706285160,94.675,94.675,94.675,94.675,4
1706285220,94.675,94.675,94.675,94.675,3
1706285280,94.675,94.675,94.675,94.675,2
1706285340,94.675,94.675,94.675,94.675,5
1706285400,94.675,94.675,94.675,94.675,2
1706285460,94.675,94.675,94.675,94.675,4
1706285520,94.675,94.675,94.675,94.675,1
1706285580,94.675,94.675,94.675,94.675,1
1706285640,94.675,94.675,94.675,94.675,1
1706285700,94.675,94.675,94.675,94.675,3
1706285760,94.675,94.675,94.675,94.675,1
1706285820,94.675,94.675,94.675,94.675,1
1706285880,94.675,94.675,94.675,94.675,15
1706285940,94.675,94.675,94.675,94.675,3
1706286000,94.675,94.675,94.675,94.675,1
1706286060,94.675,94.675,94.675,94.675,1
1706286180,94.675,94.675,94.675,94.675,2
1706286240,94.675,94.675,94.675,94.675,1
1706286420,94.675,94.675,94.675,94.675,3
1706286720,94.675,94.675,94.675,94.675,3
1706286840,94.675,94.675,94.675,94.675,72
1706286900,94.675,94.675,94.675,94.675,1
1706286960,94.675,94.675,94.675,94.675,2
1706287080,94.675,94.675,94.675,94.675,1
1706287200,94.675,94.675,94.675,94.675,3
1706287260,94.675,94.675,94.675,94.675,1
1706287320,94.675,94.675,94.675,94.675,1
1706287440,94.675,94.675,94.675,94.675,3
1706287560,94.675,94.675,94.675,94.675,1
1706287680,94.675,94.675,94.675,94.675,2
1706287920,94.675,94.675,94.675,94.675,1
1706288040,94.675,94.675,94.675,94.675,2
1706288160,94.675,94.675,94.675,94.675,12
1706288280,94.675,94.675,94.675,94.675,1
1706288340,94.68,94.68,94.68,94.68,15
1706288400,94.675,94.675,94.675,94.675,1
1706288520,94.675,94.675,94.675,94.675,3
1706288820,94.675,94.68,94.675,94.68,237
1706288880,94.675,94.675,94.675,94.675,1
1706289060,94.675,94.675,94.675,94.675,2
1706289180,94.675,94.675,94.675,94.675,2
1706289240,94.675,94.675,94.675,94.675,3
1706289300,94.675,94.675,94.675,94.675,4
1706289360,94.675,94.675,94.675,94.675,2
1706289420,94.675,94.675,94.675,94.675,4
1706289480,94.675,94.675,94.675,94.675,2
1706289540,94.675,94.675,94.675,94.675,2
1706289600,94.675,94.675,94.675,94.675,1
1706289660,94.675,94.675,94.675,94.675,3
1706289720,94.675,94.675,94.675,94.675,1
1706289780,94.675,94.675,94.675,94.675,3
1706289840,94.675,94.675,94.675,94.675,1
1706289960,94.68,94.68,94.675,94.675,6
1706290020,94.675,94.675,94.675,94.675,2
1706290260,94.675,94.675,94.675,94.675,2
1706290500,94.675,94.675,94.675,94.675,2
1706291100,94.68,94.68,94.68,94.68,3
1706291340,94.675,94.675,94.675,94.675,1
1706291580,94.675,94.675,94.675,94.675,9
1706291640,94.675,94.675,94.675,94.675,1
1706292420,94.675,94.675,94.675,94.675,1
1706292480,94.68,94.68,94.68,94.68,14
1706293800,94.675,94.675,94.675,94.675,2
1706293920,94.675,94.675,94.675,94.675,1
1706294100,94.675,94.675,94.675,94.675,2
1706294280,94.675,94.675,94.675,94.675,1
1706294460,94.675,94.675,94.675,94.675,2
1706294580,94.675,94.675,94.675,94.675,2
1706294640,94.675,94.675,94.675,94.675,76
1706294760,94.675,94.675,94.675,94.675,1
1706294940,94.675,94.675,94.675,94.675,2
1706295120,94.675,94.68,94.675,94.68,229
1706295240,94.675,94.675,94.675,94.675,1
1706295300,94.675,94.675,94.675,94.675,1
1706295420,94.675,94.675,94.675,94.675,2
1706295600,94.675,94.675,94.675,94.675,2
1706295780,94.675,94.675,94.675,94.675,1
1706295900,94.675,94.675,94.675,94.675,2
1706296080,94.675,94.675,94.675,94.675,2
1706296260,94.675,94.675,94.675,94.675,1
1706296440,94.675,94.675,94.675,94.675,2
1706296560,94.675,94.675,94.675,94.675,2
1706296680,94.68,94.68,94.68,94.68,6
1706296740,94.675,94.675,94.675,94.675,1
1706296920,94.68,94.68,94.675,94.675,6
1706296980,94.675,94.675,94.675,94.675,59
1706297100,94.675,94.675,94.675,94.675,2
1706297160,94.675,94.675,94.675,94.675,1
1706297220,94.675,94.675,94.675,94.675,1
1706297280,94.675,94.675,94.675,94.675,1
1706297400,94.675,94.675,94.675,94.675,2
1706297580,94.675,94.675,94.675,94.675,2
1706297760,94.675,94.675,94.675,94.675,1
1706297880,94.675,94.675,94.675,94.675,2
1706298060,94.675,94.675,94.675,94.675,1
1706298240,94.675,94.675,94.675,94.675,2
1706298420,94.675,94.675,94.675,94.675,2
1706298480,94.68,94.68,94.68,94.68,103
1706298540,94.675,94.675,94.675,94.675,1
1706298720,94.675,94.675,94.675,94.675,3
1706298900,94.675,94.675,94.675,94.675,2
1706299080,94.675,94.675,94.675,94.675,1
1706299200,94.675,94.675,94.675,94.675,3
1706299380,94.675,94.675,94.675,94.675,2
1706299560,94.675,94.675,94.675,94.675,1
1706299680,94.675,94.675,94.675,94.675,2
1706299740,94.675,94.675,94.675,94.675,2
1706299860,94.675,94.675,94.675,94.675,2
1706300040,94.675,94.675,94.675,94.675,1
1706300220,94.675,94.675,94.675,94.675,2
1706300400,94.675,94.675,94.675,94.675,184
1706300460,94.675,94.675,94.675,94.675,250
1706300520,94.675,94.675,94.675,94.675,1
1706300580,94.68,94.68,94.68,94.68,2
1706300700,94.68,94.68,94.675,94.68,5
1706300760,94.68,94.68,94.68,94.68,1
1706300820,94.68,94.68,94.68,94.68,2
1706300880,94.675,94.675,94.675,94.675,2
1706301000,94.675,94.675,94.675,94.675,1
1706301180,94.675,94.675,94.675,94.675,2
1706301360,94.675,94.675,94.675,94.675,2
1706301420,94.675,94.675,94.675,94.675,25
1706301540,94.675,94.675,94.675,94.675,1
1706301660,94.675,94.675,94.675,94.675,2
1706301840,94.675,94.675,94.675,94.675,1
1706302020,94.675,94.675,94.675,94.675,2
1706302200,94.675,94.675,94.675,94.675,2
1706302320,94.675,94.675,94.675,94.675,1
1706302500,94.675,94.675,94.675,94.675,2
1706302680,94.675,94.675,94.675,94.675,2
1706302860,94.675,94.675,94.675,94.675,62
1706302980,94.675,94.675,94.675,94.675,2
1706303160,94.675,94.675,94.675,94.675,2
1706303340,94.675,94.675,94.675,94.675,1
1706303520,94.675,94.675,94.675,94.675,2
1706303640,94.68,94.68,94.675,94.675,3
1706303820,94.675,94.675,94.675,94.675,1
1706304000,94.675,94.675,94.675,94.675,2
1706304180,94.675,94.675,94.675,94.675,2
1706304300,94.675,94.675,94.675,94.675,1
1706304480,94.675,94.675,94.675,94.675,2
1706304660,94.675,94.675,94.675,94.675,2
1706304840,94.675,94.675,94.675,94.675,1
1706304960,94.675,94.675,94.675,94.675,2
1706305140,94.675,94.675,94.675,94.675,2
1706305320,94.675,94.675,94.675,94.675,1
1706305440,94.675,94.675,94.675,94.675,2
1706305800,94.675,94.675,94.675,94.675,22
1706306040,94.675,94.675,94.675,94.675,13
1706306160,94.675,94.68,94.675,94.68,59
1706482800,94.6775,94.6775,94.6775,94.6775,126
1706482920,94.6775,94.6775,94.6775,94.6775,23
1706483040,94.6775,94.6775,94.6775,94.6775,451
1706483220,94.6775,94.6775,94.6775,94.6775,71
1706483280,94.6775,94.6775,94.6775,94.6775,2
1706484180,94.6775,94.6775,94.6775,94.6775,734
1706484240,94.6775,94.6775,94.6775,94.6775,200
1706484420,94.6775,94.6775,94.6775,94.6775,322
1706484540,94.6775,94.6775,94.6775,94.6775,187
1706485200,94.6775,94.6775,94.6775,94.6775,54
1706485380,94.6775,94.6775,94.6775,94.6775,54
1706485860,94.6775,94.6775,94.6775,94.6775,49
1706486100,94.6775,94.6775,94.6775,94.6775,58
1706486400,94.6775,94.6775,94.6775,94.6775,47
1706487120,94.6775,94.6775,94.6775,94.6775,600
1706487180,94.6775,94.6775,94.6775,94.6775,425
1706487600,94.6775,94.6775,94.6775,94.6775,22
1706487960,94.6775,94.6775,94.6775,94.6775,25
1706488320,94.6775,94.6775,94.6775,94.6775,53
1706488380,94.6775,94.6775,94.6775,94.6775,3
1706488440,94.6775,94.6775,94.6775,94.6775,3
1706488620,94.675,94.675,94.675,94.675,47
1706488680,94.675,94.675,94.675,94.675,12
1706489040,94.6775,94.6775,94.6775,94.6775,56
1706489220,94.6775,94.6775,94.6775,94.6775,2
1706490180,94.6775,94.6775,94.6775,94.6775,1
1706490960,94.6775,94.6775,94.6775,94.6775,300
1706491080,94.675,94.6775,94.675,94.6775,202
1706491260,94.6775,94.6775,94.6775,94.6775,4
1706493060,94.68,94.68,94.68,94.68,11
1706493240,94.6775,94.6775,94.6775,94.6775,2
1706493960,94.68,94.68,94.68,94.68,1
1706494560,94.6775,94.6775,94.6775,94.6775,314
1706495460,94.6775,94.6775,94.6775,94.6775,30
1706495700,94.6775,94.6775,94.6775,94.6775,284
1706497320,94.6775,94.6775,94.6775,94.6775,100
1706497800,94.6775,94.6775,94.6775,94.6775,2
1706498340,94.6775,94.6775,94.6775,94.6775,100
1706500320,94.6775,94.6775,94.6775,94.6775,200
1706502300,94.6775,94.6775,94.6775,94.6775,40
1706502720,94.6775,94.6775,94.6775,94.6775,253
1706502840,94.6775,94.6775,94.6775,94.6775,8
1706502960,94.6775,94.6775,94.6775,94.6775,8
1706503260,94.6775,94.6775,94.6775,94.6775,100
1706503380,94.6775,94.6775,94.6775,94.6775,48
1706503560,94.6775,94.6775,94.6775,94.6775,142
1706504100,94.675,94.675,94.675,94.675,1
1706504160,94.6775,94.6775,94.6775,94.6775,6
1706509800,94.6775,94.6775,94.6775,94.6775,138
1706510580,94.6775,94.6775,94.6775,94.6775,62
1706511780,94.6775,94.6775,94.6775,94.6775,3
1706513040,94.6775,94.6775,94.6775,94.6775,50
1706513100,94.6775,94.68,94.6775,94.68,200
1706513460,94.6775,94.6775,94.6775,94.6775,3
1706514420,94.6775,94.6775,94.6775,94.6775,24
1706514840,94.6775,94.6775,94.6775,94.6775,9
1706515200,94.6775,94.6775,94.6775,94.6775,6
1706516580,94.6775,94.6775,94.6775,94.6775,3103
1706516640,94.675,94.675,94.675,94.675,100
1706517180,94.6775,94.6775,94.6775,94.6775,7
1706517480,94.6775,94.6775,94.6775,94.6775,2
1706518560,94.6775,94.6775,94.6775,94.6775,103
1706519580,94.6775,94.6775,94.6775,94.6775,35
1706519640,94.6775,94.6775,94.6775,94.6775,1
1706519880,94.6775,94.6775,94.6775,94.6775,118
1706519940,94.6775,94.6775,94.6775,94.6775,1
1706520240,94.6775,94.6775,94.6775,94.6775,1
1706522040,94.6775,94.6775,94.6775,94.6775,150
1706522100,94.6775,94.6775,94.6775,94.6775,1
1706522460,94.6775,94.6775,94.6775,94.6775,1
1706523540,94.6775,94.6775,94.6775,94.6775,1
1706527860,94.6775,94.6775,94.6775,94.6775,294
1706529960,94.6775,94.6775,94.6775,94.6775,1331
1706530980,94.6775,94.6775,94.6775,94.6775,800
1706531460,94.6775,94.6775,94.6775,94.6775,422
1706532480,94.6775,94.6775,94.6775,94.6775,93
1706533020,94.6775,94.6775,94.6775,94.6775,2
1706533680,94.6775,94.6775,94.6775,94.6775,266
1706534160,94.6775,94.6775,94.6775,94.6775,48
1706534280,94.6775,94.6775,94.6775,94.6775,94
1706534400,94.675,94.675,94.675,94.675,1
1706534580,94.6775,94.6775,94.6775,94.6775,88
1706534760,94.6775,94.6775,94.6775,94.6775,9
1706534880,94.6775,94.6775,94.675,94.6775,254
1706534940,94.6775,94.6775,94.6775,94.6775,25
1706535060,94.6775,94.6775,94.6775,94.6775,40
1706535360,94.6775,94.6775,94.6775,94.6775,59
1706535600,94.675,94.675,94.675,94.675,1
1706535720,94.6775,94.6775,94.6775,94.6775,86
1706535840,94.675,94.6775,94.675,94.6775,123
1706535900,94.6775,94.6775,94.6775,94.6775,47
1706536020,94.6775,94.6775,94.675,94.675,56
1706536080,94.6775,94.6775,94.675,94.675,89
1706536140,94.675,94.675,94.675,94.675,1
1706536260,94.675,94.675,94.675,94.675,1
1706536380,94.675,94.675,94.675,94.675,1
1706536560,94.675,94.675,94.675,94.675,1
1706536680,94.6775,94.6775,94.6775,94.6775,875
1706536740,94.675,94.6775,94.675,94.6775,153
1706536980,94.6775,94.6775,94.6775,94.6775,161
1706537100,94.6775,94.6775,94.675,94.675,355
1706537160,94.675,94.675,94.675,94.675,6
1706537280,94.6775,94.6775,94.6775,94.6775,53
1706537340,94.6775,94.6775,94.6775,94.6775,349
1706537640,94.6775,94.6775,94.6775,94.6775,48
1706537700,94.6775,94.6775,94.6775,94.6775,71
1706537820,94.6775,94.6775,94.6775,94.6775,40
1706538240,94.6775,94.6775,94.6775,94.6775,63
1706538300,94.6775,94.6775,94.6775,94.6775,141
1706538360,94.6775,94.6775,94.6775,94.6775,2
1706538420,94.6775,94.6775,94.6775,94.6775,9
1706538660,94.6775,94.6775,94.6775,94.6775,72
1706539080,94.6775,94.6775,94.6775,94.6775,276
1706539260,94.6775,94.6775,94.6775,94.6775,811
1706539320,94.6775,94.6775,94.6775,94.6775,599
1706539380,94.6775,94.6775,94.6775,94.6775,335
1706539500,94.6775,94.6775,94.6775,94.6775,4
1706539560,94.6775,94.6775,94.6775,94.6775,786
1706539620,94.6775,94.6775,94.6775,94.6775,6611
1706539680,94.6775,94.6775,94.6775,94.6775,1588
1706539740,94.6775,94.6775,94.6775,94.6775,704
1706539800,94.6775,94.6775,94.6775,94.6775,854
1706539860,94.6775,94.6775,94.6775,94.6775,10
1706539920,94.6775,94.6775,94.6775,94.6775,1
1706539980,94.6775,94.6775,94.6775,94.6775,63
1706540160,94.68,94.68,94.68,94.68,56
1706540460,94.6775,94.68,94.6775,94.68,26
1706541120,94.6775,94.6775,94.6775,94.6775,1
1706541660,94.6775,94.6775,94.6775,94.6775,2450
1706541900,94.68,94.68,94.68,94.68,25
1706542200,94.6775,94.6775,94.6775,94.6775,7
1706542260,94.6775,94.6775,94.6775,94.6775,500
1706542320,94.6775,94.6775,94.6775,94.6775,4
1706542500,94.6775,94.6775,94.6775,94.6775,1000
1706542860,94.6775,94.6775,94.6775,94.6775,1000
1706542920,94.6775,94.6775,94.6775,94.6775,337
1706543040,94.6775,94.6775,94.6775,94.6775,150
1706543100,94.68,94.68,94.68,94.68,6
1706543280,94.6775,94.6775,94.6775,94.6775,1
1706543340,94.6775,94.6775,94.6775,94.6775,7
1706543520,94.6775,94.6775,94.6775,94.6775,3
1706543760,94.6775,94.6775,94.6775,94.6775,1
1706543880,94.6775,94.6775,94.6775,94.6775,3259
1706543940,94.6775,94.6775,94.6775,94.6775,24
1706544000,94.675,94.6775,94.675,94.6775,221
1706544060,94.6775,94.6775,94.6775,94.6775,1
1706544120,94.6775,94.6775,94.675,94.6775,4
1706544180,94.6775,94.68,94.6775,94.6775,556
1706544240,94.675,94.675,94.675,94.675,1
1706544360,94.6775,94.6775,94.6775,94.6775,500
1706544540,94.6775,94.6775,94.6775,94.6775,2
1706544600,94.6775,94.6775,94.6775,94.6775,148
1706544720,94.675,94.675,94.675,94.675,1
1706544840,94.6775,94.6775,94.6775,94.6775,17
1706544900,94.675,94.675,94.675,94.675,1
1706545140,94.6775,94.6775,94.6775,94.6775,87
1706545500,94.6775,94.6775,94.6775,94.6775,162
1706545740,94.6775,94.6775,94.6775,94.6775,2
1706545800,94.675,94.6775,94.675,94.6775,78
1706546040,94.6775,94.6775,94.6775,94.6775,11
1706546220,94.675,94.675,94.675,94.675,1
1706546460,94.675,94.675,94.675,94.675,3
1706546760,94.6775,94.6775,94.6775,94.6775,12
1706547180,94.6775,94.6775,94.6775,94.6775,350
1706547240,94.6775,94.6775,94.6775,94.6775,166
1706547420,94.675,94.675,94.675,94.675,1
1706547480,94.675,94.675,94.675,94.675,1
1706547780,94.675,94.675,94.675,94.675,5
1706547960,94.675,94.675,94.675,94.675,1
1706548200,94.675,94.6775,94.675,94.6775,57
1706548680,94.675,94.675,94.675,94.675,1
1706548740,94.6775,94.6775,94.6775,94.6775,172
1706548980,94.6775,94.6775,94.6775,94.6775,84
1706549460,94.6775,94.6775,94.6775,94.6775,58
1706549760,94.6775,94.6775,94.6775,94.6775,204
1706549880,94.6775,94.6775,94.6775,94.6775,1
1706550060,94.6775,94.6775,94.6775,94.6775,234
1706550360,94.6775,94.6775,94.675,94.675,13
1706550780,94.6775,94.6775,94.6775,94.6775,592
1706550900,94.6775,94.6775,94.675,94.675,345
1706551020,94.6775,94.6775,94.6775,94.6775,142
1706551200,94.6775,94.6775,94.6775,94.6775,2414
1706551260,94.6775,94.6775,94.6775,94.6775,256
1706551320,94.6775,94.6775,94.6775,94.6775,1
1706551380,94.6775,94.6775,94.6775,94.6775,765
1706551440,94.6775,94.6775,94.6775,94.6775,1394
1706551500,94.6775,94.6775,94.6775,94.6775,360
1706551560,94.6775,94.6775,94.6775,94.6775,93
1706551620,94.6775,94.6775,94.6775,94.6775,1
1706551680,94.6775,94.6775,94.6775,94.6775,3
1706551920,94.6775,94.6775,94.6775,94.6775,250
1706552040,94.6775,94.6775,94.6775,94.6775,361
1706552100,94.6775,94.6775,94.6775,94.6775,1
1706552160,94.6775,94.6775,94.6775,94.6775,246
1706552220,94.6775,94.6775,94.6775,94.6775,2
1706552280,94.6775,94.6775,94.6775,94.6775,1
1706552340,94.6775,94.6775,94.6775,94.6775,2
1706552460,94.6775,94.6775,94.6775,94.6775,1
1706552520,94.6775,94.6775,94.6775,94.6775,49
1706552580,94.6775,94.6775,94.6775,94.6775,199
1706552640,94.6775,94.6775,94.6775,94.6775,119
1706553180,94.6775,94.6775,94.6775,94.6775,5
1706553300,94.6775,94.6775,94.6775,94.6775,155
1706553600,94.6775,94.6775,94.6775,94.6775,20
1706553720,94.68,94.68,94.68,94.68,23
1706553840,94.6775,94.6775,94.6775,94.6775,100
1706554380,94.6775,94.6775,94.6775,94.6775,270
1706554440,94.6775,94.6775,94.6775,94.6775,23
1706554500,94.6775,94.6775,94.6775,94.6775,100
1706554980,94.6775,94.6775,94.6775,94.6775,229
1706555040,94.6775,94.6775,94.6775,94.6775,68
1706555100,94.6775,94.6775,94.6775,94.6775,22
1706555280,94.6775,94.6775,94.6775,94.6775,1
1706555340,94.6775,94.6775,94.6775,94.6775,126
1706555400,94.6775,94.6775,94.6775,94.6775,30
1706555460,94.6775,94.6775,94.6775,94.6775,1
1706555580,94.6775,94.6775,94.6775,94.6775,1
1706555640,94.6775,94.6775,94.6775,94.6775,1
1706555700,94.6775,94.6775,94.6775,94.6775,1
1706555760,94.6775,94.6775,94.6775,94.6775,1
1706555820,94.6775,94.6775,94.6775,94.6775,1
1706555880,94.6775,94.6775,94.6775,94.6775,87
1706555940,94.6775,94.6775,94.6775,94.6775,942
1706556060,94.6775,94.6775,94.6775,94.6775,2
1706556420,94.6775,94.6775,94.6775,94.6775,100
1706556720,94.6775,94.6775,94.6775,94.6775,60
1706556840,94.6775,94.6775,94.6775,94.6775,170
1706557020,94.6775,94.6775,94.6775,94.6775,5
1706557200,94.6775,94.6775,94.6775,94.6775,300
1706557260,94.6775,94.6775,94.6775,94.6775,150
1706557380,94.6775,94.6775,94.675,94.6775,677
1706557440,94.675,94.675,94.675,94.675,2
1706557500,94.675,94.675,94.675,94.675,1
1706557740,94.6775,94.6775,94.6775,94.6775,52
1706557860,94.6775,94.6775,94.6775,94.6775,1
1706557920,94.6775,94.6775,94.6775,94.6775,3
1706558220,94.6775,94.6775,94.6775,94.6775,1
1706558340,94.68,94.68,94.6775,94.68,9
1706558460,94.6775,94.6775,94.675,94.675,2
1706558520,94.6775,94.6775,94.675,94.6775,25
1706558580,94.6775,94.6775,94.675,94.675,552
1706558640,94.6775,94.6775,94.6775,94.6775,347
1706558700,94.6775,94.6775,94.6775,94.6775,150
1706558760,94.6775,94.6775,94.6775,94.6775,100
1706558820,94.6775,94.6775,94.6775,94.6775,47
1706558940,94.6775,94.6775,94.6775,94.6775,450
1706559120,94.6775,94.6775,94.6775,94.6775,47
1706559420,94.6775,94.6775,94.6775,94.6775,1610
1706559480,94.6775,94.6775,94.6775,94.6775,42
1706559540,94.6775,94.6775,94.6775,94.6775,74
1706559600,94.6775,94.6775,94.6775,94.6775,1
1706559660,94.6775,94.6775,94.6775,94.6775,1
1706559840,94.6775,94.6775,94.6775,94.6775,1
1706559960,94.6775,94.6775,94.6775,94.6775,25
1706560020,94.6775,94.6775,94.6775,94.6775,133
1706560200,94.6775,94.6775,94.6775,94.6775,34
1706560320,94.675,94.675,94.675,94.675,9
1706560380,94.6775,94.6775,94.6775,94.6775,47
1706560440,94.6775,94.6775,94.6775,94.6775,617
1706560980,94.6775,94.6775,94.6775,94.6775,53
1706561040,94.6775,94.6775,94.6775,94.6775,15
1706561100,94.6775,94.6775,94.6775,94.6775,50
1706561160,94.6775,94.6775,94.6775,94.6775,30
1706561220,94.6775,94.6775,94.6775,94.6775,129
1706561640,94.675,94.675,94.675,94.675,10
1706561820,94.6775,94.6775,94.6775,94.6775,292
1706561880,94.6775,94.6775,94.6775,94.6775,181
1706561940,94.6775,94.6775,94.6775,94.6775,645
1706562060,94.6775,94.6775,94.6775,94.6775,47
1706562480,94.6775,94.6775,94.6775,94.6775,147
1706562660,94.6775,94.6775,94.6775,94.6775,250
1706562840,94.6775,94.6775,94.6775,94.6775,112
1706563560,94.6775,94.6775,94.6775,94.6775,100
1706563680,94.6775,94.6775,94.6775,94.6775,10
1706563740,94.6775,94.6775,94.6775,94.6775,10
1706564580,94.6775,94.6775,94.6775,94.6775,15
1706569200,94.6775,94.6775,94.6775,94.6775,78
1706569260,94.6775,94.6775,94.6775,94.6775,49
1706569320,94.6775,94.6775,94.6775,94.6775,4
1706569560,94.6775,94.6775,94.6775,94.6775,4
1706570040,94.6775,94.6775,94.6775,94.6775,590
1706570520,94.6775,94.6775,94.6775,94.6775,17
1706582940,94.675,94.675,94.675,94.675,1
1706583960,94.675,94.675,94.675,94.675,1
1706595840,94.675,94.675,94.675,94.675,85
1706596440,94.6775,94.6775,94.6775,94.6775,82
1706597940,94.6775,94.6775,94.6775,94.6775,1
1706598180,94.6775,94.6775,94.6775,94.6775,66
1706598240,94.6775,94.6775,94.6775,94.6775,176
1706598360,94.6775,94.6775,94.6775,94.6775,335
1706601240,94.675,94.675,94.675,94.675,1
1706601300,94.6775,94.6775,94.6775,94.6775,7
1706601420,94.6775,94.6775,94.6775,94.6775,298
1706601780,94.6775,94.6775,94.6775,94.6775,26
1706603280,94.675,94.675,94.675,94.675,1
1706603820,94.675,94.675,94.675,94.675,1
1706604180,94.675,94.675,94.675,94.675,1
1706604240,94.675,94.675,94.675,94.675,2
1706604600,94.675,94.675,94.675,94.675,2
1706605320,94.675,94.675,94.675,94.675,1
1706607420,94.675,94.675,94.675,94.675,1000
1706607900,94.675,94.675,94.675,94.675,1
1706608920,94.675,94.675,94.675,94.675,1
1706610180,94.675,94.675,94.675,94.675,1
1706611020,94.6775,94.6775,94.6775,94.6775,1
1706611800,94.675,94.675,94.675,94.675,1
1706614500,94.675,94.675,94.675,94.675,1
1706614560,94.675,94.675,94.675,94.675,1
1706614980,94.675,94.6775,94.675,94.6775,265
1706615280,94.675,94.675,94.675,94.675,1
1706615400,94.675,94.675,94.675,94.675,1
1706616060,94.6775,94.6775,94.6775,94.6775,1
1706616480,94.6775,94.6775,94.6775,94.6775,1
1706616840,94.6775,94.6775,94.6775,94.6775,1
1706617260,94.6775,94.6775,94.6775,94.6775,1
1706617680,94.6775,94.6775,94.6775,94.6775,3
1706618580,94.6775,94.6775,94.6775,94.6775,6004
1706618640,94.6775,94.6775,94.6775,94.6775,8581
1706618820,94.675,94.675,94.675,94.675,3
1706619000,94.675,94.675,94.675,94.675,2
1706619180,94.675,94.675,94.675,94.675,3
1706619360,94.675,94.675,94.675,94.675,3
1706619480,94.675,94.675,94.675,94.675,3
1706619660,94.675,94.675,94.675,94.675,3
1706619720,94.675,94.675,94.675,94.675,1
1706619780,94.6775,94.6775,94.6775,94.6775,1000
1706619840,94.675,94.675,94.675,94.675,2
1706620020,94.675,94.675,94.675,94.675,3
1706620200,94.675,94.675,94.675,94.675,3
1706620380,94.675,94.675,94.675,94.675,3
1706620560,94.675,94.675,94.675,94.675,3
1706620740,94.675,94.675,94.675,94.675,2
1706620920,94.675,94.675,94.675,94.675,3
1706621100,94.675,94.675,94.675,94.675,3
1706621280,94.675,94.675,94.675,94.675,3
1706621340,94.675,94.675,94.675,94.675,2
1706621460,94.675,94.675,94.675,94.675,3
1706621640,94.675,94.675,94.675,94.675,7
1706621760,94.675,94.675,94.675,94.675,2
1706621820,94.675,94.675,94.675,94.675,1
1706621940,94.675,94.675,94.675,94.675,4
1706622120,94.675,94.675,94.675,94.675,3
1706622300,94.675,94.675,94.675,94.675,3
1706622480,94.675,94.675,94.675,94.675,3
1706622660,94.675,94.675,94.675,94.675,2
1706622840,94.675,94.675,94.675,94.675,3
1706622900,94.675,94.675,94.675,94.675,4
1706623020,94.675,94.675,94.675,94.675,6
1706623200,94.675,94.675,94.675,94.675,5
1706623380,94.675,94.675,94.675,94.675,3
1706623560,94.675,94.675,94.675,94.675,3
1706623740,94.675,94.675,94.675,94.675,2
1706623920,94.675,94.675,94.675,94.675,3
1706624040,94.675,94.675,94.675,94.675,3
1706624220,94.675,94.675,94.675,94.675,3
1706624400,94.675,94.675,94.675,94.675,3
1706624520,94.6775,94.6775,94.6775,94.6775,45
1706624580,94.675,94.675,94.675,94.675,2
1706624760,94.6775,94.6775,94.675,94.675,58
1706624820,94.6775,94.6775,94.6775,94.6775,3
1706624940,94.675,94.6775,94.675,94.6775,5
1706625120,94.675,94.675,94.675,94.675,3
1706625300,94.675,94.675,94.675,94.675,3
1706625360,94.6775,94.6775,94.6775,94.6775,11
1706625480,94.675,94.675,94.675,94.675,3
1706625540,94.6775,94.6775,94.6775,94.6775,3
1706625600,94.6775,94.6775,94.6775,94.6775,1
1706625660,94.675,94.6775,94.675,94.6775,3
1706625840,94.675,94.675,94.675,94.675,3
1706625900,94.6775,94.6775,94.6775,94.6775,1
1706626020,94.675,94.675,94.675,94.675,3
1706626200,94.675,94.675,94.675,94.675,3
1706626320,94.675,94.675,94.675,94.675,3
1706626500,94.6775,94.6775,94.675,94.675,850
1706626560,94.6775,94.6775,94.6775,94.6775,9
1706626620,94.675,94.6775,94.675,94.675,61
1706626680,94.6775,94.6775,94.675,94.675,131
1706626740,94.6775,94.6775,94.6775,94.6775,118
1706626800,94.675,94.675,94.675,94.675,10
1706626860,94.675,94.675,94.675,94.675,162
1706627040,94.675,94.675,94.675,94.675,3
1706627100,94.675,94.675,94.675,94.675,3
1706627160,94.675,94.675,94.675,94.675,2
1706627220,94.675,94.675,94.675,94.675,5
1706627340,94.675,94.675,94.675,94.675,1
1706627400,94.675,94.675,94.675,94.675,70
1706627460,94.675,94.675,94.675,94.675,3
1706627520,94.675,94.675,94.675,94.675,4
1706627580,94.675,94.675,94.675,94.675,4
1706627640,94.675,94.675,94.675,94.675,1
1706627700,94.6775,94.6775,94.6775,94.6775,2150
1706627760,94.675,94.675,94.675,94.675,4
1706627940,94.675,94.675,94.675,94.675,3
1706628120,94.675,94.675,94.675,94.675,3
1706628180,94.675,94.675,94.675,94.675,1
1706628240,94.6775,94.6775,94.6775,94.6775,1196
1706628300,94.675,94.6775,94.675,94.6775,6
1706628480,94.675,94.675,94.675,94.675,2
1706628600,94.675,94.675,94.675,94.675,3
1706628780,94.675,94.675,94.675,94.675,3
1706628960,94.675,94.675,94.675,94.675,3
1706629140,94.675,94.675,94.675,94.675,3
1706629320,94.675,94.675,94.675,94.675,2
1706629500,94.675,94.675,94.675,94.675,3
1706629680,94.675,94.675,94.675,94.675,3
1706629860,94.675,94.675,94.675,94.675,3
1706630040,94.6775,94.6775,94.675,94.675,4
1706630220,94.675,94.675,94.675,94.675,3
1706630280,94.675,94.675,94.675,94.675,1
1706630340,94.675,94.675,94.675,94.675,1
1706630400,94.675,94.675,94.675,94.675,3
1706630520,94.675,94.675,94.675,94.675,1
1706630580,94.675,94.675,94.675,94.675,3
1706630760,94.675,94.675,94.675,94.675,3
1706630880,94.675,94.675,94.675,94.675,3
1706631060,94.675,94.675,94.675,94.675,3
1706631120,94.675,94.675,94.675,94.675,1
1706631180,94.675,94.675,94.675,94.675,15
1706631240,94.675,94.675,94.675,94.675,2
1706631420,94.675,94.675,94.675,94.675,3
1706631540,94.6775,94.6775,94.6775,94.6775,4
1706631600,94.675,94.675,94.675,94.675,3
1706631780,94.675,94.675,94.675,94.675,3
1706631960,94.675,94.675,94.675,94.675,3
1706632140,94.6775,94.6775,94.675,94.675,67
1706632320,94.675,94.675,94.675,94.675,3
1706632500,94.675,94.675,94.675,94.675,3
1706632680,94.675,94.675,94.675,94.675,3
1706632860,94.675,94.675,94.675,94.675,3
1706633040,94.675,94.675,94.675,94.675,3
1706633220,94.675,94.675,94.675,94.675,2
1706633280,94.6775,94.6775,94.6775,94.6775,1
1706633340,94.675,94.675,94.675,94.675,3
1706633760,94.6775,94.6775,94.6775,94.6775,1
1706633940,94.6775,94.6775,94.6775,94.6775,1
1706634120,94.6775,94.6775,94.6775,94.6775,1
1706634540,94.675,94.675,94.675,94.675,24
1706635080,94.675,94.675,94.675,94.675,2
1706635140,94.675,94.675,94.675,94.675,3
1706635200,94.675,94.675,94.675,94.675,2
1706635260,94.675,94.675,94.675,94.675,3
1706635380,94.675,94.675,94.675,94.675,3
1706635440,94.675,94.675,94.675,94.675,3
1706635500,94.675,94.675,94.675,94.675,2
1706635560,94.675,94.675,94.675,94.675,3
1706635620,94.675,94.675,94.675,94.675,3
1706635680,94.675,94.675,94.675,94.675,3
1706635740,94.675,94.675,94.675,94.675,3
1706635860,94.675,94.675,94.675,94.675,3
1706635920,94.675,94.675,94.675,94.675,2
1706635980,94.675,94.675,94.675,94.675,3
1706636040,94.675,94.675,94.675,94.675,3
1706636100,94.675,94.675,94.675,94.675,3
1706636160,94.675,94.675,94.675,94.675,2
1706636220,94.675,94.675,94.675,94.675,3
1706636340,94.675,94.675,94.675,94.675,3
1706636400,94.675,94.675,94.675,94.675,2
1706636460,94.675,94.675,94.675,94.675,3
1706636520,94.675,94.675,94.675,94.675,3
1706636580,94.675,94.675,94.675,94.675,2
1706636640,94.675,94.675,94.675,94.675,3
1706636700,94.675,94.675,94.675,94.675,3
1706636820,94.675,94.675,94.675,94.675,2
1706636880,94.675,94.675,94.675,94.675,3
1706636940,94.675,94.675,94.675,94.675,3
1706637000,94.675,94.675,94.675,94.675,3
1706637060,94.675,94.675,94.675,94.675,2
1706637120,94.675,94.675,94.675,94.675,3
1706637180,94.675,94.675,94.675,94.675,3
1706637240,94.675,94.675,94.675,94.675,2
1706637360,94.675,94.675,94.675,94.675,3
1706637420,94.675,94.675,94.675,94.675,3
1706637480,94.675,94.675,94.675,94.675,2
1706637540,94.675,94.675,94.675,94.675,3
1706637600,94.675,94.675,94.675,94.675,3
1706637660,94.675,94.675,94.675,94.675,3
1706637720,94.675,94.675,94.675,94.675,2
1706637840,94.675,94.675,94.675,94.675,3
1706637900,94.675,94.675,94.675,94.675,3
1706637960,94.675,94.675,94.675,94.675,2
1706638020,94.6775,94.6775,94.675,94.675,8
1706638080,94.675,94.675,94.675,94.675,3
1706638140,94.6775,94.6775,94.675,94.675,82
1706638200,94.675,94.675,94.675,94.675,3
1706638320,94.675,94.675,94.675,94.675,3
1706638380,94.675,94.675,94.675,94.675,3
1706638440,94.675,94.675,94.675,94.675,2
1706638500,94.675,94.675,94.675,94.675,3
1706638560,94.675,94.675,94.675,94.675,3
1706638620,94.675,94.675,94.675,94.675,2
1706638680,94.675,94.675,94.675,94.675,3
1706638800,94.675,94.675,94.675,94.675,3
1706638860,94.675,94.675,94.675,94.675,2
1706638920,94.675,94.675,94.675,94.675,3
1706638980,94.675,94.675,94.675,94.675,3
1706639040,94.675,94.675,94.675,94.675,2
1706639100,94.675,94.675,94.675,94.675,3
1706639160,94.675,94.675,94.675,94.675,3
1706639280,94.675,94.675,94.675,94.675,3
1706639340,94.675,94.675,94.675,94.675,2
1706639400,94.6775,94.6775,94.675,94.675,4
1706639460,94.675,94.675,94.675,94.675,3
1706639520,94.675,94.675,94.675,94.675,2
1706639580,94.675,94.675,94.675,94.675,3
1706639640,94.675,94.675,94.675,94.675,3
1706639760,94.675,94.675,94.675,94.675,2
1706639820,94.675,94.675,94.675,94.675,3
1706639880,94.6775,94.6775,94.675,94.675,4
1706639940,94.675,94.675,94.675,94.675,3
1706640000,94.675,94.675,94.675,94.675,2
1706640060,94.675,94.675,94.675,94.675,3
1706640120,94.675,94.675,94.675,94.675,3
1706640240,94.675,94.675,94.675,94.675,2
1706640300,94.675,94.675,94.675,94.675,3
1706640360,94.675,94.675,94.675,94.675,3
1706640420,94.675,94.675,94.675,94.675,2
1706640480,94.675,94.675,94.675,94.675,3
1706640540,94.675,94.675,94.675,94.675,3
1706640600,94.675,94.675,94.675,94.675,2
1706640660,94.675,94.675,94.675,94.675,3
1706640780,94.675,94.675,94.675,94.675,3
1706640840,94.675,94.675,94.675,94.675,3
1706640900,94.675,94.675,94.675,94.675,2
1706640960,94.675,94.675,94.675,94.675,3
1706641020,94.6775,94.6775,94.675,94.675,4
1706641080,94.675,94.675,94.675,94.675,2
1706641140,94.675,94.675,94.675,94.675,3
1706641260,94.675,94.675,94.675,94.675,3
1706641320,94.675,94.675,94.675,94.675,2
1706641380,94.675,94.675,94.675,94.675,3
1706641440,94.675,94.675,94.675,94.675,3
1706641500,94.675,94.675,94.675,94.675,3
1706641560,94.675,94.675,94.675,94.675,5
1706641620,94.675,94.675,94.675,94.675,6
1706644380,94.6775,94.6775,94.6775,94.6775,357
1706644440,94.675,94.675,94.675,94.675,488
1706644560,94.6775,94.6775,94.6775,94.6775,2
1706644740,94.675,94.6775,94.675,94.675,5
1706644860,94.675,94.675,94.675,94.675,4
1706646720,94.675,94.675,94.675,94.675,1
1706646840,94.675,94.675,94.675,94.675,1
1706647440,94.675,94.675,94.675,94.675,116
1706647560,94.675,94.675,94.675,94.675,108
1706647800,94.675,94.675,94.675,94.675,7240
1706647860,94.675,94.675,94.675,94.675,87
1706647920,94.675,94.6775,94.675,94.6775,194
1706648040,94.675,94.675,94.675,94.675,50
1706648640,94.675,94.675,94.675,94.675,45
1706648700,94.6775,94.6775,94.6775,94.6775,12
1706648760,94.675,94.675,94.675,94.675,700
1706648820,94.6775,94.6775,94.675,94.675,7
1706649600,94.675,94.675,94.675,94.675,19
1706649660,94.6775,94.6775,94.6775,94.6775,25
1706649840,94.675,94.675,94.675,94.675,14
1706650140,94.675,94.675,94.675,94.675,58
1706650920,94.675,94.675,94.675,94.675,61
1706651100,94.675,94.675,94.675,94.675,700
1706651400,94.675,94.675,94.675,94.675,31
1706651640,94.6775,94.6775,94.6775,94.6775,12
1706651940,94.675,94.675,94.675,94.675,7
1706665500,94.6775,94.6775,94.6775,94.6775,250
1706666340,94.6775,94.6775,94.6775,94.6775,2400
1706666580,94.6775,94.6775,94.6775,94.6775,250
1706668440,94.6775,94.6775,94.6775,94.6775,276
1706682600,94.675,94.675,94.675,94.675,1
1706683020,94.675,94.675,94.675,94.675,1
1706683140,94.675,94.675,94.675,94.675,20
1706687400,94.6775,94.6775,94.6775,94.6775,1
1706693880,94.675,94.675,94.675,94.675,16
1706694720,94.675,94.675,94.675,94.675,75
1706697660,94.675,94.675,94.675,94.675,1000
1706700540,94.675,94.675,94.675,94.675,3000
1706701440,94.6775,94.6775,94.6775,94.6775,240
1706701800,94.675,94.675,94.675,94.675,100
1706702040,94.6775,94.6775,94.6775,94.6775,1
1706702700,94.6775,94.6775,94.6775,94.6775,3
1706702880,94.675,94.675,94.675,94.675,1
1706703300,94.675,94.675,94.675,94.675,1
1706703660,94.675,94.675,94.675,94.675,1
1706704020,94.675,94.675,94.675,94.675,1
1706704380,94.675,94.675,94.675,94.675,1
1706704740,94.675,94.675,94.675,94.675,1
1706704860,94.675,94.675,94.675,94.675,3
1706705100,94.675,94.675,94.675,94.675,625
1706705160,94.675,94.675,94.675,94.675,1
1706705220,94.6775,94.6775,94.6775,94.6775,24
1706705520,94.675,94.675,94.675,94.675,1
1706705880,94.675,94.675,94.675,94.675,1
1706706240,94.675,94.675,94.675,94.675,1
1706706420,94.675,94.675,94.675,94.675,752
1706706600,94.675,94.675,94.675,94.675,601
1706706660,94.675,94.675,94.675,94.675,1
1706706780,94.675,94.675,94.675,94.675,600
1706706840,94.675,94.675,94.675,94.675,600
1706707020,94.675,94.675,94.675,94.675,1
1706707140,94.675,94.675,94.675,94.675,2500
1706707380,94.675,94.675,94.675,94.675,9
1706707740,94.675,94.675,94.675,94.675,1
1706707800,94.6775,94.6775,94.6775,94.6775,62
1706707920,94.6775,94.6775,94.6775,94.6775,3
1706708100,94.675,94.675,94.675,94.675,1
1706708280,94.6775,94.6775,94.6775,94.6775,100
1706708340,94.675,94.675,94.675,94.675,200
1706708520,94.675,94.675,94.675,94.675,1
1706708580,94.6775,94.6775,94.6775,94.6775,1
1706708640,94.6775,94.6775,94.6775,94.6775,3
1706708700,94.6775,94.6775,94.6775,94.6775,5
1706708880,94.675,94.675,94.675,94.675,1
1706709420,94.6775,94.6775,94.6775,94.6775,1
1706709540,94.6775,94.6775,94.6775,94.6775,1
1706709660,94.6775,94.6775,94.6775,94.6775,1
1706709960,94.6775,94.6775,94.6775,94.6775,4
1706710140,94.6775,94.6775,94.6775,94.6775,3
1706710320,94.6775,94.6775,94.6775,94.6775,1
1706710380,94.675,94.675,94.675,94.675,20
1706710440,94.6775,94.6775,94.6775,94.6775,1
1706710560,94.6775,94.6775,94.6775,94.6775,1
1706710740,94.6775,94.6775,94.6775,94.6775,1
1706710800,94.6775,94.6775,94.6775,94.6775,2447
1706710860,94.6775,94.6775,94.6775,94.6775,2614
1706710920,94.6775,94.6775,94.6775,94.6775,1
1706711040,94.6775,94.6775,94.6775,94.6775,2450
1706711280,94.6775,94.6775,94.6775,94.6775,2400
1706711340,94.6775,94.6775,94.6775,94.6775,50
1706711400,94.6775,94.6775,94.6775,94.6775,270
1706711460,94.6775,94.6775,94.6775,94.6775,1574
1706711520,94.6775,94.68,94.6775,94.68,20459
1706711580,94.6775,94.6775,94.6775,94.6775,93
1706711640,94.68,94.6825,94.68,94.6825,10526
1706711700,94.68,94.6825,94.68,94.6825,3878
1706711760,94.6825,94.685,94.6825,94.685,7604
1706711820,94.6875,94.6925,94.6875,94.6925,3535
1706711880,94.6925,94.695,94.69,94.69,5549
1706711940,94.69,94.69,94.69,94.69,743
1706712000,94.69,94.69,94.69,94.69,3532
1706712060,94.6875,94.6875,94.6825,94.685,4503
1706712120,94.685,94.6875,94.685,94.685,3703
1706712180,94.6825,94.6825,94.6825,94.6825,611
1706712240,94.6825,94.6825,94.6825,94.6825,1711
1706712300,94.6825,94.685,94.6825,94.685,5436
1706712360,94.6825,94.6825,94.6825,94.6825,126
1706712420,94.6825,94.6875,94.6825,94.6875,5014
1706712480,94.6875,94.6875,94.685,94.685,1128
1706712540,94.685,94.69,94.685,94.6875,3165
1706712600,94.6875,94.69,94.6875,94.69,675
1706712660,94.6875,94.69,94.6875,94.6875,292
1706712720,94.6875,94.6875,94.6875,94.6875,1346
1706712780,94.69,94.69,94.6875,94.69,72
1706712840,94.69,94.69,94.69,94.69,2068
1706712900,94.6925,94.6975,94.69,94.6925,7911
1706712960,94.6925,94.6925,94.69,94.69,2442
1706713020,94.69,94.69,94.69,94.69,3457
1706713080,94.6875,94.69,94.6875,94.6875,184
1706713140,94.6875,94.6875,94.6875,94.6875,1845
1706713200,94.685,94.6875,94.685,94.6875,521
1706713260,94.685,94.6875,94.685,94.6875,532
1706713320,94.6875,94.6875,94.6875,94.6875,3
1706713440,94.685,94.685,94.685,94.685,2731
1706713500,94.685,94.6875,94.685,94.6875,3150
1706713560,94.6875,94.6875,94.6875,94.6875,34
1706713620,94.6875,94.69,94.6875,94.6875,512
1706713680,94.6875,94.6875,94.6875,94.6875,619
1706713740,94.69,94.69,94.69,94.69,666
1706713800,94.6875,94.69,94.6875,94.69,1557
1706713860,94.69,94.69,94.69,94.69,394
1706713920,94.69,94.69,94.69,94.69,1432
1706713980,94.69,94.69,94.69,94.69,374
1706714040,94.69,94.69,94.69,94.69,13
1706714100,94.69,94.69,94.69,94.69,211
1706714160,94.69,94.69,94.69,94.69,75
1706714220,94.69,94.69,94.6875,94.69,252
1706714280,94.69,94.69,94.69,94.69,5
1706714340,94.6875,94.6875,94.6875,94.6875,10
1706714400,94.6875,94.6875,94.6875,94.6875,2
1706714460,94.6875,94.6875,94.6875,94.6875,6058
1706714520,94.6875,94.6875,94.6875,94.6875,2624
1706714580,94.6875,94.6875,94.6875,94.6875,1381
1706714640,94.685,94.685,94.685,94.685,3
1706714700,94.6875,94.6875,94.685,94.685,1450
1706714820,94.6875,94.6875,94.6875,94.6875,460
1706714880,94.685,94.685,94.685,94.685,500
1706714940,94.685,94.685,94.685,94.685,50
1706715000,94.685,94.685,94.685,94.685,3
1706715060,94.685,94.685,94.685,94.685,456
1706715120,94.685,94.685,94.685,94.685,4
1706715240,94.685,94.685,94.685,94.685,9
1706715300,94.685,94.685,94.685,94.685,3
1706715360,94.685,94.685,94.685,94.685,1
1706715420,94.685,94.685,94.685,94.685,11
1706715600,94.685,94.685,94.685,94.685,4
1706715720,94.685,94.685,94.685,94.685,6
1706715900,94.685,94.685,94.685,94.685,3
1706715960,94.685,94.6875,94.685,94.6875,1002
1706716020,94.6875,94.6875,94.685,94.685,3018
1706716080,94.685,94.685,94.685,94.685,3
1706716200,94.685,94.685,94.685,94.685,3
1706716260,94.685,94.685,94.685,94.685,1
1706716320,94.6875,94.6875,94.685,94.685,225
1706716380,94.685,94.685,94.685,94.685,4
1706716440,94.685,94.685,94.685,94.685,1
1706716500,94.685,94.685,94.685,94.685,3
1706716560,94.6875,94.6875,94.6875,94.6875,250
1706716620,94.685,94.6875,94.685,94.6875,31
1706716680,94.685,94.685,94.685,94.685,3
1706716860,94.685,94.685,94.685,94.685,9825
1706716920,94.685,94.685,94.685,94.685,1125
1706716980,94.685,94.685,94.685,94.685,1093
1706717040,94.685,94.685,94.685,94.685,1010
1706717100,94.685,94.685,94.685,94.685,1528
1706717160,94.685,94.685,94.6825,94.685,254
1706717280,94.6825,94.6825,94.6825,94.6825,3
1706717400,94.685,94.685,94.685,94.685,445
1706717460,94.6825,94.6825,94.6825,94.6825,3
1706717520,94.685,94.685,94.685,94.685,316
1706717580,94.685,94.685,94.685,94.685,153
1706717760,94.6875,94.6875,94.685,94.685,505
1706717820,94.685,94.685,94.685,94.685,101
1706717880,94.685,94.685,94.685,94.685,168
1706717940,94.685,94.685,94.685,94.685,100
1706718000,94.685,94.685,94.685,94.685,963
1706718060,94.685,94.685,94.685,94.685,1209
1706718120,94.685,94.685,94.685,94.685,600
1706718180,94.685,94.685,94.685,94.685,5
1706718240,94.685,94.685,94.685,94.685,2475
1706718300,94.685,94.685,94.685,94.685,647
1706718360,94.685,94.685,94.685,94.685,218
1706718420,94.685,94.685,94.685,94.685,1294
1706718540,94.685,94.6875,94.685,94.6875,6
1706718600,94.685,94.6875,94.685,94.6875,1001
1706718720,94.685,94.685,94.685,94.685,4
1706718780,94.685,94.685,94.685,94.685,2157
1706718840,94.685,94.685,94.685,94.685,14
1706718900,94.685,94.685,94.685,94.685,623
1706719020,94.685,94.685,94.685,94.685,3
1706719320,94.685,94.685,94.685,94.685,3602
1706719440,94.6825,94.6825,94.6825,94.6825,1
1706719620,94.6825,94.6825,94.6825,94.6825,110
1706719680,94.6825,94.685,94.6825,94.6825,671
1706719860,94.6825,94.6825,94.6825,94.6825,5
1706719920,94.6825,94.6825,94.6825,94.6825,100
1706719980,94.6825,94.6825,94.6825,94.6825,50
1706720820,94.6825,94.6825,94.6825,94.6825,1
1706720880,94.6825,94.6825,94.6825,94.6825,500
1706720940,94.685,94.685,94.685,94.685,200
1706721000,94.6825,94.6825,94.6825,94.6825,1
1706721060,94.6825,94.6825,94.6825,94.6825,50
1706721180,94.6825,94.6825,94.6825,94.6825,1
1706721360,94.6825,94.6825,94.6825,94.6825,1
1706721420,94.6825,94.6825,94.6825,94.6825,200
1706721540,94.6825,94.6825,94.6825,94.6825,1
1706721600,94.6825,94.6825,94.6825,94.6825,1
1706721660,94.6825,94.6825,94.6825,94.6825,1108
1706721720,94.6825,94.6825,94.6825,94.6825,26
1706721780,94.6825,94.6825,94.6825,94.6825,4
1706721900,94.6825,94.6825,94.6825,94.6825,1381
1706721960,94.6825,94.6825,94.68,94.68,810
1706722140,94.68,94.68,94.68,94.68,1
1706722200,94.68,94.68,94.68,94.68,2
1706722320,94.68,94.68,94.68,94.68,1
1706722380,94.6825,94.6825,94.6825,94.6825,33
1706722440,94.68,94.68,94.68,94.68,4002
1706722500,94.68,94.68,94.68,94.68,1
1706722740,94.68,94.68,94.68,94.68,1
1706722920,94.68,94.68,94.68,94.68,1
1706722980,94.6825,94.6825,94.6825,94.6825,3
1706723040,94.6825,94.6825,94.6825,94.6825,50
1706723100,94.6825,94.6825,94.68,94.68,2
1706723220,94.6825,94.6825,94.6825,94.6825,200
1706723280,94.6825,94.6825,94.6825,94.6825,3
1706723340,94.6825,94.6825,94.6825,94.6825,251
1706723400,94.6825,94.6825,94.6825,94.6825,301
1706723520,94.6825,94.6825,94.6825,94.6825,1
1706723580,94.68,94.68,94.68,94.68,1
1706723640,94.68,94.68,94.68,94.68,1
1706723700,94.68,94.68,94.68,94.68,1
1706723880,94.68,94.68,94.68,94.68,1
1706723940,94.6825,94.6825,94.6825,94.6825,5
1706724000,94.6825,94.6825,94.6825,94.6825,1
1706724060,94.6825,94.6825,94.68,94.68,61
1706724180,94.6825,94.6825,94.6825,94.6825,118
1706724240,94.6825,94.6825,94.68,94.68,21
1706724300,94.68,94.68,94.68,94.68,49
1706724360,94.68,94.6825,94.68,94.6825,535
1706724480,94.6825,94.6825,94.6825,94.6825,1
1706724660,94.68,94.6825,94.68,94.6825,410
1706724840,94.68,94.68,94.68,94.68,1
1706724900,94.68,94.6825,94.68,94.68,3348
1706724960,94.68,94.68,94.68,94.68,46
1706725020,94.68,94.68,94.68,94.68,746
1706725080,94.68,94.68,94.68,94.68,250
1706725140,94.6825,94.6825,94.68,94.68,501
1706725200,94.6825,94.6825,94.68,94.68,521
1706725260,94.68,94.68,94.68,94.68,177
1706725440,94.68,94.68,94.68,94.68,121
1706725620,94.68,94.68,94.68,94.68,101
1706725800,94.68,94.68,94.68,94.68,1
1706725980,94.68,94.68,94.68,94.68,241
1706726160,94.68,94.68,94.68,94.68,1
1706726400,94.6825,94.6825,94.68,94.68,201
1706726460,94.68,94.6825,94.68,94.68,574
1706726520,94.68,94.68,94.68,94.68,2614
1706726580,94.68,94.68,94.68,94.68,25
1706726640,94.68,94.68,94.68,94.68,255
1706726700,94.68,94.68,94.68,94.68,259
1706726760,94.68,94.68,94.68,94.68,868
1706726820,94.68,94.68,94.68,94.68,100
1706726940,94.68,94.6825,94.68,94.68,1594
1706727000,94.6825,94.6825,94.6825,94.6825,1
1706727180,94.68,94.68,94.68,94.68,73
1706727240,94.68,94.68,94.68,94.68,491
1706727300,94.68,94.68,94.68,94.68,218
1706727360,94.68,94.68,94.6775,94.68,10
1706727420,94.68,94.68,94.68,94.68,476
1706727480,94.68,94.68,94.68,94.68,230
1706727540,94.68,94.68,94.68,94.68,384
1706727600,94.68,94.68,94.6775,94.68,8754
1706727660,94.68,94.68,94.68,94.68,3359
1706727720,94.6775,94.6775,94.6775,94.6775,5014
1706727840,94.6775,94.6775,94.6775,94.6775,150
1706727900,94.6775,94.6775,94.6775,94.6775,715
1706727960,94.6775,94.6775,94.6775,94.6775,15
1706728080,94.6775,94.6775,94.6775,94.6775,171
1706728320,94.6775,94.6775,94.6775,94.6775,1
1706728500,94.6775,94.6775,94.6775,94.6775,6
1706728740,94.6775,94.68,94.6775,94.68,403
1706728800,94.68,94.68,94.68,94.68,200
1706728860,94.68,94.68,94.68,94.68,50
1706728920,94.68,94.68,94.68,94.68,50
1706728980,94.6775,94.6775,94.6775,94.6775,1
1706729100,94.6775,94.6775,94.6775,94.6775,3
1706729220,94.6775,94.6775,94.6775,94.6775,4
1706729280,94.68,94.68,94.68,94.68,80
1706729580,94.68,94.68,94.68,94.68,750
1706729700,94.68,94.68,94.68,94.68,10
1706729820,94.6775,94.6775,94.6775,94.6775,7
1706729880,94.6775,94.6775,94.6775,94.6775,17
1706729940,94.68,94.68,94.68,94.68,1517
1706730060,94.68,94.68,94.68,94.68,1
1706730120,94.68,94.68,94.6775,94.6775,95
1706730240,94.68,94.68,94.68,94.68,57
1706730300,94.68,94.68,94.68,94.68,400
1706730360,94.68,94.68,94.68,94.68,549
1706730420,94.6775,94.68,94.6775,94.68,750
1706730480,94.68,94.68,94.68,94.68,496
1706730540,94.6775,94.6775,94.6775,94.6775,1
1706730600,94.68,94.68,94.68,94.68,168
1706730660,94.6775,94.6775,94.6775,94.6775,7
1706730720,94.6775,94.68,94.6775,94.6775,24
1706730780,94.68,94.68,94.6775,94.6775,16
1706730840,94.6775,94.6775,94.6775,94.6775,1
1706730900,94.6775,94.6775,94.6775,94.6775,1
1706730960,94.6775,94.6775,94.6775,94.6775,1
1706731020,94.6775,94.6775,94.6775,94.6775,2
1706731080,94.6775,94.6775,94.6775,94.6775,2
1706731140,94.6775,94.6775,94.6775,94.6775,1
1706731200,94.68,94.68,94.6775,94.6775,2
1706731260,94.6775,94.68,94.6775,94.68,266
1706731320,94.68,94.68,94.6775,94.6775,3249
1706731380,94.6775,94.6775,94.6775,94.6775,169
1706731440,94.6775,94.6775,94.675,94.6775,12824
1706731500,94.6775,94.6775,94.6775,94.6775,5
1706731560,94.6775,94.6775,94.6775,94.6775,4661
1706731620,94.6775,94.68,94.6775,94.6775,112
1706731680,94.6775,94.6775,94.6775,94.6775,85
1706731740,94.6775,94.6775,94.6775,94.6775,496
1706731800,94.6775,94.6775,94.6775,94.6775,6
1706731860,94.68,94.68,94.68,94.68,2
1706731980,94.68,94.68,94.68,94.68,1
1706732100,94.6775,94.6775,94.6775,94.6775,1
1706732160,94.68,94.68,94.68,94.68,11
1706732340,94.6775,94.68,94.6775,94.68,27
1706732460,94.68,94.68,94.68,94.68,85
1706732640,94.68,94.68,94.68,94.68,3
1706732760,94.6775,94.68,94.6775,94.68,4
1706732880,94.6775,94.6775,94.6775,94.6775,3
1706732940,94.68,94.68,94.68,94.68,3
1706733060,94.68,94.68,94.68,94.68,16
1706733120,94.6775,94.6775,94.6775,94.6775,2
1706733180,94.6775,94.6775,94.6775,94.6775,1
1706733240,94.6775,94.6775,94.6775,94.6775,1
1706733360,94.68,94.68,94.68,94.68,24
1706733600,94.6775,94.6775,94.6775,94.6775,2
1706733720,94.6775,94.6775,94.6775,94.6775,1
1706733780,94.6775,94.6775,94.6775,94.6775,1
1706733840,94.6775,94.6775,94.6775,94.6775,1
1706733900,94.6775,94.6775,94.6775,94.6775,1
1706734020,94.6775,94.6775,94.6775,94.6775,2
1706734200,94.68,94.68,94.6775,94.68,821
1706734260,94.6775,94.6775,94.6775,94.6775,3
1706734620,94.6775,94.6775,94.6775,94.6775,10
1706734740,94.6775,94.6775,94.6775,94.6775,158
1706734800,94.6775,94.6775,94.6775,94.6775,13
1706734860,94.6775,94.6775,94.6775,94.6775,4
1706734920,94.6775,94.6775,94.6775,94.6775,2
1706735280,94.68,94.68,94.6775,94.6775,1138
1706735820,94.6775,94.6775,94.6775,94.6775,1
1706736000,94.68,94.68,94.68,94.68,1200
1706736360,94.68,94.68,94.6775,94.6775,101
1706736420,94.68,94.68,94.68,94.68,51
1706736480,94.68,94.68,94.68,94.68,114
1706736660,94.68,94.68,94.68,94.68,50
1706736720,94.68,94.68,94.68,94.68,218
1706736900,94.68,94.68,94.6775,94.6775,15
1706737020,94.68,94.68,94.68,94.68,54
1706737140,94.68,94.68,94.6775,94.6775,408
1706737200,94.68,94.68,94.68,94.68,500
1706737320,94.68,94.68,94.68,94.68,200
1706737500,94.6775,94.68,94.6775,94.6775,204
1706737800,94.68,94.68,94.68,94.68,5268
1706738220,94.68,94.68,94.68,94.68,1000
1706738280,94.68,94.68,94.68,94.68,53
1706738340,94.68,94.68,94.68,94.68,50
1706742000,94.68,94.68,94.68,94.68,1
1706743140,94.68,94.68,94.68,94.68,800
1706743260,94.6825,94.6825,94.6825,94.6825,27
1706744220,94.68,94.68,94.68,94.68,420
1706744280,94.68,94.68,94.68,94.68,79
1706745360,94.68,94.68,94.68,94.68,735
1706745420,94.68,94.68,94.68,94.68,10
1706745660,94.68,94.68,94.68,94.68,1
1706746080,94.6775,94.6775,94.6775,94.6775,1
1706746740,94.68,94.68,94.68,94.68,137
1706746920,94.68,94.68,94.68,94.68,323
1706748120,94.68,94.68,94.68,94.68,170
1706748660,94.68,94.68,94.68,94.68,72
1706748780,94.68,94.68,94.68,94.68,10
1706749500,94.68,94.68,94.68,94.68,91
1706749560,94.68,94.68,94.68,94.68,17
1706749620,94.6775,94.6775,94.6775,94.6775,250
1706750460,94.6775,94.6775,94.6775,94.6775,1
1706752980,94.6775,94.6775,94.6775,94.6775,1
1706754540,94.68,94.68,94.68,94.68,236
1706754600,94.68,94.68,94.68,94.68,8
1706754720,94.68,94.68,94.68,94.68,4
1706754780,94.68,94.68,94.68,94.68,81
1706755260,94.68,94.68,94.68,94.68,45
1706755500,94.68,94.68,94.68,94.68,37
1706755620,94.68,94.68,94.68,94.68,2
1706756220,94.68,94.68,94.68,94.68,507
1706756700,94.68,94.68,94.68,94.68,57
1706758500,94.68,94.68,94.68,94.68,2277
1706759820,94.68,94.68,94.68,94.68,757
1706760660,94.68,94.68,94.68,94.68,9
1706761620,94.68,94.68,94.68,94.68,35
1706762280,94.68,94.68,94.68,94.68,120
1706762820,94.68,94.68,94.68,94.68,3
1706765640,94.6775,94.6775,94.6775,94.6775,1
1706768160,94.6775,94.6775,94.6775,94.6775,1
1706770680,94.6775,94.6775,94.6775,94.6775,1
1706772780,94.68,94.68,94.68,94.68,400
1706772900,94.68,94.68,94.68,94.68,300
1706773200,94.68,94.68,94.68,94.68,100
1706774700,94.68,94.68,94.68,94.68,2
1706774880,94.68,94.68,94.68,94.68,500
1706775060,94.68,94.68,94.68,94.68,9
1706775120,94.68,94.68,94.68,94.68,106
1706775180,94.68,94.68,94.68,94.68,166
1706775240,94.68,94.68,94.68,94.68,200
1706775540,94.68,94.68,94.68,94.68,5
1706775840,94.68,94.68,94.68,94.68,1
1706775900,94.68,94.68,94.68,94.68,559
1706777340,94.68,94.68,94.68,94.68,100
1706777580,94.6825,94.6825,94.6825,94.6825,3
1706777640,94.6825,94.6825,94.6825,94.6825,8
1706777820,94.6825,94.6825,94.6825,94.6825,1
1706777940,94.6825,94.6825,94.6825,94.6825,1
1706778060,94.68,94.68,94.68,94.68,2001
1706778120,94.68,94.68,94.68,94.68,749
1706778180,94.68,94.68,94.68,94.68,2
1706778360,94.68,94.68,94.68,94.68,5
1706778420,94.68,94.68,94.68,94.68,4
1706778480,94.68,94.68,94.68,94.68,2
1706778540,94.68,94.68,94.68,94.68,2
1706778600,94.68,94.68,94.68,94.68,2
1706778660,94.68,94.68,94.68,94.68,3
1706778840,94.68,94.68,94.68,94.68,1
1706778960,94.68,94.68,94.68,94.68,202
1706779020,94.68,94.68,94.68,94.68,3
1706779080,94.68,94.68,94.68,94.68,2
1706779140,94.68,94.68,94.68,94.68,2
1706779200,94.68,94.68,94.68,94.68,6
1706779260,94.68,94.68,94.68,94.68,3
1706779320,94.68,94.68,94.68,94.68,4
1706779380,94.68,94.68,94.68,94.68,3
1706779440,94.68,94.68,94.68,94.68,1
1706779500,94.68,94.68,94.68,94.68,1
1706779560,94.68,94.68,94.68,94.68,1
1706779620,94.68,94.68,94.68,94.68,1
1706780040,94.68,94.68,94.68,94.68,1
1706780220,94.68,94.68,94.68,94.68,1
1706780340,94.68,94.68,94.68,94.68,1
1706780400,94.6775,94.6775,94.6775,94.6775,1200
1706780760,94.6775,94.6775,94.6775,94.6775,1
1706781300,94.68,94.68,94.68,94.68,214
1706782380,94.68,94.68,94.68,94.68,29
1706783280,94.6775,94.6775,94.6775,94.6775,1
1706785740,94.6775,94.6775,94.6775,94.6775,1
1706787600,94.68,94.68,94.68,94.68,1
1706787960,94.68,94.6825,94.68,94.68,6786
1706788020,94.68,94.68,94.68,94.68,340
1706788080,94.68,94.68,94.68,94.68,1
1706788200,94.6775,94.68,94.6775,94.68,224
1706788260,94.68,94.68,94.68,94.68,3
1706788380,94.6775,94.6775,94.6775,94.6775,1200
1706788440,94.6775,94.6775,94.6775,94.6775,1200
1706788560,94.68,94.68,94.68,94.68,1879
1706788680,94.68,94.68,94.68,94.68,2
1706790480,94.6775,94.6775,94.6775,94.6775,2
1706792820,94.68,94.68,94.68,94.68,500
1706793840,94.68,94.68,94.68,94.68,75
1706794560,94.68,94.68,94.68,94.68,26
1706794740,94.68,94.68,94.68,94.68,2
1706794800,94.68,94.68,94.68,94.68,2
1706794860,94.68,94.68,94.68,94.68,2
1706794920,94.68,94.68,94.68,94.68,1
1706794980,94.68,94.68,94.68,94.68,1
1706795100,94.68,94.68,94.68,94.68,1
1706795160,94.68,94.68,94.68,94.68,1
1706795220,94.68,94.68,94.68,94.68,1
1706795340,94.68,94.68,94.68,94.68,1
1706795400,94.68,94.68,94.68,94.68,1
1706795820,94.6775,94.68,94.6775,94.68,2
1706797140,94.6775,94.6775,94.6775,94.6775,4
1706797260,94.68,94.68,94.68,94.68,227
1706797320,94.68,94.68,94.68,94.68,1
1706797380,94.68,94.68,94.68,94.68,1
1706797500,94.68,94.68,94.68,94.68,1
1706797620,94.68,94.68,94.68,94.68,11
1706797680,94.68,94.68,94.68,94.68,10
1706797740,94.68,94.68,94.68,94.68,7
1706797800,94.68,94.68,94.68,94.68,1
1706797860,94.68,94.68,94.68,94.68,2
1706797920,94.68,94.68,94.68,94.68,1
1706798040,94.68,94.68,94.68,94.68,1
1706798100,94.68,94.68,94.68,94.68,1
1706798340,94.6775,94.6775,94.6775,94.6775,1
1706798400,94.68,94.68,94.68,94.68,1
1706798700,94.68,94.68,94.68,94.68,2
1706798760,94.68,94.68,94.68,94.68,1600
1706798820,94.68,94.68,94.68,94.68,11031
1706798880,94.68,94.68,94.68,94.68,5922
1706798940,94.68,94.68,94.68,94.68,810
1706799120,94.68,94.68,94.68,94.68,3309
1706799180,94.68,94.68,94.68,94.68,22
1706799240,94.68,94.68,94.68,94.68,2546
1706799300,94.68,94.68,94.68,94.68,798
1706799360,94.68,94.68,94.68,94.68,41
1706799480,94.68,94.68,94.68,94.68,66
1706799540,94.68,94.68,94.68,94.68,56
1706799600,94.68,94.68,94.68,94.68,1082
1706799660,94.68,94.68,94.68,94.68,1
1706799960,94.68,94.68,94.68,94.68,113
1706800020,94.68,94.68,94.68,94.68,1
1706800080,94.68,94.68,94.68,94.68,1
1706800140,94.68,94.68,94.68,94.68,4
1706800200,94.68,94.68,94.68,94.68,2
1706800260,94.68,94.68,94.68,94.68,3
1706800500,94.68,94.68,94.68,94.68,39
1706800560,94.68,94.68,94.68,94.68,13
1706800620,94.68,94.68,94.6775,94.6775,10
1706800680,94.68,94.68,94.68,94.68,51
1706800740,94.68,94.68,94.6775,94.6775,505
1706800860,94.68,94.68,94.68,94.68,1655
1706800980,94.68,94.68,94.68,94.68,2423
1706801040,94.68,94.68,94.68,94.68,150
1706801160,94.6825,94.6825,94.6825,94.6825,1250
1706801220,94.68,94.68,94.68,94.68,150
1706801460,94.68,94.68,94.68,94.68,20
1706801520,94.68,94.68,94.68,94.68,5345
1706801580,94.68,94.68,94.68,94.68,170
1706801700,94.68,94.68,94.68,94.68,233
1706801760,94.6825,94.6825,94.6825,94.6825,2
1706801820,94.68,94.68,94.68,94.68,2
1706802180,94.6825,94.6825,94.6825,94.6825,16
1706802240,94.68,94.6825,94.68,94.6825,5613
1706802300,94.6825,94.6825,94.6825,94.6825,2372
1706802360,94.6825,94.6825,94.6825,94.6825,3984
1706802480,94.685,94.685,94.685,94.685,1100
1706802660,94.685,94.685,94.685,94.685,70
1706802720,94.685,94.685,94.685,94.685,100
1706802780,94.685,94.685,94.685,94.685,2256
1706802840,94.685,94.685,94.685,94.685,4582
1706802900,94.685,94.685,94.685,94.685,114
1706802960,94.685,94.685,94.685,94.685,2932
1706803020,94.685,94.685,94.685,94.685,879
1706803080,94.685,94.685,94.685,94.685,150
1706803140,94.6875,94.6875,94.6875,94.6875,399
1706803200,94.6875,94.6875,94.6875,94.6875,1239
1706803260,94.6875,94.69,94.6875,94.69,53
1706803320,94.6875,94.6875,94.6875,94.6875,1792
1706803380,94.6875,94.6875,94.6875,94.6875,1094
1706803440,94.6875,94.6875,94.6875,94.6875,1135
1706803560,94.6875,94.6875,94.6875,94.6875,2995
1706803620,94.6875,94.6875,94.6875,94.6875,300
1706803680,94.6875,94.6875,94.6875,94.6875,560
1706803740,94.6875,94.6875,94.6875,94.6875,1188
1706803800,94.6875,94.6875,94.6875,94.6875,185
1706803860,94.6875,94.6875,94.6875,94.6875,315
1706803920,94.685,94.685,94.685,94.685,1
1706803980,94.6875,94.6875,94.6875,94.6875,764
1706804040,94.6875,94.6875,94.6875,94.6875,9
1706804100,94.6875,94.6875,94.6875,94.6875,112
1706804160,94.6875,94.6875,94.685,94.685,5
1706804280,94.6875,94.6875,94.6875,94.6875,37
1706804400,94.6875,94.6875,94.685,94.685,62
1706804520,94.6875,94.6875,94.685,94.685,3
1706804640,94.6875,94.6875,94.6875,94.6875,100
1706804820,94.685,94.685,94.685,94.685,1
1706804880,94.685,94.685,94.685,94.685,1225
1706804940,94.685,94.685,94.6825,94.685,1727
1706805000,94.685,94.685,94.685,94.685,2602
1706805060,94.685,94.685,94.685,94.685,300
1706805120,94.685,94.685,94.685,94.685,1002
1706805180,94.685,94.685,94.685,94.685,1160
1706805240,94.685,94.685,94.685,94.685,1065
1706805300,94.685,94.685,94.685,94.685,156
1706805360,94.685,94.685,94.685,94.685,601
1706805480,94.685,94.685,94.6825,94.685,1612
1706805540,94.685,94.685,94.685,94.685,159
1706805600,94.685,94.685,94.685,94.685,814
1706805660,94.685,94.685,94.685,94.685,520
1706805720,94.685,94.685,94.685,94.685,100
1706805900,94.685,94.685,94.685,94.685,14
1706805960,94.685,94.685,94.685,94.685,529
1706806020,94.685,94.685,94.685,94.685,525
1706806260,94.685,94.685,94.685,94.685,1001
1706806500,94.685,94.685,94.685,94.685,1
1706806620,94.685,94.685,94.685,94.685,1532
1706806740,94.685,94.685,94.685,94.685,1
1706806800,94.685,94.685,94.685,94.685,1
1706806860,94.685,94.685,94.685,94.685,1
1706806920,94.685,94.685,94.685,94.685,3
1706806980,94.685,94.685,94.6825,94.6825,4
1706807040,94.685,94.685,94.685,94.685,5
1706807100,94.685,94.685,94.685,94.685,5
1706807460,94.6825,94.6825,94.6825,94.6825,200
1706807520,94.6825,94.6825,94.6825,94.6825,1
1706807700,94.6825,94.6825,94.6825,94.6825,400
1706807940,94.6825,94.6825,94.6825,94.6825,100
1706808060,94.6825,94.6825,94.6825,94.6825,1
1706808480,94.6825,94.6825,94.6825,94.6825,4841
1706808540,94.68,94.6825,94.68,94.6825,318
1706808600,94.6825,94.6825,94.6825,94.6825,1000
1706808660,94.6825,94.6825,94.6825,94.6825,1210
1706808720,94.6825,94.6825,94.6825,94.6825,307
1706808780,94.6825,94.6825,94.6825,94.6825,100
1706808840,94.6825,94.6825,94.6825,94.6825,15
1706808900,94.6825,94.6825,94.6825,94.6825,1
1706808960,94.6825,94.6825,94.6825,94.6825,240
1706809080,94.6825,94.6825,94.6825,94.6825,15
1706809200,94.6825,94.6825,94.6825,94.6825,248
1706809260,94.6825,94.6825,94.6825,94.6825,48
1706809320,94.68,94.68,94.68,94.68,5
1706809380,94.6825,94.6825,94.6825,94.6825,323
1706809440,94.6825,94.6825,94.6825,94.6825,77
1706809560,94.6825,94.6825,94.6825,94.6825,1140
1706809800,94.6825,94.6825,94.68,94.68,1501
1706810700,94.6825,94.6825,94.6825,94.6825,4
1706810820,94.6825,94.6825,94.6825,94.6825,283
1706811000,94.6825,94.6825,94.6825,94.6825,1062
1706811240,94.6825,94.6825,94.6825,94.6825,26
1706811420,94.6825,94.6825,94.6825,94.6825,1245
1706811600,94.6825,94.6825,94.6825,94.6825,300
1706811780,94.6825,94.6825,94.6825,94.6825,1136
1706812560,94.6825,94.6825,94.68,94.68,313
1706812620,94.6825,94.6825,94.6825,94.6825,404
1706812680,94.6825,94.6825,94.6825,94.6825,693
1706812740,94.6825,94.6825,94.6825,94.6825,387
1706812920,94.6825,94.6825,94.6825,94.6825,419
1706812980,94.6825,94.6825,94.6825,94.6825,138
1706813160,94.6825,94.6825,94.6825,94.6825,1014
1706813340,94.6825,94.6825,94.6825,94.6825,3
1706814180,94.6825,94.6825,94.6825,94.6825,63
1706814480,94.6825,94.6825,94.6825,94.6825,3
1706814540,94.6825,94.6825,94.6825,94.6825,3
1706814780,94.6825,94.6825,94.6825,94.6825,118
1706814900,94.6825,94.6825,94.6825,94.6825,688
1706815560,94.68,94.68,94.68,94.68,7
1706815680,94.68,94.68,94.68,94.68,8
1706816280,94.6825,94.6825,94.6825,94.6825,1
1706816700,94.68,94.68,94.68,94.68,1
1706817180,94.6825,94.6825,94.6825,94.6825,2
1706817240,94.6825,94.6825,94.6825,94.6825,2
1706817540,94.6825,94.6825,94.6825,94.6825,17
1706818140,94.6825,94.6825,94.6825,94.6825,24
1706818500,94.68,94.68,94.68,94.68,1
1706818800,94.6825,94.6825,94.6825,94.6825,7
1706818980,94.6825,94.6825,94.6825,94.6825,35
1706819160,94.6825,94.6825,94.6825,94.6825,20
1706819280,94.6825,94.6825,94.6825,94.6825,1
1706819340,94.6825,94.6825,94.6825,94.6825,20
1706819520,94.6825,94.6825,94.6825,94.6825,10
1706820060,94.6825,94.6825,94.6825,94.6825,1
1706820240,94.6825,94.6825,94.6825,94.6825,2610
1706820300,94.685,94.685,94.685,94.685,2
1706820360,94.685,94.685,94.685,94.685,9
1706820420,94.685,94.685,94.685,94.685,53
1706820540,94.685,94.685,94.685,94.685,1000
1706820900,94.685,94.685,94.685,94.685,490
1706823240,94.6825,94.6825,94.6825,94.6825,110
1706823540,94.6825,94.6825,94.6825,94.6825,1
1706823840,94.6825,94.6825,94.6825,94.6825,590
1706823960,94.6825,94.6825,94.6825,94.6825,47
1706824740,94.685,94.685,94.685,94.685,28
1706828640,94.6825,94.6825,94.6825,94.6825,125
1706828700,94.6825,94.6825,94.6825,94.6825,152
1706829000,94.6825,94.6825,94.6825,94.6825,2
1706829480,94.6825,94.6825,94.6825,94.6825,25
1706832000,94.6825,94.6825,94.6825,94.6825,40
1706832060,94.6825,94.6825,94.6825,94.6825,4
1706832120,94.6825,94.6825,94.6825,94.6825,57
1706833140,94.6825,94.6825,94.6825,94.6825,82
1706833740,94.6825,94.6825,94.6825,94.6825,28
1706836260,94.6825,94.6825,94.6825,94.6825,100
1706837580,94.6825,94.6825,94.6825,94.6825,492
1706838840,94.6825,94.6825,94.6825,94.6825,45
1706854980,94.6825,94.6825,94.6825,94.6825,400
1706855040,94.6825,94.6825,94.6825,94.6825,192
1706855760,94.6825,94.6825,94.6825,94.6825,802
1706856600,94.6825,94.6825,94.6825,94.6825,5
1706857380,94.6825,94.6825,94.6825,94.6825,6
1706857560,94.6825,94.6825,94.6825,94.6825,28
1706858340,94.6825,94.6825,94.6825,94.6825,67
1706859900,94.6825,94.6825,94.6825,94.6825,811
1706860140,94.6825,94.6825,94.6825,94.6825,75
1706860260,94.6825,94.6825,94.6825,94.6825,3
1706860680,94.6825,94.6825,94.6825,94.6825,73
1706861460,94.6825,94.6825,94.6825,94.6825,16
1706865420,94.6825,94.6825,94.6825,94.6825,4
1706868960,94.6825,94.6825,94.6825,94.6825,19
1706873460,94.6825,94.6825,94.6825,94.6825,1
1706875200,94.6825,94.6825,94.6825,94.6825,4
1706876940,94.68,94.68,94.68,94.68,62
1706877840,94.68,94.68,94.68,94.68,1
1706878320,94.68,94.68,94.68,94.68,760
1706878800,94.68,94.68,94.68,94.68,2
1706879280,94.6825,94.6825,94.6825,94.6825,2502
1706879340,94.6825,94.6825,94.6825,94.6825,10798
1706879400,94.6825,94.6825,94.6825,94.6825,226
1706879460,94.6825,94.6825,94.6825,94.6825,207
1706879520,94.6825,94.6825,94.6825,94.6825,200
1706879820,94.6825,94.6825,94.6825,94.6825,2
1706879880,94.6825,94.6825,94.6825,94.6825,5
1706880060,94.68,94.6825,94.68,94.6825,3
1706880300,94.6825,94.6825,94.6825,94.6825,2
1706880600,94.68,94.6825,94.6775,94.68,8708
1706880660,94.68,94.68,94.6775,94.6775,2818
1706880720,94.68,94.68,94.68,94.68,160
1706880780,94.6775,94.6775,94.6775,94.6775,2
1706880960,94.68,94.68,94.68,94.68,10
1706881020,94.68,94.68,94.68,94.68,2002
1706881080,94.6775,94.6775,94.6775,94.6775,437
1706881140,94.6775,94.68,94.6775,94.68,97
1706881260,94.6775,94.6775,94.6775,94.6775,1059
1706881440,94.6775,94.6775,94.6775,94.6775,2874
1706881500,94.6775,94.6775,94.6775,94.6775,10
1706881560,94.6775,94.6775,94.6775,94.6775,3
1706881680,94.6775,94.6775,94.6775,94.6775,515
1706881740,94.6775,94.6775,94.6775,94.6775,1259
1706881800,94.6775,94.6775,94.6775,94.6775,5285
1706881860,94.6775,94.6775,94.6775,94.6775,305
1706882100,94.6775,94.6775,94.6775,94.6775,360
1706882160,94.6775,94.6775,94.6775,94.6775,24
1706882220,94.6775,94.6775,94.6775,94.6775,325
1706882340,94.6775,94.6775,94.6775,94.6775,1300
1706882400,94.6775,94.6775,94.6775,94.6775,10
1706882580,94.6775,94.6775,94.6775,94.6775,3001
1706882640,94.6775,94.6775,94.6775,94.6775,160
1706882700,94.6775,94.6775,94.6775,94.6775,500
1706882940,94.6775,94.6775,94.6775,94.6775,4
1706883060,94.6775,94.6775,94.6775,94.6775,70
1706883120,94.6775,94.6775,94.6775,94.6775,17
1706883180,94.6775,94.6775,94.6775,94.6775,6
1706883240,94.6775,94.6775,94.6775,94.6775,900
1706883300,94.6775,94.6775,94.6775,94.6775,100
1706883420,94.6775,94.6775,94.6775,94.6775,477
1706883540,94.6775,94.6775,94.6775,94.6775,4
1706883720,94.68,94.68,94.68,94.68,7532
1706883900,94.68,94.68,94.68,94.68,260
1706883960,94.68,94.68,94.68,94.68,2543
1706884140,94.68,94.68,94.68,94.68,307
1706884260,94.68,94.68,94.68,94.68,2006
1706884680,94.68,94.68,94.68,94.68,398
1706885820,94.68,94.68,94.68,94.68,300
1706885880,94.68,94.68,94.68,94.68,72
1706886120,94.68,94.68,94.68,94.68,436
1706886240,94.6825,94.6825,94.6825,94.6825,15
1706886480,94.68,94.68,94.68,94.68,5
1706886540,94.68,94.68,94.68,94.68,50
1706886960,94.68,94.68,94.68,94.68,30
1706887200,94.68,94.68,94.68,94.68,1459
1706887260,94.68,94.68,94.68,94.68,26
1706887320,94.68,94.68,94.68,94.68,2
1706887380,94.68,94.68,94.68,94.68,22
1706887440,94.68,94.68,94.68,94.68,11
1706887620,94.68,94.68,94.68,94.68,1
1706887680,94.68,94.68,94.68,94.68,1
1706888040,94.68,94.68,94.68,94.68,1
1706888100,94.68,94.68,94.68,94.68,866
1706888280,94.68,94.68,94.68,94.68,1
1706888700,94.6775,94.6775,94.6775,94.6775,3
1706888760,94.68,94.68,94.68,94.68,1
1706888880,94.68,94.68,94.68,94.68,1
1706888940,94.68,94.68,94.68,94.68,1
1706889240,94.6775,94.6775,94.6775,94.6775,1
1706889480,94.68,94.68,94.68,94.68,2
1706889540,94.68,94.68,94.68,94.68,1
1706889600,94.68,94.68,94.68,94.68,7
1706889660,94.68,94.68,94.68,94.68,18
1706889720,94.68,94.68,94.68,94.68,3
1706889780,94.68,94.68,94.68,94.68,41
1706889840,94.68,94.68,94.68,94.68,3
1706889900,94.68,94.68,94.68,94.68,1
1706889960,94.68,94.68,94.68,94.68,2
1706890020,94.68,94.68,94.68,94.68,1
1706890080,94.68,94.68,94.68,94.68,1
1706890140,94.68,94.68,94.68,94.68,2
1706890200,94.68,94.68,94.68,94.68,2
1706890260,94.68,94.68,94.68,94.68,1
1706890320,94.68,94.68,94.68,94.68,5
1706890680,94.68,94.68,94.68,94.68,9
1706890860,94.68,94.68,94.68,94.68,1
1706891220,94.68,94.68,94.68,94.68,1
1706891280,94.68,94.68,94.68,94.68,1
1706891460,94.68,94.68,94.68,94.68,1
1706891520,94.68,94.68,94.68,94.68,1
1706891820,94.68,94.68,94.68,94.68,3
1706891880,94.68,94.68,94.68,94.68,6
1706891940,94.68,94.68,94.68,94.68,13
1706892000,94.68,94.68,94.68,94.68,4
1706892060,94.68,94.68,94.68,94.68,8
1706892120,94.68,94.68,94.68,94.68,2
1706892180,94.68,94.68,94.68,94.68,3
1706892300,94.68,94.68,94.68,94.68,4
1706892420,94.68,94.68,94.68,94.68,1
1706892480,94.68,94.68,94.68,94.68,1
1706892600,94.68,94.68,94.68,94.68,2
1706892660,94.6775,94.68,94.6775,94.68,3
1706892840,94.68,94.68,94.68,94.68,4
1706892960,94.68,94.68,94.68,94.68,6
1706893140,94.68,94.68,94.68,94.68,1
1706893200,94.68,94.68,94.68,94.68,3
1706893320,94.68,94.68,94.68,94.68,1
1706893380,94.68,94.68,94.68,94.68,3
1706893440,94.68,94.68,94.68,94.68,1
1706893560,94.6775,94.6775,94.6775,94.6775,1
1706893620,94.68,94.68,94.68,94.68,1
1706893680,94.68,94.68,94.68,94.68,1
1706893740,94.68,94.68,94.68,94.68,12
1706893800,94.68,94.68,94.68,94.68,3
1706893860,94.68,94.68,94.68,94.68,1
1706893920,94.68,94.68,94.68,94.68,1
1706894040,94.6775,94.68,94.6775,94.68,34
1706894100,94.68,94.68,94.68,94.68,43
1706894160,94.68,94.68,94.68,94.68,6
1706894280,94.68,94.68,94.68,94.68,2
1706894340,94.68,94.68,94.68,94.68,1
1706894400,94.68,94.68,94.68,94.68,21
1706894640,94.68,94.68,94.68,94.68,1
1706894760,94.68,94.68,94.68,94.68,5
1706894820,94.68,94.68,94.68,94.68,1
1706894880,94.68,94.68,94.68,94.68,1
1706895000,94.68,94.68,94.68,94.68,1
1706895060,94.68,94.68,94.68,94.68,1
1706895240,94.68,94.68,94.68,94.68,5
1706895300,94.68,94.68,94.68,94.68,1549
1706895360,94.68,94.6825,94.68,94.68,33
1706895600,94.68,94.68,94.68,94.68,2
1706895660,94.68,94.68,94.68,94.68,1
1706895720,94.68,94.68,94.68,94.68,217
1706895780,94.6825,94.6825,94.6825,94.6825,12
1706895840,94.6825,94.6825,94.6825,94.6825,5
1706895960,94.68,94.68,94.68,94.68,1007
1706896140,94.68,94.68,94.68,94.68,62
1706896200,94.68,94.68,94.68,94.68,11
1706896320,94.68,94.68,94.68,94.68,11
1706896500,94.68,94.68,94.68,94.68,1
1706896560,94.68,94.68,94.68,94.68,20
1706896680,94.68,94.68,94.68,94.68,41
1706896860,94.68,94.68,94.68,94.68,1
1706898420,94.68,94.68,94.68,94.68,1201
1706898900,94.6825,94.6825,94.6825,94.6825,20
1706898960,94.6825,94.6825,94.6825,94.6825,8
1706899020,94.6825,94.6825,94.6825,94.6825,10
1706899080,94.6825,94.6825,94.6825,94.6825,4
1706899140,94.6825,94.6825,94.6825,94.6825,23
1706899200,94.6825,94.6825,94.6825,94.6825,14
1706899260,94.6825,94.6825,94.6825,94.6825,6
1706899320,94.6825,94.6825,94.6825,94.6825,6
1706899380,94.68,94.6825,94.68,94.6825,12
1706899440,94.6825,94.6825,94.68,94.68,39
1706899800,94.6825,94.6825,94.6825,94.6825,2
1706900880,94.68,94.68,94.68,94.68,1
1706901720,94.68,94.68,94.68,94.68,100
1706902080,94.6825,94.6825,94.6825,94.6825,2
1706902140,94.6825,94.6825,94.6825,94.6825,7
1706902200,94.6825,94.6825,94.6825,94.6825,2
1706902320,94.6825,94.6825,94.6825,94.6825,1
1706902440,94.6825,94.6825,94.6825,94.6825,1
1706902680,94.68,94.6825,94.68,94.6825,10
1706902740,94.68,94.6825,94.68,94.6825,16
1706902800,94.6825,94.6825,94.6825,94.6825,1
1706902860,94.68,94.68,94.68,94.68,300
1706903100,94.6825,94.6825,94.6825,94.6825,1
1706903220,94.6825,94.6825,94.6825,94.6825,12
1706903280,94.6825,94.6825,94.6825,94.6825,12
1706903340,94.6825,94.6825,94.68,94.6825,23
1706903400,94.6825,94.6825,94.6825,94.6825,2
1706903460,94.6825,94.6825,94.6825,94.6825,3
1706903640,94.6825,94.6825,94.6825,94.6825,1
1706903700,94.6825,94.6825,94.6825,94.6825,1
1706903760,94.6825,94.6825,94.68,94.6825,3
1706903820,94.6825,94.6825,94.6825,94.6825,2
1706903880,94.68,94.6825,94.68,94.6825,2
1706903940,94.6825,94.6825,94.68,94.6825,139
1706904000,94.68,94.68,94.68,94.68,1
1706904120,94.6825,94.6825,94.6825,94.6825,1
1706904240,94.6825,94.6825,94.6825,94.6825,7
1706904300,94.6825,94.6825,94.6825,94.6825,14
1706904360,94.6825,94.6825,94.6825,94.6825,1
1706904480,94.6825,94.6825,94.6825,94.6825,1
1706904720,94.6825,94.6825,94.6825,94.6825,1
1706905080,94.6825,94.6825,94.6825,94.6825,1
1706906100,94.68,94.68,94.68,94.68,4
1706906520,94.6825,94.6825,94.6825,94.6825,1
1706908200,94.68,94.68,94.68,94.68,3
1706908320,94.68,94.68,94.68,94.68,1
1706908980,94.68,94.68,94.68,94.68,3
1706911140,94.6825,94.6825,94.68,94.68,87
1707087600,94.68,94.68,94.6775,94.6775,315
1707092040,94.68,94.68,94.68,94.68,1
1707092100,94.6775,94.6775,94.6775,94.6775,1
1707092460,94.6775,94.6775,94.6775,94.6775,1
1707092640,94.6775,94.6775,94.6775,94.6775,1
1707092700,94.6775,94.6775,94.6775,94.6775,1
1707093060,94.68,94.68,94.68,94.68,101
1707098400,94.68,94.68,94.68,94.68,200
1707100020,94.68,94.68,94.68,94.68,1
1707105240,94.6775,94.6775,94.6775,94.6775,1
1707110220,94.68,94.68,94.68,94.68,9
1707113340,94.6775,94.6775,94.6775,94.6775,75
1707114180,94.68,94.68,94.68,94.68,3
1707118560,94.68,94.68,94.68,94.68,73
1707118620,94.68,94.68,94.68,94.68,6
1707118680,94.68,94.68,94.68,94.68,16
1707120360,94.68,94.68,94.68,94.68,41
1707120660,94.68,94.68,94.68,94.68,6586
1707121080,94.68,94.68,94.68,94.68,3
1707121800,94.68,94.68,94.68,94.68,14
1707124440,94.68,94.68,94.68,94.68,30
1707124500,94.68,94.68,94.68,94.68,1
1707128580,94.68,94.68,94.68,94.68,28
1707129840,94.68,94.68,94.68,94.68,142
1707129900,94.6775,94.68,94.6775,94.68,51
1707130200,94.68,94.68,94.68,94.68,1
1707130260,94.68,94.68,94.68,94.68,2
1707130320,94.68,94.68,94.68,94.68,1
1707130500,94.68,94.68,94.68,94.68,1
1707131400,94.68,94.68,94.68,94.68,19
1707131520,94.68,94.68,94.68,94.68,1
1707136380,94.68,94.68,94.68,94.68,28
1707136500,94.68,94.68,94.68,94.68,3
1707137640,94.6775,94.6775,94.6775,94.6775,4
1707138180,94.6775,94.6775,94.6775,94.6775,4
1707138300,94.6775,94.6775,94.6775,94.6775,251
1707138720,94.68,94.68,94.68,94.68,1
1707139260,94.68,94.68,94.68,94.68,1
1707139380,94.6775,94.6775,94.6775,94.6775,25
1707139500,94.6775,94.6775,94.6775,94.6775,4
1707139740,94.68,94.68,94.68,94.68,1
1707139800,94.6775,94.6775,94.6775,94.6775,744
1707139920,94.6775,94.6775,94.6775,94.6775,300
1707140400,94.68,94.68,94.68,94.68,1
1707140460,94.68,94.68,94.68,94.68,1
1707140520,94.68,94.68,94.6775,94.6775,1950
1707141000,94.6775,94.6775,94.6775,94.6775,100
1707141540,94.68,94.68,94.68,94.68,1
1707142620,94.68,94.68,94.68,94.68,24
1707144000,94.6775,94.6775,94.6775,94.6775,7686
1707144060,94.6775,94.6775,94.6775,94.6775,300
1707144120,94.6775,94.6775,94.6775,94.6775,1497
1707144180,94.6775,94.6775,94.6775,94.6775,200
1707144240,94.6775,94.6775,94.6775,94.6775,33
1707144300,94.6775,94.6775,94.6775,94.6775,11
1707144780,94.6775,94.6775,94.6775,94.6775,1399
1707145200,94.6775,94.6775,94.6775,94.6775,2
1707145260,94.6775,94.6775,94.6775,94.6775,2
1707145320,94.6775,94.6775,94.6775,94.6775,5
1707145380,94.6775,94.6775,94.6775,94.6775,44
1707145560,94.6775,94.6775,94.6775,94.6775,12
1707145800,94.6775,94.6775,94.6775,94.6775,120
1707146160,94.6775,94.6775,94.6775,94.6775,40
1707146340,94.6775,94.6775,94.6775,94.6775,2025
1707146400,94.6775,94.6775,94.6775,94.6775,5
1707146460,94.6775,94.6775,94.6775,94.6775,37
1707146880,94.6775,94.6775,94.6775,94.6775,262
1707146940,94.6775,94.6775,94.6775,94.6775,34
1707147000,94.675,94.675,94.675,94.675,1
1707147180,94.6775,94.6775,94.6775,94.6775,129
1707147420,94.6775,94.68,94.6775,94.68,33
1707147600,94.6775,94.6775,94.6775,94.6775,303
1707148020,94.6775,94.6775,94.6775,94.6775,11
1707148140,94.6775,94.6775,94.6775,94.6775,5
1707150060,94.6775,94.6775,94.6775,94.6775,1363
1707150780,94.6775,94.6775,94.6775,94.6775,257
1707150840,94.6775,94.6775,94.6775,94.6775,60
1707151380,94.6775,94.6775,94.675,94.675,268
1707151920,94.6775,94.6775,94.6775,94.6775,13
1707154140,94.6775,94.6775,94.6775,94.6775,2
1707155460,94.6775,94.6775,94.6775,94.6775,1
1707155820,94.675,94.675,94.675,94.675,19
1707155940,94.6775,94.6775,94.6775,94.6775,413
1707156420,94.6775,94.6775,94.6775,94.6775,1
1707157080,94.6775,94.6775,94.6775,94.6775,7
1707158100,94.6775,94.6775,94.6775,94.6775,1
1707159120,94.6775,94.6775,94.6775,94.6775,20
1707159720,94.6775,94.6775,94.6775,94.6775,20
1707159780,94.6775,94.6775,94.6775,94.6775,5
1707159840,94.6775,94.6775,94.6775,94.6775,30
1707163140,94.675,94.6775,94.675,94.6775,120
1707163260,94.6775,94.6775,94.6775,94.6775,20
1707163500,94.6775,94.6775,94.6775,94.6775,2
1707164220,94.6775,94.6775,94.6775,94.6775,96
1707164340,94.6775,94.6775,94.6775,94.6775,1
1707164580,94.6775,94.6775,94.6775,94.6775,1
1707164940,94.6775,94.6775,94.6775,94.6775,1
1707165180,94.6775,94.6775,94.6775,94.6775,14
1707165420,94.6775,94.6775,94.6775,94.6775,2
1707165540,94.6775,94.6775,94.6775,94.6775,1
1707165660,94.6775,94.6775,94.6775,94.6775,1
1707165840,94.6775,94.6775,94.6775,94.6775,1
1707166380,94.6775,94.6775,94.6775,94.6775,900
1707166560,94.6775,94.6775,94.6775,94.6775,2
1707166620,94.6775,94.6775,94.6775,94.6775,49
1707166740,94.6775,94.6775,94.6775,94.6775,6
1707166800,94.6775,94.6775,94.6775,94.6775,3
1707167340,94.675,94.675,94.675,94.675,2
1707167580,94.6775,94.6775,94.6775,94.6775,10
1707167640,94.6775,94.6775,94.6775,94.6775,2866
1707167700,94.6775,94.6775,94.6775,94.6775,76
1707167880,94.6775,94.6775,94.6775,94.6775,27
1707167940,94.6775,94.6775,94.6775,94.6775,10
1707168000,94.6775,94.6775,94.6775,94.6775,29
1707168360,94.6775,94.6775,94.6775,94.6775,262
1707169080,94.68,94.68,94.68,94.68,11
1707169320,94.6775,94.6775,94.6775,94.6775,172
1707169800,94.6775,94.6775,94.6775,94.6775,17
1707170220,94.6775,94.6775,94.6775,94.6775,284
1707174000,94.6775,94.6775,94.6775,94.6775,12
1707177960,94.6775,94.6775,94.6775,94.6775,1
1707179280,94.6775,94.6775,94.6775,94.6775,100
1707179340,94.6775,94.6775,94.6775,94.6775,1
1707179700,94.6775,94.6775,94.6775,94.6775,1
1707180060,94.6775,94.6775,94.6775,94.6775,2
1707182220,94.6775,94.6775,94.6775,94.6775,2
1707182640,94.6775,94.6775,94.6775,94.6775,1
1707183000,94.6775,94.6775,94.6775,94.6775,2
1707183120,94.6775,94.6775,94.6775,94.6775,2
1707183180,94.6775,94.6775,94.6775,94.6775,2
1707183780,94.6775,94.6775,94.6775,94.6775,1
1707184260,94.6775,94.6775,94.6775,94.6775,1
1707185160,94.6775,94.6775,94.6775,94.6775,33
1707187740,94.6775,94.6775,94.6775,94.6775,20
1707191160,94.6775,94.6775,94.6775,94.6775,50
1707198720,94.6775,94.6775,94.6775,94.6775,1
1707199260,94.6775,94.6775,94.6775,94.6775,5
1707199320,94.6775,94.6775,94.6775,94.6775,7
1707199860,94.675,94.675,94.675,94.675,50
1707199980,94.6775,94.6775,94.6775,94.6775,1
1707200160,94.6775,94.6775,94.6775,94.6775,2
1707200640,94.6775,94.6775,94.6775,94.6775,2
1707201240,94.6775,94.6775,94.6775,94.6775,2
1707201900,94.6775,94.6775,94.6775,94.6775,4
1707209820,94.6775,94.6775,94.6775,94.6775,400
1707210780,94.6775,94.6775,94.6775,94.6775,400
1707213120,94.6775,94.6775,94.6775,94.6775,900
1707218820,94.6775,94.6775,94.6775,94.6775,5
1707218880,94.6775,94.6775,94.6775,94.6775,16
1707219000,94.6775,94.6775,94.6775,94.6775,3
1707220800,94.6775,94.6775,94.6775,94.6775,11
1707221280,94.6775,94.6775,94.6775,94.6775,34
1707221820,94.6775,94.6775,94.6775,94.6775,500
1707222720,94.675,94.675,94.675,94.675,252
1707225180,94.6775,94.6775,94.6775,94.6775,7
1707227460,94.675,94.675,94.675,94.675,18
1707228180,94.6775,94.6775,94.6775,94.6775,9
1707228540,94.675,94.675,94.675,94.675,19
1707229320,94.6775,94.6775,94.6775,94.6775,43
1707229980,94.6775,94.6775,94.6775,94.6775,495
1707230520,94.675,94.675,94.675,94.675,250
1707230880,94.6775,94.6775,94.6775,94.6775,200
1707231000,94.6775,94.6775,94.6775,94.6775,600
1707231180,94.6775,94.6775,94.6775,94.6775,400
1707231300,94.6775,94.6775,94.6775,94.6775,201
1707231360,94.6775,94.6775,94.6775,94.6775,1
1707231420,94.6775,94.6775,94.6775,94.6775,101
1707231480,94.6775,94.6775,94.6775,94.6775,2
1707231600,94.6775,94.6775,94.6775,94.6775,1
1707232140,94.6775,94.6775,94.6775,94.6775,1
1707232320,94.6775,94.6775,94.6775,94.6775,577
1707232380,94.6775,94.6775,94.6775,94.6775,101
1707232440,94.6775,94.68,94.6775,94.6775,8748
1707232500,94.68,94.68,94.6775,94.6775,706
1707232680,94.6775,94.6775,94.6775,94.6775,1099
1707232740,94.6775,94.6775,94.6775,94.6775,1
1707232860,94.6775,94.6775,94.6775,94.6775,1
1707232920,94.6775,94.6775,94.6775,94.6775,1366
1707233040,94.6775,94.6775,94.6775,94.6775,1016
1707233100,94.6775,94.6775,94.6775,94.6775,100
1707233160,94.6775,94.6775,94.6775,94.6775,1
1707233220,94.6775,94.6775,94.6775,94.6775,53
1707233340,94.6775,94.6775,94.6775,94.6775,7
1707234000,94.6775,94.6775,94.6775,94.6775,150
1707234480,94.6775,94.6775,94.6775,94.6775,20
1707235260,94.68,94.68,94.68,94.68,16
1707235560,94.68,94.68,94.68,94.68,50
1707235620,94.68,94.68,94.68,94.68,293
1707235680,94.68,94.68,94.68,94.68,2
1707235740,94.68,94.68,94.68,94.68,1
1707235800,94.68,94.68,94.68,94.68,2
1707235920,94.68,94.68,94.68,94.68,2
1707235980,94.68,94.68,94.68,94.68,6
1707236040,94.68,94.68,94.68,94.68,1
1707236160,94.68,94.68,94.68,94.68,2
1707236220,94.68,94.68,94.68,94.68,1
1707236280,94.68,94.68,94.68,94.68,1
1707236340,94.68,94.68,94.68,94.68,2
1707236400,94.68,94.68,94.68,94.68,1
1707236580,94.68,94.68,94.68,94.68,1
1707236760,94.68,94.68,94.68,94.68,1
1707236940,94.68,94.68,94.68,94.68,1
1707238020,94.6775,94.6775,94.6775,94.6775,123
1707238080,94.68,94.68,94.68,94.68,1
1707238260,94.68,94.68,94.68,94.68,1
1707238380,94.68,94.68,94.68,94.68,1
1707238440,94.68,94.68,94.68,94.68,1
1707238560,94.68,94.68,94.68,94.68,1
1707238680,94.68,94.68,94.68,94.68,1
1707238860,94.68,94.68,94.68,94.68,1
1707239040,94.68,94.68,94.68,94.68,1
1707239280,94.6775,94.6775,94.6775,94.6775,5407
1707239340,94.6775,94.6775,94.6775,94.6775,537
1707239400,94.6775,94.6775,94.6775,94.6775,1134
1707239580,94.6775,94.6775,94.6775,94.6775,1
1707239640,94.6775,94.6775,94.6775,94.6775,320
1707240000,94.6775,94.6775,94.6775,94.6775,56
1707241080,94.6775,94.6775,94.6775,94.6775,81
1707241380,94.6775,94.6775,94.6775,94.6775,1219
1707241500,94.68,94.68,94.68,94.68,54
1707242340,94.6775,94.68,94.6775,94.68,75
1707242400,94.68,94.68,94.68,94.68,21
1707242460,94.6775,94.6775,94.6775,94.6775,1
1707243360,94.6775,94.6775,94.6775,94.6775,6
1707244740,94.6775,94.6775,94.6775,94.6775,600
1707248220,94.6775,94.6775,94.6775,94.6775,50
1707249540,94.6775,94.6775,94.6775,94.6775,40
1707249900,94.68,94.68,94.68,94.68,1
1707249960,94.6775,94.6775,94.6775,94.6775,800
1707250680,94.6775,94.6775,94.6775,94.6775,1200
1707251520,94.6775,94.6775,94.6775,94.6775,6
1707251940,94.6775,94.6775,94.6775,94.6775,11
1707256740,94.6775,94.68,94.6775,94.68,19
1707264360,94.6775,94.6775,94.6775,94.6775,395
1707271500,94.6775,94.6775,94.6775,94.6775,300
1707289440,94.6775,94.6775,94.6775,94.6775,78
1707293340,94.6775,94.6775,94.6775,94.6775,4
1707293700,94.6775,94.6775,94.6775,94.6775,500
1707302760,94.6775,94.6775,94.6775,94.6775,12
1707308460,94.6775,94.6775,94.6775,94.6775,24
1707309540,94.6775,94.6775,94.6775,94.6775,200
1707310260,94.6775,94.6775,94.6775,94.6775,100
1707310380,94.6775,94.6775,94.6775,94.6775,100
1707310560,94.68,94.68,94.68,94.68,1
1707310740,94.68,94.68,94.6775,94.6775,2270
1707311100,94.6775,94.6775,94.6775,94.6775,300
1707311460,94.6775,94.6775,94.6775,94.6775,1
1707313320,94.6775,94.6775,94.6775,94.6775,7
1707314340,94.6775,94.6775,94.6775,94.6775,16
1707314580,94.6775,94.6775,94.6775,94.6775,2
1707316140,94.6775,94.6775,94.6775,94.6775,1
1707316620,94.6775,94.6775,94.6775,94.6775,2000
1707316680,94.6775,94.6775,94.6775,94.6775,1
1707316800,94.6775,94.6775,94.6775,94.6775,5645
1707317100,94.6775,94.6775,94.6775,94.6775,8
1707317220,94.6775,94.6775,94.6775,94.6775,2000
1707317340,94.68,94.68,94.68,94.68,510
1707317580,94.68,94.68,94.68,94.68,5
1707318240,94.6775,94.6775,94.6775,94.6775,36
1707318300,94.68,94.68,94.68,94.68,4
1707318420,94.6775,94.6775,94.6775,94.6775,1500
1707318540,94.6775,94.6775,94.6775,94.6775,518
1707318600,94.6775,94.6775,94.6775,94.6775,367
1707318660,94.6775,94.6775,94.6775,94.6775,3
1707318840,94.6775,94.6775,94.6775,94.6775,100
1707319380,94.6775,94.6775,94.6775,94.6775,18
1707319620,94.6775,94.6775,94.6775,94.6775,500
1707319680,94.6775,94.6775,94.6775,94.6775,67
1707319740,94.6775,94.6775,94.6775,94.6775,3
1707319800,94.6775,94.6775,94.6775,94.6775,6
1707319860,94.6775,94.6775,94.6775,94.6775,1
1707319920,94.6775,94.68,94.6775,94.6775,21
1707319980,94.6775,94.68,94.6775,94.6775,12
1707320040,94.6775,94.6775,94.6775,94.6775,2
1707320100,94.6775,94.6775,94.6775,94.6775,2
1707320160,94.6775,94.6775,94.6775,94.6775,72
1707320220,94.6775,94.6775,94.6775,94.6775,1
1707320280,94.6775,94.6775,94.6775,94.6775,1
1707320340,94.6775,94.6775,94.6775,94.6775,1
1707320580,94.6775,94.6775,94.6775,94.6775,1
1707320760,94.6775,94.6775,94.6775,94.6775,1
1707320820,94.6775,94.6775,94.6775,94.6775,1
1707320940,94.6775,94.6775,94.6775,94.6775,1
1707322860,94.68,94.68,94.68,94.68,7
1707323340,94.68,94.68,94.68,94.68,17
1707324840,94.6775,94.6775,94.6775,94.6775,1
1707325140,94.68,94.68,94.68,94.68,7
1707327060,94.6775,94.6775,94.6775,94.6775,1
1707327960,94.6775,94.6775,94.6775,94.6775,10
1707328140,94.6775,94.6775,94.6775,94.6775,4717
1707328200,94.675,94.675,94.675,94.675,1
1707328920,94.675,94.6775,94.675,94.6775,883
1707328980,94.6775,94.6775,94.6775,94.6775,22
1707329100,94.6775,94.6775,94.6775,94.6775,2
1707329160,94.6775,94.6775,94.6775,94.6775,50
1707329220,94.6775,94.6775,94.6775,94.6775,3
1707329400,94.6775,94.6775,94.6775,94.6775,1
1707329580,94.6775,94.6775,94.6775,94.6775,1
1707329640,94.6775,94.6775,94.6775,94.6775,1
1707329820,94.6775,94.6775,94.6775,94.6775,1
1707330780,94.6775,94.6775,94.6775,94.6775,3
1707330840,94.6775,94.6775,94.6775,94.6775,2
1707331800,94.6775,94.6775,94.6775,94.6775,170
1707332340,94.6775,94.6775,94.6775,94.6775,1
1707333120,94.675,94.675,94.675,94.675,55
1707334140,94.6775,94.6775,94.6775,94.6775,4
1707335460,94.675,94.675,94.675,94.675,1000
1707335640,94.675,94.675,94.675,94.675,500
1707335940,94.6775,94.6775,94.675,94.675,13
1707337980,94.6775,94.6775,94.6775,94.6775,1
1707338160,94.6775,94.6775,94.6775,94.6775,1
1707338220,94.6775,94.6775,94.6775,94.6775,1
1707338640,94.6775,94.6775,94.6775,94.6775,1
1707338700,94.6775,94.6775,94.6775,94.6775,3
1707338880,94.6775,94.6775,94.6775,94.6775,1
1707339060,94.6775,94.6775,94.6775,94.6775,3
1707339240,94.6775,94.6775,94.6775,94.6775,21
1707339600,94.6775,94.6775,94.6775,94.6775,5
1707360240,94.6775,94.6775,94.6775,94.6775,1
1707379980,94.6775,94.6775,94.6775,94.6775,100
1707380040,94.6775,94.6775,94.6775,94.6775,75
1707380160,94.675,94.675,94.675,94.675,11
1707380220,94.675,94.675,94.675,94.675,6
1707387480,94.675,94.675,94.675,94.675,9
1707391440,94.6775,94.6775,94.6775,94.6775,5
1707392460,94.6775,94.6775,94.6775,94.6775,100
1707394260,94.6775,94.6775,94.6775,94.6775,1
1707394920,94.6775,94.6775,94.6775,94.6775,1
1707395820,94.675,94.675,94.675,94.675,4
1707398460,94.675,94.675,94.675,94.675,28
1707398520,94.675,94.675,94.675,94.675,13
1707400680,94.6775,94.6775,94.6775,94.6775,208
1707401220,94.675,94.6775,94.675,94.6775,181
1707401580,94.6775,94.6775,94.6775,94.6775,1
1707401820,94.6775,94.6775,94.6775,94.6775,40
1707402300,94.6775,94.6775,94.6775,94.6775,1
1707403380,94.6775,94.6775,94.6775,94.6775,1
1707403680,94.6775,94.6775,94.6775,94.6775,10
1707404160,94.675,94.675,94.675,94.675,79
1707404640,94.675,94.675,94.675,94.675,1000
1707404700,94.675,94.675,94.675,94.675,1000
1707405300,94.6775,94.6775,94.6775,94.6775,30
1707405720,94.675,94.675,94.675,94.675,1
1707405840,94.675,94.675,94.675,94.675,597
1707406920,94.6775,94.6775,94.6775,94.6775,4
1707407160,94.675,94.675,94.675,94.675,1
1707411840,94.675,94.675,94.675,94.675,1000
1707412980,94.6775,94.6775,94.6775,94.6775,300
1707414420,94.675,94.675,94.675,94.675,1
1707415620,94.675,94.675,94.675,94.675,110
1707419160,94.675,94.675,94.675,94.675,3
1707419400,94.675,94.675,94.675,94.675,5
1707421140,94.675,94.675,94.675,94.675,22
1707421680,94.675,94.675,94.675,94.675,3986
1707422520,94.675,94.675,94.675,94.675,50
1707422880,94.675,94.675,94.675,94.675,800
1707425340,94.675,94.675,94.675,94.675,1
1707425760,94.6775,94.6775,94.6775,94.6775,34
1707434460,94.675,94.675,94.675,94.675,500
1707436020,94.675,94.675,94.675,94.675,500
1707438960,94.675,94.675,94.675,94.675,1169
1707440340,94.675,94.675,94.675,94.675,994
1707444300,94.675,94.675,94.675,94.675,1
1707446880,94.675,94.675,94.675,94.675,1000
1707446940,94.675,94.675,94.675,94.675,500
1707452340,94.675,94.675,94.675,94.675,500
1707453600,94.675,94.675,94.675,94.675,3544
1707460680,94.675,94.675,94.675,94.675,1529
1707466020,94.675,94.675,94.675,94.675,500
1707470220,94.675,94.675,94.675,94.675,200
1707470340,94.675,94.675,94.675,94.675,200
1707470700,94.675,94.675,94.675,94.675,375
1707470760,94.675,94.675,94.675,94.675,250
1707474600,94.6725,94.6725,94.6725,94.6725,1
1707475140,94.675,94.675,94.675,94.675,300
1707475200,94.6725,94.6725,94.6725,94.6725,1
1707479820,94.675,94.675,94.675,94.675,8
1707480900,94.675,94.675,94.675,94.675,16
1707484560,94.675,94.675,94.675,94.675,600
1707485280,94.675,94.675,94.675,94.675,3
1707485460,94.675,94.675,94.675,94.675,600
1707485520,94.675,94.675,94.675,94.675,3
1707485580,94.675,94.675,94.675,94.675,28
1707486420,94.675,94.675,94.675,94.675,1
1707486780,94.6725,94.6725,94.6725,94.6725,2
1707487440,94.675,94.675,94.675,94.675,27
1707492840,94.675,94.675,94.675,94.675,6
1707492900,94.675,94.675,94.675,94.675,9
1707495240,94.6725,94.6725,94.6725,94.6725,1
1707497640,94.6725,94.6725,94.6725,94.6725,3726
1707499560,94.6725,94.6725,94.6725,94.6725,750
1707499800,94.6725,94.6725,94.6725,94.6725,100
1707500820,94.6725,94.6725,94.6725,94.6725,55
1707507240,94.6725,94.675,94.6725,94.675,100
1707507300,94.675,94.675,94.675,94.675,50
1707507540,94.675,94.675,94.675,94.675,2
1707508440,94.675,94.675,94.675,94.675,27
1707508500,94.675,94.675,94.675,94.675,34
1707508560,94.675,94.675,94.675,94.675,34
1707508620,94.675,94.675,94.675,94.675,32
1707508680,94.675,94.675,94.675,94.675,34
1707508740,94.675,94.675,94.675,94.675,40
1707511140,94.675,94.675,94.675,94.675,10
1707511680,94.675,94.675,94.675,94.675,48
1707511860,94.675,94.675,94.675,94.675,2
1707513540,94.675,94.675,94.675,94.675,1
1707514020,94.675,94.675,94.675,94.675,2
1707515700,94.675,94.675,94.675,94.675,2
1707515940,94.675,94.675,94.675,94.675,21
1707692460,94.675,94.675,94.675,94.675,4
1707740700,94.675,94.675,94.675,94.675,1
1707741300,94.675,94.675,94.675,94.675,1
1707742740,94.675,94.675,94.675,94.675,4
1707743460,94.675,94.675,94.675,94.675,233
1707743880,94.6725,94.6725,94.6725,94.6725,800
1707744060,94.675,94.675,94.675,94.675,1
1707744780,94.675,94.675,94.675,94.675,6
1707745560,94.675,94.675,94.675,94.675,5
1707746100,94.675,94.675,94.675,94.675,5
1707746460,94.6725,94.675,94.6725,94.675,1208
1707746760,94.675,94.675,94.6725,94.6725,13
1707747120,94.675,94.675,94.675,94.675,8
1707747420,94.675,94.675,94.675,94.675,15
1707747600,94.675,94.675,94.675,94.675,22
1707748680,94.675,94.675,94.675,94.675,13
1707750540,94.6725,94.6725,94.6725,94.6725,300
1707750780,94.675,94.675,94.675,94.675,1
1707751920,94.675,94.675,94.675,94.675,1
1707752040,94.6725,94.6725,94.6725,94.6725,1000
1707753720,94.675,94.675,94.675,94.675,2
1707755040,94.6725,94.6725,94.6725,94.6725,2500
1707755760,94.675,94.675,94.675,94.675,2
1707755880,94.675,94.675,94.675,94.675,5
1707757320,94.675,94.675,94.675,94.675,2
1707760740,94.6725,94.6725,94.6725,94.6725,77
1707763680,94.6725,94.6725,94.6725,94.6725,1
1707767760,94.6725,94.6725,94.6725,94.6725,4
1707767820,94.6725,94.6725,94.6725,94.6725,4
1707767880,94.6725,94.6725,94.6725,94.6725,3
1707767940,94.6725,94.6725,94.6725,94.6725,32
1707769680,94.6725,94.6725,94.6725,94.6725,1100
1707770940,94.675,94.675,94.675,94.675,1
1707771960,94.6725,94.6725,94.6725,94.6725,144
1707774960,94.675,94.675,94.675,94.675,71
1707779880,94.6725,94.6725,94.6725,94.6725,275
1707780720,94.6725,94.6725,94.6725,94.6725,1
1707780780,94.675,94.675,94.675,94.675,1
1707807720,94.675,94.675,94.675,94.675,114
1707816000,94.675,94.675,94.675,94.675,1250
1707822600,94.675,94.675,94.675,94.675,1000
1707825600,94.6725,94.6725,94.6725,94.6725,19
1707826920,94.6725,94.6725,94.6725,94.6725,15
1707827520,94.6725,94.675,94.6725,94.675,1100
1707828840,94.6725,94.6725,94.6725,94.6725,70
1707829200,94.675,94.675,94.675,94.675,23
1707830040,94.6725,94.6725,94.6725,94.6725,110
1707830160,94.675,94.675,94.675,94.675,15
1707830340,94.675,94.675,94.675,94.675,50
1707830460,94.6725,94.6725,94.6725,94.6725,200
1707830520,94.6725,94.6725,94.6725,94.6725,200
1707830580,94.6725,94.6725,94.6725,94.6725,200
1707830640,94.6725,94.6725,94.6725,94.6725,1
1707830700,94.6725,94.6725,94.6725,94.6725,1
1707830820,94.675,94.675,94.675,94.675,52
1707831000,94.6725,94.675,94.6725,94.6725,2871
1707831240,94.6725,94.6725,94.6725,94.6725,1
1707831360,94.6725,94.6725,94.6725,94.6725,1091
1707831420,94.6725,94.6725,94.6725,94.6725,2100
1707831480,94.6725,94.6725,94.6725,94.6725,90
1707831540,94.6725,94.6725,94.6725,94.6725,1
1707831900,94.6725,94.6725,94.6725,94.6725,17109
1707832560,94.6725,94.6725,94.6725,94.6725,3824
1707832680,94.6725,94.6725,94.6725,94.6725,130
1707833280,94.67,94.67,94.67,94.67,1
1707833400,94.6725,94.6725,94.6725,94.6725,44
1707833460,94.6725,94.6725,94.6725,94.6725,2
1707833520,94.6725,94.6725,94.6725,94.6725,3
1707833820,94.6725,94.6725,94.6725,94.6725,2
1707833880,94.6725,94.6725,94.6725,94.6725,66
1707833940,94.6725,94.6725,94.6725,94.6725,5
1707834000,94.67,94.67,94.67,94.67,10
1707834360,94.6725,94.6725,94.6725,94.6725,710
1707834420,94.6725,94.6725,94.6725,94.6725,948
1707834540,94.6725,94.6725,94.6725,94.6725,200
1707834600,94.6725,94.6725,94.6725,94.6725,100
1707835080,94.6725,94.6725,94.6725,94.6725,87
1707835200,94.67,94.67,94.67,94.67,1
1707835260,94.6725,94.6725,94.6725,94.6725,1350
1707835740,94.6725,94.6725,94.6725,94.6725,1
1707837360,94.6725,94.6725,94.6725,94.6725,200
1707837600,94.6725,94.6725,94.6725,94.6725,250
1707837720,94.67,94.67,94.67,94.67,5
1707837780,94.67,94.6725,94.67,94.6725,8003
1707837840,94.6725,94.6725,94.6725,94.6725,16
1707837960,94.67,94.6725,94.67,94.6725,2210
1707838020,94.67,94.67,94.67,94.67,18
1707838320,94.6725,94.6725,94.6725,94.6725,8
1707838440,94.6725,94.6725,94.6725,94.6725,3
1707838620,94.6725,94.6725,94.6725,94.6725,1
1707839520,94.6725,94.6725,94.6725,94.6725,600
1707839880,94.6725,94.6725,94.6725,94.6725,500
1707839940,94.6725,94.6725,94.6725,94.6725,86
1707841140,94.6725,94.6725,94.6725,94.6725,138
1707841320,94.6725,94.6725,94.6725,94.6725,5
1707841440,94.6725,94.6725,94.6725,94.6725,749
1707841680,94.6725,94.6725,94.6725,94.6725,450
1707841740,94.6725,94.6725,94.6725,94.6725,65
1707841800,94.6725,94.6725,94.6725,94.6725,110
1707842340,94.6725,94.6725,94.6725,94.6725,20
1707843180,94.6725,94.6725,94.6725,94.6725,16
1707843840,94.6725,94.6725,94.6725,94.6725,666
1707845460,94.6725,94.6725,94.67,94.67,1256
1707845520,94.6725,94.6725,94.6725,94.6725,10
1707845940,94.6725,94.6725,94.6725,94.6725,70
1707847140,94.6725,94.6725,94.6725,94.6725,7
1707849780,94.6725,94.6725,94.6725,94.6725,1
1707849960,94.6725,94.6725,94.6725,94.6725,1
1707850920,94.6725,94.6725,94.6725,94.6725,75
1707851520,94.6725,94.6725,94.6725,94.6725,1
1707851580,94.6725,94.6725,94.6725,94.6725,4
1707851640,94.6725,94.6725,94.6725,94.6725,1
1707851700,94.6725,94.6725,94.6725,94.6725,2
1707852000,94.6725,94.6725,94.6725,94.6725,1
1707852060,94.6725,94.6725,94.6725,94.6725,139
1707852120,94.6725,94.6725,94.6725,94.6725,19
1707852180,94.6725,94.6725,94.6725,94.6725,1
1707852240,94.6725,94.6725,94.6725,94.6725,1
1707852300,94.6725,94.6725,94.6725,94.6725,11
1707852360,94.6725,94.6725,94.6725,94.6725,1
1707852420,94.6725,94.6725,94.6725,94.6725,10
1707852480,94.6725,94.6725,94.6725,94.6725,10
1707852540,94.6725,94.6725,94.6725,94.6725,1
1707852600,94.6725,94.6725,94.6725,94.6725,12
1707852660,94.6725,94.6725,94.6725,94.6725,21
1707852840,94.6725,94.6725,94.6725,94.6725,8
1707853020,94.6725,94.6725,94.6725,94.6725,3
1707853080,94.6725,94.6725,94.6725,94.6725,4
1707853620,94.6725,94.6725,94.6725,94.6725,242
1707853860,94.67,94.67,94.67,94.67,27
1707853920,94.6725,94.6725,94.67,94.67,58
1707853980,94.67,94.67,94.67,94.67,46
1707854040,94.67,94.67,94.67,94.67,20
1707854100,94.67,94.67,94.67,94.67,5
1707854160,94.67,94.6725,94.67,94.67,11
1707854220,94.67,94.67,94.67,94.67,5
1707854280,94.67,94.67,94.67,94.67,7
1707854340,94.67,94.67,94.67,94.67,11
1707854460,94.6725,94.6725,94.6725,94.6725,1
1707855000,94.67,94.67,94.67,94.67,1
1707855060,94.67,94.67,94.67,94.67,50
1707855720,94.6725,94.6725,94.6725,94.6725,2
1707856020,94.6725,94.6725,94.6725,94.6725,3
1707858420,94.6725,94.6725,94.6725,94.6725,1
1707858720,94.6725,94.6725,94.6725,94.6725,9
1707859080,94.6725,94.6725,94.6725,94.6725,7
1707859200,94.6725,94.6725,94.6725,94.6725,11
1707859260,94.6725,94.6725,94.6725,94.6725,4
1707859320,94.6725,94.6725,94.6725,94.6725,2
1707859680,94.6725,94.6725,94.6725,94.6725,19
1707860820,94.67,94.67,94.67,94.67,13
1707861060,94.6725,94.6725,94.6725,94.6725,3
1707861540,94.6725,94.6725,94.6725,94.6725,11
1707865200,94.6725,94.6725,94.6725,94.6725,8
1707865260,94.6725,94.6725,94.6725,94.6725,4
1707865320,94.6725,94.6725,94.6725,94.6725,2
1707866700,94.6725,94.6725,94.6725,94.6725,56
1707871020,94.6725,94.6725,94.6725,94.6725,5
1707872760,94.6725,94.6725,94.6725,94.6725,4
1707874620,94.6725,94.6725,94.6725,94.6725,2
1707874980,94.6725,94.6725,94.6725,94.6725,500
1707876120,94.6725,94.6725,94.6725,94.6725,1
1707877140,94.6725,94.6725,94.6725,94.6725,1
1707885600,94.6725,94.6725,94.6725,94.6725,25
1707889080,94.6725,94.6725,94.6725,94.6725,32
1707892560,94.6725,94.6725,94.6725,94.6725,11
1707892800,94.6725,94.6725,94.6725,94.6725,1
1707892860,94.6725,94.6725,94.6725,94.6725,2
1707892920,94.6725,94.6725,94.6725,94.6725,32
1707893160,94.6725,94.6725,94.6725,94.6725,3
1707893940,94.6725,94.6725,94.6725,94.6725,3
1707894000,94.6725,94.6725,94.6725,94.6725,114
1707896760,94.6725,94.6725,94.6725,94.6725,2
1707897120,94.67,94.67,94.67,94.67,2000
1707901080,94.6725,94.6725,94.6725,94.6725,573
1707905340,94.6725,94.6725,94.6725,94.6725,103
1707905700,94.67,94.67,94.67,94.67,1
1707905760,94.67,94.67,94.67,94.67,1
1707905820,94.67,94.67,94.67,94.67,1
1707911820,94.6725,94.6725,94.6725,94.6725,3
1707912540,94.6725,94.6725,94.6725,94.6725,7
1707912600,94.6725,94.6725,94.6725,94.6725,2
1707912660,94.6725,94.6725,94.6725,94.6725,2
1707914340,94.6725,94.6725,94.6725,94.6725,1
1707916440,94.6725,94.6725,94.6725,94.6725,20
1707917100,94.6725,94.6725,94.6725,94.6725,20
1707917460,94.6725,94.6725,94.6725,94.6725,1000
1707918360,94.6725,94.6725,94.6725,94.6725,16
1707919140,94.6725,94.6725,94.6725,94.6725,1
1707919980,94.6725,94.6725,94.6725,94.6725,8
1707920220,94.67,94.67,94.67,94.67,26
1707920400,94.6725,94.6725,94.6725,94.6725,1
1707920580,94.6725,94.6725,94.6725,94.6725,3
1707920640,94.6725,94.6725,94.6725,94.6725,1
1707927060,94.6725,94.6725,94.6725,94.6725,1
1707928800,94.6725,94.6725,94.6725,94.6725,2
1707928920,94.6725,94.6725,94.6725,94.6725,1
1707929160,94.67,94.67,94.67,94.67,1
1707932400,94.6725,94.6725,94.6725,94.6725,8
1707932700,94.6725,94.6725,94.6725,94.6725,1
1707933240,94.6725,94.6725,94.6725,94.6725,600
1707933420,94.6725,94.6725,94.6725,94.6725,1
1707933540,94.6725,94.6725,94.67,94.6725,1081
1707933600,94.6725,94.6725,94.6725,94.6725,76
1707933660,94.6725,94.6725,94.6725,94.6725,500
1707933720,94.6725,94.6725,94.6725,94.6725,5036
1707933780,94.6725,94.6725,94.6725,94.6725,10
1707933840,94.6725,94.6725,94.6725,94.6725,1
1707934080,94.6725,94.6725,94.6725,94.6725,1000
1707934140,94.6725,94.6725,94.6725,94.6725,4
1707934620,94.6725,94.6725,94.6725,94.6725,1
1707936840,94.6725,94.6725,94.6725,94.6725,1
1707937140,94.67,94.67,94.67,94.67,750
1707937800,94.6725,94.6725,94.6725,94.6725,1000
1707937920,94.6725,94.6725,94.6725,94.6725,1
1707939900,94.6725,94.6725,94.6725,94.6725,1
1707940260,94.6725,94.6725,94.6725,94.6725,3
1707940560,94.6725,94.6725,94.6725,94.6725,2
1707940740,94.67,94.67,94.67,94.67,1
1707940920,94.6725,94.6725,94.6725,94.6725,506
1707941160,94.6725,94.6725,94.6725,94.6725,5
1707943740,94.67,94.67,94.67,94.67,1
1707943860,94.6725,94.6725,94.6725,94.6725,1
1707945240,94.6725,94.6725,94.6725,94.6725,28
1707947460,94.6725,94.6725,94.6725,94.6725,2
1707947520,94.6725,94.6725,94.6725,94.6725,1
1707947700,94.6725,94.6725,94.67,94.67,28
1707947940,94.67,94.67,94.67,94.67,31
1707954780,94.6725,94.6725,94.6725,94.6725,1
1707982620,94.6725,94.6725,94.6725,94.6725,1
1707983340,94.6725,94.6725,94.6725,94.6725,2
1707983400,94.6725,94.6725,94.6725,94.6725,2
1707983460,94.6725,94.6725,94.6725,94.6725,3
1707984360,94.6725,94.6725,94.6725,94.6725,1
1707985200,94.6725,94.6725,94.6725,94.6725,5
1707986340,94.6725,94.6725,94.6725,94.6725,3854
1707986400,94.6725,94.6725,94.6725,94.6725,17
1707990600,94.6725,94.6725,94.6725,94.6725,4
1707990720,94.6725,94.6725,94.6725,94.6725,20
1707991020,94.67,94.67,94.67,94.67,1
1707991080,94.67,94.67,94.67,94.67,1
1707991140,94.67,94.67,94.67,94.67,1
1707991200,94.67,94.67,94.67,94.67,1
1707991260,94.67,94.67,94.67,94.67,1
1707997200,94.6725,94.6725,94.6725,94.6725,4
1707997260,94.67,94.67,94.67,94.67,1
1707998460,94.6725,94.6725,94.6725,94.6725,1200
1708000800,94.6725,94.6725,94.6725,94.6725,479
1708003020,94.6725,94.6725,94.6725,94.6725,3
1708003440,94.67,94.67,94.67,94.67,53
1708003620,94.6725,94.6725,94.6725,94.6725,300
1708003680,94.67,94.67,94.67,94.67,8
1708003740,94.67,94.67,94.67,94.67,48
1708003800,94.6725,94.6725,94.6725,94.6725,8
1708004700,94.6725,94.6725,94.6725,94.6725,994
1708004760,94.6725,94.6725,94.6725,94.6725,275
1708004820,94.67,94.67,94.67,94.67,54
1708005480,94.6725,94.6725,94.6725,94.6725,1243
1708005540,94.6725,94.6725,94.6725,94.6725,8
1708005600,94.6725,94.6725,94.6725,94.6725,3
1708005840,94.6725,94.6725,94.6725,94.6725,1
1708006200,94.6725,94.6725,94.6725,94.6725,1
1708006860,94.6725,94.6725,94.6725,94.6725,1
1708007880,94.6725,94.6725,94.6725,94.6725,1
1708008000,94.6725,94.6725,94.6725,94.6725,2
1708008060,94.6725,94.6725,94.6725,94.6725,1
1708008540,94.6725,94.6725,94.6725,94.6725,2046
1708008660,94.6725,94.6725,94.6725,94.6725,2
1708009740,94.67,94.67,94.67,94.67,1
1708009800,94.67,94.67,94.67,94.67,1
1708009860,94.67,94.67,94.67,94.67,2
1708009920,94.67,94.67,94.67,94.67,1
1708010040,94.67,94.67,94.67,94.67,1
1708010160,94.67,94.67,94.67,94.67,1
1708010340,94.67,94.67,94.67,94.67,1
1708010460,94.67,94.67,94.67,94.67,1
1708010580,94.67,94.6725,94.67,94.6725,14
1708010640,94.67,94.6725,94.67,94.6725,5
1708010760,94.67,94.67,94.67,94.67,1
1708010880,94.67,94.67,94.67,94.67,1
1708011000,94.67,94.67,94.67,94.67,1
1708011180,94.67,94.67,94.67,94.67,1
1708011420,94.6725,94.6725,94.6725,94.6725,529
1708011480,94.67,94.6725,94.67,94.6725,10
1708011540,94.67,94.67,94.67,94.67,55
1708011660,94.6725,94.6725,94.6725,94.6725,21
1708012500,94.6725,94.6725,94.6725,94.6725,1
1708012680,94.6725,94.6725,94.6725,94.6725,12
1708013040,94.6725,94.6725,94.6725,94.6725,1200
1708014180,94.6725,94.6725,94.6725,94.6725,50
1708014240,94.6725,94.6725,94.6725,94.6725,88
1708014360,94.67,94.67,94.67,94.67,1
1708014420,94.67,94.67,94.67,94.67,3
1708014480,94.67,94.67,94.67,94.67,1
1708014540,94.67,94.67,94.67,94.67,2
1708014600,94.67,94.67,94.67,94.67,11
1708014660,94.67,94.67,94.67,94.67,5
1708014720,94.67,94.67,94.67,94.67,1
1708014780,94.6725,94.6725,94.67,94.67,82
1708014840,94.67,94.67,94.67,94.67,3
1708014900,94.67,94.67,94.67,94.67,3
1708014960,94.67,94.67,94.67,94.67,2
1708015020,94.67,94.67,94.67,94.67,3
1708015080,94.67,94.67,94.67,94.67,5
1708015140,94.67,94.67,94.67,94.67,5
1708015200,94.67,94.67,94.67,94.67,3
1708015260,94.67,94.6725,94.67,94.67,5
1708015320,94.67,94.67,94.67,94.67,2
1708015380,94.67,94.67,94.67,94.67,2
1708015440,94.67,94.67,94.67,94.67,1
1708015560,94.6725,94.6725,94.6725,94.6725,30
1708015620,94.67,94.67,94.67,94.67,1
1708015680,94.67,94.67,94.67,94.67,1
1708015740,94.67,94.67,94.67,94.67,1
1708015860,94.67,94.67,94.67,94.67,1
1708015920,94.67,94.67,94.67,94.67,1
1708015980,94.67,94.67,94.67,94.67,2
1708016040,94.67,94.67,94.67,94.67,1
1708016280,94.67,94.67,94.67,94.67,1
1708016460,94.67,94.67,94.67,94.67,1
1708016760,94.67,94.67,94.67,94.67,1
1708017540,94.67,94.67,94.67,94.67,1
1708017840,94.67,94.67,94.67,94.67,1
1708018860,94.6725,94.6725,94.6725,94.6725,8
1708018920,94.67,94.67,94.67,94.67,1
1708019220,94.67,94.67,94.67,94.67,1
1708019940,94.67,94.67,94.67,94.67,473
1708020060,94.67,94.67,94.67,94.67,1
1708020120,94.67,94.67,94.67,94.67,57
1708020420,94.6725,94.6725,94.6725,94.6725,50
1708021620,94.6725,94.6725,94.6725,94.6725,1
1708021740,94.6725,94.6725,94.6725,94.6725,49
1708022100,94.67,94.67,94.67,94.67,3
1708022340,94.67,94.67,94.67,94.67,1
1708022640,94.67,94.6725,94.67,94.6725,62
1708022700,94.67,94.67,94.67,94.67,1
1708022820,94.67,94.67,94.67,94.67,1
1708022940,94.6725,94.6725,94.67,94.67,9
1708023000,94.67,94.67,94.67,94.67,4
1708023060,94.67,94.67,94.67,94.67,2
1708023120,94.6725,94.6725,94.67,94.67,152
1708023180,94.67,94.67,94.67,94.67,1
1708023300,94.67,94.67,94.67,94.67,1
1708023360,94.67,94.67,94.67,94.67,1
1708023420,94.67,94.67,94.67,94.67,3
1708023480,94.67,94.67,94.67,94.67,9
1708023540,94.67,94.67,94.67,94.67,4
1708023600,94.67,94.67,94.67,94.67,1
1708023660,94.67,94.6725,94.67,94.6725,3
1708023720,94.67,94.6725,94.67,94.6725,6
1708023780,94.67,94.67,94.67,94.67,1
1708023840,94.67,94.67,94.67,94.67,1
1708024080,94.67,94.67,94.67,94.67,1
1708024260,94.67,94.67,94.67,94.67,1
1708024860,94.6725,94.6725,94.6725,94.6725,100
1708024920,94.67,94.67,94.67,94.67,1
1708025220,94.67,94.67,94.67,94.67,1
1708025280,94.67,94.67,94.67,94.67,1
1708025340,94.67,94.67,94.67,94.67,1
1708025400,94.6725,94.6725,94.6725,94.6725,10
1708025460,94.67,94.67,94.67,94.67,1
1708025520,94.67,94.67,94.67,94.67,1
1708025700,94.67,94.67,94.67,94.67,1
1708025760,94.6725,94.6725,94.6725,94.6725,1
1708025820,94.6725,94.6725,94.67,94.67,8
1708026060,94.6725,94.6725,94.6725,94.6725,1
1708026120,94.6725,94.6725,94.6725,94.6725,1
1708026240,94.6725,94.6725,94.6725,94.6725,1
1708026300,94.67,94.67,94.67,94.67,1
1708026960,94.6725,94.6725,94.6725,94.6725,251
1708027020,94.67,94.67,94.67,94.67,1
1708027200,94.67,94.67,94.67,94.67,8
1708028820,94.6725,94.6725,94.6725,94.6725,1
1708029300,94.6725,94.6725,94.6725,94.6725,9
1708029420,94.6725,94.6725,94.6725,94.6725,88
1708029900,94.67,94.67,94.67,94.67,1
1708030260,94.6725,94.6725,94.6725,94.6725,9
1708030320,94.6725,94.6725,94.6725,94.6725,1
1708031400,94.67,94.67,94.67,94.67,3
1708031460,94.67,94.67,94.67,94.67,1
1708031880,94.6725,94.6725,94.6725,94.6725,2502
1708032180,94.6725,94.6725,94.6725,94.6725,4
1708039620,94.6725,94.6725,94.6725,94.6725,3
1708039800,94.6725,94.6725,94.6725,94.6725,1
1708039920,94.67,94.67,94.67,94.67,1
1708039980,94.6725,94.6725,94.6725,94.6725,3
1708043460,94.6725,94.6725,94.6725,94.6725,2
1708054980,94.67,94.67,94.67,94.67,1
1708067280,94.6725,94.6725,94.6725,94.6725,13
1708067940,94.67,94.67,94.67,94.67,1500
1708069080,94.67,94.67,94.67,94.67,903
1708071660,94.67,94.67,94.67,94.67,1000
1708072200,94.67,94.67,94.67,94.67,8
1708074300,94.6725,94.6725,94.6725,94.6725,42
1708074660,94.67,94.67,94.67,94.67,2
1708074720,94.67,94.67,94.67,94.67,3
1708075020,94.67,94.67,94.67,94.67,1
1708090980,94.6725,94.6725,94.6725,94.6725,8
1708091640,94.67,94.67,94.67,94.67,1
1708091880,94.67,94.67,94.67,94.67,48
1708092240,94.6725,94.6725,94.6725,94.6725,1
1708094820,94.6725,94.6725,94.6725,94.6725,5
1708095300,94.67,94.67,94.67,94.67,2000
1708095840,94.67,94.67,94.67,94.67,1000
1708099020,94.6725,94.6725,94.6725,94.6725,10
1708101660,94.67,94.67,94.67,94.67,19
1708101900,94.67,94.67,94.67,94.67,1
1708102080,94.67,94.67,94.67,94.67,1
1708102740,94.67,94.67,94.67,94.67,1497
1708102800,94.67,94.67,94.67,94.67,1
1708103640,94.67,94.67,94.67,94.67,600
1708104000,94.67,94.67,94.67,94.67,1500
1708105260,94.6725,94.6725,94.6725,94.6725,2
1708106280,94.67,94.67,94.67,94.67,1
1708106340,94.67,94.67,94.67,94.67,381
1708106460,94.67,94.67,94.67,94.67,14
1708106520,94.67,94.67,94.67,94.67,21
1708108500,94.6725,94.6725,94.6725,94.6725,100
1708108740,94.67,94.67,94.67,94.67,1
1708108800,94.67,94.67,94.67,94.67,2
1708108860,94.67,94.67,94.67,94.67,4
1708108920,94.67,94.67,94.67,94.67,1
1708109100,94.67,94.67,94.67,94.67,1
1708109340,94.67,94.67,94.67,94.67,1
1708110060,94.67,94.67,94.67,94.67,1
1708111800,94.6725,94.6725,94.6725,94.6725,3
1708112040,94.67,94.67,94.67,94.67,1
1708114020,94.6725,94.6725,94.6725,94.6725,30
1708114080,94.67,94.67,94.67,94.67,1
1708114380,94.67,94.67,94.67,94.67,1
1708114440,94.67,94.67,94.67,94.67,1
1708114560,94.67,94.67,94.67,94.67,1
1708116000,94.67,94.67,94.67,94.67,1
1708116420,94.6725,94.6725,94.6725,94.6725,12
1708116720,94.67,94.67,94.67,94.67,1
1708116900,94.67,94.67,94.67,94.67,1
1708117980,94.6725,94.6725,94.6725,94.6725,100
1708118280,94.67,94.67,94.67,94.67,3
1708118700,94.67,94.67,94.67,94.67,10
1708120500,94.6725,94.6725,94.6725,94.6725,9
1708120740,94.6725,94.6725,94.6725,94.6725,1
1708337100,94.67,94.67,94.67,94.67,1100
1708337340,94.6725,94.6725,94.6725,94.6725,150
1708347420,94.6725,94.6725,94.6725,94.6725,83
1708389480,94.67,94.67,94.67,94.67,8
1708399620,94.67,94.67,94.67,94.67,1
1708405320,94.6725,94.6725,94.6725,94.6725,1
1708420260,94.67,94.67,94.67,94.67,150
1708423740,94.67,94.67,94.67,94.67,86
1708423920,94.67,94.67,94.67,94.67,5
1708423980,94.67,94.67,94.67,94.67,2
1708424040,94.67,94.67,94.67,94.67,2
1708424160,94.67,94.67,94.67,94.67,3
1708424220,94.67,94.67,94.67,94.67,5
1708424280,94.67,94.67,94.67,94.67,1
1708424340,94.67,94.67,94.67,94.67,4
1708434840,94.67,94.67,94.67,94.67,10
1708435980,94.67,94.67,94.67,94.67,150
1708436040,94.67,94.67,94.67,94.67,2
1708436100,94.67,94.67,94.67,94.67,26
1708436520,94.6725,94.6725,94.6725,94.6725,90
1708437360,94.67,94.67,94.67,94.67,2
1708449420,94.67,94.67,94.67,94.67,4
1708449900,94.67,94.67,94.67,94.67,5
1708450020,94.67,94.67,94.67,94.67,1
1708450260,94.67,94.67,94.67,94.67,1
1708450680,94.67,94.67,94.67,94.67,46
1708450860,94.67,94.67,94.67,94.67,1
1708451040,94.67,94.67,94.67,94.67,2
1708451100,94.67,94.67,94.67,94.67,4
1708451160,94.67,94.67,94.67,94.67,1
1708451520,94.67,94.67,94.67,94.67,1
1708451940,94.67,94.67,94.67,94.67,193
1708452000,94.67,94.67,94.67,94.67,1
1708452060,94.67,94.67,94.67,94.67,3
1708452120,94.67,94.67,94.67,94.67,1
1708452360,94.67,94.67,94.67,94.67,3
1708452420,94.67,94.67,94.67,94.67,1
1708452480,94.67,94.67,94.67,94.67,2
1708452540,94.67,94.67,94.67,94.67,5
1708452600,94.67,94.67,94.67,94.67,1
1708452660,94.67,94.67,94.67,94.67,2
1708452720,94.67,94.67,94.67,94.67,2
1708452780,94.67,94.67,94.67,94.67,1
1708452840,94.67,94.67,94.67,94.67,1
1708452900,94.67,94.67,94.67,94.67,1
1708453320,94.67,94.67,94.67,94.67,1
1708453380,94.67,94.67,94.67,94.67,1
1708453620,94.67,94.67,94.67,94.67,1
1708453800,94.67,94.67,94.67,94.67,1
1708454160,94.67,94.67,94.67,94.67,1
1708454460,94.67,94.67,94.67,94.67,1
1708455000,94.67,94.67,94.67,94.67,1
1708458600,94.6725,94.6725,94.6725,94.6725,1
1708458660,94.6725,94.6725,94.6725,94.6725,1
1708458720,94.6725,94.6725,94.6725,94.6725,2
1708458780,94.6725,94.6725,94.6725,94.6725,1
1708458840,94.6725,94.6725,94.6725,94.6725,1
1708458900,94.6725,94.6725,94.6725,94.6725,2
1708458960,94.6725,94.6725,94.67,94.67,3
1708459020,94.67,94.6725,94.67,94.67,4
1708459080,94.6725,94.6725,94.6725,94.6725,2
1708459140,94.6725,94.6725,94.67,94.6725,9
1708459200,94.67,94.67,94.67,94.67,1
1708459500,94.67,94.67,94.67,94.67,3
1708459560,94.6725,94.6725,94.6725,94.6725,1
1708459620,94.67,94.67,94.67,94.67,1
1708461660,94.67,94.67,94.67,94.67,1
1708461900,94.67,94.67,94.67,94.67,5
1708462140,94.67,94.67,94.67,94.67,1
1708465920,94.67,94.67,94.67,94.67,14
1708466160,94.6725,94.6725,94.6725,94.6725,100
1708466220,94.6725,94.6725,94.6725,94.6725,9
1708470240,94.67,94.67,94.67,94.67,1
1708477200,94.67,94.67,94.67,94.67,1
1708504740,94.67,94.67,94.67,94.67,10
1708509300,94.6725,94.6725,94.6725,94.6725,5
1708509360,94.6725,94.6725,94.6725,94.6725,107
1708516620,94.67,94.67,94.67,94.67,40
1708516860,94.67,94.67,94.67,94.67,20
1708516980,94.67,94.67,94.67,94.67,1
1708517040,94.67,94.67,94.67,94.67,2
1708517160,94.67,94.67,94.67,94.67,1
1708517340,94.67,94.67,94.67,94.67,1
1708517820,94.67,94.67,94.67,94.67,1
1708518480,94.67,94.67,94.67,94.67,5
1708518540,94.67,94.67,94.67,94.67,1
1708522200,94.6725,94.6725,94.6725,94.6725,27
1708522560,94.6725,94.6725,94.67,94.67,71
1708522620,94.67,94.67,94.67,94.67,2
1708522680,94.67,94.67,94.67,94.67,2
1708522740,94.67,94.67,94.67,94.67,1
1708522800,94.67,94.67,94.67,94.67,1
1708522860,94.67,94.67,94.67,94.67,1
1708522920,94.67,94.67,94.67,94.67,5
1708522980,94.67,94.67,94.67,94.67,5
1708523040,94.67,94.67,94.67,94.67,2
1708523100,94.67,94.67,94.67,94.67,2
1708523160,94.67,94.67,94.67,94.67,1
1708523400,94.67,94.67,94.67,94.67,1
1708523640,94.67,94.67,94.67,94.67,1
1708524660,94.6725,94.6725,94.6725,94.6725,1
1708525320,94.6725,94.6725,94.6725,94.6725,66
1708525380,94.67,94.67,94.67,94.67,1
1708525620,94.67,94.67,94.67,94.67,9
1708525680,94.67,94.67,94.67,94.67,1
1708525740,94.67,94.67,94.67,94.67,3
1708525800,94.67,94.67,94.67,94.67,5
1708527120,94.6725,94.6725,94.6725,94.6725,1
1708527480,94.6725,94.6725,94.6725,94.6725,1
1708528440,94.6725,94.6725,94.6725,94.6725,1
1708529040,94.6725,94.6725,94.6725,94.6725,12
1708529340,94.67,94.67,94.67,94.67,3
1708529760,94.67,94.67,94.67,94.67,1
1708529940,94.67,94.67,94.67,94.67,1
1708538340,94.67,94.67,94.67,94.67,379
1708538460,94.67,94.67,94.67,94.67,6
1708538640,94.67,94.67,94.67,94.67,11
1708539240,94.67,94.67,94.67,94.67,11
1708539300,94.67,94.67,94.67,94.67,11
1708539360,94.67,94.67,94.67,94.67,11
1708539480,94.67,94.67,94.67,94.67,11
1708539540,94.67,94.67,94.67,94.67,12
1708540500,94.67,94.67,94.67,94.67,8
1708541340,94.67,94.67,94.67,94.67,4
1708541400,94.67,94.67,94.67,94.67,3
1708541460,94.6725,94.6725,94.67,94.67,483
1708541820,94.67,94.67,94.67,94.67,1209
1708541880,94.6725,94.6725,94.6725,94.6725,100
1708542120,94.67,94.67,94.67,94.67,10
1708542240,94.67,94.67,94.67,94.67,147
1708542300,94.67,94.67,94.67,94.67,2
1708542360,94.67,94.67,94.67,94.67,4
1708542420,94.67,94.67,94.67,94.67,10
1708542540,94.67,94.67,94.67,94.67,1
1708542780,94.67,94.67,94.67,94.67,20
1708542900,94.67,94.67,94.67,94.67,3
1708543380,94.67,94.67,94.67,94.67,17
1708544220,94.67,94.67,94.67,94.67,2
1708544280,94.67,94.67,94.67,94.67,1
1708544940,94.67,94.67,94.67,94.67,10
1708545060,94.67,94.67,94.67,94.67,4
1708545120,94.67,94.67,94.67,94.67,1
1708545180,94.6725,94.6725,94.6725,94.6725,12
1708545360,94.67,94.67,94.67,94.67,2
1708550160,94.67,94.6725,94.67,94.6725,414
1708550220,94.67,94.67,94.67,94.67,33
1708552740,94.67,94.67,94.67,94.67,5
1708586220,94.67,94.67,94.67,94.67,1000
1708607040,94.67,94.67,94.67,94.67,8
1708608480,94.67,94.67,94.67,94.67,3
1708608540,94.67,94.67,94.67,94.67,24
1708608840,94.67,94.67,94.67,94.67,1
1708608960,94.67,94.67,94.67,94.67,1
1708609080,94.67,94.67,94.67,94.67,1
1708609200,94.67,94.67,94.67,94.67,1
1708610580,94.67,94.67,94.67,94.67,869
1708611000,94.67,94.67,94.67,94.67,1
1708618080,94.6725,94.6725,94.6725,94.6725,137
1708619460,94.6725,94.6725,94.6725,94.6725,7
1708622400,94.6725,94.6725,94.6725,94.6725,469
1708624680,94.6725,94.6725,94.6725,94.6725,5
1708631640,94.6725,94.6725,94.6725,94.6725,10
1708631880,94.67,94.67,94.67,94.67,3
1708631940,94.6725,94.6725,94.67,94.6725,112
1708633560,94.67,94.67,94.67,94.67,1000
1708634640,94.67,94.67,94.67,94.67,5
1708638480,94.67,94.67,94.67,94.67,1
1708639140,94.67,94.6725,94.67,94.6725,262
1708660620,94.6725,94.6725,94.6725,94.6725,10
1708675560,94.67,94.67,94.67,94.67,35
1708691880,94.67,94.67,94.67,94.67,52
1708692120,94.67,94.67,94.67,94.67,1
1708694040,94.67,94.67,94.67,94.67,887
1708695660,94.67,94.67,94.67,94.67,3
1708695720,94.67,94.67,94.67,94.67,16
1708696380,94.6725,94.6725,94.6725,94.6725,1
1708697940,94.67,94.67,94.67,94.67,75
1708700400,94.67,94.67,94.67,94.67,8
1708704300,94.67,94.67,94.67,94.67,1
1708704420,94.67,94.67,94.67,94.67,500
1708705980,94.6725,94.6725,94.6725,94.6725,14
1708706040,94.67,94.67,94.67,94.67,1
1708718280,94.67,94.67,94.67,94.67,12
1708718340,94.67,94.67,94.67,94.67,9
1708723020,94.67,94.67,94.67,94.67,18
1708906680,94.67,94.67,94.67,94.67,1
1708910100,94.67,94.67,94.67,94.67,1
1708914060,94.67,94.67,94.67,94.67,1
1708915260,94.67,94.67,94.67,94.67,1
1708915860,94.67,94.67,94.67,94.67,1
1708916460,94.67,94.67,94.67,94.67,1
1708917060,94.67,94.67,94.67,94.67,1
1708917600,94.67,94.67,94.67,94.67,2
1708917660,94.67,94.67,94.67,94.67,1
1708918200,94.67,94.67,94.67,94.67,1
1708918260,94.67,94.67,94.67,94.67,1
1708918380,94.67,94.67,94.67,94.67,2
1708918860,94.67,94.67,94.67,94.67,1
1708919160,94.67,94.67,94.67,94.67,2
1708919460,94.67,94.67,94.67,94.67,1
1708919880,94.67,94.67,94.67,94.67,2
1708920060,94.67,94.67,94.67,94.67,1
1708920660,94.67,94.67,94.67,94.67,3
1708921260,94.67,94.67,94.67,94.67,1
1708921440,94.67,94.67,94.67,94.67,2
1708921740,94.67,94.67,94.67,94.67,1
1708921860,94.67,94.67,94.67,94.67,1
1708922220,94.67,94.67,94.67,94.67,2
1708922460,94.67,94.67,94.67,94.67,1
1708923000,94.67,94.67,94.67,94.67,2
1708923060,94.67,94.67,94.67,94.67,1
1708923660,94.67,94.67,94.67,94.67,1
1708923780,94.67,94.67,94.67,94.67,2
1708924260,94.67,94.67,94.67,94.67,1
1708924500,94.67,94.67,94.67,94.67,1
1708924860,94.67,94.67,94.67,94.67,1
1708924920,94.67,94.67,94.67,94.67,2
1708925460,94.67,94.67,94.67,94.67,1
1708925700,94.67,94.67,94.67,94.67,3
1708926060,94.67,94.67,94.67,94.67,1
1708926480,94.67,94.67,94.67,94.67,2
1708926660,94.67,94.67,94.67,94.67,1
1708927260,94.67,94.67,94.67,94.67,3
1708927860,94.67,94.67,94.67,94.67,1
1708928040,94.67,94.67,94.67,94.67,2
1708928460,94.67,94.67,94.67,94.67,1
1708928820,94.67,94.67,94.67,94.67,2
1708929060,94.67,94.67,94.67,94.67,1
1708929540,94.67,94.67,94.67,94.67,2
1708929660,94.67,94.67,94.67,94.67,1
1708930260,94.67,94.67,94.67,94.67,2
1708930320,94.67,94.67,94.67,94.67,2
1708930860,94.67,94.67,94.67,94.67,1
1708931100,94.67,94.67,94.67,94.67,2
1708931460,94.67,94.67,94.67,94.67,1
1708931880,94.67,94.67,94.67,94.67,2
1708932060,94.67,94.67,94.67,94.67,1
1708932660,94.67,94.67,94.67,94.67,3
1708933260,94.67,94.67,94.67,94.67,1
1708933380,94.67,94.67,94.67,94.67,5
1708933440,94.67,94.67,94.67,94.67,2
1708933860,94.67,94.67,94.67,94.67,1
1708934160,94.67,94.67,94.67,94.67,2
1708934460,94.67,94.67,94.67,94.67,1
1708934760,94.67,94.67,94.67,94.67,1
1708934940,94.67,94.67,94.67,94.67,2
1708935060,94.67,94.67,94.67,94.67,1
1708935480,94.67,94.67,94.67,94.67,9
1708935660,94.67,94.67,94.67,94.67,1
1708935720,94.67,94.67,94.67,94.67,2
1708936260,94.67,94.67,94.67,94.67,1
1708936440,94.67,94.67,94.67,94.67,3
1708936500,94.67,94.67,94.67,94.67,3
1708936560,94.67,94.67,94.67,94.67,1
1708936620,94.67,94.67,94.67,94.67,2
1708936860,94.67,94.67,94.67,94.67,1
1708937280,94.67,94.67,94.67,94.67,2
1708937460,94.67,94.67,94.67,94.67,1
1708938000,94.67,94.67,94.67,94.67,2
1708938060,94.67,94.67,94.67,94.67,1
1708938660,94.67,94.67,94.67,94.67,1
1708938780,94.67,94.67,94.67,94.67,2
1708939260,94.67,94.67,94.67,94.67,1
1708939320,94.6725,94.6725,94.6725,94.6725,1
1708939560,94.67,94.67,94.67,94.67,2
1708939860,94.67,94.67,94.67,94.67,1
1708939920,94.6725,94.6725,94.6725,94.6725,1
1708940340,94.67,94.67,94.67,94.67,2
1708940460,94.67,94.67,94.67,94.67,1
1708941060,94.67,94.67,94.67,94.67,1
1708941120,94.67,94.67,94.67,94.67,2
1708941180,94.6725,94.6725,94.6725,94.6725,1
1708941660,94.67,94.67,94.67,94.67,1
1708941900,94.67,94.67,94.67,94.67,2
1708941960,94.6725,94.6725,94.6725,94.6725,1
1708942140,94.67,94.67,94.67,94.67,1
1708942260,94.67,94.67,94.67,94.67,1
1708942440,94.6725,94.6725,94.6725,94.6725,1
1708942620,94.67,94.67,94.67,94.67,2
1708942860,94.67,94.67,94.67,94.67,1
1708943400,94.67,94.67,94.67,94.67,2
1708943460,94.67,94.6725,94.67,94.6725,2
1708944060,94.67,94.67,94.67,94.67,1
1708944180,94.67,94.67,94.67,94.67,2
1708944300,94.6725,94.6725,94.6725,94.6725,1
1708944660,94.67,94.67,94.67,94.67,1
1708944960,94.67,94.67,94.67,94.67,2
1708945260,94.67,94.67,94.67,94.67,1
1708945320,94.6725,94.6725,94.6725,94.6725,1
1708945740,94.67,94.67,94.67,94.67,2
1708945860,94.67,94.67,94.67,94.67,1
1708946340,94.6725,94.6725,94.6725,94.6725,1
1708946460,94.67,94.67,94.67,94.67,1
1708946520,94.67,94.67,94.67,94.67,2
1708947060,94.67,94.67,94.67,94.67,1
1708947120,94.6725,94.6725,94.6725,94.6725,1
1708947240,94.67,94.67,94.67,94.67,2
1708947660,94.67,94.67,94.67,94.67,1
1708947720,94.6725,94.6725,94.6725,94.6725,1
1708948020,94.67,94.67,94.67,94.67,2
1708948260,94.67,94.6725,94.67,94.6725,2
1708948800,94.67,94.67,94.67,94.67,2
1708948860,94.67,94.67,94.67,94.67,1
1708948980,94.6725,94.6725,94.6725,94.6725,1
1708949460,94.67,94.67,94.67,94.67,1
1708949580,94.67,94.67,94.67,94.67,2
1708950060,94.67,94.67,94.67,94.67,1
1708950360,94.67,94.6725,94.67,94.6725,3
1708950660,94.67,94.67,94.67,94.67,1
1708951140,94.67,94.67,94.67,94.67,2
1708951260,94.67,94.67,94.67,94.67,1
1708951500,94.6725,94.6725,94.6725,94.6725,1
1708951860,94.67,94.67,94.67,94.67,3
1708952160,94.6725,94.6725,94.6725,94.6725,1
1708952400,94.67,94.67,94.67,94.67,1
1708952640,94.67,94.67,94.67,94.67,2
1708953060,94.67,94.67,94.67,94.67,1
1708953420,94.67,94.67,94.67,94.67,2
1708953660,94.67,94.67,94.67,94.67,1
1708953900,94.67,94.67,94.67,94.67,26
1708954020,94.6725,94.6725,94.6725,94.6725,1
1708954140,94.6725,94.6725,94.6725,94.6725,1
1708954260,94.6725,94.6725,94.67,94.6725,5
1708954320,94.6725,94.6725,94.6725,94.6725,1
1708954380,94.6725,94.6725,94.6725,94.6725,1
1708954560,94.6725,94.6725,94.6725,94.6725,1
1708954680,94.6725,94.6725,94.6725,94.6725,1
1708954860,94.67,94.6725,94.67,94.6725,2
1708954980,94.67,94.67,94.67,94.67,2
1708955040,94.6725,94.6725,94.6725,94.6725,1
1708955400,94.67,94.67,94.67,94.67,1
1708955760,94.67,94.67,94.67,94.67,2
1708956060,94.67,94.6725,94.67,94.6725,2
1708956300,94.67,94.67,94.67,94.67,4
1708956420,94.67,94.67,94.67,94.67,17
1708956480,94.6725,94.6725,94.6725,94.6725,1
1708956540,94.67,94.67,94.67,94.67,2
1708956600,94.67,94.67,94.67,94.67,1
1708956780,94.6725,94.6725,94.67,94.67,3
1708956900,94.67,94.6725,94.67,94.6725,4
1708957080,94.6725,94.6725,94.6725,94.6725,1
1708957140,94.67,94.67,94.67,94.67,1
1708957200,94.67,94.67,94.67,94.67,1
1708957260,94.6725,94.6725,94.67,94.67,3
1708957440,94.67,94.67,94.67,94.67,19
1708957500,94.6725,94.6725,94.67,94.67,3
1708957560,94.67,94.67,94.67,94.67,2
1708957680,94.6725,94.6725,94.6725,94.6725,39
1708957740,94.6725,94.6725,94.6725,94.6725,1
1708957800,94.67,94.67,94.67,94.67,1
1708957860,94.6725,94.6725,94.6725,94.6725,1
1708957980,94.6725,94.6725,94.6725,94.6725,1
1708958040,94.6725,94.6725,94.67,94.6725,4
1708958100,94.6725,94.6725,94.6725,94.6725,1
1708958160,94.6725,94.6725,94.6725,94.6725,1
1708958220,94.6725,94.6725,94.6725,94.6725,1
1708958340,94.6725,94.6725,94.6725,94.6725,1
1708958400,94.6725,94.6725,94.67,94.67,2
1708958520,94.6725,94.6725,94.6725,94.6725,1
1708958640,94.67,94.6725,94.67,94.67,10
1708958760,94.6725,94.6725,94.6725,94.6725,1
1708958820,94.67,94.67,94.67,94.67,2
1708958880,94.6725,94.6725,94.6725,94.6725,1
1708959000,94.67,94.67,94.67,94.67,1
1708959060,94.6725,94.6725,94.6725,94.6725,1
1708959240,94.6725,94.6725,94.6725,94.6725,1
1708959360,94.6725,94.6725,94.6725,94.6725,1
1708959600,94.67,94.6725,94.67,94.6725,4
1708960200,94.67,94.67,94.67,94.67,1
1708960320,94.67,94.67,94.67,94.67,3
1708960380,94.67,94.67,94.67,94.67,2
1708960500,94.67,94.67,94.67,94.67,15
1708960800,94.67,94.67,94.67,94.67,1
1708960860,94.67,94.67,94.67,94.67,13
1708960980,94.67,94.67,94.67,94.67,1
1708961040,94.6725,94.6725,94.6725,94.6725,1
1708961100,94.67,94.67,94.67,94.67,2
1708961400,94.67,94.67,94.67,94.67,1
1708961460,94.67,94.67,94.67,94.67,1
1708961640,94.6725,94.6725,94.6725,94.6725,1
1708961880,94.67,94.67,94.67,94.67,2
1708962000,94.67,94.67,94.67,94.67,1
1708962240,94.67,94.67,94.67,94.67,1
1708962300,94.6725,94.6725,94.6725,94.6725,1
1708962600,94.67,94.67,94.67,94.67,1
1708962660,94.67,94.67,94.67,94.67,2
1708963200,94.67,94.67,94.67,94.67,1
1708963440,94.67,94.67,94.67,94.67,2
1708963560,94.67,94.67,94.67,94.67,3
1708963800,94.67,94.67,94.67,94.67,1
1708963920,94.6725,94.6725,94.6725,94.6725,1
1708964220,94.67,94.67,94.67,94.67,2
1708964400,94.67,94.67,94.67,94.67,1
1708965000,94.67,94.67,94.67,94.67,3
1708965600,94.67,94.67,94.67,94.67,1
1708965720,94.67,94.67,94.67,94.67,2
1708966200,94.67,94.67,94.67,94.67,1
1708966560,94.67,94.67,94.67,94.67,2
1708966800,94.67,94.67,94.67,94.67,1
1708967100,94.6725,94.6725,94.6725,94.6725,1
1708967280,94.67,94.67,94.67,94.67,2
1708967400,94.67,94.67,94.67,94.67,1
1708967940,94.6725,94.6725,94.6725,94.6725,1
1708968000,94.67,94.67,94.67,94.67,1
1708968060,94.67,94.67,94.67,94.67,2
1708968600,94.67,94.67,94.67,94.67,1
1708968840,94.67,94.67,94.67,94.67,2
1708969200,94.67,94.67,94.67,94.67,1
1708969500,94.6725,94.6725,94.6725,94.6725,1
1708969620,94.67,94.67,94.67,94.67,2
1708969800,94.67,94.67,94.67,94.67,1
1708969860,94.6725,94.6725,94.6725,94.6725,1
1708970280,94.6725,94.6725,94.6725,94.6725,1
1708970340,94.67,94.67,94.67,94.67,2
1708970400,94.67,94.67,94.67,94.67,1
1708971000,94.67,94.67,94.67,94.67,1
1708971120,94.67,94.67,94.67,94.67,2
1708971600,94.67,94.67,94.67,94.67,1
1708971840,94.6725,94.6725,94.6725,94.6725,1
1708971900,94.67,94.67,94.67,94.67,2
1708972200,94.67,94.67,94.67,94.67,1
1708972680,94.67,94.67,94.67,94.67,2
1708972800,94.67,94.67,94.67,94.67,1
1708973400,94.67,94.67,94.67,94.67,1
1708973460,94.67,94.67,94.67,94.67,2
1708973640,94.67,94.67,94.67,94.67,8
1708974000,94.67,94.67,94.67,94.67,1
1708974240,94.67,94.67,94.67,94.67,2
1708974600,94.67,94.67,94.67,94.67,1
1708975020,94.67,94.67,94.67,94.67,2
1708975200,94.67,94.67,94.67,94.67,1
1708975800,94.67,94.67,94.67,94.67,3
1708976040,94.6725,94.6725,94.6725,94.6725,20
1708976220,94.67,94.67,94.67,94.67,3
1708976400,94.6725,94.6725,94.67,94.67,2
1708976520,94.67,94.67,94.67,94.67,2
1708977000,94.67,94.67,94.67,94.67,1
1708977300,94.67,94.67,94.67,94.67,2
1708977600,94.67,94.6725,94.67,94.6725,2
1708977660,94.67,94.67,94.67,94.67,1
1708978080,94.67,94.67,94.67,94.67,2
1708978200,94.67,94.67,94.67,94.67,1
1708978800,94.67,94.67,94.67,94.67,3
1708978920,94.6725,94.6725,94.6725,94.6725,1
1708979400,94.67,94.67,94.67,94.67,1
1708979580,94.67,94.67,94.67,94.67,2
1708979820,94.67,94.67,94.67,94.67,2
1708979940,94.67,94.67,94.67,94.67,1
1708980000,94.67,94.67,94.67,94.67,2
1708980300,94.6725,94.6725,94.6725,94.6725,1
1708980360,94.67,94.67,94.67,94.67,2
1708980600,94.67,94.67,94.67,94.67,1
1708981140,94.67,94.67,94.67,94.67,2
1708981200,94.67,94.67,94.67,94.67,1
1708981800,94.67,94.67,94.67,94.67,1
1708981920,94.67,94.67,94.67,94.67,2
1708982400,94.67,94.67,94.67,94.67,1
1708982700,94.67,94.67,94.67,94.67,2
1708983000,94.67,94.67,94.67,94.67,1
1708983480,94.67,94.67,94.67,94.67,2
1708983600,94.67,94.67,94.67,94.67,1
1708984200,94.67,94.67,94.67,94.67,4
1708984260,94.67,94.67,94.67,94.67,1
1708984560,94.67,94.67,94.67,94.67,41
1708989840,94.67,94.67,94.67,94.67,28
1709019660,94.67,94.67,94.67,94.67,12
1709024220,94.67,94.67,94.67,94.67,20
1709024520,94.6725,94.6725,94.6725,94.6725,1
1709024580,94.6725,94.6725,94.6725,94.6725,1
1709024640,94.6725,94.6725,94.6725,94.6725,2
1709025600,94.67,94.67,94.67,94.67,20
1709025660,94.6725,94.6725,94.6725,94.6725,1
1709025960,94.6725,94.6725,94.6725,94.6725,2
1709026020,94.6725,94.6725,94.6725,94.6725,1
1709026140,94.6725,94.6725,94.6725,94.6725,1
1709030520,94.67,94.67,94.67,94.67,92
1709030580,94.6725,94.6725,94.6725,94.6725,1
1709030880,94.6725,94.6725,94.6725,94.6725,1
1709030940,94.6725,94.6725,94.6725,94.6725,1
1709031000,94.6725,94.6725,94.6725,94.6725,1
1709031120,94.6725,94.6725,94.6725,94.6725,1
1709037300,94.67,94.67,94.67,94.67,1
1709039700,94.67,94.67,94.67,94.67,1
1709041200,94.6725,94.6725,94.6725,94.6725,34
1709041380,94.6725,94.6725,94.6725,94.6725,1
1709043600,94.6725,94.6725,94.6725,94.6725,1
1709044080,94.6725,94.6725,94.6725,94.6725,1
1709044200,94.6725,94.6725,94.6725,94.6725,100
1709044260,94.6725,94.6725,94.6725,94.6725,50
1709044560,94.6725,94.6725,94.6725,94.6725,1
1709044680,94.67,94.67,94.67,94.67,11
1709044800,94.67,94.67,94.67,94.67,2
1709044980,94.6725,94.6725,94.6725,94.6725,1
1709045160,94.67,94.67,94.67,94.67,17
1709045220,94.67,94.67,94.67,94.67,1
1709045280,94.67,94.67,94.67,94.67,2
1709045400,94.6725,94.6725,94.6725,94.6725,1
1709045640,94.67,94.67,94.67,94.67,21
1709045700,94.67,94.6725,94.67,94.6725,2
1709045760,94.67,94.67,94.67,94.67,2
1709045940,94.6725,94.6725,94.6725,94.6725,1
1709046240,94.6725,94.6725,94.6725,94.6725,1
1709046480,94.6725,94.6725,94.6725,94.6725,1
1709046540,94.67,94.67,94.67,94.67,2
1709046660,94.6725,94.6725,94.6725,94.6725,1
1709046900,94.6725,94.6725,94.6725,94.6725,1
1709047200,94.6725,94.6725,94.6725,94.6725,1
1709047560,94.6725,94.6725,94.6725,94.6725,1
1709048040,94.6725,94.6725,94.6725,94.6725,1
1709048580,94.6725,94.6725,94.6725,94.6725,1
1709049060,94.6725,94.6725,94.6725,94.6725,1
1709049420,94.6725,94.6725,94.6725,94.6725,1
1709049840,94.6725,94.6725,94.6725,94.6725,1
1709050200,94.6725,94.6725,94.6725,94.6725,1
1709050680,94.6725,94.6725,94.6725,94.6725,1
1709051220,94.6725,94.6725,94.6725,94.6725,1
1709051700,94.67,94.67,94.67,94.67,1
1709051760,94.6725,94.6725,94.6725,94.6725,1
1709052240,94.6725,94.6725,94.6725,94.6725,1
1709052480,94.67,94.67,94.67,94.67,2501
1709052840,94.6725,94.6725,94.6725,94.6725,1
1709053560,94.6725,94.6725,94.6725,94.6725,1
1709054220,94.6725,94.6725,94.6725,94.6725,1
1709054760,94.6725,94.6725,94.6725,94.6725,1
1709055480,94.6725,94.6725,94.6725,94.6725,1
1709056200,94.6725,94.6725,94.6725,94.6725,1
1709056740,94.6725,94.6725,94.6725,94.6725,1
1709057280,94.6725,94.6725,94.6725,94.6725,1
1709057820,94.6725,94.6725,94.6725,94.6725,1
1709058120,94.67,94.67,94.67,94.67,3
1709058480,94.67,94.67,94.67,94.67,65
1709058540,94.6725,94.6725,94.6725,94.6725,1
1709059200,94.6725,94.6725,94.6725,94.6725,1
1709059920,94.6725,94.6725,94.6725,94.6725,1
1709060640,94.6725,94.6725,94.6725,94.6725,1
1709061420,94.6725,94.6725,94.6725,94.6725,1
1709061660,94.67,94.67,94.67,94.67,1
1709062440,94.6725,94.6725,94.6725,94.6725,1
1709063640,94.6725,94.6725,94.6725,94.6725,1
1709063820,94.67,94.67,94.67,94.67,1
1709064540,94.6725,94.6725,94.67,94.67,5
1709064720,94.67,94.67,94.67,94.67,2
1709065560,94.6725,94.6725,94.6725,94.6725,1
1709066220,94.6725,94.6725,94.6725,94.6725,1
1709066820,94.6725,94.6725,94.6725,94.6725,1
1709067540,94.6725,94.6725,94.6725,94.6725,1
1709068860,94.6725,94.6725,94.6725,94.6725,1
1709069640,94.6725,94.6725,94.6725,94.6725,1
1709070480,94.6725,94.6725,94.6725,94.6725,1
1709071140,94.6725,94.6725,94.6725,94.6725,1
1709082360,94.67,94.67,94.67,94.67,2143
1709105820,94.67,94.67,94.67,94.67,15
1709110620,94.67,94.67,94.67,94.67,1
1709122980,94.67,94.67,94.67,94.67,200
1709124780,94.67,94.67,94.67,94.67,5
1709125860,94.6725,94.6725,94.6725,94.6725,30
1709127480,94.67,94.67,94.67,94.67,158
1709129580,94.67,94.67,94.67,94.67,7
1709129700,94.67,94.67,94.67,94.67,1621
1709130780,94.67,94.67,94.67,94.67,13
1709130900,94.67,94.67,94.67,94.67,17
1709135880,94.67,94.67,94.67,94.67,10
1709136960,94.67,94.67,94.67,94.67,2
1709137440,94.67,94.67,94.67,94.67,3
1709137560,94.67,94.67,94.67,94.67,2
1709137620,94.67,94.67,94.67,94.67,2
1709137740,94.67,94.67,94.67,94.67,3
1709137920,94.67,94.67,94.67,94.67,2
1709138040,94.67,94.67,94.67,94.67,3
1709138100,94.67,94.67,94.67,94.67,2
1709138220,94.67,94.67,94.67,94.67,2
1709138280,94.67,94.67,94.67,94.67,3
1709138460,94.67,94.67,94.67,94.67,2
1709138700,94.67,94.67,94.67,94.67,2
1709138880,94.67,94.67,94.67,94.67,3
1709139300,94.67,94.67,94.67,94.67,2
1709139600,94.67,94.67,94.67,94.67,3
1709139660,94.67,94.67,94.67,94.67,2
1709139720,94.67,94.67,94.67,94.67,7
1709139900,94.67,94.67,94.67,94.67,3
1709140200,94.67,94.67,94.67,94.67,2
1709140440,94.67,94.67,94.67,94.67,2
1709140680,94.67,94.67,94.67,94.67,3
1709140980,94.67,94.67,94.67,94.67,2
1709141220,94.67,94.67,94.67,94.67,3
1709141460,94.67,94.67,94.67,94.67,2
1709141760,94.67,94.67,94.67,94.67,2
1709142000,94.67,94.67,94.67,94.67,3
1709142180,94.67,94.67,94.67,94.67,7
1709142300,94.67,94.67,94.67,94.67,7
1709142360,94.67,94.67,94.67,94.67,7
1709142420,94.67,94.67,94.67,94.67,39
1709142480,94.67,94.67,94.67,94.67,54
1709142540,94.67,94.67,94.67,94.67,58
1709152920,94.67,94.67,94.67,94.67,5
1709153040,94.67,94.67,94.67,94.67,2
1709153340,94.67,94.67,94.67,94.67,1
1709154180,94.6725,94.6725,94.6725,94.6725,2
1709154240,94.67,94.67,94.67,94.67,1
1709156640,94.67,94.67,94.67,94.67,3574
1709156700,94.67,94.67,94.67,94.67,55
1709202180,94.67,94.67,94.67,94.67,12
1709202600,94.67,94.67,94.67,94.67,4
1709202780,94.67,94.67,94.67,94.67,4
1709205060,94.67,94.67,94.67,94.67,8
1709205660,94.67,94.67,94.67,94.67,4
1709207820,94.67,94.67,94.67,94.67,2
1709209200,94.67,94.67,94.67,94.67,1
1709209440,94.67,94.67,94.67,94.67,7
1709212980,94.6725,94.6725,94.6725,94.6725,10
1709213820,94.6725,94.6725,94.6725,94.6725,11
1709218740,94.67,94.67,94.67,94.67,4
1709226060,94.67,94.67,94.67,94.67,2
1709226360,94.67,94.67,94.67,94.67,10
1709227200,94.6725,94.6725,94.6725,94.6725,8
1709239620,94.67,94.67,94.67,94.67,3
1709243520,94.67,94.67,94.67,94.67,1
