time,open,high,low,close,Volume
1758306720,96.53,96.53,96.53,96.53,1
1758307080,96.535,96.535,96.535,96.535,1
1758307740,96.535,96.535,96.535,96.535,1
1758308220,96.53,96.53,96.53,96.53,3
1758308280,96.53,96.53,96.53,96.53,78
1758308400,96.53,96.53,96.53,96.53,115
1758309180,96.535,96.535,96.535,96.535,36
1758310920,96.535,96.535,96.535,96.535,22
1758311220,96.535,96.535,96.535,96.535,10
1758311460,96.535,96.535,96.535,96.535,6
1758311640,96.535,96.535,96.535,96.535,11
1758311880,96.535,96.535,96.535,96.535,60
1758311940,96.535,96.535,96.535,96.535,9
1758312000,96.535,96.535,96.535,96.535,34
1758312060,96.535,96.535,96.535,96.535,12
1758312120,96.535,96.535,96.535,96.535,1
1758313440,96.535,96.535,96.535,96.535,1
1758315000,96.535,96.535,96.535,96.535,1
1758315240,96.53,96.53,96.53,96.53,1
1758315420,96.535,96.535,96.535,96.535,1
1758315540,96.535,96.535,96.535,96.535,5
1758492060,96.535,96.535,96.535,96.535,1
1758492240,96.535,96.535,96.535,96.535,1
1758492360,96.535,96.535,96.535,96.535,1
1758492420,96.535,96.535,96.535,96.535,1
1758492540,96.535,96.535,96.535,96.535,26
1758492600,96.535,96.535,96.535,96.535,11
1758492660,96.535,96.535,96.535,96.535,3
1758492780,96.535,96.535,96.535,96.535,1
1758492960,96.535,96.535,96.535,96.535,4
1758493020,96.535,96.535,96.535,96.535,2
1758493080,96.535,96.535,96.535,96.535,2
1758496620,96.53,96.53,96.53,96.53,4
1758496920,96.53,96.53,96.53,96.53,4
1758496980,96.53,96.53,96.53,96.53,12
1758499620,96.53,96.53,96.53,96.53,17
1758501120,96.53,96.53,96.53,96.53,10
1758503580,96.53,96.53,96.53,96.53,13
1758504600,96.53,96.53,96.53,96.53,1
1758504900,96.53,96.53,96.53,96.53,3
1758504960,96.53,96.53,96.53,96.53,6
1758505200,96.53,96.53,96.53,96.53,2
1758505440,96.53,96.53,96.53,96.53,2
1758506760,96.525,96.525,96.525,96.525,25
1758510960,96.53,96.53,96.53,96.53,13
1758511020,96.53,96.53,96.53,96.53,2
1758511140,96.53,96.53,96.53,96.53,9
1758511200,96.53,96.53,96.53,96.53,3
1758511260,96.53,96.53,96.53,96.53,6
1758511740,96.53,96.53,96.53,96.53,1
1758511860,96.53,96.53,96.53,96.53,1
1758512220,96.53,96.53,96.53,96.53,1
1758512700,96.53,96.53,96.53,96.53,2
1758512760,96.53,96.53,96.53,96.53,6
1758513840,96.53,96.53,96.53,96.53,15
1758513900,96.53,96.53,96.53,96.53,3
1758514380,96.53,96.53,96.53,96.53,36
1758514500,96.53,96.53,96.53,96.53,5
1758515100,96.53,96.53,96.53,96.53,2
1758515640,96.53,96.53,96.53,96.53,2
1758516180,96.53,96.53,96.53,96.53,10
1758519780,96.53,96.53,96.53,96.53,2
1758519840,96.53,96.53,96.53,96.53,5
1758520020,96.53,96.53,96.53,96.53,5
1758520620,96.53,96.53,96.53,96.53,2
1758520860,96.53,96.53,96.53,96.53,4
1758521280,96.53,96.53,96.53,96.53,2
1758521400,96.53,96.53,96.53,96.53,5
1758521580,96.53,96.53,96.53,96.53,1
1758522180,96.53,96.53,96.53,96.53,13
1758522360,96.53,96.53,96.53,96.53,2
1758522660,96.53,96.53,96.53,96.53,3
1758522960,96.53,96.53,96.53,96.53,3
1758523080,96.53,96.53,96.53,96.53,1
1758523500,96.53,96.53,96.53,96.53,8
1758524100,96.53,96.53,96.53,96.53,2
1758524460,96.53,96.53,96.53,96.53,9
1758524700,96.53,96.53,96.53,96.53,2
1758524760,96.53,96.53,96.53,96.53,2
1758524940,96.525,96.525,96.525,96.525,6
1758525000,96.525,96.525,96.525,96.525,2
1758525060,96.525,96.525,96.525,96.525,3
1758526260,96.53,96.53,96.53,96.53,1
1758526680,96.53,96.53,96.53,96.53,1
1758526740,96.53,96.53,96.53,96.53,1
1758526860,96.53,96.53,96.53,96.53,7
1758527100,96.53,96.53,96.53,96.53,3
1758527220,96.53,96.53,96.53,96.53,2
1758527280,96.53,96.53,96.53,96.53,8
1758528060,96.53,96.53,96.53,96.53,12
1758528180,96.53,96.53,96.53,96.53,1
1758529080,96.53,96.53,96.53,96.53,2
1758529560,96.53,96.53,96.53,96.53,3
1758529620,96.53,96.53,96.53,96.53,2
1758530820,96.53,96.53,96.53,96.53,2
1758530880,96.53,96.53,96.53,96.53,4
1758531060,96.53,96.53,96.53,96.53,30
1758531360,96.53,96.53,96.53,96.53,2
1758531780,96.53,96.53,96.53,96.53,10
1758532200,96.53,96.53,96.53,96.53,2
1758532380,96.53,96.53,96.53,96.53,221
1758532440,96.53,96.53,96.53,96.53,4
1758535140,96.53,96.53,96.53,96.53,3
1758537600,96.53,96.53,96.53,96.53,9
1758538140,96.53,96.53,96.53,96.53,11
1758538200,96.53,96.53,96.53,96.53,3
1758538980,96.53,96.53,96.53,96.53,7
1758539340,96.53,96.53,96.53,96.53,37
1758539580,96.53,96.53,96.53,96.53,2
1758539640,96.53,96.53,96.53,96.53,1
1758539700,96.53,96.53,96.53,96.53,22
1758539760,96.53,96.53,96.53,96.53,5
1758539820,96.53,96.53,96.53,96.53,17
1758540000,96.53,96.53,96.53,96.53,6
1758540060,96.53,96.53,96.53,96.53,3
1758540120,96.53,96.53,96.53,96.53,6
1758540840,96.53,96.53,96.53,96.53,2
1758540900,96.53,96.53,96.53,96.53,8
1758541440,96.53,96.53,96.53,96.53,13
1758541500,96.53,96.53,96.53,96.53,4
1758541680,96.53,96.53,96.53,96.53,23
1758541980,96.53,96.53,96.53,96.53,1
1758542100,96.53,96.53,96.53,96.53,4
1758542760,96.53,96.53,96.53,96.53,23
1758542820,96.53,96.53,96.525,96.525,22
1758542880,96.525,96.525,96.525,96.525,2
1758542940,96.53,96.53,96.53,96.53,5
1758543420,96.525,96.525,96.525,96.525,30
1758544320,96.525,96.525,96.525,96.525,8
1758544380,96.525,96.525,96.525,96.525,16
1758544560,96.525,96.525,96.525,96.525,4
1758545100,96.53,96.53,96.53,96.53,2
1758545400,96.53,96.53,96.53,96.53,16
1758545460,96.535,96.535,96.535,96.535,1
1758545940,96.53,96.53,96.53,96.53,12
1758546000,96.53,96.53,96.525,96.525,172
1758546060,96.525,96.525,96.525,96.525,22
1758546120,96.525,96.525,96.525,96.525,22
1758546300,96.525,96.525,96.525,96.525,13
1758546360,96.53,96.53,96.53,96.53,86
1758546420,96.53,96.53,96.53,96.53,22
1758546660,96.53,96.53,96.53,96.53,10
1758546840,96.53,96.53,96.53,96.53,9
1758546900,96.53,96.53,96.53,96.53,6
1758547020,96.525,96.525,96.525,96.525,26
1758547140,96.53,96.53,96.53,96.53,28
1758547260,96.53,96.53,96.53,96.53,7
1758547380,96.53,96.53,96.53,96.53,11
1758548040,96.525,96.525,96.525,96.525,8
1758548220,96.525,96.525,96.525,96.525,47
1758548280,96.525,96.525,96.525,96.525,10
1758548340,96.525,96.525,96.525,96.525,37
1758548400,96.525,96.525,96.525,96.525,11
1758548460,96.525,96.525,96.525,96.525,2
1758548580,96.525,96.525,96.525,96.525,3
1758549300,96.525,96.525,96.525,96.525,62
1758549600,96.525,96.525,96.525,96.525,81
1758549960,96.525,96.525,96.525,96.525,55
1758550020,96.525,96.525,96.525,96.525,36
1758550080,96.525,96.525,96.525,96.525,23
1758550500,96.52,96.52,96.52,96.52,283
1758550560,96.52,96.52,96.52,96.52,15
1758551040,96.515,96.515,96.515,96.515,103
1758551100,96.515,96.515,96.515,96.515,10
1758551160,96.515,96.515,96.515,96.515,41
1758551220,96.515,96.515,96.515,96.515,5
1758551580,96.51,96.51,96.51,96.51,1
1758551700,96.51,96.51,96.51,96.51,3
1758551760,96.51,96.51,96.51,96.51,1
1758552000,96.51,96.51,96.51,96.51,1
1758552300,96.515,96.515,96.515,96.515,99
1758552660,96.51,96.51,96.51,96.51,447
1758553080,96.51,96.51,96.51,96.51,364
1758553200,96.51,96.51,96.51,96.51,2
1758553260,96.51,96.51,96.51,96.51,21
1758553800,96.51,96.51,96.51,96.51,1
1758554100,96.51,96.51,96.51,96.51,1
1758554220,96.51,96.51,96.51,96.51,1
1758554280,96.51,96.51,96.51,96.51,6
1758554340,96.51,96.51,96.51,96.51,16
1758554520,96.51,96.51,96.51,96.51,13
1758554640,96.51,96.51,96.51,96.51,1
1758555060,96.505,96.505,96.505,96.505,39
1758555720,96.505,96.505,96.505,96.505,1
1758556140,96.51,96.51,96.51,96.51,49
1758556740,96.51,96.51,96.51,96.51,32
1758557880,96.51,96.51,96.51,96.51,27
1758557940,96.51,96.51,96.51,96.51,43
1758558000,96.51,96.51,96.51,96.51,17
1758558120,96.51,96.51,96.51,96.51,20
1758558180,96.51,96.51,96.51,96.51,8
1758558600,96.51,96.51,96.51,96.51,24
1758558660,96.51,96.51,96.51,96.51,14
1758558720,96.51,96.51,96.51,96.51,1
1758558780,96.51,96.51,96.51,96.51,1
1758560520,96.51,96.51,96.51,96.51,65
1758560940,96.51,96.51,96.51,96.51,3
1758561480,96.51,96.51,96.51,96.51,5
1758563340,96.505,96.505,96.505,96.505,5
1758563760,96.505,96.505,96.505,96.505,82
1758563820,96.505,96.505,96.505,96.505,2
1758564060,96.505,96.505,96.505,96.505,11
1758564180,96.505,96.505,96.505,96.505,8
1758564660,96.505,96.505,96.505,96.505,8
1758564720,96.505,96.505,96.505,96.505,18
1758565020,96.505,96.505,96.505,96.505,30
1758565440,96.505,96.505,96.505,96.505,18
1758565620,96.505,96.505,96.505,96.505,12
1758565680,96.505,96.505,96.505,96.505,21
1758565800,96.505,96.505,96.505,96.505,20
1758565860,96.505,96.505,96.505,96.505,61
1758566580,96.505,96.505,96.505,96.505,137
1758566640,96.505,96.505,96.505,96.505,33
1758566880,96.505,96.505,96.505,96.505,11
1758566940,96.505,96.505,96.505,96.505,23
1758567240,96.505,96.505,96.505,96.505,116
1758567420,96.505,96.505,96.505,96.505,12
1758567480,96.505,96.505,96.505,96.505,32
1758567540,96.505,96.505,96.505,96.505,18
1758567840,96.505,96.505,96.505,96.505,19
1758567900,96.505,96.505,96.505,96.505,8
1758568200,96.505,96.505,96.505,96.505,8
1758568500,96.505,96.505,96.505,96.505,9
1758570180,96.5,96.5,96.5,96.5,300
1758570420,96.5,96.5,96.5,96.5,6
1758570540,96.5,96.5,96.5,96.5,55
1758570900,96.5,96.5,96.5,96.5,24
1758572340,96.5,96.5,96.5,96.5,19
1758572760,96.5,96.5,96.5,96.5,301
1758573540,96.5,96.5,96.5,96.5,3
1758573840,96.505,96.505,96.505,96.505,8
1758578460,96.505,96.505,96.505,96.505,1
1758579660,96.505,96.505,96.505,96.505,7
1758579720,96.505,96.505,96.505,96.505,6
1758582180,96.505,96.505,96.505,96.505,10
1758584880,96.505,96.505,96.505,96.505,4
1758592140,96.505,96.505,96.505,96.505,4
1758596400,96.5,96.5,96.5,96.5,3
1758597480,96.5,96.5,96.5,96.5,3
1758601500,96.505,96.505,96.505,96.505,41
1758602100,96.505,96.505,96.505,96.505,7
1758608040,96.505,96.505,96.505,96.505,5
1758608160,96.505,96.505,96.505,96.505,10
1758608280,96.505,96.505,96.505,96.505,3
1758608520,96.505,96.505,96.505,96.505,1
1758611460,96.505,96.505,96.505,96.505,2
1758611580,96.505,96.505,96.505,96.505,12
1758611640,96.505,96.505,96.505,96.505,3
1758612540,96.505,96.505,96.505,96.505,4
1758613980,96.505,96.505,96.505,96.505,6
1758614400,96.505,96.505,96.505,96.505,4
1758615480,96.505,96.505,96.505,96.505,4
1758615660,96.505,96.505,96.505,96.505,11
1758616200,96.505,96.505,96.505,96.505,32
1758618780,96.505,96.505,96.505,96.505,4
1758619200,96.505,96.505,96.505,96.505,4
1758619500,96.505,96.505,96.505,96.505,4
1758619860,96.505,96.505,96.505,96.505,139
1758620100,96.505,96.505,96.505,96.505,13
1758620400,96.505,96.505,96.505,96.505,16
1758620700,96.505,96.505,96.505,96.505,19
1758620880,96.505,96.505,96.505,96.505,4
1758620940,96.505,96.505,96.505,96.505,18
1758621000,96.51,96.51,96.51,96.51,3
1758622320,96.505,96.505,96.505,96.505,9
1758622380,96.505,96.505,96.505,96.505,1
1758624420,96.505,96.505,96.505,96.505,5
1758625200,96.505,96.505,96.505,96.505,1
1758625380,96.505,96.505,96.505,96.505,73
1758625440,96.505,96.505,96.505,96.505,10
1758625560,96.505,96.505,96.505,96.505,10
1758625680,96.505,96.505,96.505,96.505,25
1758627660,96.505,96.505,96.505,96.505,56
1758627780,96.505,96.505,96.505,96.505,4
1758627840,96.505,96.505,96.505,96.505,5
1758627900,96.505,96.505,96.505,96.505,26
1758628020,96.505,96.505,96.505,96.505,10
1758628260,96.505,96.505,96.505,96.505,3
1758628380,96.505,96.505,96.505,96.505,8
1758628740,96.505,96.505,96.505,96.505,4
1758628920,96.505,96.505,96.505,96.505,4
1758629040,96.505,96.505,96.505,96.505,24
1758629340,96.505,96.505,96.505,96.505,1
1758629640,96.505,96.505,96.505,96.505,33
1758630000,96.505,96.505,96.505,96.505,7
1758630060,96.505,96.505,96.505,96.505,9
1758630300,96.505,96.505,96.505,96.505,12
1758630480,96.505,96.505,96.505,96.505,5
1758630540,96.505,96.505,96.505,96.505,4
1758630600,96.505,96.505,96.505,96.505,6
1758630720,96.505,96.505,96.505,96.505,66
1758631080,96.505,96.505,96.505,96.505,6
1758631140,96.505,96.505,96.505,96.505,6
1758631320,96.505,96.505,96.505,96.505,162
1758631800,96.51,96.51,96.51,96.51,12
1758631860,96.51,96.51,96.51,96.51,66
1758632160,96.51,96.51,96.51,96.51,6
1758632400,96.51,96.51,96.51,96.51,219
1758633060,96.505,96.505,96.505,96.505,6
1758633240,96.505,96.505,96.505,96.505,61
1758633300,96.505,96.505,96.505,96.505,60
1758633360,96.505,96.505,96.505,96.505,6
1758633420,96.505,96.505,96.505,96.505,43
1758633780,96.505,96.505,96.505,96.505,10
1758634020,96.505,96.505,96.505,96.505,13
1758634080,96.505,96.505,96.505,96.505,15
1758634320,96.505,96.505,96.505,96.505,6
1758634680,96.505,96.505,96.505,96.505,73
1758634740,96.505,96.505,96.505,96.505,5
1758635100,96.515,96.515,96.51,96.51,17
1758635220,96.51,96.51,96.51,96.51,17
1758635460,96.505,96.505,96.505,96.505,8
1758635520,96.505,96.505,96.505,96.505,4
1758635580,96.505,96.505,96.505,96.505,11
1758635640,96.505,96.505,96.505,96.505,1
1758637260,96.505,96.505,96.505,96.505,10
1758637620,96.5,96.5,96.5,96.5,1
1758638940,96.5,96.5,96.5,96.5,3
1758639060,96.5,96.5,96.5,96.5,270
1758639120,96.5,96.5,96.5,96.5,313
1758639360,96.5,96.5,96.5,96.5,27
1758639840,96.5,96.5,96.5,96.5,7
1758639960,96.5,96.5,96.5,96.5,1
1758640020,96.5,96.5,96.5,96.5,15
1758640440,96.505,96.505,96.505,96.505,53
1758641040,96.505,96.505,96.505,96.505,52
1758641340,96.5,96.5,96.5,96.5,3
1758642000,96.505,96.505,96.505,96.505,17
1758642060,96.505,96.505,96.505,96.505,7
1758642180,96.505,96.505,96.505,96.505,7
1758643200,96.51,96.51,96.51,96.51,50
1758643800,96.51,96.51,96.51,96.51,27
1758643860,96.51,96.51,96.51,96.51,5
1758643920,96.51,96.51,96.51,96.51,14
1758644160,96.51,96.51,96.51,96.51,73
1758644220,96.51,96.51,96.51,96.51,16
1758644280,96.51,96.51,96.51,96.51,7
1758645180,96.51,96.51,96.51,96.51,6
1758645240,96.51,96.51,96.51,96.51,8
1758645300,96.505,96.51,96.5,96.51,347
1758645480,96.505,96.505,96.505,96.505,2
1758645780,96.505,96.505,96.505,96.505,3
1758645840,96.505,96.505,96.505,96.505,6
1758647100,96.505,96.505,96.505,96.505,56
1758647160,96.505,96.505,96.505,96.505,27
1758647220,96.505,96.505,96.505,96.505,4
1758649080,96.51,96.51,96.51,96.51,22
1758649140,96.51,96.51,96.51,96.51,5
1758649200,96.51,96.51,96.51,96.51,4
1758649320,96.51,96.51,96.51,96.51,3
1758649860,96.515,96.515,96.515,96.515,6
1758650340,96.51,96.51,96.51,96.51,16
1758650400,96.51,96.51,96.51,96.51,9
1758650520,96.51,96.51,96.51,96.51,3
1758650760,96.51,96.51,96.51,96.51,1
1758650820,96.51,96.51,96.51,96.51,5
1758651000,96.51,96.51,96.51,96.51,9
1758651060,96.51,96.51,96.51,96.51,4
1758653280,96.51,96.51,96.51,96.51,14
1758653340,96.51,96.51,96.51,96.51,1
1758653400,96.51,96.51,96.51,96.51,8
1758653580,96.51,96.51,96.51,96.51,1
1758653700,96.51,96.51,96.51,96.51,7
1758653880,96.51,96.51,96.51,96.51,37
1758653940,96.51,96.51,96.51,96.51,85
1758654000,96.51,96.51,96.51,96.51,18
1758655500,96.51,96.51,96.51,96.51,24
1758655740,96.51,96.51,96.51,96.51,5
1758655920,96.51,96.51,96.51,96.51,5
1758656100,96.51,96.51,96.51,96.51,12
1758656220,96.51,96.51,96.51,96.51,5
1758656340,96.51,96.51,96.51,96.51,1
1758656400,96.51,96.51,96.51,96.51,7
1758656520,96.51,96.51,96.51,96.51,1
1758656580,96.51,96.51,96.51,96.51,3
1758657120,96.51,96.51,96.51,96.51,3
1758657240,96.515,96.515,96.515,96.515,1
1758657600,96.51,96.51,96.51,96.51,14
1758657960,96.51,96.51,96.51,96.51,13
1758658320,96.51,96.51,96.51,96.51,16
1758658680,96.51,96.51,96.51,96.51,6
1758658800,96.51,96.51,96.51,96.51,3
1758658980,96.51,96.51,96.51,96.51,4
1758659160,96.51,96.51,96.51,96.51,33
1758659280,96.51,96.51,96.51,96.51,14
1758659340,96.51,96.51,96.51,96.51,18
1758659400,96.51,96.51,96.51,96.51,11
1758659700,96.51,96.51,96.51,96.51,22
1758659760,96.51,96.51,96.51,96.51,4
1758659820,96.51,96.51,96.51,96.51,8
1758659880,96.51,96.51,96.51,96.51,3
1758659940,96.51,96.51,96.51,96.51,9
1758660000,96.51,96.51,96.51,96.51,3
1758660060,96.51,96.51,96.51,96.51,6
1758660180,96.51,96.51,96.51,96.51,15
1758660240,96.51,96.51,96.51,96.51,9
1758660900,96.51,96.51,96.51,96.51,7
1758661080,96.51,96.51,96.51,96.51,7
1758661140,96.51,96.51,96.51,96.51,2
1758665580,96.51,96.51,96.51,96.51,32
1758666420,96.51,96.51,96.51,96.51,2
1758666480,96.51,96.51,96.51,96.51,2
1758667560,96.51,96.51,96.51,96.51,1
1758668040,96.51,96.51,96.51,96.51,2
1758668640,96.51,96.51,96.51,96.51,50
1758670560,96.51,96.51,96.51,96.51,2
1758671880,96.51,96.51,96.51,96.51,3
1758672900,96.51,96.51,96.51,96.51,2
1758672960,96.51,96.51,96.51,96.51,7
1758675600,96.51,96.51,96.51,96.51,6
1758680460,96.505,96.505,96.505,96.505,2
1758691200,96.51,96.51,96.51,96.51,36
1758693600,96.51,96.51,96.51,96.51,11
1758693660,96.51,96.51,96.51,96.51,3
1758696480,96.51,96.51,96.51,96.51,8
1758696600,96.51,96.51,96.51,96.51,1
1758697140,96.51,96.51,96.51,96.51,3
1758697200,96.505,96.505,96.505,96.505,5
1758698100,96.51,96.51,96.51,96.51,5
1758698160,96.51,96.51,96.51,96.51,1
1758698280,96.51,96.51,96.51,96.51,10
1758698820,96.51,96.51,96.51,96.51,1
1758700860,96.51,96.51,96.51,96.51,10
1758700920,96.51,96.51,96.51,96.51,1
1758703620,96.51,96.51,96.51,96.51,3
1758704640,96.51,96.51,96.51,96.51,5
1758705000,96.505,96.505,96.505,96.505,3
1758706380,96.51,96.51,96.51,96.51,38
1758707700,96.505,96.505,96.505,96.505,5
1758711240,96.505,96.505,96.505,96.505,12
1758711360,96.505,96.505,96.505,96.505,1
1758711720,96.505,96.505,96.505,96.505,28
1758712080,96.505,96.505,96.505,96.505,31
1758713040,96.505,96.505,96.505,96.505,80
1758713580,96.505,96.505,96.505,96.505,3
1758713820,96.51,96.51,96.51,96.51,3
1758714000,96.505,96.505,96.505,96.505,24
1758714060,96.505,96.505,96.505,96.505,3
1758714180,96.505,96.505,96.505,96.505,2
1758714360,96.505,96.505,96.505,96.505,6
1758714420,96.505,96.505,96.505,96.505,3
1758715020,96.505,96.505,96.505,96.505,2
1758715200,96.505,96.505,96.505,96.505,3
1758715380,96.505,96.505,96.505,96.505,23
1758715500,96.505,96.505,96.505,96.505,11
1758715560,96.505,96.505,96.505,96.505,4
1758716220,96.505,96.505,96.505,96.505,17
1758716280,96.505,96.505,96.505,96.505,49
1758716580,96.505,96.505,96.505,96.505,10
1758716940,96.505,96.505,96.505,96.505,23
1758717180,96.505,96.505,96.505,96.505,3
1758717360,96.505,96.505,96.505,96.505,5
1758717540,96.505,96.505,96.505,96.505,19
1758717840,96.505,96.505,96.505,96.505,49
1758717900,96.505,96.505,96.505,96.505,10
1758717960,96.505,96.505,96.505,96.505,11
1758720120,96.505,96.505,96.505,96.505,204
1758720300,96.505,96.505,96.505,96.505,3
1758720840,96.5,96.5,96.5,96.5,62
1758721260,96.5,96.5,96.5,96.5,7
1758721500,96.5,96.5,96.5,96.5,74
1758722100,96.5,96.5,96.5,96.5,104
1758722220,96.5,96.5,96.5,96.5,72
1758722280,96.5,96.5,96.5,96.5,5
1758722640,96.5,96.5,96.5,96.5,198
1758722760,96.5,96.5,96.5,96.5,10
1758722820,96.5,96.5,96.5,96.5,1
1758724080,96.5,96.5,96.5,96.5,7
1758724140,96.5,96.5,96.5,96.5,1
1758724380,96.5,96.5,96.5,96.5,7
1758726060,96.5,96.5,96.5,96.5,35
1758726120,96.5,96.5,96.5,96.5,17
1758726960,96.495,96.495,96.495,96.495,4
1758727440,96.5,96.5,96.5,96.5,5
1758727500,96.495,96.495,96.495,96.495,5
1758727860,96.495,96.495,96.495,96.495,456
1758728400,96.495,96.495,96.495,96.495,1
1758729180,96.495,96.495,96.495,96.495,13
1758729360,96.5,96.5,96.5,96.5,5
1758729720,96.495,96.495,96.495,96.495,3
1758729960,96.5,96.5,96.5,96.5,30
1758730020,96.5,96.5,96.5,96.5,27
1758730500,96.495,96.495,96.495,96.495,127
1758730560,96.495,96.495,96.495,96.495,7
1758730620,96.495,96.495,96.495,96.495,23
1758730680,96.495,96.495,96.495,96.495,77
1758730800,96.495,96.495,96.495,96.495,60
1758730860,96.495,96.495,96.495,96.495,9
1758730980,96.495,96.495,96.495,96.495,4
1758731280,96.495,96.495,96.495,96.495,24
1758731340,96.495,96.495,96.495,96.495,26
1758731460,96.495,96.495,96.495,96.495,25
1758731700,96.495,96.495,96.495,96.495,62
1758731760,96.495,96.495,96.495,96.495,23
1758731820,96.495,96.495,96.495,96.495,7
1758731880,96.495,96.495,96.495,96.495,15
1758732120,96.495,96.495,96.495,96.495,13
1758732300,96.495,96.495,96.495,96.495,27
1758732360,96.495,96.495,96.495,96.495,3
1758732420,96.495,96.495,96.495,96.495,6
1758732600,96.495,96.495,96.495,96.495,10
1758732660,96.495,96.495,96.495,96.495,4
1758732780,96.495,96.495,96.495,96.495,30
1758732840,96.495,96.495,96.495,96.495,25
1758732900,96.495,96.495,96.495,96.495,166
1758733020,96.495,96.495,96.49,96.49,50
1758733140,96.495,96.495,96.495,96.495,54
1758733200,96.495,96.495,96.495,96.495,10
1758733380,96.495,96.495,96.495,96.495,14
1758733860,96.495,96.495,96.495,96.495,12
1758734040,96.495,96.495,96.495,96.495,28
1758734100,96.495,96.495,96.495,96.495,10
1758734160,96.495,96.495,96.495,96.495,2
1758734280,96.495,96.495,96.495,96.495,10
1758734400,96.495,96.495,96.495,96.495,8
1758734520,96.495,96.495,96.495,96.495,26
1758734640,96.495,96.495,96.495,96.495,20
1758734760,96.495,96.495,96.495,96.495,13
1758735600,96.495,96.495,96.495,96.495,8
1758737220,96.495,96.495,96.495,96.495,54
1758737400,96.495,96.495,96.495,96.495,72
1758737580,96.495,96.495,96.495,96.495,10
1758737640,96.495,96.495,96.495,96.495,73
1758737820,96.495,96.495,96.495,96.495,9
1758738180,96.495,96.495,96.495,96.495,11
1758738300,96.495,96.495,96.495,96.495,3
1758738360,96.495,96.495,96.495,96.495,3
1758738420,96.495,96.495,96.495,96.495,6
1758738480,96.495,96.495,96.495,96.495,5
1758738600,96.495,96.495,96.495,96.495,11
1758738660,96.495,96.495,96.495,96.495,2
1758738720,96.495,96.495,96.49,96.49,64
1758738780,96.495,96.495,96.495,96.495,21
1758738840,96.495,96.495,96.495,96.495,88
1758738900,96.495,96.495,96.495,96.495,7
1758738960,96.495,96.495,96.495,96.495,21
1758739020,96.495,96.495,96.495,96.495,16
1758739080,96.495,96.495,96.495,96.495,34
1758739140,96.495,96.495,96.495,96.495,39
1758739500,96.495,96.495,96.495,96.495,8
1758739620,96.495,96.495,96.495,96.495,98
1758739680,96.495,96.495,96.495,96.495,64
1758739920,96.495,96.495,96.495,96.495,23
1758740040,96.495,96.495,96.495,96.495,18
1758740100,96.495,96.495,96.495,96.495,4
1758740160,96.495,96.495,96.495,96.495,5
1758740280,96.495,96.495,96.495,96.495,67
1758740340,96.495,96.495,96.495,96.495,51
1758740400,96.495,96.495,96.495,96.495,21
1758740520,96.495,96.495,96.495,96.495,25
1758740760,96.495,96.495,96.495,96.495,8
1758740820,96.495,96.495,96.495,96.495,50
1758740940,96.495,96.495,96.495,96.495,15
1758741060,96.495,96.495,96.495,96.495,4
1758741300,96.495,96.495,96.495,96.495,73
1758741360,96.495,96.495,96.495,96.495,13
1758741420,96.495,96.495,96.495,96.495,13
1758741600,96.495,96.495,96.495,96.495,44
1758741660,96.495,96.495,96.495,96.495,1
1758741720,96.495,96.495,96.495,96.495,3
1758741780,96.495,96.495,96.495,96.495,2
1758741840,96.495,96.495,96.495,96.495,10
1758742140,96.495,96.495,96.495,96.495,1
1758742200,96.495,96.495,96.495,96.495,53
1758742380,96.495,96.495,96.495,96.495,18
1758742980,96.495,96.495,96.495,96.495,42
1758743040,96.495,96.495,96.495,96.495,20
1758743160,96.495,96.495,96.495,96.495,1
1758743220,96.495,96.495,96.495,96.495,15
1758743640,96.495,96.495,96.495,96.495,5
1758743700,96.495,96.495,96.495,96.495,72
1758743760,96.495,96.495,96.495,96.495,7
1758743820,96.495,96.495,96.495,96.495,1
1758743880,96.495,96.495,96.495,96.495,7
1758744000,96.495,96.495,96.495,96.495,21
1758744180,96.495,96.495,96.495,96.495,10
1758744480,96.495,96.495,96.495,96.495,1
1758745380,96.495,96.495,96.495,96.495,7
1758745860,96.495,96.495,96.495,96.495,202
1758746040,96.495,96.495,96.495,96.495,3
1758746220,96.495,96.495,96.495,96.495,8
1758746520,96.495,96.495,96.495,96.495,7
1758746580,96.495,96.495,96.495,96.495,7
1758746700,96.495,96.495,96.495,96.495,1
1758746820,96.495,96.495,96.495,96.495,26
1758746880,96.495,96.495,96.495,96.495,11
1758747000,96.495,96.495,96.495,96.495,41
1758747360,96.495,96.495,96.495,96.495,6
1758751260,96.495,96.495,96.495,96.495,1
1758751980,96.495,96.495,96.495,96.495,1
1758753360,96.495,96.495,96.495,96.495,17
1758753660,96.495,96.495,96.495,96.495,2
1758753840,96.495,96.495,96.495,96.495,3
1758754080,96.495,96.495,96.495,96.495,4
1758754140,96.495,96.495,96.495,96.495,5
1758754200,96.495,96.495,96.495,96.495,2
1758754560,96.495,96.495,96.495,96.495,5
1758757260,96.495,96.495,96.495,96.495,29
1758757500,96.495,96.495,96.495,96.495,4
1758757680,96.495,96.495,96.495,96.495,2
1758757740,96.495,96.495,96.495,96.495,8
1758758400,96.495,96.495,96.495,96.495,55
1758758760,96.495,96.495,96.495,96.495,2
1758760860,96.495,96.495,96.495,96.495,35
1758762900,96.495,96.495,96.495,96.495,4
1758763080,96.495,96.495,96.495,96.495,23
1758766200,96.495,96.495,96.495,96.495,35
1758784380,96.49,96.49,96.49,96.49,37
1758785340,96.49,96.49,96.485,96.485,7
1758785520,96.49,96.49,96.49,96.49,8
1758786300,96.49,96.49,96.49,96.49,16
1758787140,96.49,96.49,96.49,96.49,1
1758790800,96.49,96.49,96.49,96.49,2
1758791340,96.49,96.49,96.49,96.49,1
1758791520,96.49,96.49,96.49,96.49,4
1758792420,96.49,96.49,96.49,96.49,16
1758793380,96.49,96.49,96.49,96.49,10
1758793440,96.49,96.49,96.49,96.49,16
1758794940,96.49,96.49,96.49,96.49,10
1758797700,96.485,96.485,96.485,96.485,1
1758798360,96.485,96.485,96.485,96.485,5
1758798600,96.485,96.485,96.485,96.485,5
1758798780,96.485,96.485,96.485,96.485,93
1758798840,96.485,96.485,96.485,96.485,15
1758798900,96.485,96.485,96.485,96.485,31
1758799080,96.485,96.485,96.485,96.485,5
1758799980,96.48,96.48,96.48,96.48,170
1758800760,96.485,96.485,96.485,96.485,72
1758800820,96.49,96.49,96.49,96.49,67
1758801360,96.485,96.485,96.485,96.485,122
1758801600,96.485,96.485,96.485,96.485,4
1758801840,96.485,96.485,96.485,96.485,31
1758801900,96.485,96.485,96.485,96.485,2
1758801960,96.485,96.485,96.485,96.485,54
1758802080,96.485,96.485,96.485,96.485,8
1758802200,96.485,96.485,96.485,96.485,4
1758802320,96.485,96.485,96.485,96.485,9
1758802500,96.485,96.485,96.485,96.485,55
1758802680,96.485,96.485,96.485,96.485,24
1758802800,96.485,96.485,96.485,96.485,4
1758803400,96.485,96.485,96.465,96.47,378
1758803460,96.47,96.47,96.46,96.46,412
1758803520,96.465,96.465,96.465,96.465,22
1758803580,96.46,96.46,96.46,96.46,119
1758803640,96.46,96.46,96.46,96.46,5
1758803700,96.46,96.46,96.46,96.46,34
1758803760,96.455,96.455,96.455,96.455,68
1758803820,96.455,96.455,96.455,96.455,211
1758803880,96.45,96.45,96.45,96.45,1
1758803940,96.45,96.45,96.45,96.45,21
1758804060,96.45,96.45,96.45,96.45,17
1758804180,96.445,96.445,96.445,96.445,16
1758804240,96.445,96.445,96.445,96.445,46
1758804360,96.44,96.44,96.44,96.44,167
1758804420,96.44,96.44,96.44,96.44,53
1758804480,96.44,96.44,96.435,96.435,35
1758804600,96.435,96.435,96.43,96.43,33
1758804660,96.43,96.43,96.43,96.43,40
1758804720,96.43,96.43,96.43,96.43,26
1758804840,96.43,96.43,96.43,96.43,117
1758804900,96.435,96.435,96.43,96.43,419
1758804960,96.435,96.435,96.435,96.435,79
1758805020,96.435,96.435,96.435,96.435,55
1758805140,96.44,96.44,96.44,96.44,81
1758805200,96.44,96.44,96.44,96.44,7
1758805260,96.44,96.44,96.44,96.44,27
1758805320,96.44,96.44,96.44,96.44,7
1758805440,96.445,96.445,96.445,96.445,25
1758805560,96.445,96.445,96.445,96.445,77
1758805620,96.45,96.45,96.45,96.45,22
1758805680,96.445,96.445,96.445,96.445,109
1758805740,96.445,96.445,96.445,96.445,37
1758805800,96.445,96.445,96.445,96.445,1
1758805920,96.45,96.45,96.45,96.45,38
1758805980,96.45,96.45,96.45,96.45,6
1758806160,96.45,96.45,96.45,96.45,7
1758806220,96.45,96.45,96.45,96.45,8
1758806280,96.45,96.45,96.45,96.45,29
1758806400,96.45,96.45,96.45,96.45,1
1758806580,96.455,96.455,96.455,96.455,54
1758807240,96.455,96.455,96.455,96.455,58
1758807300,96.455,96.455,96.455,96.455,12
1758807360,96.455,96.455,96.455,96.455,13
1758807420,96.455,96.455,96.455,96.455,10
1758808020,96.45,96.45,96.45,96.45,56
1758808320,96.445,96.445,96.445,96.445,15
1758808560,96.445,96.445,96.445,96.445,33
1758808620,96.445,96.445,96.445,96.445,6
1758808680,96.445,96.445,96.445,96.445,2
1758808860,96.445,96.445,96.445,96.445,17
1758809100,96.445,96.445,96.445,96.445,19
1758809220,96.445,96.445,96.445,96.445,27
1758809280,96.445,96.445,96.445,96.445,8
1758809460,96.44,96.44,96.44,96.44,1
1758809700,96.44,96.445,96.44,96.44,8
1758809760,96.44,96.44,96.44,96.44,2
1758809820,96.44,96.445,96.44,96.445,16
1758809880,96.44,96.44,96.44,96.44,2
1758809940,96.44,96.445,96.44,96.445,3
1758810060,96.445,96.45,96.445,96.45,6
1758810120,96.445,96.445,96.445,96.445,2
1758810180,96.445,96.445,96.445,96.445,1
1758810240,96.445,96.445,96.445,96.445,3
1758810360,96.445,96.445,96.445,96.445,6
1758810420,96.445,96.445,96.445,96.445,2
1758810480,96.445,96.445,96.445,96.445,1
1758810540,96.445,96.445,96.445,96.445,2
1758810600,96.445,96.445,96.445,96.445,23
1758810660,96.445,96.445,96.445,96.445,22
1758810720,96.445,96.445,96.445,96.445,25
1758810780,96.445,96.445,96.445,96.445,8
1758810840,96.44,96.44,96.44,96.44,1
1758810900,96.44,96.44,96.44,96.44,2
1758810960,96.44,96.44,96.44,96.44,1
1758811020,96.44,96.44,96.44,96.44,1
1758811080,96.44,96.44,96.44,96.44,1
1758811140,96.44,96.44,96.44,96.44,2
1758811200,96.44,96.44,96.44,96.44,2
1758811260,96.44,96.44,96.44,96.44,1
1758811320,96.44,96.44,96.44,96.44,2
1758811440,96.44,96.44,96.44,96.44,2
1758811500,96.44,96.44,96.44,96.44,1
1758811560,96.445,96.445,96.445,96.445,2
1758811680,96.44,96.44,96.44,96.44,2
1758811740,96.44,96.44,96.44,96.44,2
1758811860,96.44,96.44,96.44,96.44,2
1758811980,96.44,96.44,96.44,96.44,2
1758812040,96.44,96.44,96.44,96.44,2
1758812100,96.44,96.44,96.44,96.44,4
1758812160,96.44,96.44,96.44,96.44,2
1758812220,96.44,96.445,96.44,96.445,40
1758812280,96.445,96.445,96.445,96.445,25
1758812340,96.445,96.445,96.445,96.445,26
1758812400,96.445,96.445,96.44,96.44,2
1758812460,96.44,96.44,96.44,96.44,2
1758812520,96.44,96.44,96.44,96.44,1
1758812580,96.44,96.445,96.44,96.445,3
1758812640,96.44,96.44,96.44,96.44,1
1758812700,96.44,96.445,96.44,96.445,7
1758812760,96.445,96.445,96.44,96.44,8
1758812820,96.445,96.445,96.445,96.445,9
1758812880,96.445,96.445,96.445,96.445,1
1758812940,96.445,96.445,96.445,96.445,2
1758813000,96.445,96.445,96.445,96.445,2
1758813060,96.445,96.445,96.445,96.445,23
1758813120,96.445,96.445,96.44,96.445,10
1758813240,96.445,96.445,96.445,96.445,1
1758813300,96.445,96.445,96.445,96.445,2
1758813360,96.445,96.445,96.445,96.445,11
1758813420,96.44,96.44,96.44,96.44,1
1758813480,96.44,96.44,96.44,96.44,3
1758814020,96.44,96.44,96.44,96.44,2
1758814140,96.44,96.44,96.44,96.44,1
1758814200,96.44,96.44,96.44,96.44,2
1758814380,96.435,96.435,96.435,96.435,1
1758814440,96.44,96.44,96.44,96.44,2
1758814620,96.44,96.44,96.44,96.44,2
1758814680,96.44,96.44,96.44,96.44,5
1758814800,96.44,96.44,96.44,96.44,2
1758814980,96.44,96.44,96.44,96.44,1
1758815100,96.44,96.44,96.44,96.44,2
1758815220,96.445,96.445,96.445,96.445,25
1758815340,96.44,96.44,96.44,96.44,2
1758815580,96.445,96.445,96.445,96.445,524
1758815640,96.445,96.445,96.445,96.445,19
1758815700,96.445,96.445,96.445,96.445,8
1758815880,96.445,96.445,96.445,96.445,2
1758816000,96.45,96.45,96.45,96.45,47
1758816120,96.445,96.445,96.445,96.445,1
1758816180,96.445,96.445,96.445,96.445,2
1758816240,96.445,96.445,96.445,96.445,93
1758816300,96.445,96.445,96.445,96.445,12
1758816360,96.445,96.445,96.445,96.445,2
1758816600,96.445,96.445,96.445,96.445,2
1758816960,96.445,96.445,96.44,96.44,99
1758817260,96.44,96.44,96.44,96.44,1
1758817320,96.445,96.445,96.445,96.445,13
1758817500,96.44,96.44,96.44,96.44,1
1758817620,96.44,96.44,96.44,96.44,2
1758817680,96.445,96.445,96.445,96.445,33
1758817920,96.445,96.445,96.445,96.445,16
1758818280,96.445,96.445,96.445,96.445,2
1758818340,96.445,96.445,96.445,96.445,15
1758818460,96.445,96.445,96.445,96.445,1
1758818580,96.445,96.445,96.445,96.445,1
1758818760,96.445,96.445,96.44,96.44,9
1758819060,96.445,96.445,96.445,96.445,38
1758819120,96.445,96.445,96.445,96.445,1
1758819300,96.445,96.445,96.445,96.445,1
1758819420,96.445,96.445,96.445,96.445,1
1758819480,96.445,96.445,96.445,96.445,65
1758819600,96.445,96.445,96.445,96.445,2
1758819720,96.445,96.445,96.445,96.445,1
1758819840,96.445,96.445,96.445,96.445,10
1758820020,96.445,96.445,96.445,96.445,8
1758820140,96.44,96.44,96.44,96.44,1
1758820200,96.44,96.44,96.44,96.44,2
1758820260,96.445,96.445,96.445,96.445,240
1758820440,96.445,96.445,96.445,96.445,5
1758820500,96.445,96.445,96.445,96.445,65
1758820680,96.44,96.44,96.44,96.44,1
1758820740,96.44,96.44,96.44,96.44,1
1758820860,96.44,96.44,96.44,96.44,1
1758820920,96.44,96.44,96.44,96.44,2
1758821280,96.44,96.44,96.44,96.44,31
1758821340,96.44,96.44,96.44,96.44,2
1758821400,96.44,96.44,96.44,96.44,52
1758821700,96.435,96.435,96.435,96.435,2
1758822120,96.435,96.435,96.435,96.435,1
1758822180,96.44,96.44,96.44,96.44,27
1758822240,96.44,96.44,96.44,96.44,39
1758822480,96.435,96.435,96.435,96.435,2
1758822720,96.435,96.435,96.435,96.435,2
1758822780,96.435,96.435,96.435,96.435,617
1758822840,96.44,96.44,96.44,96.44,114
1758823380,96.435,96.435,96.435,96.435,2
1758823560,96.435,96.435,96.435,96.435,1
1758823680,96.435,96.435,96.435,96.435,2
1758823800,96.435,96.435,96.435,96.435,1
1758823860,96.435,96.435,96.42,96.42,530
1758823920,96.42,96.42,96.42,96.42,8
1758823980,96.425,96.425,96.425,96.425,153
1758824040,96.425,96.425,96.425,96.425,15
1758824100,96.425,96.425,96.425,96.425,108
1758824280,96.42,96.42,96.42,96.42,54
1758824340,96.42,96.42,96.42,96.42,4
1758824400,96.415,96.415,96.415,96.415,300
1758824820,96.415,96.415,96.415,96.415,1
1758824940,96.415,96.42,96.415,96.42,15
1758825120,96.42,96.42,96.42,96.42,4
1758825180,96.42,96.42,96.42,96.42,1
1758825540,96.42,96.42,96.42,96.42,1
1758825600,96.42,96.42,96.42,96.42,2
1758825720,96.42,96.42,96.415,96.415,27
1758825840,96.415,96.415,96.415,96.415,1
1758825960,96.42,96.42,96.42,96.42,95
1758826260,96.42,96.42,96.42,96.42,2
1758826380,96.425,96.425,96.425,96.425,55
1758826680,96.42,96.42,96.42,96.42,2
1758826740,96.42,96.42,96.42,96.42,162
1758826800,96.42,96.42,96.415,96.415,22
1758826860,96.42,96.42,96.42,96.42,2
1758826920,96.42,96.42,96.42,96.42,1
1758827100,96.42,96.42,96.42,96.42,62
1758827160,96.42,96.42,96.42,96.42,40
1758827340,96.42,96.42,96.42,96.42,1
1758827460,96.42,96.42,96.42,96.42,2
1758828000,96.42,96.42,96.42,96.42,7
1758828060,96.42,96.42,96.42,96.42,8
1758828120,96.42,96.42,96.42,96.42,10
1758828180,96.42,96.42,96.415,96.42,17
1758828240,96.42,96.42,96.42,96.42,1
1758828420,96.42,96.42,96.42,96.42,8
1758828540,96.42,96.42,96.42,96.42,7
1758828600,96.42,96.42,96.415,96.415,9
1758828660,96.415,96.415,96.415,96.415,9
1758828720,96.415,96.415,96.415,96.415,7
1758828780,96.42,96.42,96.415,96.42,38
1758828840,96.42,96.42,96.42,96.42,18
1758828960,96.42,96.42,96.42,96.42,7
1758829020,96.42,96.42,96.42,96.42,7
1758829080,96.42,96.42,96.42,96.42,10
1758829140,96.42,96.42,96.415,96.415,18
1758829200,96.42,96.42,96.415,96.415,8
1758829260,96.42,96.42,96.415,96.415,16
1758829320,96.42,96.42,96.415,96.415,7
1758829380,96.42,96.42,96.415,96.42,33
1758829560,96.42,96.42,96.415,96.42,19
1758829620,96.42,96.42,96.415,96.42,31
1758829680,96.42,96.42,96.415,96.415,15
1758829740,96.415,96.415,96.415,96.415,8
1758829800,96.415,96.415,96.415,96.415,9
1758829860,96.415,96.415,96.415,96.415,10
1758829920,96.415,96.415,96.415,96.415,3
1758829980,96.415,96.415,96.415,96.415,9
1758830040,96.415,96.415,96.415,96.415,9
1758830160,96.415,96.415,96.415,96.415,13
1758830220,96.415,96.415,96.415,96.415,7
1758830280,96.415,96.415,96.415,96.415,7
1758830340,96.415,96.415,96.41,96.415,22
1758830400,96.415,96.415,96.415,96.415,1
1758830880,96.415,96.415,96.415,96.415,300
1758831000,96.415,96.415,96.415,96.415,60
1758831060,96.42,96.42,96.42,96.42,197
1758831120,96.42,96.42,96.42,96.42,2
1758832500,96.42,96.42,96.42,96.42,24
1758832620,96.42,96.42,96.42,96.42,18
1758832740,96.42,96.42,96.42,96.42,32
1758833100,96.42,96.42,96.42,96.42,7
1758833400,96.42,96.42,96.42,96.42,10
1758833520,96.42,96.42,96.42,96.42,22
1758833820,96.42,96.42,96.42,96.42,7
1758838440,96.425,96.425,96.425,96.425,2
1758838680,96.425,96.425,96.425,96.425,2
1758840180,96.425,96.425,96.425,96.425,1
1758840480,96.425,96.425,96.425,96.425,2
1758842580,96.425,96.425,96.425,96.425,3
1758842640,96.425,96.425,96.425,96.425,5
1758843000,96.425,96.425,96.425,96.425,21
1758843360,96.425,96.425,96.425,96.425,3
1758843480,96.425,96.425,96.425,96.425,9
1758843600,96.425,96.425,96.425,96.425,3
1758843660,96.425,96.425,96.425,96.425,66
1758844020,96.425,96.425,96.425,96.425,3
1758844860,96.425,96.425,96.425,96.425,4
1758847020,96.42,96.42,96.42,96.42,11
1758848340,96.425,96.425,96.425,96.425,80
1758848580,96.425,96.425,96.425,96.425,2
1758848760,96.425,96.425,96.425,96.425,20
1758849000,96.425,96.425,96.425,96.425,4
1758849060,96.425,96.425,96.425,96.425,1
1758849120,96.425,96.425,96.425,96.425,10
1758849180,96.425,96.425,96.425,96.425,7
1758850620,96.425,96.425,96.425,96.425,7
1758850800,96.425,96.425,96.425,96.425,29
1758852000,96.425,96.425,96.425,96.425,4
1758853080,96.425,96.425,96.425,96.425,10
1758853980,96.425,96.425,96.425,96.425,3
1758855360,96.425,96.425,96.425,96.425,21
1758856440,96.425,96.425,96.425,96.425,16
1758857520,96.425,96.425,96.425,96.425,13
1758862920,96.425,96.425,96.425,96.425,23
1758867060,96.425,96.425,96.425,96.425,7
1758867180,96.425,96.425,96.425,96.425,3
1758867360,96.425,96.425,96.425,96.425,3
1758867480,96.425,96.425,96.425,96.425,7
1758867660,96.425,96.425,96.425,96.425,18
1758868080,96.425,96.425,96.425,96.425,3
1758868200,96.425,96.425,96.425,96.425,13
1758869520,96.425,96.425,96.425,96.425,15
1758869820,96.425,96.425,96.425,96.425,6
1758870660,96.425,96.425,96.425,96.425,8
1758871980,96.425,96.425,96.425,96.425,5
1758873900,96.425,96.425,96.425,96.425,11
1758873960,96.425,96.425,96.425,96.425,3
1758874140,96.425,96.425,96.425,96.425,33
1758874500,96.425,96.425,96.425,96.425,10
1758876960,96.425,96.425,96.425,96.425,27
1758877260,96.425,96.425,96.425,96.425,1
1758877560,96.425,96.425,96.425,96.425,40
1758877860,96.425,96.425,96.425,96.425,14
1758877920,96.425,96.425,96.425,96.425,4
1758878040,96.425,96.425,96.425,96.425,36
1758878400,96.425,96.425,96.425,96.425,129
1758879840,96.425,96.425,96.425,96.425,31
1758882000,96.425,96.425,96.425,96.425,23
1758882180,96.425,96.425,96.425,96.425,33
1758882240,96.425,96.425,96.425,96.425,4
1758882300,96.425,96.425,96.425,96.425,1
1758882840,96.425,96.425,96.425,96.425,9
1758883140,96.425,96.425,96.425,96.425,9
1758883860,96.425,96.425,96.425,96.425,4
1758884400,96.425,96.425,96.425,96.425,4
1758884460,96.425,96.425,96.425,96.425,11
1758886080,96.43,96.43,96.43,96.43,17
1758886320,96.43,96.43,96.43,96.43,8
1758887640,96.435,96.435,96.435,96.435,116
1758888240,96.435,96.435,96.435,96.435,9
1758889200,96.43,96.43,96.43,96.43,4
1758889260,96.43,96.43,96.43,96.43,32
1758889320,96.43,96.43,96.43,96.43,1
1758889380,96.425,96.425,96.425,96.425,15
1758889440,96.425,96.425,96.425,96.425,1
1758889680,96.425,96.425,96.425,96.425,36
1758889740,96.425,96.425,96.425,96.425,50
1758889800,96.425,96.43,96.42,96.43,31
1758889860,96.43,96.435,96.43,96.435,90
1758889920,96.435,96.435,96.43,96.43,29
1758889980,96.43,96.43,96.43,96.43,2
1758890100,96.43,96.43,96.43,96.43,10
1758890160,96.43,96.43,96.43,96.43,6
1758890220,96.43,96.43,96.43,96.43,10
1758890340,96.425,96.425,96.425,96.425,8
1758890460,96.43,96.43,96.43,96.43,6
1758890640,96.425,96.425,96.425,96.425,188
1758890760,96.425,96.425,96.425,96.425,85
1758891540,96.43,96.43,96.43,96.43,17
1758891660,96.43,96.43,96.43,96.43,18
1758891720,96.43,96.43,96.43,96.43,6
1758891780,96.43,96.43,96.43,96.43,7
1758892080,96.43,96.43,96.43,96.43,32
1758892140,96.43,96.43,96.43,96.43,3
1758892500,96.43,96.43,96.43,96.43,89
1758892560,96.43,96.43,96.43,96.43,15
1758892980,96.425,96.425,96.425,96.425,153
1758893100,96.42,96.42,96.42,96.42,2
1758893460,96.425,96.425,96.425,96.425,19
1758893820,96.42,96.42,96.42,96.42,7
1758893940,96.42,96.42,96.42,96.42,3
1758894000,96.42,96.42,96.42,96.42,3
1758894060,96.42,96.42,96.42,96.42,2
1758894180,96.42,96.42,96.42,96.42,72
1758894240,96.42,96.42,96.42,96.42,26
1758894300,96.42,96.42,96.42,96.42,5
1758894360,96.42,96.42,96.42,96.42,13
1758894540,96.42,96.42,96.42,96.42,8
1758895080,96.42,96.42,96.42,96.42,5
1758895140,96.42,96.42,96.42,96.42,4
1758895200,96.425,96.425,96.425,96.425,1
1758895500,96.425,96.425,96.425,96.425,8
1758895560,96.425,96.425,96.425,96.425,7
1758896340,96.425,96.425,96.425,96.425,5
1758896400,96.425,96.425,96.425,96.425,7
1758896520,96.425,96.425,96.425,96.425,6
1758896580,96.425,96.425,96.425,96.425,7
1758896820,96.43,96.43,96.43,96.43,99
1758896880,96.43,96.43,96.43,96.43,24
1758897240,96.43,96.43,96.43,96.43,44
1758897360,96.43,96.43,96.43,96.43,10
1758897420,96.43,96.435,96.43,96.435,28
1758897480,96.435,96.435,96.435,96.435,21
1758897540,96.435,96.435,96.435,96.435,24
1758897600,96.435,96.435,96.435,96.435,17
1758897660,96.435,96.435,96.435,96.435,14
1758897840,96.44,96.44,96.44,96.44,9
1758897960,96.44,96.44,96.44,96.44,38
1758898140,96.44,96.44,96.44,96.44,42
1758898320,96.435,96.435,96.435,96.435,11
1758898380,96.435,96.435,96.435,96.435,9
1758898740,96.435,96.435,96.435,96.435,53
1758899400,96.43,96.43,96.43,96.43,23
1758899580,96.43,96.43,96.43,96.43,7
1758899700,96.43,96.43,96.43,96.43,6
1758900360,96.425,96.425,96.425,96.425,1
1758900540,96.43,96.43,96.43,96.43,263
1758901020,96.43,96.43,96.43,96.43,64
1758901080,96.43,96.43,96.43,96.43,17
1758901200,96.43,96.43,96.43,96.43,34
1758901620,96.43,96.43,96.43,96.43,18
1758901860,96.43,96.43,96.43,96.43,5
1758901920,96.43,96.43,96.43,96.43,5
1758902520,96.43,96.43,96.43,96.43,16
1758902700,96.43,96.43,96.43,96.43,16
1758902760,96.43,96.43,96.43,96.43,14
1758902820,96.43,96.43,96.43,96.43,3
1758903300,96.43,96.43,96.43,96.43,73
1758903600,96.43,96.43,96.43,96.43,50
1758903960,96.43,96.43,96.43,96.43,7
1758904980,96.435,96.435,96.435,96.435,32
1758905100,96.435,96.435,96.435,96.435,15
1758905280,96.435,96.435,96.435,96.435,91
1758905820,96.435,96.435,96.435,96.435,23
1758905880,96.435,96.435,96.435,96.435,10
1758906000,96.435,96.435,96.435,96.435,8
1758906060,96.435,96.435,96.435,96.435,1
1758906120,96.435,96.435,96.435,96.435,5
1758906180,96.435,96.435,96.435,96.435,10
1758906300,96.435,96.435,96.435,96.435,12
1758906420,96.44,96.44,96.44,96.44,2
1758906480,96.44,96.44,96.44,96.44,15
1758906660,96.44,96.44,96.44,96.44,1
1758906780,96.44,96.44,96.44,96.44,32
1758907500,96.44,96.44,96.44,96.44,5
1758908220,96.445,96.445,96.445,96.445,21
1758908280,96.445,96.445,96.445,96.445,1
1758908400,96.445,96.445,96.445,96.445,7
1758908580,96.445,96.445,96.445,96.445,3
1758909960,96.445,96.445,96.445,96.445,15
1758913140,96.44,96.44,96.44,96.44,65
1758914100,96.44,96.44,96.44,96.44,7
1758914520,96.44,96.44,96.44,96.44,3
1758914700,96.44,96.44,96.44,96.44,2
1758916860,96.445,96.445,96.445,96.445,52
1758916920,96.445,96.445,96.445,96.445,1
1758917040,96.445,96.445,96.445,96.445,3
1758917760,96.44,96.44,96.44,96.44,11
1758918180,96.445,96.445,96.445,96.445,2
1758919020,96.445,96.445,96.445,96.445,1
1758919980,96.445,96.445,96.445,96.445,27
1758920040,96.445,96.445,96.445,96.445,2
1759096800,96.445,96.445,96.445,96.445,10
1759096860,96.445,96.445,96.445,96.445,3
1759102200,96.45,96.45,96.45,96.45,21
1759103520,96.45,96.45,96.45,96.45,1
1759105500,96.45,96.45,96.45,96.45,2
1759106580,96.45,96.45,96.45,96.45,1
1759107660,96.45,96.45,96.45,96.45,8
1759107720,96.45,96.45,96.45,96.45,36
1759108260,96.45,96.45,96.45,96.45,1
1759109460,96.45,96.45,96.45,96.45,5
1759128840,96.45,96.45,96.45,96.45,1
1759129260,96.45,96.45,96.45,96.45,51
1759129680,96.45,96.45,96.45,96.45,1
1759129860,96.45,96.45,96.45,96.45,12
1759130400,96.45,96.45,96.45,96.45,3
1759131900,96.455,96.455,96.455,96.455,2
1759132080,96.455,96.455,96.455,96.455,5
1759132680,96.455,96.455,96.455,96.455,17
1759132860,96.455,96.455,96.455,96.455,24
1759132920,96.455,96.455,96.455,96.455,3
1759133160,96.455,96.455,96.455,96.455,4
1759133340,96.455,96.455,96.455,96.455,6
1759133640,96.455,96.455,96.455,96.455,12
1759133820,96.455,96.455,96.455,96.455,5
1759134480,96.455,96.455,96.455,96.455,6
1759134600,96.455,96.455,96.455,96.455,6
1759134960,96.455,96.455,96.455,96.455,39
1759135440,96.455,96.455,96.455,96.455,43
1759136400,96.455,96.455,96.455,96.455,4
1759136820,96.455,96.455,96.455,96.455,7
1759136880,96.455,96.455,96.455,96.455,3
1759139040,96.455,96.455,96.455,96.455,14
1759139160,96.455,96.455,96.455,96.455,8
1759141920,96.455,96.455,96.455,96.455,18
1759144140,96.455,96.455,96.455,96.455,5
1759144200,96.455,96.455,96.455,96.455,15
1759144260,96.455,96.455,96.455,96.455,1
1759145400,96.455,96.455,96.455,96.455,28
1759145700,96.455,96.455,96.455,96.455,6
1759145760,96.455,96.455,96.455,96.455,12
1759145820,96.455,96.455,96.455,96.455,9
1759145880,96.455,96.455,96.455,96.455,4
1759146180,96.455,96.455,96.455,96.455,8
1759146300,96.455,96.455,96.455,96.455,16
1759146420,96.455,96.455,96.455,96.455,5
1759146840,96.455,96.455,96.455,96.455,19
1759147200,96.455,96.455,96.455,96.455,14
1759147860,96.45,96.45,96.45,96.45,10
1759148160,96.45,96.45,96.45,96.45,96
1759148280,96.45,96.45,96.45,96.45,3
1759148580,96.45,96.45,96.45,96.45,100
1759148640,96.45,96.45,96.45,96.45,12
1759148700,96.45,96.45,96.45,96.45,12
1759148820,96.45,96.45,96.45,96.45,7
1759148880,96.45,96.45,96.45,96.45,1
1759149000,96.45,96.45,96.45,96.45,3
1759149300,96.45,96.45,96.45,96.45,6
1759149420,96.45,96.45,96.45,96.45,3
1759149540,96.45,96.45,96.45,96.45,26
1759150380,96.45,96.45,96.45,96.45,7
1759150440,96.45,96.45,96.45,96.45,9
1759150740,96.45,96.45,96.45,96.45,2
1759151340,96.445,96.445,96.445,96.445,175
1759151400,96.445,96.445,96.445,96.445,15
1759151460,96.445,96.445,96.445,96.445,4
1759151760,96.445,96.445,96.445,96.445,9
1759151940,96.445,96.445,96.445,96.445,59
1759152060,96.445,96.445,96.445,96.445,53
1759152480,96.45,96.45,96.45,96.45,162
1759152720,96.45,96.45,96.45,96.45,155
1759152840,96.45,96.45,96.45,96.45,8
1759152900,96.45,96.45,96.45,96.45,8
1759153320,96.45,96.45,96.45,96.45,9
1759153380,96.45,96.45,96.45,96.45,9
1759153500,96.45,96.45,96.45,96.45,2
1759154520,96.455,96.455,96.455,96.455,2
1759154820,96.455,96.455,96.455,96.455,1
1759155660,96.455,96.455,96.455,96.455,29
1759156560,96.45,96.45,96.45,96.45,53
1759157280,96.455,96.455,96.455,96.455,1
1759157940,96.455,96.455,96.455,96.455,69
1759158180,96.455,96.455,96.455,96.455,88
1759158840,96.46,96.46,96.46,96.46,122
1759159260,96.46,96.46,96.46,96.46,10
1759160280,96.455,96.455,96.455,96.455,44
1759160520,96.455,96.455,96.455,96.455,2
1759160640,96.46,96.46,96.46,96.46,89
1759160880,96.46,96.46,96.46,96.46,7
1759161960,96.455,96.455,96.455,96.455,7
1759163100,96.455,96.455,96.455,96.455,17
1759163880,96.46,96.46,96.46,96.46,1
1759164240,96.46,96.46,96.46,96.46,31
1759164360,96.46,96.46,96.46,96.46,40
1759164720,96.46,96.46,96.46,96.46,8
1759165440,96.455,96.455,96.455,96.455,64
1759166400,96.455,96.455,96.455,96.455,35
1759166460,96.455,96.455,96.455,96.455,8
1759166640,96.455,96.455,96.455,96.455,23
1759167840,96.455,96.455,96.455,96.455,12
1759168320,96.455,96.455,96.455,96.455,13
1759168500,96.455,96.455,96.455,96.455,16
1759168620,96.455,96.455,96.455,96.455,2
1759168740,96.455,96.455,96.455,96.455,6
1759169640,96.455,96.455,96.455,96.455,15
1759170120,96.455,96.455,96.455,96.455,13
1759170960,96.455,96.455,96.455,96.455,10
1759171680,96.455,96.455,96.455,96.455,1
1759171980,96.455,96.455,96.455,96.455,8
1759172340,96.455,96.455,96.455,96.455,40
1759172580,96.455,96.455,96.455,96.455,5
1759173960,96.455,96.455,96.455,96.455,27
1759174140,96.455,96.455,96.455,96.455,6
1759174500,96.455,96.455,96.455,96.455,11
1759174560,96.455,96.455,96.455,96.455,66
1759174740,96.455,96.455,96.455,96.455,6
1759175340,96.455,96.455,96.455,96.455,68
1759175520,96.455,96.455,96.455,96.455,39
1759175880,96.455,96.455,96.455,96.455,8
1759176000,96.455,96.455,96.455,96.455,26
1759176060,96.455,96.455,96.455,96.455,7
1759178220,96.455,96.455,96.455,96.455,5
1759178280,96.46,96.46,96.46,96.46,3
1759178400,96.46,96.46,96.46,96.46,103
1759178580,96.46,96.46,96.46,96.46,18
1759178640,96.46,96.46,96.46,96.46,1
1759179120,96.46,96.46,96.46,96.46,16
1759179180,96.46,96.46,96.46,96.46,8
1759190100,96.46,96.46,96.46,96.46,7
1759201080,96.46,96.46,96.46,96.46,10
1759203780,96.46,96.46,96.46,96.46,22
1759205700,96.46,96.46,96.46,96.46,53
1759206480,96.46,96.46,96.46,96.46,12
1759208340,96.46,96.46,96.46,96.46,7
1759210500,96.46,96.46,96.46,96.46,43
1759212540,96.46,96.46,96.46,96.46,20
1759212660,96.465,96.465,96.465,96.465,100
1759213140,96.465,96.465,96.465,96.465,27
1759214340,96.465,96.465,96.465,96.465,17
1759216440,96.47,96.47,96.47,96.47,192
1759217280,96.465,96.465,96.465,96.465,12
1759218540,96.465,96.465,96.465,96.465,8
1759218660,96.465,96.465,96.465,96.465,12
1759218900,96.465,96.465,96.465,96.465,5
1759219680,96.465,96.465,96.465,96.465,439
1759219740,96.465,96.465,96.465,96.465,10
1759219800,96.465,96.465,96.465,96.465,14
1759219920,96.465,96.465,96.465,96.465,4
1759219980,96.465,96.465,96.465,96.465,15
1759220040,96.465,96.465,96.465,96.465,2
1759220100,96.465,96.465,96.465,96.465,6
1759222440,96.47,96.47,96.47,96.47,6
1759222860,96.47,96.47,96.47,96.47,16
1759225320,96.465,96.465,96.465,96.465,195
1759225740,96.47,96.47,96.47,96.47,1
1759226220,96.47,96.47,96.47,96.47,1
1759226940,96.47,96.47,96.47,96.47,25
1759227120,96.47,96.47,96.47,96.47,16
1759227720,96.465,96.465,96.465,96.465,7
1759227840,96.465,96.465,96.465,96.465,12
1759229520,96.465,96.465,96.465,96.465,395
1759229640,96.46,96.46,96.46,96.46,44
1759229880,96.46,96.46,96.46,96.46,24
1759229940,96.46,96.46,96.46,96.46,28
1759230000,96.46,96.46,96.46,96.46,27
1759230120,96.46,96.46,96.46,96.46,50
1759230720,96.46,96.46,96.46,96.46,25
1759230900,96.46,96.46,96.46,96.46,61
1759231380,96.46,96.46,96.46,96.46,7
1759231920,96.46,96.46,96.46,96.46,24
1759231980,96.46,96.46,96.46,96.46,4
1759232040,96.46,96.46,96.46,96.46,8
1759232100,96.46,96.46,96.46,96.46,4
1759232160,96.46,96.46,96.46,96.46,5
1759232220,96.46,96.46,96.46,96.46,27
1759232280,96.46,96.46,96.46,96.46,21
1759232340,96.46,96.46,96.46,96.46,20
1759232400,96.46,96.46,96.46,96.46,18
1759232520,96.46,96.46,96.46,96.46,60
1759232820,96.46,96.46,96.46,96.46,14
1759233180,96.46,96.46,96.46,96.46,14
1759233360,96.46,96.46,96.46,96.46,7
1759233660,96.465,96.465,96.465,96.465,269
1759233720,96.465,96.465,96.465,96.465,36
1759233780,96.465,96.465,96.465,96.465,10
1759234140,96.465,96.465,96.465,96.465,11
1759234920,96.47,96.47,96.47,96.47,45
1759234980,96.47,96.47,96.47,96.47,10
1759235880,96.47,96.47,96.47,96.47,42
1759236180,96.47,96.47,96.47,96.47,22
1759236300,96.47,96.47,96.47,96.47,3
1759236480,96.47,96.47,96.47,96.47,5
1759236540,96.47,96.47,96.47,96.47,18
1759236900,96.47,96.47,96.47,96.47,100
1759237200,96.465,96.465,96.465,96.465,1
1759237860,96.47,96.47,96.47,96.47,17
1759239000,96.465,96.465,96.465,96.465,3
1759240560,96.47,96.47,96.47,96.47,16
1759240680,96.47,96.47,96.47,96.47,7
1759240740,96.47,96.47,96.47,96.47,53
1759240800,96.475,96.475,96.46,96.46,91
1759240860,96.465,96.465,96.465,96.465,18
1759240920,96.465,96.465,96.465,96.465,3
1759240980,96.465,96.465,96.465,96.465,6
1759241100,96.47,96.47,96.47,96.47,33
1759241220,96.47,96.47,96.47,96.47,1
1759241340,96.475,96.475,96.475,96.475,89
1759241400,96.48,96.48,96.48,96.48,66
1759241460,96.48,96.48,96.48,96.48,62
1759241580,96.48,96.48,96.48,96.48,7
1759241820,96.475,96.475,96.475,96.475,13
1759241940,96.475,96.475,96.475,96.475,54
1759242000,96.475,96.48,96.475,96.48,56
1759242360,96.48,96.48,96.48,96.48,10
1759242600,96.48,96.48,96.48,96.48,12
1759242780,96.48,96.48,96.48,96.48,8
1759242900,96.48,96.48,96.48,96.48,4
1759243020,96.48,96.48,96.48,96.48,11
1759243080,96.48,96.48,96.48,96.48,8
1759243380,96.48,96.48,96.48,96.48,27
1759243500,96.48,96.48,96.48,96.48,52
1759243680,96.48,96.48,96.48,96.48,282
1759243980,96.48,96.48,96.48,96.48,5
1759244100,96.48,96.48,96.48,96.48,8
1759244640,96.48,96.48,96.48,96.48,24
1759244700,96.48,96.48,96.48,96.48,10
1759244760,96.48,96.48,96.48,96.48,7
1759244820,96.48,96.48,96.48,96.48,20
1759245480,96.48,96.48,96.48,96.48,2
1759245600,96.48,96.48,96.48,96.48,13
1759245720,96.48,96.48,96.48,96.48,23
1759245780,96.48,96.48,96.48,96.48,1
1759245840,96.48,96.48,96.48,96.48,2
1759246080,96.48,96.48,96.48,96.48,1
1759246140,96.48,96.48,96.48,96.48,1
1759246200,96.48,96.48,96.48,96.48,2
1759246320,96.475,96.475,96.475,96.475,121
1759246380,96.475,96.475,96.475,96.475,44
1759246440,96.475,96.475,96.475,96.475,50
1759246500,96.475,96.475,96.475,96.475,2
1759246740,96.475,96.475,96.475,96.475,2
1759246860,96.475,96.475,96.475,96.475,2
1759246980,96.475,96.475,96.475,96.475,1
1759247100,96.475,96.475,96.475,96.475,1
1759247220,96.475,96.475,96.475,96.475,2
1759247400,96.475,96.475,96.475,96.475,657
1759247460,96.48,96.48,96.48,96.48,1
1759247580,96.48,96.48,96.48,96.48,3
1759247640,96.48,96.48,96.48,96.48,1
1759247700,96.48,96.48,96.48,96.48,2
1759247880,96.48,96.48,96.48,96.48,2
1759248120,96.48,96.48,96.48,96.48,148
1759248180,96.48,96.48,96.48,96.48,30
1759248360,96.485,96.485,96.485,96.485,2
1759248540,96.485,96.485,96.485,96.485,2
1759248960,96.485,96.485,96.485,96.485,2
1759249200,96.485,96.485,96.485,96.485,1
1759249380,96.485,96.485,96.485,96.485,1
1759249620,96.485,96.485,96.485,96.485,1
1759249800,96.485,96.485,96.48,96.48,67
1759250040,96.485,96.485,96.485,96.485,1
1759250100,96.485,96.485,96.485,96.485,8
1759250220,96.49,96.49,96.49,96.49,1
1759250280,96.49,96.49,96.49,96.49,2
1759250520,96.49,96.49,96.49,96.49,2
1759250820,96.485,96.485,96.485,96.485,241
1759251000,96.485,96.485,96.485,96.485,3
1759251060,96.49,96.49,96.49,96.49,1
1759251300,96.49,96.49,96.485,96.485,65
1759251480,96.485,96.485,96.485,96.485,25
1759251660,96.485,96.485,96.485,96.485,1
1759251720,96.485,96.485,96.485,96.485,26
1759251840,96.485,96.485,96.485,96.485,1
1759252020,96.485,96.485,96.485,96.485,1
1759252080,96.485,96.485,96.485,96.485,2
1759252260,96.485,96.485,96.485,96.485,3
1759252380,96.485,96.485,96.485,96.485,1
1759252500,96.485,96.485,96.485,96.485,1
1759252680,96.485,96.485,96.485,96.485,2
1759253040,96.485,96.485,96.485,96.485,1
1759253220,96.485,96.485,96.485,96.485,1
1759253400,96.485,96.485,96.485,96.485,1
1759253520,96.48,96.48,96.48,96.48,27
1759253640,96.48,96.48,96.48,96.48,1
1759253700,96.48,96.48,96.48,96.48,22
1759254000,96.485,96.485,96.485,96.485,2
1759254240,96.48,96.48,96.48,96.48,18
1759254300,96.48,96.48,96.48,96.48,16
1759254420,96.48,96.48,96.48,96.48,23
1759254480,96.48,96.48,96.48,96.48,22
1759254600,96.48,96.48,96.48,96.48,26
1759254960,96.485,96.485,96.485,96.485,2
1759255200,96.485,96.485,96.485,96.485,301
1759255260,96.49,96.49,96.49,96.49,2
1759255500,96.49,96.49,96.49,96.49,1
1759255560,96.49,96.49,96.49,96.49,2
1759255680,96.485,96.485,96.485,96.485,41
1759255740,96.485,96.485,96.485,96.485,3
1759255860,96.485,96.485,96.485,96.485,4
1759256040,96.485,96.485,96.485,96.485,19
1759256100,96.485,96.485,96.485,96.485,2
1759256520,96.485,96.485,96.485,96.485,1
1759256700,96.485,96.485,96.485,96.485,1
1759256820,96.485,96.485,96.485,96.485,1
1759257000,96.485,96.485,96.485,96.485,2
1759257120,96.48,96.48,96.48,96.48,59
1759257300,96.485,96.485,96.485,96.485,1
1759257360,96.485,96.485,96.485,96.485,484
1759257420,96.49,96.495,96.49,96.495,104
1759257480,96.495,96.495,96.49,96.49,95
1759257540,96.49,96.49,96.49,96.49,110
1759257720,96.49,96.49,96.49,96.49,86
1759257780,96.49,96.49,96.49,96.49,53
1759257960,96.49,96.49,96.49,96.49,5
1759258020,96.495,96.495,96.495,96.495,1
1759258140,96.495,96.495,96.495,96.495,2
1759258440,96.495,96.495,96.495,96.495,2
1759258680,96.49,96.49,96.49,96.49,33
1759258800,96.485,96.485,96.485,96.485,15
1759258920,96.49,96.49,96.49,96.49,1
1759259100,96.495,96.495,96.495,96.495,1
1759259160,96.49,96.49,96.49,96.49,6
1759259220,96.49,96.49,96.49,96.49,21
1759260120,96.49,96.49,96.49,96.49,1
1759260840,96.49,96.49,96.49,96.49,652
1759261800,96.49,96.49,96.49,96.49,1
1759261980,96.485,96.485,96.485,96.485,59
1759262040,96.48,96.48,96.48,96.48,216
1759262100,96.48,96.48,96.48,96.48,47
1759262160,96.48,96.48,96.48,96.48,33
1759262340,96.48,96.48,96.48,96.48,23
1759262460,96.48,96.48,96.48,96.48,41
1759262520,96.48,96.48,96.48,96.48,48
1759262580,96.48,96.48,96.48,96.48,12
1759262700,96.48,96.48,96.48,96.48,13
1759262880,96.48,96.48,96.48,96.48,7
1759262940,96.48,96.48,96.48,96.48,1
1759263060,96.475,96.475,96.475,96.475,15
1759263300,96.475,96.475,96.475,96.475,9
1759269720,96.475,96.475,96.475,96.475,9
1759269780,96.475,96.475,96.475,96.475,45
1759269900,96.48,96.48,96.48,96.48,3
1759276800,96.475,96.475,96.47,96.47,32
1759276860,96.475,96.475,96.475,96.475,36
1759276920,96.475,96.475,96.475,96.475,17
1759277460,96.475,96.475,96.475,96.475,9
1759277700,96.475,96.475,96.475,96.475,3
1759279560,96.475,96.475,96.475,96.475,30
1759279680,96.475,96.475,96.475,96.475,18
1759279740,96.475,96.475,96.475,96.475,3
1759285200,96.48,96.48,96.48,96.48,2
1759285680,96.48,96.48,96.48,96.48,2
1759293360,96.48,96.48,96.48,96.48,3
1759299660,96.475,96.475,96.475,96.475,15
1759299720,96.475,96.475,96.475,96.475,8
1759299780,96.475,96.475,96.475,96.475,11
1759299900,96.475,96.475,96.475,96.475,12
1759299960,96.475,96.475,96.475,96.475,12
1759300020,96.475,96.475,96.475,96.475,4
1759300140,96.47,96.47,96.47,96.47,5
1759302900,96.475,96.475,96.475,96.475,26
1759303020,96.475,96.475,96.475,96.475,1
1759303140,96.475,96.475,96.475,96.475,25
1759303260,96.475,96.475,96.475,96.475,19
1759303620,96.475,96.475,96.475,96.475,3
1759304340,96.475,96.475,96.475,96.475,7
1759304640,96.475,96.475,96.475,96.475,11
1759304760,96.475,96.475,96.475,96.475,7
1759305720,96.48,96.48,96.48,96.48,9
1759306560,96.475,96.475,96.475,96.475,29
1759307700,96.48,96.48,96.48,96.48,10
1759307940,96.48,96.48,96.48,96.48,17
1759308120,96.48,96.48,96.48,96.48,7
1759308780,96.48,96.48,96.48,96.48,7
1759309320,96.48,96.48,96.48,96.48,13
1759309920,96.48,96.48,96.48,96.48,7
1759311780,96.48,96.48,96.48,96.48,35
1759312920,96.48,96.48,96.48,96.48,109
1759313640,96.48,96.48,96.48,96.48,23
1759313880,96.48,96.48,96.48,96.48,2
1759313940,96.48,96.48,96.48,96.48,1
1759314060,96.48,96.48,96.48,96.48,8
1759314360,96.48,96.48,96.48,96.48,8
1759314420,96.48,96.48,96.48,96.48,8
1759314480,96.48,96.48,96.48,96.48,21
1759314540,96.48,96.48,96.48,96.48,7
1759314840,96.48,96.48,96.48,96.48,8
1759316160,96.48,96.48,96.48,96.48,100
1759317540,96.485,96.485,96.485,96.485,2
1759317600,96.485,96.485,96.485,96.485,119
1759319640,96.485,96.485,96.485,96.485,102
1759319760,96.485,96.485,96.485,96.485,18
1759319820,96.485,96.485,96.485,96.485,19
1759319880,96.485,96.485,96.485,96.485,10
1759320300,96.48,96.48,96.48,96.48,22
1759320720,96.475,96.475,96.475,96.475,13
1759320840,96.475,96.475,96.475,96.475,2
1759320900,96.475,96.525,96.475,96.52,931
1759320960,96.52,96.53,96.52,96.525,312
1759321020,96.53,96.535,96.53,96.535,62
1759321080,96.53,96.53,96.53,96.53,49
1759321140,96.525,96.525,96.52,96.52,65
1759321200,96.52,96.525,96.52,96.525,455
1759321260,96.53,96.53,96.53,96.53,68
1759321440,96.53,96.53,96.525,96.525,91
1759321560,96.53,96.53,96.53,96.53,79
1759321620,96.53,96.53,96.53,96.53,119
1759321680,96.53,96.53,96.53,96.53,30
1759321740,96.525,96.525,96.525,96.525,46
1759321800,96.525,96.525,96.525,96.525,54
1759322040,96.53,96.53,96.53,96.53,38
1759322100,96.53,96.53,96.53,96.53,10
1759322160,96.53,96.53,96.53,96.53,128
1759322220,96.53,96.53,96.53,96.53,114
1759322280,96.53,96.53,96.53,96.53,39
1759322340,96.535,96.535,96.535,96.535,75
1759322400,96.535,96.535,96.535,96.535,6
1759322520,96.535,96.535,96.535,96.535,49
1759322640,96.535,96.535,96.535,96.535,39
1759322700,96.535,96.535,96.535,96.535,311
1759322760,96.53,96.53,96.53,96.53,580
1759322820,96.535,96.535,96.535,96.535,65
1759322880,96.535,96.535,96.535,96.535,4
1759322940,96.535,96.535,96.535,96.535,10
1759323000,96.535,96.535,96.535,96.535,38
1759323060,96.535,96.535,96.535,96.535,50
1759323120,96.535,96.535,96.535,96.535,31
1759323600,96.535,96.535,96.535,96.535,54
1759323900,96.54,96.54,96.54,96.54,146
1759324020,96.54,96.54,96.54,96.54,11
1759324080,96.54,96.54,96.54,96.54,303
1759324140,96.54,96.54,96.54,96.54,13
1759324380,96.535,96.535,96.535,96.535,25
1759324620,96.54,96.54,96.54,96.54,50
1759324680,96.54,96.54,96.54,96.54,10
1759324740,96.54,96.54,96.54,96.54,2
1759325280,96.54,96.54,96.54,96.54,23
1759325700,96.54,96.54,96.54,96.54,25
1759325760,96.54,96.54,96.54,96.54,30
1759325820,96.54,96.54,96.54,96.54,43
1759326000,96.54,96.54,96.54,96.54,13
1759326420,96.54,96.54,96.54,96.54,26
1759326600,96.545,96.545,96.545,96.545,50
1759326900,96.54,96.54,96.54,96.54,29
1759327080,96.54,96.54,96.54,96.54,4
1759327140,96.54,96.545,96.54,96.545,3
1759327200,96.54,96.54,96.54,96.54,18
1759327320,96.535,96.535,96.535,96.535,781
1759327380,96.535,96.535,96.535,96.535,51
1759327560,96.54,96.54,96.535,96.535,87
1759327620,96.535,96.54,96.535,96.54,17
1759327680,96.54,96.54,96.54,96.54,2
1759327740,96.54,96.54,96.54,96.54,5
1759327800,96.535,96.535,96.535,96.535,35
1759327860,96.535,96.54,96.535,96.54,28
1759327920,96.54,96.54,96.54,96.54,5
1759327980,96.54,96.54,96.54,96.54,2
1759328040,96.535,96.535,96.535,96.535,14
1759328100,96.535,96.535,96.535,96.535,31
1759328160,96.535,96.535,96.535,96.535,2
1759328220,96.535,96.535,96.535,96.535,1
1759328280,96.535,96.535,96.535,96.535,2
1759328340,96.535,96.535,96.535,96.535,138
1759328400,96.535,96.535,96.535,96.535,7
1759328460,96.54,96.54,96.54,96.54,2
1759328520,96.54,96.54,96.54,96.54,2
1759328580,96.54,96.54,96.54,96.54,1
1759328640,96.54,96.54,96.54,96.54,2
1759328700,96.54,96.54,96.54,96.54,2
1759328760,96.54,96.54,96.54,96.54,2
1759328820,96.54,96.54,96.54,96.54,2
1759328880,96.54,96.54,96.54,96.54,2
1759329000,96.54,96.54,96.54,96.54,2
1759329060,96.54,96.54,96.54,96.54,1
1759329120,96.54,96.54,96.54,96.54,3
1759329240,96.54,96.54,96.54,96.54,1
1759329300,96.54,96.54,96.54,96.54,1
1759329360,96.54,96.54,96.54,96.54,2
1759329420,96.54,96.54,96.54,96.54,2
1759329540,96.54,96.54,96.54,96.54,3
1759329600,96.54,96.54,96.54,96.54,2
1759329660,96.54,96.54,96.54,96.54,2
1759329780,96.54,96.54,96.54,96.54,3
1759329840,96.54,96.54,96.54,96.54,3
1759329900,96.54,96.54,96.54,96.54,1
1759329960,96.54,96.54,96.54,96.54,3
1759330020,96.535,96.535,96.52,96.525,726
1759330080,96.525,96.53,96.525,96.53,37
1759330140,96.53,96.53,96.53,96.53,25
1759330200,96.53,96.53,96.53,96.53,16
1759330380,96.53,96.53,96.53,96.53,131
1759330440,96.53,96.53,96.53,96.53,9
1759330500,96.535,96.535,96.535,96.535,2
1759330620,96.535,96.535,96.535,96.535,85
1759330680,96.535,96.535,96.535,96.535,3
1759330740,96.535,96.535,96.535,96.535,3
1759330800,96.535,96.535,96.535,96.535,14
1759330860,96.535,96.535,96.535,96.535,2
1759330920,96.535,96.54,96.535,96.54,33
1759330980,96.535,96.535,96.535,96.535,95
1759331040,96.535,96.535,96.535,96.535,13
1759331100,96.54,96.54,96.54,96.54,1
1759331160,96.54,96.54,96.54,96.54,3
1759331220,96.54,96.54,96.54,96.54,1
1759331280,96.54,96.54,96.535,96.535,40
1759331340,96.54,96.54,96.54,96.54,1
1759331400,96.54,96.54,96.54,96.54,2
1759331460,96.54,96.54,96.54,96.54,2
1759331520,96.54,96.54,96.54,96.54,2
1759331580,96.54,96.54,96.54,96.54,1
1759331640,96.54,96.54,96.54,96.54,3
1759331700,96.54,96.54,96.54,96.54,2
1759331760,96.535,96.535,96.535,96.535,5
1759331820,96.54,96.54,96.535,96.535,78
1759331880,96.535,96.535,96.535,96.535,19
1759331940,96.535,96.54,96.535,96.54,22
1759332000,96.535,96.535,96.535,96.535,92
1759332060,96.535,96.535,96.535,96.535,33
1759332120,96.535,96.54,96.535,96.54,2
1759332180,96.54,96.54,96.535,96.535,3
1759332300,96.535,96.54,96.535,96.54,42
1759332360,96.54,96.54,96.54,96.54,2
1759332420,96.54,96.54,96.54,96.54,1
1759332480,96.54,96.54,96.54,96.54,1
1759332660,96.535,96.535,96.535,96.535,16
1759332900,96.535,96.535,96.535,96.535,1
1759332960,96.535,96.535,96.535,96.535,1
1759333020,96.535,96.535,96.535,96.535,1
1759333080,96.535,96.535,96.535,96.535,62
1759333140,96.535,96.535,96.535,96.535,11
1759333200,96.535,96.54,96.535,96.54,9
1759333320,96.54,96.54,96.54,96.54,2
1759333440,96.54,96.54,96.54,96.54,3
1759333620,96.54,96.54,96.54,96.54,1
1759333680,96.54,96.54,96.54,96.54,1
1759333740,96.54,96.54,96.54,96.54,1
1759333800,96.54,96.54,96.54,96.54,2
1759333860,96.535,96.535,96.535,96.535,43
1759334100,96.54,96.54,96.54,96.54,81
1759334160,96.54,96.54,96.54,96.54,1
1759334220,96.54,96.54,96.54,96.54,1
1759334340,96.54,96.54,96.54,96.54,1
1759334400,96.54,96.54,96.54,96.54,2
1759334520,96.54,96.54,96.54,96.54,1
1759334580,96.54,96.54,96.54,96.54,2
1759334640,96.54,96.54,96.54,96.54,1
1759334700,96.54,96.54,96.54,96.54,3
1759334760,96.54,96.54,96.54,96.54,2
1759334820,96.54,96.54,96.54,96.54,1
1759334880,96.54,96.54,96.54,96.54,2
1759334940,96.535,96.535,96.535,96.535,358
1759335120,96.535,96.535,96.535,96.535,1
1759335240,96.535,96.535,96.535,96.535,1
1759335360,96.535,96.535,96.535,96.535,2
1759335540,96.535,96.535,96.535,96.535,2
1759335720,96.535,96.535,96.535,96.535,1
1759335900,96.535,96.535,96.535,96.535,1
1759335960,96.535,96.535,96.535,96.535,2
1759336140,96.535,96.535,96.535,96.535,1
1759336260,96.535,96.535,96.535,96.535,2
1759336380,96.535,96.535,96.535,96.535,1
1759336440,96.535,96.535,96.535,96.535,2
1759336620,96.535,96.535,96.535,96.535,2
1759336740,96.535,96.535,96.535,96.535,1
1759336800,96.535,96.535,96.535,96.535,1
1759336860,96.535,96.535,96.535,96.535,2
1759337040,96.535,96.535,96.535,96.535,1
1759337160,96.535,96.535,96.535,96.535,1
1759337280,96.535,96.535,96.535,96.535,2
1759337400,96.535,96.535,96.535,96.535,2
1759337460,96.535,96.535,96.535,96.535,13
1759337640,96.535,96.535,96.535,96.535,50
1759337700,96.535,96.535,96.535,96.535,1
1759337760,96.535,96.535,96.535,96.535,2
1759337820,96.535,96.535,96.535,96.535,20
1759337880,96.535,96.535,96.535,96.535,8
1759337940,96.535,96.54,96.535,96.54,2
1759338000,96.535,96.535,96.535,96.535,51
1759338180,96.535,96.535,96.535,96.535,2
1759338300,96.54,96.54,96.54,96.54,2
1759338420,96.54,96.54,96.54,96.54,1
1759338480,96.54,96.54,96.54,96.54,1
1759338540,96.54,96.54,96.54,96.54,2
1759338660,96.54,96.54,96.54,96.54,2
1759338840,96.54,96.54,96.54,96.54,2
1759339020,96.54,96.54,96.54,96.54,1
1759339080,96.54,96.54,96.54,96.54,1
1759339200,96.54,96.54,96.54,96.54,2
1759339440,96.54,96.54,96.54,96.54,2
1759339680,96.54,96.54,96.54,96.54,2
1759339920,96.54,96.54,96.54,96.54,1
1759339980,96.54,96.54,96.54,96.54,2
1759340160,96.54,96.54,96.54,96.54,1
1759340280,96.54,96.54,96.54,96.54,1
1759340400,96.54,96.54,96.54,96.54,1
1759340520,96.54,96.54,96.54,96.54,2
1759340760,96.54,96.54,96.54,96.54,1
1759340820,96.54,96.54,96.54,96.54,1
1759340880,96.535,96.54,96.535,96.54,2
1759341060,96.54,96.54,96.54,96.54,149
1759341180,96.54,96.54,96.54,96.54,3
1759341420,96.54,96.54,96.54,96.54,1
1759341540,96.54,96.54,96.54,96.54,1
1759341600,96.54,96.54,96.54,96.54,1
1759341660,96.54,96.54,96.54,96.54,2
1759341840,96.54,96.54,96.54,96.54,1
1759341900,96.54,96.54,96.54,96.54,1
1759341960,96.54,96.54,96.54,96.54,2
1759342020,96.54,96.54,96.54,96.54,2
1759342200,96.54,96.54,96.54,96.54,2
1759342320,96.54,96.54,96.54,96.54,2
1759342500,96.54,96.54,96.54,96.54,1
1759342560,96.54,96.54,96.54,96.54,2
1759342860,96.54,96.54,96.54,96.54,1
1759342920,96.54,96.54,96.54,96.54,1
1759343040,96.54,96.54,96.54,96.54,1
1759343160,96.54,96.54,96.54,96.54,2
1759343340,96.54,96.54,96.54,96.54,16
1759343400,96.54,96.54,96.54,96.54,2
1759343460,96.54,96.54,96.54,96.54,42
1759343580,96.545,96.545,96.545,96.545,2
1759343820,96.545,96.545,96.545,96.545,2
1759343940,96.545,96.545,96.545,96.545,1
1759344000,96.545,96.545,96.545,96.545,1
1759344060,96.545,96.545,96.545,96.545,1
1759344120,96.54,96.54,96.54,96.54,8
1759344240,96.54,96.54,96.54,96.54,2
1759344360,96.54,96.54,96.54,96.54,1
1759344480,96.54,96.54,96.54,96.54,2
1759344600,96.54,96.54,96.54,96.54,1
1759344780,96.54,96.54,96.54,96.54,1
1759344840,96.54,96.54,96.54,96.54,25
1759344900,96.54,96.54,96.54,96.54,11
1759345020,96.54,96.54,96.54,96.54,18
1759345080,96.54,96.54,96.54,96.54,11
1759345200,96.54,96.54,96.54,96.54,2
1759345320,96.54,96.54,96.54,96.54,13
1759345380,96.54,96.54,96.54,96.54,2
1759345440,96.54,96.54,96.54,96.54,2
1759345560,96.54,96.54,96.54,96.54,2
1759345680,96.54,96.545,96.54,96.545,2
1759345740,96.54,96.54,96.54,96.54,18
1759345980,96.545,96.545,96.54,96.54,27
1759346220,96.54,96.54,96.54,96.54,11
1759346460,96.54,96.54,96.54,96.54,1
1759346520,96.54,96.54,96.54,96.54,1
1759346580,96.54,96.54,96.54,96.54,1
1759346640,96.54,96.54,96.54,96.54,1
1759346700,96.54,96.54,96.54,96.54,1
1759346760,96.54,96.54,96.54,96.54,25
1759346880,96.545,96.545,96.54,96.54,26
1759346940,96.54,96.54,96.54,96.54,2
1759347000,96.54,96.54,96.54,96.54,1
1759347060,96.54,96.54,96.54,96.54,1
1759347120,96.54,96.54,96.54,96.54,2
1759347180,96.54,96.54,96.54,96.54,1
1759347240,96.54,96.54,96.54,96.54,1
1759347300,96.54,96.54,96.54,96.54,1
1759347360,96.545,96.545,96.545,96.545,1
1759347420,96.545,96.545,96.545,96.545,1
1759347480,96.545,96.545,96.545,96.545,2
1759347540,96.545,96.545,96.545,96.545,2
1759347600,96.545,96.545,96.54,96.545,5
1759347660,96.545,96.545,96.545,96.545,1
1759347720,96.545,96.545,96.545,96.545,2
1759347780,96.545,96.545,96.545,96.545,1
1759347840,96.545,96.545,96.545,96.545,1
1759347900,96.545,96.545,96.545,96.545,1
1759347960,96.545,96.545,96.545,96.545,1
1759348020,96.545,96.545,96.54,96.54,31
1759348080,96.54,96.545,96.54,96.545,12
1759348140,96.545,96.545,96.545,96.545,1
1759348200,96.545,96.545,96.545,96.545,1
1759348260,96.545,96.545,96.545,96.545,1
1759348320,96.545,96.545,96.545,96.545,1
1759348380,96.545,96.545,96.545,96.545,1
1759348440,96.545,96.545,96.545,96.545,1
1759348500,96.545,96.545,96.545,96.545,1
1759348560,96.54,96.54,96.54,96.54,17
1759348620,96.54,96.54,96.535,96.535,2
1759348680,96.54,96.545,96.54,96.54,31
1759348740,96.54,96.545,96.54,96.545,7
1759350240,96.54,96.54,96.54,96.54,138
1759350420,96.54,96.54,96.54,96.54,3
1759350480,96.54,96.54,96.54,96.54,16
1759363020,96.545,96.545,96.545,96.545,24
1759372260,96.54,96.54,96.54,96.54,16
1759384380,96.535,96.535,96.535,96.535,38
1759384440,96.535,96.535,96.535,96.535,34
1759384500,96.535,96.535,96.535,96.535,5
1759384740,96.535,96.535,96.535,96.535,7
1759384800,96.535,96.535,96.535,96.535,24
1759387620,96.535,96.535,96.535,96.535,3
1759387920,96.535,96.535,96.535,96.535,18
1759389180,96.535,96.535,96.535,96.535,3
1759391520,96.535,96.535,96.535,96.535,30
1759392180,96.535,96.535,96.535,96.535,49
1759392240,96.535,96.535,96.535,96.535,20
1759392360,96.535,96.535,96.535,96.535,7
1759397820,96.54,96.54,96.54,96.54,5
1759397880,96.54,96.54,96.54,96.54,13
1759400160,96.535,96.535,96.535,96.535,2
1759401480,96.535,96.535,96.53,96.53,774
1759405080,96.53,96.53,96.53,96.53,62
1759405740,96.53,96.53,96.53,96.53,2
1759406340,96.53,96.53,96.53,96.53,50
1759406820,96.53,96.53,96.53,96.53,7
1759407180,96.53,96.53,96.53,96.53,39
1759407300,96.53,96.53,96.53,96.53,1
1759407420,96.53,96.53,96.53,96.53,14
1759407540,96.53,96.53,96.53,96.53,6
1759407660,96.53,96.53,96.53,96.53,44
1759407720,96.53,96.53,96.53,96.53,80
1759407900,96.53,96.53,96.53,96.53,34
1759407960,96.53,96.53,96.53,96.53,12
1759408020,96.53,96.53,96.53,96.53,7
1759408140,96.53,96.53,96.53,96.53,35
1759408200,96.53,96.53,96.53,96.53,6
1759408320,96.53,96.53,96.53,96.53,14
1759408380,96.53,96.53,96.53,96.53,17
1759408920,96.525,96.525,96.525,96.525,85
1759409100,96.525,96.525,96.525,96.525,22
1759409160,96.525,96.525,96.525,96.525,13
1759409940,96.525,96.525,96.525,96.525,98
1759410060,96.525,96.525,96.525,96.525,152
1759411920,96.53,96.53,96.53,96.53,251
1759412100,96.53,96.53,96.53,96.53,12
1759412520,96.525,96.525,96.525,96.525,6
1759412700,96.53,96.53,96.53,96.53,15
1759412880,96.53,96.53,96.53,96.53,6
1759413300,96.53,96.53,96.53,96.53,4
1759413360,96.53,96.53,96.53,96.53,2
1759413540,96.53,96.53,96.53,96.53,1
1759413660,96.53,96.53,96.53,96.53,2
1759413840,96.53,96.53,96.53,96.53,1
1759413960,96.53,96.53,96.53,96.53,2
1759414140,96.53,96.53,96.53,96.53,1
1759414200,96.53,96.53,96.53,96.53,224
1759414320,96.53,96.53,96.53,96.53,5
1759414440,96.53,96.53,96.53,96.53,1
1759414620,96.53,96.53,96.53,96.53,2
1759414740,96.53,96.53,96.53,96.53,1
1759414920,96.53,96.53,96.53,96.53,2
1759415040,96.53,96.53,96.53,96.53,1
1759415160,96.535,96.535,96.535,96.535,24
1759415220,96.535,96.535,96.535,96.535,110
1759415280,96.535,96.535,96.535,96.535,13
1759415400,96.535,96.535,96.535,96.535,15
1759415520,96.53,96.53,96.53,96.53,2
1759415700,96.53,96.53,96.53,96.53,1
1759415820,96.53,96.53,96.53,96.53,2
1759416000,96.535,96.535,96.53,96.53,3
1759416060,96.535,96.535,96.535,96.535,8
1759416120,96.53,96.53,96.53,96.53,1
1759416300,96.53,96.53,96.53,96.53,2
1759416360,96.53,96.53,96.53,96.53,50
1759416420,96.53,96.53,96.53,96.53,17
1759416480,96.53,96.53,96.53,96.53,14
1759416600,96.53,96.53,96.53,96.53,2
1759416780,96.53,96.53,96.53,96.53,1
1759416900,96.53,96.53,96.53,96.53,2
1759417080,96.53,96.53,96.53,96.53,1
1759417200,96.53,96.53,96.53,96.53,2
1759417380,96.53,96.53,96.53,96.53,1
1759417560,96.53,96.53,96.53,96.53,2
1759417680,96.53,96.53,96.53,96.53,1
1759417860,96.53,96.53,96.53,96.53,2
1759417920,96.535,96.535,96.535,96.535,1
1759417980,96.53,96.53,96.53,96.53,1
1759418160,96.53,96.53,96.53,96.53,2
1759418280,96.53,96.53,96.53,96.53,1
1759418460,96.53,96.53,96.53,96.53,2
1759418520,96.535,96.535,96.535,96.535,224
1759418640,96.53,96.53,96.53,96.53,2
1759418760,96.53,96.53,96.53,96.53,1
1759418880,96.53,96.53,96.53,96.53,1200
1759418940,96.53,96.53,96.53,96.53,33
1759419000,96.53,96.53,96.53,96.53,63
1759419060,96.53,96.53,96.53,96.53,1
1759419240,96.53,96.53,96.53,96.53,2
1759419360,96.53,96.53,96.53,96.53,34
1759419420,96.525,96.53,96.525,96.53,47
1759419540,96.525,96.525,96.525,96.525,2
1759419720,96.525,96.53,96.525,96.53,15
1759419840,96.53,96.53,96.525,96.525,9
1759419900,96.53,96.53,96.53,96.53,40
1759419960,96.53,96.53,96.53,96.53,1
1759420020,96.525,96.525,96.525,96.525,1
1759420140,96.525,96.525,96.525,96.525,2
1759420320,96.525,96.53,96.525,96.53,7
1759420380,96.53,96.53,96.53,96.53,1
1759420500,96.53,96.53,96.53,96.53,24
1759420620,96.53,96.53,96.53,96.53,1
1759420740,96.53,96.53,96.525,96.525,2
1759420920,96.535,96.535,96.535,96.535,183
1759421040,96.535,96.535,96.535,96.535,9
1759421100,96.535,96.535,96.535,96.535,15
1759421460,96.535,96.535,96.535,96.535,28
1759421820,96.54,96.54,96.54,96.54,95
1759421880,96.54,96.54,96.54,96.54,20
1759422300,96.535,96.535,96.535,96.535,3
1759422420,96.54,96.54,96.54,96.54,50
1759422480,96.54,96.54,96.54,96.54,1
1759422540,96.54,96.54,96.54,96.54,311
1759422840,96.54,96.54,96.54,96.54,7
1759423200,96.54,96.54,96.54,96.54,44
1759423500,96.54,96.54,96.54,96.54,27
1759423560,96.54,96.54,96.54,96.54,23
1759424820,96.54,96.54,96.54,96.54,83
1759425720,96.54,96.54,96.54,96.54,8
1759425840,96.54,96.54,96.54,96.54,4
1759426080,96.54,96.54,96.535,96.535,261
1759426200,96.535,96.535,96.535,96.535,29
1759426380,96.535,96.535,96.535,96.535,57
1759428060,96.535,96.535,96.535,96.535,2
1759428540,96.54,96.54,96.54,96.54,1
1759430220,96.54,96.54,96.54,96.54,1
1759430820,96.54,96.54,96.54,96.54,60
1759431480,96.545,96.545,96.545,96.545,1
1759433460,96.545,96.545,96.545,96.545,1
1759433520,96.545,96.545,96.545,96.545,2
1759434960,96.54,96.54,96.54,96.54,5
1759435140,96.545,96.545,96.545,96.545,1
1759435620,96.545,96.545,96.545,96.545,56
1759435920,96.545,96.545,96.545,96.545,9
1759435980,96.545,96.545,96.545,96.545,7
1759436100,96.545,96.545,96.545,96.545,1
1759436280,96.545,96.545,96.545,96.545,16
1759436460,96.545,96.545,96.545,96.545,37
1759437600,96.55,96.55,96.55,96.55,12
1759438620,96.545,96.545,96.545,96.545,94
1759438740,96.545,96.545,96.545,96.545,10
1759442640,96.545,96.545,96.545,96.545,5
1759442700,96.545,96.545,96.545,96.545,2
1759442820,96.545,96.545,96.545,96.545,48
1759442880,96.545,96.545,96.545,96.545,7
1759443060,96.545,96.545,96.545,96.545,2
1759458000,96.54,96.54,96.54,96.54,58
1759458840,96.54,96.54,96.54,96.54,78
1759465860,96.535,96.535,96.535,96.535,1
1759465920,96.535,96.535,96.535,96.535,7
1759470780,96.535,96.535,96.535,96.535,17
1759473300,96.535,96.535,96.535,96.535,11
1759483980,96.535,96.535,96.535,96.535,5
1759485060,96.535,96.535,96.535,96.535,4
1759485360,96.535,96.535,96.535,96.535,4
1759487880,96.54,96.54,96.535,96.535,71
1759489320,96.535,96.535,96.535,96.535,2
1759489620,96.535,96.535,96.535,96.535,9
1759489860,96.535,96.535,96.535,96.535,12
1759490280,96.535,96.535,96.535,96.535,9
1759491660,96.54,96.54,96.54,96.54,2
1759491780,96.54,96.54,96.54,96.54,2
1759491900,96.54,96.54,96.54,96.54,2
1759492140,96.54,96.54,96.54,96.54,11
1759492260,96.54,96.54,96.54,96.54,2
1759492320,96.54,96.54,96.54,96.54,1
1759492860,96.54,96.54,96.54,96.54,95
1759492920,96.54,96.54,96.54,96.54,28
1759493100,96.54,96.54,96.54,96.54,1
1759493340,96.54,96.54,96.54,96.54,1
1759493520,96.54,96.54,96.54,96.54,22
1759493580,96.54,96.54,96.54,96.54,11
1759494060,96.54,96.54,96.54,96.54,22
1759494420,96.54,96.54,96.54,96.54,3
1759494600,96.545,96.545,96.54,96.54,2
1759494840,96.54,96.54,96.54,96.54,2
1759495680,96.535,96.535,96.535,96.535,4
1759495860,96.535,96.535,96.535,96.535,37
1759495920,96.535,96.535,96.535,96.535,36
1759496280,96.535,96.535,96.535,96.535,31
1759496340,96.535,96.535,96.535,96.535,10
1759496520,96.535,96.535,96.535,96.535,186
1759497120,96.535,96.535,96.535,96.535,22
1759497240,96.535,96.535,96.535,96.535,2
1759497900,96.535,96.535,96.535,96.535,28
1759498560,96.535,96.535,96.535,96.535,11
1759498620,96.535,96.535,96.535,96.535,1
1759498740,96.535,96.54,96.535,96.54,14
1759498800,96.535,96.535,96.535,96.535,10
1759498920,96.535,96.535,96.535,96.535,102
1759498980,96.535,96.535,96.535,96.535,8
1759499100,96.535,96.535,96.535,96.535,13
1759499880,96.535,96.535,96.535,96.535,17
1759499940,96.535,96.535,96.535,96.535,1
1759500000,96.535,96.555,96.535,96.535,406
1759500240,96.535,96.535,96.535,96.535,10
1759500360,96.535,96.535,96.535,96.535,9
1759500420,96.535,96.535,96.535,96.535,187
1759500540,96.53,96.53,96.53,96.53,37
1759500900,96.525,96.525,96.525,96.525,7
1759500960,96.525,96.525,96.525,96.525,34
1759501200,96.53,96.53,96.53,96.53,2
1759501260,96.53,96.53,96.53,96.53,1
1759502280,96.525,96.525,96.525,96.525,10
1759502400,96.525,96.525,96.525,96.525,29
1759502520,96.525,96.525,96.525,96.525,19
1759502760,96.525,96.525,96.525,96.525,1
1759503000,96.525,96.525,96.525,96.525,5
1759503060,96.525,96.525,96.525,96.525,12
1759503360,96.525,96.525,96.525,96.525,20
1759503660,96.525,96.525,96.525,96.525,13
1759503840,96.525,96.525,96.525,96.525,11
1759503960,96.525,96.525,96.525,96.525,7
1759504020,96.525,96.525,96.525,96.525,1
1759504200,96.525,96.525,96.525,96.525,1
1759504320,96.525,96.525,96.525,96.525,3
1759504980,96.53,96.53,96.53,96.53,1
1759505400,96.53,96.53,96.53,96.53,1
1759505820,96.53,96.53,96.53,96.53,31
1759506360,96.53,96.53,96.53,96.53,17
1759506720,96.53,96.53,96.53,96.53,1
1759506900,96.53,96.53,96.53,96.53,1
1759507380,96.525,96.525,96.525,96.525,38
1759508100,96.53,96.53,96.53,96.53,1
1759508160,96.525,96.525,96.525,96.525,3
1759508940,96.53,96.53,96.53,96.53,1
1759509060,96.53,96.53,96.53,96.53,10
1759509540,96.53,96.53,96.53,96.53,1
1759510320,96.53,96.53,96.53,96.53,1
1759510800,96.525,96.525,96.525,96.525,159
1759511340,96.525,96.525,96.525,96.525,68
1759511400,96.525,96.525,96.525,96.525,33
1759511580,96.525,96.525,96.525,96.525,18
1759512000,96.525,96.525,96.525,96.525,1
1759512120,96.525,96.525,96.525,96.525,10
1759512240,96.525,96.525,96.525,96.525,11
1759512720,96.525,96.525,96.525,96.525,38
1759512840,96.525,96.525,96.525,96.525,2
1759512900,96.525,96.525,96.525,96.525,9
1759512960,96.525,96.525,96.525,96.525,12
1759513560,96.525,96.525,96.525,96.525,8
1759513740,96.525,96.525,96.525,96.525,17
1759514700,96.525,96.525,96.525,96.525,18
1759514880,96.525,96.525,96.525,96.525,1
1759514940,96.525,96.525,96.525,96.525,17
1759515660,96.525,96.525,96.525,96.525,1
1759515720,96.525,96.525,96.525,96.525,69
1759515780,96.525,96.525,96.525,96.525,15
1759516500,96.525,96.525,96.525,96.525,1
1759517280,96.525,96.525,96.525,96.525,1
1759518000,96.52,96.525,96.52,96.525,9
1759518360,96.525,96.525,96.525,96.525,1
1759519200,96.525,96.525,96.525,96.525,1
1759519920,96.52,96.52,96.52,96.52,28
1759520100,96.525,96.525,96.525,96.525,1
1759520760,96.525,96.525,96.525,96.525,1
1759521240,96.52,96.52,96.52,96.52,104
1759521300,96.52,96.52,96.52,96.52,19
1759521360,96.52,96.52,96.52,96.52,5
1759521600,96.52,96.52,96.52,96.52,8
1759521840,96.52,96.52,96.52,96.52,29
1759521960,96.52,96.52,96.52,96.52,25
1759522620,96.52,96.52,96.52,96.52,9
1759522860,96.52,96.52,96.52,96.52,1
1759524780,96.52,96.52,96.52,96.52,1
1759524840,96.52,96.525,96.52,96.525,68
1759525080,96.52,96.52,96.52,96.52,27
1759525140,96.52,96.52,96.52,96.52,8
1759706100,96.52,96.52,96.52,96.52,15
1759707000,96.52,96.52,96.52,96.52,20
1759707180,96.52,96.52,96.52,96.52,8
1759712520,96.52,96.52,96.52,96.52,25
1759712580,96.52,96.52,96.52,96.52,7
1759717920,96.52,96.52,96.52,96.52,29
1759717980,96.52,96.52,96.52,96.52,27
1759718220,96.52,96.52,96.52,96.52,71
1759720140,96.52,96.52,96.52,96.52,2
1759720380,96.52,96.52,96.52,96.52,10
1759724400,96.515,96.515,96.515,96.515,85
1759732440,96.515,96.515,96.515,96.515,19
1759732560,96.515,96.515,96.515,96.515,10
1759733220,96.515,96.515,96.515,96.515,23
1759733280,96.515,96.515,96.515,96.515,10
1759734000,96.515,96.515,96.515,96.515,16
1759734120,96.515,96.515,96.515,96.515,20
1759735680,96.515,96.515,96.515,96.515,37
1759736460,96.52,96.52,96.52,96.52,104
1759736520,96.52,96.52,96.52,96.52,34
1759736700,96.52,96.52,96.52,96.52,7
1759736820,96.52,96.52,96.52,96.52,30
1759737060,96.52,96.52,96.52,96.52,10
1759738020,96.52,96.52,96.52,96.52,1
1759745700,96.52,96.52,96.52,96.52,42
1759749180,96.515,96.515,96.515,96.515,73
1759749660,96.515,96.515,96.515,96.515,31
1759749720,96.515,96.515,96.515,96.515,12
1759750500,96.515,96.515,96.515,96.515,186
1759751100,96.515,96.515,96.515,96.515,119
1759752000,96.515,96.515,96.515,96.515,59
1759752060,96.515,96.515,96.515,96.515,40
1759752120,96.515,96.515,96.515,96.515,9
1759753260,96.51,96.51,96.51,96.51,40
1759753920,96.505,96.505,96.505,96.505,60
1759754880,96.505,96.505,96.505,96.505,33
1759756500,96.51,96.51,96.51,96.51,80
1759756620,96.51,96.51,96.51,96.51,24
1759757580,96.51,96.51,96.51,96.51,26
1759759080,96.51,96.51,96.51,96.51,5
1759759140,96.51,96.51,96.51,96.51,6
1759759200,96.51,96.51,96.51,96.51,59
1759759680,96.515,96.515,96.515,96.515,82
1759760340,96.51,96.51,96.51,96.51,1
1759761000,96.51,96.51,96.51,96.51,18
1759761240,96.51,96.51,96.51,96.51,84
1759761420,96.51,96.51,96.51,96.51,13
1759761480,96.51,96.51,96.51,96.51,2
1759761660,96.51,96.51,96.51,96.51,21
1759761720,96.51,96.51,96.51,96.51,14
1759761900,96.51,96.51,96.51,96.51,1
1759761960,96.51,96.51,96.51,96.51,2
1759762080,96.51,96.51,96.51,96.51,1
1759762140,96.51,96.51,96.51,96.51,1
1759762260,96.51,96.51,96.51,96.51,5
1759762980,96.51,96.51,96.51,96.51,4
1759763040,96.51,96.51,96.51,96.51,19
1759763100,96.51,96.51,96.51,96.51,20
1759763160,96.51,96.51,96.51,96.51,1
1759763220,96.51,96.51,96.51,96.51,20
1759763280,96.51,96.51,96.51,96.51,23
1759764300,96.505,96.505,96.505,96.505,8
1759764360,96.505,96.505,96.505,96.505,18
1759764420,96.505,96.505,96.5,96.505,794
1759764540,96.505,96.505,96.505,96.505,12
1759764600,96.505,96.505,96.505,96.505,6
1759764720,96.505,96.505,96.505,96.505,13
1759764840,96.505,96.505,96.505,96.505,18
1759765080,96.505,96.505,96.505,96.505,29
1759765140,96.505,96.505,96.505,96.505,5
1759765380,96.505,96.505,96.505,96.505,13
1759765440,96.505,96.505,96.505,96.505,3
1759765800,96.505,96.505,96.505,96.505,18
1759766400,96.505,96.505,96.505,96.505,26
1759768140,96.505,96.505,96.505,96.505,14
1759768260,96.505,96.505,96.505,96.505,2
1759768800,96.505,96.505,96.505,96.505,21
1759776900,96.505,96.505,96.505,96.505,97
1759777200,96.505,96.505,96.505,96.505,36
1759779300,96.505,96.505,96.505,96.505,26
1759781460,96.505,96.505,96.505,96.505,36
1759782780,96.505,96.505,96.505,96.505,1
1759783260,96.505,96.505,96.505,96.505,17
1759783320,96.505,96.505,96.505,96.505,10
1759783500,96.505,96.505,96.505,96.505,4
1759784040,96.505,96.505,96.505,96.505,47
1759784160,96.505,96.505,96.505,96.505,3
1759796400,96.51,96.51,96.51,96.51,84
1759801200,96.505,96.505,96.505,96.505,8
1759801860,96.505,96.505,96.505,96.505,6
1759820880,96.5,96.5,96.5,96.5,35
1759821420,96.5,96.5,96.5,96.5,7
1759822560,96.5,96.5,96.5,96.5,7
1759829520,96.495,96.495,96.495,96.495,18
1759830780,96.495,96.495,96.495,96.495,27
1759831560,96.495,96.495,96.495,96.495,7
1759832160,96.495,96.495,96.495,96.495,3
1759832220,96.495,96.495,96.495,96.495,2
1759833240,96.495,96.495,96.495,96.495,7
1759838940,96.495,96.495,96.495,96.495,1
1759839540,96.495,96.495,96.495,96.495,166
1759839720,96.495,96.495,96.495,96.495,17
1759839780,96.495,96.495,96.495,96.495,2
1759839900,96.495,96.495,96.495,96.495,22
1759841280,96.49,96.49,96.49,96.49,51
1759842120,96.495,96.495,96.495,96.495,98
1759842180,96.495,96.495,96.495,96.495,10
1759842240,96.495,96.495,96.495,96.495,14
1759842300,96.495,96.495,96.495,96.495,14
1759842540,96.5,96.5,96.5,96.5,2
1759842600,96.5,96.5,96.5,96.5,3
1759846500,96.5,96.5,96.5,96.5,21
1759846800,96.5,96.5,96.5,96.5,217
1759847100,96.5,96.5,96.5,96.5,14
1759847160,96.5,96.5,96.5,96.5,10
1759847760,96.5,96.5,96.5,96.5,14
1759849620,96.5,96.5,96.5,96.5,17
1759849980,96.505,96.505,96.505,96.505,206
1759850100,96.505,96.505,96.505,96.505,91
1759850160,96.505,96.505,96.505,96.505,89
1759850220,96.505,96.505,96.505,96.505,14
1759850280,96.505,96.505,96.505,96.505,14
1759850400,96.5,96.5,96.5,96.5,8
1759850640,96.505,96.505,96.505,96.505,606
1759851240,96.505,96.505,96.505,96.505,2
1759851600,96.505,96.505,96.505,96.505,10
1759851660,96.505,96.505,96.505,96.505,14
1759851840,96.505,96.505,96.505,96.505,14
1759852440,96.505,96.505,96.505,96.505,3
1759852620,96.505,96.505,96.505,96.505,25
1759852680,96.505,96.505,96.505,96.505,14
1759853040,96.505,96.505,96.505,96.505,50
1759853280,96.505,96.505,96.505,96.505,11
1759853400,96.505,96.505,96.505,96.505,2
1759853580,96.505,96.505,96.505,96.505,7
1759853640,96.505,96.505,96.505,96.505,9
1759854060,96.505,96.505,96.505,96.505,14
1759854180,96.505,96.505,96.505,96.505,10
1759854840,96.505,96.505,96.505,96.505,12
1759855800,96.505,96.505,96.505,96.505,5
1759862160,96.505,96.505,96.505,96.505,28
1759864080,96.51,96.51,96.51,96.51,3
1759864740,96.505,96.505,96.505,96.505,21
1759865400,96.505,96.505,96.505,96.505,27
1759866720,96.505,96.505,96.505,96.505,60
1759867080,96.505,96.505,96.505,96.505,18
1759867380,96.505,96.505,96.505,96.505,24
1759867500,96.505,96.505,96.505,96.505,60
1759867860,96.505,96.505,96.505,96.505,203
1759868340,96.505,96.505,96.505,96.505,63
1759868460,96.505,96.505,96.505,96.505,5
1759870380,96.51,96.51,96.51,96.51,1
1759870740,96.51,96.51,96.51,96.51,9
1759875060,96.51,96.51,96.51,96.51,48
1759890480,96.505,96.505,96.505,96.505,4
1759890900,96.505,96.505,96.505,96.505,50
1759890960,96.505,96.505,96.505,96.505,2
1759891020,96.505,96.505,96.505,96.505,8
1759891260,96.505,96.505,96.505,96.505,22
1759892160,96.505,96.505,96.505,96.505,50
1759895640,96.505,96.505,96.505,96.505,16
1759895700,96.505,96.505,96.505,96.505,10
1759895760,96.505,96.505,96.505,96.505,10
1759895880,96.505,96.505,96.505,96.505,15
1759896180,96.505,96.505,96.505,96.505,10
1759896540,96.505,96.505,96.505,96.505,1
1759905240,96.505,96.505,96.505,96.505,10
1759905600,96.505,96.505,96.505,96.505,48
1759907760,96.505,96.505,96.505,96.505,17
1759908060,96.505,96.505,96.505,96.505,1
1759910040,96.505,96.505,96.505,96.505,43
1759910160,96.505,96.505,96.505,96.505,20
1759910640,96.505,96.505,96.505,96.505,2
1759911540,96.505,96.505,96.505,96.505,10
1759918320,96.505,96.505,96.505,96.505,144
1759919280,96.505,96.505,96.505,96.505,17
1759919400,96.505,96.505,96.505,96.505,10
1759919520,96.505,96.505,96.505,96.505,16
1759920060,96.505,96.505,96.505,96.505,9
1759921080,96.505,96.505,96.505,96.505,89
1759924020,96.5,96.5,96.5,96.5,3
1759926720,96.5,96.5,96.5,96.5,1
1759926840,96.505,96.505,96.505,96.505,2
1759928460,96.5,96.5,96.5,96.5,1
1759928520,96.505,96.505,96.505,96.505,5
1759929060,96.5,96.5,96.5,96.5,1
1759929420,96.5,96.5,96.5,96.5,1
1759929840,96.5,96.5,96.5,96.5,22
1759930260,96.5,96.5,96.5,96.5,11
1759930320,96.5,96.5,96.5,96.5,2
1759930500,96.5,96.5,96.5,96.5,2
1759930920,96.5,96.5,96.5,96.5,19
1759931160,96.495,96.495,96.495,96.495,1
1759931220,96.495,96.495,96.495,96.495,13
1759931280,96.495,96.495,96.495,96.495,18
1759931340,96.495,96.495,96.495,96.495,3
1759932120,96.495,96.495,96.495,96.495,59
1759932360,96.495,96.495,96.495,96.495,5
1759932420,96.495,96.495,96.495,96.495,10
1759932480,96.495,96.495,96.495,96.495,32
1759932660,96.495,96.495,96.495,96.495,8
1759932720,96.495,96.495,96.495,96.495,17
1759932780,96.495,96.495,96.495,96.495,25
1759933620,96.5,96.5,96.5,96.5,1
1759934220,96.495,96.495,96.495,96.495,44
1759934280,96.495,96.495,96.495,96.495,40
1759934520,96.495,96.495,96.495,96.495,20
1759935780,96.495,96.495,96.495,96.495,1
1759935840,96.495,96.495,96.495,96.495,11
1759936020,96.495,96.495,96.495,96.495,1
1759936320,96.495,96.495,96.495,96.495,1
1759936500,96.495,96.495,96.495,96.495,1
1759936680,96.495,96.495,96.495,96.495,1
1759936800,96.495,96.495,96.495,96.495,1
1759936980,96.495,96.495,96.495,96.495,1
1759937580,96.495,96.495,96.495,96.495,1
1759938420,96.495,96.495,96.495,96.495,1
1759939380,96.495,96.495,96.495,96.495,1
1759940340,96.49,96.49,96.49,96.49,47
1759940880,96.49,96.49,96.49,96.49,14
1759941360,96.49,96.49,96.49,96.49,9
1759944720,96.49,96.49,96.49,96.49,23
1759945860,96.49,96.49,96.49,96.49,7
1759946340,96.49,96.49,96.49,96.49,44
1759946520,96.49,96.49,96.49,96.49,9
1759946640,96.485,96.485,96.485,96.485,59
1759946700,96.485,96.485,96.485,96.485,63
1759947360,96.49,96.49,96.49,96.49,24
1759948020,96.49,96.49,96.49,96.49,20
1759948500,96.49,96.49,96.49,96.49,36
1759949520,96.495,96.495,96.495,96.495,21
1759949580,96.495,96.495,96.495,96.495,11
1759949940,96.495,96.495,96.495,96.495,52
1759950900,96.495,96.495,96.495,96.495,2
1759951380,96.495,96.495,96.495,96.495,55
1759952460,96.495,96.495,96.495,96.495,3
1759953480,96.495,96.495,96.495,96.495,4
1759953720,96.495,96.495,96.495,96.495,1
1759955880,96.495,96.495,96.495,96.495,8
1759955940,96.495,96.495,96.495,96.495,20
1759957140,96.495,96.495,96.495,96.495,2
1759962180,96.495,96.495,96.495,96.495,24
1759964700,96.495,96.495,96.495,96.495,31
1759965420,96.495,96.495,96.495,96.495,34
1759966740,96.495,96.495,96.495,96.495,4
1759967700,96.495,96.495,96.495,96.495,4
1759971120,96.495,96.495,96.495,96.495,35
1759971180,96.495,96.495,96.495,96.495,10
1759971240,96.495,96.495,96.495,96.495,7
1759984980,96.495,96.495,96.495,96.495,17
1759986540,96.495,96.495,96.495,96.495,12
1759986600,96.495,96.495,96.495,96.495,12
1759987560,96.495,96.495,96.495,96.495,5
1759993140,96.49,96.49,96.49,96.49,16
1759993200,96.49,96.49,96.49,96.49,14
1759995120,96.49,96.49,96.49,96.49,16
1759996320,96.49,96.49,96.49,96.49,4
1759996380,96.49,96.49,96.49,96.49,2
1759996620,96.49,96.49,96.49,96.49,17
1759997280,96.49,96.49,96.49,96.49,16
1759997460,96.49,96.49,96.49,96.49,9
1760000340,96.49,96.49,96.49,96.49,13
1760004300,96.495,96.495,96.495,96.495,65
1760004660,96.495,96.495,96.495,96.495,19
1760004720,96.495,96.495,96.495,96.495,9
1760005260,96.495,96.495,96.495,96.495,5
1760008440,96.495,96.495,96.495,96.495,32
1760009220,96.495,96.495,96.495,96.495,7
1760009340,96.495,96.495,96.495,96.495,43
1760009520,96.5,96.5,96.5,96.5,57
1760009940,96.495,96.495,96.495,96.495,65
1760010960,96.495,96.495,96.495,96.495,25
1760012100,96.495,96.495,96.495,96.495,32
1760012340,96.495,96.495,96.495,96.495,122
1760012520,96.495,96.495,96.495,96.495,1
1760013480,96.5,96.5,96.5,96.5,34
1760014020,96.5,96.5,96.5,96.5,60
1760014080,96.5,96.5,96.5,96.5,260
1760014740,96.495,96.495,96.495,96.495,215
1760014800,96.495,96.495,96.495,96.495,60
1760014920,96.495,96.495,96.495,96.495,51
1760015100,96.495,96.495,96.495,96.495,27
1760015220,96.5,96.5,96.5,96.5,270
1760015400,96.495,96.495,96.495,96.495,30
1760015460,96.495,96.495,96.495,96.495,51
1760015520,96.495,96.495,96.495,96.495,30
1760015640,96.495,96.495,96.495,96.495,24
1760015820,96.495,96.495,96.495,96.495,292
1760015940,96.495,96.495,96.495,96.495,62
1760016240,96.495,96.495,96.495,96.495,2
1760016960,96.49,96.49,96.49,96.49,58
1760017980,96.49,96.49,96.49,96.49,16
1760018040,96.49,96.49,96.49,96.49,50
1760019420,96.485,96.49,96.485,96.49,3
1760019840,96.485,96.485,96.485,96.485,29
1760019960,96.485,96.485,96.485,96.485,48
1760020560,96.49,96.49,96.49,96.49,90
1760020680,96.49,96.49,96.49,96.49,44
1760020920,96.49,96.49,96.49,96.49,42
1760021040,96.49,96.49,96.49,96.49,33
1760021100,96.49,96.49,96.49,96.49,19
1760021220,96.49,96.49,96.49,96.49,22
1760021280,96.49,96.49,96.49,96.49,7
1760021820,96.49,96.49,96.49,96.49,4
1760025180,96.49,96.49,96.49,96.49,1
1760025660,96.49,96.49,96.49,96.49,61
1760026620,96.485,96.485,96.485,96.485,19
1760028300,96.485,96.485,96.485,96.485,30
1760028960,96.49,96.49,96.49,96.49,115
1760029260,96.49,96.49,96.49,96.49,85
1760029320,96.49,96.49,96.49,96.49,26
1760029380,96.49,96.49,96.49,96.49,26
1760029500,96.49,96.49,96.49,96.49,13
1760029680,96.49,96.49,96.49,96.49,12
1760029800,96.49,96.49,96.49,96.49,10
1760029860,96.49,96.49,96.49,96.49,2
1760030220,96.49,96.49,96.49,96.49,45
1760030580,96.49,96.49,96.49,96.49,29
1760034000,96.49,96.49,96.49,96.49,5
1760038440,96.495,96.495,96.495,96.495,2
1760038500,96.495,96.495,96.495,96.495,199
1760038980,96.495,96.495,96.495,96.495,68
1760039220,96.495,96.495,96.495,96.495,4
1760039460,96.495,96.495,96.495,96.495,10
1760041680,96.495,96.495,96.495,96.495,61
1760043540,96.495,96.495,96.495,96.495,14
1760047200,96.495,96.495,96.495,96.495,36
1760047440,96.495,96.495,96.495,96.495,15
1760047980,96.495,96.495,96.495,96.495,66
1760048940,96.495,96.495,96.495,96.495,2
1760049360,96.495,96.495,96.495,96.495,5
1760049600,96.495,96.495,96.495,96.495,20
1760052960,96.495,96.495,96.495,96.495,19
1760053020,96.495,96.495,96.495,96.495,19
1760067540,96.495,96.495,96.495,96.495,44
1760071500,96.495,96.495,96.495,96.495,13
1760073060,96.495,96.495,96.495,96.495,1
1760076900,96.495,96.495,96.495,96.495,1
1760077440,96.495,96.495,96.495,96.495,23
1760078460,96.495,96.495,96.495,96.495,37
1760081640,96.495,96.495,96.495,96.495,1
1760081700,96.495,96.495,96.495,96.495,1
1760095080,96.5,96.5,96.5,96.5,20
1760096220,96.5,96.5,96.5,96.5,12
1760096460,96.5,96.5,96.5,96.5,57
1760096520,96.5,96.5,96.5,96.5,24
1760096700,96.5,96.5,96.5,96.5,21
1760097300,96.5,96.5,96.5,96.5,50
1760100540,96.505,96.505,96.505,96.505,20
1760102760,96.505,96.505,96.505,96.505,188
1760103420,96.5,96.5,96.5,96.5,18
1760104080,96.5,96.5,96.5,96.5,35
1760105340,96.5,96.5,96.5,96.5,46
1760105400,96.5,96.5,96.5,96.5,11
1760105460,96.5,96.5,96.5,96.5,26
1760105520,96.5,96.5,96.5,96.5,3
1760106060,96.5,96.5,96.5,96.5,1
1760106300,96.5,96.5,96.5,96.5,36
1760106480,96.5,96.5,96.5,96.5,15
1760106540,96.5,96.5,96.5,96.5,2
1760106780,96.5,96.5,96.5,96.5,7
1760108280,96.5,96.5,96.5,96.5,2
1760108340,96.505,96.505,96.505,96.505,61
1760108400,96.51,96.51,96.51,96.51,24
1760108460,96.515,96.525,96.515,96.525,414
1760108520,96.53,96.53,96.53,96.53,21
1760108580,96.525,96.525,96.525,96.525,135
1760108640,96.525,96.525,96.525,96.525,2
1760108700,96.525,96.525,96.525,96.525,31
1760108760,96.52,96.52,96.52,96.52,102
1760108820,96.525,96.525,96.525,96.525,25
1760108940,96.53,96.53,96.53,96.53,18
1760109000,96.53,96.53,96.53,96.53,20
1760109180,96.53,96.53,96.53,96.53,4
1760109240,96.53,96.53,96.525,96.525,16
1760109300,96.525,96.525,96.525,96.525,14
1760109540,96.53,96.53,96.53,96.53,36
1760109600,96.53,96.53,96.53,96.53,28
1760109660,96.535,96.535,96.535,96.535,41
1760109720,96.535,96.535,96.535,96.535,89
1760109780,96.535,96.535,96.535,96.535,14
1760109900,96.54,96.545,96.54,96.545,28
1760110080,96.545,96.55,96.545,96.55,72
1760110140,96.55,96.55,96.55,96.55,152
1760110200,96.555,96.555,96.555,96.555,116
1760110260,96.555,96.555,96.555,96.555,114
1760110380,96.55,96.55,96.55,96.55,23
1760110440,96.55,96.55,96.55,96.55,8
1760110500,96.55,96.55,96.55,96.55,14
1760110560,96.545,96.545,96.545,96.545,224
1760110620,96.545,96.545,96.545,96.545,4
1760110800,96.55,96.55,96.55,96.55,36
1760110860,96.55,96.55,96.55,96.55,35
1760111040,96.545,96.545,96.535,96.535,158
1760111100,96.535,96.535,96.535,96.535,27
1760111160,96.535,96.535,96.535,96.535,63
1760111220,96.535,96.535,96.535,96.535,1
1760111280,96.535,96.535,96.535,96.535,35
1760111400,96.535,96.535,96.535,96.535,8
1760111640,96.535,96.535,96.535,96.535,22
1760111880,96.535,96.535,96.535,96.535,79
1760111940,96.535,96.535,96.535,96.535,1
1760112000,96.54,96.54,96.54,96.54,16
1760112060,96.54,96.54,96.54,96.54,154
1760112120,96.54,96.54,96.54,96.54,17
1760112300,96.54,96.54,96.54,96.54,15
1760112420,96.54,96.54,96.54,96.54,28
1760112480,96.54,96.54,96.54,96.54,10
1760112540,96.54,96.54,96.54,96.54,4
1760112660,96.54,96.54,96.54,96.54,12
1760112900,96.535,96.535,96.535,96.535,164
1760113380,96.535,96.535,96.535,96.535,14
1760114040,96.535,96.535,96.535,96.535,53
1760114160,96.535,96.535,96.535,96.535,12
1760114340,96.54,96.54,96.54,96.54,3
1760114400,96.54,96.54,96.54,96.54,30
1760114700,96.54,96.54,96.54,96.54,3
1760114880,96.545,96.545,96.545,96.545,3
1760115060,96.545,96.545,96.545,96.545,3
1760115180,96.55,96.55,96.55,96.55,5
1760115300,96.545,96.545,96.545,96.545,1
1760115840,96.55,96.55,96.55,96.55,79
1760116260,96.55,96.55,96.55,96.55,14
1760116560,96.55,96.55,96.55,96.55,14
1760116740,96.55,96.55,96.55,96.55,31
1760118180,96.545,96.545,96.545,96.545,14
1760118480,96.545,96.545,96.545,96.545,15
1760118540,96.54,96.54,96.54,96.54,40
1760118840,96.545,96.545,96.545,96.545,56
1760118960,96.545,96.545,96.54,96.545,85
1760119080,96.545,96.545,96.545,96.545,14
1760119320,96.55,96.55,96.55,96.55,13
1760119380,96.55,96.55,96.55,96.55,24
1760119440,96.55,96.55,96.55,96.55,23
1760119920,96.55,96.55,96.55,96.55,17
1760119980,96.55,96.55,96.55,96.55,13
1760120100,96.55,96.55,96.55,96.55,14
1760120160,96.55,96.55,96.55,96.55,21
1760120400,96.55,96.55,96.55,96.55,78
1760120580,96.55,96.55,96.55,96.55,17
1760120640,96.55,96.55,96.55,96.55,21
1760120760,96.55,96.55,96.55,96.55,7
1760121540,96.555,96.555,96.555,96.555,210
1760121720,96.555,96.555,96.555,96.555,77
1760122320,96.555,96.555,96.555,96.555,3
1760122380,96.555,96.555,96.555,96.555,3
1760122500,96.555,96.555,96.555,96.555,49
1760122740,96.55,96.55,96.55,96.55,14
1760123280,96.55,96.55,96.55,96.55,53
1760123880,96.55,96.55,96.55,96.55,105
1760124840,96.55,96.55,96.55,96.55,136
1760124900,96.55,96.55,96.55,96.55,11
1760124960,96.55,96.55,96.55,96.55,40
1760125200,96.55,96.55,96.55,96.55,8
1760125380,96.55,96.55,96.55,96.55,62
1760125740,96.55,96.55,96.55,96.55,56
1760125800,96.55,96.55,96.55,96.55,8
1760125860,96.55,96.55,96.55,96.55,1
1760126040,96.55,96.55,96.55,96.55,10
1760126100,96.55,96.55,96.55,96.55,8
1760126280,96.55,96.55,96.55,96.55,8
1760127840,96.545,96.545,96.545,96.545,18
1760128860,96.55,96.55,96.55,96.55,1
1760129340,96.55,96.55,96.55,96.55,10
1760129400,96.545,96.555,96.545,96.555,152
1760129460,96.56,96.565,96.56,96.565,16
1760129580,96.56,96.56,96.56,96.56,6
1760129640,96.56,96.565,96.56,96.565,51
1760129700,96.57,96.57,96.57,96.57,25
1760129760,96.57,96.57,96.57,96.57,29
1760306400,96.56,96.56,96.555,96.555,3
1760306460,96.55,96.55,96.55,96.55,88
1760306580,96.545,96.545,96.545,96.545,2
1760306760,96.545,96.545,96.545,96.545,7
1760307420,96.545,96.545,96.545,96.545,6
1760308860,96.545,96.545,96.545,96.545,7
1760309220,96.545,96.545,96.545,96.545,17
1760309880,96.545,96.545,96.545,96.545,7
1760310540,96.55,96.55,96.55,96.55,25
1760311260,96.55,96.55,96.55,96.55,56
1760313360,96.545,96.545,96.545,96.545,3
1760313720,96.545,96.545,96.545,96.545,8
1760315400,96.545,96.545,96.545,96.545,10
1760318940,96.54,96.54,96.54,96.54,21
1760319060,96.54,96.54,96.54,96.54,18
1760323080,96.535,96.535,96.535,96.535,6
1760325240,96.535,96.535,96.535,96.535,14
1760325300,96.535,96.535,96.535,96.535,18
1760325360,96.535,96.535,96.535,96.535,10
1760329920,96.535,96.535,96.535,96.535,7
1760330340,96.535,96.535,96.535,96.535,1
1760332980,96.535,96.535,96.535,96.535,17
1760333340,96.535,96.535,96.535,96.535,20
1760334540,96.53,96.53,96.53,96.53,5
1760335200,96.535,96.535,96.535,96.535,36
1760336340,96.535,96.545,96.535,96.545,186
1760336520,96.545,96.545,96.545,96.545,149
1760336580,96.545,96.545,96.545,96.545,7
1760336640,96.545,96.545,96.545,96.545,1
1760336700,96.545,96.545,96.545,96.545,4
1760337900,96.545,96.545,96.545,96.545,10
1760338800,96.545,96.545,96.545,96.545,14
1760339220,96.545,96.545,96.545,96.545,36
1760339580,96.545,96.545,96.545,96.545,2
1760342880,96.54,96.54,96.54,96.54,53
1760343240,96.54,96.54,96.54,96.54,222
1760343300,96.54,96.54,96.54,96.54,15
1760343780,96.54,96.54,96.54,96.54,29
1760346120,96.54,96.54,96.54,96.54,24
1760347920,96.545,96.545,96.545,96.545,20
1760350200,96.545,96.545,96.545,96.545,53
1760351520,96.545,96.55,96.545,96.545,210
1760351640,96.545,96.545,96.545,96.545,1
1760352240,96.545,96.545,96.545,96.545,10
1760353740,96.55,96.55,96.55,96.55,1
1760354040,96.55,96.55,96.55,96.55,39
1760354340,96.55,96.55,96.55,96.55,6
1760354880,96.55,96.55,96.55,96.55,68
1760355000,96.55,96.55,96.55,96.55,9
1760355060,96.55,96.55,96.55,96.55,5
1760355300,96.55,96.55,96.55,96.55,11
1760355360,96.55,96.55,96.55,96.55,2
1760355660,96.55,96.55,96.55,96.55,6
1760355780,96.55,96.55,96.55,96.55,12
1760355960,96.55,96.55,96.55,96.55,10
1760356200,96.555,96.555,96.555,96.555,211
1760356260,96.555,96.555,96.555,96.555,112
1760356320,96.555,96.555,96.555,96.555,15
1760356560,96.555,96.555,96.555,96.555,115
1760356620,96.55,96.55,96.55,96.55,42
1760356680,96.55,96.55,96.55,96.55,11
1760356740,96.55,96.55,96.55,96.55,11
1760356800,96.55,96.55,96.55,96.55,16
1760356860,96.55,96.55,96.55,96.55,11
1760357400,96.55,96.55,96.55,96.55,11
1760357460,96.55,96.55,96.55,96.55,11
1760358600,96.555,96.555,96.555,96.555,2
1760359140,96.555,96.555,96.555,96.555,19
1760359320,96.55,96.55,96.55,96.55,43
1760359440,96.55,96.55,96.55,96.55,23
1760360820,96.545,96.545,96.545,96.545,98
1760362140,96.545,96.545,96.545,96.545,112
1760362680,96.545,96.545,96.545,96.545,32
1760362980,96.545,96.545,96.545,96.545,14
1760363040,96.545,96.545,96.545,96.545,10
1760364900,96.545,96.545,96.545,96.545,1
1760366280,96.545,96.545,96.545,96.545,1
1760367180,96.545,96.545,96.545,96.545,7
1760367240,96.545,96.545,96.545,96.545,4
1760368320,96.545,96.545,96.545,96.545,21
1760368380,96.545,96.545,96.545,96.545,81
1760368740,96.545,96.545,96.545,96.545,4
1760368980,96.545,96.545,96.545,96.545,3
1760374080,96.55,96.55,96.55,96.55,44
1760374140,96.55,96.55,96.55,96.55,8
1760374440,96.55,96.55,96.55,96.55,101
1760374500,96.55,96.55,96.55,96.55,14
1760378040,96.55,96.55,96.55,96.55,45
1760379300,96.555,96.555,96.555,96.555,44
1760379360,96.555,96.555,96.555,96.555,25
1760379600,96.555,96.555,96.555,96.555,27
1760379780,96.555,96.555,96.555,96.555,11
1760380140,96.56,96.56,96.56,96.56,32
1760380200,96.56,96.56,96.56,96.56,75
1760380320,96.56,96.56,96.56,96.56,18
1760380380,96.565,96.565,96.565,96.565,2
1760381460,96.56,96.56,96.56,96.56,10
1760381940,96.565,96.57,96.565,96.57,56
1760382540,96.565,96.565,96.565,96.565,19
1760382960,96.565,96.565,96.565,96.565,2
1760383500,96.565,96.565,96.565,96.565,4
1760383800,96.56,96.56,96.56,96.56,2
1760383860,96.565,96.565,96.565,96.565,1
1760384340,96.565,96.565,96.565,96.565,26
1760384520,96.565,96.565,96.565,96.565,1
1760385060,96.565,96.565,96.565,96.565,1
1760385480,96.565,96.565,96.565,96.565,30
1760385600,96.565,96.565,96.565,96.565,2
1760386140,96.565,96.565,96.565,96.565,1
1760388300,96.565,96.565,96.565,96.565,1
1760388600,96.565,96.565,96.565,96.565,14
1760394780,96.565,96.565,96.565,96.565,7
1760396400,96.565,96.565,96.565,96.565,6
1760396460,96.565,96.565,96.565,96.565,6
1760396520,96.565,96.565,96.565,96.565,2
1760398080,96.565,96.565,96.565,96.565,18
1760399340,96.565,96.565,96.565,96.565,94
1760400240,96.56,96.56,96.56,96.56,13
1760401320,96.555,96.555,96.555,96.555,15
1760403540,96.55,96.55,96.55,96.55,56
1760405940,96.55,96.55,96.55,96.55,25
1760406060,96.55,96.55,96.55,96.55,23
1760408160,96.55,96.55,96.55,96.55,3
1760408220,96.55,96.55,96.55,96.55,12
1760411400,96.555,96.555,96.555,96.555,7
1760411640,96.555,96.555,96.555,96.555,100
1760415000,96.56,96.56,96.56,96.56,10
1760415060,96.56,96.56,96.56,96.56,65
1760416980,96.565,96.565,96.565,96.565,28
1760419740,96.565,96.565,96.565,96.565,7
1760420220,96.57,96.57,96.57,96.57,17
1760421060,96.57,96.57,96.57,96.57,20
1760421600,96.57,96.57,96.57,96.57,12
1760421960,96.57,96.57,96.57,96.57,5
1760422380,96.57,96.57,96.57,96.57,124
1760422800,96.575,96.575,96.575,96.575,186
1760422920,96.575,96.575,96.575,96.575,64
1760423220,96.58,96.58,96.58,96.58,41
1760425440,96.58,96.58,96.58,96.58,312
1760425620,96.585,96.585,96.585,96.585,2
1760425800,96.58,96.58,96.58,96.58,64
1760425860,96.58,96.58,96.58,96.58,2
1760426220,96.575,96.575,96.575,96.575,251
1760426520,96.575,96.575,96.575,96.575,122
1760427060,96.575,96.575,96.575,96.575,18
1760427120,96.575,96.575,96.575,96.575,14
1760427240,96.575,96.575,96.575,96.575,12
1760427480,96.58,96.58,96.58,96.58,12
1760427540,96.575,96.575,96.575,96.575,2
1760427600,96.575,96.575,96.575,96.575,17
1760427720,96.58,96.58,96.58,96.58,12
1760428080,96.58,96.58,96.58,96.58,11
1760428620,96.58,96.58,96.58,96.58,2
1760429100,96.575,96.575,96.575,96.575,12
1760429280,96.575,96.575,96.575,96.575,11
1760429400,96.575,96.575,96.575,96.575,12
1760429580,96.57,96.57,96.57,96.57,2
1760430240,96.57,96.57,96.57,96.57,3
1760432400,96.575,96.575,96.575,96.575,67
1760433780,96.575,96.575,96.575,96.575,9
1760434080,96.57,96.57,96.57,96.57,2
1760435220,96.57,96.57,96.57,96.57,12
1760437800,96.575,96.575,96.575,96.575,37
1760437860,96.575,96.575,96.575,96.575,34
1760438700,96.575,96.575,96.575,96.575,17
1760439600,96.575,96.575,96.575,96.575,3
1760439720,96.575,96.575,96.575,96.575,3
1760441400,96.575,96.575,96.575,96.575,5
1760441460,96.575,96.575,96.575,96.575,5
1760441580,96.57,96.57,96.57,96.57,138
1760441640,96.57,96.57,96.57,96.57,15
1760441700,96.57,96.57,96.57,96.57,14
1760441760,96.57,96.57,96.57,96.57,25
1760442000,96.57,96.57,96.57,96.57,29
1760442060,96.57,96.57,96.57,96.57,9
1760442120,96.57,96.57,96.57,96.57,1
1760442300,96.57,96.57,96.57,96.57,39
1760442540,96.57,96.57,96.57,96.57,40
1760442660,96.57,96.58,96.57,96.575,603
1760442720,96.575,96.575,96.575,96.575,2
1760442840,96.575,96.575,96.575,96.575,44
1760443140,96.575,96.575,96.575,96.575,7
1760443260,96.575,96.575,96.575,96.575,16
1760443320,96.575,96.575,96.575,96.575,4
1760444580,96.58,96.58,96.58,96.58,78
1760444640,96.58,96.58,96.58,96.58,5
1760444820,96.58,96.58,96.58,96.58,17
1760445060,96.58,96.58,96.58,96.58,1
1760445120,96.58,96.58,96.58,96.58,1
1760445360,96.58,96.58,96.58,96.58,5
1760445540,96.58,96.58,96.58,96.58,51
1760445780,96.58,96.58,96.58,96.58,20
1760445960,96.58,96.58,96.58,96.58,25
1760446800,96.575,96.575,96.575,96.575,4
1760447340,96.57,96.57,96.57,96.57,60
1760447700,96.575,96.575,96.575,96.575,51
1760447820,96.575,96.575,96.575,96.575,15
1760447880,96.575,96.575,96.575,96.575,93
1760448240,96.57,96.57,96.57,96.57,61
1760448300,96.57,96.57,96.57,96.57,50
1760448360,96.57,96.57,96.57,96.57,2
1760448480,96.57,96.57,96.57,96.57,26
1760448540,96.57,96.57,96.57,96.57,2
1760448900,96.57,96.57,96.57,96.57,2
1760449080,96.575,96.575,96.575,96.575,19
1760449260,96.575,96.575,96.575,96.575,2
1760449380,96.575,96.575,96.575,96.575,14
1760449440,96.575,96.575,96.575,96.575,7
1760449560,96.575,96.575,96.575,96.575,31
1760449620,96.575,96.575,96.575,96.575,34
1760449680,96.575,96.575,96.575,96.575,15
1760449740,96.575,96.575,96.575,96.575,18
1760449920,96.575,96.575,96.575,96.575,48
1760449980,96.575,96.575,96.575,96.575,8
1760450040,96.575,96.575,96.575,96.575,22
1760450100,96.575,96.575,96.575,96.575,9
1760450700,96.57,96.57,96.57,96.57,48
1760450940,96.575,96.575,96.575,96.575,27
1760451540,96.575,96.575,96.575,96.575,21
1760451600,96.575,96.575,96.575,96.575,29
1760451660,96.575,96.575,96.575,96.575,14
1760451720,96.575,96.575,96.575,96.575,9
1760451840,96.575,96.575,96.575,96.575,26
1760451900,96.575,96.575,96.575,96.575,1
1760452620,96.575,96.575,96.575,96.575,19
1760452680,96.575,96.575,96.575,96.575,63
1760452800,96.575,96.575,96.575,96.575,8
1760453040,96.575,96.575,96.575,96.575,18
1760453100,96.575,96.575,96.575,96.575,20
1760453160,96.575,96.575,96.575,96.575,18
1760453340,96.575,96.575,96.575,96.575,5
1760453520,96.575,96.575,96.575,96.575,21
1760453760,96.575,96.575,96.575,96.575,34
1760453880,96.575,96.575,96.575,96.575,6
1760453940,96.575,96.575,96.575,96.575,57
1760454000,96.575,96.575,96.575,96.575,18
1760454300,96.575,96.575,96.575,96.575,10
1760454480,96.57,96.57,96.57,96.57,9
1760454660,96.57,96.57,96.57,96.57,16
1760455200,96.57,96.57,96.57,96.57,226
1760455620,96.57,96.57,96.57,96.57,101
1760455800,96.57,96.57,96.57,96.57,101
1760455920,96.57,96.57,96.57,96.57,10
1760456040,96.57,96.57,96.57,96.57,63
1760456160,96.57,96.57,96.57,96.57,26
1760456280,96.57,96.57,96.57,96.57,86
1760456340,96.57,96.57,96.57,96.57,61
1760456820,96.57,96.57,96.57,96.57,53
1760457060,96.57,96.57,96.57,96.57,28
1760457180,96.57,96.57,96.57,96.57,2
1760457240,96.57,96.57,96.57,96.57,18
1760457960,96.57,96.57,96.57,96.57,10
1760458680,96.57,96.57,96.57,96.57,115
1760458740,96.57,96.57,96.57,96.57,215
1760459160,96.57,96.57,96.57,96.57,4
1760459580,96.565,96.565,96.565,96.565,172
1760459760,96.565,96.565,96.565,96.565,31
1760459820,96.565,96.565,96.565,96.565,46
1760459940,96.565,96.565,96.565,96.565,8
1760460180,96.57,96.57,96.57,96.57,88
1760460720,96.565,96.565,96.565,96.565,21
1760460780,96.565,96.565,96.565,96.565,36
1760460960,96.565,96.565,96.565,96.565,5
1760461020,96.565,96.565,96.565,96.565,20
1760461080,96.565,96.565,96.565,96.565,2
1760461740,96.565,96.565,96.565,96.565,133
1760461860,96.565,96.565,96.565,96.565,31
1760462280,96.565,96.565,96.565,96.565,18
1760463360,96.565,96.565,96.565,96.565,19
1760463420,96.565,96.565,96.565,96.565,24
1760464020,96.565,96.565,96.565,96.565,26
1760464140,96.565,96.565,96.565,96.565,18
1760464380,96.565,96.565,96.565,96.565,6
1760464620,96.565,96.565,96.565,96.565,19
1760464740,96.565,96.565,96.565,96.565,120
1760464860,96.565,96.565,96.565,96.565,60
1760465040,96.565,96.565,96.565,96.565,5
1760465580,96.565,96.565,96.565,96.565,3
1760465640,96.565,96.565,96.565,96.565,18
1760465700,96.565,96.565,96.565,96.565,2
1760466960,96.565,96.565,96.565,96.565,50
1760467380,96.565,96.565,96.565,96.565,4
1760468340,96.57,96.57,96.57,96.57,159
1760468400,96.57,96.57,96.57,96.57,86
1760468700,96.57,96.57,96.57,96.57,37
1760468760,96.57,96.57,96.57,96.57,18
1760469120,96.57,96.57,96.57,96.57,11
1760469180,96.57,96.57,96.57,96.57,7
1760469420,96.57,96.57,96.57,96.57,32
1760469840,96.57,96.57,96.57,96.57,13
1760469900,96.57,96.57,96.57,96.57,5
1760469960,96.57,96.57,96.57,96.57,10
1760470080,96.57,96.57,96.57,96.57,3
1760470140,96.57,96.57,96.57,96.57,3
1760470320,96.57,96.57,96.57,96.57,9
1760470440,96.57,96.57,96.57,96.57,2
1760470620,96.57,96.575,96.57,96.575,16
1760470680,96.575,96.575,96.575,96.575,101
1760470740,96.575,96.575,96.575,96.575,39
1760470800,96.575,96.575,96.575,96.575,38
1760470860,96.575,96.575,96.575,96.575,72
1760471040,96.575,96.575,96.575,96.575,12
1760471160,96.575,96.575,96.575,96.575,70
1760471400,96.57,96.57,96.565,96.565,812
1760472180,96.565,96.565,96.565,96.565,78
1760472240,96.565,96.565,96.565,96.565,211
1760472360,96.565,96.565,96.565,96.565,76
1760473080,96.565,96.565,96.565,96.565,31
1760473740,96.565,96.565,96.565,96.565,18
1760473800,96.565,96.565,96.565,96.565,88
1760474700,96.565,96.565,96.565,96.565,14
1760474820,96.565,96.565,96.565,96.565,10
1760474940,96.565,96.565,96.565,96.565,28
1760479200,96.56,96.56,96.56,96.56,17
1760479620,96.56,96.56,96.56,96.56,1
1760480100,96.565,96.565,96.565,96.565,35
1760480220,96.565,96.565,96.565,96.565,7
1760491800,96.57,96.57,96.57,96.57,24
1760491860,96.57,96.57,96.57,96.57,11
1760492340,96.57,96.57,96.57,96.57,38
1760492460,96.57,96.57,96.57,96.57,21
1760502480,96.57,96.57,96.57,96.57,15
1760508000,96.57,96.57,96.57,96.57,73
1760509620,96.57,96.57,96.57,96.57,21
1760511600,96.57,96.57,96.57,96.57,11
1760512680,96.57,96.57,96.57,96.57,18
1760514540,96.565,96.565,96.565,96.565,54
1760514780,96.565,96.565,96.565,96.565,2
1760515140,96.565,96.565,96.565,96.565,28
1760515620,96.565,96.565,96.565,96.565,7
1760521320,96.565,96.565,96.565,96.565,13
1760523060,96.565,96.57,96.565,96.57,534
1760523540,96.565,96.565,96.565,96.565,28
1760523600,96.565,96.565,96.565,96.565,24
1760523660,96.565,96.565,96.565,96.565,1
1760523720,96.565,96.565,96.565,96.565,10
1760523780,96.565,96.565,96.565,96.565,5
1760523840,96.565,96.565,96.565,96.565,14
1760524020,96.565,96.565,96.565,96.565,81
1760524080,96.565,96.565,96.565,96.565,32
1760524200,96.565,96.565,96.565,96.565,22
1760524260,96.565,96.565,96.565,96.565,1
1760524500,96.565,96.565,96.565,96.565,26
1760524620,96.565,96.565,96.565,96.565,15
1760525100,96.565,96.565,96.565,96.565,22
1760525220,96.565,96.565,96.565,96.565,1
1760525760,96.56,96.56,96.56,96.56,7
1760525820,96.56,96.56,96.56,96.56,21
1760525880,96.56,96.56,96.56,96.56,11
1760526960,96.565,96.565,96.565,96.565,60
1760527320,96.565,96.565,96.565,96.565,26
1760529060,96.565,96.565,96.565,96.565,252
1760529600,96.565,96.565,96.565,96.565,150
1760529660,96.565,96.565,96.565,96.565,11
1760529960,96.565,96.565,96.565,96.565,11
1760530560,96.56,96.56,96.56,96.56,43
1760530620,96.56,96.56,96.56,96.56,58
1760530800,96.56,96.56,96.56,96.56,16
1760530980,96.56,96.56,96.56,96.56,14
1760531040,96.56,96.56,96.56,96.56,11
1760531100,96.56,96.56,96.56,96.56,10
1760531160,96.56,96.56,96.56,96.56,7
1760531400,96.56,96.56,96.56,96.56,16
1760531700,96.56,96.56,96.56,96.56,1
1760532000,96.56,96.56,96.56,96.56,20
1760532120,96.56,96.56,96.56,96.56,11
1760532900,96.56,96.56,96.56,96.56,6
1760533320,96.56,96.56,96.56,96.56,16
1760533500,96.56,96.56,96.56,96.56,76
1760533560,96.56,96.56,96.56,96.56,1
1760533740,96.56,96.56,96.56,96.56,1
1760535000,96.565,96.565,96.565,96.565,13
1760535060,96.565,96.565,96.565,96.565,13
1760535240,96.565,96.565,96.565,96.565,56
1760535300,96.565,96.565,96.565,96.565,7
1760535540,96.57,96.57,96.57,96.57,1
1760536200,96.57,96.57,96.57,96.57,34
1760537040,96.565,96.565,96.565,96.565,7
1760537280,96.565,96.565,96.565,96.565,48
1760537400,96.565,96.565,96.565,96.565,13
1760537460,96.565,96.565,96.565,96.565,51
1760538240,96.565,96.565,96.565,96.565,43
1760538300,96.565,96.565,96.565,96.565,13
1760538960,96.565,96.565,96.565,96.565,7
1760539020,96.565,96.565,96.565,96.565,1
1760539140,96.565,96.565,96.565,96.565,1
1760539200,96.565,96.565,96.565,96.565,1
1760539680,96.565,96.565,96.565,96.565,1
1760540220,96.565,96.565,96.56,96.56,983
1760541000,96.56,96.56,96.56,96.56,1
1760541240,96.56,96.56,96.56,96.56,11
1760541360,96.56,96.56,96.56,96.56,68
1760541420,96.56,96.56,96.56,96.56,19
1760541900,96.56,96.56,96.56,96.56,21
1760542080,96.56,96.56,96.56,96.56,33
1760542620,96.56,96.56,96.56,96.56,105
1760542680,96.56,96.56,96.56,96.56,23
1760543160,96.56,96.56,96.56,96.56,169
1760543220,96.56,96.56,96.56,96.56,1
1760543520,96.56,96.56,96.56,96.56,250
1760543640,96.555,96.555,96.555,96.555,117
1760543700,96.555,96.555,96.555,96.555,36
1760543880,96.555,96.555,96.555,96.555,34
1760543940,96.555,96.555,96.555,96.555,214
1760544060,96.555,96.555,96.555,96.555,42
1760544480,96.555,96.555,96.555,96.555,35
1760545260,96.555,96.555,96.555,96.555,21
1760546160,96.555,96.555,96.555,96.555,1
1760546760,96.555,96.555,96.555,96.555,1
1760547300,96.555,96.555,96.555,96.555,29
1760547420,96.555,96.555,96.555,96.555,134
1760547540,96.555,96.555,96.555,96.555,44
1760547600,96.555,96.555,96.555,96.555,10
1760547660,96.56,96.56,96.56,96.56,78
1760547840,96.56,96.56,96.56,96.56,37
1760547900,96.56,96.56,96.56,96.56,48
1760547960,96.56,96.56,96.56,96.56,4
1760548020,96.56,96.56,96.56,96.56,10
1760548260,96.56,96.56,96.56,96.56,1
1760548320,96.56,96.56,96.56,96.56,26
1760548440,96.56,96.56,96.56,96.56,38
1760548500,96.56,96.56,96.56,96.56,13
1760548800,96.56,96.56,96.56,96.56,20
1760548860,96.56,96.56,96.56,96.56,19
1760548920,96.56,96.56,96.56,96.56,5
1760548980,96.56,96.56,96.56,96.56,8
1760549040,96.56,96.56,96.56,96.56,10
1760549100,96.56,96.56,96.56,96.56,8
1760549160,96.56,96.56,96.56,96.56,2
1760549340,96.56,96.56,96.56,96.56,14
1760549400,96.56,96.56,96.56,96.56,80
1760549580,96.56,96.56,96.56,96.56,20
1760549700,96.56,96.56,96.56,96.56,8
1760550240,96.56,96.56,96.56,96.56,13
1760550600,96.56,96.56,96.56,96.56,40
1760551680,96.565,96.565,96.565,96.565,1
1760552460,96.565,96.565,96.565,96.565,1
1760553240,96.56,96.56,96.56,96.56,83
1760553360,96.56,96.56,96.56,96.56,17
1760554200,96.565,96.565,96.565,96.565,1
1760554380,96.56,96.56,96.56,96.56,1
1760554740,96.56,96.56,96.56,96.56,3
1760554800,96.56,96.56,96.56,96.56,1
1760555700,96.565,96.565,96.565,96.565,1
1760556360,96.56,96.56,96.56,96.56,32
1760556480,96.56,96.56,96.56,96.56,21
1760558580,96.56,96.56,96.56,96.56,134
1760559480,96.56,96.56,96.56,96.56,27
1760559840,96.56,96.56,96.56,96.56,70
1760559900,96.56,96.56,96.56,96.56,20
1760561400,96.56,96.56,96.56,96.56,25
1760565660,96.56,96.56,96.56,96.56,19
1760565720,96.56,96.56,96.56,96.56,42
1760565780,96.56,96.56,96.56,96.56,6
1760565840,96.56,96.56,96.56,96.56,1
1760571960,96.56,96.56,96.56,96.56,29
1760572020,96.56,96.56,96.56,96.56,24
1760572200,96.56,96.56,96.56,96.56,1
1760572320,96.56,96.56,96.56,96.56,54
1760573280,96.56,96.56,96.56,96.56,9
1760574180,96.56,96.56,96.56,96.56,46
1760574780,96.565,96.565,96.565,96.565,8
1760574900,96.565,96.565,96.565,96.565,19
1760575020,96.565,96.565,96.565,96.565,33
1760575140,96.565,96.565,96.565,96.565,11
1760577180,96.565,96.565,96.565,96.565,19
1760578200,96.565,96.565,96.565,96.565,11
1760578260,96.565,96.565,96.565,96.565,11
1760596860,96.56,96.56,96.56,96.56,22
1760598060,96.56,96.56,96.56,96.56,65
1760598480,96.56,96.56,96.56,96.56,43
1760598720,96.56,96.56,96.56,96.56,24
1760601360,96.56,96.56,96.56,96.56,47
1760601600,96.56,96.56,96.56,96.56,56
1760601660,96.56,96.56,96.56,96.56,10
1760601720,96.56,96.56,96.56,96.56,35
1760602380,96.56,96.56,96.56,96.56,11
1760606940,96.56,96.56,96.56,96.56,11
1760610720,96.56,96.56,96.56,96.56,37
1760613060,96.56,96.56,96.56,96.56,1
1760614080,96.56,96.56,96.56,96.56,54
1760614140,96.56,96.56,96.56,96.56,11
1760614200,96.56,96.56,96.56,96.56,10
1760614320,96.56,96.56,96.56,96.56,15
1760614380,96.56,96.56,96.56,96.56,11
1760614500,96.56,96.56,96.56,96.56,264
1760614980,96.56,96.56,96.56,96.56,160
1760615040,96.56,96.56,96.56,96.56,140
1760616360,96.565,96.565,96.56,96.56,490
1760616540,96.565,96.565,96.565,96.565,32
1760616600,96.565,96.565,96.565,96.565,43
1760616960,96.565,96.565,96.565,96.565,15
1760617080,96.565,96.565,96.565,96.565,35
1760617200,96.565,96.565,96.565,96.565,1
1760617500,96.57,96.57,96.57,96.57,23
1760617800,96.57,96.57,96.57,96.57,13
1760617980,96.57,96.57,96.57,96.57,1
1760618040,96.57,96.57,96.57,96.57,69
1760618100,96.57,96.57,96.57,96.57,22
1760618520,96.57,96.57,96.57,96.57,94
1760618580,96.57,96.57,96.57,96.57,10
1760618640,96.57,96.57,96.57,96.57,22
1760618820,96.57,96.57,96.57,96.57,1
1760618940,96.57,96.57,96.57,96.57,6
1760619000,96.57,96.57,96.57,96.57,10
1760619300,96.57,96.57,96.57,96.57,44
1760619720,96.565,96.565,96.565,96.565,1
1760619780,96.56,96.56,96.56,96.56,106
1760619840,96.56,96.56,96.56,96.56,26
1760620020,96.56,96.56,96.56,96.56,14
1760620080,96.56,96.56,96.56,96.56,2
1760620140,96.56,96.56,96.56,96.56,115
1760620200,96.56,96.56,96.56,96.56,4
1760620260,96.56,96.56,96.56,96.56,13
1760620500,96.56,96.56,96.56,96.56,64
1760620860,96.555,96.555,96.555,96.555,249
1760621100,96.55,96.55,96.55,96.55,8
1760621220,96.55,96.55,96.55,96.55,14
1760621820,96.55,96.55,96.55,96.55,92
1760622120,96.55,96.55,96.55,96.55,30
1760622180,96.55,96.55,96.55,96.55,62
1760622240,96.55,96.55,96.55,96.55,14
1760623440,96.555,96.555,96.555,96.555,129
1760623560,96.555,96.555,96.555,96.555,5
1760623620,96.555,96.555,96.555,96.555,14
1760624520,96.56,96.56,96.56,96.56,1
1760624820,96.56,96.56,96.56,96.56,55
1760625000,96.56,96.56,96.56,96.56,14
1760625120,96.56,96.56,96.56,96.56,17
1760625180,96.56,96.56,96.56,96.56,19
1760625420,96.56,96.56,96.56,96.56,20
1760625540,96.56,96.56,96.56,96.56,17
1760625780,96.56,96.56,96.56,96.56,1
1760625840,96.56,96.56,96.56,96.56,21
1760626020,96.56,96.56,96.56,96.56,4
1760626080,96.56,96.56,96.56,96.56,4
1760626260,96.565,96.565,96.565,96.565,1
1760626560,96.56,96.56,96.56,96.56,125
1760626620,96.56,96.56,96.56,96.56,2
1760626680,96.56,96.56,96.56,96.56,12
1760626740,96.56,96.56,96.56,96.56,18
1760626800,96.56,96.56,96.56,96.56,117
1760626920,96.56,96.56,96.56,96.56,5
1760627040,96.56,96.56,96.56,96.56,62
1760627100,96.56,96.56,96.56,96.56,2
1760627160,96.56,96.56,96.56,96.56,5
1760627280,96.56,96.56,96.56,96.56,41
1760627940,96.565,96.565,96.565,96.565,1
1760628600,96.57,96.57,96.57,96.57,1
1760628720,96.565,96.565,96.565,96.565,18
1760628780,96.565,96.565,96.565,96.565,82
1760628840,96.565,96.565,96.565,96.565,17
1760628900,96.57,96.57,96.57,96.57,12
1760629200,96.57,96.57,96.57,96.57,299
1760629260,96.575,96.575,96.57,96.575,126
1760630220,96.575,96.575,96.575,96.575,1
1760630280,96.575,96.575,96.575,96.575,5
1760630340,96.575,96.575,96.575,96.575,25
1760630460,96.575,96.575,96.575,96.575,2
1760630580,96.575,96.575,96.575,96.575,17
1760631000,96.575,96.575,96.575,96.575,143
1760631060,96.575,96.575,96.575,96.575,8
1760631180,96.575,96.58,96.575,96.58,113
1760631240,96.58,96.58,96.58,96.58,10
1760631360,96.585,96.585,96.585,96.585,175
1760631420,96.59,96.595,96.59,96.595,227
1760631480,96.59,96.59,96.59,96.59,55
1760631540,96.59,96.59,96.59,96.59,63
1760631660,96.59,96.59,96.59,96.59,46
1760631720,96.59,96.59,96.59,96.59,7
1760631840,96.595,96.595,96.595,96.595,1
1760631900,96.6,96.6,96.6,96.6,21
1760631960,96.605,96.605,96.605,96.605,105
1760632020,96.605,96.615,96.605,96.615,149
1760632080,96.615,96.615,96.615,96.615,41
1760632140,96.61,96.61,96.61,96.61,118
1760632200,96.615,96.63,96.615,96.63,11
1760632260,96.62,96.62,96.62,96.62,27
1760632320,96.625,96.645,96.625,96.645,64
1760632380,96.64,96.64,96.63,96.63,77
1760632440,96.63,96.635,96.63,96.635,23
1760632500,96.635,96.635,96.635,96.635,24
1760632560,96.62,96.62,96.62,96.62,5
1760632620,96.62,96.625,96.62,96.625,7
1760632680,96.63,96.63,96.625,96.63,50
1760632740,96.635,96.635,96.635,96.635,171
1760632800,96.635,96.635,96.63,96.63,459
1760632860,96.625,96.63,96.625,96.63,18
1760632920,96.63,96.63,96.625,96.625,46
1760632980,96.625,96.625,96.625,96.625,31
1760633040,96.63,96.63,96.63,96.63,61
1760633100,96.63,96.635,96.63,96.635,127
1760633160,96.64,96.64,96.64,96.64,3
1760633220,96.64,96.645,96.64,96.645,16
1760633280,96.645,96.645,96.645,96.645,43
1760633340,96.65,96.655,96.645,96.645,82
1760633400,96.64,96.64,96.64,96.64,7
1760633460,96.64,96.64,96.64,96.64,32
1760633520,96.635,96.635,96.635,96.635,10
1760633580,96.63,96.63,96.62,96.62,92
1760633640,96.625,96.625,96.62,96.62,148
1760633700,96.62,96.62,96.62,96.62,9
1760633760,96.615,96.615,96.615,96.615,3
1760633880,96.615,96.615,96.61,96.61,32
1760633940,96.61,96.61,96.61,96.61,73
1760634000,96.61,96.61,96.61,96.61,45
1760634060,96.615,96.615,96.615,96.615,7
1760634120,96.615,96.615,96.615,96.615,3
1760634180,96.62,96.62,96.62,96.62,26
1760634240,96.615,96.615,96.615,96.615,17
1760634300,96.615,96.62,96.615,96.62,15
1760634360,96.62,96.62,96.62,96.62,53
1760634420,96.62,96.62,96.615,96.615,52
1760634540,96.615,96.615,96.615,96.615,3
1760634600,96.615,96.615,96.615,96.615,2
1760634660,96.615,96.615,96.615,96.615,27
1760634720,96.615,96.615,96.615,96.615,7
1760634780,96.615,96.615,96.615,96.615,1
1760634840,96.615,96.615,96.615,96.615,1
1760634900,96.62,96.62,96.62,96.62,19
1760634960,96.615,96.615,96.615,96.615,1
1760635020,96.61,96.61,96.61,96.61,8
1760635140,96.61,96.61,96.61,96.61,10
1760635200,96.61,96.61,96.61,96.61,9
1760635440,96.615,96.615,96.615,96.615,47
1760635680,96.61,96.61,96.61,96.61,8
1760635920,96.61,96.61,96.61,96.61,63
1760636160,96.605,96.605,96.6,96.6,147
1760636220,96.6,96.6,96.6,96.6,62
1760636280,96.605,96.605,96.605,96.605,47
1760636400,96.605,96.605,96.605,96.605,64
1760636460,96.605,96.605,96.605,96.605,27
1760636520,96.605,96.605,96.605,96.605,34
1760636580,96.61,96.61,96.605,96.61,5
1760636700,96.61,96.61,96.61,96.61,139
1760636760,96.61,96.61,96.61,96.61,23
1760636820,96.61,96.61,96.61,96.61,10
1760636940,96.615,96.615,96.615,96.615,10
1760637000,96.615,96.615,96.615,96.615,58
1760637060,96.615,96.615,96.615,96.615,37
1760637120,96.615,96.615,96.615,96.615,29
1760637300,96.615,96.615,96.615,96.615,1
1760637480,96.615,96.615,96.615,96.615,32
1760637600,96.615,96.615,96.615,96.615,18
1760637840,96.62,96.62,96.62,96.62,32
1760637900,96.625,96.625,96.625,96.625,88
1760637960,96.625,96.625,96.625,96.625,34
1760638140,96.63,96.63,96.63,96.63,1
1760638260,96.63,96.63,96.63,96.63,1
1760638440,96.63,96.63,96.63,96.63,11
1760638500,96.63,96.63,96.63,96.63,48
1760638620,96.63,96.63,96.63,96.63,93
1760638740,96.63,96.63,96.63,96.63,15
1760638980,96.63,96.63,96.63,96.63,5
1760639160,96.635,96.635,96.635,96.635,148
1760639400,96.63,96.63,96.63,96.63,34
1760639460,96.63,96.63,96.63,96.63,4
1760639700,96.63,96.63,96.625,96.625,92
1760639760,96.625,96.625,96.625,96.625,16
1760640000,96.63,96.63,96.63,96.63,2
1760640060,96.63,96.63,96.63,96.63,38
1760640120,96.63,96.63,96.63,96.63,17
1760640240,96.625,96.625,96.625,96.625,17
1760640360,96.625,96.625,96.625,96.625,1
1760640780,96.625,96.625,96.625,96.625,2
1760641080,96.63,96.63,96.63,96.63,59
1760641140,96.63,96.63,96.63,96.63,14
1760641800,96.625,96.625,96.625,96.625,139
1760641860,96.625,96.625,96.625,96.625,17
1760642100,96.63,96.63,96.63,96.63,20
1760642220,96.63,96.63,96.63,96.63,5
1760642280,96.63,96.63,96.63,96.63,11
1760642460,96.63,96.63,96.63,96.63,35
1760642760,96.635,96.635,96.635,96.635,94
1760643000,96.635,96.635,96.635,96.635,44
1760643060,96.635,96.635,96.635,96.635,17
1760643120,96.635,96.635,96.635,96.635,17
1760643240,96.635,96.635,96.635,96.635,17
1760643300,96.64,96.64,96.64,96.64,105
1760643360,96.64,96.64,96.64,96.64,2
1760643420,96.64,96.64,96.64,96.64,11
1760643660,96.64,96.64,96.64,96.64,3
1760644440,96.64,96.64,96.64,96.64,29
1760644500,96.645,96.645,96.645,96.645,11
1760644740,96.645,96.645,96.645,96.645,22
1760644800,96.64,96.64,96.64,96.64,98
1760644860,96.64,96.64,96.64,96.64,1
1760645100,96.64,96.64,96.64,96.64,25
1760645820,96.64,96.64,96.64,96.64,24
1760646000,96.64,96.64,96.64,96.64,52
1760646240,96.64,96.64,96.64,96.64,17
1760646660,96.64,96.64,96.64,96.64,1
1760646720,96.64,96.64,96.64,96.64,1
1760646900,96.64,96.64,96.64,96.64,24
1760647260,96.64,96.64,96.64,96.64,29
1760647320,96.64,96.64,96.64,96.64,3
1760647380,96.64,96.64,96.64,96.64,46
1760647560,96.64,96.64,96.64,96.64,20
1760648160,96.64,96.64,96.64,96.64,1
1760648280,96.64,96.64,96.64,96.64,3
1760652360,96.64,96.64,96.64,96.64,11
1760652420,96.645,96.645,96.645,96.645,10
1760652720,96.645,96.645,96.645,96.645,15
1760654820,96.65,96.65,96.65,96.65,30
1760654940,96.65,96.65,96.65,96.65,1
1760655000,96.65,96.65,96.65,96.65,11
1760655480,96.65,96.65,96.65,96.65,9
1760655600,96.65,96.65,96.65,96.65,30
1760656080,96.65,96.65,96.65,96.65,10
1760656140,96.65,96.65,96.65,96.65,9
1760656200,96.65,96.65,96.65,96.65,15
1760656440,96.65,96.65,96.65,96.65,6
1760657640,96.65,96.65,96.65,96.65,18
1760657700,96.65,96.65,96.65,96.65,1
1760658240,96.65,96.65,96.65,96.65,3
1760658300,96.65,96.65,96.65,96.65,1
1760658420,96.65,96.65,96.65,96.65,1
1760659200,96.655,96.655,96.655,96.655,11
1760659320,96.655,96.655,96.655,96.655,1
1760659860,96.65,96.65,96.65,96.65,37
1760660280,96.655,96.655,96.655,96.655,15
1760660940,96.655,96.655,96.655,96.655,2
1760662620,96.655,96.655,96.655,96.655,5
1760662680,96.655,96.655,96.655,96.655,3
1760662800,96.655,96.655,96.655,96.655,79
1760662860,96.655,96.655,96.655,96.655,12
1760663040,96.66,96.66,96.655,96.655,49
1760663220,96.65,96.65,96.65,96.65,9
1760663460,96.65,96.65,96.65,96.65,8
1760664600,96.65,96.65,96.65,96.65,24
1760665080,96.65,96.65,96.65,96.65,15
1760665140,96.65,96.65,96.65,96.65,12
1760665500,96.65,96.65,96.65,96.65,12
1760665620,96.65,96.65,96.65,96.65,12
1760667840,96.66,96.66,96.66,96.66,23
1760668200,96.655,96.655,96.655,96.655,65
1760668260,96.655,96.655,96.655,96.655,1
1760668800,96.655,96.655,96.655,96.655,1
1760669280,96.655,96.655,96.655,96.655,12
1760670840,96.66,96.66,96.66,96.66,84
1760671320,96.66,96.66,96.66,96.66,12
1760673180,96.67,96.67,96.67,96.67,52
1760674140,96.665,96.665,96.665,96.665,151
1760674500,96.665,96.665,96.665,96.665,11
1760677500,96.665,96.665,96.665,96.665,12
1760677620,96.665,96.665,96.665,96.665,12
1760678400,96.665,96.665,96.665,96.665,1
1760680320,96.665,96.665,96.665,96.665,70
1760680560,96.665,96.665,96.665,96.665,100
1760681160,96.66,96.66,96.66,96.66,53
1760681220,96.66,96.66,96.66,96.66,12
1760681640,96.66,96.66,96.66,96.66,3
1760682000,96.66,96.66,96.66,96.66,12
1760682300,96.66,96.66,96.66,96.66,8
1760682480,96.66,96.66,96.66,96.66,134
1760682840,96.655,96.655,96.655,96.655,100
1760683320,96.66,96.66,96.66,96.66,36
1760683740,96.665,96.665,96.665,96.665,6
1760683800,96.665,96.665,96.665,96.665,3
1760683980,96.67,96.67,96.67,96.67,4
1760684040,96.67,96.67,96.67,96.67,46
1760684340,96.67,96.67,96.67,96.67,51
1760684400,96.67,96.67,96.67,96.67,11
1760684760,96.67,96.67,96.67,96.67,125
1760684820,96.67,96.67,96.67,96.67,13
1760684940,96.67,96.67,96.67,96.67,45
1760685000,96.67,96.67,96.67,96.67,12
1760685240,96.67,96.67,96.67,96.67,26
1760685540,96.675,96.675,96.675,96.675,62
1760685660,96.675,96.675,96.675,96.675,24
1760685900,96.67,96.67,96.67,96.67,24
1760685960,96.67,96.67,96.67,96.67,73
1760686020,96.67,96.67,96.67,96.67,12
1760686140,96.675,96.675,96.675,96.675,2
1760686500,96.67,96.67,96.67,96.67,84
1760686740,96.67,96.67,96.67,96.67,12
1760687040,96.665,96.665,96.66,96.665,433
1760687100,96.665,96.665,96.665,96.665,100
1760687220,96.665,96.665,96.665,96.665,10
1760687400,96.665,96.665,96.665,96.665,24
1760688300,96.665,96.665,96.665,96.665,92
1760688420,96.66,96.66,96.66,96.66,9
1760688480,96.66,96.66,96.66,96.66,32
1760688660,96.66,96.66,96.66,96.66,13
1760688960,96.66,96.66,96.66,96.66,10
1760689380,96.66,96.66,96.66,96.66,21
1760689440,96.66,96.66,96.66,96.66,22
1760690100,96.655,96.655,96.65,96.65,136
1760690220,96.655,96.655,96.655,96.655,53
1760690580,96.66,96.66,96.66,96.66,25
1760690760,96.66,96.66,96.66,96.66,1
1760691240,96.66,96.66,96.66,96.66,37
1760691300,96.66,96.66,96.66,96.66,15
1760691420,96.66,96.66,96.66,96.66,8
1760691600,96.66,96.66,96.66,96.66,10
1760691660,96.66,96.66,96.66,96.66,30
1760691720,96.66,96.66,96.66,96.66,48
1760692440,96.655,96.655,96.655,96.655,13
1760693160,96.65,96.65,96.65,96.65,2
1760693280,96.65,96.65,96.65,96.65,8
1760693700,96.65,96.65,96.65,96.65,2
1760693820,96.65,96.65,96.65,96.65,35
1760694060,96.655,96.655,96.655,96.655,61
1760694480,96.66,96.66,96.66,96.66,28
1760694540,96.66,96.66,96.66,96.66,32
1760694600,96.66,96.66,96.66,96.66,2
1760694660,96.66,96.66,96.66,96.66,2
1760694900,96.66,96.66,96.66,96.66,2
1760695380,96.655,96.655,96.655,96.655,41
1760695680,96.655,96.655,96.655,96.655,10
1760695740,96.655,96.655,96.655,96.655,15
1760695800,96.655,96.655,96.655,96.655,26
1760695860,96.655,96.655,96.655,96.655,15
1760696280,96.655,96.655,96.655,96.655,69
1760696340,96.655,96.655,96.655,96.655,4
1760696520,96.66,96.66,96.66,96.66,91
1760696940,96.665,96.665,96.665,96.665,52
1760697000,96.665,96.665,96.665,96.665,20
1760697060,96.66,96.66,96.66,96.66,182
1760697300,96.66,96.66,96.66,96.66,19
1760697420,96.66,96.66,96.66,96.66,45
1760697600,96.66,96.66,96.66,96.66,47
1760698200,96.66,96.66,96.66,96.66,70
1760698320,96.66,96.66,96.66,96.66,9
1760698500,96.655,96.655,96.655,96.655,30
1760698560,96.65,96.65,96.65,96.65,85
1760698620,96.65,96.65,96.65,96.65,6
1760698740,96.65,96.65,96.65,96.65,3
1760698860,96.65,96.65,96.65,96.65,1
1760698980,96.65,96.65,96.65,96.65,11
1760699040,96.65,96.65,96.65,96.65,101
1760699340,96.645,96.645,96.645,96.645,150
1760699520,96.64,96.64,96.635,96.635,129
1760699580,96.635,96.635,96.62,96.62,455
1760699640,96.625,96.63,96.625,96.63,135
1760699700,96.63,96.63,96.625,96.625,19
1760699760,96.625,96.625,96.625,96.625,1
1760699940,96.63,96.63,96.63,96.63,10
1760700000,96.635,96.635,96.635,96.635,10
1760700060,96.63,96.63,96.63,96.63,16
1760700120,96.63,96.63,96.63,96.63,22
1760700240,96.63,96.63,96.63,96.63,3
1760700300,96.625,96.625,96.625,96.625,21
1760700360,96.625,96.625,96.625,96.625,70
1760700540,96.62,96.62,96.62,96.62,37
1760700780,96.62,96.62,96.62,96.62,98
1760700840,96.62,96.62,96.62,96.62,15
1760701440,96.615,96.615,96.615,96.615,31
1760701500,96.615,96.615,96.615,96.615,15
1760701560,96.62,96.62,96.62,96.62,15
1760701620,96.62,96.62,96.62,96.62,6
1760701740,96.615,96.615,96.615,96.615,2
1760701920,96.62,96.62,96.62,96.62,1
1760702040,96.625,96.625,96.625,96.625,1
1760702220,96.62,96.62,96.62,96.62,39
1760702340,96.62,96.62,96.62,96.62,15
1760702400,96.62,96.62,96.62,96.62,31
1760702520,96.62,96.62,96.62,96.62,31
1760702580,96.62,96.62,96.62,96.62,27
1760702640,96.62,96.62,96.62,96.62,5
1760702820,96.615,96.615,96.615,96.615,56
1760702880,96.615,96.615,96.615,96.615,30
1760703000,96.615,96.615,96.615,96.615,1
1760703060,96.615,96.615,96.615,96.615,15
1760703120,96.615,96.615,96.615,96.615,15
1760703180,96.615,96.615,96.615,96.615,11
1760703360,96.615,96.615,96.615,96.615,8
1760703480,96.615,96.615,96.615,96.615,25
1760703540,96.615,96.615,96.615,96.615,25
1760703600,96.615,96.615,96.615,96.615,79
1760703780,96.615,96.615,96.615,96.615,71
1760703900,96.61,96.61,96.61,96.61,132
1760704200,96.61,96.61,96.61,96.61,5
1760704260,96.61,96.61,96.61,96.61,86
1760704320,96.61,96.61,96.61,96.61,20
1760704620,96.61,96.61,96.605,96.605,100
1760704680,96.605,96.605,96.605,96.605,50
1760704740,96.605,96.605,96.605,96.605,39
1760704800,96.605,96.605,96.605,96.605,246
1760704860,96.605,96.605,96.605,96.605,30
1760704920,96.605,96.605,96.605,96.605,1
1760704980,96.605,96.605,96.605,96.605,8
1760705220,96.605,96.605,96.605,96.605,172
1760705640,96.61,96.61,96.61,96.61,50
1760705700,96.61,96.61,96.61,96.61,2
1760705760,96.61,96.61,96.61,96.61,14
1760706000,96.61,96.61,96.61,96.61,2
1760706480,96.605,96.605,96.605,96.605,43
1760707260,96.605,96.605,96.605,96.605,15
1760707320,96.605,96.605,96.605,96.605,15
1760707380,96.605,96.605,96.605,96.605,7
1760707500,96.61,96.61,96.61,96.61,1
1760707560,96.61,96.61,96.61,96.61,139
1760707620,96.61,96.61,96.61,96.61,9
1760707680,96.61,96.61,96.61,96.61,9
1760707800,96.615,96.615,96.615,96.615,204
1760707920,96.615,96.615,96.615,96.615,15
1760707980,96.615,96.615,96.615,96.615,10
1760708040,96.615,96.615,96.61,96.61,82
1760708100,96.61,96.61,96.61,96.61,3
1760708160,96.61,96.61,96.61,96.61,44
1760708280,96.61,96.61,96.605,96.605,60
1760708460,96.61,96.61,96.61,96.61,20
1760708580,96.61,96.61,96.61,96.61,9
1760708700,96.615,96.615,96.615,96.615,13
1760708820,96.61,96.61,96.61,96.61,8
1760708880,96.61,96.61,96.61,96.61,35
1760708940,96.61,96.61,96.61,96.61,31
1760709060,96.605,96.605,96.605,96.605,9
1760709120,96.605,96.605,96.605,96.605,7
1760709180,96.605,96.605,96.605,96.605,2
1760709480,96.605,96.605,96.605,96.605,4
1760709540,96.605,96.605,96.605,96.605,129
1760709600,96.605,96.605,96.605,96.605,56
1760709660,96.605,96.605,96.605,96.605,15
1760709720,96.605,96.605,96.6,96.6,89
1760709960,96.6,96.6,96.6,96.6,5
1760710260,96.6,96.6,96.6,96.6,32
1760710320,96.6,96.6,96.6,96.6,22
1760710440,96.595,96.595,96.595,96.595,55
1760710500,96.595,96.595,96.595,96.595,35
1760710560,96.595,96.595,96.595,96.595,25
1760710620,96.595,96.595,96.595,96.595,13
1760710740,96.595,96.595,96.595,96.595,3
1760710800,96.595,96.595,96.595,96.595,19
1760711040,96.595,96.595,96.595,96.595,66
1760711100,96.595,96.595,96.595,96.595,31
1760711700,96.595,96.595,96.595,96.595,35
1760711940,96.6,96.6,96.6,96.6,1
1760712000,96.6,96.6,96.6,96.6,8
1760712120,96.6,96.6,96.6,96.6,1
1760712300,96.6,96.6,96.6,96.6,30
1760712420,96.6,96.6,96.6,96.6,45
1760712480,96.6,96.6,96.6,96.6,18
1760712660,96.6,96.6,96.6,96.6,15
1760712900,96.6,96.6,96.6,96.6,100
1760713440,96.6,96.6,96.6,96.6,79
1760713500,96.6,96.6,96.6,96.6,15
1760713620,96.6,96.6,96.6,96.6,15
1760713740,96.6,96.6,96.6,96.6,47
1760713800,96.6,96.6,96.6,96.6,1
1760714640,96.605,96.605,96.605,96.605,15
1760714700,96.605,96.605,96.605,96.605,15
1760715060,96.61,96.61,96.61,96.61,3
1760715480,96.61,96.61,96.61,96.61,15
1760715540,96.61,96.61,96.61,96.61,15
1760715600,96.605,96.605,96.605,96.605,15
1760716980,96.6,96.6,96.6,96.6,62
1760717460,96.605,96.605,96.605,96.605,31
1760717880,96.605,96.605,96.605,96.605,30
1760718840,96.605,96.605,96.605,96.605,2
1760718900,96.605,96.605,96.605,96.605,2
1760718960,96.605,96.605,96.605,96.605,4
1760719200,96.605,96.605,96.605,96.605,6
1760719260,96.605,96.605,96.605,96.605,32
1760719320,96.605,96.605,96.605,96.605,31
1760719800,96.6,96.6,96.6,96.6,34
1760721900,96.605,96.605,96.605,96.605,16
1760722080,96.605,96.605,96.605,96.605,32
1760722140,96.605,96.605,96.605,96.605,1
1760722200,96.605,96.605,96.605,96.605,1
1760722320,96.605,96.605,96.605,96.605,28
1760722800,96.605,96.605,96.605,96.605,31
1760722860,96.605,96.605,96.605,96.605,15
1760722920,96.605,96.605,96.605,96.605,15
1760723580,96.6,96.6,96.6,96.6,1
1760723640,96.6,96.6,96.6,96.6,16
1760724180,96.6,96.6,96.6,96.6,40
1760724240,96.6,96.6,96.6,96.6,1
1760724300,96.6,96.6,96.6,96.6,17
1760724360,96.6,96.6,96.6,96.6,55
1760724900,96.6,96.6,96.6,96.6,36
1760724960,96.6,96.6,96.6,96.6,17
1760725020,96.6,96.6,96.6,96.6,1
1760725320,96.6,96.6,96.6,96.6,36
1760725380,96.6,96.6,96.6,96.6,40
1760725440,96.6,96.6,96.6,96.6,1
1760725680,96.6,96.6,96.6,96.6,45
1760725800,96.6,96.6,96.6,96.6,6
1760727000,96.595,96.595,96.595,96.595,555
1760727480,96.595,96.595,96.595,96.595,104
1760729400,96.595,96.595,96.595,96.595,1
1760729760,96.595,96.595,96.595,96.595,1
1760730060,96.6,96.6,96.6,96.6,65
1760730180,96.595,96.595,96.595,96.595,5
1760730780,96.6,96.6,96.6,96.6,17
1760730840,96.6,96.6,96.6,96.6,1
1760731140,96.595,96.595,96.595,96.595,1
1760732520,96.595,96.595,96.595,96.595,11
1760732820,96.595,96.595,96.595,96.595,6
1760734020,96.6,96.6,96.6,96.6,45
1760734200,96.595,96.605,96.595,96.605,44
1760734740,96.6,96.6,96.6,96.6,19
1760911200,96.59,96.59,96.59,96.59,1
1760911260,96.59,96.59,96.59,96.59,1
1760911380,96.595,96.595,96.595,96.595,7
1760911560,96.6,96.6,96.6,96.6,25
1760916240,96.6,96.6,96.6,96.6,32
1760918400,96.6,96.6,96.6,96.6,18
1760920200,96.595,96.595,96.595,96.595,49
1760920800,96.595,96.595,96.595,96.595,8
1760921640,96.595,96.595,96.595,96.595,7
1760922300,96.595,96.595,96.595,96.595,8
1760925480,96.595,96.595,96.595,96.595,1
1760925660,96.595,96.595,96.595,96.595,4
1760929620,96.595,96.595,96.595,96.595,2
1760930220,96.595,96.595,96.595,96.595,10
1760930760,96.595,96.595,96.595,96.595,13
1760932380,96.595,96.595,96.595,96.595,13
1760932440,96.595,96.595,96.595,96.595,10
1760938140,96.59,96.59,96.59,96.59,27
1760938260,96.59,96.59,96.59,96.59,17
1760939760,96.59,96.59,96.59,96.59,23
1760941260,96.59,96.59,96.59,96.59,12
1760941320,96.59,96.59,96.59,96.59,12
1760943240,96.585,96.585,96.585,96.585,7
1760943420,96.58,96.58,96.58,96.58,3
1760943600,96.585,96.585,96.585,96.585,21
1760944260,96.58,96.58,96.58,96.58,1
1760945520,96.585,96.585,96.585,96.585,3
1760947200,96.585,96.585,96.585,96.585,18
1760949000,96.59,96.59,96.59,96.59,23
1760950560,96.59,96.59,96.59,96.59,11
1760950800,96.59,96.59,96.59,96.59,20
1760951520,96.59,96.59,96.59,96.59,11
1760951700,96.59,96.59,96.59,96.59,11
1760952600,96.59,96.59,96.59,96.59,22
1760952840,96.59,96.59,96.59,96.59,3
1760953020,96.59,96.59,96.59,96.59,1
1760953080,96.59,96.59,96.59,96.59,10
1760954100,96.59,96.59,96.59,96.59,5
1760959080,96.59,96.59,96.59,96.59,1
1760960580,96.585,96.585,96.585,96.585,99
1760961360,96.59,96.59,96.59,96.59,9
1760961600,96.59,96.59,96.59,96.59,71
1760961840,96.59,96.59,96.59,96.59,26
1760962080,96.59,96.59,96.59,96.59,14
1760962200,96.59,96.59,96.59,96.59,9
1760962800,96.595,96.595,96.595,96.595,54
1760963040,96.595,96.595,96.595,96.595,7
1760963160,96.595,96.595,96.595,96.595,10
1760964060,96.6,96.6,96.6,96.6,15
1760965140,96.6,96.6,96.6,96.6,1
1760965260,96.6,96.6,96.6,96.6,25
1760965560,96.6,96.6,96.6,96.6,52
1760965680,96.6,96.6,96.6,96.6,21
1760965740,96.6,96.6,96.6,96.6,99
1760966220,96.6,96.6,96.6,96.6,27
1760966340,96.6,96.6,96.6,96.6,14
1760967000,96.6,96.6,96.6,96.6,5
1760967120,96.6,96.6,96.6,96.6,25
1760967420,96.595,96.595,96.595,96.595,158
1760967540,96.595,96.595,96.595,96.595,30
1760967600,96.595,96.595,96.595,96.595,64
1760968020,96.595,96.595,96.595,96.595,13
1760969040,96.595,96.595,96.595,96.595,4
1760969280,96.595,96.595,96.595,96.595,34
1760969340,96.595,96.595,96.595,96.595,2
1760970000,96.595,96.595,96.595,96.595,1
1760970300,96.595,96.595,96.595,96.595,22
1760970600,96.595,96.595,96.595,96.595,10
1760970720,96.595,96.595,96.595,96.595,30
1760970840,96.595,96.595,96.595,96.595,1
1760970900,96.595,96.595,96.595,96.595,1
1760970960,96.595,96.595,96.595,96.595,17
1760971260,96.595,96.595,96.595,96.595,2
1760971620,96.595,96.595,96.595,96.595,1
1760971740,96.59,96.59,96.59,96.59,58
1760972160,96.59,96.59,96.59,96.59,54
1760972220,96.59,96.59,96.59,96.59,5
1760972580,96.585,96.585,96.585,96.585,23
1760972760,96.585,96.585,96.585,96.585,646
1760972820,96.585,96.585,96.585,96.585,17
1760972940,96.585,96.585,96.585,96.585,8
1760973420,96.585,96.585,96.585,96.585,10
1760973480,96.59,96.59,96.59,96.59,1
1760974020,96.59,96.59,96.59,96.59,1
1760974080,96.585,96.585,96.585,96.585,6
1760974200,96.585,96.585,96.585,96.585,2
1760974380,96.585,96.585,96.585,96.585,9
1760974680,96.585,96.585,96.585,96.585,46
1760975760,96.59,96.59,96.59,96.59,1
1760975880,96.585,96.585,96.585,96.585,30
1760975940,96.585,96.585,96.585,96.585,10
1760976480,96.59,96.59,96.59,96.59,3
1760977440,96.59,96.59,96.59,96.59,1
1760978160,96.59,96.59,96.59,96.59,1
1760978760,96.59,96.59,96.59,96.59,1
1760979180,96.585,96.585,96.585,96.585,24
1760979420,96.585,96.585,96.585,96.585,32
1760980020,96.585,96.585,96.585,96.585,8
1760980320,96.59,96.59,96.59,96.59,1
1760981280,96.59,96.59,96.59,96.59,1
1760982300,96.59,96.59,96.59,96.59,1
1760983140,96.59,96.59,96.59,96.59,1
1760983860,96.59,96.59,96.59,96.59,1
1760984760,96.59,96.59,96.59,96.59,1
1760985720,96.59,96.59,96.59,96.59,7
1760986620,96.59,96.59,96.59,96.59,1
1760986680,96.59,96.59,96.59,96.59,38
1760986860,96.59,96.59,96.59,96.59,206
1760987100,96.59,96.59,96.59,96.59,8
1760987160,96.59,96.59,96.59,96.59,4
1760987220,96.59,96.59,96.59,96.59,12
1760987340,96.59,96.59,96.59,96.59,23
1760988060,96.59,96.59,96.59,96.59,1
1760988540,96.59,96.59,96.59,96.59,1
1760988780,96.59,96.59,96.59,96.59,2
1760988900,96.59,96.59,96.59,96.59,1
1760989140,96.59,96.59,96.59,96.59,10
1760989320,96.59,96.59,96.59,96.59,1
1760989680,96.59,96.59,96.59,96.59,1
1760990100,96.59,96.59,96.59,96.59,1
1760990340,96.59,96.595,96.59,96.595,255
1760993040,96.59,96.59,96.59,96.59,56
1760993160,96.59,96.59,96.59,96.59,100
1760993340,96.59,96.59,96.59,96.59,12
1760993400,96.59,96.59,96.59,96.59,29
1760997660,96.59,96.59,96.59,96.59,14
1760999700,96.59,96.59,96.59,96.59,22
1761006300,96.585,96.585,96.585,96.585,9
1761006600,96.585,96.585,96.585,96.585,33
1761007260,96.585,96.585,96.585,96.585,11
1761007320,96.585,96.585,96.585,96.585,11
1761014160,96.58,96.58,96.58,96.58,35
1761014640,96.58,96.58,96.58,96.58,46
1761022560,96.585,96.585,96.585,96.585,22
1761023160,96.585,96.585,96.585,96.585,1
1761028740,96.585,96.585,96.585,96.585,3
1761028800,96.585,96.585,96.585,96.585,5
1761028860,96.585,96.585,96.585,96.585,11
1761030000,96.59,96.59,96.59,96.59,3
1761030300,96.59,96.59,96.59,96.59,14
1761030360,96.59,96.59,96.59,96.59,14
1761030660,96.59,96.59,96.59,96.59,28
1761031020,96.59,96.59,96.59,96.59,11
1761031320,96.59,96.59,96.59,96.59,54
1761032220,96.59,96.59,96.59,96.59,20
1761032280,96.59,96.59,96.59,96.59,14
1761032340,96.59,96.59,96.59,96.59,8
1761035400,96.59,96.59,96.59,96.59,44
1761035520,96.59,96.59,96.59,96.59,29
1761035760,96.59,96.59,96.59,96.59,23
1761036060,96.59,96.59,96.59,96.59,14
1761040560,96.585,96.585,96.585,96.585,29
1761042720,96.58,96.58,96.58,96.58,38
1761042780,96.58,96.58,96.58,96.58,16
1761046320,96.585,96.585,96.585,96.585,62
1761046500,96.585,96.585,96.585,96.585,8
1761046560,96.585,96.585,96.585,96.585,14
1761046620,96.585,96.585,96.585,96.585,1
1761046680,96.585,96.585,96.585,96.585,15
1761047160,96.59,96.59,96.59,96.59,20
1761047340,96.59,96.59,96.59,96.59,4
1761047880,96.59,96.59,96.59,96.59,13
1761048000,96.59,96.59,96.59,96.59,25
1761048060,96.59,96.59,96.59,96.59,23
1761048180,96.59,96.59,96.59,96.59,14
1761048300,96.59,96.59,96.59,96.59,17
1761048600,96.59,96.59,96.59,96.59,74
1761048660,96.59,96.59,96.59,96.59,23
1761048720,96.59,96.59,96.59,96.59,70
1761048900,96.59,96.59,96.59,96.59,49
1761049200,96.59,96.59,96.59,96.59,15
1761049380,96.59,96.59,96.59,96.59,115
1761049440,96.59,96.59,96.59,96.59,42
1761049740,96.59,96.59,96.59,96.59,14
1761049800,96.59,96.59,96.59,96.59,55
1761049860,96.59,96.59,96.585,96.585,74
1761049920,96.59,96.59,96.59,96.59,1
1761050220,96.59,96.59,96.59,96.59,14
1761050280,96.59,96.59,96.59,96.59,14
1761050580,96.585,96.585,96.585,96.585,771
1761050760,96.585,96.585,96.585,96.585,53
1761051000,96.59,96.59,96.59,96.59,27
1761051060,96.59,96.59,96.59,96.59,4
1761051180,96.59,96.59,96.59,96.59,30
1761051240,96.59,96.59,96.59,96.59,11
1761051480,96.59,96.59,96.59,96.59,14
1761052200,96.59,96.595,96.59,96.595,22
1761052560,96.595,96.595,96.595,96.595,28
1761052620,96.595,96.595,96.595,96.595,54
1761052740,96.595,96.595,96.595,96.595,9
1761053220,96.595,96.595,96.595,96.595,27
1761053280,96.595,96.595,96.595,96.595,35
1761053340,96.595,96.595,96.595,96.595,14
1761053460,96.595,96.595,96.595,96.595,29
1761053580,96.595,96.595,96.595,96.595,1
1761053820,96.6,96.6,96.6,96.6,852
1761054060,96.6,96.6,96.6,96.6,107
1761054180,96.6,96.6,96.6,96.6,53
1761054300,96.6,96.6,96.6,96.6,11
1761054360,96.6,96.6,96.6,96.6,35
1761054420,96.6,96.6,96.6,96.6,14
1761054540,96.6,96.6,96.6,96.6,1
1761054600,96.6,96.6,96.6,96.6,23
1761054660,96.6,96.6,96.6,96.6,9
1761054780,96.6,96.6,96.6,96.6,15
1761054840,96.6,96.6,96.6,96.6,135
1761054900,96.6,96.6,96.6,96.6,6
1761054960,96.6,96.6,96.6,96.6,5
1761055320,96.6,96.6,96.6,96.6,19
1761055380,96.6,96.6,96.6,96.6,13
1761055680,96.6,96.6,96.6,96.6,3
1761055800,96.6,96.6,96.6,96.6,2
1761056220,96.605,96.605,96.605,96.605,1
1761056280,96.6,96.6,96.6,96.6,158
1761056700,96.595,96.595,96.595,96.595,50
1761057120,96.6,96.6,96.6,96.6,72
1761057360,96.6,96.6,96.6,96.6,30
1761058080,96.6,96.6,96.6,96.6,52
1761058260,96.6,96.6,96.6,96.6,1
1761058380,96.6,96.6,96.6,96.6,21
1761058500,96.6,96.6,96.6,96.6,107
1761058800,96.6,96.6,96.6,96.6,1
1761058860,96.6,96.6,96.6,96.6,31
1761058920,96.605,96.605,96.605,96.605,1
1761059040,96.605,96.605,96.605,96.605,100
1761059460,96.605,96.605,96.605,96.605,1
1761059520,96.6,96.6,96.6,96.6,94
1761059580,96.6,96.6,96.6,96.6,7
1761059940,96.6,96.6,96.6,96.6,41
1761060000,96.6,96.6,96.6,96.6,23
1761060660,96.6,96.6,96.6,96.6,21
1761060720,96.6,96.6,96.6,96.6,14
1761060900,96.6,96.6,96.6,96.6,10
1761062280,96.6,96.6,96.6,96.6,1
1761063300,96.6,96.6,96.6,96.6,1
1761064380,96.6,96.6,96.6,96.6,1
1761065100,96.595,96.595,96.59,96.59,44
1761065520,96.595,96.595,96.595,96.595,24
1761066240,96.6,96.6,96.595,96.595,4
1761066480,96.595,96.595,96.595,96.595,68
1761067260,96.595,96.595,96.595,96.595,1
1761068400,96.595,96.595,96.595,96.595,5
1761068580,96.6,96.6,96.6,96.6,1
1761069660,96.6,96.6,96.6,96.6,1
1761070320,96.6,96.6,96.6,96.6,3
1761070620,96.6,96.6,96.6,96.6,1
1761071580,96.595,96.595,96.595,96.595,123
1761072240,96.595,96.595,96.595,96.595,157
1761072360,96.595,96.595,96.595,96.595,21
1761072840,96.595,96.595,96.595,96.595,1
1761072900,96.595,96.595,96.595,96.595,3
1761073080,96.595,96.595,96.595,96.595,3
1761073140,96.595,96.595,96.595,96.595,11
1761076620,96.59,96.59,96.59,96.59,74
1761076680,96.595,96.595,96.595,96.595,154
1761076800,96.595,96.595,96.595,96.595,72
1761076920,96.595,96.595,96.595,96.595,68
1761076980,96.595,96.595,96.595,96.595,19
1761077040,96.595,96.595,96.595,96.595,17
1761077640,96.6,96.6,96.6,96.6,1
1761080340,96.595,96.595,96.595,96.595,1
1761087720,96.595,96.595,96.595,96.595,4
1761088440,96.595,96.595,96.595,96.595,23
1761092040,96.595,96.595,96.595,96.595,7
1761093360,96.595,96.595,96.595,96.595,19
1761100440,96.59,96.59,96.59,96.59,150
1761107400,96.595,96.595,96.595,96.595,2
1761112140,96.59,96.59,96.59,96.59,11
1761114660,96.595,96.595,96.595,96.595,28
1761114780,96.595,96.595,96.595,96.595,100
1761115020,96.595,96.595,96.595,96.595,19
1761117420,96.595,96.595,96.595,96.595,134
1761119460,96.595,96.595,96.595,96.595,184
1761119700,96.595,96.595,96.595,96.595,16
1761120600,96.595,96.595,96.595,96.595,11
1761120660,96.595,96.595,96.595,96.595,11
1761120720,96.595,96.595,96.595,96.595,11
1761120900,96.595,96.595,96.595,96.595,11
1761121920,96.595,96.595,96.595,96.595,1
1761122880,96.595,96.595,96.595,96.595,21
1761123120,96.595,96.595,96.595,96.595,300
1761123360,96.595,96.595,96.595,96.595,11
1761124620,96.595,96.595,96.595,96.595,150
1761126300,96.595,96.595,96.595,96.595,9
1761130380,96.595,96.595,96.595,96.595,88
1761130500,96.595,96.595,96.595,96.595,11
1761132660,96.595,96.595,96.595,96.595,54
1761133080,96.595,96.595,96.595,96.595,19
1761134460,96.595,96.595,96.595,96.595,122
1761134520,96.595,96.595,96.595,96.595,24
1761134580,96.595,96.595,96.595,96.595,24
1761134640,96.595,96.595,96.595,96.595,11
1761135240,96.595,96.595,96.595,96.595,11
1761135360,96.595,96.595,96.595,96.595,33
1761135600,96.595,96.595,96.595,96.595,39
1761135960,96.595,96.595,96.595,96.595,194
1761136020,96.595,96.595,96.595,96.595,32
1761136140,96.595,96.595,96.595,96.595,34
1761136560,96.595,96.595,96.595,96.595,14
1761137280,96.59,96.59,96.59,96.59,314
1761137340,96.59,96.59,96.59,96.59,5
1761139440,96.59,96.59,96.59,96.59,50
1761140100,96.59,96.59,96.59,96.59,95
1761140400,96.59,96.59,96.59,96.59,28
1761140520,96.59,96.59,96.59,96.59,47
1761140820,96.585,96.585,96.585,96.585,1534
1761141120,96.585,96.585,96.585,96.585,12
1761141240,96.585,96.585,96.585,96.585,16
1761142140,96.585,96.585,96.585,96.585,240
1761142200,96.585,96.585,96.585,96.585,14
1761142860,96.59,96.59,96.59,96.59,1
1761143160,96.585,96.585,96.585,96.585,76
1761143580,96.585,96.585,96.585,96.585,35
1761143760,96.59,96.59,96.59,96.59,2
1761143940,96.59,96.59,96.59,96.59,2
1761144000,96.59,96.59,96.59,96.59,28
1761144180,96.59,96.59,96.59,96.59,2
1761144300,96.59,96.59,96.59,96.59,1
1761144360,96.59,96.59,96.59,96.59,14
1761144540,96.59,96.59,96.59,96.59,14
1761144960,96.59,96.59,96.59,96.59,19
1761145020,96.59,96.59,96.59,96.59,45
1761145200,96.59,96.59,96.59,96.59,1
1761145260,96.59,96.59,96.59,96.59,6
1761145440,96.59,96.59,96.59,96.59,6
1761146400,96.59,96.59,96.59,96.59,1
1761146580,96.59,96.59,96.59,96.59,81
1761147000,96.59,96.59,96.59,96.59,40
1761147720,96.59,96.59,96.59,96.59,1
1761148560,96.59,96.59,96.59,96.59,1
1761149340,96.585,96.585,96.585,96.585,117
1761149400,96.585,96.585,96.585,96.585,42
1761150000,96.585,96.585,96.585,96.585,2
1761150600,96.59,96.595,96.59,96.595,437
1761150660,96.595,96.595,96.595,96.595,101
1761150720,96.6,96.6,96.6,96.6,95
1761150780,96.6,96.6,96.595,96.595,57
1761150840,96.595,96.595,96.595,96.595,38
1761150960,96.595,96.595,96.595,96.595,14
1761151560,96.59,96.59,96.59,96.59,4
1761151740,96.59,96.59,96.59,96.59,21
1761151860,96.59,96.59,96.59,96.59,6
1761151920,96.59,96.59,96.59,96.59,11
1761152040,96.59,96.59,96.59,96.59,75
1761152100,96.59,96.59,96.59,96.59,14
1761152220,96.59,96.59,96.59,96.59,18
1761153120,96.595,96.595,96.595,96.595,51
1761153300,96.6,96.6,96.6,96.6,1
1761154140,96.595,96.595,96.595,96.595,28
1761155220,96.595,96.595,96.595,96.595,1
1761156000,96.595,96.595,96.595,96.595,1
1761156060,96.6,96.6,96.6,96.6,1
1761157140,96.595,96.595,96.595,96.595,51
1761157560,96.595,96.595,96.595,96.595,17
1761157620,96.595,96.595,96.595,96.595,34
1761157680,96.595,96.595,96.595,96.595,5
1761157740,96.595,96.595,96.595,96.595,13
1761157980,96.595,96.595,96.595,96.595,10
1761158040,96.595,96.595,96.595,96.595,22
1761158340,96.595,96.595,96.595,96.595,3
1761158400,96.595,96.595,96.595,96.595,7
1761158880,96.595,96.595,96.595,96.595,1
1761158940,96.595,96.595,96.595,96.595,39
1761159120,96.595,96.595,96.595,96.595,34
1761159840,96.595,96.595,96.595,96.595,12
1761160080,96.595,96.595,96.595,96.595,6
1761160500,96.595,96.595,96.595,96.595,6
1761160560,96.595,96.595,96.595,96.595,43
1761160740,96.595,96.595,96.595,96.595,20
1761162240,96.595,96.595,96.595,96.595,4
1761163980,96.59,96.59,96.59,96.59,5
1761164160,96.595,96.595,96.595,96.595,7
1761164460,96.595,96.595,96.595,96.595,2
1761165660,96.595,96.595,96.595,96.595,2
1761166020,96.59,96.59,96.59,96.59,23
1761166620,96.595,96.595,96.595,96.595,171
1761170940,96.595,96.595,96.595,96.595,2
1761171120,96.595,96.595,96.595,96.595,48
1761171300,96.595,96.595,96.595,96.595,37
1761172200,96.595,96.595,96.595,96.595,34
1761177360,96.595,96.595,96.595,96.595,1
1761177840,96.595,96.595,96.595,96.595,9
1761179040,96.595,96.595,96.595,96.595,53
1761179100,96.595,96.595,96.595,96.595,9
1761183780,96.595,96.595,96.595,96.595,41
1761188580,96.595,96.595,96.595,96.595,21
1761188880,96.595,96.595,96.595,96.595,69
1761188940,96.595,96.595,96.595,96.595,15
1761189000,96.595,96.595,96.595,96.595,12
1761189060,96.595,96.595,96.595,96.595,12
1761189900,96.595,96.595,96.595,96.595,9
1761192420,96.595,96.595,96.595,96.595,13
1761192480,96.595,96.595,96.595,96.595,4
1761192540,96.595,96.595,96.595,96.595,12
1761192720,96.595,96.595,96.595,96.595,12
1761192780,96.595,96.595,96.595,96.595,11
1761197760,96.59,96.59,96.59,96.59,50
1761197940,96.59,96.59,96.59,96.59,8
1761203100,96.59,96.59,96.59,96.59,8
1761204240,96.59,96.59,96.59,96.59,69
1761204360,96.59,96.59,96.59,96.59,11
1761205620,96.585,96.585,96.585,96.585,3
1761206880,96.585,96.585,96.585,96.585,192
1761207060,96.585,96.585,96.585,96.585,100
1761207120,96.585,96.585,96.585,96.585,46
1761207660,96.585,96.585,96.585,96.585,72
1761208980,96.585,96.585,96.585,96.585,58
1761210900,96.585,96.585,96.585,96.585,64
1761210960,96.585,96.585,96.585,96.585,42
1761211860,96.585,96.585,96.585,96.585,72
1761212880,96.585,96.585,96.585,96.585,22
1761213540,96.585,96.585,96.585,96.585,13
1761216600,96.58,96.58,96.58,96.58,304
1761216960,96.58,96.58,96.58,96.58,45
1761217080,96.58,96.58,96.58,96.58,14
1761217200,96.58,96.58,96.58,96.58,7
1761217320,96.58,96.58,96.58,96.58,1
1761217680,96.58,96.58,96.58,96.58,5
1761217740,96.58,96.58,96.58,96.58,26
1761217860,96.58,96.58,96.58,96.58,71
1761218100,96.58,96.58,96.58,96.58,28
1761219120,96.58,96.58,96.58,96.58,14
1761219180,96.58,96.58,96.58,96.58,41
1761219240,96.58,96.58,96.58,96.58,1
1761220020,96.58,96.58,96.58,96.58,8
1761220920,96.58,96.58,96.58,96.58,14
1761223200,96.58,96.58,96.58,96.58,31
1761223380,96.58,96.58,96.58,96.58,16
1761223440,96.58,96.58,96.58,96.58,22
1761224040,96.58,96.58,96.58,96.58,45
1761224820,96.575,96.575,96.575,96.575,91
1761224880,96.575,96.575,96.575,96.575,5
1761225120,96.575,96.575,96.575,96.575,47
1761225600,96.57,96.57,96.57,96.57,7
1761225780,96.575,96.575,96.575,96.575,3
1761226320,96.575,96.575,96.575,96.575,8
1761226440,96.575,96.575,96.575,96.575,135
1761226620,96.575,96.575,96.575,96.575,32
1761227100,96.57,96.57,96.57,96.57,19
1761227160,96.57,96.57,96.57,96.57,10
1761227220,96.57,96.57,96.57,96.57,4
1761227340,96.57,96.57,96.57,96.57,29
1761227580,96.57,96.57,96.57,96.57,57
1761227640,96.57,96.57,96.57,96.57,11
1761227820,96.57,96.57,96.57,96.57,24
1761227880,96.57,96.57,96.57,96.57,17
1761228000,96.57,96.57,96.57,96.57,14
1761228180,96.57,96.57,96.57,96.57,50
1761228420,96.57,96.57,96.57,96.57,8
1761228780,96.57,96.57,96.57,96.57,23
1761229440,96.575,96.575,96.575,96.575,1
1761229800,96.575,96.575,96.575,96.575,111
1761229980,96.575,96.575,96.575,96.575,54
1761230520,96.575,96.575,96.575,96.575,56
1761230820,96.575,96.575,96.575,96.575,625
1761231840,96.57,96.57,96.57,96.57,53
1761231900,96.57,96.57,96.57,96.57,60
1761232500,96.565,96.565,96.565,96.565,32
1761232560,96.565,96.565,96.565,96.565,45
1761232920,96.56,96.56,96.56,96.56,2
1761232980,96.56,96.56,96.56,96.56,2
1761233280,96.56,96.56,96.56,96.56,7
1761233460,96.565,96.565,96.565,96.565,20
1761233520,96.565,96.565,96.565,96.565,104
1761233580,96.565,96.565,96.565,96.565,28
1761233640,96.565,96.565,96.565,96.565,2
1761233760,96.565,96.565,96.565,96.565,25
1761233820,96.565,96.565,96.565,96.565,34
1761233940,96.565,96.565,96.565,96.565,6
1761234540,96.565,96.565,96.565,96.565,23
1761234720,96.565,96.565,96.565,96.565,1
1761235380,96.56,96.56,96.56,96.56,6
1761235620,96.56,96.56,96.56,96.56,2
1761235740,96.565,96.565,96.565,96.565,1
1761235860,96.56,96.56,96.56,96.56,53
1761235920,96.56,96.56,96.56,96.56,1
1761235980,96.56,96.56,96.56,96.56,9
1761236100,96.56,96.56,96.56,96.56,27
1761236220,96.56,96.56,96.56,96.56,21
1761236760,96.56,96.56,96.56,96.56,58
1761237840,96.56,96.56,96.56,96.56,60
1761237900,96.56,96.56,96.56,96.56,61
1761238500,96.56,96.56,96.56,96.56,47
1761238860,96.56,96.56,96.56,96.56,5
1761238980,96.56,96.56,96.56,96.56,28
1761239040,96.56,96.56,96.56,96.56,14
1761239100,96.56,96.56,96.56,96.56,11
1761239280,96.56,96.56,96.56,96.56,22
1761239400,96.56,96.56,96.56,96.56,15
1761239460,96.56,96.56,96.56,96.56,1
1761239520,96.56,96.56,96.56,96.56,4
1761239940,96.56,96.56,96.56,96.56,4
1761240000,96.555,96.555,96.555,96.555,2
1761240300,96.56,96.56,96.56,96.56,2
1761240360,96.56,96.56,96.56,96.56,115
1761240660,96.56,96.56,96.56,96.56,50
1761241980,96.56,96.56,96.56,96.56,52
1761242100,96.56,96.56,96.56,96.56,4
1761242340,96.56,96.56,96.56,96.56,4
1761242400,96.56,96.56,96.56,96.56,1
1761243180,96.56,96.56,96.56,96.56,144
1761243300,96.56,96.56,96.56,96.56,34
1761243420,96.56,96.56,96.56,96.56,9
1761243900,96.56,96.56,96.56,96.56,55
1761244320,96.56,96.56,96.56,96.56,31
1761245160,96.56,96.56,96.56,96.56,246
1761245220,96.56,96.56,96.56,96.56,35
1761245340,96.56,96.56,96.56,96.56,9
1761245640,96.56,96.56,96.56,96.56,77
1761245700,96.56,96.56,96.56,96.56,19
1761245760,96.56,96.56,96.56,96.56,25
1761245820,96.56,96.56,96.56,96.56,8
1761245940,96.565,96.565,96.565,96.565,56
1761246000,96.565,96.565,96.565,96.565,5
1761246060,96.56,96.56,96.56,96.56,137
1761246240,96.56,96.56,96.56,96.56,45
1761246300,96.56,96.56,96.56,96.56,22
1761247020,96.56,96.56,96.56,96.56,5
1761248760,96.555,96.555,96.555,96.555,18
1761248940,96.555,96.555,96.555,96.555,27
1761249120,96.555,96.555,96.555,96.555,2
1761249300,96.555,96.555,96.555,96.555,18
1761249360,96.555,96.555,96.555,96.555,21
1761249420,96.555,96.555,96.555,96.555,54
1761249480,96.56,96.56,96.56,96.56,2
1761249540,96.56,96.56,96.56,96.56,51
1761249600,96.56,96.56,96.56,96.56,23
1761249720,96.56,96.56,96.56,96.56,95
1761250440,96.56,96.56,96.56,96.56,10
1761250860,96.56,96.56,96.56,96.56,2
1761251220,96.555,96.555,96.555,96.555,49
1761251340,96.555,96.555,96.555,96.555,17
1761251880,96.56,96.56,96.56,96.56,4
1761252540,96.56,96.56,96.56,96.56,12
1761258840,96.56,96.56,96.56,96.56,3
1761259140,96.56,96.56,96.56,96.56,21
1761259380,96.56,96.56,96.56,96.56,23
1761259920,96.56,96.56,96.56,96.56,15
1761265020,96.56,96.56,96.56,96.56,1
1761265140,96.56,96.56,96.56,96.56,2
1761265440,96.56,96.56,96.56,96.56,23
1761267180,96.56,96.56,96.56,96.56,100
1761273660,96.56,96.56,96.56,96.56,22
1761274140,96.56,96.56,96.56,96.56,13
1761274800,96.56,96.56,96.56,96.56,18
1761274860,96.56,96.56,96.56,96.56,15
1761274920,96.56,96.56,96.56,96.56,16
1761274980,96.56,96.56,96.56,96.56,15
1761275100,96.56,96.56,96.56,96.56,28
1761275160,96.56,96.56,96.56,96.56,9
1761277860,96.56,96.56,96.56,96.56,9
1761278760,96.56,96.56,96.56,96.56,9
1761279960,96.56,96.56,96.56,96.56,19
1761284700,96.555,96.555,96.555,96.555,50
1761285900,96.555,96.555,96.555,96.555,2
1761286200,96.555,96.555,96.555,96.555,34
1761286260,96.555,96.555,96.555,96.555,1
1761287040,96.555,96.555,96.555,96.555,16
1761288960,96.555,96.555,96.555,96.555,5
1761290400,96.56,96.56,96.56,96.56,52
1761290460,96.56,96.56,96.56,96.56,3
1761290580,96.56,96.56,96.56,96.56,19
1761291000,96.56,96.56,96.56,96.56,302
1761291060,96.56,96.56,96.56,96.56,59
1761293280,96.555,96.555,96.555,96.555,102
1761293340,96.555,96.555,96.555,96.555,53
1761294360,96.555,96.555,96.555,96.555,21
1761294480,96.555,96.555,96.555,96.555,109
1761294540,96.555,96.555,96.555,96.555,19
1761295080,96.555,96.555,96.555,96.555,8
1761296160,96.555,96.555,96.555,96.555,19
1761296340,96.555,96.555,96.555,96.555,31
1761296400,96.555,96.555,96.555,96.555,1
1761296460,96.555,96.555,96.555,96.555,4
1761296520,96.555,96.555,96.555,96.555,41
1761296580,96.555,96.555,96.555,96.555,9
1761299520,96.56,96.56,96.56,96.56,4
1761301680,96.555,96.555,96.555,96.555,1
1761301980,96.555,96.555,96.555,96.555,39
1761302520,96.555,96.555,96.555,96.555,11
1761302580,96.555,96.555,96.555,96.555,1
1761302640,96.555,96.555,96.555,96.555,8
1761304980,96.55,96.55,96.55,96.55,1
1761305280,96.55,96.55,96.55,96.55,3
1761305340,96.55,96.55,96.55,96.55,38
1761305580,96.55,96.55,96.55,96.55,2
1761305700,96.55,96.55,96.55,96.55,6
1761305760,96.55,96.55,96.55,96.55,71
1761306300,96.545,96.545,96.545,96.545,55
1761306360,96.545,96.545,96.545,96.545,11
1761306480,96.545,96.545,96.545,96.545,2
1761306960,96.545,96.545,96.545,96.545,369
1761307020,96.545,96.545,96.545,96.545,50
1761307500,96.545,96.545,96.545,96.545,3
1761307860,96.545,96.545,96.545,96.545,8
1761307920,96.545,96.545,96.545,96.545,67
1761308040,96.545,96.545,96.545,96.545,13
1761308100,96.545,96.545,96.545,96.545,26
1761308160,96.545,96.545,96.545,96.545,49
1761308220,96.545,96.545,96.545,96.545,27
1761308280,96.545,96.545,96.545,96.545,17
1761308640,96.545,96.545,96.545,96.545,89
1761308700,96.545,96.545,96.545,96.545,76
1761308760,96.545,96.545,96.545,96.545,9
1761308820,96.545,96.545,96.545,96.545,16
1761308880,96.545,96.545,96.545,96.545,58
1761308940,96.545,96.545,96.545,96.545,1
1761309000,96.57,96.625,96.57,96.59,311
1761309060,96.595,96.595,96.59,96.59,26
1761309120,96.595,96.595,96.595,96.595,181
1761309180,96.595,96.6,96.595,96.6,59
1761309240,96.605,96.605,96.605,96.605,4
1761309300,96.605,96.605,96.6,96.6,63
1761309360,96.6,96.6,96.6,96.6,22
1761309420,96.6,96.6,96.6,96.6,23
1761309480,96.6,96.6,96.595,96.595,1232
1761309540,96.595,96.595,96.595,96.595,30
1761309600,96.595,96.595,96.595,96.595,31
1761309660,96.595,96.595,96.595,96.595,4
1761309720,96.595,96.595,96.595,96.595,11
1761309780,96.595,96.595,96.595,96.595,14
1761309840,96.595,96.595,96.595,96.595,35
1761309900,96.595,96.595,96.595,96.595,216
1761309960,96.59,96.59,96.59,96.59,3
1761310020,96.59,96.59,96.59,96.59,34
1761310080,96.59,96.595,96.59,96.59,503
1761310140,96.59,96.59,96.59,96.59,42
1761310200,96.59,96.59,96.59,96.59,14
1761310320,96.595,96.595,96.595,96.595,225
1761310380,96.595,96.595,96.595,96.595,14
1761310560,96.59,96.59,96.59,96.59,16
1761310620,96.59,96.59,96.59,96.59,14
1761310800,96.59,96.59,96.59,96.59,78
1761310920,96.59,96.59,96.59,96.59,29
1761310980,96.59,96.59,96.59,96.59,18
1761311040,96.59,96.59,96.59,96.59,18
1761311100,96.59,96.59,96.59,96.59,38
1761311160,96.59,96.59,96.59,96.59,1
1761311220,96.59,96.59,96.59,96.59,18
1761311280,96.59,96.59,96.59,96.59,39
1761311340,96.59,96.59,96.59,96.59,18
1761311400,96.59,96.59,96.59,96.59,19
1761311520,96.59,96.59,96.59,96.59,36
1761311640,96.585,96.585,96.585,96.585,28
1761311700,96.585,96.585,96.585,96.585,36
1761311760,96.585,96.585,96.585,96.585,24
1761312060,96.58,96.58,96.58,96.58,6
1761312240,96.58,96.58,96.58,96.58,158
1761312360,96.58,96.58,96.58,96.58,28
1761312540,96.585,96.585,96.585,96.585,30
1761312600,96.585,96.585,96.585,96.585,94
1761312900,96.58,96.58,96.58,96.58,29
1761313080,96.58,96.58,96.58,96.58,40
1761313200,96.58,96.58,96.58,96.58,37
1761313260,96.58,96.58,96.58,96.58,32
1761313380,96.58,96.58,96.58,96.58,178
1761313440,96.58,96.58,96.58,96.58,2
1761313500,96.575,96.575,96.565,96.57,185
1761313560,96.57,96.575,96.57,96.575,12
1761313680,96.57,96.57,96.57,96.57,3
1761313740,96.57,96.57,96.57,96.57,28
1761313800,96.565,96.57,96.565,96.57,168
1761313860,96.57,96.57,96.57,96.57,63
1761313920,96.57,96.57,96.57,96.57,76
1761314520,96.575,96.575,96.575,96.575,20
1761314580,96.575,96.575,96.575,96.575,4
1761314640,96.575,96.575,96.575,96.575,49
1761314760,96.575,96.575,96.575,96.575,25
1761315000,96.58,96.58,96.58,96.58,34
1761315060,96.58,96.58,96.58,96.58,31
1761315600,96.585,96.585,96.585,96.585,18
1761315660,96.585,96.585,96.585,96.585,28
1761316740,96.585,96.585,96.585,96.585,70
1761316800,96.585,96.585,96.585,96.585,65
1761317100,96.585,96.585,96.585,96.585,1
1761317220,96.58,96.58,96.58,96.58,79
1761317280,96.58,96.58,96.58,96.58,4
1761317340,96.58,96.58,96.58,96.58,79
1761317580,96.575,96.575,96.575,96.575,2
1761317640,96.575,96.575,96.575,96.575,20
1761317700,96.575,96.575,96.575,96.575,19
1761317760,96.575,96.575,96.575,96.575,19
1761317880,96.575,96.575,96.575,96.575,7
1761318000,96.575,96.575,96.575,96.575,23
1761318540,96.575,96.575,96.575,96.575,12
1761318660,96.575,96.575,96.575,96.575,1
1761318720,96.575,96.575,96.575,96.575,12
1761319260,96.575,96.575,96.575,96.575,84
1761319740,96.575,96.575,96.575,96.575,26
1761320820,96.575,96.575,96.575,96.575,1
1761322320,96.575,96.575,96.575,96.575,18
1761322500,96.58,96.58,96.58,96.58,1
1761322680,96.575,96.575,96.575,96.575,49
1761322740,96.575,96.575,96.575,96.575,2
1761323160,96.575,96.575,96.575,96.575,5
1761323940,96.575,96.575,96.575,96.575,1
1761324300,96.58,96.58,96.58,96.58,1
1761324780,96.58,96.58,96.58,96.58,174
1761324840,96.58,96.58,96.58,96.58,23
1761325260,96.58,96.58,96.58,96.58,6
1761327540,96.585,96.585,96.585,96.585,1
1761330540,96.58,96.58,96.58,96.58,283
1761331560,96.58,96.58,96.58,96.58,30
1761331740,96.58,96.585,96.58,96.585,16
1761331920,96.58,96.58,96.58,96.58,5
1761332340,96.58,96.58,96.58,96.58,81
1761332880,96.58,96.58,96.58,96.58,77
1761332940,96.58,96.58,96.58,96.58,30
1761334140,96.58,96.58,96.58,96.58,41
1761334440,96.58,96.58,96.58,96.58,43
1761335460,96.585,96.585,96.585,96.585,20
1761335520,96.585,96.585,96.585,96.585,194
1761335640,96.585,96.585,96.585,96.585,8
1761335940,96.585,96.585,96.585,96.585,37
1761336540,96.58,96.58,96.58,96.58,1
1761336960,96.58,96.58,96.58,96.58,60
1761337080,96.58,96.58,96.58,96.58,2
1761337380,96.58,96.58,96.58,96.58,15
1761338580,96.58,96.58,96.58,96.58,101
1761338640,96.58,96.58,96.58,96.58,390
1761338700,96.58,96.58,96.58,96.58,72
1761338940,96.58,96.58,96.58,96.58,29
1761339000,96.575,96.575,96.575,96.575,25
1761339240,96.58,96.58,96.58,96.58,7
1761516000,96.565,96.565,96.56,96.56,4
1761516360,96.565,96.565,96.565,96.565,9
1761516420,96.565,96.565,96.565,96.565,10
1761516540,96.56,96.56,96.56,96.56,3
1761517800,96.56,96.56,96.56,96.56,8
1761519840,96.565,96.565,96.565,96.565,14
1761520020,96.565,96.565,96.565,96.565,8
1761521460,96.565,96.565,96.565,96.565,18
1761521520,96.565,96.565,96.565,96.565,1
1761521820,96.565,96.565,96.565,96.565,18
1761522180,96.565,96.565,96.565,96.565,20
1761522540,96.565,96.565,96.565,96.565,10
1761522600,96.565,96.565,96.565,96.565,20
1761523140,96.565,96.565,96.565,96.565,10
1761523260,96.565,96.565,96.565,96.565,11
1761523740,96.565,96.565,96.565,96.565,18
1761524700,96.56,96.56,96.56,96.56,129
1761525960,96.56,96.56,96.56,96.56,5
1761527280,96.56,96.56,96.56,96.56,10
1761528960,96.56,96.56,96.56,96.56,20
1761529020,96.56,96.56,96.56,96.56,10
1761535980,96.56,96.56,96.56,96.56,14
1761539520,96.555,96.555,96.555,96.555,100
1761540420,96.555,96.555,96.555,96.555,53
1761540480,96.555,96.555,96.555,96.555,30
1761543960,96.555,96.555,96.555,96.555,18
1761545040,96.555,96.555,96.555,96.555,43
1761545100,96.555,96.555,96.555,96.555,30
1761545160,96.555,96.555,96.555,96.555,14
1761545880,96.555,96.555,96.555,96.555,13
1761546000,96.555,96.555,96.555,96.555,56
1761546120,96.555,96.555,96.555,96.555,13
1761547920,96.555,96.555,96.555,96.555,4
1761548820,96.555,96.555,96.555,96.555,100
1761549540,96.555,96.555,96.555,96.555,13
1761552180,96.56,96.56,96.56,96.56,9
1761552360,96.56,96.56,96.56,96.56,13
1761552540,96.56,96.56,96.56,96.56,39
1761552720,96.56,96.56,96.56,96.56,8
1761554160,96.56,96.56,96.56,96.56,19
1761554460,96.56,96.56,96.56,96.56,1
1761555540,96.56,96.56,96.56,96.56,22
1761555900,96.56,96.56,96.56,96.56,13
1761557280,96.565,96.565,96.565,96.565,51
1761563220,96.56,96.56,96.56,96.56,40
1761563340,96.56,96.56,96.56,96.56,58
1761563580,96.56,96.56,96.56,96.56,14
1761563640,96.56,96.56,96.56,96.56,15
1761564060,96.56,96.56,96.56,96.56,13
1761564540,96.56,96.56,96.56,96.56,60
1761564600,96.56,96.56,96.56,96.56,1
1761564660,96.56,96.56,96.56,96.56,38
1761564900,96.56,96.56,96.56,96.56,41
1761564960,96.56,96.56,96.555,96.555,67
1761565140,96.56,96.56,96.56,96.56,5
1761565620,96.56,96.56,96.56,96.56,88
1761565680,96.565,96.565,96.565,96.565,1
1761566220,96.565,96.565,96.565,96.565,1
1761566400,96.565,96.565,96.565,96.565,175
1761566460,96.565,96.565,96.565,96.565,13
1761566520,96.565,96.565,96.565,96.565,7
1761566640,96.565,96.565,96.565,96.565,18
1761567420,96.56,96.56,96.56,96.56,25
1761567600,96.565,96.565,96.565,96.565,510
1761567660,96.565,96.565,96.565,96.565,26
1761567720,96.565,96.565,96.565,96.565,23
1761567840,96.565,96.565,96.565,96.565,33
1761567900,96.565,96.565,96.565,96.565,6
1761567960,96.565,96.565,96.565,96.565,26
1761568620,96.56,96.56,96.56,96.56,2
1761569280,96.56,96.56,96.56,96.56,30
1761569940,96.565,96.565,96.565,96.565,3
1761571260,96.56,96.56,96.56,96.56,322
1761571320,96.56,96.56,96.56,96.56,19
1761571440,96.56,96.56,96.56,96.56,13
1761571620,96.56,96.56,96.56,96.56,33
1761572340,96.555,96.555,96.555,96.555,13
1761572400,96.555,96.555,96.555,96.555,1
1761572520,96.555,96.555,96.555,96.555,45
1761573000,96.555,96.555,96.555,96.555,17
1761573120,96.55,96.55,96.55,96.55,2
1761573300,96.55,96.55,96.55,96.55,30
1761573660,96.55,96.55,96.55,96.55,10
1761573840,96.55,96.55,96.55,96.55,4
1761574320,96.55,96.55,96.55,96.55,16
1761574380,96.55,96.55,96.55,96.55,2
1761574620,96.555,96.555,96.555,96.555,602
1761574740,96.555,96.555,96.555,96.555,30
1761574800,96.555,96.555,96.555,96.555,237
1761574860,96.555,96.555,96.555,96.555,33
1761574980,96.555,96.555,96.555,96.555,6
1761575040,96.555,96.555,96.555,96.555,196
1761575100,96.555,96.555,96.555,96.555,31
1761575280,96.555,96.555,96.555,96.555,9
1761575460,96.555,96.555,96.555,96.555,37
1761575700,96.555,96.555,96.555,96.555,72
1761575880,96.555,96.555,96.555,96.555,33
1761576000,96.555,96.555,96.555,96.555,31
1761576060,96.555,96.555,96.555,96.555,1
1761576120,96.555,96.555,96.555,96.555,2
1761576180,96.555,96.555,96.555,96.555,30
1761576420,96.555,96.555,96.555,96.555,32
1761576480,96.555,96.555,96.555,96.555,1
1761576660,96.555,96.555,96.555,96.555,1
1761576840,96.555,96.555,96.555,96.555,30
1761577440,96.555,96.555,96.555,96.555,23
1761577500,96.56,96.56,96.56,96.56,1
1761577560,96.555,96.555,96.555,96.555,56
1761577860,96.555,96.555,96.555,96.555,8
1761578040,96.555,96.555,96.555,96.555,43
1761578100,96.555,96.555,96.555,96.555,18
1761578160,96.555,96.555,96.555,96.555,31
1761578640,96.555,96.555,96.555,96.555,22
1761578700,96.555,96.555,96.555,96.555,10
1761578760,96.555,96.555,96.555,96.555,3
1761578820,96.555,96.555,96.555,96.555,15
1761579060,96.555,96.555,96.555,96.555,1
1761579120,96.555,96.555,96.555,96.555,5
1761579180,96.555,96.555,96.55,96.55,150
1761579480,96.555,96.555,96.555,96.555,42
1761579660,96.555,96.555,96.555,96.555,1
1761579960,96.555,96.555,96.555,96.555,1
1761580440,96.555,96.555,96.555,96.555,1
1761580560,96.555,96.555,96.555,96.555,1
1761580740,96.555,96.555,96.555,96.555,1
1761580800,96.555,96.555,96.555,96.555,33
1761581160,96.555,96.555,96.555,96.555,62
1761581460,96.555,96.555,96.555,96.555,42
1761581580,96.555,96.555,96.555,96.555,11
1761581700,96.555,96.555,96.555,96.555,54
1761582000,96.555,96.555,96.555,96.555,41
1761582600,96.555,96.555,96.555,96.555,31
1761582840,96.555,96.555,96.555,96.555,1
1761583140,96.555,96.555,96.555,96.555,1
1761583260,96.555,96.555,96.555,96.555,5
1761583740,96.555,96.555,96.555,96.555,1
1761583980,96.555,96.555,96.555,96.555,31
1761584040,96.555,96.555,96.555,96.555,31
1761584220,96.555,96.555,96.555,96.555,1
1761584460,96.555,96.555,96.555,96.555,2
1761585240,96.56,96.56,96.56,96.56,1
1761585420,96.555,96.555,96.555,96.555,98
1761585480,96.555,96.555,96.555,96.555,38
1761586740,96.55,96.55,96.55,96.55,69
1761586800,96.55,96.55,96.55,96.55,106
1761586860,96.55,96.55,96.55,96.55,62
1761587040,96.55,96.55,96.55,96.55,40
1761587100,96.55,96.55,96.55,96.55,39
1761588300,96.55,96.55,96.55,96.55,5
1761590940,96.555,96.555,96.555,96.555,219
1761591000,96.555,96.555,96.555,96.555,1
1761591180,96.555,96.555,96.555,96.555,1
1761591240,96.555,96.555,96.555,96.555,1
1761591360,96.555,96.555,96.555,96.555,167
1761591420,96.555,96.555,96.555,96.555,25
1761591480,96.555,96.555,96.555,96.555,14
1761591540,96.555,96.555,96.555,96.555,1
1761592080,96.555,96.555,96.555,96.555,9
1761592560,96.56,96.56,96.56,96.56,1
1761592920,96.555,96.555,96.555,96.555,46
1761592980,96.555,96.555,96.555,96.555,3
1761593220,96.555,96.555,96.555,96.555,2
1761593820,96.555,96.555,96.555,96.555,2
1761594720,96.555,96.555,96.555,96.555,101
1761594840,96.55,96.55,96.55,96.55,3
1761595200,96.555,96.555,96.555,96.555,31
1761595260,96.555,96.555,96.555,96.555,2
1761596940,96.555,96.555,96.555,96.555,15
1761597000,96.555,96.555,96.555,96.555,178
1761597060,96.555,96.555,96.555,96.555,1
1761597180,96.555,96.555,96.555,96.555,121
1761610260,96.56,96.56,96.56,96.56,16
1761610380,96.56,96.56,96.56,96.56,32
1761610440,96.56,96.56,96.56,96.56,15
1761610500,96.56,96.56,96.56,96.56,8
1761611040,96.56,96.56,96.56,96.56,1
1761611100,96.56,96.56,96.56,96.56,14
1761611820,96.56,96.56,96.56,96.56,8
1761616380,96.56,96.56,96.56,96.56,8
1761638160,96.56,96.56,96.56,96.56,431
1761638400,96.56,96.56,96.56,96.56,33
1761639360,96.56,96.56,96.56,96.56,112
1761639600,96.56,96.56,96.56,96.56,10
1761639720,96.56,96.56,96.56,96.56,25
1761640680,96.56,96.56,96.56,96.56,10
1761641520,96.56,96.56,96.56,96.56,380
1761641640,96.56,96.56,96.56,96.56,147
1761641700,96.56,96.56,96.56,96.56,62
1761643200,96.56,96.56,96.56,96.56,158
1761643260,96.56,96.56,96.56,96.56,46
1761646380,96.56,96.56,96.56,96.56,191
1761648420,96.56,96.56,96.56,96.56,202
1761650100,96.56,96.56,96.56,96.56,4
1761650520,96.56,96.56,96.56,96.56,88
1761650580,96.56,96.56,96.56,96.56,22
1761650640,96.56,96.56,96.56,96.56,22
1761650760,96.56,96.56,96.56,96.56,46
1761650820,96.56,96.56,96.56,96.56,66
1761650880,96.56,96.56,96.56,96.56,44
1761651000,96.56,96.56,96.56,96.56,17
1761651060,96.56,96.56,96.56,96.56,18
1761653880,96.56,96.56,96.56,96.56,23
1761654000,96.56,96.56,96.56,96.56,138
1761654600,96.56,96.56,96.56,96.56,231
1761654780,96.555,96.555,96.555,96.555,50
1761654960,96.555,96.555,96.545,96.55,830
1761655020,96.545,96.545,96.545,96.545,5
1761655080,96.545,96.545,96.545,96.545,141
1761655260,96.545,96.545,96.545,96.545,311
1761655320,96.545,96.545,96.545,96.545,63
1761655440,96.545,96.545,96.545,96.545,48
1761655560,96.545,96.545,96.545,96.545,65
1761655620,96.545,96.545,96.545,96.545,51
1761655680,96.545,96.545,96.545,96.545,30
1761655800,96.545,96.545,96.545,96.545,23
1761655980,96.545,96.545,96.545,96.545,2
1761656700,96.54,96.54,96.54,96.54,65
1761656760,96.54,96.54,96.54,96.54,111
1761657000,96.535,96.535,96.535,96.535,83
1761657780,96.54,96.54,96.54,96.54,19
1761658020,96.54,96.54,96.54,96.54,20
1761658140,96.54,96.54,96.54,96.54,38
1761658200,96.54,96.54,96.54,96.54,38
1761658320,96.54,96.54,96.54,96.54,19
1761658500,96.54,96.54,96.54,96.54,9
1761658680,96.54,96.54,96.54,96.54,17
1761658740,96.54,96.54,96.54,96.54,19
1761658800,96.54,96.54,96.54,96.54,21
1761658860,96.54,96.54,96.54,96.54,39
1761658980,96.54,96.54,96.54,96.54,26
1761659280,96.54,96.54,96.54,96.54,281
1761659460,96.54,96.54,96.54,96.54,1
1761660060,96.54,96.54,96.54,96.54,66
1761660600,96.545,96.545,96.545,96.545,25
1761660900,96.54,96.54,96.54,96.54,1
1761661500,96.545,96.545,96.545,96.545,3
1761661620,96.545,96.545,96.545,96.545,64
1761661680,96.545,96.545,96.545,96.545,57
1761661860,96.545,96.545,96.545,96.545,2
1761661920,96.545,96.545,96.545,96.545,1
1761661980,96.545,96.545,96.545,96.545,108
1761662400,96.545,96.545,96.545,96.545,96
1761662460,96.545,96.545,96.545,96.545,59
1761663360,96.545,96.545,96.545,96.545,157
1761663420,96.545,96.545,96.545,96.545,36
1761663480,96.545,96.545,96.545,96.545,14
1761663540,96.545,96.545,96.545,96.545,18
1761663600,96.545,96.545,96.545,96.545,113
1761665400,96.545,96.545,96.545,96.545,144
1761665580,96.545,96.545,96.545,96.545,13
1761665820,96.545,96.545,96.545,96.545,5
1761665880,96.545,96.545,96.545,96.545,115
1761665940,96.545,96.545,96.545,96.545,12
1761666060,96.545,96.545,96.545,96.545,10
1761666180,96.545,96.545,96.545,96.545,36
1761666240,96.545,96.545,96.545,96.545,18
1761666300,96.545,96.545,96.545,96.545,24
1761667020,96.545,96.545,96.545,96.545,1
1761669000,96.54,96.54,96.54,96.54,39
1761669180,96.54,96.54,96.54,96.54,3
1761669780,96.54,96.54,96.54,96.54,35
1761669900,96.54,96.54,96.54,96.54,1
1761670080,96.54,96.54,96.54,96.54,1
1761671820,96.54,96.54,96.54,96.54,5
1761675960,96.545,96.545,96.545,96.545,500
1761676020,96.545,96.545,96.545,96.545,6
1761676080,96.545,96.545,96.545,96.545,22
1761676260,96.545,96.545,96.545,96.545,32
1761676320,96.545,96.545,96.545,96.545,15
1761676560,96.55,96.55,96.55,96.55,1459
1761680280,96.555,96.555,96.555,96.555,3
1761680580,96.555,96.555,96.555,96.555,1
1761683760,96.55,96.55,96.55,96.55,30
1761684300,96.555,96.555,96.555,96.555,5
1761684540,96.55,96.55,96.55,96.55,41
1761685140,96.555,96.555,96.555,96.555,488
1761697980,96.55,96.55,96.55,96.55,109
1761698040,96.55,96.55,96.55,96.55,85
1761714960,96.545,96.545,96.545,96.545,79
1761715440,96.545,96.545,96.545,96.545,28
1761717420,96.545,96.545,96.545,96.545,11
1761717900,96.545,96.545,96.545,96.545,10
1761724500,96.545,96.545,96.545,96.545,15
1761724560,96.545,96.545,96.545,96.545,69
1761725580,96.54,96.54,96.54,96.54,141
1761725820,96.54,96.54,96.54,96.54,3
1761726900,96.54,96.54,96.54,96.54,4
1761727380,96.54,96.54,96.54,96.54,229
1761727620,96.535,96.535,96.535,96.535,1
1761727740,96.535,96.535,96.535,96.535,1
1761727800,96.535,96.535,96.535,96.535,2
1761727860,96.535,96.535,96.535,96.535,17
1761727980,96.535,96.535,96.535,96.535,20
1761728040,96.535,96.535,96.535,96.535,110
1761729900,96.535,96.535,96.535,96.535,5
1761730020,96.535,96.535,96.535,96.535,26
1761730080,96.535,96.535,96.535,96.535,6
1761733020,96.535,96.535,96.535,96.535,64
1761733080,96.535,96.535,96.535,96.535,36
1761734160,96.535,96.535,96.535,96.535,13
1761735300,96.535,96.535,96.535,96.535,21
1761735420,96.535,96.535,96.535,96.535,1
1761735660,96.535,96.535,96.535,96.535,1
1761736620,96.535,96.535,96.535,96.535,10
1761739680,96.53,96.53,96.53,96.53,15
1761739740,96.53,96.53,96.53,96.53,13
1761740280,96.53,96.53,96.53,96.53,57
1761740460,96.535,96.535,96.535,96.535,72
1761740520,96.535,96.535,96.535,96.535,23
1761740580,96.535,96.535,96.535,96.535,40
1761740640,96.535,96.535,96.535,96.535,13
1761741420,96.535,96.535,96.535,96.535,8
1761741540,96.535,96.535,96.535,96.535,5
1761741660,96.535,96.535,96.535,96.535,2
1761741720,96.535,96.535,96.535,96.535,19
1761741780,96.535,96.535,96.535,96.535,13
1761741840,96.535,96.535,96.535,96.535,1
1761741900,96.535,96.535,96.535,96.535,1
1761742140,96.535,96.535,96.535,96.535,7
1761742200,96.535,96.535,96.535,96.535,25
1761742260,96.535,96.535,96.535,96.535,26
1761742560,96.535,96.535,96.535,96.535,69
1761742620,96.535,96.535,96.535,96.535,34
1761742800,96.535,96.535,96.535,96.535,18
1761742860,96.535,96.535,96.535,96.535,23
1761743340,96.535,96.535,96.535,96.535,48
1761743460,96.535,96.535,96.535,96.535,13
1761743520,96.535,96.535,96.535,96.535,206
1761743580,96.535,96.535,96.535,96.535,4
1761743700,96.535,96.535,96.535,96.535,5
1761744600,96.535,96.535,96.535,96.535,235
1761744660,96.535,96.535,96.535,96.535,6
1761744720,96.535,96.535,96.535,96.535,84
1761745140,96.535,96.535,96.535,96.535,71
1761745200,96.535,96.535,96.535,96.535,18
1761745260,96.535,96.535,96.535,96.535,16
1761745380,96.535,96.535,96.535,96.535,69
1761746340,96.535,96.535,96.535,96.535,1
1761747960,96.53,96.53,96.53,96.53,172
1761748020,96.53,96.53,96.53,96.53,7
1761748200,96.525,96.525,96.525,96.525,104
1761748740,96.525,96.525,96.525,96.525,1
1761748800,96.525,96.525,96.525,96.525,1
1761748860,96.525,96.525,96.525,96.525,2
1761749040,96.525,96.525,96.525,96.525,2
1761749220,96.525,96.525,96.525,96.525,1
1761749280,96.525,96.525,96.525,96.525,2
1761749400,96.525,96.525,96.525,96.525,2
1761749640,96.525,96.525,96.525,96.525,2
1761749820,96.525,96.525,96.525,96.525,89
1761749880,96.525,96.525,96.525,96.525,5
1761750000,96.525,96.525,96.525,96.525,2
1761750120,96.525,96.525,96.525,96.525,1
1761750180,96.525,96.525,96.525,96.525,2
1761750300,96.525,96.525,96.525,96.525,1
1761750360,96.525,96.53,96.525,96.53,44
1761750420,96.53,96.53,96.53,96.53,226
1761750540,96.53,96.53,96.53,96.53,1
1761750600,96.53,96.53,96.525,96.525,354
1761750660,96.525,96.525,96.525,96.525,1
1761750780,96.525,96.525,96.525,96.525,2
1761750900,96.525,96.525,96.525,96.525,2
1761751080,96.525,96.525,96.525,96.525,1
1761751140,96.525,96.525,96.525,96.525,2
1761751380,96.525,96.525,96.525,96.525,20
1761751620,96.525,96.525,96.525,96.525,1
1761751680,96.525,96.525,96.525,96.525,1
1761751860,96.53,96.53,96.525,96.53,8
1761751980,96.525,96.525,96.525,96.525,2
1761752160,96.525,96.525,96.525,96.525,1
1761752220,96.525,96.525,96.525,96.525,1
1761752280,96.525,96.525,96.525,96.525,1
1761752340,96.525,96.525,96.525,96.525,2
1761752520,96.525,96.525,96.525,96.525,1
1761752580,96.525,96.525,96.525,96.525,1
1761752640,96.525,96.525,96.525,96.525,2
1761752820,96.525,96.525,96.525,96.525,2
1761752880,96.53,96.53,96.53,96.53,16
1761753060,96.525,96.525,96.525,96.525,1
1761753120,96.525,96.525,96.525,96.525,1
1761753240,96.525,96.525,96.525,96.525,2
1761753360,96.525,96.525,96.525,96.525,2
1761753600,96.525,96.525,96.525,96.525,2
1761753780,96.53,96.53,96.525,96.525,2
1761753900,96.525,96.525,96.525,96.525,2
1761754200,96.525,96.525,96.525,96.525,1
1761754260,96.525,96.525,96.525,96.525,75
1761754380,96.525,96.525,96.525,96.525,2
1761754440,96.525,96.525,96.525,96.525,1
1761754500,96.525,96.525,96.525,96.525,2
1761754740,96.525,96.525,96.525,96.525,1
1761754800,96.525,96.525,96.525,96.525,1
1761754860,96.525,96.525,96.525,96.525,2
1761754980,96.53,96.53,96.53,96.53,1
1761755100,96.525,96.525,96.525,96.525,201
1761755160,96.525,96.525,96.525,96.525,1
1761755280,96.525,96.525,96.525,96.525,2
1761755460,96.525,96.525,96.525,96.525,1
1761755580,96.525,96.525,96.525,96.525,1
1761755640,96.525,96.525,96.525,96.525,1
1761755700,96.525,96.525,96.525,96.525,1
1761755760,96.525,96.525,96.525,96.525,2
1761755880,96.525,96.525,96.525,96.525,1
1761756000,96.525,96.525,96.525,96.525,2
1761756060,96.525,96.525,96.525,96.525,6
1761756240,96.525,96.525,96.525,96.525,1
1761756300,96.525,96.525,96.525,96.525,2
1761756420,96.525,96.525,96.525,96.525,1
1761756540,96.525,96.525,96.525,96.525,1
1761756600,96.525,96.525,96.525,96.525,1
1761756720,96.525,96.525,96.525,96.525,2
1761756960,96.525,96.525,96.525,96.525,21
1761757020,96.525,96.525,96.525,96.525,233
1761757260,96.525,96.525,96.525,96.525,2
1761757380,96.525,96.525,96.525,96.525,2
1761757620,96.525,96.525,96.525,96.525,1
1761757680,96.525,96.525,96.525,96.525,2
1761757920,96.525,96.525,96.525,96.525,1
1761758100,96.525,96.525,96.525,96.525,2
1761758520,96.525,96.525,96.525,96.525,225
1761758580,96.52,96.52,96.52,96.52,2
1761758760,96.525,96.525,96.525,96.525,15
1761758940,96.52,96.52,96.52,96.52,2
1761759120,96.52,96.52,96.52,96.52,95
1761759180,96.52,96.52,96.52,96.52,44
1761759240,96.52,96.52,96.52,96.52,45
1761759300,96.52,96.52,96.52,96.52,1
1761759360,96.525,96.525,96.525,96.525,207
1761760020,96.525,96.525,96.525,96.525,27
1761760080,96.525,96.525,96.525,96.525,18
1761760200,96.525,96.525,96.525,96.525,13
1761760260,96.525,96.525,96.525,96.525,44
1761760440,96.525,96.525,96.525,96.525,67
1761760620,96.525,96.525,96.52,96.525,127
1761760680,96.525,96.525,96.525,96.525,27
1761760740,96.525,96.525,96.525,96.525,3
1761760800,96.52,96.52,96.515,96.515,54
1761760860,96.515,96.515,96.515,96.515,149
1761760920,96.52,96.525,96.52,96.525,513
1761760980,96.52,96.52,96.515,96.52,47
1761761040,96.52,96.52,96.52,96.52,1
1761761100,96.52,96.52,96.52,96.52,74
1761761160,96.52,96.52,96.52,96.52,34
1761761220,96.52,96.52,96.52,96.52,631
1761761280,96.52,96.52,96.52,96.52,64
1761761340,96.52,96.52,96.52,96.52,57
1761761400,96.52,96.525,96.52,96.525,182
1761761520,96.525,96.525,96.525,96.525,52
1761761580,96.52,96.52,96.52,96.52,58
1761761640,96.52,96.52,96.52,96.52,185
1761761700,96.52,96.525,96.52,96.525,57
1761761760,96.525,96.525,96.525,96.525,25
1761761940,96.52,96.52,96.52,96.52,1
1761762060,96.525,96.525,96.525,96.525,20
1761762240,96.52,96.52,96.52,96.52,56
1761762360,96.52,96.52,96.52,96.52,14
1761762480,96.52,96.52,96.52,96.52,23
1761762600,96.52,96.52,96.52,96.52,168
1761762660,96.52,96.52,96.515,96.52,85
1761762720,96.52,96.525,96.52,96.52,194
1761762780,96.525,96.525,96.525,96.525,32
1761762900,96.52,96.52,96.475,96.485,1753
1761762960,96.485,96.485,96.465,96.465,610
1761763020,96.47,96.48,96.47,96.475,131
1761763080,96.475,96.475,96.455,96.46,333
1761763140,96.46,96.465,96.455,96.455,266
1761763200,96.455,96.455,96.445,96.455,89
1761763260,96.455,96.455,96.455,96.455,87
1761763320,96.455,96.455,96.44,96.44,114
1761763380,96.445,96.45,96.445,96.45,144
1761763440,96.45,96.455,96.45,96.455,618
1761763500,96.455,96.455,96.45,96.45,106
1761763560,96.45,96.45,96.445,96.445,49
1761763620,96.445,96.445,96.445,96.445,23
1761763680,96.445,96.45,96.445,96.445,5
1761763740,96.45,96.45,96.45,96.45,36
1761763800,96.455,96.455,96.455,96.455,504
1761763860,96.455,96.46,96.455,96.46,164
1761763980,96.455,96.455,96.455,96.455,101
1761764040,96.455,96.455,96.455,96.455,6
1761764100,96.455,96.455,96.455,96.455,66
1761764160,96.45,96.45,96.45,96.45,2
1761764220,96.45,96.45,96.45,96.45,32
1761764280,96.45,96.45,96.445,96.445,226
1761764400,96.445,96.45,96.445,96.45,17
1761764520,96.445,96.45,96.445,96.45,43
1761764580,96.45,96.45,96.45,96.45,30
1761764640,96.44,96.445,96.44,96.445,57
1761764700,96.44,96.44,96.44,96.44,26
1761764820,96.44,96.44,96.44,96.44,57
1761764880,96.44,96.44,96.44,96.44,1
1761764940,96.44,96.44,96.44,96.44,14
1761765000,96.44,96.44,96.435,96.435,75
1761765060,96.435,96.435,96.435,96.435,7
1761765120,96.44,96.44,96.435,96.435,330
1761765240,96.435,96.435,96.435,96.435,3
1761765480,96.44,96.44,96.43,96.435,129
1761765540,96.435,96.435,96.435,96.435,80
1761765600,96.435,96.435,96.435,96.435,21
1761765660,96.435,96.435,96.43,96.43,1001
1761765720,96.425,96.425,96.425,96.425,12
1761765780,96.43,96.43,96.425,96.425,93
1761765840,96.42,96.42,96.42,96.42,40
1761765900,96.425,96.425,96.425,96.425,46
1761765960,96.42,96.42,96.42,96.42,64
1761766020,96.415,96.415,96.415,96.415,52
1761766140,96.42,96.425,96.42,96.425,447
1761766200,96.42,96.42,96.42,96.42,117
1761766380,96.415,96.415,96.415,96.415,3
1761766440,96.415,96.415,96.415,96.415,26
1761766500,96.42,96.42,96.42,96.42,154
1761766560,96.425,96.425,96.42,96.42,8
1761766620,96.42,96.42,96.415,96.415,39
1761766680,96.415,96.415,96.41,96.41,17
1761766860,96.41,96.415,96.41,96.415,67
1761766920,96.415,96.415,96.415,96.415,2
1761767040,96.415,96.415,96.415,96.415,9
1761767100,96.415,96.415,96.415,96.415,1
1761767160,96.42,96.42,96.42,96.42,212
1761767280,96.42,96.42,96.42,96.42,1
1761767340,96.42,96.42,96.42,96.42,50
1761767400,96.42,96.42,96.415,96.42,27
1761767460,96.425,96.425,96.425,96.425,21
1761767580,96.425,96.425,96.425,96.425,14
1761767700,96.425,96.425,96.425,96.425,1
1761767760,96.425,96.425,96.42,96.42,10
1761767820,96.425,96.425,96.425,96.425,1
1761767880,96.425,96.425,96.42,96.42,51
1761767940,96.42,96.425,96.42,96.42,13
1761768060,96.42,96.42,96.42,96.42,33
1761768120,96.42,96.425,96.42,96.425,580
1761768420,96.42,96.42,96.42,96.42,4
1761768480,96.42,96.42,96.42,96.42,32
1761768540,96.42,96.42,96.42,96.42,13
1761768660,96.42,96.42,96.42,96.42,45
1761769320,96.42,96.42,96.42,96.42,139
1761769380,96.42,96.42,96.42,96.42,29
1761769920,96.42,96.42,96.42,96.42,2
1761770220,96.42,96.42,96.42,96.42,24
1761770340,96.42,96.42,96.42,96.42,9
1761770520,96.42,96.42,96.42,96.42,1
1761770700,96.42,96.42,96.42,96.42,10
1761770760,96.42,96.42,96.42,96.42,11
1761770820,96.42,96.42,96.42,96.42,1
1761775500,96.415,96.415,96.415,96.415,18
1761781560,96.415,96.415,96.415,96.415,28
1761782520,96.415,96.415,96.415,96.415,19
1761782700,96.415,96.415,96.415,96.415,5
1761783060,96.415,96.415,96.415,96.415,4
1761784200,96.42,96.42,96.42,96.42,14
1761786240,96.42,96.42,96.42,96.42,17
1761786540,96.42,96.42,96.42,96.42,26
1761786660,96.42,96.42,96.42,96.42,12
1761787920,96.42,96.42,96.42,96.42,7
1761787980,96.425,96.425,96.425,96.425,32
1761792360,96.43,96.43,96.43,96.43,23
1761794100,96.425,96.425,96.425,96.425,40
1761794340,96.425,96.425,96.425,96.425,16
1761796680,96.43,96.43,96.43,96.43,19
1761796920,96.43,96.43,96.43,96.43,14
1761797340,96.43,96.43,96.43,96.43,17
1761797460,96.435,96.435,96.435,96.435,49
1761798240,96.435,96.435,96.435,96.435,10
1761798300,96.435,96.435,96.435,96.435,10
1761798720,96.435,96.435,96.435,96.435,10
1761798900,96.43,96.43,96.43,96.43,73
1761798960,96.43,96.43,96.43,96.43,10
1761799080,96.43,96.43,96.43,96.43,31
1761799140,96.425,96.425,96.425,96.425,53
1761799200,96.425,96.425,96.425,96.425,15
1761799260,96.43,96.43,96.43,96.43,11
1761799320,96.43,96.43,96.43,96.43,10
1761799500,96.43,96.43,96.43,96.43,5
1761803220,96.43,96.43,96.43,96.43,20
1761805380,96.43,96.43,96.43,96.43,2
1761805440,96.43,96.43,96.43,96.43,31
1761805620,96.43,96.43,96.43,96.43,26
1761807000,96.425,96.425,96.425,96.425,18
1761807960,96.43,96.43,96.43,96.43,83
1761808020,96.43,96.43,96.43,96.43,7
1761808080,96.43,96.43,96.43,96.43,13
1761808380,96.43,96.43,96.43,96.43,33
1761808920,96.425,96.425,96.425,96.425,9
1761810180,96.425,96.425,96.425,96.425,69
1761810300,96.425,96.425,96.425,96.425,13
1761810360,96.425,96.425,96.425,96.425,13
1761810420,96.425,96.425,96.425,96.425,20
1761810480,96.425,96.425,96.425,96.425,9
1761810540,96.425,96.425,96.425,96.425,13
1761811980,96.42,96.42,96.42,96.42,9
1761812040,96.42,96.42,96.42,96.42,4
1761812100,96.42,96.42,96.42,96.42,15
1761812460,96.42,96.42,96.42,96.42,13
1761812520,96.42,96.42,96.42,96.42,23
1761812820,96.425,96.425,96.425,96.425,117
1761812880,96.425,96.425,96.425,96.425,85
1761813180,96.425,96.425,96.425,96.425,17
1761813300,96.425,96.425,96.425,96.425,60
1761813600,96.425,96.425,96.425,96.425,9
1761814020,96.425,96.425,96.425,96.425,238
1761814380,96.425,96.425,96.425,96.425,1
1761814680,96.425,96.425,96.425,96.425,69
1761814800,96.425,96.425,96.425,96.425,33
1761815100,96.425,96.425,96.425,96.425,21
1761816780,96.43,96.43,96.43,96.43,308
1761816840,96.43,96.43,96.43,96.43,16
1761816900,96.43,96.43,96.43,96.43,109
1761816960,96.43,96.43,96.43,96.43,250
1761817020,96.43,96.43,96.43,96.43,40
1761817320,96.43,96.43,96.43,96.43,377
1761817380,96.43,96.43,96.43,96.43,8
1761817740,96.43,96.43,96.43,96.43,16
1761817860,96.43,96.43,96.43,96.43,7
1761819660,96.43,96.43,96.43,96.43,16
1761819720,96.43,96.43,96.43,96.43,1
1761819840,96.43,96.43,96.43,96.43,15
1761819960,96.43,96.43,96.43,96.43,6
1761820260,96.43,96.43,96.43,96.43,400
1761820440,96.43,96.43,96.43,96.43,58
1761820500,96.43,96.43,96.43,96.43,16
1761821100,96.425,96.425,96.425,96.425,25
1761821340,96.425,96.425,96.425,96.425,246
1761821400,96.425,96.425,96.425,96.425,57
1761821640,96.425,96.425,96.425,96.425,16
1761822000,96.42,96.42,96.42,96.42,62
1761822060,96.42,96.42,96.42,96.42,57
1761822540,96.42,96.42,96.42,96.42,16
1761822600,96.42,96.42,96.42,96.42,16
1761822840,96.415,96.415,96.415,96.415,7
1761822900,96.415,96.415,96.415,96.415,24
1761822960,96.415,96.415,96.415,96.415,16
1761823500,96.415,96.415,96.415,96.415,4
1761823680,96.415,96.415,96.415,96.415,28
1761823740,96.415,96.415,96.415,96.415,16
1761823800,96.415,96.415,96.415,96.415,32
1761823920,96.415,96.415,96.415,96.415,6
1761824100,96.415,96.415,96.415,96.415,32
1761824160,96.415,96.415,96.415,96.415,2
1761824640,96.41,96.41,96.41,96.41,102
1761824700,96.41,96.41,96.41,96.41,16
1761824880,96.41,96.41,96.41,96.41,100
1761825420,96.41,96.41,96.41,96.41,16
1761825540,96.41,96.41,96.41,96.41,154
1761825600,96.41,96.41,96.41,96.41,2
1761825720,96.41,96.41,96.41,96.41,5
1761825840,96.41,96.41,96.41,96.41,10
1761826020,96.41,96.41,96.41,96.41,141
1761826200,96.41,96.41,96.41,96.41,25
1761826260,96.41,96.41,96.41,96.41,75
1761826320,96.41,96.41,96.41,96.41,279
1761826380,96.41,96.41,96.41,96.41,16
1761826500,96.41,96.41,96.41,96.41,23
1761827280,96.41,96.41,96.41,96.41,62
1761827400,96.405,96.405,96.405,96.405,1
1761827520,96.41,96.41,96.41,96.41,96
1761827580,96.41,96.41,96.41,96.41,17
1761827700,96.41,96.41,96.41,96.41,10
1761828480,96.41,96.41,96.41,96.41,2
1761828660,96.41,96.41,96.41,96.41,7
1761828900,96.41,96.41,96.405,96.405,52
1761829020,96.405,96.405,96.405,96.405,1
1761829080,96.405,96.405,96.405,96.405,203
1761829140,96.405,96.405,96.405,96.405,230
1761829200,96.405,96.405,96.405,96.405,16
1761829560,96.4,96.4,96.4,96.4,29
1761829620,96.4,96.4,96.4,96.4,1298
1761829680,96.4,96.4,96.4,96.4,6
1761829800,96.4,96.4,96.4,96.4,3
1761829860,96.405,96.405,96.405,96.405,5
1761829920,96.4,96.4,96.4,96.4,20
1761830100,96.4,96.4,96.4,96.4,105
1761830580,96.4,96.4,96.4,96.4,32
1761830820,96.4,96.405,96.4,96.405,40
1761830940,96.4,96.4,96.4,96.4,164
1761831180,96.405,96.405,96.405,96.405,11
1761831240,96.405,96.405,96.405,96.405,50
1761831300,96.41,96.41,96.405,96.405,83
1761831360,96.41,96.41,96.41,96.41,25
1761831480,96.41,96.41,96.41,96.41,25
1761831540,96.41,96.415,96.41,96.41,1877
1761831600,96.41,96.41,96.41,96.41,278
1761831660,96.41,96.41,96.41,96.41,36
1761831720,96.41,96.41,96.41,96.41,74
1761831900,96.41,96.41,96.41,96.41,84
1761832260,96.41,96.41,96.41,96.41,269
1761832980,96.405,96.405,96.405,96.405,242
1761833280,96.41,96.41,96.41,96.41,102
1761833340,96.415,96.415,96.415,96.415,67
1761833400,96.41,96.41,96.41,96.41,3
1761833460,96.41,96.415,96.41,96.415,16
1761833520,96.415,96.415,96.415,96.415,68
1761833580,96.41,96.415,96.41,96.415,101
1761833640,96.41,96.41,96.41,96.41,3
1761833700,96.41,96.41,96.41,96.41,2
1761833760,96.415,96.415,96.415,96.415,32
1761833880,96.415,96.415,96.415,96.415,1
1761833940,96.415,96.415,96.415,96.415,4
1761834000,96.415,96.415,96.415,96.415,3
1761834120,96.415,96.415,96.415,96.415,1
1761834180,96.415,96.415,96.415,96.415,3
1761834240,96.42,96.42,96.415,96.415,3
1761834300,96.42,96.42,96.42,96.42,290
1761834360,96.42,96.42,96.42,96.42,1
1761834420,96.415,96.415,96.415,96.415,2
1761834480,96.415,96.42,96.415,96.42,21
1761834540,96.415,96.415,96.415,96.415,1
1761834600,96.415,96.415,96.415,96.415,4
1761834660,96.415,96.415,96.415,96.415,52
1761834720,96.415,96.415,96.415,96.415,1
1761834780,96.415,96.415,96.415,96.415,3
1761834840,96.415,96.415,96.415,96.415,3
1761834900,96.415,96.415,96.415,96.415,53
1761834960,96.415,96.42,96.415,96.42,729
1761835020,96.42,96.42,96.415,96.415,50
1761835080,96.415,96.415,96.415,96.415,3
1761835140,96.415,96.415,96.415,96.415,3
1761835260,96.42,96.42,96.415,96.415,5
1761835320,96.415,96.415,96.415,96.415,3
1761835380,96.415,96.415,96.415,96.415,4
1761835440,96.415,96.415,96.415,96.415,3
1761835500,96.415,96.42,96.415,96.42,19
1761835560,96.42,96.42,96.415,96.42,92
1761835620,96.42,96.42,96.42,96.42,42
1761835680,96.42,96.42,96.42,96.42,6
1761835740,96.42,96.425,96.42,96.42,11
1761835800,96.42,96.42,96.42,96.42,5
1761835860,96.42,96.42,96.42,96.42,2
1761835920,96.42,96.42,96.42,96.42,1
1761835980,96.42,96.42,96.42,96.42,2
1761836040,96.42,96.425,96.42,96.425,28
1761836160,96.425,96.425,96.425,96.425,128
1761836220,96.425,96.425,96.42,96.42,3
1761836280,96.42,96.425,96.42,96.42,3
1761836340,96.425,96.425,96.42,96.42,4
1761836400,96.42,96.425,96.42,96.42,15
1761836460,96.42,96.425,96.42,96.42,3
1761836520,96.42,96.42,96.42,96.42,4
1761836580,96.42,96.42,96.42,96.42,2
1761836640,96.42,96.42,96.42,96.42,3
1761836700,96.42,96.425,96.42,96.42,7
1761836760,96.42,96.42,96.42,96.42,10
1761836880,96.42,96.42,96.42,96.42,1
1761836940,96.42,96.425,96.42,96.425,94
1761837000,96.425,96.425,96.425,96.425,50
1761837060,96.425,96.425,96.425,96.425,2
1761837120,96.425,96.425,96.425,96.425,3
1761837180,96.425,96.425,96.425,96.425,3
1761837300,96.425,96.425,96.425,96.425,4
1761837360,96.425,96.425,96.425,96.425,1
1761837420,96.425,96.425,96.425,96.425,3
1761837480,96.425,96.425,96.425,96.425,2
1761837600,96.425,96.425,96.425,96.425,2
1761837660,96.425,96.425,96.42,96.42,197
1761837720,96.425,96.425,96.42,96.42,3
1761837780,96.425,96.425,96.425,96.425,53
1761837840,96.425,96.425,96.425,96.425,42
1761837960,96.425,96.425,96.425,96.425,3
1761838020,96.43,96.43,96.425,96.425,3
1761838080,96.43,96.43,96.425,96.425,2
1761838140,96.425,96.425,96.425,96.425,1
1761838200,96.43,96.43,96.425,96.425,2
1761838260,96.43,96.43,96.425,96.425,2
1761838320,96.43,96.43,96.425,96.43,5
1761838380,96.43,96.43,96.425,96.425,3
1761838560,96.43,96.43,96.43,96.43,40
1761838620,96.43,96.43,96.43,96.43,5
1761838680,96.43,96.43,96.43,96.43,90
1761838740,96.43,96.43,96.43,96.43,3
1761838800,96.43,96.43,96.43,96.43,5
1761838860,96.43,96.43,96.43,96.43,2
1761838920,96.43,96.43,96.43,96.43,4
1761838980,96.43,96.43,96.43,96.43,5
1761839040,96.435,96.435,96.435,96.435,111
1761839100,96.435,96.435,96.43,96.435,110
1761839220,96.43,96.43,96.43,96.43,3
1761839280,96.43,96.43,96.43,96.43,3
1761839340,96.43,96.43,96.43,96.43,2
1761839400,96.43,96.43,96.43,96.43,4
1761839460,96.43,96.43,96.43,96.43,526
1761839520,96.43,96.43,96.43,96.43,2
1761839580,96.43,96.43,96.43,96.43,4
1761839640,96.43,96.43,96.43,96.43,2
1761839700,96.43,96.43,96.43,96.43,3
1761839760,96.43,96.43,96.43,96.43,4
1761839820,96.43,96.43,96.43,96.43,3
1761839940,96.43,96.43,96.42,96.42,1063
1761840000,96.42,96.42,96.415,96.42,159
1761840060,96.42,96.42,96.42,96.42,2
1761840120,96.42,96.42,96.42,96.42,59
1761840180,96.415,96.415,96.415,96.415,3
1761840240,96.415,96.415,96.415,96.415,5
1761840360,96.415,96.415,96.415,96.415,2
1761840420,96.42,96.42,96.42,96.42,137
1761840480,96.415,96.42,96.415,96.42,49
1761840600,96.415,96.415,96.415,96.415,3
1761840720,96.415,96.415,96.415,96.415,4
1761840780,96.415,96.42,96.415,96.42,86
1761840840,96.42,96.42,96.42,96.42,6
1761840900,96.42,96.42,96.42,96.42,2
1761840960,96.42,96.42,96.42,96.42,3
1761841020,96.42,96.42,96.42,96.42,17
1761841080,96.42,96.42,96.42,96.42,2
1761841140,96.42,96.42,96.42,96.42,4
1761841200,96.42,96.42,96.42,96.42,4
1761841260,96.42,96.42,96.42,96.42,2
1761841320,96.42,96.42,96.42,96.42,4
1761841380,96.42,96.42,96.42,96.42,3
1761841500,96.42,96.42,96.42,96.42,4
1761841560,96.42,96.42,96.42,96.42,2
1761841620,96.42,96.42,96.42,96.42,3
1761841680,96.42,96.42,96.415,96.42,34
1761841800,96.42,96.42,96.42,96.42,3
1761841860,96.42,96.42,96.42,96.42,3
1761841920,96.42,96.42,96.42,96.42,2
1761841980,96.42,96.42,96.42,96.42,5
1761842040,96.42,96.42,96.42,96.42,3
1761842100,96.42,96.42,96.42,96.42,5
1761842160,96.42,96.42,96.415,96.415,40
1761842220,96.42,96.42,96.415,96.415,3
1761842280,96.42,96.42,96.415,96.415,5
1761842340,96.415,96.415,96.415,96.415,4
1761842400,96.415,96.415,96.415,96.415,3
1761842520,96.415,96.415,96.415,96.415,1
1761842580,96.415,96.415,96.415,96.415,5
1761842640,96.415,96.415,96.415,96.415,2
1761842700,96.415,96.415,96.415,96.415,6
1761842760,96.415,96.415,96.415,96.415,5
1761842820,96.415,96.415,96.415,96.415,6
1761842880,96.415,96.415,96.415,96.415,3
1761842940,96.415,96.415,96.415,96.415,3
1761843000,96.42,96.42,96.415,96.415,3
1761843060,96.415,96.415,96.415,96.415,5
1761843180,96.415,96.42,96.415,96.415,4
1761843240,96.415,96.415,96.415,96.415,1
1761843300,96.415,96.415,96.415,96.415,5
1761843360,96.415,96.415,96.415,96.415,2
1761843420,96.415,96.415,96.415,96.415,5
1761843480,96.415,96.415,96.415,96.415,2
1761843540,96.415,96.415,96.415,96.415,2
1761843600,96.415,96.415,96.415,96.415,5
1761843660,96.415,96.415,96.415,96.415,14
1761843720,96.415,96.415,96.415,96.415,15
1761843780,96.415,96.415,96.415,96.415,1
1761843840,96.415,96.415,96.415,96.415,4
1761843900,96.415,96.415,96.415,96.415,3
1761844020,96.415,96.415,96.415,96.415,3
1761844080,96.415,96.415,96.415,96.415,4
1761844140,96.415,96.415,96.415,96.415,2
1761844200,96.415,96.415,96.415,96.415,2
1761844260,96.415,96.415,96.415,96.415,3
1761844320,96.415,96.415,96.415,96.415,4
1761844380,96.415,96.415,96.415,96.415,3
1761844500,96.415,96.415,96.415,96.415,2
1761844620,96.415,96.415,96.415,96.415,3
1761844680,96.415,96.42,96.415,96.42,128
1761844860,96.42,96.42,96.42,96.42,36
1761845040,96.42,96.42,96.415,96.415,2
1761845100,96.415,96.415,96.415,96.415,3
1761845160,96.415,96.415,96.415,96.415,2
1761845340,96.415,96.415,96.415,96.415,4
1761845400,96.42,96.425,96.42,96.425,102
1761845460,96.42,96.42,96.42,96.42,3
1761845640,96.42,96.42,96.42,96.42,3
1761845700,96.42,96.42,96.42,96.42,35
1761845760,96.42,96.42,96.415,96.415,12
1761845940,96.415,96.415,96.415,96.415,2
1761846180,96.42,96.42,96.415,96.415,2
1761846240,96.415,96.415,96.415,96.415,1
1761846300,96.415,96.415,96.415,96.415,2
1761846420,96.415,96.415,96.415,96.415,2
1761846480,96.415,96.415,96.415,96.415,2
1761846600,96.415,96.415,96.415,96.415,2
1761846660,96.42,96.42,96.42,96.42,55
1761846720,96.42,96.42,96.42,96.42,23
1761846840,96.42,96.42,96.42,96.42,68
1761846960,96.415,96.42,96.415,96.415,3
1761847020,96.42,96.42,96.42,96.42,3
1761847140,96.42,96.42,96.42,96.42,3
1761847200,96.42,96.42,96.415,96.415,53
1761847260,96.415,96.415,96.415,96.415,3
1761847320,96.415,96.415,96.415,96.415,3
1761847380,96.415,96.415,96.415,96.415,3
1761847440,96.415,96.415,96.415,96.415,1
1761847500,96.415,96.415,96.415,96.415,4
1761847620,96.415,96.415,96.415,96.415,1
1761847680,96.415,96.415,96.415,96.415,1
1761847740,96.415,96.415,96.415,96.415,3
1761847860,96.415,96.415,96.415,96.415,2
1761847980,96.415,96.415,96.415,96.415,4
1761848040,96.415,96.415,96.415,96.415,4
1761848100,96.415,96.415,96.415,96.415,3
1761848160,96.415,96.415,96.415,96.415,4
1761848220,96.415,96.415,96.415,96.415,2
1761848280,96.415,96.415,96.415,96.415,1
1761848340,96.415,96.415,96.415,96.415,1
1761848400,96.415,96.415,96.415,96.415,2
1761848640,96.415,96.415,96.415,96.415,1
1761848700,96.415,96.415,96.415,96.415,1
1761848760,96.415,96.415,96.415,96.415,1
1761848820,96.415,96.415,96.415,96.415,2
1761848940,96.415,96.415,96.415,96.415,2
1761849000,96.415,96.415,96.415,96.415,2
1761849120,96.415,96.42,96.415,96.42,151
1761849180,96.42,96.42,96.42,96.42,4
1761849240,96.415,96.415,96.415,96.415,4
1761849300,96.415,96.415,96.415,96.415,10
1761849360,96.415,96.415,96.415,96.415,9
1761849540,96.415,96.415,96.415,96.415,5
1761849600,96.415,96.415,96.415,96.415,6
1761849720,96.415,96.415,96.415,96.415,3
1761849780,96.415,96.415,96.415,96.415,3
1761849840,96.415,96.415,96.415,96.415,3
1761849900,96.415,96.415,96.415,96.415,39
1761849960,96.415,96.415,96.415,96.415,3
1761850080,96.415,96.415,96.415,96.415,3
1761850140,96.415,96.415,96.415,96.415,4
1761850200,96.415,96.415,96.415,96.415,6
1761850260,96.415,96.415,96.415,96.415,3
1761850320,96.415,96.415,96.415,96.415,2
1761850380,96.415,96.415,96.415,96.415,4
1761850440,96.415,96.415,96.415,96.415,2
1761850500,96.415,96.415,96.415,96.415,3
1761850560,96.415,96.415,96.415,96.415,3
1761850620,96.415,96.415,96.415,96.415,3
1761850680,96.415,96.415,96.415,96.415,3
1761850740,96.415,96.415,96.415,96.415,8
1761850800,96.415,96.415,96.415,96.415,6
1761850860,96.415,96.415,96.415,96.415,5
1761850920,96.415,96.415,96.415,96.415,6
1761851040,96.415,96.415,96.415,96.415,5
1761851100,96.415,96.415,96.415,96.415,152
1761851220,96.415,96.415,96.415,96.415,1
1761851280,96.415,96.415,96.415,96.415,2
1761851400,96.415,96.415,96.415,96.415,2
1761851580,96.415,96.415,96.415,96.415,3
1761851820,96.415,96.415,96.415,96.415,2
1761851880,96.415,96.415,96.415,96.415,3
1761852060,96.415,96.415,96.415,96.415,2
1761852240,96.415,96.415,96.415,96.415,1
1761852300,96.415,96.415,96.415,96.415,4
1761852360,96.415,96.415,96.415,96.415,3
1761852480,96.415,96.415,96.415,96.415,3
1761852780,96.415,96.415,96.415,96.415,4
1761852900,96.415,96.415,96.415,96.415,3
1761852960,96.415,96.415,96.415,96.415,5
1761853020,96.415,96.415,96.415,96.415,3
1761853080,96.415,96.415,96.415,96.415,4
1761853260,96.42,96.42,96.415,96.415,11
1761853380,96.415,96.415,96.415,96.415,3
1761853440,96.42,96.42,96.415,96.415,7
1761853500,96.415,96.415,96.415,96.415,3
1761853680,96.415,96.415,96.415,96.415,3
1761853740,96.415,96.415,96.415,96.415,1
1761853860,96.415,96.415,96.415,96.415,3
1761853920,96.415,96.415,96.415,96.415,2
1761854100,96.415,96.415,96.415,96.415,2
1761854160,96.415,96.415,96.415,96.415,2
1761854220,96.415,96.415,96.415,96.415,6
1761854280,96.415,96.415,96.415,96.415,2
1761854340,96.415,96.415,96.415,96.415,4
1761854580,96.42,96.42,96.42,96.42,2
1761854880,96.42,96.42,96.42,96.42,2
1761855060,96.42,96.42,96.42,96.42,52
1761855120,96.42,96.42,96.42,96.42,91
1761855180,96.42,96.42,96.42,96.42,7
1761855780,96.42,96.42,96.42,96.42,114
1761856200,96.42,96.42,96.42,96.42,34
1761856560,96.42,96.42,96.42,96.42,33
1761856680,96.42,96.42,96.42,96.42,8
1761856800,96.42,96.42,96.42,96.42,34
1761857820,96.42,96.42,96.42,96.42,13
1761857880,96.42,96.42,96.42,96.42,6
1761857940,96.42,96.425,96.42,96.425,2185
1761865380,96.425,96.425,96.425,96.425,50
1761867780,96.425,96.425,96.425,96.425,10
1761872820,96.425,96.425,96.425,96.425,7
1761875640,96.425,96.425,96.425,96.425,100
1761876120,96.42,96.42,96.42,96.42,20
1761876540,96.42,96.42,96.42,96.42,24
1761877380,96.42,96.42,96.42,96.42,1
1761877500,96.42,96.42,96.42,96.42,20
1761877860,96.42,96.42,96.42,96.42,3
1761882060,96.415,96.415,96.415,96.415,111
1761886740,96.41,96.41,96.41,96.41,11
1761887040,96.405,96.405,96.405,96.405,95
1761887160,96.405,96.405,96.405,96.405,47
1761887700,96.405,96.405,96.405,96.405,13
1761888300,96.405,96.405,96.405,96.405,6
1761889200,96.405,96.405,96.405,96.405,55
1761889680,96.405,96.405,96.405,96.405,13
1761890580,96.4,96.4,96.4,96.4,39
1761893340,96.4,96.4,96.4,96.4,36
1761893700,96.4,96.4,96.4,96.4,34
1761894540,96.4,96.4,96.4,96.4,34
1761894720,96.395,96.395,96.395,96.395,22
1761894780,96.395,96.395,96.395,96.395,22
1761894840,96.395,96.395,96.395,96.395,16
1761895920,96.4,96.4,96.4,96.4,1
1761897000,96.4,96.4,96.4,96.4,47
1761901740,96.405,96.405,96.405,96.405,60
1761902520,96.405,96.405,96.405,96.405,27
1761903060,96.405,96.405,96.405,96.405,1
1761903480,96.405,96.405,96.405,96.405,33
1761906300,96.405,96.405,96.405,96.405,121
1761906360,96.405,96.405,96.405,96.405,20
1761906900,96.405,96.405,96.405,96.405,2
1761908880,96.4,96.4,96.4,96.4,252
1761909000,96.4,96.4,96.4,96.4,3
1761909180,96.4,96.4,96.4,96.4,15
1761909480,96.4,96.4,96.4,96.4,8
1761909540,96.405,96.405,96.405,96.405,32
1761909600,96.405,96.405,96.405,96.405,1
1761910020,96.405,96.405,96.405,96.405,60
1761910440,96.4,96.4,96.4,96.4,387
1761910620,96.4,96.4,96.4,96.4,115
1761910860,96.4,96.4,96.4,96.4,15
1761910920,96.4,96.4,96.4,96.4,31
1761910980,96.4,96.4,96.4,96.4,20
1761911160,96.4,96.4,96.4,96.4,50
1761911220,96.4,96.4,96.4,96.4,20
1761911280,96.4,96.4,96.4,96.4,162
1761912000,96.4,96.4,96.4,96.4,276
1761912060,96.4,96.4,96.4,96.4,29
1761912480,96.4,96.4,96.4,96.4,149
1761912540,96.4,96.4,96.4,96.4,19
1761912660,96.4,96.4,96.4,96.4,12
1761912900,96.4,96.4,96.4,96.4,220
1761913080,96.4,96.4,96.4,96.4,5
1761913200,96.4,96.4,96.4,96.4,28
1761913320,96.4,96.4,96.4,96.4,33
1761913440,96.405,96.405,96.4,96.4,47
1761913500,96.4,96.4,96.4,96.4,1
1761913560,96.4,96.4,96.4,96.4,5
1761913680,96.405,96.405,96.405,96.405,17
1761913800,96.405,96.405,96.405,96.405,1
1761914220,96.405,96.405,96.405,96.405,389
1761914280,96.405,96.405,96.405,96.405,98
1761914340,96.405,96.405,96.405,96.405,346
1761914400,96.405,96.405,96.405,96.405,32
1761914460,96.405,96.405,96.405,96.405,20
1761914640,96.405,96.405,96.405,96.405,33
1761914700,96.405,96.405,96.405,96.405,23
1761914940,96.405,96.405,96.405,96.405,2
1761915540,96.405,96.405,96.405,96.405,74
1761915600,96.4,96.4,96.4,96.4,51
1761915720,96.4,96.4,96.4,96.4,27
1761915780,96.4,96.4,96.395,96.395,142
1761915840,96.395,96.395,96.395,96.395,35
1761915900,96.395,96.395,96.395,96.395,20
1761915960,96.39,96.39,96.39,96.39,40
1761916380,96.385,96.385,96.385,96.385,1
1761916440,96.385,96.385,96.385,96.385,12
1761916860,96.385,96.385,96.385,96.385,1
1761916920,96.39,96.39,96.39,96.39,50
1761917040,96.39,96.395,96.39,96.39,47
1761917400,96.39,96.39,96.39,96.39,5
1761917460,96.39,96.39,96.39,96.39,10
1761917760,96.39,96.39,96.39,96.39,30
1761917820,96.395,96.395,96.39,96.39,53
1761918000,96.39,96.39,96.39,96.39,9
1761918060,96.39,96.39,96.39,96.39,13
1761918120,96.39,96.39,96.39,96.39,7
1761918180,96.39,96.39,96.39,96.39,1
1761918240,96.39,96.39,96.39,96.39,10
1761918840,96.39,96.39,96.39,96.39,42
1761918960,96.39,96.39,96.39,96.39,24
1761919740,96.39,96.39,96.39,96.39,1
1761919800,96.39,96.39,96.39,96.39,4
1761920160,96.39,96.39,96.39,96.39,51
1761920220,96.39,96.39,96.39,96.39,129
1761920820,96.39,96.39,96.39,96.39,1
1761920880,96.39,96.39,96.39,96.39,2
1761921060,96.39,96.39,96.39,96.39,84
1761921120,96.39,96.39,96.39,96.39,34
1761921480,96.39,96.39,96.39,96.39,1
1761922260,96.395,96.395,96.395,96.395,9
1761922380,96.395,96.395,96.395,96.395,254
1761922440,96.395,96.395,96.395,96.395,30
1761922620,96.395,96.395,96.395,96.395,16
1761922680,96.395,96.4,96.395,96.395,63
1761922740,96.395,96.395,96.395,96.395,14
1761922800,96.395,96.4,96.395,96.4,50
1761922860,96.395,96.395,96.395,96.395,50
1761922920,96.395,96.395,96.395,96.395,17
1761923460,96.39,96.395,96.39,96.395,300
1761923520,96.395,96.395,96.395,96.395,15
1761923580,96.395,96.395,96.395,96.395,14
1761923640,96.395,96.395,96.395,96.395,18
1761923700,96.395,96.395,96.395,96.395,383
1761923760,96.395,96.395,96.395,96.395,20
1761923940,96.395,96.395,96.395,96.395,96
1761924060,96.395,96.395,96.395,96.395,27
1761924120,96.395,96.395,96.395,96.395,3
1761924660,96.39,96.39,96.39,96.39,1
1761924720,96.39,96.39,96.39,96.39,1
1761924780,96.39,96.39,96.39,96.39,20
1761925080,96.39,96.39,96.39,96.39,9
1761925320,96.39,96.39,96.39,96.39,23
1761925440,96.39,96.39,96.39,96.39,1
1761925500,96.39,96.39,96.39,96.39,169
1761925620,96.39,96.39,96.39,96.39,24
1761926100,96.39,96.39,96.39,96.39,23
1761926220,96.39,96.39,96.39,96.39,23
1761926640,96.39,96.39,96.39,96.39,2
1761926760,96.39,96.39,96.39,96.39,500
1761926940,96.39,96.39,96.39,96.39,25
1761927000,96.39,96.39,96.39,96.39,7
1761928020,96.385,96.385,96.385,96.385,1
1761928080,96.385,96.385,96.385,96.385,1
1761928800,96.39,96.39,96.39,96.39,10
1761929340,96.39,96.39,96.39,96.39,10
1761929400,96.385,96.385,96.385,96.385,1
1761929460,96.385,96.385,96.385,96.385,1
1761930720,96.39,96.39,96.39,96.39,500
1761931380,96.39,96.39,96.39,96.39,1
1761931680,96.39,96.39,96.39,96.39,49
1761931860,96.39,96.39,96.39,96.39,10
1761932160,96.385,96.385,96.385,96.385,1
1761932820,96.385,96.385,96.385,96.385,1
1761932880,96.385,96.385,96.385,96.385,1
1761934140,96.385,96.385,96.385,96.385,1
1761934200,96.385,96.385,96.385,96.385,1
1761934380,96.385,96.385,96.385,96.385,6
1761935100,96.39,96.39,96.39,96.39,44
1761935160,96.39,96.39,96.39,96.39,3
1761935220,96.39,96.39,96.39,96.39,2
1761935280,96.39,96.395,96.39,96.395,25
1761935340,96.39,96.39,96.39,96.39,100
1761935400,96.39,96.39,96.39,96.39,58
1761935460,96.39,96.39,96.39,96.39,29
1761935520,96.39,96.39,96.39,96.39,7
1761935640,96.39,96.39,96.39,96.39,8
1761935880,96.39,96.39,96.39,96.39,149
1761936180,96.385,96.385,96.385,96.385,1
1761936240,96.385,96.385,96.385,96.385,1
1761936360,96.39,96.39,96.39,96.39,21
1761936420,96.39,96.39,96.39,96.39,36
1761937020,96.39,96.39,96.39,96.39,74
1761937200,96.39,96.39,96.39,96.39,161
1761937260,96.39,96.39,96.39,96.39,79
1761938700,96.39,96.39,96.39,96.39,14
1761938880,96.39,96.39,96.39,96.39,1
1761939540,96.39,96.39,96.39,96.39,1
1761939600,96.39,96.39,96.39,96.39,1
1761940980,96.395,96.395,96.395,96.395,67
1761941220,96.39,96.39,96.39,96.39,100
1761941280,96.39,96.39,96.39,96.39,102
1761941340,96.39,96.39,96.39,96.39,36
1761941520,96.39,96.39,96.39,96.39,23
1761941760,96.39,96.39,96.39,96.39,144
1761942000,96.395,96.4,96.395,96.4,61
1761942420,96.405,96.405,96.405,96.405,200
1761942480,96.405,96.405,96.405,96.405,100
1761942660,96.41,96.41,96.41,96.41,52
1761942780,96.41,96.41,96.41,96.41,1
1761942900,96.41,96.41,96.41,96.41,1
1761943020,96.415,96.415,96.415,96.415,22
1761943200,96.42,96.42,96.42,96.42,54
1761943320,96.415,96.415,96.415,96.415,23
1761943740,96.41,96.41,96.41,96.41,72
1761944040,96.415,96.415,96.415,96.415,113
1761944220,96.415,96.415,96.415,96.415,7
1761944340,96.415,96.415,96.415,96.415,2
1762124400,96.415,96.415,96.415,96.415,7
1762124460,96.415,96.415,96.415,96.415,20
1762124520,96.415,96.415,96.415,96.415,9
1762124640,96.42,96.42,96.42,96.42,2
1762125300,96.415,96.415,96.415,96.415,5
1762126980,96.41,96.41,96.41,96.41,26
1762137420,96.41,96.41,96.41,96.41,1
1762137600,96.41,96.41,96.41,96.41,1
1762137660,96.41,96.41,96.41,96.41,27
1762139700,96.41,96.41,96.41,96.41,13
1762139760,96.41,96.41,96.41,96.41,16
1762153200,96.405,96.405,96.405,96.405,124
1762153380,96.405,96.405,96.405,96.405,69
1762154760,96.41,96.41,96.41,96.41,5
1762154820,96.41,96.41,96.41,96.41,1
1762155000,96.41,96.41,96.41,96.41,23
1762160820,96.41,96.41,96.41,96.41,5
1762168740,96.41,96.41,96.41,96.41,4
1762172580,96.41,96.41,96.41,96.41,15
1762173480,96.41,96.41,96.41,96.41,103
1762175040,96.405,96.405,96.405,96.405,78
1762175100,96.405,96.405,96.405,96.405,4
1762175220,96.405,96.405,96.405,96.405,1
1762176060,96.405,96.405,96.405,96.405,5
1762176240,96.4,96.4,96.4,96.4,2
1762176300,96.4,96.4,96.4,96.4,1
1762176900,96.4,96.4,96.4,96.4,1
1762176960,96.4,96.4,96.4,96.4,1
1762177860,96.4,96.4,96.4,96.4,1
1762177920,96.4,96.4,96.4,96.4,171
1762177980,96.4,96.4,96.4,96.4,269
1762178040,96.4,96.4,96.4,96.4,177
1762178340,96.4,96.4,96.4,96.4,592
1762178400,96.4,96.4,96.4,96.4,317
1762178700,96.4,96.4,96.4,96.4,128
1762178820,96.4,96.4,96.4,96.4,23
1762178880,96.4,96.4,96.4,96.4,9
1762179000,96.4,96.4,96.4,96.4,3
1762179060,96.4,96.4,96.4,96.4,37
1762179300,96.405,96.405,96.405,96.405,60
1762180080,96.4,96.4,96.4,96.4,1
1762180140,96.4,96.4,96.4,96.4,1
1762181100,96.4,96.4,96.4,96.4,1
1762181160,96.405,96.405,96.405,96.405,491
1762181280,96.405,96.405,96.405,96.405,33
1762181340,96.405,96.405,96.405,96.405,5
1762181400,96.405,96.405,96.405,96.405,353
1762181460,96.405,96.405,96.405,96.405,194
1762181820,96.41,96.41,96.41,96.41,1
1762181880,96.405,96.41,96.405,96.41,9
1762181940,96.405,96.41,96.405,96.41,41
1762182000,96.415,96.42,96.415,96.42,13
1762182060,96.415,96.415,96.415,96.415,38
1762182180,96.415,96.415,96.415,96.415,17
1762182240,96.41,96.41,96.41,96.41,96
1762182300,96.415,96.415,96.415,96.415,194
1762182420,96.41,96.415,96.41,96.415,382
1762182600,96.415,96.415,96.415,96.415,27
1762182840,96.415,96.415,96.415,96.415,123
1762182960,96.415,96.415,96.415,96.415,13
1762183020,96.415,96.415,96.415,96.415,25
1762183260,96.415,96.415,96.415,96.415,100
1762183620,96.415,96.415,96.41,96.41,2
1762183680,96.41,96.41,96.41,96.41,1
1762183800,96.415,96.415,96.415,96.415,11
1762184640,96.41,96.41,96.41,96.41,1
1762184700,96.41,96.41,96.41,96.41,1
1762184760,96.41,96.41,96.41,96.41,1
1762185300,96.41,96.41,96.41,96.41,1
1762185360,96.41,96.41,96.41,96.41,1
1762185540,96.415,96.415,96.415,96.415,1
1762185720,96.41,96.41,96.41,96.41,9
1762186020,96.405,96.405,96.405,96.405,77
1762186140,96.405,96.405,96.405,96.405,1
1762186380,96.405,96.405,96.405,96.405,1
1762186440,96.405,96.405,96.405,96.405,1
1762186500,96.405,96.405,96.405,96.405,51
1762186560,96.405,96.405,96.405,96.405,18
1762186620,96.405,96.405,96.405,96.405,21
1762186680,96.405,96.405,96.405,96.405,2
1762186740,96.405,96.405,96.405,96.405,1
1762186800,96.405,96.405,96.405,96.405,1
1762186920,96.405,96.405,96.405,96.405,44
1762187040,96.405,96.405,96.405,96.405,1
1762187160,96.405,96.405,96.405,96.405,2
1762187520,96.405,96.405,96.405,96.405,2
1762187700,96.405,96.405,96.405,96.405,97
1762187820,96.405,96.405,96.405,96.405,26
1762188000,96.4,96.4,96.4,96.4,10
1762188600,96.4,96.4,96.4,96.4,1
1762188660,96.4,96.4,96.4,96.4,1
1762189260,96.4,96.4,96.4,96.4,1
1762189320,96.4,96.4,96.4,96.4,282
1762189380,96.4,96.4,96.4,96.4,7
1762189500,96.4,96.4,96.4,96.4,6
1762189620,96.4,96.4,96.4,96.4,8
1762189800,96.4,96.4,96.4,96.4,25
1762189920,96.4,96.4,96.4,96.4,83
1762190220,96.4,96.4,96.4,96.4,29
1762190280,96.4,96.4,96.4,96.4,27
1762191000,96.4,96.4,96.4,96.4,1
1762191060,96.4,96.4,96.4,96.4,1
1762191600,96.4,96.4,96.4,96.4,4
1762192080,96.4,96.405,96.4,96.405,4
1762192140,96.4,96.4,96.4,96.4,1
1762192200,96.4,96.4,96.4,96.4,1
1762192800,96.405,96.405,96.405,96.405,5
1762192860,96.405,96.405,96.405,96.405,52
1762192980,96.405,96.405,96.405,96.405,4
1762193820,96.4,96.4,96.4,96.4,1
1762193880,96.4,96.4,96.4,96.4,1
1762193940,96.4,96.4,96.4,96.4,1
1762194540,96.4,96.4,96.4,96.4,1
1762194600,96.4,96.4,96.4,96.4,1
1762195620,96.4,96.4,96.4,96.4,1
1762195680,96.4,96.4,96.4,96.4,1
1762195740,96.4,96.4,96.4,96.4,1
1762196340,96.4,96.4,96.4,96.4,1
1762196400,96.405,96.405,96.405,96.405,61
1762197060,96.4,96.4,96.4,96.4,1
1762197360,96.4,96.4,96.4,96.4,1
1762197420,96.4,96.4,96.4,96.4,1
1762197780,96.4,96.4,96.4,96.4,25
1762198080,96.4,96.4,96.4,96.4,1
1762198140,96.4,96.4,96.4,96.4,1
1762198800,96.4,96.4,96.4,96.4,1
1762199160,96.4,96.4,96.4,96.4,1
1762199220,96.4,96.4,96.4,96.4,1
1762199700,96.4,96.4,96.4,96.4,22
1762200180,96.4,96.4,96.4,96.4,1
1762200240,96.4,96.4,96.4,96.4,1
1762200300,96.4,96.4,96.4,96.4,1
1762200960,96.4,96.4,96.4,96.4,2
1762201980,96.4,96.4,96.4,96.4,1
1762202040,96.4,96.4,96.4,96.4,1
1762202100,96.4,96.4,96.4,96.4,1
1762202520,96.405,96.405,96.405,96.405,63
1762202640,96.41,96.41,96.41,96.41,2
1762203360,96.405,96.405,96.405,96.405,10
1762205400,96.405,96.405,96.405,96.405,16
1762206780,96.405,96.405,96.405,96.405,1026
1762206840,96.405,96.405,96.405,96.405,7
1762212540,96.405,96.405,96.405,96.405,44
1762213260,96.405,96.405,96.405,96.405,9
1762213560,96.405,96.405,96.405,96.405,11
1762220940,96.405,96.405,96.405,96.405,100
1762223700,96.405,96.405,96.405,96.405,2
1762228500,96.405,96.405,96.405,96.405,16
1762232820,96.405,96.405,96.405,96.405,1
1762233300,96.405,96.405,96.405,96.405,1
1762235700,96.41,96.41,96.41,96.41,4
1762236180,96.41,96.41,96.41,96.41,21
1762236240,96.41,96.41,96.41,96.41,21
1762237920,96.41,96.41,96.41,96.41,24
1762238880,96.41,96.41,96.41,96.41,62
1762239120,96.41,96.41,96.41,96.41,29
1762240560,96.415,96.415,96.415,96.415,33
1762242060,96.415,96.415,96.415,96.415,182
1762243620,96.415,96.415,96.415,96.415,42
1762244280,96.42,96.42,96.42,96.42,19
1762244580,96.42,96.42,96.42,96.42,150
1762244880,96.42,96.42,96.42,96.42,4
1762245000,96.42,96.42,96.42,96.42,200
1762247820,96.42,96.42,96.42,96.42,28
1762248180,96.42,96.42,96.42,96.42,27
1762248780,96.425,96.425,96.425,96.425,3
1762249440,96.425,96.425,96.425,96.425,7
1762249860,96.425,96.425,96.425,96.425,17
1762250100,96.425,96.425,96.425,96.425,19
1762250340,96.425,96.425,96.425,96.425,36
1762251240,96.43,96.43,96.43,96.43,1
1762252380,96.425,96.425,96.425,96.425,2
1762253220,96.425,96.425,96.425,96.425,53
1762253880,96.425,96.425,96.425,96.425,27
1762255860,96.425,96.425,96.425,96.425,19
1762255920,96.425,96.425,96.425,96.425,12
1762256340,96.425,96.425,96.425,96.425,12
1762257900,96.425,96.425,96.425,96.425,122
1762258080,96.425,96.425,96.425,96.425,19
1762258260,96.425,96.425,96.425,96.425,19
1762259880,96.425,96.425,96.425,96.425,5
1762262580,96.42,96.42,96.42,96.42,322
1762262700,96.42,96.42,96.42,96.42,26
1762262820,96.42,96.42,96.42,96.42,15
1762263060,96.42,96.425,96.42,96.425,27
1762263180,96.425,96.425,96.425,96.425,93
1762263480,96.425,96.425,96.425,96.425,1
1762263960,96.425,96.425,96.425,96.425,1
1762264020,96.425,96.425,96.425,96.425,45
1762264140,96.425,96.425,96.425,96.425,13
1762264380,96.425,96.425,96.425,96.425,4
1762265160,96.425,96.425,96.425,96.425,25
1762265340,96.425,96.425,96.425,96.425,1
1762266840,96.425,96.425,96.425,96.425,1
1762266900,96.425,96.425,96.425,96.425,365
1762267140,96.425,96.425,96.425,96.425,59
1762267200,96.425,96.425,96.425,96.425,19
1762267560,96.425,96.425,96.425,96.425,1
1762268400,96.425,96.425,96.425,96.425,1
1762268520,96.42,96.42,96.42,96.42,9
1762269060,96.425,96.425,96.425,96.425,2
1762269120,96.425,96.425,96.425,96.425,24
1762269660,96.425,96.425,96.425,96.425,484
1762269840,96.425,96.425,96.425,96.425,138
1762269900,96.425,96.425,96.425,96.425,36
1762269960,96.425,96.425,96.425,96.425,3
1762270140,96.425,96.425,96.425,96.425,6
1762270200,96.425,96.425,96.425,96.425,13
1762270320,96.425,96.425,96.425,96.425,8
1762274460,96.425,96.425,96.425,96.425,4
1762274580,96.425,96.425,96.425,96.425,315
1762274640,96.425,96.425,96.425,96.425,36
1762276560,96.425,96.425,96.425,96.425,1
1762276740,96.425,96.425,96.425,96.425,26
1762277220,96.425,96.425,96.425,96.425,1
1762278660,96.425,96.425,96.425,96.425,100
1762279380,96.42,96.42,96.42,96.42,8
1762280520,96.425,96.425,96.425,96.425,1495
1762281600,96.425,96.425,96.425,96.425,2
1762281900,96.425,96.425,96.425,96.425,7
1762282080,96.425,96.425,96.425,96.425,174
1762285380,96.425,96.425,96.425,96.425,44
1762285800,96.425,96.425,96.425,96.425,3
1762285860,96.425,96.425,96.425,96.425,51
1762287960,96.425,96.425,96.425,96.425,63
1762288200,96.425,96.425,96.425,96.425,2
1762290480,96.425,96.425,96.425,96.425,304
1762291560,96.425,96.425,96.425,96.425,17
1762291740,96.425,96.425,96.425,96.425,18
1762292220,96.425,96.425,96.425,96.425,262
1762292460,96.425,96.425,96.425,96.425,1
1762292880,96.425,96.425,96.425,96.425,81
1762297200,96.425,96.425,96.425,96.425,4
1762299660,96.425,96.425,96.425,96.425,1
1762301100,96.425,96.425,96.425,96.425,46
1762301340,96.425,96.425,96.425,96.425,20
1762302480,96.43,96.43,96.43,96.43,24
1762302540,96.43,96.43,96.43,96.43,12
1762304220,96.435,96.435,96.435,96.435,9
1762305060,96.44,96.44,96.44,96.44,8
1762306680,96.445,96.445,96.445,96.445,72
1762306920,96.445,96.445,96.445,96.445,39
1762309200,96.44,96.44,96.44,96.44,31
1762310220,96.44,96.44,96.44,96.44,14
1762311780,96.44,96.44,96.44,96.44,15
1762312320,96.44,96.44,96.44,96.44,8
1762315800,96.44,96.44,96.44,96.44,25
1762321680,96.44,96.44,96.44,96.44,59
1762326000,96.44,96.44,96.44,96.44,103
1762326660,96.44,96.44,96.44,96.44,14
1762326720,96.44,96.44,96.44,96.44,8
1762327140,96.44,96.44,96.44,96.44,5
1762328460,96.44,96.44,96.44,96.44,18
1762328640,96.44,96.44,96.44,96.44,2
1762329060,96.44,96.44,96.44,96.44,19
1762332300,96.435,96.435,96.435,96.435,207
1762332360,96.435,96.435,96.435,96.435,10
1762332600,96.435,96.435,96.435,96.435,10
1762332900,96.435,96.435,96.435,96.435,1
1762333680,96.435,96.435,96.435,96.435,31
1762334220,96.435,96.435,96.435,96.435,13
1762334760,96.435,96.435,96.435,96.435,1
1762335180,96.435,96.435,96.435,96.435,3
1762335300,96.435,96.435,96.435,96.435,2
1762336320,96.435,96.435,96.435,96.435,2
1762337280,96.43,96.43,96.43,96.43,100
1762340100,96.43,96.43,96.43,96.43,65
1762340940,96.43,96.43,96.43,96.43,71
1762341240,96.43,96.43,96.43,96.43,20
1762344360,96.435,96.435,96.435,96.435,27
1762344660,96.43,96.43,96.43,96.43,312
1762344720,96.43,96.43,96.43,96.43,310
1762344840,96.43,96.43,96.43,96.43,10
1762344900,96.43,96.43,96.43,96.43,15
1762346460,96.425,96.425,96.425,96.425,9
1762346880,96.43,96.43,96.43,96.43,67
1762347120,96.43,96.43,96.43,96.43,60
1762347480,96.43,96.43,96.43,96.43,18
1762347840,96.425,96.425,96.425,96.425,1
1762347960,96.43,96.43,96.43,96.43,250
1762348020,96.43,96.43,96.43,96.43,43
1762348260,96.43,96.43,96.43,96.43,150
1762348440,96.425,96.425,96.425,96.425,141
1762348500,96.42,96.425,96.42,96.42,26
1762348560,96.42,96.42,96.42,96.42,4
1762348620,96.42,96.42,96.42,96.42,50
1762348680,96.42,96.42,96.42,96.42,3
1762348740,96.42,96.42,96.42,96.42,45
1762348920,96.425,96.425,96.425,96.425,5
1762349400,96.425,96.425,96.42,96.42,13
1762349580,96.42,96.42,96.42,96.42,56
1762349640,96.42,96.42,96.42,96.42,30
1762349700,96.42,96.42,96.42,96.42,59
1762350060,96.42,96.42,96.42,96.42,16
1762350840,96.42,96.42,96.42,96.42,6
1762351320,96.42,96.42,96.415,96.415,2901
1762351380,96.415,96.415,96.415,96.415,1
1762351440,96.415,96.415,96.415,96.415,50
1762351500,96.415,96.415,96.415,96.415,45
1762351680,96.415,96.415,96.415,96.415,613
1762351740,96.42,96.42,96.42,96.42,90
1762351800,96.42,96.42,96.42,96.42,94
1762351860,96.42,96.42,96.42,96.42,37
1762351920,96.42,96.42,96.42,96.42,20
1762351980,96.42,96.42,96.42,96.42,50
1762352100,96.42,96.42,96.42,96.42,12
1762352160,96.42,96.42,96.42,96.42,33
1762352220,96.42,96.42,96.42,96.42,248
1762352280,96.42,96.42,96.42,96.42,96
1762352340,96.42,96.42,96.42,96.42,65
1762352520,96.42,96.42,96.42,96.42,3
1762352700,96.42,96.42,96.42,96.42,18
1762352820,96.42,96.42,96.42,96.42,50
1762352940,96.42,96.42,96.42,96.42,66
1762353000,96.42,96.42,96.42,96.42,17
1762353120,96.42,96.42,96.42,96.42,13
1762353540,96.42,96.42,96.42,96.42,2
1762354020,96.42,96.42,96.42,96.42,127
1762354080,96.42,96.42,96.42,96.42,2
1762354140,96.42,96.42,96.42,96.42,109
1762354200,96.42,96.42,96.42,96.42,1
1762354500,96.42,96.42,96.42,96.42,19
1762354680,96.42,96.42,96.42,96.42,26
1762354740,96.425,96.425,96.425,96.425,1
1762354800,96.415,96.415,96.395,96.395,256
1762354860,96.4,96.4,96.4,96.4,5
1762354980,96.395,96.395,96.395,96.395,68
1762355040,96.395,96.4,96.395,96.4,213
1762355100,96.4,96.4,96.395,96.395,89
1762355160,96.395,96.395,96.395,96.395,19
1762355280,96.39,96.39,96.39,96.39,157
1762355340,96.395,96.395,96.395,96.395,24
1762355400,96.395,96.395,96.395,96.395,269
1762355520,96.4,96.4,96.4,96.4,15
1762355580,96.4,96.4,96.4,96.4,1
1762355700,96.4,96.4,96.4,96.4,204
1762355880,96.4,96.4,96.4,96.4,24
1762356000,96.4,96.4,96.4,96.4,1
1762356060,96.4,96.4,96.4,96.4,37
1762356120,96.4,96.4,96.4,96.4,25
1762356240,96.4,96.4,96.4,96.4,30
1762356780,96.395,96.395,96.395,96.395,211
1762356900,96.395,96.395,96.395,96.395,76
1762357080,96.395,96.395,96.395,96.395,10
1762357560,96.39,96.39,96.39,96.39,138
1762357920,96.395,96.395,96.395,96.395,10
1762358340,96.39,96.39,96.39,96.39,499
1762358460,96.39,96.39,96.39,96.39,48
1762358580,96.39,96.39,96.39,96.39,764
1762358700,96.385,96.385,96.385,96.385,102
1762358760,96.38,96.38,96.38,96.38,120
1762358820,96.38,96.385,96.38,96.385,5
1762358880,96.385,96.385,96.385,96.385,9
1762359060,96.385,96.385,96.385,96.385,54
1762359120,96.385,96.385,96.385,96.385,18
1762359180,96.385,96.385,96.385,96.385,21
1762359300,96.39,96.39,96.39,96.39,1
1762359420,96.39,96.39,96.39,96.39,1
1762359480,96.39,96.395,96.39,96.395,337
1762359540,96.395,96.395,96.395,96.395,18
1762360200,96.395,96.395,96.395,96.395,3
1762360320,96.39,96.39,96.39,96.39,126
1762360560,96.39,96.39,96.39,96.39,54
1762360800,96.39,96.39,96.39,96.39,74
1762360920,96.39,96.39,96.39,96.39,8
1762361280,96.39,96.39,96.39,96.39,2
1762361340,96.39,96.39,96.39,96.39,4
1762361400,96.39,96.39,96.39,96.39,3
1762361700,96.395,96.395,96.395,96.395,145
1762362120,96.395,96.395,96.395,96.395,17
1762363560,96.39,96.39,96.39,96.39,33
1762363800,96.395,96.395,96.395,96.395,2
1762364880,96.39,96.39,96.39,96.39,2
1762365060,96.395,96.395,96.395,96.395,5
1762365780,96.395,96.395,96.395,96.395,14
1762365840,96.395,96.395,96.395,96.395,21
1762366500,96.395,96.395,96.395,96.395,1
1762367280,96.39,96.39,96.39,96.39,100
1762367340,96.39,96.39,96.39,96.39,3
1762369080,96.39,96.395,96.39,96.395,125
1762369140,96.395,96.395,96.395,96.395,25
1762369200,96.39,96.395,96.39,96.395,181
1762369260,96.395,96.395,96.395,96.395,531
1762369320,96.395,96.395,96.395,96.395,16
1762370040,96.39,96.39,96.39,96.39,637
1762370160,96.39,96.39,96.39,96.39,31
1762370760,96.39,96.39,96.39,96.39,22
1762370820,96.39,96.39,96.39,96.39,9
1762370940,96.39,96.39,96.39,96.39,8
1762371120,96.39,96.39,96.39,96.39,12
1762371360,96.39,96.39,96.39,96.39,2
1762371420,96.39,96.39,96.39,96.39,1
1762371900,96.39,96.39,96.39,96.39,331
1762371960,96.39,96.39,96.39,96.39,50
1762372740,96.39,96.39,96.39,96.39,36
1762374000,96.39,96.39,96.39,96.39,1
1762374360,96.39,96.39,96.385,96.385,836
1762375380,96.39,96.39,96.39,96.39,25
1762376880,96.39,96.39,96.39,96.39,2
1762377480,96.39,96.39,96.39,96.39,3
1762377600,96.385,96.385,96.385,96.385,1
1762377900,96.39,96.39,96.39,96.39,44
1762378620,96.39,96.39,96.39,96.39,93
1762378740,96.39,96.39,96.39,96.39,69
1762378800,96.39,96.39,96.39,96.39,8
1762384500,96.39,96.39,96.39,96.39,1
1762385340,96.39,96.39,96.39,96.39,1
1762385460,96.39,96.39,96.39,96.39,24
1762390800,96.395,96.395,96.395,96.395,81
1762390860,96.395,96.395,96.395,96.395,193
1762392600,96.395,96.395,96.395,96.395,15
1762404420,96.39,96.39,96.39,96.39,11
1762406100,96.39,96.39,96.39,96.39,46
1762412160,96.39,96.39,96.39,96.39,9
1762413120,96.39,96.39,96.39,96.39,15
1762415280,96.385,96.385,96.385,96.385,18
1762415580,96.385,96.385,96.385,96.385,20
1762416180,96.39,96.39,96.39,96.39,18
1762416300,96.39,96.39,96.39,96.39,19
1762417620,96.39,96.39,96.39,96.39,7
1762418220,96.39,96.39,96.39,96.39,36
1762418400,96.395,96.395,96.395,96.395,176
1762418820,96.4,96.4,96.4,96.4,7
1762419060,96.4,96.4,96.4,96.4,465
1762419180,96.405,96.405,96.405,96.405,10
1762419240,96.41,96.41,96.41,96.41,15
1762419300,96.41,96.41,96.41,96.41,36
1762419360,96.415,96.42,96.415,96.42,92
1762419480,96.415,96.415,96.415,96.415,211
1762419540,96.415,96.415,96.415,96.415,238
1762419600,96.415,96.415,96.415,96.415,101
1762419660,96.415,96.415,96.415,96.415,19
1762420020,96.415,96.415,96.415,96.415,20
1762420080,96.415,96.415,96.415,96.415,30
1762420320,96.41,96.41,96.41,96.41,1
1762420380,96.41,96.41,96.41,96.41,3
1762420800,96.41,96.41,96.41,96.41,10
1762422720,96.41,96.41,96.41,96.41,8
1762427040,96.415,96.415,96.415,96.415,1152
1762427100,96.415,96.415,96.415,96.415,441
1762427580,96.415,96.415,96.415,96.415,149
1762428180,96.41,96.41,96.41,96.41,162
1762428780,96.41,96.41,96.41,96.41,158
1762430100,96.41,96.41,96.41,96.41,1
1762430340,96.415,96.415,96.41,96.41,8
1762430400,96.41,96.41,96.41,96.41,29
1762430640,96.41,96.41,96.41,96.41,156
1762430940,96.415,96.415,96.415,96.415,1152
1762431540,96.41,96.41,96.41,96.41,288
1762431780,96.405,96.405,96.405,96.405,37
1762432020,96.405,96.405,96.405,96.405,12
1762432080,96.405,96.405,96.405,96.405,137
1762432200,96.405,96.405,96.405,96.405,2
1762432260,96.405,96.405,96.405,96.405,10
1762433400,96.41,96.41,96.41,96.41,42
1762433880,96.41,96.41,96.41,96.41,2
1762433940,96.41,96.41,96.41,96.41,15
1762434180,96.41,96.41,96.41,96.41,147
1762434480,96.41,96.41,96.41,96.41,26
1762434780,96.41,96.41,96.41,96.41,8
1762435020,96.41,96.41,96.41,96.41,20
1762435200,96.41,96.41,96.41,96.41,59
1762435380,96.41,96.41,96.41,96.41,16
1762435440,96.41,96.41,96.41,96.41,15
1762435620,96.41,96.41,96.41,96.41,29
1762435860,96.415,96.415,96.415,96.415,190
1762435920,96.42,96.42,96.42,96.42,8
1762435980,96.42,96.42,96.42,96.42,15
1762436040,96.42,96.42,96.42,96.42,118
1762436100,96.42,96.42,96.42,96.42,4
1762436160,96.425,96.425,96.425,96.425,250
1762436220,96.425,96.425,96.425,96.425,185
1762436280,96.425,96.425,96.42,96.42,31
1762436340,96.425,96.425,96.425,96.425,74
1762436460,96.42,96.42,96.42,96.42,17
1762436880,96.42,96.42,96.42,96.42,43
1762436940,96.42,96.42,96.42,96.42,25
1762437000,96.42,96.42,96.42,96.42,13
1762437180,96.42,96.42,96.42,96.42,30
1762437240,96.42,96.42,96.42,96.42,26
1762437300,96.42,96.42,96.42,96.42,24
1762437360,96.42,96.42,96.42,96.42,1
1762437540,96.42,96.42,96.42,96.42,14
1762437600,96.425,96.425,96.425,96.425,30
1762437780,96.42,96.42,96.42,96.42,80
1762437840,96.42,96.42,96.42,96.42,63
1762437900,96.42,96.42,96.42,96.42,78
1762438200,96.425,96.425,96.425,96.425,1082
1762438620,96.425,96.425,96.425,96.425,10
1762438680,96.425,96.425,96.425,96.425,1
1762438740,96.425,96.425,96.425,96.425,25
1762438800,96.425,96.425,96.425,96.425,15
1762439220,96.425,96.425,96.425,96.425,124
1762439280,96.425,96.425,96.425,96.425,3
1762440060,96.425,96.425,96.425,96.425,20
1762440120,96.425,96.425,96.425,96.425,1
1762440360,96.425,96.425,96.425,96.425,30
1762440540,96.425,96.425,96.425,96.425,285
1762440600,96.425,96.425,96.425,96.425,18
1762440960,96.425,96.425,96.425,96.425,104
1762441020,96.425,96.425,96.425,96.425,7
1762441680,96.425,96.425,96.425,96.425,1
1762441740,96.43,96.43,96.43,96.43,50
1762442100,96.425,96.425,96.425,96.425,1
1762442160,96.425,96.425,96.425,96.425,41
1762442220,96.425,96.425,96.425,96.425,313
1762442280,96.425,96.425,96.425,96.425,18
1762442400,96.425,96.425,96.425,96.425,163
1762442460,96.425,96.425,96.425,96.425,22
1762442880,96.42,96.42,96.42,96.42,1
1762443180,96.425,96.425,96.425,96.425,75
1762443300,96.425,96.425,96.425,96.425,22
1762443360,96.425,96.425,96.425,96.425,7
1762443420,96.425,96.425,96.425,96.425,26
1762443660,96.43,96.43,96.43,96.43,110
1762443720,96.43,96.43,96.43,96.43,75
1762443780,96.43,96.43,96.43,96.43,14
1762443840,96.43,96.43,96.43,96.43,2
1762443900,96.43,96.43,96.43,96.43,42
1762443960,96.43,96.43,96.43,96.43,1
1762444080,96.43,96.43,96.43,96.43,71
1762444320,96.43,96.43,96.43,96.43,1
1762444440,96.43,96.43,96.43,96.43,42
1762444560,96.43,96.43,96.43,96.43,45
1762444620,96.43,96.43,96.43,96.43,27
1762445520,96.43,96.43,96.43,96.43,52
1762445580,96.43,96.43,96.43,96.43,10
1762445700,96.43,96.43,96.43,96.43,21
1762445760,96.43,96.43,96.43,96.43,7
1762445820,96.43,96.43,96.43,96.43,24
1762445880,96.43,96.43,96.43,96.43,59
1762445940,96.435,96.435,96.435,96.435,50
1762446000,96.43,96.43,96.43,96.43,10
1762446300,96.435,96.435,96.435,96.435,172
1762446360,96.435,96.435,96.435,96.435,85
1762446900,96.435,96.435,96.435,96.435,131
1762446960,96.435,96.435,96.435,96.435,67
1762447020,96.435,96.435,96.435,96.435,163
1762447140,96.44,96.44,96.44,96.44,27
1762447260,96.44,96.44,96.44,96.44,1
1762447320,96.44,96.44,96.44,96.44,36
1762447380,96.445,96.445,96.445,96.445,26
1762447440,96.445,96.445,96.445,96.445,11
1762447860,96.445,96.445,96.445,96.445,157
1762447920,96.445,96.45,96.445,96.45,72
1762447980,96.445,96.445,96.445,96.445,10
1762448100,96.44,96.44,96.44,96.44,89
1762448160,96.44,96.44,96.44,96.44,7
1762448280,96.44,96.44,96.44,96.44,9
1762448400,96.44,96.44,96.44,96.44,175
1762448460,96.435,96.44,96.435,96.44,112
1762448520,96.44,96.44,96.44,96.44,13
1762448580,96.44,96.44,96.44,96.44,38
1762448700,96.44,96.44,96.44,96.44,1
1762448760,96.44,96.44,96.44,96.44,1
1762448940,96.44,96.44,96.44,96.44,32
1762449120,96.44,96.44,96.44,96.44,188
1762449180,96.44,96.44,96.44,96.44,41
1762449900,96.44,96.44,96.44,96.44,6
1762449960,96.44,96.445,96.44,96.445,112
1762450080,96.44,96.44,96.44,96.44,325
1762450380,96.435,96.435,96.435,96.435,2
1762450440,96.435,96.435,96.435,96.435,1
1762450500,96.435,96.435,96.435,96.435,3
1762451040,96.435,96.435,96.435,96.435,60
1762451100,96.435,96.435,96.435,96.435,25
1762451160,96.435,96.435,96.435,96.435,16
1762452240,96.435,96.435,96.435,96.435,35
1762453380,96.435,96.435,96.435,96.435,1
1762453440,96.435,96.435,96.435,96.435,1
1762454280,96.435,96.435,96.435,96.435,52
1762454340,96.435,96.435,96.435,96.435,2
1762455660,96.435,96.435,96.435,96.435,18
1762455840,96.435,96.435,96.435,96.435,11
1762456320,96.43,96.43,96.43,96.43,1
1762456380,96.43,96.43,96.43,96.43,1
1762458060,96.435,96.435,96.435,96.435,5
1762459200,96.43,96.43,96.43,96.43,1
1762459260,96.43,96.43,96.43,96.43,3
1762460940,96.43,96.43,96.43,96.43,13
1762461000,96.435,96.435,96.435,96.435,13
1762461060,96.435,96.435,96.435,96.435,5
1762461120,96.435,96.435,96.435,96.435,4
1762461960,96.435,96.435,96.435,96.435,139
1762462020,96.435,96.435,96.435,96.435,784
1762463400,96.44,96.44,96.44,96.44,3
1762464240,96.44,96.44,96.44,96.44,8
1762464540,96.44,96.44,96.44,96.44,47
1762465080,96.44,96.44,96.44,96.44,3
1762465320,96.44,96.44,96.44,96.44,50
1762471560,96.445,96.445,96.445,96.445,14
1762472520,96.445,96.445,96.445,96.445,35
1762473960,96.44,96.44,96.44,96.44,48
1762475700,96.435,96.435,96.435,96.435,1
1762480200,96.435,96.435,96.435,96.435,2
1762486560,96.435,96.435,96.435,96.435,120
1762486980,96.435,96.435,96.435,96.435,80
1762488120,96.435,96.435,96.435,96.435,62
1762489260,96.43,96.43,96.43,96.43,1182
1762491360,96.43,96.43,96.43,96.43,19
1762492020,96.425,96.425,96.425,96.425,15
1762492080,96.425,96.425,96.425,96.425,23
1762501320,96.425,96.425,96.425,96.425,36
1762501560,96.425,96.425,96.425,96.425,69
1762501980,96.425,96.425,96.425,96.425,46
1762503780,96.425,96.425,96.42,96.42,156
1762505160,96.42,96.42,96.42,96.42,13
1762507680,96.42,96.42,96.42,96.42,86
1762508160,96.42,96.42,96.42,96.42,9
1762508700,96.42,96.42,96.42,96.42,2
1762509120,96.42,96.42,96.42,96.42,16
1762510500,96.42,96.42,96.42,96.42,1
1762511220,96.42,96.42,96.42,96.42,47
1762511820,96.42,96.42,96.42,96.42,16
1762511880,96.42,96.42,96.42,96.42,1
1762514100,96.425,96.43,96.425,96.43,150
1762514160,96.43,96.43,96.43,96.43,141
1762514220,96.43,96.43,96.43,96.43,55
1762514280,96.43,96.43,96.43,96.43,21
1762514460,96.43,96.43,96.43,96.43,14
1762514760,96.435,96.435,96.435,96.435,1138
1762514880,96.435,96.435,96.435,96.435,887
1762514940,96.435,96.435,96.435,96.435,1
1762515000,96.435,96.435,96.435,96.435,42
1762515120,96.44,96.44,96.44,96.44,34
1762515240,96.44,96.44,96.44,96.44,3
1762515480,96.44,96.44,96.44,96.44,46
1762515540,96.44,96.44,96.44,96.44,3
1762515600,96.44,96.44,96.44,96.44,22
1762515900,96.44,96.44,96.44,96.44,21
1762515960,96.44,96.44,96.44,96.44,44
1762516140,96.44,96.44,96.44,96.44,29
1762516380,96.44,96.44,96.44,96.44,21
1762516680,96.44,96.44,96.44,96.44,21
1762516800,96.435,96.435,96.43,96.43,349
1762518000,96.43,96.43,96.43,96.43,181
1762518060,96.43,96.43,96.43,96.43,238
1762518180,96.43,96.43,96.43,96.43,102
1762518240,96.43,96.43,96.43,96.43,25
1762518360,96.43,96.43,96.43,96.43,15
1762518840,96.43,96.43,96.43,96.43,31
1762519380,96.435,96.435,96.435,96.435,3
1762519680,96.44,96.44,96.44,96.44,102
1762519920,96.44,96.44,96.44,96.44,21
1762519980,96.44,96.44,96.44,96.44,100
1762520520,96.445,96.445,96.445,96.445,67
1762520580,96.445,96.445,96.445,96.445,19
1762520700,96.445,96.445,96.445,96.445,22
1762520880,96.445,96.445,96.445,96.445,15
1762520940,96.445,96.445,96.445,96.445,3
1762521060,96.445,96.445,96.445,96.445,60
1762521540,96.445,96.445,96.445,96.445,7
1762521660,96.45,96.45,96.445,96.445,210
1762521720,96.445,96.445,96.445,96.445,54
1762521780,96.445,96.445,96.445,96.445,6
1762521840,96.445,96.445,96.445,96.445,3
1762522200,96.445,96.445,96.44,96.445,152
1762522260,96.445,96.445,96.445,96.445,49
1762522380,96.44,96.44,96.44,96.44,125
1762522500,96.44,96.44,96.44,96.44,15
1762522980,96.44,96.44,96.44,96.44,30
1762523640,96.435,96.435,96.435,96.435,81
1762523700,96.435,96.435,96.435,96.435,1
1762523880,96.435,96.435,96.435,96.435,22
1762524060,96.435,96.435,96.435,96.435,23
1762524120,96.435,96.435,96.435,96.435,17
1762524360,96.435,96.435,96.435,96.435,62
1762524900,96.43,96.43,96.43,96.43,64
1762524960,96.43,96.43,96.43,96.43,27
1762525080,96.43,96.43,96.43,96.43,29
1762525140,96.43,96.43,96.43,96.43,22
1762525680,96.43,96.43,96.43,96.43,277
1762525740,96.43,96.43,96.43,96.43,64
1762525860,96.435,96.435,96.435,96.435,19
1762525920,96.435,96.435,96.435,96.435,145
1762526160,96.44,96.44,96.44,96.44,199
1762526280,96.44,96.44,96.44,96.44,2
1762526340,96.445,96.445,96.445,96.445,226
1762526400,96.445,96.445,96.445,96.445,2
1762526460,96.445,96.445,96.445,96.445,3
1762526580,96.44,96.44,96.44,96.44,36
1762526700,96.44,96.44,96.44,96.44,2
1762526820,96.44,96.44,96.44,96.44,1
1762526880,96.44,96.44,96.44,96.44,25
1762527060,96.44,96.44,96.44,96.44,25
1762527120,96.44,96.44,96.44,96.44,8
1762527180,96.44,96.44,96.44,96.44,24
1762527240,96.44,96.44,96.44,96.44,12
1762527300,96.44,96.44,96.44,96.44,5
1762527420,96.44,96.44,96.44,96.44,19
1762527480,96.44,96.44,96.44,96.44,27
1762527540,96.44,96.44,96.44,96.44,100
1762527600,96.44,96.44,96.44,96.44,12
1762527720,96.445,96.445,96.445,96.445,21
1762527780,96.445,96.445,96.445,96.445,108
1762527840,96.445,96.445,96.445,96.445,14
1762527900,96.445,96.445,96.445,96.445,3
1762527960,96.445,96.445,96.445,96.445,3
1762528020,96.45,96.45,96.45,96.45,1
1762528080,96.45,96.45,96.45,96.45,174
1762528140,96.45,96.45,96.45,96.45,22
1762528260,96.445,96.445,96.445,96.445,1
1762528740,96.45,96.45,96.45,96.45,596
1762528980,96.45,96.455,96.45,96.455,515
1762529100,96.455,96.455,96.455,96.455,229
1762529580,96.455,96.455,96.455,96.455,16
1762529760,96.455,96.455,96.455,96.455,27
1762529820,96.455,96.455,96.455,96.455,9
1762530000,96.455,96.455,96.455,96.455,2
1762530480,96.46,96.46,96.46,96.46,180
1762530540,96.46,96.46,96.46,96.46,214
1762530600,96.46,96.46,96.46,96.46,329
1762531380,96.46,96.46,96.46,96.46,79
1762531440,96.46,96.46,96.46,96.46,50
1762531620,96.46,96.46,96.46,96.46,2
1762531920,96.465,96.465,96.465,96.465,39
1762532220,96.465,96.465,96.46,96.46,280
1762532280,96.46,96.46,96.46,96.46,40
1762532340,96.46,96.46,96.455,96.455,317
1762532460,96.455,96.455,96.455,96.455,27
1762532520,96.455,96.455,96.455,96.455,26
1762532580,96.455,96.455,96.455,96.455,33
1762532640,96.455,96.455,96.455,96.455,25
1762533180,96.455,96.455,96.455,96.455,1
1762533660,96.46,96.46,96.46,96.46,36
1762533720,96.46,96.46,96.46,96.46,84
1762534320,96.455,96.455,96.455,96.455,13
1762534380,96.455,96.455,96.455,96.455,55
1762534860,96.455,96.455,96.455,96.455,1
1762535580,96.455,96.455,96.455,96.455,1
1762535700,96.455,96.455,96.455,96.455,5
1762535760,96.455,96.455,96.455,96.455,132
1762536180,96.455,96.455,96.455,96.455,57
1762536360,96.455,96.455,96.455,96.455,30
1762536540,96.455,96.455,96.455,96.455,17
1762537080,96.455,96.455,96.455,96.455,14
1762537140,96.455,96.455,96.455,96.455,14
1762538400,96.455,96.455,96.455,96.455,809
1762538880,96.455,96.455,96.455,96.455,14
1762540320,96.455,96.455,96.455,96.455,1
1762540620,96.455,96.455,96.455,96.455,14
1762540980,96.455,96.455,96.455,96.455,1
1762542480,96.455,96.455,96.455,96.455,64
1762543560,96.455,96.455,96.455,96.455,197
1762544040,96.45,96.45,96.45,96.45,78
1762544400,96.445,96.445,96.445,96.445,8
1762544520,96.445,96.445,96.445,96.445,33
1762544700,96.445,96.445,96.445,96.445,31
1762544820,96.445,96.445,96.445,96.445,25
1762545540,96.44,96.44,96.44,96.44,14
1762545780,96.44,96.44,96.44,96.44,77
1762545840,96.44,96.44,96.44,96.44,24
1762547160,96.44,96.44,96.44,96.44,10
1762547640,96.44,96.44,96.44,96.44,5
1762548060,96.44,96.44,96.44,96.44,128
1762548240,96.44,96.44,96.44,96.44,299
1762548300,96.44,96.44,96.44,96.44,218
1762548660,96.44,96.44,96.44,96.44,20
1762548720,96.44,96.44,96.44,96.44,1
1762551060,96.435,96.435,96.435,96.435,6
1762551180,96.435,96.435,96.435,96.435,1
1762552200,96.435,96.435,96.435,96.435,32
1762729200,96.43,96.43,96.42,96.42,2359
1762729260,96.42,96.42,96.42,96.42,150
1762729380,96.42,96.42,96.42,96.42,7
1762729440,96.42,96.42,96.42,96.42,1
1762729500,96.42,96.42,96.42,96.42,49
1762729680,96.42,96.42,96.42,96.42,15
1762729860,96.42,96.42,96.42,96.42,3
1762730100,96.42,96.42,96.42,96.42,17
1762732260,96.42,96.42,96.42,96.42,10
1762732440,96.42,96.42,96.42,96.42,48
1762732740,96.42,96.42,96.42,96.42,11
1762733340,96.42,96.42,96.42,96.42,6
1762733640,96.42,96.42,96.42,96.42,13
1762733700,96.42,96.42,96.42,96.42,13
1762736460,96.42,96.42,96.42,96.42,45
1762736520,96.42,96.42,96.42,96.42,17
1762739220,96.42,96.42,96.42,96.42,2
1762741080,96.42,96.42,96.42,96.42,1
1762741620,96.42,96.42,96.42,96.42,1
1762743180,96.42,96.42,96.42,96.42,34
1762744740,96.42,96.42,96.42,96.42,23
1762752360,96.42,96.42,96.42,96.42,5
1762760400,96.42,96.42,96.42,96.42,5
1762761240,96.42,96.42,96.42,96.42,1
1762761300,96.42,96.42,96.42,96.42,74
1762761780,96.42,96.42,96.42,96.42,3
1762761840,96.42,96.42,96.42,96.42,35
1762762200,96.425,96.425,96.425,96.425,54
1762762440,96.425,96.425,96.425,96.425,100
1762762800,96.42,96.42,96.42,96.42,100
1762763100,96.42,96.42,96.42,96.42,28
1762766880,96.425,96.425,96.425,96.425,15
1762766940,96.425,96.425,96.425,96.425,8
1762767060,96.425,96.425,96.425,96.425,68
1762767120,96.425,96.425,96.425,96.425,2
1762767360,96.425,96.425,96.425,96.425,40
1762767780,96.425,96.425,96.425,96.425,3
1762768200,96.425,96.425,96.425,96.425,28
1762768620,96.425,96.425,96.425,96.425,18
1762768680,96.425,96.425,96.425,96.425,18
1762769160,96.425,96.425,96.425,96.425,185
1762769580,96.425,96.425,96.425,96.425,18
1762769760,96.425,96.425,96.425,96.425,36
1762770600,96.425,96.425,96.425,96.425,18
1762771440,96.425,96.425,96.425,96.425,22
1762771620,96.425,96.425,96.425,96.425,26
1762771920,96.425,96.425,96.425,96.425,22
1762772220,96.425,96.425,96.425,96.425,2
1762772460,96.425,96.425,96.425,96.425,26
1762772640,96.425,96.425,96.425,96.425,22
1762772700,96.425,96.425,96.425,96.425,1
1762774740,96.425,96.425,96.425,96.425,22
1762775280,96.425,96.425,96.425,96.425,10
1762776540,96.425,96.425,96.425,96.425,9
1762778280,96.425,96.425,96.425,96.425,1
1762778400,96.425,96.425,96.425,96.425,26
1762779900,96.425,96.425,96.425,96.425,102
1762780200,96.42,96.42,96.42,96.42,76
1762780320,96.425,96.425,96.425,96.425,1
1762781640,96.425,96.425,96.425,96.425,25
1762781760,96.43,96.43,96.43,96.43,18
1762781880,96.43,96.43,96.43,96.43,40
1762781940,96.43,96.43,96.43,96.43,573
1762782120,96.43,96.43,96.43,96.43,1
1762782180,96.43,96.43,96.43,96.43,4
1762782360,96.43,96.43,96.43,96.43,10
1762785780,96.435,96.435,96.435,96.435,200
1762786380,96.43,96.43,96.43,96.43,339
1762786440,96.425,96.425,96.42,96.42,1288
1762786500,96.42,96.42,96.42,96.42,83
1762786680,96.425,96.425,96.425,96.425,83
1762786740,96.425,96.425,96.425,96.425,2
1762788480,96.425,96.425,96.425,96.425,3
1762789920,96.425,96.425,96.425,96.425,186
1762790400,96.425,96.425,96.425,96.425,132
1762790820,96.42,96.42,96.42,96.42,178
1762791660,96.425,96.425,96.425,96.425,2
1762791960,96.425,96.425,96.425,96.425,2
1762792440,96.42,96.42,96.42,96.42,6
1762792560,96.42,96.42,96.42,96.42,71
1762792680,96.42,96.42,96.42,96.42,49
1762792920,96.42,96.42,96.42,96.42,63
1762793040,96.42,96.42,96.42,96.42,33
1762793220,96.42,96.42,96.42,96.42,21
1762793940,96.42,96.42,96.42,96.42,53
1762794180,96.42,96.42,96.42,96.42,10
1762794300,96.42,96.42,96.42,96.42,1
1762796520,96.415,96.415,96.415,96.415,64
1762796820,96.415,96.415,96.415,96.415,73
1762797240,96.415,96.415,96.415,96.415,4
1762797780,96.42,96.42,96.42,96.42,9
1762797900,96.42,96.42,96.42,96.42,1
1762797960,96.42,96.42,96.42,96.42,2
1762798620,96.42,96.42,96.42,96.42,26
1762798680,96.42,96.42,96.42,96.42,1
1762798740,96.42,96.42,96.415,96.415,569
1762798860,96.415,96.415,96.415,96.415,21
1762798920,96.415,96.415,96.415,96.415,46
1762799040,96.415,96.415,96.415,96.415,25
1762799100,96.415,96.415,96.415,96.415,9
1762799280,96.415,96.415,96.415,96.415,142
1762799340,96.415,96.415,96.415,96.415,358
1762799400,96.415,96.415,96.415,96.415,7
1762799700,96.415,96.415,96.415,96.415,44
1762800000,96.415,96.415,96.415,96.415,52
1762800540,96.415,96.415,96.415,96.415,11
1762800600,96.415,96.415,96.415,96.415,21
1762800660,96.415,96.415,96.415,96.415,21
1762800900,96.415,96.415,96.415,96.415,21
1762801320,96.415,96.415,96.415,96.415,12
1762801440,96.415,96.415,96.415,96.415,47
1762801560,96.415,96.415,96.415,96.415,3
1762801680,96.415,96.415,96.415,96.415,3
1762802820,96.415,96.415,96.415,96.415,7
1762802880,96.415,96.415,96.415,96.415,10
1762803600,96.42,96.42,96.42,96.42,11
1762803660,96.42,96.42,96.42,96.42,4
1762804560,96.415,96.415,96.415,96.415,5
1762804800,96.415,96.415,96.415,96.415,8
1762804860,96.415,96.415,96.415,96.415,290
1762805040,96.415,96.415,96.415,96.415,108
1762805100,96.415,96.415,96.415,96.415,21
1762807140,96.415,96.415,96.415,96.415,3
1762809840,96.415,96.415,96.415,96.415,18
1762810320,96.415,96.415,96.415,96.415,5
1762810500,96.415,96.415,96.415,96.415,3
1762815600,96.415,96.415,96.415,96.415,11
1762816980,96.415,96.415,96.415,96.415,2
1762824660,96.42,96.42,96.42,96.42,500
1762824720,96.42,96.42,96.42,96.42,71
1762825800,96.42,96.42,96.42,96.42,1
1762833840,96.42,96.42,96.42,96.42,4
1762834020,96.42,96.42,96.42,96.42,4
1762834080,96.42,96.42,96.42,96.42,2
1762835880,96.42,96.42,96.42,96.42,11
1762844400,96.42,96.42,96.42,96.42,18
1762844520,96.42,96.42,96.42,96.42,10
1762844580,96.42,96.42,96.42,96.42,17
1762844640,96.42,96.42,96.42,96.42,11
1762846800,96.42,96.42,96.42,96.42,14
1762847160,96.425,96.425,96.425,96.425,300
1762847640,96.42,96.42,96.42,96.42,33
1762849800,96.42,96.42,96.42,96.42,4
1762865280,96.425,96.425,96.425,96.425,107
1762866300,96.425,96.425,96.425,96.425,52
1762866540,96.425,96.425,96.425,96.425,12
1762866660,96.425,96.425,96.425,96.425,1
1762867020,96.43,96.43,96.43,96.43,193
1762867080,96.43,96.43,96.43,96.43,2
1762867140,96.43,96.435,96.43,96.435,411
1762867200,96.435,96.435,96.435,96.435,78
1762867260,96.44,96.445,96.44,96.445,518
1762867320,96.445,96.445,96.445,96.445,70
1762867380,96.44,96.44,96.44,96.44,119
1762867440,96.445,96.445,96.445,96.445,75
1762867500,96.45,96.45,96.45,96.45,523
1762867620,96.45,96.45,96.45,96.45,31
1762867680,96.445,96.445,96.445,96.445,26
1762868040,96.44,96.44,96.44,96.44,149
1762868340,96.44,96.445,96.44,96.445,17
1762868400,96.445,96.445,96.445,96.445,39
1762868520,96.445,96.445,96.445,96.445,174
1762868580,96.445,96.445,96.445,96.445,26
1762868760,96.445,96.445,96.445,96.445,52
1762868880,96.445,96.445,96.445,96.445,33
1762868940,96.445,96.445,96.445,96.445,6
1762869120,96.445,96.445,96.445,96.445,186
1762869420,96.445,96.445,96.445,96.445,10
1762869540,96.445,96.445,96.445,96.445,28
1762869600,96.445,96.445,96.445,96.445,19
1762869840,96.445,96.445,96.445,96.445,26
1762870020,96.445,96.445,96.445,96.445,20
1762870140,96.445,96.445,96.445,96.445,7
1762870740,96.445,96.445,96.445,96.445,21
1762870800,96.445,96.445,96.445,96.445,9
1762871160,96.445,96.445,96.445,96.445,200
1762871700,96.44,96.44,96.44,96.44,20
1762871820,96.44,96.44,96.44,96.44,9
1762872000,96.44,96.44,96.44,96.44,24
1762872720,96.44,96.44,96.44,96.44,17
1762872900,96.44,96.44,96.44,96.44,19
1762873080,96.435,96.435,96.435,96.435,2
1762873800,96.435,96.435,96.435,96.435,318
1762874220,96.44,96.44,96.44,96.44,78
1762874280,96.44,96.44,96.44,96.44,7
1762874340,96.44,96.44,96.44,96.44,3
1762874400,96.44,96.44,96.44,96.44,4
1762874460,96.44,96.44,96.44,96.44,1
1762875000,96.44,96.44,96.44,96.44,1
1762875060,96.445,96.445,96.445,96.445,33
1762876860,96.445,96.445,96.445,96.445,30
1762877040,96.445,96.445,96.445,96.445,32
1762877340,96.445,96.445,96.445,96.445,17
1762878660,96.445,96.445,96.445,96.445,1
1762878720,96.445,96.445,96.445,96.445,5
1762878780,96.445,96.445,96.445,96.445,5
1762879320,96.445,96.445,96.445,96.445,30
1762880520,96.445,96.445,96.445,96.445,5
1762880580,96.445,96.445,96.445,96.445,5
1762880640,96.445,96.445,96.445,96.445,5
1762882800,96.445,96.445,96.445,96.445,2
1762884060,96.44,96.44,96.44,96.44,18
1762884240,96.44,96.44,96.44,96.44,17
1762884960,96.435,96.435,96.435,96.435,1
1762887060,96.44,96.44,96.44,96.44,59
1762887480,96.44,96.44,96.44,96.44,5
1762890660,96.44,96.44,96.44,96.44,2
1762891140,96.44,96.44,96.44,96.44,10
1762892040,96.44,96.44,96.44,96.44,32
1762893420,96.44,96.44,96.44,96.44,5
1762894140,96.44,96.44,96.44,96.44,1
1762895820,96.445,96.445,96.445,96.445,1
1762898340,96.44,96.44,96.44,96.44,1
1762902000,96.44,96.44,96.44,96.44,6
1762902060,96.44,96.44,96.44,96.44,5
1762902120,96.44,96.44,96.44,96.44,20
1762905720,96.44,96.44,96.44,96.44,15
1762905840,96.44,96.44,96.44,96.44,7
1762905960,96.44,96.44,96.44,96.44,1
1762906200,96.44,96.44,96.44,96.44,2
1762907820,96.44,96.44,96.44,96.44,20
1762908720,96.44,96.44,96.44,96.44,40
1762909140,96.44,96.44,96.44,96.44,128
1762909260,96.44,96.44,96.44,96.44,13
1762909740,96.44,96.44,96.44,96.44,16
1762911060,96.44,96.44,96.44,96.44,5
1762921380,96.435,96.435,96.435,96.435,1
1762927980,96.435,96.435,96.435,96.435,1
1762930620,96.435,96.435,96.435,96.435,14
1762931820,96.435,96.435,96.435,96.435,29
1762935240,96.43,96.43,96.43,96.43,178
1762935780,96.43,96.43,96.43,96.43,63
1762936080,96.43,96.43,96.43,96.43,8
1762936620,96.43,96.43,96.43,96.43,1
1762941180,96.43,96.43,96.43,96.43,334
1762941420,96.43,96.43,96.43,96.43,100
1762941480,96.43,96.43,96.43,96.43,33
1762941600,96.43,96.43,96.43,96.43,77
1762942500,96.435,96.435,96.435,96.435,78
1762942620,96.435,96.435,96.435,96.435,14
1762942860,96.435,96.435,96.435,96.435,16
1762943580,96.435,96.435,96.435,96.435,45
1762943760,96.435,96.435,96.435,96.435,48
1762945860,96.435,96.435,96.435,96.435,20
1762946940,96.435,96.435,96.435,96.435,667
1762947360,96.435,96.435,96.435,96.435,2
1762947540,96.435,96.435,96.435,96.435,18
1762948020,96.435,96.435,96.435,96.435,3
1762948320,96.435,96.435,96.435,96.435,12
1762948740,96.435,96.435,96.435,96.435,2
1762948860,96.435,96.435,96.435,96.435,23
1762950780,96.435,96.435,96.435,96.435,3
1762950900,96.435,96.435,96.435,96.435,2708
1762952400,96.44,96.44,96.44,96.44,161
1762952460,96.44,96.44,96.44,96.44,11
1762952520,96.44,96.44,96.44,96.44,1
1762952580,96.44,96.44,96.44,96.44,20
1762952640,96.44,96.44,96.44,96.44,36
1762953720,96.435,96.435,96.435,96.435,1
1762953840,96.435,96.435,96.435,96.435,579
1762954260,96.43,96.43,96.43,96.43,153
1762954440,96.43,96.43,96.43,96.43,15
1762954920,96.43,96.43,96.43,96.43,32
1762954980,96.43,96.43,96.43,96.43,12
1762955040,96.43,96.43,96.43,96.43,3
1762956060,96.435,96.435,96.435,96.435,38
1762957920,96.435,96.435,96.435,96.435,40
1762958040,96.435,96.435,96.435,96.435,25
1762959060,96.44,96.44,96.44,96.44,337
1762959480,96.435,96.435,96.435,96.435,21
1762959660,96.435,96.435,96.435,96.435,10
1762959780,96.435,96.435,96.435,96.435,54
1762959840,96.435,96.435,96.435,96.435,14
1762959900,96.435,96.435,96.435,96.435,14
1762960080,96.435,96.435,96.435,96.435,129
1762960140,96.435,96.435,96.435,96.435,14
1762960200,96.435,96.435,96.435,96.435,3
1762961220,96.435,96.435,96.435,96.435,64
1762961400,96.435,96.435,96.435,96.435,78
1762961460,96.435,96.435,96.435,96.435,27
1762962000,96.435,96.435,96.435,96.435,11
1762962180,96.435,96.435,96.435,96.435,21
1762962600,96.435,96.435,96.435,96.435,48
1762965240,96.435,96.435,96.435,96.435,53
1762967640,96.44,96.44,96.44,96.44,4
1762968420,96.44,96.44,96.44,96.44,7
1762969560,96.44,96.44,96.44,96.44,1
1762972740,96.435,96.435,96.435,96.435,526
1762972800,96.435,96.435,96.435,96.435,19
1762973460,96.435,96.435,96.435,96.435,203
1762974480,96.43,96.43,96.43,96.43,5
1762975080,96.43,96.43,96.43,96.43,5
1762975860,96.435,96.435,96.435,96.435,68
1762975920,96.435,96.435,96.435,96.435,157
1762975980,96.435,96.435,96.435,96.435,31
1762976580,96.435,96.435,96.435,96.435,133
1762976640,96.435,96.435,96.435,96.435,17
1762977900,96.435,96.435,96.435,96.435,10
1762979700,96.43,96.43,96.43,96.43,55
1762979760,96.43,96.43,96.43,96.43,24
1762981020,96.43,96.43,96.43,96.43,18
1762981200,96.43,96.43,96.43,96.43,19
1762981380,96.425,96.425,96.425,96.425,4
1762982160,96.425,96.425,96.425,96.425,27
1762982220,96.425,96.425,96.425,96.425,9
1762982700,96.42,96.42,96.42,96.42,1
1762984680,96.42,96.42,96.42,96.42,12
1762984740,96.42,96.42,96.42,96.42,9
1762988400,96.415,96.415,96.415,96.415,5
1762988640,96.415,96.415,96.415,96.415,14
1762989060,96.41,96.41,96.41,96.41,2
1762989120,96.41,96.41,96.41,96.41,8
1762989300,96.41,96.41,96.41,96.41,31
1762989480,96.41,96.41,96.41,96.41,9
1762989720,96.41,96.41,96.41,96.41,11
1762991460,96.41,96.41,96.41,96.41,65
1762991520,96.41,96.41,96.41,96.41,14
1762992120,96.41,96.41,96.41,96.41,3
1762999140,96.405,96.405,96.405,96.405,404
1763004120,96.405,96.405,96.405,96.405,2
1763009820,96.405,96.405,96.405,96.405,1
1763010240,96.405,96.405,96.405,96.405,8
1763010720,96.405,96.405,96.405,96.405,25
1763012520,96.4,96.4,96.4,96.4,12
1763013120,96.395,96.395,96.395,96.395,18
1763013780,96.4,96.4,96.4,96.4,40
1763014620,96.395,96.395,96.395,96.395,5
1763014740,96.395,96.395,96.39,96.39,68
1763014800,96.395,96.395,96.395,96.395,10
1763015100,96.395,96.395,96.395,96.395,85
1763015340,96.395,96.395,96.395,96.395,13
1763016600,96.395,96.395,96.395,96.395,70
1763018100,96.395,96.395,96.395,96.395,1
1763019180,96.4,96.4,96.4,96.4,1
1763019420,96.4,96.4,96.4,96.4,12
1763019480,96.4,96.4,96.4,96.4,40
1763019960,96.4,96.4,96.4,96.4,6
1763022240,96.405,96.405,96.405,96.405,64
1763022540,96.41,96.41,96.41,96.41,2
1763022660,96.41,96.41,96.41,96.41,80
1763022960,96.41,96.41,96.41,96.41,42
1763023020,96.41,96.41,96.41,96.41,34
1763023080,96.41,96.41,96.41,96.41,7
1763023320,96.41,96.41,96.41,96.41,4
1763023440,96.41,96.41,96.41,96.41,39
1763023500,96.41,96.41,96.41,96.41,6
1763023560,96.41,96.41,96.41,96.41,3
1763024640,96.405,96.405,96.405,96.405,109
1763024700,96.405,96.405,96.405,96.405,16
1763024760,96.405,96.405,96.405,96.405,17
1763025480,96.405,96.405,96.4,96.4,221
1763027100,96.4,96.4,96.4,96.4,3
1763027340,96.4,96.4,96.4,96.4,44
1763027460,96.4,96.4,96.4,96.4,32
1763027580,96.4,96.4,96.4,96.4,5
1763027760,96.4,96.4,96.4,96.4,17
1763027940,96.4,96.4,96.4,96.4,23
1763028780,96.4,96.4,96.4,96.4,4
1763028900,96.4,96.4,96.4,96.4,21
1763030460,96.395,96.395,96.395,96.395,64
1763031180,96.39,96.39,96.39,96.39,40
1763031300,96.39,96.39,96.39,96.39,6
1763031360,96.39,96.39,96.39,96.39,35
1763031600,96.39,96.39,96.38,96.385,1500
1763031660,96.385,96.385,96.385,96.385,1
1763031720,96.39,96.39,96.39,96.39,236
1763032560,96.385,96.385,96.385,96.385,76
1763032800,96.38,96.38,96.38,96.38,21
1763033580,96.385,96.385,96.385,96.385,370
1763033820,96.39,96.39,96.39,96.39,370
1763033880,96.39,96.39,96.39,96.39,80
1763034060,96.395,96.395,96.395,96.395,211
1763034120,96.39,96.39,96.39,96.39,42
1763034240,96.39,96.39,96.39,96.39,20
1763034300,96.39,96.39,96.39,96.39,94
1763034360,96.39,96.39,96.39,96.39,20
1763034960,96.395,96.395,96.395,96.395,16
1763035080,96.395,96.395,96.395,96.395,60
1763035380,96.395,96.395,96.395,96.395,24
1763036640,96.4,96.4,96.4,96.4,22
1763037240,96.4,96.4,96.4,96.4,42
1763037360,96.4,96.4,96.4,96.4,38
1763037540,96.4,96.4,96.4,96.4,4
1763037600,96.4,96.4,96.4,96.4,539
1763037660,96.4,96.4,96.4,96.4,19
1763037780,96.4,96.4,96.4,96.4,60
1763037840,96.4,96.4,96.4,96.4,50
1763038320,96.405,96.405,96.405,96.405,100
1763038440,96.405,96.405,96.405,96.405,1
1763038800,96.405,96.405,96.405,96.405,35
1763038920,96.405,96.405,96.405,96.405,191
1763039040,96.405,96.405,96.405,96.405,105
1763039100,96.405,96.405,96.405,96.405,83
1763039220,96.405,96.405,96.405,96.405,91
1763039400,96.405,96.405,96.405,96.405,409
1763039640,96.405,96.405,96.405,96.405,79
1763039700,96.405,96.405,96.405,96.405,51
1763039760,96.41,96.41,96.41,96.41,3
1763039880,96.405,96.405,96.405,96.405,70
1763039940,96.405,96.405,96.405,96.405,1
1763040000,96.405,96.405,96.405,96.405,44
1763040060,96.405,96.405,96.405,96.405,36
1763040120,96.405,96.405,96.405,96.405,2
1763040240,96.405,96.405,96.405,96.405,2
1763040300,96.405,96.405,96.405,96.405,2
1763040360,96.405,96.405,96.405,96.405,6
1763040600,96.4,96.4,96.4,96.4,1
1763040720,96.405,96.405,96.405,96.405,258
1763040780,96.405,96.405,96.405,96.405,18
1763041080,96.4,96.4,96.4,96.4,75
1763041200,96.4,96.4,96.4,96.4,7
1763041500,96.395,96.395,96.395,96.395,4
1763041560,96.395,96.395,96.39,96.395,746
1763041620,96.395,96.395,96.395,96.395,21
1763041740,96.395,96.395,96.395,96.395,22
1763041800,96.395,96.395,96.395,96.395,21
1763041860,96.395,96.395,96.395,96.395,18
1763042280,96.4,96.4,96.4,96.4,70
1763042340,96.395,96.395,96.395,96.395,100
1763042640,96.4,96.4,96.4,96.4,23
1763042700,96.4,96.4,96.4,96.4,57
1763043900,96.395,96.395,96.395,96.395,15
1763044200,96.4,96.4,96.4,96.4,20
1763044500,96.405,96.405,96.405,96.405,195
1763044560,96.405,96.405,96.405,96.405,107
1763045220,96.405,96.405,96.405,96.405,37
1763045640,96.405,96.405,96.405,96.405,61
1763046060,96.405,96.405,96.405,96.405,35
1763046360,96.405,96.405,96.405,96.405,21
1763046840,96.4,96.4,96.4,96.4,40
1763047080,96.4,96.4,96.4,96.4,38
1763047260,96.4,96.4,96.4,96.4,35
1763047380,96.4,96.4,96.4,96.4,67
1763047560,96.4,96.4,96.4,96.4,25
1763047620,96.4,96.4,96.4,96.4,3
1763047740,96.4,96.4,96.4,96.4,14
1763047920,96.4,96.4,96.4,96.4,7
1763048040,96.4,96.4,96.4,96.4,97
1763048400,96.4,96.4,96.4,96.4,62
1763048460,96.4,96.4,96.4,96.4,22
1763048580,96.4,96.4,96.4,96.4,18
1763048820,96.405,96.405,96.405,96.405,31
1763049120,96.405,96.405,96.405,96.405,90
1763049180,96.405,96.405,96.405,96.405,22
1763049600,96.405,96.405,96.4,96.4,46
1763049780,96.405,96.405,96.405,96.405,2
1763050380,96.4,96.4,96.39,96.39,3576
1763050440,96.39,96.39,96.39,96.39,23
1763050500,96.39,96.39,96.39,96.39,73
1763050560,96.39,96.39,96.39,96.39,14
1763050680,96.39,96.39,96.39,96.39,223
1763050740,96.39,96.39,96.39,96.39,25
1763050800,96.39,96.395,96.39,96.395,47
1763050860,96.395,96.395,96.395,96.395,52
1763050920,96.395,96.395,96.395,96.395,39
1763050980,96.395,96.395,96.395,96.395,108
1763051040,96.395,96.395,96.395,96.395,192
1763051220,96.395,96.395,96.395,96.395,45
1763051460,96.395,96.395,96.395,96.395,5
1763051640,96.395,96.395,96.395,96.395,5
1763051700,96.395,96.395,96.395,96.395,50
1763052000,96.395,96.395,96.395,96.395,54
1763052120,96.39,96.39,96.39,96.39,123
1763052180,96.39,96.39,96.39,96.39,105
1763052360,96.395,96.395,96.395,96.395,14
1763053140,96.39,96.39,96.39,96.39,23
1763053200,96.39,96.39,96.39,96.39,115
1763053260,96.39,96.39,96.39,96.39,6
1763053380,96.39,96.39,96.39,96.39,18
1763053740,96.395,96.395,96.395,96.395,151
1763053800,96.395,96.395,96.395,96.395,131
1763053860,96.395,96.395,96.395,96.395,42
1763053980,96.395,96.395,96.395,96.395,45
1763054160,96.395,96.395,96.395,96.395,32
1763054340,96.395,96.395,96.395,96.395,2
1763054460,96.395,96.395,96.395,96.395,152
1763054520,96.395,96.395,96.395,96.395,66
1763054640,96.395,96.395,96.395,96.395,113
1763054760,96.395,96.395,96.395,96.395,5
1763055600,96.395,96.395,96.395,96.395,598
1763055660,96.395,96.395,96.395,96.395,59
1763056080,96.39,96.39,96.39,96.39,376
1763056140,96.39,96.39,96.39,96.39,28
1763056200,96.39,96.39,96.39,96.39,20
1763056260,96.39,96.39,96.39,96.39,22
1763056320,96.39,96.39,96.39,96.39,2
1763056380,96.39,96.39,96.39,96.39,18
1763056620,96.39,96.39,96.39,96.39,1
1763056980,96.39,96.39,96.39,96.39,1
1763057100,96.39,96.39,96.39,96.39,12
1763057160,96.39,96.39,96.39,96.39,30
1763057220,96.39,96.39,96.39,96.39,15
1763057460,96.39,96.39,96.39,96.39,86
1763057520,96.39,96.39,96.39,96.39,33
1763057640,96.39,96.39,96.39,96.39,15
1763057820,96.39,96.39,96.39,96.39,1
1763058180,96.39,96.39,96.39,96.39,27
1763058780,96.39,96.39,96.39,96.39,26
1763060580,96.395,96.395,96.395,96.395,1238
1763061660,96.395,96.395,96.395,96.395,157
1763061720,96.395,96.395,96.395,96.395,52
1763061840,96.395,96.395,96.395,96.395,23
1763062200,96.395,96.4,96.395,96.4,156
1763062620,96.395,96.395,96.395,96.395,4
1763063520,96.395,96.395,96.395,96.395,1
1763063880,96.395,96.395,96.395,96.395,2
1763064060,96.395,96.395,96.395,96.395,76
1763064120,96.395,96.395,96.395,96.395,6
1763064300,96.395,96.395,96.395,96.395,5
1763064720,96.395,96.395,96.395,96.395,12
1763065380,96.395,96.395,96.395,96.395,38
1763065440,96.395,96.395,96.395,96.395,4
1763065680,96.395,96.395,96.395,96.395,1
1763065740,96.395,96.395,96.395,96.395,1
1763066040,96.395,96.395,96.395,96.395,18
1763067120,96.395,96.395,96.395,96.395,25
1763067180,96.395,96.395,96.395,96.395,20
1763069940,96.395,96.395,96.395,96.395,58
1763070000,96.395,96.395,96.395,96.395,51
1763070060,96.395,96.395,96.395,96.395,4
1763070240,96.395,96.395,96.395,96.395,9
1763070780,96.395,96.395,96.395,96.395,262
1763070840,96.395,96.395,96.395,96.395,4
1763071140,96.39,96.39,96.39,96.39,3
1763074980,96.395,96.395,96.395,96.395,9
1763075400,96.39,96.39,96.39,96.39,4
1763079600,96.39,96.39,96.39,96.39,31
1763082240,96.39,96.39,96.39,96.39,14
1763082300,96.39,96.39,96.39,96.39,17
1763086260,96.39,96.39,96.39,96.39,15
1763087280,96.39,96.39,96.39,96.39,6
1763087340,96.39,96.39,96.39,96.39,17
1763087400,96.39,96.39,96.39,96.39,4
1763087520,96.39,96.39,96.39,96.39,3
1763093040,96.395,96.395,96.395,96.395,13
1763093100,96.395,96.395,96.395,96.395,3
1763095560,96.395,96.395,96.395,96.395,13
1763100540,96.395,96.395,96.395,96.395,9
1763101260,96.395,96.395,96.395,96.395,37
1763102160,96.395,96.395,96.395,96.395,29
1763103420,96.395,96.395,96.395,96.395,49
1763103600,96.395,96.395,96.395,96.395,17
1763104920,96.395,96.395,96.395,96.395,17
1763105820,96.395,96.395,96.395,96.395,7
1763107260,96.39,96.39,96.39,96.39,54
1763108280,96.39,96.39,96.39,96.39,17
1763109720,96.395,96.395,96.395,96.395,34
1763109780,96.395,96.395,96.395,96.395,51
1763109900,96.395,96.395,96.395,96.395,34
1763110260,96.395,96.395,96.395,96.395,11
1763110320,96.395,96.395,96.395,96.395,16
1763112900,96.395,96.395,96.395,96.395,39
1763113620,96.395,96.395,96.395,96.395,40
1763113860,96.395,96.395,96.395,96.395,39
1763116260,96.395,96.395,96.395,96.395,5
1763116380,96.395,96.395,96.395,96.395,18
1763117220,96.395,96.395,96.395,96.395,73
1763117820,96.395,96.395,96.395,96.395,72
1763119440,96.395,96.395,96.395,96.395,20
1763119500,96.395,96.395,96.395,96.395,157
1763120160,96.395,96.395,96.395,96.395,16
1763121240,96.395,96.395,96.395,96.395,16
1763121600,96.395,96.395,96.395,96.395,16
1763121660,96.395,96.395,96.395,96.395,50
1763121960,96.4,96.4,96.4,96.4,65
1763122260,96.405,96.405,96.405,96.405,83
1763122320,96.405,96.405,96.405,96.405,16
1763122740,96.41,96.41,96.41,96.41,46
1763122800,96.41,96.41,96.41,96.41,32
1763122860,96.41,96.41,96.41,96.41,16
1763122920,96.415,96.415,96.415,96.415,428
1763122980,96.415,96.415,96.415,96.415,888
1763123040,96.415,96.415,96.415,96.415,11
1763123100,96.415,96.415,96.415,96.415,406
1763123160,96.415,96.415,96.415,96.415,175
1763123220,96.415,96.415,96.415,96.415,147
1763123280,96.415,96.415,96.415,96.415,9
1763123640,96.415,96.415,96.415,96.415,154
1763124000,96.415,96.415,96.415,96.415,479
1763124060,96.42,96.42,96.42,96.42,49
1763124180,96.42,96.42,96.42,96.42,31
1763124420,96.415,96.415,96.415,96.415,164
1763124540,96.415,96.415,96.415,96.415,1
1763124900,96.41,96.41,96.41,96.41,44
1763124960,96.41,96.41,96.41,96.41,59
1763125260,96.41,96.41,96.41,96.41,35
1763125320,96.41,96.41,96.41,96.41,3
1763125500,96.41,96.41,96.41,96.41,37
1763125620,96.415,96.415,96.415,96.415,97
1763125680,96.41,96.41,96.41,96.41,79
1763126100,96.41,96.41,96.41,96.41,1
1763126220,96.41,96.41,96.41,96.41,9
1763126400,96.415,96.415,96.415,96.415,182
1763126580,96.415,96.415,96.415,96.415,2
1763126640,96.415,96.415,96.415,96.415,34
1763127000,96.41,96.41,96.41,96.41,1
1763127120,96.415,96.415,96.415,96.415,16
1763127180,96.415,96.415,96.415,96.415,76
1763127240,96.415,96.415,96.415,96.415,6
1763127300,96.415,96.415,96.415,96.415,3
1763127360,96.415,96.415,96.415,96.415,2
1763127540,96.415,96.415,96.415,96.415,19
1763127780,96.415,96.415,96.415,96.415,19
1763128140,96.415,96.415,96.41,96.41,246
1763128440,96.41,96.41,96.41,96.41,3
1763128620,96.41,96.41,96.41,96.41,5
1763128740,96.41,96.41,96.41,96.41,2
1763129040,96.405,96.405,96.405,96.405,17
1763129100,96.405,96.405,96.405,96.405,184
1763129280,96.405,96.405,96.405,96.405,15
1763129640,96.405,96.41,96.405,96.41,50
1763130060,96.405,96.405,96.405,96.405,9
1763130120,96.405,96.405,96.405,96.405,10
1763130180,96.405,96.405,96.405,96.405,41
1763130600,96.405,96.405,96.405,96.405,19
1763130780,96.41,96.41,96.41,96.41,97
1763130840,96.41,96.41,96.41,96.41,1
1763130900,96.405,96.405,96.405,96.405,54
1763131500,96.4,96.4,96.4,96.4,5
1763131560,96.4,96.4,96.4,96.4,26
1763131800,96.4,96.4,96.4,96.4,2
1763131980,96.395,96.395,96.395,96.395,51
1763132160,96.395,96.395,96.395,96.395,35
1763132280,96.395,96.395,96.395,96.395,3
1763132340,96.395,96.395,96.395,96.395,116
1763132400,96.395,96.395,96.395,96.395,41
1763132580,96.395,96.395,96.395,96.395,15
1763132640,96.395,96.395,96.395,96.395,36
1763132700,96.395,96.395,96.395,96.395,14
1763132760,96.395,96.395,96.395,96.395,41
1763133120,96.395,96.395,96.395,96.395,31
1763133180,96.395,96.395,96.395,96.395,46
1763133240,96.395,96.395,96.395,96.395,88
1763134020,96.39,96.39,96.39,96.39,70
1763134200,96.39,96.39,96.39,96.39,63
1763134620,96.39,96.39,96.39,96.39,46
1763134800,96.39,96.39,96.39,96.39,3
1763134860,96.39,96.39,96.39,96.39,21
1763134980,96.39,96.39,96.39,96.39,21
1763135400,96.39,96.39,96.39,96.39,36
1763135820,96.39,96.39,96.39,96.39,32
1763135880,96.39,96.39,96.39,96.39,11
1763135940,96.39,96.39,96.39,96.39,1
1763136240,96.39,96.39,96.39,96.39,40
1763136360,96.39,96.39,96.39,96.39,23
1763136540,96.39,96.39,96.39,96.39,1
1763136900,96.39,96.39,96.39,96.39,546
1763136960,96.39,96.39,96.39,96.39,23
1763137020,96.39,96.39,96.39,96.39,8
1763137080,96.39,96.39,96.39,96.39,46
1763137140,96.39,96.39,96.39,96.39,5
1763137260,96.39,96.39,96.39,96.39,1
1763137320,96.39,96.39,96.39,96.39,2
1763137500,96.385,96.385,96.385,96.385,502
1763137560,96.385,96.385,96.385,96.385,52
1763137620,96.385,96.385,96.385,96.385,127
1763137680,96.385,96.385,96.385,96.385,95
1763137740,96.385,96.385,96.385,96.385,8
1763137800,96.385,96.385,96.385,96.385,7
1763137920,96.385,96.385,96.385,96.385,35
1763137980,96.385,96.385,96.385,96.385,1
1763138040,96.385,96.385,96.385,96.385,49
1763138100,96.385,96.385,96.38,96.38,1358
1763138160,96.38,96.38,96.38,96.38,26
1763138400,96.375,96.375,96.37,96.37,613
1763138460,96.37,96.37,96.37,96.37,10
1763138520,96.375,96.375,96.375,96.375,454
1763139060,96.375,96.375,96.375,96.375,24
1763139360,96.375,96.375,96.375,96.375,70
1763139420,96.375,96.375,96.375,96.375,26
1763139720,96.375,96.375,96.375,96.375,1
1763139960,96.375,96.375,96.375,96.375,37
1763140020,96.375,96.375,96.375,96.375,152
1763140080,96.375,96.375,96.375,96.375,20
1763141220,96.375,96.375,96.375,96.375,23
1763141460,96.37,96.37,96.37,96.37,2
1763141940,96.37,96.37,96.37,96.37,71
1763142000,96.37,96.37,96.37,96.37,14
1763142060,96.37,96.37,96.37,96.37,130
1763142480,96.37,96.37,96.37,96.37,23
1763142720,96.375,96.375,96.375,96.375,145
1763142900,96.375,96.375,96.375,96.375,5
1763142960,96.375,96.375,96.375,96.375,50
1763143020,96.375,96.375,96.375,96.375,8
1763143200,96.375,96.375,96.375,96.375,5
1763143740,96.375,96.375,96.375,96.375,5
1763143800,96.375,96.375,96.375,96.375,109
1763143980,96.375,96.375,96.375,96.375,25
1763144040,96.375,96.375,96.375,96.375,1
1763145240,96.375,96.375,96.375,96.375,15
1763145480,96.375,96.375,96.375,96.375,1
1763145540,96.375,96.375,96.375,96.375,1
1763146380,96.375,96.375,96.375,96.375,15
1763148180,96.375,96.375,96.375,96.375,7
1763148480,96.38,96.38,96.38,96.38,1
1763149860,96.375,96.375,96.375,96.375,1305
1763149920,96.375,96.375,96.37,96.37,3
1763150160,96.37,96.37,96.37,96.37,1
1763150400,96.37,96.37,96.37,96.37,62
1763150460,96.37,96.37,96.37,96.37,28
1763150700,96.37,96.37,96.37,96.37,232
1763150940,96.375,96.375,96.375,96.375,11
1763151000,96.375,96.375,96.375,96.375,18
1763151960,96.37,96.37,96.37,96.37,56
1763152800,96.375,96.375,96.37,96.37,10
1763153340,96.375,96.375,96.375,96.375,327
1763153760,96.375,96.375,96.375,96.375,22
1763154060,96.375,96.375,96.375,96.375,96
1763154960,96.375,96.375,96.375,96.375,251
1763155140,96.375,96.375,96.375,96.375,210
1763155620,96.375,96.375,96.375,96.375,395
1763155920,96.38,96.38,96.38,96.38,158
1763155980,96.38,96.38,96.38,96.38,58
1763156040,96.38,96.38,96.38,96.38,23
1763156820,96.375,96.375,96.375,96.375,232
1763156880,96.375,96.375,96.375,96.375,2
1763157000,96.375,96.38,96.375,96.375,46
1763157540,96.375,96.375,96.375,96.375,2
1763334060,96.38,96.38,96.38,96.38,154
1763334120,96.38,96.38,96.38,96.38,25
1763334240,96.38,96.38,96.38,96.38,21
1763336880,96.375,96.375,96.375,96.375,13
1763339400,96.375,96.375,96.375,96.375,9
1763340600,96.375,96.375,96.375,96.375,3
1763344260,96.375,96.375,96.375,96.375,12
1763344740,96.375,96.375,96.375,96.375,12
1763345460,96.375,96.375,96.375,96.375,14
1763361120,96.375,96.375,96.375,96.375,38
1763361720,96.375,96.375,96.375,96.375,14
1763364900,96.375,96.375,96.375,96.375,61
1763367240,96.375,96.375,96.375,96.375,18
1763369640,96.38,96.38,96.38,96.38,50
1763369700,96.38,96.38,96.38,96.38,52
1763369820,96.38,96.38,96.38,96.38,50
1763370840,96.375,96.375,96.375,96.375,1
1763372040,96.375,96.375,96.375,96.375,749
1763372100,96.375,96.375,96.375,96.375,74
1763372160,96.375,96.375,96.375,96.375,2
1763374920,96.375,96.375,96.375,96.375,26
1763375220,96.375,96.375,96.375,96.375,25
1763376420,96.375,96.375,96.375,96.375,7
1763376600,96.375,96.375,96.375,96.375,12
1763377740,96.375,96.375,96.375,96.375,8
1763379840,96.375,96.375,96.375,96.375,18
1763379900,96.375,96.375,96.375,96.375,18
1763380680,96.375,96.375,96.375,96.375,26
1763381100,96.375,96.375,96.375,96.375,112
1763382120,96.375,96.375,96.375,96.375,22
1763382720,96.375,96.375,96.375,96.375,13
1763382840,96.375,96.375,96.375,96.375,21
1763382960,96.375,96.375,96.375,96.375,34
1763383200,96.375,96.375,96.375,96.375,22
1763383800,96.37,96.37,96.37,96.37,467
1763383860,96.37,96.37,96.37,96.37,39
1763383920,96.37,96.37,96.37,96.37,1
1763383980,96.37,96.37,96.37,96.37,17
1763384100,96.37,96.37,96.37,96.37,40
1763384220,96.37,96.37,96.37,96.37,507
1763384520,96.365,96.365,96.365,96.365,49
1763384640,96.365,96.365,96.365,96.365,8
1763384700,96.365,96.365,96.365,96.365,22
1763384880,96.365,96.365,96.365,96.365,50
1763385000,96.365,96.365,96.365,96.365,5
1763385180,96.365,96.365,96.365,96.365,150
1763386380,96.365,96.365,96.365,96.365,48
1763386440,96.365,96.365,96.365,96.365,22
1763386500,96.365,96.365,96.365,96.365,1
1763386740,96.365,96.365,96.365,96.365,54
1763386800,96.365,96.365,96.365,96.365,17
1763386920,96.365,96.365,96.365,96.365,8
1763386980,96.365,96.365,96.365,96.365,20
1763387160,96.365,96.365,96.365,96.365,1
1763387280,96.365,96.365,96.365,96.365,22
1763387400,96.365,96.365,96.365,96.365,4
1763387640,96.365,96.365,96.365,96.365,67
1763387820,96.365,96.365,96.365,96.365,1
1763389320,96.365,96.365,96.365,96.365,1
1763389380,96.365,96.365,96.365,96.365,84
1763389560,96.365,96.365,96.365,96.365,17
1763389800,96.37,96.37,96.37,96.37,372
1763390160,96.365,96.365,96.365,96.365,25
1763390460,96.365,96.365,96.365,96.365,125
1763390700,96.37,96.37,96.37,96.37,23
1763390940,96.365,96.365,96.365,96.365,1
1763391060,96.37,96.37,96.37,96.37,39
1763391240,96.365,96.365,96.365,96.365,175
1763391300,96.365,96.365,96.365,96.365,44
1763391360,96.365,96.365,96.365,96.365,9
1763391900,96.365,96.365,96.365,96.365,5
1763391960,96.365,96.365,96.365,96.365,34
1763392020,96.365,96.365,96.365,96.365,1
1763392140,96.365,96.365,96.365,96.365,39
1763392200,96.365,96.365,96.365,96.365,1
1763392320,96.365,96.365,96.365,96.365,51
1763392380,96.365,96.365,96.365,96.365,17
1763392980,96.365,96.365,96.365,96.365,36
1763393040,96.365,96.365,96.365,96.365,100
1763393520,96.365,96.365,96.365,96.365,7
1763393580,96.365,96.365,96.365,96.365,12
1763393640,96.365,96.365,96.365,96.365,19
1763393760,96.365,96.365,96.365,96.365,19
1763393940,96.365,96.365,96.365,96.365,20
1763394060,96.365,96.365,96.365,96.365,26
1763394120,96.365,96.365,96.365,96.365,24
1763394480,96.36,96.36,96.36,96.36,67
1763394600,96.36,96.36,96.36,96.36,2
1763394840,96.36,96.36,96.36,96.36,79
1763394900,96.36,96.36,96.36,96.36,16
1763394960,96.36,96.36,96.36,96.36,4
1763395560,96.36,96.36,96.36,96.36,1
1763395620,96.36,96.36,96.36,96.36,1
1763395740,96.365,96.365,96.365,96.365,19
1763395800,96.36,96.36,96.36,96.36,2
1763396040,96.365,96.365,96.365,96.365,10
1763396160,96.365,96.365,96.365,96.365,611
1763396220,96.365,96.365,96.365,96.365,38
1763396340,96.365,96.365,96.365,96.365,56
1763396400,96.365,96.365,96.365,96.365,158
1763396460,96.365,96.365,96.365,96.365,21
1763396580,96.365,96.365,96.365,96.365,1
1763396640,96.365,96.365,96.365,96.365,2
1763396760,96.365,96.365,96.365,96.365,1
1763396880,96.365,96.365,96.365,96.365,17
1763396940,96.365,96.365,96.365,96.365,66
1763397000,96.365,96.365,96.365,96.365,2
1763397600,96.36,96.36,96.36,96.36,68
1763397720,96.36,96.36,96.36,96.36,41
1763397840,96.36,96.36,96.36,96.36,1
1763397900,96.36,96.36,96.36,96.36,18
1763398020,96.36,96.36,96.36,96.36,3
1763398140,96.36,96.36,96.36,96.36,34
1763398380,96.36,96.36,96.36,96.36,2
1763398620,96.36,96.36,96.36,96.36,5
1763398920,96.36,96.36,96.36,96.36,17
1763399100,96.36,96.36,96.36,96.36,16
1763399160,96.36,96.36,96.36,96.36,20
1763399400,96.36,96.36,96.36,96.36,21
1763399820,96.36,96.36,96.36,96.36,13
1763400000,96.36,96.36,96.36,96.36,25
1763400180,96.36,96.36,96.36,96.36,23
1763400300,96.36,96.36,96.36,96.36,22
1763401200,96.36,96.36,96.36,96.36,14
1763401260,96.36,96.36,96.36,96.36,4
1763401500,96.36,96.36,96.36,96.36,2
1763401740,96.36,96.36,96.36,96.36,1
1763401980,96.36,96.36,96.36,96.36,1
1763402040,96.36,96.36,96.36,96.36,2
1763402280,96.36,96.36,96.36,96.36,1
1763402520,96.36,96.36,96.36,96.36,9
1763402940,96.36,96.36,96.36,96.36,2
1763403240,96.365,96.365,96.365,96.365,2
1763404140,96.36,96.36,96.36,96.36,2
1763404380,96.36,96.36,96.36,96.36,5
1763404860,96.36,96.36,96.36,96.36,1
1763404920,96.36,96.36,96.36,96.36,1
1763405040,96.36,96.36,96.36,96.36,1
1763406060,96.36,96.36,96.36,96.36,60
1763406840,96.365,96.37,96.365,96.37,2632
1763406900,96.37,96.37,96.37,96.37,125
1763406960,96.37,96.37,96.37,96.37,249
1763407320,96.37,96.37,96.37,96.37,1
1763407380,96.37,96.37,96.37,96.37,88
1763407500,96.37,96.37,96.37,96.37,1
1763407680,96.37,96.37,96.37,96.37,12
1763408040,96.37,96.37,96.365,96.365,3
1763408100,96.365,96.365,96.365,96.365,1
1763408220,96.37,96.37,96.37,96.37,7
1763408400,96.37,96.37,96.37,96.37,3
1763409540,96.365,96.365,96.365,96.365,17
1763409600,96.365,96.365,96.365,96.365,39
1763410740,96.365,96.365,96.365,96.365,13
1763411100,96.365,96.365,96.365,96.365,1
1763411160,96.365,96.365,96.365,96.365,1
1763411220,96.365,96.365,96.365,96.365,3
1763411820,96.37,96.37,96.37,96.37,150
1763411880,96.37,96.37,96.37,96.37,63
1763412420,96.37,96.37,96.37,96.37,1067
1763412660,96.37,96.37,96.37,96.37,244
1763412900,96.37,96.37,96.37,96.37,628
1763413260,96.365,96.365,96.365,96.365,12
1763413500,96.37,96.37,96.37,96.37,1
1763415540,96.365,96.365,96.365,96.365,1
1763415720,96.365,96.365,96.365,96.365,387
1763415780,96.365,96.365,96.365,96.365,18
1763415900,96.365,96.365,96.36,96.365,167
1763416020,96.365,96.365,96.365,96.365,26
1763416560,96.365,96.365,96.365,96.365,7
1763416740,96.365,96.365,96.365,96.365,24
1763421420,96.37,96.37,96.37,96.37,4
1763421480,96.37,96.37,96.37,96.37,25
1763423640,96.37,96.37,96.37,96.37,1
1763424660,96.37,96.37,96.37,96.37,55
1763424720,96.37,96.37,96.37,96.37,81
1763424780,96.37,96.37,96.37,96.37,15
1763436600,96.37,96.37,96.37,96.37,1
1763437920,96.375,96.375,96.375,96.375,58
1763438700,96.375,96.375,96.375,96.375,9
1763438940,96.375,96.375,96.375,96.375,25
1763439000,96.375,96.375,96.375,96.375,1
1763439360,96.38,96.38,96.38,96.38,136
1763439420,96.38,96.38,96.38,96.38,1
1763439600,96.385,96.385,96.385,96.385,131
1763440020,96.385,96.385,96.385,96.385,171
1763440140,96.385,96.385,96.385,96.385,33
1763440200,96.385,96.385,96.385,96.385,30
1763441340,96.385,96.385,96.385,96.385,8
1763441880,96.385,96.385,96.385,96.385,22
1763441940,96.385,96.385,96.385,96.385,25
1763442180,96.385,96.39,96.385,96.39,50
1763444640,96.385,96.385,96.385,96.385,2
1763447460,96.385,96.385,96.385,96.385,65
1763447700,96.385,96.39,96.385,96.39,131
1763447760,96.39,96.39,96.39,96.39,100
1763447820,96.39,96.39,96.39,96.39,4
1763448000,96.39,96.39,96.39,96.39,38
1763448240,96.39,96.39,96.39,96.39,39
1763448480,96.39,96.39,96.39,96.39,3
1763449260,96.395,96.395,96.395,96.395,82
1763449440,96.395,96.395,96.39,96.39,219
1763450580,96.395,96.395,96.395,96.395,1
1763450640,96.39,96.39,96.39,96.39,7
1763451120,96.385,96.385,96.385,96.385,25
1763451600,96.385,96.385,96.385,96.385,2
1763451660,96.385,96.385,96.385,96.385,32
1763452860,96.385,96.385,96.385,96.385,19
1763453580,96.385,96.385,96.385,96.385,13
1763454720,96.385,96.385,96.385,96.385,25
1763455080,96.385,96.385,96.385,96.385,8
1763455320,96.39,96.39,96.39,96.39,52
1763455920,96.39,96.39,96.39,96.39,30
1763456220,96.39,96.39,96.39,96.39,24
1763456280,96.39,96.39,96.39,96.39,1
1763456580,96.39,96.39,96.39,96.39,100
1763457000,96.39,96.39,96.39,96.39,13
1763457480,96.385,96.385,96.385,96.385,163
1763459280,96.39,96.39,96.39,96.39,123
1763459340,96.39,96.39,96.39,96.39,9
1763462040,96.385,96.385,96.385,96.385,14
1763462820,96.385,96.385,96.385,96.385,385
1763463060,96.385,96.385,96.385,96.385,29
1763464200,96.38,96.38,96.38,96.38,6
1763466300,96.385,96.385,96.385,96.385,192
1763466420,96.385,96.385,96.385,96.385,32
1763467500,96.385,96.385,96.385,96.385,15
1763467920,96.39,96.39,96.39,96.39,30
1763468220,96.385,96.385,96.385,96.385,100
1763468580,96.385,96.385,96.385,96.385,6
1763468820,96.385,96.385,96.385,96.385,128
1763469000,96.385,96.385,96.385,96.385,19
1763469060,96.385,96.385,96.385,96.385,40
1763469180,96.385,96.385,96.385,96.385,13
1763469300,96.385,96.385,96.385,96.385,164
1763469360,96.385,96.385,96.385,96.385,236
1763469660,96.385,96.385,96.385,96.385,153
1763469780,96.385,96.385,96.385,96.385,49
1763469840,96.385,96.385,96.385,96.385,20
1763469900,96.385,96.385,96.385,96.385,122
1763469960,96.385,96.385,96.385,96.385,50
1763470080,96.385,96.385,96.385,96.385,29
1763470140,96.385,96.385,96.385,96.385,34
1763470200,96.385,96.385,96.385,96.385,5
1763470440,96.385,96.385,96.385,96.385,9
1763470560,96.39,96.39,96.39,96.39,25
1763470800,96.39,96.39,96.39,96.39,124
1763470920,96.39,96.39,96.39,96.39,7
1763471160,96.385,96.385,96.385,96.385,12
1763471280,96.39,96.39,96.39,96.39,41
1763471340,96.39,96.39,96.39,96.39,51
1763471580,96.385,96.385,96.385,96.385,4
1763471640,96.385,96.385,96.385,96.385,1
1763471700,96.39,96.39,96.39,96.39,1
1763471760,96.39,96.39,96.39,96.39,48
1763472060,96.385,96.39,96.385,96.39,33
1763472120,96.39,96.39,96.39,96.39,100
1763472180,96.39,96.39,96.39,96.39,4
1763472240,96.385,96.39,96.385,96.39,59
1763472300,96.395,96.395,96.395,96.395,501
1763472360,96.395,96.395,96.395,96.395,64
1763472420,96.395,96.4,96.395,96.4,555
1763472480,96.395,96.395,96.395,96.395,414
1763472540,96.4,96.4,96.4,96.4,4
1763472600,96.405,96.405,96.4,96.4,369
1763472660,96.395,96.395,96.395,96.395,26
1763472720,96.395,96.395,96.395,96.395,175
1763472780,96.395,96.395,96.39,96.39,137
1763472840,96.395,96.395,96.39,96.39,3
1763472900,96.395,96.395,96.395,96.395,278
1763473200,96.4,96.4,96.4,96.4,53
1763473260,96.4,96.4,96.4,96.4,18
1763473380,96.4,96.4,96.4,96.4,80
1763473740,96.395,96.395,96.395,96.395,67
1763473860,96.4,96.4,96.4,96.4,35
1763474100,96.395,96.395,96.395,96.395,40
1763474340,96.395,96.395,96.395,96.395,1
1763474400,96.395,96.395,96.395,96.395,35
1763474460,96.395,96.395,96.395,96.395,142
1763474520,96.395,96.395,96.395,96.395,42
1763474580,96.395,96.395,96.395,96.395,56
1763474640,96.395,96.395,96.395,96.395,113
1763475000,96.395,96.395,96.395,96.395,1
1763475120,96.395,96.395,96.395,96.395,103
1763475180,96.395,96.395,96.395,96.395,1
1763475240,96.395,96.395,96.395,96.395,61
1763475300,96.395,96.395,96.395,96.395,2
1763475780,96.395,96.395,96.395,96.395,1
1763475960,96.395,96.395,96.395,96.395,23
1763476020,96.395,96.395,96.395,96.395,58
1763476080,96.395,96.395,96.395,96.395,41
1763476140,96.395,96.395,96.395,96.395,5
1763476200,96.395,96.395,96.395,96.395,145
1763476260,96.395,96.395,96.395,96.395,25
1763476320,96.39,96.39,96.39,96.39,31
1763476380,96.39,96.39,96.39,96.39,86
1763477400,96.39,96.39,96.39,96.39,1
1763477460,96.395,96.395,96.395,96.395,14
1763477700,96.4,96.4,96.4,96.4,142
1763477940,96.4,96.4,96.4,96.4,1
1763478000,96.4,96.4,96.4,96.4,61
1763478120,96.4,96.4,96.4,96.4,82
1763478180,96.4,96.4,96.4,96.4,84
1763478240,96.405,96.405,96.405,96.405,132
1763478300,96.4,96.4,96.4,96.4,68
1763478360,96.4,96.4,96.4,96.4,113
1763478420,96.395,96.395,96.395,96.395,17
1763478480,96.395,96.395,96.395,96.395,23
1763478540,96.395,96.395,96.395,96.395,98
1763478600,96.395,96.395,96.395,96.395,6
1763478660,96.395,96.395,96.395,96.395,2
1763478780,96.4,96.4,96.4,96.4,415
1763478960,96.4,96.4,96.4,96.4,22
1763479020,96.4,96.4,96.4,96.4,19
1763479200,96.395,96.395,96.395,96.395,1
1763479260,96.395,96.395,96.395,96.395,251
1763479320,96.395,96.395,96.395,96.395,65
1763479380,96.395,96.395,96.395,96.395,286
1763479440,96.395,96.395,96.395,96.395,33
1763479560,96.395,96.395,96.395,96.395,7
1763479620,96.395,96.395,96.395,96.395,39
1763479800,96.395,96.395,96.395,96.395,9
1763479860,96.4,96.4,96.4,96.4,161
1763479920,96.4,96.4,96.4,96.4,103
1763479980,96.4,96.4,96.4,96.4,134
1763480220,96.4,96.4,96.4,96.4,5
1763480400,96.4,96.4,96.4,96.4,10
1763480460,96.4,96.4,96.4,96.4,21
1763480520,96.4,96.4,96.4,96.4,13
1763480580,96.4,96.4,96.4,96.4,14
1763481000,96.4,96.4,96.4,96.4,2
1763481060,96.4,96.4,96.4,96.4,1
1763481480,96.395,96.395,96.395,96.395,21
1763481960,96.395,96.395,96.395,96.395,1
1763482020,96.395,96.395,96.395,96.395,77
1763482440,96.39,96.39,96.39,96.39,31
1763482500,96.39,96.39,96.39,96.39,45
1763482560,96.39,96.39,96.39,96.39,1
1763482620,96.39,96.39,96.39,96.39,30
1763482680,96.39,96.39,96.39,96.39,9
1763482740,96.39,96.39,96.39,96.39,79
1763482800,96.39,96.39,96.39,96.39,1
1763482860,96.39,96.39,96.39,96.39,5
1763483040,96.39,96.39,96.39,96.39,57
1763483220,96.385,96.385,96.385,96.385,1
1763483280,96.385,96.385,96.385,96.385,10
1763483340,96.385,96.385,96.385,96.385,31
1763483400,96.385,96.385,96.385,96.385,4
1763483520,96.385,96.385,96.385,96.385,89
1763483580,96.38,96.38,96.38,96.38,8
1763483640,96.385,96.385,96.385,96.385,73
1763483700,96.385,96.385,96.385,96.385,51
1763483760,96.385,96.385,96.385,96.385,42
1763484000,96.38,96.38,96.38,96.38,118
1763484120,96.38,96.38,96.38,96.38,43
1763484240,96.38,96.38,96.38,96.38,19
1763484420,96.385,96.385,96.385,96.385,75
1763484480,96.38,96.38,96.38,96.38,7
1763484660,96.38,96.38,96.38,96.38,2
1763484780,96.385,96.385,96.385,96.385,94
1763484840,96.385,96.385,96.385,96.385,126
1763484900,96.38,96.38,96.38,96.38,4
1763485800,96.385,96.385,96.38,96.38,40
1763486100,96.385,96.385,96.385,96.385,62
1763486400,96.38,96.38,96.38,96.38,10
1763486460,96.38,96.38,96.38,96.38,19
1763487660,96.38,96.38,96.38,96.38,209
1763487720,96.38,96.38,96.38,96.38,37
1763487840,96.38,96.38,96.38,96.38,7
1763488080,96.38,96.38,96.38,96.38,266
1763488140,96.38,96.38,96.38,96.38,66
1763488560,96.38,96.38,96.38,96.38,33
1763488620,96.38,96.38,96.38,96.38,38
1763488680,96.38,96.38,96.38,96.38,58
1763488740,96.38,96.38,96.38,96.38,26
1763488800,96.38,96.38,96.38,96.38,33
1763488860,96.38,96.38,96.38,96.38,76
1763488980,96.38,96.38,96.38,96.38,2
1763489100,96.38,96.38,96.38,96.38,158
1763489160,96.38,96.38,96.38,96.38,21
1763489220,96.38,96.38,96.38,96.38,11
1763489520,96.38,96.38,96.38,96.38,17
1763489640,96.38,96.38,96.38,96.38,10
1763489700,96.38,96.38,96.38,96.38,1
1763491320,96.38,96.38,96.38,96.38,1
1763491380,96.38,96.385,96.38,96.385,180
1763491440,96.385,96.385,96.385,96.385,21
1763491860,96.385,96.385,96.385,96.385,21
1763492040,96.385,96.385,96.385,96.385,8
1763493360,96.385,96.385,96.385,96.385,45
1763494380,96.39,96.39,96.39,96.39,2
1763494440,96.385,96.385,96.385,96.385,1
1763494500,96.385,96.385,96.385,96.385,1
1763494620,96.385,96.385,96.385,96.385,1
1763494800,96.385,96.385,96.385,96.385,1
1763495040,96.385,96.385,96.385,96.385,32
1763495640,96.385,96.385,96.385,96.385,71
1763496120,96.385,96.385,96.385,96.385,10
1763497500,96.385,96.385,96.385,96.385,1
1763497560,96.39,96.39,96.39,96.39,15
1763497620,96.385,96.385,96.385,96.385,1
1763498160,96.385,96.385,96.385,96.385,14
1763498280,96.385,96.385,96.385,96.385,1
1763498940,96.39,96.39,96.39,96.39,1
1763499000,96.39,96.39,96.39,96.39,3
1763499060,96.39,96.39,96.39,96.39,34
1763499120,96.385,96.385,96.385,96.385,1
1763499660,96.39,96.39,96.39,96.39,30
1763499720,96.39,96.39,96.39,96.39,4
1763499780,96.39,96.39,96.39,96.39,1
1763500080,96.39,96.39,96.39,96.39,876
1763500260,96.395,96.395,96.395,96.395,28
1763500320,96.395,96.395,96.395,96.395,2
1763500380,96.395,96.395,96.395,96.395,1
1763500680,96.39,96.39,96.39,96.39,5
1763500800,96.39,96.39,96.39,96.39,4
1763500920,96.39,96.39,96.385,96.385,3222
1763500980,96.385,96.385,96.385,96.385,84
1763501040,96.385,96.385,96.385,96.385,426
1763501160,96.385,96.385,96.385,96.385,66
1763501340,96.385,96.385,96.385,96.385,9
1763501460,96.385,96.385,96.385,96.385,12
1763501580,96.385,96.385,96.385,96.385,1
1763501640,96.385,96.385,96.385,96.385,5
1763502000,96.385,96.385,96.385,96.385,4
1763502660,96.385,96.385,96.385,96.385,240
1763502720,96.385,96.385,96.385,96.385,120
1763502840,96.385,96.385,96.385,96.385,6
1763502960,96.385,96.385,96.385,96.385,3
1763503140,96.385,96.385,96.385,96.385,93
1763506800,96.385,96.385,96.385,96.385,2
1763506860,96.385,96.385,96.385,96.385,9
1763506920,96.385,96.385,96.385,96.385,15
1763507280,96.385,96.385,96.385,96.385,38
1763509380,96.385,96.385,96.385,96.385,56
1763510100,96.385,96.385,96.385,96.385,53
1763510700,96.385,96.385,96.385,96.385,18
1763510940,96.385,96.385,96.385,96.385,15
1763511420,96.385,96.385,96.385,96.385,12
1763514840,96.385,96.385,96.385,96.385,10
1763515800,96.385,96.385,96.385,96.385,34
1763515860,96.385,96.385,96.385,96.385,4
1763516880,96.385,96.385,96.385,96.385,1
1763518500,96.385,96.385,96.385,96.385,1
1763518740,96.385,96.385,96.385,96.385,92
1763519280,96.385,96.385,96.38,96.385,71
1763521320,96.385,96.385,96.385,96.385,21
1763524740,96.385,96.385,96.385,96.385,1
1763524920,96.385,96.385,96.385,96.385,19
1763525040,96.385,96.385,96.385,96.385,1
1763529660,96.385,96.385,96.385,96.385,10
1763530260,96.385,96.385,96.385,96.385,4
1763530680,96.38,96.38,96.38,96.38,50
1763530800,96.385,96.385,96.385,96.385,145
1763531400,96.385,96.385,96.385,96.385,87
1763533380,96.385,96.385,96.385,96.385,3
1763533740,96.385,96.385,96.385,96.385,32
1763535780,96.38,96.38,96.38,96.38,1
1763537280,96.385,96.385,96.385,96.385,125
1763538960,96.385,96.385,96.385,96.385,107
1763539860,96.385,96.385,96.385,96.385,1
1763539920,96.39,96.39,96.39,96.39,1
1763540340,96.385,96.385,96.385,96.385,62
1763540640,96.38,96.38,96.38,96.38,1
1763540820,96.38,96.38,96.38,96.38,402
1763541060,96.38,96.38,96.38,96.38,51
1763541120,96.38,96.38,96.38,96.38,41
1763541180,96.38,96.38,96.38,96.38,5
1763541240,96.38,96.38,96.38,96.38,294
1763542500,96.38,96.38,96.38,96.38,92
1763542800,96.38,96.38,96.38,96.38,1
1763542860,96.38,96.38,96.38,96.38,104
1763543220,96.38,96.38,96.38,96.38,2
1763543340,96.38,96.38,96.38,96.38,2
1763543400,96.38,96.38,96.38,96.38,1
1763543460,96.38,96.38,96.38,96.38,2
1763543580,96.38,96.38,96.38,96.38,50
1763543700,96.38,96.38,96.38,96.38,5
1763543760,96.38,96.38,96.38,96.38,5
1763543880,96.38,96.38,96.38,96.38,3
1763544000,96.38,96.38,96.38,96.38,1
1763544060,96.38,96.38,96.38,96.38,1
1763544120,96.38,96.38,96.38,96.38,38
1763544300,96.38,96.38,96.38,96.38,3
1763544360,96.38,96.38,96.38,96.38,33
1763544420,96.38,96.38,96.38,96.38,43
1763544480,96.375,96.38,96.375,96.38,36
1763544600,96.38,96.38,96.38,96.38,277
1763544660,96.375,96.375,96.375,96.375,1
1763544720,96.38,96.38,96.375,96.375,14
1763544780,96.38,96.38,96.38,96.38,2
1763545140,96.38,96.38,96.38,96.38,2
1763545320,96.38,96.38,96.38,96.38,2
1763545440,96.38,96.38,96.38,96.38,5
1763545620,96.38,96.38,96.38,96.38,2
1763545740,96.38,96.38,96.38,96.38,1
1763545860,96.38,96.38,96.38,96.38,3
1763545980,96.38,96.38,96.38,96.38,2
1763546100,96.38,96.38,96.38,96.38,2
1763546220,96.38,96.38,96.38,96.38,1
1763546280,96.38,96.38,96.38,96.38,1
1763546340,96.38,96.38,96.38,96.38,1
1763546400,96.38,96.38,96.38,96.38,1
1763546460,96.38,96.38,96.38,96.38,2
1763546520,96.38,96.38,96.38,96.38,2
1763548800,96.38,96.38,96.38,96.38,313
1763549040,96.38,96.38,96.38,96.38,1
1763549640,96.38,96.38,96.38,96.38,87
1763551560,96.385,96.385,96.385,96.385,174
1763552040,96.385,96.385,96.385,96.385,3
1763552700,96.385,96.385,96.385,96.385,7
1763552940,96.385,96.385,96.385,96.385,27
1763553360,96.385,96.385,96.385,96.385,24
1763553480,96.385,96.385,96.385,96.385,81
1763553540,96.385,96.385,96.385,96.385,445
1763553660,96.385,96.385,96.385,96.385,8
1763554200,96.385,96.385,96.385,96.385,63
1763554260,96.385,96.385,96.385,96.385,6
1763554320,96.385,96.385,96.385,96.385,13
1763554920,96.385,96.385,96.385,96.385,2
1763554980,96.385,96.385,96.385,96.385,1
1763555040,96.385,96.385,96.385,96.385,2
1763555100,96.385,96.385,96.385,96.385,2
1763555160,96.385,96.385,96.385,96.385,2
1763555220,96.385,96.385,96.385,96.385,3
1763555280,96.385,96.385,96.385,96.385,2
1763555340,96.385,96.385,96.385,96.385,2
1763555400,96.385,96.385,96.385,96.385,2
1763555460,96.385,96.385,96.385,96.385,2
1763555520,96.385,96.385,96.385,96.385,3
1763555580,96.385,96.385,96.385,96.385,4
1763555640,96.385,96.385,96.385,96.385,3
1763555700,96.385,96.385,96.385,96.385,3
1763555760,96.385,96.385,96.385,96.385,4
1763555820,96.385,96.385,96.385,96.385,3
1763555880,96.385,96.385,96.385,96.385,4
1763555940,96.385,96.385,96.385,96.385,3
1763556000,96.385,96.385,96.385,96.385,3
1763556060,96.385,96.385,96.385,96.385,2
1763556120,96.385,96.385,96.385,96.385,2
1763556180,96.385,96.385,96.385,96.385,2
1763556240,96.385,96.385,96.385,96.385,2
1763556300,96.385,96.385,96.385,96.385,2
1763556360,96.385,96.385,96.385,96.385,3
1763556420,96.385,96.385,96.385,96.385,3
1763556480,96.385,96.385,96.385,96.385,4
1763556540,96.385,96.385,96.385,96.385,2
1763556600,96.385,96.385,96.385,96.385,4
1763556660,96.385,96.385,96.385,96.385,5
1763556720,96.385,96.385,96.385,96.385,5
1763556780,96.385,96.385,96.385,96.385,6
1763556840,96.385,96.385,96.385,96.385,5
1763556900,96.385,96.385,96.385,96.385,5
1763556960,96.385,96.385,96.385,96.385,5
1763557020,96.385,96.385,96.385,96.385,6
1763557080,96.385,96.385,96.385,96.385,4
1763557140,96.385,96.385,96.385,96.385,3
1763557200,96.385,96.385,96.385,96.385,5
1763557260,96.385,96.385,96.385,96.385,6
1763557320,96.385,96.385,96.385,96.385,4
1763557380,96.385,96.385,96.385,96.385,4
1763557440,96.385,96.385,96.385,96.385,4
1763557500,96.385,96.385,96.385,96.385,4
1763557560,96.385,96.385,96.385,96.385,6
1763557680,96.385,96.385,96.385,96.385,4
1763557740,96.385,96.385,96.385,96.385,4
1763557860,96.39,96.39,96.39,96.39,183
1763557920,96.39,96.39,96.39,96.39,3
1763557980,96.39,96.39,96.39,96.39,3
1763558040,96.39,96.39,96.39,96.39,3
1763558100,96.39,96.39,96.39,96.39,4
1763558160,96.39,96.39,96.39,96.39,3
1763558220,96.39,96.39,96.39,96.39,3
1763558280,96.39,96.39,96.39,96.39,3
1763558340,96.39,96.39,96.39,96.39,2
1763558400,96.39,96.39,96.39,96.39,2
1763558520,96.395,96.395,96.395,96.395,16
1763558700,96.39,96.39,96.39,96.39,2
1763558760,96.39,96.39,96.39,96.39,2
1763558820,96.39,96.39,96.39,96.39,3
1763558880,96.39,96.39,96.39,96.39,2
1763558940,96.39,96.39,96.39,96.39,7
1763559000,96.39,96.39,96.39,96.39,5
1763559060,96.39,96.39,96.39,96.39,5
1763559120,96.39,96.39,96.39,96.39,378
1763559180,96.39,96.39,96.39,96.39,17
1763559240,96.39,96.39,96.39,96.39,49
1763559300,96.39,96.39,96.39,96.39,1
1763559360,96.39,96.39,96.39,96.39,18
1763559420,96.39,96.39,96.39,96.39,26
1763559480,96.39,96.39,96.39,96.39,4
1763559540,96.39,96.39,96.39,96.39,5
1763559600,96.39,96.39,96.39,96.39,4
1763559660,96.39,96.39,96.39,96.39,2
1763559720,96.39,96.39,96.39,96.39,20
1763559780,96.39,96.39,96.39,96.39,4
1763559840,96.39,96.39,96.39,96.39,109
1763560140,96.39,96.39,96.39,96.39,28
1763560200,96.39,96.39,96.39,96.39,28
1763560260,96.39,96.39,96.39,96.39,163
1763560320,96.39,96.39,96.39,96.39,11
1763560440,96.39,96.39,96.39,96.39,56
1763560500,96.39,96.39,96.39,96.39,77
1763560560,96.39,96.39,96.39,96.39,8
1763560740,96.39,96.39,96.39,96.39,1
1763560800,96.39,96.39,96.39,96.39,212
1763560860,96.39,96.39,96.39,96.39,9
1763560920,96.385,96.385,96.385,96.385,2
1763560980,96.385,96.385,96.385,96.385,2
1763561100,96.385,96.385,96.385,96.385,1
1763561160,96.385,96.385,96.385,96.385,1
1763561220,96.385,96.385,96.385,96.385,2
1763561280,96.385,96.385,96.385,96.385,1
1763561340,96.385,96.385,96.385,96.385,1
1763561400,96.385,96.385,96.385,96.385,1
1763561880,96.385,96.385,96.385,96.385,1
1763562060,96.385,96.385,96.385,96.385,1
1763562240,96.39,96.39,96.39,96.39,303
1763562300,96.39,96.39,96.39,96.39,64
1763562360,96.39,96.39,96.39,96.39,4
1763562480,96.39,96.39,96.39,96.39,56
1763562600,96.39,96.39,96.39,96.39,243
1763562720,96.39,96.39,96.39,96.39,420
1763562840,96.39,96.39,96.39,96.39,241
1763562900,96.385,96.385,96.385,96.385,3
1763562960,96.385,96.385,96.385,96.385,74
1763563020,96.385,96.385,96.385,96.385,11
1763563080,96.385,96.385,96.385,96.385,29
1763563140,96.385,96.385,96.385,96.385,15
1763563200,96.385,96.385,96.385,96.385,87
1763563260,96.385,96.385,96.385,96.385,332
1763563380,96.385,96.385,96.385,96.385,185
1763563440,96.385,96.385,96.385,96.385,113
1763563620,96.385,96.385,96.385,96.385,1
1763563740,96.38,96.38,96.38,96.38,45
1763563800,96.38,96.38,96.38,96.38,2
1763563860,96.38,96.38,96.38,96.38,1
1763563920,96.38,96.38,96.38,96.38,260
1763563980,96.38,96.38,96.38,96.38,380
1763564100,96.38,96.38,96.38,96.38,13
1763564220,96.38,96.38,96.38,96.38,5
1763564340,96.375,96.375,96.375,96.375,3
1763564400,96.375,96.375,96.375,96.375,1
1763564460,96.375,96.375,96.375,96.375,2
1763564520,96.375,96.375,96.375,96.375,3
1763564580,96.375,96.375,96.375,96.375,2
1763564640,96.375,96.375,96.375,96.375,2
1763564700,96.375,96.375,96.375,96.375,6
1763564760,96.375,96.375,96.375,96.375,595
1763564820,96.375,96.38,96.375,96.38,3337
1763565000,96.38,96.38,96.38,96.38,59
1763565120,96.38,96.38,96.375,96.375,100
1763565420,96.38,96.38,96.38,96.38,1
1763565720,96.38,96.38,96.38,96.38,27
1763565780,96.38,96.38,96.38,96.38,66
1763566080,96.38,96.38,96.38,96.38,1
1763566260,96.38,96.38,96.38,96.38,1
1763566440,96.38,96.38,96.375,96.375,3
1763566500,96.38,96.38,96.38,96.38,1
1763566860,96.38,96.38,96.38,96.38,108
1763566920,96.38,96.38,96.38,96.38,215
1763566980,96.38,96.38,96.38,96.38,325
1763567040,96.38,96.38,96.38,96.38,10
1763567100,96.38,96.38,96.38,96.38,344
1763567400,96.38,96.38,96.38,96.38,596
1763567460,96.38,96.38,96.38,96.38,17
1763567520,96.38,96.38,96.38,96.38,325
1763567580,96.38,96.38,96.38,96.38,21
1763567640,96.38,96.38,96.38,96.38,1
1763567700,96.38,96.38,96.38,96.38,10
1763567760,96.38,96.38,96.38,96.38,2
1763567820,96.38,96.38,96.38,96.38,10
1763567880,96.38,96.38,96.38,96.38,7
1763567940,96.38,96.38,96.38,96.38,3
1763568060,96.38,96.38,96.38,96.38,151
1763568120,96.38,96.38,96.38,96.38,15
1763568180,96.38,96.38,96.38,96.38,4
1763568540,96.38,96.38,96.38,96.38,9
1763568600,96.38,96.38,96.38,96.38,168
1763568660,96.38,96.38,96.38,96.38,731
1763568720,96.38,96.38,96.38,96.38,5
1763568780,96.38,96.38,96.38,96.38,1067
1763568960,96.38,96.38,96.38,96.38,119
1763569020,96.38,96.38,96.38,96.38,18
1763569080,96.38,96.38,96.38,96.38,4
1763569140,96.38,96.38,96.38,96.38,449
1763569200,96.38,96.38,96.38,96.38,47
1763569260,96.38,96.38,96.38,96.38,158
1763569320,96.38,96.38,96.38,96.38,188
1763569380,96.38,96.38,96.38,96.38,137
1763569440,96.38,96.38,96.38,96.38,32
1763569500,96.38,96.38,96.38,96.38,2
1763569560,96.38,96.38,96.38,96.38,2
1763569620,96.38,96.38,96.38,96.38,1024
1763569680,96.38,96.38,96.38,96.38,2
1763569800,96.38,96.38,96.38,96.38,1
1763569860,96.38,96.38,96.38,96.38,611
1763569920,96.38,96.38,96.38,96.38,51
1763569980,96.38,96.38,96.38,96.38,18
1763570040,96.38,96.38,96.38,96.38,509
1763570100,96.38,96.38,96.38,96.38,1
1763570160,96.38,96.38,96.38,96.38,1
1763570280,96.38,96.38,96.38,96.38,6
1763570340,96.38,96.38,96.38,96.38,2
1763570400,96.38,96.38,96.38,96.38,331
1763570460,96.38,96.38,96.38,96.38,33
1763570520,96.38,96.38,96.38,96.38,1
1763570700,96.38,96.38,96.38,96.38,111
1763570760,96.38,96.38,96.38,96.38,30
1763571000,96.38,96.38,96.38,96.38,483
1763571060,96.38,96.38,96.38,96.38,288
1763571120,96.38,96.38,96.38,96.38,17
1763571180,96.38,96.38,96.38,96.38,45
1763571300,96.38,96.38,96.38,96.38,8
1763571360,96.38,96.38,96.38,96.38,367
1763571420,96.38,96.38,96.38,96.38,81
1763571480,96.38,96.38,96.38,96.38,66
1763571540,96.38,96.38,96.38,96.38,64
1763571600,96.38,96.38,96.38,96.38,1
1763571660,96.38,96.38,96.38,96.38,1
1763572500,96.38,96.38,96.38,96.38,2
1763572560,96.38,96.38,96.38,96.38,1
1763572620,96.38,96.38,96.38,96.38,14
1763572740,96.38,96.38,96.375,96.375,1365
1763572800,96.375,96.375,96.37,96.37,614
1763572860,96.37,96.37,96.37,96.37,265
1763572920,96.37,96.37,96.36,96.36,1062
1763572980,96.355,96.365,96.355,96.365,576
1763573040,96.365,96.365,96.365,96.365,364
1763573100,96.365,96.365,96.355,96.355,1904
1763573160,96.36,96.36,96.36,96.36,89
1763573220,96.365,96.365,96.365,96.365,3
1763573280,96.365,96.365,96.365,96.365,296
1763573520,96.365,96.365,96.36,96.36,33
1763573580,96.365,96.365,96.36,96.36,7
1763573640,96.365,96.365,96.36,96.36,11
1763573700,96.36,96.36,96.355,96.36,632
1763573760,96.36,96.36,96.36,96.36,536
1763573820,96.36,96.36,96.36,96.36,87
1763573880,96.36,96.36,96.36,96.36,332
1763573940,96.365,96.365,96.365,96.365,126
1763574000,96.365,96.365,96.365,96.365,620
1763574240,96.365,96.365,96.365,96.365,238
1763574300,96.365,96.365,96.365,96.365,166
1763574360,96.365,96.365,96.365,96.365,37
1763574420,96.365,96.365,96.365,96.365,77
1763574480,96.37,96.37,96.37,96.37,1
1763574540,96.37,96.37,96.37,96.37,6
1763574660,96.365,96.365,96.365,96.365,92
1763574720,96.365,96.365,96.365,96.365,142
1763574780,96.365,96.365,96.365,96.365,54
1763574840,96.365,96.365,96.365,96.365,6
1763574900,96.365,96.365,96.365,96.365,35
1763575140,96.365,96.365,96.365,96.365,69
1763575500,96.365,96.365,96.365,96.365,253
1763575560,96.365,96.365,96.365,96.365,39
1763575620,96.365,96.365,96.365,96.365,10
1763575740,96.37,96.37,96.37,96.37,215
1763575800,96.37,96.37,96.37,96.37,12
1763575860,96.37,96.37,96.37,96.37,17
1763575920,96.37,96.37,96.37,96.37,37
1763575980,96.37,96.37,96.37,96.37,8
1763576040,96.37,96.37,96.37,96.37,29
1763576280,96.375,96.375,96.375,96.375,144
1763576340,96.375,96.375,96.375,96.375,25
1763576400,96.37,96.37,96.37,96.37,4
1763576760,96.37,96.37,96.37,96.37,1
1763577000,96.375,96.375,96.375,96.375,67
1763577540,96.38,96.38,96.38,96.38,221
1763577600,96.38,96.38,96.38,96.38,109
1763577660,96.38,96.38,96.38,96.38,10
1763578140,96.385,96.385,96.385,96.385,8
1763578320,96.38,96.38,96.375,96.38,324
1763578440,96.38,96.38,96.38,96.38,21
1763578500,96.375,96.375,96.375,96.375,9
1763578740,96.375,96.375,96.375,96.375,256
1763578800,96.37,96.375,96.365,96.375,763
1763578860,96.375,96.375,96.37,96.375,100
1763578920,96.37,96.37,96.365,96.37,42
1763578980,96.37,96.37,96.36,96.365,413
1763579040,96.365,96.365,96.365,96.365,37
1763579100,96.37,96.37,96.37,96.37,99
1763579160,96.37,96.37,96.37,96.37,108
1763579220,96.37,96.37,96.37,96.37,83
1763579340,96.37,96.37,96.37,96.37,29
1763579400,96.37,96.37,96.37,96.37,300
1763579520,96.37,96.37,96.37,96.37,216
1763579580,96.37,96.375,96.37,96.37,20
1763579640,96.37,96.37,96.37,96.37,5
1763579700,96.37,96.37,96.37,96.37,20
1763579760,96.37,96.37,96.37,96.37,3
1763579820,96.37,96.37,96.37,96.37,55
1763579940,96.365,96.365,96.365,96.365,45
1763580060,96.365,96.365,96.365,96.365,2
1763580240,96.365,96.365,96.365,96.365,30
1763580420,96.37,96.37,96.37,96.37,49
1763580540,96.365,96.365,96.365,96.365,413
1763580600,96.365,96.365,96.365,96.365,744
1763581200,96.365,96.365,96.365,96.365,44
1763581320,96.365,96.365,96.365,96.365,5
1763581560,96.365,96.365,96.365,96.365,1172
1763581620,96.365,96.365,96.36,96.365,322
1763581920,96.365,96.365,96.365,96.365,3
1763582040,96.365,96.365,96.365,96.365,30
1763582100,96.365,96.365,96.36,96.36,136
1763582160,96.365,96.365,96.365,96.365,18
1763582280,96.365,96.365,96.365,96.365,123
1763582340,96.365,96.365,96.365,96.365,47
1763582400,96.365,96.365,96.36,96.36,19
1763582520,96.365,96.365,96.365,96.365,47
1763582580,96.365,96.365,96.365,96.365,12
1763582640,96.365,96.365,96.365,96.365,17
1763582880,96.365,96.365,96.365,96.365,1
1763582940,96.365,96.365,96.365,96.365,1
1763583000,96.37,96.37,96.37,96.37,2403
1763583060,96.37,96.37,96.37,96.37,149
1763583120,96.37,96.37,96.37,96.37,40
1763583480,96.37,96.37,96.37,96.37,20
1763583540,96.37,96.37,96.37,96.37,2
1763583780,96.37,96.37,96.37,96.37,13
1763584080,96.375,96.375,96.375,96.375,61
1763584140,96.375,96.375,96.375,96.375,22
1763584440,96.37,96.37,96.37,96.37,1
1763584500,96.375,96.375,96.375,96.375,72
1763584560,96.375,96.375,96.375,96.375,4
1763584740,96.375,96.375,96.375,96.375,2
1763584800,96.375,96.375,96.375,96.375,50
1763584920,96.375,96.375,96.375,96.375,17
1763585040,96.375,96.375,96.375,96.375,5
1763585340,96.375,96.375,96.375,96.375,34
1763585640,96.375,96.375,96.375,96.375,35
1763585700,96.375,96.375,96.375,96.375,33
1763585760,96.375,96.375,96.375,96.375,1
1763585820,96.375,96.375,96.375,96.375,5
1763586000,96.375,96.375,96.375,96.375,3
1763586240,96.375,96.375,96.375,96.375,5
1763586720,96.375,96.375,96.375,96.375,83
1763586840,96.375,96.375,96.375,96.375,24
1763587140,96.375,96.375,96.375,96.375,8
1763587200,96.37,96.37,96.37,96.37,563
1763587260,96.37,96.37,96.37,96.37,101
1763587320,96.37,96.37,96.37,96.37,87
1763587740,96.37,96.37,96.37,96.37,2463
1763587800,96.37,96.37,96.37,96.37,29
1763587980,96.37,96.37,96.37,96.37,264
1763588160,96.37,96.37,96.37,96.37,137
1763588280,96.37,96.37,96.37,96.37,139
1763588460,96.37,96.37,96.37,96.37,1
1763588520,96.37,96.37,96.37,96.37,12
1763588580,96.37,96.37,96.37,96.37,47
1763588640,96.37,96.37,96.37,96.37,76
1763588700,96.37,96.37,96.37,96.37,34
1763589420,96.37,96.37,96.37,96.37,115
1763589480,96.37,96.37,96.37,96.37,1
1763589540,96.37,96.37,96.37,96.37,24
1763594280,96.37,96.37,96.37,96.37,1
1763594340,96.37,96.37,96.365,96.37,62
1763594400,96.37,96.37,96.37,96.37,19
1763594460,96.37,96.37,96.37,96.37,8
1763595660,96.365,96.365,96.365,96.365,148
1763595720,96.365,96.365,96.365,96.365,26
1763598000,96.36,96.36,96.36,96.36,3
1763598060,96.36,96.36,96.36,96.36,10
1763598360,96.36,96.36,96.36,96.36,10
1763598720,96.36,96.36,96.36,96.36,13
1763603340,96.36,96.36,96.36,96.36,1
1763605200,96.36,96.36,96.36,96.36,4
1763605260,96.36,96.36,96.36,96.36,3
1763605800,96.36,96.36,96.36,96.36,3
1763607540,96.36,96.36,96.36,96.36,137
1763611920,96.36,96.36,96.36,96.36,47
1763614260,96.36,96.36,96.36,96.36,1
1763614800,96.36,96.36,96.36,96.36,15
1763614980,96.36,96.36,96.355,96.355,205
1763615460,96.36,96.36,96.36,96.36,3
1763615580,96.36,96.36,96.36,96.36,7
1763615640,96.36,96.36,96.36,96.36,13
1763617140,96.36,96.36,96.36,96.36,37
1763618760,96.36,96.36,96.36,96.36,16
1763619000,96.36,96.36,96.36,96.36,30
1763619960,96.355,96.355,96.355,96.355,55
1763620200,96.36,96.36,96.36,96.36,2
1763620980,96.36,96.36,96.36,96.36,283
1763622240,96.355,96.355,96.355,96.355,38
1763623440,96.355,96.355,96.355,96.355,87
1763624160,96.355,96.355,96.355,96.355,112
1763624400,96.355,96.355,96.355,96.355,294
1763624460,96.355,96.355,96.355,96.355,1
1763624640,96.355,96.355,96.355,96.355,60
1763624700,96.355,96.355,96.355,96.355,173
1763624940,96.355,96.355,96.355,96.355,2
1763625060,96.36,96.365,96.36,96.365,1111
1763625120,96.36,96.36,96.36,96.36,66
1763625240,96.36,96.36,96.36,96.36,519
1763625300,96.36,96.36,96.36,96.36,117
1763625360,96.36,96.36,96.36,96.36,20
1763625420,96.36,96.36,96.36,96.36,32
1763625480,96.36,96.36,96.36,96.36,81
1763625600,96.365,96.365,96.365,96.365,12
1763625660,96.365,96.365,96.365,96.365,74
1763625960,96.365,96.365,96.365,96.365,6
1763626020,96.365,96.365,96.365,96.365,7
1763626320,96.365,96.365,96.365,96.365,1
1763626380,96.365,96.365,96.365,96.365,1
1763626680,96.365,96.365,96.365,96.365,2
1763626860,96.365,96.365,96.365,96.365,19
1763627160,96.365,96.365,96.36,96.36,43
1763627400,96.365,96.365,96.365,96.365,34
1763627460,96.365,96.365,96.365,96.365,52
1763627520,96.365,96.365,96.365,96.365,77
1763627580,96.365,96.365,96.365,96.365,15
1763628300,96.365,96.365,96.365,96.365,100
1763628480,96.365,96.365,96.365,96.365,7
1763628840,96.365,96.365,96.365,96.365,2
1763628960,96.365,96.365,96.365,96.365,33
1763629080,96.365,96.365,96.365,96.365,15
1763629260,96.36,96.36,96.36,96.36,10
1763629620,96.36,96.36,96.36,96.36,2
1763629860,96.36,96.36,96.36,96.36,2
1763630040,96.36,96.36,96.355,96.355,244
1763630160,96.355,96.355,96.355,96.355,295
1763630340,96.355,96.355,96.355,96.355,141
1763630400,96.355,96.355,96.355,96.355,34
1763630460,96.355,96.355,96.355,96.355,77
1763630520,96.355,96.355,96.355,96.355,107
1763630580,96.355,96.355,96.355,96.355,10
1763630640,96.355,96.355,96.355,96.355,14
1763630700,96.355,96.355,96.355,96.355,4
1763630760,96.355,96.355,96.355,96.355,10
1763630820,96.355,96.355,96.355,96.355,224
1763630940,96.35,96.35,96.35,96.35,5
1763631060,96.35,96.355,96.35,96.355,100
1763631240,96.355,96.355,96.355,96.355,4
1763631420,96.355,96.355,96.355,96.355,53
1763631780,96.355,96.355,96.355,96.355,40
1763631840,96.355,96.355,96.355,96.355,6
1763631960,96.355,96.355,96.355,96.355,56
1763632020,96.355,96.355,96.355,96.355,24
1763632080,96.355,96.355,96.355,96.355,5
1763632260,96.355,96.355,96.355,96.355,4
1763632320,96.355,96.355,96.355,96.355,5
1763632440,96.355,96.355,96.355,96.355,57
1763632500,96.355,96.355,96.355,96.355,32
1763632800,96.355,96.355,96.35,96.35,135
1763632860,96.355,96.355,96.35,96.35,50
1763632920,96.355,96.355,96.355,96.355,1
1763633100,96.355,96.355,96.355,96.355,143
1763633160,96.355,96.355,96.355,96.355,386
1763633220,96.355,96.355,96.355,96.355,347
1763633700,96.355,96.355,96.355,96.355,6
1763633880,96.355,96.355,96.355,96.355,8
1763634180,96.355,96.355,96.355,96.355,1
1763634960,96.355,96.355,96.355,96.355,4
1763635200,96.355,96.355,96.355,96.355,1
1763635500,96.355,96.355,96.355,96.355,2
1763635980,96.355,96.355,96.355,96.355,3
1763636100,96.355,96.355,96.355,96.355,160
1763636220,96.355,96.355,96.355,96.355,20
1763636760,96.355,96.355,96.355,96.355,29
1763636820,96.355,96.355,96.355,96.355,10
1763637180,96.355,96.355,96.355,96.355,10
1763637540,96.355,96.355,96.355,96.355,43
1763637600,96.355,96.355,96.355,96.355,8
1763637660,96.355,96.355,96.355,96.355,3
1763638680,96.35,96.35,96.35,96.35,10
1763638800,96.35,96.35,96.35,96.35,1
1763639040,96.35,96.35,96.35,96.35,133
1763639100,96.35,96.35,96.35,96.35,2
1763639280,96.35,96.35,96.35,96.35,182
1763639460,96.35,96.35,96.35,96.35,203
1763639580,96.35,96.35,96.35,96.35,96
1763639700,96.35,96.35,96.35,96.35,40
1763639760,96.345,96.345,96.345,96.345,56
1763639820,96.345,96.345,96.345,96.345,158
1763640120,96.345,96.345,96.345,96.345,6
1763640600,96.345,96.345,96.345,96.345,1
1763640960,96.345,96.345,96.345,96.345,2
1763641080,96.345,96.345,96.345,96.345,64
1763641860,96.345,96.345,96.345,96.345,88
1763641980,96.345,96.345,96.345,96.345,1
1763642400,96.35,96.35,96.35,96.35,10
1763642580,96.345,96.345,96.345,96.345,4
1763642760,96.35,96.35,96.35,96.35,1
1763642880,96.35,96.35,96.35,96.35,243
1763642940,96.35,96.35,96.35,96.35,17
1763643000,96.35,96.35,96.35,96.35,85
1763643060,96.35,96.35,96.35,96.35,42
1763643300,96.35,96.35,96.35,96.35,20
1763643480,96.35,96.35,96.35,96.35,1
1763643600,96.35,96.35,96.35,96.35,322
1763643720,96.35,96.35,96.35,96.35,7
1763643780,96.355,96.355,96.355,96.355,5
1763643900,96.35,96.35,96.35,96.35,1
1763644020,96.35,96.35,96.35,96.35,34
1763644260,96.355,96.355,96.355,96.355,480
1763644320,96.35,96.35,96.35,96.35,1
1763644440,96.35,96.35,96.35,96.35,2
1763644560,96.35,96.35,96.35,96.35,4
1763644620,96.35,96.35,96.35,96.35,2
1763644680,96.355,96.355,96.35,96.35,13
1763644800,96.35,96.35,96.35,96.35,258
1763644860,96.35,96.35,96.35,96.35,27
1763644920,96.35,96.35,96.35,96.35,1
1763644980,96.35,96.35,96.35,96.35,247
1763645100,96.35,96.35,96.35,96.35,107
1763645160,96.35,96.35,96.35,96.35,289
1763645220,96.35,96.35,96.35,96.35,101
1763645340,96.35,96.35,96.35,96.35,39
1763645400,96.365,96.39,96.315,96.38,2743
1763645460,96.38,96.395,96.375,96.39,916
1763645520,96.385,96.39,96.38,96.38,2631
1763645580,96.38,96.38,96.375,96.375,559
1763645640,96.375,96.38,96.375,96.38,131
1763645700,96.38,96.39,96.38,96.39,205
1763645760,96.385,96.385,96.385,96.385,80
1763645820,96.39,96.39,96.39,96.39,94
1763645880,96.39,96.395,96.39,96.395,314
1763645940,96.395,96.4,96.395,96.4,127
1763646000,96.4,96.4,96.4,96.4,218
1763646060,96.4,96.4,96.395,96.395,312
1763646120,96.395,96.395,96.39,96.395,329
1763646180,96.395,96.395,96.39,96.39,62
1763646240,96.39,96.39,96.39,96.39,717
1763646300,96.385,96.385,96.385,96.385,113
1763646360,96.385,96.385,96.385,96.385,39
1763646420,96.38,96.38,96.38,96.38,319
1763646540,96.38,96.38,96.38,96.38,8
1763646600,96.385,96.39,96.385,96.385,1343
1763646660,96.385,96.39,96.385,96.385,567
1763646720,96.385,96.385,96.385,96.385,332
1763646780,96.385,96.385,96.385,96.385,382
1763646840,96.385,96.385,96.385,96.385,30
1763646900,96.385,96.385,96.385,96.385,129
1763646960,96.385,96.385,96.385,96.385,121
1763647080,96.385,96.385,96.385,96.385,4
1763647140,96.385,96.39,96.385,96.39,52
1763647260,96.385,96.39,96.385,96.385,15
1763647440,96.385,96.385,96.385,96.385,4
1763647500,96.385,96.385,96.385,96.385,201
1763647680,96.39,96.39,96.39,96.39,45
1763647740,96.385,96.385,96.385,96.385,12
1763647800,96.385,96.385,96.385,96.385,182
1763647860,96.385,96.385,96.385,96.385,221
1763647920,96.38,96.385,96.38,96.38,32
1763647980,96.38,96.38,96.38,96.38,398
1763648040,96.38,96.385,96.38,96.385,99
1763648100,96.385,96.385,96.385,96.385,36
1763648160,96.385,96.385,96.385,96.385,8
1763648280,96.38,96.385,96.38,96.385,517
1763648340,96.385,96.385,96.385,96.385,61
1763648400,96.385,96.385,96.385,96.385,501
1763648460,96.385,96.385,96.385,96.385,1
1763648700,96.385,96.385,96.385,96.385,164
1763648760,96.385,96.385,96.385,96.385,20
1763648820,96.385,96.385,96.385,96.385,102
1763648880,96.385,96.385,96.385,96.385,42
1763648940,96.385,96.39,96.385,96.39,101
1763649000,96.385,96.39,96.385,96.385,221
1763649060,96.385,96.39,96.385,96.39,147
1763649120,96.39,96.39,96.39,96.39,366
1763649180,96.39,96.395,96.39,96.39,64
1763649240,96.39,96.39,96.39,96.39,339
1763649300,96.39,96.39,96.39,96.39,113
1763649360,96.395,96.395,96.39,96.39,319
1763649420,96.39,96.39,96.39,96.39,170
1763649480,96.39,96.39,96.39,96.39,191
1763649540,96.39,96.39,96.39,96.39,4
1763649600,96.39,96.39,96.39,96.39,563
1763649660,96.39,96.39,96.39,96.39,195
1763649720,96.39,96.39,96.39,96.39,138
1763649780,96.39,96.39,96.39,96.39,24
1763649840,96.39,96.39,96.39,96.39,7
1763649960,96.39,96.39,96.39,96.39,429
1763650020,96.39,96.39,96.39,96.39,133
1763650080,96.39,96.39,96.39,96.39,170
1763650140,96.39,96.39,96.39,96.39,449
1763650200,96.39,96.39,96.385,96.385,57
1763650380,96.39,96.39,96.39,96.39,30
1763650440,96.39,96.39,96.39,96.39,82
1763650500,96.39,96.39,96.39,96.39,12
1763650620,96.385,96.385,96.385,96.385,178
1763650680,96.39,96.39,96.39,96.39,8
1763650800,96.385,96.385,96.385,96.385,1
1763650860,96.385,96.385,96.385,96.385,7
1763650920,96.385,96.385,96.385,96.385,1
1763650980,96.385,96.385,96.385,96.385,18
1763651040,96.385,96.385,96.385,96.385,2
1763651100,96.385,96.385,96.385,96.385,39
1763651280,96.39,96.39,96.385,96.39,15
1763651460,96.385,96.385,96.385,96.385,1
1763651520,96.385,96.385,96.385,96.385,789
1763651580,96.385,96.385,96.385,96.385,37
1763651640,96.385,96.385,96.385,96.385,25
1763651700,96.385,96.385,96.385,96.385,2
1763651760,96.385,96.385,96.385,96.385,1
1763651820,96.385,96.385,96.385,96.385,146
1763651940,96.385,96.385,96.385,96.385,1
1763652000,96.38,96.38,96.38,96.38,158
1763652060,96.385,96.385,96.385,96.385,684
1763652120,96.385,96.385,96.385,96.385,36
1763652180,96.385,96.385,96.385,96.385,70
1763652360,96.385,96.385,96.38,96.38,145
1763652420,96.385,96.385,96.385,96.385,4
1763652540,96.385,96.385,96.385,96.385,212
1763652600,96.385,96.385,96.385,96.385,148
1763652660,96.38,96.38,96.38,96.38,15
1763653020,96.38,96.38,96.38,96.38,143
1763653140,96.38,96.38,96.38,96.38,6
1763653260,96.38,96.38,96.38,96.38,10
1763653320,96.38,96.385,96.38,96.385,106
1763653380,96.38,96.38,96.38,96.38,3
1763653500,96.38,96.38,96.38,96.38,261
1763653560,96.375,96.375,96.375,96.375,1
1763653620,96.375,96.375,96.375,96.375,1124
1763653680,96.375,96.375,96.375,96.375,35
1763654100,96.375,96.375,96.375,96.375,1
1763654160,96.375,96.375,96.375,96.375,1
1763654280,96.375,96.38,96.375,96.38,101
1763654340,96.38,96.38,96.38,96.38,700
1763654400,96.38,96.38,96.38,96.38,1
1763654640,96.385,96.385,96.385,96.385,136
1763654700,96.385,96.385,96.385,96.385,224
1763654820,96.385,96.385,96.385,96.385,127
1763654880,96.385,96.39,96.385,96.39,1222
1763655180,96.39,96.39,96.39,96.39,2
1763655240,96.39,96.39,96.39,96.39,33
1763655300,96.39,96.39,96.39,96.39,226
1763655360,96.39,96.39,96.39,96.39,204
1763655420,96.39,96.39,96.39,96.39,405
1763655480,96.39,96.39,96.39,96.39,143
1763655540,96.385,96.385,96.385,96.385,31
1763655600,96.385,96.385,96.385,96.385,656
1763655960,96.385,96.385,96.385,96.385,173
1763656020,96.385,96.385,96.385,96.385,48
1763656080,96.385,96.385,96.38,96.38,774
1763656260,96.38,96.38,96.38,96.38,1
1763656500,96.385,96.385,96.385,96.385,262
1763656560,96.385,96.385,96.385,96.385,82
1763656680,96.38,96.38,96.38,96.38,204
1763656740,96.38,96.38,96.38,96.38,245
1763656800,96.38,96.385,96.38,96.385,120
1763656920,96.385,96.385,96.385,96.385,46
1763656980,96.38,96.38,96.38,96.38,3
1763657040,96.38,96.38,96.38,96.38,33
1763657160,96.38,96.38,96.38,96.38,58
1763657220,96.38,96.38,96.38,96.38,4
1763657280,96.38,96.38,96.38,96.38,26
1763657340,96.38,96.38,96.38,96.38,41
1763657460,96.38,96.38,96.38,96.38,332
1763657520,96.38,96.38,96.38,96.38,26
1763657580,96.38,96.38,96.38,96.38,4
1763657640,96.38,96.38,96.38,96.38,25
1763657700,96.385,96.385,96.385,96.385,440
1763657760,96.385,96.385,96.385,96.385,497
1763657820,96.385,96.385,96.385,96.385,425
1763657880,96.385,96.385,96.385,96.385,805
1763657940,96.385,96.39,96.385,96.39,350
1763658000,96.385,96.385,96.385,96.385,20
1763658060,96.385,96.385,96.385,96.385,154
1763658120,96.385,96.385,96.385,96.385,25
1763658180,96.385,96.385,96.385,96.385,56
1763658240,96.385,96.385,96.385,96.385,4
1763658480,96.385,96.385,96.385,96.385,1
1763658660,96.39,96.39,96.385,96.385,150
1763658720,96.39,96.395,96.39,96.395,280
1763658780,96.395,96.395,96.395,96.395,34
1763658840,96.395,96.4,96.395,96.395,781
1763658900,96.395,96.4,96.395,96.395,114
1763658960,96.4,96.4,96.4,96.4,632
1763659020,96.4,96.4,96.4,96.4,463
1763659080,96.395,96.395,96.395,96.395,39
1763659140,96.395,96.395,96.395,96.395,42
1763659200,96.395,96.4,96.395,96.4,1190
1763659260,96.395,96.395,96.395,96.395,627
1763659320,96.395,96.395,96.395,96.395,165
1763659380,96.395,96.395,96.395,96.395,300
1763659440,96.395,96.395,96.395,96.395,41
1763659500,96.395,96.395,96.395,96.395,478
1763659680,96.39,96.39,96.39,96.39,1
1763659800,96.39,96.39,96.39,96.39,3
1763659980,96.395,96.395,96.395,96.395,143
1763660280,96.395,96.395,96.395,96.395,25
1763660340,96.395,96.395,96.395,96.395,109
1763660580,96.395,96.395,96.395,96.395,74
1763660640,96.395,96.395,96.395,96.395,1
1763660700,96.395,96.395,96.395,96.395,57
1763660940,96.395,96.395,96.395,96.395,8
1763661000,96.395,96.395,96.395,96.395,32
1763661360,96.39,96.39,96.39,96.39,20
1763661420,96.39,96.39,96.39,96.39,1
1763661480,96.39,96.39,96.39,96.39,34
1763661540,96.39,96.39,96.39,96.39,110
1763661600,96.39,96.39,96.39,96.39,159
1763661720,96.39,96.39,96.39,96.39,324
1763661840,96.39,96.39,96.39,96.39,15
1763661900,96.39,96.39,96.39,96.39,57
1763662080,96.385,96.385,96.385,96.385,3
1763662140,96.385,96.39,96.385,96.385,223
1763662260,96.38,96.38,96.38,96.38,70
1763662320,96.38,96.38,96.38,96.38,935
1763662380,96.38,96.38,96.38,96.38,199
1763662440,96.38,96.38,96.38,96.38,656
1763662500,96.38,96.38,96.38,96.38,93
1763662560,96.38,96.38,96.38,96.38,58
1763662620,96.38,96.38,96.38,96.38,240
1763662680,96.385,96.385,96.385,96.385,492
1763662860,96.38,96.38,96.38,96.38,2
1763662920,96.38,96.38,96.38,96.38,466
1763662980,96.38,96.38,96.38,96.38,33
1763663040,96.38,96.38,96.38,96.38,8
1763663460,96.38,96.38,96.38,96.38,6
1763663520,96.38,96.38,96.38,96.38,3
1763664000,96.385,96.385,96.385,96.385,131
1763664120,96.385,96.385,96.38,96.38,59
1763664180,96.385,96.385,96.385,96.385,28
1763664240,96.385,96.385,96.385,96.385,1
1763664300,96.385,96.385,96.38,96.385,60
1763664360,96.385,96.385,96.385,96.385,127
1763664420,96.385,96.385,96.385,96.385,2
1763664660,96.385,96.385,96.385,96.385,17
1763664720,96.385,96.385,96.385,96.385,37
1763664780,96.39,96.39,96.39,96.39,43
1763665020,96.385,96.385,96.385,96.385,149
1763665320,96.385,96.385,96.385,96.385,2
1763665440,96.385,96.385,96.385,96.385,7
1763665680,96.385,96.39,96.385,96.39,53
1763665740,96.385,96.385,96.385,96.385,9
1763665800,96.385,96.385,96.385,96.385,1
1763665860,96.385,96.385,96.385,96.385,1
1763666340,96.385,96.385,96.385,96.385,81
1763666400,96.385,96.385,96.385,96.385,366
1763666460,96.385,96.385,96.385,96.385,26
1763666580,96.385,96.385,96.385,96.385,3
1763666640,96.385,96.385,96.385,96.385,125
1763666700,96.385,96.385,96.385,96.385,2
1763666760,96.385,96.385,96.385,96.385,7
1763666820,96.385,96.385,96.385,96.385,8
1763666880,96.385,96.385,96.38,96.38,78
1763667000,96.385,96.385,96.385,96.385,1
1763667060,96.385,96.385,96.385,96.385,30
1763667120,96.385,96.385,96.385,96.385,1
1763667300,96.385,96.385,96.385,96.385,57
1763667360,96.38,96.38,96.38,96.38,64
1763667420,96.38,96.38,96.38,96.38,3
1763667600,96.38,96.38,96.38,96.38,4
1763667900,96.38,96.38,96.38,96.38,71
1763667960,96.385,96.385,96.385,96.385,594
1763668020,96.385,96.385,96.385,96.385,81
1763668080,96.38,96.38,96.38,96.38,13
1763668140,96.385,96.385,96.385,96.385,472
1763668380,96.38,96.38,96.38,96.38,1
1763668560,96.38,96.38,96.38,96.38,1
1763668620,96.38,96.38,96.38,96.38,1
1763668680,96.38,96.38,96.38,96.38,2
1763668740,96.38,96.38,96.38,96.38,28
1763668860,96.38,96.38,96.38,96.38,1
1763669040,96.38,96.38,96.38,96.38,4
1763669100,96.38,96.38,96.38,96.38,43
1763669580,96.38,96.38,96.38,96.38,45
1763669640,96.38,96.38,96.38,96.38,98
1763669700,96.38,96.38,96.38,96.38,1
1763669760,96.38,96.38,96.38,96.38,10
1763670240,96.38,96.38,96.38,96.38,1
1763670360,96.38,96.38,96.38,96.38,16
1763670420,96.385,96.385,96.385,96.385,282
1763670480,96.38,96.38,96.38,96.38,7
1763670960,96.38,96.38,96.38,96.38,1
1763671020,96.385,96.385,96.385,96.385,1
1763671080,96.385,96.385,96.38,96.385,89
1763671260,96.385,96.385,96.385,96.385,26
1763671440,96.385,96.385,96.385,96.385,3
1763671560,96.385,96.385,96.385,96.385,8
1763671620,96.385,96.385,96.385,96.385,1
1763671680,96.385,96.385,96.385,96.385,6
1763671740,96.385,96.385,96.385,96.385,11
1763671800,96.385,96.39,96.385,96.39,44
1763671860,96.385,96.39,96.385,96.39,36
1763671920,96.385,96.385,96.385,96.385,8
1763672040,96.385,96.385,96.385,96.385,279
1763672160,96.385,96.385,96.385,96.385,2
1763672220,96.385,96.385,96.385,96.385,2
1763672280,96.385,96.385,96.385,96.385,2
1763672340,96.385,96.385,96.385,96.385,1
1763672400,96.385,96.385,96.385,96.385,291
1763672460,96.38,96.38,96.38,96.38,4
1763672640,96.385,96.385,96.385,96.385,98
1763672760,96.385,96.385,96.385,96.385,6
1763672880,96.385,96.385,96.385,96.385,97
1763672940,96.385,96.385,96.385,96.385,7
1763673000,96.385,96.385,96.385,96.385,53
1763673060,96.385,96.385,96.385,96.385,10
1763673120,96.385,96.39,96.385,96.39,290
1763673180,96.385,96.385,96.385,96.385,223
1763673300,96.385,96.385,96.385,96.385,557
1763673360,96.385,96.385,96.385,96.385,125
1763673540,96.39,96.39,96.39,96.39,308
1763673600,96.39,96.39,96.39,96.39,340
1763673660,96.39,96.39,96.39,96.39,5
1763673720,96.39,96.39,96.39,96.39,74
1763673780,96.39,96.39,96.39,96.39,293
1763673840,96.39,96.39,96.39,96.39,20
1763673900,96.39,96.39,96.39,96.39,25
1763673960,96.39,96.39,96.39,96.39,325
1763674020,96.39,96.39,96.39,96.39,355
1763674140,96.39,96.39,96.39,96.39,175
1763674200,96.39,96.39,96.39,96.39,717
1763674320,96.39,96.39,96.39,96.39,182
1763674380,96.39,96.39,96.39,96.39,22
1763674500,96.39,96.39,96.39,96.39,648
1763674560,96.39,96.39,96.39,96.39,5
1763674680,96.39,96.39,96.39,96.39,20
1763675100,96.39,96.39,96.39,96.39,4
1763675400,96.39,96.39,96.39,96.39,2
1763675580,96.395,96.395,96.395,96.395,223
1763675760,96.39,96.39,96.39,96.39,81
1763675820,96.39,96.39,96.39,96.39,20
1763675940,96.39,96.39,96.39,96.39,15
1763679720,96.395,96.395,96.395,96.395,6
1763679780,96.395,96.395,96.395,96.395,6
1763679840,96.395,96.395,96.395,96.395,6
1763679960,96.395,96.395,96.395,96.395,19
1763680260,96.395,96.395,96.395,96.395,3
1763680620,96.395,96.395,96.395,96.395,129
1763682240,96.39,96.39,96.39,96.39,3
1763682420,96.39,96.39,96.39,96.39,20
1763683860,96.39,96.39,96.39,96.39,5
1763685060,96.385,96.385,96.385,96.385,151
1763686620,96.385,96.385,96.385,96.385,25
1763688360,96.38,96.38,96.38,96.38,1
1763688900,96.38,96.38,96.38,96.38,33
1763689080,96.38,96.38,96.38,96.38,3
1763689980,96.375,96.375,96.375,96.375,1
1763690580,96.375,96.375,96.375,96.375,14
1763690760,96.375,96.375,96.375,96.375,94
1763691060,96.375,96.375,96.375,96.375,8
1763691120,96.38,96.38,96.38,96.38,151
1763691180,96.38,96.38,96.38,96.38,3
1763691840,96.375,96.375,96.375,96.375,1
1763692500,96.375,96.375,96.375,96.375,1
1763692980,96.375,96.375,96.375,96.375,40
1763693040,96.375,96.375,96.375,96.375,8
1763693400,96.375,96.375,96.375,96.375,1
1763693700,96.375,96.375,96.375,96.375,1
1763694420,96.375,96.375,96.375,96.375,1
1763696160,96.375,96.375,96.375,96.375,1
1763697960,96.38,96.38,96.38,96.38,1
1763699940,96.385,96.385,96.385,96.385,86
1763700000,96.385,96.385,96.385,96.385,9
1763700060,96.385,96.385,96.385,96.385,1
1763700480,96.385,96.385,96.385,96.385,13
1763701980,96.38,96.38,96.38,96.38,1
1763707320,96.38,96.38,96.38,96.38,15
1763707860,96.38,96.38,96.38,96.38,1
1763708220,96.38,96.38,96.38,96.38,14
1763709420,96.38,96.38,96.38,96.38,96
1763709600,96.38,96.38,96.38,96.38,29
1763709840,96.38,96.38,96.38,96.38,10
1763710080,96.38,96.38,96.38,96.38,3
1763710200,96.38,96.38,96.38,96.38,1
1763710260,96.38,96.38,96.38,96.38,1
1763710320,96.38,96.38,96.38,96.38,19
1763710440,96.385,96.385,96.385,96.385,110
1763710500,96.385,96.385,96.385,96.385,7
1763710740,96.385,96.385,96.385,96.385,7
1763710920,96.385,96.385,96.385,96.385,1
1763711400,96.39,96.39,96.39,96.39,44
1763711460,96.39,96.39,96.39,96.39,8
1763711520,96.39,96.39,96.39,96.39,2
1763711580,96.39,96.39,96.39,96.39,25
1763711640,96.39,96.39,96.39,96.39,20
1763711700,96.39,96.39,96.39,96.39,20
1763711760,96.39,96.39,96.39,96.39,20
1763711820,96.39,96.39,96.39,96.39,53
1763712120,96.39,96.39,96.39,96.39,30
1763712240,96.39,96.39,96.39,96.39,2
1763713560,96.39,96.39,96.39,96.39,2
1763714460,96.385,96.385,96.385,96.385,5
1763714820,96.385,96.385,96.385,96.385,199
1763714880,96.385,96.385,96.385,96.385,18
1763715000,96.385,96.385,96.385,96.385,55
1763715120,96.385,96.385,96.385,96.385,24
1763715300,96.385,96.385,96.385,96.385,8
1763715600,96.385,96.385,96.385,96.385,55
1763715900,96.385,96.385,96.385,96.385,40
1763717160,96.39,96.39,96.39,96.39,1
1763717580,96.39,96.39,96.39,96.39,25
1763718300,96.395,96.395,96.395,96.395,93
1763718360,96.395,96.395,96.395,96.395,94
1763718420,96.395,96.395,96.395,96.395,2
1763718540,96.4,96.4,96.4,96.4,100
1763718660,96.395,96.395,96.395,96.395,204
1763718780,96.4,96.4,96.4,96.4,300
1763718900,96.4,96.4,96.4,96.4,2
1763719140,96.4,96.4,96.4,96.4,30
1763719200,96.405,96.405,96.405,96.405,22
1763719320,96.405,96.405,96.405,96.405,15
1763719500,96.41,96.41,96.41,96.41,24
1763719560,96.41,96.41,96.41,96.41,23
1763719620,96.41,96.41,96.41,96.41,49
1763719740,96.41,96.41,96.41,96.41,51
1763719800,96.41,96.41,96.41,96.41,1
1763719860,96.41,96.41,96.41,96.41,15
1763720940,96.41,96.41,96.405,96.405,30
1763721000,96.41,96.415,96.41,96.415,1726
1763721060,96.415,96.415,96.415,96.415,77
1763721120,96.415,96.415,96.41,96.41,97
1763721240,96.41,96.41,96.41,96.41,1
1763721300,96.41,96.41,96.41,96.41,50
1763721360,96.41,96.41,96.41,96.41,18
1763721420,96.41,96.41,96.41,96.41,1
1763721480,96.41,96.41,96.41,96.41,28
1763721720,96.41,96.41,96.41,96.41,4
1763721780,96.41,96.41,96.41,96.41,349
1763721840,96.41,96.41,96.41,96.41,11
1763722020,96.41,96.41,96.41,96.41,100
1763722260,96.415,96.415,96.41,96.41,49
1763722320,96.41,96.41,96.41,96.41,4
1763722380,96.41,96.41,96.41,96.41,436
1763722500,96.41,96.41,96.41,96.41,79
1763722860,96.405,96.405,96.405,96.405,60
1763722920,96.405,96.405,96.405,96.405,8
1763722980,96.405,96.405,96.405,96.405,5
1763723160,96.405,96.405,96.405,96.405,50
1763723820,96.405,96.405,96.405,96.405,3
1763725200,96.405,96.405,96.405,96.405,52
1763725440,96.4,96.4,96.4,96.4,962
1763725500,96.4,96.4,96.4,96.4,19
1763725560,96.4,96.4,96.4,96.4,8
1763725980,96.405,96.405,96.405,96.405,2
1763726040,96.405,96.405,96.405,96.405,58
1763726520,96.4,96.4,96.4,96.4,52
1763726580,96.4,96.4,96.4,96.4,81
1763726640,96.4,96.4,96.4,96.4,85
1763726760,96.4,96.4,96.4,96.4,79
1763726820,96.4,96.4,96.4,96.4,1
1763726940,96.4,96.4,96.4,96.4,4
1763727180,96.4,96.4,96.4,96.4,130
1763727240,96.4,96.4,96.4,96.4,380
1763727300,96.4,96.4,96.4,96.4,14
1763727360,96.4,96.4,96.4,96.4,3
1763727420,96.4,96.4,96.4,96.4,7
1763727480,96.4,96.4,96.4,96.4,302
1763727540,96.4,96.4,96.395,96.395,208
1763727600,96.4,96.4,96.395,96.395,548
1763727660,96.395,96.395,96.395,96.395,389
1763727720,96.4,96.4,96.4,96.4,1
1763727780,96.4,96.4,96.4,96.4,15
1763727840,96.4,96.4,96.4,96.4,53
1763727900,96.4,96.4,96.4,96.4,225
1763727960,96.4,96.4,96.4,96.4,2
1763728020,96.4,96.4,96.4,96.4,1
1763728140,96.4,96.4,96.4,96.4,3
1763728200,96.405,96.435,96.405,96.43,4473
1763728260,96.43,96.44,96.42,96.425,2944
1763728320,96.43,96.435,96.43,96.43,556
1763728380,96.43,96.43,96.43,96.43,722
1763728440,96.425,96.43,96.425,96.425,1027
1763728500,96.43,96.43,96.425,96.425,317
1763728560,96.425,96.425,96.42,96.42,367
1763728620,96.42,96.42,96.42,96.42,121
1763728680,96.425,96.435,96.425,96.435,307
1763728740,96.43,96.435,96.43,96.43,318
1763728800,96.43,96.44,96.43,96.435,81
1763728860,96.435,96.44,96.435,96.44,18
1763728920,96.435,96.445,96.435,96.445,232
1763728980,96.44,96.44,96.435,96.44,423
1763729040,96.435,96.435,96.435,96.435,41
1763729100,96.435,96.435,96.435,96.435,117
1763729160,96.435,96.44,96.435,96.44,68
1763729220,96.435,96.435,96.435,96.435,61
1763729280,96.44,96.44,96.435,96.435,24
1763729400,96.43,96.43,96.43,96.43,88
1763729460,96.43,96.43,96.43,96.43,936
1763729520,96.43,96.43,96.425,96.425,518
1763729580,96.43,96.43,96.43,96.43,97
1763729700,96.43,96.43,96.425,96.425,30
1763729760,96.425,96.425,96.425,96.425,213
1763729820,96.425,96.425,96.425,96.425,123
1763729880,96.43,96.43,96.43,96.43,6
1763729940,96.43,96.435,96.43,96.435,1510
1763730000,96.43,96.43,96.43,96.43,99
1763730120,96.425,96.425,96.425,96.425,90
1763730180,96.425,96.425,96.425,96.425,73
1763730240,96.425,96.425,96.425,96.425,4
1763730480,96.43,96.43,96.425,96.425,184
1763730540,96.425,96.425,96.425,96.425,11
1763730600,96.425,96.425,96.425,96.425,16
1763730660,96.425,96.425,96.425,96.425,3
1763730720,96.425,96.425,96.425,96.425,1
1763730780,96.43,96.43,96.43,96.43,2
1763730840,96.425,96.425,96.425,96.425,2
1763730900,96.425,96.425,96.425,96.425,50
1763730960,96.425,96.425,96.425,96.425,26
1763731020,96.425,96.425,96.425,96.425,47
1763731080,96.425,96.425,96.425,96.425,13
1763731140,96.425,96.425,96.42,96.425,94
1763731200,96.425,96.425,96.425,96.425,76
1763731260,96.425,96.425,96.425,96.425,23
1763731320,96.425,96.425,96.425,96.425,34
1763731380,96.425,96.425,96.425,96.425,93
1763731440,96.425,96.425,96.42,96.42,458
1763731500,96.42,96.42,96.42,96.42,218
1763731560,96.425,96.425,96.425,96.425,75
1763731620,96.425,96.425,96.425,96.425,20
1763731740,96.42,96.42,96.42,96.42,1
1763731860,96.42,96.42,96.42,96.42,2
1763731980,96.425,96.425,96.42,96.42,12
1763732040,96.42,96.42,96.42,96.42,1
1763732100,96.42,96.42,96.42,96.42,84
1763732220,96.42,96.42,96.42,96.42,25
1763732280,96.42,96.42,96.42,96.42,128
1763732340,96.42,96.42,96.42,96.42,73
1763732580,96.425,96.425,96.425,96.425,20
1763732640,96.425,96.425,96.425,96.425,253
1763732700,96.425,96.425,96.425,96.425,2
1763732760,96.425,96.425,96.425,96.425,146
1763732820,96.43,96.43,96.425,96.425,3
1763732880,96.425,96.425,96.425,96.425,3
1763733120,96.43,96.43,96.43,96.43,159
1763733180,96.43,96.43,96.43,96.43,7
1763733240,96.43,96.43,96.43,96.43,53
1763733300,96.43,96.43,96.43,96.43,21
1763733360,96.43,96.43,96.43,96.43,53
1763733420,96.43,96.43,96.43,96.43,3
1763733480,96.43,96.43,96.43,96.43,54
1763733540,96.43,96.43,96.43,96.43,1067
1763733600,96.43,96.43,96.43,96.43,183
1763733720,96.43,96.435,96.43,96.43,83
1763733840,96.43,96.43,96.43,96.43,1
1763733960,96.435,96.435,96.43,96.435,37
1763734020,96.435,96.435,96.43,96.43,632
1763734140,96.425,96.425,96.425,96.425,30
1763734200,96.425,96.425,96.425,96.425,22
1763734260,96.425,96.425,96.425,96.425,81
1763734320,96.425,96.425,96.425,96.425,1461
1763734380,96.425,96.425,96.42,96.425,150
1763734440,96.425,96.425,96.425,96.425,8
1763734500,96.425,96.425,96.425,96.425,7
1763734560,96.43,96.43,96.425,96.425,2
1763734800,96.43,96.43,96.43,96.43,54
1763734860,96.43,96.43,96.43,96.43,87
1763734920,96.43,96.43,96.43,96.43,133
1763734980,96.43,96.43,96.43,96.43,14
1763735040,96.43,96.43,96.43,96.43,54
1763735100,96.43,96.43,96.43,96.43,4
1763735220,96.425,96.425,96.425,96.425,7
1763735400,96.425,96.425,96.425,96.425,996
1763735460,96.425,96.425,96.425,96.425,14
1763735520,96.425,96.425,96.425,96.425,103
1763735640,96.425,96.425,96.425,96.425,175
1763735760,96.42,96.425,96.42,96.42,237
1763735820,96.42,96.42,96.42,96.42,17
1763735880,96.42,96.42,96.42,96.42,5
1763736000,96.425,96.43,96.42,96.42,4872
1763736060,96.425,96.425,96.425,96.425,216
1763736120,96.425,96.425,96.425,96.425,51
1763736180,96.425,96.425,96.425,96.425,10
1763736240,96.42,96.42,96.42,96.42,3
1763736300,96.42,96.42,96.42,96.42,4
1763736360,96.425,96.425,96.425,96.425,625
1763736420,96.425,96.425,96.425,96.425,132
1763736480,96.425,96.425,96.425,96.425,256
1763736540,96.425,96.425,96.425,96.425,101
1763736600,96.425,96.425,96.425,96.425,140
1763736660,96.42,96.42,96.42,96.42,227
1763736780,96.42,96.42,96.42,96.42,2103
1763736840,96.42,96.42,96.42,96.42,208
1763736900,96.415,96.415,96.415,96.415,1
1763736960,96.42,96.42,96.42,96.42,109
1763737020,96.42,96.42,96.42,96.42,8
1763737140,96.42,96.42,96.42,96.42,1
1763737260,96.42,96.42,96.42,96.42,195
1763737560,96.42,96.42,96.42,96.42,326
1763737620,96.42,96.42,96.42,96.42,6
1763738100,96.42,96.42,96.42,96.42,17
1763738340,96.42,96.42,96.42,96.42,4
1763738460,96.42,96.42,96.42,96.42,124
1763738640,96.42,96.42,96.42,96.42,228
1763738700,96.42,96.42,96.42,96.42,133
1763738760,96.42,96.42,96.42,96.42,4
1763738820,96.425,96.425,96.425,96.425,48
1763738880,96.42,96.42,96.42,96.42,3
1763738940,96.42,96.42,96.42,96.42,2
1763739000,96.42,96.42,96.42,96.42,11
1763739060,96.42,96.42,96.42,96.42,1
1763739120,96.42,96.42,96.42,96.42,2
1763739180,96.42,96.425,96.42,96.425,76
1763739300,96.425,96.425,96.425,96.425,216
1763739480,96.425,96.425,96.425,96.425,17
1763739720,96.425,96.425,96.425,96.425,234
1763739840,96.425,96.425,96.425,96.425,431
1763739900,96.425,96.425,96.425,96.425,180
1763739960,96.425,96.425,96.42,96.42,195
1763740020,96.42,96.42,96.42,96.42,76
1763740080,96.42,96.42,96.42,96.42,1
1763740140,96.42,96.42,96.42,96.42,77
1763740200,96.42,96.42,96.42,96.42,52
1763740260,96.425,96.425,96.425,96.425,356
1763740320,96.425,96.425,96.425,96.425,741
1763740380,96.425,96.425,96.42,96.42,30
1763740440,96.42,96.42,96.42,96.42,10
1763740500,96.425,96.425,96.425,96.425,1
1763740560,96.425,96.425,96.425,96.425,328
1763740620,96.425,96.425,96.425,96.425,61
1763740680,96.425,96.425,96.425,96.425,133
1763740740,96.425,96.425,96.42,96.425,158
1763740800,96.425,96.425,96.425,96.425,44
1763740860,96.425,96.425,96.42,96.425,56
1763740920,96.425,96.425,96.425,96.425,41
1763740980,96.425,96.425,96.425,96.425,1
1763741100,96.43,96.43,96.43,96.43,3
1763741160,96.43,96.43,96.425,96.425,5
1763741220,96.425,96.425,96.425,96.425,243
1763741280,96.425,96.425,96.42,96.42,116
1763741340,96.42,96.425,96.41,96.415,5287
1763741400,96.415,96.415,96.41,96.41,1385
1763741460,96.41,96.415,96.41,96.415,1000
1763741520,96.415,96.415,96.415,96.415,147
1763741580,96.415,96.415,96.415,96.415,96
1763741700,96.415,96.415,96.415,96.415,1000
1763741820,96.41,96.41,96.41,96.41,239
1763741880,96.415,96.415,96.415,96.415,333
1763742000,96.415,96.415,96.415,96.415,59
1763742120,96.415,96.415,96.415,96.415,52
1763742180,96.41,96.41,96.41,96.41,1
1763742480,96.41,96.41,96.41,96.41,79
1763742720,96.41,96.41,96.41,96.41,16
1763742780,96.41,96.41,96.41,96.41,280
1763742840,96.41,96.41,96.41,96.41,456
1763742900,96.41,96.41,96.41,96.41,1248
1763742960,96.405,96.405,96.405,96.405,18
1763743020,96.405,96.405,96.405,96.405,713
1763743080,96.405,96.405,96.405,96.405,175
1763743200,96.405,96.405,96.405,96.405,297
1763743260,96.405,96.405,96.405,96.405,53
1763743320,96.405,96.405,96.405,96.405,9
1763743380,96.405,96.405,96.405,96.405,1326
1763743440,96.405,96.405,96.405,96.405,225
1763743500,96.405,96.405,96.405,96.405,40
1763743560,96.405,96.405,96.405,96.405,71
1763743620,96.405,96.405,96.4,96.4,255
1763743680,96.4,96.4,96.4,96.4,1429
1763743740,96.4,96.4,96.4,96.4,41
1763743860,96.4,96.4,96.4,96.4,91
1763743920,96.4,96.4,96.4,96.4,247
1763743980,96.4,96.4,96.4,96.4,119
1763744280,96.395,96.395,96.395,96.395,1
1763744400,96.4,96.4,96.395,96.4,59
1763744460,96.4,96.4,96.4,96.4,2
1763744580,96.395,96.395,96.395,96.395,1
1763744640,96.395,96.395,96.395,96.395,50
1763744820,96.395,96.395,96.395,96.395,3
1763744940,96.395,96.395,96.395,96.395,64
1763745000,96.395,96.395,96.395,96.395,6
1763745480,96.395,96.395,96.395,96.395,906
1763745600,96.395,96.395,96.395,96.395,2
1763745720,96.395,96.395,96.395,96.395,2478
1763745780,96.395,96.395,96.395,96.395,40
1763745840,96.395,96.395,96.395,96.395,245
1763745900,96.395,96.395,96.395,96.395,271
1763745960,96.395,96.395,96.395,96.395,157
1763746200,96.4,96.405,96.4,96.4,3529
1763746260,96.4,96.4,96.4,96.4,69
1763746320,96.4,96.4,96.4,96.4,77
1763746380,96.4,96.4,96.4,96.4,2
1763746440,96.4,96.4,96.4,96.4,363
1763746560,96.4,96.4,96.4,96.4,122
1763746620,96.4,96.4,96.4,96.4,1
1763746680,96.4,96.4,96.4,96.4,1
1763747160,96.4,96.4,96.4,96.4,82
1763747220,96.405,96.405,96.405,96.405,37
1763747340,96.405,96.405,96.405,96.405,20
1763747640,96.405,96.405,96.405,96.405,7
1763747700,96.4,96.4,96.4,96.4,48
1763747760,96.405,96.405,96.405,96.405,154
1763747820,96.405,96.405,96.405,96.405,64
1763747880,96.405,96.405,96.405,96.405,215
1763747940,96.405,96.405,96.405,96.405,6
1763748000,96.405,96.405,96.405,96.405,15
1763748060,96.4,96.4,96.4,96.4,20
1763748240,96.405,96.405,96.405,96.405,520
1763748300,96.405,96.405,96.405,96.405,1
1763748540,96.41,96.41,96.41,96.41,3
1763748720,96.41,96.41,96.41,96.41,5
1763748780,96.41,96.41,96.41,96.41,1
1763748900,96.41,96.41,96.41,96.41,1
1763749020,96.41,96.41,96.41,96.41,11
1763749620,96.41,96.41,96.41,96.41,72
1763749680,96.41,96.41,96.41,96.41,27
1763749800,96.41,96.41,96.41,96.41,12
1763749980,96.405,96.405,96.405,96.405,26
1763750160,96.405,96.405,96.405,96.405,5
1763750340,96.41,96.41,96.41,96.41,230
1763750640,96.405,96.405,96.405,96.405,3
1763750700,96.405,96.405,96.395,96.395,1501
1763750820,96.395,96.395,96.395,96.395,280
1763750880,96.395,96.395,96.39,96.39,2502
1763751000,96.39,96.39,96.39,96.39,1
1763751060,96.39,96.39,96.39,96.39,112
1763751120,96.395,96.395,96.39,96.39,2259
1763751180,96.39,96.39,96.39,96.39,659
1763751240,96.39,96.39,96.385,96.39,347
1763751300,96.39,96.39,96.385,96.385,91
1763751360,96.39,96.39,96.39,96.39,3
1763751420,96.39,96.39,96.39,96.39,699
1763751480,96.39,96.39,96.39,96.39,173
1763751540,96.39,96.39,96.39,96.39,62
1763751600,96.39,96.39,96.39,96.39,12
1763751660,96.39,96.39,96.39,96.39,6
1763751720,96.39,96.395,96.39,96.395,3
1763751780,96.395,96.395,96.395,96.395,1
1763751840,96.395,96.395,96.39,96.39,4
1763751900,96.395,96.395,96.395,96.395,9
1763751960,96.39,96.39,96.39,96.39,3
1763752020,96.39,96.395,96.39,96.395,1264
1763752080,96.39,96.39,96.39,96.39,1169
1763752320,96.39,96.39,96.39,96.39,1
1763752500,96.395,96.395,96.395,96.395,582
1763752560,96.395,96.395,96.395,96.395,508
1763752620,96.395,96.395,96.395,96.395,58
1763752800,96.39,96.39,96.39,96.39,102
1763752860,96.39,96.39,96.39,96.39,1
1763752980,96.39,96.39,96.385,96.39,1133
1763753100,96.39,96.39,96.39,96.39,1
1763753160,96.39,96.39,96.39,96.39,12
1763753400,96.395,96.395,96.39,96.395,374
1763753460,96.395,96.395,96.395,96.395,248
1763753520,96.395,96.395,96.395,96.395,1
1763753760,96.4,96.4,96.4,96.4,2
1763754000,96.395,96.395,96.395,96.395,95
1763754120,96.4,96.4,96.4,96.4,1
1763754660,96.4,96.4,96.4,96.4,770
1763754840,96.4,96.4,96.4,96.4,10
1763754900,96.4,96.4,96.4,96.4,980
1763754960,96.4,96.4,96.4,96.4,321
1763755020,96.4,96.4,96.4,96.4,34
1763755140,96.4,96.4,96.4,96.4,279
1763755200,96.4,96.4,96.4,96.4,369
1763755260,96.4,96.4,96.4,96.4,141
1763755320,96.4,96.4,96.4,96.4,300
1763755500,96.395,96.395,96.395,96.395,1
1763755800,96.395,96.395,96.395,96.395,2
1763755860,96.4,96.4,96.4,96.4,300
1763755920,96.395,96.395,96.395,96.395,4
1763755980,96.395,96.395,96.395,96.395,1
1763756100,96.4,96.4,96.4,96.4,48
1763756160,96.4,96.4,96.4,96.4,13
1763756220,96.395,96.395,96.395,96.395,37
1763756280,96.395,96.395,96.395,96.395,20
1763756340,96.395,96.395,96.395,96.395,4
1763756400,96.395,96.395,96.395,96.395,3
1763756520,96.395,96.395,96.395,96.395,1
1763756580,96.395,96.395,96.395,96.395,1
1763756640,96.4,96.4,96.4,96.4,39
1763756700,96.395,96.395,96.395,96.395,10
1763756880,96.395,96.395,96.395,96.395,3
1763756940,96.395,96.395,96.395,96.395,2
1763757060,96.395,96.395,96.395,96.395,1
1763757240,96.395,96.395,96.395,96.395,1
1763757300,96.395,96.395,96.395,96.395,1
1763757600,96.395,96.395,96.395,96.395,1
1763757660,96.4,96.4,96.4,96.4,521
1763757720,96.4,96.4,96.4,96.4,65
1763757840,96.4,96.4,96.4,96.4,5
1763758020,96.395,96.4,96.395,96.4,2
1763758080,96.4,96.4,96.4,96.4,2
1763758140,96.4,96.4,96.4,96.4,9
1763758200,96.4,96.4,96.4,96.4,27
1763758380,96.4,96.4,96.4,96.4,2
1763758440,96.4,96.4,96.4,96.4,26
1763758500,96.4,96.4,96.4,96.4,3
1763758560,96.4,96.4,96.4,96.4,18
1763758620,96.4,96.4,96.4,96.4,1
1763758680,96.4,96.4,96.4,96.4,1
1763758740,96.4,96.4,96.4,96.4,84
1763758920,96.4,96.4,96.4,96.4,8
1763758980,96.4,96.4,96.4,96.4,4
1763759040,96.4,96.4,96.4,96.4,53
1763759100,96.4,96.4,96.4,96.4,12
1763759280,96.4,96.4,96.4,96.4,37
1763759640,96.4,96.4,96.4,96.4,1
1763759760,96.4,96.4,96.4,96.4,17
1763759880,96.4,96.4,96.4,96.4,50
1763760240,96.405,96.405,96.405,96.405,4374
1763760420,96.405,96.405,96.405,96.405,11
1763760660,96.405,96.405,96.405,96.405,4
1763761140,96.405,96.405,96.405,96.405,52
1763761320,96.405,96.405,96.405,96.405,10
1763761380,96.405,96.405,96.405,96.405,66
1763761620,96.405,96.405,96.405,96.405,71
1763761680,96.405,96.405,96.405,96.405,650
1763761740,96.405,96.405,96.405,96.405,151
1763761800,96.405,96.405,96.405,96.405,20
1763761980,96.4,96.4,96.4,96.4,1
1763762220,96.4,96.4,96.4,96.4,267
1763762340,96.405,96.405,96.4,96.4,205
1763938800,96.395,96.4,96.395,96.4,90
1763938980,96.4,96.4,96.4,96.4,5
1763939100,96.4,96.4,96.4,96.4,40
1763939160,96.4,96.4,96.4,96.4,16
1763939280,96.395,96.395,96.39,96.39,359
1763939460,96.395,96.395,96.395,96.395,38
1763939820,96.395,96.395,96.395,96.395,3
1763940120,96.4,96.4,96.4,96.4,4
1763941260,96.395,96.395,96.395,96.395,14
1763941380,96.395,96.395,96.395,96.395,7
1763941980,96.4,96.4,96.4,96.4,12
1763942040,96.4,96.4,96.4,96.4,16
1763942220,96.4,96.4,96.4,96.4,113
1763943780,96.4,96.4,96.4,96.4,37
1763945460,96.4,96.4,96.4,96.4,22
1763946360,96.4,96.4,96.4,96.4,6
1763955180,96.405,96.405,96.405,96.405,188
1763956740,96.405,96.405,96.405,96.405,6
1763957280,96.4,96.4,96.4,96.4,9
1763957700,96.4,96.4,96.4,96.4,5
1763958420,96.4,96.4,96.4,96.4,2
1763959560,96.405,96.405,96.405,96.405,184
1763959620,96.405,96.405,96.405,96.405,104
1763959860,96.405,96.405,96.405,96.405,16
1763961060,96.405,96.405,96.405,96.405,37
1763964180,96.41,96.41,96.41,96.41,125
1763964240,96.41,96.41,96.41,96.41,14
1763964480,96.41,96.41,96.41,96.41,169
1763964540,96.41,96.41,96.41,96.41,1
1763964600,96.41,96.41,96.41,96.41,3
1763964660,96.41,96.41,96.41,96.41,2
1763965020,96.41,96.41,96.41,96.41,8
1763965440,96.41,96.41,96.41,96.41,150
1763965620,96.41,96.41,96.41,96.41,8
1763969220,96.405,96.405,96.405,96.405,319
1763969340,96.405,96.405,96.405,96.405,5
1763969400,96.405,96.405,96.405,96.405,13
1763970000,96.405,96.405,96.405,96.405,2
1763970060,96.4,96.4,96.4,96.4,1
1763970240,96.4,96.405,96.4,96.405,21
1763970300,96.4,96.405,96.4,96.405,8
1763970360,96.405,96.405,96.405,96.405,131
1763971200,96.405,96.405,96.405,96.405,61
1763971380,96.41,96.41,96.41,96.41,139
1763971620,96.41,96.41,96.41,96.41,1
1763971680,96.41,96.41,96.41,96.41,46
1763971980,96.41,96.41,96.41,96.41,2
1763972040,96.41,96.41,96.41,96.41,1
1763973000,96.41,96.41,96.41,96.41,588
1763973600,96.405,96.405,96.405,96.405,1
1763973660,96.405,96.405,96.405,96.405,314
1763973900,96.41,96.41,96.41,96.41,39
1763974560,96.405,96.405,96.405,96.405,2
1763975280,96.41,96.41,96.41,96.41,21
1763975340,96.41,96.41,96.41,96.41,11
1763975520,96.41,96.41,96.41,96.41,14
1763975640,96.41,96.41,96.41,96.41,1
1763975820,96.41,96.41,96.405,96.405,3
1763975880,96.41,96.41,96.41,96.41,7
1763975940,96.405,96.405,96.405,96.405,1
1763976060,96.41,96.41,96.405,96.405,6
1763976120,96.405,96.405,96.405,96.405,1
1763976180,96.41,96.41,96.41,96.41,14
1763976300,96.41,96.41,96.41,96.41,30
1763976420,96.415,96.415,96.415,96.415,511
1763976480,96.415,96.415,96.415,96.415,21
1763976660,96.42,96.42,96.42,96.42,1
1763976780,96.415,96.415,96.415,96.415,1
1763976960,96.415,96.415,96.415,96.415,1
1763977020,96.415,96.415,96.415,96.415,1
1763977140,96.415,96.415,96.415,96.415,53
1763977200,96.415,96.415,96.415,96.415,2
1763977320,96.415,96.415,96.415,96.415,1
1763977440,96.415,96.415,96.415,96.415,123
1763977500,96.415,96.415,96.41,96.41,2
1763977620,96.415,96.415,96.415,96.415,1
1763977680,96.415,96.415,96.415,96.415,9
1763977740,96.415,96.415,96.415,96.415,3
1763977800,96.41,96.41,96.41,96.41,1
1763977860,96.41,96.41,96.41,96.41,7
1763977980,96.415,96.415,96.415,96.415,6
1763978100,96.415,96.415,96.415,96.415,6
1763978160,96.415,96.415,96.415,96.415,8
1763978520,96.41,96.41,96.41,96.41,81
1763978880,96.415,96.415,96.415,96.415,8
1763979060,96.415,96.415,96.415,96.415,4
1763979120,96.415,96.415,96.415,96.415,75
1763979240,96.415,96.415,96.415,96.415,4
1763979360,96.415,96.415,96.415,96.415,4
1763979420,96.415,96.415,96.415,96.415,19
1763979720,96.415,96.415,96.415,96.415,1
1763979900,96.42,96.42,96.42,96.42,264
1763979960,96.42,96.42,96.42,96.42,5
1763980020,96.42,96.42,96.42,96.42,12
1763980140,96.42,96.42,96.42,96.42,1
1763980260,96.42,96.42,96.42,96.42,57
1763980680,96.42,96.42,96.42,96.42,1
1763980740,96.42,96.42,96.42,96.42,15
1763980980,96.415,96.415,96.415,96.415,11
1763981220,96.415,96.415,96.415,96.415,1
1763981580,96.415,96.415,96.415,96.415,1
1763981760,96.42,96.42,96.42,96.42,4
1763981880,96.415,96.415,96.415,96.415,57
1763981940,96.42,96.42,96.42,96.42,153
1763982000,96.42,96.42,96.42,96.42,1
1763982060,96.42,96.42,96.42,96.42,6
1763982180,96.42,96.42,96.42,96.42,2
1763982360,96.425,96.425,96.42,96.42,46
1763982600,96.42,96.42,96.42,96.42,9
1763982660,96.42,96.42,96.42,96.42,1
1763982720,96.42,96.42,96.42,96.42,3
1763982780,96.42,96.42,96.42,96.42,5
1763983020,96.42,96.42,96.42,96.42,1
1763983140,96.42,96.42,96.42,96.42,2
1763983260,96.42,96.42,96.42,96.42,73
1763983560,96.42,96.42,96.42,96.42,20
1763983620,96.42,96.42,96.42,96.42,130
1763983860,96.42,96.42,96.42,96.42,3
1763983920,96.42,96.42,96.42,96.42,11
1763984220,96.42,96.42,96.42,96.42,1
1763984340,96.42,96.42,96.42,96.42,38
1763984460,96.42,96.42,96.42,96.42,365
1763984520,96.42,96.42,96.415,96.415,552
1763985240,96.415,96.415,96.415,96.415,202
1763985360,96.415,96.415,96.415,96.415,47
1763985420,96.415,96.415,96.415,96.415,1
1763985600,96.415,96.415,96.415,96.415,1
1763985780,96.415,96.415,96.415,96.415,5
1763985840,96.415,96.415,96.415,96.415,66
1763985900,96.415,96.415,96.415,96.415,194
1763986380,96.415,96.415,96.415,96.415,721
1763986560,96.415,96.415,96.415,96.415,72
1763986620,96.41,96.41,96.41,96.41,1
1763986680,96.41,96.41,96.41,96.41,21
1763986740,96.415,96.415,96.415,96.415,24
1763986800,96.41,96.41,96.41,96.41,5
1763986860,96.41,96.41,96.41,96.41,346
1763986920,96.41,96.41,96.41,96.41,2
1763987100,96.41,96.41,96.41,96.41,20
1763987280,96.41,96.41,96.41,96.41,7
1763987460,96.41,96.41,96.41,96.41,1
1763987700,96.41,96.41,96.41,96.41,1
1763987820,96.41,96.41,96.41,96.41,1
1763988000,96.41,96.41,96.41,96.41,1
1763988060,96.415,96.415,96.415,96.415,4
1763988120,96.41,96.415,96.41,96.415,699
1763988180,96.42,96.42,96.42,96.42,289
1763988240,96.42,96.42,96.42,96.42,3
1763988300,96.42,96.42,96.42,96.42,80
1763988360,96.42,96.42,96.42,96.42,2
1763988420,96.42,96.42,96.42,96.42,29
1763988660,96.42,96.42,96.42,96.42,23
1763988720,96.415,96.415,96.415,96.415,1
1763988900,96.415,96.415,96.41,96.41,157
1763988960,96.415,96.415,96.415,96.415,147
1763989020,96.415,96.415,96.415,96.415,1178
1763989080,96.415,96.415,96.415,96.415,139
1763989140,96.415,96.415,96.415,96.415,28
1763989200,96.415,96.415,96.415,96.415,6
1763989320,96.415,96.415,96.41,96.41,348
1763989380,96.415,96.415,96.415,96.415,53
1763989440,96.415,96.415,96.415,96.415,282
1763989500,96.415,96.415,96.41,96.41,108
1763989560,96.41,96.41,96.41,96.41,381
1763989620,96.41,96.41,96.41,96.41,141
1763989860,96.41,96.41,96.41,96.41,3
1763989920,96.41,96.41,96.41,96.41,2
1763989980,96.41,96.41,96.405,96.41,926
1763990040,96.41,96.41,96.41,96.41,62
1763990100,96.41,96.41,96.41,96.41,31
1763990160,96.41,96.41,96.41,96.41,18
1763990280,96.41,96.41,96.41,96.41,2
1763990520,96.41,96.41,96.41,96.41,64
1763990640,96.41,96.41,96.41,96.41,3
1763990700,96.41,96.41,96.41,96.41,9
1763990760,96.41,96.41,96.41,96.41,25
1763990940,96.415,96.415,96.415,96.415,867
1763991000,96.415,96.415,96.415,96.415,78
1763991060,96.415,96.415,96.415,96.415,8
1763991120,96.415,96.415,96.41,96.415,25
1763991180,96.415,96.42,96.415,96.42,656
1763991240,96.415,96.415,96.415,96.415,397
1763991300,96.415,96.415,96.415,96.415,195
1763991360,96.415,96.415,96.415,96.415,118
1763991420,96.415,96.415,96.41,96.41,25
1763991480,96.415,96.415,96.415,96.415,28
1763991600,96.41,96.41,96.41,96.41,50
1763991660,96.415,96.415,96.415,96.415,12
1763991780,96.415,96.415,96.415,96.415,2
1763991900,96.415,96.415,96.415,96.415,1254
1763991960,96.415,96.415,96.415,96.415,19
1763992020,96.415,96.415,96.415,96.415,133
1763992080,96.415,96.415,96.415,96.415,5
1763992140,96.415,96.415,96.415,96.415,7
1763992200,96.415,96.415,96.415,96.415,26
1763992260,96.415,96.415,96.415,96.415,2
1763992380,96.415,96.415,96.415,96.415,5
1763992440,96.415,96.415,96.415,96.415,12
1763992500,96.42,96.42,96.415,96.415,33
1763992680,96.415,96.415,96.415,96.415,452
1763992740,96.415,96.415,96.415,96.415,32
1763992800,96.415,96.415,96.415,96.415,1
1763992860,96.415,96.415,96.415,96.415,1
1763992980,96.415,96.415,96.415,96.415,13
1763993040,96.415,96.415,96.415,96.415,1
1763993100,96.415,96.415,96.415,96.415,13
1763993160,96.415,96.415,96.415,96.415,2
1763993220,96.415,96.42,96.415,96.42,2031
1763993280,96.42,96.42,96.42,96.42,583
1763993340,96.415,96.42,96.415,96.42,828
1763993400,96.415,96.42,96.415,96.42,334
1763993460,96.415,96.42,96.415,96.415,9
1763993520,96.42,96.42,96.42,96.42,120
1763993580,96.415,96.415,96.415,96.415,1
1763993640,96.415,96.415,96.415,96.415,1
1763993700,96.42,96.42,96.42,96.42,3
1763993760,96.415,96.415,96.415,96.415,1
1763993820,96.415,96.415,96.415,96.415,3
1763993880,96.415,96.415,96.415,96.415,3
1763993940,96.415,96.415,96.415,96.415,1
1763994060,96.415,96.415,96.415,96.415,14
1763994120,96.415,96.415,96.415,96.415,1
1763994180,96.415,96.415,96.415,96.415,9
1763994240,96.42,96.42,96.42,96.42,2
1763994300,96.415,96.42,96.415,96.415,58
1763994360,96.415,96.415,96.415,96.415,150
1763994420,96.415,96.415,96.415,96.415,1
1763994480,96.415,96.42,96.415,96.42,12
1763994540,96.415,96.415,96.415,96.415,29
1763994600,96.415,96.42,96.415,96.42,158
1763994720,96.415,96.415,96.415,96.415,173
1763994840,96.415,96.415,96.415,96.415,1
1763994900,96.415,96.415,96.415,96.415,2
1763995080,96.415,96.415,96.415,96.415,52
1763995140,96.415,96.42,96.415,96.415,1150
1763995200,96.415,96.415,96.415,96.415,270
1763995260,96.415,96.415,96.415,96.415,43
1763995320,96.415,96.415,96.415,96.415,572
1763995440,96.415,96.415,96.415,96.415,468
1763995500,96.415,96.415,96.415,96.415,162
1763995560,96.415,96.415,96.415,96.415,34
1763995620,96.415,96.415,96.415,96.415,31
1763995680,96.415,96.415,96.415,96.415,23
1763995740,96.415,96.415,96.415,96.415,36
1763995800,96.415,96.415,96.415,96.415,52
1763995860,96.415,96.415,96.415,96.415,7
1763996100,96.415,96.415,96.415,96.415,1
1763996160,96.415,96.415,96.415,96.415,1
1763996520,96.415,96.415,96.41,96.41,142
1763996580,96.41,96.41,96.41,96.41,146
1763996640,96.41,96.41,96.41,96.41,41
1763996700,96.41,96.41,96.41,96.41,6
1763996760,96.41,96.41,96.41,96.41,197
1763996820,96.41,96.41,96.41,96.41,837
1763996880,96.41,96.41,96.41,96.41,127
1763996940,96.41,96.41,96.41,96.41,40
1763997000,96.41,96.41,96.41,96.41,450
1763997060,96.41,96.41,96.41,96.41,74
1763997120,96.41,96.41,96.41,96.41,131
1763997180,96.405,96.41,96.405,96.41,11
1763997240,96.405,96.405,96.405,96.405,1
1763997360,96.41,96.41,96.41,96.41,60
1763997600,96.41,96.41,96.41,96.41,60
1763997660,96.405,96.405,96.405,96.405,3
1763997720,96.41,96.41,96.405,96.41,380
1763997780,96.41,96.41,96.405,96.405,55
1763997840,96.41,96.41,96.41,96.41,10
1763997900,96.41,96.41,96.41,96.41,9
1763997960,96.41,96.41,96.41,96.41,126
1763998020,96.41,96.41,96.41,96.41,571
1763998080,96.41,96.41,96.41,96.41,26
1763998140,96.41,96.41,96.41,96.41,2
1763998200,96.41,96.41,96.41,96.41,5
1763998260,96.41,96.41,96.41,96.41,13
1763998320,96.41,96.41,96.41,96.41,1
1763998380,96.41,96.41,96.41,96.41,64
1763998440,96.41,96.41,96.41,96.41,98
1763998560,96.41,96.41,96.41,96.41,21
1763998620,96.41,96.41,96.405,96.41,6
1763998680,96.41,96.41,96.405,96.405,98
1763998740,96.41,96.41,96.41,96.41,72
1763998920,96.405,96.405,96.405,96.405,2
1763999040,96.405,96.405,96.405,96.405,1
1763999100,96.405,96.405,96.405,96.405,1
1763999160,96.41,96.41,96.405,96.41,12
1763999340,96.405,96.405,96.405,96.405,7
1763999400,96.41,96.41,96.405,96.405,2
1763999460,96.405,96.405,96.405,96.405,10
1763999520,96.41,96.41,96.405,96.41,221
1763999580,96.41,96.41,96.41,96.41,100
1763999640,96.405,96.405,96.405,96.405,3
1763999700,96.405,96.405,96.405,96.405,11
1763999760,96.41,96.41,96.405,96.405,692
1763999820,96.405,96.405,96.405,96.405,1
1763999880,96.405,96.405,96.405,96.405,95
1763999940,96.405,96.405,96.405,96.405,51
1764000000,96.405,96.405,96.405,96.405,1184
1764000120,96.405,96.405,96.405,96.405,9
1764000180,96.405,96.405,96.405,96.405,36
1764000240,96.405,96.405,96.4,96.405,565
1764000300,96.405,96.405,96.405,96.405,59
1764000360,96.405,96.405,96.405,96.405,17
1764000420,96.405,96.405,96.405,96.405,119
1764000480,96.405,96.405,96.405,96.405,120
1764000540,96.405,96.405,96.4,96.405,134
1764000660,96.405,96.405,96.405,96.405,242
1764000720,96.405,96.405,96.405,96.405,46
1764000780,96.405,96.405,96.405,96.405,324
1764000900,96.405,96.405,96.405,96.405,23
1764001020,96.405,96.405,96.4,96.4,61
1764001080,96.4,96.4,96.4,96.4,20
1764001260,96.405,96.405,96.4,96.4,2
1764001380,96.4,96.4,96.4,96.4,6
1764001560,96.4,96.4,96.395,96.395,1593
1764001620,96.395,96.395,96.395,96.395,25
1764001800,96.395,96.395,96.395,96.395,1
1764001920,96.4,96.4,96.4,96.4,1191
1764001980,96.4,96.4,96.4,96.4,309
1764002040,96.4,96.4,96.4,96.4,45
1764002100,96.4,96.4,96.4,96.4,167
1764002160,96.4,96.4,96.4,96.4,34
1764002280,96.4,96.405,96.4,96.405,57
1764002340,96.405,96.405,96.405,96.405,983
1764002400,96.405,96.405,96.405,96.405,24
1764003300,96.4,96.4,96.4,96.4,11
1764003360,96.4,96.4,96.4,96.4,1
1764003420,96.405,96.405,96.405,96.405,480
1764003480,96.405,96.405,96.405,96.405,10
1764003600,96.405,96.405,96.4,96.405,794
1764003660,96.405,96.405,96.405,96.405,97
1764003720,96.405,96.405,96.405,96.405,311
1764003780,96.405,96.405,96.405,96.405,574
1764003840,96.405,96.405,96.405,96.405,237
1764003900,96.405,96.405,96.405,96.405,48
1764003960,96.405,96.405,96.405,96.405,6
1764004020,96.405,96.405,96.405,96.405,6
1764004200,96.405,96.405,96.405,96.405,154
1764004260,96.405,96.405,96.405,96.405,3
1764004320,96.405,96.405,96.405,96.405,1719
1764004380,96.405,96.405,96.405,96.405,3
1764004440,96.405,96.405,96.405,96.405,122
1764004500,96.405,96.405,96.405,96.405,2
1764004680,96.405,96.405,96.405,96.405,3
1764004740,96.405,96.405,96.405,96.405,3
1764004800,96.405,96.405,96.405,96.405,1
1764004860,96.405,96.405,96.405,96.405,209
1764005640,96.405,96.405,96.405,96.405,1
1764005700,96.405,96.405,96.405,96.405,2
1764005760,96.405,96.405,96.405,96.405,1
1764005820,96.405,96.405,96.405,96.405,2
1764005940,96.41,96.41,96.41,96.41,65
1764006120,96.41,96.41,96.41,96.41,738
1764006180,96.41,96.41,96.41,96.41,34
1764006300,96.41,96.41,96.41,96.41,5
1764006420,96.41,96.41,96.41,96.41,16
1764006780,96.41,96.41,96.41,96.41,17
1764006840,96.41,96.41,96.41,96.41,20
1764006900,96.41,96.41,96.41,96.41,187
1764006960,96.41,96.41,96.41,96.41,50
1764007140,96.405,96.41,96.405,96.41,2
1764007200,96.405,96.41,96.405,96.41,26
1764007260,96.41,96.41,96.41,96.41,1
1764007320,96.41,96.41,96.41,96.41,1
1764007440,96.41,96.41,96.41,96.41,37
1764007500,96.41,96.41,96.41,96.41,1
1764007620,96.41,96.41,96.41,96.41,12
1764007800,96.41,96.41,96.41,96.41,30
1764007920,96.41,96.41,96.41,96.41,31
1764008100,96.41,96.41,96.41,96.41,50
1764008160,96.41,96.41,96.41,96.41,62
1764008220,96.41,96.41,96.41,96.41,8
1764008280,96.41,96.41,96.41,96.41,602
1764008460,96.405,96.405,96.405,96.405,1
1764008640,96.41,96.41,96.41,96.41,52
1764008700,96.41,96.41,96.41,96.41,2
1764008760,96.41,96.41,96.41,96.41,3
1764009420,96.41,96.41,96.41,96.41,68
1764009480,96.41,96.41,96.41,96.41,2
1764009540,96.41,96.41,96.41,96.41,7
1764009600,96.41,96.41,96.41,96.41,4
1764009660,96.41,96.41,96.41,96.41,1
1764009720,96.41,96.41,96.41,96.41,15
1764009780,96.41,96.41,96.41,96.41,16
1764009840,96.41,96.41,96.41,96.41,113
1764009960,96.41,96.41,96.41,96.41,8
1764010020,96.41,96.41,96.41,96.41,1
1764010080,96.41,96.41,96.41,96.41,83
1764010140,96.41,96.41,96.41,96.41,18
1764010260,96.41,96.41,96.41,96.41,2
1764010320,96.41,96.41,96.41,96.41,1
1764010560,96.415,96.42,96.415,96.42,2033
1764010620,96.42,96.42,96.42,96.42,105
1764010680,96.42,96.42,96.42,96.42,101
1764010740,96.42,96.42,96.415,96.415,31
1764010800,96.415,96.42,96.415,96.415,1156
1764010980,96.415,96.415,96.415,96.415,1
1764011040,96.42,96.42,96.42,96.42,1
1764011220,96.415,96.415,96.415,96.415,2
1764011280,96.42,96.42,96.415,96.415,47
1764011340,96.415,96.415,96.415,96.415,1
1764011580,96.415,96.415,96.415,96.415,49
1764011820,96.415,96.42,96.415,96.415,1352
1764012120,96.415,96.415,96.415,96.415,3
1764012360,96.415,96.415,96.415,96.415,2
1764012900,96.415,96.415,96.415,96.415,1
1764013020,96.415,96.415,96.415,96.415,1
1764013080,96.415,96.415,96.415,96.415,3
1764013200,96.415,96.415,96.415,96.415,2
1764013260,96.415,96.415,96.415,96.415,29
1764013320,96.415,96.415,96.415,96.415,22
1764013860,96.415,96.415,96.415,96.415,20
1764014160,96.42,96.425,96.42,96.42,1450
1764014220,96.42,96.42,96.42,96.42,104
1764014340,96.425,96.425,96.42,96.42,228
1764014400,96.42,96.42,96.42,96.42,15
1764014520,96.42,96.42,96.42,96.42,31
1764014580,96.425,96.43,96.42,96.425,6052
1764014640,96.425,96.425,96.42,96.42,702
1764014700,96.425,96.425,96.42,96.425,2133
1764014760,96.425,96.425,96.425,96.425,13
1764014820,96.425,96.425,96.425,96.425,4
1764014880,96.425,96.43,96.425,96.43,15
1764014940,96.425,96.425,96.42,96.42,1470
1764015000,96.425,96.425,96.42,96.42,33
1764015120,96.42,96.42,96.42,96.42,14
1764015180,96.425,96.425,96.425,96.425,8
1764015240,96.425,96.425,96.42,96.42,4
1764015300,96.425,96.425,96.425,96.425,47
1764015360,96.42,96.42,96.42,96.42,2
1764015420,96.425,96.425,96.425,96.425,760
1764015480,96.425,96.425,96.425,96.425,168
1764015540,96.425,96.425,96.425,96.425,71
1764015780,96.425,96.425,96.425,96.425,1
1764015840,96.42,96.425,96.42,96.425,3
1764015900,96.425,96.425,96.425,96.425,626
1764015960,96.425,96.425,96.42,96.42,4
1764016020,96.425,96.425,96.42,96.42,3
1764016080,96.425,96.425,96.425,96.425,1
1764016140,96.425,96.425,96.425,96.425,1
1764016260,96.425,96.425,96.425,96.425,35
1764016320,96.425,96.425,96.42,96.425,29
1764016440,96.425,96.425,96.425,96.425,2
1764016500,96.425,96.425,96.425,96.425,3614
1764016560,96.425,96.425,96.425,96.425,173
1764016800,96.425,96.425,96.425,96.425,1
1764016860,96.425,96.425,96.425,96.425,86
1764016920,96.425,96.425,96.425,96.425,90
1764016980,96.425,96.425,96.425,96.425,5
1764017040,96.425,96.425,96.425,96.425,2
1764017100,96.425,96.425,96.425,96.425,1
1764017160,96.425,96.425,96.425,96.425,2
1764017220,96.425,96.425,96.425,96.425,1016
1764017280,96.425,96.425,96.425,96.425,1108
1764017340,96.425,96.425,96.425,96.425,170
1764017400,96.425,96.425,96.425,96.425,9
1764017460,96.425,96.425,96.425,96.425,4
1764017700,96.425,96.425,96.425,96.425,2390
1764017760,96.425,96.425,96.425,96.425,4
1764017880,96.425,96.425,96.425,96.425,1
1764018000,96.425,96.425,96.425,96.425,2
1764018060,96.425,96.425,96.425,96.425,1
1764018120,96.425,96.425,96.425,96.425,1
1764018240,96.425,96.425,96.425,96.425,7
1764018300,96.425,96.425,96.425,96.425,119
1764018360,96.425,96.425,96.425,96.425,130
1764018420,96.425,96.425,96.425,96.425,505
1764018480,96.425,96.425,96.425,96.425,37
1764018600,96.425,96.425,96.425,96.425,90
1764018660,96.425,96.425,96.425,96.425,105
1764018720,96.425,96.425,96.425,96.425,11
1764018780,96.425,96.425,96.425,96.425,4
1764018840,96.425,96.425,96.425,96.425,1
1764018900,96.425,96.425,96.425,96.425,158
1764018960,96.425,96.425,96.425,96.425,43
1764019020,96.425,96.425,96.425,96.425,25
1764019080,96.425,96.425,96.425,96.425,267
1764019140,96.425,96.425,96.425,96.425,16
1764019260,96.425,96.425,96.425,96.425,1
1764019320,96.425,96.425,96.425,96.425,9
1764019380,96.425,96.425,96.425,96.425,3
1764019500,96.425,96.425,96.425,96.425,8
1764019560,96.425,96.425,96.425,96.425,24
1764019740,96.425,96.425,96.425,96.425,109
1764019980,96.425,96.425,96.425,96.425,10
1764020160,96.425,96.425,96.425,96.425,16
1764020400,96.425,96.425,96.425,96.425,70
1764020460,96.425,96.425,96.425,96.425,1
1764020520,96.425,96.425,96.425,96.425,37
1764020640,96.425,96.425,96.425,96.425,1
1764020760,96.425,96.425,96.425,96.425,2
1764020820,96.425,96.425,96.425,96.425,2
1764020880,96.425,96.425,96.425,96.425,520
1764020940,96.425,96.425,96.425,96.425,17
1764021000,96.425,96.425,96.425,96.425,11
1764021060,96.425,96.425,96.425,96.425,40
1764021120,96.425,96.425,96.425,96.425,1
1764021180,96.425,96.425,96.425,96.425,7
1764021240,96.425,96.425,96.425,96.425,202
1764021360,96.425,96.425,96.425,96.425,124
1764021420,96.425,96.425,96.425,96.425,111
1764021480,96.425,96.425,96.425,96.425,24
1764021540,96.425,96.425,96.415,96.415,1037
1764025200,96.415,96.42,96.415,96.42,104
1764025380,96.42,96.42,96.42,96.42,160
1764025500,96.415,96.415,96.415,96.415,6
1764026040,96.415,96.415,96.415,96.415,38
1764026100,96.415,96.415,96.415,96.415,533
1764027180,96.415,96.415,96.415,96.415,3
1764030060,96.42,96.42,96.42,96.42,720
1764031380,96.42,96.42,96.42,96.42,123
1764032280,96.42,96.42,96.42,96.42,47
1764032400,96.42,96.42,96.42,96.42,49
1764032460,96.42,96.42,96.42,96.42,23
1764032520,96.42,96.42,96.42,96.42,1
1764032580,96.42,96.42,96.42,96.42,15
1764032760,96.42,96.42,96.42,96.42,27
1764032880,96.42,96.42,96.42,96.42,33
1764034800,96.415,96.415,96.415,96.415,1
1764036240,96.415,96.415,96.415,96.415,1
1764037020,96.42,96.42,96.42,96.42,1
1764037200,96.42,96.42,96.42,96.42,1
1764037800,96.415,96.415,96.415,96.415,1
1764038040,96.415,96.415,96.415,96.415,2
1764038640,96.42,96.42,96.42,96.42,1
1764039780,96.42,96.42,96.42,96.42,1
1764040260,96.42,96.42,96.42,96.42,1
1764040860,96.415,96.415,96.415,96.415,2
1764042420,96.42,96.42,96.42,96.42,100
1764043680,96.415,96.415,96.415,96.415,1
1764050460,96.415,96.415,96.415,96.415,1
1764052620,96.415,96.415,96.415,96.415,5
1764053340,96.415,96.415,96.415,96.415,27
1764053460,96.415,96.415,96.415,96.415,2
1764053640,96.415,96.415,96.415,96.415,2
1764053760,96.415,96.415,96.415,96.415,170
1764053820,96.415,96.415,96.415,96.415,19
1764053940,96.415,96.415,96.415,96.415,21
1764054000,96.415,96.415,96.415,96.415,12
1764054360,96.415,96.415,96.415,96.415,27
1764054420,96.415,96.415,96.415,96.415,19
1764054660,96.415,96.415,96.415,96.415,27
1764055320,96.415,96.415,96.415,96.415,17
1764055560,96.415,96.415,96.415,96.415,11
1764056160,96.415,96.415,96.415,96.415,21
1764056280,96.415,96.415,96.415,96.415,5
1764056340,96.415,96.415,96.415,96.415,4
1764056640,96.415,96.415,96.415,96.415,28
1764057360,96.415,96.415,96.415,96.415,1
1764057540,96.415,96.415,96.415,96.415,22
1764057600,96.415,96.415,96.415,96.415,158
1764058680,96.415,96.415,96.415,96.415,186
1764059160,96.415,96.415,96.415,96.415,136
1764059340,96.415,96.415,96.415,96.415,23
1764060600,96.42,96.42,96.42,96.42,66
1764060660,96.42,96.42,96.42,96.42,50
1764060720,96.42,96.42,96.42,96.42,21
1764062520,96.42,96.42,96.42,96.42,191
1764062580,96.42,96.42,96.42,96.42,58
1764062700,96.425,96.425,96.425,96.425,50
1764062820,96.42,96.42,96.42,96.42,6
1764062880,96.42,96.42,96.42,96.42,56
1764062940,96.42,96.42,96.42,96.42,18
1764063060,96.42,96.42,96.42,96.42,20
1764063180,96.42,96.42,96.42,96.42,18
1764063840,96.42,96.42,96.42,96.42,1
1764063900,96.42,96.42,96.42,96.42,29
1764064020,96.42,96.42,96.42,96.42,2
1764064200,96.42,96.42,96.42,96.42,1
1764064620,96.42,96.42,96.42,96.42,2
1764065280,96.42,96.42,96.42,96.42,3
1764067020,96.42,96.42,96.42,96.42,53
1764067380,96.42,96.42,96.42,96.42,7
1764068820,96.42,96.42,96.42,96.42,6
1764069360,96.425,96.425,96.425,96.425,650
1764070080,96.425,96.425,96.425,96.425,4
1764070500,96.425,96.425,96.425,96.425,106
1764070620,96.425,96.425,96.425,96.425,4
1764071220,96.425,96.425,96.425,96.425,1
1764071520,96.425,96.425,96.425,96.425,20
1764071820,96.425,96.425,96.425,96.425,23
1764072060,96.425,96.425,96.425,96.425,23
1764072240,96.425,96.425,96.425,96.425,23
1764072540,96.425,96.425,96.425,96.425,50
1764072840,96.425,96.425,96.425,96.425,23
1764072960,96.425,96.425,96.425,96.425,224
1764073080,96.425,96.425,96.425,96.425,251
1764073140,96.425,96.425,96.425,96.425,18
1764073200,96.425,96.425,96.425,96.425,175
1764073260,96.425,96.425,96.425,96.425,70
1764073320,96.425,96.425,96.425,96.425,99
1764073380,96.425,96.425,96.425,96.425,25
1764073440,96.425,96.425,96.425,96.425,149
1764073500,96.425,96.425,96.425,96.425,92
1764073620,96.425,96.425,96.42,96.425,278
1764073740,96.425,96.425,96.425,96.425,24
1764073920,96.425,96.425,96.425,96.425,91
1764073980,96.425,96.425,96.425,96.425,25
1764074040,96.425,96.425,96.425,96.425,23
1764074100,96.425,96.425,96.42,96.42,28
1764074160,96.425,96.425,96.425,96.425,4
1764074220,96.425,96.425,96.42,96.42,62
1764074280,96.425,96.425,96.425,96.425,25
1764074340,96.425,96.425,96.425,96.425,20
1764074400,96.425,96.425,96.425,96.425,6
1764074460,96.425,96.425,96.42,96.425,204
1764074520,96.425,96.425,96.425,96.425,44
1764074700,96.425,96.425,96.425,96.425,27
1764074760,96.425,96.425,96.425,96.425,1
1764074820,96.425,96.425,96.425,96.425,1
1764074940,96.43,96.43,96.43,96.43,28
1764075000,96.43,96.43,96.43,96.43,2
1764075060,96.425,96.425,96.425,96.425,6
1764075120,96.425,96.425,96.425,96.425,1
1764075300,96.425,96.425,96.425,96.425,321
1764075360,96.425,96.425,96.425,96.425,1
1764075420,96.425,96.425,96.425,96.425,4
1764075720,96.43,96.43,96.43,96.43,1049
1764075780,96.43,96.43,96.43,96.43,45
1764075900,96.43,96.43,96.43,96.43,112
1764076080,96.43,96.43,96.43,96.43,1
1764076140,96.43,96.43,96.43,96.43,10
1764076200,96.43,96.43,96.43,96.43,20
1764076260,96.43,96.43,96.43,96.43,322
1764076320,96.43,96.43,96.43,96.43,53
1764076380,96.43,96.43,96.43,96.43,2
1764076440,96.43,96.43,96.43,96.43,114
1764076500,96.43,96.435,96.43,96.435,543
1764076560,96.435,96.44,96.435,96.44,275
1764076620,96.44,96.44,96.44,96.44,1152
1764076680,96.435,96.435,96.435,96.435,1
1764076800,96.435,96.435,96.435,96.435,2
1764076860,96.435,96.435,96.43,96.43,412
1764076920,96.435,96.435,96.43,96.43,4
1764076980,96.435,96.435,96.435,96.435,234
1764077040,96.435,96.435,96.435,96.435,83
1764077100,96.435,96.435,96.435,96.435,61
1764077160,96.435,96.435,96.435,96.435,218
1764077220,96.435,96.435,96.435,96.435,112
1764077280,96.435,96.435,96.435,96.435,38
1764077340,96.435,96.435,96.435,96.435,8
1764077400,96.44,96.445,96.435,96.435,267
1764077460,96.435,96.44,96.435,96.44,27
1764077520,96.435,96.435,96.435,96.435,77
1764077580,96.435,96.435,96.435,96.435,487
1764077640,96.43,96.43,96.43,96.43,352
1764077700,96.43,96.43,96.43,96.43,12
1764077760,96.43,96.43,96.43,96.43,15
1764077880,96.425,96.425,96.425,96.425,364
1764077940,96.425,96.425,96.425,96.425,20
1764078060,96.425,96.425,96.425,96.425,28
1764078120,96.425,96.425,96.425,96.425,6
1764078180,96.43,96.43,96.43,96.43,634
1764078240,96.43,96.43,96.43,96.43,71
1764078300,96.43,96.43,96.43,96.43,64
1764078420,96.43,96.43,96.43,96.43,145
1764078480,96.43,96.43,96.43,96.43,96
1764078540,96.43,96.43,96.43,96.43,87
1764078600,96.43,96.43,96.43,96.43,9
1764078660,96.43,96.43,96.43,96.43,1
1764078720,96.43,96.43,96.43,96.43,30
1764078780,96.43,96.43,96.43,96.43,88
1764078840,96.43,96.43,96.43,96.43,64
1764078900,96.43,96.43,96.43,96.43,18
1764078960,96.43,96.43,96.425,96.43,262
1764079020,96.43,96.43,96.43,96.43,14
1764079140,96.435,96.435,96.435,96.435,275
1764079260,96.43,96.43,96.43,96.43,3
1764079440,96.435,96.435,96.435,96.435,393
1764079500,96.43,96.43,96.43,96.43,3
1764079560,96.435,96.435,96.435,96.435,93
1764079620,96.435,96.435,96.435,96.435,32
1764079680,96.435,96.435,96.435,96.435,122
1764079740,96.435,96.435,96.435,96.435,3
1764079800,96.435,96.435,96.435,96.435,25
1764079860,96.435,96.435,96.435,96.435,1
1764079920,96.435,96.435,96.435,96.435,1
1764079980,96.435,96.435,96.435,96.435,105
1764080040,96.435,96.435,96.435,96.435,24
1764080100,96.435,96.435,96.435,96.435,58
1764080220,96.435,96.435,96.43,96.43,5
1764080520,96.43,96.43,96.43,96.43,6
1764080580,96.43,96.43,96.43,96.43,11
1764080760,96.43,96.43,96.43,96.43,1
1764080820,96.43,96.43,96.43,96.43,5
1764081060,96.43,96.43,96.43,96.43,4
1764081240,96.43,96.43,96.43,96.43,10
1764081360,96.43,96.43,96.43,96.43,1
1764081480,96.43,96.43,96.43,96.43,4
1764081600,96.43,96.43,96.43,96.43,1
1764081660,96.43,96.43,96.43,96.43,1
1764081720,96.435,96.435,96.435,96.435,2
1764081900,96.435,96.435,96.435,96.435,350
1764081960,96.435,96.435,96.435,96.435,3
1764082020,96.44,96.44,96.435,96.44,114
1764082080,96.435,96.435,96.435,96.435,1
1764082140,96.44,96.44,96.44,96.44,1
1764082380,96.435,96.435,96.435,96.435,31
1764082440,96.435,96.435,96.435,96.435,756
1764082620,96.435,96.435,96.435,96.435,1
1764082740,96.43,96.43,96.43,96.43,159
1764082860,96.43,96.43,96.43,96.43,1
1764083100,96.43,96.43,96.43,96.43,117
1764083220,96.43,96.43,96.43,96.43,1
1764083520,96.43,96.43,96.43,96.43,6
1764083640,96.43,96.43,96.43,96.43,3
1764083820,96.43,96.43,96.43,96.43,156
1764083880,96.43,96.43,96.43,96.43,143
1764083940,96.43,96.43,96.43,96.43,318
1764084000,96.43,96.43,96.43,96.43,774
1764084060,96.43,96.43,96.43,96.43,45
1764084300,96.43,96.43,96.43,96.43,120
1764084420,96.43,96.43,96.43,96.43,186
1764084600,96.43,96.43,96.43,96.43,85
1764084660,96.43,96.43,96.43,96.43,82
1764084720,96.43,96.43,96.43,96.43,62
1764084780,96.43,96.43,96.43,96.43,71
1764084900,96.43,96.43,96.43,96.43,70
1764084960,96.43,96.43,96.43,96.43,16
1764085020,96.43,96.43,96.43,96.43,1
1764085080,96.43,96.43,96.43,96.43,119
1764085140,96.43,96.43,96.43,96.43,153
1764085200,96.43,96.43,96.43,96.43,275
1764085260,96.43,96.43,96.43,96.43,115
1764085320,96.43,96.43,96.43,96.43,16
1764085440,96.43,96.43,96.43,96.43,32
1764085500,96.43,96.43,96.43,96.43,5
1764085560,96.43,96.43,96.43,96.43,130
1764085800,96.43,96.43,96.43,96.43,127
1764085860,96.43,96.43,96.43,96.43,5
1764085920,96.43,96.43,96.43,96.43,39
1764085980,96.43,96.43,96.43,96.43,15
1764086040,96.43,96.43,96.43,96.43,43
1764086100,96.43,96.43,96.43,96.43,36
1764086580,96.43,96.43,96.43,96.43,6
1764086700,96.43,96.43,96.43,96.43,32
1764087000,96.43,96.43,96.43,96.43,1
1764087060,96.43,96.43,96.43,96.43,7
1764087240,96.43,96.43,96.43,96.43,2
1764087300,96.43,96.43,96.43,96.43,154
1764087780,96.43,96.43,96.43,96.43,1
1764087840,96.43,96.43,96.43,96.43,5
1764087900,96.43,96.43,96.43,96.43,17
1764088080,96.43,96.43,96.43,96.43,231
1764088140,96.43,96.43,96.43,96.43,17
1764088200,96.43,96.43,96.43,96.43,5
1764088320,96.43,96.43,96.43,96.43,1
1764088380,96.43,96.43,96.425,96.43,176
1764088440,96.43,96.43,96.425,96.425,20
1764088740,96.43,96.43,96.43,96.43,1
1764089340,96.43,96.43,96.43,96.43,9
1764089400,96.43,96.43,96.43,96.43,236
1764089460,96.43,96.43,96.43,96.43,69
1764089520,96.43,96.43,96.43,96.43,4
1764089580,96.43,96.43,96.43,96.43,1
1764089640,96.425,96.43,96.425,96.43,6
1764089700,96.425,96.43,96.425,96.425,610
1764089760,96.43,96.43,96.425,96.43,290
1764089820,96.43,96.43,96.43,96.43,36
1764089940,96.43,96.43,96.43,96.43,29
1764090000,96.43,96.435,96.43,96.435,684
1764090120,96.43,96.43,96.43,96.43,54
1764090180,96.435,96.435,96.435,96.435,89
1764090300,96.435,96.435,96.435,96.435,3
1764090960,96.43,96.43,96.43,96.43,2
1764091080,96.43,96.43,96.43,96.43,146
1764091140,96.43,96.43,96.43,96.43,416
1764091200,96.43,96.43,96.43,96.43,24
1764091260,96.43,96.43,96.43,96.43,152
1764091320,96.43,96.43,96.43,96.43,351
1764091440,96.43,96.435,96.43,96.435,565
1764091500,96.43,96.43,96.43,96.43,60
1764091560,96.43,96.43,96.43,96.43,57
1764091620,96.43,96.43,96.43,96.43,1442
1764091680,96.43,96.43,96.43,96.43,337
1764091740,96.43,96.43,96.43,96.43,127
1764091800,96.43,96.43,96.43,96.43,6
1764092100,96.43,96.43,96.43,96.43,19
1764092160,96.43,96.43,96.43,96.43,6
1764092280,96.43,96.43,96.43,96.43,2
1764092340,96.43,96.43,96.43,96.43,1
1764092400,96.43,96.43,96.43,96.43,16
1764092520,96.43,96.435,96.43,96.435,50
1764092760,96.43,96.43,96.43,96.43,12
1764093420,96.435,96.435,96.435,96.435,4
1764093480,96.435,96.435,96.435,96.435,471
1764093720,96.43,96.43,96.43,96.43,16
1764093900,96.435,96.435,96.435,96.435,1
1764093960,96.435,96.435,96.435,96.435,118
1764094020,96.435,96.435,96.435,96.435,124
1764094080,96.435,96.435,96.435,96.435,555
1764094140,96.435,96.435,96.435,96.435,99
1764094200,96.435,96.435,96.435,96.435,325
1764094320,96.435,96.435,96.435,96.435,1
1764094440,96.435,96.435,96.43,96.43,5
1764094800,96.435,96.435,96.435,96.435,2
1764094920,96.435,96.435,96.435,96.435,1
1764095040,96.435,96.435,96.435,96.435,1
1764095160,96.435,96.435,96.43,96.43,12
1764095280,96.435,96.435,96.435,96.435,1
1764095340,96.43,96.435,96.43,96.435,13
1764095400,96.43,96.43,96.43,96.43,4
1764095460,96.43,96.43,96.43,96.43,4
1764095580,96.435,96.435,96.435,96.435,1
1764095880,96.435,96.435,96.435,96.435,1
1764096060,96.435,96.44,96.435,96.44,4144
1764096240,96.44,96.44,96.44,96.44,1
1764096300,96.435,96.435,96.435,96.435,50
1764096420,96.44,96.44,96.44,96.44,1
1764096480,96.44,96.44,96.44,96.44,678
1764096540,96.44,96.44,96.44,96.44,1
1764096720,96.44,96.44,96.44,96.44,1
1764096780,96.44,96.44,96.44,96.44,1858
1764096840,96.44,96.44,96.44,96.44,1
1764096900,96.44,96.44,96.44,96.44,1
1764096960,96.44,96.44,96.44,96.44,2
1764097020,96.44,96.44,96.44,96.44,1
1764097140,96.44,96.44,96.44,96.44,221
1764097200,96.44,96.44,96.44,96.44,1
1764097260,96.44,96.44,96.44,96.44,1
1764097380,96.44,96.44,96.44,96.44,1
1764097440,96.44,96.44,96.44,96.44,86
1764097500,96.44,96.44,96.44,96.44,1
1764097620,96.44,96.44,96.44,96.44,1
1764097680,96.44,96.44,96.44,96.44,1
1764097800,96.44,96.44,96.44,96.44,1
1764097920,96.44,96.44,96.44,96.44,1
1764098040,96.44,96.44,96.44,96.44,1
1764098160,96.44,96.44,96.44,96.44,1
1764098220,96.44,96.44,96.44,96.44,1
1764098340,96.44,96.44,96.44,96.44,1
1764098400,96.44,96.44,96.44,96.44,1
1764098460,96.44,96.44,96.44,96.44,1
1764098760,96.44,96.44,96.44,96.44,3
1764098820,96.435,96.435,96.435,96.435,2
1764098880,96.44,96.44,96.44,96.44,1
1764099000,96.44,96.44,96.44,96.44,1
1764099060,96.44,96.44,96.44,96.44,1
1764099180,96.44,96.44,96.44,96.44,1
1764099300,96.44,96.44,96.44,96.44,284
1764099360,96.44,96.44,96.44,96.44,1
1764099480,96.44,96.44,96.44,96.44,1
1764099540,96.44,96.44,96.44,96.44,1
1764099600,96.435,96.435,96.435,96.435,23
1764099660,96.44,96.44,96.44,96.44,1
1764099780,96.44,96.44,96.44,96.44,5
1764099840,96.44,96.44,96.44,96.44,5
1764099900,96.44,96.44,96.44,96.44,2
1764099960,96.44,96.44,96.44,96.44,628
1764100020,96.44,96.44,96.44,96.44,2
1764100080,96.44,96.44,96.44,96.44,2
1764100140,96.44,96.44,96.44,96.44,3
1764100200,96.44,96.44,96.44,96.44,2
1764100260,96.44,96.44,96.44,96.44,3
1764100320,96.44,96.44,96.44,96.44,2
1764100380,96.435,96.44,96.435,96.44,3
1764100440,96.44,96.44,96.44,96.44,2
1764100500,96.44,96.44,96.44,96.44,4
1764100560,96.44,96.44,96.44,96.44,2
1764100620,96.44,96.44,96.44,96.44,4
1764100680,96.44,96.44,96.44,96.44,4
1764100740,96.44,96.44,96.435,96.44,80
1764100800,96.44,96.44,96.44,96.44,133
1764100860,96.44,96.44,96.44,96.44,4
1764100920,96.44,96.44,96.44,96.44,2
1764100980,96.44,96.44,96.44,96.44,8
1764101040,96.44,96.44,96.435,96.435,11
1764101100,96.44,96.44,96.44,96.44,5
1764101160,96.44,96.44,96.44,96.44,2
1764101280,96.44,96.44,96.435,96.435,552
1764101400,96.435,96.44,96.435,96.435,311
1764101520,96.435,96.435,96.435,96.435,76
1764101580,96.435,96.44,96.435,96.44,2
1764101700,96.435,96.44,96.435,96.44,2
1764101760,96.435,96.44,96.435,96.435,148
1764101820,96.435,96.435,96.435,96.435,7
1764101940,96.435,96.44,96.435,96.44,2
1764102000,96.435,96.435,96.435,96.435,166
1764102060,96.435,96.435,96.435,96.435,82
1764102120,96.435,96.44,96.435,96.44,2
1764102180,96.435,96.435,96.435,96.435,92
1764102240,96.435,96.44,96.435,96.44,2
1764102300,96.435,96.44,96.435,96.44,2
1764102360,96.435,96.44,96.435,96.44,2
1764102420,96.435,96.44,96.435,96.44,2
1764102480,96.435,96.44,96.435,96.44,2
1764102540,96.435,96.44,96.435,96.435,35
1764102660,96.435,96.44,96.435,96.44,2
1764102720,96.435,96.44,96.435,96.44,2
1764102780,96.435,96.435,96.435,96.435,20
1764102840,96.435,96.44,96.435,96.44,2
1764102900,96.435,96.44,96.435,96.44,2
1764102960,96.435,96.44,96.435,96.44,2
1764103020,96.435,96.44,96.435,96.44,2
1764103080,96.435,96.44,96.435,96.44,2
1764103140,96.435,96.44,96.435,96.44,2
1764103200,96.435,96.44,96.435,96.44,2
1764103260,96.435,96.44,96.435,96.44,2
1764103320,96.435,96.44,96.435,96.44,2
1764103380,96.44,96.44,96.44,96.44,2
1764103440,96.435,96.435,96.435,96.435,750
1764103500,96.435,96.435,96.435,96.435,18
1764103560,96.435,96.435,96.435,96.435,2
1764103620,96.435,96.435,96.435,96.435,2
1764103680,96.435,96.435,96.435,96.435,2
1764103740,96.435,96.435,96.435,96.435,2
1764103800,96.435,96.435,96.435,96.435,2
1764103920,96.435,96.435,96.435,96.435,2
1764103980,96.435,96.435,96.435,96.435,2
1764104040,96.435,96.435,96.435,96.435,2
1764104100,96.435,96.435,96.435,96.435,3
1764104160,96.435,96.435,96.435,96.435,2
1764104220,96.435,96.435,96.435,96.435,4
1764104280,96.435,96.435,96.435,96.435,2
1764104340,96.435,96.44,96.435,96.44,146
1764104400,96.435,96.435,96.435,96.435,40
1764104520,96.435,96.435,96.435,96.435,85
1764104580,96.435,96.435,96.435,96.435,2
1764104700,96.435,96.435,96.435,96.435,3
1764104760,96.435,96.435,96.435,96.435,3
1764104820,96.435,96.435,96.435,96.435,1
1764104880,96.435,96.435,96.435,96.435,39
1764105300,96.435,96.435,96.435,96.435,34
1764105480,96.435,96.435,96.435,96.435,230
1764105540,96.435,96.435,96.435,96.435,15
1764105900,96.435,96.435,96.435,96.435,231
1764106080,96.435,96.435,96.435,96.435,2467
1764106680,96.435,96.435,96.435,96.435,174
1764106740,96.435,96.435,96.435,96.435,60
1764106800,96.435,96.435,96.435,96.435,2
1764106920,96.435,96.435,96.435,96.435,3
1764107160,96.435,96.435,96.435,96.435,23
1764107280,96.435,96.435,96.435,96.435,98
1764107340,96.435,96.435,96.435,96.435,5
1764107400,96.435,96.435,96.435,96.435,14
1764107640,96.435,96.435,96.435,96.435,1
1764107940,96.435,96.435,96.435,96.435,2
1764116160,96.43,96.43,96.43,96.43,41
1764116340,96.43,96.43,96.43,96.43,7
1764120660,96.435,96.435,96.435,96.435,1
1764121200,96.435,96.435,96.435,96.435,60
1764121920,96.435,96.435,96.435,96.435,3
1764123180,96.43,96.43,96.43,96.43,13
1764123900,96.43,96.43,96.43,96.43,6
1764132840,96.435,96.435,96.435,96.435,18
1764135780,96.43,96.43,96.43,96.43,6
1764135840,96.43,96.43,96.43,96.43,333
1764136560,96.43,96.43,96.43,96.43,1
1764136620,96.43,96.43,96.43,96.43,100
1764137160,96.43,96.43,96.43,96.43,1
1764137220,96.43,96.43,96.43,96.43,17
1764137760,96.43,96.43,96.43,96.43,1
1764137880,96.43,96.43,96.43,96.43,1
1764138480,96.43,96.43,96.43,96.43,1
1764138960,96.43,96.43,96.43,96.43,2
1764139200,96.43,96.43,96.43,96.43,2
1764139500,96.425,96.425,96.425,96.425,2
1764140520,96.43,96.43,96.43,96.43,59
1764140940,96.43,96.43,96.43,96.43,32
1764141180,96.43,96.43,96.43,96.43,254
1764142080,96.43,96.43,96.43,96.43,1
1764142380,96.43,96.43,96.43,96.43,1
1764142560,96.43,96.43,96.43,96.43,2
1764142800,96.43,96.43,96.43,96.43,1
1764142860,96.43,96.43,96.43,96.43,1
1764143460,96.43,96.43,96.43,96.43,1
1764143520,96.43,96.43,96.43,96.43,2
1764143580,96.43,96.43,96.43,96.43,315
1764143700,96.43,96.43,96.43,96.43,33
1764143760,96.43,96.43,96.43,96.43,77
1764143820,96.435,96.435,96.435,96.435,300
1764143880,96.435,96.435,96.435,96.435,539
1764143940,96.435,96.435,96.435,96.435,161
1764144480,96.435,96.435,96.435,96.435,26
1764144540,96.435,96.435,96.435,96.435,2
1764144600,96.435,96.435,96.435,96.435,2
1764144960,96.435,96.435,96.435,96.435,1
1764145020,96.435,96.435,96.435,96.435,2
1764145200,96.435,96.435,96.435,96.435,26
1764145260,96.435,96.435,96.435,96.435,17
1764145380,96.435,96.435,96.435,96.435,2
1764145500,96.435,96.435,96.435,96.435,5
1764145560,96.435,96.435,96.435,96.435,1
1764145620,96.435,96.435,96.435,96.435,24
1764145680,96.435,96.435,96.435,96.435,75
1764146100,96.435,96.435,96.435,96.435,120
1764146160,96.435,96.435,96.435,96.435,5
1764147000,96.435,96.435,96.435,96.435,3
1764147120,96.435,96.435,96.435,96.435,1
1764147180,96.435,96.435,96.435,96.435,3
1764147720,96.435,96.435,96.435,96.435,7
1764147900,96.435,96.435,96.435,96.435,11
1764148440,96.435,96.435,96.435,96.435,1
1764148740,96.435,96.435,96.435,96.435,71
1764148800,96.435,96.435,96.435,96.435,68
1764148860,96.435,96.435,96.435,96.435,2
1764148980,96.435,96.435,96.435,96.435,13
1764149040,96.435,96.435,96.435,96.435,48
1764149160,96.435,96.435,96.435,96.435,35
1764149220,96.435,96.435,96.43,96.43,10
1764149460,96.435,96.435,96.435,96.435,18
1764149520,96.435,96.435,96.435,96.435,1
1764149640,96.435,96.435,96.435,96.435,9
1764149700,96.435,96.435,96.435,96.435,5
1764150120,96.435,96.435,96.435,96.435,7
1764150360,96.435,96.435,96.435,96.435,1
1764150540,96.435,96.435,96.435,96.435,16
1764150660,96.435,96.435,96.435,96.435,2
1764150780,96.435,96.435,96.435,96.435,32
1764150960,96.435,96.435,96.435,96.435,5
1764151140,96.435,96.435,96.435,96.435,2
1764151680,96.435,96.435,96.435,96.435,2
1764151740,96.435,96.435,96.435,96.435,2
1764152640,96.435,96.435,96.435,96.435,2
1764152820,96.435,96.435,96.435,96.435,4
1764153720,96.435,96.435,96.435,96.435,2
1764154140,96.435,96.435,96.435,96.435,4
1764154200,96.435,96.435,96.435,96.435,315
1764154620,96.435,96.435,96.435,96.435,7
1764155160,96.435,96.435,96.435,96.435,7
1764155220,96.435,96.435,96.435,96.435,9
1764155640,96.435,96.435,96.435,96.435,11
1764156060,96.435,96.435,96.435,96.435,25
1764156120,96.435,96.44,96.435,96.44,400
1764157380,96.435,96.435,96.435,96.435,4
1764157860,96.435,96.435,96.435,96.435,4
1764157920,96.435,96.435,96.435,96.435,6
1764158040,96.435,96.435,96.435,96.435,5
1764158100,96.435,96.435,96.435,96.435,2
1764158400,96.435,96.435,96.435,96.435,1
1764158880,96.435,96.435,96.435,96.435,163
1764158940,96.435,96.435,96.43,96.43,181
1764159000,96.43,96.43,96.43,96.43,2
1764159120,96.43,96.43,96.43,96.43,8
1764159900,96.435,96.435,96.435,96.435,1
1764161160,96.43,96.43,96.43,96.43,2
1764161280,96.43,96.43,96.43,96.43,11
1764161400,96.43,96.43,96.43,96.43,2
1764161580,96.435,96.435,96.435,96.435,1
1764163080,96.435,96.435,96.435,96.435,1
1764163200,96.435,96.435,96.435,96.435,3
1764163380,96.435,96.435,96.435,96.435,1
1764163500,96.435,96.435,96.435,96.435,1
1764163560,96.435,96.435,96.435,96.435,75
1764163680,96.435,96.435,96.435,96.435,9
1764163740,96.435,96.435,96.435,96.435,68
1764163800,96.43,96.43,96.42,96.425,1210
1764163860,96.43,96.43,96.43,96.43,19
1764163980,96.43,96.43,96.43,96.43,1
1764164040,96.43,96.43,96.43,96.43,1
1764164160,96.425,96.425,96.425,96.425,125
1764164220,96.425,96.425,96.425,96.425,97
1764164280,96.425,96.425,96.425,96.425,45
1764164460,96.425,96.425,96.425,96.425,5
1764164580,96.425,96.425,96.425,96.425,196
1764164640,96.425,96.425,96.425,96.425,74
1764164700,96.425,96.425,96.425,96.425,66
1764164940,96.425,96.425,96.425,96.425,1
1764165060,96.425,96.425,96.425,96.425,51
1764165120,96.425,96.425,96.425,96.425,2
1764165180,96.425,96.425,96.425,96.425,48
1764165240,96.425,96.425,96.425,96.425,28
1764165420,96.425,96.425,96.425,96.425,116
1764165540,96.425,96.425,96.425,96.425,48
1764165780,96.425,96.425,96.425,96.425,39
1764166020,96.425,96.425,96.425,96.425,18
1764166080,96.425,96.425,96.425,96.425,1
1764166140,96.425,96.425,96.425,96.425,5
1764166380,96.425,96.425,96.425,96.425,1
1764166440,96.425,96.425,96.425,96.425,124
1764166500,96.425,96.425,96.425,96.425,122
1764166560,96.425,96.425,96.425,96.425,25
1764166620,96.425,96.425,96.425,96.425,3
1764166680,96.42,96.42,96.42,96.42,1
1764166740,96.425,96.425,96.425,96.425,246
1764166800,96.425,96.425,96.425,96.425,158
1764166860,96.425,96.425,96.425,96.425,90
1764167100,96.425,96.425,96.425,96.425,29
1764167160,96.425,96.425,96.425,96.425,74
1764167340,96.425,96.425,96.425,96.425,91
1764167520,96.425,96.425,96.425,96.425,1
1764167580,96.425,96.425,96.425,96.425,30
1764167640,96.425,96.425,96.425,96.425,26
1764167700,96.425,96.425,96.425,96.425,91
1764167760,96.425,96.425,96.425,96.425,56
1764167820,96.425,96.425,96.425,96.425,19
1764167880,96.425,96.425,96.425,96.425,5
1764167940,96.425,96.425,96.425,96.425,2
1764168120,96.425,96.425,96.425,96.425,1
1764168240,96.425,96.425,96.425,96.425,1
1764168300,96.425,96.425,96.425,96.425,30
1764168360,96.425,96.425,96.425,96.425,46
1764168420,96.425,96.425,96.425,96.425,93
1764168480,96.425,96.425,96.425,96.425,31
1764168540,96.425,96.425,96.425,96.425,136
1764168600,96.425,96.425,96.425,96.425,30
1764168720,96.425,96.425,96.425,96.425,18
1764169020,96.42,96.42,96.42,96.42,8
1764169500,96.425,96.425,96.425,96.425,176
1764169560,96.425,96.425,96.425,96.425,83
1764169620,96.425,96.425,96.425,96.425,20
1764169680,96.425,96.425,96.425,96.425,85
1764169740,96.425,96.425,96.425,96.425,49
1764169860,96.425,96.425,96.425,96.425,80
1764169920,96.425,96.425,96.425,96.425,7
1764169980,96.425,96.425,96.425,96.425,3
1764170040,96.425,96.425,96.425,96.425,1
1764170100,96.425,96.425,96.425,96.425,6
1764170160,96.425,96.425,96.425,96.425,1
1764170340,96.425,96.425,96.425,96.425,253
1764170520,96.425,96.425,96.425,96.425,134
1764170580,96.425,96.425,96.425,96.425,21
1764170700,96.425,96.425,96.425,96.425,34
1764170760,96.425,96.425,96.425,96.425,20
1764170820,96.425,96.425,96.425,96.425,20
1764171000,96.425,96.425,96.425,96.425,41
1764171060,96.425,96.425,96.425,96.425,3
1764171120,96.425,96.425,96.425,96.425,59
1764171180,96.425,96.425,96.425,96.425,51
1764171300,96.425,96.425,96.425,96.425,56
1764171360,96.425,96.425,96.425,96.425,60
1764171420,96.425,96.425,96.425,96.425,25
1764171480,96.425,96.425,96.425,96.425,111
1764171660,96.425,96.425,96.425,96.425,69
1764171780,96.425,96.425,96.425,96.425,1
1764171840,96.425,96.425,96.425,96.425,3
1764171900,96.425,96.425,96.425,96.425,5
1764172020,96.425,96.425,96.425,96.425,1
1764172320,96.425,96.425,96.425,96.425,19
1764172440,96.425,96.425,96.425,96.425,27
1764172500,96.425,96.425,96.425,96.425,24
1764172560,96.425,96.425,96.425,96.425,1
1764172680,96.425,96.425,96.425,96.425,62
1764172860,96.425,96.425,96.425,96.425,6
1764172920,96.425,96.425,96.425,96.425,23
1764172980,96.425,96.425,96.425,96.425,1
1764173040,96.425,96.425,96.425,96.425,1
1764173100,96.425,96.425,96.425,96.425,1
1764173280,96.425,96.425,96.425,96.425,60
1764173460,96.425,96.425,96.425,96.425,1
1764173760,96.425,96.425,96.425,96.425,1
1764174120,96.425,96.425,96.425,96.425,15
1764174180,96.425,96.425,96.425,96.425,7
1764174240,96.425,96.425,96.425,96.425,1
1764174360,96.425,96.425,96.425,96.425,1
1764174600,96.425,96.425,96.425,96.425,1
1764174840,96.425,96.425,96.425,96.425,7
1764174960,96.43,96.43,96.425,96.425,9
1764175320,96.43,96.43,96.43,96.43,1
1764175620,96.43,96.43,96.43,96.43,1
1764175680,96.425,96.425,96.425,96.425,18
1764175800,96.425,96.425,96.425,96.425,2
1764175860,96.425,96.425,96.425,96.425,55
1764175920,96.425,96.425,96.425,96.425,25
1764176040,96.425,96.425,96.425,96.425,19
1764176100,96.425,96.425,96.425,96.425,18
1764176340,96.43,96.43,96.43,96.43,304
1764176400,96.43,96.43,96.43,96.43,40
1764176460,96.43,96.43,96.43,96.43,13
1764176580,96.43,96.43,96.43,96.43,25
1764176640,96.43,96.43,96.43,96.43,2
1764176700,96.43,96.43,96.43,96.43,2
1764176820,96.43,96.43,96.43,96.43,1
1764176880,96.43,96.43,96.43,96.43,1
1764177000,96.43,96.43,96.43,96.43,1
1764177060,96.43,96.43,96.43,96.43,15
1764177120,96.43,96.43,96.43,96.43,1
1764177240,96.43,96.43,96.43,96.43,7
1764177300,96.43,96.43,96.43,96.43,36
1764177420,96.43,96.43,96.43,96.43,28
1764177900,96.43,96.43,96.43,96.43,19
1764178140,96.43,96.43,96.43,96.43,9
1764178200,96.43,96.43,96.43,96.43,360
1764180540,96.425,96.425,96.425,96.425,68
1764183840,96.425,96.425,96.425,96.425,35
1764184920,96.425,96.425,96.425,96.425,112
1764185940,96.425,96.425,96.425,96.425,1
1764187140,96.425,96.425,96.425,96.425,6
1764187320,96.425,96.425,96.425,96.425,10
1764187860,96.43,96.43,96.43,96.43,29
1764188040,96.425,96.425,96.425,96.425,1
1764188520,96.43,96.43,96.43,96.43,2436
1764189300,96.43,96.43,96.43,96.43,63
1764189360,96.43,96.43,96.43,96.43,1
1764189720,96.43,96.43,96.43,96.43,12
1764190080,96.43,96.43,96.43,96.43,1828
1764190200,96.43,96.43,96.43,96.43,1
1764190620,96.435,96.435,96.435,96.435,3
1764190800,96.435,96.435,96.435,96.435,29
1764194340,96.43,96.43,96.43,96.43,13
1764198000,96.435,96.44,96.43,96.43,16
1764198060,96.43,96.43,96.43,96.43,276
1764199920,96.435,96.435,96.435,96.435,62
1764200280,96.435,96.435,96.435,96.435,3
1764227040,96.43,96.43,96.43,96.43,93
1764227160,96.43,96.43,96.43,96.43,76
1764227460,96.43,96.43,96.43,96.43,13
1764227520,96.43,96.43,96.43,96.43,49
1764227760,96.43,96.43,96.43,96.43,27
1764231540,96.43,96.43,96.43,96.43,10
1764234060,96.43,96.43,96.43,96.43,1
1764245880,96.43,96.43,96.43,96.43,1
1764248520,96.43,96.43,96.43,96.43,72
1764248640,96.43,96.43,96.43,96.43,1
1764250140,96.43,96.43,96.43,96.43,11
1764250440,96.43,96.43,96.43,96.43,1
1764252060,96.43,96.43,96.43,96.43,300
1764252240,96.43,96.43,96.43,96.43,34
1764255720,96.435,96.435,96.435,96.435,115
1764256020,96.435,96.435,96.435,96.435,30
1764256200,96.435,96.435,96.435,96.435,2
1764259860,96.435,96.435,96.435,96.435,11
1764262200,96.435,96.435,96.435,96.435,2
1764265560,96.435,96.435,96.435,96.435,60
1764286740,96.435,96.435,96.435,96.435,200
1764293340,96.435,96.435,96.435,96.435,1
1764293400,96.435,96.435,96.435,96.435,1
1764295920,96.43,96.43,96.43,96.43,5
1764340200,96.435,96.435,96.435,96.435,15
1764340560,96.435,96.44,96.435,96.44,8
1764340680,96.44,96.44,96.44,96.44,88
1764341460,96.435,96.435,96.435,96.435,1
1764341520,96.435,96.435,96.435,96.435,3
1764342300,96.435,96.435,96.435,96.435,16
1764344640,96.43,96.43,96.43,96.43,7
1764345300,96.435,96.435,96.435,96.435,1
1764345960,96.435,96.435,96.435,96.435,1
1764346140,96.435,96.435,96.435,96.435,147
1764346200,96.435,96.435,96.435,96.435,60
1764346260,96.435,96.435,96.435,96.435,1
1764346680,96.43,96.43,96.43,96.43,76
1764346800,96.435,96.435,96.435,96.435,20
1764348960,96.435,96.435,96.435,96.435,9
1764349260,96.435,96.435,96.435,96.435,4
1764349740,96.435,96.435,96.435,96.435,14
1764349920,96.435,96.435,96.435,96.435,3
1764351360,96.435,96.435,96.435,96.435,31
1764351420,96.435,96.435,96.435,96.435,20
1764351540,96.435,96.435,96.435,96.435,1
1764351600,96.435,96.435,96.435,96.435,29
1764351720,96.435,96.435,96.435,96.435,4
1764351780,96.435,96.435,96.435,96.435,3
1764351840,96.435,96.435,96.435,96.435,127
1764351900,96.435,96.435,96.435,96.435,5
1764352500,96.435,96.435,96.435,96.435,2
1764352560,96.435,96.435,96.435,96.435,40
1764352620,96.435,96.435,96.435,96.435,5
1764353100,96.435,96.435,96.435,96.435,1
1764353460,96.43,96.435,96.43,96.43,160
1764353580,96.43,96.43,96.43,96.43,250
1764353640,96.43,96.435,96.43,96.435,5
1764543600,96.43,96.43,96.43,96.43,127
1764543840,96.43,96.43,96.43,96.43,1
1764543960,96.43,96.43,96.43,96.43,5
1764544080,96.43,96.43,96.43,96.43,1
1764545280,96.43,96.43,96.43,96.43,2
1764549540,96.43,96.43,96.43,96.43,20
1764549600,96.43,96.43,96.43,96.43,1
1764550020,96.43,96.43,96.43,96.43,255
1764550080,96.43,96.43,96.43,96.43,266
1764550560,96.43,96.43,96.43,96.43,433
1764550620,96.43,96.43,96.43,96.43,35
1764551160,96.43,96.43,96.43,96.43,5
1764551760,96.43,96.43,96.43,96.43,100
1764552840,96.425,96.425,96.425,96.425,466
1764566820,96.425,96.425,96.425,96.425,107
1764566940,96.425,96.425,96.425,96.425,100
1764572040,96.43,96.43,96.43,96.43,8
1764578460,96.425,96.425,96.425,96.425,200
1764578880,96.425,96.425,96.425,96.425,1
1764579480,96.425,96.425,96.425,96.425,6
1764579840,96.425,96.425,96.425,96.425,350
1764579900,96.425,96.425,96.425,96.425,329
1764580140,96.43,96.43,96.43,96.43,700
1764580200,96.425,96.425,96.425,96.425,522
1764580440,96.425,96.43,96.425,96.43,1287
1764580560,96.43,96.43,96.43,96.43,2
1764580620,96.43,96.43,96.43,96.43,33
1764581760,96.43,96.43,96.43,96.43,131
1764581820,96.43,96.43,96.43,96.43,60
1764581880,96.43,96.43,96.43,96.43,65
1764582000,96.43,96.43,96.43,96.43,17
1764583860,96.43,96.43,96.43,96.43,180
1764585060,96.43,96.43,96.43,96.43,24
1764585180,96.43,96.43,96.43,96.43,1
1764585780,96.43,96.43,96.43,96.43,62
1764588420,96.43,96.43,96.43,96.43,2
1764588540,96.43,96.43,96.43,96.43,334
1764589140,96.435,96.435,96.435,96.435,1
1764589200,96.43,96.435,96.43,96.435,4
1764589440,96.435,96.435,96.435,96.435,1
1764589800,96.435,96.435,96.435,96.435,4
1764590460,96.43,96.43,96.43,96.43,125
1764590580,96.43,96.43,96.43,96.43,10
1764590820,96.43,96.43,96.43,96.43,29
1764590940,96.43,96.43,96.43,96.43,163
1764591360,96.43,96.43,96.43,96.43,14
1764591780,96.43,96.43,96.43,96.43,1
1764592200,96.43,96.43,96.43,96.43,108
1764592260,96.43,96.43,96.43,96.43,49
1764592500,96.43,96.43,96.43,96.43,3
1764593340,96.435,96.435,96.435,96.435,1
1764593400,96.435,96.435,96.435,96.435,268
1764593460,96.435,96.435,96.435,96.435,148
1764593580,96.435,96.435,96.435,96.435,1
1764593700,96.435,96.435,96.435,96.435,7
1764593760,96.435,96.435,96.435,96.435,66
1764593940,96.435,96.435,96.435,96.435,55
1764594720,96.435,96.435,96.435,96.435,2
1764594780,96.435,96.435,96.435,96.435,13
1764594900,96.435,96.435,96.435,96.435,1
1764595080,96.435,96.435,96.435,96.435,1
1764595800,96.43,96.43,96.43,96.43,508
1764595920,96.43,96.43,96.43,96.43,60
1764596280,96.43,96.43,96.43,96.43,2
1764596340,96.43,96.43,96.43,96.43,114
1764596460,96.43,96.43,96.43,96.43,3
1764596700,96.43,96.43,96.43,96.43,9
1764596760,96.43,96.43,96.43,96.43,41
1764596820,96.43,96.43,96.43,96.43,7
1764596880,96.43,96.43,96.43,96.43,39
1764597120,96.425,96.425,96.425,96.425,11
1764597240,96.425,96.425,96.425,96.425,5
1764597720,96.425,96.425,96.425,96.425,448
1764597840,96.425,96.425,96.425,96.425,1
1764598200,96.425,96.425,96.425,96.425,86
1764598440,96.425,96.425,96.425,96.425,20
1764598500,96.425,96.425,96.425,96.425,8
1764598680,96.425,96.425,96.425,96.425,2
1764599100,96.425,96.425,96.425,96.425,37
1764599160,96.425,96.425,96.425,96.425,11
1764599220,96.425,96.425,96.425,96.425,709
1764599280,96.425,96.425,96.425,96.425,88
1764599340,96.425,96.425,96.425,96.425,19
1764599400,96.425,96.425,96.425,96.425,94
1764599460,96.425,96.425,96.425,96.425,13
1764599520,96.425,96.425,96.425,96.425,1
1764599580,96.425,96.425,96.425,96.425,198
1764599640,96.425,96.425,96.425,96.425,18
1764599760,96.425,96.425,96.425,96.425,44
1764599880,96.425,96.425,96.425,96.425,1
1764600060,96.425,96.425,96.425,96.425,3
1764600240,96.425,96.425,96.425,96.425,149
1764600300,96.425,96.425,96.425,96.425,1
1764600360,96.425,96.425,96.425,96.425,1257
1764600420,96.425,96.425,96.425,96.425,13
1764600540,96.425,96.425,96.425,96.425,221
1764600600,96.425,96.425,96.425,96.425,14
1764600720,96.425,96.425,96.425,96.425,61
1764600780,96.425,96.425,96.425,96.425,134
1764600900,96.425,96.425,96.425,96.425,48
1764601020,96.425,96.425,96.425,96.425,44
1764601140,96.43,96.43,96.43,96.43,23
1764601200,96.43,96.43,96.43,96.43,293
1764601260,96.43,96.43,96.43,96.43,191
1764601320,96.43,96.43,96.43,96.43,49
1764601380,96.43,96.43,96.43,96.43,19
1764601440,96.43,96.43,96.43,96.43,1
1764601980,96.43,96.43,96.43,96.43,11
1764602220,96.435,96.435,96.435,96.435,3
1764602400,96.43,96.43,96.43,96.43,626
1764602460,96.43,96.43,96.43,96.43,32
1764602700,96.435,96.435,96.435,96.435,2
1764602880,96.43,96.43,96.43,96.43,21
1764603120,96.43,96.43,96.43,96.43,2
1764603480,96.43,96.43,96.43,96.43,112
1764603540,96.43,96.43,96.43,96.43,21
1764603660,96.43,96.43,96.43,96.43,245
1764603960,96.43,96.43,96.43,96.43,413
1764604020,96.435,96.435,96.43,96.43,29
1764604080,96.43,96.43,96.43,96.43,27
1764604140,96.43,96.43,96.43,96.43,30
1764604200,96.43,96.43,96.43,96.43,36
1764604320,96.43,96.43,96.43,96.43,24
1764604380,96.43,96.43,96.43,96.43,119
1764604440,96.43,96.43,96.43,96.43,21
1764604500,96.43,96.43,96.43,96.43,32
1764604620,96.43,96.43,96.43,96.43,3
1764604740,96.43,96.43,96.43,96.43,28
1764604800,96.43,96.43,96.43,96.43,5
1764605220,96.43,96.43,96.43,96.43,51
1764605880,96.43,96.43,96.43,96.43,96
1764605940,96.43,96.43,96.43,96.43,19
1764606000,96.43,96.43,96.43,96.43,22
1764606060,96.43,96.43,96.43,96.43,1
1764606120,96.43,96.43,96.43,96.43,14
1764606180,96.43,96.43,96.43,96.43,45
1764606300,96.43,96.43,96.43,96.43,43
1764606360,96.43,96.43,96.43,96.43,4
1764606420,96.43,96.43,96.43,96.43,23
1764606540,96.43,96.43,96.43,96.43,7
1764606600,96.43,96.43,96.43,96.43,67
1764606660,96.43,96.43,96.43,96.43,42
1764606720,96.43,96.43,96.43,96.43,53
1764606780,96.43,96.43,96.43,96.43,10
1764606900,96.43,96.43,96.43,96.43,61
1764607080,96.43,96.43,96.43,96.43,48
1764607500,96.43,96.43,96.43,96.43,2
1764607800,96.43,96.43,96.43,96.43,3
1764607860,96.43,96.43,96.43,96.43,3
1764608220,96.43,96.43,96.43,96.43,1
1764608460,96.43,96.43,96.43,96.43,6
1764608520,96.43,96.43,96.43,96.43,1
1764608580,96.43,96.43,96.43,96.43,3
1764608640,96.43,96.43,96.43,96.43,1
1764609060,96.43,96.43,96.43,96.43,1
1764609600,96.43,96.43,96.43,96.43,2
1764609660,96.43,96.43,96.43,96.43,217
1764609720,96.43,96.43,96.43,96.43,880
1764610200,96.43,96.43,96.43,96.43,1
1764610800,96.43,96.43,96.43,96.43,6
1764611040,96.43,96.43,96.43,96.43,5
1764611220,96.43,96.43,96.43,96.43,2
1764611340,96.43,96.43,96.43,96.43,1
1764611700,96.43,96.43,96.43,96.43,10
1764611820,96.43,96.43,96.43,96.43,59
1764611880,96.43,96.43,96.43,96.43,2
1764612000,96.43,96.43,96.43,96.43,91
1764613560,96.43,96.43,96.43,96.43,9
1764613860,96.43,96.43,96.43,96.43,14
1764614520,96.43,96.43,96.43,96.43,2
1764614580,96.43,96.43,96.43,96.43,11
1764614760,96.43,96.43,96.43,96.43,9
1764614940,96.43,96.43,96.43,96.43,1
1764615120,96.43,96.43,96.43,96.43,4
1764615600,96.43,96.43,96.43,96.43,42
1764615720,96.43,96.43,96.43,96.43,1
1764616260,96.43,96.43,96.43,96.43,1327
1764616320,96.43,96.43,96.43,96.43,94
1764616380,96.43,96.43,96.43,96.43,128
1764616620,96.43,96.43,96.43,96.43,5
1764617220,96.43,96.43,96.43,96.43,9
1764617280,96.43,96.43,96.43,96.43,20
1764617640,96.43,96.43,96.43,96.43,1
1764617700,96.43,96.43,96.43,96.43,5
1764617760,96.43,96.43,96.43,96.43,18
1764617880,96.43,96.43,96.43,96.43,1
1764617940,96.43,96.43,96.43,96.43,8
1764618900,96.43,96.43,96.43,96.43,250
1764619080,96.43,96.43,96.43,96.43,1
1764620400,96.425,96.425,96.425,96.425,130
1764620580,96.43,96.43,96.43,96.43,14
1764620700,96.43,96.43,96.43,96.43,219
1764620760,96.43,96.43,96.43,96.43,243
1764621120,96.43,96.43,96.43,96.43,116
1764621660,96.43,96.43,96.43,96.43,20
1764622020,96.43,96.43,96.43,96.43,4
1764622080,96.43,96.43,96.43,96.43,103
1764622140,96.43,96.43,96.43,96.43,1
1764622320,96.43,96.43,96.43,96.43,23
1764622380,96.43,96.43,96.43,96.43,100
1764622980,96.43,96.43,96.43,96.43,9
1764624060,96.435,96.435,96.435,96.435,3
1764624300,96.435,96.435,96.435,96.435,3
1764624360,96.435,96.435,96.435,96.435,11
1764624420,96.435,96.435,96.435,96.435,9
1764624480,96.435,96.435,96.435,96.435,5
1764624540,96.435,96.435,96.435,96.435,5
1764624840,96.435,96.435,96.435,96.435,1
1764624900,96.435,96.435,96.435,96.435,3
1764626340,96.43,96.43,96.43,96.43,129
1764630000,96.43,96.43,96.43,96.43,15
1764633000,96.43,96.43,96.43,96.43,5
1764639840,96.435,96.435,96.435,96.435,4
1764639900,96.435,96.435,96.435,96.435,130
1764640020,96.435,96.435,96.435,96.435,461
1764641940,96.435,96.435,96.435,96.435,460
1764644640,96.435,96.445,96.435,96.44,964
1764644820,96.44,96.44,96.44,96.44,7
1764645060,96.44,96.44,96.44,96.44,3
1764645420,96.44,96.44,96.44,96.44,3
1764645720,96.44,96.44,96.44,96.44,15
1764646440,96.44,96.44,96.44,96.44,1
1764646620,96.44,96.44,96.44,96.44,35
1764646740,96.44,96.44,96.44,96.44,10
1764648420,96.44,96.44,96.44,96.44,50
1764650820,96.44,96.44,96.44,96.44,8
1764650880,96.44,96.44,96.44,96.44,26
1764654420,96.44,96.44,96.44,96.44,5
1764655380,96.435,96.435,96.435,96.435,3
1764658380,96.44,96.44,96.44,96.44,345
1764662160,96.44,96.44,96.44,96.44,24
1764663780,96.435,96.435,96.435,96.435,61
1764663840,96.435,96.435,96.435,96.435,3
1764663900,96.435,96.435,96.435,96.435,1
1764665400,96.435,96.435,96.435,96.435,720
1764667140,96.435,96.435,96.435,96.435,9
1764668100,96.435,96.435,96.435,96.435,50
1764668760,96.435,96.435,96.435,96.435,300
1764669000,96.435,96.435,96.435,96.435,100
1764669060,96.435,96.435,96.435,96.435,10
1764669240,96.435,96.435,96.435,96.435,11
1764669720,96.44,96.44,96.44,96.44,37
1764670560,96.435,96.435,96.435,96.435,1
1764672000,96.44,96.44,96.44,96.44,10
1764672720,96.435,96.435,96.435,96.435,17
1764673200,96.435,96.435,96.435,96.435,177
1764676860,96.435,96.44,96.435,96.44,11
1764677400,96.435,96.435,96.435,96.435,6
1764677460,96.435,96.435,96.435,96.435,1
1764677520,96.435,96.435,96.435,96.435,4
1764677580,96.435,96.435,96.435,96.435,30
1764677760,96.435,96.435,96.435,96.435,5
1764677820,96.435,96.435,96.435,96.435,48
1764678060,96.435,96.435,96.435,96.435,8
1764678120,96.435,96.435,96.435,96.435,1
1764678180,96.435,96.435,96.435,96.435,4
1764678600,96.435,96.435,96.435,96.435,840
1764678660,96.435,96.435,96.435,96.435,21
1764678900,96.435,96.435,96.435,96.435,9
1764678960,96.435,96.435,96.435,96.435,30
1764679200,96.435,96.435,96.435,96.435,3
1764679260,96.435,96.435,96.435,96.435,60
1764679440,96.435,96.435,96.435,96.435,23
1764679500,96.435,96.435,96.435,96.435,104
1764679560,96.435,96.435,96.435,96.435,26
1764679740,96.435,96.435,96.435,96.435,6
1764680400,96.435,96.435,96.435,96.435,11
1764680640,96.43,96.43,96.43,96.43,10
1764680700,96.435,96.435,96.435,96.435,1
1764681120,96.435,96.435,96.435,96.435,1
1764682140,96.435,96.435,96.435,96.435,413
1764682440,96.435,96.435,96.435,96.435,32
1764682740,96.435,96.435,96.435,96.435,2
1764682980,96.435,96.435,96.435,96.435,29
1764683040,96.435,96.435,96.435,96.435,1
1764683100,96.435,96.435,96.435,96.435,18
1764683340,96.435,96.435,96.435,96.435,41
1764683460,96.435,96.435,96.435,96.435,63
1764683520,96.435,96.435,96.435,96.435,71
1764683820,96.435,96.435,96.435,96.435,5
1764684660,96.435,96.435,96.435,96.435,53
1764685260,96.435,96.44,96.435,96.44,63
1764685680,96.44,96.44,96.44,96.44,5
1764685740,96.44,96.44,96.44,96.44,7
1764685800,96.44,96.44,96.44,96.44,1
1764685860,96.44,96.44,96.44,96.44,1
1764685980,96.44,96.44,96.44,96.44,27
1764686100,96.44,96.44,96.44,96.44,1
1764686160,96.44,96.44,96.44,96.44,1
1764686220,96.44,96.44,96.44,96.44,1
1764686280,96.44,96.44,96.44,96.44,8
1764686340,96.44,96.44,96.44,96.44,292
1764686400,96.44,96.44,96.44,96.44,97
1764686460,96.44,96.44,96.44,96.44,90
1764686580,96.44,96.44,96.44,96.44,41
1764686700,96.44,96.44,96.44,96.44,66
1764686820,96.44,96.44,96.44,96.44,1
1764687000,96.44,96.44,96.44,96.44,3
1764687120,96.44,96.44,96.44,96.44,48
1764687180,96.44,96.44,96.44,96.44,215
1764687240,96.44,96.445,96.44,96.445,61
1764687480,96.44,96.44,96.44,96.44,28
1764687960,96.44,96.44,96.44,96.44,21
1764688140,96.44,96.44,96.44,96.44,2
1764688560,96.435,96.435,96.435,96.435,20
1764688680,96.44,96.44,96.44,96.44,11
1764688800,96.44,96.44,96.44,96.44,17
1764689160,96.44,96.44,96.44,96.44,91
1764689400,96.44,96.44,96.44,96.44,40
1764689460,96.44,96.44,96.44,96.44,38
1764690000,96.44,96.44,96.44,96.44,6
1764690120,96.445,96.445,96.445,96.445,179
1764690240,96.445,96.445,96.445,96.445,25
1764690360,96.445,96.445,96.445,96.445,3
1764690540,96.44,96.44,96.44,96.44,397
1764691140,96.44,96.44,96.44,96.44,986
1764691200,96.44,96.44,96.44,96.44,114
1764691260,96.44,96.44,96.44,96.44,112
1764691320,96.44,96.44,96.44,96.44,68
1764691500,96.44,96.44,96.44,96.44,195
1764691980,96.44,96.44,96.44,96.44,18
1764692400,96.44,96.44,96.44,96.44,100
1764692700,96.44,96.44,96.44,96.44,1
1764692760,96.44,96.44,96.44,96.44,1
1764692820,96.44,96.44,96.44,96.44,39
1764692880,96.44,96.44,96.44,96.44,135
1764692940,96.44,96.44,96.44,96.44,74
1764693000,96.44,96.44,96.44,96.44,77
1764693060,96.44,96.44,96.44,96.44,146
1764693120,96.44,96.44,96.44,96.44,70
1764693180,96.44,96.44,96.44,96.44,35
1764693240,96.44,96.44,96.44,96.44,2
1764693300,96.44,96.44,96.44,96.44,6
1764694680,96.435,96.435,96.435,96.435,8
1764694920,96.435,96.435,96.435,96.435,669
1764694980,96.435,96.435,96.435,96.435,178
1764695940,96.435,96.435,96.435,96.435,79
1764696000,96.435,96.435,96.435,96.435,65
1764696060,96.435,96.435,96.435,96.435,76
1764696120,96.435,96.435,96.435,96.435,104
1764696720,96.44,96.44,96.44,96.44,1
1764696960,96.435,96.435,96.435,96.435,9
1764697440,96.44,96.44,96.44,96.44,1815
1764697500,96.44,96.44,96.44,96.44,284
1764697560,96.44,96.44,96.44,96.44,327
1764697620,96.44,96.44,96.44,96.44,31
1764697680,96.44,96.44,96.44,96.44,15
1764697740,96.44,96.44,96.44,96.44,137
1764697860,96.44,96.44,96.44,96.44,52
1764697920,96.44,96.44,96.44,96.44,71
1764697980,96.44,96.445,96.44,96.445,250
1764698040,96.445,96.445,96.445,96.445,16
1764698100,96.445,96.445,96.445,96.445,5
1764698280,96.445,96.445,96.445,96.445,7
1764698460,96.445,96.445,96.445,96.445,1007
1764698580,96.445,96.445,96.445,96.445,1
1764698640,96.445,96.445,96.445,96.445,1
1764698940,96.445,96.445,96.445,96.445,98
1764699000,96.445,96.445,96.445,96.445,33
1764699600,96.445,96.445,96.445,96.445,1
1764699960,96.445,96.445,96.445,96.445,120
1764700020,96.445,96.445,96.445,96.445,23
1764700140,96.445,96.445,96.445,96.445,1
1764700260,96.445,96.445,96.445,96.445,2
1764700320,96.445,96.445,96.445,96.445,54
1764700380,96.445,96.445,96.445,96.445,44
1764700800,96.445,96.445,96.445,96.445,53
1764701100,96.445,96.445,96.445,96.445,7
1764701160,96.445,96.445,96.445,96.445,15
1764701280,96.445,96.445,96.445,96.445,71
1764701580,96.445,96.445,96.445,96.445,70
1764701820,96.445,96.445,96.445,96.445,103
1764704400,96.445,96.445,96.445,96.445,1
1764705300,96.445,96.445,96.445,96.445,2
1764705360,96.445,96.445,96.445,96.445,86
1764705420,96.45,96.45,96.45,96.45,21
1764705960,96.445,96.445,96.445,96.445,1
1764706140,96.445,96.445,96.445,96.445,80
1764706200,96.445,96.445,96.445,96.445,5
1764706980,96.45,96.45,96.45,96.45,50
1764707460,96.445,96.445,96.445,96.445,9
1764707820,96.445,96.45,96.445,96.45,75
1764708540,96.45,96.45,96.45,96.45,1
1764709080,96.45,96.45,96.45,96.45,12
1764711480,96.445,96.445,96.445,96.445,5
1764712680,96.45,96.45,96.45,96.45,28
1764712740,96.445,96.445,96.445,96.445,54
1764717660,96.445,96.445,96.445,96.445,2
1764726180,96.445,96.445,96.445,96.445,50
1764727560,96.445,96.445,96.445,96.445,1
1764728580,96.445,96.445,96.445,96.445,40
1764734280,96.445,96.445,96.445,96.445,25
1764747840,96.45,96.45,96.45,96.45,9
1764748020,96.45,96.45,96.45,96.45,50
1764748080,96.45,96.45,96.45,96.45,5
1764753360,96.445,96.445,96.445,96.445,19
1764753420,96.445,96.445,96.445,96.445,162
1764753600,96.445,96.445,96.445,96.445,41
1764754440,96.445,96.445,96.445,96.445,224
1764756540,96.445,96.445,96.445,96.445,19
1764756600,96.445,96.445,96.445,96.445,4
1764756660,96.445,96.445,96.445,96.445,35
1764757200,96.445,96.445,96.445,96.445,25
1764761460,96.445,96.445,96.445,96.445,1143
1764761520,96.445,96.445,96.445,96.445,13
1764762840,96.445,96.445,96.445,96.445,17
1764762900,96.445,96.445,96.445,96.445,89
1764763500,96.45,96.45,96.45,96.45,2
1764763620,96.445,96.445,96.445,96.445,60
1764763680,96.445,96.445,96.445,96.445,18
1764764520,96.45,96.45,96.45,96.45,2
1764765420,96.45,96.45,96.45,96.45,2
1764765600,96.45,96.45,96.45,96.45,26
1764765720,96.45,96.45,96.45,96.45,10
1764765780,96.45,96.45,96.45,96.45,5
1764766440,96.45,96.45,96.45,96.45,2
1764766980,96.45,96.45,96.45,96.45,9
1764767100,96.45,96.45,96.45,96.45,4
1764767160,96.45,96.45,96.45,96.45,1
1764767220,96.45,96.45,96.45,96.45,11
1764767280,96.45,96.45,96.45,96.45,5
1764767580,96.445,96.445,96.445,96.445,382
1764767640,96.445,96.45,96.445,96.445,225
1764767700,96.45,96.455,96.45,96.455,966
1764767760,96.455,96.455,96.455,96.455,399
1764767820,96.455,96.455,96.455,96.455,552
1764767880,96.455,96.455,96.455,96.455,100
1764767940,96.455,96.455,96.455,96.455,52
1764768300,96.46,96.46,96.46,96.46,407
1764768360,96.46,96.46,96.46,96.46,529
1764768420,96.46,96.46,96.46,96.46,170
1764768480,96.46,96.46,96.46,96.46,64
1764768540,96.46,96.46,96.46,96.46,300
1764768600,96.455,96.455,96.455,96.455,28
1764768660,96.455,96.455,96.455,96.455,112
1764768720,96.455,96.455,96.455,96.455,3
1764768780,96.455,96.455,96.455,96.455,15
1764769140,96.455,96.455,96.455,96.455,2
1764769200,96.455,96.455,96.455,96.455,6
1764769260,96.455,96.455,96.455,96.455,14
1764769380,96.455,96.455,96.455,96.455,18
1764769920,96.455,96.455,96.455,96.455,355
1764769980,96.455,96.455,96.455,96.455,77
1764770040,96.455,96.455,96.455,96.455,22
1764770460,96.455,96.455,96.455,96.455,5
1764770640,96.46,96.46,96.46,96.46,1
1764770700,96.46,96.46,96.46,96.46,40
1764770760,96.46,96.46,96.46,96.46,302
1764770820,96.455,96.455,96.455,96.455,5
1764771540,96.46,96.46,96.46,96.46,9
1764771720,96.46,96.46,96.46,96.46,1
1764772020,96.455,96.455,96.455,96.455,18
1764772440,96.46,96.46,96.46,96.46,101
1764772620,96.46,96.46,96.46,96.46,2
1764772680,96.46,96.46,96.46,96.46,2
1764772800,96.46,96.46,96.46,96.46,2
1764773400,96.46,96.46,96.46,96.46,1
1764773460,96.46,96.46,96.46,96.46,2
1764773520,96.46,96.46,96.46,96.46,2
1764773580,96.46,96.46,96.46,96.46,3
1764773640,96.46,96.46,96.46,96.46,3
1764773700,96.46,96.46,96.46,96.46,23
1764773760,96.46,96.46,96.46,96.46,41
1764773880,96.46,96.46,96.46,96.46,2
1764773940,96.46,96.46,96.46,96.46,2
1764774000,96.455,96.455,96.455,96.455,773
1764774060,96.455,96.46,96.455,96.455,118
1764774120,96.455,96.455,96.455,96.455,73
1764774180,96.455,96.455,96.455,96.455,56
1764774240,96.455,96.46,96.455,96.455,43
1764774300,96.46,96.46,96.455,96.46,3
1764774360,96.455,96.46,96.455,96.46,2
1764774420,96.46,96.46,96.455,96.46,3
1764774480,96.46,96.46,96.46,96.46,3
1764774540,96.46,96.46,96.46,96.46,2
1764774600,96.46,96.46,96.46,96.46,87
1764774660,96.46,96.46,96.46,96.46,2
1764774720,96.46,96.46,96.46,96.46,3
1764774780,96.455,96.455,96.455,96.455,16
1764774900,96.46,96.46,96.46,96.46,1
1764774960,96.46,96.46,96.46,96.46,1
1764775020,96.46,96.46,96.46,96.46,25
1764775140,96.46,96.46,96.46,96.46,2
1764775200,96.46,96.46,96.46,96.46,1
1764775260,96.46,96.46,96.46,96.46,2
1764775320,96.46,96.46,96.46,96.46,1
1764775380,96.46,96.46,96.46,96.46,2
1764775440,96.46,96.46,96.46,96.46,1
1764775500,96.46,96.46,96.46,96.46,1
1764775560,96.46,96.46,96.46,96.46,1
1764775620,96.46,96.46,96.46,96.46,1
1764775680,96.46,96.46,96.46,96.46,1
1764775740,96.455,96.46,96.455,96.455,327
1764775800,96.455,96.455,96.455,96.455,145
1764775860,96.455,96.455,96.455,96.455,131
1764775920,96.455,96.455,96.455,96.455,137
1764776100,96.455,96.455,96.455,96.455,2
1764776160,96.45,96.455,96.45,96.455,6
1764776220,96.455,96.455,96.455,96.455,1
1764776340,96.455,96.455,96.45,96.45,53
1764776400,96.45,96.45,96.45,96.45,37
1764776460,96.455,96.455,96.455,96.455,2
1764776520,96.455,96.455,96.455,96.455,3
1764776640,96.455,96.455,96.455,96.455,28
1764776700,96.455,96.455,96.455,96.455,1
1764776760,96.455,96.455,96.455,96.455,2
1764776820,96.455,96.455,96.455,96.455,2
1764776880,96.455,96.455,96.455,96.455,2
1764776940,96.455,96.455,96.455,96.455,2
1764777120,96.455,96.455,96.455,96.455,1
1764777180,96.455,96.455,96.455,96.455,2
1764777300,96.455,96.455,96.455,96.455,1
1764777360,96.455,96.455,96.455,96.455,1
1764777420,96.455,96.455,96.455,96.455,2
1764777480,96.45,96.45,96.45,96.45,5
1764777540,96.455,96.455,96.455,96.455,2
1764777600,96.455,96.455,96.455,96.455,2
1764777660,96.455,96.455,96.455,96.455,3
1764777720,96.455,96.455,96.455,96.455,2
1764777780,96.455,96.455,96.455,96.455,1
1764777840,96.455,96.455,96.455,96.455,2
1764777900,96.455,96.455,96.455,96.455,1
1764777960,96.455,96.455,96.455,96.455,3
1764778020,96.455,96.455,96.455,96.455,2
1764778140,96.455,96.455,96.455,96.455,1
1764778200,96.455,96.455,96.455,96.455,1
1764778260,96.455,96.455,96.455,96.455,3
1764778380,96.455,96.455,96.455,96.455,2
1764778440,96.455,96.455,96.455,96.455,3
1764778500,96.455,96.455,96.455,96.455,4
1764778620,96.455,96.455,96.455,96.455,3
1764778740,96.455,96.455,96.455,96.455,1
1764778800,96.455,96.455,96.455,96.455,1
1764778860,96.455,96.455,96.455,96.455,1
1764778920,96.455,96.455,96.455,96.455,2
1764779040,96.455,96.455,96.455,96.455,1
1764779100,96.455,96.455,96.455,96.455,1
1764779160,96.455,96.455,96.455,96.455,2
1764779280,96.455,96.455,96.455,96.455,1
1764779340,96.455,96.455,96.455,96.455,2
1764779400,96.455,96.455,96.455,96.455,1
1764779460,96.455,96.455,96.455,96.455,1
1764779520,96.455,96.455,96.455,96.455,2
1764779580,96.455,96.455,96.455,96.455,2
1764779640,96.455,96.455,96.455,96.455,4
1764779760,96.455,96.455,96.455,96.455,2
1764779820,96.455,96.455,96.455,96.455,1
1764779880,96.455,96.455,96.455,96.455,1
1764779940,96.455,96.455,96.455,96.455,3
1764780000,96.455,96.455,96.455,96.455,3
1764780060,96.455,96.455,96.455,96.455,2
1764780180,96.455,96.455,96.455,96.455,2
1764780240,96.455,96.455,96.455,96.455,2
1764780360,96.455,96.455,96.455,96.455,2
1764780480,96.455,96.455,96.455,96.455,1
1764780540,96.455,96.455,96.455,96.455,1
1764781140,96.455,96.455,96.455,96.455,1
1764781740,96.455,96.455,96.455,96.455,6
1764782820,96.455,96.455,96.455,96.455,1
1764784380,96.455,96.455,96.455,96.455,443
1764784500,96.455,96.455,96.455,96.455,48
1764784680,96.455,96.46,96.455,96.46,301
1764785220,96.455,96.455,96.455,96.455,334
1764785280,96.455,96.455,96.455,96.455,1
1764785880,96.455,96.455,96.455,96.455,57
1764785940,96.45,96.45,96.45,96.45,117
1764786180,96.455,96.455,96.455,96.455,209
1764786240,96.455,96.455,96.455,96.455,159
1764786420,96.46,96.46,96.46,96.46,1
1764786540,96.455,96.455,96.455,96.455,45
1764786780,96.455,96.455,96.455,96.455,9
1764786840,96.455,96.455,96.455,96.455,15
1764787380,96.455,96.46,96.455,96.46,106
1764788160,96.46,96.46,96.46,96.46,1
1764789660,96.46,96.46,96.46,96.46,13
1764789900,96.46,96.46,96.46,96.46,1
1764790080,96.46,96.46,96.46,96.46,8
1764790860,96.46,96.46,96.46,96.46,15
1764791100,96.46,96.46,96.46,96.46,73
1764791340,96.46,96.46,96.46,96.46,4
1764791400,96.46,96.46,96.46,96.46,3
1764791460,96.46,96.46,96.46,96.46,3
1764791580,96.46,96.46,96.46,96.46,3
1764791640,96.46,96.46,96.46,96.46,4
1764791700,96.46,96.46,96.46,96.46,2
1764791760,96.46,96.46,96.46,96.46,4
1764791820,96.46,96.46,96.46,96.46,2
1764791880,96.46,96.46,96.46,96.46,4
1764791940,96.46,96.46,96.46,96.46,11
1764792000,96.46,96.46,96.46,96.46,7
1764792060,96.46,96.46,96.46,96.46,3
1764792120,96.46,96.46,96.46,96.46,5
1764792180,96.46,96.46,96.46,96.46,6
1764792240,96.46,96.46,96.46,96.46,5
1764792300,96.46,96.46,96.46,96.46,6
1764792360,96.46,96.46,96.46,96.46,5
1764792420,96.46,96.46,96.46,96.46,4
1764792480,96.46,96.46,96.46,96.46,3
1764792540,96.46,96.46,96.46,96.46,2
1764792600,96.46,96.46,96.46,96.46,3
1764792660,96.46,96.46,96.46,96.46,3
1764792840,96.46,96.46,96.46,96.46,2
1764792900,96.46,96.46,96.46,96.46,2
1764792960,96.46,96.46,96.46,96.46,3
1764793080,96.46,96.46,96.46,96.46,3
1764793200,96.46,96.46,96.46,96.46,4
1764793320,96.46,96.46,96.46,96.46,3
1764793380,96.46,96.46,96.46,96.46,5
1764793500,96.46,96.46,96.46,96.46,5
1764793560,96.46,96.46,96.46,96.46,3
1764793620,96.46,96.46,96.46,96.46,6
1764793740,96.46,96.46,96.46,96.46,3
1764793860,96.46,96.46,96.46,96.46,3
1764793920,96.46,96.46,96.46,96.46,4
1764793980,96.46,96.46,96.46,96.46,128
1764794100,96.46,96.46,96.46,96.46,3
1764794160,96.46,96.46,96.46,96.46,4
1764794280,96.46,96.46,96.46,96.46,4
1764794460,96.46,96.46,96.46,96.46,4
1764794520,96.46,96.46,96.46,96.46,3
1764794640,96.46,96.46,96.46,96.46,4
1764794760,96.46,96.46,96.46,96.46,4
1764794820,96.46,96.46,96.46,96.46,2
1764794880,96.46,96.46,96.46,96.46,2
1764794940,96.46,96.46,96.46,96.46,3
1764795000,96.46,96.46,96.46,96.46,68
1764795060,96.46,96.46,96.46,96.46,8
1764795180,96.46,96.46,96.46,96.46,7
1764795300,96.46,96.46,96.46,96.46,100
1764795360,96.46,96.46,96.46,96.46,3
1764795420,96.46,96.46,96.46,96.46,4
1764795480,96.46,96.46,96.46,96.46,7
1764795540,96.46,96.46,96.46,96.46,4
1764796140,96.46,96.46,96.46,96.46,45
1764796800,96.46,96.46,96.46,96.46,3
1764798420,96.455,96.455,96.455,96.455,42
1764798600,96.46,96.46,96.46,96.46,10
1764799020,96.455,96.455,96.455,96.455,24
1764799140,96.46,96.46,96.455,96.455,136
1764802800,96.46,96.46,96.46,96.46,83
1764807540,96.455,96.455,96.455,96.455,1
1764812520,96.455,96.455,96.455,96.455,30
1764814620,96.455,96.455,96.455,96.455,11
1764814920,96.455,96.455,96.455,96.455,99
1764816720,96.455,96.455,96.455,96.455,17
1764816780,96.455,96.455,96.455,96.455,38
1764817200,96.45,96.45,96.45,96.45,201
1764824640,96.45,96.45,96.45,96.45,145
1764825480,96.45,96.45,96.45,96.45,16
1764825600,96.45,96.45,96.45,96.45,74
1764826620,96.45,96.45,96.45,96.45,1
1764829800,96.45,96.45,96.45,96.45,75
1764829920,96.45,96.45,96.45,96.45,25
1764830460,96.45,96.45,96.45,96.45,100
1764834660,96.45,96.45,96.45,96.45,10
1764836040,96.45,96.45,96.45,96.45,668
1764836340,96.45,96.45,96.45,96.45,8
1764838740,96.45,96.45,96.45,96.45,88
1764838920,96.45,96.45,96.45,96.45,12
1764842700,96.45,96.45,96.45,96.45,46
1764848820,96.45,96.45,96.45,96.45,301
1764849180,96.45,96.45,96.45,96.45,53
1764849840,96.45,96.45,96.45,96.45,22
1764851400,96.45,96.45,96.45,96.45,414
1764851520,96.45,96.45,96.45,96.45,27
1764851580,96.45,96.45,96.45,96.45,21
1764851640,96.45,96.45,96.45,96.45,21
1764851760,96.45,96.45,96.45,96.45,42
1764851880,96.45,96.45,96.45,96.45,100
1764852000,96.45,96.45,96.45,96.45,38
1764852420,96.45,96.45,96.45,96.45,54
1764852540,96.45,96.45,96.45,96.45,88
1764852660,96.45,96.45,96.45,96.45,5
1764852720,96.45,96.45,96.45,96.45,1
1764853140,96.45,96.45,96.45,96.45,5
1764853260,96.45,96.45,96.45,96.45,5
1764853320,96.45,96.45,96.45,96.45,6
1764853560,96.45,96.45,96.45,96.45,1
1764853620,96.45,96.45,96.45,96.45,2
1764853740,96.45,96.45,96.45,96.45,5
1764853860,96.45,96.45,96.45,96.45,2
1764853920,96.45,96.45,96.45,96.45,1
1764854160,96.45,96.45,96.45,96.45,40
1764854220,96.45,96.45,96.45,96.45,1
1764854280,96.45,96.45,96.45,96.45,7
1764854400,96.45,96.45,96.45,96.45,1
1764854460,96.45,96.45,96.45,96.45,6
1764854580,96.45,96.45,96.45,96.45,2
1764854640,96.45,96.45,96.45,96.45,66
1764854940,96.45,96.45,96.45,96.45,302
1764855000,96.45,96.45,96.43,96.44,1854
1764855060,96.445,96.445,96.445,96.445,33
1764855120,96.445,96.445,96.445,96.445,907
1764855180,96.445,96.45,96.445,96.45,134
1764855360,96.45,96.45,96.45,96.45,2
1764856320,96.45,96.45,96.45,96.45,1
1764856380,96.45,96.45,96.45,96.45,1
1764858240,96.45,96.45,96.45,96.45,1
1764859080,96.45,96.45,96.45,96.45,2
1764859140,96.45,96.45,96.45,96.45,2
1764859200,96.45,96.45,96.45,96.45,1
1764859560,96.445,96.445,96.445,96.445,5
1764859980,96.45,96.45,96.45,96.45,2
1764860940,96.445,96.445,96.445,96.445,3
1764861060,96.45,96.45,96.45,96.45,1
1764861420,96.445,96.445,96.445,96.445,59
1764861960,96.45,96.45,96.45,96.45,1
1764862080,96.45,96.45,96.45,96.45,2
1764862200,96.45,96.45,96.45,96.45,25
1764862620,96.45,96.45,96.45,96.45,17
1764862860,96.45,96.45,96.45,96.45,16
1764863820,96.45,96.45,96.45,96.45,1
1764864060,96.445,96.445,96.445,96.445,1
1764864120,96.445,96.445,96.445,96.445,171
1764864180,96.445,96.445,96.445,96.445,21
1764864240,96.445,96.445,96.445,96.445,187
1764864300,96.445,96.445,96.445,96.445,905
1764864360,96.445,96.445,96.445,96.445,10
1764864660,96.445,96.445,96.445,96.445,1
1764864720,96.445,96.445,96.445,96.445,1
1764864780,96.445,96.445,96.445,96.445,1021
1764864840,96.445,96.445,96.445,96.445,21
1764864900,96.445,96.445,96.445,96.445,31
1764864960,96.445,96.445,96.445,96.445,10
1764865020,96.445,96.445,96.445,96.445,47
1764865380,96.445,96.445,96.445,96.445,1
1764865560,96.445,96.445,96.445,96.445,13
1764865740,96.445,96.445,96.445,96.445,9
1764865800,96.445,96.445,96.445,96.445,317
1764865860,96.445,96.445,96.445,96.445,47
1764865920,96.445,96.445,96.445,96.445,1
1764865980,96.445,96.445,96.445,96.445,40
1764866040,96.445,96.445,96.445,96.445,73
1764866100,96.445,96.445,96.445,96.445,32
1764866160,96.445,96.445,96.445,96.445,169
1764866220,96.445,96.445,96.445,96.445,8
1764866280,96.445,96.445,96.445,96.445,2
1764866340,96.445,96.445,96.445,96.445,11
1764866460,96.445,96.445,96.445,96.445,76
1764866760,96.445,96.445,96.445,96.445,13
1764866940,96.44,96.44,96.44,96.44,15
1764867000,96.445,96.445,96.445,96.445,15
1764867060,96.445,96.445,96.445,96.445,1
1764867120,96.445,96.445,96.445,96.445,3
1764867180,96.445,96.445,96.445,96.445,4
1764867300,96.445,96.445,96.445,96.445,2
1764867360,96.445,96.445,96.445,96.445,2
1764867540,96.445,96.445,96.445,96.445,1
1764867660,96.445,96.445,96.445,96.445,2
1764867720,96.445,96.445,96.445,96.445,1
1764867780,96.445,96.445,96.445,96.445,122
1764867900,96.445,96.445,96.445,96.445,17
1764867960,96.445,96.445,96.445,96.445,52
1764868140,96.445,96.445,96.445,96.445,4
1764868200,96.445,96.445,96.445,96.445,22
1764868320,96.445,96.445,96.445,96.445,46
1764868380,96.445,96.445,96.445,96.445,22
1764868740,96.445,96.445,96.445,96.445,25
1764868800,96.445,96.445,96.445,96.445,42
1764869160,96.445,96.445,96.445,96.445,17
1764869220,96.445,96.445,96.445,96.445,35
1764869280,96.445,96.445,96.445,96.445,23
1764869340,96.445,96.445,96.445,96.445,72
1764869400,96.445,96.445,96.445,96.445,22
1764869580,96.445,96.445,96.445,96.445,16
1764870360,96.45,96.45,96.45,96.45,1
1764871260,96.45,96.45,96.45,96.45,1
1764871440,96.45,96.45,96.45,96.45,1
1764872160,96.45,96.45,96.45,96.45,1
1764872640,96.445,96.445,96.445,96.445,10
1764873120,96.45,96.45,96.45,96.45,1
1764874020,96.45,96.45,96.45,96.45,1
1764874980,96.45,96.45,96.45,96.45,1
1764875040,96.45,96.45,96.45,96.45,1
1764875280,96.45,96.45,96.45,96.45,553
1764875820,96.445,96.445,96.445,96.445,10
1764876840,96.45,96.45,96.45,96.45,1
1764877260,96.45,96.45,96.45,96.45,18
1764877380,96.445,96.445,96.445,96.445,7
1764877500,96.445,96.445,96.445,96.445,2
1764877560,96.445,96.445,96.445,96.445,10
1764877740,96.445,96.45,96.445,96.45,11
1764878400,96.45,96.45,96.45,96.45,11
1764878580,96.45,96.45,96.45,96.45,50
1764878700,96.45,96.45,96.45,96.45,1
1764879600,96.45,96.45,96.45,96.45,1
1764879780,96.45,96.45,96.45,96.45,18
1764880140,96.445,96.445,96.445,96.445,10
1764880560,96.45,96.45,96.45,96.45,1
1764880800,96.45,96.45,96.45,96.45,1
1764881100,96.45,96.45,96.45,96.45,502
1764881160,96.45,96.45,96.45,96.45,5
1764881220,96.45,96.45,96.45,96.45,406
1764881340,96.45,96.45,96.45,96.45,11
1764881400,96.45,96.45,96.45,96.45,4
1764882060,96.445,96.445,96.445,96.445,4
1764882660,96.45,96.45,96.45,96.45,1
1764882720,96.45,96.45,96.45,96.45,1
1764882900,96.45,96.45,96.45,96.45,15
1764883140,96.45,96.45,96.45,96.45,7
1764884400,96.45,96.45,96.45,96.45,50
1764884700,96.45,96.45,96.45,96.45,20
1764889500,96.45,96.45,96.45,96.45,81
1764889620,96.45,96.45,96.45,96.45,60
1764889680,96.45,96.45,96.45,96.45,42
1764891000,96.45,96.45,96.45,96.45,68
1764892080,96.45,96.45,96.45,96.45,6
1764892140,96.45,96.45,96.45,96.45,44
1764892320,96.45,96.45,96.45,96.45,33
1764892740,96.45,96.45,96.45,96.45,141
1764896340,96.45,96.45,96.45,96.45,2
1764896400,96.45,96.45,96.45,96.45,75
1764896580,96.45,96.45,96.45,96.45,58
1764896700,96.45,96.45,96.45,96.45,14
1764896760,96.45,96.45,96.45,96.45,38
1764904440,96.45,96.45,96.45,96.45,1
1764914340,96.45,96.45,96.45,96.45,18
1764914400,96.45,96.45,96.45,96.45,3
1764916620,96.45,96.45,96.45,96.45,1
1764918720,96.45,96.45,96.45,96.45,5
1764918780,96.45,96.45,96.45,96.45,1
1764918840,96.45,96.45,96.45,96.45,2
1764919080,96.45,96.45,96.45,96.45,1
1764919320,96.45,96.45,96.45,96.45,1
1764919380,96.45,96.45,96.45,96.45,1
1764919680,96.45,96.45,96.45,96.45,2
1764919860,96.45,96.45,96.45,96.45,2
1764919920,96.45,96.45,96.45,96.45,1
1764920820,96.45,96.45,96.45,96.45,8
1764921360,96.45,96.45,96.45,96.45,7
1764922200,96.45,96.45,96.45,96.45,1
1764922260,96.445,96.445,96.445,96.445,60
1764922380,96.445,96.445,96.445,96.445,1
1764923640,96.45,96.45,96.45,96.45,50
1764924240,96.45,96.45,96.445,96.445,6
1764924300,96.45,96.45,96.45,96.45,3
1764926340,96.45,96.45,96.45,96.45,9
1764929460,96.45,96.45,96.45,96.45,1
1764930300,96.445,96.445,96.445,96.445,56
1764930720,96.445,96.445,96.445,96.445,9
1764932700,96.445,96.445,96.445,96.445,18
1764935520,96.445,96.445,96.445,96.445,33
1764935580,96.445,96.445,96.445,96.445,2
1764935760,96.445,96.445,96.445,96.445,77
1764936000,96.445,96.445,96.445,96.445,80
1764936120,96.445,96.445,96.445,96.445,1
1764936480,96.445,96.445,96.445,96.445,1
1764936600,96.445,96.445,96.445,96.445,4
1764936720,96.445,96.445,96.445,96.445,5
1764936780,96.445,96.445,96.445,96.445,4
1764936900,96.445,96.445,96.445,96.445,2
1764936960,96.445,96.445,96.445,96.445,15
1764937020,96.445,96.445,96.445,96.445,9
1764937080,96.445,96.445,96.445,96.445,2
1764937260,96.44,96.44,96.44,96.44,42
1764937320,96.44,96.44,96.44,96.44,529
1764937440,96.44,96.44,96.44,96.44,7
1764939180,96.445,96.445,96.445,96.445,4
1764939840,96.44,96.44,96.44,96.44,1
1764939900,96.445,96.445,96.445,96.445,1
1764939960,96.44,96.44,96.44,96.44,1
1764940080,96.44,96.44,96.44,96.44,2
1764940380,96.445,96.45,96.445,96.445,1062
1764940440,96.445,96.445,96.445,96.445,22
1764940560,96.445,96.445,96.445,96.445,2
1764940620,96.445,96.445,96.445,96.445,3
1764940680,96.445,96.445,96.445,96.445,1
1764940740,96.445,96.445,96.445,96.445,1
1764940800,96.445,96.445,96.445,96.445,3
1764940860,96.445,96.445,96.445,96.445,25
1764940920,96.445,96.445,96.445,96.445,68
1764941040,96.445,96.445,96.445,96.445,348
1764941280,96.45,96.45,96.45,96.45,3
1764941400,96.445,96.445,96.445,96.445,1
1764941460,96.445,96.445,96.445,96.445,44
1764941880,96.44,96.44,96.44,96.44,146
1764941940,96.44,96.44,96.44,96.44,67
1764942000,96.44,96.44,96.44,96.44,41
1764942780,96.44,96.44,96.44,96.44,37
1764942840,96.44,96.44,96.44,96.44,30
1764943020,96.44,96.44,96.44,96.44,15
1764943080,96.44,96.44,96.44,96.44,46
1764943140,96.44,96.44,96.44,96.44,9
1764943380,96.445,96.445,96.445,96.445,19
1764943980,96.445,96.445,96.445,96.445,8
1764944040,96.445,96.445,96.445,96.445,1
1764944100,96.445,96.445,96.445,96.445,1
1764944820,96.445,96.445,96.445,96.445,1
1764944880,96.445,96.445,96.445,96.445,1
1764945660,96.445,96.445,96.445,96.445,3
1764946020,96.445,96.445,96.445,96.445,2
1764946080,96.445,96.445,96.445,96.445,2
1764946320,96.445,96.445,96.445,96.445,6
1764946440,96.445,96.445,96.445,96.445,1
1764946500,96.445,96.445,96.445,96.445,1
1764946740,96.44,96.445,96.44,96.44,33
1764947220,96.445,96.445,96.445,96.445,2
1764947280,96.445,96.445,96.445,96.445,526
1764947340,96.445,96.445,96.445,96.445,1
1764947460,96.445,96.445,96.445,96.445,1
1764947580,96.44,96.44,96.44,96.44,25
1764948060,96.445,96.445,96.445,96.445,73
1764948120,96.445,96.445,96.445,96.445,2
1764948180,96.445,96.445,96.445,96.445,1
1764948960,96.445,96.445,96.445,96.445,1
1764949020,96.445,96.445,96.445,96.445,1
1764949440,96.445,96.445,96.445,96.445,1
1764949860,96.445,96.445,96.445,96.445,1
1764949920,96.445,96.445,96.445,96.445,1
1764950460,96.445,96.445,96.445,96.445,1
1764950640,96.445,96.445,96.445,96.445,1
1764950760,96.445,96.445,96.445,96.445,28
1764951060,96.445,96.445,96.445,96.445,1
1764951120,96.445,96.445,96.445,96.445,1
1764951300,96.445,96.445,96.445,96.445,41
1764951600,96.44,96.44,96.44,96.44,288
1764951660,96.44,96.44,96.44,96.44,73
1764952320,96.44,96.44,96.44,96.44,13
1764952620,96.44,96.44,96.44,96.44,13
1764952680,96.445,96.445,96.445,96.445,1
1764952740,96.445,96.445,96.445,96.445,1
1764953520,96.445,96.445,96.445,96.445,1
1764953580,96.445,96.445,96.445,96.445,1
1764954360,96.445,96.445,96.445,96.445,1
1764954780,96.445,96.445,96.445,96.445,1
1764954840,96.445,96.445,96.445,96.445,1
1764955560,96.445,96.445,96.445,96.445,1
1764955620,96.445,96.445,96.445,96.445,1
1764955740,96.44,96.44,96.44,96.44,4
1764956100,96.44,96.44,96.44,96.44,1
1764956340,96.44,96.44,96.44,96.44,74
1764956460,96.445,96.445,96.44,96.44,46
1764956520,96.44,96.44,96.44,96.44,51
1764956580,96.44,96.44,96.44,96.44,9
1764956640,96.44,96.44,96.44,96.44,2
1764956760,96.44,96.44,96.44,96.44,30
1764956820,96.44,96.44,96.44,96.44,12
1764956940,96.44,96.44,96.44,96.44,100
1764957660,96.44,96.445,96.44,96.44,193
1764957780,96.44,96.44,96.44,96.44,34
1764958140,96.44,96.44,96.44,96.44,1
1764958860,96.445,96.445,96.445,96.445,1
1764958920,96.445,96.445,96.445,96.445,1
1764959640,96.44,96.44,96.44,96.44,8
1764959700,96.445,96.445,96.445,96.445,1
1764959760,96.445,96.445,96.445,96.445,1
1764960480,96.445,96.445,96.445,96.445,1
1764960540,96.445,96.445,96.445,96.445,1
1764961740,96.445,96.445,96.445,96.445,2
1764961800,96.445,96.445,96.445,96.445,1
1764962220,96.44,96.44,96.44,96.44,10
1764962520,96.44,96.44,96.44,96.44,13
1764962580,96.445,96.445,96.445,96.445,1
1764962640,96.445,96.445,96.445,96.445,1
1764963000,96.44,96.44,96.44,96.44,25
1764963360,96.445,96.445,96.445,96.445,1
1764963420,96.445,96.445,96.445,96.445,1
1764963840,96.445,96.445,96.445,96.445,2
1764964200,96.445,96.445,96.445,96.445,1
1764964260,96.445,96.445,96.445,96.445,1
1764964320,96.445,96.445,96.445,96.445,5
1764964560,96.44,96.44,96.44,96.44,5
1764964680,96.44,96.44,96.44,96.44,1
1764964740,96.44,96.44,96.44,96.44,6
1764964800,96.44,96.44,96.44,96.44,11
1764965040,96.445,96.445,96.445,96.445,1
1764965100,96.445,96.445,96.445,96.445,1
1764965640,96.44,96.44,96.44,96.44,3
1764965820,96.445,96.445,96.445,96.445,1
1764965880,96.445,96.445,96.445,96.445,1
1764966000,96.44,96.44,96.44,96.44,100
1764966660,96.445,96.445,96.445,96.445,1
1764966720,96.445,96.445,96.445,96.445,1
1764966960,96.445,96.445,96.445,96.445,50
1764967500,96.445,96.445,96.445,96.445,1
1764967560,96.445,96.445,96.445,96.445,1
1764968700,96.44,96.44,96.44,96.44,14
1764969060,96.44,96.44,96.44,96.44,2
1764969300,96.44,96.44,96.44,96.44,1
1764970200,96.44,96.44,96.44,96.44,469
1764970320,96.44,96.44,96.44,96.44,119
1764970380,96.44,96.44,96.44,96.44,30
1764970440,96.44,96.44,96.44,96.44,143
1764970500,96.44,96.44,96.44,96.44,17
1764970620,96.44,96.44,96.44,96.44,20
1764970860,96.44,96.44,96.44,96.44,44
1764971220,96.44,96.44,96.44,96.44,33
1764971280,96.44,96.44,96.44,96.44,11
1764971340,96.44,96.44,96.44,96.44,90
1764971400,96.44,96.44,96.435,96.435,5
1764971520,96.44,96.44,96.44,96.44,1
1764971640,96.44,96.445,96.44,96.445,139
1764971760,96.44,96.44,96.44,96.44,35
1764971880,96.435,96.435,96.435,96.435,2
1765148640,96.44,96.44,96.44,96.44,395
1765148760,96.44,96.44,96.44,96.44,19
1765149060,96.44,96.44,96.44,96.44,7
1765150560,96.44,96.44,96.44,96.44,22
1765150740,96.44,96.44,96.44,96.44,1
1765150860,96.44,96.44,96.44,96.44,7
1765162980,96.44,96.44,96.44,96.44,3
1765173660,96.44,96.44,96.44,96.44,43
1765173780,96.44,96.44,96.44,96.44,37
1765175520,96.44,96.44,96.44,96.44,7
1765180020,96.44,96.44,96.44,96.44,158
1765180800,96.44,96.44,96.44,96.44,114
1765180860,96.44,96.44,96.44,96.44,116
1765180980,96.44,96.44,96.44,96.44,12
1765181400,96.44,96.44,96.44,96.44,1
1765181760,96.44,96.44,96.44,96.44,62
1765182240,96.44,96.44,96.44,96.44,11
1765182360,96.44,96.44,96.44,96.44,32
1765182720,96.44,96.44,96.44,96.44,88
1765183260,96.44,96.44,96.44,96.44,95
1765183320,96.44,96.44,96.44,96.44,27
1765183440,96.44,96.44,96.44,96.44,48
1765184220,96.44,96.44,96.44,96.44,62
1765184340,96.44,96.44,96.44,96.44,11
1765184820,96.44,96.44,96.44,96.44,22
1765185240,96.44,96.44,96.44,96.44,147
1765185660,96.435,96.435,96.435,96.435,1
1765186440,96.435,96.435,96.435,96.435,3
1765186560,96.435,96.435,96.435,96.435,135
1765186920,96.435,96.435,96.435,96.435,24
1765187040,96.435,96.435,96.435,96.435,41
1765187100,96.435,96.435,96.435,96.435,78
1765188780,96.435,96.435,96.435,96.435,50
1765189800,96.435,96.435,96.435,96.435,4
1765189860,96.435,96.435,96.435,96.435,199
1765190760,96.435,96.435,96.435,96.435,60
1765191360,96.435,96.435,96.435,96.435,20
1765191840,96.435,96.435,96.435,96.435,101
1765192800,96.435,96.435,96.435,96.435,180
1765193460,96.435,96.435,96.435,96.435,100
1765193880,96.435,96.435,96.435,96.435,2
1765194300,96.435,96.435,96.435,96.435,68
1765196460,96.435,96.435,96.435,96.435,257
1765196820,96.435,96.435,96.435,96.435,54
1765197240,96.435,96.435,96.435,96.435,79
1765197300,96.435,96.435,96.435,96.435,44
1765197420,96.435,96.435,96.435,96.435,22
1765197480,96.435,96.435,96.435,96.435,22
1765198200,96.435,96.435,96.435,96.435,57
1765198620,96.435,96.435,96.435,96.435,43
1765198740,96.435,96.435,96.435,96.435,53
1765198920,96.435,96.435,96.435,96.435,36
1765198980,96.435,96.435,96.435,96.435,5
1765199400,96.435,96.435,96.435,96.435,23
1765199820,96.435,96.435,96.435,96.435,496
1765200000,96.435,96.435,96.435,96.435,12
1765200060,96.435,96.435,96.43,96.435,223
1765200120,96.435,96.435,96.435,96.435,22
1765200600,96.435,96.435,96.435,96.435,120
1765200660,96.435,96.435,96.435,96.435,22
1765200720,96.435,96.435,96.435,96.435,50
1765201140,96.435,96.435,96.435,96.435,46
1765201500,96.435,96.435,96.435,96.435,29
1765201560,96.435,96.435,96.435,96.435,4
1765201620,96.435,96.435,96.435,96.435,74
1765201860,96.435,96.435,96.435,96.435,11
1765202220,96.435,96.435,96.435,96.435,259
1765202400,96.435,96.435,96.435,96.435,185
1765202460,96.435,96.435,96.435,96.435,31
1765202520,96.435,96.435,96.435,96.435,142
1765202580,96.435,96.435,96.435,96.435,34
1765202760,96.435,96.435,96.43,96.435,30
1765202940,96.435,96.435,96.435,96.435,44
1765203420,96.435,96.435,96.435,96.435,224
1765203540,96.435,96.435,96.435,96.435,41
1765204560,96.435,96.435,96.435,96.435,50
1765204620,96.435,96.435,96.435,96.435,50
1765204740,96.435,96.435,96.435,96.435,25
1765204800,96.435,96.435,96.435,96.435,69
1765204860,96.435,96.435,96.435,96.435,175
1765205100,96.435,96.435,96.43,96.435,86
1765205460,96.43,96.43,96.43,96.43,333
1765205520,96.43,96.43,96.43,96.43,426
1765205580,96.43,96.43,96.43,96.43,252
1765205640,96.43,96.43,96.43,96.43,2
1765205700,96.43,96.43,96.43,96.43,182
1765205820,96.43,96.435,96.43,96.43,255
1765205880,96.435,96.435,96.435,96.435,6
1765205940,96.43,96.43,96.43,96.43,125
1765206060,96.43,96.43,96.43,96.43,359
1765206120,96.43,96.43,96.43,96.43,9
1765206180,96.43,96.435,96.43,96.43,37
1765206300,96.43,96.43,96.43,96.43,116
1765206540,96.43,96.43,96.43,96.43,86
1765206780,96.43,96.43,96.43,96.43,1
1765206960,96.43,96.43,96.43,96.43,13
1765207320,96.43,96.435,96.43,96.435,83
1765207620,96.435,96.435,96.435,96.435,21
1765208160,96.435,96.435,96.435,96.435,30
1765208580,96.43,96.43,96.43,96.43,183
1765208640,96.43,96.43,96.43,96.43,33
1765209240,96.435,96.435,96.435,96.435,150
1765209480,96.43,96.43,96.43,96.43,100
1765209540,96.43,96.43,96.43,96.43,46
1765210320,96.435,96.435,96.435,96.435,1
1765211280,96.43,96.43,96.43,96.43,118
1765211400,96.43,96.43,96.43,96.43,4
1765211460,96.435,96.435,96.435,96.435,20
1765211820,96.43,96.43,96.43,96.43,100
1765212000,96.43,96.43,96.43,96.43,135
1765212240,96.43,96.43,96.43,96.43,93
1765212420,96.43,96.43,96.43,96.43,1
1765213260,96.43,96.43,96.43,96.43,4
1765213380,96.43,96.43,96.43,96.43,10
1765214100,96.43,96.43,96.43,96.43,2
1765214460,96.43,96.43,96.43,96.43,18
1765214520,96.43,96.43,96.43,96.43,73
1765214580,96.43,96.43,96.43,96.43,50
1765214760,96.43,96.43,96.43,96.43,26
1765215000,96.43,96.43,96.43,96.43,74
1765215300,96.435,96.435,96.435,96.435,6
1765215960,96.435,96.435,96.435,96.435,1
1765216800,96.43,96.43,96.43,96.43,2
1765219080,96.435,96.435,96.435,96.435,100
1765219320,96.435,96.435,96.435,96.435,100
1765219380,96.435,96.435,96.435,96.435,82
1765219440,96.435,96.435,96.435,96.435,4
1765220100,96.435,96.435,96.435,96.435,11
1765220280,96.435,96.435,96.435,96.435,9
1765220460,96.435,96.435,96.435,96.435,70
1765220640,96.435,96.435,96.435,96.435,14
1765220880,96.435,96.435,96.435,96.435,65
1765220940,96.44,96.44,96.44,96.44,120
1765221180,96.44,96.44,96.44,96.44,1053
1765221420,96.44,96.44,96.44,96.44,1
1765221480,96.44,96.44,96.44,96.44,1
1765221720,96.44,96.44,96.44,96.44,4
1765222140,96.44,96.44,96.44,96.44,404
1765222200,96.44,96.44,96.44,96.44,69
1765222260,96.44,96.44,96.44,96.44,43
1765222320,96.44,96.44,96.44,96.44,117
1765222440,96.44,96.44,96.44,96.44,104
1765222500,96.44,96.44,96.44,96.44,3
1765222560,96.44,96.44,96.44,96.44,2
1765222680,96.44,96.44,96.44,96.44,18
1765222740,96.44,96.44,96.44,96.44,121
1765222800,96.44,96.44,96.44,96.44,2
1765223520,96.44,96.44,96.44,96.44,167
1765223700,96.44,96.44,96.44,96.44,288
1765223760,96.44,96.44,96.44,96.44,59
1765223820,96.44,96.44,96.44,96.44,2
1765223880,96.44,96.44,96.44,96.44,12
1765224000,96.44,96.44,96.44,96.44,50
1765224060,96.44,96.44,96.44,96.44,6
1765224180,96.44,96.44,96.44,96.44,4
1765226040,96.44,96.44,96.44,96.44,230
1765226160,96.44,96.445,96.44,96.445,100
1765226280,96.44,96.44,96.44,96.44,423
1765226640,96.44,96.44,96.44,96.44,1
1765227120,96.44,96.44,96.44,96.44,100
1765227300,96.44,96.44,96.44,96.44,7
1765227540,96.44,96.44,96.44,96.44,37
1765227600,96.44,96.44,96.44,96.44,11
1765227720,96.44,96.44,96.44,96.44,24
1765227840,96.44,96.44,96.44,96.44,50
1765228380,96.44,96.44,96.44,96.44,148
1765228440,96.44,96.44,96.44,96.44,78
1765228500,96.44,96.44,96.44,96.44,4
1765228560,96.44,96.44,96.44,96.44,3
1765229100,96.44,96.44,96.44,96.44,1
1765229340,96.44,96.44,96.44,96.44,394
1765229460,96.44,96.44,96.44,96.44,40
1765229880,96.44,96.44,96.44,96.44,62
1765230000,96.44,96.44,96.44,96.44,1
1765230420,96.44,96.44,96.44,96.44,15
1765235100,96.44,96.44,96.44,96.44,74
1765241580,96.44,96.44,96.44,96.44,3
1765242060,96.44,96.44,96.44,96.44,110
1765242240,96.44,96.44,96.44,96.44,15
1765244340,96.44,96.44,96.44,96.44,20
1765245600,96.44,96.44,96.44,96.44,5
1765246620,96.44,96.44,96.44,96.44,47
1765246740,96.44,96.44,96.44,96.44,53
1765246860,96.44,96.44,96.44,96.44,20
1765250820,96.44,96.44,96.44,96.44,2
1765250880,96.44,96.44,96.44,96.44,2
1765251000,96.44,96.44,96.44,96.44,5
1765252980,96.44,96.44,96.44,96.44,22
1765255500,96.44,96.44,96.44,96.44,16
1765255980,96.44,96.44,96.44,96.44,30
1765256400,96.44,96.44,96.44,96.44,10
1765259280,96.44,96.44,96.44,96.44,100
1765259460,96.44,96.44,96.44,96.44,24
1765259880,96.44,96.44,96.44,96.44,60
1765262700,96.44,96.44,96.44,96.44,39
1765262760,96.44,96.44,96.44,96.44,8
1765262940,96.44,96.44,96.44,96.44,24
1765263120,96.44,96.44,96.44,96.44,26
1765263180,96.44,96.44,96.44,96.44,4
1765263720,96.44,96.44,96.44,96.44,13
1765265580,96.44,96.44,96.44,96.44,125
1765265700,96.44,96.44,96.44,96.44,189
1765266660,96.44,96.44,96.44,96.44,65
1765266720,96.44,96.44,96.44,96.44,18
1765269660,96.44,96.44,96.44,96.44,818
1765269840,96.435,96.435,96.435,96.435,36
1765271760,96.44,96.44,96.44,96.44,100
1765271820,96.44,96.44,96.44,96.44,153
1765271880,96.44,96.44,96.44,96.44,72
1765271940,96.44,96.44,96.44,96.44,48
1765272240,96.44,96.44,96.44,96.44,204
1765272480,96.44,96.44,96.44,96.44,29
1765272540,96.44,96.44,96.44,96.44,152
1765274400,96.44,96.44,96.44,96.44,14
1765274520,96.44,96.44,96.44,96.44,12
1765275420,96.44,96.44,96.44,96.44,460
1765276140,96.44,96.44,96.44,96.44,11
1765276260,96.44,96.44,96.44,96.44,3
1765276560,96.44,96.44,96.44,96.44,25
1765277280,96.44,96.44,96.44,96.44,204
1765277700,96.44,96.44,96.44,96.44,21
1765277760,96.44,96.44,96.44,96.44,46
1765278300,96.44,96.44,96.44,96.44,18
1765278360,96.44,96.44,96.44,96.44,23
1765279620,96.445,96.445,96.445,96.445,804
1765279920,96.44,96.44,96.44,96.44,95
1765280160,96.44,96.44,96.44,96.44,2
1765280220,96.44,96.44,96.44,96.44,53
1765280640,96.44,96.44,96.44,96.44,1
1765281180,96.44,96.44,96.44,96.44,188
1765281300,96.44,96.44,96.44,96.44,13
1765281660,96.44,96.44,96.44,96.44,240
1765281720,96.44,96.445,96.44,96.445,804
1765282020,96.44,96.44,96.44,96.44,1
1765282200,96.44,96.44,96.44,96.44,303
1765282440,96.435,96.435,96.435,96.435,4
1765282800,96.435,96.44,96.435,96.44,956
1765283340,96.44,96.44,96.44,96.44,844
1765283520,96.44,96.44,96.44,96.44,804
1765284480,96.44,96.44,96.44,96.44,5
1765284660,96.44,96.44,96.44,96.44,227
1765284840,96.44,96.44,96.44,96.44,365
1765284900,96.44,96.44,96.44,96.44,335
1765284960,96.44,96.44,96.44,96.44,70
1765285080,96.44,96.44,96.44,96.44,2
1765285140,96.44,96.44,96.44,96.44,2
1765285200,96.44,96.44,96.44,96.44,76
1765285260,96.44,96.44,96.44,96.44,9
1765285740,96.44,96.44,96.44,96.44,13
1765285800,96.44,96.44,96.44,96.44,93
1765285860,96.44,96.44,96.44,96.44,30
1765285920,96.44,96.44,96.44,96.44,205
1765286100,96.44,96.44,96.44,96.44,41
1765286340,96.44,96.44,96.44,96.44,1
1765286580,96.44,96.44,96.44,96.44,2
1765286760,96.435,96.44,96.435,96.44,2
1765287180,96.435,96.44,96.435,96.44,2
1765287240,96.435,96.44,96.435,96.44,101
1765287360,96.44,96.44,96.44,96.44,1
1765287600,96.44,96.44,96.44,96.44,1
1765287780,96.44,96.44,96.44,96.44,14
1765287840,96.44,96.44,96.44,96.44,4
1765287960,96.44,96.44,96.44,96.44,17
1765288020,96.44,96.44,96.44,96.44,837
1765288140,96.44,96.44,96.44,96.44,10
1765288260,96.44,96.44,96.44,96.44,145
1765288320,96.44,96.44,96.44,96.44,174
1765288380,96.44,96.44,96.44,96.44,20
1765288800,96.44,96.44,96.44,96.44,88
1765288860,96.44,96.44,96.44,96.44,37
1765288920,96.44,96.44,96.44,96.44,1
1765288980,96.44,96.44,96.44,96.44,18
1765289100,96.44,96.44,96.44,96.44,89
1765289160,96.44,96.44,96.44,96.44,3
1765289220,96.44,96.44,96.44,96.44,6
1765289340,96.44,96.44,96.44,96.44,1
1765289400,96.44,96.44,96.44,96.44,18
1765289520,96.44,96.44,96.44,96.44,12
1765289580,96.44,96.44,96.44,96.44,275
1765289640,96.44,96.44,96.44,96.44,16
1765289700,96.44,96.44,96.44,96.44,1
1765289940,96.44,96.445,96.44,96.445,469
1765290000,96.445,96.445,96.445,96.445,6
1765290120,96.445,96.445,96.445,96.445,5
1765290360,96.44,96.44,96.44,96.44,501
1765290420,96.44,96.44,96.44,96.44,19
1765290780,96.445,96.445,96.445,96.445,12
1765290960,96.44,96.44,96.44,96.44,6
1765291260,96.44,96.44,96.44,96.44,4582
1765291380,96.44,96.44,96.44,96.44,2
1765291440,96.44,96.44,96.44,96.44,22
1765291620,96.44,96.44,96.44,96.44,2
1765291800,96.44,96.44,96.44,96.44,9
1765291920,96.44,96.44,96.44,96.44,11
1765291980,96.44,96.44,96.44,96.44,25
1765292280,96.44,96.44,96.44,96.44,3
1765292340,96.445,96.445,96.445,96.445,1
1765292400,96.44,96.44,96.425,96.435,930
1765292460,96.43,96.43,96.425,96.43,1274
1765292520,96.425,96.43,96.425,96.43,334
1765292580,96.43,96.43,96.43,96.43,450
1765292640,96.43,96.43,96.43,96.43,163
1765292700,96.425,96.425,96.425,96.425,25
1765292760,96.425,96.425,96.425,96.425,2
1765292820,96.425,96.425,96.425,96.425,156
1765292880,96.425,96.425,96.425,96.425,500
1765293120,96.425,96.425,96.425,96.425,80
1765293360,96.43,96.43,96.43,96.43,36
1765293420,96.43,96.43,96.43,96.43,285
1765293480,96.43,96.43,96.43,96.43,28
1765293780,96.43,96.43,96.43,96.43,23
1765293840,96.43,96.43,96.43,96.43,307
1765293900,96.43,96.435,96.43,96.43,358
1765293960,96.43,96.43,96.43,96.43,162
1765294020,96.43,96.43,96.43,96.43,160
1765294140,96.43,96.43,96.43,96.43,558
1765294200,96.43,96.43,96.43,96.43,221
1765294500,96.43,96.43,96.43,96.43,72
1765294620,96.43,96.43,96.425,96.425,167
1765294740,96.43,96.43,96.43,96.43,101
1765294800,96.43,96.43,96.425,96.425,76
1765296420,96.43,96.43,96.43,96.43,29
1765296540,96.43,96.43,96.425,96.43,26
1765296600,96.43,96.43,96.43,96.43,2
1765296660,96.43,96.43,96.43,96.43,72
1765296780,96.43,96.43,96.43,96.43,127
1765296840,96.43,96.43,96.43,96.43,438
1765296900,96.43,96.43,96.43,96.43,41
1765297140,96.43,96.43,96.43,96.43,58
1765297200,96.43,96.43,96.43,96.43,12
1765297260,96.43,96.43,96.43,96.43,55
1765298820,96.425,96.425,96.425,96.425,2
1765299420,96.425,96.425,96.425,96.425,3550
1765302600,96.425,96.425,96.425,96.425,105
1765303260,96.425,96.425,96.425,96.425,52
1765303920,96.43,96.43,96.43,96.43,75
1765304100,96.43,96.43,96.43,96.43,2
1765304280,96.43,96.43,96.425,96.425,88
1765305120,96.425,96.425,96.425,96.425,2
1765305420,96.425,96.425,96.425,96.425,26
1765305480,96.43,96.43,96.43,96.43,29
1765305660,96.43,96.43,96.43,96.43,4
1765305840,96.43,96.43,96.43,96.43,15
1765305960,96.425,96.425,96.425,96.425,5
1765306500,96.425,96.425,96.425,96.425,5
1765309560,96.425,96.425,96.425,96.425,1
1765309680,96.425,96.425,96.425,96.425,10
1765309800,96.425,96.425,96.425,96.425,50
1765309920,96.425,96.425,96.425,96.425,1
1765310340,96.425,96.425,96.425,96.425,1
1765310400,96.425,96.425,96.425,96.425,1
1765310520,96.425,96.425,96.425,96.425,12
1765311240,96.43,96.43,96.43,96.43,400
1765311300,96.43,96.43,96.43,96.43,322
1765311420,96.43,96.43,96.43,96.43,230
1765311480,96.43,96.43,96.43,96.43,70
1765311540,96.43,96.43,96.43,96.43,76
1765311840,96.43,96.43,96.43,96.43,52
1765311960,96.43,96.43,96.43,96.43,201
1765312020,96.43,96.43,96.43,96.43,5
1765312080,96.43,96.43,96.43,96.43,60
1765312440,96.43,96.43,96.43,96.43,240
1765312680,96.43,96.43,96.43,96.43,25
1765312800,96.43,96.43,96.43,96.43,25
1765312860,96.43,96.43,96.43,96.43,61
1765313040,96.43,96.43,96.43,96.43,28
1765313160,96.43,96.43,96.43,96.43,4
1765313400,96.43,96.43,96.43,96.43,1
1765313880,96.43,96.43,96.43,96.43,71
1765313940,96.43,96.43,96.43,96.43,1
1765314000,96.43,96.43,96.43,96.43,15
1765314120,96.43,96.43,96.43,96.43,70
1765314180,96.43,96.43,96.43,96.43,8
1765314240,96.43,96.43,96.43,96.43,31
1765314420,96.43,96.43,96.43,96.43,109
1765314480,96.43,96.43,96.43,96.43,2
1765315020,96.43,96.43,96.43,96.43,12
1765317000,96.425,96.425,96.425,96.425,148
1765317180,96.425,96.425,96.425,96.425,15
1765317240,96.425,96.425,96.425,96.425,23
1765317300,96.425,96.425,96.425,96.425,47
1765317420,96.425,96.425,96.425,96.425,70
1765321380,96.42,96.42,96.42,96.42,9
1765321620,96.42,96.42,96.42,96.42,1
1765321800,96.42,96.42,96.42,96.42,92
1765326180,96.425,96.425,96.425,96.425,113
1765326240,96.425,96.425,96.425,96.425,206
1765326660,96.425,96.425,96.425,96.425,39
1765328880,96.425,96.425,96.425,96.425,50
1765329180,96.425,96.425,96.425,96.425,2
1765332840,96.425,96.425,96.425,96.425,150
1765333680,96.425,96.425,96.425,96.425,27
1765333920,96.425,96.425,96.425,96.425,50
1765337400,96.425,96.425,96.425,96.425,24
1765337940,96.425,96.425,96.425,96.425,32
1765339380,96.425,96.425,96.425,96.425,64
1765339920,96.425,96.425,96.425,96.425,26
1765340520,96.425,96.425,96.425,96.425,27
1765349340,96.425,96.425,96.425,96.425,33
1765349760,96.425,96.425,96.425,96.425,24
1765353000,96.425,96.425,96.425,96.425,131
1765353300,96.425,96.425,96.425,96.425,33
1765354200,96.425,96.425,96.425,96.425,2
1765354740,96.425,96.425,96.425,96.425,73
1765354800,96.425,96.425,96.425,96.425,426
1765354920,96.425,96.425,96.425,96.425,29
1765354980,96.425,96.425,96.425,96.425,8
1765355220,96.425,96.425,96.425,96.425,22
1765356120,96.425,96.425,96.425,96.425,3
1765356180,96.42,96.42,96.42,96.42,4
1765357800,96.42,96.42,96.42,96.42,105
1765358340,96.42,96.42,96.42,96.42,4
1765358760,96.42,96.42,96.42,96.42,13
1765358880,96.42,96.42,96.42,96.42,97
1765358940,96.42,96.42,96.42,96.42,5
1765359540,96.42,96.42,96.42,96.42,59
1765359660,96.42,96.42,96.42,96.42,5
1765363200,96.425,96.425,96.425,96.425,6
1765366200,96.425,96.425,96.425,96.425,61
1765366260,96.425,96.425,96.425,96.425,40
1765366500,96.425,96.425,96.425,96.425,37
1765367340,96.425,96.425,96.425,96.425,7
1765367400,96.425,96.425,96.425,96.425,2
1765367460,96.425,96.425,96.425,96.425,2
1765367580,96.425,96.425,96.425,96.425,40
1765367820,96.425,96.425,96.425,96.425,124
1765367940,96.425,96.425,96.425,96.425,75
1765368840,96.425,96.425,96.425,96.425,22
1765369680,96.425,96.425,96.425,96.425,50
1765370580,96.425,96.425,96.425,96.425,100
1765371000,96.425,96.425,96.425,96.425,430
1765371060,96.425,96.425,96.425,96.425,45
1765371300,96.425,96.425,96.425,96.425,33
1765371420,96.425,96.425,96.425,96.425,33
1765371540,96.425,96.425,96.425,96.425,41
1765371660,96.425,96.425,96.425,96.425,97
1765372320,96.425,96.425,96.425,96.425,100
1765372380,96.425,96.425,96.425,96.425,119
1765372500,96.425,96.425,96.425,96.425,36
1765372620,96.425,96.425,96.425,96.425,21
1765372740,96.425,96.43,96.425,96.425,181
1765372860,96.425,96.425,96.425,96.425,7
1765373100,96.425,96.425,96.425,96.425,52
1765373160,96.43,96.43,96.43,96.43,20
1765373340,96.425,96.425,96.425,96.425,182
1765373400,96.425,96.425,96.425,96.425,38
1765373580,96.43,96.43,96.43,96.43,67
1765373640,96.43,96.43,96.43,96.43,95
1765374180,96.43,96.43,96.43,96.43,10
1765374240,96.43,96.43,96.425,96.425,30
1765374360,96.43,96.43,96.43,96.43,86
1765375620,96.43,96.43,96.43,96.43,75
1765376040,96.43,96.43,96.43,96.43,52
1765376340,96.43,96.43,96.425,96.425,10
1765377120,96.43,96.43,96.43,96.43,240
1765377300,96.43,96.43,96.43,96.43,1
1765377960,96.43,96.43,96.43,96.43,629
1765378080,96.43,96.43,96.43,96.43,171
1765378140,96.43,96.43,96.43,96.43,1
1765378200,96.43,96.43,96.43,96.43,216
1765378260,96.43,96.43,96.43,96.43,34
1765378380,96.43,96.43,96.43,96.43,400
1765378920,96.43,96.43,96.43,96.43,142
1765378980,96.43,96.43,96.43,96.43,10
1765379100,96.43,96.43,96.43,96.43,154
1765379160,96.43,96.43,96.43,96.43,67
1765379280,96.43,96.43,96.43,96.43,2
1765379760,96.43,96.43,96.43,96.43,89
1765380060,96.43,96.43,96.43,96.43,185
1765380360,96.43,96.43,96.43,96.43,1
1765380600,96.43,96.43,96.43,96.43,553
1765380720,96.43,96.43,96.43,96.43,65
1765381560,96.43,96.43,96.43,96.43,62
1765381680,96.43,96.43,96.43,96.43,10
1765381920,96.43,96.43,96.43,96.43,2
1765382040,96.435,96.435,96.435,96.435,2
1765382100,96.43,96.43,96.43,96.43,1
1765382940,96.43,96.43,96.43,96.43,16
1765383000,96.43,96.43,96.43,96.43,3
1765383240,96.43,96.43,96.43,96.43,23
1765383660,96.43,96.43,96.43,96.43,2
1765384080,96.435,96.435,96.435,96.435,5
1765384140,96.435,96.435,96.435,96.435,2
1765384740,96.435,96.435,96.435,96.435,135
1765385160,96.435,96.435,96.435,96.435,3
1765385280,96.43,96.43,96.43,96.43,25
1765386660,96.435,96.435,96.435,96.435,4
1765386720,96.435,96.435,96.435,96.435,1
1765387140,96.435,96.435,96.435,96.435,1
1765387440,96.43,96.43,96.43,96.43,3
1765387740,96.435,96.435,96.435,96.435,48
1765388460,96.435,96.435,96.435,96.435,563
1765388520,96.435,96.435,96.435,96.435,359
1765388640,96.435,96.435,96.435,96.435,24
1765389060,96.435,96.435,96.435,96.435,22
1765389120,96.44,96.44,96.44,96.44,420
1765389420,96.44,96.44,96.44,96.44,1
1765389540,96.44,96.44,96.44,96.44,1
1765390200,96.44,96.44,96.44,96.44,3
1765390680,96.435,96.435,96.435,96.435,107
1765390800,96.435,96.435,96.435,96.435,14
1765390860,96.435,96.435,96.435,96.435,599
1765391040,96.43,96.43,96.43,96.43,2422
1765391100,96.43,96.43,96.43,96.43,250
1765391400,96.435,96.435,96.435,96.435,379
1765391460,96.435,96.435,96.435,96.435,266
1765391520,96.435,96.435,96.435,96.435,117
1765391700,96.435,96.435,96.435,96.435,19
1765391880,96.43,96.43,96.43,96.43,100
1765392060,96.43,96.435,96.43,96.435,100
1765392480,96.43,96.43,96.43,96.43,4
1765392540,96.43,96.43,96.43,96.43,57
1765392600,96.43,96.43,96.43,96.43,5
1765392660,96.435,96.435,96.435,96.435,1
1765392720,96.43,96.43,96.43,96.43,40
1765392780,96.43,96.43,96.43,96.43,169
1765392840,96.43,96.43,96.43,96.43,202
1765392900,96.43,96.43,96.43,96.43,156
1765392960,96.43,96.43,96.43,96.43,14
1765393020,96.43,96.43,96.43,96.43,348
1765393080,96.43,96.43,96.43,96.43,62
1765393140,96.43,96.435,96.43,96.435,1587
1765393200,96.435,96.445,96.435,96.445,480
1765393260,96.44,96.44,96.43,96.43,95
1765393320,96.435,96.435,96.435,96.435,7
1765393380,96.435,96.435,96.435,96.435,25
1765393440,96.435,96.44,96.435,96.44,634
1765393500,96.44,96.44,96.44,96.44,139
1765393560,96.44,96.44,96.44,96.44,103
1765393620,96.44,96.44,96.44,96.44,61
1765393680,96.44,96.44,96.44,96.44,42
1765393740,96.44,96.44,96.44,96.44,325
1765393800,96.44,96.44,96.44,96.44,150
1765393860,96.44,96.44,96.44,96.44,62
1765393920,96.44,96.44,96.44,96.44,48
1765394160,96.44,96.44,96.44,96.44,1
1765394220,96.435,96.435,96.435,96.435,60
1765394520,96.435,96.435,96.435,96.435,193
1765394700,96.435,96.435,96.435,96.435,265
1765394760,96.435,96.435,96.435,96.435,162
1765394820,96.435,96.435,96.435,96.435,224
1765394880,96.435,96.435,96.435,96.435,134
1765394940,96.435,96.435,96.435,96.435,61
1765395000,96.435,96.435,96.435,96.435,242
1765395120,96.435,96.435,96.43,96.43,166
1765395180,96.435,96.435,96.435,96.435,269
1765395240,96.435,96.435,96.435,96.435,217
1765395300,96.43,96.44,96.43,96.435,1877
1765395360,96.435,96.435,96.425,96.43,1251
1765395420,96.435,96.435,96.43,96.435,50
1765395480,96.435,96.435,96.435,96.435,95
1765395540,96.435,96.435,96.43,96.43,66
1765395600,96.43,96.435,96.425,96.425,1569
1765395660,96.42,96.425,96.42,96.42,11
1765395720,96.42,96.425,96.42,96.425,96
1765395840,96.42,96.42,96.42,96.42,94
1765395900,96.425,96.425,96.42,96.42,11
1765395960,96.425,96.425,96.425,96.425,306
1765396020,96.425,96.425,96.425,96.425,215
1765396080,96.425,96.425,96.425,96.425,33
1765396140,96.42,96.425,96.42,96.425,106
1765396200,96.425,96.425,96.425,96.425,65
1765396260,96.43,96.43,96.43,96.43,5
1765396320,96.43,96.43,96.43,96.43,25
1765396380,96.43,96.43,96.43,96.43,30
1765396440,96.43,96.43,96.43,96.43,122
1765396500,96.43,96.43,96.43,96.43,500
1765396560,96.435,96.435,96.435,96.435,7
1765396620,96.435,96.435,96.435,96.435,136
1765396740,96.435,96.435,96.435,96.435,70
1765396800,96.435,96.435,96.435,96.435,325
1765396920,96.44,96.44,96.44,96.44,167
1765397100,96.44,96.44,96.44,96.44,249
1765397160,96.44,96.44,96.44,96.44,3
1765397220,96.44,96.44,96.44,96.44,17
1765397280,96.44,96.44,96.44,96.44,19
1765397460,96.44,96.44,96.44,96.44,2
1765397520,96.44,96.44,96.44,96.44,5
1765397640,96.44,96.44,96.44,96.44,2
1765397760,96.44,96.44,96.44,96.44,3
1765397820,96.445,96.445,96.445,96.445,532
1765397880,96.44,96.44,96.44,96.44,25
1765397940,96.44,96.44,96.44,96.44,2
1765398120,96.44,96.44,96.44,96.44,4
1765398240,96.44,96.44,96.44,96.44,1
1765398300,96.44,96.44,96.44,96.44,27
1765398360,96.44,96.44,96.44,96.44,2
1765398420,96.44,96.44,96.44,96.44,5
1765398480,96.44,96.44,96.44,96.44,2
1765398540,96.44,96.44,96.44,96.44,527
1765398600,96.44,96.44,96.44,96.44,5
1765398660,96.44,96.44,96.44,96.44,9
1765398720,96.44,96.44,96.44,96.44,16
1765398840,96.44,96.44,96.44,96.44,250
1765398900,96.44,96.44,96.44,96.44,5
1765399020,96.44,96.44,96.44,96.44,87
1765399140,96.44,96.44,96.435,96.435,17
1765399320,96.435,96.435,96.435,96.435,1
1765399560,96.44,96.44,96.44,96.44,2065
1765399620,96.44,96.44,96.44,96.44,104
1765399800,96.44,96.44,96.44,96.44,282
1765399920,96.44,96.44,96.44,96.44,17
1765400220,96.44,96.44,96.44,96.44,1
1765400340,96.44,96.44,96.44,96.44,520
1765400400,96.44,96.44,96.44,96.44,18
1765400520,96.435,96.435,96.435,96.435,9
1765401780,96.435,96.435,96.435,96.435,1
1765403280,96.435,96.435,96.435,96.435,7
1765403520,96.435,96.435,96.435,96.435,18
1765403940,96.435,96.44,96.435,96.44,1083
1765407600,96.435,96.435,96.435,96.435,1
1765407660,96.44,96.44,96.44,96.44,2
1765407840,96.44,96.44,96.44,96.44,22
1765408320,96.44,96.44,96.44,96.44,1
1765411800,96.44,96.44,96.44,96.44,271
1765411860,96.44,96.44,96.44,96.44,67
1765411920,96.44,96.44,96.44,96.44,54
1765414560,96.44,96.44,96.44,96.44,2
1765417380,96.435,96.435,96.435,96.435,21
1765417440,96.435,96.435,96.435,96.435,136
1765417500,96.435,96.435,96.435,96.435,10
1765417740,96.435,96.435,96.435,96.435,9
1765420560,96.435,96.435,96.435,96.435,22
1765420620,96.435,96.435,96.435,96.435,27
1765420980,96.435,96.435,96.435,96.435,300
1765421040,96.435,96.435,96.435,96.435,283
1765421100,96.435,96.435,96.435,96.435,17
1765421220,96.435,96.435,96.435,96.435,150
1765421340,96.435,96.435,96.435,96.435,39
1765421700,96.435,96.435,96.435,96.435,38
1765422000,96.435,96.435,96.435,96.435,54
1765422060,96.435,96.435,96.435,96.435,26
1765424160,96.44,96.44,96.44,96.44,145
1765425900,96.44,96.44,96.44,96.44,2
1765436880,96.435,96.435,96.435,96.435,100
1765437780,96.435,96.435,96.435,96.435,69
1765438140,96.435,96.435,96.435,96.435,66
1765439160,96.435,96.435,96.435,96.435,12
1765439220,96.435,96.435,96.435,96.435,36
1765439760,96.435,96.435,96.435,96.435,96
1765439820,96.435,96.435,96.435,96.435,52
1765439880,96.435,96.435,96.435,96.435,49
1765439940,96.435,96.435,96.435,96.435,66
1765440060,96.435,96.435,96.43,96.43,4
1765440300,96.435,96.435,96.435,96.435,17
1765440480,96.435,96.435,96.435,96.435,1
1765440540,96.435,96.435,96.435,96.435,86
1765440600,96.435,96.435,96.435,96.435,56
1765440660,96.435,96.435,96.435,96.435,4
1765441140,96.435,96.435,96.435,96.435,14
1765441380,96.435,96.435,96.435,96.435,1
1765441560,96.435,96.435,96.435,96.435,2
1765441740,96.435,96.435,96.435,96.435,2
1765441800,96.435,96.435,96.435,96.435,2
1765441920,96.435,96.435,96.435,96.435,4
1765441980,96.435,96.435,96.435,96.435,2
1765442160,96.435,96.435,96.435,96.435,4
1765442700,96.435,96.435,96.435,96.435,13
1765442820,96.435,96.435,96.435,96.435,200
1765443720,96.435,96.435,96.435,96.435,23
1765443780,96.435,96.435,96.435,96.435,2
1765444020,96.435,96.435,96.435,96.435,149
1765444080,96.435,96.435,96.435,96.435,2
1765444320,96.435,96.435,96.435,96.435,12
1765444920,96.435,96.435,96.435,96.435,9
1765445100,96.435,96.435,96.435,96.435,240
1765445220,96.435,96.435,96.435,96.435,17
1765445280,96.435,96.435,96.435,96.435,13
1765445340,96.435,96.435,96.435,96.435,26
1765445520,96.435,96.435,96.435,96.435,2
1765445580,96.435,96.435,96.435,96.435,30
1765445640,96.435,96.435,96.435,96.435,32
1765446600,96.435,96.435,96.435,96.435,1
1765446780,96.435,96.435,96.435,96.435,11
1765446840,96.435,96.435,96.435,96.435,15
1765447140,96.435,96.435,96.435,96.435,2
1765447200,96.435,96.435,96.435,96.435,183
1765447320,96.435,96.435,96.435,96.435,9
1765447380,96.435,96.435,96.435,96.435,30
1765447500,96.435,96.435,96.435,96.435,1
1765447560,96.435,96.435,96.435,96.435,2
1765447860,96.435,96.435,96.435,96.435,17
1765447920,96.435,96.435,96.435,96.435,38
1765448160,96.435,96.435,96.435,96.435,27
1765448220,96.435,96.435,96.435,96.435,26
1765449240,96.435,96.435,96.435,96.435,93
1765449720,96.435,96.435,96.435,96.435,21
1765449780,96.435,96.435,96.435,96.435,7
1765449840,96.435,96.435,96.435,96.435,3
1765450560,96.435,96.435,96.435,96.435,1
1765450620,96.435,96.435,96.435,96.435,1
1765450680,96.435,96.435,96.435,96.435,1
1765450860,96.435,96.435,96.435,96.435,1
1765450920,96.435,96.435,96.435,96.435,7
1765451040,96.435,96.435,96.435,96.435,1
1765451100,96.435,96.435,96.435,96.435,57
1765451220,96.435,96.435,96.435,96.435,1
1765451280,96.435,96.435,96.435,96.435,1
1765451340,96.435,96.435,96.435,96.435,1
1765451640,96.435,96.435,96.435,96.435,1
1765451700,96.435,96.435,96.435,96.435,1
1765451760,96.435,96.435,96.435,96.435,1
1765451880,96.435,96.435,96.435,96.435,54
1765451940,96.435,96.435,96.435,96.435,2
1765452900,96.435,96.435,96.435,96.435,3
1765453020,96.435,96.435,96.435,96.435,6
1765453080,96.435,96.435,96.435,96.435,6
1765453140,96.435,96.435,96.435,96.435,6
1765453200,96.435,96.435,96.435,96.435,1
1765455000,96.435,96.435,96.435,96.435,1
1765455240,96.435,96.435,96.435,96.435,6
1765455360,96.435,96.435,96.435,96.435,1
1765455540,96.435,96.435,96.435,96.435,1
1765455660,96.435,96.435,96.435,96.435,1
1765455720,96.435,96.435,96.435,96.435,1
1765455780,96.44,96.44,96.44,96.44,23
1765456260,96.44,96.44,96.435,96.435,10
1765456320,96.44,96.44,96.44,96.44,10
1765456380,96.44,96.44,96.44,96.44,10
1765456440,96.44,96.44,96.44,96.44,426
1765456560,96.44,96.44,96.44,96.44,27
1765456860,96.44,96.44,96.44,96.44,3
1765456920,96.44,96.44,96.44,96.44,1
1765457040,96.445,96.445,96.445,96.445,4
1765457160,96.445,96.445,96.445,96.445,11
1765457640,96.44,96.44,96.44,96.44,437
1765457820,96.44,96.44,96.44,96.44,63
1765458000,96.44,96.44,96.44,96.44,24
1765458120,96.44,96.44,96.44,96.44,727
1765458840,96.44,96.44,96.44,96.44,4
1765458960,96.44,96.44,96.44,96.44,6
1765459080,96.44,96.44,96.44,96.44,5
1765459200,96.44,96.44,96.44,96.44,4
1765459260,96.44,96.44,96.44,96.44,83
1765459320,96.44,96.44,96.44,96.44,3
1765459380,96.44,96.44,96.44,96.44,41
1765459440,96.44,96.44,96.44,96.44,1
1765459620,96.44,96.44,96.44,96.44,28
1765459800,96.445,96.445,96.445,96.445,238
1765460040,96.44,96.44,96.44,96.44,314
1765460100,96.44,96.44,96.44,96.44,64
1765460160,96.44,96.44,96.44,96.44,8
1765460340,96.445,96.445,96.445,96.445,111
1765461000,96.445,96.445,96.445,96.445,810
1765461060,96.445,96.445,96.445,96.445,58
1765461120,96.445,96.445,96.445,96.445,40
1765461300,96.445,96.445,96.445,96.445,87
1765461360,96.445,96.445,96.445,96.445,178
1765461540,96.445,96.445,96.445,96.445,2
1765461600,96.445,96.445,96.445,96.445,126
1765461900,96.445,96.445,96.445,96.445,23
1765462800,96.445,96.445,96.445,96.445,74
1765463280,96.445,96.445,96.445,96.445,2
1765464300,96.45,96.45,96.45,96.45,26
1765464420,96.45,96.45,96.45,96.45,600
1765464780,96.445,96.445,96.445,96.445,25
1765465080,96.445,96.445,96.445,96.445,13
1765465140,96.45,96.45,96.45,96.45,1
1765465200,96.445,96.445,96.445,96.445,6
1765465260,96.445,96.445,96.445,96.445,33
1765465380,96.45,96.45,96.45,96.45,1
1765465620,96.45,96.45,96.45,96.45,1
1765465680,96.445,96.445,96.445,96.445,20
1765465920,96.445,96.445,96.445,96.445,566
1765466040,96.445,96.445,96.445,96.445,8
1765466100,96.445,96.445,96.445,96.445,84
1765466160,96.445,96.445,96.445,96.445,72
1765466220,96.445,96.445,96.445,96.445,284
1765466280,96.445,96.445,96.445,96.445,84
1765466340,96.445,96.445,96.445,96.445,77
1765466400,96.445,96.445,96.445,96.445,101
1765466460,96.445,96.445,96.445,96.445,28
1765466520,96.445,96.445,96.445,96.445,323
1765466580,96.445,96.445,96.445,96.445,44
1765466700,96.445,96.445,96.445,96.445,26
1765466820,96.445,96.445,96.445,96.445,170
1765466880,96.445,96.445,96.445,96.445,13
1765466940,96.445,96.445,96.445,96.445,29
1765467540,96.445,96.445,96.445,96.445,7
1765467600,96.445,96.445,96.445,96.445,10
1765467720,96.445,96.445,96.445,96.445,1008
1765467780,96.445,96.445,96.445,96.445,10
1765467900,96.445,96.445,96.445,96.445,14
1765468020,96.445,96.445,96.445,96.445,116
1765468080,96.445,96.445,96.445,96.445,47
1765468260,96.445,96.445,96.445,96.445,1
1765468440,96.445,96.445,96.445,96.445,285
1765468500,96.445,96.445,96.445,96.445,272
1765468800,96.445,96.445,96.445,96.445,1
1765468920,96.445,96.445,96.445,96.445,1
1765469220,96.445,96.445,96.445,96.445,9
1765469280,96.445,96.445,96.445,96.445,1
1765469400,96.445,96.445,96.445,96.445,325
1765469460,96.445,96.445,96.445,96.445,201
1765469520,96.445,96.445,96.445,96.445,9
1765469700,96.445,96.445,96.445,96.445,100
1765470000,96.445,96.445,96.445,96.445,4
1765470060,96.445,96.445,96.445,96.445,17
1765470120,96.445,96.445,96.445,96.445,1
1765470240,96.445,96.445,96.445,96.445,1
1765470420,96.445,96.445,96.445,96.445,825
1765470480,96.445,96.445,96.44,96.44,201
1765470600,96.445,96.445,96.445,96.445,2
1765470840,96.445,96.445,96.445,96.445,1
1765471200,96.445,96.445,96.445,96.445,1
1765471260,96.445,96.445,96.445,96.445,4
1765471620,96.445,96.445,96.445,96.445,2
1765471980,96.445,96.445,96.445,96.445,1
1765472160,96.445,96.445,96.445,96.445,1
1765472520,96.445,96.445,96.445,96.445,5
1765472700,96.445,96.445,96.445,96.445,2
1765472820,96.445,96.445,96.445,96.445,50
1765473060,96.445,96.445,96.445,96.445,1
1765473120,96.445,96.445,96.445,96.445,5
1765473600,96.445,96.445,96.445,96.445,2
1765474020,96.445,96.445,96.445,96.445,1
1765474260,96.445,96.445,96.445,96.445,4
1765474380,96.445,96.445,96.445,96.445,132
1765474500,96.445,96.445,96.445,96.445,1
1765474560,96.445,96.445,96.445,96.445,25
1765474620,96.445,96.445,96.445,96.445,1
1765474980,96.445,96.445,96.445,96.445,1
1765475100,96.445,96.445,96.445,96.445,19
1765475460,96.445,96.445,96.445,96.445,633
1765475520,96.445,96.445,96.445,96.445,52
1765475580,96.45,96.45,96.445,96.445,3
1765475640,96.445,96.445,96.445,96.445,2
1765475820,96.445,96.445,96.445,96.445,3
1765475880,96.445,96.445,96.445,96.445,1
1765476120,96.45,96.45,96.445,96.445,3
1765476240,96.445,96.445,96.445,96.445,4
1765476360,96.445,96.445,96.445,96.445,1
1765476540,96.445,96.445,96.445,96.445,3
1765476660,96.45,96.45,96.45,96.45,1
1765477140,96.445,96.445,96.445,96.445,1
1765477500,96.445,96.445,96.445,96.445,21
1765477620,96.45,96.45,96.45,96.45,1
1765477800,96.445,96.445,96.445,96.445,10
1765477860,96.445,96.445,96.445,96.445,2
1765477980,96.445,96.445,96.445,96.445,42
1765478040,96.445,96.445,96.445,96.445,72
1765478100,96.445,96.445,96.445,96.445,35
1765478340,96.445,96.445,96.445,96.445,48
1765478520,96.445,96.445,96.445,96.445,1
1765479300,96.445,96.445,96.445,96.445,1
1765479540,96.445,96.445,96.445,96.445,15
1765479600,96.445,96.445,96.445,96.445,1
1765480020,96.445,96.445,96.445,96.445,1
1765480080,96.445,96.445,96.445,96.445,85
1765480560,96.445,96.445,96.445,96.445,1
1765481460,96.445,96.445,96.445,96.445,1
1765482060,96.445,96.445,96.445,96.445,1
1765482120,96.445,96.445,96.445,96.445,11
1765482180,96.445,96.445,96.445,96.445,4
1765482360,96.44,96.44,96.44,96.44,2
1765484400,96.445,96.445,96.445,96.445,889
1765484460,96.445,96.445,96.445,96.445,50
1765484700,96.445,96.445,96.445,96.445,10
1765484820,96.445,96.445,96.445,96.445,69
1765484940,96.445,96.445,96.445,96.445,10
1765485240,96.445,96.445,96.445,96.445,114
1765485360,96.445,96.445,96.445,96.445,21
1765485720,96.445,96.445,96.445,96.445,11
1765486020,96.445,96.445,96.445,96.445,18
1765486200,96.445,96.445,96.445,96.445,6
1765486260,96.445,96.445,96.445,96.445,1
1765486380,96.445,96.445,96.445,96.445,2
1765486440,96.445,96.445,96.445,96.445,7
1765486500,96.445,96.445,96.445,96.445,3
1765486560,96.445,96.445,96.445,96.445,2
1765486620,96.445,96.445,96.445,96.445,33
1765486680,96.445,96.445,96.445,96.445,3
1765486800,96.445,96.445,96.445,96.445,74
1765486860,96.445,96.445,96.445,96.445,8
1765486920,96.445,96.445,96.445,96.445,9
1765486980,96.445,96.445,96.445,96.445,11
1765487040,96.445,96.445,96.445,96.445,400
1765487100,96.445,96.445,96.445,96.445,52
1765487220,96.445,96.445,96.445,96.445,175
1765487280,96.445,96.445,96.445,96.445,76
1765487340,96.445,96.445,96.445,96.445,3
1765487520,96.445,96.445,96.445,96.445,1
1765487580,96.445,96.445,96.445,96.445,1
1765487640,96.445,96.445,96.445,96.445,32
1765487700,96.445,96.445,96.445,96.445,54
1765487760,96.445,96.445,96.445,96.445,161
1765488120,96.44,96.44,96.44,96.44,9
1765488600,96.445,96.445,96.445,96.445,11
1765488660,96.445,96.445,96.445,96.445,66
1765489560,96.445,96.445,96.445,96.445,1
1765489680,96.445,96.445,96.445,96.445,8
1765490160,96.44,96.44,96.44,96.44,11
1765490340,96.44,96.445,96.44,96.445,24
1765494240,96.445,96.445,96.445,96.445,1
1765497240,96.445,96.445,96.445,96.445,158
1765497300,96.445,96.445,96.445,96.445,6
1765497480,96.445,96.445,96.445,96.445,29
1765497840,96.445,96.445,96.445,96.445,89
1765500660,96.445,96.445,96.445,96.445,9
1765500840,96.445,96.445,96.445,96.445,12
1765501200,96.445,96.445,96.445,96.445,4
1765502160,96.445,96.445,96.445,96.445,3
1765502400,96.445,96.445,96.445,96.445,3
1765503360,96.445,96.445,96.445,96.445,1
1765503540,96.445,96.445,96.445,96.445,1
1765504860,96.445,96.445,96.445,96.445,14
1765506660,96.445,96.445,96.445,96.445,2
1765514940,96.445,96.445,96.445,96.445,11
1765522740,96.445,96.445,96.445,96.445,1
1765523520,96.45,96.45,96.45,96.45,362
1765523580,96.45,96.45,96.45,96.45,25
1765523640,96.45,96.45,96.45,96.45,1
1765524180,96.45,96.45,96.45,96.45,192
1765524420,96.45,96.45,96.45,96.45,55
1765524480,96.45,96.45,96.45,96.45,99
1765524720,96.45,96.45,96.45,96.45,24
1765524780,96.45,96.45,96.45,96.45,3
1765526400,96.45,96.45,96.45,96.45,2
1765526460,96.45,96.45,96.45,96.45,91
1765526640,96.45,96.45,96.45,96.45,242
1765526700,96.45,96.45,96.45,96.45,25
1765527900,96.45,96.45,96.45,96.45,61
1765535040,96.445,96.445,96.445,96.445,1
1765539180,96.445,96.445,96.445,96.445,30
1765539540,96.445,96.445,96.445,96.445,557
1765541160,96.44,96.44,96.44,96.44,4
1765541880,96.44,96.44,96.44,96.44,1
1765541940,96.44,96.44,96.44,96.44,1
1765542000,96.44,96.44,96.44,96.44,96
1765542060,96.44,96.44,96.44,96.44,12
1765543380,96.44,96.44,96.44,96.44,110
1765543440,96.44,96.44,96.44,96.44,157
1765543500,96.44,96.44,96.44,96.44,85
1765543560,96.44,96.445,96.44,96.445,86
1765544340,96.44,96.44,96.44,96.44,8
1765544400,96.445,96.445,96.445,96.445,75
1765544460,96.445,96.445,96.445,96.445,164
1765544520,96.445,96.445,96.445,96.445,530
1765544580,96.445,96.445,96.445,96.445,89
1765544820,96.445,96.445,96.445,96.445,456
1765545000,96.445,96.445,96.445,96.445,22
1765545600,96.45,96.45,96.45,96.45,376
1765545720,96.45,96.45,96.45,96.45,74
1765545840,96.45,96.45,96.45,96.45,753
1765545900,96.45,96.45,96.45,96.45,18
1765546020,96.45,96.45,96.45,96.45,568
1765546380,96.45,96.45,96.45,96.45,118
1765546980,96.45,96.45,96.45,96.45,648
1765547040,96.45,96.45,96.45,96.45,21
1765547280,96.45,96.45,96.45,96.45,309
1765547460,96.45,96.45,96.45,96.45,69
1765547640,96.45,96.45,96.45,96.45,1
1765547760,96.45,96.45,96.45,96.45,971
1765547820,96.45,96.45,96.45,96.45,105
1765547940,96.45,96.45,96.45,96.45,45
1765548300,96.445,96.445,96.445,96.445,2
1765549440,96.445,96.445,96.445,96.445,21
1765549680,96.445,96.445,96.445,96.445,71
1765549980,96.445,96.445,96.445,96.445,31
1765550400,96.445,96.445,96.445,96.445,42
1765550640,96.445,96.445,96.445,96.445,73
1765550700,96.445,96.445,96.445,96.445,225
1765551000,96.445,96.445,96.445,96.445,100
1765551240,96.445,96.445,96.445,96.445,1
1765551300,96.445,96.445,96.445,96.445,24
1765551360,96.445,96.445,96.445,96.445,1
1765551480,96.445,96.445,96.445,96.445,38
1765551540,96.445,96.445,96.445,96.445,35
1765551660,96.445,96.445,96.445,96.445,2
1765551720,96.445,96.445,96.445,96.445,168
1765551840,96.445,96.445,96.445,96.445,11
1765552200,96.445,96.445,96.445,96.445,182
1765552920,96.445,96.445,96.445,96.445,364
1765553280,96.445,96.445,96.445,96.445,209
1765553340,96.445,96.445,96.445,96.445,1
1765553580,96.445,96.445,96.445,96.445,42
1765553820,96.445,96.445,96.445,96.445,2
1765553940,96.445,96.445,96.445,96.445,100
1765554000,96.445,96.445,96.445,96.445,257
1765554060,96.445,96.445,96.445,96.445,1
1765554120,96.445,96.445,96.445,96.445,81
1765554180,96.445,96.445,96.445,96.445,2
1765554240,96.445,96.445,96.445,96.445,74
1765554600,96.44,96.44,96.44,96.44,25
1765555080,96.445,96.445,96.445,96.445,268
1765555140,96.445,96.445,96.445,96.445,11
1765555200,96.445,96.445,96.445,96.445,104
1765555260,96.445,96.445,96.445,96.445,26
1765555620,96.445,96.445,96.445,96.445,25
1765556100,96.45,96.45,96.45,96.45,1
1765556160,96.445,96.445,96.445,96.445,1
1765556340,96.445,96.445,96.445,96.445,22
1765556820,96.45,96.45,96.45,96.45,56
1765556940,96.45,96.45,96.45,96.45,1
1765557420,96.45,96.45,96.45,96.45,11
1765557660,96.45,96.45,96.445,96.445,101
1765558020,96.45,96.45,96.45,96.45,5813
1765558080,96.45,96.45,96.45,96.45,101
1765558140,96.45,96.45,96.45,96.45,9
1765558260,96.45,96.45,96.45,96.45,35
1765558500,96.45,96.455,96.45,96.455,5
1765559100,96.45,96.45,96.45,96.45,47
1765559160,96.45,96.45,96.45,96.45,22
1765559280,96.45,96.45,96.45,96.45,24
1765559340,96.45,96.45,96.45,96.45,2449
1765559400,96.45,96.45,96.45,96.45,4
1765559760,96.45,96.45,96.45,96.45,1
1765560360,96.45,96.45,96.45,96.45,1
1765560540,96.45,96.45,96.45,96.45,26
1765560780,96.445,96.445,96.445,96.445,24
1765561020,96.445,96.445,96.445,96.445,50
1765561200,96.45,96.45,96.45,96.45,1
1765562160,96.45,96.45,96.45,96.45,497
1765562280,96.45,96.45,96.45,96.45,250
1765562640,96.45,96.45,96.45,96.45,5
1765563240,96.45,96.45,96.45,96.45,2050
1765563900,96.45,96.45,96.45,96.45,240
1765563960,96.45,96.45,96.45,96.45,2
1765564080,96.45,96.45,96.45,96.45,33
1765564140,96.45,96.45,96.445,96.445,17
1765564380,96.45,96.45,96.45,96.45,44
1765564500,96.45,96.45,96.45,96.45,1
1765564980,96.45,96.45,96.45,96.45,108
1765565520,96.45,96.45,96.45,96.45,1
1765565700,96.445,96.45,96.445,96.45,70
1765566060,96.45,96.45,96.45,96.45,139
1765566300,96.45,96.45,96.45,96.45,14
1765566900,96.45,96.45,96.45,96.45,1
1765567740,96.45,96.45,96.45,96.45,7
1765567920,96.45,96.45,96.45,96.45,100
1765568520,96.45,96.45,96.45,96.45,1
1765568580,96.45,96.45,96.45,96.45,23
1765568760,96.45,96.45,96.45,96.45,2
1765569060,96.45,96.45,96.45,96.45,4
1765569600,96.45,96.45,96.45,96.45,32
1765569720,96.45,96.45,96.45,96.45,119
1765570320,96.45,96.45,96.45,96.45,183
1765570920,96.445,96.445,96.445,96.445,5
1765570980,96.445,96.445,96.445,96.445,25
1765571520,96.45,96.45,96.45,96.45,1
1765571640,96.445,96.445,96.445,96.445,25
1765572300,96.445,96.445,96.445,96.445,453
1765572540,96.445,96.445,96.445,96.445,5
1765572720,96.445,96.445,96.445,96.445,13
1765572840,96.445,96.445,96.445,96.445,211
1765572900,96.445,96.445,96.445,96.445,84
1765572960,96.445,96.445,96.445,96.445,108
1765573020,96.445,96.445,96.445,96.445,24
1765573080,96.445,96.445,96.445,96.445,51
1765573140,96.445,96.445,96.445,96.445,10
1765573560,96.445,96.445,96.445,96.445,201
1765573620,96.445,96.445,96.445,96.445,233
1765573740,96.445,96.445,96.445,96.445,4
1765575840,96.445,96.445,96.445,96.445,16
1765575900,96.45,96.45,96.445,96.445,21
1765576140,96.445,96.445,96.445,96.445,2
1765576320,96.445,96.445,96.445,96.445,279
1765576440,96.45,96.45,96.45,96.45,80
1765576740,96.445,96.445,96.445,96.445,32
1765753440,96.445,96.445,96.445,96.445,3
1765753500,96.445,96.445,96.445,96.445,1
1765753920,96.445,96.445,96.445,96.445,4
1765754220,96.445,96.445,96.445,96.445,63
1765755180,96.445,96.445,96.445,96.445,40
1765760280,96.445,96.445,96.445,96.445,31
1765760400,96.445,96.445,96.445,96.445,41
1765762620,96.445,96.445,96.445,96.445,132
1765762920,96.445,96.445,96.445,96.445,10
1765765020,96.445,96.445,96.445,96.445,36
1765765200,96.445,96.445,96.445,96.445,21
1765765320,96.445,96.445,96.445,96.445,21
1765765380,96.445,96.445,96.445,96.445,24
1765765620,96.445,96.445,96.445,96.445,24
1765765800,96.445,96.445,96.445,96.445,24
1765766220,96.445,96.445,96.445,96.445,24
1765766280,96.445,96.445,96.445,96.445,24
1765768380,96.445,96.445,96.445,96.445,59
1765772040,96.445,96.445,96.445,96.445,33
1765785780,96.445,96.445,96.445,96.445,4
1765789620,96.45,96.45,96.45,96.45,1023
1765789920,96.45,96.45,96.45,96.45,15
1765790280,96.455,96.455,96.455,96.455,32
1765796280,96.45,96.45,96.45,96.45,1
1765797780,96.455,96.455,96.455,96.455,5
1765798740,96.455,96.455,96.455,96.455,1
1765798860,96.455,96.455,96.455,96.455,1
1765799580,96.455,96.455,96.455,96.455,13
1765800360,96.455,96.455,96.455,96.455,29
1765800960,96.455,96.455,96.45,96.45,71
1765801680,96.455,96.455,96.455,96.455,1
1765803300,96.455,96.455,96.455,96.455,200
1765803720,96.455,96.455,96.455,96.455,4
1765804560,96.45,96.45,96.45,96.45,25
1765804620,96.45,96.45,96.45,96.45,2786
1765804680,96.45,96.45,96.45,96.45,381
1765804740,96.45,96.45,96.45,96.45,99
1765804980,96.45,96.45,96.45,96.45,6
1765805400,96.455,96.455,96.455,96.455,18
1765805460,96.455,96.455,96.455,96.455,6
1765805700,96.455,96.455,96.455,96.455,298
1765805760,96.455,96.455,96.455,96.455,51
1765806720,96.455,96.455,96.455,96.455,1
1765806900,96.455,96.455,96.455,96.455,1
1765807020,96.455,96.455,96.455,96.455,6
1765807080,96.455,96.455,96.455,96.455,1
1765807260,96.455,96.455,96.455,96.455,493
1765807320,96.455,96.455,96.455,96.455,3
1765807440,96.455,96.455,96.455,96.455,48
1765808160,96.455,96.455,96.455,96.455,1
1765808220,96.455,96.455,96.455,96.455,9
1765808400,96.455,96.455,96.455,96.455,1
1765808580,96.455,96.455,96.455,96.455,2
1765808640,96.455,96.455,96.455,96.455,5
1765809000,96.46,96.46,96.46,96.46,5
1765809240,96.46,96.46,96.46,96.46,28
1765809300,96.46,96.46,96.46,96.46,32
1765809600,96.455,96.455,96.455,96.455,10
1765809660,96.455,96.455,96.455,96.455,20
1765809780,96.46,96.46,96.46,96.46,871
1765809840,96.455,96.455,96.455,96.455,103
1765809900,96.455,96.455,96.455,96.455,108
1765809960,96.455,96.455,96.455,96.455,274
1765810200,96.455,96.455,96.45,96.455,731
1765810260,96.455,96.455,96.455,96.455,121
1765810320,96.455,96.455,96.455,96.455,324
1765810380,96.455,96.455,96.455,96.455,89
1765810440,96.455,96.455,96.455,96.455,2
1765810560,96.45,96.45,96.45,96.45,168
1765811640,96.45,96.45,96.45,96.45,1
1765811700,96.45,96.45,96.45,96.45,5
1765811940,96.45,96.45,96.45,96.45,524
1765812000,96.45,96.45,96.45,96.45,297
1765812060,96.45,96.45,96.45,96.45,11
1765812120,96.45,96.45,96.45,96.45,161
1765812540,96.45,96.45,96.45,96.45,26
1765812600,96.455,96.455,96.45,96.45,186
1765812660,96.45,96.45,96.45,96.45,94
1765812840,96.45,96.45,96.45,96.45,8
1765812960,96.45,96.45,96.45,96.45,82
1765813020,96.45,96.45,96.45,96.45,6
1765813080,96.45,96.45,96.45,96.45,18
1765813140,96.45,96.45,96.45,96.45,561
1765813320,96.45,96.45,96.45,96.45,200
1765813380,96.455,96.455,96.455,96.455,60
1765813440,96.45,96.45,96.45,96.45,23
1765813500,96.45,96.45,96.45,96.45,190
1765813620,96.45,96.45,96.45,96.45,233
1765813680,96.445,96.445,96.445,96.445,150
1765813860,96.45,96.45,96.45,96.45,48
1765813920,96.45,96.45,96.45,96.45,300
1765813980,96.45,96.45,96.45,96.45,239
1765814160,96.45,96.45,96.45,96.45,72
1765814340,96.45,96.45,96.45,96.45,85
1765814400,96.45,96.45,96.45,96.45,38
1765814640,96.45,96.45,96.45,96.45,79
1765814700,96.45,96.45,96.45,96.45,66
1765814760,96.45,96.45,96.45,96.45,100
1765814820,96.45,96.45,96.45,96.45,198
1765815000,96.45,96.45,96.45,96.45,55
1765815060,96.45,96.45,96.45,96.45,3
1765815120,96.45,96.45,96.45,96.45,253
1765815180,96.455,96.455,96.455,96.455,50
1765815600,96.45,96.45,96.45,96.45,1
1765815660,96.45,96.45,96.45,96.45,51
1765816080,96.45,96.45,96.45,96.45,13
1765816200,96.45,96.45,96.45,96.45,231
1765816320,96.45,96.45,96.45,96.45,4
1765816380,96.45,96.45,96.45,96.45,180
1765816860,96.45,96.45,96.45,96.45,1
1765816980,96.445,96.445,96.445,96.445,5
1765817040,96.445,96.445,96.445,96.445,50
1765817160,96.445,96.445,96.445,96.445,100
1765817220,96.445,96.445,96.445,96.445,1
1765817280,96.45,96.45,96.45,96.45,3964
1765817340,96.45,96.45,96.45,96.45,481
1765817400,96.45,96.45,96.45,96.45,142
1765817460,96.45,96.45,96.45,96.45,678
1765817520,96.45,96.45,96.45,96.45,72
1765817580,96.45,96.45,96.45,96.45,51
1765817640,96.45,96.45,96.45,96.45,92
1765817700,96.45,96.45,96.45,96.45,9
1765818000,96.45,96.45,96.45,96.45,60
1765818120,96.45,96.455,96.45,96.455,25
1765818420,96.45,96.45,96.45,96.45,24
1765818840,96.45,96.45,96.45,96.45,35
1765819500,96.45,96.45,96.45,96.45,24
1765820460,96.45,96.45,96.45,96.45,34
1765820760,96.45,96.45,96.45,96.45,24
1765821600,96.45,96.45,96.45,96.45,24
1765822020,96.45,96.45,96.45,96.45,49
1765822380,96.45,96.45,96.45,96.45,5
1765823040,96.45,96.45,96.45,96.45,5
1765823520,96.45,96.45,96.45,96.45,24
1765823940,96.45,96.45,96.45,96.45,24
1765824120,96.45,96.45,96.45,96.45,20
1765824300,96.45,96.45,96.45,96.45,1
1765824360,96.45,96.45,96.45,96.45,383
1765824420,96.45,96.45,96.45,96.45,46
1765824540,96.45,96.45,96.45,96.45,28
1765824660,96.45,96.45,96.45,96.45,255
1765824720,96.45,96.45,96.45,96.45,34
1765824840,96.45,96.45,96.445,96.445,148
1765825560,96.45,96.45,96.445,96.445,150
1765826280,96.45,96.45,96.45,96.45,295
1765826340,96.45,96.45,96.45,96.45,81
1765826400,96.45,96.45,96.45,96.45,16
1765826520,96.45,96.45,96.45,96.45,113
1765826580,96.45,96.45,96.45,96.45,16
1765827060,96.45,96.45,96.45,96.45,119
1765827120,96.45,96.45,96.45,96.45,57
1765827720,96.45,96.45,96.45,96.45,4
1765828140,96.45,96.45,96.45,96.45,65
1765828200,96.45,96.45,96.45,96.45,18
1765828380,96.45,96.45,96.45,96.45,2
1765828560,96.45,96.45,96.45,96.45,1
1765828740,96.45,96.45,96.45,96.45,32
1765828860,96.45,96.45,96.445,96.445,14
1765831140,96.45,96.45,96.45,96.45,30
1765831380,96.45,96.45,96.445,96.45,97
1765831800,96.45,96.45,96.45,96.45,67
1765831860,96.45,96.45,96.45,96.45,36
1765832040,96.45,96.45,96.45,96.45,38
1765832100,96.45,96.45,96.45,96.45,21
1765832820,96.445,96.445,96.445,96.445,23
1765832940,96.45,96.45,96.45,96.45,3
1765833720,96.45,96.45,96.45,96.45,15
1765834260,96.445,96.445,96.445,96.445,3
1765834860,96.445,96.445,96.445,96.445,32
1765835100,96.45,96.45,96.45,96.45,1
1765835220,96.45,96.45,96.45,96.45,28
1765835580,96.45,96.45,96.45,96.45,2
1765835880,96.45,96.45,96.445,96.445,8
1765835940,96.45,96.45,96.45,96.45,6
1765839660,96.45,96.45,96.45,96.45,42
1765839720,96.45,96.45,96.45,96.45,3
1765839780,96.45,96.45,96.45,96.45,1
1765839840,96.45,96.45,96.45,96.45,9
1765839900,96.45,96.45,96.45,96.45,1
1765839960,96.45,96.45,96.45,96.45,6
1765840020,96.45,96.45,96.45,96.45,36
1765840080,96.45,96.45,96.45,96.45,40
1765840200,96.45,96.45,96.45,96.45,8
1765840320,96.45,96.45,96.45,96.45,27
1765840740,96.45,96.45,96.45,96.45,27
1765840860,96.45,96.45,96.45,96.45,39
1765843740,96.45,96.45,96.45,96.45,18
1765843800,96.45,96.45,96.45,96.45,81
1765843980,96.45,96.45,96.45,96.45,48
1765846740,96.45,96.45,96.45,96.45,5
1765850160,96.45,96.45,96.45,96.45,21
1765850640,96.45,96.45,96.45,96.45,54
1765850760,96.45,96.45,96.45,96.45,66
1765854060,96.45,96.45,96.45,96.45,60
1765854600,96.45,96.45,96.45,96.45,1
1765854660,96.45,96.45,96.45,96.45,32
1765855140,96.45,96.45,96.45,96.45,44
1765855560,96.45,96.45,96.45,96.45,13
1765856040,96.45,96.45,96.45,96.45,76
1765857780,96.45,96.45,96.45,96.45,24
1765860960,96.45,96.45,96.45,96.45,21
1765861380,96.45,96.45,96.45,96.45,55
1765866360,96.45,96.45,96.45,96.45,1
1765868820,96.45,96.45,96.45,96.45,49
1765868940,96.45,96.45,96.45,96.45,3
1765869060,96.45,96.45,96.45,96.45,1
1765869240,96.45,96.45,96.45,96.45,164
1765870260,96.45,96.45,96.45,96.45,106
1765871820,96.455,96.455,96.455,96.455,19
1765873200,96.455,96.455,96.455,96.455,17
1765875000,96.455,96.455,96.455,96.455,80
1765875300,96.455,96.455,96.455,96.455,7
1765875420,96.455,96.455,96.455,96.455,5
1765881240,96.45,96.45,96.45,96.45,4
1765881480,96.45,96.45,96.45,96.45,130
1765881780,96.45,96.45,96.45,96.45,27
1765881840,96.45,96.45,96.45,96.45,75
1765882380,96.445,96.445,96.445,96.445,898
1765882440,96.445,96.445,96.445,96.445,30
1765883160,96.45,96.45,96.45,96.45,1
1765885260,96.45,96.45,96.45,96.45,7
1765886940,96.45,96.45,96.45,96.45,15
1765888260,96.45,96.45,96.45,96.45,8
1765888680,96.45,96.45,96.45,96.45,406
1765889340,96.45,96.45,96.45,96.45,9
1765889460,96.45,96.45,96.45,96.45,1
1765890540,96.445,96.445,96.445,96.445,11
1765890600,96.445,96.445,96.445,96.445,2
1765890720,96.445,96.445,96.445,96.445,2
1765890840,96.445,96.445,96.445,96.445,476
1765890900,96.445,96.445,96.445,96.445,4
1765890960,96.445,96.445,96.445,96.445,20
1765891020,96.445,96.445,96.445,96.445,221
1765891500,96.445,96.445,96.445,96.445,5
1765891560,96.445,96.445,96.445,96.445,20
1765891620,96.445,96.445,96.445,96.445,24
1765891680,96.445,96.445,96.445,96.445,621
1765891800,96.445,96.47,96.445,96.46,1192
1765891860,96.465,96.465,96.465,96.465,346
1765891920,96.465,96.475,96.465,96.47,1456
1765891980,96.47,96.47,96.47,96.47,197
1765892040,96.465,96.465,96.46,96.46,993
1765892100,96.455,96.455,96.45,96.455,308
1765892160,96.455,96.46,96.455,96.46,246
1765892220,96.455,96.455,96.455,96.455,18
1765892280,96.455,96.455,96.45,96.45,1151
1765892340,96.45,96.45,96.45,96.45,444
1765892400,96.45,96.45,96.45,96.45,170
1765892460,96.45,96.45,96.45,96.45,68
1765892580,96.445,96.445,96.445,96.445,276
1765892640,96.445,96.445,96.445,96.445,611
1765892700,96.445,96.445,96.445,96.445,257
1765892820,96.445,96.445,96.445,96.445,268
1765892880,96.445,96.445,96.445,96.445,35
1765892940,96.445,96.445,96.445,96.445,203
1765893000,96.445,96.445,96.445,96.445,37
1765893480,96.445,96.445,96.445,96.445,2
1765893660,96.45,96.45,96.45,96.45,194
1765893720,96.45,96.45,96.45,96.45,165
1765893780,96.45,96.45,96.45,96.45,81
1765893840,96.45,96.45,96.45,96.45,18
1765893900,96.45,96.45,96.45,96.45,61
1765894020,96.45,96.45,96.45,96.45,10
1765894320,96.45,96.45,96.45,96.45,41
1765894380,96.45,96.45,96.45,96.45,50
1765894440,96.45,96.45,96.45,96.45,6
1765894680,96.445,96.445,96.445,96.445,222
1765894740,96.445,96.445,96.445,96.445,479
1765894860,96.445,96.445,96.445,96.445,20
1765894920,96.445,96.445,96.445,96.445,113
1765894980,96.445,96.445,96.445,96.445,23
1765895100,96.445,96.445,96.445,96.445,171
1765895160,96.45,96.455,96.45,96.45,4564
1765895460,96.45,96.45,96.45,96.45,723
1765895520,96.45,96.45,96.45,96.45,206
1765895880,96.45,96.45,96.45,96.45,40
1765896060,96.45,96.45,96.45,96.45,4
1765896120,96.455,96.455,96.455,96.455,2
1765896180,96.45,96.45,96.445,96.445,1315
1765896300,96.45,96.45,96.45,96.45,170
1765896360,96.45,96.45,96.45,96.45,189
1765896480,96.45,96.45,96.45,96.45,73
1765896600,96.45,96.45,96.445,96.445,101
1765896840,96.45,96.45,96.45,96.45,92
1765896900,96.45,96.45,96.45,96.45,14
1765897140,96.45,96.45,96.45,96.45,184
1765897440,96.45,96.45,96.45,96.45,6
1765897800,96.45,96.45,96.45,96.45,42
1765897860,96.45,96.45,96.45,96.45,1337
1765897920,96.45,96.45,96.45,96.45,130
1765898220,96.45,96.45,96.45,96.45,48
1765898280,96.45,96.45,96.45,96.45,237
1765898340,96.45,96.45,96.45,96.45,61
1765898400,96.45,96.45,96.45,96.45,144
1765898460,96.445,96.45,96.445,96.45,281
1765898640,96.45,96.45,96.45,96.45,91
1765898760,96.45,96.45,96.45,96.45,327
1765898820,96.45,96.45,96.45,96.45,237
1765899000,96.445,96.445,96.445,96.445,400
1765900740,96.445,96.445,96.445,96.445,224
1765900860,96.445,96.445,96.445,96.445,30
1765900920,96.445,96.445,96.445,96.445,485
1765900980,96.445,96.445,96.445,96.445,86
1765901040,96.445,96.445,96.445,96.445,96
1765901100,96.445,96.445,96.445,96.445,117
1765901400,96.445,96.445,96.445,96.445,317
1765902120,96.445,96.445,96.445,96.445,1
1765902840,96.45,96.45,96.45,96.45,28
1765903140,96.45,96.45,96.45,96.45,1
1765903200,96.45,96.45,96.45,96.45,1
1765905960,96.45,96.45,96.45,96.45,1
1765906020,96.45,96.45,96.45,96.45,983
1765906080,96.45,96.45,96.45,96.45,48
1765906140,96.45,96.45,96.45,96.45,125
1765906320,96.45,96.45,96.45,96.45,9
1765906440,96.45,96.45,96.45,96.45,3
1765907160,96.45,96.45,96.45,96.45,47
1765907280,96.45,96.45,96.45,96.45,8
1765907400,96.45,96.45,96.45,96.45,114
1765907760,96.45,96.45,96.45,96.45,127
1765907940,96.45,96.45,96.45,96.45,60
1765908300,96.45,96.45,96.45,96.45,2
1765908960,96.45,96.45,96.45,96.45,36
1765909800,96.45,96.45,96.45,96.45,87
1765910040,96.45,96.45,96.45,96.45,63
1765910760,96.45,96.45,96.45,96.45,307
1765911420,96.45,96.45,96.45,96.45,100
1765911660,96.45,96.45,96.45,96.45,124
1765912380,96.45,96.45,96.45,96.45,50
1765912920,96.45,96.45,96.45,96.45,86
1765913040,96.45,96.45,96.45,96.45,78
1765913340,96.45,96.45,96.45,96.45,20
1765913580,96.45,96.45,96.45,96.45,435
1765913640,96.45,96.45,96.45,96.45,100
1765913760,96.45,96.45,96.45,96.45,127
1765913820,96.45,96.45,96.45,96.45,40
1765914000,96.45,96.45,96.45,96.45,119
1765914060,96.45,96.45,96.45,96.45,1
1765914120,96.45,96.45,96.45,96.45,42
1765914720,96.45,96.45,96.45,96.45,3
1765914840,96.45,96.45,96.45,96.45,11
1765914900,96.45,96.45,96.45,96.45,40
1765915080,96.45,96.45,96.45,96.45,79
1765915200,96.45,96.45,96.45,96.45,100
1765915380,96.45,96.45,96.45,96.45,2
1765915500,96.455,96.455,96.455,96.455,1
1765915560,96.45,96.45,96.45,96.45,4
1765915740,96.455,96.455,96.455,96.455,1
1765916220,96.455,96.455,96.455,96.455,1
1765916640,96.455,96.455,96.455,96.455,1
1765917000,96.455,96.455,96.455,96.455,1
1765917240,96.45,96.45,96.45,96.45,4
1765917360,96.455,96.455,96.455,96.455,1
1765917660,96.45,96.45,96.45,96.45,25
1765917780,96.455,96.455,96.455,96.455,1
1765918020,96.455,96.455,96.455,96.455,1
1765918440,96.455,96.455,96.455,96.455,1
1765918740,96.455,96.455,96.455,96.455,1
1765918980,96.45,96.45,96.45,96.45,78
1765919220,96.455,96.455,96.455,96.455,9
1765919460,96.45,96.45,96.45,96.45,13
1765919640,96.45,96.45,96.45,96.45,13
1765919760,96.45,96.45,96.45,96.45,35
1765919820,96.45,96.45,96.45,96.45,1
1765920000,96.45,96.45,96.45,96.45,21
1765920180,96.45,96.45,96.45,96.45,99
1765920240,96.45,96.45,96.45,96.45,23
1765920360,96.45,96.45,96.45,96.45,14
1765920960,96.45,96.45,96.45,96.45,218
1765921620,96.445,96.445,96.445,96.445,56
1765922340,96.45,96.45,96.45,96.45,542
1765956360,96.45,96.45,96.45,96.45,461
1765956420,96.45,96.45,96.45,96.45,24
1765956840,96.45,96.45,96.45,96.45,8
1765956960,96.45,96.45,96.45,96.45,31
1765957680,96.45,96.45,96.45,96.45,1
1765960080,96.45,96.45,96.45,96.45,1
1765961520,96.45,96.45,96.45,96.45,8
1765961880,96.445,96.445,96.445,96.445,4
1765962540,96.445,96.445,96.44,96.44,1883
1765962780,96.44,96.44,96.44,96.44,254
1765963980,96.44,96.44,96.44,96.44,20
1765969200,96.44,96.44,96.44,96.44,33
1765972020,96.44,96.44,96.44,96.44,20
1765973580,96.445,96.445,96.445,96.445,1
1765974120,96.445,96.445,96.445,96.445,169
1765974180,96.445,96.445,96.445,96.445,76
1765974300,96.445,96.445,96.445,96.445,1
1765976400,96.445,96.445,96.445,96.445,73
1765976460,96.445,96.445,96.445,96.445,13
1765976580,96.445,96.445,96.445,96.445,335
1765976700,96.445,96.445,96.445,96.445,75
1765977360,96.45,96.45,96.45,96.45,157
1765977420,96.45,96.455,96.45,96.455,513
1765977480,96.455,96.455,96.455,96.455,152
1765977540,96.455,96.46,96.455,96.455,2160
1765977600,96.46,96.46,96.46,96.46,100
1765977660,96.455,96.455,96.45,96.45,1189
1765977720,96.455,96.455,96.455,96.455,176
1765977780,96.455,96.455,96.455,96.455,77
1765977900,96.455,96.455,96.455,96.455,9
1765978200,96.45,96.45,96.45,96.45,5
1765978260,96.45,96.45,96.45,96.45,63
1765978620,96.45,96.45,96.45,96.45,80
1765978800,96.45,96.45,96.45,96.45,24
1765979460,96.45,96.45,96.45,96.45,2
1765979520,96.45,96.45,96.45,96.45,10
1765979580,96.45,96.45,96.45,96.45,76
1765980240,96.45,96.45,96.45,96.45,14
1765980360,96.45,96.45,96.45,96.45,269
1765980480,96.45,96.45,96.45,96.45,21
1765980840,96.45,96.45,96.45,96.45,357
1765980900,96.45,96.45,96.45,96.45,180
1765980960,96.445,96.445,96.445,96.445,200
1765981260,96.45,96.45,96.45,96.45,11
1765981980,96.445,96.445,96.445,96.445,200
1765982220,96.45,96.45,96.45,96.45,61
1765982280,96.45,96.45,96.45,96.45,3
1765985640,96.45,96.45,96.45,96.45,3
1765985760,96.45,96.45,96.45,96.45,200
1765985940,96.45,96.45,96.45,96.45,715
1765986000,96.45,96.45,96.45,96.45,68
1765986120,96.45,96.45,96.45,96.45,100
1765986180,96.45,96.45,96.45,96.45,100
1765986720,96.45,96.45,96.45,96.45,97
1765987080,96.45,96.45,96.45,96.45,23
1765987380,96.45,96.45,96.45,96.45,40
1765987440,96.45,96.45,96.45,96.45,25
1765987680,96.45,96.45,96.45,96.45,118
1765988040,96.45,96.45,96.45,96.45,63
1765988100,96.45,96.45,96.45,96.45,101
1765988640,96.45,96.45,96.45,96.45,110
1765989900,96.445,96.445,96.445,96.445,100
1765989960,96.445,96.445,96.445,96.445,1
1765990380,96.45,96.45,96.45,96.45,20
1765991340,96.445,96.445,96.445,96.445,100
1765991580,96.445,96.445,96.445,96.445,23
1765992420,96.445,96.445,96.445,96.445,50
1765992780,96.445,96.445,96.445,96.445,299
1765993560,96.45,96.45,96.45,96.45,1
1765993620,96.45,96.45,96.45,96.45,12
1765993680,96.45,96.45,96.45,96.45,966
1765993740,96.45,96.45,96.45,96.45,121
1765993980,96.45,96.45,96.45,96.45,86
1765994160,96.45,96.45,96.45,96.45,5
1765994220,96.45,96.45,96.45,96.45,9
1765994280,96.45,96.45,96.45,96.45,16
1765994340,96.45,96.45,96.45,96.45,516
1765994400,96.45,96.45,96.45,96.45,10
1765994520,96.45,96.45,96.45,96.45,92
1765994580,96.45,96.45,96.45,96.45,8
1765995120,96.45,96.45,96.45,96.45,2
1765995480,96.45,96.45,96.45,96.45,1
1765996920,96.45,96.45,96.45,96.45,54
1765997040,96.45,96.45,96.45,96.45,33
1765997160,96.45,96.45,96.45,96.45,230
1765997280,96.45,96.45,96.45,96.45,162
1765997340,96.45,96.45,96.45,96.45,156
1765997400,96.45,96.45,96.45,96.45,45
1765997460,96.45,96.45,96.45,96.45,1
1765997760,96.45,96.45,96.45,96.45,84
1765997820,96.45,96.45,96.45,96.45,63
1765997880,96.45,96.45,96.45,96.45,63
1765997940,96.45,96.45,96.45,96.45,75
1765999200,96.45,96.45,96.45,96.45,400
1765999620,96.45,96.45,96.45,96.45,53
1766000040,96.45,96.45,96.45,96.45,4
1766001300,96.45,96.45,96.45,96.45,13
1766001540,96.45,96.45,96.45,96.45,1
1766002740,96.455,96.455,96.455,96.455,100
1766003280,96.45,96.45,96.45,96.45,83
1766003460,96.45,96.45,96.45,96.45,1
1766004840,96.455,96.455,96.455,96.455,41
1766004900,96.45,96.45,96.45,96.45,50
1766006280,96.45,96.45,96.45,96.45,22
1766008740,96.455,96.455,96.455,96.455,43
1766016000,96.45,96.45,96.45,96.45,317
1766016060,96.455,96.455,96.455,96.455,565
1766016120,96.455,96.455,96.455,96.455,36
1766016180,96.455,96.455,96.455,96.455,30
1766016240,96.455,96.455,96.455,96.455,60
1766017020,96.455,96.455,96.455,96.455,9
1766018100,96.455,96.455,96.455,96.455,1
1766025120,96.455,96.455,96.455,96.455,38
1766025180,96.455,96.455,96.455,96.455,31
1766026440,96.455,96.455,96.455,96.455,13
1766026500,96.455,96.455,96.455,96.455,9
1766027400,96.455,96.455,96.455,96.455,15
1766028000,96.455,96.455,96.455,96.455,1
1766032020,96.455,96.455,96.455,96.455,21
1766035620,96.455,96.455,96.455,96.455,1
1766039460,96.455,96.455,96.455,96.455,9
1766040360,96.455,96.455,96.455,96.455,13
1766040420,96.455,96.455,96.455,96.455,12
1766041260,96.455,96.455,96.455,96.455,1
1766041500,96.455,96.455,96.455,96.455,4
1766041740,96.455,96.455,96.455,96.455,4
1766041800,96.455,96.455,96.455,96.455,26
1766041980,96.455,96.455,96.455,96.455,4
1766042040,96.455,96.455,96.455,96.455,12
1766042400,96.455,96.455,96.455,96.455,24
1766042820,96.455,96.455,96.455,96.455,11
1766043060,96.455,96.455,96.455,96.455,4
1766043180,96.455,96.455,96.455,96.455,28
1766044080,96.455,96.455,96.455,96.455,9
1766044200,96.455,96.455,96.455,96.455,51
1766048520,96.455,96.455,96.455,96.455,36
1766048760,96.455,96.455,96.455,96.455,11
1766049420,96.455,96.455,96.455,96.455,2
1766049720,96.455,96.455,96.455,96.455,1
1766050440,96.455,96.455,96.455,96.455,1
1766052240,96.46,96.46,96.46,96.46,1
1766052660,96.455,96.455,96.455,96.455,67
1766052720,96.455,96.455,96.455,96.455,3
1766053500,96.455,96.455,96.455,96.455,25
1766053560,96.455,96.455,96.455,96.455,11
1766053740,96.455,96.455,96.455,96.455,23
1766053920,96.455,96.455,96.455,96.455,10
1766054040,96.455,96.455,96.455,96.455,42
1766054400,96.455,96.455,96.455,96.455,2
1766056140,96.455,96.455,96.455,96.455,28
1766058180,96.455,96.455,96.455,96.455,10
1766058540,96.455,96.455,96.455,96.455,6
1766058780,96.455,96.455,96.455,96.455,15
1766059200,96.455,96.455,96.455,96.455,26
1766059380,96.455,96.455,96.455,96.455,12
1766059500,96.455,96.455,96.455,96.455,2
1766060580,96.46,96.46,96.46,96.46,23
1766062200,96.46,96.46,96.46,96.46,2
1766062500,96.46,96.46,96.46,96.46,14
1766062680,96.46,96.46,96.46,96.46,8
1766062740,96.46,96.46,96.46,96.46,204
1766062800,96.46,96.46,96.46,96.46,176
1766062920,96.46,96.46,96.46,96.46,31
1766063100,96.46,96.46,96.46,96.46,64
1766063340,96.455,96.46,96.455,96.46,247
1766063640,96.46,96.46,96.46,96.46,300
1766063700,96.46,96.465,96.46,96.46,211
1766063760,96.46,96.46,96.46,96.46,49
1766063820,96.46,96.46,96.46,96.46,189
1766063880,96.46,96.46,96.46,96.46,657
1766064000,96.46,96.46,96.46,96.46,58
1766064060,96.46,96.46,96.46,96.46,121
1766064120,96.46,96.46,96.46,96.46,150
1766064180,96.46,96.46,96.46,96.46,3
1766064240,96.46,96.46,96.46,96.46,3
1766064300,96.46,96.46,96.46,96.46,72
1766064420,96.46,96.46,96.46,96.46,75
1766064480,96.46,96.46,96.46,96.46,31
1766064540,96.46,96.46,96.46,96.46,21
1766064600,96.46,96.47,96.46,96.465,2480
1766064660,96.46,96.46,96.46,96.46,743
1766064720,96.46,96.46,96.46,96.46,700
1766064780,96.46,96.46,96.46,96.46,142
1766064840,96.46,96.46,96.46,96.46,59
1766064900,96.46,96.46,96.46,96.46,79
1766064960,96.46,96.46,96.46,96.46,20
1766065560,96.465,96.465,96.465,96.465,123
1766065620,96.465,96.465,96.465,96.465,347
1766065920,96.465,96.465,96.465,96.465,2
1766066160,96.46,96.46,96.46,96.46,5
1766066220,96.46,96.46,96.46,96.46,6
1766066280,96.46,96.46,96.46,96.46,300
1766066400,96.46,96.46,96.46,96.46,34
1766066460,96.46,96.46,96.46,96.46,62
1766066580,96.46,96.46,96.46,96.46,114
1766066640,96.46,96.46,96.46,96.46,169
1766066700,96.46,96.46,96.46,96.46,206
1766066760,96.46,96.46,96.46,96.46,45
1766066820,96.46,96.46,96.46,96.46,300
1766066880,96.46,96.46,96.46,96.46,55
1766067960,96.465,96.465,96.465,96.465,20
1766068140,96.465,96.465,96.465,96.465,20
1766069400,96.46,96.46,96.46,96.46,8
1766069700,96.46,96.46,96.46,96.46,27
1766070000,96.46,96.46,96.46,96.46,1
1766070420,96.465,96.465,96.465,96.465,1
1766071080,96.465,96.465,96.465,96.465,1
1766071440,96.46,96.46,96.46,96.46,13
1766071980,96.465,96.465,96.465,96.465,1
1766072880,96.465,96.465,96.465,96.465,1
1766073000,96.46,96.46,96.46,96.46,8
1766073720,96.46,96.46,96.46,96.46,6
1766073840,96.465,96.465,96.465,96.465,1
1766073900,96.46,96.465,96.46,96.465,34
1766074200,96.46,96.465,96.46,96.465,3
1766074680,96.46,96.46,96.46,96.46,13
1766074740,96.465,96.465,96.465,96.465,1
1766075040,96.46,96.46,96.46,96.46,7
1766075100,96.46,96.46,96.46,96.46,1
1766075760,96.46,96.465,96.46,96.46,30
1766076240,96.46,96.46,96.46,96.46,1062
1766076300,96.46,96.46,96.46,96.46,92
1766077080,96.455,96.455,96.455,96.455,4
1766077500,96.46,96.46,96.46,96.46,1
1766077920,96.46,96.46,96.46,96.46,51
1766078160,96.46,96.46,96.46,96.46,1
1766078220,96.455,96.455,96.455,96.455,4
1766078640,96.46,96.46,96.46,96.46,15
1766078820,96.46,96.46,96.46,96.46,1
1766078880,96.455,96.46,96.455,96.46,7
1766080920,96.455,96.455,96.455,96.455,2
1766081820,96.46,96.46,96.46,96.46,22
1766082060,96.455,96.455,96.455,96.455,100
1766082660,96.455,96.455,96.455,96.455,64
1766085300,96.455,96.455,96.455,96.455,3
1766085780,96.46,96.46,96.46,96.46,379
1766085840,96.46,96.46,96.46,96.46,100
1766086920,96.465,96.465,96.465,96.465,11
1766087220,96.46,96.46,96.46,96.46,225
1766088180,96.465,96.465,96.465,96.465,3
1766088240,96.465,96.465,96.465,96.465,6
1766088300,96.465,96.465,96.465,96.465,6
1766088360,96.465,96.465,96.465,96.465,6
1766088420,96.465,96.465,96.465,96.465,6
1766088480,96.465,96.465,96.465,96.465,3
1766088540,96.465,96.465,96.465,96.465,3
1766088600,96.465,96.465,96.465,96.465,6
1766088720,96.465,96.465,96.465,96.465,3
1766088840,96.465,96.465,96.465,96.465,270
1766088900,96.465,96.465,96.465,96.465,3
1766088960,96.465,96.465,96.465,96.465,3
1766089020,96.465,96.465,96.465,96.465,6
1766089080,96.465,96.465,96.465,96.465,3
1766089140,96.465,96.465,96.465,96.465,3
1766089200,96.465,96.465,96.465,96.465,3
1766089260,96.465,96.465,96.465,96.465,3
1766089320,96.465,96.465,96.465,96.465,3
1766089440,96.465,96.465,96.465,96.465,3
1766089500,96.465,96.465,96.465,96.465,6
1766089560,96.465,96.465,96.465,96.465,6
1766089620,96.465,96.465,96.465,96.465,3
1766089680,96.465,96.465,96.465,96.465,3
1766089800,96.465,96.465,96.465,96.465,3
1766089860,96.465,96.465,96.465,96.465,3
1766089920,96.465,96.465,96.465,96.465,3
1766090040,96.465,96.465,96.465,96.465,3
1766090100,96.465,96.465,96.465,96.465,3
1766090160,96.465,96.465,96.465,96.465,6
1766090220,96.465,96.465,96.465,96.465,3
1766090280,96.465,96.465,96.465,96.465,3
1766090400,96.465,96.465,96.465,96.465,3
1766090460,96.465,96.465,96.465,96.465,3
1766090520,96.465,96.465,96.465,96.465,6
1766090580,96.465,96.465,96.465,96.465,3
1766090700,96.465,96.465,96.465,96.465,9
1766090760,96.465,96.465,96.465,96.465,6
1766090820,96.465,96.465,96.465,96.465,6
1766090880,96.465,96.465,96.465,96.465,3
1766090940,96.465,96.465,96.465,96.465,3
1766091000,96.465,96.465,96.465,96.465,3
1766091060,96.465,96.465,96.465,96.465,3
1766091120,96.465,96.465,96.465,96.465,3
1766091240,96.465,96.465,96.465,96.465,3
1766091300,96.465,96.465,96.465,96.465,3
1766091360,96.465,96.465,96.465,96.465,3
1766091420,96.465,96.465,96.465,96.465,3
1766091480,96.465,96.465,96.465,96.465,6
1766091540,96.465,96.465,96.465,96.465,7
1766091840,96.46,96.46,96.46,96.46,18
1766092680,96.46,96.46,96.46,96.46,8
1766092860,96.46,96.46,96.46,96.46,20
1766092980,96.46,96.46,96.46,96.46,440
1766093400,96.465,96.465,96.465,96.465,44
1766093820,96.46,96.46,96.46,96.46,35
1766094120,96.46,96.46,96.46,96.46,3
1766094300,96.465,96.465,96.465,96.465,7
1766094600,96.46,96.46,96.46,96.46,47
1766098800,96.46,96.46,96.46,96.46,4
1766098860,96.46,96.46,96.46,96.46,3
1766099700,96.46,96.46,96.46,96.46,6
1766100600,96.46,96.46,96.46,96.46,2
1766101560,96.46,96.46,96.46,96.46,25
1766102100,96.46,96.46,96.46,96.46,2
1766102880,96.46,96.46,96.46,96.46,15
1766105160,96.46,96.46,96.46,96.46,241
1766105220,96.46,96.46,96.46,96.46,2
1766106060,96.46,96.46,96.46,96.46,83
1766106180,96.46,96.46,96.46,96.46,2
1766106420,96.46,96.46,96.46,96.46,80
1766114340,96.46,96.46,96.46,96.46,42
1766130480,96.455,96.455,96.455,96.455,4
1766137500,96.46,96.46,96.46,96.46,317
1766137560,96.46,96.46,96.46,96.46,142
1766147520,96.455,96.455,96.455,96.455,4
1766148900,96.46,96.46,96.46,96.46,164
1766149140,96.46,96.46,96.46,96.46,3
1766149320,96.46,96.46,96.46,96.46,105
1766149380,96.46,96.46,96.46,96.46,100
1766150520,96.46,96.46,96.46,96.46,194
1766150940,96.46,96.46,96.46,96.46,8
1766151000,96.46,96.46,96.46,96.46,60
1766151120,96.46,96.46,96.46,96.46,326
1766151180,96.46,96.46,96.46,96.46,249
1766151540,96.455,96.455,96.445,96.45,3246
1766151660,96.445,96.445,96.445,96.445,345
1766151720,96.445,96.445,96.445,96.445,55
1766151780,96.445,96.445,96.445,96.445,226
1766151900,96.445,96.445,96.445,96.445,347
1766151960,96.445,96.445,96.445,96.445,250
1766152020,96.45,96.45,96.45,96.45,91
1766152200,96.45,96.45,96.45,96.45,144
1766152260,96.45,96.45,96.45,96.45,1
1766152500,96.445,96.445,96.445,96.445,400
1766152560,96.445,96.445,96.445,96.445,180
1766152800,96.45,96.45,96.45,96.45,356
1766153460,96.45,96.45,96.45,96.45,8
1766153580,96.45,96.45,96.45,96.45,166
1766153640,96.45,96.45,96.45,96.45,92
1766153700,96.45,96.45,96.45,96.45,64
1766154120,96.45,96.45,96.45,96.45,1
1766154360,96.45,96.45,96.45,96.45,277
1766154480,96.45,96.45,96.45,96.45,13
1766155140,96.445,96.445,96.445,96.445,39
1766155920,96.445,96.445,96.445,96.445,50
1766156580,96.45,96.45,96.45,96.45,3
1766157660,96.45,96.45,96.45,96.45,25
1766158440,96.45,96.45,96.45,96.45,766
1766158680,96.45,96.45,96.45,96.45,3
1766159880,96.45,96.45,96.45,96.45,1
1766159940,96.45,96.45,96.45,96.45,108
1766160060,96.45,96.45,96.45,96.45,128
1766160120,96.45,96.45,96.45,96.45,1
1766160180,96.45,96.45,96.45,96.45,6
1766160240,96.45,96.45,96.45,96.45,116
1766160660,96.45,96.45,96.45,96.45,400
1766161380,96.45,96.45,96.45,96.45,40
1766161440,96.45,96.45,96.45,96.45,25
1766161620,96.45,96.45,96.45,96.45,236
1766161740,96.45,96.45,96.45,96.45,81
1766161920,96.45,96.45,96.45,96.45,112
1766161980,96.45,96.45,96.45,96.45,85
1766162100,96.45,96.45,96.45,96.45,25
1766162220,96.45,96.45,96.45,96.45,72
1766162340,96.45,96.45,96.45,96.45,200
1766162460,96.45,96.45,96.45,96.45,2
1766162700,96.45,96.45,96.45,96.45,141
1766162820,96.45,96.45,96.45,96.45,450
1766163660,96.45,96.455,96.45,96.455,528
1766163720,96.45,96.45,96.45,96.45,270
1766163780,96.45,96.45,96.45,96.45,85
1766163900,96.45,96.45,96.45,96.45,245
1766164080,96.45,96.45,96.45,96.45,218
1766164200,96.45,96.45,96.45,96.45,13
1766164260,96.45,96.45,96.45,96.45,101
1766164440,96.45,96.45,96.45,96.45,40
1766165400,96.45,96.45,96.45,96.45,123
1766165460,96.45,96.45,96.45,96.45,15
1766165640,96.45,96.45,96.45,96.45,2
1766167500,96.45,96.45,96.45,96.45,142
1766167560,96.45,96.45,96.45,96.45,101
1766168340,96.45,96.45,96.45,96.45,8
1766171340,96.45,96.45,96.45,96.45,171
1766171460,96.45,96.45,96.45,96.45,51
1766171520,96.45,96.45,96.45,96.45,3
1766172300,96.45,96.45,96.45,96.45,102
1766172360,96.45,96.45,96.45,96.45,123
1766172540,96.45,96.45,96.45,96.45,23
1766172600,96.45,96.45,96.45,96.45,39
1766175300,96.45,96.45,96.45,96.45,6
1766175360,96.45,96.45,96.45,96.45,290
1766175420,96.45,96.45,96.45,96.45,1
1766175540,96.45,96.45,96.45,96.45,40
1766176440,96.45,96.45,96.45,96.45,5
1766176980,96.45,96.45,96.45,96.45,1
1766177100,96.45,96.45,96.45,96.45,5
1766177400,96.45,96.45,96.45,96.45,15
1766177880,96.45,96.45,96.45,96.45,640
1766178000,96.45,96.45,96.45,96.45,24
1766178060,96.45,96.45,96.45,96.45,32
1766178120,96.45,96.45,96.45,96.45,124
1766178660,96.45,96.45,96.45,96.45,6
1766180460,96.45,96.45,96.45,96.45,2
1766180760,96.45,96.45,96.45,96.45,26
1766181000,96.45,96.45,96.45,96.45,2
1766181060,96.45,96.45,96.45,96.45,8
1766181240,96.45,96.45,96.45,96.45,54
1766181360,96.45,96.45,96.45,96.45,27
1766358000,96.45,96.45,96.45,96.45,1
1766359560,96.45,96.45,96.45,96.45,10
1766359620,96.45,96.45,96.45,96.45,7
1766359740,96.45,96.45,96.45,96.45,4
1766359920,96.45,96.45,96.45,96.45,16
1766360040,96.45,96.45,96.45,96.45,112
1766361600,96.45,96.45,96.45,96.45,63
1766361780,96.45,96.45,96.45,96.45,19
1766361900,96.45,96.45,96.45,96.45,17
1766362800,96.45,96.45,96.45,96.45,14
1766363040,96.45,96.45,96.45,96.45,46
1766363160,96.45,96.45,96.45,96.45,107
1766363220,96.45,96.45,96.45,96.45,3
1766365080,96.45,96.45,96.45,96.45,14
1766365140,96.45,96.45,96.45,96.45,6
1766373840,96.45,96.45,96.45,96.45,4
1766373900,96.45,96.45,96.45,96.45,132
1766375160,96.45,96.45,96.45,96.45,2
1766375820,96.445,96.445,96.445,96.445,1
1766375940,96.45,96.45,96.45,96.45,4
1766385420,96.45,96.45,96.45,96.45,67
1766386260,96.45,96.45,96.45,96.45,13
1766387400,96.45,96.45,96.45,96.45,158
1766387520,96.45,96.45,96.45,96.45,17
1766387820,96.45,96.45,96.45,96.45,32
1766389620,96.45,96.45,96.45,96.45,17
1766391300,96.45,96.45,96.45,96.45,3
1766393580,96.45,96.45,96.45,96.45,189
1766393700,96.45,96.45,96.45,96.45,1
1766393760,96.45,96.45,96.45,96.45,32
1766393940,96.45,96.45,96.45,96.45,1
1766394180,96.45,96.45,96.45,96.45,13
1766394420,96.45,96.45,96.45,96.45,81
1766395260,96.45,96.45,96.45,96.45,6
1766398080,96.45,96.45,96.45,96.45,109
1766398140,96.45,96.45,96.45,96.45,38
1766398200,96.45,96.45,96.45,96.45,19
1766399280,96.45,96.45,96.45,96.45,50
1766399400,96.445,96.445,96.445,96.445,10
1766399520,96.45,96.45,96.45,96.45,10
1766403420,96.45,96.45,96.45,96.45,6
1766409000,96.45,96.45,96.45,96.45,270
1766409960,96.445,96.445,96.445,96.445,50
1766410320,96.45,96.45,96.45,96.45,45
1766410980,96.45,96.45,96.45,96.45,1
1766411820,96.45,96.45,96.45,96.45,2
1766413860,96.445,96.445,96.445,96.445,1
1766413920,96.445,96.445,96.445,96.445,8
1766416140,96.445,96.445,96.445,96.445,54
1766419260,96.445,96.445,96.445,96.445,4
1766419680,96.445,96.445,96.445,96.445,5
1766420280,96.445,96.445,96.445,96.445,899
1766420340,96.445,96.445,96.445,96.445,137
1766420760,96.445,96.445,96.445,96.445,41
1766421000,96.44,96.44,96.44,96.44,134
1766421660,96.44,96.44,96.44,96.44,1
1766421720,96.44,96.44,96.44,96.44,1
1766421780,96.44,96.44,96.44,96.44,1
1766421840,96.44,96.44,96.44,96.44,1
1766421900,96.44,96.44,96.44,96.44,1
1766421960,96.44,96.44,96.44,96.44,2
1766422020,96.44,96.44,96.44,96.44,6
1766422080,96.44,96.44,96.44,96.44,2
1766422140,96.44,96.44,96.44,96.44,1
1766422320,96.44,96.44,96.44,96.44,1
1766422560,96.44,96.44,96.44,96.44,1
1766422680,96.44,96.44,96.44,96.44,1
1766422800,96.44,96.44,96.44,96.44,1
1766422920,96.44,96.44,96.44,96.44,1
1766423100,96.44,96.44,96.44,96.44,1
1766423220,96.44,96.44,96.44,96.44,1
1766423400,96.44,96.44,96.44,96.44,1
1766423640,96.44,96.44,96.44,96.44,1
1766423820,96.44,96.44,96.44,96.44,1
1766424000,96.44,96.44,96.44,96.44,1
1766424240,96.44,96.44,96.44,96.44,1
1766425080,96.44,96.44,96.44,96.44,1
1766425980,96.44,96.44,96.44,96.44,1
1766426340,96.445,96.445,96.445,96.445,72
1766426700,96.44,96.44,96.44,96.44,10
1766426760,96.44,96.44,96.44,96.44,1
1766426820,96.44,96.44,96.44,96.44,4
1766427780,96.44,96.44,96.44,96.44,1
1766428620,96.44,96.44,96.44,96.44,1
1766429460,96.44,96.44,96.44,96.44,1
1766430360,96.44,96.44,96.44,96.44,1
1766430780,96.44,96.44,96.44,96.44,15
1766431200,96.44,96.44,96.44,96.44,1
1766431260,96.44,96.44,96.44,96.44,150
1766432040,96.445,96.445,96.445,96.445,668
1766432400,96.445,96.445,96.445,96.445,1
1766432820,96.445,96.445,96.445,96.445,1
1766433660,96.445,96.445,96.445,96.445,25
1766433720,96.445,96.445,96.445,96.445,1
1766434740,96.445,96.445,96.445,96.445,24
1766434980,96.445,96.445,96.445,96.445,5
1766435040,96.445,96.445,96.445,96.445,52
1766436300,96.445,96.445,96.445,96.445,657
1766437020,96.445,96.445,96.445,96.445,143
1766438340,96.445,96.445,96.445,96.445,9
1766439120,96.445,96.445,96.445,96.445,1
1766439240,96.445,96.445,96.445,96.445,1
1766439300,96.445,96.445,96.445,96.445,46
1766439660,96.445,96.445,96.445,96.445,1
1766440200,96.445,96.445,96.445,96.445,98
1766440260,96.445,96.445,96.445,96.445,1
1766440320,96.445,96.445,96.445,96.445,35
1766440500,96.445,96.445,96.445,96.445,27
1766440560,96.445,96.445,96.445,96.445,36
1766440740,96.445,96.445,96.44,96.44,2
1766446680,96.445,96.445,96.445,96.445,10
1766446740,96.445,96.445,96.445,96.445,1
1766447460,96.445,96.445,96.445,96.445,63
1766447520,96.445,96.445,96.445,96.445,19
1766461320,96.445,96.445,96.445,96.445,3
1766461500,96.445,96.445,96.445,96.445,2
1766467440,96.445,96.445,96.445,96.445,22
1766467620,96.445,96.445,96.445,96.445,17
1766468040,96.445,96.445,96.445,96.445,18
1766471580,96.445,96.445,96.445,96.445,2
1766471820,96.445,96.445,96.445,96.445,1
1766472840,96.445,96.445,96.445,96.445,1
1766472900,96.445,96.445,96.445,96.445,1
1766473200,96.445,96.445,96.445,96.445,1
1766473740,96.445,96.445,96.445,96.445,17
1766474760,96.445,96.445,96.445,96.445,1
1766476860,96.445,96.445,96.445,96.445,1
1766478780,96.445,96.445,96.445,96.445,1
1766479740,96.445,96.445,96.445,96.445,8
1766480220,96.445,96.445,96.445,96.445,124
1766480580,96.445,96.445,96.445,96.445,7
1766481240,96.445,96.445,96.445,96.445,1
1766481660,96.445,96.445,96.445,96.445,309
1766481840,96.445,96.445,96.445,96.445,212
1766481900,96.445,96.445,96.445,96.445,21
1766482020,96.445,96.445,96.445,96.445,65
1766482200,96.445,96.445,96.445,96.445,24
1766482560,96.445,96.445,96.445,96.445,9
1766482620,96.445,96.445,96.445,96.445,3
1766482800,96.445,96.445,96.445,96.445,38
1766491260,96.445,96.445,96.445,96.445,177
1766491620,96.445,96.445,96.445,96.445,100
1766491680,96.445,96.445,96.445,96.445,49
1766492280,96.445,96.445,96.445,96.445,94
1766492940,96.445,96.445,96.445,96.445,218
1766493000,96.445,96.445,96.445,96.445,23
1766493060,96.445,96.445,96.445,96.445,6
1766493660,96.445,96.445,96.445,96.445,15
1766493720,96.445,96.445,96.445,96.445,2
1766493780,96.445,96.445,96.445,96.445,14
1766494020,96.44,96.44,96.44,96.44,2
1766494140,96.445,96.445,96.445,96.445,40
1766494560,96.445,96.445,96.445,96.445,34
1766494620,96.445,96.445,96.445,96.445,71
1766494680,96.445,96.445,96.445,96.445,2
1766494800,96.445,96.445,96.445,96.445,32
1766494920,96.445,96.445,96.44,96.44,31
1766494980,96.44,96.44,96.44,96.44,1
1766495160,96.445,96.445,96.445,96.445,7
1766495280,96.44,96.44,96.44,96.44,1
1766495340,96.44,96.44,96.44,96.44,1
1766495520,96.445,96.445,96.445,96.445,77
1766495580,96.445,96.445,96.445,96.445,2
1766495640,96.445,96.445,96.445,96.445,1
1766495880,96.44,96.44,96.44,96.44,1
1766496120,96.44,96.44,96.44,96.44,1
1766496180,96.44,96.44,96.44,96.44,1
1766496420,96.44,96.44,96.44,96.44,2
1766496480,96.44,96.445,96.44,96.44,7
1766496540,96.44,96.44,96.44,96.44,7
1766496600,96.44,96.44,96.435,96.435,996
1766496660,96.435,96.435,96.435,96.435,121
1766496720,96.435,96.435,96.435,96.435,2
1766496780,96.435,96.435,96.435,96.435,5
1766496840,96.435,96.435,96.435,96.435,1
1766496900,96.435,96.435,96.435,96.435,134
1766496960,96.435,96.435,96.435,96.435,56
1766497020,96.435,96.435,96.435,96.435,2
1766497380,96.43,96.43,96.43,96.43,29
1766497500,96.43,96.43,96.43,96.43,8
1766497560,96.43,96.43,96.43,96.43,365
1766497800,96.43,96.43,96.43,96.43,742
1766497860,96.43,96.43,96.43,96.43,285
1766498160,96.43,96.43,96.43,96.43,33
1766498340,96.43,96.43,96.43,96.43,50
1766498580,96.43,96.43,96.43,96.43,10
1766498820,96.425,96.425,96.425,96.425,1
1766498880,96.425,96.425,96.425,96.425,45
1766499000,96.425,96.425,96.425,96.425,300
1766499060,96.425,96.425,96.425,96.425,374
1766499120,96.425,96.425,96.425,96.425,348
1766499240,96.425,96.425,96.425,96.425,144
1766499300,96.425,96.425,96.425,96.425,1
1766499360,96.425,96.425,96.425,96.425,215
1766499420,96.425,96.425,96.425,96.425,68
1766499480,96.425,96.425,96.425,96.425,16
1766499540,96.425,96.425,96.425,96.425,77
1766499600,96.425,96.425,96.425,96.425,17
1766499660,96.425,96.425,96.425,96.425,105
1766499720,96.425,96.425,96.425,96.425,113
1766499780,96.425,96.425,96.425,96.425,44
1766499840,96.425,96.425,96.425,96.425,218
1766499900,96.425,96.425,96.425,96.425,163
1766499960,96.425,96.425,96.425,96.425,4
1766500020,96.425,96.425,96.425,96.425,4
1766500080,96.425,96.425,96.425,96.425,193
1766500140,96.425,96.425,96.425,96.425,107
1766500200,96.425,96.425,96.425,96.425,6
1766500260,96.425,96.425,96.425,96.425,31
1766500320,96.425,96.425,96.425,96.425,18
1766500380,96.425,96.425,96.425,96.425,19
1766501100,96.425,96.425,96.425,96.425,1
1766501580,96.425,96.425,96.425,96.425,89
1766501700,96.425,96.425,96.425,96.425,1
1766501760,96.425,96.425,96.425,96.425,232
1766501880,96.425,96.425,96.425,96.425,217
1766501940,96.425,96.425,96.425,96.425,33
1766502000,96.425,96.425,96.425,96.425,56
1766502060,96.425,96.425,96.425,96.425,117
1766502120,96.425,96.425,96.425,96.425,1
1766502180,96.425,96.425,96.425,96.425,1
1766502240,96.425,96.425,96.425,96.425,1
1766502300,96.425,96.425,96.425,96.425,2
1766502360,96.425,96.43,96.425,96.43,501
1766502420,96.425,96.425,96.425,96.425,3
1766502480,96.425,96.425,96.425,96.425,2
1766502540,96.43,96.43,96.425,96.425,602
1766502600,96.425,96.425,96.425,96.425,10
1766502660,96.425,96.425,96.425,96.425,6
1766502780,96.425,96.425,96.425,96.425,3
1766502840,96.425,96.425,96.425,96.425,2
1766502900,96.43,96.43,96.43,96.43,1
1766502960,96.425,96.425,96.425,96.425,2
1766503020,96.425,96.425,96.425,96.425,1
1766503140,96.425,96.425,96.425,96.425,1
1766503200,96.425,96.425,96.425,96.425,1
1766503260,96.425,96.425,96.425,96.425,338
1766503320,96.425,96.425,96.425,96.425,1
1766503440,96.425,96.425,96.425,96.425,1
1766503500,96.425,96.425,96.425,96.425,1
1766503620,96.425,96.425,96.425,96.425,1
1766503740,96.425,96.425,96.425,96.425,1
1766503860,96.425,96.425,96.425,96.425,2
1766503920,96.425,96.425,96.425,96.425,1
1766504040,96.425,96.43,96.425,96.425,102
1766504100,96.425,96.425,96.425,96.425,1
1766504160,96.425,96.425,96.425,96.425,1
1766504460,96.425,96.425,96.425,96.425,1
1766504520,96.425,96.425,96.425,96.425,1
1766504580,96.425,96.425,96.425,96.425,2
1766504700,96.425,96.425,96.425,96.425,2
1766504820,96.425,96.425,96.425,96.425,2
1766504880,96.425,96.425,96.425,96.425,2
1766505000,96.425,96.425,96.425,96.425,2
1766505180,96.425,96.425,96.425,96.425,53
1766505240,96.425,96.425,96.425,96.425,12
1766505300,96.425,96.425,96.425,96.425,2
1766505480,96.425,96.425,96.425,96.425,1
1766505540,96.425,96.425,96.425,96.425,1
1766505600,96.425,96.425,96.425,96.425,2
1766505660,96.425,96.425,96.425,96.425,1
1766505720,96.425,96.425,96.425,96.425,2
1766505780,96.425,96.425,96.425,96.425,149
1766505840,96.425,96.425,96.425,96.425,2
1766505900,96.425,96.425,96.425,96.425,81
1766506020,96.42,96.42,96.42,96.42,2
1766506200,96.42,96.42,96.42,96.42,1
1766506260,96.42,96.42,96.42,96.42,1
1766506320,96.425,96.425,96.42,96.42,61
1766506440,96.42,96.42,96.42,96.42,2
1766506500,96.42,96.42,96.42,96.42,2
1766506620,96.42,96.42,96.42,96.42,2
1766506740,96.42,96.42,96.42,96.42,1
1766506800,96.42,96.42,96.42,96.42,2
1766507040,96.42,96.42,96.42,96.42,1
1766507100,96.42,96.42,96.42,96.42,2
1766507220,96.42,96.42,96.42,96.42,2
1766507280,96.42,96.42,96.42,96.42,629
1766507340,96.42,96.42,96.42,96.42,97
1766507400,96.42,96.425,96.42,96.425,52
1766507460,96.42,96.42,96.42,96.42,51
1766507520,96.42,96.42,96.42,96.42,2
1766507640,96.42,96.42,96.42,96.42,1
1766507700,96.42,96.42,96.42,96.42,2
1766507820,96.42,96.42,96.42,96.42,1
1766507880,96.42,96.42,96.42,96.42,1
1766507940,96.42,96.42,96.42,96.42,2
1766508060,96.42,96.42,96.42,96.42,2
1766508120,96.42,96.42,96.42,96.42,2
1766508180,96.42,96.42,96.42,96.42,2
1766508240,96.42,96.42,96.42,96.42,1
1766508360,96.42,96.42,96.42,96.42,2
1766508480,96.42,96.42,96.42,96.42,2
1766508660,96.42,96.42,96.42,96.42,1
1766508720,96.42,96.42,96.42,96.42,1
1766508780,96.42,96.42,96.42,96.42,2
1766508960,96.42,96.42,96.42,96.42,1287
1766509140,96.42,96.42,96.42,96.42,2
1766509200,96.42,96.42,96.42,96.42,1
1766509260,96.42,96.42,96.42,96.42,1
1766509320,96.42,96.42,96.42,96.42,2
1766509440,96.42,96.42,96.42,96.42,2
1766509560,96.42,96.42,96.42,96.42,2
1766509620,96.425,96.425,96.425,96.425,229
1766509680,96.425,96.425,96.425,96.425,142
1766509740,96.425,96.425,96.425,96.425,235
1766509920,96.425,96.425,96.425,96.425,1
1766509980,96.425,96.425,96.425,96.425,1
1766510040,96.425,96.425,96.425,96.425,5
1766510100,96.425,96.425,96.425,96.425,1
1766510160,96.425,96.425,96.425,96.425,1
1766510220,96.425,96.425,96.425,96.425,24
1766510280,96.425,96.425,96.425,96.425,2
1766510400,96.425,96.425,96.425,96.425,2
1766510520,96.425,96.425,96.425,96.425,2
1766510700,96.425,96.425,96.425,96.425,1
1766510760,96.425,96.425,96.425,96.425,3
1766510940,96.425,96.425,96.425,96.425,1
1766511000,96.425,96.425,96.425,96.425,2
1766511180,96.425,96.425,96.425,96.425,2
1766511300,96.425,96.425,96.425,96.425,1
1766511360,96.425,96.425,96.425,96.425,2
1766511480,96.425,96.425,96.425,96.425,2
1766511600,96.425,96.425,96.425,96.425,1
1766511780,96.425,96.425,96.425,96.425,1
1766511840,96.425,96.425,96.425,96.425,1
1766511900,96.425,96.425,96.425,96.425,1
1766512020,96.425,96.425,96.425,96.425,1
1766512080,96.425,96.425,96.425,96.425,1
1766512140,96.425,96.425,96.425,96.425,1
1766512260,96.425,96.425,96.425,96.425,2
1766512440,96.425,96.425,96.425,96.425,2
1766512620,96.425,96.425,96.425,96.425,1
1766512680,96.425,96.425,96.425,96.425,1
1766512740,96.425,96.425,96.425,96.425,1
1766512860,96.425,96.425,96.425,96.425,1
1766512920,96.425,96.425,96.425,96.425,2
1766513100,96.425,96.425,96.425,96.425,2
1766513220,96.425,96.425,96.425,96.425,1
1766513340,96.425,96.425,96.425,96.425,2
1766513700,96.425,96.425,96.425,96.425,2
1766513940,96.425,96.425,96.425,96.425,1
1766514120,96.425,96.425,96.425,96.425,2
1766514480,96.425,96.425,96.425,96.425,2
1766514720,96.425,96.425,96.425,96.425,2
1766515140,96.425,96.425,96.425,96.425,1
1766515200,96.425,96.425,96.425,96.425,1
1766515380,96.425,96.425,96.425,96.425,1
1766515500,96.425,96.425,96.425,96.425,1
1766515680,96.425,96.425,96.425,96.425,1
1766515860,96.425,96.425,96.425,96.425,1
1766515980,96.425,96.425,96.425,96.425,2
1766516280,96.425,96.425,96.425,96.425,2
1766516340,96.43,96.43,96.43,96.43,1
1766516460,96.425,96.425,96.425,96.425,1
1766516580,96.425,96.425,96.425,96.425,1
1766516640,96.425,96.425,96.425,96.425,2
1766516760,96.425,96.43,96.425,96.43,2
1766516880,96.425,96.425,96.425,96.425,2
1766517060,96.425,96.425,96.425,96.425,1
1766517180,96.425,96.425,96.425,96.425,2
1766517420,96.425,96.425,96.425,96.425,1
1766517600,96.425,96.425,96.425,96.425,2
1766517900,96.425,96.425,96.425,96.425,1
1766518080,96.425,96.425,96.425,96.425,1
1766518140,96.425,96.425,96.425,96.425,1
1766518260,96.43,96.43,96.425,96.425,27
1766518320,96.425,96.425,96.425,96.425,12
1766518380,96.425,96.425,96.425,96.425,1
1766518500,96.425,96.425,96.425,96.425,1
1766518560,96.425,96.425,96.425,96.425,1
1766518680,96.425,96.425,96.425,96.425,1
1766518800,96.425,96.425,96.425,96.425,2
1766519040,96.425,96.425,96.425,96.425,1
1766519100,96.43,96.43,96.43,96.43,5
1766519160,96.425,96.425,96.425,96.425,1
1766519340,96.425,96.425,96.425,96.425,1
1766519460,96.425,96.425,96.425,96.425,1
1766519640,96.425,96.425,96.425,96.425,1
1766519760,96.425,96.425,96.425,96.425,2
1766519940,96.425,96.425,96.425,96.425,1
1766520000,96.425,96.43,96.425,96.43,160
1766520060,96.425,96.425,96.425,96.425,1
1766520180,96.425,96.425,96.425,96.425,2
1766520360,96.425,96.425,96.425,96.425,1
1766520480,96.43,96.43,96.425,96.425,27
1766520660,96.425,96.425,96.425,96.425,1
1766520900,96.425,96.425,96.425,96.425,2
1766521080,96.43,96.43,96.43,96.43,2
1766521140,96.425,96.425,96.425,96.425,1
1766521320,96.425,96.425,96.425,96.425,2
1766521560,96.425,96.425,96.425,96.425,2
1766521680,96.43,96.43,96.43,96.43,101
1766522040,96.425,96.43,96.425,96.43,3
1766522280,96.425,96.425,96.425,96.425,1
1766522460,96.425,96.425,96.425,96.425,1
1766522520,96.43,96.43,96.43,96.43,11
1766522580,96.425,96.425,96.425,96.425,1
1766522700,96.425,96.425,96.425,96.425,1
1766522760,96.43,96.43,96.43,96.43,1
1766522820,96.425,96.425,96.425,96.425,1
1766522940,96.425,96.425,96.425,96.425,1
1766523060,96.425,96.425,96.425,96.425,1
1766523180,96.43,96.43,96.43,96.43,28
1766523240,96.425,96.425,96.425,96.425,1
1766523300,96.425,96.425,96.425,96.425,2
1766523480,96.425,96.425,96.425,96.425,1
1766523540,96.425,96.425,96.425,96.425,1
1766523780,96.43,96.43,96.43,96.43,53
1766523840,96.43,96.43,96.43,96.43,7
1766524320,96.43,96.43,96.43,96.43,26
1766524680,96.43,96.43,96.43,96.43,9
1766525100,96.43,96.43,96.43,96.43,7
1766531340,96.425,96.425,96.425,96.425,231
1766531460,96.425,96.425,96.425,96.425,106
1766531520,96.425,96.425,96.425,96.425,25
1766531640,96.425,96.425,96.425,96.425,2
1766532420,96.425,96.425,96.425,96.425,86
1766532900,96.425,96.425,96.425,96.425,26
1766534220,96.425,96.425,96.425,96.425,12
1766536800,96.425,96.425,96.425,96.425,1
1766563860,96.425,96.425,96.425,96.425,108
1766569740,96.425,96.425,96.425,96.425,17
1766574180,96.43,96.43,96.43,96.43,2
1766575320,96.43,96.43,96.43,96.43,45
1766577600,96.43,96.43,96.425,96.425,15
1766580120,96.43,96.43,96.43,96.43,3
1766580780,96.43,96.43,96.43,96.43,5
1766582820,96.43,96.43,96.43,96.43,12
1766583300,96.425,96.425,96.425,96.425,556
1766585100,96.425,96.425,96.425,96.425,32
1766585220,96.425,96.425,96.425,96.425,40
1766585460,96.43,96.43,96.43,96.43,11
1766585580,96.43,96.43,96.43,96.43,2
1766585700,96.43,96.43,96.43,96.43,6
1766588040,96.425,96.425,96.425,96.425,1
1766588580,96.425,96.425,96.425,96.425,72
1766590140,96.425,96.425,96.425,96.425,1
1766592480,96.43,96.43,96.43,96.43,1
1766592600,96.425,96.425,96.425,96.425,22
1766593260,96.425,96.425,96.425,96.425,2
1766593500,96.425,96.425,96.425,96.425,48
1766595540,96.43,96.43,96.43,96.43,4
1766597760,96.43,96.43,96.43,96.43,17
1766597880,96.43,96.43,96.43,96.43,1
1766598000,96.43,96.43,96.43,96.43,35
1766598120,96.43,96.43,96.43,96.43,120
1766598180,96.43,96.43,96.43,96.43,1
1766598240,96.43,96.43,96.43,96.43,413
1766598300,96.43,96.43,96.43,96.43,151
1766598360,96.43,96.43,96.43,96.43,114
1766599200,96.43,96.43,96.43,96.43,5
1766599620,96.43,96.43,96.43,96.43,7
1766703600,96.43,96.43,96.43,96.43,4
1766703780,96.43,96.43,96.43,96.43,43
1766703840,96.43,96.43,96.43,96.43,10
1766704620,96.43,96.43,96.43,96.43,2
1766705520,96.43,96.43,96.43,96.43,2
1766705880,96.43,96.43,96.43,96.43,27
1766706060,96.43,96.43,96.43,96.43,7
1766706840,96.43,96.43,96.43,96.43,49
1766707200,96.43,96.43,96.43,96.43,1
1766707500,96.43,96.43,96.43,96.43,2
1766711040,96.43,96.43,96.43,96.43,10
1766711460,96.43,96.43,96.43,96.43,3
1766712660,96.43,96.43,96.43,96.43,32
1766713200,96.43,96.43,96.43,96.43,12
1766716140,96.43,96.43,96.43,96.43,4
1766722320,96.43,96.43,96.43,96.43,61
1766724600,96.43,96.43,96.43,96.43,8
1766725860,96.43,96.43,96.43,96.43,11
1766725920,96.43,96.43,96.43,96.43,13
1766725980,96.43,96.43,96.43,96.43,14
1766726100,96.43,96.43,96.43,96.43,4
1766726160,96.43,96.43,96.43,96.43,4
1766732040,96.43,96.43,96.43,96.43,1
1766734200,96.43,96.43,96.43,96.43,18
1766747520,96.43,96.43,96.43,96.43,7
1766748060,96.43,96.43,96.43,96.43,2
1766754000,96.435,96.435,96.435,96.435,321
1766754300,96.435,96.435,96.435,96.435,300
1766754360,96.435,96.435,96.435,96.435,48
1766754420,96.44,96.44,96.44,96.44,63
1766754480,96.44,96.44,96.44,96.44,146
1766754600,96.44,96.44,96.44,96.44,25
1766754660,96.44,96.44,96.44,96.44,35
1766754720,96.44,96.44,96.44,96.44,136
1766754780,96.44,96.44,96.44,96.44,34
1766755800,96.445,96.445,96.445,96.445,88
1766755980,96.445,96.445,96.445,96.445,50
1766756100,96.445,96.445,96.445,96.445,71
1766756220,96.445,96.445,96.445,96.445,3
1766756280,96.445,96.445,96.445,96.445,9
1766756340,96.445,96.445,96.445,96.445,499
1766756400,96.445,96.445,96.445,96.445,3
1766756460,96.445,96.445,96.445,96.445,15
1766756580,96.445,96.445,96.445,96.445,19
1766756940,96.445,96.445,96.445,96.445,39
1766757000,96.445,96.445,96.445,96.445,1
1766757960,96.44,96.44,96.44,96.44,121
1766758020,96.44,96.44,96.44,96.44,96
1766758080,96.44,96.44,96.44,96.44,319
1766758140,96.44,96.44,96.44,96.44,13
1766758200,96.44,96.44,96.44,96.44,152
1766758380,96.44,96.44,96.44,96.44,30
1766758560,96.44,96.44,96.44,96.44,110
1766758800,96.44,96.44,96.44,96.44,75
1766759280,96.44,96.44,96.44,96.44,200
1766759400,96.44,96.44,96.44,96.44,68
1766759580,96.44,96.44,96.44,96.44,4
1766760420,96.44,96.44,96.44,96.44,7
1766760540,96.44,96.44,96.44,96.44,5
1766760780,96.44,96.44,96.44,96.44,15
1766763720,96.44,96.44,96.44,96.44,1
1766763840,96.44,96.44,96.44,96.44,1
1766764020,96.44,96.44,96.44,96.44,1
1766764140,96.44,96.44,96.44,96.44,1
1766764320,96.44,96.44,96.44,96.44,1
1766764500,96.44,96.44,96.44,96.44,1
1766764680,96.44,96.44,96.44,96.44,1
1766764860,96.44,96.44,96.44,96.44,1
1766764920,96.44,96.44,96.44,96.44,1
1766765040,96.44,96.44,96.44,96.44,1
1766765160,96.44,96.44,96.44,96.44,1
1766765340,96.44,96.44,96.44,96.44,23
1766765400,96.44,96.44,96.44,96.44,26
1766765460,96.44,96.44,96.44,96.44,1
1766765640,96.44,96.44,96.44,96.44,1
1766765700,96.44,96.44,96.44,96.44,555
1766765760,96.435,96.44,96.435,96.44,101
1766765940,96.44,96.44,96.44,96.44,80
1766766000,96.44,96.44,96.44,96.44,51
1766766240,96.435,96.435,96.435,96.435,430
1766766300,96.43,96.43,96.43,96.43,1
1766766420,96.43,96.435,96.43,96.435,2
1766766480,96.43,96.43,96.43,96.43,1
1766766600,96.43,96.43,96.43,96.43,1
1766766720,96.435,96.435,96.435,96.435,30
1766766960,96.43,96.43,96.43,96.43,1
1766767080,96.43,96.43,96.43,96.43,1
1766767200,96.43,96.43,96.43,96.43,1
1766767260,96.435,96.435,96.435,96.435,549
1766767440,96.43,96.43,96.43,96.43,1
1766767500,96.435,96.435,96.435,96.435,51
1766767680,96.435,96.435,96.435,96.435,157
1766767860,96.435,96.435,96.435,96.435,100
1766768100,96.43,96.43,96.43,96.43,1
1766768160,96.43,96.43,96.43,96.43,1
1766768280,96.435,96.435,96.435,96.435,81
1766768400,96.435,96.435,96.435,96.435,46
1766768580,96.435,96.435,96.435,96.435,130
1766768640,96.435,96.435,96.435,96.435,15
1766768760,96.435,96.435,96.435,96.435,6
1766769000,96.43,96.435,96.43,96.435,216
1766769420,96.435,96.435,96.435,96.435,1
1766769600,96.435,96.435,96.435,96.435,1
1766769780,96.435,96.435,96.435,96.435,1
1766769960,96.435,96.435,96.435,96.435,12
1766770080,96.435,96.435,96.435,96.435,1
1766770200,96.435,96.435,96.435,96.435,3
1766770260,96.435,96.435,96.435,96.435,1
1766770500,96.435,96.435,96.435,96.435,1
1766770620,96.435,96.435,96.435,96.435,1
1766770680,96.44,96.44,96.44,96.44,206
1766770740,96.44,96.44,96.44,96.44,74
1766770800,96.44,96.44,96.44,96.44,31
1766770920,96.44,96.44,96.44,96.44,68
1766771040,96.44,96.44,96.44,96.44,1
1766771220,96.44,96.44,96.44,96.44,100
1766771280,96.44,96.44,96.44,96.44,68
1766771460,96.44,96.44,96.44,96.44,1
1766771580,96.44,96.44,96.44,96.44,8
1766771640,96.44,96.44,96.44,96.44,1
1766771880,96.44,96.44,96.44,96.44,1
1766772060,96.44,96.44,96.44,96.44,1
1766772240,96.44,96.44,96.44,96.44,1
1766772420,96.44,96.44,96.44,96.44,1
1766772720,96.44,96.44,96.44,96.44,1
1766773080,96.44,96.44,96.44,96.44,1
1766773320,96.44,96.44,96.44,96.44,482
1766773380,96.44,96.44,96.44,96.44,128
1766773860,96.44,96.44,96.44,96.44,26
1766774340,96.44,96.44,96.44,96.44,1
1766774520,96.44,96.44,96.44,96.44,5
1766774640,96.44,96.44,96.44,96.44,1
1766775120,96.44,96.44,96.44,96.44,1
1766775480,96.44,96.44,96.44,96.44,1
1766775660,96.44,96.44,96.44,96.44,1
1766775900,96.44,96.44,96.44,96.44,1
1766776200,96.44,96.44,96.44,96.44,1
1766776440,96.44,96.44,96.44,96.44,1
1766776860,96.44,96.44,96.44,96.44,1
1766777220,96.44,96.44,96.44,96.44,1
1766777460,96.44,96.44,96.44,96.44,1
1766777700,96.44,96.44,96.44,96.44,1
1766777880,96.445,96.445,96.445,96.445,46
1766777940,96.44,96.44,96.44,96.44,1
1766778060,96.445,96.445,96.445,96.445,8
1766778300,96.445,96.445,96.445,96.445,762
1766778660,96.445,96.445,96.445,96.445,1
1766778960,96.445,96.445,96.445,96.445,1
1766779140,96.445,96.45,96.445,96.45,15
1766779260,96.445,96.445,96.445,96.445,1
1766779440,96.45,96.45,96.45,96.45,51
1766779500,96.445,96.445,96.445,96.445,1
1766779860,96.445,96.445,96.445,96.445,1
1766780280,96.445,96.445,96.445,96.445,1
1766780640,96.445,96.445,96.445,96.445,1
1766780880,96.445,96.445,96.445,96.445,1
1766781300,96.445,96.445,96.445,96.445,1
1766781660,96.445,96.445,96.445,96.445,1
1766781840,96.45,96.45,96.45,96.45,17
1766781960,96.445,96.445,96.445,96.445,1
1766782200,96.445,96.445,96.445,96.445,1
1766782560,96.445,96.445,96.445,96.445,1
1766782740,96.445,96.445,96.445,96.445,1
1766784660,96.445,96.445,96.445,96.445,549
1766785380,96.445,96.445,96.445,96.445,1
1766785740,96.445,96.445,96.445,96.445,1
1766785800,96.445,96.445,96.445,96.445,4
1766785860,96.445,96.445,96.445,96.445,183
1766785980,96.445,96.445,96.445,96.445,20
1766786160,96.445,96.445,96.445,96.445,1
1766786220,96.445,96.445,96.445,96.445,252
1766962800,96.445,96.445,96.445,96.445,33
1766962860,96.445,96.445,96.445,96.445,77
1766962980,96.445,96.445,96.445,96.445,1
1766992080,96.445,96.445,96.445,96.445,2
1766992320,96.445,96.445,96.445,96.445,14
1766992440,96.445,96.445,96.445,96.445,13
1766992860,96.445,96.445,96.445,96.445,37
1766992920,96.445,96.445,96.445,96.445,15
1766992980,96.445,96.445,96.445,96.445,54
1766993100,96.445,96.445,96.445,96.445,28
1766998200,96.44,96.44,96.44,96.44,55
1767005520,96.44,96.44,96.44,96.44,47
1767013320,96.445,96.445,96.445,96.445,200
1767013680,96.445,96.445,96.445,96.445,137
1767014400,96.445,96.445,96.445,96.445,7
1767014520,96.445,96.445,96.445,96.445,12
1767016560,96.45,96.45,96.45,96.45,38
1767017160,96.45,96.45,96.45,96.45,150
1767019080,96.445,96.445,96.445,96.445,149
1767019200,96.45,96.45,96.45,96.45,44
1767019800,96.445,96.445,96.445,96.445,669
1767019920,96.445,96.445,96.445,96.445,17
1767019980,96.445,96.445,96.445,96.445,105
1767020160,96.445,96.445,96.445,96.445,76
1767020220,96.445,96.445,96.445,96.445,14
1767020520,96.445,96.445,96.445,96.445,309
1767020580,96.445,96.445,96.445,96.445,61
1767020820,96.445,96.445,96.445,96.445,42
1767020880,96.445,96.445,96.445,96.445,134
1767021000,96.445,96.445,96.445,96.445,70
1767021060,96.445,96.445,96.445,96.445,23
1767021180,96.445,96.445,96.445,96.445,100
1767021300,96.445,96.445,96.445,96.445,268
1767021360,96.445,96.445,96.445,96.445,116
1767021960,96.445,96.445,96.445,96.445,25
1767022020,96.445,96.445,96.445,96.445,25
1767022260,96.445,96.445,96.445,96.445,55
1767022680,96.445,96.445,96.445,96.445,30
1767022860,96.445,96.445,96.445,96.445,13
1767023220,96.445,96.445,96.445,96.445,20
1767023580,96.445,96.445,96.445,96.445,176
1767023760,96.445,96.445,96.445,96.445,43
1767023880,96.445,96.445,96.445,96.445,33
1767023940,96.445,96.445,96.445,96.445,101
1767024000,96.445,96.445,96.445,96.445,32
1767024060,96.445,96.445,96.445,96.445,32
1767024240,96.445,96.445,96.445,96.445,236
1767024660,96.445,96.445,96.445,96.445,21
1767025140,96.445,96.445,96.445,96.445,100
1767025200,96.445,96.445,96.445,96.445,4
1767025380,96.445,96.445,96.445,96.445,74
1767025440,96.445,96.445,96.445,96.445,100
1767025860,96.445,96.445,96.445,96.445,1
1767025980,96.445,96.445,96.445,96.445,27
1767026040,96.445,96.445,96.445,96.445,7
1767026100,96.445,96.445,96.445,96.445,35
1767026460,96.445,96.445,96.445,96.445,18
1767026700,96.445,96.445,96.445,96.445,15
1767027780,96.44,96.44,96.44,96.44,1
1767028500,96.44,96.44,96.44,96.44,40
1767028860,96.445,96.445,96.445,96.445,25
1767029220,96.44,96.44,96.44,96.44,1
1767029400,96.44,96.44,96.44,96.44,9
1767029460,96.44,96.44,96.44,96.44,1
1767029700,96.44,96.44,96.44,96.44,399
1767029820,96.44,96.44,96.44,96.44,12
1767029940,96.44,96.44,96.44,96.44,2
1767030420,96.44,96.44,96.44,96.44,36
1767030480,96.44,96.44,96.44,96.44,2
1767030540,96.44,96.44,96.44,96.44,3
1767030840,96.44,96.44,96.44,96.44,7
1767030900,96.44,96.44,96.44,96.44,2
1767031140,96.44,96.44,96.44,96.44,2
1767031200,96.44,96.44,96.44,96.44,39
1767031260,96.44,96.44,96.44,96.44,17
1767031320,96.44,96.44,96.44,96.44,6
1767031440,96.44,96.44,96.44,96.44,42
1767031500,96.44,96.44,96.44,96.44,1
1767032520,96.44,96.44,96.44,96.44,1
1767032880,96.445,96.445,96.445,96.445,49
1767033000,96.445,96.445,96.445,96.445,80
1767033960,96.445,96.445,96.445,96.445,86
1767034560,96.445,96.445,96.445,96.445,4
1767035580,96.44,96.44,96.44,96.44,1
1767035640,96.445,96.445,96.445,96.445,5
1767037620,96.44,96.44,96.44,96.44,50
1767037800,96.44,96.44,96.44,96.44,1
1767037860,96.445,96.445,96.445,96.445,5
1767038100,96.445,96.445,96.445,96.445,809
1767038280,96.445,96.445,96.445,96.445,16
1767038640,96.445,96.445,96.445,96.445,125
1767038700,96.445,96.445,96.445,96.445,1
1767039120,96.445,96.445,96.445,96.445,2
1767039180,96.445,96.445,96.445,96.445,14
1767039360,96.445,96.445,96.445,96.445,1
1767039480,96.445,96.445,96.445,96.445,6
1767040260,96.44,96.44,96.44,96.44,1
1767040800,96.445,96.445,96.445,96.445,4
1767042420,96.445,96.445,96.445,96.445,18
1767042840,96.445,96.445,96.445,96.445,1
1767043020,96.44,96.44,96.44,96.44,75
1767043560,96.44,96.44,96.44,96.44,6
1767044460,96.44,96.44,96.44,96.44,16
1767044760,96.445,96.445,96.445,96.445,1
1767045360,96.445,96.445,96.445,96.445,40
1767045420,96.445,96.445,96.445,96.445,3
1767045540,96.445,96.445,96.445,96.445,28
1767049200,96.445,96.445,96.445,96.445,14
1767053700,96.445,96.445,96.445,96.445,16
1767053760,96.445,96.445,96.445,96.445,20
1767054060,96.445,96.445,96.445,96.445,28
1767054420,96.445,96.445,96.445,96.445,100
1767061620,96.445,96.445,96.445,96.445,13
1767061920,96.445,96.445,96.445,96.445,47
1767080940,96.445,96.445,96.445,96.445,34
1767084000,96.445,96.445,96.445,96.445,23
1767091860,96.445,96.445,96.445,96.445,2
1767092520,96.44,96.44,96.44,96.44,11
1767096780,96.44,96.44,96.44,96.44,95
1767096840,96.44,96.44,96.44,96.44,133
1767096960,96.44,96.44,96.44,96.44,43
1767097080,96.44,96.44,96.44,96.44,130
1767097260,96.44,96.44,96.44,96.44,21
1767097320,96.44,96.44,96.44,96.44,44
1767097440,96.44,96.44,96.44,96.44,24
1767097500,96.44,96.44,96.44,96.44,22
1767097620,96.44,96.44,96.44,96.44,22
1767097680,96.44,96.44,96.44,96.44,22
1767097860,96.44,96.44,96.44,96.44,45
1767097920,96.44,96.44,96.44,96.44,15
1767097980,96.44,96.44,96.44,96.44,3
1767098100,96.44,96.44,96.44,96.44,26
1767098160,96.44,96.44,96.44,96.44,68
1767098220,96.44,96.44,96.44,96.44,48
1767098280,96.44,96.44,96.44,96.44,68
1767098700,96.44,96.44,96.44,96.44,2
1767098760,96.44,96.44,96.44,96.44,50
1767098820,96.44,96.44,96.44,96.44,88
1767098880,96.44,96.44,96.44,96.44,44
1767099600,96.44,96.44,96.44,96.44,34
1767100620,96.44,96.44,96.44,96.44,320
1767100740,96.44,96.44,96.44,96.44,71
1767100800,96.44,96.44,96.44,96.44,1
1767100860,96.44,96.44,96.44,96.44,19
1767100920,96.44,96.44,96.44,96.44,8
1767100980,96.44,96.44,96.44,96.44,366
1767101040,96.44,96.44,96.44,96.44,28
1767101280,96.44,96.44,96.44,96.44,58
1767101400,96.44,96.44,96.435,96.435,14
1767101460,96.44,96.44,96.44,96.44,11
1767101640,96.44,96.44,96.44,96.44,153
1767101700,96.435,96.435,96.435,96.435,1
1767101820,96.44,96.44,96.44,96.44,7
1767102180,96.44,96.44,96.44,96.44,19
1767102240,96.44,96.44,96.44,96.44,12
1767102840,96.44,96.44,96.44,96.44,18
1767103200,96.44,96.44,96.44,96.44,181
1767103440,96.44,96.44,96.44,96.44,333
1767103680,96.44,96.44,96.44,96.44,17
1767105900,96.44,96.44,96.44,96.44,572
1767105960,96.44,96.44,96.44,96.44,255
1767106020,96.44,96.44,96.44,96.44,18
1767106260,96.44,96.44,96.44,96.44,33
1767106320,96.44,96.44,96.44,96.44,7
1767106560,96.44,96.44,96.44,96.44,1
1767106620,96.44,96.44,96.44,96.44,15
1767106860,96.44,96.44,96.44,96.44,22
1767107100,96.44,96.44,96.44,96.44,7
1767107400,96.44,96.44,96.44,96.44,7
1767107460,96.44,96.44,96.44,96.44,37
1767107640,96.44,96.44,96.44,96.44,20
1767107700,96.44,96.44,96.44,96.44,37
1767108120,96.44,96.44,96.44,96.44,23
1767108240,96.44,96.44,96.44,96.44,11
1767108300,96.44,96.44,96.44,96.44,9
1767108480,96.44,96.44,96.44,96.44,11
1767108540,96.44,96.44,96.44,96.44,1
1767108600,96.44,96.44,96.44,96.44,1
1767108720,96.445,96.445,96.445,96.445,1
1767108900,96.44,96.445,96.44,96.445,3
1767109080,96.44,96.44,96.44,96.44,83
1767109140,96.44,96.44,96.44,96.44,3
1767109200,96.44,96.44,96.44,96.44,2
1767109500,96.44,96.44,96.44,96.44,1
1767109740,96.44,96.445,96.44,96.445,4
1767111420,96.44,96.44,96.44,96.44,1
1767112080,96.44,96.44,96.44,96.44,89
1767112140,96.44,96.44,96.44,96.44,15
1767112200,96.44,96.44,96.44,96.44,1
1767112920,96.44,96.44,96.44,96.44,7
1767113340,96.44,96.44,96.44,96.44,234
1767113400,96.44,96.44,96.44,96.44,1
1767113460,96.44,96.44,96.44,96.44,60
1767113520,96.44,96.44,96.44,96.44,1
1767113880,96.44,96.44,96.44,96.44,126
1767114480,96.44,96.44,96.44,96.44,60
1767115740,96.445,96.445,96.445,96.445,1
1767117900,96.44,96.44,96.44,96.44,1
1767120480,96.44,96.44,96.44,96.44,7
1767120840,96.44,96.44,96.44,96.44,112
1767121200,96.44,96.44,96.44,96.44,152
1767121320,96.44,96.44,96.44,96.44,900
1767123420,96.44,96.44,96.44,96.44,50
1767123660,96.445,96.445,96.445,96.445,4
1767123720,96.445,96.445,96.445,96.445,3
1767123900,96.445,96.445,96.445,96.445,15
1767126180,96.445,96.445,96.445,96.445,1
1767127860,96.445,96.445,96.445,96.445,19
1767128580,96.445,96.445,96.445,96.445,5
1767131880,96.44,96.44,96.44,96.44,6
1767131940,96.445,96.445,96.445,96.445,1
1767135600,96.445,96.445,96.445,96.445,7
1767143040,96.445,96.445,96.445,96.445,3
1767148140,96.445,96.445,96.445,96.445,1
1767161580,96.445,96.445,96.445,96.445,9
1767165540,96.445,96.445,96.445,96.445,1
1767166200,96.445,96.445,96.445,96.445,28
1767166260,96.445,96.445,96.445,96.445,13
1767167160,96.445,96.445,96.445,96.445,88
1767167220,96.445,96.445,96.445,96.445,44
1767167280,96.445,96.445,96.445,96.445,14
1767167340,96.45,96.45,96.45,96.45,60
1767167460,96.45,96.45,96.45,96.45,20
1767167640,96.445,96.445,96.445,96.445,40
1767169260,96.445,96.45,96.445,96.45,3
1767169440,96.445,96.445,96.445,96.445,1
1767170280,96.445,96.445,96.445,96.445,44
1767172260,96.445,96.445,96.445,96.445,43
1767172620,96.445,96.445,96.445,96.445,37
1767172740,96.445,96.445,96.445,96.445,6
1767181740,96.445,96.445,96.445,96.445,78
1767181860,96.445,96.445,96.445,96.445,100
1767181920,96.445,96.445,96.445,96.445,30
1767182640,96.45,96.45,96.45,96.45,50
1767186240,96.445,96.445,96.445,96.445,185
1767186300,96.445,96.445,96.445,96.445,8
1767186720,96.445,96.445,96.445,96.445,32
1767186780,96.445,96.445,96.445,96.445,48
1767186840,96.445,96.445,96.445,96.445,647
1767186960,96.445,96.445,96.445,96.445,3
1767187200,96.445,96.445,96.445,96.445,111
1767187380,96.445,96.445,96.445,96.445,114
1767187500,96.445,96.445,96.445,96.445,3
1767187560,96.445,96.445,96.445,96.445,129
1767187620,96.445,96.445,96.445,96.445,226
1767187800,96.44,96.44,96.44,96.44,98
1767187980,96.435,96.435,96.435,96.435,16
1767188040,96.435,96.435,96.435,96.435,328
1767188100,96.435,96.435,96.435,96.435,362
1767188640,96.435,96.435,96.435,96.435,100
1767189840,96.435,96.435,96.435,96.435,34
1767193620,96.435,96.435,96.435,96.435,16
1767193860,96.44,96.44,96.44,96.44,20
1767194760,96.44,96.44,96.44,96.44,1122
1767195000,96.44,96.44,96.44,96.44,63
1767196680,96.44,96.44,96.44,96.44,75
1767200700,96.44,96.44,96.44,96.44,6
1767201180,96.44,96.44,96.44,96.44,5
1767202260,96.44,96.44,96.44,96.44,16
1767202560,96.44,96.44,96.44,96.44,50
1767203580,96.44,96.44,96.44,96.44,5
1767203940,96.44,96.44,96.44,96.44,717
1767204000,96.44,96.44,96.44,96.44,59
1767204060,96.44,96.44,96.44,96.44,187
1767204120,96.44,96.44,96.44,96.44,197
1767204180,96.44,96.44,96.44,96.44,59
1767204240,96.44,96.44,96.44,96.44,59
1767204420,96.44,96.44,96.44,96.44,112
1767206160,96.44,96.44,96.44,96.44,26
1767206760,96.44,96.44,96.44,96.44,136
1767206880,96.44,96.44,96.44,96.44,108
1767207540,96.44,96.44,96.44,96.44,111
1767207780,96.44,96.44,96.44,96.44,60
1767210420,96.44,96.44,96.44,96.44,27
1767211140,96.44,96.44,96.44,96.44,28
1767211260,96.44,96.44,96.44,96.44,55
1767214020,96.435,96.435,96.435,96.435,50
1767216360,96.44,96.44,96.44,96.44,71
1767217740,96.44,96.44,96.44,96.44,57
1767217800,96.44,96.44,96.435,96.435,11
1767218040,96.44,96.44,96.44,96.44,1
1767218160,96.445,96.445,96.445,96.445,28
1767218220,96.44,96.44,96.44,96.44,15
1767309060,96.44,96.44,96.44,96.44,45
1767309180,96.435,96.435,96.435,96.435,17
1767321540,96.44,96.44,96.44,96.44,120
1767328080,96.435,96.435,96.435,96.435,513
1767339000,96.435,96.435,96.435,96.435,1
1767339780,96.435,96.435,96.435,96.435,2
1767341760,96.435,96.435,96.435,96.435,54
1767341820,96.435,96.435,96.435,96.435,48
1767341880,96.435,96.435,96.435,96.435,20
1767341940,96.435,96.435,96.435,96.435,24
1767342180,96.435,96.435,96.435,96.435,1
1767342420,96.44,96.44,96.44,96.44,100
1767354960,96.44,96.44,96.44,96.44,5
1767361440,96.435,96.435,96.435,96.435,27
1767362400,96.44,96.44,96.44,96.44,7
1767362820,96.435,96.435,96.435,96.435,3
1767362880,96.435,96.435,96.435,96.435,1
1767363000,96.44,96.44,96.44,96.44,530
1767363060,96.44,96.44,96.44,96.44,53
1767363300,96.44,96.44,96.44,96.44,48
1767363420,96.44,96.44,96.44,96.44,21
1767363480,96.44,96.44,96.44,96.44,21
1767363720,96.44,96.44,96.44,96.44,1
1767363900,96.44,96.44,96.44,96.44,1
1767365280,96.44,96.44,96.44,96.44,1
1767366660,96.44,96.44,96.44,96.44,34
1767367800,96.44,96.44,96.44,96.44,1
1767367920,96.44,96.44,96.44,96.44,1
1767368040,96.44,96.44,96.44,96.44,1
1767368100,96.44,96.44,96.44,96.44,1
1767368160,96.44,96.44,96.44,96.44,1
1767368280,96.44,96.44,96.44,96.44,1
1767368400,96.44,96.44,96.44,96.44,1
1767368460,96.44,96.44,96.44,96.44,1
1767368520,96.44,96.44,96.44,96.44,1
1767368640,96.44,96.44,96.44,96.44,1
1767368760,96.44,96.44,96.44,96.44,1
1767368880,96.44,96.44,96.44,96.44,1
1767368940,96.44,96.44,96.44,96.44,1
1767369000,96.44,96.44,96.44,96.44,1
1767369120,96.44,96.44,96.44,96.44,1
1767369180,96.44,96.44,96.44,96.44,1
1767369300,96.44,96.44,96.44,96.44,1
1767369360,96.44,96.44,96.44,96.44,1
1767369540,96.44,96.44,96.44,96.44,1
1767369600,96.44,96.44,96.44,96.44,1
1767369660,96.44,96.44,96.44,96.44,1
1767369720,96.44,96.44,96.44,96.44,1
1767369780,96.44,96.44,96.44,96.44,1
1767369840,96.44,96.44,96.44,96.44,1
1767369900,96.44,96.44,96.44,96.44,1
1767369960,96.44,96.44,96.44,96.44,1
1767370020,96.44,96.44,96.44,96.44,1
1767370080,96.44,96.44,96.44,96.44,1
1767370200,96.44,96.44,96.44,96.44,1
1767370320,96.44,96.44,96.44,96.44,1
1767370380,96.44,96.44,96.44,96.44,1
1767370440,96.44,96.44,96.44,96.44,1
1767370500,96.44,96.44,96.44,96.44,1
1767370620,96.44,96.44,96.44,96.44,1
1767370680,96.44,96.44,96.44,96.44,1
1767370800,96.44,96.44,96.44,96.44,1
1767370920,96.44,96.44,96.44,96.44,1
1767371040,96.44,96.44,96.44,96.44,1
1767371100,96.44,96.44,96.44,96.44,1
1767371160,96.44,96.44,96.44,96.44,1
1767371280,96.44,96.44,96.44,96.44,1
1767371340,96.44,96.44,96.44,96.44,1
1767371460,96.44,96.44,96.44,96.44,1
1767371580,96.44,96.44,96.44,96.44,53
1767371640,96.44,96.44,96.44,96.44,1
1767371760,96.44,96.44,96.44,96.44,1
1767371820,96.44,96.44,96.44,96.44,1
1767371940,96.44,96.44,96.44,96.44,1
1767372000,96.44,96.44,96.44,96.44,2
1767372120,96.44,96.44,96.44,96.44,1
1767372180,96.44,96.44,96.44,96.44,1
1767372240,96.44,96.44,96.44,96.44,1
1767372300,96.44,96.44,96.44,96.44,1
1767372420,96.44,96.44,96.44,96.44,1
1767372480,96.44,96.44,96.44,96.44,1
1767372540,96.44,96.44,96.44,96.44,1
1767372660,96.44,96.44,96.44,96.44,1
1767372780,96.44,96.44,96.44,96.44,1
1767372900,96.44,96.44,96.44,96.44,1
1767372960,96.44,96.44,96.44,96.44,2
1767373080,96.44,96.44,96.44,96.44,1
1767373140,96.44,96.44,96.44,96.44,1
1767373200,96.44,96.44,96.44,96.44,1
1767373260,96.44,96.44,96.44,96.44,1
1767373320,96.44,96.44,96.44,96.44,1
1767373380,96.44,96.44,96.44,96.44,1
1767373440,96.44,96.44,96.44,96.44,1
1767373560,96.44,96.44,96.44,96.44,1
1767373680,96.44,96.44,96.44,96.44,1
1767373800,96.44,96.44,96.44,96.44,1
1767373860,96.44,96.44,96.44,96.44,1
1767373980,96.44,96.44,96.44,96.44,1
1767374100,96.44,96.44,96.44,96.44,1
1767374280,96.44,96.44,96.44,96.44,1
1767374340,96.44,96.44,96.44,96.44,1
1767374460,96.44,96.44,96.44,96.44,1
1767374520,96.44,96.44,96.44,96.44,1
1767374640,96.44,96.44,96.44,96.44,1
1767374760,96.44,96.44,96.44,96.44,1
1767374820,96.44,96.44,96.44,96.44,1
1767374880,96.44,96.44,96.44,96.44,25
1767375000,96.44,96.44,96.44,96.44,1
1767375120,96.44,96.44,96.44,96.44,1
1767375240,96.44,96.44,96.44,96.44,1
1767375360,96.44,96.44,96.44,96.44,1
1767375480,96.44,96.44,96.44,96.44,1
1767375540,96.44,96.44,96.44,96.44,1
1767375660,96.44,96.44,96.44,96.44,1
1767375780,96.44,96.44,96.44,96.44,1
1767375960,96.44,96.44,96.44,96.44,1
1767376080,96.44,96.44,96.44,96.44,1
1767376200,96.44,96.44,96.44,96.44,1
1767376320,96.44,96.44,96.44,96.44,1
1767376440,96.44,96.44,96.44,96.44,1
1767376500,96.44,96.44,96.44,96.44,1
1767376620,96.44,96.44,96.44,96.44,1
1767376740,96.44,96.44,96.44,96.44,1
1767376860,96.44,96.44,96.44,96.44,1
1767376920,96.44,96.44,96.44,96.44,1
1767377040,96.44,96.44,96.44,96.44,1
1767377160,96.44,96.44,96.44,96.44,1
1767377280,96.44,96.44,96.44,96.44,1
1767377400,96.44,96.44,96.44,96.44,1
1767377580,96.44,96.44,96.44,96.44,1
1767377820,96.44,96.44,96.44,96.44,1
1767378000,96.44,96.44,96.44,96.44,1
1767378120,96.44,96.44,96.44,96.44,1
1767378420,96.44,96.445,96.44,96.445,35
1767378660,96.44,96.44,96.44,96.44,1
1767378960,96.44,96.44,96.44,96.44,1
1767379200,96.44,96.44,96.44,96.44,1
1767379380,96.44,96.44,96.44,96.44,1
1767379560,96.44,96.44,96.44,96.44,1
1767379860,96.44,96.44,96.44,96.44,1
1767379980,96.44,96.44,96.44,96.44,4
1767380160,96.44,96.44,96.44,96.44,1
1767380340,96.44,96.44,96.44,96.44,1
1767380460,96.44,96.44,96.44,96.44,1
1767380580,96.44,96.44,96.44,96.44,1
1767380760,96.44,96.44,96.44,96.44,1
1767380940,96.44,96.44,96.44,96.44,1
1767381060,96.44,96.44,96.44,96.44,1
1767381240,96.44,96.44,96.44,96.44,1
1767381360,96.44,96.44,96.44,96.44,1
1767381600,96.44,96.44,96.44,96.44,1
1767381780,96.44,96.44,96.44,96.44,1
1767382020,96.44,96.44,96.44,96.44,1
1767382140,96.44,96.44,96.44,96.44,1
1767382260,96.44,96.44,96.44,96.44,1
1767382380,96.44,96.44,96.44,96.44,1
1767382500,96.44,96.44,96.44,96.44,1
1767382680,96.44,96.44,96.44,96.44,1
1767382860,96.44,96.44,96.44,96.44,1
1767383100,96.44,96.44,96.44,96.44,1
1767383160,96.44,96.44,96.44,96.44,1
1767383400,96.44,96.44,96.44,96.44,1
1767383640,96.44,96.44,96.44,96.44,1
1767383760,96.445,96.445,96.44,96.445,546
1767383820,96.445,96.445,96.445,96.445,51
1767383940,96.44,96.44,96.44,96.44,1
1767384000,96.445,96.445,96.445,96.445,158
1767384060,96.445,96.445,96.445,96.445,36
1767384240,96.44,96.44,96.44,96.44,1
1767384300,96.44,96.445,96.44,96.445,55
1767384480,96.445,96.445,96.445,96.445,1
1767384660,96.445,96.445,96.445,96.445,1
1767384960,96.445,96.445,96.445,96.445,1
1767385020,96.445,96.445,96.445,96.445,174
1767385320,96.445,96.445,96.445,96.445,525
1767385560,96.44,96.445,96.44,96.445,28
1767385680,96.44,96.44,96.44,96.44,1
1767385920,96.44,96.44,96.44,96.44,1
1767386100,96.44,96.44,96.44,96.44,1
1767386220,96.44,96.44,96.44,96.44,1
1767386460,96.44,96.44,96.44,96.44,1
1767386700,96.44,96.44,96.44,96.44,1
1767386760,96.44,96.44,96.44,96.44,1
1767386940,96.44,96.44,96.44,96.44,1
1767387060,96.44,96.44,96.44,96.44,1
1767387300,96.44,96.445,96.44,96.445,30
1767387540,96.44,96.44,96.44,96.44,1
1767390300,96.445,96.445,96.445,96.445,104
1767390360,96.445,96.445,96.445,96.445,191
1767390420,96.445,96.445,96.445,96.445,1
1767390480,96.445,96.445,96.445,96.445,64
1767390600,96.445,96.445,96.445,96.445,9
1767390780,96.445,96.45,96.445,96.445,336
1767390840,96.445,96.445,96.445,96.445,4
1767390960,96.445,96.445,96.445,96.445,56
1767567600,96.445,96.445,96.44,96.44,143
1767567660,96.44,96.44,96.44,96.44,135
1767567720,96.44,96.44,96.44,96.44,111
1767567780,96.44,96.44,96.44,96.44,41
1767567840,96.44,96.44,96.44,96.44,7
1767568020,96.44,96.44,96.44,96.44,25
1767568680,96.44,96.44,96.44,96.44,29
1767570300,96.44,96.44,96.44,96.44,110
1767576960,96.44,96.44,96.44,96.44,23
1767581400,96.44,96.44,96.44,96.44,96
1767598920,96.445,96.445,96.445,96.445,43
1767600900,96.445,96.445,96.445,96.445,84
1767601260,96.445,96.445,96.445,96.445,1
1767601560,96.445,96.445,96.445,96.445,273
1767601620,96.445,96.445,96.445,96.445,492
1767601800,96.445,96.445,96.445,96.445,53
1767601860,96.445,96.445,96.445,96.445,100
1767601920,96.445,96.445,96.445,96.445,102
1767602160,96.445,96.445,96.445,96.445,16
1767602400,96.445,96.445,96.445,96.445,152
1767603420,96.445,96.445,96.445,96.445,500
1767603480,96.445,96.445,96.445,96.445,500
1767606000,96.445,96.445,96.445,96.445,15
1767606480,96.445,96.445,96.445,96.445,400
1767606540,96.445,96.445,96.445,96.445,102
1767607800,96.445,96.445,96.445,96.445,2
1767609420,96.445,96.445,96.445,96.445,39
1767612300,96.445,96.445,96.445,96.445,3
1767613860,96.445,96.445,96.445,96.445,1
1767614040,96.445,96.445,96.445,96.445,250
1767615360,96.445,96.445,96.445,96.445,2
1767615540,96.445,96.445,96.445,96.445,925
1767617520,96.445,96.445,96.445,96.445,5
1767618060,96.445,96.445,96.445,96.445,591
1767618240,96.44,96.44,96.44,96.44,18
1767618720,96.44,96.44,96.44,96.44,5
1767619920,96.44,96.44,96.44,96.44,758
1767620220,96.44,96.44,96.44,96.44,963
1767620700,96.44,96.44,96.44,96.44,17
1767620940,96.44,96.44,96.44,96.44,3
1767621060,96.44,96.44,96.44,96.44,49
1767621900,96.44,96.44,96.44,96.44,1
1767622440,96.44,96.44,96.44,96.44,42
1767622980,96.44,96.44,96.44,96.44,6
1767623040,96.44,96.44,96.44,96.44,151
1767623100,96.44,96.44,96.44,96.44,3
1767623160,96.44,96.44,96.44,96.44,6
1767623640,96.44,96.44,96.44,96.44,100
1767624180,96.44,96.44,96.44,96.44,69
1767624840,96.44,96.44,96.44,96.44,6
1767625020,96.44,96.44,96.44,96.44,4
1767625080,96.44,96.44,96.44,96.44,35
1767625200,96.44,96.445,96.44,96.44,336
1767626220,96.44,96.44,96.44,96.44,10
1767626760,96.44,96.44,96.44,96.44,1
1767627120,96.445,96.445,96.445,96.445,13
1767627540,96.44,96.44,96.44,96.44,1
1767627600,96.44,96.44,96.44,96.44,1
1767627660,96.44,96.44,96.44,96.44,1
1767627720,96.44,96.44,96.44,96.44,1
1767627780,96.44,96.44,96.44,96.44,1
1767627900,96.44,96.44,96.44,96.44,1
1767627960,96.44,96.44,96.44,96.44,1
1767628080,96.44,96.44,96.44,96.44,1
1767628140,96.44,96.44,96.44,96.44,1
1767628200,96.44,96.44,96.44,96.44,1
1767628260,96.44,96.44,96.44,96.44,1
1767628320,96.44,96.44,96.44,96.44,1
1767628380,96.44,96.44,96.44,96.44,1
1767628440,96.44,96.44,96.44,96.44,1
1767628560,96.44,96.44,96.44,96.44,1
1767628620,96.44,96.44,96.44,96.44,2
1767628680,96.44,96.44,96.44,96.44,1
1767628740,96.44,96.44,96.44,96.44,1
1767628800,96.44,96.44,96.44,96.44,1
1767628860,96.44,96.44,96.44,96.44,1
1767628920,96.44,96.44,96.44,96.44,1
1767628980,96.44,96.44,96.44,96.44,1
1767629040,96.44,96.44,96.44,96.44,1
1767629100,96.44,96.44,96.44,96.44,1
1767629160,96.44,96.44,96.44,96.44,1
1767629220,96.44,96.44,96.44,96.44,3
1767629280,96.44,96.44,96.44,96.44,1
1767629400,96.44,96.44,96.44,96.44,1
1767629460,96.44,96.44,96.44,96.44,1
1767629580,96.44,96.44,96.44,96.44,1
1767629640,96.44,96.44,96.44,96.44,1
1767629700,96.44,96.44,96.44,96.44,1
1767629760,96.44,96.44,96.44,96.44,1
1767629820,96.44,96.44,96.44,96.44,1
1767629880,96.44,96.44,96.44,96.44,1
1767630000,96.44,96.44,96.44,96.44,1
1767630060,96.44,96.44,96.44,96.44,1
1767630180,96.44,96.44,96.44,96.44,1
1767630300,96.44,96.445,96.44,96.445,61
1767630360,96.44,96.44,96.44,96.44,1
1767630420,96.44,96.44,96.44,96.44,1
1767630480,96.44,96.44,96.44,96.44,1
1767630540,96.44,96.44,96.44,96.44,1
1767630660,96.44,96.44,96.44,96.44,1
1767630720,96.44,96.44,96.44,96.44,1
1767630780,96.44,96.44,96.44,96.44,1
1767630840,96.44,96.44,96.44,96.44,1
1767630900,96.44,96.44,96.44,96.44,625
1767630960,96.44,96.44,96.44,96.44,481
1767631020,96.44,96.44,96.44,96.44,1
1767631080,96.44,96.44,96.44,96.44,97
1767631140,96.44,96.44,96.44,96.44,1
1767631200,96.44,96.44,96.44,96.44,1
1767631260,96.44,96.44,96.44,96.44,1
1767631320,96.44,96.44,96.44,96.44,1
1767631380,96.44,96.44,96.44,96.44,1
1767631440,96.44,96.44,96.44,96.44,1
1767631500,96.44,96.44,96.44,96.44,1
1767631620,96.44,96.44,96.44,96.44,1
1767631680,96.44,96.44,96.44,96.44,1
1767631740,96.44,96.44,96.44,96.44,1
1767631800,96.44,96.44,96.44,96.44,1
1767631920,96.44,96.44,96.44,96.44,1
1767631980,96.44,96.44,96.44,96.44,20
1767632040,96.44,96.44,96.44,96.44,1705
1767632100,96.44,96.44,96.44,96.44,2
1767632160,96.44,96.44,96.44,96.44,1
1767632220,96.44,96.44,96.44,96.44,27
1767632340,96.44,96.44,96.44,96.44,2
1767632400,96.44,96.44,96.44,96.44,2
1767632460,96.44,96.44,96.44,96.44,1
1767632520,96.44,96.44,96.44,96.44,2
1767632640,96.44,96.44,96.44,96.44,1
1767632700,96.44,96.44,96.44,96.44,1
1767632760,96.44,96.44,96.44,96.44,1
1767632880,96.44,96.44,96.44,96.44,4
1767632940,96.44,96.44,96.44,96.44,1
1767633060,96.44,96.44,96.44,96.44,1
1767633120,96.44,96.44,96.44,96.44,1
1767633240,96.445,96.445,96.44,96.44,41
1767633360,96.44,96.44,96.44,96.44,1
1767633480,96.44,96.44,96.44,96.44,1
1767633540,96.44,96.44,96.44,96.44,1
1767633660,96.44,96.44,96.44,96.44,1
1767633720,96.44,96.44,96.44,96.44,1
1767633780,96.44,96.44,96.44,96.44,1
1767633900,96.44,96.44,96.44,96.44,1
1767633960,96.44,96.44,96.44,96.44,1
1767634020,96.44,96.44,96.44,96.44,1
1767634080,96.44,96.44,96.44,96.44,1
1767634140,96.44,96.44,96.44,96.44,1
1767634260,96.44,96.44,96.44,96.44,1
1767634320,96.445,96.445,96.445,96.445,8
1767634380,96.44,96.44,96.44,96.44,1
1767634500,96.44,96.44,96.44,96.44,1
1767634560,96.44,96.44,96.44,96.44,1
1767634680,96.44,96.44,96.44,96.44,1
1767634740,96.44,96.44,96.44,96.44,1
1767634800,96.44,96.44,96.44,96.44,1
1767634920,96.44,96.44,96.44,96.44,1
1767634980,96.44,96.44,96.44,96.44,1
1767635040,96.445,96.445,96.445,96.445,83
1767635100,96.44,96.44,96.44,96.44,1
1767635220,96.44,96.44,96.44,96.44,1
1767635340,96.44,96.44,96.44,96.44,1
1767635460,96.44,96.44,96.44,96.44,1
1767635520,96.44,96.44,96.44,96.44,2
1767635580,96.44,96.44,96.44,96.44,1
1767635640,96.44,96.44,96.44,96.44,1
1767635700,96.44,96.44,96.44,96.44,1
1767635820,96.44,96.44,96.44,96.44,1
1767635880,96.44,96.44,96.44,96.44,1
1767635940,96.445,96.445,96.445,96.445,100
1767636000,96.44,96.44,96.44,96.44,1
1767636060,96.44,96.44,96.44,96.44,1
1767636120,96.44,96.44,96.44,96.44,1
1767636240,96.44,96.44,96.44,96.44,1
1767636300,96.44,96.44,96.44,96.44,1
1767636420,96.44,96.44,96.44,96.44,1
1767636480,96.445,96.445,96.44,96.44,101
1767636600,96.44,96.44,96.44,96.44,1
1767636780,96.44,96.44,96.44,96.44,1
1767637020,96.44,96.44,96.44,96.44,1
1767637200,96.44,96.44,96.44,96.44,1
1767637320,96.44,96.44,96.44,96.44,1
1767637500,96.44,96.44,96.44,96.44,1
1767637800,96.44,96.44,96.44,96.44,1
1767637920,96.445,96.445,96.445,96.445,143
1767637980,96.44,96.44,96.44,96.44,1
1767638220,96.44,96.44,96.44,96.44,1
1767638400,96.44,96.44,96.44,96.44,1
1767638520,96.44,96.44,96.44,96.44,1
1767638700,96.44,96.44,96.44,96.44,1
1767638940,96.44,96.44,96.44,96.44,1
1767639060,96.445,96.445,96.44,96.44,25
1767639180,96.44,96.44,96.44,96.44,1
1767639300,96.44,96.44,96.44,96.44,1
1767639480,96.44,96.44,96.44,96.44,1
1767639600,96.44,96.44,96.44,96.44,1
1767639660,96.44,96.44,96.44,96.44,1
1767639780,96.44,96.44,96.44,96.44,1
1767639900,96.44,96.44,96.44,96.44,1
1767640020,96.44,96.44,96.44,96.44,1
1767640140,96.44,96.44,96.44,96.44,1
1767640200,96.44,96.44,96.44,96.44,1
1767640320,96.44,96.44,96.44,96.44,1
1767640440,96.445,96.445,96.44,96.44,51
1767640620,96.44,96.44,96.44,96.44,1
1767640800,96.44,96.44,96.44,96.44,1
1767640980,96.44,96.44,96.44,96.44,1
1767641160,96.44,96.44,96.44,96.44,1
1767641280,96.44,96.44,96.44,96.44,1
1767641400,96.44,96.44,96.44,96.44,1
1767641460,96.44,96.44,96.44,96.44,1
1767641580,96.44,96.44,96.44,96.44,1
1767641700,96.44,96.44,96.44,96.44,1
1767641820,96.44,96.44,96.44,96.44,1
1767642000,96.445,96.445,96.44,96.44,26
1767642180,96.44,96.44,96.44,96.44,1
1767642300,96.44,96.44,96.44,96.44,1
1767642420,96.44,96.44,96.44,96.44,1
1767642600,96.44,96.44,96.44,96.44,1
1767642720,96.44,96.44,96.44,96.44,1
1767642900,96.44,96.44,96.44,96.44,1
1767642960,96.44,96.44,96.44,96.44,1
1767643080,96.44,96.44,96.44,96.44,1
1767643140,96.44,96.44,96.44,96.44,1
1767643200,96.44,96.44,96.44,96.44,1
1767643260,96.44,96.44,96.44,96.44,1
1767643320,96.44,96.44,96.44,96.44,1
1767643440,96.44,96.44,96.44,96.44,1
1767643500,96.44,96.44,96.44,96.44,1
1767643680,96.44,96.44,96.44,96.44,1
1767643860,96.44,96.44,96.44,96.44,1
1767644100,96.44,96.44,96.44,96.44,1
1767644280,96.44,96.44,96.44,96.44,1
1767644460,96.44,96.44,96.44,96.44,1
1767644640,96.44,96.44,96.44,96.44,1
1767644760,96.44,96.44,96.44,96.44,1
1767644880,96.44,96.44,96.44,96.44,1
1767645060,96.44,96.44,96.44,96.44,1
1767645240,96.44,96.44,96.44,96.44,1
1767645360,96.44,96.44,96.44,96.44,1
1767645540,96.44,96.44,96.44,96.44,1
1767645720,96.44,96.44,96.44,96.44,1
1767645840,96.445,96.445,96.445,96.445,1
1767645900,96.44,96.44,96.44,96.44,1
1767645960,96.44,96.44,96.44,96.44,1
1767646080,96.44,96.44,96.44,96.44,1
1767646140,96.44,96.44,96.44,96.44,137
1767646200,96.44,96.44,96.44,96.44,1
1767646380,96.44,96.44,96.44,96.44,1
1767646560,96.44,96.44,96.44,96.44,1
1767646680,96.44,96.44,96.44,96.44,1
1767646740,96.44,96.44,96.44,96.44,1
1767647100,96.445,96.445,96.445,96.445,203
1767647400,96.445,96.445,96.445,96.445,16
1767648180,96.445,96.445,96.445,96.445,18
1767648420,96.445,96.445,96.445,96.445,115
1767648900,96.44,96.44,96.44,96.44,6
1767650040,96.445,96.445,96.445,96.445,6
1767650100,96.445,96.445,96.445,96.445,23
1767650220,96.44,96.44,96.44,96.44,143
1767654000,96.445,96.445,96.445,96.445,7
1767659640,96.44,96.445,96.44,96.445,5
1767659700,96.44,96.445,96.44,96.445,45
1767665160,96.44,96.44,96.44,96.44,275
1767665400,96.44,96.44,96.44,96.44,5
1767665520,96.44,96.44,96.44,96.44,51
1767666420,96.44,96.44,96.44,96.44,2
1767666480,96.44,96.44,96.44,96.44,179
1767668100,96.44,96.44,96.44,96.44,561
1767668640,96.44,96.44,96.44,96.44,13
1767671700,96.44,96.44,96.44,96.44,62
1767674820,96.44,96.44,96.44,96.44,21
1767675900,96.44,96.44,96.44,96.44,21
1767676200,96.44,96.44,96.44,96.44,21
1767676380,96.44,96.44,96.44,96.44,21
1767681180,96.44,96.44,96.44,96.44,12
1767681360,96.44,96.44,96.44,96.44,1
1767681600,96.44,96.44,96.44,96.44,26
1767682440,96.44,96.44,96.44,96.44,1
1767682560,96.44,96.44,96.44,96.44,9
1767687900,96.445,96.445,96.445,96.445,1
1767696540,96.44,96.44,96.44,96.44,7
1767696600,96.44,96.44,96.44,96.44,26
1767697380,96.44,96.44,96.44,96.44,813
1767697440,96.44,96.44,96.44,96.44,72
1767698280,96.44,96.44,96.44,96.44,13
1767698520,96.44,96.44,96.44,96.44,600
1767698700,96.44,96.44,96.44,96.44,131
1767699300,96.44,96.44,96.44,96.44,10
1767699600,96.435,96.435,96.435,96.435,4
1767702360,96.44,96.44,96.44,96.44,2
1767703260,96.435,96.435,96.435,96.435,3
1767703620,96.435,96.435,96.435,96.435,1
1767703680,96.44,96.44,96.44,96.44,50
1767704580,96.435,96.435,96.435,96.435,1
1767705000,96.435,96.435,96.435,96.435,1
1767705120,96.435,96.435,96.435,96.435,1
1767705240,96.435,96.435,96.435,96.435,2
1767705600,96.44,96.44,96.44,96.44,14
1767706200,96.435,96.435,96.435,96.435,10
1767707820,96.44,96.44,96.44,96.44,69
1767709080,96.435,96.435,96.435,96.435,494
1767709380,96.435,96.435,96.435,96.435,24
1767710520,96.44,96.44,96.44,96.44,33
1767710580,96.435,96.435,96.435,96.435,65
1767710700,96.44,96.44,96.44,96.44,8
1767710760,96.435,96.435,96.435,96.435,1
1767710880,96.435,96.435,96.435,96.435,1
1767711000,96.435,96.435,96.435,96.435,1
1767711180,96.435,96.435,96.435,96.435,1
1767711300,96.435,96.435,96.435,96.435,1
1767711360,96.44,96.44,96.44,96.44,8
1767711420,96.435,96.435,96.435,96.435,1
1767711540,96.435,96.435,96.435,96.435,1
1767711600,96.435,96.435,96.435,96.435,1
1767711720,96.435,96.435,96.435,96.435,1
1767711840,96.435,96.435,96.435,96.435,1
1767711960,96.435,96.435,96.435,96.435,1
1767712080,96.435,96.435,96.435,96.435,1
1767712140,96.435,96.435,96.435,96.435,1
1767712260,96.435,96.435,96.435,96.435,446
1767712380,96.435,96.435,96.435,96.435,1
1767712560,96.435,96.435,96.435,96.435,1508
1767712620,96.435,96.435,96.435,96.435,92
1767712920,96.435,96.435,96.435,96.435,1
1767712980,96.43,96.43,96.43,96.43,1
1767713160,96.43,96.43,96.43,96.43,1
1767713340,96.43,96.43,96.43,96.43,1
1767713520,96.435,96.435,96.435,96.435,1
1767713580,96.43,96.43,96.43,96.43,1
1767713760,96.43,96.43,96.43,96.43,301
1767713940,96.43,96.43,96.43,96.43,1
1767714000,96.43,96.43,96.43,96.43,12
1767714060,96.435,96.435,96.435,96.435,2
1767714120,96.43,96.43,96.43,96.43,1
1767714180,96.43,96.43,96.43,96.43,8
1767714360,96.43,96.435,96.43,96.435,2
1767714540,96.43,96.43,96.43,96.43,1
1767714600,96.43,96.43,96.43,96.43,53
1767714720,96.43,96.43,96.43,96.43,1
1767714900,96.43,96.43,96.43,96.43,1
1767715020,96.435,96.435,96.435,96.435,602
1767715080,96.435,96.435,96.435,96.435,944
1767715320,96.43,96.43,96.43,96.43,1
1767715440,96.43,96.43,96.43,96.43,1
1767715560,96.43,96.43,96.43,96.43,1
1767715800,96.43,96.43,96.43,96.43,1
1767715980,96.435,96.435,96.43,96.43,49
1767716100,96.43,96.43,96.43,96.43,10
1767716160,96.43,96.43,96.43,96.43,1
1767716340,96.43,96.43,96.43,96.43,1
1767716640,96.43,96.43,96.43,96.43,1
1767716700,96.43,96.43,96.43,96.43,25
1767716820,96.43,96.43,96.43,96.43,1
1767717000,96.43,96.43,96.43,96.43,1
1767717180,96.43,96.43,96.43,96.43,1
1767717360,96.43,96.43,96.43,96.43,1
1767717540,96.43,96.43,96.43,96.43,1
1767717660,96.43,96.43,96.43,96.43,1
1767717720,96.435,96.435,96.435,96.435,97
1767717840,96.43,96.43,96.43,96.43,1
1767718080,96.43,96.43,96.43,96.43,1
1767718260,96.435,96.435,96.43,96.43,3
1767718440,96.43,96.43,96.43,96.43,1
1767718560,96.43,96.43,96.43,96.43,1
1767718740,96.43,96.43,96.43,96.43,1
1767718860,96.43,96.43,96.43,96.43,1
1767719040,96.43,96.43,96.43,96.43,1
1767719220,96.43,96.43,96.43,96.43,1
1767719460,96.43,96.43,96.43,96.43,1
1767719700,96.43,96.43,96.43,96.43,1
1767719760,96.435,96.435,96.435,96.435,18
1767719880,96.435,96.435,96.435,96.435,500
1767720000,96.43,96.43,96.43,96.43,1
1767720180,96.43,96.435,96.43,96.435,501
1767720360,96.43,96.43,96.43,96.43,1
1767720540,96.43,96.43,96.43,96.43,1
1767720840,96.43,96.43,96.43,96.43,1
1767721020,96.435,96.435,96.435,96.435,250
1767721080,96.43,96.43,96.43,96.43,1
1767721260,96.435,96.435,96.43,96.43,6
1767721500,96.43,96.43,96.43,96.43,1
1767721800,96.43,96.43,96.43,96.43,1
1767722040,96.43,96.43,96.43,96.43,1
1767722280,96.43,96.43,96.43,96.43,1
1767722460,96.43,96.43,96.43,96.43,1
1767722700,96.43,96.43,96.43,96.43,1
1767722940,96.43,96.43,96.43,96.43,1
1767723060,96.435,96.435,96.435,96.435,70
1767723300,96.435,96.435,96.435,96.435,7
1767723540,96.435,96.435,96.435,96.435,47
1767723600,96.435,96.435,96.435,96.435,8
1767723960,96.435,96.435,96.435,96.435,2
1767724080,96.435,96.435,96.435,96.435,738
1767724140,96.435,96.435,96.435,96.435,383
1767724200,96.435,96.435,96.435,96.435,60
1767724440,96.435,96.435,96.435,96.435,5
1767724860,96.435,96.435,96.435,96.435,223
1767724980,96.435,96.435,96.435,96.435,60
1767725100,96.435,96.435,96.435,96.435,107
1767725400,96.435,96.435,96.435,96.435,1
1767725640,96.435,96.435,96.435,96.435,1
1767725940,96.44,96.44,96.44,96.44,3
1767726000,96.435,96.435,96.435,96.435,1
1767726300,96.435,96.435,96.435,96.435,156
1767726420,96.44,96.44,96.44,96.44,80
1767726600,96.435,96.435,96.435,96.435,1
1767726900,96.435,96.435,96.435,96.435,1
1767727320,96.435,96.435,96.435,96.435,1
1767727500,96.44,96.44,96.44,96.44,2
1767727740,96.435,96.435,96.435,96.435,1
1767727980,96.435,96.435,96.435,96.435,1
1767728160,96.44,96.44,96.44,96.44,4
1767728340,96.435,96.435,96.435,96.435,1
1767728700,96.435,96.435,96.435,96.435,1
1767729060,96.435,96.435,96.435,96.435,1
1767729240,96.44,96.44,96.44,96.44,1
1767729360,96.435,96.435,96.435,96.435,1
1767729600,96.435,96.435,96.435,96.435,1
1767729780,96.435,96.435,96.435,96.435,1
1767730080,96.435,96.435,96.435,96.435,1
1767730560,96.435,96.435,96.435,96.435,1
1767730980,96.435,96.435,96.435,96.435,1
1767731340,96.435,96.435,96.435,96.435,1
1767731760,96.435,96.435,96.435,96.435,1
1767732180,96.435,96.435,96.435,96.435,1
1767732480,96.435,96.435,96.435,96.435,1
1767732900,96.435,96.435,96.435,96.435,1
1767733020,96.44,96.44,96.44,96.44,16
1767733140,96.435,96.435,96.435,96.435,1
1767733260,96.44,96.44,96.44,96.44,35
1767733440,96.44,96.44,96.44,96.44,33
1767733920,96.44,96.44,96.44,96.44,6
1767733980,96.44,96.44,96.44,96.44,6
1767734580,96.44,96.44,96.44,96.44,52
1767735540,96.435,96.435,96.435,96.435,5
1767736200,96.44,96.44,96.44,96.44,36
1767740400,96.435,96.435,96.435,96.435,321
1767740460,96.435,96.435,96.435,96.435,76
1767740700,96.435,96.435,96.435,96.435,1
1767740820,96.435,96.435,96.435,96.435,11
1767741000,96.435,96.435,96.435,96.435,8
1767741240,96.435,96.435,96.435,96.435,3
1767743520,96.435,96.435,96.435,96.435,169
1767743580,96.435,96.435,96.435,96.435,56
1767743700,96.435,96.435,96.435,96.435,77
1767745200,96.435,96.435,96.435,96.435,5
1767749100,96.435,96.435,96.435,96.435,7
1767751080,96.435,96.435,96.435,96.435,25
1767752700,96.435,96.435,96.435,96.435,1
1767754080,96.435,96.435,96.435,96.435,100
1767765420,96.435,96.435,96.435,96.435,121
1767765600,96.435,96.435,96.435,96.435,46
1767768540,96.435,96.435,96.435,96.435,20
1767768600,96.435,96.435,96.435,96.435,551
1767769440,96.435,96.435,96.435,96.435,69
1767769620,96.435,96.435,96.435,96.435,402
1767769920,96.435,96.435,96.435,96.435,2
1767770100,96.435,96.435,96.435,96.435,769
1767770280,96.435,96.435,96.435,96.435,84
1767770340,96.435,96.435,96.435,96.435,4
1767770520,96.435,96.435,96.435,96.435,152
1767770760,96.435,96.435,96.435,96.435,138
1767770880,96.435,96.435,96.435,96.435,42
1767771780,96.435,96.435,96.435,96.435,3
1767772440,96.435,96.435,96.435,96.435,723
1767773160,96.435,96.435,96.435,96.435,18
1767773520,96.435,96.435,96.435,96.435,80
1767773700,96.435,96.435,96.435,96.435,4
1767773760,96.435,96.435,96.435,96.435,200
1767774600,96.435,96.435,96.435,96.435,19
1767774960,96.435,96.435,96.435,96.435,385
1767775260,96.435,96.435,96.435,96.435,21
1767775680,96.435,96.435,96.435,96.435,12
1767776040,96.435,96.435,96.435,96.435,694
1767776100,96.435,96.435,96.435,96.435,5
1767776400,96.435,96.435,96.435,96.435,2
1767776460,96.435,96.435,96.435,96.435,103
1767776580,96.435,96.435,96.435,96.435,14
1767777300,96.435,96.435,96.435,96.435,470
1767777600,96.435,96.435,96.435,96.435,17
1767777900,96.435,96.435,96.435,96.435,42
1767777960,96.435,96.435,96.435,96.435,3
1767778020,96.435,96.435,96.435,96.435,31
1767778800,96.435,96.435,96.435,96.435,16
1767779220,96.435,96.435,96.435,96.435,8
1767782760,96.435,96.435,96.435,96.435,39
1767782820,96.43,96.43,96.43,96.43,100
1767787500,96.435,96.435,96.435,96.435,2
1767787680,96.435,96.435,96.435,96.435,291
1767788340,96.435,96.435,96.435,96.435,3
1767788640,96.435,96.435,96.435,96.435,1
1767789540,96.435,96.435,96.435,96.435,192
1767789720,96.435,96.435,96.435,96.435,614
1767790200,96.435,96.435,96.435,96.435,268
1767790380,96.435,96.435,96.435,96.435,6
1767790800,96.435,96.435,96.435,96.435,432
1767790980,96.435,96.435,96.435,96.435,200
1767791040,96.435,96.435,96.435,96.435,167
1767791400,96.435,96.435,96.435,96.435,9
1767791640,96.435,96.435,96.435,96.435,59
1767795060,96.435,96.435,96.435,96.435,75
1767796140,96.435,96.435,96.435,96.435,123
1767797880,96.435,96.435,96.435,96.435,346
1767797940,96.435,96.435,96.435,96.435,139
1767798000,96.435,96.435,96.43,96.43,1294
1767798060,96.43,96.43,96.43,96.43,563
1767798120,96.43,96.43,96.43,96.43,307
1767798180,96.43,96.43,96.43,96.43,2
1767798240,96.43,96.43,96.43,96.43,2
1767798300,96.425,96.425,96.425,96.425,1680
1767798600,96.425,96.425,96.425,96.425,396
1767798720,96.425,96.425,96.425,96.425,41
1767798780,96.425,96.425,96.425,96.425,133
1767798840,96.425,96.425,96.425,96.425,50
1767798960,96.425,96.425,96.425,96.425,69
1767799020,96.425,96.425,96.425,96.425,162
1767799080,96.425,96.425,96.425,96.425,1
1767799440,96.425,96.425,96.425,96.425,3
1767799680,96.425,96.425,96.425,96.425,165
1767799740,96.425,96.425,96.425,96.425,2183
1767799860,96.425,96.425,96.425,96.425,1
1767799980,96.425,96.425,96.425,96.425,150
1767800040,96.425,96.425,96.425,96.425,138
1767800100,96.425,96.425,96.425,96.425,60
1767800160,96.425,96.425,96.425,96.425,85
1767800340,96.425,96.425,96.425,96.425,35
1767800400,96.425,96.425,96.425,96.425,2
1767800460,96.425,96.425,96.425,96.425,65
1767800520,96.425,96.425,96.425,96.425,258
1767801180,96.425,96.425,96.425,96.425,9
1767801240,96.425,96.425,96.425,96.425,13
1767801960,96.425,96.425,96.425,96.425,249
1767802800,96.425,96.425,96.425,96.425,250
1767802860,96.425,96.425,96.425,96.425,10
1767804000,96.425,96.425,96.425,96.425,14
1767806100,96.425,96.425,96.425,96.425,63
1767807900,96.425,96.425,96.425,96.425,993
1767808200,96.425,96.425,96.425,96.425,35
1767808260,96.425,96.425,96.425,96.425,100
1767808320,96.425,96.425,96.425,96.425,49
1767808380,96.425,96.425,96.425,96.425,85
1767808860,96.425,96.425,96.425,96.425,85
1767808920,96.425,96.425,96.425,96.425,25
1767811200,96.42,96.42,96.42,96.42,86
1767814740,96.42,96.42,96.42,96.42,2
1767815520,96.425,96.425,96.425,96.425,566
1767815880,96.425,96.425,96.425,96.425,4
1767816360,96.425,96.425,96.425,96.425,1
1767817980,96.425,96.425,96.425,96.425,1
1767819840,96.425,96.425,96.425,96.425,2
1767821760,96.425,96.43,96.425,96.43,84
1767822540,96.425,96.425,96.425,96.425,1
1767822900,96.425,96.425,96.425,96.425,2
1767822960,96.425,96.425,96.425,96.425,181
1767823140,96.425,96.425,96.425,96.425,1
1767827100,96.425,96.425,96.425,96.425,202
1767827220,96.425,96.425,96.425,96.425,1
1767828960,96.425,96.425,96.425,96.425,114
1767829020,96.425,96.425,96.425,96.425,26
1767829080,96.425,96.425,96.425,96.425,86
1767829320,96.425,96.425,96.425,96.425,268
1767830640,96.425,96.425,96.425,96.425,3
1767830820,96.425,96.425,96.425,96.425,1
1767831060,96.425,96.425,96.425,96.425,1
1767837840,96.425,96.425,96.425,96.425,200
1767837900,96.425,96.425,96.425,96.425,200
1767837960,96.425,96.425,96.425,96.425,156
1767838560,96.425,96.425,96.425,96.425,6
1767838800,96.425,96.425,96.425,96.425,1
1767838980,96.425,96.425,96.425,96.425,100
1767839040,96.425,96.425,96.425,96.425,100
1767839760,96.425,96.425,96.425,96.425,13
1767840600,96.425,96.425,96.425,96.425,3
1767840780,96.425,96.425,96.425,96.425,1
1767842340,96.425,96.425,96.425,96.425,2
1767842760,96.425,96.425,96.425,96.425,1
1767842820,96.425,96.425,96.425,96.425,1
1767846600,96.425,96.425,96.425,96.425,2
1767848040,96.425,96.425,96.425,96.425,1
1767848820,96.425,96.425,96.425,96.425,100
1767856200,96.43,96.43,96.43,96.43,1
1767858060,96.425,96.425,96.425,96.425,1
1767859260,96.425,96.425,96.425,96.425,2
1767859320,96.425,96.425,96.425,96.425,1
1767859860,96.425,96.425,96.425,96.425,504
1767860040,96.425,96.425,96.425,96.425,36
1767860640,96.425,96.425,96.425,96.425,180
1767860700,96.425,96.425,96.425,96.425,223
1767860760,96.425,96.425,96.425,96.425,97
1767860880,96.425,96.425,96.425,96.425,4
1767860940,96.425,96.425,96.425,96.425,1
1767861840,96.425,96.425,96.425,96.425,5
1767862200,96.425,96.425,96.425,96.425,3
1767862980,96.425,96.425,96.425,96.425,416
1767863040,96.425,96.425,96.425,96.425,54
1767863400,96.425,96.425,96.425,96.425,129
1767864420,96.425,96.425,96.425,96.425,3
1767865380,96.425,96.425,96.425,96.425,13
1767865800,96.425,96.425,96.425,96.425,1334
1767865920,96.425,96.425,96.425,96.425,1
1767866160,96.425,96.425,96.425,96.425,114
1767866220,96.425,96.425,96.425,96.425,100
1767866280,96.425,96.425,96.425,96.425,34
1767868500,96.425,96.425,96.425,96.425,516
1767869160,96.425,96.425,96.425,96.425,1
1767869880,96.425,96.425,96.425,96.425,159
1767870180,96.425,96.425,96.425,96.425,2
1767870360,96.425,96.425,96.425,96.425,5
1767870780,96.425,96.425,96.425,96.425,99
1767871020,96.425,96.425,96.425,96.425,144
1767871200,96.425,96.425,96.425,96.425,37
1767871500,96.425,96.425,96.425,96.425,11
1767871740,96.425,96.425,96.425,96.425,1
1767873840,96.42,96.42,96.42,96.42,200
1767873900,96.42,96.42,96.42,96.42,100
1767874020,96.42,96.42,96.42,96.42,275
1767874080,96.42,96.42,96.42,96.42,6
1767874680,96.42,96.42,96.42,96.42,45
1767874740,96.42,96.42,96.42,96.42,50
1767874860,96.42,96.42,96.42,96.42,72
1767875700,96.42,96.42,96.42,96.42,163
1767876120,96.425,96.425,96.425,96.425,2
1767877620,96.42,96.42,96.42,96.42,1
1767877680,96.42,96.42,96.42,96.42,1
1767877740,96.42,96.42,96.42,96.42,1
1767877800,96.42,96.42,96.42,96.42,1
1767877860,96.42,96.42,96.42,96.42,2
1767877920,96.42,96.42,96.42,96.42,1
1767877980,96.42,96.42,96.42,96.42,101
1767879000,96.42,96.42,96.42,96.42,574
1767879360,96.42,96.42,96.42,96.42,539
1767879420,96.415,96.415,96.415,96.415,411
1767879480,96.415,96.415,96.415,96.415,2
1767879840,96.415,96.415,96.415,96.415,5
1767879900,96.415,96.415,96.415,96.415,256
1767880500,96.415,96.415,96.415,96.415,1521
1767880560,96.415,96.415,96.415,96.415,154
1767880680,96.415,96.415,96.415,96.415,51
1767880800,96.415,96.415,96.415,96.415,447
1767880860,96.415,96.415,96.415,96.415,100
1767881700,96.415,96.415,96.415,96.415,4
1767881880,96.415,96.415,96.415,96.415,193
1767881940,96.415,96.415,96.415,96.415,40
1767882240,96.415,96.415,96.415,96.415,1
1767882540,96.42,96.42,96.42,96.42,9
1767882840,96.42,96.42,96.42,96.42,3
1767883380,96.42,96.42,96.42,96.42,6357
1767883980,96.42,96.42,96.42,96.42,1
1767884340,96.425,96.425,96.425,96.425,2
1767885660,96.42,96.42,96.42,96.42,4
1767885780,96.42,96.42,96.42,96.42,1
1767886020,96.42,96.42,96.42,96.42,1
1767886080,96.42,96.42,96.42,96.42,7
1767886320,96.42,96.42,96.42,96.42,3
1767887460,96.42,96.42,96.42,96.42,5
1767888000,96.42,96.42,96.42,96.42,2
1767888300,96.42,96.42,96.42,96.42,4
1767889020,96.42,96.42,96.42,96.42,7
1767889260,96.42,96.42,96.42,96.42,1
1767889380,96.425,96.425,96.425,96.425,7
1767889500,96.42,96.42,96.42,96.42,4
1767890040,96.425,96.425,96.425,96.425,9
1767890820,96.425,96.425,96.425,96.425,5
1767891120,96.425,96.425,96.425,96.425,1
1767891660,96.425,96.425,96.425,96.425,10
1767892200,96.425,96.425,96.425,96.425,1
1767892320,96.425,96.425,96.425,96.425,3
1767892440,96.42,96.42,96.42,96.42,5
1767892980,96.425,96.425,96.425,96.425,8
1767893280,96.425,96.425,96.425,96.425,5
1767893640,96.425,96.425,96.425,96.425,12
1767895440,96.425,96.425,96.425,96.425,2
1767895920,96.425,96.425,96.425,96.425,4
1767901260,96.425,96.425,96.425,96.425,11
1767902340,96.42,96.42,96.42,96.42,1
1767903660,96.425,96.425,96.425,96.425,271
1767903840,96.425,96.425,96.425,96.425,1
1767904740,96.425,96.425,96.425,96.425,4
1767904860,96.425,96.425,96.425,96.425,2
1767904920,96.42,96.42,96.42,96.42,9
1767905700,96.425,96.425,96.425,96.425,11
1767905760,96.425,96.43,96.425,96.43,1277
1767906000,96.425,96.425,96.425,96.425,151
1767906180,96.425,96.425,96.425,96.425,5
1767907620,96.425,96.425,96.425,96.425,22
1767907800,96.43,96.43,96.43,96.43,20
1767907980,96.43,96.43,96.43,96.43,4
1767908040,96.43,96.43,96.43,96.43,2
1767908220,96.43,96.43,96.43,96.43,1
1767908340,96.43,96.43,96.43,96.43,1
1767908520,96.43,96.43,96.43,96.43,4
1767909120,96.425,96.425,96.425,96.425,1
1767909240,96.425,96.425,96.425,96.425,47
1767909300,96.425,96.425,96.425,96.425,979
1767913200,96.425,96.425,96.425,96.425,111
1767915960,96.425,96.425,96.425,96.425,21
1767917280,96.425,96.425,96.425,96.425,4
1767917520,96.425,96.425,96.425,96.425,1
1767917640,96.425,96.425,96.425,96.425,136
1767917760,96.425,96.425,96.425,96.425,51
1767917820,96.425,96.425,96.425,96.425,82
1767918120,96.425,96.425,96.425,96.425,192
1767918240,96.425,96.425,96.425,96.425,118
1767918300,96.425,96.425,96.425,96.425,33
1767918480,96.425,96.425,96.425,96.425,64
1767919800,96.425,96.425,96.425,96.425,64
1767921240,96.425,96.425,96.425,96.425,100
1767921600,96.425,96.425,96.425,96.425,64
1767923700,96.425,96.425,96.425,96.425,50
1767924060,96.425,96.425,96.425,96.425,99
1767926280,96.425,96.425,96.425,96.425,200
1767927540,96.425,96.425,96.425,96.425,13
1767928200,96.425,96.425,96.425,96.425,100
1767930540,96.425,96.425,96.425,96.425,2
1767930600,96.425,96.425,96.425,96.425,2
1767930660,96.425,96.425,96.425,96.425,1
1767930780,96.425,96.425,96.425,96.425,2
1767930840,96.425,96.425,96.425,96.425,1
1767931020,96.425,96.425,96.425,96.425,260
1767931080,96.425,96.425,96.425,96.425,100
1767932340,96.425,96.425,96.425,96.425,1
1767937380,96.425,96.425,96.425,96.425,1
1767937860,96.425,96.425,96.425,96.425,1
1767941700,96.425,96.425,96.425,96.425,494
1767942480,96.425,96.425,96.425,96.425,361
1767942540,96.425,96.425,96.425,96.425,8
1767942600,96.425,96.425,96.425,96.425,25
1767942900,96.425,96.425,96.425,96.425,219
1767943140,96.425,96.425,96.425,96.425,75
1767943740,96.425,96.425,96.425,96.425,50
1767944940,96.425,96.425,96.425,96.425,27
1767946020,96.425,96.425,96.425,96.425,3
1767946140,96.425,96.425,96.425,96.425,154
1767946800,96.425,96.425,96.425,96.425,20
1767947280,96.425,96.425,96.425,96.425,166
1767947520,96.425,96.425,96.425,96.425,2
1767947700,96.425,96.425,96.425,96.425,751
1767947760,96.425,96.425,96.425,96.425,70
1767947820,96.425,96.425,96.425,96.425,75
1767948600,96.425,96.425,96.425,96.425,454
1767948660,96.425,96.425,96.425,96.425,140
1767948780,96.425,96.425,96.425,96.425,89
1767948840,96.425,96.425,96.425,96.425,325
1767949020,96.425,96.425,96.425,96.425,75
1767950100,96.425,96.425,96.425,96.425,515
1767950460,96.425,96.425,96.425,96.425,53
1767950520,96.425,96.425,96.425,96.425,4
1767951120,96.425,96.43,96.425,96.43,50
1767951240,96.425,96.43,96.425,96.43,70
1767951300,96.425,96.425,96.425,96.425,200
1767951660,96.425,96.425,96.425,96.425,71
1767951720,96.425,96.425,96.425,96.425,44
1767951780,96.425,96.425,96.425,96.425,48
1767952500,96.425,96.425,96.425,96.425,19
1767953400,96.425,96.425,96.425,96.425,1
1767953940,96.425,96.425,96.425,96.425,164
1767954000,96.425,96.425,96.425,96.425,71
1767954120,96.425,96.425,96.425,96.425,749
1767954180,96.425,96.425,96.425,96.425,2
1767954240,96.425,96.425,96.425,96.425,5
1767954360,96.425,96.425,96.425,96.425,2
1767954480,96.425,96.425,96.425,96.425,39
1767954600,96.425,96.425,96.425,96.425,7
1767954660,96.425,96.425,96.425,96.425,9
1767954720,96.425,96.425,96.425,96.425,1
1767954780,96.425,96.425,96.425,96.425,43
1767955260,96.425,96.425,96.425,96.425,154
1767958620,96.42,96.42,96.42,96.42,106
1767958800,96.425,96.425,96.425,96.425,500
1767959340,96.42,96.42,96.42,96.42,27
1767960540,96.425,96.425,96.425,96.425,8
1767960600,96.425,96.425,96.425,96.425,11
1767960780,96.425,96.425,96.425,96.425,36
1767961200,96.425,96.425,96.425,96.425,32
1767961980,96.425,96.425,96.425,96.425,250
1767962580,96.425,96.425,96.425,96.425,11
1767962760,96.42,96.42,96.42,96.42,1206
1767962820,96.42,96.42,96.42,96.42,16
1767962940,96.42,96.42,96.42,96.42,410
1767963000,96.42,96.42,96.42,96.42,35
1767963060,96.42,96.42,96.42,96.42,305
1767963240,96.42,96.42,96.42,96.42,46
1767963300,96.42,96.42,96.42,96.42,200
1767963360,96.42,96.42,96.42,96.42,165
1767963420,96.42,96.42,96.42,96.42,866
1767963480,96.42,96.42,96.42,96.42,63
1767963540,96.42,96.42,96.42,96.42,66
1767963600,96.42,96.42,96.42,96.42,66
1767963660,96.42,96.42,96.42,96.42,37
1767963720,96.42,96.42,96.42,96.42,50
1767963840,96.42,96.42,96.42,96.42,1
1767963960,96.42,96.42,96.42,96.42,10
1767964080,96.42,96.42,96.42,96.42,9
1767964200,96.42,96.42,96.42,96.42,4
1767964320,96.42,96.42,96.42,96.42,11
1767964560,96.42,96.42,96.42,96.42,50
1767964620,96.42,96.42,96.42,96.42,65
1767964680,96.42,96.42,96.42,96.42,47
1767964740,96.42,96.42,96.42,96.42,232
1767964800,96.42,96.42,96.42,96.42,210
1767964860,96.42,96.42,96.42,96.42,9
1767964920,96.42,96.42,96.42,96.42,103
1767965040,96.42,96.42,96.42,96.42,494
1767965100,96.42,96.42,96.42,96.42,22
1767965160,96.42,96.42,96.42,96.42,242
1767965220,96.42,96.42,96.42,96.42,403
1767965280,96.42,96.42,96.42,96.42,4
1767965340,96.415,96.415,96.415,96.415,21
1767965400,96.41,96.41,96.4,96.4,151
1767965460,96.4,96.405,96.4,96.4,716
1767965520,96.4,96.4,96.4,96.4,1289
1767965580,96.4,96.4,96.4,96.4,148
1767965640,96.4,96.4,96.4,96.4,78
1767965700,96.4,96.4,96.4,96.4,158
1767965880,96.4,96.4,96.4,96.4,1161
1767965940,96.4,96.4,96.4,96.4,618
1767966000,96.4,96.4,96.4,96.4,482
1767966060,96.4,96.4,96.4,96.4,4517
1767966120,96.4,96.4,96.4,96.4,501
1767966180,96.4,96.405,96.4,96.405,28
1767966300,96.4,96.4,96.4,96.4,179
1767966360,96.4,96.4,96.4,96.4,77
1767966420,96.4,96.4,96.4,96.4,1085
1767966480,96.4,96.4,96.4,96.4,1411
1767966540,96.4,96.4,96.4,96.4,602
1767966600,96.4,96.4,96.4,96.4,342
1767966660,96.4,96.4,96.4,96.4,79
1767966720,96.4,96.4,96.4,96.4,295
1767966780,96.4,96.4,96.4,96.4,184
1767966900,96.4,96.4,96.4,96.4,3
1767966960,96.4,96.4,96.4,96.4,38
1767967020,96.4,96.4,96.4,96.4,1
1767967080,96.4,96.4,96.4,96.4,607
1767967140,96.4,96.4,96.4,96.4,81
1767967200,96.4,96.4,96.4,96.4,81
1767967260,96.4,96.4,96.4,96.4,267
1767967560,96.4,96.4,96.4,96.4,192
1767967620,96.4,96.4,96.4,96.4,201
1767967740,96.4,96.4,96.4,96.4,15
1767967860,96.4,96.4,96.4,96.4,121
1767967920,96.4,96.4,96.4,96.4,153
1767967980,96.4,96.4,96.4,96.4,2
1767968100,96.4,96.4,96.4,96.4,91
1767968160,96.4,96.4,96.4,96.4,3
1767968460,96.4,96.4,96.4,96.4,163
1767968520,96.4,96.4,96.4,96.4,100
1767968580,96.4,96.4,96.4,96.4,41
1767968760,96.4,96.4,96.4,96.4,58
1767969540,96.395,96.395,96.395,96.395,37
1767969840,96.395,96.395,96.395,96.395,61
1767969960,96.395,96.395,96.395,96.395,44
1767970200,96.395,96.395,96.395,96.395,5
1767970320,96.395,96.395,96.395,96.395,16
1767970440,96.395,96.395,96.395,96.395,6
1767970500,96.395,96.395,96.395,96.395,3
1767970860,96.395,96.395,96.395,96.395,2
1767971040,96.4,96.4,96.4,96.4,1
1767971100,96.4,96.4,96.4,96.4,3
1767971220,96.4,96.4,96.4,96.4,600
1767971280,96.4,96.4,96.4,96.4,1180
1767971340,96.4,96.4,96.4,96.4,271
1767971640,96.4,96.4,96.4,96.4,25
1767971700,96.4,96.4,96.4,96.4,1
1767972120,96.4,96.4,96.4,96.4,1
1767972240,96.4,96.4,96.4,96.4,1
1767972660,96.4,96.4,96.4,96.4,2
1767972780,96.4,96.4,96.4,96.4,1
1767972960,96.4,96.4,96.4,96.4,2
1767973080,96.4,96.4,96.4,96.4,220
1767973200,96.4,96.4,96.4,96.4,342
1767973260,96.4,96.4,96.4,96.4,1
1767973380,96.4,96.4,96.4,96.4,409
1767973560,96.4,96.4,96.4,96.4,191
1767973980,96.4,96.4,96.4,96.4,45
1767974160,96.4,96.4,96.4,96.4,97
1767974340,96.4,96.4,96.4,96.4,27
1767974400,96.4,96.4,96.4,96.4,9
1767975300,96.4,96.4,96.4,96.4,1
1767975480,96.4,96.4,96.4,96.4,153
1767975780,96.4,96.4,96.4,96.4,82
1767975840,96.4,96.4,96.4,96.4,33
1767975900,96.4,96.4,96.4,96.4,1
1767976020,96.4,96.4,96.4,96.4,16
1767976080,96.4,96.4,96.4,96.4,20
1767976200,96.4,96.4,96.4,96.4,39
1767977400,96.395,96.395,96.395,96.395,10
1767978360,96.4,96.4,96.4,96.4,8
1767978480,96.4,96.4,96.4,96.4,2
1767979080,96.395,96.395,96.395,96.395,8
1767979440,96.395,96.4,96.395,96.4,2746
1767979500,96.4,96.4,96.4,96.4,94
1767979560,96.4,96.4,96.4,96.4,613
1767979680,96.4,96.4,96.4,96.4,354
1767979740,96.4,96.4,96.4,96.4,104
1767979800,96.4,96.4,96.4,96.4,125
1767979920,96.4,96.4,96.4,96.4,92
1767979980,96.4,96.4,96.4,96.4,44
1767980220,96.4,96.4,96.4,96.4,21
1767980340,96.4,96.4,96.4,96.4,50
1767980460,96.4,96.4,96.4,96.4,1
1767980520,96.4,96.4,96.4,96.4,697
1767980700,96.4,96.4,96.4,96.4,1
1767980760,96.4,96.4,96.4,96.4,48
1767981000,96.4,96.4,96.4,96.4,68
1767981360,96.4,96.4,96.4,96.4,57
1767981540,96.395,96.395,96.395,96.395,203
1767982200,96.4,96.4,96.4,96.4,444
1767982260,96.4,96.4,96.4,96.4,8
1767982440,96.4,96.4,96.4,96.4,10
1767982500,96.4,96.4,96.4,96.4,144
1767982980,96.4,96.4,96.4,96.4,28
1767983160,96.405,96.405,96.405,96.405,102
1767983700,96.4,96.4,96.4,96.4,10
1767985860,96.4,96.4,96.4,96.4,37
1767985920,96.4,96.4,96.4,96.4,305
1767986040,96.4,96.4,96.4,96.4,330
1767986100,96.4,96.4,96.4,96.4,173
1767986160,96.4,96.4,96.4,96.4,31
1767987420,96.4,96.4,96.4,96.4,171
1767987480,96.4,96.4,96.4,96.4,264
1767988140,96.4,96.4,96.4,96.4,11
1767988260,96.395,96.4,96.395,96.4,26
1767988680,96.4,96.4,96.4,96.4,13
1767988740,96.4,96.4,96.4,96.4,9
1767989220,96.4,96.4,96.4,96.4,190
1767989520,96.395,96.395,96.395,96.395,1
1767990060,96.395,96.395,96.395,96.395,1
1767990900,96.4,96.4,96.4,96.4,4
1767992580,96.4,96.4,96.4,96.4,1
1767992700,96.395,96.395,96.395,96.395,22
1767993420,96.395,96.395,96.395,96.395,55
1767994200,96.395,96.395,96.395,96.395,20
1767995100,96.4,96.4,96.4,96.4,141
1767995280,96.4,96.4,96.4,96.4,155
1767995400,96.4,96.4,96.4,96.4,580
1767995460,96.4,96.4,96.4,96.4,279
1767995520,96.4,96.4,96.4,96.4,280
1767995580,96.4,96.4,96.395,96.4,174
1767995640,96.4,96.4,96.4,96.4,270
1767995700,96.4,96.4,96.4,96.4,215
1767995760,96.4,96.4,96.4,96.4,1
1767995820,96.4,96.4,96.4,96.4,446
1767995940,96.4,96.4,96.4,96.4,10
1768172400,96.4,96.4,96.4,96.4,1
1768172460,96.4,96.4,96.4,96.4,12
1768172520,96.4,96.4,96.4,96.4,4
1768172700,96.4,96.4,96.4,96.4,8
1768172760,96.4,96.4,96.4,96.4,10
1768172820,96.4,96.4,96.4,96.4,1
1768173000,96.4,96.4,96.4,96.4,207
1768177740,96.4,96.4,96.4,96.4,25
1768177860,96.4,96.4,96.4,96.4,2
1768178040,96.4,96.4,96.4,96.4,2505
1768178160,96.4,96.4,96.4,96.4,117
1768179720,96.4,96.4,96.4,96.4,236
1768180080,96.4,96.4,96.4,96.4,740
1768180140,96.4,96.4,96.4,96.4,507
1768180800,96.4,96.4,96.4,96.4,11
1768182000,96.4,96.4,96.4,96.4,104
1768183260,96.4,96.4,96.4,96.4,161
1768206300,96.395,96.395,96.395,96.395,1
1768207200,96.4,96.4,96.4,96.4,9
1768207920,96.4,96.4,96.4,96.4,1
1768209480,96.395,96.395,96.395,96.395,53
1768213200,96.395,96.395,96.395,96.395,10
1768214280,96.395,96.395,96.395,96.395,53
1768218780,96.395,96.395,96.395,96.395,1
1768218840,96.395,96.395,96.395,96.395,356
1768220100,96.395,96.395,96.395,96.395,12
1768220580,96.39,96.39,96.39,96.39,30
1768221420,96.39,96.39,96.39,96.39,1
1768222620,96.39,96.39,96.39,96.39,2
1768222800,96.395,96.395,96.395,96.395,142
1768223760,96.39,96.39,96.39,96.39,1
1768223820,96.39,96.39,96.39,96.39,2
1768223880,96.39,96.39,96.39,96.39,2
1768224480,96.39,96.39,96.39,96.39,7
1768224840,96.395,96.395,96.395,96.395,1
1768225380,96.39,96.39,96.39,96.39,2
1768225500,96.395,96.395,96.395,96.395,3
1768225620,96.39,96.39,96.39,96.39,2
1768225680,96.39,96.39,96.39,96.39,5
1768225740,96.39,96.39,96.39,96.39,1
1768225920,96.395,96.395,96.395,96.395,1
1768226220,96.395,96.395,96.395,96.395,1
1768226340,96.39,96.39,96.39,96.39,1
1768226400,96.395,96.395,96.39,96.39,3
1768226460,96.395,96.395,96.39,96.39,2
1768226520,96.395,96.395,96.39,96.39,2
1768226640,96.39,96.39,96.39,96.39,1
1768226700,96.395,96.395,96.39,96.39,2
1768226820,96.395,96.395,96.395,96.395,12
1768226880,96.395,96.395,96.39,96.39,2
1768227000,96.395,96.395,96.395,96.395,10
1768227120,96.39,96.39,96.39,96.39,1
1768227360,96.395,96.395,96.39,96.39,2
1768227600,96.395,96.395,96.39,96.39,3
1768227660,96.39,96.395,96.39,96.39,59
1768227720,96.39,96.39,96.39,96.39,2
1768227780,96.39,96.39,96.39,96.39,1
1768227840,96.39,96.39,96.39,96.39,1
1768228980,96.39,96.39,96.39,96.39,1048
1768229160,96.39,96.39,96.39,96.39,1
1768229280,96.39,96.39,96.39,96.39,1
1768229400,96.39,96.39,96.39,96.39,2687
1768229520,96.39,96.39,96.39,96.39,11
1768229640,96.39,96.39,96.39,96.39,2
1768229700,96.39,96.39,96.39,96.39,1
1768230360,96.39,96.39,96.39,96.39,1
1768230660,96.39,96.39,96.39,96.39,2
1768231020,96.39,96.39,96.39,96.39,7
1768231080,96.395,96.395,96.39,96.39,2
1768231200,96.39,96.39,96.39,96.39,2
1768231620,96.39,96.39,96.39,96.39,1
1768231680,96.39,96.39,96.39,96.39,1
1768231800,96.39,96.39,96.39,96.39,4
1768231860,96.39,96.39,96.39,96.39,4
1768232340,96.39,96.39,96.39,96.39,40
1768232640,96.395,96.395,96.395,96.395,28
1768232880,96.395,96.395,96.395,96.395,1000
1768233060,96.395,96.395,96.395,96.395,500
1768233180,96.395,96.395,96.395,96.395,13
1768233540,96.39,96.39,96.39,96.39,1
1768235100,96.39,96.39,96.39,96.39,1
1768235160,96.395,96.395,96.39,96.39,5
1768235280,96.39,96.39,96.39,96.39,7
1768236780,96.39,96.39,96.39,96.39,1
1768236840,96.395,96.395,96.39,96.39,612
1768237140,96.395,96.395,96.395,96.395,51
1768237260,96.395,96.395,96.395,96.395,849
1768237320,96.395,96.395,96.395,96.395,98
1768237620,96.395,96.395,96.395,96.395,63
1768237680,96.395,96.395,96.395,96.395,50
1768238100,96.395,96.395,96.395,96.395,70
1768238160,96.395,96.395,96.395,96.395,64
1768238280,96.395,96.395,96.395,96.395,512
1768238640,96.395,96.395,96.395,96.395,176
1768238760,96.395,96.395,96.395,96.395,100
1768238880,96.395,96.395,96.395,96.395,363
1768238940,96.395,96.395,96.395,96.395,77
1768239000,96.395,96.4,96.395,96.4,3
1768239360,96.395,96.395,96.395,96.395,461
1768239660,96.395,96.395,96.395,96.395,7
1768239720,96.395,96.395,96.395,96.395,3
1768239900,96.395,96.395,96.395,96.395,51
1768239960,96.395,96.395,96.39,96.39,364
1768240860,96.395,96.395,96.395,96.395,265
1768240920,96.395,96.395,96.395,96.395,20
1768240980,96.395,96.395,96.395,96.395,383
1768241220,96.395,96.395,96.395,96.395,36
1768241340,96.395,96.395,96.395,96.395,90
1768241520,96.395,96.395,96.395,96.395,5
1768241580,96.395,96.395,96.395,96.395,345
1768241760,96.395,96.395,96.395,96.395,111
1768241820,96.395,96.395,96.395,96.395,511
1768241880,96.395,96.395,96.395,96.395,8
1768242120,96.395,96.395,96.395,96.395,695
1768242180,96.395,96.395,96.395,96.395,1
1768242540,96.395,96.395,96.395,96.395,180
1768242780,96.395,96.395,96.395,96.395,1
1768242900,96.395,96.395,96.395,96.395,61
1768243200,96.395,96.395,96.395,96.395,1
1768244040,96.395,96.395,96.395,96.395,30
1768245000,96.395,96.395,96.395,96.395,224
1768246680,96.395,96.4,96.395,96.4,100
1768246740,96.395,96.395,96.395,96.395,1
1768246920,96.395,96.395,96.395,96.395,261
1768247580,96.39,96.39,96.39,96.39,1
1768248180,96.39,96.39,96.39,96.39,1
1768248240,96.39,96.39,96.39,96.39,1
1768249080,96.39,96.39,96.39,96.39,1
1768249320,96.395,96.395,96.395,96.395,5
1768249500,96.395,96.395,96.395,96.395,3
1768249560,96.395,96.395,96.395,96.395,28
1768249860,96.39,96.39,96.39,96.39,18
1768249920,96.395,96.395,96.395,96.395,50
1768250160,96.395,96.395,96.395,96.395,14
1768250640,96.395,96.395,96.395,96.395,1
1768250700,96.395,96.395,96.395,96.395,1
1768250820,96.39,96.39,96.39,96.39,50
1768251060,96.39,96.39,96.39,96.39,1
1768251180,96.395,96.395,96.395,96.395,1
1768251300,96.39,96.39,96.39,96.39,3
1768251360,96.395,96.395,96.395,96.395,25
1768251600,96.395,96.395,96.395,96.395,626
1768254360,96.395,96.395,96.395,96.395,82
1768254480,96.395,96.395,96.395,96.395,108
1768254840,96.39,96.39,96.39,96.39,16
1768254960,96.395,96.395,96.395,96.395,25
1768255140,96.395,96.395,96.395,96.395,1
1768260600,96.395,96.4,96.395,96.4,475
1768260780,96.395,96.395,96.395,96.395,569
1768261440,96.395,96.395,96.395,96.395,3
1768262040,96.395,96.395,96.395,96.395,61
1768263300,96.395,96.395,96.395,96.395,50
1768263480,96.395,96.395,96.395,96.395,190
1768265160,96.395,96.395,96.395,96.395,100
1768265280,96.395,96.395,96.395,96.395,25
1768265340,96.395,96.395,96.395,96.395,25
1768267740,96.395,96.395,96.395,96.395,18
1768271340,96.395,96.395,96.395,96.395,12
1768280580,96.395,96.395,96.395,96.395,6
1768281720,96.395,96.395,96.395,96.395,142
1768283280,96.395,96.395,96.395,96.395,13
1768283880,96.395,96.395,96.395,96.395,201
1768289100,96.395,96.395,96.395,96.395,1
1768289760,96.39,96.39,96.39,96.39,1
1768290180,96.39,96.39,96.39,96.39,3
1768290480,96.39,96.39,96.39,96.39,4
1768296300,96.39,96.39,96.39,96.39,3
1768297380,96.39,96.39,96.39,96.39,782
1768297440,96.39,96.39,96.39,96.39,145
1768298100,96.39,96.39,96.39,96.39,8
1768298220,96.39,96.39,96.39,96.39,6
1768303980,96.39,96.395,96.39,96.395,17
1768304640,96.39,96.39,96.39,96.39,10
1768306080,96.39,96.39,96.39,96.39,1
1768307940,96.39,96.39,96.39,96.39,479
1768308000,96.39,96.39,96.39,96.39,492
1768308120,96.39,96.39,96.39,96.39,10
1768308240,96.39,96.39,96.39,96.39,4
1768308360,96.39,96.39,96.39,96.39,1
1768309260,96.39,96.39,96.39,96.39,15
1768309620,96.39,96.39,96.39,96.39,23
1768310100,96.39,96.39,96.39,96.39,149
1768310160,96.39,96.39,96.39,96.39,42
1768310400,96.39,96.39,96.39,96.39,119
1768310580,96.39,96.39,96.39,96.39,426
1768310640,96.39,96.39,96.39,96.39,611
1768310700,96.39,96.39,96.39,96.39,919
1768310760,96.39,96.39,96.39,96.39,460
1768310820,96.39,96.39,96.39,96.39,51
1768310880,96.39,96.39,96.39,96.39,216
1768311000,96.385,96.4,96.385,96.4,1055
1768311060,96.395,96.4,96.395,96.4,4
1768311120,96.395,96.395,96.395,96.395,998
1768311180,96.395,96.395,96.395,96.395,164
1768311300,96.395,96.395,96.395,96.395,334
1768311360,96.395,96.395,96.395,96.395,1096
1768311480,96.395,96.395,96.395,96.395,523
1768311540,96.395,96.395,96.395,96.395,155
1768311600,96.395,96.395,96.395,96.395,292
1768311660,96.395,96.395,96.395,96.395,67
1768311840,96.395,96.395,96.395,96.395,1
1768311900,96.395,96.395,96.39,96.395,349
1768312020,96.395,96.395,96.395,96.395,720
1768312320,96.39,96.39,96.39,96.39,13
1768312380,96.39,96.39,96.39,96.39,58
1768312440,96.39,96.39,96.39,96.39,1229
1768312500,96.39,96.39,96.39,96.39,178
1768312560,96.39,96.39,96.39,96.39,135
1768312740,96.39,96.39,96.39,96.39,1
1768313520,96.39,96.39,96.39,96.39,10
1768313580,96.395,96.395,96.395,96.395,2
1768314480,96.395,96.395,96.395,96.395,30
1768314720,96.39,96.39,96.39,96.39,167
1768314780,96.39,96.39,96.39,96.39,2
1768314840,96.39,96.39,96.39,96.39,16
1768314900,96.39,96.39,96.39,96.39,947
1768314960,96.39,96.39,96.39,96.39,337
1768315020,96.39,96.39,96.39,96.39,968
1768315080,96.39,96.39,96.39,96.39,200
1768315200,96.39,96.39,96.39,96.39,1
1768315260,96.39,96.39,96.39,96.39,126
1768315380,96.39,96.39,96.39,96.39,94
1768315740,96.39,96.39,96.39,96.39,6
1768316040,96.39,96.39,96.39,96.39,9
1768316700,96.395,96.395,96.395,96.395,25
1768317060,96.39,96.39,96.39,96.39,22
1768317300,96.39,96.39,96.385,96.385,3440
1768317840,96.39,96.39,96.39,96.39,3
1768318020,96.39,96.39,96.39,96.39,19
1768318080,96.39,96.39,96.39,96.39,24
1768318140,96.39,96.39,96.39,96.39,22
1768318260,96.39,96.39,96.39,96.39,1436
1768319220,96.39,96.39,96.39,96.39,58
1768320240,96.395,96.395,96.395,96.395,100
1768320300,96.39,96.39,96.39,96.39,24
1768321080,96.39,96.39,96.39,96.39,4
1768322040,96.39,96.39,96.39,96.39,4
1768324560,96.395,96.395,96.395,96.395,7
1768325760,96.39,96.39,96.39,96.39,6
1768327260,96.39,96.39,96.39,96.39,40
1768327320,96.395,96.395,96.395,96.395,595
1768328160,96.395,96.395,96.395,96.395,6
1768329120,96.395,96.395,96.395,96.395,39
1768330080,96.395,96.395,96.395,96.395,60
1768330920,96.395,96.395,96.395,96.395,6
1768332180,96.395,96.395,96.395,96.395,1
1768333200,96.395,96.395,96.395,96.395,51
1768333920,96.395,96.395,96.395,96.395,50
1768334640,96.395,96.395,96.395,96.395,8
1768334940,96.395,96.395,96.395,96.395,50
1768336800,96.395,96.395,96.395,96.395,1
1768339080,96.395,96.395,96.395,96.395,91
1768339980,96.39,96.39,96.39,96.39,22
1768341000,96.395,96.395,96.395,96.395,4
1768341120,96.395,96.395,96.395,96.395,105
1768341540,96.395,96.395,96.395,96.395,32
1768345200,96.395,96.395,96.395,96.395,14
1768362180,96.39,96.39,96.39,96.39,100
1768380180,96.395,96.395,96.395,96.395,12
1768380360,96.395,96.395,96.395,96.395,14
1768380480,96.395,96.395,96.395,96.395,12
1768390800,96.395,96.395,96.395,96.395,39
1768392120,96.395,96.395,96.395,96.395,1
1768392480,96.395,96.395,96.395,96.395,8
1768392900,96.395,96.395,96.395,96.395,43
1768393560,96.39,96.39,96.39,96.39,54
1768395600,96.39,96.39,96.39,96.39,1
1768395780,96.395,96.395,96.395,96.395,400
1768396020,96.39,96.39,96.39,96.39,1
1768396800,96.39,96.39,96.39,96.39,1
1768397280,96.39,96.39,96.39,96.39,1
1768397340,96.39,96.395,96.39,96.39,611
1768397400,96.39,96.39,96.39,96.39,285
1768397520,96.39,96.39,96.39,96.39,10
1768397580,96.39,96.39,96.39,96.39,150
1768398180,96.39,96.39,96.39,96.39,2
1768398240,96.39,96.39,96.39,96.39,1
1768398300,96.39,96.39,96.39,96.39,1
1768399200,96.395,96.395,96.395,96.395,2
1768399500,96.395,96.395,96.395,96.395,200
1768399740,96.395,96.395,96.395,96.395,722
1768399860,96.395,96.395,96.395,96.395,1
1768399980,96.395,96.395,96.395,96.395,231
1768400160,96.395,96.395,96.395,96.395,978
1768400280,96.395,96.395,96.395,96.395,423
1768400340,96.395,96.395,96.395,96.395,39
1768400400,96.395,96.395,96.395,96.395,33
1768400460,96.395,96.395,96.395,96.395,131
1768400580,96.395,96.395,96.395,96.395,65
1768400640,96.395,96.395,96.395,96.395,21
1768400700,96.395,96.395,96.395,96.395,1112
1768400760,96.395,96.395,96.395,96.395,224
1768400820,96.395,96.395,96.395,96.395,625
1768400880,96.395,96.395,96.395,96.395,157
1768401180,96.395,96.395,96.395,96.395,1154
1768401240,96.395,96.395,96.395,96.395,233
1768401300,96.395,96.395,96.395,96.395,199
1768401480,96.395,96.395,96.395,96.395,24
1768401540,96.395,96.395,96.395,96.395,2
1768401720,96.395,96.395,96.395,96.395,2
1768401780,96.395,96.395,96.39,96.395,285
1768402080,96.395,96.395,96.395,96.395,10
1768402260,96.395,96.395,96.395,96.395,3
1768402680,96.395,96.395,96.395,96.395,20
1768402800,96.395,96.395,96.395,96.395,100
1768402860,96.395,96.395,96.395,96.395,53
1768402920,96.395,96.395,96.395,96.395,3
1768402980,96.395,96.395,96.395,96.395,20
1768403040,96.395,96.395,96.395,96.395,50
1768403100,96.4,96.4,96.4,96.4,31
1768403340,96.395,96.395,96.395,96.395,1
1768403400,96.395,96.395,96.395,96.395,5
1768403460,96.395,96.395,96.395,96.395,23
1768403640,96.395,96.395,96.395,96.395,991
1768403700,96.395,96.395,96.395,96.395,445
1768404540,96.395,96.395,96.395,96.395,150
1768404600,96.395,96.395,96.395,96.395,150
1768404900,96.395,96.395,96.395,96.395,31
1768404960,96.395,96.395,96.395,96.395,1
1768406160,96.4,96.4,96.4,96.4,248
1768406340,96.395,96.395,96.395,96.395,5
1768406520,96.395,96.395,96.395,96.395,13
1768406760,96.395,96.395,96.395,96.395,164
1768407120,96.395,96.395,96.395,96.395,166
1768407840,96.395,96.395,96.395,96.395,187
1768407900,96.395,96.395,96.395,96.395,9
1768408020,96.395,96.395,96.395,96.395,1
1768408200,96.395,96.395,96.395,96.395,50
1768408320,96.395,96.395,96.395,96.395,325
1768408680,96.395,96.395,96.395,96.395,4
1768409340,96.395,96.395,96.395,96.395,9
1768409400,96.395,96.395,96.395,96.395,2
1768409580,96.395,96.395,96.395,96.395,159
1768409820,96.395,96.395,96.395,96.395,1
1768410000,96.395,96.395,96.395,96.395,17
1768410300,96.395,96.395,96.395,96.395,1
1768410360,96.395,96.395,96.395,96.395,3
1768411260,96.395,96.395,96.395,96.395,4
1768411800,96.395,96.395,96.395,96.395,200
1768412160,96.395,96.395,96.395,96.395,1
1768412220,96.395,96.395,96.395,96.395,2
1768412880,96.395,96.395,96.395,96.395,22
1768413420,96.395,96.395,96.395,96.395,1
1768413720,96.395,96.395,96.395,96.395,1
1768413960,96.395,96.395,96.395,96.395,1
1768414020,96.395,96.395,96.395,96.395,1
1768414080,96.395,96.395,96.395,96.395,1
1768415040,96.395,96.395,96.395,96.395,212
1768416300,96.395,96.395,96.395,96.395,264
1768418940,96.4,96.4,96.4,96.4,50
1768419360,96.395,96.395,96.395,96.395,1
1768419480,96.395,96.395,96.395,96.395,24
1768419900,96.395,96.395,96.395,96.395,23
1768420260,96.395,96.395,96.395,96.395,1
1768420500,96.395,96.395,96.395,96.395,380
1768420560,96.395,96.395,96.395,96.395,3
1768420740,96.395,96.395,96.395,96.395,1980
1768420860,96.395,96.395,96.395,96.395,1
1768420920,96.395,96.395,96.395,96.395,4
1768420980,96.395,96.395,96.395,96.395,1
1768421700,96.395,96.395,96.395,96.395,2
1768421820,96.395,96.395,96.395,96.395,1
1768422000,96.395,96.395,96.395,96.395,2
1768422360,96.395,96.395,96.395,96.395,1
1768422900,96.395,96.395,96.395,96.395,4
1768424220,96.395,96.395,96.395,96.395,1
1768424280,96.395,96.395,96.395,96.395,53
1768424340,96.395,96.395,96.395,96.395,7
1768425360,96.4,96.4,96.4,96.4,256
1768425900,96.395,96.395,96.395,96.395,47
1768425960,96.395,96.395,96.395,96.395,1
1768426260,96.395,96.395,96.395,96.395,150
1768426380,96.395,96.395,96.395,96.395,4
1768427760,96.395,96.395,96.395,96.395,54
1768427880,96.4,96.4,96.4,96.4,8
1768427940,96.4,96.4,96.395,96.395,43
1768432020,96.395,96.395,96.395,96.395,2
1768441020,96.395,96.395,96.395,96.395,25
1768445220,96.395,96.395,96.395,96.395,1534
1768445520,96.395,96.395,96.395,96.395,26
1768446060,96.395,96.395,96.395,96.395,11
1768446840,96.395,96.395,96.395,96.395,766
1768446900,96.395,96.395,96.395,96.395,120
1768450560,96.395,96.395,96.395,96.395,3
1768452900,96.395,96.395,96.395,96.395,26
1768456920,96.395,96.395,96.395,96.395,5
1768459500,96.395,96.395,96.395,96.395,216
1768460700,96.395,96.395,96.395,96.395,50
1768461840,96.395,96.395,96.395,96.395,1
1768463880,96.395,96.395,96.395,96.395,13
1768464780,96.395,96.395,96.395,96.395,13
1768464900,96.395,96.395,96.395,96.395,1
1768464960,96.395,96.395,96.395,96.395,206
1768465200,96.395,96.395,96.395,96.395,43
1768465260,96.395,96.395,96.395,96.395,252
1768466940,96.395,96.395,96.395,96.395,25
1768470960,96.395,96.395,96.395,96.395,1
1768471020,96.4,96.4,96.395,96.395,120
1768471200,96.395,96.395,96.395,96.395,6
1768471260,96.395,96.395,96.395,96.395,1
1768471560,96.395,96.395,96.395,96.395,1
1768472100,96.395,96.395,96.395,96.395,2
1768472520,96.395,96.395,96.395,96.395,1
1768472580,96.395,96.395,96.395,96.395,1
1768472820,96.395,96.395,96.395,96.395,6
1768473000,96.395,96.395,96.395,96.395,161
1768473120,96.395,96.395,96.395,96.395,37
1768474680,96.395,96.395,96.395,96.395,200
1768475160,96.395,96.395,96.395,96.395,100
1768475220,96.395,96.395,96.395,96.395,1147
1768475280,96.395,96.395,96.395,96.395,9
1768475640,96.395,96.395,96.395,96.395,1
1768475760,96.395,96.395,96.395,96.395,17
1768475880,96.395,96.395,96.395,96.395,19
1768475940,96.395,96.395,96.395,96.395,5
1768476000,96.395,96.395,96.395,96.395,5
1768476120,96.395,96.395,96.395,96.395,3
1768476180,96.395,96.395,96.395,96.395,640
1768476240,96.395,96.395,96.395,96.395,251
1768476300,96.395,96.395,96.395,96.395,136
1768477380,96.395,96.395,96.395,96.395,655
1768477620,96.395,96.395,96.395,96.395,2
1768477800,96.395,96.395,96.395,96.395,50
1768477860,96.395,96.395,96.395,96.395,18
1768478160,96.395,96.395,96.395,96.395,1
1768478280,96.395,96.395,96.395,96.395,46
1768480380,96.39,96.39,96.39,96.39,1
1768481400,96.39,96.39,96.39,96.39,6
1768482360,96.39,96.39,96.39,96.39,1
1768482540,96.39,96.39,96.39,96.39,43
1768483200,96.39,96.39,96.39,96.39,1
1768483380,96.395,96.395,96.395,96.395,1
1768483440,96.395,96.395,96.395,96.395,190
1768483500,96.395,96.395,96.395,96.395,150
1768483560,96.395,96.395,96.395,96.395,100
1768483680,96.39,96.39,96.39,96.39,1
1768483740,96.395,96.395,96.39,96.39,95
1768483800,96.39,96.39,96.39,96.39,357
1768483860,96.39,96.39,96.385,96.385,668
1768484100,96.39,96.39,96.39,96.39,5
1768484580,96.385,96.39,96.385,96.385,11
1768484640,96.385,96.385,96.385,96.385,1
1768484700,96.385,96.39,96.385,96.39,6
1768484760,96.39,96.39,96.39,96.39,729
1768484820,96.39,96.39,96.39,96.39,7
1768484880,96.39,96.39,96.39,96.39,50
1768485120,96.39,96.39,96.39,96.39,5
1768485240,96.39,96.39,96.39,96.39,1
1768485420,96.39,96.39,96.39,96.39,100
1768485480,96.39,96.39,96.39,96.39,358
1768485540,96.39,96.39,96.39,96.39,69
1768485840,96.39,96.39,96.39,96.39,252
1768485960,96.39,96.39,96.39,96.39,339
1768486020,96.39,96.39,96.39,96.39,185
1768486500,96.39,96.39,96.39,96.39,49
1768486680,96.39,96.39,96.39,96.39,485
1768486920,96.39,96.39,96.39,96.39,687
1768487580,96.39,96.39,96.39,96.39,9
1768487640,96.39,96.39,96.39,96.39,50
1768487700,96.39,96.39,96.39,96.39,1
1768487940,96.39,96.39,96.39,96.39,34
1768488000,96.39,96.39,96.39,96.39,31
1768489080,96.39,96.39,96.39,96.39,24
1768489320,96.39,96.39,96.39,96.39,86
1768489560,96.39,96.39,96.39,96.39,9
1768489680,96.39,96.39,96.39,96.39,463
1768489920,96.385,96.385,96.385,96.385,1
1768490040,96.39,96.39,96.39,96.39,104
1768490100,96.39,96.39,96.39,96.39,33
1768490220,96.39,96.39,96.39,96.39,9
1768490460,96.39,96.39,96.39,96.39,1
1768491480,96.39,96.39,96.39,96.39,31
1768491540,96.39,96.39,96.39,96.39,1
1768491660,96.39,96.39,96.39,96.39,64
1768491840,96.39,96.39,96.39,96.39,12
1768492920,96.385,96.385,96.385,96.385,1
1768493040,96.385,96.385,96.385,96.385,1
1768493100,96.39,96.39,96.39,96.39,1
1768493280,96.39,96.39,96.39,96.39,148
1768493760,96.39,96.39,96.385,96.385,200
1768493820,96.39,96.39,96.385,96.39,309
1768494360,96.39,96.39,96.39,96.39,1890
1768494540,96.39,96.39,96.39,96.39,117
1768494600,96.39,96.39,96.39,96.39,64
1768495500,96.39,96.39,96.39,96.39,50
1768495680,96.39,96.39,96.39,96.39,107
1768495800,96.39,96.39,96.39,96.39,200
1768495860,96.39,96.39,96.39,96.39,313
1768495920,96.39,96.39,96.39,96.39,91
1768495980,96.39,96.39,96.39,96.39,104
1768496580,96.39,96.39,96.39,96.39,1
1768496880,96.39,96.39,96.39,96.39,311
1768496940,96.39,96.39,96.39,96.39,514
1768497180,96.39,96.39,96.39,96.39,21
1768497540,96.39,96.39,96.39,96.39,15
1768497840,96.39,96.39,96.39,96.39,7
1768498200,96.39,96.39,96.39,96.39,20
1768498680,96.395,96.395,96.395,96.395,1
1768498740,96.395,96.395,96.395,96.395,1
1768498860,96.39,96.39,96.39,96.39,12
1768499400,96.39,96.39,96.39,96.39,5
1768499820,96.39,96.39,96.39,96.39,889
1768500480,96.385,96.385,96.385,96.385,2
1768500540,96.385,96.385,96.385,96.385,1
1768500720,96.39,96.39,96.39,96.39,7
1768501320,96.39,96.39,96.39,96.39,7
1768501500,96.39,96.39,96.39,96.39,500
1768501560,96.39,96.39,96.39,96.39,218
1768501680,96.39,96.39,96.39,96.39,3
1768502160,96.39,96.39,96.39,96.39,1
1768502400,96.39,96.39,96.39,96.39,724
1768503720,96.39,96.39,96.39,96.39,41
1768505220,96.39,96.39,96.39,96.39,5757
1768505400,96.39,96.39,96.39,96.39,2
1768505460,96.39,96.39,96.39,96.39,11
1768505580,96.39,96.39,96.39,96.39,1654
1768506120,96.385,96.385,96.385,96.385,7
1768506840,96.39,96.39,96.39,96.39,13
1768506960,96.39,96.39,96.39,96.39,3
1768507020,96.39,96.39,96.39,96.39,3
1768507080,96.39,96.39,96.39,96.39,5
1768507140,96.39,96.39,96.39,96.39,1
1768507320,96.385,96.385,96.385,96.385,1
1768507380,96.385,96.385,96.385,96.385,1
1768507740,96.385,96.385,96.385,96.385,1
1768509180,96.39,96.39,96.39,96.39,2
1768509360,96.39,96.39,96.39,96.39,2
1768509420,96.39,96.39,96.39,96.39,16
1768509540,96.39,96.39,96.39,96.39,2
1768511340,96.39,96.39,96.39,96.39,6
1768512420,96.39,96.39,96.39,96.39,33
1768512480,96.39,96.39,96.39,96.39,782
1768513500,96.39,96.39,96.39,96.39,185
1768513860,96.39,96.39,96.39,96.39,88
1768513920,96.39,96.39,96.39,96.39,100
1768514340,96.39,96.395,96.39,96.395,35
1768518000,96.39,96.39,96.39,96.39,472
1768518120,96.39,96.39,96.39,96.39,46
1768521720,96.39,96.39,96.39,96.39,34
1768522680,96.39,96.39,96.39,96.39,5
1768530480,96.39,96.39,96.39,96.39,1421
1768531440,96.39,96.39,96.39,96.39,314
1768542660,96.39,96.39,96.39,96.39,3
1768542900,96.39,96.39,96.39,96.39,1
1768548660,96.39,96.39,96.39,96.39,7
1768549500,96.39,96.39,96.39,96.39,462
1768549680,96.39,96.39,96.39,96.39,2
1768549980,96.39,96.39,96.39,96.39,44
1768550520,96.39,96.39,96.39,96.39,30
1768550940,96.39,96.39,96.39,96.39,54
1768553400,96.39,96.39,96.39,96.39,200
1768553520,96.39,96.39,96.39,96.39,201
1768553880,96.39,96.39,96.39,96.39,2
1768554660,96.39,96.39,96.39,96.39,206
1768555200,96.39,96.39,96.39,96.39,54
1768556280,96.39,96.39,96.39,96.39,159
1768556760,96.39,96.39,96.39,96.39,10
1768556820,96.39,96.39,96.39,96.39,18
1768557000,96.39,96.39,96.39,96.39,18
1768557540,96.39,96.39,96.39,96.39,51
1768558500,96.39,96.39,96.39,96.39,54
1768561860,96.39,96.39,96.39,96.39,8
1768564320,96.385,96.385,96.385,96.385,3
1768564920,96.385,96.385,96.385,96.385,1
1768566360,96.39,96.39,96.39,96.39,3
1768567680,96.385,96.385,96.385,96.385,26
1768569060,96.385,96.385,96.385,96.385,1
1768569120,96.39,96.39,96.385,96.385,81
1768569600,96.385,96.385,96.385,96.385,1
1768570080,96.385,96.385,96.385,96.385,3
1768570140,96.39,96.39,96.39,96.39,138
1768570200,96.39,96.39,96.39,96.39,1
1768571040,96.385,96.385,96.385,96.385,3
1768571100,96.385,96.385,96.385,96.385,2
1768571160,96.385,96.385,96.385,96.385,1
1768571940,96.39,96.39,96.39,96.39,2
1768572240,96.39,96.39,96.39,96.39,14
1768572600,96.385,96.385,96.385,96.385,3
1768572660,96.385,96.385,96.385,96.385,4
1768572720,96.385,96.385,96.385,96.385,2
1768572780,96.39,96.39,96.385,96.385,44
1768573260,96.385,96.385,96.385,96.385,1
1768574160,96.385,96.385,96.385,96.385,1
1768574220,96.385,96.385,96.385,96.385,1
1768575420,96.39,96.39,96.39,96.39,28
1768576440,96.385,96.385,96.385,96.385,1
1768576500,96.385,96.385,96.385,96.385,1
1768577280,96.39,96.39,96.39,96.39,3
1768577340,96.39,96.39,96.39,96.39,8
1768577400,96.39,96.39,96.39,96.39,1
1768578900,96.39,96.39,96.39,96.39,11
1768579200,96.39,96.39,96.39,96.39,665
1768579260,96.39,96.39,96.39,96.39,3
1768579380,96.39,96.39,96.39,96.39,2
1768579560,96.39,96.39,96.39,96.39,1468
1768579620,96.39,96.39,96.39,96.39,977
1768579680,96.39,96.39,96.39,96.39,288
1768579860,96.39,96.39,96.39,96.39,2
1768580100,96.39,96.39,96.39,96.39,7
1768580160,96.39,96.39,96.39,96.39,4
1768580220,96.39,96.39,96.39,96.39,83
1768580280,96.39,96.39,96.39,96.39,123
1768580340,96.39,96.39,96.39,96.39,96
1768580760,96.39,96.39,96.39,96.39,74
1768581000,96.39,96.39,96.39,96.39,919
1768581120,96.39,96.39,96.39,96.39,542
1768581240,96.39,96.39,96.39,96.39,246
1768581600,96.39,96.39,96.39,96.39,2
1768582020,96.39,96.39,96.39,96.39,5
1768582080,96.39,96.39,96.39,96.39,660
1768582140,96.39,96.39,96.39,96.39,1386
1768582380,96.39,96.39,96.39,96.39,322
1768582440,96.39,96.39,96.39,96.39,100
1768582620,96.39,96.39,96.39,96.39,23
1768582920,96.39,96.39,96.39,96.39,269
1768583340,96.39,96.39,96.39,96.39,22
1768583460,96.39,96.39,96.39,96.39,91
1768583520,96.39,96.39,96.39,96.39,4
1768583640,96.39,96.39,96.39,96.39,50
1768583760,96.39,96.39,96.39,96.39,599
1768583820,96.39,96.39,96.39,96.39,33
1768583880,96.39,96.39,96.39,96.39,12
1768584000,96.39,96.39,96.39,96.39,22
1768584120,96.39,96.39,96.39,96.39,177
1768584420,96.39,96.39,96.39,96.39,147
1768584480,96.39,96.39,96.39,96.39,12
1768584540,96.39,96.39,96.39,96.39,141
1768584720,96.39,96.39,96.39,96.39,4
1768584900,96.39,96.39,96.39,96.39,13
1768585140,96.39,96.39,96.39,96.39,4
1768585200,96.39,96.39,96.39,96.39,133
1768585260,96.39,96.39,96.39,96.39,10
1768585560,96.39,96.39,96.39,96.39,57
1768585800,96.39,96.39,96.39,96.39,293
1768586160,96.39,96.39,96.39,96.39,124
1768586400,96.39,96.39,96.39,96.39,5
1768586640,96.39,96.39,96.39,96.39,7
1768586820,96.39,96.39,96.39,96.39,7
1768586880,96.385,96.385,96.385,96.385,1
1768586940,96.385,96.385,96.385,96.385,1
1768587000,96.385,96.385,96.385,96.385,1
1768588020,96.39,96.39,96.39,96.39,101
1768588260,96.39,96.39,96.39,96.39,2
1768588440,96.39,96.39,96.39,96.39,1
1768588500,96.39,96.39,96.39,96.39,11
1768588560,96.39,96.39,96.39,96.39,2
1768588740,96.39,96.39,96.39,96.39,81
1768588800,96.39,96.39,96.39,96.39,28
1768588860,96.39,96.39,96.39,96.39,213
1768588920,96.39,96.39,96.39,96.39,7
1768588980,96.39,96.39,96.39,96.39,85
1768589100,96.39,96.39,96.39,96.39,4
1768589640,96.39,96.39,96.39,96.39,24
1768590120,96.39,96.39,96.39,96.39,32
1768590480,96.39,96.39,96.39,96.39,64
1768590660,96.39,96.39,96.39,96.39,1
1768590720,96.39,96.39,96.39,96.39,5
1768592220,96.39,96.39,96.39,96.39,386
1768592280,96.39,96.39,96.39,96.39,337
1768592580,96.39,96.39,96.385,96.385,78
1768593660,96.39,96.39,96.39,96.39,54
1768593960,96.39,96.39,96.39,96.39,3
1768594020,96.39,96.39,96.39,96.39,145
1768594080,96.39,96.39,96.39,96.39,112
1768594860,96.39,96.39,96.39,96.39,153
1768594920,96.39,96.39,96.39,96.39,42
1768595100,96.39,96.39,96.39,96.39,39
1768595220,96.39,96.39,96.39,96.39,10
1768595340,96.39,96.39,96.39,96.39,303
1768595400,96.39,96.39,96.39,96.39,225
1768596000,96.39,96.39,96.39,96.39,232
1768596480,96.39,96.39,96.39,96.39,2
1768596660,96.39,96.39,96.39,96.39,2
1768596720,96.39,96.39,96.39,96.39,4
1768596780,96.39,96.39,96.39,96.39,37
1768596900,96.39,96.39,96.39,96.39,3
1768596960,96.39,96.39,96.39,96.39,2
1768597080,96.39,96.39,96.39,96.39,1
1768597140,96.39,96.39,96.39,96.39,4
1768597560,96.395,96.395,96.395,96.395,66
1768597620,96.39,96.39,96.39,96.39,4
1768598820,96.39,96.39,96.39,96.39,6
1768599360,96.39,96.39,96.39,96.39,44
1768599540,96.39,96.39,96.39,96.39,65
1768599840,96.39,96.39,96.39,96.39,2
1768600320,96.39,96.39,96.39,96.39,2
1768600500,96.39,96.39,96.39,96.39,315
1768777200,96.395,96.395,96.395,96.395,136
1768781100,96.39,96.39,96.39,96.39,500
1768800660,96.39,96.39,96.39,96.39,101
1768800780,96.39,96.39,96.39,96.39,1
1768803060,96.39,96.39,96.39,96.39,39
1768805640,96.39,96.39,96.39,96.39,42
1768807380,96.39,96.39,96.39,96.39,7
1768808760,96.39,96.39,96.39,96.39,7
1768809420,96.395,96.395,96.395,96.395,13
1768810320,96.39,96.39,96.39,96.39,45
1768811340,96.39,96.39,96.39,96.39,1
1768812120,96.39,96.39,96.39,96.39,43
1768812480,96.39,96.39,96.39,96.39,1
1768813440,96.39,96.39,96.39,96.39,1
1768816140,96.39,96.39,96.39,96.39,507
1768817520,96.39,96.39,96.39,96.39,7
1768818180,96.39,96.39,96.39,96.39,12
1768818240,96.39,96.39,96.39,96.39,13
1768818480,96.39,96.39,96.39,96.39,13
1768820220,96.39,96.39,96.39,96.39,26
1768820940,96.39,96.39,96.39,96.39,4
1768821240,96.39,96.39,96.39,96.39,126
1768821300,96.39,96.39,96.39,96.39,205
1768821360,96.39,96.39,96.39,96.39,113
1768821420,96.39,96.39,96.39,96.39,81
1768827600,96.39,96.39,96.39,96.39,103
1768829280,96.385,96.385,96.385,96.385,1
1768829760,96.39,96.39,96.39,96.39,128
1768830240,96.385,96.385,96.385,96.385,1
1768830300,96.385,96.385,96.385,96.385,1
1768830360,96.39,96.39,96.39,96.39,16
1768831920,96.385,96.385,96.385,96.385,1
1768831980,96.385,96.385,96.385,96.385,2
1768832040,96.385,96.385,96.385,96.385,1
1768832100,96.385,96.385,96.385,96.385,1
1768832400,96.39,96.39,96.39,96.39,7
1768834140,96.39,96.39,96.39,96.39,364
1768835040,96.39,96.39,96.39,96.39,14
1768835400,96.385,96.385,96.385,96.385,1
1768835460,96.385,96.385,96.385,96.385,1
1768835520,96.39,96.39,96.39,96.39,1
1768838700,96.39,96.39,96.39,96.39,21
1768839000,96.39,96.39,96.39,96.39,3
1768839120,96.39,96.39,96.39,96.39,100
1768840140,96.39,96.39,96.39,96.39,1
1768843980,96.39,96.39,96.39,96.39,1
1768845540,96.39,96.39,96.39,96.39,80
1768865400,96.39,96.39,96.39,96.39,1
1768867320,96.39,96.39,96.39,96.39,2
1768867380,96.39,96.39,96.39,96.39,1
1768867620,96.39,96.39,96.39,96.39,100
1768867860,96.39,96.39,96.39,96.39,100
1768868520,96.39,96.39,96.39,96.39,31
1768868640,96.39,96.39,96.39,96.39,244
1768869300,96.39,96.39,96.39,96.39,67
1768869420,96.39,96.39,96.39,96.39,28
1768871520,96.39,96.39,96.39,96.39,460
1768871580,96.39,96.39,96.39,96.39,69
1768871640,96.39,96.39,96.39,96.39,69
1768873380,96.39,96.39,96.39,96.39,75
1768873560,96.39,96.39,96.39,96.39,125
1768875120,96.39,96.39,96.39,96.39,348
1768875900,96.39,96.39,96.39,96.39,200
1768878180,96.39,96.39,96.39,96.39,69
1768886100,96.39,96.39,96.39,96.39,2
1768886460,96.39,96.39,96.39,96.39,2
1768888860,96.39,96.39,96.39,96.39,7
1768889280,96.39,96.39,96.39,96.39,110
1768889400,96.39,96.39,96.39,96.39,174
1768889640,96.39,96.39,96.39,96.39,8
1768890000,96.39,96.39,96.39,96.39,86
1768890240,96.39,96.39,96.39,96.39,86
1768890600,96.39,96.39,96.39,96.39,176
1768891260,96.39,96.39,96.39,96.39,32
1768892820,96.39,96.39,96.39,96.39,6
1768892880,96.39,96.39,96.39,96.39,52
1768893000,96.39,96.39,96.39,96.39,3
1768895940,96.39,96.39,96.39,96.39,104
1768899300,96.395,96.395,96.395,96.395,5
1768900080,96.395,96.395,96.395,96.395,21
1768900920,96.39,96.39,96.39,96.39,5
1768908420,96.39,96.39,96.39,96.39,11
1768908900,96.39,96.39,96.39,96.39,1840
1768908960,96.39,96.39,96.39,96.39,1
1768909320,96.39,96.39,96.39,96.39,44
1768909620,96.39,96.39,96.39,96.39,8
1768910220,96.39,96.39,96.39,96.39,241
1768910580,96.39,96.39,96.39,96.39,7
1768911180,96.39,96.39,96.39,96.39,167
1768911420,96.39,96.39,96.39,96.39,53
1768912380,96.39,96.39,96.39,96.39,161
1768912440,96.39,96.39,96.39,96.39,113
1768912560,96.39,96.39,96.39,96.39,268
1768912620,96.39,96.39,96.39,96.39,236
1768912740,96.39,96.39,96.39,96.39,12
1768913220,96.39,96.39,96.39,96.39,1
1768913340,96.39,96.39,96.39,96.39,75
1768913520,96.39,96.39,96.39,96.39,6
1768913640,96.39,96.39,96.39,96.39,53
1768913820,96.39,96.39,96.39,96.39,1
1768914000,96.39,96.39,96.39,96.39,408
1768914120,96.39,96.39,96.39,96.39,9
1768914180,96.39,96.39,96.39,96.39,215
1768914240,96.39,96.39,96.39,96.39,138
1768914360,96.39,96.39,96.39,96.39,521
1768914420,96.39,96.39,96.39,96.39,299
1768914540,96.39,96.39,96.39,96.39,170
1768915020,96.39,96.39,96.39,96.39,1291
1768915080,96.39,96.39,96.39,96.39,87
1768915140,96.39,96.39,96.39,96.39,186
1768915200,96.39,96.39,96.39,96.39,717
1768915260,96.39,96.39,96.39,96.39,83
1768915320,96.39,96.39,96.39,96.39,10
1768915680,96.385,96.385,96.385,96.385,1
1768915980,96.39,96.39,96.385,96.385,1025
1768916100,96.39,96.39,96.39,96.39,8
1768916160,96.39,96.39,96.39,96.39,15
1768916700,96.385,96.385,96.385,96.385,1
1768916760,96.385,96.385,96.385,96.385,1
1768917240,96.39,96.39,96.39,96.39,200
1768918080,96.385,96.385,96.385,96.385,2
1768918140,96.385,96.385,96.385,96.385,1
1768918200,96.39,96.39,96.39,96.39,1596
1768918260,96.39,96.39,96.39,96.39,541
1768918320,96.39,96.39,96.39,96.39,95
1768918380,96.39,96.39,96.39,96.39,74
1768918440,96.39,96.39,96.39,96.39,98
1768918620,96.39,96.39,96.39,96.39,95
1768918680,96.39,96.39,96.39,96.39,84
1768918800,96.39,96.39,96.39,96.39,85
1768918860,96.39,96.39,96.39,96.39,1
1768918920,96.39,96.39,96.39,96.39,85
1768919220,96.39,96.39,96.39,96.39,22
1768919460,96.39,96.39,96.39,96.39,89
1768919520,96.39,96.39,96.39,96.39,18
1768919580,96.39,96.39,96.39,96.39,75
1768919640,96.39,96.39,96.39,96.39,526
1768919760,96.39,96.39,96.39,96.39,90
1768920720,96.39,96.39,96.39,96.39,2
1768920780,96.39,96.39,96.39,96.39,1
1768920900,96.39,96.39,96.39,96.39,400
1768921080,96.39,96.39,96.39,96.39,2
1768921200,96.39,96.39,96.39,96.39,5
1768921440,96.39,96.39,96.39,96.39,268
1768921500,96.39,96.39,96.39,96.39,8
1768921680,96.39,96.39,96.39,96.39,62
1768921920,96.39,96.39,96.39,96.39,118
1768921980,96.39,96.39,96.39,96.39,255
1768924440,96.39,96.39,96.39,96.39,1
1768924500,96.39,96.39,96.39,96.39,1
1768924620,96.39,96.39,96.39,96.39,1
1768924680,96.39,96.39,96.39,96.39,51
1768925040,96.39,96.39,96.39,96.39,3
1768925220,96.39,96.39,96.39,96.39,5
1768925760,96.39,96.39,96.39,96.39,8
1768925820,96.39,96.39,96.39,96.39,1
1768926240,96.39,96.39,96.39,96.39,2
1768926300,96.395,96.395,96.39,96.39,21
1768926720,96.39,96.39,96.39,96.39,3
1768927080,96.39,96.39,96.39,96.39,103
1768927560,96.395,96.395,96.395,96.395,100
1768927980,96.395,96.395,96.395,96.395,4
1768928280,96.39,96.39,96.39,96.39,25
1768928340,96.39,96.39,96.39,96.39,9
1768929540,96.39,96.39,96.39,96.39,5
1768931160,96.395,96.395,96.395,96.395,910
1768931700,96.39,96.39,96.39,96.39,54
1768931880,96.39,96.395,96.39,96.395,174
1768932060,96.395,96.395,96.395,96.395,603
1768932180,96.395,96.395,96.395,96.395,1107
1768932240,96.395,96.395,96.395,96.395,510
1768934280,96.395,96.395,96.395,96.395,8
1768936380,96.395,96.395,96.395,96.395,13
1768937340,96.395,96.395,96.395,96.395,4
1768938420,96.395,96.395,96.395,96.395,9
1768940160,96.395,96.395,96.395,96.395,1
1768941060,96.39,96.39,96.39,96.39,1
1768942980,96.39,96.39,96.39,96.39,3
1768943280,96.395,96.395,96.395,96.395,22
1768943880,96.39,96.39,96.39,96.39,17
1768943940,96.39,96.39,96.39,96.39,2
1768944060,96.39,96.39,96.39,96.39,7
1768944360,96.39,96.39,96.39,96.39,4
1768944840,96.39,96.39,96.39,96.39,5
1768946280,96.395,96.395,96.395,96.395,128
1768960140,96.39,96.39,96.39,96.39,100
1768960680,96.39,96.39,96.39,96.39,100
1768976160,96.39,96.39,96.39,96.39,59
1768976220,96.39,96.39,96.39,96.39,3
1768976760,96.39,96.39,96.39,96.39,200
1768977120,96.39,96.39,96.39,96.39,100
1768980360,96.39,96.39,96.39,96.39,1
1768980900,96.39,96.39,96.39,96.39,6
1768981920,96.39,96.39,96.39,96.39,6
1768983840,96.39,96.39,96.39,96.39,6
1768984500,96.39,96.39,96.39,96.39,14
1768984860,96.39,96.39,96.39,96.39,29
1768985580,96.39,96.39,96.39,96.39,3
1768987440,96.39,96.39,96.39,96.39,16
1768987500,96.39,96.39,96.39,96.39,3
1768987620,96.39,96.39,96.39,96.39,935
1768987920,96.39,96.39,96.39,96.39,82
1768988640,96.39,96.39,96.39,96.39,100
1768989120,96.39,96.39,96.39,96.39,427
1768990200,96.39,96.39,96.39,96.39,365
1768990440,96.39,96.39,96.39,96.39,668
1768990740,96.39,96.39,96.39,96.39,587
1768993260,96.39,96.39,96.39,96.39,100
1768994280,96.39,96.39,96.39,96.39,4
1768996140,96.39,96.395,96.39,96.395,6
1769000760,96.39,96.39,96.39,96.39,1
1769000820,96.39,96.39,96.39,96.39,6
1769000880,96.39,96.39,96.39,96.39,2
1769001420,96.39,96.395,96.39,96.39,16
1769002860,96.39,96.39,96.39,96.39,5
1769003220,96.39,96.39,96.39,96.39,5
1769003520,96.39,96.39,96.39,96.39,54
1769003940,96.39,96.39,96.39,96.39,21
1769004000,96.39,96.39,96.39,96.39,16
1769004240,96.39,96.39,96.39,96.39,15
1769005080,96.39,96.39,96.39,96.39,3
1769005440,96.39,96.39,96.39,96.39,32
1769005680,96.39,96.39,96.39,96.39,5
1769005800,96.39,96.39,96.39,96.39,4
1769006160,96.39,96.39,96.39,96.39,1326
1769006220,96.39,96.39,96.39,96.39,321
1769007540,96.39,96.39,96.39,96.39,2
1769007900,96.39,96.39,96.39,96.39,184
1769008200,96.39,96.39,96.39,96.39,1
1769008740,96.39,96.39,96.39,96.39,1156
1769009880,96.39,96.39,96.39,96.39,47
1769010000,96.39,96.39,96.39,96.39,1
1769011740,96.39,96.39,96.39,96.39,1
1769012520,96.39,96.39,96.39,96.39,4
1769013120,96.39,96.39,96.39,96.39,1
1769013180,96.39,96.39,96.385,96.385,101
1769013660,96.39,96.39,96.39,96.39,2
1769015280,96.39,96.39,96.39,96.39,31
1769016240,96.39,96.39,96.39,96.39,55
1769024520,96.385,96.385,96.385,96.385,3
1769024640,96.385,96.385,96.385,96.385,16
1769025360,96.385,96.385,96.385,96.385,36
1769025420,96.385,96.385,96.385,96.385,2
1769025960,96.385,96.385,96.385,96.385,23
1769027220,96.385,96.385,96.385,96.385,8
1769028000,96.385,96.385,96.385,96.385,63
1769028060,96.39,96.39,96.39,96.39,66
1769028540,96.39,96.39,96.39,96.39,125
1769029020,96.385,96.385,96.385,96.385,2
1769029200,96.39,96.39,96.39,96.39,53
1769029740,96.385,96.385,96.385,96.385,110
1769030040,96.385,96.385,96.385,96.385,5
1769030700,96.385,96.385,96.385,96.385,27
1769031360,96.385,96.385,96.385,96.385,9
1769031540,96.39,96.39,96.39,96.39,106
1769032620,96.385,96.39,96.385,96.39,169
1769032740,96.385,96.385,96.385,96.385,75
1769062260,96.385,96.385,96.385,96.385,300
1769062620,96.385,96.385,96.385,96.385,500
1769065920,96.385,96.385,96.385,96.385,100
1769070780,96.385,96.385,96.385,96.385,7
1769076900,96.385,96.385,96.385,96.385,1
1769077200,96.385,96.385,96.385,96.385,1
1769078400,96.385,96.385,96.385,96.385,1
1769079420,96.385,96.385,96.385,96.385,7
1769080200,96.385,96.385,96.385,96.385,596
1769080380,96.385,96.385,96.385,96.385,385
1769081580,96.385,96.385,96.385,96.385,1159
1769082180,96.385,96.385,96.385,96.385,1
1769082240,96.385,96.385,96.385,96.385,295
1769082300,96.385,96.385,96.385,96.385,67
1769082540,96.385,96.385,96.385,96.385,185
1769082660,96.385,96.385,96.385,96.385,2
1769083020,96.385,96.385,96.385,96.385,11
1769083140,96.385,96.385,96.385,96.385,336
1769083980,96.385,96.385,96.385,96.385,18
1769084700,96.385,96.385,96.385,96.385,24
1769084880,96.385,96.385,96.385,96.385,4
1769085060,96.385,96.385,96.385,96.385,186
1769085900,96.385,96.385,96.38,96.38,5
1769085960,96.38,96.38,96.38,96.38,1
1769086920,96.385,96.385,96.385,96.385,10
1769087160,96.385,96.385,96.385,96.385,8
1769087280,96.38,96.38,96.38,96.38,1
1769087520,96.385,96.385,96.385,96.385,2
1769087580,96.385,96.385,96.385,96.385,4
1769087700,96.385,96.385,96.385,96.385,39
1769087760,96.385,96.385,96.385,96.385,744
1769088000,96.385,96.385,96.385,96.385,99
1769088480,96.38,96.385,96.38,96.385,5
1769088780,96.385,96.385,96.385,96.385,660
1769088840,96.385,96.385,96.385,96.385,99
1769089140,96.385,96.385,96.385,96.385,715
1769089380,96.385,96.385,96.385,96.385,5
1769089440,96.385,96.385,96.385,96.385,41
1769089560,96.385,96.385,96.385,96.385,86
1769089620,96.385,96.385,96.385,96.385,53
1769089800,96.385,96.385,96.385,96.385,711
1769089860,96.385,96.385,96.385,96.385,98
1769090040,96.385,96.385,96.385,96.385,6
1769090160,96.385,96.385,96.385,96.385,243
1769090220,96.385,96.385,96.385,96.385,14
1769090520,96.385,96.385,96.385,96.385,3
1769091000,96.385,96.385,96.38,96.38,2
1769091060,96.38,96.38,96.38,96.38,1
1769091480,96.38,96.38,96.38,96.38,2
1769091540,96.38,96.38,96.38,96.38,1
1769091720,96.385,96.385,96.385,96.385,16
1769091960,96.385,96.385,96.385,96.385,880
1769092140,96.385,96.385,96.385,96.385,6
1769092440,96.385,96.385,96.385,96.385,5
1769093040,96.385,96.385,96.385,96.385,44
1769093280,96.385,96.385,96.385,96.385,745
1769093820,96.38,96.38,96.38,96.38,1
1769093880,96.385,96.385,96.385,96.385,1
1769094000,96.385,96.385,96.385,96.385,4
1769094120,96.385,96.385,96.385,96.385,2
1769094720,96.385,96.385,96.385,96.385,88
1769094780,96.385,96.385,96.385,96.385,498
1769094900,96.385,96.385,96.385,96.385,5
1769095620,96.39,96.39,96.385,96.385,456
1769095980,96.385,96.385,96.385,96.385,199
1769096040,96.385,96.385,96.385,96.385,77
1769096880,96.38,96.385,96.38,96.385,5324
1769097300,96.385,96.385,96.385,96.385,1168
1769097360,96.385,96.385,96.385,96.385,232
1769097420,96.385,96.385,96.385,96.385,86
1769097840,96.38,96.385,96.38,96.385,111
1769098020,96.385,96.385,96.385,96.385,7
1769099340,96.385,96.385,96.385,96.385,71
1769099700,96.385,96.385,96.385,96.385,2
1769099760,96.385,96.385,96.385,96.385,27
1769099820,96.385,96.385,96.385,96.385,5
1769100360,96.38,96.38,96.38,96.38,1
1769100420,96.385,96.385,96.385,96.385,79
1769100720,96.385,96.385,96.385,96.385,47
1769103300,96.385,96.385,96.385,96.385,1
1769103420,96.38,96.38,96.38,96.38,69
1769103480,96.38,96.38,96.38,96.38,3
1769104200,96.385,96.385,96.385,96.385,1
1769104260,96.385,96.385,96.385,96.385,1
1769105280,96.38,96.38,96.38,96.38,1
1769105340,96.38,96.38,96.38,96.38,1
1769106300,96.385,96.385,96.385,96.385,14
1769107500,96.385,96.385,96.385,96.385,4
1769107560,96.385,96.385,96.385,96.385,140
1769107800,96.385,96.385,96.385,96.385,29
1769108220,96.385,96.385,96.385,96.385,4
1769108340,96.385,96.385,96.385,96.385,100
1769108400,96.385,96.385,96.385,96.385,100
1769109060,96.385,96.385,96.385,96.385,5
1769109240,96.385,96.385,96.385,96.385,13
1769110920,96.385,96.385,96.385,96.385,4
1769110980,96.385,96.385,96.385,96.385,19
1769111040,96.385,96.385,96.385,96.385,50
1769111340,96.385,96.385,96.385,96.385,250
1769112420,96.385,96.385,96.385,96.385,150
1769113020,96.385,96.385,96.385,96.385,13
1769113320,96.385,96.385,96.385,96.385,42
1769113440,96.385,96.385,96.385,96.385,178
1769113500,96.385,96.385,96.385,96.385,4
1769113560,96.385,96.385,96.385,96.385,17
1769113680,96.385,96.385,96.385,96.385,100
1769114520,96.385,96.385,96.385,96.385,5
1769114580,96.385,96.385,96.385,96.385,1
1769114700,96.385,96.385,96.385,96.385,2
1769114760,96.385,96.385,96.385,96.385,1
1769115060,96.38,96.38,96.38,96.38,1
1769115120,96.385,96.385,96.385,96.385,28
1769115180,96.385,96.385,96.385,96.385,76
1769115240,96.385,96.385,96.385,96.385,20
1769115360,96.385,96.385,96.385,96.385,12
1769115420,96.385,96.385,96.385,96.385,51
1769115480,96.385,96.385,96.385,96.385,169
1769115540,96.385,96.385,96.385,96.385,36
1769115600,96.385,96.385,96.385,96.385,39
1769115660,96.385,96.385,96.385,96.385,18
1769115780,96.385,96.385,96.385,96.385,1
1769115960,96.385,96.385,96.385,96.385,73
1769116080,96.385,96.385,96.385,96.385,41
1769116260,96.385,96.385,96.385,96.385,19
1769116500,96.385,96.385,96.385,96.385,13
1769116620,96.385,96.385,96.385,96.385,144
1769117580,96.385,96.385,96.385,96.385,48
1769117760,96.385,96.385,96.385,96.385,21
1769117940,96.39,96.39,96.39,96.39,6
1769118780,96.385,96.385,96.385,96.385,9
1769118960,96.39,96.39,96.39,96.39,16
1769122800,96.385,96.385,96.385,96.385,116
1769122980,96.385,96.385,96.385,96.385,3
1769123040,96.385,96.385,96.385,96.385,38
1769123340,96.385,96.385,96.385,96.385,1
1769123400,96.385,96.385,96.385,96.385,9
1769123700,96.385,96.385,96.385,96.385,57
1769124000,96.385,96.385,96.385,96.385,75
1769126700,96.385,96.385,96.385,96.385,93
1769127960,96.385,96.385,96.385,96.385,21
1769129040,96.385,96.385,96.385,96.385,100
1769130240,96.385,96.385,96.385,96.385,50
1769134980,96.385,96.385,96.385,96.385,13
1769138220,96.385,96.385,96.385,96.385,13
1769140560,96.385,96.385,96.385,96.385,127
1769141460,96.385,96.385,96.385,96.385,7
1769142300,96.385,96.385,96.385,96.385,524
1769142360,96.385,96.385,96.385,96.385,95
1769143260,96.385,96.385,96.385,96.385,8
1769143740,96.385,96.385,96.385,96.385,87
1769144520,96.385,96.385,96.385,96.385,108
1769148240,96.385,96.385,96.385,96.385,100
1769148300,96.385,96.385,96.385,96.385,75
1769149560,96.385,96.385,96.385,96.385,8
1769150100,96.385,96.385,96.385,96.385,75
1769151480,96.385,96.385,96.385,96.385,1
1769152080,96.385,96.385,96.385,96.385,52
1769152500,96.385,96.385,96.385,96.385,100
1769153040,96.385,96.385,96.385,96.385,1
1769153340,96.385,96.385,96.385,96.385,4
1769153520,96.385,96.385,96.385,96.385,1
1769154540,96.385,96.385,96.385,96.385,1112
1769157240,96.385,96.385,96.385,96.385,678
1769158260,96.385,96.385,96.385,96.385,50
1769158380,96.385,96.385,96.385,96.385,2
1769158440,96.385,96.385,96.385,96.385,2
1769159640,96.385,96.385,96.385,96.385,26
1769160540,96.385,96.385,96.385,96.385,4
1769160900,96.385,96.385,96.385,96.385,1
1769161260,96.385,96.385,96.385,96.385,250
1769162160,96.385,96.385,96.385,96.385,1
1769162280,96.385,96.385,96.385,96.385,142
1769164740,96.385,96.385,96.385,96.385,2
1769168820,96.385,96.385,96.385,96.385,102
1769168880,96.385,96.385,96.38,96.385,411
1769169060,96.385,96.385,96.385,96.385,5
1769169300,96.385,96.385,96.385,96.385,16
1769170740,96.385,96.385,96.385,96.385,11
1769171100,96.385,96.385,96.385,96.385,150
1769172060,96.385,96.385,96.385,96.385,11
1769173620,96.38,96.38,96.38,96.38,1
1769173680,96.385,96.385,96.385,96.385,158
1769174880,96.38,96.38,96.38,96.38,1
1769175300,96.385,96.385,96.385,96.385,1417
1769175900,96.38,96.38,96.38,96.38,1
1769176080,96.38,96.38,96.38,96.38,150
1769176140,96.385,96.385,96.385,96.385,4
1769176860,96.385,96.385,96.385,96.385,1
1769177280,96.38,96.38,96.38,96.38,2
1769177340,96.38,96.38,96.38,96.38,1
1769177760,96.38,96.38,96.38,96.38,1
1769177820,96.38,96.38,96.38,96.38,1
1769178360,96.385,96.385,96.385,96.385,4
1769178900,96.38,96.38,96.38,96.38,5
1769179440,96.385,96.385,96.385,96.385,1
1769179500,96.385,96.385,96.385,96.385,250
1769179740,96.38,96.38,96.38,96.38,2
1769179860,96.385,96.385,96.385,96.385,60
1769179920,96.385,96.385,96.385,96.385,100
1769180340,96.38,96.38,96.38,96.38,1
1769180640,96.385,96.385,96.385,96.385,100
1769180820,96.385,96.385,96.385,96.385,2
1769180940,96.385,96.385,96.385,96.385,2
1769181600,96.38,96.38,96.38,96.38,3
1769182140,96.385,96.385,96.385,96.385,1
1769182500,96.38,96.38,96.38,96.38,1
1769183400,96.385,96.385,96.385,96.385,7
1769183640,96.38,96.38,96.38,96.38,1
1769183700,96.38,96.38,96.38,96.38,1
1769183820,96.385,96.385,96.385,96.385,1
1769187240,96.38,96.38,96.38,96.38,4
1769190300,96.38,96.38,96.38,96.38,10
1769190360,96.38,96.38,96.38,96.38,1
1769190420,96.38,96.38,96.38,96.38,1
1769190660,96.38,96.38,96.38,96.38,1
1769190720,96.38,96.38,96.38,96.38,2
1769190840,96.38,96.38,96.38,96.38,1
1769191260,96.38,96.38,96.38,96.38,2
1769191620,96.38,96.38,96.38,96.38,1
1769191680,96.38,96.38,96.38,96.38,1
1769193780,96.38,96.38,96.38,96.38,3
1769194200,96.385,96.385,96.385,96.385,50
1769195760,96.38,96.38,96.38,96.38,28
1769196480,96.385,96.385,96.385,96.385,100
1769198280,96.38,96.38,96.38,96.38,1
1769198700,96.385,96.385,96.385,96.385,51
1769199120,96.385,96.385,96.385,96.385,21
1769199240,96.385,96.385,96.385,96.385,50
1769200860,96.38,96.38,96.38,96.38,1
1769201220,96.38,96.38,96.38,96.38,150
1769201400,96.38,96.38,96.38,96.38,135
1769201460,96.385,96.385,96.385,96.385,48
1769201640,96.385,96.385,96.38,96.38,2
1769202300,96.385,96.385,96.385,96.385,50
1769202360,96.385,96.385,96.385,96.385,38
1769202840,96.38,96.38,96.38,96.38,56
1769202900,96.38,96.38,96.38,96.38,50
1769203320,96.38,96.38,96.38,96.38,37
1769203380,96.38,96.38,96.38,96.38,5
1769204160,96.385,96.385,96.385,96.385,262
1769204820,96.385,96.385,96.385,96.385,711
1769205300,96.385,96.385,96.385,96.385,2
1769205360,96.385,96.385,96.385,96.385,191
1769205420,96.385,96.385,96.385,96.385,39
1769205540,96.385,96.385,96.385,96.385,15
1769382000,96.385,96.385,96.385,96.385,494
1769382060,96.385,96.385,96.385,96.385,91
1769382180,96.385,96.385,96.385,96.385,100
1769382660,96.385,96.385,96.385,96.385,476
1769382780,96.385,96.385,96.385,96.385,18
1769387280,96.385,96.39,96.385,96.385,1046
1769393700,96.385,96.385,96.385,96.385,25
1769393760,96.385,96.385,96.385,96.385,25
1769398800,96.385,96.385,96.385,96.385,8
1769402220,96.385,96.385,96.385,96.385,133
1769402580,96.385,96.385,96.385,96.385,5
1769404200,96.385,96.385,96.385,96.385,5
1769404920,96.385,96.385,96.385,96.385,13
1769409000,96.385,96.385,96.385,96.385,4
1769409060,96.385,96.385,96.385,96.385,25
1769409240,96.385,96.385,96.385,96.385,5
1769410260,96.385,96.385,96.385,96.385,4
1769413560,96.385,96.385,96.385,96.385,14
1769414160,96.385,96.385,96.385,96.385,20
1769418360,96.385,96.385,96.385,96.385,335
1769419560,96.385,96.385,96.385,96.385,562
1769431140,96.385,96.385,96.385,96.385,6
1769431980,96.385,96.385,96.385,96.385,21
1769432040,96.385,96.385,96.385,96.385,4
1769432400,96.385,96.385,96.385,96.385,260
1769432820,96.38,96.38,96.38,96.38,1
1769434980,96.38,96.38,96.38,96.38,1
1769435040,96.38,96.38,96.38,96.38,1
1769436120,96.38,96.38,96.38,96.38,1
1769436180,96.38,96.38,96.38,96.38,1
1769436840,96.38,96.38,96.38,96.38,1
1769437920,96.38,96.38,96.38,96.38,57
1769439420,96.385,96.385,96.385,96.385,52
1769440140,96.38,96.38,96.38,96.38,1
1769441100,96.385,96.385,96.385,96.385,831
1769441220,96.385,96.385,96.385,96.385,2
1769441940,96.38,96.38,96.38,96.38,13
1769443980,96.38,96.38,96.38,96.38,200
1769444580,96.38,96.38,96.38,96.38,100
1769444880,96.38,96.38,96.38,96.38,1
1769444940,96.38,96.38,96.38,96.38,1
1769447280,96.38,96.38,96.38,96.38,6
1769450400,96.38,96.38,96.38,96.38,2
1769452140,96.385,96.385,96.385,96.385,26
1769453580,96.38,96.38,96.38,96.38,1
1769453820,96.38,96.38,96.38,96.38,14
1769454420,96.38,96.38,96.38,96.38,100
1769455680,96.385,96.385,96.385,96.385,2
1769455740,96.385,96.385,96.385,96.385,2
1769455800,96.385,96.385,96.385,96.385,2
1769455860,96.385,96.385,96.385,96.385,1
1769455980,96.385,96.385,96.385,96.385,2
1769456040,96.385,96.385,96.385,96.385,1
1769456160,96.385,96.385,96.385,96.385,1
1769456220,96.385,96.385,96.385,96.385,1
1769456280,96.385,96.385,96.385,96.385,1
1769456340,96.385,96.385,96.385,96.385,1
1769456400,96.385,96.385,96.385,96.385,1
1769456460,96.385,96.385,96.385,96.385,2
1769456520,96.385,96.385,96.385,96.385,2
1769456580,96.385,96.385,96.385,96.385,1
1769456640,96.385,96.385,96.385,96.385,3
1769456700,96.385,96.385,96.385,96.385,2
1769456760,96.385,96.385,96.385,96.385,2
1769456820,96.385,96.385,96.385,96.385,1
1769459400,96.385,96.385,96.385,96.385,5
1769460600,96.38,96.38,96.38,96.38,1
1769462160,96.38,96.38,96.38,96.38,17
1769462640,96.385,96.385,96.385,96.385,50
1769464020,96.385,96.385,96.385,96.385,29
1769464380,96.385,96.385,96.385,96.385,2
1769464740,96.38,96.385,96.38,96.385,26
1769468760,96.38,96.38,96.38,96.38,16
1769472660,96.38,96.38,96.38,96.38,16
1769473200,96.38,96.38,96.38,96.38,16
1769473980,96.38,96.38,96.38,96.38,17
1769478120,96.38,96.38,96.38,96.38,9
1769490960,96.38,96.38,96.38,96.38,100
1769491140,96.38,96.38,96.38,96.38,18
1769492280,96.38,96.38,96.38,96.38,200
1769493360,96.38,96.38,96.38,96.38,100
1769493480,96.38,96.38,96.38,96.38,100
1769495640,96.38,96.38,96.38,96.38,3
1769495700,96.38,96.38,96.38,96.38,25
1769500440,96.38,96.38,96.38,96.38,1113
1769501040,96.38,96.38,96.38,96.38,9
1769506200,96.38,96.38,96.38,96.38,4
1769509920,96.38,96.38,96.38,96.38,200
1769509980,96.38,96.38,96.38,96.38,200
1769510040,96.38,96.38,96.38,96.38,45
1769510160,96.38,96.38,96.38,96.38,411
1769513640,96.38,96.38,96.38,96.38,53
1769514480,96.38,96.38,96.38,96.38,52
1769514660,96.38,96.38,96.38,96.38,302
1769516100,96.38,96.38,96.38,96.38,700
1769516280,96.38,96.38,96.38,96.38,100
1769517180,96.38,96.38,96.38,96.38,300
1769518080,96.38,96.38,96.38,96.38,7
1769519160,96.38,96.38,96.38,96.38,1
1769519280,96.38,96.38,96.38,96.38,38
1769519340,96.38,96.38,96.38,96.38,111
1769519400,96.38,96.38,96.38,96.38,464
1769519700,96.38,96.38,96.38,96.38,3
1769519820,96.38,96.38,96.38,96.38,235
1769519880,96.38,96.38,96.38,96.38,138
1769520060,96.38,96.38,96.38,96.38,2
1769520180,96.38,96.38,96.38,96.38,2
1769520900,96.38,96.38,96.38,96.38,13
1769521860,96.38,96.38,96.38,96.38,1
1769522040,96.38,96.38,96.38,96.38,6
1769522880,96.38,96.38,96.38,96.38,1
1769524620,96.38,96.38,96.38,96.38,1
1769525040,96.385,96.385,96.385,96.385,40
1769525820,96.38,96.38,96.38,96.38,7
1769526180,96.385,96.385,96.385,96.385,480
1769526360,96.385,96.385,96.385,96.385,2368
1769526420,96.385,96.385,96.385,96.385,6
1769526480,96.385,96.385,96.385,96.385,1376
1769526540,96.385,96.385,96.385,96.385,240
1769526720,96.385,96.385,96.385,96.385,249
1769526900,96.385,96.385,96.385,96.385,4
1769527800,96.385,96.385,96.385,96.385,444
1769528520,96.38,96.38,96.38,96.38,1
1769529360,96.385,96.385,96.385,96.385,1
1769529420,96.385,96.385,96.385,96.385,389
1769530140,96.385,96.385,96.385,96.385,2
1769530260,96.385,96.385,96.385,96.385,512
1769530440,96.385,96.385,96.385,96.385,1
1769531220,96.385,96.385,96.385,96.385,769
1769531280,96.385,96.385,96.385,96.385,161
1769531460,96.385,96.385,96.385,96.385,226
1769531700,96.385,96.385,96.385,96.385,8
1769531820,96.385,96.385,96.385,96.385,199
1769531940,96.385,96.385,96.385,96.385,3
1769532060,96.385,96.385,96.385,96.385,51
1769532120,96.385,96.385,96.385,96.385,80
1769533380,96.38,96.38,96.38,96.38,60
1769533740,96.38,96.38,96.38,96.38,100
1769534460,96.385,96.385,96.385,96.385,516
1769534520,96.385,96.385,96.385,96.385,285
1769534940,96.385,96.385,96.385,96.385,100
1769535540,96.385,96.385,96.385,96.385,1
1769535780,96.385,96.385,96.385,96.385,156
1769535900,96.385,96.385,96.385,96.385,174
1769535960,96.385,96.385,96.385,96.385,6
1769536200,96.385,96.385,96.385,96.385,1
1769536320,96.385,96.385,96.385,96.385,23
1769536380,96.385,96.385,96.385,96.385,144
1769536440,96.385,96.385,96.385,96.385,275
1769536500,96.385,96.39,96.385,96.39,392
1769536560,96.385,96.385,96.385,96.385,27
1769536740,96.385,96.385,96.385,96.385,58
1769536860,96.385,96.385,96.385,96.385,3
1769537220,96.385,96.385,96.385,96.385,50
1769538780,96.385,96.39,96.385,96.39,1528
1769538840,96.385,96.385,96.385,96.385,1
1769539380,96.385,96.385,96.385,96.385,7
1769539440,96.385,96.385,96.385,96.385,12
1769539500,96.385,96.385,96.385,96.385,1506
1769539560,96.385,96.385,96.385,96.385,783
1769540100,96.39,96.39,96.39,96.39,2
1769540460,96.385,96.385,96.385,96.385,569
1769540580,96.385,96.385,96.385,96.385,7
1769540820,96.385,96.385,96.385,96.385,19
1769540880,96.385,96.385,96.385,96.385,245
1769541120,96.385,96.385,96.385,96.385,1
1769541240,96.385,96.385,96.385,96.385,139
1769541300,96.385,96.385,96.385,96.385,130
1769542140,96.385,96.385,96.385,96.385,82
1769542260,96.385,96.385,96.385,96.385,996
1769543280,96.385,96.385,96.385,96.385,517
1769543340,96.385,96.385,96.385,96.385,228
1769543460,96.385,96.385,96.385,96.385,783
1769543520,96.385,96.385,96.385,96.385,1370
1769544060,96.385,96.385,96.385,96.385,402
1769544360,96.385,96.385,96.385,96.385,15
1769544660,96.385,96.385,96.385,96.385,38
1769544900,96.385,96.385,96.385,96.385,18
1769544960,96.385,96.385,96.385,96.385,5
1769545620,96.385,96.385,96.385,96.385,2
1769545680,96.385,96.385,96.385,96.385,7
1769545740,96.385,96.385,96.385,96.385,7
1769546520,96.385,96.385,96.385,96.385,5
1769546580,96.385,96.385,96.385,96.385,471
1769546640,96.385,96.385,96.385,96.385,554
1769546760,96.385,96.385,96.385,96.385,300
1769546940,96.385,96.385,96.385,96.385,690
1769547000,96.385,96.385,96.385,96.385,260
1769547060,96.385,96.385,96.385,96.385,54
1769547120,96.385,96.385,96.385,96.385,98
1769547180,96.385,96.385,96.385,96.385,247
1769547240,96.385,96.385,96.385,96.385,260
1769547300,96.385,96.385,96.385,96.385,263
1769547360,96.385,96.385,96.385,96.385,133
1769547420,96.385,96.385,96.385,96.385,44
1769547660,96.385,96.385,96.385,96.385,65
1769547720,96.385,96.385,96.385,96.385,4
1769548320,96.385,96.385,96.385,96.385,43
1769548500,96.385,96.385,96.385,96.385,34
1769548680,96.385,96.385,96.385,96.385,22
1769548740,96.385,96.385,96.385,96.385,526
1769548860,96.385,96.385,96.385,96.385,11
1769549340,96.385,96.385,96.385,96.385,24
1769549400,96.385,96.385,96.385,96.385,2
1769550480,96.385,96.385,96.385,96.385,71
1769550600,96.385,96.385,96.385,96.385,2
1769550720,96.385,96.385,96.385,96.385,5
1769550840,96.385,96.385,96.385,96.385,11
1769550900,96.385,96.385,96.385,96.385,149
1769550960,96.385,96.385,96.385,96.385,15
1769551080,96.385,96.385,96.385,96.385,24
1769551140,96.385,96.385,96.385,96.385,198
1769554800,96.385,96.385,96.385,96.385,58
1769555160,96.385,96.385,96.385,96.385,3
1769556660,96.385,96.385,96.385,96.385,1
1769559660,96.385,96.385,96.385,96.385,1
1769564580,96.385,96.385,96.385,96.385,50
1769571720,96.385,96.385,96.385,96.385,50
1769577300,96.385,96.385,96.385,96.385,10
1769577960,96.385,96.385,96.385,96.385,6
1769585640,96.385,96.385,96.385,96.385,859
1769586660,96.385,96.385,96.385,96.385,60
1769587860,96.385,96.385,96.385,96.385,250
1769588040,96.385,96.385,96.385,96.385,250
1769588280,96.385,96.385,96.385,96.385,5
1769588640,96.385,96.385,96.385,96.385,1
1769588880,96.385,96.385,96.385,96.385,17
1769593800,96.385,96.385,96.385,96.385,380
1769594940,96.385,96.385,96.385,96.385,1118
1769596740,96.385,96.385,96.385,96.385,100
1769597040,96.38,96.38,96.38,96.38,200
1769597160,96.385,96.385,96.385,96.385,3
1769600580,96.385,96.385,96.385,96.385,1
1769600820,96.385,96.385,96.385,96.385,374
1769600880,96.385,96.385,96.385,96.385,57
1769601420,96.385,96.385,96.385,96.385,8
1769601480,96.385,96.385,96.385,96.385,14
1769601840,96.385,96.385,96.385,96.385,422
1769601900,96.385,96.385,96.385,96.385,184
1769601960,96.385,96.385,96.385,96.385,59
1769602080,96.385,96.385,96.385,96.385,5
1769602320,96.385,96.385,96.385,96.385,128
1769602380,96.385,96.385,96.385,96.385,56
1769603760,96.385,96.385,96.385,96.385,6
1769603820,96.385,96.385,96.385,96.385,575
1769604420,96.385,96.385,96.385,96.385,2
1769604660,96.385,96.385,96.385,96.385,514
1769604840,96.385,96.385,96.385,96.385,2
1769605500,96.385,96.385,96.385,96.385,2
1769605680,96.38,96.38,96.38,96.38,1
1769606040,96.385,96.385,96.385,96.385,15
1769607420,96.385,96.385,96.385,96.385,104
1769607660,96.385,96.385,96.385,96.385,14
1769607720,96.385,96.385,96.385,96.385,100
1769607960,96.385,96.385,96.385,96.385,230
1769608080,96.385,96.385,96.385,96.385,68
1769609520,96.385,96.385,96.385,96.385,2578
1769609640,96.39,96.39,96.385,96.385,23
1769609700,96.39,96.39,96.39,96.39,3
1769609760,96.39,96.39,96.39,96.39,1
1769609820,96.39,96.39,96.39,96.39,1
1769610120,96.385,96.385,96.385,96.385,18
1769610300,96.385,96.385,96.385,96.385,2
1769610540,96.385,96.385,96.385,96.385,21
1769610600,96.385,96.385,96.385,96.385,3831
1769610660,96.385,96.385,96.385,96.385,1
1769610840,96.385,96.385,96.385,96.385,7
1769610900,96.385,96.385,96.385,96.385,18
1769611200,96.385,96.385,96.385,96.385,55
1769614080,96.38,96.38,96.38,96.38,1
1769614620,96.385,96.385,96.385,96.385,206
1769615040,96.385,96.385,96.385,96.385,9
1769615340,96.385,96.385,96.385,96.385,3
1769615400,96.385,96.385,96.385,96.385,95
1769615580,96.385,96.385,96.385,96.385,2
1769617020,96.385,96.385,96.385,96.385,3
1769618040,96.385,96.385,96.385,96.385,2
1769618460,96.385,96.385,96.385,96.385,1
1769619180,96.385,96.385,96.385,96.385,6
1769619300,96.385,96.385,96.385,96.385,2
1769619480,96.385,96.385,96.385,96.385,11
1769621700,96.385,96.385,96.385,96.385,86
1769621880,96.385,96.385,96.385,96.385,3
1769622660,96.38,96.38,96.38,96.38,1393
1769622720,96.38,96.38,96.38,96.38,6
1769623200,96.38,96.38,96.38,96.38,50
1769623320,96.375,96.375,96.375,96.375,1
1769623500,96.38,96.38,96.38,96.38,40
1769623560,96.38,96.38,96.38,96.38,2817
1769623620,96.38,96.38,96.38,96.38,2
1769623680,96.38,96.38,96.38,96.38,10
1769624040,96.38,96.38,96.38,96.38,7
1769624220,96.38,96.38,96.38,96.38,1
1769624280,96.38,96.38,96.38,96.38,3
1769624460,96.38,96.38,96.38,96.38,7
1769626140,96.38,96.38,96.38,96.38,154
1769626320,96.38,96.38,96.38,96.38,84
1769626380,96.38,96.38,96.38,96.38,165
1769626440,96.38,96.38,96.38,96.38,58
1769626500,96.38,96.38,96.38,96.38,265
1769626560,96.38,96.38,96.38,96.38,120
1769626620,96.38,96.38,96.38,96.38,170
1769626680,96.38,96.38,96.38,96.38,200
1769626740,96.38,96.38,96.38,96.38,100
1769626860,96.385,96.385,96.38,96.38,306
1769626920,96.38,96.38,96.38,96.38,220
1769627220,96.38,96.38,96.38,96.38,196
1769627280,96.38,96.38,96.38,96.38,202
1769627340,96.38,96.38,96.38,96.38,325
1769627820,96.38,96.38,96.38,96.38,1963
1769628060,96.38,96.38,96.38,96.38,1362
1769628120,96.38,96.38,96.38,96.38,427
1769628180,96.38,96.38,96.38,96.38,397
1769628240,96.38,96.38,96.38,96.38,551
1769628540,96.375,96.375,96.375,96.375,2
1769629020,96.38,96.38,96.38,96.38,716
1769629080,96.38,96.38,96.38,96.38,136
1769629500,96.375,96.375,96.375,96.375,1
1769629680,96.38,96.38,96.38,96.38,285
1769629800,96.38,96.38,96.38,96.38,572
1769630280,96.38,96.38,96.38,96.38,1
1769630640,96.38,96.38,96.38,96.38,6
1769631060,96.38,96.38,96.38,96.38,2
1769633400,96.375,96.375,96.375,96.375,1
1769641200,96.38,96.38,96.38,96.38,102
1769654640,96.38,96.38,96.38,96.38,2
1769656740,96.38,96.38,96.38,96.38,16
1769671740,96.38,96.38,96.38,96.38,6
1769674500,96.38,96.38,96.38,96.38,3
1769677440,96.38,96.38,96.38,96.38,430
1769682780,96.38,96.38,96.38,96.38,1
1769682840,96.38,96.38,96.38,96.38,1
1769683020,96.375,96.375,96.375,96.375,5
1769686080,96.38,96.38,96.38,96.38,1
1769690340,96.38,96.38,96.38,96.38,409
1769691240,96.38,96.38,96.38,96.38,3
1769691720,96.38,96.38,96.38,96.38,433
1769691840,96.38,96.38,96.38,96.38,8
1769692080,96.38,96.38,96.38,96.38,2
1769692500,96.38,96.38,96.38,96.38,540
1769692680,96.38,96.38,96.38,96.38,28
1769692920,96.38,96.38,96.38,96.38,1574
1769692980,96.38,96.38,96.38,96.38,493
1769693040,96.38,96.38,96.38,96.38,15
1769693160,96.38,96.38,96.38,96.38,4
1769693220,96.38,96.38,96.38,96.38,17
1769693280,96.38,96.38,96.38,96.38,100
1769693400,96.38,96.38,96.38,96.38,35
1769693460,96.38,96.38,96.38,96.38,6
1769693640,96.38,96.38,96.38,96.38,359
1769693820,96.38,96.38,96.38,96.38,49
1769693880,96.38,96.38,96.38,96.38,74
1769694120,96.38,96.38,96.38,96.38,15
1769694540,96.38,96.38,96.38,96.38,6
1769694600,96.38,96.38,96.38,96.38,6
1769694660,96.38,96.38,96.38,96.38,4
1769696040,96.38,96.38,96.38,96.38,781
1769696160,96.38,96.38,96.38,96.38,304
1769697420,96.38,96.38,96.38,96.38,107
1769697900,96.38,96.38,96.38,96.38,10
1769697960,96.38,96.38,96.38,96.38,29
1769698020,96.38,96.38,96.38,96.38,647
1769698080,96.38,96.38,96.38,96.38,1
1769698140,96.38,96.38,96.38,96.38,203
1769698260,96.38,96.38,96.38,96.38,209
1769698320,96.38,96.38,96.38,96.38,5
1769698380,96.38,96.38,96.38,96.38,1
1769698440,96.38,96.38,96.38,96.38,10
1769698500,96.38,96.38,96.38,96.38,498
1769698560,96.38,96.38,96.38,96.38,24
1769698620,96.38,96.38,96.38,96.38,9
1769698740,96.38,96.38,96.38,96.38,5
1769698920,96.38,96.38,96.38,96.38,50
1769699160,96.38,96.38,96.38,96.38,3
1769699520,96.38,96.38,96.38,96.38,4
1769699760,96.385,96.385,96.385,96.385,5
1769699820,96.385,96.385,96.385,96.385,544
1769699940,96.38,96.38,96.38,96.38,5
1769700300,96.38,96.38,96.38,96.38,19
1769700840,96.38,96.38,96.38,96.38,5
1769700960,96.385,96.39,96.385,96.385,2574
1769701020,96.385,96.385,96.385,96.385,641
1769701080,96.385,96.385,96.385,96.385,71
1769701140,96.385,96.385,96.385,96.385,132
1769701200,96.385,96.385,96.385,96.385,100
1769701320,96.385,96.385,96.385,96.385,300
1769701680,96.385,96.385,96.385,96.385,1
1769701740,96.385,96.385,96.385,96.385,100
1769701920,96.385,96.385,96.385,96.385,4
1769702400,96.385,96.385,96.385,96.385,71
1769702520,96.385,96.385,96.385,96.385,290
1769702580,96.385,96.385,96.385,96.385,5
1769702760,96.385,96.385,96.385,96.385,22
1769702820,96.385,96.385,96.385,96.385,5
1769702880,96.385,96.39,96.385,96.39,1275
1769703060,96.385,96.385,96.385,96.385,31
1769703120,96.385,96.385,96.385,96.385,11
1769703180,96.385,96.385,96.385,96.385,5
1769703240,96.385,96.385,96.385,96.385,494
1769703300,96.385,96.39,96.385,96.385,422
1769703360,96.385,96.385,96.385,96.385,480
1769703420,96.385,96.385,96.385,96.385,220
1769703480,96.385,96.385,96.385,96.385,101
1769705520,96.385,96.385,96.385,96.385,136
1769706180,96.38,96.38,96.38,96.38,1
1769707140,96.385,96.385,96.385,96.385,13
1769708760,96.385,96.385,96.385,96.385,3
1769709000,96.38,96.38,96.38,96.38,34
1769709180,96.385,96.385,96.385,96.385,1
1769713260,96.385,96.385,96.385,96.385,129
1769715060,96.38,96.38,96.38,96.38,120
1769719080,96.38,96.38,96.38,96.38,1
1769720760,96.38,96.38,96.38,96.38,8
1769721720,96.38,96.38,96.38,96.38,54
1769722560,96.385,96.385,96.385,96.385,62
1769723700,96.385,96.385,96.385,96.385,86
1769728440,96.385,96.385,96.385,96.385,7
1769728680,96.385,96.385,96.385,96.385,1806
1769728740,96.385,96.385,96.385,96.385,27
1769742900,96.385,96.385,96.385,96.385,10
1769761080,96.385,96.385,96.385,96.385,1
1769765280,96.385,96.385,96.385,96.385,34
1769765640,96.385,96.385,96.385,96.385,19
1769766180,96.38,96.38,96.38,96.38,5
1769766780,96.385,96.385,96.385,96.385,1
1769768160,96.385,96.385,96.385,96.385,182
1769769720,96.38,96.38,96.38,96.38,55
1769769780,96.38,96.385,96.38,96.385,58
1769770380,96.38,96.38,96.38,96.38,6
1769770920,96.385,96.385,96.385,96.385,10
1769772060,96.38,96.38,96.38,96.38,27
1769772960,96.385,96.385,96.385,96.385,1
1769774280,96.385,96.385,96.385,96.385,393
1769775600,96.38,96.38,96.38,96.38,23
1769776860,96.385,96.385,96.385,96.385,4
1769779200,96.38,96.38,96.38,96.38,1
1769779740,96.38,96.38,96.38,96.38,251
1769779800,96.38,96.38,96.38,96.38,2595
1769781960,96.38,96.38,96.38,96.38,17
1769782620,96.385,96.385,96.385,96.385,17
1769784000,96.38,96.38,96.38,96.38,3
1769785500,96.38,96.38,96.38,96.38,26
1769786220,96.38,96.38,96.38,96.38,7
1769786820,96.38,96.38,96.38,96.38,7
1769788020,96.38,96.38,96.38,96.38,1
1769788320,96.38,96.38,96.38,96.38,24
1769788800,96.385,96.385,96.385,96.385,18
1769790300,96.38,96.385,96.38,96.385,7
1769790540,96.38,96.38,96.38,96.38,2
1769792220,96.38,96.38,96.38,96.38,105
1769792940,96.385,96.385,96.385,96.385,11
1769794920,96.38,96.38,96.38,96.38,40
1769795040,96.38,96.38,96.38,96.38,1
1769795580,96.38,96.38,96.38,96.38,4
1769797800,96.38,96.38,96.38,96.38,1
1769799180,96.385,96.385,96.385,96.385,11
1769801340,96.38,96.38,96.38,96.38,8
1769801460,96.385,96.385,96.385,96.385,471
1769801760,96.38,96.38,96.38,96.38,32
1769801820,96.38,96.38,96.38,96.38,73
1769802720,96.38,96.38,96.38,96.38,8
1769803440,96.385,96.385,96.38,96.38,77
1769803680,96.38,96.38,96.38,96.38,54
1769804460,96.38,96.38,96.38,96.38,5
1769805180,96.38,96.38,96.38,96.38,1699
1769806380,96.38,96.38,96.38,96.38,1
1769806560,96.385,96.385,96.385,96.385,780
1769806980,96.38,96.38,96.38,96.38,2
1769807640,96.38,96.38,96.38,96.38,1
1769807700,96.38,96.38,96.38,96.38,2
1769808420,96.38,96.38,96.38,96.38,11
1769808540,96.38,96.38,96.38,96.38,1
1769808780,96.38,96.38,96.38,96.38,336
1769810160,96.38,96.38,96.38,96.38,283
1769810220,96.38,96.38,96.38,96.38,26
1769810340,96.385,96.385,96.38,96.38,42
1769989380,96.38,96.38,96.38,96.38,100
1769989440,96.38,96.38,96.38,96.38,100
1769990820,96.38,96.38,96.38,96.38,100
1769991840,96.38,96.38,96.38,96.38,476
1769992860,96.38,96.38,96.38,96.38,3
1769994780,96.38,96.38,96.38,96.38,60
1769994900,96.38,96.38,96.38,96.38,1
1769996520,96.38,96.38,96.38,96.38,101
1769996640,96.38,96.38,96.38,96.38,1
1769996880,96.38,96.38,96.38,96.38,27
1770003900,96.38,96.38,96.38,96.38,3
1770012960,96.385,96.385,96.385,96.385,1
1770017700,96.385,96.385,96.385,96.385,4
1770019020,96.38,96.38,96.38,96.38,1
1770019920,96.385,96.385,96.385,96.385,281
1770021060,96.385,96.385,96.385,96.385,1
1770022680,96.385,96.385,96.385,96.385,1
1770024600,96.38,96.38,96.38,96.38,55
1770024720,96.38,96.38,96.38,96.38,300
1770024840,96.38,96.38,96.38,96.38,17
1770024900,96.38,96.38,96.38,96.38,200
1770025020,96.38,96.38,96.38,96.38,10
1770025500,96.38,96.38,96.38,96.38,300
1770026040,96.38,96.38,96.38,96.38,73
1770026100,96.38,96.38,96.38,96.38,2
1770026220,96.38,96.38,96.38,96.38,328
1770026280,96.38,96.38,96.38,96.38,18
1770026520,96.38,96.38,96.38,96.38,608
1770026640,96.38,96.38,96.38,96.38,200
1770027180,96.38,96.38,96.38,96.38,200
1770027480,96.38,96.38,96.38,96.38,185
1770027660,96.38,96.38,96.38,96.38,6
1770027720,96.38,96.38,96.38,96.38,4
1770028320,96.38,96.38,96.38,96.38,7
1770030360,96.385,96.385,96.385,96.385,1
1770031740,96.38,96.38,96.38,96.38,5
1770032460,96.38,96.38,96.38,96.38,752
1770032520,96.38,96.38,96.38,96.38,193
1770032580,96.38,96.38,96.38,96.38,18
1770032880,96.385,96.385,96.385,96.385,1
1770033240,96.38,96.38,96.38,96.38,3
1770033480,96.38,96.38,96.38,96.38,1
1770037260,96.38,96.38,96.38,96.38,2609
1770037680,96.38,96.38,96.38,96.38,303
1770037920,96.38,96.38,96.38,96.38,25
1770038400,96.38,96.38,96.38,96.38,4
1770038460,96.38,96.38,96.38,96.38,4
1770038520,96.38,96.38,96.38,96.38,35
1770038880,96.38,96.38,96.38,96.38,331
1770038940,96.38,96.38,96.38,96.38,3
1770040740,96.38,96.38,96.38,96.38,23
1770040800,96.38,96.38,96.38,96.38,3
1770040860,96.38,96.38,96.38,96.38,10
1770041220,96.38,96.38,96.38,96.38,24
1770042840,96.38,96.38,96.38,96.38,28
1770043080,96.38,96.38,96.38,96.38,4
1770043440,96.38,96.38,96.38,96.38,31
1770044340,96.38,96.38,96.38,96.38,41
1770044400,96.38,96.38,96.375,96.375,6
1770044460,96.375,96.375,96.375,96.375,1
1770045180,96.375,96.375,96.375,96.375,464
1770045300,96.375,96.375,96.375,96.375,41
1770045360,96.375,96.375,96.375,96.375,341
1770045540,96.375,96.375,96.375,96.375,1077
1770045600,96.375,96.375,96.375,96.375,721
1770045660,96.375,96.375,96.375,96.375,24
1770045960,96.375,96.375,96.375,96.375,54
1770046020,96.375,96.375,96.375,96.375,4
1770046440,96.375,96.375,96.375,96.375,4
1770046560,96.375,96.375,96.375,96.375,1138
1770046620,96.375,96.375,96.375,96.375,231
1770046680,96.375,96.375,96.375,96.375,20
1770046860,96.375,96.375,96.375,96.375,440
1770047700,96.375,96.375,96.375,96.375,10
1770049920,96.375,96.375,96.375,96.375,4
1770049980,96.375,96.375,96.375,96.375,208
1770050100,96.375,96.375,96.375,96.375,1
1770051420,96.38,96.38,96.38,96.38,907
1770052320,96.375,96.375,96.375,96.375,52
1770058500,96.375,96.375,96.375,96.375,138
1770059160,96.38,96.38,96.38,96.38,24
1770059700,96.375,96.375,96.375,96.375,1
1770061800,96.38,96.38,96.38,96.38,20
1770062220,96.375,96.375,96.375,96.375,8
1770062280,96.375,96.375,96.375,96.375,14
1770062340,96.375,96.38,96.375,96.375,15
1770064560,96.375,96.375,96.375,96.375,52
1770064740,96.375,96.375,96.375,96.375,52
1770064920,96.38,96.38,96.38,96.38,4
1770067020,96.375,96.375,96.375,96.375,29
1770067140,96.375,96.375,96.375,96.375,7
1770067680,96.375,96.375,96.375,96.375,16
1770067740,96.375,96.375,96.375,96.375,294
1770067800,96.375,96.375,96.375,96.375,2863
1770068340,96.37,96.37,96.37,96.37,4
1770068400,96.375,96.375,96.375,96.375,99
1770069120,96.375,96.375,96.375,96.375,1
1770069180,96.375,96.375,96.375,96.375,3
1770069360,96.375,96.375,96.375,96.375,1
1770073200,96.375,96.375,96.375,96.375,35
1770073260,96.375,96.375,96.375,96.375,62
1770073500,96.375,96.375,96.375,96.375,102
1770073560,96.375,96.375,96.375,96.375,101
1770075360,96.375,96.375,96.375,96.375,3
1770080040,96.375,96.375,96.375,96.375,12
1770081300,96.375,96.375,96.375,96.375,101
1770081420,96.375,96.375,96.375,96.375,101
1770085560,96.375,96.375,96.375,96.375,2
1770088620,96.38,96.38,96.38,96.38,3
1770088800,96.375,96.375,96.375,96.375,1025
1770089400,96.37,96.37,96.37,96.37,2
1770089460,96.37,96.37,96.37,96.37,3
1770089520,96.37,96.37,96.37,96.37,7
1770089640,96.37,96.37,96.37,96.37,9
1770089700,96.37,96.37,96.37,96.37,19
1770089760,96.37,96.37,96.37,96.37,12
1770089820,96.37,96.37,96.37,96.37,12
1770089880,96.37,96.37,96.37,96.37,15
1770089940,96.37,96.37,96.37,96.37,148
1770090000,96.37,96.37,96.37,96.37,43
1770090060,96.37,96.37,96.37,96.37,30
1770090120,96.37,96.37,96.37,96.37,39
1770090240,96.37,96.37,96.37,96.37,61
1770091080,96.375,96.375,96.375,96.375,1
1770091800,96.375,96.375,96.375,96.375,1
1770104640,96.37,96.37,96.37,96.37,3
1770107580,96.375,96.375,96.375,96.375,12
1770107940,96.375,96.375,96.375,96.375,1
1770108060,96.375,96.375,96.375,96.375,176
1770108480,96.375,96.375,96.375,96.375,10
1770108540,96.37,96.37,96.37,96.37,1
1770109440,96.375,96.375,96.375,96.375,25
1770111600,96.37,96.37,96.37,96.37,1
1770112200,96.375,96.375,96.375,96.375,75
1770116040,96.375,96.375,96.375,96.375,2
1770117180,96.375,96.375,96.375,96.375,4
1770121740,96.375,96.375,96.375,96.375,81
1770121860,96.375,96.375,96.375,96.375,4
1770122460,96.375,96.375,96.375,96.375,1
1770122640,96.375,96.375,96.375,96.375,18
1770124980,96.37,96.37,96.37,96.37,74
1770125340,96.375,96.375,96.375,96.375,2
1770125760,96.375,96.375,96.375,96.375,74
1770126780,96.375,96.375,96.375,96.375,8
1770127920,96.375,96.375,96.375,96.375,4
1770130860,96.375,96.375,96.375,96.375,36
1770131100,96.375,96.375,96.375,96.375,1
1770131160,96.375,96.375,96.375,96.375,1
1770133980,96.375,96.375,96.375,96.375,28
1770135120,96.375,96.375,96.375,96.375,2
1770136200,96.375,96.375,96.375,96.375,78
1770136260,96.375,96.375,96.375,96.375,3
1770136320,96.375,96.375,96.375,96.375,2
1770136500,96.375,96.375,96.375,96.375,1
1770136680,96.375,96.375,96.375,96.375,5
1770138120,96.37,96.37,96.37,96.37,100
1770138300,96.375,96.375,96.375,96.375,40
1770138660,96.37,96.37,96.37,96.37,80
1770138960,96.375,96.375,96.375,96.375,95
1770139080,96.375,96.375,96.375,96.375,6
1770139140,96.375,96.375,96.375,96.375,8
1770139200,96.375,96.375,96.375,96.375,2
1770139860,96.375,96.375,96.375,96.375,2
1770140700,96.375,96.375,96.375,96.375,45
1770141420,96.375,96.375,96.375,96.375,2
1770141660,96.375,96.375,96.375,96.375,5
1770144780,96.375,96.375,96.375,96.375,500
1770144840,96.375,96.375,96.375,96.375,153
1770145500,96.375,96.375,96.375,96.375,68
1770146160,96.375,96.375,96.375,96.375,10
1770147780,96.375,96.375,96.375,96.375,10
1770148140,96.375,96.375,96.375,96.375,1
1770148560,96.375,96.375,96.375,96.375,6
1770148620,96.375,96.375,96.375,96.375,13
1770148680,96.375,96.375,96.375,96.375,16
1770148740,96.375,96.375,96.375,96.375,3
1770151500,96.375,96.375,96.375,96.375,5
1770151920,96.37,96.37,96.37,96.37,1
1770153000,96.375,96.375,96.375,96.375,1
1770154560,96.375,96.375,96.375,96.375,1
1770154740,96.37,96.375,96.37,96.375,310
1770155760,96.375,96.375,96.375,96.375,19
1770155940,96.375,96.375,96.375,96.375,5
1770159600,96.375,96.375,96.375,96.375,171
1770164100,96.375,96.375,96.375,96.375,58
1770176580,96.375,96.375,96.375,96.375,1
1770177360,96.375,96.375,96.375,96.375,1
1770180300,96.375,96.375,96.375,96.375,8
1770180360,96.375,96.375,96.375,96.375,61
1770185100,96.375,96.375,96.375,96.375,2
1770185580,96.375,96.375,96.375,96.375,1
1770189960,96.375,96.375,96.375,96.375,1
1770190380,96.375,96.375,96.375,96.375,14
1770191580,96.375,96.375,96.375,96.375,4
1770193860,96.375,96.375,96.375,96.375,2
1770194580,96.375,96.375,96.375,96.375,15
1770200340,96.375,96.375,96.375,96.375,1
1770205800,96.375,96.375,96.375,96.375,1
1770208860,96.375,96.375,96.375,96.375,1
1770209400,96.375,96.375,96.375,96.375,1
1770209640,96.375,96.375,96.375,96.375,68
1770210300,96.37,96.37,96.37,96.37,57
1770212520,96.375,96.375,96.375,96.375,17
1770215460,96.375,96.375,96.375,96.375,12
1770217380,96.375,96.375,96.375,96.375,15
1770218040,96.375,96.375,96.375,96.375,10
1770218160,96.375,96.375,96.375,96.375,178
1770218220,96.375,96.375,96.375,96.375,178
1770218460,96.375,96.375,96.375,96.375,171
1770218640,96.375,96.375,96.375,96.375,7
1770222360,96.375,96.375,96.375,96.375,1
1770222960,96.37,96.37,96.37,96.37,204
1770223020,96.37,96.37,96.37,96.37,8
1770223680,96.375,96.375,96.375,96.375,10
1770223920,96.375,96.375,96.375,96.375,47
1770225480,96.37,96.37,96.37,96.37,63
1770226080,96.375,96.375,96.375,96.375,4
1770226200,96.375,96.375,96.375,96.375,1
1770226620,96.375,96.375,96.375,96.375,2
1770227340,96.375,96.375,96.375,96.375,38
1770227400,96.375,96.375,96.375,96.375,29
1770227520,96.375,96.375,96.375,96.375,7
1770227580,96.375,96.375,96.375,96.375,1
1770227640,96.375,96.375,96.375,96.375,1
1770227700,96.375,96.375,96.375,96.375,1
1770227940,96.37,96.37,96.37,96.37,1
1770230820,96.375,96.375,96.375,96.375,1
1770231240,96.375,96.375,96.375,96.375,1
1770232980,96.375,96.375,96.375,96.375,9
1770233520,96.375,96.375,96.375,96.375,1
1770234480,96.375,96.375,96.375,96.375,1
1770234660,96.375,96.375,96.375,96.375,4
1770236220,96.375,96.375,96.375,96.375,12
1770236520,96.37,96.37,96.37,96.37,100
1770238800,96.375,96.375,96.375,96.375,1
1770239760,96.375,96.375,96.375,96.375,1
1770240540,96.375,96.375,96.375,96.375,17
1770240840,96.375,96.375,96.375,96.375,1
1770241140,96.37,96.37,96.37,96.37,176
1770241260,96.375,96.375,96.375,96.375,20
1770241800,96.37,96.37,96.37,96.37,54
1770241920,96.375,96.375,96.375,96.375,1
1770242160,96.375,96.375,96.375,96.375,35
1770242340,96.375,96.375,96.375,96.375,10
1770246000,96.375,96.375,96.375,96.375,268
1770246360,96.375,96.375,96.375,96.375,1
1770247800,96.375,96.375,96.375,96.375,1
1770254640,96.375,96.375,96.375,96.375,1
1770257640,96.375,96.375,96.375,96.375,98
1770260340,96.375,96.375,96.375,96.375,10
1770261180,96.375,96.375,96.375,96.375,1
1770261240,96.375,96.375,96.375,96.375,1
1770273660,96.375,96.375,96.375,96.375,1
1770283560,96.375,96.375,96.375,96.375,8
1770283680,96.375,96.375,96.375,96.375,2
1770284700,96.37,96.37,96.37,96.37,1
1770285600,96.375,96.375,96.375,96.375,10
1770287340,96.375,96.375,96.375,96.375,1
1770287640,96.375,96.375,96.375,96.375,1
1770288180,96.375,96.375,96.375,96.375,1
1770288720,96.375,96.375,96.375,96.375,1
1770289260,96.375,96.375,96.375,96.375,1
1770292500,96.375,96.375,96.375,96.375,3
1770292620,96.375,96.375,96.375,96.375,3
1770292740,96.375,96.375,96.375,96.375,374
1770294300,96.375,96.375,96.375,96.375,88
1770294480,96.375,96.375,96.375,96.375,691
1770294540,96.375,96.375,96.375,96.375,14
1770294600,96.375,96.375,96.375,96.375,1550
1770294660,96.38,96.38,96.38,96.38,500
1770295080,96.38,96.38,96.38,96.38,2
1770295140,96.38,96.38,96.38,96.38,1
1770296100,96.38,96.38,96.38,96.38,35
1770297720,96.38,96.38,96.38,96.38,14
1770297840,96.38,96.38,96.38,96.38,43
1770298080,96.38,96.38,96.38,96.38,9
1770298200,96.38,96.38,96.38,96.38,259
1770298260,96.38,96.38,96.38,96.38,24
1770298320,96.38,96.38,96.38,96.38,50
1770298380,96.38,96.38,96.38,96.38,65
1770298440,96.38,96.38,96.38,96.38,13
1770298500,96.38,96.38,96.38,96.38,40
1770298560,96.38,96.38,96.38,96.38,1639
1770298620,96.38,96.38,96.38,96.38,839
1770298680,96.38,96.38,96.38,96.38,11
1770298740,96.38,96.38,96.38,96.38,465
1770298800,96.38,96.38,96.38,96.38,224
1770298920,96.38,96.38,96.38,96.38,4
1770298980,96.38,96.38,96.38,96.38,52
1770299280,96.38,96.38,96.38,96.38,84
1770299340,96.38,96.38,96.38,96.38,1692
1770299400,96.38,96.38,96.38,96.38,8
1770299460,96.38,96.38,96.38,96.38,4
1770299520,96.385,96.385,96.385,96.385,20
1770299580,96.385,96.385,96.385,96.385,13
1770300000,96.385,96.385,96.385,96.385,150
1770300060,96.385,96.385,96.385,96.385,2
1770300120,96.38,96.38,96.38,96.38,271
1770300540,96.38,96.38,96.38,96.38,71
1770300780,96.38,96.38,96.38,96.38,1
1770300900,96.38,96.38,96.38,96.38,1
1770301140,96.38,96.38,96.38,96.38,5
1770301200,96.38,96.38,96.38,96.38,15
1770301380,96.38,96.38,96.38,96.38,5
1770301560,96.38,96.38,96.38,96.38,8
1770301620,96.38,96.38,96.38,96.38,6
1770302280,96.385,96.385,96.385,96.385,2
1770302520,96.38,96.38,96.38,96.38,1
1770302640,96.38,96.38,96.38,96.38,33
1770302700,96.38,96.385,96.38,96.385,206
1770302880,96.38,96.38,96.38,96.38,2
1770303600,96.385,96.385,96.385,96.385,3101
1770303660,96.385,96.385,96.385,96.385,2146
1770303720,96.385,96.385,96.385,96.385,1157
1770303780,96.385,96.385,96.385,96.385,117
1770303840,96.385,96.385,96.385,96.385,15
1770303900,96.385,96.385,96.385,96.385,154
1770303960,96.385,96.385,96.385,96.385,346
1770304080,96.385,96.385,96.385,96.385,10
1770304200,96.385,96.385,96.385,96.385,1048
1770304320,96.39,96.39,96.39,96.39,97
1770304560,96.39,96.39,96.39,96.39,2
1770304740,96.39,96.39,96.39,96.39,30
1770304800,96.39,96.39,96.39,96.39,15
1770304980,96.39,96.39,96.39,96.39,20
1770305100,96.39,96.39,96.39,96.39,300
1770305160,96.39,96.39,96.39,96.39,1
1770305220,96.39,96.39,96.39,96.39,876
1770305280,96.39,96.39,96.39,96.39,13
1770305340,96.39,96.39,96.39,96.39,137
1770305400,96.39,96.39,96.39,96.39,600
1770305460,96.39,96.39,96.39,96.39,25
1770305520,96.39,96.39,96.39,96.39,312
1770305640,96.39,96.39,96.39,96.39,1
1770305700,96.39,96.39,96.39,96.39,32
1770305760,96.39,96.39,96.39,96.39,5
1770305820,96.39,96.39,96.39,96.39,149
1770305880,96.39,96.39,96.39,96.39,1030
1770305940,96.39,96.39,96.39,96.39,51
1770306300,96.39,96.39,96.39,96.39,4
1770306480,96.39,96.39,96.39,96.39,121
1770306900,96.39,96.39,96.39,96.39,1
1770307440,96.385,96.385,96.385,96.385,300
1770307500,96.385,96.385,96.385,96.385,71
1770307620,96.385,96.385,96.385,96.385,5
1770308340,96.385,96.385,96.385,96.385,400
1770308460,96.385,96.385,96.385,96.385,575
1770308520,96.385,96.385,96.385,96.385,1629
1770308580,96.385,96.385,96.385,96.385,1218
1770308640,96.385,96.385,96.385,96.385,57
1770308700,96.385,96.385,96.385,96.385,598
1770308760,96.385,96.385,96.385,96.385,73
1770308820,96.385,96.385,96.385,96.385,45
1770308880,96.385,96.385,96.385,96.385,300
1770308940,96.385,96.385,96.385,96.385,11
1770309000,96.385,96.385,96.385,96.385,2025
1770309060,96.385,96.385,96.385,96.385,30
1770309120,96.385,96.385,96.385,96.385,127
1770309180,96.385,96.385,96.385,96.385,310
1770309240,96.385,96.385,96.385,96.385,1
1770309300,96.385,96.385,96.385,96.385,6
1770309600,96.385,96.385,96.385,96.385,2304
1770309780,96.385,96.385,96.385,96.385,1
1770311520,96.39,96.39,96.39,96.39,7
1770311820,96.39,96.39,96.39,96.39,600
1770312060,96.39,96.39,96.39,96.39,36
1770313920,96.39,96.39,96.39,96.39,25
1770315720,96.39,96.39,96.39,96.39,200
1770315840,96.39,96.39,96.39,96.39,3
1770316740,96.39,96.39,96.39,96.39,1291
1770316800,96.39,96.39,96.39,96.39,20
1770316860,96.39,96.39,96.39,96.39,396
1770317460,96.39,96.39,96.39,96.39,300
1770318060,96.39,96.39,96.39,96.39,300
1770318240,96.39,96.39,96.39,96.39,2
1770319800,96.39,96.39,96.39,96.39,157
1770319860,96.39,96.39,96.39,96.39,13
1770319920,96.39,96.39,96.39,96.39,1390
1770319980,96.39,96.39,96.39,96.39,132
1770320040,96.39,96.39,96.39,96.39,122
1770320100,96.39,96.39,96.39,96.39,708
1770320160,96.39,96.39,96.39,96.39,305
1770320220,96.39,96.39,96.39,96.39,30
1770320280,96.39,96.39,96.39,96.39,117
1770320340,96.39,96.39,96.39,96.39,54
1770320400,96.39,96.39,96.39,96.39,27
1770320460,96.39,96.39,96.39,96.39,182
1770320580,96.39,96.39,96.39,96.39,259
1770323640,96.39,96.39,96.39,96.39,1425
1770323760,96.39,96.39,96.39,96.39,10
1770323820,96.39,96.39,96.39,96.39,614
1770323940,96.39,96.39,96.39,96.39,248
1770324060,96.39,96.39,96.39,96.39,56
1770324120,96.39,96.39,96.39,96.39,244
1770324300,96.39,96.39,96.39,96.39,5
1770324480,96.39,96.39,96.39,96.39,514
1770324540,96.395,96.395,96.395,96.395,207
1770325260,96.39,96.39,96.39,96.39,673
1770325380,96.39,96.39,96.39,96.39,14
1770325440,96.39,96.39,96.39,96.39,110
1770325500,96.39,96.39,96.39,96.39,105
1770325560,96.39,96.39,96.39,96.39,36
1770325800,96.39,96.39,96.39,96.39,9
1770325860,96.39,96.39,96.39,96.39,504
1770326160,96.39,96.39,96.39,96.39,16
1770326340,96.39,96.39,96.39,96.39,2
1770326400,96.39,96.39,96.39,96.39,204
1770326640,96.39,96.39,96.39,96.39,7
1770326700,96.39,96.39,96.39,96.39,95
1770326760,96.39,96.39,96.39,96.39,5
1770327480,96.395,96.395,96.395,96.395,100
1770327660,96.39,96.39,96.39,96.39,3
1770327900,96.39,96.39,96.39,96.39,1
1770328020,96.39,96.39,96.39,96.39,1
1770328080,96.39,96.39,96.39,96.39,80
1770328260,96.39,96.39,96.39,96.39,8
1770328380,96.39,96.39,96.39,96.39,154
1770328440,96.39,96.39,96.39,96.39,3
1770328500,96.39,96.39,96.39,96.39,2
1770328560,96.39,96.39,96.39,96.39,305
1770328620,96.39,96.39,96.39,96.39,32
1770328680,96.39,96.39,96.39,96.39,75
1770328740,96.39,96.39,96.39,96.39,8
1770335400,96.395,96.395,96.395,96.395,67
1770335460,96.395,96.395,96.395,96.395,15
1770335880,96.395,96.395,96.395,96.395,2
1770335940,96.395,96.395,96.395,96.395,325
1770336000,96.395,96.395,96.395,96.395,67
1770336060,96.395,96.395,96.395,96.395,4
1770336420,96.395,96.395,96.395,96.395,2
1770336600,96.395,96.395,96.395,96.395,5
1770336900,96.395,96.395,96.395,96.395,1
1770336960,96.395,96.395,96.395,96.395,6
1770337080,96.395,96.395,96.395,96.395,324
1770337140,96.395,96.395,96.395,96.395,28
1770337380,96.395,96.395,96.395,96.395,10
1770337620,96.395,96.395,96.395,96.395,1
1770339480,96.39,96.39,96.39,96.39,8
1770339600,96.39,96.39,96.39,96.39,100
1770339780,96.39,96.39,96.39,96.39,378
1770340620,96.39,96.39,96.39,96.39,10
1770340740,96.39,96.39,96.39,96.39,101
1770345720,96.39,96.39,96.39,96.39,13
1770347820,96.39,96.39,96.39,96.39,109
1770347940,96.39,96.39,96.39,96.39,3
1770348000,96.39,96.39,96.39,96.39,20
1770348480,96.39,96.39,96.39,96.39,24
1770348540,96.39,96.39,96.39,96.39,4
1770349080,96.39,96.39,96.39,96.39,8
1770349980,96.39,96.39,96.39,96.39,267
1770350400,96.39,96.39,96.39,96.39,1
1770361380,96.39,96.39,96.39,96.39,40
1770366300,96.39,96.39,96.39,96.39,34
1770368160,96.385,96.385,96.385,96.385,100
1770368220,96.385,96.385,96.385,96.385,200
1770368460,96.39,96.39,96.39,96.39,3
1770368520,96.385,96.385,96.385,96.385,300
1770370200,96.385,96.385,96.385,96.385,5
1770370680,96.385,96.385,96.385,96.385,85
1770370860,96.385,96.385,96.385,96.385,37
1770371460,96.385,96.385,96.385,96.385,2
1770372120,96.385,96.385,96.385,96.385,83
1770372660,96.385,96.385,96.385,96.385,1
1770373320,96.385,96.385,96.385,96.385,17
1770373380,96.385,96.385,96.385,96.385,1897
1770373440,96.385,96.385,96.385,96.385,1
1770377760,96.385,96.385,96.385,96.385,1
1770378300,96.385,96.385,96.385,96.385,2
1770378960,96.38,96.38,96.38,96.38,3
1770380400,96.385,96.385,96.385,96.385,4
1770380760,96.38,96.385,96.38,96.385,75
1770384300,96.385,96.385,96.385,96.385,2
1770384420,96.38,96.38,96.38,96.38,3
1770385440,96.38,96.38,96.38,96.38,2
1770386100,96.385,96.385,96.385,96.385,1985
1770386160,96.385,96.385,96.385,96.385,28
1770386220,96.385,96.385,96.385,96.385,192
1770386280,96.385,96.385,96.385,96.385,12
1770386340,96.385,96.385,96.385,96.385,203
1770386460,96.385,96.385,96.385,96.385,7
1770386520,96.385,96.385,96.385,96.385,63
1770386580,96.385,96.385,96.385,96.385,1626
1770386700,96.385,96.385,96.385,96.385,123
1770386940,96.385,96.385,96.385,96.385,200
1770387300,96.385,96.385,96.385,96.385,101
1770387480,96.385,96.385,96.385,96.385,92
1770387540,96.385,96.385,96.385,96.385,601
1770387600,96.385,96.385,96.385,96.385,256
1770388020,96.385,96.385,96.385,96.385,78
1770388080,96.385,96.385,96.385,96.385,55
1770388140,96.385,96.385,96.385,96.385,600
1770388200,96.385,96.385,96.385,96.385,7
1770388320,96.385,96.385,96.385,96.385,5
1770388380,96.385,96.385,96.385,96.385,88
1770388680,96.38,96.38,96.38,96.38,44
1770389220,96.38,96.38,96.38,96.38,1311
1770389460,96.38,96.38,96.38,96.38,45
1770389580,96.38,96.38,96.38,96.38,64
1770389760,96.385,96.385,96.385,96.385,5
1770389940,96.38,96.38,96.38,96.38,39
1770390000,96.38,96.38,96.38,96.38,85
1770390120,96.38,96.38,96.38,96.38,120
1770390240,96.38,96.38,96.38,96.38,16
1770391320,96.38,96.38,96.38,96.38,31
1770392040,96.38,96.38,96.38,96.38,247
1770392100,96.38,96.38,96.38,96.38,25
1770392220,96.38,96.38,96.38,96.38,8
1770392280,96.38,96.38,96.38,96.38,12
1770392340,96.38,96.38,96.38,96.38,1430
1770392400,96.38,96.38,96.38,96.38,5
1770392460,96.38,96.38,96.38,96.38,5
1770392520,96.38,96.38,96.38,96.38,3
1770392580,96.38,96.38,96.38,96.38,4
1770392640,96.38,96.38,96.38,96.38,1
1770392940,96.38,96.38,96.38,96.38,19
1770393180,96.38,96.38,96.38,96.38,4
1770393240,96.385,96.385,96.385,96.385,10
1770394020,96.385,96.385,96.385,96.385,2
1770394140,96.385,96.385,96.385,96.385,1
1770397860,96.38,96.38,96.38,96.38,1
1770399780,96.385,96.385,96.385,96.385,1
1770402180,96.385,96.385,96.385,96.385,100
1770402480,96.38,96.38,96.38,96.38,2
1770403560,96.385,96.385,96.385,96.385,1
1770407100,96.38,96.38,96.38,96.38,3
1770407340,96.38,96.38,96.38,96.38,75
1770410400,96.38,96.38,96.38,96.38,50
1770413940,96.38,96.38,96.38,96.38,293
1770414900,96.385,96.385,96.385,96.385,1
1770414960,96.385,96.385,96.385,96.385,4
1770415140,96.385,96.385,96.385,96.385,25
1770591780,96.38,96.38,96.38,96.38,5
1770591900,96.38,96.38,96.38,96.38,40
1770591960,96.38,96.38,96.38,96.38,22
1770606420,96.38,96.38,96.38,96.38,300
1770616860,96.38,96.38,96.38,96.38,1
1770622920,96.38,96.38,96.38,96.38,18
1770637680,96.385,96.385,96.385,96.385,41
1770638400,96.38,96.385,96.38,96.385,4
1770640560,96.38,96.38,96.38,96.38,1
1770640740,96.38,96.38,96.38,96.38,1
1770640920,96.38,96.38,96.38,96.38,1
1770640980,96.38,96.38,96.38,96.38,1
1770641280,96.38,96.38,96.38,96.38,1
1770641400,96.38,96.38,96.38,96.38,1
1770641700,96.38,96.38,96.38,96.38,1
1770642000,96.38,96.38,96.38,96.38,2
1770642060,96.38,96.38,96.38,96.38,1
1770642180,96.38,96.38,96.38,96.38,1
1770642240,96.38,96.38,96.38,96.38,1
1770642420,96.38,96.38,96.38,96.38,1
1770642900,96.38,96.38,96.38,96.38,1
1770643440,96.38,96.385,96.38,96.385,1543
1770643500,96.385,96.385,96.385,96.385,365
1770643560,96.385,96.385,96.385,96.385,343
1770643620,96.385,96.385,96.385,96.385,1726
1770643740,96.385,96.385,96.385,96.385,146
1770643920,96.39,96.39,96.39,96.39,20
1770643980,96.385,96.385,96.385,96.385,2
1770644040,96.385,96.385,96.385,96.385,851
1770644100,96.385,96.385,96.385,96.385,6
1770644280,96.385,96.385,96.385,96.385,25
1770645420,96.385,96.385,96.385,96.385,1
1770645600,96.385,96.385,96.385,96.385,97
1770646020,96.385,96.385,96.385,96.385,31
1770646440,96.385,96.385,96.385,96.385,2
1770646500,96.385,96.385,96.385,96.385,1
1770647700,96.385,96.385,96.385,96.385,1
1770649080,96.38,96.38,96.38,96.38,4
1770650820,96.385,96.385,96.385,96.385,100
1770650880,96.385,96.385,96.385,96.385,6
1770651060,96.38,96.38,96.38,96.38,3
1770652200,96.38,96.38,96.38,96.38,3
1770652620,96.38,96.38,96.38,96.38,26
1770653460,96.385,96.385,96.385,96.385,1
1770653700,96.385,96.385,96.385,96.385,2
1770659160,96.385,96.385,96.385,96.385,2
1770660420,96.38,96.38,96.38,96.38,2
1770666300,96.385,96.385,96.385,96.385,100
1770667320,96.385,96.385,96.385,96.385,1
1770670380,96.385,96.385,96.385,96.385,6
1770670980,96.38,96.38,96.38,96.38,22
1770671880,96.385,96.385,96.385,96.385,100
1770672480,96.38,96.38,96.38,96.38,216
1770673140,96.38,96.38,96.38,96.38,64
1770674040,96.38,96.38,96.38,96.38,157
1770693720,96.385,96.385,96.385,96.385,100
1770712800,96.38,96.38,96.38,96.38,10
1770713760,96.38,96.38,96.38,96.38,1
1770714660,96.385,96.385,96.385,96.385,100
1770717660,96.385,96.385,96.385,96.385,1
1770717900,96.385,96.385,96.385,96.385,1
1770721980,96.385,96.385,96.385,96.385,1
1770725640,96.38,96.38,96.38,96.38,3962
1770726480,96.385,96.385,96.385,96.385,5
1770727500,96.38,96.38,96.38,96.38,3
1770728340,96.38,96.38,96.38,96.38,300
1770730080,96.38,96.38,96.38,96.38,60
1770730140,96.385,96.385,96.385,96.385,1
1770730200,96.385,96.385,96.385,96.385,382
1770730260,96.385,96.385,96.385,96.385,19
1770730380,96.385,96.385,96.385,96.385,11
1770730440,96.385,96.385,96.385,96.385,15
1770730500,96.385,96.385,96.385,96.385,142
1770730560,96.385,96.39,96.385,96.385,42
1770730620,96.385,96.385,96.385,96.385,91
1770730680,96.385,96.385,96.385,96.385,53
1770730740,96.385,96.385,96.385,96.385,58
1770730860,96.385,96.385,96.385,96.385,2
1770730980,96.385,96.385,96.385,96.385,217
1770731220,96.385,96.385,96.385,96.385,165
1770732000,96.385,96.385,96.385,96.385,3
1770733200,96.385,96.385,96.385,96.385,2
1770733560,96.385,96.385,96.385,96.385,69
1770733800,96.385,96.385,96.385,96.385,5
1770734400,96.385,96.385,96.385,96.385,1
1770734760,96.385,96.385,96.385,96.385,4089
1770734820,96.385,96.385,96.385,96.385,4
1770735000,96.385,96.385,96.385,96.385,11
1770735060,96.385,96.385,96.385,96.385,230
1770735300,96.385,96.385,96.385,96.385,16
1770735360,96.385,96.385,96.385,96.385,3
1770735660,96.385,96.385,96.385,96.385,53
1770735720,96.385,96.385,96.385,96.385,1
1770735960,96.385,96.385,96.385,96.385,1
1770736020,96.385,96.385,96.385,96.385,20
1770736140,96.385,96.385,96.385,96.385,1028
1770736200,96.385,96.385,96.385,96.385,2
1770736740,96.385,96.385,96.385,96.385,2
1770736860,96.385,96.385,96.385,96.385,300
1770737040,96.385,96.385,96.385,96.385,20
1770737220,96.385,96.385,96.385,96.385,1177
1770737400,96.385,96.385,96.385,96.385,210
1770737460,96.385,96.385,96.385,96.385,2
1770737580,96.385,96.385,96.385,96.385,3
1770737700,96.385,96.385,96.385,96.385,1190
1770737760,96.385,96.385,96.385,96.385,455
1770737820,96.385,96.385,96.385,96.385,133
1770737880,96.385,96.385,96.385,96.385,12
1770738480,96.385,96.385,96.385,96.385,118
1770739320,96.385,96.385,96.385,96.385,1
1770739860,96.385,96.385,96.385,96.385,11
1770741120,96.39,96.39,96.39,96.39,1
1770741840,96.39,96.39,96.39,96.39,1
1770742560,96.385,96.385,96.385,96.385,2
1770743160,96.385,96.385,96.385,96.385,84
1770745740,96.385,96.385,96.385,96.385,1
1770745980,96.385,96.385,96.385,96.385,12
1770746520,96.385,96.385,96.385,96.385,100
1770747660,96.385,96.385,96.385,96.385,59
1770749820,96.385,96.385,96.385,96.385,2943
1770750060,96.385,96.385,96.385,96.385,158
1770750120,96.385,96.385,96.385,96.385,23
1770750180,96.385,96.385,96.385,96.385,40
1770750360,96.385,96.385,96.385,96.385,118
1770750720,96.385,96.385,96.385,96.385,75
1770751380,96.385,96.385,96.385,96.385,5
1770751740,96.385,96.385,96.385,96.385,8
1770752100,96.385,96.385,96.385,96.385,124
1770752280,96.38,96.385,96.38,96.385,59
1770752580,96.385,96.385,96.385,96.385,180
1770753660,96.385,96.385,96.385,96.385,60
1770753720,96.385,96.385,96.385,96.385,366
1770753780,96.385,96.385,96.385,96.385,321
1770753840,96.385,96.385,96.385,96.385,12
1770754500,96.385,96.385,96.385,96.385,14
1770754680,96.385,96.385,96.385,96.385,20
1770755520,96.385,96.385,96.385,96.385,57
1770756540,96.385,96.385,96.385,96.385,1509
1770757140,96.385,96.385,96.385,96.385,4
1770758160,96.385,96.385,96.385,96.385,2
1770759360,96.385,96.385,96.385,96.385,344
1770759720,96.385,96.385,96.385,96.385,5
1770759840,96.385,96.385,96.385,96.385,1
1770759900,96.385,96.385,96.385,96.385,1424
1770759960,96.385,96.385,96.385,96.385,436
1770760080,96.385,96.385,96.385,96.385,10
1770764400,96.385,96.385,96.385,96.385,37
1770764820,96.385,96.385,96.385,96.385,5
1770766560,96.385,96.385,96.385,96.385,20
1770766740,96.385,96.385,96.385,96.385,76
1770769920,96.385,96.385,96.385,96.385,58
1770774900,96.385,96.385,96.385,96.385,7
1770791460,96.385,96.385,96.385,96.385,32
1770791880,96.385,96.385,96.385,96.385,86
1770793860,96.385,96.385,96.385,96.385,10
1770796800,96.385,96.385,96.385,96.385,316
1770796920,96.385,96.385,96.385,96.385,63
1770797220,96.385,96.385,96.385,96.385,8
1770798660,96.385,96.385,96.385,96.385,5
1770799560,96.385,96.385,96.385,96.385,5
1770800520,96.385,96.385,96.385,96.385,40
1770801000,96.385,96.385,96.385,96.385,287
1770801060,96.385,96.385,96.385,96.385,10
1770801120,96.385,96.385,96.385,96.385,15
1770803040,96.385,96.385,96.385,96.385,102
1770804120,96.385,96.385,96.385,96.385,1
1770804240,96.385,96.385,96.385,96.385,1
1770804480,96.385,96.385,96.385,96.385,1
1770804540,96.385,96.385,96.385,96.385,282
1770807060,96.39,96.39,96.39,96.39,1
1770807180,96.385,96.385,96.385,96.385,159
1770807600,96.385,96.385,96.385,96.385,18
1770807660,96.385,96.385,96.385,96.385,26
1770807960,96.385,96.385,96.385,96.385,2
1770808620,96.385,96.385,96.385,96.385,136
1770809400,96.385,96.385,96.385,96.385,1
1770809820,96.385,96.385,96.385,96.385,40
1770809880,96.385,96.385,96.385,96.385,101
1770809940,96.385,96.385,96.385,96.385,277
1770810240,96.385,96.385,96.385,96.385,12
1770810720,96.385,96.385,96.385,96.385,2
1770810900,96.385,96.385,96.385,96.385,4
1770811080,96.385,96.385,96.385,96.385,13
1770811440,96.385,96.385,96.385,96.385,352
1770811500,96.385,96.385,96.385,96.385,3
1770811680,96.385,96.385,96.385,96.385,6
1770812400,96.385,96.385,96.385,96.385,1
1770812760,96.385,96.385,96.385,96.385,24
1770813180,96.385,96.385,96.385,96.385,2199
1770813360,96.385,96.385,96.385,96.385,297
1770813420,96.385,96.385,96.385,96.385,2
1770813660,96.385,96.385,96.385,96.385,268
1770813780,96.385,96.385,96.38,96.38,2029
1770813840,96.385,96.385,96.385,96.385,14
1770813960,96.385,96.385,96.385,96.385,6
1770814080,96.385,96.385,96.385,96.385,1
1770814260,96.385,96.385,96.385,96.385,39
1770814320,96.385,96.385,96.385,96.385,23
1770814440,96.385,96.385,96.385,96.385,23
1770815160,96.385,96.385,96.385,96.385,21
1770815220,96.385,96.385,96.385,96.385,86
1770815460,96.385,96.385,96.385,96.385,14
1770815520,96.385,96.385,96.385,96.385,8
1770815640,96.385,96.385,96.385,96.385,1
1770815760,96.385,96.385,96.385,96.385,5
1770815820,96.385,96.385,96.385,96.385,11
1770815880,96.385,96.385,96.385,96.385,90
1770815940,96.385,96.385,96.385,96.385,788
1770816000,96.385,96.385,96.385,96.385,30
1770816060,96.385,96.385,96.385,96.385,55
1770816120,96.385,96.385,96.385,96.385,19
1770816180,96.385,96.385,96.385,96.385,153
1770816240,96.385,96.385,96.385,96.385,10
1770816360,96.385,96.385,96.385,96.385,104
1770816420,96.385,96.385,96.385,96.385,65
1770816480,96.385,96.385,96.385,96.385,531
1770816540,96.385,96.385,96.385,96.385,128
1770816600,96.38,96.38,96.365,96.37,6357
1770816660,96.365,96.37,96.365,96.37,41
1770816720,96.37,96.37,96.37,96.37,10
1770816780,96.37,96.37,96.37,96.37,37
1770816840,96.37,96.37,96.365,96.37,7408
1770816900,96.37,96.37,96.365,96.37,924
1770816960,96.37,96.37,96.37,96.37,4
1770817080,96.37,96.37,96.37,96.37,2
1770817140,96.37,96.37,96.37,96.37,2
1770817200,96.37,96.37,96.37,96.37,4
1770817260,96.37,96.37,96.37,96.37,200
1770817320,96.37,96.37,96.37,96.37,251
1770817380,96.37,96.37,96.37,96.37,278
1770817440,96.37,96.37,96.37,96.37,100
1770817500,96.37,96.37,96.37,96.37,207
1770817620,96.37,96.37,96.37,96.37,113
1770817680,96.37,96.37,96.37,96.37,5
1770817740,96.37,96.37,96.37,96.37,10
1770817860,96.37,96.37,96.37,96.37,1
1770817920,96.37,96.37,96.37,96.37,17
1770817980,96.37,96.37,96.37,96.37,2
1770818040,96.37,96.37,96.37,96.37,14
1770818400,96.37,96.37,96.37,96.37,3
1770818460,96.365,96.365,96.365,96.365,2
1770818520,96.37,96.37,96.37,96.37,12
1770818820,96.37,96.37,96.37,96.37,8
1770819060,96.37,96.37,96.37,96.37,310
1770819120,96.37,96.37,96.37,96.37,34
1770819180,96.37,96.37,96.37,96.37,45
1770819300,96.37,96.37,96.37,96.37,16
1770819420,96.37,96.37,96.37,96.37,92
1770819480,96.37,96.37,96.37,96.37,86
1770819600,96.37,96.37,96.37,96.37,28
1770819720,96.37,96.37,96.37,96.37,13
1770819780,96.37,96.37,96.37,96.37,37
1770819900,96.37,96.37,96.37,96.37,22
1770820020,96.37,96.37,96.37,96.37,159
1770820200,96.37,96.37,96.37,96.37,9
1770820320,96.37,96.37,96.37,96.37,3
1770820500,96.37,96.37,96.37,96.37,16
1770820620,96.37,96.37,96.37,96.37,6
1770820800,96.37,96.37,96.37,96.37,100
1770821280,96.37,96.37,96.37,96.37,130
1770821520,96.37,96.37,96.37,96.37,135
1770821580,96.37,96.37,96.37,96.37,50
1770821640,96.37,96.37,96.37,96.37,25
1770821880,96.37,96.37,96.37,96.37,29
1770822000,96.37,96.37,96.37,96.37,38
1770822420,96.37,96.37,96.37,96.37,1329
1770822480,96.37,96.37,96.37,96.37,863
1770822540,96.37,96.37,96.37,96.37,1403
1770822600,96.37,96.37,96.37,96.37,314
1770822660,96.37,96.37,96.37,96.37,1161
1770822720,96.37,96.37,96.37,96.37,15
1770822840,96.37,96.37,96.37,96.37,693
1770822900,96.37,96.37,96.37,96.37,362
1770823440,96.37,96.37,96.37,96.37,1
1770823680,96.37,96.37,96.37,96.37,1
1770823920,96.37,96.37,96.37,96.37,9
1770824280,96.37,96.37,96.37,96.37,3
1770824340,96.37,96.37,96.37,96.37,20
1770824400,96.37,96.37,96.37,96.37,4513
1770824460,96.37,96.37,96.37,96.37,11
1770824580,96.37,96.37,96.37,96.37,52
1770824640,96.37,96.37,96.37,96.37,5550
1770824700,96.37,96.37,96.37,96.37,851
1770824820,96.37,96.37,96.37,96.37,37
1770825060,96.37,96.37,96.37,96.37,16
1770825120,96.37,96.37,96.37,96.37,1
1770825660,96.37,96.37,96.37,96.37,879
1770825720,96.37,96.37,96.37,96.37,200
1770826200,96.37,96.37,96.37,96.37,15
1770826440,96.37,96.37,96.37,96.37,1000
1770826980,96.37,96.37,96.37,96.37,199
1770827340,96.37,96.37,96.37,96.37,4
1770827880,96.37,96.37,96.37,96.37,1
1770829200,96.37,96.37,96.37,96.37,1
1770830580,96.37,96.37,96.37,96.37,2286
1770831240,96.37,96.37,96.37,96.37,12
1770831600,96.37,96.37,96.37,96.37,1000
1770832920,96.37,96.37,96.37,96.37,1349
1770832980,96.37,96.37,96.37,96.37,187
1770833340,96.37,96.37,96.37,96.37,94
1770834120,96.37,96.37,96.37,96.37,1
1770834240,96.37,96.37,96.37,96.37,19
1770834720,96.375,96.375,96.375,96.375,1
1770835500,96.37,96.37,96.37,96.37,11
1770835560,96.37,96.37,96.37,96.37,1
1770835680,96.37,96.37,96.37,96.37,4
1770836220,96.375,96.375,96.375,96.375,5
1770836340,96.37,96.37,96.37,96.37,12
1770836880,96.37,96.37,96.37,96.37,34
1770838740,96.37,96.37,96.365,96.37,472
1770838800,96.37,96.37,96.37,96.37,2655
1770839400,96.37,96.37,96.37,96.37,435
1770839460,96.37,96.37,96.37,96.37,285
1770839820,96.37,96.37,96.37,96.37,3520
1770840000,96.37,96.37,96.37,96.37,903
1770840060,96.37,96.37,96.37,96.37,208
1770840240,96.37,96.37,96.37,96.37,12
1770840360,96.37,96.37,96.37,96.37,31
1770840420,96.37,96.37,96.37,96.37,90
1770841740,96.37,96.37,96.37,96.37,8
1770842460,96.37,96.37,96.37,96.37,221
1770842700,96.37,96.37,96.37,96.37,2
1770843060,96.37,96.37,96.37,96.37,2
1770843720,96.37,96.37,96.37,96.37,57
1770844260,96.37,96.37,96.37,96.37,20
1770845040,96.37,96.37,96.37,96.37,70
1770845400,96.37,96.37,96.37,96.37,34
1770845460,96.37,96.37,96.37,96.37,10
1770845580,96.37,96.37,96.37,96.37,31
1770845700,96.37,96.37,96.37,96.37,123
1770845760,96.37,96.37,96.37,96.37,30
1770845880,96.37,96.37,96.37,96.37,34
1770846240,96.37,96.37,96.37,96.37,14
1770846300,96.37,96.37,96.37,96.37,27
1770847080,96.37,96.37,96.37,96.37,1
1770847140,96.37,96.37,96.37,96.37,2
1770850800,96.37,96.37,96.37,96.37,128
1770850860,96.37,96.37,96.37,96.37,32
1770850920,96.37,96.37,96.37,96.37,70
1770851160,96.37,96.37,96.37,96.37,25
1770851280,96.37,96.37,96.37,96.37,9
1770852600,96.37,96.37,96.37,96.37,60
1770853800,96.37,96.37,96.37,96.37,14
1770855360,96.37,96.37,96.37,96.37,106
1770855720,96.37,96.37,96.37,96.37,6
1770856500,96.37,96.37,96.37,96.37,64
1770859020,96.37,96.37,96.37,96.37,2
1770861180,96.37,96.37,96.37,96.37,5
1770861300,96.37,96.37,96.37,96.37,26
1770861360,96.37,96.37,96.37,96.37,81
1770863760,96.37,96.37,96.37,96.37,105
1770864060,96.37,96.37,96.37,96.37,12
1770865620,96.37,96.37,96.37,96.37,84
1770865680,96.37,96.37,96.37,96.37,11
1770870180,96.37,96.37,96.37,96.37,17
1770870480,96.37,96.37,96.37,96.37,103
1770872460,96.37,96.37,96.37,96.37,2267
1770872520,96.37,96.37,96.37,96.37,254
1770875700,96.37,96.37,96.37,96.37,2
1770878280,96.37,96.37,96.37,96.37,1
1770880260,96.37,96.37,96.37,96.37,51
1770880500,96.37,96.37,96.37,96.37,151
1770880740,96.37,96.37,96.37,96.37,174
1770880800,96.37,96.37,96.37,96.37,26
1770883560,96.37,96.37,96.37,96.37,15
1770883620,96.37,96.37,96.37,96.37,180
1770883920,96.37,96.37,96.37,96.37,21
1770884340,96.37,96.37,96.37,96.37,30
1770886320,96.37,96.37,96.37,96.37,9
1770886380,96.37,96.37,96.37,96.37,2
1770886980,96.37,96.37,96.37,96.37,1
1770887580,96.37,96.37,96.37,96.37,2
1770889260,96.37,96.37,96.37,96.37,7
1770889680,96.37,96.37,96.37,96.37,4
1770890160,96.37,96.37,96.37,96.37,3
1770891360,96.37,96.37,96.37,96.37,109
1770891720,96.37,96.37,96.37,96.37,2
1770892680,96.37,96.37,96.37,96.37,5
1770892800,96.37,96.37,96.37,96.37,1
1770892860,96.37,96.37,96.37,96.37,3
1770893400,96.37,96.37,96.37,96.37,100
1770893580,96.37,96.37,96.37,96.37,60
1770893640,96.37,96.37,96.37,96.37,5
1770893760,96.37,96.37,96.37,96.37,5
1770893820,96.37,96.37,96.37,96.37,74
1770893880,96.37,96.37,96.37,96.37,11
1770893940,96.37,96.37,96.37,96.37,55
1770894060,96.37,96.37,96.37,96.37,3
1770894180,96.37,96.37,96.37,96.37,30
1770894360,96.37,96.37,96.37,96.37,302
1770894600,96.365,96.365,96.365,96.365,30
1770894900,96.365,96.365,96.365,96.365,30
1770897000,96.37,96.37,96.37,96.37,36
1770897060,96.37,96.37,96.37,96.37,3
1770897300,96.37,96.37,96.37,96.37,4
1770897720,96.37,96.37,96.37,96.37,250
1770898200,96.37,96.37,96.37,96.37,27
1770898260,96.37,96.37,96.37,96.37,1
1770898800,96.37,96.37,96.37,96.37,2
1770898860,96.37,96.37,96.37,96.37,2
1770899880,96.37,96.37,96.37,96.37,331
1770899940,96.37,96.37,96.37,96.37,289
1770900960,96.37,96.37,96.37,96.37,4
1770901200,96.37,96.37,96.37,96.37,1
1770901380,96.37,96.37,96.37,96.37,1
1770902460,96.37,96.37,96.37,96.37,5
1770902520,96.37,96.37,96.37,96.37,576
1770902640,96.37,96.37,96.37,96.37,1
1770902940,96.37,96.37,96.37,96.37,101
1770903240,96.37,96.37,96.37,96.37,88
1770903480,96.37,96.37,96.37,96.37,1
1770903540,96.37,96.37,96.37,96.37,1
1770904320,96.37,96.37,96.37,96.37,48
1770906300,96.37,96.37,96.37,96.37,8
1770906660,96.37,96.37,96.37,96.37,7
1770907680,96.37,96.37,96.37,96.37,1
1770907920,96.365,96.365,96.365,96.365,7
1770908700,96.365,96.365,96.365,96.365,20
1770909000,96.37,96.37,96.37,96.37,17
1770909960,96.365,96.365,96.365,96.365,5
1770910020,96.37,96.37,96.37,96.37,251
1770910200,96.37,96.37,96.37,96.37,137
1770910440,96.37,96.37,96.37,96.37,37
1770910500,96.37,96.37,96.37,96.37,9
1770910560,96.37,96.37,96.37,96.37,25
1770910620,96.37,96.37,96.37,96.37,6
1770910680,96.37,96.37,96.37,96.37,3
1770910800,96.37,96.37,96.37,96.37,46
1770910860,96.37,96.37,96.37,96.37,5
1770910920,96.365,96.365,96.365,96.365,13
1770911040,96.37,96.37,96.37,96.37,568
1770911100,96.37,96.37,96.37,96.37,6
1770911220,96.37,96.37,96.37,96.37,11
1770912000,96.37,96.37,96.37,96.37,59
1770912060,96.37,96.37,96.37,96.37,75
1770912120,96.37,96.37,96.37,96.37,15
1770912240,96.37,96.37,96.37,96.37,2797
1770912420,96.37,96.37,96.37,96.37,352
1770912600,96.37,96.37,96.37,96.37,9
1770913020,96.37,96.37,96.37,96.37,34
1770913140,96.37,96.37,96.37,96.37,15
1770913260,96.37,96.37,96.37,96.37,1
1770913800,96.37,96.37,96.37,96.37,7
1770914040,96.37,96.37,96.37,96.37,22
1770914100,96.37,96.37,96.37,96.37,432
1770915360,96.37,96.37,96.37,96.37,1080
1770916080,96.375,96.375,96.375,96.375,1
1770916560,96.375,96.375,96.375,96.375,200
1770916740,96.375,96.375,96.375,96.375,29
1770917640,96.375,96.375,96.375,96.375,19
1770918240,96.37,96.37,96.37,96.37,476
1770918420,96.375,96.375,96.375,96.375,500
1770918720,96.37,96.37,96.37,96.37,24
1770918900,96.375,96.375,96.375,96.375,10
1770919080,96.375,96.375,96.375,96.375,14
1770919920,96.37,96.37,96.37,96.37,1
1770920520,96.375,96.375,96.375,96.375,1
1770921660,96.37,96.37,96.37,96.37,2201
1770921720,96.37,96.37,96.37,96.37,679
1770921780,96.37,96.37,96.37,96.37,1
1770921900,96.37,96.37,96.37,96.37,3
1770922200,96.37,96.37,96.37,96.37,445
1770922320,96.37,96.37,96.37,96.37,1
1770922380,96.37,96.37,96.37,96.37,5
1770922440,96.37,96.37,96.37,96.37,1
1770922560,96.37,96.37,96.37,96.37,299
1770922620,96.37,96.37,96.37,96.37,2
1770922800,96.37,96.37,96.37,96.37,32
1770922920,96.37,96.37,96.37,96.37,3
1770922980,96.37,96.37,96.37,96.37,1
1770923040,96.37,96.37,96.37,96.37,1
1770923400,96.37,96.37,96.37,96.37,7
1770923460,96.37,96.37,96.37,96.37,200
1770923520,96.37,96.37,96.37,96.37,563
1770923580,96.375,96.375,96.375,96.375,1
1770923640,96.37,96.37,96.37,96.37,251
1770923940,96.37,96.37,96.37,96.37,14
1770924000,96.37,96.37,96.37,96.37,1
1770924060,96.37,96.37,96.37,96.37,23
1770924120,96.37,96.37,96.37,96.37,294
1770924240,96.37,96.37,96.37,96.37,3
1770924600,96.37,96.37,96.37,96.37,2
1770924720,96.37,96.37,96.37,96.37,1
1770924780,96.37,96.37,96.37,96.37,3
1770925140,96.37,96.37,96.37,96.37,30
1770925200,96.37,96.37,96.37,96.37,141
1770925440,96.37,96.37,96.37,96.37,287
1770925560,96.37,96.37,96.37,96.37,1
1770925800,96.37,96.37,96.37,96.37,11
1770926400,96.37,96.37,96.37,96.37,13
1770926460,96.37,96.37,96.37,96.37,11
1770926520,96.37,96.37,96.37,96.37,6
1770926880,96.37,96.37,96.37,96.37,487
1770927000,96.37,96.37,96.37,96.37,3
1770927060,96.37,96.37,96.37,96.37,3
1770927120,96.37,96.37,96.37,96.37,35
1770927420,96.37,96.37,96.37,96.37,1
1770927480,96.37,96.37,96.37,96.37,31
1770927780,96.37,96.37,96.37,96.37,33
1770928080,96.37,96.37,96.37,96.37,1
1770929460,96.37,96.37,96.37,96.37,1
1770929700,96.37,96.37,96.37,96.37,1
1770929820,96.37,96.37,96.37,96.37,3
1770930060,96.37,96.37,96.37,96.37,2
1770930360,96.37,96.37,96.37,96.37,1
1770931740,96.37,96.37,96.37,96.37,1
1770931920,96.37,96.37,96.37,96.37,26
1770932160,96.37,96.37,96.37,96.37,10
1770932340,96.37,96.37,96.37,96.37,15
1770932580,96.37,96.37,96.37,96.37,3
1770932640,96.37,96.37,96.37,96.37,10
1770932700,96.37,96.37,96.37,96.37,13
1770932760,96.37,96.37,96.37,96.37,1
1770932880,96.37,96.37,96.37,96.37,6
1770951420,96.37,96.37,96.37,96.37,1
1770964380,96.37,96.37,96.37,96.37,200
1770964740,96.37,96.37,96.37,96.37,200
1770969360,96.37,96.37,96.37,96.37,7
1770969600,96.37,96.37,96.37,96.37,35
1770970020,96.37,96.37,96.37,96.37,100
1770970260,96.37,96.37,96.37,96.37,18
1770972720,96.375,96.375,96.375,96.375,1
1770974520,96.37,96.37,96.37,96.37,11
1770975000,96.37,96.37,96.37,96.37,1
1770975120,96.37,96.37,96.37,96.37,1
1770976920,96.37,96.37,96.37,96.37,6
1770979140,96.37,96.37,96.37,96.37,182
1770981120,96.37,96.37,96.37,96.37,17
1770984600,96.37,96.37,96.37,96.37,1
1770984720,96.37,96.37,96.37,96.37,1
1770985080,96.37,96.37,96.37,96.37,2
1770985260,96.37,96.37,96.37,96.37,3
1770986880,96.375,96.375,96.375,96.375,1
1770987840,96.375,96.375,96.375,96.375,16
1770988200,96.37,96.37,96.37,96.37,1
1770988620,96.375,96.375,96.375,96.375,13
1770989040,96.375,96.375,96.375,96.375,8
1770989160,96.375,96.375,96.375,96.375,62
1770989220,96.375,96.375,96.37,96.37,147
1770989280,96.37,96.37,96.37,96.37,7
1770989340,96.37,96.37,96.37,96.37,277
1770989400,96.375,96.375,96.375,96.375,85
1770989520,96.37,96.37,96.37,96.37,5
1770989580,96.37,96.37,96.37,96.37,1
1770989640,96.37,96.37,96.37,96.37,3
1770989700,96.37,96.37,96.37,96.37,51
1770989760,96.375,96.375,96.37,96.37,53
1770989820,96.37,96.37,96.37,96.37,6
1770989880,96.375,96.375,96.375,96.375,7
1770989940,96.37,96.37,96.37,96.37,27
1770990000,96.37,96.37,96.37,96.37,11
1770990060,96.37,96.37,96.37,96.37,60
1770990120,96.37,96.37,96.37,96.37,250
1770990180,96.37,96.37,96.37,96.37,2
1770990240,96.37,96.37,96.37,96.37,333
1770990300,96.37,96.37,96.37,96.37,2
1770990360,96.37,96.37,96.37,96.37,10
1770990480,96.37,96.37,96.37,96.37,1
1770990600,96.37,96.37,96.37,96.37,1
1770990780,96.375,96.375,96.37,96.37,41
1770990840,96.37,96.37,96.37,96.37,581
1770990960,96.37,96.37,96.37,96.37,1
1770991020,96.37,96.37,96.37,96.37,2
1770991140,96.37,96.37,96.37,96.37,1
1770991980,96.37,96.37,96.37,96.37,40
1770992040,96.37,96.37,96.37,96.37,23
1770993600,96.375,96.375,96.375,96.375,5
1770993720,96.375,96.375,96.375,96.375,5
1770993840,96.375,96.375,96.375,96.375,55
1770993900,96.375,96.375,96.375,96.375,524
1770994020,96.37,96.37,96.37,96.37,2
1770994140,96.37,96.37,96.37,96.37,11
1770994920,96.375,96.375,96.375,96.375,200
1771000980,96.37,96.37,96.37,96.37,1
1771001160,96.37,96.375,96.37,96.375,3
1771005000,96.37,96.37,96.37,96.37,1
1771006260,96.375,96.375,96.375,96.375,3
1771008480,96.375,96.375,96.375,96.375,1
1771010460,96.37,96.37,96.37,96.37,20
1771012680,96.37,96.37,96.37,96.37,1
1771012740,96.37,96.37,96.37,96.37,310
1771012800,96.37,96.37,96.37,96.37,110
1771014600,96.375,96.375,96.375,96.375,7
1771014660,96.37,96.37,96.37,96.37,50
1771014900,96.375,96.375,96.375,96.375,1
1771015080,96.375,96.375,96.375,96.375,1
1771015860,96.375,96.375,96.375,96.375,3
1771015920,96.375,96.375,96.375,96.375,1
1771016280,96.37,96.37,96.37,96.37,15
1771016640,96.375,96.375,96.375,96.375,1
1771018560,96.375,96.375,96.375,96.375,146
1771019340,96.375,96.375,96.375,96.375,29
1771019700,96.37,96.37,96.37,96.37,1
1771019880,96.375,96.375,96.375,96.375,1
1771196400,96.375,96.375,96.375,96.375,118
1771203600,96.375,96.375,96.375,96.375,3
1771205520,96.375,96.375,96.375,96.375,6
1771225560,96.375,96.375,96.375,96.375,10
1771226280,96.37,96.37,96.37,96.37,2
1771226520,96.375,96.375,96.375,96.375,1
1771239840,96.37,96.37,96.37,96.37,137
1771246800,96.37,96.37,96.37,96.37,600
1771282920,96.37,96.37,96.37,96.37,1
1771294320,96.37,96.37,96.37,96.37,1
1771302780,96.375,96.375,96.375,96.375,1
1771305240,96.375,96.375,96.375,96.375,39
1771308840,96.37,96.37,96.37,96.37,3
1771318980,96.37,96.37,96.37,96.37,13
1771323480,96.37,96.37,96.37,96.37,38
1771323540,96.37,96.37,96.37,96.37,19
1771326300,96.375,96.375,96.375,96.375,52
1771327560,96.37,96.37,96.37,96.37,61
1771329780,96.37,96.37,96.37,96.37,5
1771332360,96.375,96.375,96.375,96.375,3
1771332480,96.375,96.375,96.375,96.375,3
1771333260,96.37,96.37,96.37,96.37,71
1771333320,96.375,96.375,96.375,96.375,18
1771333620,96.375,96.375,96.375,96.375,2
1771334040,96.37,96.37,96.37,96.37,3
1771334700,96.375,96.375,96.375,96.375,33
1771335780,96.37,96.37,96.37,96.37,24
1771336800,96.37,96.37,96.37,96.37,25
1771337100,96.37,96.37,96.37,96.37,5
1771337880,96.37,96.37,96.37,96.37,4
1771338360,96.375,96.375,96.375,96.375,95
1771339560,96.375,96.375,96.375,96.375,4
1771342680,96.375,96.375,96.375,96.375,1
1771343040,96.375,96.375,96.375,96.375,55
1771349940,96.37,96.37,96.37,96.37,6
1771350360,96.37,96.37,96.37,96.37,17
1771350960,96.37,96.37,96.37,96.37,3
1771351320,96.37,96.37,96.37,96.37,64
1771351380,96.37,96.37,96.37,96.37,100
1771351440,96.37,96.37,96.37,96.37,1
1771351620,96.37,96.37,96.37,96.37,13
1771352160,96.37,96.37,96.37,96.37,26
1771352880,96.37,96.37,96.37,96.37,18
1771353240,96.37,96.37,96.37,96.37,395
1771353660,96.37,96.37,96.37,96.37,6
1771355220,96.37,96.37,96.37,96.37,1891
1771355280,96.37,96.37,96.37,96.37,361
1771355640,96.37,96.37,96.37,96.37,122
1771356300,96.37,96.37,96.37,96.37,35
1771356360,96.37,96.37,96.37,96.37,207
1771356660,96.37,96.37,96.37,96.37,48
1771357680,96.37,96.37,96.37,96.37,1053
1771357740,96.37,96.37,96.37,96.37,356
1771358100,96.37,96.37,96.37,96.37,6
1771358340,96.37,96.37,96.37,96.37,4
1771358400,96.37,96.37,96.37,96.37,1
1771358700,96.37,96.37,96.37,96.37,1
1771359060,96.37,96.37,96.37,96.37,125
1771359360,96.37,96.37,96.37,96.37,2
1771359660,96.37,96.37,96.37,96.37,1170
1771361040,96.37,96.37,96.37,96.37,1
1771361700,96.37,96.37,96.37,96.37,815
1771362120,96.37,96.37,96.37,96.37,1
1771362300,96.365,96.365,96.365,96.365,1
1771362420,96.37,96.37,96.37,96.37,2
1771363920,96.37,96.37,96.37,96.37,2
1771364100,96.37,96.37,96.37,96.37,3
1771364160,96.37,96.37,96.37,96.37,19
1771364460,96.37,96.37,96.37,96.37,2
1771364760,96.37,96.37,96.37,96.37,25
1771365480,96.37,96.375,96.37,96.375,2006
1771369200,96.37,96.37,96.37,96.37,76
1771369380,96.37,96.37,96.37,96.37,12
1771369440,96.37,96.37,96.37,96.37,12
1771372140,96.37,96.37,96.37,96.37,41
1771381440,96.37,96.37,96.37,96.37,10
1771384620,96.37,96.37,96.37,96.37,16
1771384680,96.37,96.37,96.37,96.37,8
1771384800,96.37,96.37,96.37,96.37,8
1771384860,96.37,96.37,96.37,96.37,8
1771386660,96.37,96.37,96.37,96.37,2
1771393920,96.37,96.37,96.37,96.37,25
1771394100,96.37,96.37,96.37,96.37,12
1771399560,96.365,96.37,96.365,96.365,705
1771403460,96.37,96.37,96.37,96.37,400
1771403640,96.37,96.37,96.37,96.37,1
1771411440,96.365,96.365,96.365,96.365,20
1771411500,96.365,96.365,96.365,96.365,10
1771412580,96.37,96.37,96.37,96.37,1
1771415220,96.37,96.37,96.37,96.37,128
1771415580,96.37,96.37,96.37,96.37,50
1771416480,96.37,96.37,96.37,96.37,8
1771418820,96.37,96.37,96.37,96.37,5
1771419720,96.37,96.37,96.37,96.37,31
1771420500,96.37,96.37,96.37,96.37,10
1771420980,96.37,96.37,96.37,96.37,22
1771423140,96.37,96.37,96.37,96.37,1
1771423200,96.37,96.37,96.37,96.37,1
1771423560,96.37,96.37,96.37,96.37,18
1771424940,96.37,96.37,96.37,96.37,150
1771425300,96.37,96.37,96.37,96.37,102
1771427640,96.37,96.37,96.37,96.37,50
1771429200,96.37,96.37,96.37,96.37,202
1771429380,96.37,96.37,96.37,96.37,24
1771431240,96.37,96.37,96.37,96.37,6
1771431300,96.37,96.37,96.37,96.37,6
1771433760,96.37,96.37,96.37,96.37,4
1771437300,96.37,96.37,96.37,96.37,5
1771437480,96.37,96.37,96.37,96.37,2
1771437840,96.37,96.37,96.37,96.37,1
1771437900,96.365,96.365,96.365,96.365,1
1771438380,96.365,96.365,96.365,96.365,6
1771441200,96.365,96.37,96.365,96.37,472
1771442580,96.365,96.365,96.365,96.365,8
1771444740,96.37,96.37,96.37,96.37,8
1771444800,96.37,96.37,96.37,96.37,21
1771445820,96.37,96.37,96.37,96.37,8
1771446360,96.365,96.365,96.365,96.365,2
1771447140,96.365,96.365,96.365,96.365,10
1771447260,96.37,96.37,96.37,96.37,213
1771448940,96.365,96.365,96.365,96.365,139
1771450140,96.37,96.37,96.37,96.37,100
1771450260,96.37,96.37,96.37,96.37,6
1771450980,96.37,96.37,96.37,96.37,9
1771451160,96.37,96.37,96.37,96.37,35
1771451700,96.365,96.365,96.365,96.365,727
1771451820,96.365,96.365,96.365,96.365,3
1771451880,96.365,96.37,96.365,96.37,8
1771451940,96.37,96.37,96.37,96.37,1
1771468620,96.365,96.365,96.365,96.365,25
1771470600,96.365,96.365,96.365,96.365,1
1771486260,96.365,96.365,96.365,96.365,2
1771496820,96.37,96.37,96.37,96.37,13
1771498620,96.37,96.37,96.37,96.37,13
1771500420,96.37,96.37,96.37,96.37,13
1771501140,96.365,96.365,96.365,96.365,7
1771502280,96.37,96.37,96.37,96.37,13
1771503720,96.37,96.37,96.37,96.37,4
1771504080,96.37,96.37,96.37,96.37,13
1771505880,96.37,96.37,96.37,96.37,13
1771507500,96.37,96.37,96.37,96.37,7
1771507680,96.37,96.37,96.37,96.37,13
1771507740,96.365,96.37,96.365,96.37,106
1771507920,96.37,96.37,96.37,96.37,258
1771509480,96.37,96.37,96.37,96.37,13
1771511280,96.37,96.37,96.37,96.37,3
1771511460,96.37,96.37,96.37,96.37,2
1771511760,96.37,96.37,96.37,96.37,50
1771511940,96.37,96.37,96.37,96.37,3
1771513260,96.37,96.37,96.37,96.37,19
1771516020,96.37,96.37,96.37,96.37,1
1771518360,96.37,96.37,96.37,96.37,1
1771519920,96.37,96.37,96.37,96.37,1
1771520040,96.37,96.37,96.37,96.37,9
1771521600,96.37,96.37,96.37,96.37,10
1771521720,96.37,96.37,96.37,96.37,102
1771521840,96.37,96.37,96.37,96.37,10
1771521960,96.365,96.365,96.365,96.365,18
1771522020,96.37,96.37,96.37,96.37,17
1771522140,96.37,96.37,96.37,96.37,25
1771522800,96.37,96.37,96.37,96.37,1
1771522920,96.37,96.37,96.37,96.37,4
1771523640,96.37,96.37,96.37,96.37,2
1771524420,96.365,96.365,96.365,96.365,100
1771524480,96.365,96.365,96.365,96.365,40
1771527420,96.37,96.37,96.37,96.37,64
1771528440,96.37,96.37,96.37,96.37,1
1771528620,96.37,96.37,96.37,96.37,1
1771530300,96.365,96.365,96.365,96.365,1994
1771532940,96.37,96.37,96.37,96.37,50
1771535340,96.365,96.365,96.365,96.365,18
1771536300,96.365,96.365,96.365,96.365,1000
1771536420,96.365,96.365,96.365,96.365,2
1771536600,96.365,96.365,96.365,96.365,16
1771537980,96.37,96.37,96.37,96.37,3
1771538160,96.365,96.365,96.365,96.365,24
1771538280,96.37,96.37,96.365,96.365,2
1771542660,96.37,96.37,96.37,96.37,63
1771552860,96.365,96.365,96.365,96.365,64
1771561620,96.37,96.37,96.37,96.37,4
1771571580,96.37,96.37,96.37,96.37,6
1771574460,96.365,96.365,96.365,96.365,3
1771576560,96.37,96.37,96.37,96.37,4
1771578360,96.365,96.365,96.365,96.365,23
1771578780,96.365,96.365,96.365,96.365,4
1771584120,96.365,96.365,96.365,96.365,2
1771586520,96.365,96.365,96.365,96.365,26
1771587000,96.365,96.365,96.365,96.365,29
1771587720,96.365,96.365,96.365,96.365,1
1771591260,96.37,96.37,96.37,96.37,106
1771592160,96.365,96.365,96.365,96.365,35
1771592400,96.37,96.37,96.37,96.37,41
1771592520,96.37,96.37,96.37,96.37,28
1771592760,96.37,96.37,96.37,96.37,1
1771593060,96.37,96.37,96.37,96.37,11
1771594140,96.37,96.37,96.37,96.37,1
1771594260,96.365,96.365,96.365,96.365,2
1771594320,96.37,96.37,96.37,96.37,509
1771594920,96.37,96.37,96.37,96.37,1
1771595040,96.37,96.37,96.37,96.37,1
1771596840,96.37,96.37,96.37,96.37,1
1771598520,96.365,96.365,96.365,96.365,1
1771599540,96.365,96.365,96.365,96.365,48
1771599660,96.365,96.365,96.365,96.365,62
1771599720,96.365,96.365,96.365,96.365,74
1771599780,96.365,96.365,96.365,96.365,468
1771599840,96.365,96.365,96.365,96.365,18
1771599900,96.365,96.365,96.365,96.365,569
1771599960,96.365,96.365,96.365,96.365,15
1771600020,96.365,96.365,96.365,96.365,277
1771600140,96.365,96.365,96.365,96.365,100
1771600260,96.365,96.365,96.365,96.365,8
1771600560,96.365,96.365,96.365,96.365,15
1771600620,96.365,96.365,96.365,96.365,22
1771600920,96.365,96.365,96.365,96.365,5
1771601160,96.365,96.365,96.365,96.365,10
1771601220,96.365,96.365,96.365,96.365,8
1771601280,96.365,96.365,96.365,96.365,7
1771601520,96.365,96.365,96.365,96.365,7
1771601820,96.365,96.365,96.365,96.365,16
1771602060,96.365,96.365,96.365,96.365,38
1771602420,96.365,96.365,96.365,96.365,2
1771602480,96.365,96.365,96.365,96.365,64
1771602540,96.365,96.365,96.365,96.365,9
1771602600,96.365,96.365,96.365,96.365,2531
1771602720,96.365,96.365,96.365,96.365,2
1771602900,96.365,96.365,96.365,96.365,10
1771603140,96.365,96.365,96.365,96.365,20
1771603200,96.365,96.365,96.365,96.365,58
1771603320,96.365,96.365,96.365,96.365,12
1771603380,96.365,96.365,96.365,96.365,2
1771603560,96.365,96.365,96.365,96.365,95
1771604400,96.365,96.365,96.365,96.365,54
1771604580,96.365,96.365,96.365,96.365,1
1771604640,96.365,96.365,96.365,96.365,34
1771605180,96.365,96.365,96.365,96.365,1
1771605780,96.365,96.365,96.365,96.365,77
1771606140,96.365,96.365,96.365,96.365,5
1771606620,96.365,96.365,96.365,96.365,1
1771606800,96.365,96.365,96.365,96.365,3
1771607160,96.365,96.365,96.365,96.365,17
1771607340,96.365,96.365,96.365,96.365,9
1771607520,96.365,96.365,96.365,96.365,2098
1771607580,96.365,96.365,96.365,96.365,20
1771608120,96.365,96.365,96.365,96.365,12
1771608180,96.365,96.365,96.365,96.365,8
1771608420,96.365,96.365,96.365,96.365,1
1771608600,96.365,96.365,96.365,96.365,58
1771608660,96.365,96.365,96.365,96.365,2
1771608720,96.365,96.365,96.365,96.365,2
1771608780,96.365,96.365,96.365,96.365,1
1771608900,96.365,96.365,96.365,96.365,11
1771608960,96.365,96.365,96.365,96.365,2
1771609080,96.365,96.365,96.365,96.365,67
1771609260,96.365,96.365,96.365,96.365,11
1771609440,96.365,96.365,96.365,96.365,64
1771609980,96.365,96.365,96.365,96.365,2
1771610100,96.365,96.365,96.365,96.365,6
1771610400,96.365,96.365,96.365,96.365,21
1771610820,96.365,96.365,96.365,96.365,2
1771611120,96.365,96.365,96.365,96.365,44
1771611840,96.365,96.365,96.365,96.365,30
1771612500,96.365,96.365,96.365,96.365,35
1771612560,96.365,96.365,96.365,96.365,1
1771612860,96.365,96.365,96.365,96.365,1
1771612980,96.365,96.365,96.365,96.365,9
1771613820,96.365,96.365,96.365,96.365,3
1771613880,96.365,96.365,96.365,96.365,3
1771614420,96.365,96.365,96.365,96.365,215
1771615800,96.365,96.365,96.365,96.365,17
1771615860,96.365,96.365,96.365,96.365,1
1771616040,96.365,96.365,96.365,96.365,5
1771616460,96.365,96.365,96.365,96.365,4
1771616700,96.365,96.365,96.365,96.365,6
1771616760,96.365,96.365,96.365,96.365,3
1771616820,96.365,96.365,96.365,96.365,150
1771617180,96.365,96.365,96.365,96.365,8
1771617540,96.365,96.365,96.365,96.365,1
1771618200,96.365,96.365,96.365,96.365,136
1771618320,96.365,96.365,96.365,96.365,3
1771618380,96.365,96.365,96.365,96.365,1
1771619220,96.365,96.365,96.365,96.365,9
1771619400,96.365,96.365,96.365,96.365,1
1771620960,96.365,96.365,96.365,96.365,3
1771621140,96.365,96.365,96.365,96.365,19
1771621200,96.365,96.365,96.365,96.365,13
1771621260,96.365,96.365,96.365,96.365,17
1771621740,96.365,96.365,96.365,96.365,28
1771621800,96.365,96.365,96.365,96.365,3
1771623480,96.365,96.365,96.365,96.365,219
1771623600,96.365,96.365,96.365,96.365,1
1771623900,96.365,96.365,96.365,96.365,11
1771624020,96.365,96.365,96.365,96.365,13
1771624080,96.365,96.365,96.365,96.365,100
1771624260,96.365,96.365,96.365,96.365,95
1771624320,96.365,96.365,96.365,96.365,12
1771624440,96.365,96.365,96.365,96.365,62
1771624500,96.365,96.365,96.365,96.365,384
1771624560,96.365,96.365,96.365,96.365,517
1771624680,96.365,96.37,96.365,96.37,67
1771624740,96.365,96.365,96.365,96.365,243
1771801200,96.365,96.365,96.365,96.365,1
1771801260,96.365,96.365,96.365,96.365,135
1771801380,96.365,96.365,96.365,96.365,36
1771803900,96.365,96.365,96.365,96.365,6
1771804020,96.365,96.365,96.365,96.365,1
1771804200,96.365,96.365,96.365,96.365,313
1771807560,96.365,96.365,96.365,96.365,18
1771817520,96.365,96.365,96.365,96.365,17
1771830000,96.365,96.365,96.365,96.365,115
1771830060,96.365,96.365,96.365,96.365,31
1771830180,96.365,96.365,96.365,96.365,32
1771832040,96.365,96.365,96.365,96.365,31
1771832100,96.365,96.365,96.365,96.365,31
1771833420,96.365,96.365,96.365,96.365,2
1771833660,96.365,96.365,96.365,96.365,303
1771834860,96.365,96.365,96.365,96.365,2
1771835040,96.37,96.37,96.37,96.37,10
1771835160,96.365,96.365,96.365,96.365,4
1771835220,96.365,96.365,96.365,96.365,4
1771835760,96.365,96.365,96.365,96.365,72
1771835880,96.365,96.365,96.365,96.365,2
1771836000,96.365,96.365,96.365,96.365,49
1771836060,96.365,96.365,96.365,96.365,320
1771836180,96.365,96.365,96.365,96.365,5
1771836660,96.365,96.365,96.365,96.365,1911
1771836720,96.365,96.365,96.365,96.365,223
1771839600,96.365,96.365,96.365,96.365,126
1771845060,96.365,96.365,96.365,96.365,1
1771846020,96.365,96.365,96.365,96.365,1
1771846800,96.365,96.365,96.365,96.365,400
1771847100,96.365,96.365,96.365,96.365,161
1771848660,96.365,96.365,96.365,96.365,14
1771848720,96.365,96.365,96.365,96.365,100
1771849020,96.365,96.365,96.365,96.365,8
1771849080,96.365,96.365,96.365,96.365,500
1771849680,96.365,96.365,96.365,96.365,1
1771850460,96.365,96.365,96.365,96.365,200
1771850580,96.365,96.365,96.365,96.365,100
1771851060,96.365,96.365,96.365,96.365,7
1771851120,96.365,96.365,96.365,96.365,5
1771851420,96.365,96.365,96.365,96.365,14
1771851600,96.365,96.365,96.365,96.365,2
1771851660,96.365,96.365,96.365,96.365,2
1771851780,96.365,96.365,96.365,96.365,2128
1771852020,96.365,96.365,96.365,96.365,725
1771852860,96.365,96.365,96.365,96.365,40
1771852980,96.365,96.365,96.365,96.365,1
1771853640,96.365,96.365,96.365,96.365,325
1771853940,96.365,96.365,96.365,96.365,10
1771854000,96.365,96.365,96.365,96.365,30
1771854060,96.365,96.365,96.365,96.365,10
1771854600,96.365,96.365,96.365,96.365,2
1771854660,96.365,96.365,96.365,96.365,1
1771854720,96.365,96.365,96.365,96.365,501
1771854840,96.365,96.365,96.365,96.365,2
1771855140,96.365,96.365,96.365,96.365,1154
1771855320,96.365,96.365,96.365,96.365,1
1771855380,96.365,96.365,96.365,96.365,16
1771855440,96.365,96.365,96.365,96.365,80
1771855500,96.365,96.365,96.365,96.365,80
1771855560,96.365,96.365,96.365,96.365,21
1771855620,96.365,96.365,96.365,96.365,296
1771855680,96.365,96.365,96.365,96.365,173
1771855740,96.365,96.365,96.365,96.365,121
1771855800,96.365,96.365,96.365,96.365,42
1771855860,96.365,96.365,96.365,96.365,17
1771855980,96.365,96.365,96.365,96.365,8
1771856160,96.365,96.365,96.365,96.365,18
1771856340,96.365,96.365,96.365,96.365,1
1771856400,96.365,96.365,96.365,96.365,21
1771856940,96.365,96.365,96.365,96.365,23
1771857000,96.365,96.365,96.365,96.365,3
1771857720,96.365,96.365,96.365,96.365,16
1771859160,96.365,96.365,96.365,96.365,22
1771859880,96.365,96.365,96.365,96.365,1052
1771859940,96.365,96.365,96.365,96.365,46
1771860000,96.365,96.365,96.365,96.365,36
1771860060,96.365,96.365,96.365,96.365,91
1771860180,96.365,96.365,96.365,96.365,3
1771860660,96.365,96.365,96.365,96.365,3
1771860720,96.365,96.365,96.365,96.365,6
1771860780,96.365,96.365,96.365,96.365,168
1771861020,96.365,96.365,96.365,96.365,13
1771861140,96.365,96.365,96.365,96.365,10
1771861260,96.365,96.365,96.365,96.365,3
1771861320,96.365,96.365,96.365,96.365,1753
1771861620,96.365,96.365,96.365,96.365,3
1771862460,96.365,96.365,96.365,96.365,43
1771862520,96.365,96.365,96.365,96.365,6
1771862640,96.365,96.365,96.365,96.365,13
1771862700,96.365,96.365,96.365,96.365,115
1771862760,96.365,96.365,96.365,96.365,500
1771862820,96.365,96.37,96.365,96.365,121
1771862880,96.365,96.365,96.365,96.365,47
1771863000,96.37,96.37,96.37,96.37,3
1771863420,96.365,96.365,96.365,96.365,11
1771863840,96.365,96.365,96.365,96.365,105
1771864260,96.365,96.365,96.365,96.365,17
1771864440,96.365,96.365,96.365,96.365,12
1771864500,96.365,96.365,96.365,96.365,122
1771864620,96.365,96.365,96.365,96.365,12
1771864680,96.365,96.365,96.365,96.365,1
1771864800,96.365,96.365,96.365,96.365,42
1771864920,96.365,96.365,96.365,96.365,37
1771865040,96.365,96.365,96.365,96.365,6
1771865640,96.365,96.365,96.365,96.365,4
1771866180,96.365,96.365,96.365,96.365,156
1771866240,96.365,96.365,96.365,96.365,45
1771866540,96.365,96.365,96.365,96.365,59
1771866900,96.365,96.365,96.365,96.365,7
1771867080,96.365,96.365,96.365,96.365,2
1771867380,96.365,96.365,96.365,96.365,1035
1771868040,96.365,96.365,96.365,96.365,609
1771868280,96.365,96.365,96.365,96.365,13
1771868340,96.365,96.365,96.365,96.365,194
1771868820,96.365,96.365,96.365,96.365,25
1771868940,96.365,96.365,96.365,96.365,5
1771869000,96.37,96.37,96.365,96.365,501
1771869540,96.365,96.365,96.365,96.365,4
1771871040,96.365,96.365,96.365,96.365,28
1771871520,96.365,96.365,96.365,96.365,506
1771871580,96.365,96.365,96.365,96.365,1
1771871760,96.365,96.365,96.365,96.365,1
1771871820,96.365,96.365,96.365,96.365,5
1771872060,96.365,96.365,96.365,96.365,3
1771872480,96.365,96.365,96.365,96.365,1
1771872840,96.365,96.365,96.365,96.365,2
1771874880,96.365,96.365,96.365,96.365,1521
1771875660,96.365,96.365,96.365,96.365,16
1771875780,96.365,96.365,96.365,96.365,27
1771875840,96.365,96.365,96.365,96.365,510
1771875900,96.365,96.365,96.365,96.365,81
1771876020,96.365,96.365,96.365,96.365,1
1771876080,96.365,96.365,96.365,96.365,1
1771876140,96.365,96.365,96.365,96.365,3949
1771876500,96.365,96.365,96.365,96.365,100
1771876740,96.365,96.365,96.365,96.365,74
1771876980,96.365,96.365,96.365,96.365,1
1771877820,96.365,96.365,96.365,96.365,4
1771877880,96.365,96.365,96.365,96.365,22
1771877940,96.365,96.365,96.365,96.365,1
1771878840,96.365,96.365,96.365,96.365,1
1771883400,96.365,96.365,96.365,96.365,5
1771883880,96.365,96.365,96.365,96.365,1
1771883940,96.365,96.365,96.365,96.365,25
1771887600,96.365,96.365,96.365,96.365,159
1771887660,96.365,96.365,96.365,96.365,937
1771887960,96.365,96.365,96.365,96.365,29
1771917000,96.365,96.365,96.365,96.365,200
1771917120,96.365,96.365,96.365,96.365,101
1771917300,96.365,96.365,96.365,96.365,1
1771920060,96.365,96.365,96.365,96.365,1120
1771921080,96.365,96.365,96.365,96.365,1
1771923360,96.365,96.365,96.365,96.365,3
1771923420,96.365,96.365,96.365,96.365,1
1771923840,96.365,96.365,96.365,96.365,20
1771925520,96.365,96.365,96.365,96.365,3
1771926180,96.365,96.365,96.365,96.365,2
1771926240,96.365,96.365,96.365,96.365,6
1771929780,96.365,96.365,96.365,96.365,200
1771930200,96.365,96.365,96.365,96.365,1
1771930320,96.365,96.365,96.365,96.365,100
1771933080,96.365,96.365,96.365,96.365,17
1771936140,96.365,96.365,96.365,96.365,1
1771936500,96.365,96.365,96.365,96.365,105
1771936560,96.365,96.365,96.365,96.365,1
1771937280,96.365,96.365,96.365,96.365,1
1771937460,96.365,96.365,96.365,96.365,6
1771937580,96.365,96.365,96.365,96.365,244
1771937640,96.365,96.365,96.365,96.365,300
1771937880,96.365,96.365,96.365,96.365,9
1771938420,96.365,96.365,96.365,96.365,96
1771938720,96.365,96.365,96.365,96.365,2
1771938840,96.365,96.365,96.365,96.365,200
1771939020,96.365,96.365,96.365,96.365,4
1771939740,96.365,96.365,96.365,96.365,499
1771941540,96.36,96.36,96.36,96.36,2
1771941660,96.365,96.365,96.365,96.365,54
1771941720,96.365,96.365,96.365,96.365,51
1771942020,96.365,96.365,96.365,96.365,8
1771942380,96.36,96.365,96.36,96.365,25
1771942440,96.36,96.36,96.36,96.36,1893
1771942920,96.365,96.365,96.365,96.365,954
1771943640,96.365,96.365,96.365,96.365,11
1771943700,96.365,96.365,96.365,96.365,3
1771944960,96.36,96.36,96.36,96.36,1
1771945020,96.365,96.365,96.365,96.365,54
1771945500,96.36,96.36,96.36,96.36,2
1771945560,96.365,96.365,96.365,96.365,10
1771945920,96.36,96.36,96.36,96.36,1
1771947480,96.365,96.365,96.365,96.365,48
1771948200,96.365,96.365,96.365,96.365,49
1771948380,96.365,96.365,96.365,96.365,119
1771948920,96.365,96.365,96.365,96.365,25
1771949580,96.365,96.365,96.365,96.365,37
1771949820,96.365,96.365,96.365,96.365,146
1771949880,96.365,96.365,96.365,96.365,55
1771950120,96.365,96.365,96.365,96.365,44
1771950240,96.365,96.365,96.365,96.365,397
1771950900,96.365,96.365,96.365,96.365,17
1771951200,96.365,96.365,96.365,96.365,37
1771951500,96.365,96.365,96.365,96.365,121
1771951980,96.365,96.365,96.365,96.365,17
1771952940,96.365,96.365,96.365,96.365,144
1771955400,96.365,96.365,96.365,96.365,100
1771955760,96.365,96.365,96.365,96.365,52
1771955820,96.365,96.365,96.365,96.365,26
1771956600,96.365,96.365,96.365,96.365,11
1771957260,96.365,96.365,96.365,96.365,18
1771957440,96.365,96.365,96.365,96.365,37
1771957500,96.365,96.365,96.365,96.365,200
1771957800,96.365,96.365,96.365,96.365,1000
1771960140,96.365,96.365,96.365,96.365,5
1771960260,96.365,96.365,96.365,96.365,127
1771960440,96.365,96.365,96.365,96.365,1
1771962060,96.365,96.365,96.365,96.365,442
1771962120,96.365,96.365,96.365,96.365,324
1771962180,96.365,96.365,96.365,96.365,25
1771962360,96.365,96.365,96.365,96.365,218
1771962420,96.365,96.365,96.365,96.365,95
1771963140,96.365,96.365,96.365,96.365,9
1771964760,96.365,96.365,96.365,96.365,893
1771965540,96.365,96.365,96.365,96.365,3
1771966680,96.36,96.36,96.36,96.36,30
1771967100,96.365,96.365,96.365,96.365,6
1771967160,96.365,96.365,96.365,96.365,7
1771967280,96.36,96.36,96.36,96.36,25
1771967340,96.36,96.36,96.36,96.36,102
1771968360,96.365,96.365,96.365,96.365,58
1771968900,96.365,96.365,96.365,96.365,27
1771969260,96.365,96.365,96.365,96.365,7
1771969800,96.365,96.365,96.365,96.365,9
1771970160,96.365,96.365,96.365,96.365,30
1771970280,96.365,96.365,96.365,96.365,2
1771970340,96.365,96.365,96.36,96.36,24
1771978620,96.36,96.36,96.36,96.36,94
1772000160,96.365,96.365,96.365,96.365,1
1772001360,96.365,96.365,96.365,96.365,100
1772003940,96.36,96.36,96.36,96.36,1
1772004120,96.36,96.36,96.36,96.36,1
1772009220,96.365,96.365,96.365,96.365,100
1772009280,96.365,96.365,96.365,96.365,98
1772009880,96.36,96.36,96.36,96.36,5
1772011920,96.36,96.36,96.36,96.36,3
1772012040,96.36,96.36,96.36,96.36,3
1772022660,96.365,96.365,96.365,96.365,17
1772023440,96.365,96.365,96.365,96.365,3
1772024220,96.365,96.365,96.365,96.365,68
1772026620,96.365,96.365,96.365,96.365,27
1772027820,96.365,96.365,96.365,96.365,14
1772028840,96.365,96.365,96.365,96.365,36
1772029020,96.365,96.365,96.365,96.365,3
1772029080,96.365,96.365,96.365,96.365,1
1772029140,96.365,96.365,96.365,96.365,1
1772029200,96.365,96.365,96.365,96.365,1
1772029260,96.365,96.365,96.365,96.365,1
1772029320,96.365,96.365,96.365,96.365,1
1772029380,96.365,96.365,96.365,96.365,66
1772030520,96.365,96.365,96.365,96.365,1
1772030580,96.365,96.365,96.365,96.365,1
1772030640,96.365,96.365,96.365,96.365,5
1772030700,96.365,96.365,96.365,96.365,2
1772030760,96.365,96.365,96.365,96.365,1
1772030880,96.365,96.365,96.365,96.365,1
1772030940,96.365,96.365,96.365,96.365,1
1772031480,96.365,96.365,96.365,96.365,2
1772031540,96.365,96.365,96.365,96.365,1
1772032260,96.365,96.365,96.365,96.365,68
1772032380,96.365,96.365,96.365,96.365,39
1772032860,96.365,96.365,96.365,96.365,8
1772032980,96.365,96.365,96.365,96.365,230
1772033400,96.365,96.365,96.365,96.365,28
1772033760,96.365,96.365,96.365,96.365,3
1772035500,96.365,96.365,96.365,96.365,40
1772035860,96.365,96.365,96.365,96.365,199
1772036160,96.365,96.365,96.365,96.365,95
1772036940,96.365,96.365,96.365,96.365,1
1772037000,96.365,96.365,96.365,96.365,35
1772037420,96.365,96.365,96.365,96.365,495
1772038020,96.365,96.365,96.365,96.365,7
1772038500,96.36,96.36,96.36,96.36,1
1772039220,96.365,96.365,96.365,96.365,32
1772039340,96.365,96.365,96.365,96.365,7
1772039820,96.36,96.36,96.36,96.36,101
1772039880,96.365,96.365,96.365,96.365,16
1772039940,96.36,96.36,96.36,96.36,100
1772040000,96.36,96.36,96.36,96.36,90
1772040720,96.365,96.365,96.365,96.365,189
1772041020,96.36,96.36,96.36,96.36,1
1772041680,96.36,96.36,96.36,96.36,1
1772042340,96.36,96.36,96.36,96.36,80
1772044560,96.365,96.365,96.365,96.365,5
1772045220,96.36,96.36,96.36,96.36,1
1772045280,96.365,96.365,96.365,96.365,4
1772045400,96.365,96.365,96.365,96.365,470
1772045580,96.365,96.365,96.365,96.365,1
1772045700,96.365,96.365,96.365,96.365,283
1772046420,96.365,96.365,96.365,96.365,3
1772047680,96.36,96.365,96.36,96.365,19
1772049300,96.365,96.365,96.365,96.365,895
1772049480,96.365,96.365,96.365,96.365,1303
1772049540,96.36,96.36,96.36,96.36,9
1772049600,96.365,96.365,96.365,96.365,193
1772049960,96.365,96.365,96.365,96.365,337
1772050020,96.365,96.365,96.36,96.36,40
1772050440,96.365,96.365,96.365,96.365,2
1772050800,96.365,96.365,96.365,96.365,27
1772050980,96.365,96.365,96.365,96.365,51
1772051580,96.365,96.365,96.365,96.365,1
1772051640,96.365,96.365,96.365,96.365,16
1772051820,96.365,96.365,96.365,96.365,283
1772052000,96.365,96.365,96.365,96.365,15
1772053080,96.365,96.365,96.365,96.365,2
1772053500,96.36,96.36,96.36,96.36,2
1772053620,96.365,96.365,96.365,96.365,13
1772053740,96.36,96.36,96.36,96.36,4
1772053920,96.365,96.365,96.365,96.365,159
1772054880,96.365,96.365,96.365,96.365,37
1772055300,96.365,96.365,96.365,96.365,2
1772056680,96.36,96.36,96.36,96.36,3
1772074560,96.365,96.365,96.365,96.365,59
1772083920,96.365,96.365,96.365,96.365,100
1772083980,96.365,96.365,96.365,96.365,1
1772084100,96.365,96.365,96.365,96.365,1
1772088780,96.365,96.365,96.365,96.365,1
1772092860,96.365,96.365,96.365,96.365,18
1772094420,96.365,96.365,96.365,96.365,3
1772094600,96.365,96.365,96.365,96.365,36
1772095440,96.365,96.365,96.365,96.365,10
1772095620,96.365,96.365,96.365,96.365,1
1772095920,96.365,96.365,96.365,96.365,8
1772096220,96.365,96.365,96.365,96.365,1
1772102640,96.365,96.365,96.365,96.365,32
1772102700,96.365,96.365,96.365,96.365,29
1772104080,96.365,96.365,96.365,96.365,1
1772110380,96.365,96.365,96.365,96.365,15
1772110620,96.365,96.365,96.365,96.365,21
1772112420,96.36,96.36,96.36,96.36,76
1772112780,96.36,96.36,96.36,96.36,8
1772113140,96.36,96.36,96.36,96.36,4
1772113620,96.365,96.365,96.365,96.365,1
1772115300,96.365,96.365,96.365,96.365,10
1772115660,96.36,96.36,96.36,96.36,22
1772117400,96.365,96.365,96.365,96.365,25
1772117460,96.365,96.365,96.365,96.365,71
1772117520,96.365,96.365,96.365,96.365,242
1772117700,96.365,96.365,96.365,96.365,40
1772118060,96.36,96.36,96.36,96.36,100
1772118360,96.365,96.365,96.365,96.365,50
1772118480,96.365,96.365,96.365,96.365,13
1772118840,96.365,96.365,96.365,96.365,125
1772118960,96.365,96.365,96.365,96.365,3
1772119560,96.365,96.365,96.365,96.365,38
1772119800,96.365,96.365,96.365,96.365,19
1772119860,96.365,96.365,96.365,96.365,20
1772119920,96.365,96.365,96.365,96.365,7
1772120280,96.365,96.365,96.365,96.365,486
1772120400,96.365,96.365,96.365,96.365,50
1772121420,96.365,96.365,96.365,96.365,37
1772121900,96.36,96.36,96.36,96.36,75
1772122260,96.365,96.365,96.365,96.365,1
1772122500,96.365,96.365,96.365,96.365,100
1772122560,96.365,96.365,96.365,96.365,25
1772122920,96.365,96.365,96.365,96.365,10
1772123040,96.365,96.365,96.365,96.365,6
1772123460,96.365,96.365,96.365,96.365,1
1772123520,96.36,96.36,96.36,96.36,161
1772123700,96.365,96.365,96.365,96.365,1
1772123760,96.36,96.36,96.36,96.36,3
1772124000,96.365,96.365,96.365,96.365,1
1772124060,96.365,96.365,96.365,96.365,500
1772124240,96.365,96.365,96.365,96.365,16
1772124300,96.365,96.365,96.365,96.365,13
1772124480,96.365,96.365,96.365,96.365,1000
1772124600,96.365,96.365,96.365,96.365,1
1772124900,96.365,96.365,96.365,96.365,1
1772125200,96.365,96.365,96.365,96.365,1
1772125620,96.365,96.365,96.365,96.365,1
1772125980,96.365,96.365,96.365,96.365,1
1772126280,96.365,96.365,96.365,96.365,1
1772126400,96.365,96.365,96.365,96.365,1
1772126760,96.36,96.36,96.36,96.36,43
1772126880,96.365,96.365,96.365,96.365,1
1772127000,96.365,96.365,96.365,96.365,7
1772127120,96.36,96.36,96.36,96.36,50
1772127360,96.365,96.365,96.365,96.365,1
1772127480,96.36,96.36,96.36,96.36,12
1772127840,96.365,96.365,96.365,96.365,1
1772128080,96.365,96.365,96.365,96.365,11
1772128380,96.365,96.365,96.365,96.365,684
1772128440,96.365,96.365,96.365,96.365,1
1772129280,96.365,96.365,96.365,96.365,1
1772129760,96.365,96.365,96.365,96.365,1
1772130300,96.365,96.365,96.365,96.365,1
1772130540,96.365,96.365,96.365,96.365,52
1772131200,96.365,96.365,96.365,96.365,131
1772131260,96.365,96.365,96.365,96.365,7
1772131500,96.365,96.365,96.365,96.365,12
1772131620,96.365,96.365,96.365,96.365,830
1772132040,96.365,96.365,96.365,96.365,1
1772132640,96.36,96.365,96.36,96.365,101
1772132760,96.365,96.365,96.365,96.365,320
1772132820,96.365,96.365,96.365,96.365,65
1772133240,96.365,96.365,96.365,96.365,1
1772133780,96.365,96.365,96.365,96.365,1
1772134320,96.365,96.365,96.365,96.365,5
1772134380,96.365,96.365,96.365,96.365,1
1772134800,96.365,96.365,96.365,96.365,32
1772135040,96.365,96.365,96.365,96.365,1
1772135940,96.36,96.365,96.36,96.36,18
1772136120,96.365,96.365,96.365,96.365,4
1772136240,96.36,96.36,96.36,96.36,25
1772136300,96.365,96.365,96.365,96.365,4
1772136960,96.365,96.365,96.365,96.365,136
1772137020,96.365,96.365,96.365,96.365,81
1772137320,96.36,96.36,96.36,96.36,171
1772138460,96.365,96.365,96.365,96.365,78
1772139600,96.365,96.365,96.365,96.365,28
1772140320,96.365,96.365,96.365,96.365,3
1772140440,96.365,96.365,96.365,96.365,49
1772141820,96.36,96.36,96.36,96.36,755
1772142120,96.365,96.365,96.365,96.365,30
1772142240,96.365,96.365,96.365,96.365,47
1772142360,96.365,96.365,96.365,96.365,44
1772142480,96.365,96.365,96.365,96.365,44
1772142600,96.365,96.365,96.365,96.365,44
1772142720,96.365,96.365,96.365,96.365,41
1772142840,96.365,96.365,96.365,96.365,45
1772142900,96.365,96.365,96.365,96.365,21
1772143080,96.36,96.36,96.36,96.36,3
1772143140,96.365,96.365,96.36,96.36,11
1772146800,96.365,96.365,96.365,96.365,25
1772147040,96.36,96.36,96.36,96.36,12
1772150100,96.365,96.365,96.365,96.365,80
1772150280,96.365,96.365,96.365,96.365,21
1772150460,96.365,96.365,96.365,96.365,31
1772150640,96.365,96.365,96.365,96.365,36
1772154840,96.365,96.365,96.365,96.365,200
1772164200,96.365,96.365,96.36,96.365,21
1772174100,96.365,96.365,96.365,96.365,3
1772174220,96.36,96.36,96.36,96.36,100
1772183820,96.365,96.365,96.365,96.365,44
1772185680,96.365,96.365,96.365,96.365,2000
1772186460,96.365,96.365,96.365,96.365,495
1772186640,96.365,96.365,96.365,96.365,200
1772190480,96.365,96.365,96.365,96.365,3
1772193120,96.365,96.365,96.365,96.365,8
1772193960,96.365,96.365,96.365,96.365,2550
1772194740,96.36,96.36,96.36,96.36,100
1772194800,96.36,96.365,96.36,96.365,101
1772195940,96.365,96.365,96.365,96.365,1112
1772196780,96.365,96.365,96.365,96.365,200
1772196960,96.365,96.365,96.365,96.365,4
1772197020,96.365,96.365,96.365,96.365,1
1772197080,96.365,96.365,96.365,96.365,1
1772197200,96.365,96.365,96.365,96.365,1
1772197260,96.365,96.365,96.365,96.365,1
1772197320,96.365,96.365,96.365,96.365,56
1772197380,96.365,96.365,96.365,96.365,1
1772197500,96.365,96.365,96.365,96.365,1
1772197560,96.365,96.365,96.365,96.365,1
1772197620,96.365,96.365,96.365,96.365,1
1772197680,96.365,96.365,96.365,96.365,1
1772197800,96.365,96.365,96.365,96.365,1
1772197860,96.365,96.365,96.365,96.365,1
1772197920,96.365,96.365,96.365,96.365,1
1772197980,96.365,96.365,96.365,96.365,53
1772198040,96.365,96.365,96.365,96.365,1
1772198100,96.365,96.365,96.365,96.365,1
1772198160,96.365,96.365,96.365,96.365,1
1772198220,96.365,96.365,96.365,96.365,2
1772198340,96.365,96.365,96.365,96.365,60
1772198400,96.365,96.365,96.365,96.365,1
1772198460,96.365,96.365,96.365,96.365,201
1772198520,96.365,96.365,96.365,96.365,16
1772198580,96.365,96.365,96.365,96.365,1
1772198640,96.365,96.365,96.365,96.365,75
1772198700,96.365,96.365,96.365,96.365,3
1772198820,96.365,96.365,96.365,96.365,1
1772198880,96.365,96.365,96.365,96.365,3
1772198940,96.365,96.365,96.365,96.365,987
1772199060,96.365,96.365,96.365,96.365,8746
1772199120,96.37,96.37,96.37,96.37,334
1772199180,96.365,96.37,96.365,96.37,3986
1772199240,96.37,96.37,96.37,96.37,186
1772199300,96.365,96.37,96.365,96.37,936
1772199360,96.37,96.37,96.37,96.37,122
1772199420,96.37,96.37,96.37,96.37,402
1772199480,96.37,96.37,96.37,96.37,117
1772199540,96.37,96.37,96.365,96.37,168
1772199600,96.37,96.37,96.365,96.37,923
1772199660,96.37,96.37,96.37,96.37,186
1772199720,96.365,96.37,96.365,96.365,428
1772199780,96.365,96.365,96.365,96.365,1945
1772199840,96.365,96.365,96.365,96.365,94
1772199900,96.365,96.365,96.365,96.365,10
1772199960,96.365,96.365,96.365,96.365,277
1772200140,96.365,96.365,96.365,96.365,525
1772200440,96.365,96.365,96.365,96.365,126
1772200620,96.365,96.365,96.365,96.365,75
1772200680,96.365,96.365,96.365,96.365,200
1772200740,96.365,96.365,96.365,96.365,759
1772200920,96.365,96.365,96.365,96.365,445
1772200980,96.365,96.365,96.365,96.365,5
1772201040,96.365,96.365,96.365,96.365,200
1772201100,96.365,96.365,96.365,96.365,17
1772201160,96.365,96.365,96.365,96.365,12
1772201220,96.365,96.365,96.365,96.365,11
1772201280,96.365,96.365,96.365,96.365,4
1772201340,96.365,96.365,96.365,96.365,6
1772201400,96.365,96.365,96.365,96.365,396
1772201760,96.365,96.365,96.365,96.365,24
1772201820,96.365,96.365,96.365,96.365,30
1772202000,96.365,96.365,96.365,96.365,12
1772202120,96.365,96.365,96.365,96.365,118
1772202180,96.365,96.365,96.36,96.36,64
1772202240,96.365,96.365,96.365,96.365,154
1772202360,96.365,96.365,96.365,96.365,44
1772202420,96.365,96.365,96.365,96.365,30
1772202480,96.365,96.365,96.365,96.365,243
1772202600,96.365,96.365,96.365,96.365,21
1772203140,96.365,96.365,96.365,96.365,3
1772203320,96.365,96.365,96.365,96.365,26
1772203740,96.37,96.37,96.37,96.37,11
1772204160,96.37,96.37,96.37,96.37,41
1772204640,96.37,96.37,96.37,96.37,10
1772205120,96.365,96.365,96.365,96.365,1
1772207040,96.365,96.365,96.365,96.365,1
1772207520,96.365,96.365,96.365,96.365,5
1772207880,96.365,96.365,96.365,96.365,26
1772210220,96.37,96.37,96.37,96.37,150
1772211180,96.37,96.37,96.37,96.37,1
1772212320,96.37,96.37,96.37,96.37,61
1772212620,96.37,96.37,96.37,96.37,1
1772212920,96.365,96.365,96.365,96.365,71
1772213040,96.37,96.37,96.37,96.37,14
1772213160,96.37,96.37,96.37,96.37,21
1772213760,96.37,96.37,96.37,96.37,57
1772214060,96.37,96.37,96.37,96.37,13
1772214540,96.37,96.37,96.37,96.37,1
1772215320,96.37,96.37,96.37,96.37,125
1772215680,96.37,96.37,96.37,96.37,10
1772216220,96.37,96.37,96.37,96.37,14
1772217120,96.365,96.365,96.365,96.365,250
1772218080,96.37,96.37,96.37,96.37,1
1772218260,96.365,96.365,96.365,96.365,20
1772220360,96.37,96.37,96.37,96.37,3
1772220480,96.37,96.37,96.37,96.37,1
1772222340,96.37,96.37,96.37,96.37,13
1772222760,96.365,96.365,96.365,96.365,83
1772223360,96.37,96.37,96.37,96.37,13
1772224200,96.37,96.37,96.37,96.37,5
1772224260,96.37,96.37,96.365,96.365,2005
1772225280,96.37,96.37,96.37,96.37,15
1772225760,96.37,96.37,96.37,96.37,2
1772225880,96.37,96.37,96.37,96.37,5
1772226000,96.37,96.37,96.37,96.37,2
1772226240,96.37,96.37,96.37,96.37,2
1772226660,96.37,96.37,96.37,96.37,11
1772227080,96.365,96.365,96.365,96.365,800
1772228520,96.365,96.365,96.365,96.365,850
1772228580,96.37,96.37,96.37,96.37,16
1772229060,96.365,96.365,96.365,96.365,13
1772229120,96.37,96.37,96.37,96.37,1
1772229180,96.365,96.365,96.365,96.365,3
1772229300,96.37,96.37,96.37,96.37,20
1772229360,96.37,96.37,96.37,96.37,39
1772229480,96.365,96.365,96.365,96.365,5
1772229540,96.365,96.365,96.365,96.365,707
1772406000,96.3725,96.375,96.37,96.37,7431
1772406060,96.3675,96.3675,96.3675,96.3675,200
1772406120,96.37,96.37,96.3675,96.3675,28
1772406240,96.3675,96.37,96.3675,96.3675,42
1772406300,96.37,96.37,96.37,96.37,43
1772406480,96.3675,96.3675,96.3675,96.3675,1308
1772406540,96.3675,96.3675,96.3675,96.3675,12
1772406780,96.365,96.365,96.365,96.365,5
1772406900,96.3675,96.3675,96.3675,96.3675,48
1772410620,96.3675,96.3675,96.3675,96.3675,5
1772413800,96.365,96.365,96.365,96.365,120
1772432280,96.365,96.365,96.365,96.365,1
1772437020,96.365,96.365,96.3625,96.3625,10077
1772437380,96.365,96.365,96.365,96.365,1
1772437440,96.365,96.365,96.365,96.365,619
1772438760,96.365,96.365,96.365,96.365,173
1772439120,96.365,96.365,96.365,96.365,51
1772440140,96.365,96.365,96.365,96.365,2
1772440260,96.365,96.365,96.365,96.365,66
1772441400,96.365,96.365,96.365,96.365,1
1772441520,96.365,96.365,96.365,96.365,1
1772442180,96.365,96.365,96.365,96.365,1
1772442840,96.365,96.365,96.365,96.365,1
1772442900,96.365,96.365,96.365,96.365,1
1772443260,96.365,96.365,96.365,96.365,3
1772443680,96.3625,96.3625,96.3625,96.3625,450
1772443980,96.365,96.365,96.365,96.365,1
1772445060,96.365,96.365,96.365,96.365,1
1772445180,96.365,96.365,96.365,96.365,1
1772445300,96.365,96.365,96.365,96.365,19
1772445420,96.365,96.365,96.365,96.365,1
1772446020,96.365,96.365,96.365,96.365,2
1772446080,96.365,96.365,96.365,96.365,1
1772446260,96.365,96.365,96.365,96.365,3
1772446560,96.365,96.365,96.365,96.365,5001
1772446620,96.365,96.365,96.365,96.365,8
1772446740,96.365,96.365,96.365,96.365,6609
1772446800,96.365,96.365,96.365,96.365,192
1772446980,96.365,96.365,96.365,96.365,1299
1772447160,96.365,96.365,96.365,96.365,1
1772450280,96.365,96.365,96.365,96.365,201
1772450400,96.365,96.365,96.365,96.365,1
1772450580,96.365,96.365,96.365,96.365,40
1772451540,96.365,96.365,96.365,96.365,161
1772452140,96.365,96.365,96.365,96.365,137
1772452320,96.365,96.365,96.365,96.365,1
1772452500,96.365,96.365,96.365,96.365,105
1772452620,96.365,96.365,96.365,96.365,120
1772453100,96.365,96.365,96.365,96.365,1
1772453940,96.3625,96.3625,96.3625,96.3625,100
1772454300,96.365,96.365,96.365,96.365,1
1772454600,96.365,96.365,96.365,96.365,5
1772454900,96.3625,96.3625,96.3625,96.3625,15
1772456220,96.3625,96.3625,96.3625,96.3625,500
1772459520,96.365,96.365,96.365,96.365,81
1772460360,96.3625,96.3625,96.3625,96.3625,21
1772462280,96.3625,96.3625,96.3625,96.3625,3
1772462460,96.365,96.365,96.3625,96.3625,13
1772462640,96.365,96.365,96.365,96.365,2
1772462700,96.365,96.365,96.3625,96.3625,2
1772463060,96.3625,96.3625,96.3625,96.3625,166
1772463120,96.365,96.365,96.365,96.365,23
1772464020,96.365,96.365,96.365,96.365,1
1772464200,96.365,96.365,96.365,96.365,2
1772464440,96.365,96.365,96.365,96.365,1
1772464560,96.365,96.365,96.365,96.365,1
1772465220,96.365,96.365,96.365,96.365,1
1772466480,96.365,96.365,96.365,96.365,10
1772466540,96.3625,96.365,96.3625,96.365,9
1772469120,96.3625,96.3625,96.3625,96.3625,912
1772469780,96.3625,96.365,96.3625,96.365,1970
1772470380,96.3625,96.3625,96.3625,96.3625,1
1772471400,96.365,96.365,96.365,96.365,14
1772471460,96.365,96.365,96.365,96.365,28
1772471880,96.3625,96.3625,96.3625,96.3625,1
1772472780,96.365,96.365,96.365,96.365,40
1772473740,96.3625,96.3625,96.3625,96.3625,1
1772476740,96.365,96.365,96.365,96.365,85
1772477280,96.3625,96.3625,96.3625,96.3625,1
1772478060,96.365,96.365,96.365,96.365,5
1772479680,96.3625,96.3625,96.3625,96.3625,1
1772479980,96.365,96.365,96.365,96.365,1
1772480040,96.365,96.365,96.365,96.365,5
1772481060,96.365,96.365,96.365,96.365,2
1772481120,96.365,96.365,96.365,96.365,4
1772481180,96.365,96.365,96.365,96.365,3
1772481240,96.365,96.365,96.365,96.365,4
1772481300,96.365,96.365,96.365,96.365,3
1772481540,96.3625,96.365,96.3625,96.365,2
1772483760,96.365,96.365,96.365,96.365,70
1772483820,96.365,96.365,96.365,96.365,11
1772483880,96.365,96.365,96.365,96.365,5
1772484180,96.3625,96.3625,96.3625,96.3625,3
1772484360,96.365,96.365,96.365,96.365,199
1772484420,96.365,96.365,96.365,96.365,1
1772484600,96.3625,96.3625,96.3625,96.3625,1
1772485500,96.365,96.365,96.365,96.365,2
1772485860,96.365,96.365,96.3625,96.3625,5
1772486760,96.365,96.365,96.365,96.365,1
1772487000,96.3625,96.3625,96.3625,96.3625,74
1772488380,96.365,96.365,96.365,96.365,73
1772488560,96.3625,96.3625,96.3625,96.3625,77
1772488620,96.3625,96.3625,96.3625,96.3625,178
1772488680,96.365,96.365,96.3625,96.3625,22
1772492640,96.365,96.365,96.365,96.365,9
1772496720,96.3625,96.3625,96.3625,96.3625,71
1772514600,96.3625,96.3625,96.3625,96.3625,1000
1772523480,96.3625,96.3625,96.3625,96.3625,325
1772523540,96.3625,96.3625,96.3625,96.3625,100
1772523600,96.3625,96.3625,96.3625,96.3625,75
1772523660,96.365,96.365,96.365,96.365,1
1772524260,96.3625,96.3625,96.3625,96.3625,50
1772524860,96.3625,96.3625,96.3625,96.3625,1000
1772525280,96.3625,96.3625,96.3625,96.3625,24
1772525400,96.3625,96.3625,96.3625,96.3625,1
1772525940,96.3625,96.3625,96.3625,96.3625,849
1772526000,96.3625,96.3625,96.3625,96.3625,423
1772526060,96.3625,96.3625,96.3625,96.3625,747
1772526300,96.3625,96.3625,96.3625,96.3625,8
1772527140,96.3625,96.3625,96.3625,96.3625,19
1772528580,96.3625,96.3625,96.3625,96.3625,69
1772528640,96.3625,96.3625,96.3625,96.3625,119
1772528880,96.3625,96.3625,96.3625,96.3625,19
1772528940,96.3625,96.3625,96.3625,96.3625,1
1772529960,96.3625,96.3625,96.3625,96.3625,414
1772530800,96.36,96.36,96.36,96.36,22
1772530980,96.3625,96.3625,96.3625,96.3625,644
1772531340,96.3625,96.3625,96.3625,96.3625,1
1772531520,96.3625,96.3625,96.3625,96.3625,50
1772531700,96.3625,96.3625,96.3625,96.3625,1
1772532240,96.3625,96.3625,96.3625,96.3625,3
1772532360,96.3625,96.3625,96.3625,96.3625,1
1772532420,96.3625,96.3625,96.3625,96.3625,2000
1772532480,96.3625,96.3625,96.3625,96.3625,1698
1772533020,96.3625,96.3625,96.3625,96.3625,1
1772533140,96.3625,96.3625,96.3625,96.3625,21
1772533500,96.3625,96.3625,96.3625,96.3625,1
1772534160,96.3625,96.3625,96.3625,96.3625,483
1772534340,96.3625,96.3625,96.3625,96.3625,1
1772534460,96.3625,96.3625,96.3625,96.3625,1
1772535480,96.3625,96.3625,96.3625,96.3625,2
1772535600,96.3625,96.3625,96.3625,96.3625,182
1772535900,96.3625,96.3625,96.3625,96.3625,3079
1772535960,96.3625,96.3625,96.3625,96.3625,677
1772536020,96.3625,96.3625,96.3625,96.3625,1395
1772536080,96.3625,96.3625,96.3625,96.3625,70
1772536200,96.3625,96.3625,96.3625,96.3625,193
1772536260,96.36,96.36,96.36,96.36,225
1772536740,96.3625,96.3625,96.3625,96.3625,1329
1772536860,96.3625,96.3625,96.3625,96.3625,675
1772536980,96.3625,96.3625,96.3625,96.3625,16
1772537040,96.3625,96.3625,96.3625,96.3625,3
1772537220,96.3625,96.3625,96.3625,96.3625,750
1772537280,96.3625,96.3625,96.3625,96.3625,2513
1772537340,96.3625,96.3625,96.3625,96.3625,9
1772537400,96.3625,96.3625,96.3625,96.3625,16
1772537460,96.3625,96.3625,96.3625,96.3625,5
1772537580,96.3625,96.3625,96.3625,96.3625,23
1772537640,96.3625,96.3625,96.3625,96.3625,6
1772537880,96.3625,96.3625,96.3625,96.3625,235
1772537940,96.3625,96.3625,96.3625,96.3625,115
1772538000,96.3625,96.3625,96.3625,96.3625,114
1772538060,96.3625,96.3625,96.3625,96.3625,1009
1772538120,96.3625,96.3625,96.3625,96.3625,9
1772538180,96.3625,96.3625,96.3625,96.3625,32
1772538240,96.3625,96.3625,96.3625,96.3625,2
1772538300,96.3625,96.3625,96.3625,96.3625,3025
1772538360,96.3625,96.3625,96.3625,96.3625,21
1772538660,96.3625,96.3625,96.3625,96.3625,9
1772539380,96.3625,96.3625,96.3625,96.3625,4
1772539620,96.3625,96.3625,96.3625,96.3625,20
1772539740,96.3625,96.3625,96.3625,96.3625,308
1772539800,96.3625,96.3625,96.3625,96.3625,322
1772539920,96.3625,96.3625,96.3625,96.3625,74
1772540280,96.3625,96.3625,96.3625,96.3625,250
1772540400,96.3625,96.3625,96.3625,96.3625,13
1772540700,96.3625,96.3625,96.3625,96.3625,15
1772540880,96.365,96.365,96.365,96.365,100
1772541120,96.3625,96.3625,96.3625,96.3625,1578
1772541180,96.3625,96.3625,96.3625,96.3625,100
1772541300,96.3625,96.3625,96.3625,96.3625,1
1772541600,96.3625,96.3625,96.3625,96.3625,14
1772541780,96.3625,96.3625,96.3625,96.3625,215
1772542200,96.3625,96.3625,96.3625,96.3625,7
1772542260,96.3625,96.3625,96.3625,96.3625,1
1772542800,96.3625,96.3625,96.3625,96.3625,1
1772542980,96.3625,96.3625,96.3625,96.3625,800
1772543100,96.3625,96.3625,96.3625,96.3625,801
1772543340,96.3625,96.3625,96.3625,96.3625,158
1772543520,96.3625,96.3625,96.3625,96.3625,302
1772543640,96.3625,96.3625,96.3625,96.3625,1
1772543760,96.3625,96.3625,96.3625,96.3625,20
1772544060,96.3625,96.3625,96.3625,96.3625,1
1772544120,96.3625,96.3625,96.3625,96.3625,3
1772544300,96.3625,96.3625,96.3625,96.3625,501
1772544420,96.3625,96.3625,96.3625,96.3625,1
1772544480,96.3625,96.3625,96.3625,96.3625,2
1772544540,96.3625,96.3625,96.3625,96.3625,1
1772544660,96.3625,96.3625,96.3625,96.3625,1
1772544780,96.3625,96.3625,96.3625,96.3625,1
1772544840,96.3625,96.3625,96.3625,96.3625,2
1772544900,96.3625,96.3625,96.3625,96.3625,2
1772545380,96.3625,96.3625,96.3625,96.3625,1
1772546400,96.3625,96.3625,96.3625,96.3625,500
1772546580,96.3625,96.3625,96.3625,96.3625,100
1772546700,96.3625,96.3625,96.3625,96.3625,1
1772546880,96.3625,96.3625,96.3625,96.3625,20
1772546940,96.3625,96.3625,96.3625,96.3625,100
1772547000,96.3625,96.3625,96.3625,96.3625,5
1772547240,96.3625,96.3625,96.3625,96.3625,4
1772547300,96.3625,96.3625,96.3625,96.3625,12
1772547360,96.3625,96.3625,96.3625,96.3625,1
1772547420,96.3625,96.3625,96.3625,96.3625,2
1772547480,96.3625,96.3625,96.3625,96.3625,1
1772547540,96.3625,96.3625,96.3625,96.3625,2
1772547600,96.3625,96.3625,96.3625,96.3625,2
1772547840,96.3625,96.3625,96.3625,96.3625,1569
1772548380,96.3625,96.3625,96.3625,96.3625,3
1772548560,96.3625,96.3625,96.3625,96.3625,5
1772548860,96.3625,96.3625,96.3625,96.3625,51
1772548920,96.3625,96.3625,96.3625,96.3625,33
1772549100,96.3625,96.3625,96.3625,96.3625,5
1772549280,96.3625,96.3625,96.3625,96.3625,409
1772549340,96.3625,96.3625,96.3625,96.3625,20
1772549400,96.3625,96.3625,96.3625,96.3625,189
1772549580,96.3625,96.3625,96.3625,96.3625,6
1772549640,96.3625,96.3625,96.3625,96.3625,3
1772549760,96.3625,96.3625,96.3625,96.3625,8
1772549820,96.3625,96.3625,96.3625,96.3625,1
1772549880,96.3625,96.3625,96.3625,96.3625,5
1772550600,96.3625,96.3625,96.3625,96.3625,40
1772551320,96.365,96.365,96.365,96.365,30
1772551380,96.365,96.365,96.365,96.365,4
1772551500,96.365,96.365,96.365,96.365,20
1772551560,96.365,96.365,96.365,96.365,19
1772551620,96.365,96.365,96.365,96.365,2
1772552040,96.365,96.365,96.365,96.365,38
1772552340,96.365,96.365,96.365,96.365,30
1772552400,96.365,96.365,96.365,96.365,1
1772553720,96.365,96.365,96.365,96.365,18
1772555160,96.365,96.365,96.365,96.365,206
1772555340,96.365,96.365,96.365,96.365,3296
1772555820,96.365,96.365,96.365,96.365,22
1772556240,96.365,96.365,96.365,96.365,7
1772556540,96.365,96.365,96.365,96.365,73
1772557500,96.365,96.365,96.365,96.365,70
1772557560,96.365,96.365,96.365,96.365,50
1772557620,96.365,96.365,96.365,96.365,1
1772557680,96.365,96.365,96.365,96.365,35
1772558400,96.365,96.365,96.365,96.365,2
1772558460,96.365,96.365,96.365,96.365,1
1772558640,96.365,96.365,96.365,96.365,2
1772559840,96.365,96.365,96.365,96.365,1
1772560320,96.365,96.365,96.365,96.365,1
1772561820,96.3625,96.3625,96.3625,96.3625,5
1772562720,96.3625,96.3625,96.3625,96.3625,5
1772563620,96.3625,96.3625,96.3625,96.3625,2
1772563680,96.3625,96.3625,96.3625,96.3625,1
1772567160,96.365,96.365,96.365,96.365,1
1772567340,96.3625,96.3625,96.3625,96.3625,1
1772567760,96.365,96.365,96.365,96.365,2
1772567940,96.365,96.365,96.365,96.365,5
1772568720,96.3625,96.3625,96.3625,96.3625,57
1772570040,96.365,96.365,96.365,96.365,1
1772571000,96.3625,96.3625,96.3625,96.3625,167
1772571240,96.365,96.365,96.365,96.365,10
1772571840,96.365,96.365,96.365,96.365,77
1772572020,96.365,96.365,96.365,96.365,13
1772572620,96.3625,96.3625,96.3625,96.3625,4
1772574600,96.3625,96.3625,96.3625,96.3625,5523
1772574660,96.3625,96.3625,96.3625,96.3625,78
1772574720,96.3625,96.3625,96.3625,96.3625,116
1772574960,96.3625,96.3625,96.3625,96.3625,5
1772575080,96.3625,96.3625,96.3625,96.3625,1
1772575140,96.365,96.365,96.3625,96.3625,429
1772579040,96.3625,96.3625,96.36,96.36,30
1772595240,96.3625,96.3625,96.3625,96.3625,1
1772595420,96.3625,96.3625,96.3625,96.3625,1
1772595960,96.3625,96.3625,96.3625,96.3625,300
1772596740,96.3625,96.3625,96.3625,96.3625,24
1772599860,96.3625,96.3625,96.3625,96.3625,135
1772602800,96.3625,96.3625,96.3625,96.3625,40
1772603100,96.3625,96.3625,96.3625,96.3625,6
1772606640,96.3625,96.3625,96.3625,96.3625,9
1772610180,96.3625,96.3625,96.3625,96.3625,4
1772610240,96.3625,96.3625,96.3625,96.3625,1
1772617980,96.3625,96.3625,96.3625,96.3625,1
1772622420,96.3625,96.3625,96.3625,96.3625,30
1772622480,96.3625,96.3625,96.3625,96.3625,99
1772625300,96.3625,96.3625,96.3625,96.3625,21
1772625480,96.3625,96.3625,96.3625,96.3625,893
1772625540,96.3625,96.3625,96.3625,96.3625,132
1772625660,96.3625,96.3625,96.3625,96.3625,1
1772625840,96.3625,96.3625,96.3625,96.3625,327
1772625960,96.3625,96.3625,96.3625,96.3625,19
1772626860,96.3625,96.3625,96.3625,96.3625,156
1772626920,96.36,96.36,96.36,96.36,3
1772627040,96.3625,96.3625,96.3625,96.3625,1
1772627100,96.3625,96.3625,96.3625,96.3625,5
1772627220,96.3625,96.3625,96.3625,96.3625,1
1772627280,96.3625,96.3625,96.3625,96.3625,37
1772628600,96.3625,96.3625,96.3625,96.3625,9
1772628720,96.3625,96.3625,96.3625,96.3625,12
1772628840,96.3625,96.3625,96.3625,96.3625,49
1772628900,96.3625,96.3625,96.3625,96.3625,4
1772629200,96.3625,96.3625,96.3625,96.3625,228
1772629260,96.3625,96.3625,96.3625,96.3625,18
1772629320,96.3625,96.3625,96.3625,96.3625,126
1772629440,96.3625,96.3625,96.3625,96.3625,1811
1772629620,96.3625,96.3625,96.3625,96.3625,22
1772629740,96.3625,96.3625,96.3625,96.3625,1
1772630280,96.3625,96.3625,96.3625,96.3625,124
1772630340,96.3625,96.3625,96.3625,96.3625,67
1772630400,96.3625,96.3625,96.3625,96.3625,32
1772630460,96.3625,96.3625,96.3625,96.3625,130
1772630520,96.3625,96.3625,96.3625,96.3625,602
1772630580,96.3625,96.3625,96.3625,96.3625,1346
1772630640,96.3625,96.3625,96.3625,96.3625,233
1772630820,96.3625,96.3625,96.3625,96.3625,72
1772631000,96.3625,96.3625,96.3625,96.3625,9
1772631060,96.3625,96.3625,96.3625,96.3625,1
1772631660,96.3625,96.3625,96.3625,96.3625,1
1772631720,96.3625,96.3625,96.3625,96.3625,56
1772631900,96.3625,96.3625,96.3625,96.3625,50
1772632980,96.365,96.365,96.365,96.365,5
1772633280,96.3625,96.3625,96.3625,96.3625,1341
1772635020,96.3625,96.3625,96.3625,96.3625,72
1772635380,96.365,96.365,96.365,96.365,35
1772635620,96.365,96.365,96.365,96.365,8
1772636220,96.3625,96.3625,96.3625,96.3625,48
1772636400,96.3625,96.3625,96.3625,96.3625,9
1772636940,96.3625,96.3625,96.3625,96.3625,8
1772637360,96.3625,96.3625,96.3625,96.3625,1000
1772637420,96.3625,96.3625,96.3625,96.3625,750
1772637480,96.3625,96.3625,96.3625,96.3625,250
1772637720,96.3625,96.3625,96.3625,96.3625,772
1772637780,96.3625,96.3625,96.3625,96.3625,174
1772637960,96.3625,96.3625,96.3625,96.3625,2
1772638020,96.3625,96.3625,96.3625,96.3625,82
1772638200,96.3625,96.3625,96.3625,96.3625,304
1772638260,96.3625,96.3625,96.3625,96.3625,1
1772638620,96.3625,96.3625,96.3625,96.3625,4
1772638680,96.3625,96.3625,96.3625,96.3625,1
1772638740,96.3625,96.3625,96.3625,96.3625,4
1772638800,96.3625,96.3625,96.3625,96.3625,2
1772639100,96.3625,96.3625,96.3625,96.3625,8
1772639220,96.3625,96.3625,96.3625,96.3625,18
1772639880,96.3625,96.3625,96.3625,96.3625,407
1772639940,96.3625,96.3625,96.3625,96.3625,3
1772640240,96.3625,96.3625,96.3625,96.3625,22
1772640300,96.3625,96.3625,96.3625,96.3625,2
1772640420,96.3625,96.3625,96.3625,96.3625,3
1772640480,96.3625,96.3625,96.3625,96.3625,4
1772640600,96.3625,96.3625,96.3625,96.3625,1
1772640660,96.3625,96.3625,96.3625,96.3625,36
1772641140,96.3625,96.3625,96.3625,96.3625,35
1772642340,96.3625,96.3625,96.3625,96.3625,97
1772642520,96.3625,96.3625,96.3625,96.3625,57
1772642580,96.3625,96.3625,96.3625,96.3625,100
1772643120,96.3625,96.3625,96.3625,96.3625,1
1772643420,96.3625,96.3625,96.3625,96.3625,1
1772643600,96.36,96.36,96.36,96.36,25
1772644620,96.3625,96.3625,96.3625,96.3625,1
1772646540,96.3625,96.3625,96.3625,96.3625,1
1772646960,96.3625,96.3625,96.3625,96.3625,8
1772650020,96.3625,96.3625,96.3625,96.3625,1
1772652420,96.3625,96.3625,96.3625,96.3625,1
1772652600,96.36,96.36,96.36,96.36,1
1772653440,96.36,96.36,96.36,96.36,7
1772653500,96.36,96.36,96.36,96.36,9
1772653560,96.36,96.3625,96.36,96.36,12
1772653620,96.36,96.36,96.36,96.36,4
1772653680,96.36,96.36,96.36,96.36,4
1772653740,96.36,96.36,96.36,96.36,4
1772653800,96.36,96.36,96.36,96.36,4
1772653860,96.36,96.36,96.36,96.36,4
1772653920,96.36,96.36,96.36,96.36,4
1772653980,96.36,96.36,96.36,96.36,4
1772654040,96.36,96.36,96.36,96.36,3
1772654100,96.36,96.36,96.36,96.36,4
1772654160,96.36,96.36,96.36,96.36,4
1772654220,96.36,96.36,96.36,96.36,4
1772654280,96.36,96.36,96.36,96.36,4
1772654340,96.36,96.3625,96.36,96.36,7
1772655300,96.36,96.36,96.36,96.36,50
1772656860,96.3625,96.3625,96.3625,96.3625,12
1772657880,96.3625,96.3625,96.3625,96.3625,67
1772661240,96.3625,96.3625,96.3625,96.3625,2
1772665440,96.3625,96.3625,96.3625,96.3625,21
1772667960,96.3625,96.3625,96.3625,96.3625,9
1772685180,96.3625,96.3625,96.3625,96.3625,2
1772686800,96.3625,96.3625,96.3625,96.3625,310
1772699100,96.3625,96.3625,96.3625,96.3625,95
1772700360,96.3625,96.3625,96.3625,96.3625,11
1772702220,96.3625,96.3625,96.3625,96.3625,7
1772704680,96.3625,96.3625,96.3625,96.3625,1
1772709480,96.36,96.36,96.36,96.36,1
1772711520,96.3625,96.3625,96.3625,96.3625,140
1772713440,96.36,96.36,96.36,96.36,1000
1772714100,96.36,96.36,96.36,96.36,1
1772714520,96.36,96.36,96.36,96.36,9
1772715360,96.36,96.36,96.36,96.36,500
1772715660,96.3625,96.3625,96.3625,96.3625,25
1772717040,96.36,96.36,96.36,96.36,10
1772717100,96.3625,96.3625,96.3625,96.3625,8
1772717280,96.3625,96.3625,96.3625,96.3625,96
1772717460,96.36,96.3625,96.36,96.3625,58
1772718600,96.3625,96.3625,96.3625,96.3625,1373
1772719740,96.36,96.36,96.36,96.36,50
1772720100,96.3625,96.3625,96.3625,96.3625,3
1772720460,96.3625,96.3625,96.3625,96.3625,11
1772720520,96.3625,96.3625,96.3625,96.3625,2
1772720880,96.3625,96.3625,96.3625,96.3625,51
1772721900,96.36,96.36,96.36,96.36,5
1772722560,96.36,96.3625,96.36,96.3625,70
1772722620,96.36,96.36,96.36,96.36,2
1772723040,96.3625,96.3625,96.3625,96.3625,28
1772723580,96.3625,96.3625,96.3625,96.3625,5
1772724660,96.3625,96.3625,96.3625,96.3625,8
1772724720,96.3625,96.3625,96.36,96.36,38
1772724900,96.36,96.36,96.36,96.36,7
1772725440,96.3625,96.3625,96.3625,96.3625,38
1772725980,96.3625,96.3625,96.3625,96.3625,2
1772726100,96.3625,96.3625,96.3625,96.3625,38
1772727840,96.36,96.36,96.36,96.36,144
1772728080,96.36,96.36,96.36,96.36,1
1772728380,96.36,96.36,96.36,96.36,1
1772728560,96.36,96.36,96.36,96.36,1
1772728800,96.36,96.36,96.36,96.36,1
1772728920,96.36,96.36,96.36,96.36,1
1772730300,96.3625,96.3625,96.3625,96.3625,324
1772730360,96.3625,96.3625,96.3625,96.3625,1400
1772731020,96.3625,96.3625,96.3625,96.3625,1
1772731560,96.3625,96.3625,96.3625,96.3625,1
1772731680,96.3625,96.3625,96.3625,96.3625,1
1772732220,96.36,96.36,96.36,96.36,1
1772732280,96.3625,96.3625,96.3625,96.3625,3150
1772732340,96.36,96.36,96.36,96.36,1
1772732460,96.36,96.36,96.36,96.36,1
1772732760,96.3625,96.3625,96.3625,96.3625,1
1772733060,96.3625,96.3625,96.3625,96.3625,1500
1772733120,96.3625,96.3625,96.3625,96.3625,100
1772733600,96.36,96.36,96.36,96.36,1
1772733720,96.36,96.36,96.36,96.36,1
1772733780,96.3625,96.3625,96.3625,96.3625,1
1772734320,96.3625,96.3625,96.3625,96.3625,183
1772734500,96.36,96.36,96.36,96.36,1
1772734680,96.36,96.36,96.36,96.36,1
1772734800,96.36,96.36,96.36,96.36,1
1772734980,96.36,96.36,96.36,96.36,1
1772735340,96.36,96.36,96.36,96.36,1
1772735460,96.36,96.36,96.36,96.36,1
1772737740,96.3625,96.3625,96.3625,96.3625,1
1772738280,96.3625,96.3625,96.3625,96.3625,22
1772738880,96.36,96.36,96.36,96.36,4
1772738940,96.3625,96.3625,96.3625,96.3625,119
1772739120,96.3625,96.3625,96.3625,96.3625,1
1772739180,96.36,96.36,96.36,96.36,1
1772739480,96.36,96.36,96.36,96.36,1
1772739540,96.36,96.36,96.36,96.36,1
1772739600,96.36,96.36,96.36,96.36,1
1772739660,96.36,96.36,96.36,96.36,30
1772739780,96.36,96.36,96.36,96.36,26
1772739840,96.36,96.36,96.36,96.36,15
1772740020,96.36,96.36,96.36,96.36,46
1772740200,96.3625,96.3625,96.36,96.36,29
1772740320,96.36,96.36,96.36,96.36,25
1772740380,96.36,96.36,96.36,96.36,13
1772740440,96.3625,96.3625,96.3625,96.3625,9436
1772740500,96.3625,96.3625,96.3625,96.3625,2064
1772740680,96.3625,96.3625,96.3625,96.3625,688
1772740740,96.3625,96.3625,96.3625,96.3625,1
1772741340,96.365,96.365,96.365,96.365,80
1772742120,96.3625,96.3625,96.3625,96.3625,12
1772742720,96.3625,96.3625,96.3625,96.3625,5719
1772742780,96.3625,96.3625,96.3625,96.3625,4283
1772742900,96.3625,96.3625,96.3625,96.3625,93
1772743200,96.3625,96.3625,96.3625,96.3625,174
1772743500,96.3625,96.3625,96.3625,96.3625,4
1772743800,96.3625,96.3625,96.3625,96.3625,6
1772743860,96.3625,96.3625,96.3625,96.3625,3
1772744160,96.3625,96.3625,96.3625,96.3625,7
1772744220,96.3625,96.3625,96.3625,96.3625,613
1772744340,96.3625,96.3625,96.3625,96.3625,7
1772744400,96.3625,96.3625,96.3625,96.3625,6
1772744760,96.3625,96.3625,96.3625,96.3625,1
1772744940,96.3625,96.3625,96.3625,96.3625,1
1772745060,96.3625,96.3625,96.3625,96.3625,1
1772745180,96.3625,96.3625,96.3625,96.3625,110
1772745300,96.3625,96.3625,96.3625,96.3625,1
1772745420,96.3625,96.3625,96.3625,96.3625,1
1772745720,96.3625,96.3625,96.3625,96.3625,2
1772745780,96.3625,96.3625,96.3625,96.3625,6
1772745960,96.3625,96.3625,96.3625,96.3625,3
1772746500,96.3625,96.3625,96.3625,96.3625,24
1772747040,96.3625,96.3625,96.3625,96.3625,37
1772747100,96.3625,96.3625,96.3625,96.3625,1
1772747460,96.3625,96.3625,96.3625,96.3625,4
1772747520,96.3625,96.3625,96.3625,96.3625,16
1772747580,96.3625,96.3625,96.3625,96.3625,2
1772747640,96.3625,96.3625,96.3625,96.3625,1
1772747700,96.3625,96.3625,96.3625,96.3625,15
1772747760,96.3625,96.3625,96.3625,96.3625,95
1772747940,96.3625,96.3625,96.3625,96.3625,28
1772751600,96.3625,96.3625,96.3625,96.3625,8
1772759580,96.3625,96.3625,96.3625,96.3625,7
1772761440,96.3625,96.3625,96.3625,96.3625,200
1772761680,96.3625,96.3625,96.3625,96.3625,200
1772761800,96.3625,96.3625,96.3625,96.3625,100
1772761920,96.3625,96.3625,96.3625,96.3625,9
1772763960,96.3625,96.3625,96.3625,96.3625,156
1772765580,96.365,96.365,96.365,96.365,36
1772782140,96.3625,96.3625,96.3625,96.3625,1
1772783220,96.3625,96.3625,96.3625,96.3625,1016
1772785080,96.3625,96.3625,96.3625,96.3625,1
1772785440,96.3625,96.3625,96.3625,96.3625,4
1772787540,96.3625,96.3625,96.3625,96.3625,2
1772787660,96.3625,96.3625,96.3625,96.3625,82
1772787720,96.3625,96.3625,96.3625,96.3625,46
1772787840,96.3625,96.3625,96.3625,96.3625,356
1772788440,96.3625,96.3625,96.3625,96.3625,4
1772788740,96.3625,96.3625,96.3625,96.3625,5
1772791320,96.3625,96.3625,96.3625,96.3625,77
1772792400,96.3625,96.3625,96.3625,96.3625,34
1772794080,96.3625,96.3625,96.3625,96.3625,235
1772795280,96.3625,96.365,96.3625,96.3625,2302
1772795940,96.3625,96.3625,96.3625,96.3625,1
1772796240,96.3625,96.3625,96.3625,96.3625,236
1772796360,96.3625,96.3625,96.3625,96.3625,57
1772796480,96.3625,96.3625,96.3625,96.3625,501
1772796780,96.3625,96.3625,96.3625,96.3625,663
1772796840,96.3625,96.3625,96.3625,96.3625,471
1772796900,96.3625,96.3625,96.3625,96.3625,98
1772797080,96.3625,96.3625,96.3625,96.3625,8
1772797200,96.3625,96.3625,96.3625,96.3625,3
1772797260,96.3625,96.3625,96.3625,96.3625,9
1772798040,96.3625,96.3625,96.3625,96.3625,14
1772798100,96.3625,96.3625,96.3625,96.3625,1
1772799180,96.3625,96.3625,96.3625,96.3625,100
1772799300,96.3625,96.3625,96.3625,96.3625,22
1772800620,96.3625,96.3625,96.3625,96.3625,190
1772801160,96.3625,96.3625,96.3625,96.3625,17
1772801460,96.3625,96.3625,96.3625,96.3625,5
1772801760,96.3625,96.3625,96.3625,96.3625,2
1772802660,96.3625,96.3625,96.3625,96.3625,16
1772803380,96.365,96.365,96.365,96.365,122
1772803560,96.365,96.365,96.365,96.365,7
1772803620,96.365,96.365,96.365,96.365,20
1772803800,96.365,96.3675,96.3625,96.3675,3799
1772803860,96.365,96.3675,96.365,96.365,739
1772803920,96.365,96.365,96.365,96.365,135
1772803980,96.365,96.365,96.365,96.365,1371
1772804040,96.365,96.365,96.365,96.365,644
1772804100,96.365,96.365,96.365,96.365,30
1772804160,96.365,96.365,96.365,96.365,2
1772804280,96.365,96.365,96.365,96.365,1
1772804460,96.365,96.365,96.365,96.365,4
1772804880,96.3625,96.3625,96.3625,96.3625,515
1772805060,96.3625,96.3625,96.3625,96.3625,155
1772805180,96.3625,96.3625,96.3625,96.3625,554
1772805360,96.3625,96.3625,96.3625,96.3625,4
1772805660,96.365,96.365,96.365,96.365,20
1772806380,96.3625,96.3625,96.3625,96.3625,19
1772807340,96.365,96.365,96.365,96.365,48
1772808480,96.365,96.365,96.3625,96.365,3048
1772808540,96.365,96.365,96.365,96.365,116
1772808780,96.365,96.365,96.365,96.365,522
1772808840,96.365,96.365,96.365,96.365,1
1772808900,96.365,96.365,96.365,96.365,12
1772808960,96.365,96.365,96.365,96.365,419
1772809020,96.365,96.365,96.365,96.365,45
1772809140,96.365,96.365,96.3625,96.3625,231
1772809260,96.365,96.365,96.3625,96.3625,210
1772809740,96.365,96.365,96.365,96.365,73
1772809860,96.365,96.365,96.3625,96.3625,202
1772810220,96.365,96.365,96.365,96.365,140
1772810280,96.365,96.365,96.365,96.365,85
1772810340,96.365,96.365,96.365,96.365,1
1772810400,96.365,96.365,96.365,96.365,10
1772810460,96.365,96.365,96.365,96.365,5
1772810520,96.365,96.365,96.365,96.365,38
1772812680,96.365,96.365,96.365,96.365,3
1772812860,96.365,96.365,96.365,96.365,10
1772813520,96.365,96.365,96.365,96.365,1
1772815380,96.365,96.365,96.3625,96.365,2289
1772815500,96.3625,96.3625,96.3625,96.3625,4
1772816100,96.365,96.365,96.365,96.365,1
1772817960,96.365,96.365,96.365,96.365,300
1772818140,96.365,96.365,96.365,96.365,8
1772818200,96.365,96.365,96.365,96.365,1
1772818260,96.365,96.365,96.365,96.365,8
1772819040,96.365,96.365,96.365,96.365,283
1772819640,96.365,96.365,96.365,96.365,6
1772819820,96.365,96.365,96.365,96.365,1
1772820480,96.365,96.365,96.365,96.365,7
1772820540,96.365,96.365,96.365,96.365,1
1772820960,96.365,96.365,96.365,96.365,6344
1772821020,96.365,96.365,96.365,96.365,1010
1772822940,96.365,96.365,96.365,96.365,9
1772823060,96.365,96.365,96.365,96.365,25
1772823360,96.365,96.365,96.365,96.365,1
1772826120,96.365,96.365,96.365,96.365,1
1772826300,96.365,96.365,96.365,96.365,8
1772826420,96.365,96.365,96.365,96.365,150
1772827140,96.365,96.365,96.365,96.365,1
1772827320,96.3625,96.3625,96.3625,96.3625,11792
1772827440,96.3625,96.3625,96.3625,96.3625,24
1772829960,96.3625,96.3625,96.3625,96.3625,2
1772831100,96.3625,96.3625,96.3625,96.3625,11
1772832060,96.3625,96.3625,96.3625,96.3625,1
1772832780,96.3625,96.3625,96.3625,96.3625,2
1772832900,96.3625,96.3625,96.3625,96.3625,9
1772833380,96.3625,96.3625,96.3625,96.3625,17
1772833680,96.3625,96.3625,96.3625,96.3625,123
1772833860,96.3625,96.3625,96.3625,96.3625,11
1772833920,96.3625,96.3625,96.3625,96.3625,13169
1772833980,96.3625,96.3625,96.3625,96.3625,8
1772834040,96.3625,96.3625,96.3625,96.3625,23
1772834100,96.3625,96.3625,96.3625,96.3625,1
1772834160,96.3625,96.3625,96.3625,96.3625,136
1772834220,96.3625,96.3625,96.3625,96.3625,10
1772834280,96.36,96.36,96.36,96.36,1
1773007200,96.3625,96.3625,96.3625,96.3625,28
1773007680,96.3625,96.3625,96.3625,96.3625,9
1773008100,96.3625,96.3625,96.3625,96.3625,5
1773008160,96.3625,96.3625,96.3625,96.3625,5
1773008700,96.3625,96.3625,96.3625,96.3625,1228
1773009000,96.3625,96.3625,96.3625,96.3625,50
1773009660,96.3625,96.3625,96.3625,96.3625,22
1773010140,96.3625,96.3625,96.3625,96.3625,2
1773010200,96.3625,96.3625,96.3625,96.3625,5
1773010500,96.3625,96.3625,96.3625,96.3625,16
1773010800,96.3625,96.3625,96.3625,96.3625,1
1773010980,96.3625,96.3625,96.3625,96.3625,1
1773011040,96.3625,96.3625,96.3625,96.3625,9
1773011280,96.3625,96.3625,96.3625,96.3625,1
1773011400,96.3625,96.3625,96.3625,96.3625,2
1773011700,96.3625,96.3625,96.3625,96.3625,1
1773011760,96.3625,96.3625,96.3625,96.3625,1
1773012660,96.3625,96.3625,96.36,96.36,199
1773013320,96.3625,96.3625,96.3625,96.3625,7
1773014040,96.3625,96.3625,96.3625,96.3625,702
1773014520,96.3625,96.3625,96.3625,96.3625,9
1773015000,96.3625,96.3625,96.3625,96.3625,28
1773016860,96.3625,96.3625,96.3625,96.3625,229
1773016980,96.36,96.36,96.36,96.36,4
1773020460,96.3625,96.3625,96.3625,96.3625,2
1773020880,96.36,96.36,96.36,96.36,3
1773021600,96.3625,96.3625,96.3625,96.3625,1
1773022380,96.36,96.36,96.36,96.36,4
1773023520,96.3625,96.3625,96.36,96.36,793
1773023580,96.3625,96.3625,96.3625,96.3625,4645
1773023700,96.3625,96.3625,96.3625,96.3625,1
1773027240,96.3625,96.3625,96.36,96.36,344
1773029880,96.3625,96.3625,96.3625,96.3625,311
1773031140,96.3625,96.3625,96.3625,96.3625,2
1773034920,96.3625,96.3625,96.3625,96.3625,3
1773039360,96.3625,96.3625,96.3625,96.3625,1
1773039540,96.3625,96.3625,96.3625,96.3625,1
1773039720,96.3625,96.3625,96.3625,96.3625,1
1773042420,96.3625,96.3625,96.3625,96.3625,25
1773042780,96.3625,96.3625,96.3625,96.3625,1683
1773042840,96.3625,96.3625,96.3625,96.3625,103
1773042900,96.3625,96.3625,96.3625,96.3625,247
1773045660,96.3625,96.3625,96.3625,96.3625,98
1773045900,96.36,96.36,96.36,96.36,300
1773046140,96.3625,96.3625,96.3625,96.3625,4
1773046260,96.3625,96.3625,96.3625,96.3625,52
1773046680,96.3625,96.3625,96.3625,96.3625,19
1773047040,96.3625,96.3625,96.36,96.36,312
1773047700,96.3625,96.3625,96.3625,96.3625,6
1773047760,96.3625,96.3625,96.3625,96.3625,1
1773047820,96.36,96.3625,96.36,96.3625,77
1773047880,96.3625,96.3625,96.3625,96.3625,2
1773047940,96.3625,96.3625,96.3625,96.3625,1
1773048060,96.3625,96.3625,96.3625,96.3625,1
1773048180,96.3625,96.3625,96.3625,96.3625,1
1773048480,96.3625,96.3625,96.3625,96.3625,1
1773048600,96.3625,96.3625,96.3625,96.3625,56
1773049800,96.3625,96.3625,96.3625,96.3625,3
1773053280,96.3625,96.3625,96.3625,96.3625,10
1773053940,96.3625,96.3625,96.3625,96.3625,484
1773054000,96.3625,96.3625,96.3625,96.3625,538
1773054240,96.3625,96.3625,96.3625,96.3625,10
1773054600,96.3625,96.3625,96.3625,96.3625,119
1773055020,96.3625,96.3625,96.3625,96.3625,3
1773060180,96.3625,96.3625,96.3625,96.3625,30
1773060780,96.3625,96.3625,96.3625,96.3625,4
1773061140,96.3625,96.3625,96.3625,96.3625,5
1773064380,96.3625,96.3625,96.3625,96.3625,615
1773064440,96.3625,96.3625,96.3625,96.3625,200
1773064560,96.3625,96.3625,96.3625,96.3625,58
1773065100,96.3625,96.3625,96.3625,96.3625,30
1773066000,96.3625,96.3625,96.3625,96.3625,2
1773068340,96.3625,96.3625,96.3625,96.3625,37
1773068460,96.3625,96.3625,96.3625,96.3625,54
1773068880,96.3625,96.3625,96.3625,96.3625,65
1773069480,96.3625,96.3625,96.3625,96.3625,1
1773070920,96.36,96.36,96.36,96.36,2
1773074880,96.36,96.36,96.36,96.36,12
1773074940,96.36,96.36,96.36,96.36,18
1773075000,96.36,96.36,96.36,96.36,5
1773075720,96.3625,96.3625,96.3625,96.3625,4
1773075780,96.3625,96.3625,96.3625,96.3625,1
1773076200,96.36,96.36,96.36,96.36,63
1773076440,96.3625,96.3625,96.3625,96.3625,2
1773076740,96.3625,96.3625,96.3625,96.3625,4
1773076800,96.3625,96.3625,96.3625,96.3625,1
1773077280,96.3625,96.3625,96.3625,96.3625,300
1773077640,96.3625,96.3625,96.3625,96.3625,126
1773077700,96.3625,96.3625,96.3625,96.3625,2
1773078240,96.3625,96.3625,96.3625,96.3625,1
1773079080,96.3625,96.3625,96.3625,96.3625,1
1773081240,96.36,96.36,96.36,96.36,49
1773082320,96.3625,96.3625,96.3625,96.3625,7
1773082980,96.3625,96.3625,96.3625,96.3625,118
1773083940,96.3625,96.3625,96.3625,96.3625,21
1773084420,96.3625,96.3625,96.3625,96.3625,7
1773084600,96.36,96.36,96.36,96.36,4
1773084780,96.3625,96.3625,96.3625,96.3625,1
1773085200,96.3625,96.3625,96.3625,96.3625,55
1773085740,96.3625,96.3625,96.3625,96.3625,1
1773086760,96.36,96.36,96.36,96.36,1
1773086880,96.36,96.36,96.36,96.36,3
1773088980,96.36,96.36,96.36,96.36,1
1773089100,96.36,96.36,96.36,96.36,46
1773089280,96.36,96.36,96.36,96.36,2
1773089640,96.36,96.36,96.36,96.36,1
1773089760,96.36,96.36,96.36,96.36,158
1773089880,96.36,96.36,96.36,96.36,5
1773089940,96.36,96.36,96.36,96.36,987
1773108240,96.36,96.36,96.36,96.36,2
1773111240,96.36,96.36,96.36,96.36,1
1773130740,96.36,96.3625,96.36,96.3625,3200
1773135900,96.36,96.36,96.36,96.36,38
1773142800,96.3625,96.3625,96.3625,96.3625,1
1773144240,96.3625,96.3625,96.3625,96.3625,3
1773148620,96.3625,96.3625,96.3625,96.3625,1
1773149340,96.3625,96.3625,96.3625,96.3625,10
1773149580,96.3625,96.3625,96.3625,96.3625,1
1773151140,96.3625,96.3625,96.3625,96.3625,3
1773155160,96.36,96.36,96.36,96.36,100
1773156000,96.36,96.36,96.36,96.36,10
1773159000,96.36,96.36,96.36,96.36,20
1773162480,96.3625,96.3625,96.3625,96.3625,1
1773167340,96.36,96.36,96.36,96.36,104
1773167520,96.3625,96.3625,96.3625,96.3625,1
1773167880,96.3625,96.3625,96.3625,96.3625,100
1773167940,96.3625,96.3625,96.3625,96.3625,1
1773168240,96.3625,96.3625,96.3625,96.3625,1
1773168420,96.36,96.3625,96.36,96.3625,41
1773168660,96.3625,96.3625,96.3625,96.3625,1
1773168840,96.3625,96.3625,96.3625,96.3625,1
1773168900,96.36,96.36,96.36,96.36,56
1773169140,96.3625,96.3625,96.3625,96.3625,1
1773169560,96.3625,96.3625,96.3625,96.3625,1
1773172800,96.36,96.3625,96.36,96.3625,6
1773173160,96.36,96.36,96.36,96.36,32
1773173460,96.3625,96.3625,96.3625,96.3625,3
1773174000,96.36,96.36,96.36,96.36,1
1773174180,96.3625,96.3625,96.3625,96.3625,100
1773175740,96.3625,96.3625,96.3625,96.3625,51
1773176160,96.3625,96.3625,96.3625,96.3625,4
1773176280,96.36,96.36,96.36,96.36,5
1773224280,96.36,96.36,96.36,96.36,200
1773226980,96.36,96.36,96.36,96.36,16
1773229560,96.36,96.36,96.36,96.36,5
1773231840,96.36,96.36,96.36,96.36,55
1773237240,96.3625,96.3625,96.3625,96.3625,6
1773238140,96.3625,96.3625,96.3625,96.3625,6
1773238860,96.3625,96.3625,96.3625,96.3625,6
1773241320,96.3625,96.3625,96.3625,96.3625,102
1773241500,96.3625,96.3625,96.3625,96.3625,1
1773241620,96.3625,96.3625,96.3625,96.3625,1
1773242160,96.36,96.36,96.36,96.36,1
1773243120,96.3625,96.3625,96.3625,96.3625,30
1773244620,96.36,96.36,96.36,96.36,668
1773244680,96.3625,96.3625,96.3625,96.3625,3
1773246420,96.36,96.36,96.36,96.36,1
1773247380,96.36,96.36,96.36,96.36,57
1773248040,96.36,96.36,96.36,96.36,1
1773250980,96.3625,96.3625,96.3625,96.3625,30
1773251460,96.36,96.36,96.36,96.36,1
1773252660,96.3625,96.3625,96.3625,96.3625,1
1773255000,96.36,96.36,96.36,96.36,1
1773255300,96.3625,96.3625,96.3625,96.3625,30
1773255360,96.36,96.36,96.36,96.36,1
1773255480,96.3625,96.3625,96.36,96.36,48
1773256620,96.3625,96.3625,96.3625,96.3625,2
1773257700,96.3625,96.3625,96.3625,96.3625,20
1773258240,96.3625,96.3625,96.3625,96.3625,12
1773259680,96.3625,96.3625,96.3625,96.3625,50
1773261420,96.36,96.36,96.36,96.36,11521
1773262200,96.36,96.36,96.36,96.36,1
1773262620,96.36,96.36,96.36,96.36,25
1773266940,96.36,96.36,96.36,96.36,100
1773268440,96.36,96.36,96.36,96.36,4
1773268560,96.36,96.36,96.36,96.36,1
1773270240,96.36,96.36,96.36,96.36,9
1773278280,96.3625,96.3625,96.3625,96.3625,15
1773286680,96.3625,96.3625,96.3625,96.3625,169
1773301380,96.36,96.36,96.36,96.36,1
1773310440,96.36,96.36,96.36,96.36,1
1773310920,96.36,96.36,96.36,96.36,21
1773312720,96.36,96.36,96.36,96.36,8
1773313020,96.36,96.36,96.36,96.36,8
1773315480,96.36,96.36,96.36,96.36,2
1773315720,96.36,96.36,96.36,96.36,10
1773317160,96.36,96.36,96.36,96.36,1
1773317220,96.36,96.36,96.36,96.36,1
1773317280,96.36,96.36,96.36,96.36,2
1773318060,96.36,96.36,96.36,96.36,2
1773318180,96.36,96.36,96.36,96.36,1
1773318480,96.36,96.36,96.36,96.36,16
1773318960,96.36,96.36,96.36,96.36,3
1773319200,96.36,96.36,96.36,96.36,3
1773319740,96.36,96.36,96.36,96.36,1
1773320220,96.36,96.36,96.36,96.36,1
1773320400,96.36,96.36,96.36,96.36,1
1773320580,96.36,96.36,96.36,96.36,9
1773320880,96.36,96.36,96.36,96.36,2
1773320940,96.36,96.3625,96.36,96.3625,73
1773321420,96.3625,96.3625,96.3625,96.3625,1
1773321540,96.36,96.36,96.36,96.36,11
1773324480,96.36,96.36,96.36,96.36,20
1773327720,96.36,96.36,96.36,96.36,6
1773328200,96.36,96.36,96.36,96.36,2
1773328560,96.36,96.36,96.36,96.36,2
1773329520,96.36,96.36,96.36,96.36,57
1773329700,96.3625,96.3625,96.3625,96.3625,1
1773329820,96.3625,96.3625,96.3625,96.3625,12
1773329940,96.3625,96.3625,96.3625,96.3625,1
1773331200,96.3625,96.3625,96.3625,96.3625,5
1773334140,96.36,96.36,96.36,96.36,2
1773334560,96.3625,96.3625,96.3625,96.3625,35
1773335820,96.36,96.3625,96.36,96.3625,22
1773335880,96.36,96.36,96.36,96.36,2
1773337980,96.36,96.36,96.36,96.36,1
1773338880,96.36,96.3625,96.36,96.3625,21
1773341640,96.3625,96.3625,96.3625,96.3625,40
1773341700,96.3625,96.3625,96.3625,96.3625,3
1773341760,96.3625,96.3625,96.3625,96.3625,3
1773341820,96.3625,96.3625,96.3625,96.3625,2
1773341940,96.3625,96.3625,96.3625,96.3625,9
1773342660,96.3625,96.3625,96.3625,96.3625,1
1773342960,96.3625,96.3625,96.3625,96.3625,1
1773345060,96.36,96.36,96.36,96.36,10
1773345120,96.36,96.36,96.36,96.36,2
1773345300,96.36,96.36,96.36,96.36,2
1773345360,96.3625,96.3625,96.3625,96.3625,1
1773345420,96.36,96.36,96.36,96.36,1
1773346200,96.36,96.36,96.36,96.36,4
1773346860,96.3625,96.3625,96.3625,96.3625,1
1773347160,96.36,96.36,96.36,96.36,27
1773348900,96.36,96.3625,96.36,96.3625,8
1773348960,96.36,96.36,96.36,96.36,13
1773349140,96.3625,96.3625,96.36,96.36,340
1773356640,96.36,96.36,96.36,96.36,39
1773392640,96.3625,96.3625,96.3625,96.3625,3
1773394020,96.3625,96.3625,96.3625,96.3625,5
1773394380,96.3625,96.3625,96.3625,96.3625,1
1773399000,96.3625,96.3625,96.3625,96.3625,1
1773399060,96.3625,96.3625,96.3625,96.3625,1
1773403200,96.36,96.36,96.36,96.36,11
1773403440,96.36,96.36,96.36,96.36,2
1773403920,96.3625,96.3625,96.3625,96.3625,1
1773403980,96.36,96.36,96.36,96.36,18
1773404760,96.36,96.36,96.36,96.36,11
1773405000,96.3625,96.3625,96.3625,96.3625,1
1773405360,96.36,96.36,96.36,96.36,7
1773405660,96.36,96.36,96.36,96.36,1
1773408480,96.36,96.36,96.36,96.36,47
1773409080,96.3625,96.3625,96.3625,96.3625,1
1773409980,96.3625,96.3625,96.3625,96.3625,1
1773412140,96.36,96.36,96.36,96.36,4
1773413100,96.36,96.36,96.36,96.36,2
1773415440,96.3625,96.3625,96.3625,96.3625,10
1773415620,96.36,96.36,96.36,96.36,27
1773416220,96.36,96.36,96.36,96.36,31
1773416700,96.36,96.36,96.36,96.36,4
1773416880,96.3625,96.3625,96.3625,96.3625,3
1773420180,96.36,96.36,96.36,96.36,4
1773420360,96.36,96.36,96.36,96.36,5
1773422220,96.36,96.36,96.36,96.36,1
1773423240,96.3625,96.3625,96.3625,96.3625,7
1773425880,96.36,96.36,96.36,96.36,3
1773426180,96.36,96.36,96.36,96.36,445
1773426360,96.36,96.36,96.36,96.36,496
1773427200,96.3625,96.3625,96.3625,96.3625,1
1773427380,96.3625,96.3625,96.3625,96.3625,10
1773427980,96.3625,96.3625,96.3625,96.3625,70
1773428220,96.36,96.36,96.36,96.36,7
1773428340,96.3625,96.3625,96.3625,96.3625,100
1773430260,96.36,96.36,96.36,96.36,45
1773431460,96.3625,96.3625,96.3625,96.3625,80
1773431940,96.3625,96.3625,96.3625,96.3625,6
1773432120,96.36,96.36,96.36,96.36,7
1773433680,96.36,96.36,96.36,96.36,1
1773434100,96.3625,96.3625,96.3625,96.3625,41
1773434400,96.3625,96.3625,96.36,96.36,26
1773434580,96.36,96.36,96.36,96.36,997
1773435540,96.36,96.36,96.36,96.36,1
1773613020,96.36,96.36,96.36,96.36,250
1773613320,96.36,96.36,96.36,96.36,250
1773615840,96.3625,96.3625,96.3625,96.3625,48
1773622560,96.36,96.36,96.36,96.36,6
1773622620,96.36,96.36,96.36,96.36,29
1773622740,96.36,96.36,96.36,96.36,5
1773622800,96.36,96.36,96.36,96.36,24
1773622980,96.36,96.36,96.36,96.36,52
1773623040,96.36,96.36,96.36,96.36,13
1773645660,96.36,96.36,96.36,96.36,68
1773653760,96.3625,96.3625,96.3625,96.3625,9
1773654360,96.3625,96.3625,96.3625,96.3625,6
1773657540,96.36,96.3625,96.36,96.3625,1516
1773657600,96.36,96.36,96.36,96.36,162
1773660720,96.36,96.36,96.36,96.36,1
1773661860,96.36,96.36,96.36,96.36,6
1773662040,96.36,96.36,96.36,96.36,9
1773663720,96.3625,96.3625,96.3625,96.3625,148
1773665520,96.3625,96.3625,96.3625,96.3625,1
1773665760,96.36,96.36,96.36,96.36,5
1773666840,96.36,96.36,96.36,96.36,303
1773666900,96.36,96.36,96.36,96.36,60
1773666960,96.36,96.36,96.36,96.36,50
1773667080,96.36,96.36,96.36,96.36,110
1773668760,96.3625,96.3625,96.3625,96.3625,17
1773670140,96.3625,96.3625,96.3625,96.3625,10
1773670800,96.3625,96.3625,96.3625,96.3625,100
1773671580,96.36,96.36,96.36,96.36,8
1773672000,96.36,96.36,96.36,96.36,1
1773672240,96.3625,96.3625,96.3625,96.3625,1
1773672780,96.36,96.36,96.36,96.36,112
1773673260,96.3625,96.3625,96.3625,96.3625,200
1773675120,96.3625,96.3625,96.3625,96.3625,3
1773675180,96.36,96.36,96.36,96.36,10
1773675540,96.36,96.36,96.36,96.36,28
1773676020,96.36,96.36,96.36,96.36,19
1773676920,96.3625,96.3625,96.3625,96.3625,1
1773678240,96.3625,96.3625,96.3625,96.3625,2
1773679140,96.36,96.36,96.36,96.36,35
1773679680,96.3625,96.3625,96.3625,96.3625,1
1773679740,96.36,96.36,96.36,96.36,2
1773680100,96.36,96.36,96.36,96.36,23
1773681120,96.3625,96.3625,96.3625,96.3625,1
1773681840,96.36,96.36,96.36,96.36,250
1773682020,96.36,96.36,96.36,96.36,1
1773682380,96.36,96.3625,96.36,96.3625,251
1773682920,96.3625,96.3625,96.3625,96.3625,1
1773683040,96.36,96.36,96.36,96.36,250
1773683160,96.36,96.36,96.36,96.36,5
1773684600,96.3625,96.3625,96.3625,96.3625,1
1773685260,96.36,96.36,96.36,96.36,1000
1773685560,96.36,96.36,96.36,96.36,5
1773686400,96.36,96.36,96.36,96.36,2
1773686520,96.36,96.36,96.36,96.36,5
1773686880,96.36,96.36,96.36,96.36,300
1773687120,96.36,96.36,96.36,96.36,1
1773687540,96.3625,96.3625,96.3625,96.3625,1
1773688080,96.36,96.36,96.36,96.36,50
1773689700,96.36,96.3625,96.36,96.3625,63
1773689760,96.36,96.36,96.36,96.36,153
1773692400,96.3625,96.3625,96.3625,96.3625,47
1773747540,96.36,96.36,96.36,96.36,3
1773750840,96.36,96.3625,96.36,96.3625,155
1773753000,96.36,96.36,96.36,96.36,27
1773753960,96.3625,96.3625,96.3625,96.3625,100
1773757200,96.36,96.36,96.36,96.36,15
1773759480,96.36,96.36,96.36,96.36,3
1773760140,96.36,96.36,96.36,96.36,1000
1773760860,96.36,96.36,96.36,96.36,1000
1773761340,96.36,96.36,96.36,96.36,2
1773761760,96.36,96.36,96.36,96.36,3
1773761880,96.3625,96.3625,96.3625,96.3625,47
1773762000,96.36,96.36,96.36,96.36,22
1773762420,96.36,96.36,96.36,96.36,3
1773765060,96.3625,96.3625,96.3625,96.3625,300
1773765120,96.36,96.36,96.36,96.36,1
1773765240,96.36,96.36,96.36,96.36,11
1773765360,96.36,96.36,96.36,96.36,6
1773765420,96.36,96.36,96.36,96.36,1
1773765480,96.36,96.36,96.36,96.36,3
1773765960,96.36,96.36,96.36,96.36,151
1773766020,96.36,96.36,96.36,96.36,1
1773766140,96.36,96.36,96.36,96.36,1
1773766380,96.36,96.36,96.36,96.36,100
1773766680,96.36,96.36,96.36,96.36,2
1773766800,96.36,96.36,96.36,96.36,2
1773766860,96.36,96.36,96.36,96.36,4
1773767340,96.36,96.36,96.36,96.36,100
1773767880,96.36,96.36,96.36,96.36,2
1773767940,96.36,96.36,96.36,96.36,24
1773768120,96.36,96.36,96.36,96.36,3
1773768180,96.36,96.36,96.36,96.36,2
1773768240,96.36,96.36,96.36,96.36,195
1773768360,96.36,96.36,96.36,96.36,187
1773768600,96.36,96.36,96.36,96.36,2
1773769140,96.36,96.36,96.36,96.36,60
1773769200,96.36,96.36,96.36,96.36,403
1773769440,96.36,96.36,96.36,96.36,30
1773769680,96.36,96.36,96.36,96.36,5
1773770280,96.36,96.36,96.3575,96.3575,43497
1773770460,96.36,96.36,96.36,96.36,1
1773770520,96.36,96.36,96.36,96.36,2374
1773770580,96.36,96.36,96.36,96.36,916
1773770640,96.36,96.36,96.36,96.36,9
1773771000,96.36,96.36,96.36,96.36,189
1773771600,96.36,96.36,96.36,96.36,1
1773772140,96.3575,96.3575,96.3575,96.3575,100
1773772500,96.36,96.36,96.36,96.36,1
1773773400,96.36,96.36,96.36,96.36,100
1773773520,96.36,96.36,96.36,96.36,1
1773774060,96.36,96.36,96.36,96.36,1
1773774480,96.36,96.36,96.36,96.36,17
1773775440,96.3575,96.36,96.3575,96.36,157
1773775680,96.3575,96.36,96.3575,96.36,107
1773777000,96.36,96.36,96.36,96.36,3
1773777060,96.36,96.36,96.36,96.36,1
1773777180,96.36,96.36,96.36,96.36,8
1773777240,96.36,96.36,96.36,96.36,1
1773777300,96.36,96.36,96.36,96.36,5
1773777660,96.36,96.36,96.36,96.36,4
1773778860,96.3575,96.3575,96.3575,96.3575,100
1773780120,96.3575,96.3575,96.3575,96.3575,63
1773780180,96.36,96.36,96.36,96.36,10
1773780360,96.36,96.36,96.36,96.36,9
1773786060,96.3575,96.3575,96.3575,96.3575,2
1773801900,96.3575,96.3575,96.3575,96.3575,10
1773816960,96.3575,96.3575,96.3575,96.3575,210
1773817020,96.3575,96.3575,96.3575,96.3575,200
1773817080,96.3575,96.3575,96.3575,96.3575,240
1773817140,96.3575,96.3575,96.3575,96.3575,60
1773821400,96.3575,96.3575,96.3575,96.3575,1000
1773821700,96.36,96.36,96.36,96.36,250
1773822720,96.3575,96.3575,96.3575,96.3575,3
1773825300,96.3575,96.3575,96.3575,96.3575,59
1773826680,96.3575,96.3575,96.3575,96.3575,50
1773830460,96.3575,96.3575,96.3575,96.3575,221
1773833580,96.36,96.36,96.36,96.36,7
1773834480,96.3575,96.3575,96.3575,96.3575,4
1773835920,96.3575,96.3575,96.3575,96.3575,50
1773836160,96.3575,96.3575,96.3575,96.3575,1
1773838380,96.36,96.36,96.36,96.36,10
1773844380,96.36,96.36,96.36,96.36,6
1773846660,96.36,96.36,96.36,96.36,5
1773852060,96.36,96.36,96.36,96.36,2
1773852720,96.36,96.36,96.36,96.36,1
1773853860,96.36,96.36,96.36,96.36,2
1773854340,96.3575,96.3575,96.3575,96.3575,106
1773855600,96.3575,96.3575,96.3575,96.3575,1
1773855780,96.3575,96.3575,96.3575,96.3575,48
1773856020,96.36,96.36,96.36,96.36,25
1773856080,96.3575,96.36,96.3575,96.36,700
1773856560,96.3575,96.3575,96.3575,96.3575,25
1773856740,96.3575,96.3575,96.3575,96.3575,150
1773856920,96.3575,96.3575,96.3575,96.3575,1
1773857700,96.3575,96.3575,96.3575,96.3575,1
1773858840,96.3575,96.3575,96.3575,96.3575,1
1773859740,96.3575,96.3575,96.3575,96.3575,1
1773860100,96.36,96.36,96.36,96.36,1
1773860340,96.3575,96.3575,96.3575,96.3575,1
1773860460,96.36,96.36,96.36,96.36,4
1773861240,96.36,96.36,96.36,96.36,9
1773862500,96.36,96.36,96.36,96.36,500
1773863220,96.36,96.36,96.36,96.36,150
1773863760,96.3575,96.3575,96.3575,96.3575,500
1773865440,96.3575,96.3575,96.3575,96.3575,30
1773867360,96.3575,96.3575,96.3575,96.3575,1
1773871680,96.3575,96.3575,96.3575,96.3575,62
1773890580,96.3575,96.3575,96.3575,96.3575,8
1773906840,96.3575,96.3575,96.3575,96.3575,45
1773914580,96.3575,96.3575,96.3575,96.3575,102
1773914640,96.3575,96.3575,96.3575,96.3575,100
1773922740,96.3575,96.3575,96.3575,96.3575,1000
1773923040,96.3575,96.3575,96.3575,96.3575,501
1773923400,96.3575,96.3575,96.3575,96.3575,2497
1773923820,96.36,96.36,96.36,96.36,450
1773924180,96.36,96.36,96.36,96.36,1
1773924360,96.3575,96.3575,96.3575,96.3575,44
1773924540,96.3575,96.3575,96.3575,96.3575,2124
1773924960,96.36,96.36,96.36,96.36,15
1773925800,96.36,96.36,96.36,96.36,34
1773925920,96.36,96.36,96.36,96.36,6
1773926280,96.36,96.36,96.36,96.36,1
1773926820,96.36,96.36,96.36,96.36,6
1773928500,96.36,96.36,96.36,96.36,30
1773928680,96.3575,96.3575,96.3575,96.3575,1
1773929880,96.36,96.36,96.36,96.36,165
1773930420,96.3575,96.3575,96.3575,96.3575,4
1773930780,96.36,96.36,96.36,96.36,47
1773931140,96.36,96.36,96.36,96.36,3
1773931440,96.3575,96.3575,96.3575,96.3575,1
1773934320,96.3575,96.3575,96.3575,96.3575,5
1773940920,96.3575,96.3575,96.3575,96.3575,2
1773942000,96.36,96.36,96.36,96.36,150
1773942060,96.3575,96.36,96.3575,96.36,68
1773942120,96.3575,96.3575,96.3575,96.3575,1
1773942660,96.3575,96.3575,96.3575,96.3575,1
1773942960,96.3575,96.3575,96.3575,96.3575,1
1773943080,96.3575,96.3575,96.3575,96.3575,1
1773943260,96.3575,96.3575,96.3575,96.3575,1
1773943320,96.3575,96.3575,96.3575,96.3575,2
1773943440,96.3575,96.3575,96.3575,96.3575,1
1773946740,96.3575,96.3575,96.3575,96.3575,5
1773948420,96.36,96.36,96.36,96.36,8
1773949620,96.3575,96.3575,96.3575,96.3575,1
1773950100,96.36,96.36,96.36,96.36,1
1773950340,96.3575,96.3575,96.3575,96.3575,102
1773950700,96.3575,96.3575,96.3575,96.3575,1
1773950760,96.3575,96.3575,96.3575,96.3575,200
1773950820,96.3575,96.3575,96.3575,96.3575,148
1773951300,96.3575,96.3575,96.3575,96.3575,1
1773951780,96.3575,96.3575,96.3575,96.3575,1
1773952200,96.3575,96.3575,96.3575,96.3575,1
1773952560,96.3575,96.3575,96.3575,96.3575,1
1773952860,96.3575,96.3575,96.3575,96.3575,1
1773953160,96.3575,96.3575,96.3575,96.3575,1
1773953340,96.3575,96.3575,96.3575,96.3575,1
1773953580,96.3575,96.3575,96.3575,96.3575,1
1773953760,96.3575,96.3575,96.3575,96.3575,1
1773953940,96.3575,96.3575,96.3575,96.3575,1
1773961440,96.3575,96.3575,96.3575,96.3575,10
1773972300,96.3575,96.3575,96.3575,96.3575,9
1773994860,96.3575,96.3575,96.3575,96.3575,2
1773996360,96.3575,96.3575,96.3575,96.3575,1
1773998700,96.3575,96.3575,96.3575,96.3575,4
1773998760,96.36,96.36,96.36,96.36,200
1774000200,96.36,96.36,96.36,96.36,51
1774002300,96.3575,96.3575,96.3575,96.3575,2000
1774005120,96.3575,96.3575,96.3575,96.3575,9
1774007880,96.36,96.36,96.36,96.36,9
1774009080,96.3575,96.3575,96.3575,96.3575,5
1774009500,96.36,96.36,96.36,96.36,10
1774010220,96.3575,96.3575,96.3575,96.3575,392
1774010340,96.36,96.36,96.36,96.36,428
1774012080,96.3575,96.3575,96.3575,96.3575,4
1774012500,96.36,96.36,96.36,96.36,68
1774019820,96.36,96.36,96.36,96.36,2124
1774020060,96.3575,96.3575,96.3575,96.3575,300
1774020180,96.36,96.36,96.36,96.36,1
1774020420,96.36,96.36,96.36,96.36,1
1774020540,96.36,96.36,96.36,96.36,200
1774021320,96.36,96.36,96.36,96.36,9
1774021920,96.36,96.36,96.36,96.36,4
1774024380,96.3575,96.3575,96.3575,96.3575,4
1774028280,96.3575,96.3575,96.3575,96.3575,1
1774029360,96.36,96.36,96.36,96.36,1
1774032120,96.36,96.36,96.36,96.36,10
1774032240,96.3575,96.3575,96.3575,96.3575,250
1774032300,96.3575,96.3575,96.3575,96.3575,1
1774032840,96.36,96.36,96.36,96.36,1
1774036560,96.3575,96.3575,96.3575,96.3575,37
1774036680,96.36,96.36,96.36,96.36,11
1774037400,96.3575,96.3575,96.3575,96.3575,11
1774040100,96.3575,96.3575,96.3575,96.3575,3370
1774040280,96.36,96.36,96.36,96.36,2
1774220640,96.36,96.36,96.36,96.36,10
1774229100,96.3575,96.3575,96.3575,96.3575,6
1774243140,96.36,96.36,96.36,96.36,400
1774243260,96.36,96.36,96.36,96.36,200
1774243380,96.36,96.36,96.36,96.36,200
1774243440,96.36,96.36,96.36,96.36,300
1774252560,96.36,96.36,96.36,96.36,1
1774253880,96.36,96.36,96.36,96.36,8
1774255380,96.36,96.36,96.36,96.36,3
1774257780,96.36,96.36,96.36,96.36,7
1774263960,96.36,96.36,96.36,96.36,246
1774264320,96.36,96.36,96.36,96.36,9
1774265460,96.36,96.36,96.36,96.36,2
1774265700,96.36,96.36,96.36,96.36,9
1774266840,96.36,96.36,96.36,96.36,59
1774266900,96.36,96.36,96.36,96.36,15
1774267020,96.36,96.36,96.36,96.36,12
1774267080,96.36,96.36,96.36,96.36,2
1774269300,96.36,96.36,96.36,96.36,4
1774269420,96.36,96.36,96.36,96.36,1
1774270260,96.36,96.36,96.36,96.36,3
1774270500,96.36,96.36,96.36,96.36,3
1774271640,96.36,96.36,96.36,96.36,6
1774272000,96.36,96.36,96.36,96.36,22
1774272060,96.36,96.36,96.36,96.36,11
1774273080,96.36,96.36,96.36,96.36,6
1774274100,96.3575,96.3575,96.3575,96.3575,100
1774275540,96.36,96.36,96.36,96.36,8
1774275900,96.36,96.36,96.36,96.36,6
1774277580,96.36,96.36,96.3575,96.3575,101
1774278960,96.36,96.36,96.36,96.36,10
1774279500,96.36,96.36,96.36,96.36,10
1774281720,96.36,96.36,96.36,96.36,14
1774282320,96.36,96.36,96.36,96.36,3
1774282380,96.36,96.36,96.36,96.36,1
1774282680,96.36,96.36,96.36,96.36,1
1774283100,96.36,96.36,96.36,96.36,2
1774283340,96.36,96.36,96.36,96.36,1
1774283520,96.36,96.36,96.36,96.36,1
1774284300,96.36,96.36,96.36,96.36,1
1774284540,96.36,96.36,96.36,96.36,1
1774284780,96.36,96.36,96.36,96.36,1
1774289040,96.36,96.36,96.36,96.36,6
1774290780,96.36,96.36,96.36,96.36,5
1774291500,96.36,96.36,96.36,96.36,1
1774291560,96.36,96.36,96.36,96.36,4
1774291620,96.36,96.36,96.36,96.36,4
1774291680,96.36,96.36,96.36,96.36,4
1774291740,96.36,96.36,96.36,96.36,4
1774291800,96.36,96.36,96.36,96.36,4
1774291860,96.36,96.36,96.36,96.36,4
1774291920,96.36,96.36,96.36,96.36,4
1774291980,96.36,96.36,96.36,96.36,4
1774292040,96.36,96.36,96.36,96.36,3
1774292100,96.36,96.36,96.36,96.36,4
1774292160,96.36,96.36,96.36,96.36,4
1774292220,96.36,96.36,96.36,96.36,3
1774292280,96.36,96.36,96.36,96.36,4
1774292340,96.36,96.36,96.36,96.36,2
1774292940,96.36,96.36,96.36,96.36,6
1774295940,96.36,96.36,96.36,96.36,2
1774296240,96.3575,96.3575,96.3575,96.3575,64
1774296360,96.36,96.36,96.36,96.36,13
1774299000,96.36,96.36,96.36,96.36,271
1774299240,96.36,96.36,96.36,96.36,36
1774299360,96.3575,96.3575,96.3575,96.3575,62
1774299420,96.36,96.36,96.36,96.36,10
1774304940,96.36,96.36,96.36,96.36,96
1774306260,96.36,96.36,96.36,96.36,6
1774309680,96.36,96.36,96.36,96.36,74
1774324320,96.36,96.36,96.36,96.36,286
1774337220,96.3575,96.3575,96.3575,96.3575,5
1774344960,96.36,96.36,96.36,96.36,5
1774348740,96.36,96.36,96.36,96.36,64
1774353180,96.36,96.36,96.36,96.36,2
1774353720,96.36,96.36,96.36,96.36,2
1774353780,96.36,96.36,96.36,96.36,3
1774354020,96.36,96.36,96.36,96.36,3
1774354800,96.36,96.36,96.36,96.36,3
1774355040,96.36,96.36,96.36,96.36,6
1774355820,96.36,96.36,96.36,96.36,2
1774356060,96.36,96.36,96.36,96.36,3
1774356360,96.36,96.36,96.36,96.36,3
1774356420,96.36,96.36,96.36,96.36,6
1774356840,96.36,96.36,96.36,96.36,3
1774357200,96.36,96.36,96.36,96.36,4
1774357620,96.36,96.36,96.36,96.36,4
1774358040,96.36,96.36,96.36,96.36,1
1774358220,96.36,96.36,96.36,96.36,2
1774358760,96.36,96.36,96.36,96.36,2
1774358820,96.36,96.36,96.36,96.36,1
1774358880,96.36,96.36,96.36,96.36,1
1774359000,96.36,96.36,96.36,96.36,1
1774359120,96.36,96.36,96.36,96.36,1
1774359180,96.3575,96.3575,96.3575,96.3575,3
1774359300,96.36,96.36,96.36,96.36,1
1774359420,96.36,96.36,96.36,96.36,2
1774359840,96.3575,96.3575,96.3575,96.3575,9
1774359960,96.36,96.36,96.36,96.36,3
1774360020,96.36,96.36,96.36,96.36,4
1774360380,96.36,96.36,96.36,96.36,4
1774360560,96.36,96.36,96.36,96.36,2
1774361940,96.36,96.36,96.36,96.36,266
1774363920,96.36,96.36,96.36,96.36,3
1774363980,96.36,96.36,96.36,96.36,1
1774364040,96.36,96.36,96.36,96.36,50
1774364100,96.36,96.36,96.36,96.36,1
1774364220,96.36,96.36,96.36,96.36,1
1774364340,96.36,96.36,96.36,96.36,1
1774364400,96.36,96.36,96.36,96.36,2
1774364700,96.36,96.36,96.36,96.36,2
1774365060,96.36,96.36,96.36,96.36,1
1774365300,96.36,96.36,96.36,96.36,3
1774365420,96.36,96.36,96.36,96.36,2
1774365600,96.36,96.36,96.36,96.36,2
1774367100,96.36,96.36,96.36,96.36,1
1774367760,96.3575,96.3575,96.3575,96.3575,1
1774369860,96.36,96.36,96.36,96.36,2
1774369920,96.36,96.36,96.36,96.36,16
1774370040,96.36,96.36,96.36,96.36,1
1774370760,96.36,96.36,96.36,96.36,4
1774370820,96.36,96.36,96.36,96.36,1
1774371000,96.36,96.36,96.36,96.36,3
1774371720,96.36,96.36,96.36,96.36,8
1774371780,96.36,96.36,96.36,96.36,2
1774371900,96.36,96.36,96.36,96.36,5
1774371960,96.3575,96.3575,96.3575,96.3575,2
1774372020,96.36,96.36,96.36,96.36,2
1774372800,96.36,96.36,96.36,96.36,5
1774374720,96.3575,96.3575,96.3575,96.3575,8
1774374900,96.3575,96.36,96.3575,96.36,3
1774374960,96.36,96.36,96.36,96.36,1
1774375080,96.36,96.36,96.36,96.36,1
1774375680,96.36,96.36,96.36,96.36,2
1774375740,96.36,96.36,96.36,96.36,1
1774375980,96.36,96.36,96.36,96.36,1
1774376100,96.36,96.36,96.36,96.36,2
1774376400,96.3575,96.3575,96.3575,96.3575,10
1774376580,96.3575,96.3575,96.3575,96.3575,2
1774376640,96.36,96.36,96.36,96.36,1
1774376820,96.36,96.36,96.36,96.36,2
1774377300,96.36,96.36,96.36,96.36,1
1774377540,96.36,96.36,96.36,96.36,6
1774377600,96.36,96.36,96.36,96.36,1
1774378080,96.36,96.36,96.36,96.36,2
1774378200,96.36,96.36,96.36,96.36,1
1774378380,96.3575,96.36,96.3575,96.36,2
1774378500,96.36,96.36,96.36,96.36,5
1774378560,96.36,96.36,96.36,96.36,1
1774379160,96.36,96.36,96.36,96.36,11
1774379220,96.3575,96.3575,96.3575,96.3575,63
1774380360,96.36,96.36,96.36,96.36,1
1774381500,96.36,96.36,96.36,96.36,1
1774381560,96.36,96.36,96.36,96.36,1
1774381740,96.36,96.36,96.36,96.36,1
1774383000,96.36,96.36,96.36,96.36,1
1774383240,96.36,96.36,96.36,96.36,1
1774383540,96.36,96.36,96.36,96.36,1
1774383600,96.3575,96.36,96.3575,96.36,11
1774383660,96.36,96.36,96.36,96.36,3
1774384080,96.36,96.36,96.36,96.36,13
1774384320,96.36,96.36,96.36,96.36,1
1774384740,96.36,96.36,96.36,96.36,1
1774384800,96.36,96.36,96.36,96.36,1
1774384920,96.36,96.36,96.36,96.36,1
1774385520,96.36,96.36,96.36,96.36,23
1774385640,96.36,96.36,96.36,96.36,35
1774385700,96.36,96.36,96.36,96.36,7
1774385880,96.36,96.36,96.36,96.36,8
1774385940,96.36,96.36,96.36,96.36,5
1774397640,96.36,96.36,96.36,96.36,1
1774397700,96.36,96.36,96.36,96.36,1
1774397760,96.36,96.36,96.36,96.36,2
1774397820,96.36,96.36,96.36,96.36,1
1774397880,96.36,96.36,96.36,96.36,2
1774399200,96.36,96.36,96.36,96.36,2
1774399500,96.36,96.36,96.36,96.36,2
1774401000,96.36,96.36,96.36,96.36,1
1774401180,96.36,96.36,96.36,96.36,1
1774401900,96.36,96.36,96.36,96.36,1
1774402140,96.36,96.36,96.36,96.36,1
1774425240,96.36,96.36,96.36,96.36,2
1774425480,96.36,96.36,96.36,96.36,1
1774425780,96.36,96.36,96.36,96.36,1
1774426380,96.36,96.36,96.36,96.36,3
1774426440,96.36,96.36,96.36,96.36,1
1774426920,96.36,96.36,96.36,96.36,1
1774427760,96.36,96.36,96.36,96.36,1
1774428060,96.36,96.36,96.36,96.36,1
1774436520,96.36,96.36,96.36,96.36,1
1774438620,96.36,96.36,96.36,96.36,6
1774439100,96.36,96.36,96.36,96.36,2
1774439220,96.36,96.36,96.36,96.36,1
1774439820,96.36,96.36,96.36,96.36,2
1774440780,96.36,96.36,96.36,96.36,1
1774441260,96.36,96.36,96.36,96.36,8
1774441440,96.36,96.36,96.36,96.36,16
1774443600,96.36,96.36,96.36,96.36,3
1774443720,96.36,96.36,96.36,96.36,409
1774443900,96.36,96.36,96.36,96.36,246
1774444800,96.36,96.36,96.36,96.36,1
1774445280,96.36,96.36,96.36,96.36,1
1774445400,96.36,96.36,96.36,96.36,3
1774452780,96.3575,96.3575,96.3575,96.3575,23
1774455300,96.3575,96.3575,96.3575,96.3575,6
1774457220,96.3575,96.3575,96.3575,96.3575,62
1774459080,96.36,96.36,96.36,96.36,1
1774461300,96.36,96.36,96.36,96.36,1
1774461900,96.3575,96.3575,96.3575,96.3575,131
1774462200,96.3575,96.3575,96.3575,96.3575,187
1774464840,96.36,96.36,96.36,96.36,1
1774468380,96.36,96.36,96.36,96.36,1
1774468920,96.3575,96.3575,96.3575,96.3575,103
1774469880,96.36,96.36,96.36,96.36,1
1774471020,96.36,96.36,96.36,96.36,9
1774472100,96.36,96.36,96.36,96.36,4
1774472160,96.36,96.36,96.36,96.36,2
1774472340,96.36,96.36,96.36,96.36,9
1774521420,96.36,96.36,96.36,96.36,1
1774524000,96.36,96.36,96.36,96.36,1
1774524300,96.36,96.36,96.36,96.36,1
1774524720,96.36,96.36,96.36,96.36,1
1774525260,96.36,96.36,96.36,96.36,2
1774535700,96.36,96.36,96.36,96.36,1
1774536300,96.36,96.36,96.36,96.36,1
1774537980,96.36,96.36,96.36,96.36,6
1774539840,96.36,96.36,96.36,96.36,10
1774541700,96.36,96.36,96.36,96.36,3
1774542780,96.36,96.36,96.36,96.36,240
1774543080,96.36,96.36,96.36,96.36,26
1774543260,96.36,96.36,96.36,96.36,6
1774543320,96.36,96.36,96.36,96.36,1
1774543560,96.36,96.36,96.36,96.36,15
1774543620,96.36,96.36,96.36,96.36,12
1774544040,96.36,96.36,96.36,96.36,14
1774544220,96.36,96.36,96.36,96.36,1
1774544460,96.36,96.36,96.36,96.36,13
1774544940,96.36,96.36,96.36,96.36,13
1774545000,96.36,96.36,96.36,96.36,1
1774545360,96.36,96.36,96.36,96.36,12
1774545780,96.36,96.36,96.36,96.36,12
1774546140,96.36,96.36,96.36,96.36,10
1774546320,96.36,96.36,96.36,96.36,3
1774546500,96.36,96.36,96.36,96.36,10
1774546680,96.36,96.36,96.36,96.36,1
1774546800,96.36,96.36,96.36,96.36,9
1774547160,96.36,96.36,96.36,96.36,9
1774547400,96.36,96.36,96.36,96.36,8
1774547580,96.36,96.36,96.36,96.36,1
1774547700,96.36,96.36,96.36,96.36,8
1774547940,96.36,96.36,96.36,96.36,7
1774548180,96.36,96.36,96.36,96.36,7
1774548360,96.36,96.36,96.36,96.36,2
1774548420,96.36,96.36,96.36,96.36,6
1774548660,96.36,96.36,96.36,96.36,6
1774548840,96.36,96.36,96.36,96.36,5
1774549020,96.36,96.36,96.36,96.36,5
1774549140,96.36,96.36,96.36,96.36,1
1774549200,96.36,96.36,96.36,96.36,4
1774549380,96.36,96.36,96.36,96.36,4
1774549500,96.36,96.36,96.36,96.36,17
1774550040,96.36,96.36,96.36,96.36,1
1774550100,96.36,96.36,96.36,96.36,13
1774550520,96.36,96.36,96.36,96.36,9
1774550880,96.36,96.36,96.36,96.36,16
1774550940,96.36,96.36,96.36,96.36,1
1774551420,96.36,96.36,96.36,96.36,13
1774551540,96.36,96.36,96.36,96.36,1
1774551720,96.36,96.36,96.36,96.36,13
1774552680,96.36,96.36,96.36,96.36,4
1774553100,96.36,96.36,96.36,96.36,4
1774553880,96.36,96.36,96.36,96.36,2
1774553940,96.36,96.36,96.36,96.36,4
1774554000,96.36,96.36,96.36,96.36,4
1774554060,96.36,96.36,96.36,96.36,4
1774554120,96.36,96.36,96.36,96.36,4
1774554180,96.36,96.36,96.36,96.36,3
1774554480,96.36,96.36,96.36,96.36,28
1774555860,96.36,96.36,96.36,96.36,1
1774562400,96.36,96.36,96.36,96.36,183
1774564800,96.36,96.36,96.36,96.36,23
1774574220,96.36,96.36,96.3575,96.3575,3
1774574280,96.36,96.36,96.3575,96.3575,8
1774611360,96.36,96.36,96.36,96.36,2
1774611540,96.36,96.36,96.36,96.36,1
1774611780,96.36,96.36,96.36,96.36,18
1774612320,96.36,96.36,96.36,96.36,29
1774613700,96.36,96.36,96.36,96.36,8
1774615920,96.36,96.36,96.36,96.36,46
1774616040,96.36,96.36,96.36,96.36,80
1774619460,96.3575,96.3575,96.3575,96.3575,1
1774620060,96.36,96.36,96.36,96.36,1
1774620840,96.36,96.36,96.36,96.36,478
1774620900,96.36,96.36,96.36,96.36,9070
1774620960,96.36,96.36,96.36,96.36,283
1774621260,96.36,96.36,96.36,96.36,294
1774629780,96.3575,96.3575,96.3575,96.3575,40
1774632600,96.3575,96.3575,96.3575,96.3575,1
1774633500,96.36,96.36,96.36,96.36,1
1774633980,96.36,96.36,96.36,96.36,3955
1774634640,96.36,96.36,96.36,96.36,246
1774635360,96.36,96.36,96.36,96.36,2
1774636380,96.36,96.36,96.36,96.36,18
1774639980,96.36,96.36,96.36,96.36,18
1774640280,96.3575,96.3575,96.3575,96.3575,139
1774641360,96.36,96.36,96.36,96.36,5
1774641420,96.36,96.36,96.36,96.36,2
1774641540,96.36,96.36,96.36,96.36,1
1774641660,96.36,96.36,96.36,96.36,1
1774642140,96.36,96.36,96.36,96.36,5
1774642200,96.36,96.36,96.36,96.36,1
1774642260,96.36,96.36,96.36,96.36,1
1774642800,96.36,96.36,96.36,96.36,1
1774642860,96.36,96.36,96.36,96.36,1
1774643280,96.3575,96.3575,96.3575,96.3575,101
1774643520,96.36,96.36,96.36,96.36,1
1774643760,96.36,96.36,96.36,96.36,1
1774644300,96.36,96.36,96.36,96.36,3
1774644360,96.36,96.36,96.36,96.36,1
1774644840,96.36,96.36,96.36,96.36,1
1774644900,96.36,96.36,96.36,96.36,1
1774645140,96.36,96.36,96.36,96.36,42
1774844580,96.36,96.36,96.36,96.36,22
1774848960,96.36,96.36,96.36,96.36,9
1774869840,96.36,96.36,96.36,96.36,1
1774869960,96.36,96.36,96.36,96.36,5
1774870320,96.36,96.36,96.36,96.36,1
1774871940,96.36,96.36,96.36,96.36,638
1774872000,96.36,96.36,96.36,96.36,12112
1774874700,96.36,96.36,96.36,96.36,1
1774874820,96.36,96.36,96.36,96.36,2
1774875360,96.36,96.36,96.36,96.36,1
1774876380,96.36,96.36,96.36,96.36,1
1774877400,96.36,96.36,96.36,96.36,103
1774877580,96.36,96.36,96.36,96.36,103
1774879680,96.36,96.36,96.36,96.36,4
1774879740,96.36,96.36,96.36,96.36,1
1774881900,96.36,96.36,96.36,96.36,103
1774882380,96.36,96.36,96.36,96.36,106
1774883340,96.36,96.36,96.36,96.36,108
1774883940,96.36,96.36,96.36,96.36,1
1774884360,96.36,96.36,96.36,96.36,1
1774884720,96.36,96.36,96.36,96.36,1
1774884960,96.36,96.36,96.36,96.36,1
1774885020,96.36,96.36,96.36,96.36,1
1774885380,96.36,96.36,96.36,96.36,1
1774886880,96.36,96.36,96.36,96.36,2
1774889340,96.36,96.36,96.36,96.36,1
1774890900,96.36,96.36,96.36,96.36,1
1774891740,96.36,96.36,96.36,96.36,118
1774900740,96.36,96.36,96.36,96.36,1
1774903380,96.36,96.36,96.36,96.36,1
1774903440,96.36,96.36,96.3575,96.3575,159
1774903560,96.36,96.36,96.36,96.36,1
1774903680,96.36,96.36,96.36,96.36,1
1774903740,96.36,96.36,96.36,96.36,1
1774903800,96.36,96.36,96.36,96.36,2
1774903860,96.3575,96.3575,96.3575,96.3575,144
1774903920,96.36,96.36,96.36,96.36,2
1774904040,96.36,96.36,96.36,96.36,2
1774904160,96.36,96.36,96.36,96.36,1
1774904340,96.3575,96.3575,96.3575,96.3575,403
1774920780,96.36,96.36,96.36,96.36,1
1774933680,96.36,96.36,96.36,96.36,1
1774943820,96.36,96.36,96.36,96.36,200
1774952280,96.36,96.36,96.36,96.36,11
1774957440,96.36,96.36,96.36,96.36,1
1774960920,96.36,96.36,96.36,96.36,2
1774961940,96.36,96.36,96.36,96.36,639
1774962960,96.36,96.36,96.3575,96.3575,3
1774963020,96.3575,96.3575,96.3575,96.3575,4
1774963200,96.36,96.36,96.36,96.36,1
1774963560,96.36,96.36,96.36,96.36,1
1774963680,96.36,96.36,96.36,96.36,1
1774963800,96.36,96.36,96.36,96.36,1
1774964040,96.36,96.36,96.36,96.36,4
1774967760,96.36,96.36,96.36,96.36,1
1774967820,96.36,96.36,96.36,96.36,1
1774967940,96.36,96.36,96.36,96.36,1
1774968660,96.36,96.36,96.36,96.36,1
1774969200,96.36,96.36,96.36,96.36,1
1774969620,96.36,96.36,96.36,96.36,1
1774969800,96.36,96.36,96.36,96.36,11
1774969860,96.36,96.36,96.36,96.36,9
1774969920,96.36,96.36,96.36,96.36,4
1774974600,96.36,96.36,96.36,96.36,4
1774976640,96.36,96.36,96.36,96.36,1
1774980300,96.36,96.36,96.36,96.36,1
1774980900,96.36,96.36,96.36,96.36,1
1774981440,96.36,96.36,96.36,96.36,1
1774981500,96.36,96.36,96.36,96.36,1
1774981680,96.36,96.36,96.36,96.36,1
1774981800,96.36,96.36,96.36,96.36,1
1774982280,96.36,96.36,96.36,96.36,1
1774982400,96.36,96.36,96.36,96.36,1
1774983360,96.36,96.36,96.36,96.36,1
1774983420,96.36,96.36,96.36,96.36,1
1774983600,96.36,96.36,96.36,96.36,12
1774983960,96.36,96.36,96.36,96.36,6
1774984440,96.36,96.36,96.36,96.36,4
1774986060,96.36,96.36,96.36,96.36,11
1774986660,96.36,96.36,96.36,96.36,9
1774989720,96.3575,96.3575,96.3575,96.3575,31
1774990740,96.36,96.36,96.3575,96.36,680
