created_time,count,no_price_dollars,taker_side,ticker,trade_id,yes_price
2024-09-17 18:46:39.347714+00:00,100,0.34,yes,FEDDECISION-24NOV-C25,9ddcce81-9d28-49d9-82eb-dda9c7c64a03,0.66
2024-09-17 20:43:11.774206+00:00,53,0.47,no,FEDDECISION-24NOV-C25,8238c374-9393-4f72-ad8a-07aeee6b5193,0.53
2024-09-17 20:46:20.151511+00:00,2,0.23,yes,FEDDECISION-24NOV-C25,3997fd62-8fc1-4f3f-b19b-bd3e1faf5390,0.77
2024-09-17 20:46:20.151511+00:00,70,0.34,yes,FEDDECISION-24NOV-C25,fcbe8eda-b7c9-475a-9d5d-8839f2729615,0.66
2024-09-17 20:46:20.151511+00:00,3,0.22,yes,FEDDECISION-24NOV-C25,f803988f-45eb-4e80-ac50-e2e2fe08695d,0.78
2024-09-17 20:46:20.151511+00:00,1,0.25,yes,FEDDECISION-24NOV-C25,f7e1db99-c9f8-43b1-ac2d-70e3c37b1a5b,0.75
2024-09-17 20:46:20.151511+00:00,30,0.23,yes,FEDDECISION-24NOV-C25,d99ad4f6-d610-4448-bcc3-17bb9c9f6be1,0.77
2024-09-17 20:46:20.151511+00:00,7,0.26,yes,FEDDECISION-24NOV-C25,d7b7ff92-266e-455b-8c2f-fa200a718f98,0.74
2024-09-17 20:46:20.151511+00:00,27,0.24,yes,FEDDECISION-24NOV-C25,d2935060-79c4-4518-813b-1aee402cb72f,0.76
2024-09-17 20:46:20.151511+00:00,3,0.2,yes,FEDDECISION-24NOV-C25,c880f16d-7a42-4d8a-a728-d128960b2516,0.8
2024-09-17 20:46:20.151511+00:00,21,0.25,yes,FEDDECISION-24NOV-C25,0486c094-9dca-4c5b-945d-5b081d2c4d17,0.75
2024-09-17 20:46:20.151511+00:00,3,0.21,yes,FEDDECISION-24NOV-C25,b77e0dd3-ea40-4dc6-948f-29bfa8de476c,0.79
2024-09-17 20:46:20.151511+00:00,35,0.21,yes,FEDDECISION-24NOV-C25,4090e65f-b11e-4023-878f-418ad0df8bfb,0.79
2024-09-17 20:46:20.151511+00:00,30,0.22,yes,FEDDECISION-24NOV-C25,48eb6c26-9b01-486f-8c15-a059fef44e14,0.78
2024-09-17 20:46:20.151511+00:00,307,0.19,yes,FEDDECISION-24NOV-C25,be38f018-6627-4316-9926-84f7e9be624d,0.81
2024-09-17 20:46:20.151511+00:00,1,0.24,yes,FEDDECISION-24NOV-C25,a2c15a71-4013-4d8f-a6bd-d8e518e3f969,0.76
2024-09-17 20:46:20.151511+00:00,5,0.27,yes,FEDDECISION-24NOV-C25,4bc2aae7-c324-4365-899b-0d00ce683196,0.73
2024-09-17 20:46:20.151511+00:00,5,0.27,yes,FEDDECISION-24NOV-C25,a3da044e-d4fd-4936-90d6-8534b881a148,0.73
2024-09-17 22:55:33.325743+00:00,17,0.32,no,FEDDECISION-24NOV-C25,44c4097d-7af1-41f6-9a71-1d036bc54445,0.68
2024-09-17 22:56:02.311273+00:00,28,0.33,no,FEDDECISION-24NOV-C25,0fdfc979-5cac-4a6d-8273-22dfeaa26fbc,0.67
2024-09-17 23:46:12.589129+00:00,279,0.33,no,FEDDECISION-24NOV-C25,1a4d5faf-6f65-4aad-9b1f-806b88036e9a,0.67
2024-09-18 00:49:36.175784+00:00,69,0.3,yes,FEDDECISION-24NOV-C25,814fb5ae-b752-44d7-b211-a0121d19fccd,0.7
2024-09-18 12:05:00.356612+00:00,12,0.22,yes,FEDDECISION-24NOV-C25,59826987-10bd-4970-a699-0c69033b7973,0.78
2024-09-18 17:21:47.457253+00:00,21,0.39,yes,FEDDECISION-24NOV-C25,cacadedc-0c88-407c-8ee2-1cc619c35968,0.61
2024-09-18 17:59:25.597917+00:00,10,0.23,yes,FEDDECISION-24NOV-C25,113c68ba-9f70-426b-b4a9-18afdf3aad64,0.77
2024-09-18 17:59:25.597917+00:00,2,0.22,yes,FEDDECISION-24NOV-C25,682da503-1649-45c6-b587-b552f48121a3,0.78
2024-09-18 18:00:31.989600+00:00,117,0.52,no,FEDDECISION-24NOV-C25,bdfffc61-2779-496b-abda-b1a133892613,0.48
2024-09-18 18:00:44.004253+00:00,400,0.88,no,FEDDECISION-24NOV-C25,084130c7-655e-4e33-8a8c-3a10090024c8,0.12
2024-09-18 18:00:55.073974+00:00,200,0.94,no,FEDDECISION-24NOV-C25,486c0b56-6908-4d0e-bf95-4ad8aaec37ce,0.06
2024-09-18 18:00:55.730353+00:00,21,0.94,no,FEDDECISION-24NOV-C25,419471b1-cdce-4044-a5bf-3ee411517509,0.06
2024-09-18 18:01:07.205068+00:00,21,0.94,no,FEDDECISION-24NOV-C25,911fe9ed-be79-49e9-b103-6433a1ca88d4,0.06
2024-09-18 18:01:33.180408+00:00,27,0.94,no,FEDDECISION-24NOV-C25,ce7bd6ce-2e20-48c1-a433-8701ddbe6661,0.06
2024-09-18 18:01:44.991476+00:00,12,0.92,no,FEDDECISION-24NOV-C25,b61b9a8e-7954-4f3d-95a9-ec7e9ff6070a,0.08
2024-09-18 18:02:05.867199+00:00,100,0.92,no,FEDDECISION-24NOV-C25,a6070ca9-088f-45ff-8b6b-f071959ffab1,0.08
2024-09-18 18:02:13.276404+00:00,400,0.92,no,FEDDECISION-24NOV-C25,b12887d8-6529-48f7-9e57-9289f0be786b,0.08
2024-09-18 18:02:15.501827+00:00,200,0.92,no,FEDDECISION-24NOV-C25,cd0e53b7-fc72-4966-a4c2-28330cb1e9fa,0.08
2024-09-18 18:02:28.074958+00:00,270,0.9,no,FEDDECISION-24NOV-C25,a07407cc-924b-418b-9ee8-67397081df26,0.1
2024-09-18 18:02:35.723819+00:00,50,0.9,no,FEDDECISION-24NOV-C25,4adc5924-4f7f-4f8c-b336-41bb9ecb81dc,0.1
2024-09-18 18:03:03.500992+00:00,2,0.41,yes,FEDDECISION-24NOV-C25,fa196efe-b4a2-42ff-9198-123fde06bef1,0.59
2024-09-18 18:03:03.500992+00:00,117,0.52,yes,FEDDECISION-24NOV-C25,e702304e-970e-4e0d-8215-95ac9baa0db1,0.48
2024-09-18 18:04:31.869448+00:00,180,0.75,no,FEDDECISION-24NOV-C25,c10aac11-2215-4a99-8f97-7cbed14c83aa,0.25
2024-09-18 18:05:37.865770+00:00,5,0.37,yes,FEDDECISION-24NOV-C25,295c3098-3b3c-4d61-8b9e-c2bf6f3699a3,0.63
2024-09-18 18:07:39.766292+00:00,4,0.28,yes,FEDDECISION-24NOV-C25,6780a867-8aeb-4a89-bae2-0e965fd66d34,0.72
2024-09-18 18:09:25.156321+00:00,48,0.31,yes,FEDDECISION-24NOV-C25,74aaf7be-d405-4be2-9b84-9629a40ca97a,0.69
2024-09-18 18:09:52.592928+00:00,28,0.31,yes,FEDDECISION-24NOV-C25,fc2a2ee1-082c-4c44-b657-44f3f6241383,0.69
2024-09-18 18:11:49.104806+00:00,5,0.48,no,FEDDECISION-24NOV-C25,e5a6e390-b2c0-4ece-afa6-bbcb69b72180,0.52
2024-09-18 18:11:49.104806+00:00,100,0.5,no,FEDDECISION-24NOV-C25,eec24380-2063-4f29-9063-0cfc402849a8,0.5
2024-09-18 18:11:49.104806+00:00,89,0.49,no,FEDDECISION-24NOV-C25,81080b13-101c-40aa-b0e7-7e45da265d0f,0.51
2024-09-18 18:13:37.422710+00:00,100,0.5,yes,FEDDECISION-24NOV-C25,8df9057a-379f-4464-be2f-bb4c2b7ce078,0.5
2024-09-18 18:14:55.051581+00:00,19,0.5,yes,FEDDECISION-24NOV-C25,0f15b25d-dfe5-4562-b341-9d4de297e684,0.5
2024-09-18 18:14:57.517398+00:00,7,0.5,yes,FEDDECISION-24NOV-C25,70c015ee-c7d0-40ad-b38c-9757190f10a1,0.5
2024-09-18 18:14:57.517398+00:00,71,0.37,yes,FEDDECISION-24NOV-C25,79d00593-25fe-4d67-b1a0-b3243aa877ab,0.63
2024-09-18 18:21:37.645527+00:00,28,0.39,yes,FEDDECISION-24NOV-C25,925bc9f8-17de-4eb8-886f-dcc97926ccd1,0.61
2024-09-18 18:22:55.445198+00:00,400,0.39,yes,FEDDECISION-24NOV-C25,574c4ab0-d5bf-4104-99e5-c8ea9bd5b961,0.61
2024-09-18 18:32:28.814189+00:00,26,0.39,yes,FEDDECISION-24NOV-C25,2955b610-5e6a-4ad0-a074-9ea85a4c6822,0.61
2024-09-18 18:40:23.177675+00:00,67,0.27,yes,FEDDECISION-24NOV-C25,2408ad09-09c0-4ac4-9292-e31b8e5344b5,0.73
2024-09-18 18:40:23.177675+00:00,36,0.26,yes,FEDDECISION-24NOV-C25,fa6c0353-3ccb-4047-b523-920cbfec3469,0.74
2024-09-18 18:40:23.177675+00:00,710,0.38,yes,FEDDECISION-24NOV-C25,8f746c4b-0f2e-4d97-b9de-9191957dedeb,0.62
2024-09-18 18:40:23.177675+00:00,100,0.39,yes,FEDDECISION-24NOV-C25,0c794a68-d34d-4664-ad3d-33ee61572ef5,0.61
2024-09-18 18:40:23.177675+00:00,52,0.28,yes,FEDDECISION-24NOV-C25,60a49fe2-a098-471c-a06c-73bf00420b6b,0.72
2024-09-18 18:40:23.177675+00:00,344,0.35,yes,FEDDECISION-24NOV-C25,3baf63e5-e68e-475b-80d2-b529a4ef50f0,0.65
2024-09-18 18:40:23.177675+00:00,200,0.31,yes,FEDDECISION-24NOV-C25,6a75d754-8957-44fa-94ab-e12ac24dc16e,0.69
2024-09-18 18:40:50.458431+00:00,7,0.5,no,FEDDECISION-24NOV-C25,40f3b031-1743-4781-a790-b036b0927caa,0.5
2024-09-18 18:40:50.458431+00:00,1302,0.53,no,FEDDECISION-24NOV-C25,44e73211-3463-4d2e-9a2a-9f6b0d542af4,0.47
2024-09-18 18:40:50.458431+00:00,200,0.49,no,FEDDECISION-24NOV-C25,880e9334-fcad-4ae1-8469-bad83d25ff7a,0.51
2024-09-18 18:55:09.834917+00:00,16,0.41,yes,FEDDECISION-24NOV-C25,ac5706c0-4245-4661-bc76-ceb3bd5be993,0.59
2024-09-18 19:04:06.270542+00:00,67,0.41,yes,FEDDECISION-24NOV-C25,4ad481a7-ad60-407c-adb7-c365ba2ffb23,0.59
2024-09-18 19:12:35.764643+00:00,1,0.4,yes,FEDDECISION-24NOV-C25,64096779-1803-4527-9493-0cde1ca664fa,0.6
2024-09-18 19:12:35.764643+00:00,38,0.29,yes,FEDDECISION-24NOV-C25,6c4ed883-eb74-4a63-afa4-7f7b32530afa,0.71
2024-09-18 19:12:35.764643+00:00,186,0.41,yes,FEDDECISION-24NOV-C25,927e0eb3-035d-462c-9ed4-68d8ed021306,0.59
2024-09-18 19:12:35.764643+00:00,15,0.41,yes,FEDDECISION-24NOV-C25,ace20f08-c61e-4e3e-8fe0-12529e62216e,0.59
2024-09-18 20:40:43.262957+00:00,77,0.36,yes,FEDDECISION-24NOV-C25,102fac37-3f7e-4bf1-9a56-728fa7f9141d,0.64
2024-09-18 21:04:36.950636+00:00,37,0.37,yes,FEDDECISION-24NOV-C25,d52b9ab4-59ab-4411-ab30-24205d03ba99,0.63
2024-09-18 21:04:36.950636+00:00,1,0.39,yes,FEDDECISION-24NOV-C25,c15682fc-ae72-493b-839b-38eaab5a54c6,0.61
2024-09-18 21:11:05.174247+00:00,29,0.37,yes,FEDDECISION-24NOV-C25,55bc87d8-cf94-4442-968f-89ea4776831b,0.63
2024-09-18 21:11:05.174247+00:00,1,0.37,yes,FEDDECISION-24NOV-C25,f9e516b0-c7b9-4327-bf75-987d29c7852e,0.63
2024-09-18 21:23:13.265589+00:00,10,0.38,yes,FEDDECISION-24NOV-C25,e379de88-1b9e-4089-a77a-20f10804231f,0.62
2024-09-18 21:25:19.609421+00:00,23,0.41,no,FEDDECISION-24NOV-C25,ef58b0ec-e69b-4035-8c43-dddf18c71384,0.59
2024-09-18 21:32:59.156110+00:00,1,0.38,yes,FEDDECISION-24NOV-C25,e55712a0-187e-4eb6-938a-60d9f4e0b8b4,0.62
2024-09-18 21:45:44.900278+00:00,4,0.38,yes,FEDDECISION-24NOV-C25,2e4bcb0d-d81e-42a8-8d89-746ecd502f2b,0.62
2024-09-18 21:45:44.900278+00:00,26,0.36,yes,FEDDECISION-24NOV-C25,b804950d-5256-480d-b10c-5ec55d2e9785,0.64
2024-09-18 22:53:23.315961+00:00,93,0.36,yes,FEDDECISION-24NOV-C25,9c5825ad-cc24-4e88-92c2-25f6958b194d,0.64
2024-09-18 23:19:09.687959+00:00,152,0.4,no,FEDDECISION-24NOV-C25,273d6fc9-19ad-4313-a929-fca0b3b0fc29,0.6
2024-09-18 23:19:09.687959+00:00,39,0.4,no,FEDDECISION-24NOV-C25,b0561da3-0a9a-4a85-9b4f-261b622ba3e5,0.6
2024-09-18 23:24:50.434787+00:00,15,0.36,yes,FEDDECISION-24NOV-C25,ae25e5e9-2173-4f3c-bec1-6b8be92a9c38,0.64
2024-09-19 00:33:26.835712+00:00,66,0.36,yes,FEDDECISION-24NOV-C25,e659590c-a594-4e82-ab33-29977165fe14,0.64
2024-09-19 00:33:26.835712+00:00,10,0.35,yes,FEDDECISION-24NOV-C25,4e14b2d8-0b31-421f-a743-26e8d66824be,0.65
2024-09-19 01:02:34.122797+00:00,25,0.39,no,FEDDECISION-24NOV-C25,16b041ad-37ab-45c0-8250-344597230fc9,0.61
2024-09-19 02:15:23.998116+00:00,25,0.36,yes,FEDDECISION-24NOV-C25,b9d948d3-0cd1-41e1-b23f-adc5033d0052,0.64
2024-09-19 02:15:23.998116+00:00,20,0.36,yes,FEDDECISION-24NOV-C25,c55f2097-31b0-455b-ad58-df4d8f5d8716,0.64
2024-09-19 12:02:04.715160+00:00,27,0.3,yes,FEDDECISION-24NOV-C25,044f11ad-49e7-4776-a9f2-3a7986cac6a2,0.7
2024-09-19 12:03:46.557063+00:00,200,0.46,no,FEDDECISION-24NOV-C25,9868640d-241d-4737-bb2e-6ef497b58d97,0.54
2024-09-19 12:03:46.557063+00:00,50,0.44,no,FEDDECISION-24NOV-C25,33a1c071-dda8-4d17-aa4a-2bf3b38049c5,0.56
2024-09-19 12:03:46.557063+00:00,45,0.4,no,FEDDECISION-24NOV-C25,098426f5-cd3a-4b1e-b8db-bb769c55e9b2,0.6
2024-09-19 12:07:54.944499+00:00,8,0.45,yes,FEDDECISION-24NOV-C25,6fae6e38-6dfd-4830-b44f-dcf41c16845d,0.55
2024-09-19 12:14:33.805391+00:00,27,0.47,no,FEDDECISION-24NOV-C25,9271b198-58e2-4d1b-ab28-34802f84bceb,0.53
2024-09-19 12:56:12.339748+00:00,5000,0.4,no,FEDDECISION-24NOV-C25,0b13d99a-b7ae-43d3-9782-462db110d7a3,0.6
2024-09-19 13:10:16.970420+00:00,5000,0.4,no,FEDDECISION-24NOV-C25,bc95ce56-d8ac-4e7e-a5f6-373b8976cf77,0.6
2024-09-19 13:10:21.025690+00:00,5,0.4,yes,FEDDECISION-24NOV-C25,39c13b76-9aaa-48a6-ad78-93586ceb9fe2,0.6
2024-09-19 13:10:57.554749+00:00,5000,0.41,no,FEDDECISION-24NOV-C25,618e3617-a701-4a2a-9ef4-aa58e4feadd5,0.59
2024-09-19 13:19:11.825881+00:00,3500,0.4,no,FEDDECISION-24NOV-C25,725acb26-644d-4c2e-a9df-6ad5b2349cfa,0.6
2024-09-19 13:23:33.834168+00:00,10,0.37,yes,FEDDECISION-24NOV-C25,c48a4c8b-6435-406b-b874-56eba747d8b2,0.63
2024-09-19 13:42:13.641005+00:00,1547,0.37,yes,FEDDECISION-24NOV-C25,03093608-29f4-49ce-9d6d-1ae832bce289,0.63
2024-09-19 14:01:31.267522+00:00,25,0.39,yes,FEDDECISION-24NOV-C25,5eba3900-f4e7-4413-a40b-8fa037e48fe7,0.61
2024-09-19 14:01:31.267522+00:00,38,0.38,yes,FEDDECISION-24NOV-C25,e3a00600-d455-40b1-99f8-a12924eab2b5,0.62
2024-09-19 14:22:08.386012+00:00,50,0.4,no,FEDDECISION-24NOV-C25,c3587b6d-2b9a-4211-ae1f-83f9b10c7b7f,0.6
2024-09-19 14:31:09.217381+00:00,100,0.4,yes,FEDDECISION-24NOV-C25,b7eda2e2-fd21-40d1-8df2-6d82984b71b4,0.6
2024-09-19 14:37:47.570437+00:00,5000,0.41,no,FEDDECISION-24NOV-C25,af684048-8e94-4621-8d41-b95e4b62024b,0.59
2024-09-19 14:40:02.073079+00:00,60,0.37,yes,FEDDECISION-24NOV-C25,330e407a-2566-4746-ae34-54c793a88558,0.63
2024-09-19 15:09:19.294165+00:00,46,0.37,yes,FEDDECISION-24NOV-C25,55c91c56-e00e-4784-82bd-fa94079606e6,0.63
2024-09-19 15:13:44.334365+00:00,2,0.37,yes,FEDDECISION-24NOV-C25,305def2e-ca9d-4169-9f22-d44dcc9f2633,0.63
2024-09-19 15:43:56.368595+00:00,77,0.37,yes,FEDDECISION-24NOV-C25,c9d3643b-fcd3-41e0-b26a-af72365a92b8,0.63
2024-09-19 16:11:07.922759+00:00,32,0.39,no,FEDDECISION-24NOV-C25,5aff8769-b405-4981-8e74-78a0ba1001ec,0.61
2024-09-19 16:22:30.400970+00:00,66,0.38,yes,FEDDECISION-24NOV-C25,66c8e084-7447-410f-a7d7-ac5516fd1a97,0.62
2024-09-19 17:12:03.547140+00:00,3,0.38,yes,FEDDECISION-24NOV-C25,5409279f-dcb6-4c7b-9be2-0f72504655b9,0.62
2024-09-19 17:35:21.419136+00:00,78,0.38,yes,FEDDECISION-24NOV-C25,07d00a44-4b41-462e-bfa4-ceb488678671,0.62
2024-09-19 18:03:44.431071+00:00,7,0.39,no,FEDDECISION-24NOV-C25,d4becdc2-3559-4621-91f4-535d02570c94,0.61
2024-09-19 18:53:58.304242+00:00,78,0.38,yes,FEDDECISION-24NOV-C25,a55613ef-a5e9-47df-812f-c6560dad088b,0.62
2024-09-19 19:19:14.731280+00:00,289,0.39,no,FEDDECISION-24NOV-C25,39ddb64e-10fa-404e-8939-c7c18bfde490,0.61
2024-09-19 19:19:14.731280+00:00,100,0.39,no,FEDDECISION-24NOV-C25,8ee034eb-ed72-4210-89da-d1ea9bf8ea59,0.61
2024-09-19 20:13:27.723961+00:00,80,0.41,no,FEDDECISION-24NOV-C25,a039a730-3e0d-4774-aadd-4f23e9fe6f47,0.59
2024-09-19 20:13:27.723961+00:00,150,0.41,no,FEDDECISION-24NOV-C25,df645425-9f73-414e-b746-7d479cbea312,0.59
2024-09-19 20:18:07.113757+00:00,2000,0.42,yes,FEDDECISION-24NOV-C25,c625b8c2-2c96-42a3-b4bb-962673eac3f8,0.58
2024-09-19 20:40:05.705507+00:00,39,0.41,yes,FEDDECISION-24NOV-C25,47fa85ec-cb6c-4646-844c-5db3eeaa2e0a,0.59
2024-09-19 20:40:05.705507+00:00,10,0.41,yes,FEDDECISION-24NOV-C25,f171edbb-0f76-4d5f-ba76-b4426cfd0755,0.59
2024-09-19 21:05:40.475494+00:00,1950,0.41,yes,FEDDECISION-24NOV-C25,f8da9ec8-f06a-4ce8-9556-eb501be517c0,0.59
2024-09-19 21:58:27.832268+00:00,16,0.42,yes,FEDDECISION-24NOV-C25,f3dca550-9c9c-4eb0-97d8-7b57d15d7156,0.58
2024-09-19 22:16:40.519208+00:00,16,0.42,yes,FEDDECISION-24NOV-C25,80cb7dc8-bb4c-4436-b66a-7524e1b243cb,0.58
2024-09-19 22:27:32.421291+00:00,50,0.42,yes,FEDDECISION-24NOV-C25,e87c9166-2491-4f1f-9fc9-049a2bad6682,0.58
2024-09-19 23:22:38.847510+00:00,9,0.42,yes,FEDDECISION-24NOV-C25,646b4d73-2023-44a3-9d43-e23357d139d0,0.58
2024-09-19 23:22:38.847510+00:00,32,0.41,yes,FEDDECISION-24NOV-C25,dbab6f9a-69e9-4817-8341-9984db75e7b4,0.59
2024-09-19 23:22:55.501414+00:00,20,0.41,yes,FEDDECISION-24NOV-C25,92ac0209-15ab-46af-a29a-efcc68de2a42,0.59
2024-09-20 00:16:31.778142+00:00,10,0.42,yes,FEDDECISION-24NOV-C25,e53d5405-a1b7-4d86-bd2c-8f9b227ccd9a,0.58
2024-09-20 01:17:02.896005+00:00,200,0.42,yes,FEDDECISION-24NOV-C25,3e98ad62-c595-4093-8dec-5f77f6515a77,0.58
2024-09-20 12:13:02.366730+00:00,4,0.4,yes,FEDDECISION-24NOV-C25,ddef047c-8901-4704-956c-8940999eec9d,0.6
2024-09-20 12:59:20.870690+00:00,2500,0.4,yes,FEDDECISION-24NOV-C25,0d84a7c2-bcaf-42d1-b741-1a75c3abb35c,0.6
2024-09-20 12:59:20.870690+00:00,2496,0.4,yes,FEDDECISION-24NOV-C25,fcdfb497-3fb9-4de8-ade8-51ced44922c3,0.6
2024-09-20 13:03:45.216220+00:00,7,0.31,yes,FEDDECISION-24NOV-C25,832bcc09-9523-4ed7-9d32-1a4735dcbc8b,0.69
2024-09-20 13:06:50.944300+00:00,3783,0.34,no,FEDDECISION-24NOV-C25,9fb4c36d-aea5-4ea4-a3a4-0839e7c8dcd7,0.66
2024-09-20 13:07:03.004439+00:00,200,0.34,no,FEDDECISION-24NOV-C25,72a6f811-ac3e-4bae-8ba5-852494cfa884,0.66
2024-09-20 13:27:58.057745+00:00,5000,0.37,yes,FEDDECISION-24NOV-C25,86b2bbf7-9016-40a7-895c-f8ede8a44988,0.63
2024-09-20 13:37:00.606067+00:00,25,0.37,yes,FEDDECISION-24NOV-C25,d3c810bb-14a1-4c45-a0d3-a940726b1a47,0.63
2024-09-20 13:37:21.921160+00:00,20,0.37,yes,FEDDECISION-24NOV-C25,1c827de5-4132-49df-8a3d-9e4c5d6a3067,0.63
2024-09-20 13:38:38.744653+00:00,10,0.37,yes,FEDDECISION-24NOV-C25,d4630b78-6f87-4f63-955d-21cc6956cca3,0.63
2024-09-20 14:04:05.120373+00:00,77,0.37,yes,FEDDECISION-24NOV-C25,42eb5179-6d87-4cce-ab6e-3437f56c1fe5,0.63
2024-09-20 15:11:01.072186+00:00,15,0.37,yes,FEDDECISION-24NOV-C25,269ecc8d-c96c-46e6-8607-3f2ee91025c1,0.63
2024-09-20 15:26:22.619812+00:00,5000,0.38,yes,FEDDECISION-24NOV-C25,a691de4b-c1a0-486e-88e8-ca4b51557625,0.62
2024-09-20 15:35:29.445513+00:00,200,0.4,no,FEDDECISION-24NOV-C25,61325d57-a737-482d-b16a-71ea39453270,0.6
2024-09-20 15:35:29.445513+00:00,2,0.4,no,FEDDECISION-24NOV-C25,9add5db8-4d22-4323-bd48-7e12190fa0fe,0.6
2024-09-20 15:43:59.586467+00:00,9,0.45,no,FEDDECISION-24NOV-C25,1a363722-80a2-46df-a346-56e4e55d856f,0.55
2024-09-20 15:43:59.586467+00:00,25,0.45,no,FEDDECISION-24NOV-C25,54c47965-331f-4cda-a2be-77873b80d1cc,0.55
2024-09-20 15:43:59.586467+00:00,20,0.46,no,FEDDECISION-24NOV-C25,b3ba033b-206f-4d29-be7b-66e7707497ae,0.54
2024-09-20 15:51:58.563327+00:00,5000,0.41,yes,FEDDECISION-24NOV-C25,39490f84-d3f6-47e3-a637-20db0811f186,0.59
2024-09-20 16:31:39.977247+00:00,2250,0.45,yes,FEDDECISION-24NOV-C25,1561da69-e95f-41cb-851b-b68882df721e,0.55
2024-09-20 16:33:34.057666+00:00,2,0.41,yes,FEDDECISION-24NOV-C25,f754a234-0db1-490a-b026-9b869e4e3f18,0.59
2024-09-20 16:38:10.468066+00:00,17,0.44,yes,FEDDECISION-24NOV-C25,66fbcf86-2727-4b71-a5bc-74a4e272feee,0.56
2024-09-20 16:49:04.715615+00:00,86,0.44,yes,FEDDECISION-24NOV-C25,00a3f145-f9ad-4008-9dcd-259fec68e6bd,0.56
2024-09-20 17:55:23.414974+00:00,5,0.45,yes,FEDDECISION-24NOV-C25,11ad92d9-1870-4b13-944d-da7d32bf8d67,0.55
2024-09-20 18:41:07.727680+00:00,5,0.49,no,FEDDECISION-24NOV-C25,3e8c828a-f544-4d72-8316-bbcd779799f0,0.51
2024-09-20 20:56:04.984866+00:00,33,0.46,yes,FEDDECISION-24NOV-C25,3bc3440c-e45f-44f7-96df-139aec51ae3d,0.54
2024-09-20 21:28:33.156859+00:00,4,0.48,no,FEDDECISION-24NOV-C25,ef401aea-e76b-4fd0-ab0f-ff299085c8fc,0.52
2024-09-20 22:14:58.933748+00:00,6,0.5,no,FEDDECISION-24NOV-C25,9d440e95-217e-47cd-9049-3f8b7254b21b,0.5
2024-09-20 22:14:58.933748+00:00,16,0.48,no,FEDDECISION-24NOV-C25,fb883a1a-72f1-4a46-b6cf-6723273b9fc0,0.52
2024-09-20 22:37:46.249728+00:00,123,0.45,yes,FEDDECISION-24NOV-C25,42d550a2-bdff-414e-8241-164f375e0887,0.55
2024-09-20 23:51:45.144284+00:00,1,0.42,yes,FEDDECISION-24NOV-C25,704b0335-edbe-4355-9f97-46c6534a68ac,0.58
2024-09-21 00:35:44.543747+00:00,16,0.42,yes,FEDDECISION-24NOV-C25,cebac3cd-5c19-4dab-b782-c71c7447ee5e,0.58
2024-09-21 01:17:02.058392+00:00,16,0.42,yes,FEDDECISION-24NOV-C25,d3fbcabc-a20e-40cf-8289-180a44d4b734,0.58
2024-09-21 01:42:22.901580+00:00,100,0.43,yes,FEDDECISION-24NOV-C25,6f4df009-c109-418b-8a71-d3e69770d35e,0.57
2024-09-21 01:42:22.901580+00:00,69,0.42,yes,FEDDECISION-24NOV-C25,e7598a88-3982-466e-9d85-ffb275e74d25,0.58
2024-09-21 02:56:11.684348+00:00,88,0.41,yes,FEDDECISION-24NOV-C25,23479b8c-a015-471f-9807-c57d148ab96c,0.59
2024-09-21 02:56:11.684348+00:00,78,0.42,yes,FEDDECISION-24NOV-C25,f75af371-9ac8-4b3c-bd74-6ffeea4d2955,0.58
2024-09-21 03:43:55.927564+00:00,74,0.41,yes,FEDDECISION-24NOV-C25,f8f3f49a-4e3f-47ff-bd06-1fe17ae1d622,0.59
2024-09-21 12:14:46.945055+00:00,20,0.45,no,FEDDECISION-24NOV-C25,d087e600-225f-43b5-a227-1fb7f4dc4fd8,0.55
2024-09-21 14:44:10.015579+00:00,8,0.44,no,FEDDECISION-24NOV-C25,feb8615a-ad4a-4f0e-b346-c8ff798d1f15,0.56
2024-09-21 15:00:51.768422+00:00,11,0.44,no,FEDDECISION-24NOV-C25,6ef1d62f-6080-41d9-b051-31fb554b6403,0.56
2024-09-21 15:38:19.282622+00:00,1,0.44,no,FEDDECISION-24NOV-C25,61bd2f0e-8a02-4ebc-b076-deeaed40429d,0.56
2024-09-21 15:38:22.965061+00:00,1,0.44,no,FEDDECISION-24NOV-C25,d128d6ca-fe3c-4fdc-b36a-d25ec83886ea,0.56
2024-09-21 15:38:26.812532+00:00,1,0.44,no,FEDDECISION-24NOV-C25,a3242246-e379-475e-ad4f-ac32eef980a3,0.56
2024-09-21 15:38:30.507521+00:00,1,0.44,no,FEDDECISION-24NOV-C25,fc40c4d1-143a-4712-9f6a-f943b3125ff3,0.56
2024-09-21 15:44:11.973240+00:00,1,0.44,no,FEDDECISION-24NOV-C25,26fa35ba-6ed7-47f6-a6fc-c3a15b1a9e7d,0.56
2024-09-21 15:44:15.764619+00:00,1,0.44,no,FEDDECISION-24NOV-C25,710acf34-262c-4c06-b3ff-98d66256fddb,0.56
2024-09-21 15:44:19.508724+00:00,1,0.44,no,FEDDECISION-24NOV-C25,ef89e010-033d-46d3-8d59-ba6d500d6a60,0.56
2024-09-21 15:44:23.185029+00:00,1,0.44,no,FEDDECISION-24NOV-C25,e2345883-88c5-4c8f-bb4d-3bdaa462cd25,0.56
2024-09-21 15:44:27.013691+00:00,1,0.44,no,FEDDECISION-24NOV-C25,259471c2-47fe-4df6-9232-8c15109cbe58,0.56
2024-09-21 15:45:09.922314+00:00,21,0.43,no,FEDDECISION-24NOV-C25,c90e8b9c-be2f-4ecf-a08e-1fc81387e897,0.57
2024-09-21 15:45:29.788189+00:00,17,0.43,no,FEDDECISION-24NOV-C25,69dcb2d0-7d02-4bb7-97ef-6770f5fb2897,0.57
2024-09-21 15:46:26.103797+00:00,14,0.43,no,FEDDECISION-24NOV-C25,078d1f20-f195-43f9-9611-4f644398cda4,0.57
2024-09-21 15:46:26.114384+00:00,14,0.43,no,FEDDECISION-24NOV-C25,f375b6f5-d431-437e-a211-67d807fbc249,0.57
2024-09-21 15:50:36.228313+00:00,14,0.43,no,FEDDECISION-24NOV-C25,6ea49cf2-cd31-4614-8e5d-7043fbeacc35,0.57
2024-09-21 16:18:39.498079+00:00,1,0.43,no,FEDDECISION-24NOV-C25,f8d5e6de-36d7-45f6-81da-c6a05d486cdf,0.57
2024-09-21 16:18:42.245087+00:00,1,0.43,no,FEDDECISION-24NOV-C25,ac42a67b-505f-456e-b4ba-1a12cb589926,0.57
2024-09-21 16:18:44.927549+00:00,1,0.43,no,FEDDECISION-24NOV-C25,e5a647b5-7312-4151-b49d-e8195c050ca0,0.57
2024-09-21 16:20:52.821891+00:00,1,0.43,no,FEDDECISION-24NOV-C25,cd848b1e-09f6-4414-9515-8227d6bf9b1f,0.57
2024-09-21 16:20:55.587405+00:00,1,0.43,no,FEDDECISION-24NOV-C25,b83ec7c0-ad19-450a-addf-fc11b419df09,0.57
2024-09-21 16:41:55.364799+00:00,797,0.44,no,FEDDECISION-24NOV-C25,524fe622-15a9-4f0c-9954-52b226098325,0.56
2024-09-21 16:41:55.364799+00:00,203,0.43,no,FEDDECISION-24NOV-C25,83cb90b0-93aa-48e4-abfa-bbdd74ba70b5,0.57
2024-09-21 16:42:05.922609+00:00,1115,0.44,no,FEDDECISION-24NOV-C25,0a6a58ae-fc81-4f3d-956c-299da6c12527,0.56
2024-09-21 16:42:10.997851+00:00,60,0.44,no,FEDDECISION-24NOV-C25,5921ca3e-7b74-469f-b212-93bb88a16d98,0.56
2024-09-21 16:52:36.409902+00:00,641,0.44,yes,FEDDECISION-24NOV-C25,dfe864b9-7fe2-48c4-afcf-f81141be53f5,0.56
2024-09-21 16:52:36.409902+00:00,1800,0.43,yes,FEDDECISION-24NOV-C25,2b7352e1-4c3b-4318-9b06-045b60f62538,0.57
2024-09-21 16:52:36.409902+00:00,9,0.44,yes,FEDDECISION-24NOV-C25,a19dc07c-3d8c-49d0-9cc2-b5ba0213cc2b,0.56
2024-09-21 16:52:56.599924+00:00,641,0.43,yes,FEDDECISION-24NOV-C25,7fe68377-6b03-450d-bb97-7c5e82341e85,0.57
2024-09-21 16:53:40.451127+00:00,1159,0.43,yes,FEDDECISION-24NOV-C25,1c52c95f-783e-4e6a-93d8-34809925b595,0.57
2024-09-21 16:55:19.101860+00:00,1000,0.42,yes,FEDDECISION-24NOV-C25,631089c5-12b0-4acd-b5c0-81bc419b0b43,0.58
2024-09-21 18:28:14.249646+00:00,200,0.43,yes,FEDDECISION-24NOV-C25,1aa52385-17f0-4292-970c-8ffee08c39c0,0.57
2024-09-21 19:02:23.052677+00:00,103,0.44,yes,FEDDECISION-24NOV-C25,35bab6fd-6f76-4a66-9bd4-1e87de89e131,0.56
2024-09-21 20:31:22.487437+00:00,2,0.46,no,FEDDECISION-24NOV-C25,e9f09bdb-f6a4-46be-b02b-4ac71822eea3,0.54
2024-09-21 20:31:31.889265+00:00,2,0.46,no,FEDDECISION-24NOV-C25,f66bbd8a-9421-4c9b-81f5-a6f42dbc391d,0.54
2024-09-21 20:42:25.250321+00:00,34,0.44,yes,FEDDECISION-24NOV-C25,d3aed86d-584a-4a7f-9112-55ad8ab69cb3,0.56
2024-09-22 00:38:45.399420+00:00,80,0.46,no,FEDDECISION-24NOV-C25,62770a3a-fdc1-475d-b86d-76b5abe21375,0.54
2024-09-22 12:33:12.757866+00:00,8,0.45,yes,FEDDECISION-24NOV-C25,61f6b31a-dd4e-4e03-85f5-0530bce28e04,0.55
2024-09-22 12:43:39.993456+00:00,1,0.45,yes,FEDDECISION-24NOV-C25,9ac5d18b-1726-49f4-b2e1-4badc7a0261c,0.55
2024-09-22 12:51:28.960287+00:00,1,0.45,yes,FEDDECISION-24NOV-C25,05132717-0465-4219-af94-21a8761c1133,0.55
2024-09-22 12:51:46.180151+00:00,1,0.45,yes,FEDDECISION-24NOV-C25,249fe6fa-b95f-4966-8094-b9010309695b,0.55
2024-09-22 12:52:30.940469+00:00,1,0.45,yes,FEDDECISION-24NOV-C25,4354a780-c8ea-43c5-a03b-e9de5da33a08,0.55
2024-09-22 12:53:59.589590+00:00,1,0.45,yes,FEDDECISION-24NOV-C25,ee539c68-c1a2-449e-b144-6e6a7f92c7f5,0.55
2024-09-22 13:45:07.363566+00:00,1,0.45,no,FEDDECISION-24NOV-C25,0a90bc8d-0c06-45e1-b67f-7687d9724fe0,0.55
2024-09-22 13:45:07.363566+00:00,1,0.45,no,FEDDECISION-24NOV-C25,65926012-7ce9-4af7-94ef-12812ffa1b8f,0.55
2024-09-22 13:45:07.363566+00:00,1,0.45,no,FEDDECISION-24NOV-C25,e9f8f822-9156-40a0-9d58-51f8faba3d36,0.55
2024-09-22 14:00:39.206143+00:00,16,0.46,no,FEDDECISION-24NOV-C25,b8b3a1be-ac62-4f50-b899-447d385b43cf,0.54
2024-09-22 14:00:39.206143+00:00,9,0.46,no,FEDDECISION-24NOV-C25,9e27cc5e-dcae-43cd-8a28-63a5c5548caf,0.54
2024-09-22 14:16:24.345743+00:00,25,0.43,yes,FEDDECISION-24NOV-C25,277ea011-19d1-4d84-ad8e-5a5e8b1e45ac,0.57
2024-09-22 14:58:54.327094+00:00,130,0.41,yes,FEDDECISION-24NOV-C25,6ec650a4-f4b6-41a6-b671-24d66700541f,0.59
2024-09-22 14:58:54.327094+00:00,10,0.42,yes,FEDDECISION-24NOV-C25,5c8bf5de-8355-44df-ba5b-4f252dfa4704,0.58
2024-09-22 14:58:54.327094+00:00,25,0.43,yes,FEDDECISION-24NOV-C25,8a9da776-b5c2-43d9-9b00-06b017e96cda,0.57
2024-09-22 15:42:31.914049+00:00,50,0.47,no,FEDDECISION-24NOV-C25,e6c991fe-9d00-44f6-8872-1082713cb1d2,0.53
2024-09-22 16:46:25.103412+00:00,3,0.46,yes,FEDDECISION-24NOV-C25,c98ad746-23f9-4968-8912-2e449dc9ec37,0.54
2024-09-22 17:05:04.291485+00:00,25,0.42,yes,FEDDECISION-24NOV-C25,9aa2b98e-26da-4b93-bc37-b5b29829fea4,0.58
2024-09-22 17:26:40.075060+00:00,7,0.46,no,FEDDECISION-24NOV-C25,a895cd86-9c35-4933-bdbb-d24621912d66,0.54
2024-09-22 17:28:23.482371+00:00,7,0.46,no,FEDDECISION-24NOV-C25,13bcee36-275f-47a3-96a9-d6a42cf3a4e3,0.54
2024-09-22 19:33:00.864556+00:00,1800,0.43,yes,FEDDECISION-24NOV-C25,ae3c47ab-1a4d-4b17-af86-271bb6afd9c1,0.57
2024-09-22 20:26:35.205730+00:00,7,0.44,no,FEDDECISION-24NOV-C25,e702d5bf-4011-4a41-a7d8-64f949bb8b87,0.56
2024-09-22 20:29:37.705311+00:00,6,0.44,no,FEDDECISION-24NOV-C25,a9798b56-6e53-4043-8634-18347c1772e3,0.56
2024-09-22 20:49:38.679907+00:00,34,0.43,yes,FEDDECISION-24NOV-C25,f50126f4-3d7b-4649-b655-bdc41321f9a7,0.57
2024-09-22 20:49:47.665275+00:00,12,0.44,no,FEDDECISION-24NOV-C25,72bc6208-4330-4871-b196-e16bdd4fdb52,0.56
2024-09-22 21:28:15.482776+00:00,50,0.45,no,FEDDECISION-24NOV-C25,5e05dd57-029c-4e07-8443-3abec1e9cca3,0.55
2024-09-22 21:29:19.455060+00:00,300,0.45,no,FEDDECISION-24NOV-C25,e086472c-698a-4117-a271-7f821cb0400e,0.55
2024-09-22 21:30:28.727333+00:00,3,0.46,no,FEDDECISION-24NOV-C25,ccef9159-c542-42ea-b9b9-86cbffa4fba9,0.54
2024-09-22 21:32:28.176785+00:00,71,0.48,no,FEDDECISION-24NOV-C25,b59c27ac-f2a9-471a-a92a-c645a8f49d7f,0.52
2024-09-22 22:11:36.129128+00:00,929,0.48,no,FEDDECISION-24NOV-C25,a8d72c99-c05a-413a-a335-1cbce09048d2,0.52
2024-09-22 22:27:11.395251+00:00,20,0.49,no,FEDDECISION-24NOV-C25,94809585-959a-4e59-a604-c86da105ab78,0.51
2024-09-22 23:57:06.564829+00:00,18,0.47,yes,FEDDECISION-24NOV-C25,6c565001-6772-49b0-8c7b-b17f840e0b50,0.53
2024-09-23 01:07:01.934130+00:00,49,0.45,yes,FEDDECISION-24NOV-C25,53def278-78b7-4221-bfb7-fd41fb53bd25,0.55
2024-09-23 01:22:50.845519+00:00,21,0.49,no,FEDDECISION-24NOV-C25,70c91434-9959-499b-b595-bc6f4d796563,0.51
2024-09-23 01:31:00.196357+00:00,35,0.45,yes,FEDDECISION-24NOV-C25,23c56d0c-4370-4c2a-b69c-12be063c5f72,0.55
2024-09-23 01:35:13.724269+00:00,37,0.45,yes,FEDDECISION-24NOV-C25,bad262f1-d0d2-4bed-9b06-e60a4b6a7091,0.55
2024-09-23 03:43:21.546261+00:00,2,0.45,yes,FEDDECISION-24NOV-C25,20136803-7624-479c-ab35-03fe83aee56e,0.55
2024-09-23 03:43:21.546261+00:00,33,0.45,yes,FEDDECISION-24NOV-C25,2af7b112-8ce8-4dfb-a561-5972048da433,0.55
2024-09-23 03:45:33.826065+00:00,17,0.45,yes,FEDDECISION-24NOV-C25,33ed848b-fdc8-45d3-a6fa-4ecba77769bf,0.55
2024-09-23 03:58:24.045723+00:00,14,0.45,yes,FEDDECISION-24NOV-C25,7bbb9cf9-ad06-4b70-ac1b-53c579a91ba4,0.55
2024-09-23 12:15:58.966534+00:00,959,0.49,no,FEDDECISION-24NOV-C25,aa11b081-d425-4e22-8758-075a6ec333d6,0.51
2024-09-23 12:15:58.966534+00:00,477,0.5,no,FEDDECISION-24NOV-C25,c3c213c0-c7b7-4a45-b47f-87c9206eac84,0.5
2024-09-23 12:15:58.966534+00:00,94,0.5,no,FEDDECISION-24NOV-C25,ce27298c-4425-4459-ac77-17d4225c2fca,0.5
2024-09-23 12:15:58.966534+00:00,17,0.48,no,FEDDECISION-24NOV-C25,2912c576-1af2-4fbf-aa84-388fd2c6dc91,0.52
2024-09-23 13:12:41.999017+00:00,78,0.46,no,FEDDECISION-24NOV-C25,357ef69d-0364-4237-9144-07ecbf4fb2d0,0.54
2024-09-23 13:38:11.687942+00:00,32,0.44,yes,FEDDECISION-24NOV-C25,ee33d261-f476-487f-8482-140cd0601d48,0.56
2024-09-23 14:02:29.003494+00:00,111,0.45,no,FEDDECISION-24NOV-C25,0241444e-ca61-45e8-aefa-ef0d7c25c5b3,0.55
2024-09-23 14:03:35.384566+00:00,114,0.48,no,FEDDECISION-24NOV-C25,5d0b8bff-b8fe-444f-980e-a608f24b89a4,0.52
2024-09-23 14:03:35.384566+00:00,126,0.49,no,FEDDECISION-24NOV-C25,0069490d-ea27-423a-8060-09123607f586,0.51
2024-09-23 14:04:01.789756+00:00,88,0.44,yes,FEDDECISION-24NOV-C25,403ebe92-f32c-42ba-ab4e-854e49c25107,0.56
2024-09-23 14:51:56.869647+00:00,17,0.43,yes,FEDDECISION-24NOV-C25,d9d7b4c7-70c7-4432-9d81-26ac489e44be,0.57
2024-09-23 15:34:20.766184+00:00,25,0.44,yes,FEDDECISION-24NOV-C25,2b3e3280-e356-440c-ac1f-50a627490cef,0.56
2024-09-23 15:34:20.766184+00:00,94,0.43,yes,FEDDECISION-24NOV-C25,afec6672-e510-479c-89a0-838953e710f7,0.57
2024-09-23 15:54:57.765700+00:00,1,0.44,yes,FEDDECISION-24NOV-C25,819a23f5-3ca2-40f9-9aad-25b7aa9491ab,0.56
2024-09-23 16:02:42.860080+00:00,59,0.46,no,FEDDECISION-24NOV-C25,59f3d4fb-bb7b-4a8d-968b-6d445de19b6f,0.54
2024-09-23 16:59:11.990587+00:00,21,0.46,yes,FEDDECISION-24NOV-C25,1d47f79d-bb58-4947-aa52-b6442efdcad8,0.54
2024-09-23 17:08:11.933762+00:00,10,0.46,yes,FEDDECISION-24NOV-C25,bf650a06-283e-44b8-b0e8-56f9f1f64f8e,0.54
2024-09-23 17:50:24.061884+00:00,91,0.47,yes,FEDDECISION-24NOV-C25,cb5bef15-be70-409f-8425-a7bc0223f843,0.53
2024-09-23 19:01:45.737139+00:00,999,0.47,yes,FEDDECISION-24NOV-C25,82de7cd0-07a2-4d49-9eab-9074c575ab5e,0.53
2024-09-23 19:01:45.737139+00:00,1,0.48,yes,FEDDECISION-24NOV-C25,dabc8c87-70de-4d91-8c15-8cb4d442c88a,0.52
2024-09-23 19:07:34.170647+00:00,1,0.47,yes,FEDDECISION-24NOV-C25,0d0ed051-90c2-4f80-8abf-b50b92c08efb,0.53
2024-09-23 19:07:34.170647+00:00,1999,0.47,yes,FEDDECISION-24NOV-C25,7e03e7b3-0ceb-4239-80d3-257a3a84fbc9,0.53
2024-09-23 19:21:35.170887+00:00,27,0.47,yes,FEDDECISION-24NOV-C25,63349d49-67ba-4505-a83b-b050099fd800,0.53
2024-09-23 20:56:08.064660+00:00,31,0.46,yes,FEDDECISION-24NOV-C25,2d5de4a0-7a69-4de4-9464-9ff8c4cf99f1,0.54
2024-09-23 20:56:08.064660+00:00,1,0.47,yes,FEDDECISION-24NOV-C25,87e6262e-d004-435e-822d-dc382095e350,0.53
2024-09-23 20:57:57.628609+00:00,340,0.45,yes,FEDDECISION-24NOV-C25,3898567a-aece-4a5c-b4bb-24ad0830ed49,0.55
2024-09-23 20:57:57.628609+00:00,191,0.46,yes,FEDDECISION-24NOV-C25,751056cb-e621-4651-a94c-c80d2c804aed,0.54
2024-09-23 20:57:57.628609+00:00,1,0.46,yes,FEDDECISION-24NOV-C25,bafbac68-1809-4cc7-9b7d-711eca5d2a7f,0.54
2024-09-23 21:12:08.979076+00:00,1,0.46,yes,FEDDECISION-24NOV-C25,174db988-14b8-4e01-aff1-105b776221cf,0.54
2024-09-23 21:30:39.077509+00:00,170,0.43,yes,FEDDECISION-24NOV-C25,00fa388e-86bf-4564-8a05-4a29310bc3e3,0.57
2024-09-23 22:14:40.484895+00:00,50,0.44,yes,FEDDECISION-24NOV-C25,535581e1-2d9d-4500-bf2f-d8b0674569f7,0.56
2024-09-23 23:32:57.375026+00:00,9,0.46,no,FEDDECISION-24NOV-C25,e1c22cbd-5298-44a2-9b9d-dc42f5e1c173,0.54
2024-09-23 23:32:57.375026+00:00,5,0.46,no,FEDDECISION-24NOV-C25,b2a91076-7f5c-49a2-90b7-19cc20148cc7,0.54
2024-09-23 23:45:38.204495+00:00,999,0.46,yes,FEDDECISION-24NOV-C25,f7a2042f-d0c9-4f20-a0b9-dcada3a1c264,0.54
2024-09-23 23:45:38.204495+00:00,1,0.47,yes,FEDDECISION-24NOV-C25,3fec7bcd-7389-4fa6-a4ea-979cbd5d8aca,0.53
2024-09-24 02:37:30.938804+00:00,176,0.46,yes,FEDDECISION-24NOV-C25,061cfd23-706e-4ea3-b549-3de0e42094da,0.54
2024-09-24 02:37:30.938804+00:00,1,0.47,yes,FEDDECISION-24NOV-C25,745ad766-ec11-4ce8-a7fb-7c3ec99df78b,0.53
2024-09-24 12:00:21.082886+00:00,73,0.47,yes,FEDDECISION-24NOV-C25,74281808-269a-48fe-a4f2-c8ead9a0d93f,0.53
2024-09-24 12:59:39.312944+00:00,100,0.46,no,FEDDECISION-24NOV-C25,9bad5f47-7477-41cd-aa5d-9d23380da4bf,0.54
2024-09-24 13:16:42.667767+00:00,50,0.44,yes,FEDDECISION-24NOV-C25,3749eb28-4fe3-4885-9a07-f6ba4c24858d,0.56
2024-09-24 14:15:48.844750+00:00,523,0.5,no,FEDDECISION-24NOV-C25,ed229cae-4a34-4730-8044-394b28e7a670,0.5
2024-09-24 15:28:36.325549+00:00,94,0.49,yes,FEDDECISION-24NOV-C25,4b926cec-9dde-42ed-af85-568af7051f49,0.51
2024-09-24 15:42:44.465935+00:00,253,0.5,yes,FEDDECISION-24NOV-C25,73eea1ca-f41d-411b-9870-bec90a7c1753,0.5
2024-09-24 16:15:00.416132+00:00,9,0.51,yes,FEDDECISION-24NOV-C25,46690d2d-9631-4575-ac79-bb5311337f87,0.49
2024-09-24 16:40:16.029131+00:00,111,0.52,no,FEDDECISION-24NOV-C25,2963d8bf-91de-4282-939c-358cba5d6798,0.48
2024-09-24 16:48:01.545392+00:00,4,0.52,yes,FEDDECISION-24NOV-C25,1aae2efa-bcf3-46d9-8792-63228ab633f7,0.48
2024-09-24 17:19:22.997020+00:00,1,0.5,yes,FEDDECISION-24NOV-C25,3ebc37f4-6e6e-4cab-82db-870ba6a050f7,0.5
2024-09-24 17:19:22.997020+00:00,1,0.51,yes,FEDDECISION-24NOV-C25,57c19d66-9936-4edc-bf95-5fb91b41969b,0.49
2024-09-24 17:19:22.997020+00:00,3,0.49,yes,FEDDECISION-24NOV-C25,e1bbe009-3c75-4cd4-abb6-06918ba2d4d1,0.51
2024-09-24 17:19:51.972588+00:00,500,0.48,yes,FEDDECISION-24NOV-C25,60f75b1a-7e4d-480a-8100-e0aaf2556f42,0.52
2024-09-24 18:49:18.797475+00:00,15,0.5,no,FEDDECISION-24NOV-C25,9fa80aeb-2d26-4aef-a1e9-d68e6a05891d,0.5
2024-09-24 18:49:18.797475+00:00,5,0.5,no,FEDDECISION-24NOV-C25,f026d1d3-c486-4a9b-b409-f25c9180c2da,0.5
2024-09-24 20:53:11.862771+00:00,107,0.52,yes,FEDDECISION-24NOV-C25,f53f1f0c-9aea-458a-aa64-548b7e44aac1,0.48
2024-09-24 20:53:11.862771+00:00,183,0.52,yes,FEDDECISION-24NOV-C25,f14756f5-6e24-468a-8d56-6cc7d0198d81,0.48
2024-09-24 20:53:11.862771+00:00,5,0.51,yes,FEDDECISION-24NOV-C25,78ba0d29-93b6-4c35-871b-6abaef78e4fd,0.49
2024-09-24 20:53:11.862771+00:00,705,0.51,yes,FEDDECISION-24NOV-C25,ab16cfeb-c77f-4fbe-b1b5-b93910277a75,0.49
2024-09-24 21:25:21.414375+00:00,13,0.53,yes,FEDDECISION-24NOV-C25,6201914e-984d-48aa-a210-de42f0465224,0.47
2024-09-24 22:49:22.405407+00:00,142,0.48,yes,FEDDECISION-24NOV-C25,0b81e66f-2b66-41e9-ac46-60a5478e503f,0.52
2024-09-24 22:49:22.405407+00:00,50,0.48,yes,FEDDECISION-24NOV-C25,9d3f6c78-4dd7-49eb-ace9-0aa79c8e51a0,0.52
2024-09-24 23:50:51.625319+00:00,75,0.52,no,FEDDECISION-24NOV-C25,17383448-9f55-4619-ad0e-b5409ab10217,0.48
2024-09-25 02:29:51.718395+00:00,8,0.53,no,FEDDECISION-24NOV-C25,6ca78dcc-1f68-4f3a-85f0-bc4e33e8f40d,0.47
2024-09-25 02:30:01.727709+00:00,12,0.54,no,FEDDECISION-24NOV-C25,24d26e47-9f90-4f70-b938-5ba66f5f6573,0.46
2024-09-25 03:32:17.066709+00:00,11,0.49,yes,FEDDECISION-24NOV-C25,82edf708-0488-45ff-905b-24c8429816da,0.51
2024-09-25 03:32:17.066709+00:00,8,0.5,yes,FEDDECISION-24NOV-C25,c14fc2fc-4d38-4cfc-bea3-f6b67619bb7f,0.5
2024-09-25 03:42:20.468080+00:00,11,0.52,no,FEDDECISION-24NOV-C25,2d392e00-9ff0-412b-982d-cb3d54724c9d,0.48
2024-09-25 03:42:58.387220+00:00,22,0.54,no,FEDDECISION-24NOV-C25,8127a1f1-2096-4b3a-8c60-0537ded8b411,0.46
2024-09-25 03:42:58.488760+00:00,11,0.54,no,FEDDECISION-24NOV-C25,707d6338-e832-4e8d-b1a3-81e45eb871e0,0.46
2024-09-25 12:30:00.957492+00:00,3,0.52,yes,FEDDECISION-24NOV-C25,8905cd22-3984-463c-8136-307c013769ac,0.48
2024-09-25 12:59:57.569099+00:00,155,0.54,no,FEDDECISION-24NOV-C25,d3e2b09b-e70f-489c-96f4-7ba702bbc5e0,0.46
2024-09-25 13:10:26.784979+00:00,166,0.57,no,FEDDECISION-24NOV-C25,698465b8-30fe-44f4-b03d-bd33f07b4172,0.43
2024-09-25 13:21:32.891869+00:00,3,0.54,yes,FEDDECISION-24NOV-C25,665fdf97-3d63-4e21-98e1-bcd7a8677e84,0.46
2024-09-25 13:21:32.891869+00:00,4997,0.53,yes,FEDDECISION-24NOV-C25,8ba8a187-355b-4014-aad8-8cf424c0dd0f,0.47
2024-09-25 14:30:12.230229+00:00,20,0.52,yes,FEDDECISION-24NOV-C25,4208ebae-1b20-4946-9032-d17fa9cd3956,0.48
2024-09-25 15:00:19.301274+00:00,100,0.52,yes,FEDDECISION-24NOV-C25,9e962888-2496-4759-b413-4d3c87cf46cb,0.48
2024-09-25 17:24:22.925516+00:00,1,0.53,yes,FEDDECISION-24NOV-C25,fb79f8b4-f45a-4086-9c55-d9e5415bc97c,0.47
2024-09-25 17:24:22.925516+00:00,3,0.51,yes,FEDDECISION-24NOV-C25,1d8abc5f-e952-42d8-9f29-ac127f0bb878,0.49
2024-09-25 17:24:22.925516+00:00,1,0.53,yes,FEDDECISION-24NOV-C25,7c2e28a4-e600-4965-bb17-b7bc4d16fc6c,0.47
2024-09-25 17:24:22.925516+00:00,200,0.53,yes,FEDDECISION-24NOV-C25,e6144f8c-3189-4e34-a980-57fcae22344a,0.47
2024-09-25 17:24:58.177621+00:00,1,0.53,yes,FEDDECISION-24NOV-C25,fe55d76b-b1b7-43e2-8457-58a071fcdc68,0.47
2024-09-25 17:30:52.299809+00:00,14,0.52,yes,FEDDECISION-24NOV-C25,af57c28f-81a3-4089-a623-6ec2b085970d,0.48
2024-09-25 17:39:49.887690+00:00,50,0.52,yes,FEDDECISION-24NOV-C25,2d47c215-2039-40c1-be3f-4730afbe2b84,0.48
2024-09-25 17:59:23.298124+00:00,35,0.53,no,FEDDECISION-24NOV-C25,60f2c916-09f5-421b-b0f9-8c7f2301607d,0.47
2024-09-25 18:19:26.018002+00:00,20,0.53,yes,FEDDECISION-24NOV-C25,0709b602-845e-4db0-87b2-3b314bc61f4d,0.47
2024-09-25 18:19:40.088466+00:00,10,0.53,yes,FEDDECISION-24NOV-C25,83b8d7fb-8f9e-4212-9f46-9c502576ec20,0.47
2024-09-25 18:30:52.563107+00:00,1,0.53,yes,FEDDECISION-24NOV-C25,f78c6c18-9adf-425a-9470-59d859fbd559,0.47
2024-09-25 18:30:52.563107+00:00,50,0.53,yes,FEDDECISION-24NOV-C25,ebabbb00-1d0d-48df-b104-6a1c45d5760b,0.47
2024-09-25 21:02:32.689408+00:00,5,0.5,no,FEDDECISION-24NOV-C25,fb8169df-1222-4d83-bd49-10e5e99970bc,0.5
2024-09-25 21:31:07.971024+00:00,5,0.55,no,FEDDECISION-24NOV-C25,90b0a997-63f9-4bbe-ab30-e1fa12bfef5f,0.45
2024-09-25 21:34:27.037742+00:00,100,0.55,yes,FEDDECISION-24NOV-C25,7e2112f5-ff2b-453d-8def-d3678782eccf,0.45
2024-09-25 21:34:27.037742+00:00,5,0.55,yes,FEDDECISION-24NOV-C25,f3d2cb32-4b46-4b11-a7df-1a38901bb8ab,0.45
2024-09-25 22:02:34.569003+00:00,527,0.57,no,FEDDECISION-24NOV-C25,18689aa8-6083-4ce2-878c-62537e8819b9,0.43
2024-09-25 22:02:34.569003+00:00,5,0.56,no,FEDDECISION-24NOV-C25,40d71858-0780-45a9-a852-8c11de09b322,0.44
2024-09-25 22:04:37.960232+00:00,5,0.56,yes,FEDDECISION-24NOV-C25,3b56159f-f737-4d96-8037-2990366ef2cf,0.44
2024-09-25 22:04:37.960232+00:00,525,0.55,yes,FEDDECISION-24NOV-C25,b41e3c8d-bb2b-4149-949f-3b1d04da679a,0.45
2024-09-25 22:04:52.038981+00:00,33,0.56,yes,FEDDECISION-24NOV-C25,a10efa23-1e4e-4af5-968e-8ecde0008285,0.44
2024-09-25 22:04:52.038981+00:00,1,0.55,yes,FEDDECISION-24NOV-C25,1227231f-20ce-4a4b-b81e-365244f35aa4,0.45
2024-09-25 22:04:58.883601+00:00,1,0.52,no,FEDDECISION-24NOV-C25,e76185fe-0527-40d2-9c24-7165045a1b25,0.48
2024-09-25 22:13:47.660753+00:00,1,0.53,no,FEDDECISION-24NOV-C25,78cc8c50-882e-4ae6-9f7a-1c12c716c7da,0.47
2024-09-25 22:14:44.384102+00:00,5,0.52,no,FEDDECISION-24NOV-C25,2cf1f465-d929-48ca-9e1e-554a5441baa1,0.48
2024-09-25 23:01:38.694432+00:00,5,0.57,yes,FEDDECISION-24NOV-C25,7b264a50-b0d8-468d-b185-89b27d7c46c0,0.43
2024-09-25 23:01:48.560914+00:00,5,0.52,no,FEDDECISION-24NOV-C25,9c66f8f0-8d15-4bfd-bda9-762c5811df79,0.48
2024-09-25 23:22:52.618326+00:00,5,0.55,yes,FEDDECISION-24NOV-C25,e8b904ca-95be-46d3-a878-4c39bafdea24,0.45
2024-09-25 23:22:52.618326+00:00,123,0.55,yes,FEDDECISION-24NOV-C25,94156aff-4f44-4c71-9884-8516f2cc7b36,0.45
2024-09-26 00:07:50.089512+00:00,15,0.57,no,FEDDECISION-24NOV-C25,6f6c5bc8-4c70-4e47-be73-482d65c4475a,0.43
2024-09-26 03:18:01.006790+00:00,100,0.55,yes,FEDDECISION-24NOV-C25,a6513b84-bd17-41f5-b259-bf2ce7133b65,0.45
2024-09-26 03:18:01.006790+00:00,22,0.53,yes,FEDDECISION-24NOV-C25,523b65de-11d8-47cc-9945-c5b36f9b448e,0.47
2024-09-26 03:18:01.006790+00:00,100,0.53,yes,FEDDECISION-24NOV-C25,234658bb-f353-46e8-9521-6ca3448d777e,0.47
2024-09-26 03:18:01.006790+00:00,100,0.55,yes,FEDDECISION-24NOV-C25,3f75cfe8-fea5-4a0d-bd50-c08c5f675363,0.45
2024-09-26 03:18:01.006790+00:00,100,0.54,yes,FEDDECISION-24NOV-C25,444fe873-85b7-4ec0-8e4a-7487e91bb937,0.46
2024-09-26 12:33:42.646072+00:00,3000,0.53,no,FEDDECISION-24NOV-C25,9a58f961-e8e3-4d84-8e52-e75374f9acaf,0.47
2024-09-26 13:23:53.810553+00:00,51,0.54,no,FEDDECISION-24NOV-C25,672a3627-431d-4484-927f-a01f7d41831a,0.46
2024-09-26 13:34:03.493204+00:00,2100,0.52,yes,FEDDECISION-24NOV-C25,0939c00c-0f3a-415b-9b69-949fe62ade4f,0.48
2024-09-26 14:52:59.796458+00:00,26,0.52,yes,FEDDECISION-24NOV-C25,679abb05-1620-4076-899e-b35fee887507,0.48
2024-09-26 14:56:43.721985+00:00,41,0.52,yes,FEDDECISION-24NOV-C25,b35868fe-0b1c-44f0-a2ed-1fda2f2a8b76,0.48
2024-09-26 14:58:11.457235+00:00,65,0.53,no,FEDDECISION-24NOV-C25,244e23b0-5f35-46dd-b93e-6edfa2580433,0.47
2024-09-26 15:45:33.968023+00:00,901,0.52,yes,FEDDECISION-24NOV-C25,7e21fdc7-b070-4e2f-a92d-b20a65786dac,0.48
2024-09-26 15:45:33.968023+00:00,99,0.52,yes,FEDDECISION-24NOV-C25,8fe87ef7-2a5a-4d00-b299-1b08a28d9c86,0.48
2024-09-26 15:49:47.795325+00:00,20,0.52,yes,FEDDECISION-24NOV-C25,74ec59c0-d0d9-41c5-be19-7aafc8ee08b5,0.48
2024-09-26 15:55:28.598931+00:00,5,0.52,yes,FEDDECISION-24NOV-C25,f7c5b749-9a7c-41af-8da4-25fc5d7ccb7b,0.48
2024-09-26 17:10:23.088633+00:00,125,0.51,yes,FEDDECISION-24NOV-C25,02b12999-5208-4768-9f5b-629ba16cc0a9,0.49
2024-09-26 17:37:14.582364+00:00,75,0.51,yes,FEDDECISION-24NOV-C25,1fbf2f0f-1c85-43a1-b378-d52e8c333372,0.49
2024-09-26 18:09:09.154437+00:00,96,0.5,yes,FEDDECISION-24NOV-C25,1b285234-93d9-4e4d-afac-9f6fdcee8a0c,0.5
2024-09-26 18:28:16.652568+00:00,275,0.51,no,FEDDECISION-24NOV-C25,ac0da16e-eff2-4b4b-8f34-518914f3befc,0.49
2024-09-26 21:41:17.042424+00:00,4,0.49,yes,FEDDECISION-24NOV-C25,e6dea0e1-46fd-4d93-8aad-895cba3d63df,0.51
2024-09-26 21:41:17.042424+00:00,150,0.49,yes,FEDDECISION-24NOV-C25,1b47f4bb-2ff2-42de-a690-b179d32c2618,0.51
2024-09-26 23:20:27.603505+00:00,300,0.48,yes,FEDDECISION-24NOV-C25,4d6a2152-2c5f-46a1-b38e-7635a1eeb6ae,0.52
2024-09-26 23:20:27.603505+00:00,111,0.47,yes,FEDDECISION-24NOV-C25,c2ffcf2d-0248-4c40-bab0-133280251b19,0.53
2024-09-26 23:20:27.603505+00:00,9,0.47,yes,FEDDECISION-24NOV-C25,e16301cb-a5af-48de-9449-9aa072d17fa6,0.53
2024-09-27 00:06:45.485441+00:00,1,0.46,yes,FEDDECISION-24NOV-C25,7badcdfc-9a9c-491d-872b-86c7ab17790a,0.54
2024-09-27 12:21:58.860770+00:00,1,0.48,yes,FEDDECISION-24NOV-C25,a93d3677-ce9c-46b5-af64-d7f4fd7843a2,0.52
2024-09-27 12:31:41.981301+00:00,4,0.49,no,FEDDECISION-24NOV-C25,c1cfc972-d6d1-430d-97ad-85a4ba5480b5,0.51
2024-09-27 12:31:42.095156+00:00,4,0.51,no,FEDDECISION-24NOV-C25,f6916993-1275-490e-8ae7-7a35f4d92f84,0.49
2024-09-27 12:32:10.432847+00:00,100,0.51,no,FEDDECISION-24NOV-C25,587f1239-a32c-4f54-8a87-966aee4a8eab,0.49
2024-09-27 12:32:10.432847+00:00,5,0.51,no,FEDDECISION-24NOV-C25,6aa3f4ee-a400-4f8b-8cd1-90cc69839787,0.49
2024-09-27 14:19:06.611809+00:00,3,0.49,yes,FEDDECISION-24NOV-C25,37e39586-8c55-4a90-a3ea-c1f009668b3e,0.51
2024-09-27 14:34:09.084992+00:00,1,0.49,yes,FEDDECISION-24NOV-C25,d9dd5bda-a506-4d56-9b6a-903e646d605e,0.51
2024-09-27 14:35:21.354478+00:00,17,0.49,yes,FEDDECISION-24NOV-C25,5ded953c-6b78-4502-a4cf-87a5a4303050,0.51
2024-09-27 16:18:34.800397+00:00,1000,0.5,no,FEDDECISION-24NOV-C25,d4111070-0050-4507-beaa-4fb7022e0012,0.5
2024-09-27 16:26:31.884379+00:00,8,0.5,yes,FEDDECISION-24NOV-C25,93eb3563-a8ae-44b4-96f8-934de7cac03e,0.5
2024-09-27 16:32:20.788332+00:00,1500,0.51,no,FEDDECISION-24NOV-C25,e23c1398-28b5-4eef-97fc-3e7e52f74fd2,0.49
2024-09-27 16:32:20.788332+00:00,1000,0.51,no,FEDDECISION-24NOV-C25,c8291e65-7d19-439b-81c7-93cab31036d3,0.49
2024-09-27 16:32:20.788332+00:00,500,0.51,no,FEDDECISION-24NOV-C25,08b2fa51-ad8c-4c5d-b9ea-3c834979b9f3,0.49
2024-09-27 16:32:20.788332+00:00,99,0.51,no,FEDDECISION-24NOV-C25,5c19433c-0e4c-4527-92e1-05cac43750f7,0.49
2024-09-27 17:10:31.223137+00:00,100,0.51,yes,FEDDECISION-24NOV-C25,11a9244d-db2f-448e-a627-2c64b9420f00,0.49
2024-09-27 17:22:46.140957+00:00,150,0.52,no,FEDDECISION-24NOV-C25,d8b8ca33-869c-42bf-8d06-9566a8508f96,0.48
2024-09-27 17:22:46.140957+00:00,50,0.52,no,FEDDECISION-24NOV-C25,e1bc28f1-b3a9-44b0-850c-9383ee0db929,0.48
2024-09-27 17:22:46.140957+00:00,100,0.52,no,FEDDECISION-24NOV-C25,f0cee45a-6fba-4d0e-9611-07754e75251e,0.48
2024-09-27 17:23:26.705302+00:00,566,0.52,no,FEDDECISION-24NOV-C25,d2a43769-1654-4358-a48e-16424ea57ac5,0.48
2024-09-27 17:23:26.705302+00:00,2450,0.52,no,FEDDECISION-24NOV-C25,dcb99437-3a17-4023-97ef-c77704e17384,0.48
2024-09-27 17:36:18.754148+00:00,10,0.52,yes,FEDDECISION-24NOV-C25,0f40e804-ef11-4c98-8ba9-57afb75eb0ae,0.48
2024-09-27 17:46:28.558906+00:00,5000,0.52,yes,FEDDECISION-24NOV-C25,712e7ae8-3ee9-4bba-a9d3-e23aad7e74c4,0.48
2024-09-27 19:02:13.476420+00:00,10,0.52,yes,FEDDECISION-24NOV-C25,70628b66-df56-40fe-99b2-487d7f6423a2,0.48
2024-09-27 20:34:56.408331+00:00,200,0.52,yes,FEDDECISION-24NOV-C25,51e9e8dd-8458-4441-bfa1-969ebccaf9c6,0.48
2024-09-27 23:55:00.604140+00:00,40,0.52,yes,FEDDECISION-24NOV-C25,a96e570c-5b7e-4c3e-a15b-2984d95e913e,0.48
2024-09-28 00:08:29.186945+00:00,2724,0.52,yes,FEDDECISION-24NOV-C25,c814c789-4b33-4119-9bcc-580fd6b8755a,0.48
2024-09-28 00:08:29.186945+00:00,3,0.52,yes,FEDDECISION-24NOV-C25,e3332e88-d9d6-4c86-93c7-a09fc15d651e,0.48
2024-09-28 00:32:11.515119+00:00,20,0.49,yes,FEDDECISION-24NOV-C25,4ef647ff-96e5-4dda-8486-cd3ca9061e01,0.51
2024-09-28 00:32:11.515119+00:00,3,0.49,yes,FEDDECISION-24NOV-C25,68692977-1c45-4cb5-acef-7082052703b4,0.51
2024-09-28 00:32:11.515119+00:00,2,0.49,yes,FEDDECISION-24NOV-C25,bb982fb3-0bfe-44de-b9d1-e6d864563fbb,0.51
2024-09-28 02:22:35.612747+00:00,9,0.49,yes,FEDDECISION-24NOV-C25,5b007b62-d4f6-4ff4-8277-fb10d422cd69,0.51
2024-09-28 16:34:07.178068+00:00,180,0.49,yes,FEDDECISION-24NOV-C25,36490744-4700-4b8f-8154-23796564a6f9,0.51
2024-09-28 16:34:07.178068+00:00,102,0.49,yes,FEDDECISION-24NOV-C25,cc6cc5a5-ad41-48ff-a4ca-1799f50dc52f,0.51
2024-09-28 17:36:40.140560+00:00,1,0.49,yes,FEDDECISION-24NOV-C25,f9f7e5f7-b7f7-4a95-83ef-88142f14b332,0.51
2024-09-28 17:36:40.140560+00:00,100,0.48,yes,FEDDECISION-24NOV-C25,5b64a245-330e-4e96-b178-4c0699b8c231,0.52
2024-09-28 17:36:40.140560+00:00,83,0.47,yes,FEDDECISION-24NOV-C25,f7632306-ef1f-4f55-93e1-054819efd876,0.53
2024-09-28 18:04:43.677325+00:00,18,0.47,yes,FEDDECISION-24NOV-C25,d0dbb9af-a62d-41cf-bcdd-e8b6542badd1,0.53
2024-09-28 19:04:33.515892+00:00,1,0.48,no,FEDDECISION-24NOV-C25,9802f941-6ca2-40da-94f7-ef46409a713e,0.52
2024-09-28 20:55:02.549030+00:00,4,0.48,no,FEDDECISION-24NOV-C25,e4180431-4a6c-4be0-b1b9-95a70704bf5b,0.52
2024-09-28 21:22:13.150083+00:00,20,0.48,no,FEDDECISION-24NOV-C25,afe69a07-8092-40eb-9b8c-962b949f71cd,0.52
2024-09-28 22:12:07.262859+00:00,175,0.48,no,FEDDECISION-24NOV-C25,9f6d7210-862a-4c0b-bde6-4247fdd2058b,0.52
2024-09-28 23:31:27.461483+00:00,49,0.5,no,FEDDECISION-24NOV-C25,4a127a0d-2216-419a-b914-b54b430e7834,0.5
2024-09-28 23:53:57.789381+00:00,4,0.47,yes,FEDDECISION-24NOV-C25,11579914-d853-4b80-a021-729fd7acb5c1,0.53
2024-09-28 23:53:57.789381+00:00,5,0.47,yes,FEDDECISION-24NOV-C25,8fb0153e-4626-493c-9b6d-f99f5c8adec6,0.53
2024-09-29 14:07:09.032140+00:00,36,0.47,yes,FEDDECISION-24NOV-C25,8c9a5f4e-203b-4dc2-bdc5-bb72f86f3d45,0.53
2024-09-29 15:22:16.917319+00:00,18,0.47,yes,FEDDECISION-24NOV-C25,ae23deb8-4c6f-4929-ba9e-7ca219cbf972,0.53
2024-09-29 20:03:15.828232+00:00,10,0.48,no,FEDDECISION-24NOV-C25,f06a0277-9fe6-4f70-a743-bbee9da6ba60,0.52
2024-09-29 21:55:34.625937+00:00,46,0.48,yes,FEDDECISION-24NOV-C25,b8c5625b-ae2a-4a12-b893-f626567852b8,0.52
2024-09-30 12:00:54.626568+00:00,316,0.44,yes,FEDDECISION-24NOV-C25,14f3561c-2b91-45d8-97ba-57f1266ea171,0.56
2024-09-30 12:00:54.626568+00:00,59,0.47,yes,FEDDECISION-24NOV-C25,a6286264-1813-470e-9068-9bc4f09e7e0d,0.53
2024-09-30 12:00:54.626568+00:00,541,0.47,yes,FEDDECISION-24NOV-C25,fe5f440c-c019-427e-a854-41f765e2aa6a,0.53
2024-09-30 12:01:42.567947+00:00,201,0.43,no,FEDDECISION-24NOV-C25,47fee407-5340-4fcd-9838-68ef2acf8b93,0.57
2024-09-30 12:03:00.894732+00:00,134,0.45,no,FEDDECISION-24NOV-C25,90c403c3-f67b-428a-bb4d-f818a5539dff,0.55
2024-09-30 12:20:27.125255+00:00,57,0.46,yes,FEDDECISION-24NOV-C25,485d90b5-cc35-4aa4-a4e3-9489f332619c,0.54
2024-09-30 13:54:21.777280+00:00,572,0.44,no,FEDDECISION-24NOV-C25,a657f3ac-c3a0-41eb-8c40-f41c2418e429,0.56
2024-09-30 13:59:31.206038+00:00,426,0.44,no,FEDDECISION-24NOV-C25,6005740a-59eb-470f-bafd-8c420b6d78e8,0.56
2024-09-30 14:27:13.454638+00:00,125,0.45,no,FEDDECISION-24NOV-C25,1375940d-7b6b-43c9-9e49-f01036f77fe2,0.55
2024-09-30 14:32:39.665333+00:00,99,0.48,no,FEDDECISION-24NOV-C25,4fa820e6-be5e-43e0-ace1-0d33f1b308a8,0.52
2024-09-30 14:32:39.665333+00:00,1,0.47,no,FEDDECISION-24NOV-C25,1d8a501f-45bd-4f9a-a94a-86940eb0f391,0.53
2024-09-30 17:56:02.965454+00:00,100,0.48,yes,FEDDECISION-24NOV-C25,ae9dd542-6adb-49e0-93d2-577a07f1eaf6,0.52
2024-09-30 17:56:02.965454+00:00,123,0.47,yes,FEDDECISION-24NOV-C25,7d150ea4-290a-4062-aef7-cf40435fb5eb,0.53
2024-09-30 18:06:38.305417+00:00,427,0.43,yes,FEDDECISION-24NOV-C25,ca5b9f23-feb2-458f-841a-b538012dbafd,0.57
2024-09-30 18:06:43.535039+00:00,324,0.42,yes,FEDDECISION-24NOV-C25,545c084e-7cfa-452e-bfd3-48f15bd509c0,0.58
2024-09-30 18:06:43.535039+00:00,19,0.42,yes,FEDDECISION-24NOV-C25,ac8bb2ed-a31b-4b41-b671-08da594ff9be,0.58
2024-09-30 18:11:03.285604+00:00,114,0.4,yes,FEDDECISION-24NOV-C25,c1a1d585-bb4e-4cd1-924a-095f63765e85,0.6
2024-09-30 18:13:00.558553+00:00,1679,0.36,yes,FEDDECISION-24NOV-C25,0db2dec4-e942-46c1-b15b-448e272047e0,0.64
2024-09-30 18:15:09.940225+00:00,75,0.35,yes,FEDDECISION-24NOV-C25,d7f7b735-881e-4e9e-8635-063ea07c3bfe,0.65
2024-09-30 18:30:19.765886+00:00,40,0.39,yes,FEDDECISION-24NOV-C25,49c9f1bf-c785-443c-a8ce-4523aec37c6c,0.61
2024-09-30 18:30:39.727327+00:00,448,0.4,yes,FEDDECISION-24NOV-C25,41225b30-fda6-4cd2-8db5-853f01f9c936,0.6
2024-09-30 18:30:53.897726+00:00,40,0.4,yes,FEDDECISION-24NOV-C25,5fcdb818-2f50-45f0-92bc-132b6d27eeaa,0.6
2024-09-30 19:08:29.196295+00:00,1,0.38,yes,FEDDECISION-24NOV-C25,74ad079c-d5cc-472d-a1ca-97ab2cdbf462,0.62
2024-09-30 19:10:39.190886+00:00,669,0.38,yes,FEDDECISION-24NOV-C25,eb021f6b-bf80-4b40-813e-a06c4cdd703a,0.62
2024-09-30 19:10:51.341428+00:00,11843,0.38,yes,FEDDECISION-24NOV-C25,25fc6267-51cb-48fe-8386-f2682ef16b5c,0.62
2024-09-30 21:14:34.130358+00:00,1,0.36,yes,FEDDECISION-24NOV-C25,584729e9-f270-41ef-bc50-aa653a69c60f,0.64
2024-09-30 21:17:47.512903+00:00,11,0.35,yes,FEDDECISION-24NOV-C25,de3aef7e-b4e4-49ec-a8cf-905122fc5667,0.65
2024-09-30 21:17:47.512903+00:00,65,0.36,yes,FEDDECISION-24NOV-C25,ec317288-a3af-4e03-8260-a7d62833fd24,0.64
2024-09-30 22:10:52.279918+00:00,36,0.35,yes,FEDDECISION-24NOV-C25,e921bbc8-4a7b-44be-a8f8-23e07e848553,0.65
2024-09-30 22:48:56.302158+00:00,1,0.35,yes,FEDDECISION-24NOV-C25,6c73ec08-27ad-4eb5-ab0e-b3a6b459aff6,0.65
2024-09-30 23:46:54.114874+00:00,5,0.35,yes,FEDDECISION-24NOV-C25,a07a65d3-e5c2-4be5-991d-642e79077dc5,0.65
2024-09-30 23:48:44.114761+00:00,679,0.34,yes,FEDDECISION-24NOV-C25,1f66c904-3e62-4295-8227-73fb79bb7fae,0.66
2024-09-30 23:48:44.114761+00:00,980,0.31,yes,FEDDECISION-24NOV-C25,9e8daac7-98d3-435a-947b-f832341a75f2,0.69
2024-09-30 23:48:44.114761+00:00,100,0.32,yes,FEDDECISION-24NOV-C25,da2d9d2e-3a16-4799-8b70-697f8bada8ab,0.68
2024-09-30 23:48:44.114761+00:00,947,0.35,yes,FEDDECISION-24NOV-C25,f48acf60-220d-498f-b551-394af845ee57,0.65
2024-09-30 23:49:00.139746+00:00,28,0.44,no,FEDDECISION-24NOV-C25,ae81bc8e-7be7-4f26-b26a-5878560a4800,0.56
2024-09-30 23:49:00.139746+00:00,19,0.37,no,FEDDECISION-24NOV-C25,bedf3d10-8759-4af4-8ad9-2af63a96f6d3,0.63
2024-09-30 23:49:00.139746+00:00,626,0.38,no,FEDDECISION-24NOV-C25,c326a827-41a5-4c83-8bf9-58779685c5ad,0.62
2024-09-30 23:49:00.139746+00:00,1000,0.44,no,FEDDECISION-24NOV-C25,d9caca40-3094-4b0d-8b76-d5920816de69,0.56
2024-09-30 23:49:00.139746+00:00,4,0.42,no,FEDDECISION-24NOV-C25,e9742da3-fd43-431b-a3a4-63948c2268e6,0.58
2024-09-30 23:49:00.139746+00:00,2,0.42,no,FEDDECISION-24NOV-C25,e2775cd4-3343-4b2c-8e9a-2304fcc1d702,0.58
2024-09-30 23:49:00.139746+00:00,60,0.38,no,FEDDECISION-24NOV-C25,f5b06902-07bd-4156-bb9e-6d54c8a1d29b,0.62
2024-09-30 23:49:00.139746+00:00,5,0.44,no,FEDDECISION-24NOV-C25,f97d2aa1-dad7-4a5b-b763-a092974cde16,0.56
2024-09-30 23:49:00.139746+00:00,1,0.41,no,FEDDECISION-24NOV-C25,fd1d28a7-11aa-4716-99a0-b7560001fe1a,0.59
2024-09-30 23:49:00.139746+00:00,1,0.44,no,FEDDECISION-24NOV-C25,e1bb621b-5e8c-4ee2-8a4e-372478188a9f,0.56
2024-09-30 23:49:00.139746+00:00,4,0.43,no,FEDDECISION-24NOV-C25,a94b6764-d88d-4192-b486-df39b619310d,0.57
2024-09-30 23:49:00.139746+00:00,39,0.45,no,FEDDECISION-24NOV-C25,be8f9d50-92bf-43f4-b4b5-1be185013889,0.55
2024-09-30 23:49:00.139746+00:00,3,0.44,no,FEDDECISION-24NOV-C25,8e2d3983-8e86-4729-a16b-5430ca5908bc,0.56
2024-09-30 23:49:00.139746+00:00,2,0.42,no,FEDDECISION-24NOV-C25,a337aa18-1304-4ca5-b29f-4e8276638bee,0.58
2024-09-30 23:49:00.139746+00:00,11,0.45,no,FEDDECISION-24NOV-C25,335beb5a-f74c-43df-a978-fb8bf9d0e991,0.55
2024-09-30 23:49:00.139746+00:00,22,0.43,no,FEDDECISION-24NOV-C25,3525be0a-2120-4c17-ae8a-ea3ea0f719dd,0.57
2024-09-30 23:49:00.139746+00:00,5,0.45,no,FEDDECISION-24NOV-C25,4ce09abb-7585-4e51-8b71-ba2561d5a48d,0.55
2024-09-30 23:49:00.139746+00:00,8,0.44,no,FEDDECISION-24NOV-C25,565ccd21-a36f-427a-b42e-a50507ba3b31,0.56
2024-09-30 23:49:00.139746+00:00,8,0.43,no,FEDDECISION-24NOV-C25,5fcdba8b-0ec0-418e-95cb-9db27a89bfb4,0.57
2024-09-30 23:49:00.139746+00:00,33,0.42,no,FEDDECISION-24NOV-C25,afe1848d-06ce-4680-b44b-4f730933e5c9,0.58
2024-09-30 23:49:00.139746+00:00,1,0.45,no,FEDDECISION-24NOV-C25,68941f2c-1b0e-402e-8d9e-0358b43c6944,0.55
2024-09-30 23:49:00.139746+00:00,3,0.42,no,FEDDECISION-24NOV-C25,76170d1c-8a87-4dca-9b99-052725232660,0.58
2024-09-30 23:49:00.139746+00:00,657,0.45,no,FEDDECISION-24NOV-C25,7c51e07c-8345-4ebf-a0e9-f703228d5393,0.55
2024-09-30 23:49:00.139746+00:00,100,0.41,no,FEDDECISION-24NOV-C25,8ac6fec6-3e50-485a-bb72-efc27225465f,0.59
2024-09-30 23:49:00.139746+00:00,64,0.45,no,FEDDECISION-24NOV-C25,664ab98f-6c82-4bac-bfb5-705734eba461,0.55
2024-10-01 00:17:57.556243+00:00,1,0.44,no,FEDDECISION-24NOV-C25,9e4a20d1-b409-4ad4-94cf-b9740036aef5,0.56
2024-10-01 02:11:50.199519+00:00,369,0.34,yes,FEDDECISION-24NOV-C25,b9aea664-b8fb-4513-89e5-95db4272a112,0.66
2024-10-01 02:13:57.663002+00:00,147,0.34,yes,FEDDECISION-24NOV-C25,836ce4bb-ddfc-4aec-b05e-795b21bc37fb,0.66
2024-10-01 02:15:56.852370+00:00,111,0.34,yes,FEDDECISION-24NOV-C25,db3b484b-2d9f-41ba-843a-bc3a965ce5ea,0.66
2024-10-01 02:21:44.942659+00:00,14,0.33,yes,FEDDECISION-24NOV-C25,97725808-105e-47ce-9eab-7f05941b733e,0.67
2024-10-01 02:24:25.098083+00:00,50,0.33,yes,FEDDECISION-24NOV-C25,e5e7b842-08de-4e61-91a4-2a5c5b0cbd5c,0.67
2024-10-01 02:24:53.533510+00:00,84,0.34,no,FEDDECISION-24NOV-C25,78dc6936-e83d-403c-8ba4-791b0e5a8abe,0.66
2024-10-01 02:29:48.617505+00:00,50,0.33,yes,FEDDECISION-24NOV-C25,fed822ad-df04-4925-b1be-cea30135fbe4,0.67
2024-10-01 02:31:27.182350+00:00,34,0.33,yes,FEDDECISION-24NOV-C25,acce4e8b-055c-4625-9ce6-9d2c5e62cecc,0.67
2024-10-01 03:15:34.929164+00:00,33,0.34,no,FEDDECISION-24NOV-C25,22907eb7-33c9-416b-97bd-c8799cd6b0b0,0.66
2024-10-01 03:18:31.188459+00:00,11,0.33,yes,FEDDECISION-24NOV-C25,0d8df6a4-fe3a-454a-b007-666471b00675,0.67
2024-10-01 12:00:02.113813+00:00,272,0.34,no,FEDDECISION-24NOV-C25,b4442b5b-4800-4f8c-ab20-74fb33b87eab,0.66
2024-10-01 13:10:38.643991+00:00,1,0.38,yes,FEDDECISION-24NOV-C25,438548e4-c714-4a36-84ec-e408e747e07f,0.62
2024-10-01 13:34:14.620454+00:00,300,0.4,no,FEDDECISION-24NOV-C25,d376d92b-153b-4506-8556-fd3ebf21e3f7,0.6
2024-10-01 13:34:14.769887+00:00,33,0.43,no,FEDDECISION-24NOV-C25,bb620b6b-eb30-42c2-a66b-b726b677f32f,0.57
2024-10-01 13:34:14.769887+00:00,267,0.45,no,FEDDECISION-24NOV-C25,19be010c-288e-4489-b9f5-d2ae958fdea0,0.55
2024-10-01 13:41:03.291560+00:00,1,0.44,no,FEDDECISION-24NOV-C25,614d45d3-1509-4d64-9103-f5d5210bc40b,0.56
2024-10-01 14:41:49.630461+00:00,1,0.41,yes,FEDDECISION-24NOV-C25,2adb152d-071f-4c92-9153-904e00b1085a,0.59
2024-10-01 14:41:49.630461+00:00,99,0.4,yes,FEDDECISION-24NOV-C25,b8b0aee9-dd23-414b-a211-b3eb69be5dae,0.6
2024-10-01 15:28:20.623115+00:00,2000,0.41,yes,FEDDECISION-24NOV-C25,baca9f59-72fc-4ac6-9a93-c7043ffc5501,0.59
2024-10-01 15:54:39.942900+00:00,10,0.38,no,FEDDECISION-24NOV-C25,b0ba9458-be46-4267-af9e-36719ee80910,0.62
2024-10-01 16:06:40.838602+00:00,15,0.37,yes,FEDDECISION-24NOV-C25,0d0a67d0-165b-4cf1-8199-918598bc9093,0.63
2024-10-01 16:41:32.992434+00:00,16,0.4,yes,FEDDECISION-24NOV-C25,cfb39f2c-8aa1-4742-9e50-897e73459cc9,0.6
2024-10-01 17:00:23.306229+00:00,235,0.4,yes,FEDDECISION-24NOV-C25,7134499c-8374-4073-9087-1f7c9b275ab3,0.6
2024-10-01 17:08:06.017881+00:00,154,0.37,yes,FEDDECISION-24NOV-C25,7cf81a99-be70-406a-ae5e-b5e825940b87,0.63
2024-10-01 17:52:17.646840+00:00,15,0.39,yes,FEDDECISION-24NOV-C25,046f3cb8-986b-4b73-aed1-01e54f8656ab,0.61
2024-10-01 17:56:33.143862+00:00,31,0.39,yes,FEDDECISION-24NOV-C25,f24c8851-50ad-48f1-b87c-50a8ec7f8eed,0.61
2024-10-01 19:40:22.281905+00:00,145,0.38,yes,FEDDECISION-24NOV-C25,cce695eb-3f57-4bd7-9e4d-66a3e12f6e0f,0.62
2024-10-01 20:16:52.722202+00:00,154,0.37,yes,FEDDECISION-24NOV-C25,f74ff7ac-953e-49b2-a50f-96219f07bcd1,0.63
2024-10-01 21:27:20.381309+00:00,14,0.37,yes,FEDDECISION-24NOV-C25,97f2ffa1-729f-4693-944a-0d4e5ed48161,0.63
2024-10-01 21:47:22.894511+00:00,5,0.38,yes,FEDDECISION-24NOV-C25,e933751d-8fb1-4918-a541-ac1bb0eecff7,0.62
2024-10-01 23:18:29.068640+00:00,157,0.38,yes,FEDDECISION-24NOV-C25,cc5279fb-87b2-439c-945a-46db12b1bd8b,0.62
2024-10-01 23:23:38.648234+00:00,15,0.39,no,FEDDECISION-24NOV-C25,65357cb9-dd5f-4a82-a7e3-580decc50dee,0.61
2024-10-01 23:23:38.648234+00:00,8,0.39,no,FEDDECISION-24NOV-C25,5d2f4382-cfab-46f6-b779-702d56dc4f2e,0.61
2024-10-01 23:44:42.243685+00:00,7,0.39,yes,FEDDECISION-24NOV-C25,e8feab92-a163-4fec-b624-1d3502f64b78,0.61
2024-10-01 23:44:42.243685+00:00,38,0.38,yes,FEDDECISION-24NOV-C25,6307576b-9385-4668-8e51-a8f9e71612f7,0.62
2024-10-01 23:45:09.431374+00:00,300,0.37,yes,FEDDECISION-24NOV-C25,d5f57953-7257-455f-b07d-8b89e8e01155,0.63
2024-10-01 23:45:37.987869+00:00,400,0.36,yes,FEDDECISION-24NOV-C25,786626b4-2914-48eb-a733-c6667594855e,0.64
2024-10-02 00:58:51.866202+00:00,100,0.36,no,FEDDECISION-24NOV-C25,d79f0987-7678-40a4-8f78-72ebe7b9c698,0.64
2024-10-02 12:47:36.407323+00:00,243,0.36,yes,FEDDECISION-24NOV-C25,76317b7d-9ea6-4fed-ba03-872cff00b779,0.64
2024-10-02 14:04:51.646445+00:00,272,0.34,yes,FEDDECISION-24NOV-C25,e66e2f39-5c6f-4486-b4b5-19422294896d,0.66
2024-10-02 14:18:11.237854+00:00,100,0.36,no,FEDDECISION-24NOV-C25,e3222cb7-9883-4312-8180-80d8e2c9fe97,0.64
2024-10-02 15:03:02.627273+00:00,300,0.35,yes,FEDDECISION-24NOV-C25,cfd79e2f-7b4b-4452-a59f-7b1cdce0c079,0.65
2024-10-02 17:02:04.425700+00:00,409,0.42,no,FEDDECISION-24NOV-C25,68c9e55c-e964-46fb-9596-b8b97917e7d7,0.58
2024-10-02 17:02:04.425700+00:00,500,0.4,no,FEDDECISION-24NOV-C25,79c7ca96-f5e2-4a02-bba7-7ddc6d3d141e,0.6
2024-10-02 17:02:04.425700+00:00,10,0.39,no,FEDDECISION-24NOV-C25,90ddfe12-6dc7-4b9e-bd9a-e1afbd7347eb,0.61
2024-10-02 17:47:03.313602+00:00,1,0.39,no,FEDDECISION-24NOV-C25,9832c5f5-52b3-4e33-a61e-942b1782d2d4,0.61
2024-10-02 19:29:16.219206+00:00,123,0.36,yes,FEDDECISION-24NOV-C25,93bce137-b2c2-477e-8c7b-d7d5f2f12cf5,0.64
2024-10-02 19:29:16.219206+00:00,6,0.37,yes,FEDDECISION-24NOV-C25,8f6d709e-e205-41aa-bcf9-20f7c6f8b6d1,0.63
2024-10-02 20:02:07.230186+00:00,37,0.35,yes,FEDDECISION-24NOV-C25,c2f1a335-cba7-40d5-9301-59397573b842,0.65
2024-10-02 20:12:23.815149+00:00,15,0.35,yes,FEDDECISION-24NOV-C25,af2e8aa7-76bb-4d19-86e1-e366473048fb,0.65
2024-10-02 20:20:51.692702+00:00,15,0.39,no,FEDDECISION-24NOV-C25,7c1f2bfb-6039-4247-80ea-3ef3a3af2e92,0.61
2024-10-02 20:29:13.850314+00:00,10,0.35,yes,FEDDECISION-24NOV-C25,c8dcb55f-cb2c-488a-a222-fdf603c925f0,0.65
2024-10-02 21:19:04.016762+00:00,5,0.35,yes,FEDDECISION-24NOV-C25,38dca241-0eb6-44b1-9f51-6639f41eb960,0.65
2024-10-02 21:53:30.606163+00:00,85,0.39,no,FEDDECISION-24NOV-C25,77d93dad-145d-4725-a4da-42c12292664a,0.61
2024-10-02 21:53:30.606163+00:00,37,0.4,no,FEDDECISION-24NOV-C25,6c16877b-64a6-4319-b3b8-f52cff41b41d,0.6
2024-10-02 22:13:37.957786+00:00,13,0.4,no,FEDDECISION-24NOV-C25,503cffce-2480-4dba-a93b-3a2178f979ec,0.6
2024-10-02 22:21:26.099321+00:00,92,0.45,no,FEDDECISION-24NOV-C25,4cf28266-37df-4671-a45d-05ad195f74e5,0.55
2024-10-03 00:48:06.067063+00:00,15,0.36,yes,FEDDECISION-24NOV-C25,adf0cf94-986e-45c9-b72d-61aafcf9fb70,0.64
2024-10-03 02:47:42.970154+00:00,10,0.36,yes,FEDDECISION-24NOV-C25,cc3a0c4b-7559-4b3e-aec9-6b4c5a589bee,0.64
2024-10-03 02:47:42.970154+00:00,5,0.35,yes,FEDDECISION-24NOV-C25,2cdac593-b891-421f-8219-65d390dcfd8a,0.65
2024-10-03 02:50:07.283935+00:00,30,0.35,yes,FEDDECISION-24NOV-C25,1f693fe9-b7f3-4f9b-958e-03d25b499b0a,0.65
2024-10-03 12:09:51.309183+00:00,50,0.37,no,FEDDECISION-24NOV-C25,e8227866-6077-4ce6-b1b5-3a2123b33b55,0.63
2024-10-03 12:48:39.480540+00:00,38,0.38,yes,FEDDECISION-24NOV-C25,01787126-daec-4800-a88d-d606ec36e193,0.62
2024-10-03 13:42:51.458219+00:00,126,0.38,yes,FEDDECISION-24NOV-C25,36cdf535-85d5-4d03-a79e-e675c8db42c3,0.62
2024-10-03 14:03:38.566033+00:00,50,0.36,yes,FEDDECISION-24NOV-C25,8da1401f-8765-4cce-aa67-de54d96fa10e,0.64
2024-10-03 14:03:38.566033+00:00,275,0.35,yes,FEDDECISION-24NOV-C25,d93175d9-9790-4d0a-b09c-248401d1a835,0.65
2024-10-03 14:57:35.467854+00:00,73,0.34,yes,FEDDECISION-24NOV-C25,fb38a373-dc0c-480b-99c4-db3f933688a3,0.66
2024-10-03 15:09:46.285496+00:00,149,0.36,no,FEDDECISION-24NOV-C25,501114d9-29e2-4dcf-ad3e-2a94fc70eb9c,0.64
2024-10-03 15:11:33.014343+00:00,100,0.37,no,FEDDECISION-24NOV-C25,0edd91d2-b435-4400-a4c1-c4848eea90ed,0.63
2024-10-03 15:11:33.014343+00:00,4,0.37,no,FEDDECISION-24NOV-C25,d391a181-2929-4844-bc5d-7ec1fd01f416,0.63
2024-10-03 15:29:20.301780+00:00,77,0.37,yes,FEDDECISION-24NOV-C25,605cd2aa-aa69-43ea-954c-6102577362f6,0.63
2024-10-03 19:29:30.483995+00:00,30,0.35,yes,FEDDECISION-24NOV-C25,13ddb5ad-57d9-4824-817a-aca54b024c4b,0.65
2024-10-03 20:56:58.976299+00:00,143,0.32,yes,FEDDECISION-24NOV-C25,58394eac-819f-45c3-8b89-1508150ded6f,0.68
2024-10-03 21:00:42.517109+00:00,35,0.32,yes,FEDDECISION-24NOV-C25,18bfeb77-e9bb-4303-9554-79af85a53bb7,0.68
2024-10-03 21:51:10.738724+00:00,14,0.32,yes,FEDDECISION-24NOV-C25,7aa079e0-7f9f-445e-ad1a-5c68f66275ef,0.68
2024-10-03 21:51:10.738724+00:00,21,0.32,yes,FEDDECISION-24NOV-C25,64cc0f4f-6d72-4b50-b82e-adc3cec16a1c,0.68
2024-10-03 21:59:02.616143+00:00,1,0.4,no,FEDDECISION-24NOV-C25,18a8ca1f-69f8-499a-8ebf-789576249d2e,0.6
2024-10-03 21:59:02.616143+00:00,34,0.41,no,FEDDECISION-24NOV-C25,797fd0a8-fdad-472f-8dda-67ba8746bb0f,0.59
2024-10-04 00:01:28.191389+00:00,10,0.34,yes,FEDDECISION-24NOV-C25,dade0771-4405-44cc-9a3a-695cf5c64f17,0.66
2024-10-04 00:18:13.483664+00:00,29,0.34,yes,FEDDECISION-24NOV-C25,49660abb-5c7a-4d78-881d-da7e29b15592,0.66
2024-10-04 12:23:15.236592+00:00,23,0.35,no,FEDDECISION-24NOV-C25,146761cf-d12f-4251-af94-deed3fc2a114,0.65
2024-10-04 12:30:12.386984+00:00,1,0.34,yes,FEDDECISION-24NOV-C25,91baee95-b895-48f6-8b1f-602533648bd2,0.66
2024-10-04 12:30:47.755283+00:00,1,0.34,yes,FEDDECISION-24NOV-C25,c975e26a-59f4-46c0-8dbe-7cfefa1b2379,0.66
2024-10-04 12:31:41.242596+00:00,14,0.34,yes,FEDDECISION-24NOV-C25,faebaab2-40bf-47dc-8d9b-36821e4cd84d,0.66
2024-10-04 12:32:20.642559+00:00,5,0.23,yes,FEDDECISION-24NOV-C25,9938ef3e-f866-49d8-9789-f8a305308751,0.77
2024-10-04 12:32:20.642559+00:00,32,0.22,yes,FEDDECISION-24NOV-C25,ea7e44f6-6f65-46f0-a3d6-be169f5aa286,0.78
2024-10-04 12:33:16.683990+00:00,2000,0.23,yes,FEDDECISION-24NOV-C25,8f8f184f-7394-4d63-95ac-5a3573cfa4a2,0.77
2024-10-04 12:33:16.683990+00:00,200,0.23,yes,FEDDECISION-24NOV-C25,1903001e-f49d-491b-b668-c292c3512d29,0.77
2024-10-04 12:33:28.326049+00:00,200,0.21,yes,FEDDECISION-24NOV-C25,464b3087-c74b-4680-967e-ac943c152f8b,0.79
2024-10-04 12:35:23.427864+00:00,47,0.18,yes,FEDDECISION-24NOV-C25,01fc667c-cacb-4f10-a5c2-d67122777752,0.82
2024-10-04 12:35:23.427864+00:00,75,0.2,yes,FEDDECISION-24NOV-C25,b3db8488-4274-4c0f-b9ea-caeb45b3407a,0.8
2024-10-04 12:41:09.799380+00:00,10,0.3,yes,FEDDECISION-24NOV-C25,23f7d82d-6dff-4581-bbce-2ab5a0adfbee,0.7
2024-10-04 12:41:44.736865+00:00,13,0.29,yes,FEDDECISION-24NOV-C25,30d50da5-dd18-47b1-ace3-7aa99dd193d7,0.71
2024-10-04 12:46:29.821124+00:00,134,0.28,yes,FEDDECISION-24NOV-C25,369c012f-e82a-4da5-a318-694ddcb6f7cd,0.72
2024-10-04 12:46:29.821124+00:00,2,0.3,yes,FEDDECISION-24NOV-C25,d6821381-fc7d-4e13-8b94-0a7d9a6b01d7,0.7
2024-10-04 12:47:49.792039+00:00,2000,0.27,yes,FEDDECISION-24NOV-C25,f574f7b0-09ef-4f45-87cb-e479eeeeb225,0.73
2024-10-04 12:52:18.355437+00:00,148,0.32,no,FEDDECISION-24NOV-C25,81a36000-3bf1-4668-8b96-88fbaf7528fd,0.68
2024-10-04 13:02:26.138833+00:00,13,0.28,yes,FEDDECISION-24NOV-C25,ac7a9458-b2cc-4eae-b2bf-2a68ab0e7175,0.72
2024-10-04 13:04:01.194931+00:00,928,0.29,yes,FEDDECISION-24NOV-C25,3279240b-027c-40a7-a854-6653a2bc0b50,0.71
2024-10-04 13:04:44.158792+00:00,80,0.29,yes,FEDDECISION-24NOV-C25,4bdaccfa-2ba8-4043-a989-f143bea2034c,0.71
2024-10-04 13:12:36.226654+00:00,10000,0.23,yes,FEDDECISION-24NOV-C25,bdd1664e-4e48-4c00-8bb3-2459c60b5dc1,0.77
2024-10-04 13:13:05.841606+00:00,33,0.27,no,FEDDECISION-24NOV-C25,60fd3423-ec30-4b84-8333-178a56196608,0.73
2024-10-04 13:13:05.841606+00:00,1,0.26,no,FEDDECISION-24NOV-C25,f2d71c6d-f2eb-4f99-8683-6c903d22e465,0.74
2024-10-04 13:17:31.633682+00:00,10000,0.21,yes,FEDDECISION-24NOV-C25,a292c877-7104-41b2-9927-edf3728a876f,0.79
2024-10-04 13:24:30.721928+00:00,12,0.22,no,FEDDECISION-24NOV-C25,f3ccb757-6087-4be6-86c3-5cbc620e0591,0.78
2024-10-04 13:25:44.187186+00:00,12,0.18,yes,FEDDECISION-24NOV-C25,e58e7df8-cb13-43ea-b1eb-9915f5d85c6e,0.82
2024-10-04 13:25:53.536679+00:00,6,0.18,yes,FEDDECISION-24NOV-C25,38348c74-a9ce-438f-9d32-262875ef0c27,0.82
2024-10-04 13:36:09.778845+00:00,20,0.2,no,FEDDECISION-24NOV-C25,7538e07f-9146-4db8-a81e-d51a5ae0aec0,0.8
2024-10-04 13:41:15.548476+00:00,517,0.2,yes,FEDDECISION-24NOV-C25,7a664682-9984-4165-a395-214dd0d70a8d,0.8
2024-10-04 13:41:48.614009+00:00,11,0.2,yes,FEDDECISION-24NOV-C25,c70ba9c1-3e04-4182-87ca-e73b9871edf4,0.8
2024-10-04 13:47:11.619805+00:00,30,0.19,yes,FEDDECISION-24NOV-C25,bcdd0f3b-658d-43c0-8514-b0e8bce815d7,0.81
2024-10-04 14:18:33.136816+00:00,60,0.18,yes,FEDDECISION-24NOV-C25,80c373c1-ab89-4d3f-8cae-f4aba4a05f45,0.82
2024-10-04 14:58:38.718553+00:00,85,0.18,yes,FEDDECISION-24NOV-C25,242bcfb5-550d-46b7-b3f1-b62399c81233,0.82
2024-10-04 14:58:38.718553+00:00,35,0.18,yes,FEDDECISION-24NOV-C25,3ef81bc4-aa3a-4e18-a38f-a31a10e1f489,0.82
2024-10-04 15:00:04.264491+00:00,65,0.18,yes,FEDDECISION-24NOV-C25,1a04e57f-f594-4edc-89be-e29015a1cc5f,0.82
2024-10-04 15:14:52.939550+00:00,72,0.18,yes,FEDDECISION-24NOV-C25,b802dfef-a248-46fe-986c-4cedab76f0b5,0.82
2024-10-04 15:20:37.393294+00:00,50,0.16,yes,FEDDECISION-24NOV-C25,c66212bf-c3df-496c-9683-c0f4eec6fb7f,0.84
2024-10-04 15:23:14.482806+00:00,26,0.15,yes,FEDDECISION-24NOV-C25,5eca669d-22e0-4b8a-9665-c62057708e48,0.85
2024-10-04 15:29:36.574396+00:00,770,0.19,yes,FEDDECISION-24NOV-C25,66210425-3d74-4c04-8559-0507f45453c6,0.81
2024-10-04 15:37:17.907491+00:00,2500,0.22,no,FEDDECISION-24NOV-C25,a7394d8a-607e-4468-ba12-6b502cd0e2ee,0.78
2024-10-04 15:54:33.255194+00:00,8,0.17,yes,FEDDECISION-24NOV-C25,7b6b8797-f30b-4b25-ab7b-0a8876671e04,0.83
2024-10-04 15:58:34.528412+00:00,4,0.22,no,FEDDECISION-24NOV-C25,cc06e124-ff7c-449e-8d7b-2971fe5b120e,0.78
2024-10-04 16:44:19.674390+00:00,12,0.19,yes,FEDDECISION-24NOV-C25,32985920-e06f-4aa8-83ff-f6e65683bd94,0.81
2024-10-04 16:45:55.588850+00:00,71,0.19,yes,FEDDECISION-24NOV-C25,df7752fd-ad2a-467a-94a7-d52199ab2b35,0.81
2024-10-04 16:46:54.377457+00:00,304,0.19,yes,FEDDECISION-24NOV-C25,863e1849-2951-4311-a6a1-623bf33adc23,0.81
2024-10-04 17:47:33.017553+00:00,63,0.21,yes,FEDDECISION-24NOV-C25,85b66fc5-bb97-4673-8ec1-1f237d710192,0.79
2024-10-04 18:03:41.884627+00:00,570,0.21,yes,FEDDECISION-24NOV-C25,bbfbaa4f-2aaf-426e-8e4b-c27d82948fd3,0.79
2024-10-04 19:03:44.274864+00:00,12500,0.21,yes,FEDDECISION-24NOV-C25,7066b6d1-ac11-47f6-843a-5b0922470cd3,0.79
2024-10-04 19:41:41.340983+00:00,8,0.21,yes,FEDDECISION-24NOV-C25,9b82c0f3-f8f9-4a00-ab15-bcbecf17c012,0.79
2024-10-04 19:41:41.340983+00:00,2,0.23,yes,FEDDECISION-24NOV-C25,d2f6d0b2-fcc5-46df-adca-2a5f3e36726c,0.77
2024-10-04 21:22:39.648190+00:00,35,0.24,no,FEDDECISION-24NOV-C25,6013994d-8e98-42fd-bbe2-26c28162c96c,0.76
2024-10-04 21:23:05.515810+00:00,10,0.16,yes,FEDDECISION-24NOV-C25,3567a0aa-5a73-4945-bbf1-d86908ac8c28,0.84
2024-10-04 22:06:42.015065+00:00,4113,0.19,yes,FEDDECISION-24NOV-C25,3e70b6ad-5fbb-43dd-b2e3-7191d896a189,0.81
2024-10-04 22:06:51.859564+00:00,726,0.19,yes,FEDDECISION-24NOV-C25,52bde026-9c3d-4b28-aa1e-2cfb7d120158,0.81
2024-10-04 22:07:08.546579+00:00,9,0.19,yes,FEDDECISION-24NOV-C25,2373432e-8ead-4dc9-8fa0-60c344cd1dcc,0.81
2024-10-04 22:07:08.546579+00:00,45,0.18,yes,FEDDECISION-24NOV-C25,8fe1f414-90be-456b-bc51-47af414cd82f,0.82
2024-10-05 00:35:39.349211+00:00,100,0.23,no,FEDDECISION-24NOV-C25,f43fc40e-48bd-4c49-b6ab-6391c3c6ddaf,0.77
2024-10-05 00:43:46.303622+00:00,4,0.23,no,FEDDECISION-24NOV-C25,c3c47fcd-c5f5-4647-a1b5-01678a627905,0.77
2024-10-05 02:49:12.595648+00:00,4,0.19,yes,FEDDECISION-24NOV-C25,99cbce47-53ad-462b-b130-ea02cc269843,0.81
2024-10-05 02:49:12.595648+00:00,2,0.2,yes,FEDDECISION-24NOV-C25,4e66cfb4-a3bc-4074-b895-2062b7ab93ac,0.8
2024-10-05 12:48:09.665095+00:00,500,0.18,yes,FEDDECISION-24NOV-C25,083904ed-fac5-4fb9-b185-66f1161095c3,0.82
2024-10-05 12:48:09.665095+00:00,1341,0.19,yes,FEDDECISION-24NOV-C25,044d4584-9d49-4e23-9976-77163e738133,0.81
2024-10-05 13:41:44.223451+00:00,59,0.17,yes,FEDDECISION-24NOV-C25,32dc5184-dcae-4406-abc2-e33c6210d152,0.83
2024-10-05 14:32:35.237229+00:00,48,0.18,yes,FEDDECISION-24NOV-C25,cd237c16-9105-45da-8c16-59577002ea11,0.82
2024-10-05 14:55:41.331490+00:00,735,0.18,yes,FEDDECISION-24NOV-C25,7d0a50be-fc55-4bd5-9983-704350441a88,0.82
2024-10-05 15:07:40.555670+00:00,165,0.23,no,FEDDECISION-24NOV-C25,75bf7261-1002-4409-a0d5-6fa108af6d91,0.77
2024-10-05 15:44:14.871152+00:00,12,0.18,yes,FEDDECISION-24NOV-C25,a591d8f6-0769-45ba-a168-df78f3878804,0.82
2024-10-05 15:57:10.583395+00:00,180,0.18,yes,FEDDECISION-24NOV-C25,eb9595f0-08a1-4978-bb65-38368ed44a17,0.82
2024-10-05 16:33:20.049122+00:00,42,0.23,no,FEDDECISION-24NOV-C25,17da9662-f2db-43a1-9b7c-fab97eb30c4c,0.77
2024-10-05 16:33:20.049122+00:00,21,0.22,no,FEDDECISION-24NOV-C25,fa83fd3f-3e81-40a8-921d-a51b72fdc90c,0.78
2024-10-05 17:19:45.522530+00:00,8,0.23,no,FEDDECISION-24NOV-C25,f3a0a269-55a7-4852-9603-02e74c17c60d,0.77
2024-10-05 17:19:45.522530+00:00,13,0.22,no,FEDDECISION-24NOV-C25,d552c0cf-781a-462e-b8b5-cf956853aca5,0.78
2024-10-05 17:22:14.515430+00:00,15,0.18,yes,FEDDECISION-24NOV-C25,e95af7bc-5d40-4ed6-a856-a0362606ac1c,0.82
2024-10-05 17:33:22.243870+00:00,4,0.18,yes,FEDDECISION-24NOV-C25,41a418de-f2e3-4834-8588-a500b85bc460,0.82
2024-10-06 01:06:38.780428+00:00,10,0.21,no,FEDDECISION-24NOV-C25,5bc25136-0d9c-4c46-a639-bb99cb3332f4,0.79
2024-10-06 01:06:38.780428+00:00,83,0.23,no,FEDDECISION-24NOV-C25,f52e8d0e-a090-4481-8f6f-c0f12cb830e5,0.77
2024-10-06 12:16:02.860798+00:00,44,0.2,yes,FEDDECISION-24NOV-C25,33c4778d-d867-43a9-9194-0623bc0ed7e2,0.8
2024-10-06 12:29:49.374949+00:00,6,0.2,yes,FEDDECISION-24NOV-C25,48b6ccea-10ec-4ae6-aedf-30c81d0c433d,0.8
2024-10-06 12:29:49.374949+00:00,22,0.18,yes,FEDDECISION-24NOV-C25,fa48c5a2-131d-4cd2-9de9-6607eb309e47,0.82
2024-10-06 12:39:33.356362+00:00,10,0.18,yes,FEDDECISION-24NOV-C25,944ef3a0-5407-4715-8da3-f6cd80aae9c8,0.82
2024-10-06 12:40:23.247866+00:00,5,0.18,yes,FEDDECISION-24NOV-C25,90e10c86-6c6c-46d5-be8b-6420fb2b26e7,0.82
2024-10-06 12:40:23.247866+00:00,5,0.18,yes,FEDDECISION-24NOV-C25,2455dc03-8b6f-47b3-ae6d-0ba85b1dca8e,0.82
2024-10-06 16:01:23.508098+00:00,55,0.23,no,FEDDECISION-24NOV-C25,2949e3de-7fc7-445c-9a2c-7b542a2bf0f7,0.77
2024-10-06 16:01:23.508098+00:00,65,0.2,no,FEDDECISION-24NOV-C25,3b198d60-5f4e-47cd-ae5f-6ab8e7468aa7,0.8
2024-10-06 17:05:20.969178+00:00,100,0.18,yes,FEDDECISION-24NOV-C25,3a506aaa-a799-4ea3-bc85-f475761a06ba,0.82
2024-10-06 17:05:20.969178+00:00,1476,0.18,yes,FEDDECISION-24NOV-C25,cd6a9d3c-3f31-42d2-b2f0-4f8eab487bce,0.82
2024-10-06 18:45:52.128207+00:00,59,0.17,yes,FEDDECISION-24NOV-C25,b50c2d24-a5d7-4999-9dfb-6b72b4e4136a,0.83
2024-10-06 19:18:01.618594+00:00,9,0.23,no,FEDDECISION-24NOV-C25,fc99a658-0e13-4194-9154-41c980d2f17f,0.77
2024-10-07 03:41:50.786024+00:00,10,0.22,no,FEDDECISION-24NOV-C25,51ae9f27-4f75-4b9d-95d7-017792eff76e,0.78
2024-10-07 03:41:50.786024+00:00,93,0.23,no,FEDDECISION-24NOV-C25,f2c416c9-cb1a-4626-beba-b16d6d3cd0f3,0.77
2024-10-07 03:48:27.847086+00:00,40,0.23,no,FEDDECISION-24NOV-C25,87be7483-b48c-4831-90b3-04250dc2f265,0.77
2024-10-07 12:01:37.744604+00:00,275,0.25,no,FEDDECISION-24NOV-C25,92ad1f15-c97b-4f9e-912d-1ecbab5610fa,0.75
2024-10-07 12:10:55.960923+00:00,33,0.24,yes,FEDDECISION-24NOV-C25,28afb7ec-aebb-4743-aaa3-a738448fd06f,0.76
2024-10-07 12:11:05.185954+00:00,200,0.23,yes,FEDDECISION-24NOV-C25,2703cac0-de26-45b7-92f0-ca9526c2a984,0.77
2024-10-07 12:29:36.865713+00:00,124,0.21,yes,FEDDECISION-24NOV-C25,d7e8dc6b-4d9d-4232-8e8b-dfd79ea86ffc,0.79
2024-10-07 13:40:40.286607+00:00,1000,0.22,yes,FEDDECISION-24NOV-C25,db0a7c8f-e3a5-4a3b-b75c-27431123140e,0.78
2024-10-07 14:48:39.534824+00:00,23,0.28,no,FEDDECISION-24NOV-C25,78dc944c-b81e-4914-93ca-33600de14ac3,0.72
2024-10-07 15:26:25.951692+00:00,17459,0.23,yes,FEDDECISION-24NOV-C25,779b6dc2-7a94-4170-847c-5e7f3c11273a,0.77
2024-10-07 16:17:59.547142+00:00,170,0.24,no,FEDDECISION-24NOV-C25,dd590294-7630-484c-af53-1f4cad3c5851,0.76
2024-10-07 16:25:15.786588+00:00,95,0.21,yes,FEDDECISION-24NOV-C25,6a3deff4-ce84-414f-806c-b052d843f013,0.79
2024-10-07 17:11:52.917192+00:00,10,0.24,no,FEDDECISION-24NOV-C25,ed2daef0-087f-4fc5-84f2-c2fd0c93df43,0.76
2024-10-07 17:15:14.968136+00:00,124,0.21,yes,FEDDECISION-24NOV-C25,bc34e3af-6efd-45b9-9582-de2ede4dea7b,0.79
2024-10-07 17:35:50.156037+00:00,3724,0.22,no,FEDDECISION-24NOV-C25,9ef8ee25-e466-4d07-b5bf-86bdc3222546,0.78
2024-10-07 18:25:25.494272+00:00,420,0.22,no,FEDDECISION-24NOV-C25,ffbb274f-89a9-45af-b2ef-df9a42bcdb59,0.78
2024-10-07 18:27:20.438325+00:00,6,0.23,no,FEDDECISION-24NOV-C25,1d75691d-c58d-4ce0-94ff-ae84653fdaf5,0.77
2024-10-07 18:27:53.349100+00:00,56,0.22,no,FEDDECISION-24NOV-C25,d41e01e9-1e09-4e9b-b352-c6f07cbb690f,0.78
2024-10-07 19:24:42.945205+00:00,61,0.2,yes,FEDDECISION-24NOV-C25,48059ff2-5087-4b7a-85e2-d738735b48dc,0.8
2024-10-07 19:26:29.174333+00:00,208,0.2,yes,FEDDECISION-24NOV-C25,19d6726e-2162-4fc0-b0ef-7204db918271,0.8
2024-10-07 19:51:46.627853+00:00,21,0.21,yes,FEDDECISION-24NOV-C25,f52ff9fb-41e9-4794-a90e-70fd35334f9a,0.79
2024-10-07 20:09:53.036713+00:00,3,0.22,no,FEDDECISION-24NOV-C25,98474c50-d38a-4db9-80da-a401429549bc,0.78
2024-10-07 20:17:21.777435+00:00,2,0.21,yes,FEDDECISION-24NOV-C25,139cbc43-cf07-4957-bcb4-5a682d339e5e,0.79
2024-10-07 20:34:54.617570+00:00,1,0.22,no,FEDDECISION-24NOV-C25,da46e537-56e2-4ada-849f-72d38d857a88,0.78
2024-10-07 20:40:46.426778+00:00,22,0.22,no,FEDDECISION-24NOV-C25,3ed91381-2a5f-4ae0-ba70-e7f457526efd,0.78
2024-10-07 20:51:24.907608+00:00,2,0.22,no,FEDDECISION-24NOV-C25,50fdac55-23eb-4171-9f6c-05991824f2a0,0.78
2024-10-07 20:53:29.515709+00:00,23,0.22,no,FEDDECISION-24NOV-C25,dd765350-963f-4766-b613-813922ee6551,0.78
2024-10-07 21:55:33.622150+00:00,2,0.22,no,FEDDECISION-24NOV-C25,70fa2514-7bdc-4a84-bfe2-9bfe65739717,0.78
2024-10-07 21:57:37.473964+00:00,4,0.14,yes,FEDDECISION-24NOV-C25,09f0e051-12ce-4af3-86ae-9d4bbeee5011,0.86
2024-10-07 21:57:37.473964+00:00,18,0.21,yes,FEDDECISION-24NOV-C25,24423a9f-947e-42ec-b8a7-c8f9917e0b1c,0.79
2024-10-07 21:57:37.473964+00:00,1,0.16,yes,FEDDECISION-24NOV-C25,4147a43e-da1a-403a-8ce6-aed7bee63206,0.84
2024-10-07 21:57:37.473964+00:00,1,0.15,yes,FEDDECISION-24NOV-C25,ecae0a3e-1ab5-4f6f-bac7-3efaca1d63a5,0.85
2024-10-07 22:38:49.597835+00:00,155,0.22,no,FEDDECISION-24NOV-C25,8a891360-9058-4bd8-a2ca-e287322a3870,0.78
2024-10-07 22:38:51.114312+00:00,19,0.22,no,FEDDECISION-24NOV-C25,3dc026eb-fd5a-44dc-976c-51963cbbd934,0.78
2024-10-07 23:55:08.420407+00:00,12,0.18,yes,FEDDECISION-24NOV-C25,fce1d51a-b39b-4f9e-a73c-d79b4ce523ee,0.82
2024-10-08 12:04:52.732863+00:00,100,0.23,yes,FEDDECISION-24NOV-C25,22fbdc32-2e08-4970-893e-040e090a0bb3,0.77
2024-10-08 15:26:51.786016+00:00,10,0.21,yes,FEDDECISION-24NOV-C25,4f2afed2-62b9-4ff4-8c81-a9cb3c28bc05,0.79
2024-10-08 19:05:10.354203+00:00,100,0.22,no,FEDDECISION-24NOV-C25,e71ed0b6-ee3e-4c2d-895e-9cb03f6937ac,0.78
2024-10-08 19:54:37.507409+00:00,186,0.21,yes,FEDDECISION-24NOV-C25,7514dba1-74b4-4be2-96e1-0e1aaef1aa20,0.79
2024-10-08 19:54:37.507409+00:00,41,0.21,yes,FEDDECISION-24NOV-C25,ab2b229a-2e1f-41e7-9705-658dd397fbd7,0.79
2024-10-08 20:17:23.920748+00:00,235,0.21,yes,FEDDECISION-24NOV-C25,d41c6d27-143d-4dc2-a3db-e918285e723b,0.79
2024-10-09 00:19:43.730863+00:00,4,0.32,no,FEDDECISION-24NOV-C25,21965b51-e29f-499f-a940-21a93793edd8,0.68
2024-10-09 00:44:58.791298+00:00,59,0.32,no,FEDDECISION-24NOV-C25,833eb380-0cb3-4ecc-b3de-0b77de749d04,0.68
2024-10-09 02:32:29.251457+00:00,50,0.25,yes,FEDDECISION-24NOV-C25,7b85f41a-16e9-4630-bfac-dcb4b236648e,0.75
2024-10-09 03:00:02.965178+00:00,8,0.2,yes,FEDDECISION-24NOV-C25,3b3a1ac0-ee54-4c4d-a2d8-f174e023d79c,0.8
2024-10-09 03:00:02.965178+00:00,4,0.2,yes,FEDDECISION-24NOV-C25,f81b2ee4-029c-42f2-9904-45b5c6cc9ee6,0.8
2024-10-09 03:49:17.025255+00:00,2,0.37,no,FEDDECISION-24NOV-C25,273fcd1b-e07e-4dc0-92de-2576be3a52bf,0.63
2024-10-09 03:49:17.025255+00:00,1,0.38,no,FEDDECISION-24NOV-C25,2f323d6c-d334-499e-93cb-8b6afcd76fc2,0.62
2024-10-09 03:49:17.025255+00:00,35,0.32,no,FEDDECISION-24NOV-C25,434ec1db-5f07-4e1f-a3a0-33bbbbd19e26,0.68
2024-10-09 03:49:17.025255+00:00,30,0.33,no,FEDDECISION-24NOV-C25,497464ea-9f3d-4b2a-8b3c-7df7b24f0087,0.67
2024-10-09 03:49:17.025255+00:00,2,0.39,no,FEDDECISION-24NOV-C25,4b9e26f5-6c14-4b84-9632-7c5859c3e5de,0.61
2024-10-09 03:49:17.025255+00:00,15,0.4,no,FEDDECISION-24NOV-C25,601d6bae-990f-4c23-8d0b-110f2f433b5a,0.6
2024-10-09 03:49:17.025255+00:00,1,0.37,no,FEDDECISION-24NOV-C25,d6099668-5d6d-400e-8934-afad3390e235,0.63
2024-10-09 03:49:17.025255+00:00,8,0.39,no,FEDDECISION-24NOV-C25,e3e1753c-98a8-4159-af91-e9f833575438,0.61
2024-10-09 03:49:17.025255+00:00,2,0.36,no,FEDDECISION-24NOV-C25,7025e154-a193-429a-bfab-5bc882495dfc,0.64
2024-10-09 12:13:49.119874+00:00,6,0.2,yes,FEDDECISION-24NOV-C25,0225d3f0-29b8-4baf-9081-d8fe9c97b0be,0.8
2024-10-09 15:19:12.748331+00:00,2,0.23,yes,FEDDECISION-24NOV-C25,efe77d01-a403-4346-bac3-ad25dc1135a0,0.77
2024-10-09 15:33:35.259549+00:00,94,0.26,no,FEDDECISION-24NOV-C25,2fcfb512-3fbb-4508-b0eb-60fb33dfa076,0.74
2024-10-09 15:35:03.057725+00:00,50,0.26,no,FEDDECISION-24NOV-C25,cc077e38-5718-4a95-bca3-890e5ba00fbc,0.74
2024-10-09 16:21:02.120522+00:00,856,0.26,no,FEDDECISION-24NOV-C25,02b5c0f5-526f-4996-b834-788e810e7eeb,0.74
2024-10-09 16:43:09.539562+00:00,188,0.26,yes,FEDDECISION-24NOV-C25,04de51d0-7513-4068-a241-13052c8f74ee,0.74
2024-10-09 16:46:48.829027+00:00,3,0.26,yes,FEDDECISION-24NOV-C25,4578c3a2-607b-4797-b2c2-9a88acd35df3,0.74
2024-10-09 16:47:55.701242+00:00,50,0.3,no,FEDDECISION-24NOV-C25,9d5a3cb8-5dca-4173-8a60-89f817b52306,0.7
2024-10-09 17:43:30.816994+00:00,131,0.25,yes,FEDDECISION-24NOV-C25,e832e847-3c31-4dca-b647-2da85291eb13,0.75
2024-10-09 18:36:22.348551+00:00,39,0.24,no,FEDDECISION-24NOV-C25,4f523c4f-8b8f-4b7b-a9fc-2d8ac45c2000,0.76
2024-10-09 18:47:18.763125+00:00,40,0.23,no,FEDDECISION-24NOV-C25,b732ee76-9eb9-42ed-82c8-c95424f7833e,0.77
2024-10-09 18:47:19.452629+00:00,2,0.23,no,FEDDECISION-24NOV-C25,25eb44e0-834b-42ce-af7a-a72f0e29d1e5,0.77
2024-10-09 19:01:54.577806+00:00,18,0.24,no,FEDDECISION-24NOV-C25,93a49525-ca53-45d2-99cc-ce09409d3a4b,0.76
2024-10-09 20:19:22.672081+00:00,12,0.21,yes,FEDDECISION-24NOV-C25,a11a8862-da0f-47d1-9994-5b589cb7ae71,0.79
2024-10-09 20:56:32.092428+00:00,3,0.24,no,FEDDECISION-24NOV-C25,5db646ff-6236-4778-a54d-98704c72446e,0.76
2024-10-09 20:57:03.113227+00:00,30,0.25,no,FEDDECISION-24NOV-C25,718ba583-b804-4e6a-a90f-2be057840e84,0.75
2024-10-09 22:11:06.997131+00:00,53,0.26,no,FEDDECISION-24NOV-C25,6ffcf384-a93f-40b7-99cc-7c98aa47bce6,0.74
2024-10-09 22:13:00.433455+00:00,47,0.26,no,FEDDECISION-24NOV-C25,62b0122f-a278-49eb-b3cc-d06f6ae1fc28,0.74
2024-10-09 22:33:10.722685+00:00,16,0.26,no,FEDDECISION-24NOV-C25,8aef5d40-c8a4-4ae6-8420-9abfeb6f7f82,0.74
2024-10-09 22:36:01.697435+00:00,28,0.26,no,FEDDECISION-24NOV-C25,62e5c4b0-d78a-4868-a996-c81a4a4bf7c4,0.74
2024-10-10 01:29:28.263185+00:00,18,0.21,yes,FEDDECISION-24NOV-C25,45ac2968-3680-4945-8e52-e3a4c935c81f,0.79
2024-10-10 01:29:28.263185+00:00,71,0.21,yes,FEDDECISION-24NOV-C25,54bf144a-1df0-4115-8fdc-13a1c87e324b,0.79
2024-10-10 03:58:02.777380+00:00,12,0.23,yes,FEDDECISION-24NOV-C25,e1ec4c4c-a29c-4f7c-b197-ea3586d74244,0.77
2024-10-10 12:00:11.117877+00:00,600,0.26,yes,FEDDECISION-24NOV-C25,bbe177a1-5991-4898-b27c-ab0a77f2a311,0.74
2024-10-10 12:00:16.853203+00:00,600,0.27,yes,FEDDECISION-24NOV-C25,10f02b60-12a7-4a53-8b82-b4547aece146,0.73
2024-10-10 12:26:23.391209+00:00,1,0.26,yes,FEDDECISION-24NOV-C25,dadfe9ed-5ecb-4a2b-acfc-cfd67d01ae78,0.74
2024-10-10 12:31:58.595346+00:00,111,0.22,yes,FEDDECISION-24NOV-C25,7f09d5d4-d683-45d2-a27a-f4a625f73250,0.78
2024-10-10 12:32:52.373107+00:00,100,0.15,yes,FEDDECISION-24NOV-C25,0c5c2f4e-bbaf-4b92-a088-63d3982b7a49,0.85
2024-10-10 12:33:03.217485+00:00,2000,0.15,no,FEDDECISION-24NOV-C25,10e8182f-2281-4ce6-84b5-3074fb0070c3,0.85
2024-10-10 12:37:08.858038+00:00,2000,0.24,yes,FEDDECISION-24NOV-C25,b4ae1cee-4a2a-41e8-b2f7-53e7a0637806,0.76
2024-10-10 12:38:15.445560+00:00,1,0.13,yes,FEDDECISION-24NOV-C25,8397c44b-b3c9-4954-8d46-fb50b24b0fe6,0.87
2024-10-10 15:02:00.604340+00:00,100,0.21,no,FEDDECISION-24NOV-C25,3eac587a-71b8-4d0e-b746-277922775259,0.79
2024-10-10 15:02:00.604340+00:00,3,0.23,no,FEDDECISION-24NOV-C25,d2cbe0da-b62a-471c-92f6-6a7360dadb81,0.77
2024-10-10 15:30:33.949088+00:00,49,0.2,yes,FEDDECISION-24NOV-C25,081f55b8-21f2-492d-98f1-a4b4e670f0fa,0.8
2024-10-10 16:24:23.789332+00:00,151,0.19,yes,FEDDECISION-24NOV-C25,160781c1-0efa-45a8-8a04-3f259ae7889c,0.81
2024-10-10 16:24:23.789332+00:00,49,0.18,yes,FEDDECISION-24NOV-C25,785a5bc8-6863-470b-9460-326a55111700,0.82
2024-10-10 16:45:29.252657+00:00,2,0.2,no,FEDDECISION-24NOV-C25,ccaedfb6-fcf7-4db7-8482-49aab0d0e869,0.8
2024-10-10 16:45:48.856258+00:00,98,0.2,no,FEDDECISION-24NOV-C25,7cca82f4-e5b2-4ae5-95bc-335d32e711f9,0.8
2024-10-10 16:46:14.419026+00:00,100,0.21,no,FEDDECISION-24NOV-C25,a311f5b9-ddfb-45e0-ae74-dd2dab53c352,0.79
2024-10-10 16:46:24.637456+00:00,200,0.24,no,FEDDECISION-24NOV-C25,db13240f-95f4-4e00-8c29-dbab13d829ae,0.76
2024-10-10 16:46:24.637456+00:00,97,0.23,no,FEDDECISION-24NOV-C25,e71015e6-f20c-43fc-acaf-8e49e417d8a3,0.77
2024-10-10 16:46:24.637456+00:00,5,0.23,no,FEDDECISION-24NOV-C25,9aad6a83-179f-4beb-8fdd-0dbd520eb55a,0.77
2024-10-10 16:54:40.057025+00:00,100,0.26,no,FEDDECISION-24NOV-C25,487b85c6-71d9-49d4-8899-e5881efd50dc,0.74
2024-10-10 17:06:45.094928+00:00,2,0.31,no,FEDDECISION-24NOV-C25,855b1063-d77c-4944-9c6a-7977c13add5d,0.69
2024-10-10 17:15:18.229328+00:00,198,0.3,yes,FEDDECISION-24NOV-C25,b67380df-9693-449b-b70a-21b0e44bf0ab,0.7
2024-10-10 17:44:10.297874+00:00,100,0.25,yes,FEDDECISION-24NOV-C25,3b301170-c460-4044-a401-38f13a71754d,0.75
2024-10-10 17:44:10.297874+00:00,1088,0.24,yes,FEDDECISION-24NOV-C25,435da576-85e9-4e2c-9e75-b0af844d4bfd,0.76
2024-10-10 17:44:10.297874+00:00,2,0.27,yes,FEDDECISION-24NOV-C25,106757cf-78a0-4d91-b204-bfa90264cba6,0.73
2024-10-10 17:44:10.297874+00:00,100,0.24,yes,FEDDECISION-24NOV-C25,14b7b541-dc86-4427-8737-8b511c133ed2,0.76
2024-10-10 17:49:42.725136+00:00,6,0.25,yes,FEDDECISION-24NOV-C25,30a93265-c8bf-4da2-a63d-2de7c9495b33,0.75
2024-10-10 17:59:51.577203+00:00,2,0.24,yes,FEDDECISION-24NOV-C25,dfd1068c-a40a-41ae-b035-18b733a242ac,0.76
2024-10-10 18:19:46.666262+00:00,100,0.24,yes,FEDDECISION-24NOV-C25,cd7ff72b-4921-4266-8ae7-ec829838659d,0.76
2024-10-10 18:28:03.642795+00:00,100,0.25,yes,FEDDECISION-24NOV-C25,59332790-0c6b-4bcc-93c6-4a0b2e6ed3e7,0.75
2024-10-10 18:40:11.843516+00:00,100,0.23,yes,FEDDECISION-24NOV-C25,85f9f73f-161e-40b9-b2c9-b6035289c0b0,0.77
2024-10-10 19:17:17.508495+00:00,380,0.25,no,FEDDECISION-24NOV-C25,fcebac21-bc76-4dee-8d73-12cc2c62ccbe,0.75
2024-10-10 19:23:02.183188+00:00,31,0.21,yes,FEDDECISION-24NOV-C25,110a4aef-ef8a-4698-ac24-8c31e2ef76a7,0.79
2024-10-10 20:26:03.143127+00:00,1250,0.21,yes,FEDDECISION-24NOV-C25,d2d3dd8b-db30-4c27-a444-dbf7dd89ca30,0.79
2024-10-10 20:36:51.275077+00:00,1,0.21,yes,FEDDECISION-24NOV-C25,89ea1e14-ba3a-4808-84ee-25f360c0e729,0.79
2024-10-10 22:05:30.911134+00:00,117,0.16,yes,FEDDECISION-24NOV-C25,0930eae1-e374-4a75-bacf-270d39982d63,0.84
2024-10-10 23:52:17.049756+00:00,176,0.27,no,FEDDECISION-24NOV-C25,b9e66057-3c0b-49e2-aac9-d349d2d990f6,0.73
2024-10-10 23:53:06.441722+00:00,1,0.33,no,FEDDECISION-24NOV-C25,27c9b1f5-159c-407b-82bd-0ca64e3b24b2,0.67
2024-10-10 23:53:06.441722+00:00,1,0.32,no,FEDDECISION-24NOV-C25,2fe8d3be-0a77-4a6e-810d-d6a62f5fc914,0.68
2024-10-10 23:53:06.441722+00:00,74,0.27,no,FEDDECISION-24NOV-C25,6e06f77d-2b18-41c5-a69a-31c90ad7324d,0.73
2024-10-10 23:53:06.441722+00:00,5,0.31,no,FEDDECISION-24NOV-C25,7d464be5-58f3-4b78-bfce-b450463dfd29,0.69
2024-10-10 23:53:06.441722+00:00,1,0.33,no,FEDDECISION-24NOV-C25,9048afb9-24fb-4127-b579-47e9907dd5f7,0.67
2024-10-10 23:53:06.441722+00:00,3,0.34,no,FEDDECISION-24NOV-C25,d567e77f-48c6-4b3c-a01b-94fb4e73b9b6,0.66
2024-10-11 00:49:15.124094+00:00,24,0.19,yes,FEDDECISION-24NOV-C25,7212a0cb-ecc4-47e5-985b-c0bca109e955,0.81
2024-10-11 12:29:31.065797+00:00,12,0.39,no,FEDDECISION-24NOV-C25,9c9d81b3-cc3b-42e7-8443-195abeb1c8a1,0.61
2024-10-11 13:54:52.826216+00:00,1250,0.21,yes,FEDDECISION-24NOV-C25,12c09437-5c1c-435d-b989-a56513024042,0.79
2024-10-11 15:50:54.624381+00:00,57,0.19,yes,FEDDECISION-24NOV-C25,ba46d528-61f8-4467-8f74-6aeddeb5d047,0.81
2024-10-11 15:50:54.624381+00:00,76,0.19,yes,FEDDECISION-24NOV-C25,f69021dd-8d0a-4f77-b868-a13ff14321e6,0.81
2024-10-11 15:50:54.624381+00:00,14,0.21,yes,FEDDECISION-24NOV-C25,41344cdb-ff33-4dbb-b7d7-b3cfe00f71ae,0.79
2024-10-11 15:50:54.624381+00:00,100,0.2,yes,FEDDECISION-24NOV-C25,c9d4c963-51d2-456c-b197-6cbe492fee9e,0.8
2024-10-11 15:50:54.624381+00:00,133,0.21,yes,FEDDECISION-24NOV-C25,ed901c28-c97f-4d7f-805a-8530aa1bb6d0,0.79
2024-10-11 16:09:23.976713+00:00,15,0.22,no,FEDDECISION-24NOV-C25,1a7eb42f-0a91-4192-854c-fef4fbd5b742,0.78
2024-10-11 17:53:58.129566+00:00,1080,0.17,yes,FEDDECISION-24NOV-C25,0038ba5a-5a34-49f7-bdab-2f99533a936a,0.83
2024-10-11 17:53:58.129566+00:00,111,0.18,yes,FEDDECISION-24NOV-C25,380a3531-89b4-437a-b5a7-7f74080023c5,0.82
2024-10-11 19:33:35.868623+00:00,5,0.16,yes,FEDDECISION-24NOV-C25,502855de-0d3e-402e-915b-17d020eb02eb,0.84
2024-10-11 19:48:12.223354+00:00,3,0.17,yes,FEDDECISION-24NOV-C25,da7b301b-3b43-48c4-bded-b2b59a7ae34c,0.83
2024-10-11 21:15:36.186575+00:00,95,0.16,yes,FEDDECISION-24NOV-C25,ee003e39-f55d-4510-8945-f2dc07d236bd,0.84
2024-10-11 21:19:45.469989+00:00,20,0.16,no,FEDDECISION-24NOV-C25,90a60595-05ec-4948-b60c-9526e771c1fb,0.84
2024-10-11 23:31:05.381680+00:00,1,0.22,no,FEDDECISION-24NOV-C25,e6e93878-7748-427e-8cbd-de6ccd0803f5,0.78
2024-10-11 23:31:05.381680+00:00,28,0.26,no,FEDDECISION-24NOV-C25,dc0205d1-64fe-4c69-a1a2-f879f67a9252,0.74
2024-10-11 23:31:05.381680+00:00,33,0.25,no,FEDDECISION-24NOV-C25,b768101c-c318-48db-99d5-51826d7d12ca,0.75
2024-10-11 23:31:05.381680+00:00,8,0.23,no,FEDDECISION-24NOV-C25,7d63dfdf-6396-481e-a3dc-352011e0186b,0.77
2024-10-11 23:31:05.381680+00:00,1,0.21,no,FEDDECISION-24NOV-C25,755cfe86-d485-4f9f-b5f8-35a319e084c8,0.79
2024-10-11 23:31:05.381680+00:00,11,0.24,no,FEDDECISION-24NOV-C25,07d0576c-a0ed-4c15-b7eb-049983fd1cfe,0.76
2024-10-11 23:31:05.381680+00:00,20,0.17,no,FEDDECISION-24NOV-C25,8f758cad-38fa-4f74-ba69-0d533531569e,0.83
2024-10-12 00:59:17.193955+00:00,2,0.14,yes,FEDDECISION-24NOV-C25,874b7007-3703-4ed1-af1f-418a2c1b8fd8,0.86
2024-10-12 14:10:06.629300+00:00,1160,0.15,yes,FEDDECISION-24NOV-C25,0e973c4e-6184-4b88-9e9e-630d454307f5,0.85
2024-10-12 16:59:58.225654+00:00,58,0.15,yes,FEDDECISION-24NOV-C25,2895b107-4f61-43f2-9a6e-cf980ee42884,0.85
2024-10-13 01:55:44.902788+00:00,50,0.25,no,FEDDECISION-24NOV-C25,1abaab19-a78c-4965-866c-7661f6b30e6f,0.75
2024-10-13 13:26:47.228582+00:00,15,0.16,yes,FEDDECISION-24NOV-C25,e21dc40d-cc5e-4cab-aac5-e7a1927107a8,0.84
2024-10-13 13:26:47.228582+00:00,573,0.15,yes,FEDDECISION-24NOV-C25,8372bb29-340b-4273-884e-c7656253df27,0.85
2024-10-13 13:26:47.228582+00:00,1,0.18,yes,FEDDECISION-24NOV-C25,28078b23-6b1c-4f25-b128-d51fe39b0c54,0.82
2024-10-13 13:26:47.228582+00:00,211,0.2,yes,FEDDECISION-24NOV-C25,9ee09d4d-59af-4dd4-9640-e648226a4e8c,0.8
2024-10-13 13:27:02.147221+00:00,9,0.15,yes,FEDDECISION-24NOV-C25,d0806bdc-e828-4be2-ae3a-522dae882167,0.85
2024-10-13 13:27:02.147221+00:00,1,0.16,yes,FEDDECISION-24NOV-C25,f18f721d-0aea-473e-b1c3-9ba2a0b9aa48,0.84
2024-10-13 18:14:17.624293+00:00,220,0.16,yes,FEDDECISION-24NOV-C25,327cf891-dd60-4ad0-804b-0b20066d86f0,0.84
2024-10-13 18:14:17.624293+00:00,5,0.18,yes,FEDDECISION-24NOV-C25,ace5b539-2ed9-4629-81fa-dfcb5bbbb19a,0.82
2024-10-13 18:14:17.624293+00:00,2,0.19,yes,FEDDECISION-24NOV-C25,da329402-1c05-492a-83b7-6dd0a023019d,0.81
2024-10-13 19:47:54.122024+00:00,201,0.23,no,FEDDECISION-24NOV-C25,0411b172-cc3e-45e3-b841-5ea179100562,0.77
2024-10-13 19:47:54.122024+00:00,5,0.22,no,FEDDECISION-24NOV-C25,5ecd1ac4-9183-4313-a0f6-99ebd67b00c0,0.78
2024-10-13 22:26:57.073665+00:00,60,0.19,yes,FEDDECISION-24NOV-C25,96d8d3d9-0132-47b5-ac59-0fcad0fe090d,0.81
2024-10-13 22:39:16.341196+00:00,4,0.23,no,FEDDECISION-24NOV-C25,efe8e736-911a-41b3-9b9c-ee788cc5e5a2,0.77
2024-10-14 01:45:06.996578+00:00,51,0.19,yes,FEDDECISION-24NOV-C25,29b95341-29d1-4965-bddd-ddd0d9db1c04,0.81
2024-10-14 01:45:06.996578+00:00,101,0.18,yes,FEDDECISION-24NOV-C25,d899c299-79a1-4a7b-9dc4-82753f0f5390,0.82
2024-10-14 12:20:19.374028+00:00,1000,0.24,no,FEDDECISION-24NOV-C25,87fd2b35-db7d-40a6-a6ab-caa8c18caeaf,0.76
2024-10-14 12:39:27.915182+00:00,63,0.23,yes,FEDDECISION-24NOV-C25,8189c94f-7bd3-42ba-92dc-5bd5506195d2,0.77
2024-10-14 13:21:00.054764+00:00,10,0.26,no,FEDDECISION-24NOV-C25,f02c8974-4726-40b1-96ce-e2316da80f4a,0.74
2024-10-14 13:49:53.288459+00:00,1263,0.22,yes,FEDDECISION-24NOV-C25,7de9a16b-c9e9-463f-a6ef-356c4a282475,0.78
2024-10-14 16:30:39.392130+00:00,1263,0.22,yes,FEDDECISION-24NOV-C25,48004ab8-87eb-4cf7-853e-44f67e70f746,0.78
2024-10-14 17:02:11.459916+00:00,5,0.22,yes,FEDDECISION-24NOV-C25,a1a4e488-d4e2-4922-85c0-574de75bdc29,0.78
2024-10-14 17:30:20.823126+00:00,127,0.23,yes,FEDDECISION-24NOV-C25,ccddc963-e91a-4d35-9001-970521c29161,0.77
2024-10-14 18:55:37.743124+00:00,100,0.25,no,FEDDECISION-24NOV-C25,b771124c-029d-4151-a364-d5a2e66fa483,0.75
2024-10-14 19:01:16.183084+00:00,739,0.26,no,FEDDECISION-24NOV-C25,c881dbd7-0427-4188-93b9-72194f7d5e47,0.74
2024-10-14 19:01:16.183084+00:00,750,0.27,no,FEDDECISION-24NOV-C25,de59467d-39ff-42b2-b9bc-8900549b9d32,0.73
2024-10-14 19:01:16.183084+00:00,1000,0.26,no,FEDDECISION-24NOV-C25,fe943c10-5e26-4b4e-9b57-653ae0d3c846,0.74
2024-10-14 19:01:16.307585+00:00,485,0.34,no,FEDDECISION-24NOV-C25,507ba5e0-0a1c-4387-b8bd-501c3822f2e0,0.66
2024-10-14 19:01:16.307585+00:00,1254,0.35,no,FEDDECISION-24NOV-C25,92f43ecb-dae8-4d60-a910-a9e0c7efa7a7,0.65
2024-10-14 19:02:01.668438+00:00,500,0.26,yes,FEDDECISION-24NOV-C25,58db35b0-7717-496b-9ee3-6eb96327fafc,0.74
2024-10-14 19:02:01.668438+00:00,123,0.25,yes,FEDDECISION-24NOV-C25,d9c2043b-c785-4626-8e23-b596bbaf3ea8,0.75
2024-10-14 19:51:08.023083+00:00,77,0.22,yes,FEDDECISION-24NOV-C25,f529e9b5-b265-4040-bdaf-98f8da20f29d,0.78
2024-10-14 19:51:08.023083+00:00,200,0.23,yes,FEDDECISION-24NOV-C25,5115a31b-46ac-4299-9596-ed1cb13195dd,0.77
2024-10-14 19:51:08.023083+00:00,1000,0.23,yes,FEDDECISION-24NOV-C25,b296d004-5bc6-4a46-9350-b6bc94322590,0.77
2024-10-14 20:03:12.742993+00:00,100,0.22,yes,FEDDECISION-24NOV-C25,b1382051-7038-4097-b780-296c4f597211,0.78
2024-10-14 20:12:40.788580+00:00,8,0.25,no,FEDDECISION-24NOV-C25,6b2107d9-9112-4c46-a3ac-64f54ed36a69,0.75
2024-10-14 21:22:30.798007+00:00,100,0.23,yes,FEDDECISION-24NOV-C25,1c55c5e0-701d-476b-a9fb-e503169fee12,0.77
2024-10-14 21:22:59.770874+00:00,100,0.22,yes,FEDDECISION-24NOV-C25,1f6c66dc-905f-4a41-b6b9-e04ee1f69a53,0.78
2024-10-14 21:24:12.540176+00:00,200,0.22,yes,FEDDECISION-24NOV-C25,5d2a1b12-71f1-4908-adbd-8e70fea47d1c,0.78
2024-10-14 21:25:03.973106+00:00,200,0.22,yes,FEDDECISION-24NOV-C25,6791b836-81bd-483d-ac60-5baf23f4acad,0.78
2024-10-14 21:43:46.533798+00:00,16,0.25,no,FEDDECISION-24NOV-C25,c4cfad6e-4f60-407d-9a2e-34cb50748b5e,0.75
2024-10-15 03:23:54.107298+00:00,12,0.23,yes,FEDDECISION-24NOV-C25,77c4b527-93d0-44e7-9b11-19e7befb41f5,0.77
2024-10-15 05:45:21.084848+00:00,31,0.22,yes,FEDDECISION-24NOV-C25,32c6d17c-d7cd-420c-bc85-d2b05afbf9e1,0.78
2024-10-15 12:08:36.295873+00:00,12,0.25,no,FEDDECISION-24NOV-C25,fb7af8a5-0589-4fe7-a9ab-1308f9305073,0.75
2024-10-15 12:26:11.586416+00:00,4,0.21,yes,FEDDECISION-24NOV-C25,8ce9759c-a86d-429f-aaf9-4e903aff59d7,0.79
2024-10-15 12:26:11.586416+00:00,33,0.22,yes,FEDDECISION-24NOV-C25,c9112504-ee68-42ba-a5c8-d0bb77e89d13,0.78
2024-10-15 12:26:11.586416+00:00,292,0.22,yes,FEDDECISION-24NOV-C25,f0c4ff47-f11d-494b-94f1-6d42ff7e172f,0.78
2024-10-15 12:26:11.693384+00:00,77,0.21,no,FEDDECISION-24NOV-C25,05f076f6-8d19-4262-823a-6079dc1d2a80,0.79
2024-10-15 12:26:11.770058+00:00,33,0.21,no,FEDDECISION-24NOV-C25,63647eac-06c1-4d43-906d-5a02e1028a85,0.79
2024-10-15 12:36:48.865615+00:00,29,0.17,yes,FEDDECISION-24NOV-C25,290136e6-9c87-4cf0-b605-4545e9f97bd1,0.83
2024-10-15 13:13:13.379083+00:00,4000,0.2,yes,FEDDECISION-24NOV-C25,2ed11654-6c14-4bf0-ab14-b4f31268b610,0.8
2024-10-15 15:45:23.817115+00:00,194,0.24,no,FEDDECISION-24NOV-C25,d383ce61-5bf1-4859-ba22-d9fb06209346,0.76
2024-10-15 15:45:23.817115+00:00,4,0.22,no,FEDDECISION-24NOV-C25,e640fb12-3587-498a-b9b3-e6009f64433a,0.78
2024-10-15 15:51:01.226119+00:00,30,0.2,yes,FEDDECISION-24NOV-C25,1c08a597-c367-4ff0-90e2-064691a765ba,0.8
2024-10-15 18:18:54.316903+00:00,161,0.21,yes,FEDDECISION-24NOV-C25,c65940cf-5864-41f8-80d8-3dc97b61608e,0.79
2024-10-15 18:18:54.316903+00:00,2,0.22,yes,FEDDECISION-24NOV-C25,0e44cedf-9592-4e01-87c9-2a74f8ef5df4,0.78
2024-10-15 18:29:20.662544+00:00,211,0.19,yes,FEDDECISION-24NOV-C25,f9f18ecf-d363-45f0-aa13-3ff0472b197e,0.81
2024-10-15 18:29:38.656015+00:00,3,0.19,no,FEDDECISION-24NOV-C25,85955825-e1cc-4749-a59f-2d6359c29ab7,0.81
2024-10-15 22:35:29.307222+00:00,5,0.18,yes,FEDDECISION-24NOV-C25,078882e5-0cff-437a-be25-3b91b18d953c,0.82
2024-10-15 22:35:29.307222+00:00,18,0.17,yes,FEDDECISION-24NOV-C25,98e176c7-6703-4f32-aa6c-ebd134e99fad,0.83
2024-10-15 22:51:08.527065+00:00,5,0.18,yes,FEDDECISION-24NOV-C25,4cd1007c-376f-48cd-b027-81e4bf7d160f,0.82
2024-10-16 01:10:26.324516+00:00,495,0.18,no,FEDDECISION-24NOV-C25,45301633-752f-4520-9f63-f4b47f281938,0.82
2024-10-16 02:35:52.365349+00:00,1,0.15,yes,FEDDECISION-24NOV-C25,36166ec9-c6ce-4441-b57b-30b197ad0d59,0.85
2024-10-16 03:49:02.574163+00:00,23,0.15,yes,FEDDECISION-24NOV-C25,5196bbe9-f668-44e1-bf6b-9f1f02860292,0.85
2024-10-16 04:12:48.113956+00:00,726,0.15,yes,FEDDECISION-24NOV-C25,db4d8380-aa30-473c-b8f8-e498e5a7b4f5,0.85
2024-10-16 12:40:59.906380+00:00,3,0.16,yes,FEDDECISION-24NOV-C25,e6a63d0e-93b5-4cc4-84a8-78428a0d49ac,0.84
2024-10-16 12:54:36.595790+00:00,168,0.16,yes,FEDDECISION-24NOV-C25,2b151a09-6ec7-4da0-935b-892d638c5671,0.84
2024-10-16 17:20:11.571129+00:00,1,0.16,no,FEDDECISION-24NOV-C25,9beffac1-8bf7-4b6b-b5b9-28c8188de002,0.84
2024-10-16 17:26:48.824520+00:00,5,0.16,yes,FEDDECISION-24NOV-C25,a4978507-56b2-4c46-9e42-ad8181f6bcb7,0.84
2024-10-16 21:13:39.856214+00:00,28,0.13,yes,FEDDECISION-24NOV-C25,acc0c01f-fe67-4184-86e4-cbf3b119793b,0.87
2024-10-16 21:16:13.058428+00:00,31,0.12,yes,FEDDECISION-24NOV-C25,32d47207-f471-44ff-9c2d-144446cdb64e,0.88
2024-10-16 21:16:13.058428+00:00,82,0.13,yes,FEDDECISION-24NOV-C25,d9ce7900-e36a-45c6-b3c1-c3a2e3f6bcde,0.87
2024-10-16 23:42:10.179474+00:00,30,0.13,yes,FEDDECISION-24NOV-C25,776f301b-3303-4c56-bccb-db9c54bbbbe1,0.87
2024-10-16 23:42:10.179474+00:00,14,0.14,yes,FEDDECISION-24NOV-C25,c0e9eea8-0127-4879-b40f-2c156e757815,0.86
2024-10-16 23:42:10.179474+00:00,12,0.12,yes,FEDDECISION-24NOV-C25,dcf76cb2-9e09-4c87-8b48-e2b334bb5e7f,0.88
2024-10-17 02:27:32.100603+00:00,1,0.14,yes,FEDDECISION-24NOV-C25,c725debb-fd0e-4768-b769-4afd3a423523,0.86
2024-10-17 03:13:37.944461+00:00,11,0.25,no,FEDDECISION-24NOV-C25,7acf3db5-4e89-4c35-b93e-18dddb0ad3a0,0.75
2024-10-17 03:13:37.944461+00:00,28,0.24,no,FEDDECISION-24NOV-C25,eecf1569-a2d2-449c-835f-6129401c659b,0.76
2024-10-17 12:30:56.652095+00:00,153,0.25,no,FEDDECISION-24NOV-C25,b08816af-e5c2-4317-8063-ab639f76592b,0.75
2024-10-17 12:30:56.753669+00:00,153,0.3,no,FEDDECISION-24NOV-C25,d118ab08-89be-4f54-b30f-8c60d7a662ed,0.7
2024-10-17 13:11:26.568415+00:00,9,0.18,yes,FEDDECISION-24NOV-C25,95c7489b-b790-4bc1-9809-67abf264e295,0.82
2024-10-17 13:11:26.568415+00:00,50,0.17,yes,FEDDECISION-24NOV-C25,ef3eb8a3-85e2-4da9-83f2-8214ce3ebcdb,0.83
2024-10-17 14:46:08.899483+00:00,57,0.19,yes,FEDDECISION-24NOV-C25,1a358e12-26c3-41dd-b0b6-f52cbe934636,0.81
2024-10-17 17:29:31.304124+00:00,5,0.19,yes,FEDDECISION-24NOV-C25,cdc6ce4e-307b-4581-9954-93a6a2f29ec8,0.81
2024-10-17 17:29:31.304124+00:00,111,0.2,yes,FEDDECISION-24NOV-C25,164d25b1-d8a7-42c4-a2bb-56ca213fd8eb,0.8
2024-10-17 17:29:31.304124+00:00,2,0.16,yes,FEDDECISION-24NOV-C25,2b9c36b1-0182-4b7d-a05b-0db607aa3854,0.84
2024-10-17 17:29:31.304124+00:00,4,0.19,yes,FEDDECISION-24NOV-C25,508893c3-cadd-4f3b-ae13-d871d4d5fc14,0.81
2024-10-17 18:09:50.648472+00:00,116,0.18,yes,FEDDECISION-24NOV-C25,e311c861-d81d-4329-8b29-b1fbcffa0d82,0.82
2024-10-17 18:09:50.648472+00:00,4,0.19,yes,FEDDECISION-24NOV-C25,87b38b19-5291-4fcd-bab3-de727b76b640,0.81
2024-10-17 18:42:03.548381+00:00,40,0.2,no,FEDDECISION-24NOV-C25,634b9a87-c18d-4d45-b795-5ea6c001562f,0.8
2024-10-17 21:23:09.024713+00:00,20,0.27,no,FEDDECISION-24NOV-C25,160ac900-998e-4310-afaf-27da18cec6af,0.73
2024-10-17 23:47:15.036169+00:00,11,0.17,yes,FEDDECISION-24NOV-C25,096b4ef5-a114-4f09-be02-916944f0e4a6,0.83
2024-10-18 12:12:48.041756+00:00,1094,0.17,yes,FEDDECISION-24NOV-C25,d2a518e0-9785-44c6-beab-c80cc5a53263,0.83
2024-10-18 12:12:48.041756+00:00,99,0.19,yes,FEDDECISION-24NOV-C25,fcc0da3e-41a0-44ca-8208-a72a1bde66b8,0.81
2024-10-18 14:22:21.085864+00:00,23,0.2,no,FEDDECISION-24NOV-C25,851437f9-484b-4c00-90a5-a383931ee171,0.8
2024-10-18 14:22:21.085864+00:00,5,0.2,no,FEDDECISION-24NOV-C25,ad5389e1-bcf5-493f-8308-47297d3039ff,0.8
2024-10-18 17:00:32.476747+00:00,1023,0.2,no,FEDDECISION-24NOV-C25,668ab831-51bf-4f68-bc38-59ac810bfff1,0.8
2024-10-18 18:02:29.026455+00:00,24,0.18,yes,FEDDECISION-24NOV-C25,e01318f4-1c9e-4000-b92e-c1d872f2ac5d,0.82
2024-10-18 19:32:26.929788+00:00,4,0.18,yes,FEDDECISION-24NOV-C25,658b60fb-42d3-4516-ae85-f3fdce112a44,0.82
2024-10-18 19:43:56.592805+00:00,199,0.18,yes,FEDDECISION-24NOV-C25,be4ca471-847b-4881-9465-4e614838e6a3,0.82
2024-10-19 01:43:50.995487+00:00,7,0.16,yes,FEDDECISION-24NOV-C25,a3a881a5-38b6-4ccb-94f3-4671c2e85963,0.84
2024-10-19 13:08:14.528284+00:00,10,0.15,yes,FEDDECISION-24NOV-C25,003968a5-8aaa-487d-9436-21e4afbf0d64,0.85
2024-10-19 13:08:14.528284+00:00,19,0.16,yes,FEDDECISION-24NOV-C25,f7501f35-3fed-4539-9718-d5322a28036a,0.84
2024-10-19 14:13:37.269364+00:00,174,0.15,yes,FEDDECISION-24NOV-C25,b5928370-c370-47e5-a4f6-ee554de5ffac,0.85
2024-10-19 14:22:14.723710+00:00,1,0.15,yes,FEDDECISION-24NOV-C25,a15b04e2-b094-44f5-9d7d-081c096f2025,0.85
2024-10-19 16:03:04.706883+00:00,11,0.15,yes,FEDDECISION-24NOV-C25,d36e054b-80aa-442a-bf46-4f1599323f24,0.85
2024-10-19 17:25:39.148032+00:00,11,0.15,yes,FEDDECISION-24NOV-C25,745ced4c-bba6-40a2-ac6b-4635996ed1a2,0.85
2024-10-19 17:36:17.948420+00:00,74,0.16,no,FEDDECISION-24NOV-C25,597c74d0-923e-4c5b-9365-a6a78ed8e45c,0.84
2024-10-19 17:55:26.178619+00:00,8,0.15,yes,FEDDECISION-24NOV-C25,b28c7b37-07e8-497c-9fa6-9b407de6c4ba,0.85
2024-10-19 19:07:11.094851+00:00,4,0.12,yes,FEDDECISION-24NOV-C25,a2d8fd4e-c8eb-493c-a3b1-15ab6174fc68,0.88
2024-10-19 19:07:11.094851+00:00,7,0.15,yes,FEDDECISION-24NOV-C25,c5f8eb55-40d7-4c6d-9331-007e8c1f746e,0.85
2024-10-19 19:09:04.917511+00:00,22,0.13,yes,FEDDECISION-24NOV-C25,7a5fecde-4495-429d-bb8d-0aa6580449df,0.87
2024-10-19 19:36:40.920668+00:00,26,0.16,no,FEDDECISION-24NOV-C25,3a97e4cc-a2c5-4ddf-b214-7b9896ca10c1,0.84
2024-10-19 19:36:40.920668+00:00,31,0.17,no,FEDDECISION-24NOV-C25,02c2d577-328c-482e-9053-54b64f6a3df9,0.83
2024-10-19 23:40:38.711650+00:00,11,0.14,yes,FEDDECISION-24NOV-C25,b0552e83-ac63-4497-a8aa-37e4cb13412c,0.86
2024-10-20 18:11:43.736900+00:00,35,0.27,no,FEDDECISION-24NOV-C25,ca3f0008-2e1f-4573-92cc-98b1f3e0630a,0.73
2024-10-20 18:29:28.685852+00:00,7,0.14,yes,FEDDECISION-24NOV-C25,a6587096-3df1-414d-bf9c-cd9e40ce880b,0.86
2024-10-20 18:48:27.514852+00:00,172,0.14,yes,FEDDECISION-24NOV-C25,6644c901-1419-4fc0-8110-fe8948056366,0.86
2024-10-20 19:09:33.415577+00:00,38,0.25,no,FEDDECISION-24NOV-C25,6176a3c8-cad5-4b71-97c5-c7bcd915fc00,0.75
2024-10-20 21:32:15.407831+00:00,25,0.15,yes,FEDDECISION-24NOV-C25,cc656b22-3cec-40e8-840f-b38323869e16,0.85
2024-10-20 21:32:15.407831+00:00,40,0.14,yes,FEDDECISION-24NOV-C25,fdfeb729-96bf-4225-9aab-5b7e7c5bf654,0.86
2024-10-20 21:32:15.407831+00:00,10,0.14,yes,FEDDECISION-24NOV-C25,01024525-79e4-4694-bdea-cc7b100c6c02,0.86
2024-10-21 00:00:26.216737+00:00,12,0.16,no,FEDDECISION-24NOV-C25,fb4112d7-12ad-413b-81f1-775e4bdff179,0.84
2024-10-21 00:09:12.571580+00:00,11,0.13,yes,FEDDECISION-24NOV-C25,5278d64b-0a98-46e4-80f6-df3db6da2eb2,0.87
2024-10-21 12:05:55.322225+00:00,13,0.16,no,FEDDECISION-24NOV-C25,00ddab63-b12c-48bd-89b5-6f40e622ebcb,0.84
2024-10-21 12:05:55.322225+00:00,25,0.16,no,FEDDECISION-24NOV-C25,28744d10-93ea-4801-ae1c-3ff35549926a,0.84
2024-10-21 12:05:55.322225+00:00,12,0.16,no,FEDDECISION-24NOV-C25,32ad32ff-6a5f-460f-bc4c-6976bbcd8e33,0.84
2024-10-21 12:28:40.960543+00:00,3531,0.16,yes,FEDDECISION-24NOV-C25,22a38d65-d594-4430-b6f7-e90ece08628f,0.84
2024-10-21 12:37:40.991372+00:00,22,0.14,yes,FEDDECISION-24NOV-C25,0e61ca5a-5eca-4c6b-9cbf-748ac1a8dca4,0.86
2024-10-21 13:28:17.220899+00:00,27,0.17,no,FEDDECISION-24NOV-C25,5e2d7f64-9571-4c2b-936c-c3fe1bd81e09,0.83
2024-10-21 13:34:37.018972+00:00,25,0.16,yes,FEDDECISION-24NOV-C25,2002012b-f502-476f-9a1b-01fa87322883,0.84
2024-10-21 14:58:40.769627+00:00,166,0.16,yes,FEDDECISION-24NOV-C25,b17fabc8-7df3-4159-bbb1-2a2ecf789b41,0.84
2024-10-21 14:58:40.769627+00:00,34,0.16,yes,FEDDECISION-24NOV-C25,d50003a1-6621-4598-890c-42adeb869ccd,0.84
2024-10-21 14:58:40.769627+00:00,50,0.16,yes,FEDDECISION-24NOV-C25,a4236a36-a563-4dc8-a2d2-a34a789efe70,0.84
2024-10-21 14:59:42.331361+00:00,2500,0.17,no,FEDDECISION-24NOV-C25,bfbcd75b-ceea-49e0-9a22-5aa135c963a7,0.83
2024-10-21 15:04:16.436207+00:00,440,0.18,no,FEDDECISION-24NOV-C25,ca4df1c6-ea57-4608-8132-9c30889285d1,0.82
2024-10-21 15:29:56.935895+00:00,413,0.21,no,FEDDECISION-24NOV-C25,57f666e9-d3ff-4862-b515-82a7191b265e,0.79
2024-10-21 15:34:16.478687+00:00,50,0.18,yes,FEDDECISION-24NOV-C25,77df342f-12c5-414e-a222-5e388dd9a593,0.82
2024-10-21 15:34:16.478687+00:00,200,0.18,yes,FEDDECISION-24NOV-C25,c0345cf5-69eb-4c52-96b1-0a97c3c3b080,0.82
2024-10-21 15:37:08.244868+00:00,2436,0.19,yes,FEDDECISION-24NOV-C25,3b77fb39-f902-49a5-8869-e3a8238069e8,0.81
2024-10-21 16:02:54.449533+00:00,50,0.19,yes,FEDDECISION-24NOV-C25,9f8e085a-76db-4e38-bee2-f219c0b8d571,0.81
2024-10-21 16:02:54.449533+00:00,69,0.16,yes,FEDDECISION-24NOV-C25,33f44d5b-ba02-4e67-9dbe-a9742f1c2475,0.84
2024-10-21 16:37:34.141024+00:00,121,0.17,yes,FEDDECISION-24NOV-C25,7864bf46-1531-40ad-b073-bc802c37fe09,0.83
2024-10-21 16:37:34.141024+00:00,50,0.17,yes,FEDDECISION-24NOV-C25,a59b003d-83df-4682-ad7d-6023e31bf84c,0.83
2024-10-21 16:37:34.141024+00:00,29,0.17,yes,FEDDECISION-24NOV-C25,d4392ed0-e7b0-4526-bc8f-b93233d26040,0.83
2024-10-21 17:30:32.850386+00:00,4,0.19,no,FEDDECISION-24NOV-C25,bdeae419-cb46-4816-bdf5-1af1c7a6c3ce,0.81
2024-10-21 21:47:31.147536+00:00,6,0.16,yes,FEDDECISION-24NOV-C25,8bca7120-40d7-4d32-8107-87e677438856,0.84
2024-10-21 21:47:31.147536+00:00,111,0.16,yes,FEDDECISION-24NOV-C25,8c28b3dd-a045-444a-96ed-716cd0101dd8,0.84
2024-10-21 22:45:40.096447+00:00,50,0.16,yes,FEDDECISION-24NOV-C25,ed746b3b-1f04-436e-adf3-cf54de19753c,0.84
2024-10-21 22:45:40.096447+00:00,200,0.16,yes,FEDDECISION-24NOV-C25,93e69a86-df04-453c-991b-ef73c544c3e3,0.84
2024-10-22 03:43:43.582743+00:00,13,0.2,no,FEDDECISION-24NOV-C25,3466a549-8649-4468-a386-ebf61e877439,0.8
2024-10-22 03:43:43.582743+00:00,6,0.2,no,FEDDECISION-24NOV-C25,4444e358-70df-4ac6-8b43-d08d95802b93,0.8
2024-10-22 05:37:38.376666+00:00,6,0.2,no,FEDDECISION-24NOV-C25,4142a5af-e381-4b49-a295-20e0ea457f4a,0.8
2024-10-22 05:37:38.376666+00:00,8,0.2,no,FEDDECISION-24NOV-C25,e7d12b0f-eead-4a94-b360-c45077f0aee1,0.8
2024-10-22 12:02:08.053389+00:00,10,0.16,yes,FEDDECISION-24NOV-C25,489c6a58-956a-4dd3-9b36-344ab0f24f27,0.84
2024-10-22 12:02:08.053389+00:00,106,0.15,yes,FEDDECISION-24NOV-C25,73faa939-7ebe-40ab-b07f-df14edcf8188,0.85
2024-10-22 13:17:15.755016+00:00,23,0.17,no,FEDDECISION-24NOV-C25,16a51813-d6a0-4f30-b753-cd7c907d9e37,0.83
2024-10-22 13:35:26.174129+00:00,6,0.17,no,FEDDECISION-24NOV-C25,0b5f04a1-5b70-4780-92e8-212d62e3847a,0.83
2024-10-22 14:25:37.779528+00:00,64,0.15,yes,FEDDECISION-24NOV-C25,94f6f85d-c180-430d-9be0-5dfe734449e4,0.85
2024-10-22 14:25:37.779528+00:00,116,0.15,yes,FEDDECISION-24NOV-C25,d3248e63-1733-4fda-8362-3ad744f458a4,0.85
2024-10-22 14:25:37.779528+00:00,100,0.15,yes,FEDDECISION-24NOV-C25,424566d5-d7b9-4037-a69e-dcb8ea28257d,0.85
2024-10-22 14:25:37.779528+00:00,17,0.15,yes,FEDDECISION-24NOV-C25,6099b701-ef99-44f5-9ae4-4502481367a8,0.85
2024-10-22 14:25:37.779528+00:00,3,0.15,yes,FEDDECISION-24NOV-C25,9d334a83-7a45-4f20-98b5-2195c09265fd,0.85
2024-10-22 14:26:50.609379+00:00,99,0.14,yes,FEDDECISION-24NOV-C25,e7c41639-0d6b-43d3-b8a4-8a32614d1a5f,0.86
2024-10-22 14:26:52.200796+00:00,169,0.18,no,FEDDECISION-24NOV-C25,dfbd498f-f70f-4fef-9176-ae521c27289b,0.82
2024-10-22 15:38:20.287471+00:00,24,0.17,no,FEDDECISION-24NOV-C25,b6eec9a0-c168-4eeb-9fa5-454140e4f6ae,0.83
2024-10-22 15:43:24.511130+00:00,23,0.17,no,FEDDECISION-24NOV-C25,ecedc48d-d170-4ffd-b34f-89b3af38d262,0.83
2024-10-22 15:46:03.180099+00:00,22,0.17,no,FEDDECISION-24NOV-C25,83fb1ab3-38be-402b-9dbb-4c45006001b6,0.83
2024-10-22 15:46:03.180099+00:00,3,0.17,no,FEDDECISION-24NOV-C25,9e1dbcdb-1379-4e14-80d0-70e9b955f185,0.83
2024-10-22 15:54:55.185026+00:00,10,0.17,no,FEDDECISION-24NOV-C25,1b281188-954d-4c68-a1a4-c359d402f175,0.83
2024-10-22 16:21:17.768011+00:00,10,0.17,no,FEDDECISION-24NOV-C25,d29d37bf-15af-4ad6-9eb3-b42c5ffefa8e,0.83
2024-10-22 17:37:45.737240+00:00,9,0.17,no,FEDDECISION-24NOV-C25,95809690-e4bc-4228-afe2-e6f8b051d548,0.83
2024-10-22 17:51:27.931944+00:00,8,0.17,no,FEDDECISION-24NOV-C25,d3945e3d-4b6d-4d97-83a2-1a0af513fda4,0.83
2024-10-22 17:51:27.931944+00:00,1,0.17,no,FEDDECISION-24NOV-C25,e369f743-4d14-4107-a20e-52f18f4af463,0.83
2024-10-22 18:00:55.832596+00:00,11,0.15,yes,FEDDECISION-24NOV-C25,111074f5-2b40-40ab-9511-474cd33481b4,0.85
2024-10-22 18:00:55.832596+00:00,39,0.15,yes,FEDDECISION-24NOV-C25,4612b15d-debc-4437-bee9-9d895ffdd642,0.85
2024-10-22 18:00:55.832596+00:00,50,0.15,yes,FEDDECISION-24NOV-C25,7c0dd589-77da-4dc1-8250-71a3fc3571dc,0.85
2024-10-22 18:00:55.832596+00:00,111,0.15,yes,FEDDECISION-24NOV-C25,807cc2fb-6f9d-4052-ac0f-a71f3d9a9a9c,0.85
2024-10-22 18:00:55.832596+00:00,39,0.15,yes,FEDDECISION-24NOV-C25,bb5ace91-8179-449e-9b63-3fe3b93f481f,0.85
2024-10-22 18:00:55.832596+00:00,7,0.15,yes,FEDDECISION-24NOV-C25,d8ffafb1-717b-4c9b-be24-55a7800be93b,0.85
2024-10-22 18:01:33.262896+00:00,4,0.17,no,FEDDECISION-24NOV-C25,2bff175b-eee4-4502-9e66-27b4114c9bee,0.83
2024-10-22 18:01:33.262896+00:00,1,0.17,no,FEDDECISION-24NOV-C25,bb9edac6-98dc-4519-ab51-7ee769212545,0.83
2024-10-22 20:06:10.354496+00:00,5,0.17,no,FEDDECISION-24NOV-C25,a5771310-f71b-4ef2-bcb7-69ef1060d21e,0.83
2024-10-22 20:06:10.354496+00:00,10,0.18,no,FEDDECISION-24NOV-C25,b7a4e4ba-2031-401a-a6ce-37f6855b0ffc,0.82
2024-10-22 20:06:10.354496+00:00,7,0.18,no,FEDDECISION-24NOV-C25,cad3303d-169c-4346-9af4-0d874e0803e4,0.82
2024-10-22 20:06:10.354496+00:00,10,0.17,no,FEDDECISION-24NOV-C25,ced57462-93dc-4373-8915-43d2ca2fd447,0.83
2024-10-22 20:06:10.354496+00:00,45,0.17,no,FEDDECISION-24NOV-C25,d3b59109-0e12-4363-9739-e22fb4ae521d,0.83
2024-10-22 21:02:15.150268+00:00,40,0.14,yes,FEDDECISION-24NOV-C25,f75f6c11-01f8-4f9f-ac17-4a03dab33f6d,0.86
2024-10-22 21:02:15.150268+00:00,148,0.12,yes,FEDDECISION-24NOV-C25,cd57bde5-d064-4abb-a57f-169ee91a0f75,0.88
2024-10-22 21:02:15.150268+00:00,100,0.13,yes,FEDDECISION-24NOV-C25,fe302c4a-9fd9-4fa8-b180-36c8e8fe1c5b,0.87
2024-10-22 21:02:15.150268+00:00,50,0.13,yes,FEDDECISION-24NOV-C25,32a20291-d2d2-48a4-b857-c1daa8a26d5a,0.87
2024-10-22 21:02:15.150268+00:00,30,0.14,yes,FEDDECISION-24NOV-C25,59d95ce1-bea2-4067-ae25-f0363697c80c,0.86
2024-10-22 21:02:15.150268+00:00,30,0.14,yes,FEDDECISION-24NOV-C25,166b7dca-0a1d-41c8-8b8f-51e97a347e13,0.86
2024-10-22 21:48:03.365164+00:00,6,0.12,yes,FEDDECISION-24NOV-C25,9c82f019-d520-4c98-9dc3-5c0030693893,0.88
2024-10-22 21:48:03.365164+00:00,50,0.13,yes,FEDDECISION-24NOV-C25,b9ba8424-aa6c-4a3e-87b1-226f4eb0e6e6,0.87
2024-10-22 22:21:11.582902+00:00,1,0.12,yes,FEDDECISION-24NOV-C25,1d8b3d58-f089-46d0-8cd7-fedf556656ab,0.88
2024-10-22 23:42:09.683696+00:00,25,0.17,no,FEDDECISION-24NOV-C25,ccde4e08-9a7c-44b4-a254-72438f98eac4,0.83
2024-10-22 23:42:09.683696+00:00,2,0.18,no,FEDDECISION-24NOV-C25,5e968caf-b1b5-4b9b-9ef5-e2dfa20f22e0,0.82
2024-10-23 00:20:42.427402+00:00,11,0.13,yes,FEDDECISION-24NOV-C25,3bff94e5-5b00-4f88-a2aa-90cb478ca6b8,0.87
2024-10-23 00:37:25.733157+00:00,8,0.18,no,FEDDECISION-24NOV-C25,251290bd-879c-4439-b3e0-5de969342215,0.82
2024-10-23 00:38:21.913839+00:00,5,0.2,no,FEDDECISION-24NOV-C25,f9a57382-65a8-47eb-b1db-e73f156e4e8f,0.8
2024-10-23 02:30:29.081015+00:00,25,0.18,yes,FEDDECISION-24NOV-C25,01d419e4-3daa-41d0-97e7-caec6acb8dec,0.82
2024-10-23 02:30:29.081015+00:00,19,0.17,yes,FEDDECISION-24NOV-C25,75589d45-348c-46d3-b371-9a9e07ef010d,0.83
2024-10-23 13:00:46.050460+00:00,16,0.16,yes,FEDDECISION-24NOV-C25,47dd7f7e-1ed6-4f5f-b40b-72d3614d7a82,0.84
2024-10-23 13:00:46.050460+00:00,30,0.18,yes,FEDDECISION-24NOV-C25,5e221a87-8004-454e-899f-14a745c5f650,0.82
2024-10-23 13:00:46.050460+00:00,234,0.18,yes,FEDDECISION-24NOV-C25,e06a54d6-4e9c-494a-a92d-31cd4b858ac9,0.82
2024-10-23 13:00:46.050460+00:00,9,0.16,yes,FEDDECISION-24NOV-C25,ee35662a-38b6-470a-b25b-f10bcf94f15e,0.84
2024-10-23 13:00:46.050460+00:00,36,0.18,yes,FEDDECISION-24NOV-C25,248291f2-70d8-40fa-9163-feea5bd023ef,0.82
2024-10-23 14:37:42.698958+00:00,100,0.18,no,FEDDECISION-24NOV-C25,8d6f3e84-97d0-46f3-8ea7-1f26f9348212,0.82
2024-10-23 14:37:42.698958+00:00,53,0.19,no,FEDDECISION-24NOV-C25,90e0616b-87b8-4db1-bbf3-17f0a4a06060,0.81
2024-10-23 14:57:04.679090+00:00,58,0.16,yes,FEDDECISION-24NOV-C25,7cb89c0c-afb5-45aa-b3ce-947d8ed97769,0.84
2024-10-23 16:48:17.160260+00:00,13,0.16,yes,FEDDECISION-24NOV-C25,21fdf2c9-2d73-4994-94c2-920acad39289,0.84
2024-10-23 16:48:17.160260+00:00,25,0.16,yes,FEDDECISION-24NOV-C25,1698de3b-cc3c-4415-84cb-a7c75cdf0a96,0.84
2024-10-23 16:49:43.923896+00:00,12,0.16,yes,FEDDECISION-24NOV-C25,962371e7-05e4-4669-b9bb-84bfc490cd7c,0.84
2024-10-23 16:49:50.448618+00:00,50,0.15,yes,FEDDECISION-24NOV-C25,7b8f407b-df04-44a9-a432-af6c9a4eb8db,0.85
2024-10-23 20:41:56.308013+00:00,123,0.15,yes,FEDDECISION-24NOV-C25,a50dc1f3-7642-469c-b36b-dae67192c92d,0.85
2024-10-23 20:41:56.308013+00:00,77,0.15,yes,FEDDECISION-24NOV-C25,cccf9572-887e-40ea-9515-07c2cb6775ea,0.85
2024-10-23 20:41:56.308013+00:00,50,0.15,yes,FEDDECISION-24NOV-C25,1388048a-ca2b-40c2-ad04-fcf98d9863e9,0.85
2024-10-23 21:05:06.798804+00:00,58,0.15,yes,FEDDECISION-24NOV-C25,2ded4380-b74e-4208-baae-07854d24dd73,0.85
2024-10-24 03:45:18.336779+00:00,2,0.21,no,FEDDECISION-24NOV-C25,098d1519-de5b-4bee-b30c-e8351d893e86,0.79
2024-10-24 12:06:20.162032+00:00,100,0.15,yes,FEDDECISION-24NOV-C25,aebc7787-20f9-48e2-8431-9c9be8a3fc36,0.85
2024-10-24 12:06:20.162032+00:00,36,0.15,yes,FEDDECISION-24NOV-C25,c4228855-2881-44cd-9a73-68e08618dd93,0.85
2024-10-24 12:06:20.162032+00:00,50,0.15,yes,FEDDECISION-24NOV-C25,36ff7099-87ae-455d-9de7-f4117e9529cc,0.85
2024-10-24 12:06:20.162032+00:00,164,0.15,yes,FEDDECISION-24NOV-C25,44a098c6-149c-40cd-8884-6828a9138a3d,0.85
2024-10-24 12:22:25.993639+00:00,125,0.15,no,FEDDECISION-24NOV-C25,f89982f7-08e1-4319-a046-a5fe369e1c7e,0.85
2024-10-24 12:28:44.012212+00:00,2,0.15,no,FEDDECISION-24NOV-C25,6c6ca9cf-5df8-4235-b29b-50f1c25828e9,0.85
2024-10-24 14:39:38.738611+00:00,50,0.14,yes,FEDDECISION-24NOV-C25,1f13b65b-2932-4a2b-ad3e-88ad8f47e22d,0.86
2024-10-24 14:39:38.738611+00:00,200,0.14,yes,FEDDECISION-24NOV-C25,cd3d873d-1939-4e20-9951-5e0e32e9b3de,0.86
2024-10-24 14:59:40.565943+00:00,62,0.15,no,FEDDECISION-24NOV-C25,731c09ca-e1da-4bc1-95eb-749e3587945a,0.85
2024-10-24 17:28:50.944716+00:00,41,0.15,no,FEDDECISION-24NOV-C25,aa301f97-145f-4141-a5b3-6180a8dc11bd,0.85
2024-10-24 17:35:22.899782+00:00,248,0.15,no,FEDDECISION-24NOV-C25,b606af13-e78c-4d44-8f8c-41b627a9da19,0.85
2024-10-24 17:51:41.712535+00:00,100,0.14,yes,FEDDECISION-24NOV-C25,bc5649bf-f3e1-44d3-8efd-a3115dfe4b3d,0.86
2024-10-24 17:51:41.712535+00:00,39,0.14,yes,FEDDECISION-24NOV-C25,ab5dff8a-6aad-4267-82e0-64fe70e25780,0.86
2024-10-24 17:51:41.712535+00:00,11,0.14,yes,FEDDECISION-24NOV-C25,ba82d980-ba53-4a0d-ac81-c29e9b5c8dc5,0.86
2024-10-24 18:19:07.198690+00:00,72,0.14,no,FEDDECISION-24NOV-C25,1ebe6be8-f13f-4d2d-aef9-1aff94fd612a,0.86
2024-10-24 18:47:40.879883+00:00,1,0.14,no,FEDDECISION-24NOV-C25,3cbef2c2-886c-4cb9-9814-1a8c0dec4ab3,0.86
2024-10-24 19:03:57.867827+00:00,97,0.14,no,FEDDECISION-24NOV-C25,ad7d9ada-3cca-44f5-96f3-0fd0ca0d716c,0.86
2024-10-24 19:50:46.923463+00:00,33,0.14,no,FEDDECISION-24NOV-C25,4747b880-b53f-4776-b5ab-cf51c3e52b10,0.86
2024-10-24 19:53:37.647895+00:00,383,0.14,no,FEDDECISION-24NOV-C25,24c30a9d-2e9d-4de3-8020-2a14c649edba,0.86
2024-10-24 19:54:07.602123+00:00,351,0.14,no,FEDDECISION-24NOV-C25,b995574a-8857-4a90-8474-3fb06667b09c,0.86
2024-10-24 20:30:28.940204+00:00,2603,0.14,no,FEDDECISION-24NOV-C25,9f3ed511-46dc-4a6a-9759-9109e6d631af,0.86
2024-10-24 20:30:29.011066+00:00,2603,0.14,no,FEDDECISION-24NOV-C25,3ccf875b-3f0e-4069-8efa-89fb4504ad25,0.86
2024-10-24 20:30:29.104023+00:00,2603,0.14,no,FEDDECISION-24NOV-C25,2247ef73-ee54-46e8-8c34-bcf1ca68420b,0.86
2024-10-24 20:30:29.159485+00:00,4816,0.14,no,FEDDECISION-24NOV-C25,7fe55ec4-6851-4b5c-b622-26339c620070,0.86
2024-10-24 20:57:47.010309+00:00,32,0.15,no,FEDDECISION-24NOV-C25,35a0a7d6-5fa8-40aa-91e9-f79ac376fb3a,0.85
2024-10-24 23:50:47.853191+00:00,14,0.14,yes,FEDDECISION-24NOV-C25,05f4900d-6f59-4dfc-983e-a69bcd5e1ae9,0.86
2024-10-24 23:50:47.853191+00:00,100,0.14,yes,FEDDECISION-24NOV-C25,585be83d-c792-440a-9f40-8fee57fce3f2,0.86
2024-10-24 23:50:47.853191+00:00,1,0.14,yes,FEDDECISION-24NOV-C25,727b498b-be23-4171-901c-6269e6eb4b30,0.86
2024-10-25 00:57:53.513360+00:00,34,0.18,no,FEDDECISION-24NOV-C25,fada1d6b-c6b8-4fba-aeed-9120b4f44330,0.82
2024-10-25 00:57:53.513360+00:00,18,0.18,no,FEDDECISION-24NOV-C25,bcdd64d2-fcef-477f-90a0-058a70bc128e,0.82
2024-10-25 05:56:38.206086+00:00,50,0.14,yes,FEDDECISION-24NOV-C25,d0f27e45-7d68-4298-95fd-88a765368175,0.86
2024-10-25 05:56:38.206086+00:00,50,0.14,yes,FEDDECISION-24NOV-C25,398e929d-a08e-40e7-b97d-bf67fedc50b5,0.86
2024-10-25 12:02:26.807266+00:00,1,0.17,no,FEDDECISION-24NOV-C25,c18ade6e-1425-41c8-ac41-870ba442cff2,0.83
2024-10-25 12:02:27.298891+00:00,28,0.17,no,FEDDECISION-24NOV-C25,ab3ede82-4ab5-4a13-93c4-0b21373c041a,0.83
2024-10-25 12:21:14.140761+00:00,40,0.17,no,FEDDECISION-24NOV-C25,28d5479c-5cd0-4b9f-89af-e901750b9b8c,0.83
2024-10-25 12:21:14.838470+00:00,9,0.17,no,FEDDECISION-24NOV-C25,51099844-a12c-4870-b293-2f94d2029f19,0.83
2024-10-25 12:24:22.248553+00:00,2,0.17,no,FEDDECISION-24NOV-C25,06f9136b-6410-44b8-825a-296df3593efd,0.83
2024-10-25 12:29:11.814436+00:00,30,0.17,no,FEDDECISION-24NOV-C25,875e95fa-66fe-4587-8e14-d9a6dbed6d13,0.83
2024-10-25 12:29:17.873850+00:00,9,0.17,no,FEDDECISION-24NOV-C25,350c0cfc-8e3f-46ed-b2fa-e8c6b786af71,0.83
2024-10-25 12:43:41.391319+00:00,36,0.17,no,FEDDECISION-24NOV-C25,357c5e4e-8c16-4a98-aa5f-04228201ef20,0.83
2024-10-25 12:45:04.998801+00:00,50,0.17,no,FEDDECISION-24NOV-C25,5169c9dd-85aa-45bc-9039-79b8f4b28ee0,0.83
2024-10-25 12:48:30.464797+00:00,50,0.17,no,FEDDECISION-24NOV-C25,fd8cfb4a-32c3-4d84-b9a9-acdbb19f871e,0.83
2024-10-25 12:50:34.660043+00:00,51,0.16,yes,FEDDECISION-24NOV-C25,4b1227bb-f30b-4487-bb34-2005c0afc23d,0.84
2024-10-25 12:50:34.660043+00:00,51,0.15,yes,FEDDECISION-24NOV-C25,c47b222b-b67f-4ab9-9d06-8241a879aed4,0.85
2024-10-25 14:00:35.994248+00:00,2,0.16,no,FEDDECISION-24NOV-C25,3512c638-d856-4280-a6fa-f4698d125db6,0.84
2024-10-25 14:03:21.307950+00:00,148,0.16,no,FEDDECISION-24NOV-C25,e0f8990e-0b38-4e4d-8f8b-6777c1205cdf,0.84
2024-10-25 14:54:12.396643+00:00,27,0.17,no,FEDDECISION-24NOV-C25,14d96b4f-fb5c-49b2-bb37-1a56fff32f94,0.83
2024-10-25 17:36:40.236507+00:00,50,0.13,yes,FEDDECISION-24NOV-C25,e84159e0-6671-4853-9939-339fc42f5fed,0.87
2024-10-25 17:36:40.236507+00:00,50,0.13,yes,FEDDECISION-24NOV-C25,9463127d-6d17-4e08-9ab0-c501e53a0c27,0.87
2024-10-25 17:36:40.236507+00:00,13,0.13,yes,FEDDECISION-24NOV-C25,3b6fadc3-ddfa-40c1-8d1b-4020759be5da,0.87
2024-10-25 17:47:03.802801+00:00,56,0.13,yes,FEDDECISION-24NOV-C25,61c11904-c827-4563-a8d6-92d6154b2070,0.87
2024-10-26 06:49:26.521163+00:00,100,0.14,yes,FEDDECISION-24NOV-C25,5e2a66e4-3b65-45cb-a189-c54e46a1369f,0.86
2024-10-26 06:49:26.521163+00:00,92,0.12,yes,FEDDECISION-24NOV-C25,81cd543a-1fd3-4e63-8f21-b9dba3826e0a,0.88
2024-10-26 06:49:26.521163+00:00,43,0.14,yes,FEDDECISION-24NOV-C25,8a939b12-c26d-45ca-8caf-1501aa8b2f16,0.86
2024-10-26 06:49:26.521163+00:00,50,0.13,yes,FEDDECISION-24NOV-C25,bd117627-7255-4e6c-8485-a072d1093304,0.87
2024-10-26 12:07:37.954110+00:00,5,0.15,no,FEDDECISION-24NOV-C25,ab9f8ecc-d35a-48a3-a192-950942d9bc1e,0.85
2024-10-26 14:20:57.113294+00:00,25,0.22,no,FEDDECISION-24NOV-C25,6c0a8733-f516-4d6d-a666-5f06f675d4b8,0.78
2024-10-26 14:20:57.113294+00:00,25,0.19,no,FEDDECISION-24NOV-C25,bbcc9495-5342-4790-9436-be8c1c05bf0d,0.81
2024-10-26 14:20:57.113294+00:00,19,0.19,no,FEDDECISION-24NOV-C25,06b4fbe0-e306-43a6-b5da-3ab45c51c387,0.81
2024-10-26 14:20:57.113294+00:00,9,0.2,no,FEDDECISION-24NOV-C25,21021bfb-b0d2-4271-a1f2-c60951449f64,0.8
2024-10-26 14:20:57.113294+00:00,14,0.23,no,FEDDECISION-24NOV-C25,b44dee45-d6d3-4fd3-92dd-5ba1e92a7fce,0.77
2024-10-26 14:20:57.113294+00:00,25,0.19,no,FEDDECISION-24NOV-C25,007c2d8f-c98b-49a0-be21-948f8acbf9a5,0.81
2024-10-26 14:37:08.939023+00:00,295,0.16,yes,FEDDECISION-24NOV-C25,8ada6d75-ae17-49ea-8ade-91590aa31d7b,0.84
2024-10-26 14:37:28.012927+00:00,418,0.15,yes,FEDDECISION-24NOV-C25,ca571dc3-852c-4e5b-83b4-f4a2ebc8392e,0.85
2024-10-26 14:37:28.012927+00:00,24,0.15,yes,FEDDECISION-24NOV-C25,4097e636-e8a3-49ca-ba5b-732de85191ce,0.85
2024-10-26 16:00:50.905650+00:00,6,0.23,no,FEDDECISION-24NOV-C25,2b6970a3-2c80-451f-9913-8450d5c121ea,0.77
2024-10-26 16:00:50.905650+00:00,5,0.23,no,FEDDECISION-24NOV-C25,42363eca-39d9-4377-8aec-057b64e0047d,0.77
2024-10-26 16:00:50.905650+00:00,3,0.23,no,FEDDECISION-24NOV-C25,492c7a1c-c24b-4dc2-a4c2-3eedb9925d2b,0.77
2024-10-26 16:00:50.905650+00:00,1,0.2,no,FEDDECISION-24NOV-C25,b195211e-cea7-4e4e-a192-4476be701b35,0.8
2024-10-26 16:00:50.905650+00:00,8,0.19,no,FEDDECISION-24NOV-C25,da791081-4b84-4c23-b3a2-d423141213d0,0.81
2024-10-26 16:52:53.264822+00:00,11,0.22,no,FEDDECISION-24NOV-C25,e81702c6-5c85-440d-b67d-83307e381ce7,0.78
2024-10-26 16:52:53.264822+00:00,197,0.23,no,FEDDECISION-24NOV-C25,1d72b1aa-4347-4401-bc6a-d035ecfc8867,0.77
2024-10-26 19:06:27.016586+00:00,16,0.18,no,FEDDECISION-24NOV-C25,3b5d4a76-be11-42b3-88ce-0cce61b50716,0.82
2024-10-26 21:12:06.362940+00:00,134,0.15,yes,FEDDECISION-24NOV-C25,a04ca421-2f5d-4aa1-9f8f-28717366df95,0.85
2024-10-26 21:47:06.087229+00:00,10,0.16,no,FEDDECISION-24NOV-C25,224d704e-6095-4126-a8b7-fbc6024fc2b4,0.84
2024-10-27 00:19:40.464630+00:00,1,0.12,yes,FEDDECISION-24NOV-C25,e49908a3-44f7-4359-909f-2f45e7dd6cb8,0.88
2024-10-27 06:38:34.725369+00:00,31,0.18,no,FEDDECISION-24NOV-C25,ceacc98e-6b62-4dea-86d3-7eca2ae69cba,0.82
2024-10-27 12:23:50.498369+00:00,99,0.14,yes,FEDDECISION-24NOV-C25,05b95a78-f695-461c-9606-8065631c3faa,0.86
2024-10-27 13:14:49.463750+00:00,3,0.14,yes,FEDDECISION-24NOV-C25,69ca8821-076c-4b00-ba39-681b8f602f20,0.86
2024-10-27 13:29:27.604925+00:00,57,0.14,yes,FEDDECISION-24NOV-C25,dfa7bf08-0f3a-4f69-af84-ee1072260948,0.86
2024-10-27 18:08:09.382224+00:00,15,0.16,no,FEDDECISION-24NOV-C25,2c7c2f99-8ef8-4787-b108-ea639d00238c,0.84
2024-10-27 18:08:09.382224+00:00,10,0.16,no,FEDDECISION-24NOV-C25,bcc061fb-bcc3-46cf-9e3f-67faf6842b07,0.84
2024-10-27 22:55:31.235954+00:00,1,0.17,no,FEDDECISION-24NOV-C25,51a68bf9-67bd-43de-bb02-f586caa5a533,0.83
2024-10-28 00:35:31.594147+00:00,1,0.14,yes,FEDDECISION-24NOV-C25,6990b55a-c13a-46cb-adfb-73c56ce08d00,0.86
2024-10-28 02:40:29.193688+00:00,1,0.15,no,FEDDECISION-24NOV-C25,232f3ca9-86b9-49f1-acc4-4bc02e78cb46,0.85
2024-10-28 04:15:31.682725+00:00,24,0.15,no,FEDDECISION-24NOV-C25,becfb908-0cde-4f2f-871e-d65a61a83a70,0.85
2024-10-28 04:26:12.225744+00:00,131,0.16,no,FEDDECISION-24NOV-C25,7c64d213-9e95-407b-96f8-f46aae28474d,0.84
2024-10-28 13:32:46.946557+00:00,6,0.15,no,FEDDECISION-24NOV-C25,aad2fb17-7c13-4da6-a871-6947cc0b2d7e,0.85
2024-10-28 13:59:34.112662+00:00,69,0.15,no,FEDDECISION-24NOV-C25,0f40700f-7f71-4a71-9cca-c8a0ee5cebca,0.85
2024-10-28 13:59:34.112662+00:00,78,0.15,no,FEDDECISION-24NOV-C25,a4b3fa32-ea94-469c-9850-26aae1ad6c4a,0.85
2024-10-28 14:00:04.759839+00:00,35,0.16,no,FEDDECISION-24NOV-C25,1a235ee3-331d-4db6-b3cd-d92e8617e844,0.84
2024-10-28 14:22:41.396757+00:00,184,0.16,no,FEDDECISION-24NOV-C25,545cec73-e438-4b95-b141-8017032f7479,0.84
2024-10-28 14:23:08.384831+00:00,185,0.15,no,FEDDECISION-24NOV-C25,64e5dc8e-a7af-435c-a716-266d3136a6bf,0.85
2024-10-28 14:23:27.947635+00:00,188,0.15,no,FEDDECISION-24NOV-C25,2e2b391e-c87d-42f4-b507-b28b61637a23,0.85
2024-10-28 14:23:45.512550+00:00,145,0.15,no,FEDDECISION-24NOV-C25,0b3f8bd6-f8e8-4f9b-ad50-858960ea0d7d,0.85
2024-10-28 14:24:44.548190+00:00,5,0.15,no,FEDDECISION-24NOV-C25,ac06142f-12ab-47b3-9f9a-ae902bdcda47,0.85
2024-10-28 15:40:33.402238+00:00,195,0.15,no,FEDDECISION-24NOV-C25,a9ba178c-bd7f-46bd-bbe9-b4596455319e,0.85
2024-10-28 15:45:50.382147+00:00,7,0.13,yes,FEDDECISION-24NOV-C25,0a7cb8b9-8be7-436e-85ae-1c5f787ce323,0.87
2024-10-28 15:45:50.382147+00:00,45,0.12,yes,FEDDECISION-24NOV-C25,1700fd7b-464a-4db1-8dfb-f24b0b0b398b,0.88
2024-10-28 15:45:50.382147+00:00,681,0.11,yes,FEDDECISION-24NOV-C25,53feab3e-08c7-49db-9ab2-743e4b30c57c,0.89
2024-10-28 15:45:50.382147+00:00,105,0.12,yes,FEDDECISION-24NOV-C25,6ca82480-17c4-4392-81f1-c8512a10aced,0.88
2024-10-28 16:31:48.640008+00:00,1,0.17,no,FEDDECISION-24NOV-C25,f5155405-2bb3-44a1-8d8e-f012404d7eaa,0.83
2024-10-28 16:31:48.640008+00:00,50,0.16,no,FEDDECISION-24NOV-C25,ca304b0c-2f63-4a11-9da5-5a4932b87125,0.84
2024-10-28 16:31:48.640008+00:00,26,0.17,no,FEDDECISION-24NOV-C25,29be528a-504a-48f6-a9fb-00c644dda64a,0.83
2024-10-28 16:35:40.617050+00:00,330,0.13,yes,FEDDECISION-24NOV-C25,9a8185ab-1d4c-4115-b14c-8c7d545e3cd1,0.87
2024-10-28 17:26:23.653738+00:00,25,0.14,yes,FEDDECISION-24NOV-C25,450c915f-8f13-401c-bbb5-7fad4e1d4cda,0.86
2024-10-28 17:26:23.653738+00:00,25,0.13,yes,FEDDECISION-24NOV-C25,403158bd-7eb0-4044-ba7a-a15a05b026f1,0.87
2024-10-28 17:26:23.653738+00:00,1089,0.13,yes,FEDDECISION-24NOV-C25,716f0aed-965b-426a-b2bc-60d54de259a1,0.87
2024-10-28 17:56:48.056689+00:00,221,0.15,no,FEDDECISION-24NOV-C25,05309196-c207-4021-a380-fbe9f667ab74,0.85
2024-10-28 17:58:04.386218+00:00,11,0.15,no,FEDDECISION-24NOV-C25,9b4ceec2-3385-43bb-a2fb-469a6287e369,0.85
2024-10-28 18:15:51.327616+00:00,10,0.15,no,FEDDECISION-24NOV-C25,3cd43cfd-f381-4d3b-a5b3-98165b406deb,0.85
2024-10-28 18:23:10.790494+00:00,10,0.15,no,FEDDECISION-24NOV-C25,a660decd-aea0-478a-a19b-39743e6a6efd,0.85
2024-10-28 18:23:35.688813+00:00,10,0.15,no,FEDDECISION-24NOV-C25,5c8e6072-8077-4bfd-baca-a7e5d0e4a8b5,0.85
2024-10-28 19:10:48.155448+00:00,10,0.12,yes,FEDDECISION-24NOV-C25,8fdac4c2-4451-44b5-b35a-43310fc39815,0.88
2024-10-28 19:10:48.155448+00:00,84,0.11,yes,FEDDECISION-24NOV-C25,adc8d6e1-6010-430c-b93f-02208f5b248d,0.89
2024-10-28 19:49:31.158475+00:00,1,0.11,yes,FEDDECISION-24NOV-C25,d0546363-f33e-44c3-b724-c670f11b67e5,0.89
2024-10-28 20:20:51.290141+00:00,238,0.15,no,FEDDECISION-24NOV-C25,cdbeb57d-6eef-486c-a43e-e2fda532708d,0.85
2024-10-28 20:57:19.897344+00:00,20,0.15,no,FEDDECISION-24NOV-C25,40ec0922-73d3-4db9-b58b-ac9f8b638c5f,0.85
2024-10-28 23:53:03.655582+00:00,200,0.14,yes,FEDDECISION-24NOV-C25,07b5ac71-409d-4fc0-8304-33d00ad76333,0.86
2024-10-28 23:53:03.655582+00:00,1684,0.14,yes,FEDDECISION-24NOV-C25,fc26e41a-dfe3-411f-9c36-258109e32965,0.86
2024-10-29 01:08:36.578044+00:00,5,0.12,yes,FEDDECISION-24NOV-C25,80d5eb72-7cce-4564-9406-6e98bae18ae3,0.88
2024-10-29 03:33:13.072345+00:00,12,0.12,yes,FEDDECISION-24NOV-C25,538fc7b3-8b04-4875-9a06-ba1d447322c9,0.88
2024-10-29 03:33:14.586185+00:00,1,0.12,no,FEDDECISION-24NOV-C25,6392c71f-9938-49e6-bea2-4464bde050b4,0.88
2024-10-29 14:18:59.816072+00:00,100,0.14,yes,FEDDECISION-24NOV-C25,f3f96f45-cd26-41e3-ba45-fa7f51b656f1,0.86
2024-10-29 14:32:25.000380+00:00,30,0.16,no,FEDDECISION-24NOV-C25,706257d9-3e4c-4695-92cd-b7da1cc539d3,0.84
2024-10-29 14:32:25.000380+00:00,20,0.16,no,FEDDECISION-24NOV-C25,5c6f0cf8-3a2e-4c5e-a236-f4da0b986e2a,0.84
2024-10-29 15:16:14.215220+00:00,11,0.17,no,FEDDECISION-24NOV-C25,15186566-7e17-4c4d-a325-a8d05f971366,0.83
2024-10-29 15:23:24.197182+00:00,50,0.14,yes,FEDDECISION-24NOV-C25,bb2839b3-633b-49e9-8314-dea3d942f75a,0.86
2024-10-29 15:23:24.197182+00:00,150,0.13,yes,FEDDECISION-24NOV-C25,745837a6-c8b5-4cc9-84d5-3c1b8986372b,0.87
2024-10-29 16:21:32.889348+00:00,500,0.14,yes,FEDDECISION-24NOV-C25,3eb1670a-3fe4-44d1-9308-d7cf0601e205,0.86
2024-10-29 17:03:32.192438+00:00,500,0.15,yes,FEDDECISION-24NOV-C25,3325c66a-8509-4659-b4f5-0c2a7c9dec15,0.85
2024-10-29 19:33:04.208834+00:00,1167,0.14,yes,FEDDECISION-24NOV-C25,29a31439-de37-4752-aee9-94e3ea4296cd,0.86
2024-10-29 19:33:04.208834+00:00,435,0.14,yes,FEDDECISION-24NOV-C25,7a035815-3bb2-4be1-9b57-1663723f28f4,0.86
2024-10-29 20:21:33.261361+00:00,23,0.13,yes,FEDDECISION-24NOV-C25,7ce53cab-cdf1-41a4-b2fa-576e5a777126,0.87
2024-10-29 21:11:02.173464+00:00,1,0.13,yes,FEDDECISION-24NOV-C25,c3087cf6-08e9-4dec-b69a-7856bd673aa2,0.87
2024-10-29 21:11:02.173464+00:00,27,0.13,yes,FEDDECISION-24NOV-C25,90704725-9b76-4202-801c-92b753098e4b,0.87
2024-10-29 21:11:02.173464+00:00,30,0.13,yes,FEDDECISION-24NOV-C25,c0b9b28b-1ca6-413b-93e6-086a3bb97d89,0.87
2024-10-29 22:58:26.225559+00:00,3,0.14,yes,FEDDECISION-24NOV-C25,00a105e6-f97b-4e65-9d84-86f8361a2328,0.86
2024-10-29 22:58:26.225559+00:00,8,0.13,yes,FEDDECISION-24NOV-C25,b28f74f0-1e80-47cc-b94b-a27ee14c737f,0.87
2024-10-30 04:51:56.207361+00:00,15,0.15,no,FEDDECISION-24NOV-C25,6da30279-e443-4bd4-b7f9-3294c463feff,0.85
2024-10-30 04:52:04.783438+00:00,8,0.15,no,FEDDECISION-24NOV-C25,2848a12d-3c26-458c-b827-53de96e26e6b,0.85
2024-10-30 13:15:09.995038+00:00,91,0.13,yes,FEDDECISION-24NOV-C25,89aa15d6-78b5-4417-9b95-52597c769ffc,0.87
2024-10-30 13:15:09.995038+00:00,750,0.13,yes,FEDDECISION-24NOV-C25,c18b8101-2da5-45a2-8e63-415d96464cd7,0.87
2024-10-30 14:44:20.340790+00:00,94,0.13,yes,FEDDECISION-24NOV-C25,f46776a4-6c86-40fd-81f3-dd1dfecc8423,0.87
2024-10-30 14:44:20.340790+00:00,31,0.11,yes,FEDDECISION-24NOV-C25,ea388bed-6caf-496d-89c5-b827a6b2031a,0.89
2024-10-30 14:44:20.340790+00:00,25,0.12,yes,FEDDECISION-24NOV-C25,ddb78c42-1fa6-4c22-b186-c0ed98468073,0.88
2024-10-30 14:44:20.340790+00:00,75,0.12,yes,FEDDECISION-24NOV-C25,2980d76b-88a0-41f8-a4c4-8be4c2f531a4,0.88
2024-10-30 14:44:20.340790+00:00,48,0.12,yes,FEDDECISION-24NOV-C25,bd97a120-5c9f-4a07-9031-9538c1fec102,0.88
2024-10-30 14:44:20.340790+00:00,9,0.12,yes,FEDDECISION-24NOV-C25,24e9e6f1-897f-44c1-90da-2bc1dc8a6835,0.88
2024-10-30 18:29:38.982736+00:00,77,0.14,no,FEDDECISION-24NOV-C25,6fed7d16-c3b1-49d5-b8ba-a5f1a4761c35,0.86
2024-10-30 18:29:38.982736+00:00,50,0.14,no,FEDDECISION-24NOV-C25,a93ef396-264a-4498-b497-102d5eb33433,0.86
2024-10-30 18:54:05.258221+00:00,31,0.14,no,FEDDECISION-24NOV-C25,0a91090d-5a9f-49c6-ad0c-7b02e791ab05,0.86
2024-10-30 18:58:50.138517+00:00,62,0.15,no,FEDDECISION-24NOV-C25,6c1103ef-8e33-43aa-8750-e234fbb062c5,0.85
2024-10-30 20:22:36.279712+00:00,19,0.11,yes,FEDDECISION-24NOV-C25,662add34-1933-410c-8b38-f2b32db3d5b8,0.89
2024-10-30 20:22:36.279712+00:00,19,0.11,yes,FEDDECISION-24NOV-C25,7d91cc3a-933d-4716-97b0-b81c2bdb4b0a,0.89
2024-10-30 20:22:36.279712+00:00,20,0.11,yes,FEDDECISION-24NOV-C25,80a8111c-6bc5-4a8b-8f1f-0b977750a123,0.89
2024-10-30 20:22:36.279712+00:00,31,0.11,yes,FEDDECISION-24NOV-C25,8414f1ab-1db5-40a8-b97e-3d7292a621b2,0.89
2024-10-30 20:22:36.279712+00:00,100,0.11,yes,FEDDECISION-24NOV-C25,b84a498f-607a-4585-888e-00fbb18f57aa,0.89
2024-10-30 20:22:36.279712+00:00,31,0.11,yes,FEDDECISION-24NOV-C25,96956781-2164-4de5-b2a7-70fe977d2d6a,0.89
2024-10-30 20:25:25.032680+00:00,70,0.13,no,FEDDECISION-24NOV-C25,ccc029f9-4da7-4276-84ed-aac636c73aab,0.87
2024-10-30 20:25:40.077411+00:00,68,0.13,no,FEDDECISION-24NOV-C25,a14d9d5b-f0ed-4de2-a84b-db7f9b6200c1,0.87
2024-10-30 20:25:54.226952+00:00,5,0.13,no,FEDDECISION-24NOV-C25,92d21402-6a9d-434b-ae97-f654b1afe32f,0.87
2024-10-30 20:26:18.902171+00:00,1,0.13,no,FEDDECISION-24NOV-C25,67f94e25-bd68-456e-887a-2fdd085d585f,0.87
2024-10-30 20:27:45.316652+00:00,7,0.13,no,FEDDECISION-24NOV-C25,8d3f37b5-188b-4714-b6c7-b7b648d5f87a,0.87
2024-10-30 20:38:17.492973+00:00,133,0.13,no,FEDDECISION-24NOV-C25,5479b2a2-c455-4b57-a5ac-6151f65b9ff9,0.87
2024-10-31 00:07:44.067158+00:00,25,0.12,no,FEDDECISION-24NOV-C25,d068f940-9882-4624-95cb-fd6dcd8f0033,0.88
2024-10-31 02:16:26.909376+00:00,115,0.13,no,FEDDECISION-24NOV-C25,b4cc5863-67f4-4df3-953f-935d731de536,0.87
2024-10-31 02:16:26.909376+00:00,16,0.13,no,FEDDECISION-24NOV-C25,04377cd1-03e4-4212-a2a8-bcd5b6edbc53,0.87
2024-10-31 12:00:04.031334+00:00,200,0.12,no,FEDDECISION-24NOV-C25,c217b9f3-7752-475c-8183-cc05f089a7a5,0.88
2024-10-31 12:00:04.155765+00:00,200,0.13,no,FEDDECISION-24NOV-C25,4f7930f2-53a5-427e-aebc-15207b0008eb,0.87
2024-10-31 12:07:11.091220+00:00,1000,0.12,yes,FEDDECISION-24NOV-C25,e7c41d67-55ae-4691-b0a8-d80b2dba24fd,0.88
2024-10-31 12:37:21.327789+00:00,100,0.11,yes,FEDDECISION-24NOV-C25,ce88dabf-91b6-4379-a776-bb132bd5c205,0.89
2024-10-31 12:40:52.971533+00:00,100,0.13,no,FEDDECISION-24NOV-C25,6a0ea75d-9432-4161-9859-1e0910f5eff1,0.87
2024-10-31 13:12:48.337477+00:00,27,0.12,yes,FEDDECISION-24NOV-C25,1926fd6e-a8dd-4227-9814-e500da9224f1,0.88
2024-10-31 13:15:46.699344+00:00,25,0.08,yes,FEDDECISION-24NOV-C25,f7b07534-017f-4704-8060-896d0fddab0e,0.92
2024-10-31 13:15:46.699344+00:00,17,0.08,yes,FEDDECISION-24NOV-C25,bebd04d9-9db8-4091-9d3a-8cb4e1d49171,0.92
2024-10-31 13:15:46.699344+00:00,25,0.08,yes,FEDDECISION-24NOV-C25,95dbc13d-af26-4be3-a78d-68a12520bfe7,0.92
2024-10-31 13:15:46.699344+00:00,150,0.07,yes,FEDDECISION-24NOV-C25,865853df-9007-40a7-a606-426ac94e8289,0.93
2024-10-31 13:15:46.699344+00:00,1000,0.11,yes,FEDDECISION-24NOV-C25,84031e82-1816-4fdf-978c-975083c65f1d,0.89
2024-10-31 13:15:46.699344+00:00,50,0.1,yes,FEDDECISION-24NOV-C25,63543c88-f5d5-4006-ae04-5ea9496f2231,0.9
2024-10-31 13:15:46.699344+00:00,86,0.08,yes,FEDDECISION-24NOV-C25,34150077-6c21-46b8-b205-1a9699969770,0.92
2024-10-31 13:15:46.699344+00:00,18,0.08,yes,FEDDECISION-24NOV-C25,3329b4ab-9759-4005-bf46-6b55a450f6e6,0.92
2024-10-31 13:15:46.699344+00:00,29,0.08,yes,FEDDECISION-24NOV-C25,63b443cb-4707-4936-a454-f4da4f610232,0.92
2024-10-31 13:57:11.497759+00:00,25,0.12,no,FEDDECISION-24NOV-C25,39d1eb09-2f87-462e-8694-1fba44cfc6f5,0.88
2024-10-31 13:57:11.497759+00:00,25,0.12,no,FEDDECISION-24NOV-C25,9007ff7d-0a90-41e7-8992-03d7d8c1224a,0.88
2024-10-31 16:14:52.204930+00:00,116,0.12,no,FEDDECISION-24NOV-C25,b2375034-7cbb-4331-8a1a-43d0ec2c11a8,0.88
2024-10-31 16:27:18.253915+00:00,46,0.12,no,FEDDECISION-24NOV-C25,1c4a92f5-614c-4dff-8222-3b660dbdc744,0.88
2024-10-31 16:27:23.432910+00:00,154,0.12,no,FEDDECISION-24NOV-C25,e927e9ec-1017-4e90-bbf4-ce7659a13142,0.88
2024-10-31 16:49:38.277834+00:00,10,0.12,no,FEDDECISION-24NOV-C25,7773507a-b19d-4db7-af63-102e82a18afa,0.88
2024-10-31 16:49:52.103756+00:00,1,0.12,no,FEDDECISION-24NOV-C25,c0ef2eac-1ce2-4f1b-a5c5-45373f247d21,0.88
2024-10-31 17:14:02.349270+00:00,173,0.12,no,FEDDECISION-24NOV-C25,f180fb61-84f9-4307-915e-f231e27d5326,0.88
2024-10-31 18:09:33.832228+00:00,188,0.13,no,FEDDECISION-24NOV-C25,bda57e8f-1d3e-495b-8ac7-50eb1c329fbb,0.87
2024-10-31 18:46:20.658352+00:00,197,0.13,no,FEDDECISION-24NOV-C25,dd7521ec-e047-460d-9996-ea0d1615b8f9,0.87
2024-10-31 18:53:11.671849+00:00,200,0.13,no,FEDDECISION-24NOV-C25,e8a4a9c7-5d9d-4a26-8653-cf5056d67d82,0.87
2024-10-31 20:12:23.546756+00:00,750,0.11,yes,FEDDECISION-24NOV-C25,dc903c18-fb38-4f85-a225-29cb356a33ea,0.89
2024-10-31 20:12:23.546756+00:00,50,0.11,yes,FEDDECISION-24NOV-C25,ed1e0fbb-6bff-40bf-a719-f2d5f71e6753,0.89
2024-10-31 20:12:23.546756+00:00,200,0.11,yes,FEDDECISION-24NOV-C25,d3d7d75f-c348-46c3-a9e5-9808bde5983a,0.89
2024-10-31 21:26:12.742573+00:00,1,0.13,no,FEDDECISION-24NOV-C25,4bcaeac8-c92a-42e6-b1ad-1ca5cf1fab41,0.87
2024-10-31 21:55:28.370541+00:00,1,0.13,yes,FEDDECISION-24NOV-C25,777f921a-8cc8-451d-922c-1fb2b7c87333,0.87
2024-10-31 23:12:04.663262+00:00,51,0.12,yes,FEDDECISION-24NOV-C25,bd49bda8-7a8c-4a2f-ad67-8fa4881c15f8,0.88
2024-10-31 23:12:23.099560+00:00,225,0.11,yes,FEDDECISION-24NOV-C25,5a222bb7-f154-4835-a559-4c97bc0f5d77,0.89
2024-10-31 23:12:23.099560+00:00,1000,0.11,yes,FEDDECISION-24NOV-C25,5f93b8e5-0d99-426e-aa68-6d9422c18efe,0.89
2024-11-01 03:17:45.821019+00:00,11,0.1,yes,FEDDECISION-24NOV-C25,f2aea72b-dd87-41b0-b86c-ac82504ef7dc,0.9
2024-11-01 12:02:12.384479+00:00,38,0.13,no,FEDDECISION-24NOV-C25,e4bec46d-ea7c-4b22-b871-02cc6991da59,0.87
2024-11-01 12:02:12.511846+00:00,25,0.14,no,FEDDECISION-24NOV-C25,5d806843-c12a-4b62-a5e3-283ea5f606b7,0.86
2024-11-01 12:02:12.511846+00:00,500,0.14,no,FEDDECISION-24NOV-C25,7e618460-a20b-41f3-a8ef-944d47bc1009,0.86
2024-11-01 12:10:45.519471+00:00,191,0.15,no,FEDDECISION-24NOV-C25,c0e15aa1-5f74-4c33-9ab2-17c8c05e27a4,0.85
2024-11-01 12:10:45.519471+00:00,9,0.15,no,FEDDECISION-24NOV-C25,ec14d73a-b2f6-40df-afc4-b1a1e1cf8a72,0.85
2024-11-01 12:13:27.378525+00:00,809,0.15,no,FEDDECISION-24NOV-C25,60f4d7f9-ea79-487f-a159-bcf0c4c22735,0.85
2024-11-01 12:31:29.937865+00:00,75,0.14,yes,FEDDECISION-24NOV-C25,9294549b-62cc-4c49-88c6-90cc12e14ec1,0.86
2024-11-01 12:31:29.937865+00:00,525,0.14,yes,FEDDECISION-24NOV-C25,0dd82003-1b4e-462e-b127-7c23b3cff788,0.86
2024-11-01 12:31:29.937865+00:00,50,0.14,yes,FEDDECISION-24NOV-C25,19f8f0f3-e92b-485c-b667-fb783c9e20b1,0.86
2024-11-01 12:51:05.249503+00:00,114,0.06,yes,FEDDECISION-24NOV-C25,3b5c0488-ddc5-4afa-9a61-8b74638a6a7f,0.94
2024-11-01 12:51:05.249503+00:00,36,0.08,yes,FEDDECISION-24NOV-C25,753cbfb6-4b34-494f-a3cb-46a9f1a89040,0.92
2024-11-01 12:51:05.249503+00:00,850,0.07,yes,FEDDECISION-24NOV-C25,29de0397-5cfc-42d3-84fd-db7d523b6416,0.93
2024-11-01 13:02:11.689831+00:00,500,0.07,yes,FEDDECISION-24NOV-C25,0b4352de-281d-4b29-b117-3dd1f4f67390,0.93
2024-11-01 13:24:39.835647+00:00,25,0.08,yes,FEDDECISION-24NOV-C25,daed65a6-53e2-4409-8545-f273b6d1c8de,0.92
2024-11-01 13:28:07.575892+00:00,75,0.08,yes,FEDDECISION-24NOV-C25,2fcc6cae-d1c8-449f-846d-797fe9a3b012,0.92
2024-11-01 13:40:13.690660+00:00,38,0.08,no,FEDDECISION-24NOV-C25,f91a10a9-76bc-4954-848b-f0c17b6380c4,0.92
2024-11-01 13:40:51.737367+00:00,150,0.08,no,FEDDECISION-24NOV-C25,f64def0a-721b-4bbb-8f96-72d19801ac33,0.92
2024-11-01 14:03:12.694612+00:00,1,0.07,yes,FEDDECISION-24NOV-C25,79e7ed71-2409-4e16-b924-9e9c0db82901,0.93
2024-11-01 14:06:39.378950+00:00,17210,0.07,yes,FEDDECISION-24NOV-C25,e6565b59-31cd-45eb-85e9-27a039cb3f5c,0.93
2024-11-01 14:18:29.286538+00:00,845,0.08,no,FEDDECISION-24NOV-C25,2c442326-a2fb-496b-a1ce-f164c40b1bca,0.92
2024-11-01 14:18:29.286538+00:00,200,0.08,no,FEDDECISION-24NOV-C25,49eb6d8c-0edd-4024-b398-10fb8de5ac3e,0.92
2024-11-01 14:35:07.014092+00:00,10,0.08,yes,FEDDECISION-24NOV-C25,3c5b9fea-7a41-4afb-a886-000a98f74493,0.92
2024-11-01 14:35:53.268141+00:00,93,0.08,yes,FEDDECISION-24NOV-C25,bc96b955-1107-4822-bd94-a884cc11d6d5,0.92
2024-11-01 14:36:19.614292+00:00,93,0.08,yes,FEDDECISION-24NOV-C25,0e47add1-59cf-49c2-85e0-580b133022b9,0.92
2024-11-01 14:38:14.824552+00:00,1000,0.08,yes,FEDDECISION-24NOV-C25,65eb4bc6-27cf-4311-8c49-2577a6ce4caa,0.92
2024-11-01 15:54:23.908870+00:00,50,0.08,yes,FEDDECISION-24NOV-C25,0e8153ac-0e69-47d8-8bb9-6bee4f029d0f,0.92
2024-11-01 15:55:03.194100+00:00,50,0.08,yes,FEDDECISION-24NOV-C25,5db358e4-b3b3-4025-b790-61a4f5d6b74f,0.92
2024-11-01 15:59:00.515543+00:00,100,0.09,no,FEDDECISION-24NOV-C25,97c0c636-4264-41a9-913d-a1089d882096,0.91
2024-11-01 15:59:00.515543+00:00,3,0.1,no,FEDDECISION-24NOV-C25,6eeec5c3-f97d-4c35-bcd2-02c4c5104f5d,0.9
2024-11-01 16:30:56.579160+00:00,150,0.08,yes,FEDDECISION-24NOV-C25,da1c3686-4087-4f8e-b02b-d820dbcc5a61,0.92
2024-11-01 17:08:06.735813+00:00,25,0.08,yes,FEDDECISION-24NOV-C25,ebf8a4d5-2018-4e3c-9f5b-2017cf351a55,0.92
2024-11-01 17:09:54.742027+00:00,1500,0.08,yes,FEDDECISION-24NOV-C25,48bae487-f920-4c86-b835-adf52a89b89a,0.92
2024-11-01 18:02:09.209855+00:00,108,0.08,yes,FEDDECISION-24NOV-C25,2885d502-b238-4c5c-ac86-642999396d0b,0.92
2024-11-01 18:55:01.453077+00:00,25,0.08,yes,FEDDECISION-24NOV-C25,73193469-6297-4e70-9a45-da4aeddb864f,0.92
2024-11-01 20:42:49.589119+00:00,500,0.08,yes,FEDDECISION-24NOV-C25,03cc8c0d-a1ae-4132-bf01-b3b66f2fd7b5,0.92
2024-11-01 23:46:06.874349+00:00,100,0.08,yes,FEDDECISION-24NOV-C25,1bc6619a-82d3-4d8c-8798-ba67c012c60e,0.92
2024-11-02 03:26:20.583152+00:00,23,0.09,no,FEDDECISION-24NOV-C25,a05a797c-3c38-4adb-a2d5-bef49b6ff2b1,0.91
2024-11-02 03:57:46.019194+00:00,2,0.08,yes,FEDDECISION-24NOV-C25,faf7d84a-d1f3-404d-9b6b-ec524d129612,0.92
2024-11-02 05:45:02.912072+00:00,2,0.08,yes,FEDDECISION-24NOV-C25,dd9f891c-ec34-485f-ba61-ca7c92991691,0.92
2024-11-02 14:37:22.525436+00:00,1,0.09,no,FEDDECISION-24NOV-C25,ed8ecc4d-806a-4da2-ab40-9cc325afd1c6,0.91
2024-11-02 16:36:16.401298+00:00,234,0.09,no,FEDDECISION-24NOV-C25,95420734-a3e1-4375-ad88-2cc7c1e9ba6d,0.91
2024-11-02 18:03:16.826430+00:00,52,0.09,no,FEDDECISION-24NOV-C25,b0ee09ad-647c-4c27-85d5-2eee1c2763e1,0.91
2024-11-02 20:40:28.300031+00:00,200,0.09,no,FEDDECISION-24NOV-C25,e91fbd6e-4774-4b86-8890-3d27e45eefbd,0.91
2024-11-02 22:58:59.102939+00:00,1,0.07,yes,FEDDECISION-24NOV-C25,245f2185-3599-4cb4-83ed-f7a8d2855598,0.93
2024-11-02 23:38:02.178914+00:00,60,0.09,no,FEDDECISION-24NOV-C25,43e07f65-aba9-4e71-acc1-42bdf4682111,0.91
2024-11-03 01:49:21.875716+00:00,4,0.09,no,FEDDECISION-24NOV-C25,d9308f72-6e6c-40bb-b025-a6ca5dba6293,0.91
2024-11-03 15:17:53.867096+00:00,98,0.07,yes,FEDDECISION-24NOV-C25,06bec75f-9b04-4f58-8902-06291d6d5670,0.93
2024-11-03 15:18:05.824457+00:00,1,0.07,yes,FEDDECISION-24NOV-C25,75d0004e-051b-406d-9154-c54eae24ce8d,0.93
2024-11-03 15:18:05.824457+00:00,156,0.06,yes,FEDDECISION-24NOV-C25,f6c2d971-157d-4694-80a3-646063d4f221,0.94
2024-11-03 15:18:05.824457+00:00,242,0.06,yes,FEDDECISION-24NOV-C25,3cd084a8-bb65-49fc-bdfb-1f35bd2189f5,0.94
2024-11-03 15:18:05.824457+00:00,1,0.07,yes,FEDDECISION-24NOV-C25,40e9aa00-d567-49b5-ad17-c41b9b47d70b,0.93
2024-11-03 16:59:31.297652+00:00,52,0.06,yes,FEDDECISION-24NOV-C25,cd6d738b-04d0-4423-8b67-e880e04ad8b1,0.94
2024-11-04 00:19:11.612851+00:00,28,0.06,yes,FEDDECISION-24NOV-C25,0a82b898-17fd-46fe-92a4-4c3e97ea0827,0.94
2024-11-04 00:19:11.612851+00:00,471,0.05,yes,FEDDECISION-24NOV-C25,65379dc6-57f5-4207-8c93-9abf6668f1f7,0.95
2024-11-04 00:19:11.612851+00:00,1,0.05,yes,FEDDECISION-24NOV-C25,d6bb75b9-b5f2-475a-ac11-01693b34d5e1,0.95
2024-11-04 13:40:44.784701+00:00,10,0.08,no,FEDDECISION-24NOV-C25,0eb1f52d-42e3-43d7-b1cb-ed05457b3850,0.92
2024-11-04 13:40:44.784701+00:00,13,0.08,no,FEDDECISION-24NOV-C25,b3ea1e5e-86ba-4d76-8d98-3f359a0c1997,0.92
2024-11-04 14:22:40.157868+00:00,27,0.08,no,FEDDECISION-24NOV-C25,ae3f94b6-9e41-4ed8-bdf2-da7800440f0c,0.92
2024-11-04 16:49:22.493719+00:00,300,0.07,yes,FEDDECISION-24NOV-C25,0ea4dfbf-3f11-4d45-b95d-44f5da1b3155,0.93
2024-11-04 17:30:14.141869+00:00,16,0.08,no,FEDDECISION-24NOV-C25,c453da25-ff46-438e-bcc4-881a98a5dfa7,0.92
2024-11-04 20:31:49.469941+00:00,50,0.06,yes,FEDDECISION-24NOV-C25,d8c4eb3b-9420-4f79-9c9e-f37846f99ee5,0.94
2024-11-04 20:31:49.469941+00:00,50,0.06,yes,FEDDECISION-24NOV-C25,e4cb5b46-8b43-41e9-960e-f9ff610dd222,0.94
2024-11-04 22:22:50.887191+00:00,60,0.07,no,FEDDECISION-24NOV-C25,774ecb35-bfc6-4503-9d8c-d1bfd0bc509c,0.93
2024-11-04 23:13:57.296379+00:00,100,0.08,no,FEDDECISION-24NOV-C25,1b14f34c-9262-4a97-9ab7-1c0dcf99f53d,0.92
2024-11-05 00:20:53.073152+00:00,100,0.07,no,FEDDECISION-24NOV-C25,369dde0f-5c4a-4086-91ef-d482e3195ce8,0.93
2024-11-05 00:58:48.285568+00:00,3,0.07,no,FEDDECISION-24NOV-C25,e458acf1-2399-4182-b7d8-b15d35c10f8d,0.93
2024-11-05 01:22:28.497041+00:00,100,0.07,no,FEDDECISION-24NOV-C25,edc900ca-7b9f-4ad3-845a-0ac07c6b1ad8,0.93
2024-11-05 01:22:37.586814+00:00,50,0.06,yes,FEDDECISION-24NOV-C25,e1946f21-aeae-4763-a510-77ec0bf03255,0.94
2024-11-05 01:37:24.862747+00:00,100,0.07,no,FEDDECISION-24NOV-C25,97e1b814-284e-4f4e-957d-6e56d0a0dd24,0.93
2024-11-05 01:38:59.944585+00:00,12,0.07,no,FEDDECISION-24NOV-C25,798919d6-55e6-48b6-b0ec-fde52ff16b7a,0.93
2024-11-05 02:21:52.230109+00:00,185,0.06,yes,FEDDECISION-24NOV-C25,a939f762-b81d-4742-8b08-eb50413b8b3d,0.94
2024-11-05 04:04:56.127294+00:00,177,0.07,no,FEDDECISION-24NOV-C25,e3d648c9-85dd-4bd0-965b-89498c8edc39,0.93
2024-11-05 09:49:01.056086+00:00,500,0.07,no,FEDDECISION-24NOV-C25,353e1e03-4417-4b78-a994-3851d9503755,0.93
2024-11-05 13:28:21.709521+00:00,59,0.08,no,FEDDECISION-24NOV-C25,0d2724fc-a3cd-4201-8a43-57cf03dbfc5f,0.92
2024-11-05 13:28:21.709521+00:00,8,0.07,no,FEDDECISION-24NOV-C25,7f074e71-8ced-4724-b240-d74614a59e3f,0.93
2024-11-05 13:45:17.171435+00:00,2,0.05,yes,FEDDECISION-24NOV-C25,1f811872-d482-43d1-affa-3a8a13167fae,0.95
2024-11-05 13:45:17.171435+00:00,25,0.05,yes,FEDDECISION-24NOV-C25,db301862-0d48-411a-8bf6-10a7667d49be,0.95
2024-11-05 17:27:34.253442+00:00,150,0.07,no,FEDDECISION-24NOV-C25,52ad3396-7e86-4c21-b207-2759c77da071,0.93
2024-11-05 17:27:34.253442+00:00,150,0.07,no,FEDDECISION-24NOV-C25,7e5a7200-7e73-4cb4-9783-b2ca9e3ad614,0.93
2024-11-05 18:10:35.717918+00:00,20,0.05,yes,FEDDECISION-24NOV-C25,6375aa3e-26a1-4d31-9494-3ecf7c5f7aed,0.95
2024-11-05 18:10:35.717918+00:00,15,0.05,yes,FEDDECISION-24NOV-C25,927b49ac-236d-4b17-abcf-bfd51afc45ca,0.95
2024-11-05 18:15:29.539865+00:00,76,0.07,no,FEDDECISION-24NOV-C25,bf7b8ba6-faee-49e2-b367-dfe7e6c434ab,0.93
2024-11-05 18:25:50.823099+00:00,30,0.06,yes,FEDDECISION-24NOV-C25,dcf90dbe-85ca-41ae-9e4b-6f648a05d652,0.94
2024-11-05 18:36:08.770123+00:00,1,0.05,yes,FEDDECISION-24NOV-C25,e30b6c46-86cc-4c6f-b09a-ba2a2b7f5b18,0.95
2024-11-05 19:55:52.115702+00:00,2,0.07,no,FEDDECISION-24NOV-C25,b9740c87-c4ad-40fe-8cb5-29ec85ab2102,0.93
2024-11-05 20:49:03.518970+00:00,100,0.06,yes,FEDDECISION-24NOV-C25,129bb87e-5588-4d58-b461-baf311145889,0.94
2024-11-05 20:56:22.806438+00:00,28,0.07,no,FEDDECISION-24NOV-C25,2f5e9bea-524f-426d-ae70-4e983dbacf45,0.93
2024-11-05 20:56:22.806438+00:00,772,0.07,no,FEDDECISION-24NOV-C25,31e3ac89-a800-4d8c-9a8f-5fd265b99d5b,0.93
2024-11-05 23:00:38.539706+00:00,43,0.08,no,FEDDECISION-24NOV-C25,d1a69682-75d8-40af-82f8-2991574ea611,0.92
2024-11-06 00:37:52.903198+00:00,171,0.08,no,FEDDECISION-24NOV-C25,6bb6ec7d-9d06-4cd6-9ebf-52a12958848f,0.92
2024-11-06 02:04:38.576448+00:00,16,0.08,no,FEDDECISION-24NOV-C25,d0427d67-66b6-4029-a46c-6ac3c3fa5958,0.92
2024-11-06 02:22:43.735374+00:00,10,0.08,no,FEDDECISION-24NOV-C25,c726b017-92e7-4a5a-9276-1f1796b14ef5,0.92
2024-11-06 05:14:33.737853+00:00,113,0.06,yes,FEDDECISION-24NOV-C25,a8e968da-bd1b-4746-a28d-3819c4e8cb7c,0.94
2024-11-06 05:14:33.737853+00:00,98,0.06,yes,FEDDECISION-24NOV-C25,1ec83453-94c4-4e63-a40c-c66148c8ac69,0.94
2024-11-06 06:12:09.278893+00:00,136,0.08,no,FEDDECISION-24NOV-C25,2157c269-9cd0-4325-809b-fc1be57dbe64,0.92
2024-11-06 08:48:04.462181+00:00,37,0.08,no,FEDDECISION-24NOV-C25,4ba57331-fcf8-4d68-8f60-dd634eabbaa5,0.92
2024-11-06 10:52:06.978442+00:00,100,0.05,yes,FEDDECISION-24NOV-C25,411eff6c-81c0-4cca-b5c1-f3b3628a24ef,0.95
2024-11-06 10:52:06.978442+00:00,795,0.04,yes,FEDDECISION-24NOV-C25,861bf703-d860-4dde-9d1c-5b29bd5deacc,0.96
2024-11-06 10:52:06.978442+00:00,9,0.05,yes,FEDDECISION-24NOV-C25,a449d7c4-6897-4634-8149-1f44110ca8a3,0.95
2024-11-06 10:52:06.978442+00:00,50,0.05,yes,FEDDECISION-24NOV-C25,bc91d689-dd41-44de-9797-f5ca5126c064,0.95
2024-11-06 10:52:06.978442+00:00,46,0.05,yes,FEDDECISION-24NOV-C25,f68a3e6d-0b48-4723-ba34-8a3e97a632bc,0.95
2024-11-06 11:52:40.938129+00:00,12,0.08,no,FEDDECISION-24NOV-C25,aeeddd98-6dde-4bcf-ad78-663188e82e55,0.92
2024-11-06 12:43:44.949337+00:00,100,0.04,yes,FEDDECISION-24NOV-C25,7b93a844-7109-4774-a492-62f481b80031,0.96
2024-11-06 13:50:28.367739+00:00,195,0.03,yes,FEDDECISION-24NOV-C25,e8be2816-6980-440a-819f-bdbe9e815cff,0.97
2024-11-06 13:50:28.367739+00:00,105,0.04,yes,FEDDECISION-24NOV-C25,83c32d78-9164-41a1-b54f-c92fd1d19fa2,0.96
2024-11-06 14:27:38.778566+00:00,2,0.04,yes,FEDDECISION-24NOV-C25,72e3a737-b512-4d76-9db9-a0e37d733718,0.96
2024-11-06 16:40:50.124524+00:00,19,0.06,no,FEDDECISION-24NOV-C25,12a0e894-f72e-47cf-b20a-6b0ee59ba927,0.94
2024-11-06 16:54:10.953236+00:00,6,0.04,yes,FEDDECISION-24NOV-C25,454b1402-9970-43d4-8187-c8a6dc2a7296,0.96
2024-11-06 17:35:42.642389+00:00,6,0.04,yes,FEDDECISION-24NOV-C25,45d18de0-24db-4402-bb18-2273f8435cf7,0.96
2024-11-06 18:26:34.534489+00:00,44,0.06,no,FEDDECISION-24NOV-C25,926b01b3-776a-4d8c-9695-884b7550ec1b,0.94
2024-11-06 19:07:46.415538+00:00,650,0.04,yes,FEDDECISION-24NOV-C25,3a98122b-c054-47e1-945c-d4c00b9d0351,0.96
2024-11-06 19:09:52.391217+00:00,3,0.04,yes,FEDDECISION-24NOV-C25,f1e64444-122a-4594-b699-1e49147c67d6,0.96
2024-11-06 19:14:25.899671+00:00,5000,0.04,yes,FEDDECISION-24NOV-C25,60e20fbd-4039-475b-b7e6-3234acebd627,0.96
2024-11-06 19:14:41.558386+00:00,2500,0.04,yes,FEDDECISION-24NOV-C25,d15a6022-900e-410d-851f-8a498da2bdc7,0.96
2024-11-06 19:16:34.026508+00:00,5000,0.04,yes,FEDDECISION-24NOV-C25,45e8b276-26ea-4d3c-9d9e-7720f54b5759,0.96
2024-11-06 19:16:46.481586+00:00,5000,0.04,yes,FEDDECISION-24NOV-C25,2314f2a4-325f-4506-be13-d12379e6a06a,0.96
2024-11-06 19:18:02.618846+00:00,5000,0.04,yes,FEDDECISION-24NOV-C25,6299a4db-fcad-4ade-b9c1-e097145ad979,0.96
2024-11-06 19:18:29.220699+00:00,5000,0.04,yes,FEDDECISION-24NOV-C25,7a62cbb4-ff31-477c-8361-f233e3723e05,0.96
2024-11-06 19:18:50.165023+00:00,5000,0.04,yes,FEDDECISION-24NOV-C25,8f8cb1e2-12fc-44fe-aa15-ef72ac3fba73,0.96
2024-11-06 19:21:11.172260+00:00,5000,0.04,yes,FEDDECISION-24NOV-C25,e7d115f4-eef5-49a8-8baa-3ba1ee9f67c6,0.96
2024-11-06 20:42:02.989912+00:00,86,0.03,no,FEDDECISION-24NOV-C25,36c5f266-b012-4ed5-9f66-460266da11cf,0.97
2024-11-06 21:24:20.327598+00:00,1139,0.03,no,FEDDECISION-24NOV-C25,8a57faf4-8641-4c8c-a15f-95fd89efaa38,0.97
2024-11-06 22:00:18.339254+00:00,500,0.03,no,FEDDECISION-24NOV-C25,82d5f7b8-8a29-4527-8fc8-5677def0b0b9,0.97
2024-11-06 22:36:18.768869+00:00,105,0.03,no,FEDDECISION-24NOV-C25,cad13a1e-ff2c-4776-8773-acbf83a57577,0.97
2024-11-06 22:43:16.062959+00:00,45,0.01,yes,FEDDECISION-24NOV-C25,ada7d96b-99c9-44c5-92bd-5099e936780f,0.99
2024-11-06 22:43:16.062959+00:00,8,0.01,yes,FEDDECISION-24NOV-C25,4c66acde-1c02-4229-bdeb-322806d93b98,0.99
2024-11-06 22:43:16.062959+00:00,10,0.01,yes,FEDDECISION-24NOV-C25,464d4a7e-b111-4368-bdec-67bbe4ac20e2,0.99
2024-11-06 22:43:16.062959+00:00,105,0.02,yes,FEDDECISION-24NOV-C25,0ec6f662-47de-46f1-87b1-59a4bb113dc4,0.98
2024-11-06 22:43:16.062959+00:00,3163,0.01,yes,FEDDECISION-24NOV-C25,4a638927-0c27-4339-89fb-e77adb544f74,0.99
2024-11-06 22:45:04.233713+00:00,400,0.03,no,FEDDECISION-24NOV-C25,e8268362-aa5d-4e15-9a2f-3c0b2fe663a9,0.97
2024-11-06 22:51:14.471963+00:00,1103,0.03,no,FEDDECISION-24NOV-C25,70a0a09f-d9c4-47fe-9350-30a91d301e09,0.97
2024-11-06 23:07:34.152292+00:00,18,0.05,no,FEDDECISION-24NOV-C25,7a471806-3ebc-4ff6-9ddc-56e49632a15a,0.95
2024-11-06 23:16:57.107051+00:00,42,0.05,no,FEDDECISION-24NOV-C25,ecf36730-f9ec-4fae-b5e7-7b6f76dd9ff3,0.95
2024-11-06 23:21:05.463097+00:00,96,0.04,yes,FEDDECISION-24NOV-C25,195bf2f6-06ea-4139-ba63-e38160343061,0.96
2024-11-06 23:21:05.463097+00:00,4,0.04,yes,FEDDECISION-24NOV-C25,7ccd76c8-9553-4207-8b0a-086bb7511fef,0.96
2024-11-06 23:21:05.709332+00:00,4,0.05,no,FEDDECISION-24NOV-C25,915f99ab-2629-41cf-aad6-7fd2173da5a5,0.95
2024-11-06 23:37:50.218504+00:00,841,0.05,no,FEDDECISION-24NOV-C25,cbb35df3-f5ca-4634-bbca-f00d197f7d6d,0.95
2024-11-07 00:18:53.313990+00:00,4,0.06,no,FEDDECISION-24NOV-C25,191523a3-32cd-4e17-80ed-938648a7ee13,0.94
2024-11-07 01:48:38.473772+00:00,3,0.01,yes,FEDDECISION-24NOV-C25,553c1e06-9c34-4754-a4f2-1d5437d53e4b,0.99
2024-11-07 01:48:38.473772+00:00,4110,0.01,yes,FEDDECISION-24NOV-C25,e4ef672f-4219-408f-8280-bddbe58919d8,0.99
2024-11-07 01:48:38.473772+00:00,2,0.01,yes,FEDDECISION-24NOV-C25,ed763c90-6af8-4f26-92ac-f4b54e7ede08,0.99
2024-11-07 05:29:31.796037+00:00,49,0.02,no,FEDDECISION-24NOV-C25,0dec0336-bfc9-4f80-b12f-64d508f342ff,0.98
2024-11-07 05:30:06.131858+00:00,161,0.02,no,FEDDECISION-24NOV-C25,dff86b66-145b-4a67-8ef0-7f6348bcbccf,0.98
2024-11-07 05:57:57.312962+00:00,5,0.02,no,FEDDECISION-24NOV-C25,698bff56-97a9-48b2-947e-fd9fd775ca06,0.98
2024-11-07 13:35:13.676535+00:00,469,0.02,no,FEDDECISION-24NOV-C25,d8babbd4-4caf-44dc-b991-2ad2c4ed6531,0.98
2024-11-07 16:40:10.455233+00:00,100,0.04,no,FEDDECISION-24NOV-C25,9bc311ca-1567-46f5-be82-97eb0ce8b0df,0.96
2024-11-07 17:23:10.071208+00:00,15,0.04,no,FEDDECISION-24NOV-C25,6d6f12f2-42bf-4358-a909-4af65e229c45,0.96
2024-11-07 17:24:39.728657+00:00,70,0.04,no,FEDDECISION-24NOV-C25,127d9308-671e-4daf-b29c-2f0c24396c8f,0.96
2024-11-07 17:27:53.489026+00:00,23,0.04,no,FEDDECISION-24NOV-C25,915c63c7-92af-4197-b9f4-ad62b0b09654,0.96
2024-11-07 17:28:54.842590+00:00,59,0.04,no,FEDDECISION-24NOV-C25,33a9fbd8-f7e0-469d-9a45-b4654ddd9986,0.96
2024-11-07 17:59:38.907781+00:00,46,0.03,no,FEDDECISION-24NOV-C25,7b3027c4-3e00-4826-bbee-9e24cfe9e47d,0.97
2024-11-07 18:08:08.294389+00:00,14,0.03,no,FEDDECISION-24NOV-C25,f3675c85-5093-41d3-92f2-acdbb19a0d31,0.97
2024-11-07 18:46:49.831167+00:00,25,0.02,no,FEDDECISION-24NOV-C25,8671464c-fedb-465a-b23d-b4ff7008dd15,0.98
2024-11-07 18:46:49.831167+00:00,72,0.01,no,FEDDECISION-24NOV-C25,9620dd44-c829-4abc-b829-70097eedc319,0.99
2024-11-07 18:46:49.831167+00:00,309,0.07,no,FEDDECISION-24NOV-C25,ac34fbd5-1080-4f9d-8ee0-ea26ddb98339,0.93
2024-11-07 18:46:49.831167+00:00,800,0.03,no,FEDDECISION-24NOV-C25,cfe36977-bf7d-4e64-b2e9-2682ca80fcd7,0.97
