created_time,count,no_price_dollars,taker_side,ticker,trade_id,yes_price
2025-01-29 15:08:39.447700+00:00,25,0.82,no,KXFEDDECISION-25MAR-C25,7c622b2d-2859-4565-bf6d-6180bad61440,0.18
2025-01-29 15:09:37.753649+00:00,37,0.82,no,KXFEDDECISION-25MAR-C25,f9f9f0f2-cd10-4c11-ba4b-e6e70e3da253,0.18
2025-01-29 15:14:56.556155+00:00,29,0.86,no,KXFEDDECISION-25MAR-C25,e0f12cfc-a4df-47b3-aab6-5bd0b3de38d8,0.14
2025-01-29 15:15:05.619891+00:00,24,0.86,no,KXFEDDECISION-25MAR-C25,6249727b-2959-478d-9ccf-b01a1567fdcf,0.14
2025-01-29 15:15:31.301358+00:00,5,0.86,no,KXFEDDECISION-25MAR-C25,56568c41-77dd-4306-b8c2-5062e7a851ba,0.14
2025-01-29 15:16:16.954671+00:00,29,0.86,no,KXFEDDECISION-25MAR-C25,448b2623-39f7-451a-9832-627e8d04a9e2,0.14
2025-01-29 15:17:59.174396+00:00,30,0.85,no,KXFEDDECISION-25MAR-C25,1be914b9-6617-4ed2-b7e2-7db505f00035,0.15
2025-01-29 15:19:43.708165+00:00,58,0.85,no,KXFEDDECISION-25MAR-C25,1e71babd-dfdd-4209-8483-ec4184c58be5,0.15
2025-01-29 16:06:03.553182+00:00,29,0.84,no,KXFEDDECISION-25MAR-C25,014a177d-a62d-4c8e-b125-8cef39a5c898,0.16
2025-01-29 16:25:04.711871+00:00,2,0.83,no,KXFEDDECISION-25MAR-C25,71277566-5f26-4f14-824a-7e42d3942536,0.17
2025-01-29 17:12:28.145836+00:00,30,0.82,no,KXFEDDECISION-25MAR-C25,5bfd5e69-c559-49f9-8bca-26ade34e8cd1,0.18
2025-01-29 17:16:22.429848+00:00,88,0.77,yes,KXFEDDECISION-25MAR-C25,96864db0-cc36-4272-807c-2d3594baad08,0.23
2025-01-29 17:16:22.429848+00:00,84,0.77,yes,KXFEDDECISION-25MAR-C25,b89fe183-229d-4cd8-8c42-8d8e9308e389,0.23
2025-01-29 17:16:22.429848+00:00,2,0.78,yes,KXFEDDECISION-25MAR-C25,e9e9e6a4-d5ba-44b0-81ae-e80478ebec6b,0.22
2025-01-29 17:16:22.429848+00:00,29,0.78,yes,KXFEDDECISION-25MAR-C25,ee333a8d-8026-4c2a-8a80-ba5fc09ddb72,0.22
2025-01-29 17:51:52.780173+00:00,10,0.83,no,KXFEDDECISION-25MAR-C25,0d867c7d-086e-443e-ae54-4e397ef16471,0.17
2025-01-29 17:51:52.780173+00:00,20,0.82,no,KXFEDDECISION-25MAR-C25,3a2bd2ff-26fe-470c-ae6b-aa914b035283,0.18
2025-01-29 17:51:52.780173+00:00,30,0.82,no,KXFEDDECISION-25MAR-C25,51ac9ab4-7556-4526-b3d7-399e35f10785,0.18
2025-01-29 18:12:36.338296+00:00,11,0.78,yes,KXFEDDECISION-25MAR-C25,d88ab7b1-d47f-4c25-aca0-d56c145c3163,0.22
2025-01-29 18:12:36.338296+00:00,19,0.78,yes,KXFEDDECISION-25MAR-C25,4340d15b-b348-4843-8274-07c4876de708,0.22
2025-01-29 18:12:36.338296+00:00,13,0.78,yes,KXFEDDECISION-25MAR-C25,bb9810f9-776b-43cf-a6bd-1568f670f9dc,0.22
2025-01-29 18:45:44.530544+00:00,37,0.79,yes,KXFEDDECISION-25MAR-C25,0ba34602-e2f1-409a-846f-129dfcfe84a5,0.21
2025-01-29 18:45:44.530544+00:00,200,0.78,yes,KXFEDDECISION-25MAR-C25,99e7b283-39ea-4ea6-b411-2c274de9ab15,0.22
2025-01-29 18:47:05.533468+00:00,29,0.76,yes,KXFEDDECISION-25MAR-C25,9cf85773-a398-4e2a-8516-02549ada2b5d,0.24
2025-01-29 18:47:05.533468+00:00,50,0.76,yes,KXFEDDECISION-25MAR-C25,ad4498b0-ccd7-4823-9444-81c9b0a0bd0f,0.24
2025-01-29 18:56:04.710923+00:00,39,0.76,yes,KXFEDDECISION-25MAR-C25,c8639148-f979-4f2d-aa90-77522ecd4a32,0.24
2025-01-29 19:06:07.332170+00:00,10,0.8,no,KXFEDDECISION-25MAR-C25,048cc2cc-da26-4857-af49-d24e4bd6e2fe,0.2
2025-01-29 19:12:32.087772+00:00,3,0.76,yes,KXFEDDECISION-25MAR-C25,c1fb7006-179a-47d1-9202-858503383663,0.24
2025-01-29 19:25:48.143704+00:00,100,0.76,yes,KXFEDDECISION-25MAR-C25,6e7ff951-5ebc-49c8-8719-5c1d9000ce41,0.24
2025-01-29 19:34:43.536527+00:00,7,0.76,yes,KXFEDDECISION-25MAR-C25,a0535d35-ad5a-4f31-8c9a-cd56c72c1c09,0.24
2025-01-29 19:37:31.776697+00:00,36,0.81,no,KXFEDDECISION-25MAR-C25,eabf7e03-fdc5-4d5d-bfc7-ab245a8d3e46,0.19
2025-01-29 20:14:06.247500+00:00,39,0.76,yes,KXFEDDECISION-25MAR-C25,a175574c-27e1-4000-ae1f-7a1ccb8f55d5,0.24
2025-01-29 20:29:39.603358+00:00,35,0.82,no,KXFEDDECISION-25MAR-C25,dbb22280-867e-4537-ba20-5e2998053d24,0.18
2025-01-29 20:29:39.603358+00:00,26,0.82,no,KXFEDDECISION-25MAR-C25,e2853a88-f790-49f9-b0f9-69553911110f,0.18
2025-01-29 20:30:36.902251+00:00,60,0.83,no,KXFEDDECISION-25MAR-C25,e6c83d5e-b228-488d-9d6f-c0cb1277d3e8,0.17
2025-01-29 20:44:55.452699+00:00,34,0.79,yes,KXFEDDECISION-25MAR-C25,db0ba762-0f9e-4fa3-992e-f0db6df9484b,0.21
2025-01-29 20:56:19.536330+00:00,22,0.79,yes,KXFEDDECISION-25MAR-C25,06fd4ed7-18e5-4df0-90a4-76bf79e6ed5a,0.21
2025-01-29 21:03:22.932649+00:00,120,0.83,no,KXFEDDECISION-25MAR-C25,82884fcc-a989-4100-a133-88b643ff8f39,0.17
2025-01-29 21:03:28.213281+00:00,3,0.83,no,KXFEDDECISION-25MAR-C25,db6c8b08-26d6-4784-a982-638df8d78948,0.17
2025-01-29 21:25:10.514278+00:00,59,0.83,no,KXFEDDECISION-25MAR-C25,8bd33970-0cc9-4cc9-b795-fba2a4a4a29e,0.17
2025-01-29 22:22:33.845695+00:00,119,0.83,no,KXFEDDECISION-25MAR-C25,feb71a45-d4a1-42e2-a41c-f7fb2b43a426,0.17
2025-01-29 22:42:08.339439+00:00,48,0.83,no,KXFEDDECISION-25MAR-C25,1c4dc053-29b7-491f-adcb-5c505b35e813,0.17
2025-01-29 22:48:14.520465+00:00,1099,0.76,yes,KXFEDDECISION-25MAR-C25,e7bcc0db-e06a-4346-8228-0ff00c2276ba,0.24
2025-01-29 22:48:14.520465+00:00,3,0.78,yes,KXFEDDECISION-25MAR-C25,d9b57b93-4bc5-4365-bb75-9c6bc50f6ada,0.22
2025-01-29 22:48:14.520465+00:00,32,0.78,yes,KXFEDDECISION-25MAR-C25,d5ab922f-077e-4ea0-b43f-9adfbd5c3b03,0.22
2025-01-29 22:48:14.520465+00:00,38,0.79,yes,KXFEDDECISION-25MAR-C25,cf83de6f-dcf3-4650-ab57-6767326a8f8e,0.21
2025-01-29 22:48:14.520465+00:00,338,0.78,yes,KXFEDDECISION-25MAR-C25,8b64f41f-689f-4060-83b3-b3ec73765040,0.22
2025-01-29 22:48:14.520465+00:00,250,0.78,yes,KXFEDDECISION-25MAR-C25,95719839-8199-497d-a96c-c82fed7eb4dc,0.22
2025-01-29 22:48:14.520465+00:00,10,0.76,yes,KXFEDDECISION-25MAR-C25,93ed3517-0385-43dc-a119-25df12c00cc6,0.24
2025-01-29 22:48:14.520465+00:00,33,0.76,yes,KXFEDDECISION-25MAR-C25,324e6146-c60e-46fb-aa48-ec95193d3221,0.24
2025-01-29 22:48:14.520465+00:00,200,0.77,yes,KXFEDDECISION-25MAR-C25,99471562-3cf9-49c8-80fe-30027793d9d6,0.23
2025-01-29 22:48:14.520465+00:00,44,0.79,yes,KXFEDDECISION-25MAR-C25,761bbccf-0942-4a69-9344-e25c03760e68,0.21
2025-01-29 22:58:01.866556+00:00,10,0.78,yes,KXFEDDECISION-25MAR-C25,783ba196-661a-4c5a-b174-405f67fa24bc,0.22
2025-01-29 23:06:11.753199+00:00,11,0.79,yes,KXFEDDECISION-25MAR-C25,6c3899bc-9442-4fed-a990-d8e533dc18b5,0.21
2025-01-29 23:18:26.021051+00:00,1,0.78,yes,KXFEDDECISION-25MAR-C25,76404e86-ae78-4c58-bb58-be41a072bbc7,0.22
2025-01-29 23:18:26.021051+00:00,89,0.79,yes,KXFEDDECISION-25MAR-C25,25033edd-4bd9-4882-881c-3098d7eb5cad,0.21
2025-01-30 01:19:19.725394+00:00,23,0.8,yes,KXFEDDECISION-25MAR-C25,2588e80b-5b1d-4135-b59b-ebf27733d918,0.2
2025-01-30 03:00:14.466917+00:00,99,0.81,yes,KXFEDDECISION-25MAR-C25,5f6f00e2-1a2c-4480-a35d-8824cebfa320,0.19
2025-01-30 03:00:50.885319+00:00,59,0.83,no,KXFEDDECISION-25MAR-C25,4b89ac97-8122-4cbe-a853-fdab1ea09e58,0.17
2025-01-30 04:49:19.768144+00:00,26,0.82,yes,KXFEDDECISION-25MAR-C25,01092f1e-6ef9-40d3-862b-e267ce6b0fb7,0.18
2025-01-30 05:05:35.763617+00:00,5,0.82,yes,KXFEDDECISION-25MAR-C25,5bd533e8-35c7-401d-bca6-1629803d378c,0.18
2025-01-30 05:38:39.126340+00:00,52,0.82,yes,KXFEDDECISION-25MAR-C25,fb5a385c-85c5-43d0-9f8c-079780f6ad7c,0.18
2025-01-30 05:55:44.241231+00:00,404,0.82,yes,KXFEDDECISION-25MAR-C25,5be814b3-8ca9-4329-a985-e74f77fad8eb,0.18
2025-01-30 06:35:40.700814+00:00,30,0.82,yes,KXFEDDECISION-25MAR-C25,8b9f06c4-6fbe-4e38-a071-65e47d65ce3d,0.18
2025-01-30 07:58:08.023026+00:00,472,0.82,yes,KXFEDDECISION-25MAR-C25,272be9b3-c5de-49a8-94ac-26dc32c6b7e8,0.18
2025-01-30 13:59:32.330649+00:00,50,0.82,yes,KXFEDDECISION-25MAR-C25,1a4e85be-b22e-4500-a39a-d2037ea6e763,0.18
2025-01-30 13:59:32.330649+00:00,50,0.82,yes,KXFEDDECISION-25MAR-C25,99664dcf-7db1-4f24-938e-f3e581fa05a0,0.18
2025-01-30 14:44:10.710590+00:00,11,0.82,yes,KXFEDDECISION-25MAR-C25,63f01a6c-37d1-4e12-9ead-22e2821a5a2b,0.18
2025-01-30 15:59:01.231576+00:00,1,0.83,no,KXFEDDECISION-25MAR-C25,42b6f12f-1d74-411c-96cc-e1de3b744fdc,0.17
2025-01-30 16:01:45.215297+00:00,52,0.82,yes,KXFEDDECISION-25MAR-C25,b4c01b76-9915-4aa5-84bd-01171866537d,0.18
2025-01-30 16:02:01.230542+00:00,7,0.82,yes,KXFEDDECISION-25MAR-C25,45c2f3cf-142e-44ac-9ff2-52090f28d81c,0.18
2025-01-30 16:02:13.611146+00:00,14,0.82,yes,KXFEDDECISION-25MAR-C25,898efd93-0bd1-45c0-8054-ae3ac513ff32,0.18
2025-01-30 16:46:06.988715+00:00,26,0.82,yes,KXFEDDECISION-25MAR-C25,f7a01a9e-7c16-41f1-907e-82b094ce70fb,0.18
2025-01-30 16:46:27.908727+00:00,105,0.82,yes,KXFEDDECISION-25MAR-C25,96c477a5-bffa-44d8-88fb-77daf5b31cee,0.18
2025-01-30 17:09:18.090271+00:00,42,0.82,yes,KXFEDDECISION-25MAR-C25,d6859fc3-f2b5-4236-930c-b21a0fda1296,0.18
2025-01-30 19:20:05.142289+00:00,105,0.82,yes,KXFEDDECISION-25MAR-C25,6faf8cbe-ed85-4f7a-96ec-fe17384f9cf3,0.18
2025-01-30 19:42:20.858941+00:00,11,0.83,no,KXFEDDECISION-25MAR-C25,08c53136-3602-4564-8e3f-883f5f7d2847,0.17
2025-01-30 19:54:51.456121+00:00,5,0.82,yes,KXFEDDECISION-25MAR-C25,025138af-e398-4b80-954b-557125c672dd,0.18
2025-01-30 19:56:53.604805+00:00,52,0.82,yes,KXFEDDECISION-25MAR-C25,8526a312-0468-41e2-95a4-c9e5f4645f0c,0.18
2025-01-30 22:10:32.022121+00:00,277,0.82,yes,KXFEDDECISION-25MAR-C25,b59a3c8d-7921-48a8-9d73-b42cf622aa2d,0.18
2025-01-30 23:10:50.830923+00:00,26,0.82,yes,KXFEDDECISION-25MAR-C25,05cd85f9-4fb4-4e58-93a2-348d09110bc1,0.18
2025-01-31 00:29:04.562528+00:00,5,0.82,yes,KXFEDDECISION-25MAR-C25,817f5eaa-b9e1-49d7-a3de-9f2c04b15548,0.18
2025-01-31 00:30:03.521054+00:00,262,0.82,yes,KXFEDDECISION-25MAR-C25,6e4a0df0-4b1f-47db-8df7-a25a59cf967d,0.18
2025-01-31 01:02:38.017787+00:00,438,0.82,yes,KXFEDDECISION-25MAR-C25,d214b8a3-c52d-48b2-98d4-58b5c90bfaaa,0.18
2025-01-31 01:23:08.333693+00:00,52,0.82,yes,KXFEDDECISION-25MAR-C25,f72a2e58-5d77-4646-affe-daad4266c417,0.18
2025-01-31 02:40:45.158296+00:00,1000,0.82,yes,KXFEDDECISION-25MAR-C25,fc0d2488-7515-437b-b057-ad8e5c177f22,0.18
2025-01-31 03:15:47.920726+00:00,262,0.82,yes,KXFEDDECISION-25MAR-C25,d7ce9b96-48fd-4c19-a45d-3baacbb83880,0.18
2025-01-31 04:09:57.499868+00:00,105,0.82,yes,KXFEDDECISION-25MAR-C25,bc4ec6d7-fe5e-472c-8609-ba79b647ceb7,0.18
2025-01-31 04:35:51.719473+00:00,100,0.82,yes,KXFEDDECISION-25MAR-C25,3c42bfd4-9b8b-429f-9cb8-d79525b1d60c,0.18
2025-01-31 04:35:51.719473+00:00,196,0.82,yes,KXFEDDECISION-25MAR-C25,8b2e74b3-cc17-4e25-a113-523a12457b32,0.18
2025-01-31 04:35:51.719473+00:00,104,0.82,yes,KXFEDDECISION-25MAR-C25,ef8890e4-49d7-468f-bf37-87872d8c9201,0.18
2025-01-31 05:06:57.223529+00:00,304,0.82,yes,KXFEDDECISION-25MAR-C25,460e51d6-1939-416c-b86b-a000a72687bf,0.18
2025-01-31 05:06:57.223529+00:00,50,0.82,yes,KXFEDDECISION-25MAR-C25,b0ceb8d9-cd8c-42d9-9c7d-f0c56438523f,0.18
2025-01-31 05:06:58.053132+00:00,50,0.82,no,KXFEDDECISION-25MAR-C25,00537238-cd5b-4079-9b5f-3045d6e7a1c4,0.18
2025-01-31 05:30:27.849447+00:00,47,0.81,yes,KXFEDDECISION-25MAR-C25,d9797015-0b0f-4897-9e88-b7fc782e8964,0.19
2025-01-31 06:11:24.259221+00:00,100,0.82,no,KXFEDDECISION-25MAR-C25,4752bf79-7b8c-4c2b-80c6-7d33f0c5cb65,0.18
2025-01-31 13:16:13.216522+00:00,496,0.82,no,KXFEDDECISION-25MAR-C25,870f56b0-3053-4c96-a8e5-905f38f1c0e1,0.18
2025-01-31 13:44:02.823521+00:00,61,0.83,no,KXFEDDECISION-25MAR-C25,0dddb33d-1ef7-475a-a09a-6953591f704d,0.17
2025-01-31 13:44:02.823521+00:00,3,0.83,no,KXFEDDECISION-25MAR-C25,4b6f9b76-84be-45e0-ae72-bf4c9fe6bcd4,0.17
2025-01-31 13:44:02.823521+00:00,200,0.83,no,KXFEDDECISION-25MAR-C25,7d5bc79f-a42d-4151-9e50-63e3e3b76ad1,0.17
2025-01-31 13:44:02.823521+00:00,3,0.83,no,KXFEDDECISION-25MAR-C25,ba0d8e46-763d-454a-ad64-e320f7a3dcb3,0.17
2025-01-31 13:44:02.823521+00:00,110,0.83,no,KXFEDDECISION-25MAR-C25,c392cdbc-d432-4400-b926-2c2ece0440ae,0.17
2025-01-31 15:13:28.391246+00:00,67,0.82,yes,KXFEDDECISION-25MAR-C25,54072fde-eacd-4f44-afd1-156ef09d0b28,0.18
2025-01-31 15:13:28.391246+00:00,50,0.82,yes,KXFEDDECISION-25MAR-C25,86e18c49-ccff-43b4-8b33-a71b4be22b80,0.18
2025-01-31 15:17:50.236890+00:00,1100,0.83,no,KXFEDDECISION-25MAR-C25,1b8e24ab-b2a6-476c-8762-72acee3869e1,0.17
2025-01-31 15:17:50.236890+00:00,67,0.83,no,KXFEDDECISION-25MAR-C25,61a4efc9-ac49-4de7-ac7f-6f635a9fa45a,0.17
2025-01-31 15:33:11.554071+00:00,983,0.83,no,KXFEDDECISION-25MAR-C25,019406f8-3d36-4c6a-b521-c30cde52e885,0.17
2025-01-31 15:37:50.236526+00:00,2084,0.83,no,KXFEDDECISION-25MAR-C25,42bbd221-8d3b-447b-8b5b-f688a928af05,0.17
2025-01-31 15:53:25.822511+00:00,4167,0.83,no,KXFEDDECISION-25MAR-C25,d6288c9c-fa83-450c-906c-f8aeaeb0e2ad,0.17
2025-01-31 17:51:54.681956+00:00,65,0.82,yes,KXFEDDECISION-25MAR-C25,55c1c390-9a92-43e7-a90d-c0ebb706dd69,0.18
2025-01-31 17:51:54.681956+00:00,1935,0.82,yes,KXFEDDECISION-25MAR-C25,1be4b7be-cddb-4f63-b0ad-3df9b459193c,0.18
2025-01-31 21:08:42.800459+00:00,40,0.84,no,KXFEDDECISION-25MAR-C25,8f6381b7-bc9b-4752-bdf0-f7d911941b09,0.16
2025-01-31 21:08:42.800459+00:00,65,0.84,no,KXFEDDECISION-25MAR-C25,a3734b42-6edb-4130-bcd2-4915ce9f1b87,0.16
2025-01-31 21:08:42.800459+00:00,12,0.85,no,KXFEDDECISION-25MAR-C25,b3936f7b-3030-47d5-91a1-ac481d20baa2,0.15
2025-01-31 21:08:42.800459+00:00,1,0.85,no,KXFEDDECISION-25MAR-C25,28c247ae-9002-451b-86a8-63a3f269fe62,0.15
2025-01-31 21:09:00.511921+00:00,1,0.85,no,KXFEDDECISION-25MAR-C25,0604960b-5203-4f05-bfac-08e636468372,0.15
2025-01-31 21:16:52.945165+00:00,134,0.81,yes,KXFEDDECISION-25MAR-C25,7a869ad0-3b9f-42ce-912c-4faf6233a2ce,0.19
2025-01-31 21:16:52.945165+00:00,100,0.82,yes,KXFEDDECISION-25MAR-C25,576680c1-3ff0-4cde-9ce3-92a10209c18e,0.18
2025-01-31 21:16:52.945165+00:00,666,0.83,yes,KXFEDDECISION-25MAR-C25,de9061a0-8192-41c0-9d83-bb0c5a546543,0.17
2025-01-31 21:16:52.945165+00:00,66,0.83,yes,KXFEDDECISION-25MAR-C25,179cf80c-a205-4044-99bb-463724fb3dcc,0.17
2025-01-31 21:16:52.945165+00:00,65,0.82,yes,KXFEDDECISION-25MAR-C25,110f1582-8a6e-48a5-80d1-15412472e77f,0.18
2025-01-31 21:16:52.945165+00:00,333,0.83,yes,KXFEDDECISION-25MAR-C25,3cf77436-69c0-40e0-beac-b296aaec6e8a,0.17
2025-01-31 22:54:18.431414+00:00,10,0.83,yes,KXFEDDECISION-25MAR-C25,7401236a-6b78-4db2-babd-7b69ceb4d627,0.17
2025-01-31 23:35:40.429358+00:00,4,0.85,no,KXFEDDECISION-25MAR-C25,21e3cc82-d584-4ecc-b99b-9917bfbf4fa9,0.15
2025-01-31 23:35:40.429358+00:00,63,0.85,no,KXFEDDECISION-25MAR-C25,63b648c2-f41c-46b7-842a-3651d134fa41,0.15
2025-01-31 23:35:40.429358+00:00,3,0.85,no,KXFEDDECISION-25MAR-C25,9b2c091b-41d8-497c-866c-67974afac1a7,0.15
2025-01-31 23:35:40.429358+00:00,3,0.85,no,KXFEDDECISION-25MAR-C25,be9ff9cd-d62a-4648-bcef-b5423ba05581,0.15
2025-01-31 23:35:40.429358+00:00,17,0.85,no,KXFEDDECISION-25MAR-C25,d75b277e-791d-433f-80c2-090b28f47f49,0.15
2025-02-01 02:51:46.925547+00:00,25,0.85,yes,KXFEDDECISION-25MAR-C25,971479d8-7868-409f-a4e9-e7c89065d873,0.15
2025-02-01 03:02:56.294525+00:00,629,0.85,yes,KXFEDDECISION-25MAR-C25,040e40f9-d44e-4de8-a6e7-3f1af2c54549,0.15
2025-02-01 03:22:47.801535+00:00,30,0.85,yes,KXFEDDECISION-25MAR-C25,c4e44b30-eba2-448b-9450-62d07b88c107,0.15
2025-02-01 04:29:12.527826+00:00,4,0.86,no,KXFEDDECISION-25MAR-C25,c3f2ffe3-84ae-4fae-a805-1ae92f5c19c3,0.14
2025-02-01 06:48:42.123564+00:00,67,0.86,yes,KXFEDDECISION-25MAR-C25,6aebcf5d-1b50-4d81-9de4-112db4df3ffe,0.14
2025-02-01 13:33:25.404321+00:00,1,0.86,yes,KXFEDDECISION-25MAR-C25,534327bf-4198-483d-a79f-3401c4b1f11d,0.14
2025-02-01 15:04:28.580564+00:00,36,0.86,yes,KXFEDDECISION-25MAR-C25,78af379f-1eff-4f47-8f74-09cb6d2099c9,0.14
2025-02-01 17:30:09.840175+00:00,33,0.86,yes,KXFEDDECISION-25MAR-C25,9edb2d19-515c-4398-8043-42f9868281ca,0.14
2025-02-01 17:40:08.623884+00:00,33,0.86,yes,KXFEDDECISION-25MAR-C25,ef564b96-60ca-48b7-8d18-4cb2aa1926dc,0.14
2025-02-01 18:09:35.909172+00:00,10,0.87,no,KXFEDDECISION-25MAR-C25,683bb7d9-35a4-4bbf-831b-f411b4963cca,0.13
2025-02-01 18:09:35.909172+00:00,5,0.87,no,KXFEDDECISION-25MAR-C25,dd2401d8-8c87-4054-ad08-add4d5153f3c,0.13
2025-02-01 18:26:27.519279+00:00,30,0.86,yes,KXFEDDECISION-25MAR-C25,057c7e16-74bb-4d04-bb53-94d594c1fdcc,0.14
2025-02-01 18:26:27.519279+00:00,104,0.86,yes,KXFEDDECISION-25MAR-C25,5d4546b6-98a3-4eea-a888-193e3123cb95,0.14
2025-02-01 18:26:27.519279+00:00,100,0.86,yes,KXFEDDECISION-25MAR-C25,88974d3e-1190-4525-a7c8-dc701ec2b45f,0.14
2025-02-01 18:26:27.519279+00:00,13,0.85,yes,KXFEDDECISION-25MAR-C25,9296fbcf-eb4c-43f8-9000-7f60aa36455f,0.15
2025-02-01 18:26:27.519279+00:00,100,0.86,yes,KXFEDDECISION-25MAR-C25,b448ac4a-0817-4819-acae-9c82c06a71f7,0.14
2025-02-01 18:26:27.519279+00:00,82,0.86,yes,KXFEDDECISION-25MAR-C25,c490ba37-5527-4b0d-9ef1-157566fcaa25,0.14
2025-02-01 18:26:27.519279+00:00,227,0.85,yes,KXFEDDECISION-25MAR-C25,cf5ba4d1-f198-4eb2-9e46-7d034499250a,0.15
2025-02-01 19:20:46.931516+00:00,13,0.86,yes,KXFEDDECISION-25MAR-C25,e4273bfc-3ede-424f-983e-e444da176cb7,0.14
2025-02-01 19:29:28.761674+00:00,6,0.86,yes,KXFEDDECISION-25MAR-C25,0c5aaab4-89d4-47d0-9b79-cf52ea2ffaec,0.14
2025-02-01 19:29:42.380584+00:00,6,0.86,yes,KXFEDDECISION-25MAR-C25,087a2479-feae-42dd-bdb5-b4e2c217e480,0.14
2025-02-01 21:05:30.760631+00:00,33,0.86,yes,KXFEDDECISION-25MAR-C25,44641a58-35ab-46bc-ac9c-eedbd8f8a0a4,0.14
2025-02-01 21:15:06.833745+00:00,1,0.89,no,KXFEDDECISION-25MAR-C25,296b4d8a-2f75-4776-8954-f1aad1f5571e,0.11
2025-02-01 21:51:21.624299+00:00,172,0.87,yes,KXFEDDECISION-25MAR-C25,2a925615-ecb0-44fa-b6dc-dfb44cfb6bde,0.13
2025-02-01 21:51:21.624299+00:00,25,0.86,yes,KXFEDDECISION-25MAR-C25,347b04a4-6f9c-4b3e-8c06-dab86b0e3104,0.14
2025-02-01 21:51:21.624299+00:00,300,0.86,yes,KXFEDDECISION-25MAR-C25,49ca7aac-6b92-44c2-bbe8-23b7a5ce2b45,0.14
2025-02-01 21:51:21.624299+00:00,33,0.86,yes,KXFEDDECISION-25MAR-C25,716caf7e-116b-4c3d-96f9-a8f17b641e48,0.14
2025-02-01 21:51:21.624299+00:00,42,0.86,yes,KXFEDDECISION-25MAR-C25,8b3690f8-c08a-43cf-bb9f-a7bb998b7867,0.14
2025-02-01 21:51:21.624299+00:00,28,0.87,yes,KXFEDDECISION-25MAR-C25,d20401cd-66b3-4da8-aa41-a8863e51b7d4,0.13
2025-02-01 21:51:21.624299+00:00,81,0.85,yes,KXFEDDECISION-25MAR-C25,f013730e-e47c-46ee-b9f5-85891e40cbb4,0.15
2025-02-01 23:44:34.431567+00:00,62,0.85,yes,KXFEDDECISION-25MAR-C25,e8e64180-7ec2-424e-99ce-ebce44d30e8d,0.15
2025-02-02 00:08:19.935723+00:00,78,0.88,yes,KXFEDDECISION-25MAR-C25,a0ae4d7d-73d4-4abd-ae45-c51eaacfd71d,0.12
2025-02-02 00:20:19.508921+00:00,100,0.88,yes,KXFEDDECISION-25MAR-C25,cb74901c-a360-4a8c-924a-725aa09f3df3,0.12
2025-02-02 01:44:43.876495+00:00,8,0.89,yes,KXFEDDECISION-25MAR-C25,edb7643d-b20e-446f-9a84-6f92c47d7fa4,0.11
2025-02-02 02:57:13.543502+00:00,77,0.89,yes,KXFEDDECISION-25MAR-C25,576fc91c-3736-4200-bead-96d77fa73b3f,0.11
2025-02-02 03:19:02.900526+00:00,182,0.89,yes,KXFEDDECISION-25MAR-C25,62900647-0c59-48a8-8163-141cca59f353,0.11
2025-02-02 03:20:37.870323+00:00,4464,0.89,yes,KXFEDDECISION-25MAR-C25,a98bf425-bc34-4b67-b158-660e22a82e54,0.11
2025-02-02 03:40:29.884542+00:00,17,0.89,yes,KXFEDDECISION-25MAR-C25,ec5f90fb-7821-4df9-b456-1689e26ec325,0.11
2025-02-02 04:39:51.238623+00:00,213,0.89,yes,KXFEDDECISION-25MAR-C25,667316fb-e85a-401d-862c-6bd26fba515d,0.11
2025-02-02 04:47:39.238654+00:00,171,0.89,yes,KXFEDDECISION-25MAR-C25,03437adf-a699-48b5-966a-6a9f0f38154e,0.11
2025-02-02 04:50:42.200876+00:00,213,0.89,yes,KXFEDDECISION-25MAR-C25,adeead17-caeb-4f92-9bc5-ccd8afe36a58,0.11
2025-02-02 04:56:17.571387+00:00,205,0.89,yes,KXFEDDECISION-25MAR-C25,ec34a07a-b884-444b-9903-7d381aee1b26,0.11
2025-02-02 05:02:30.255080+00:00,100,0.89,yes,KXFEDDECISION-25MAR-C25,b1912e6e-9211-4024-b82c-d74b3162b3c9,0.11
2025-02-02 05:02:30.255080+00:00,272,0.89,yes,KXFEDDECISION-25MAR-C25,1e8ee7d0-f4be-4c14-a6a9-94372a755c7a,0.11
2025-02-02 05:02:30.255080+00:00,51,0.88,yes,KXFEDDECISION-25MAR-C25,9eb1c26c-3a61-4b28-9876-4e492c9abcce,0.12
2025-02-02 16:16:59.345341+00:00,8,0.86,yes,KXFEDDECISION-25MAR-C25,2db7fda2-77dd-4589-b7bc-c9167d9d9d12,0.14
2025-02-02 16:16:59.345341+00:00,100,0.87,yes,KXFEDDECISION-25MAR-C25,f27f9802-dde9-4a74-89f1-0ee083321230,0.13
2025-02-02 16:18:14.186931+00:00,56,0.9,no,KXFEDDECISION-25MAR-C25,422b0477-711e-4be1-b55c-d3a1fdf84e2e,0.1
2025-02-02 17:14:54.303506+00:00,7,0.88,yes,KXFEDDECISION-25MAR-C25,e830342a-4313-486f-bca4-08196d3fc8e0,0.12
2025-02-02 17:41:06.529253+00:00,184,0.88,yes,KXFEDDECISION-25MAR-C25,102690c7-481e-4530-b0b5-d141a331a1e5,0.12
2025-02-02 17:41:06.529253+00:00,200,0.88,yes,KXFEDDECISION-25MAR-C25,ac22ac43-6cd8-4b22-b979-47673c550c2b,0.12
2025-02-02 17:41:06.529253+00:00,185,0.88,yes,KXFEDDECISION-25MAR-C25,c7a1f70f-504c-48de-bbc0-b4b0ba763fa0,0.12
2025-02-02 17:41:06.529253+00:00,208,0.88,yes,KXFEDDECISION-25MAR-C25,d9d08d98-2696-4993-973f-765ca9593956,0.12
2025-02-02 17:52:12.119069+00:00,16,0.88,yes,KXFEDDECISION-25MAR-C25,0a649bdf-cd54-4286-9f12-5de43f528134,0.12
2025-02-02 17:52:12.119069+00:00,117,0.88,yes,KXFEDDECISION-25MAR-C25,2ad3aa68-c4a3-41aa-b38b-8342e4057181,0.12
2025-02-02 18:19:05.374056+00:00,51,0.88,yes,KXFEDDECISION-25MAR-C25,b13bea9a-c2b3-4fe0-8c3d-6a3ef536587a,0.12
2025-02-02 18:19:05.374056+00:00,27,0.88,yes,KXFEDDECISION-25MAR-C25,7785241b-7a6f-4627-aa80-d4828dd17748,0.12
2025-02-02 21:42:40.178487+00:00,427,0.89,yes,KXFEDDECISION-25MAR-C25,0c832e48-1175-4433-94d5-a5b1893349b1,0.11
2025-02-03 00:28:41.405380+00:00,10,0.89,yes,KXFEDDECISION-25MAR-C25,298da04f-4dfb-4e44-ad3f-ef2e6daf64c2,0.11
2025-02-03 00:28:41.405380+00:00,417,0.89,yes,KXFEDDECISION-25MAR-C25,8844ffe3-5d25-44c3-a042-58d892885be3,0.11
2025-02-03 00:29:45.690136+00:00,25,0.89,no,KXFEDDECISION-25MAR-C25,0051e11a-b9f4-4836-9b5d-858d452e1daf,0.11
2025-02-03 00:32:52.870407+00:00,7,0.9,no,KXFEDDECISION-25MAR-C25,2e9f5e0b-63fe-4c28-afb4-b29e754b94af,0.1
2025-02-03 01:05:18.349206+00:00,213,0.89,yes,KXFEDDECISION-25MAR-C25,cd87e228-a262-4e03-a7e8-ee2ba22b1369,0.11
2025-02-03 03:23:53.519683+00:00,171,0.89,yes,KXFEDDECISION-25MAR-C25,874dfded-07e5-4958-b32b-a47e0a82f19c,0.11
2025-02-03 04:08:49.635156+00:00,225,0.89,yes,KXFEDDECISION-25MAR-C25,a6041d0a-7783-4732-a2cc-b8d72a35b6af,0.11
2025-02-03 04:08:49.635156+00:00,9,0.89,yes,KXFEDDECISION-25MAR-C25,b467a808-afa2-4d79-9c51-dfe62432b54d,0.11
2025-02-03 04:08:49.635156+00:00,13,0.89,yes,KXFEDDECISION-25MAR-C25,d79254d4-a86f-4067-af38-0a7468a2ec32,0.11
2025-02-03 04:08:49.635156+00:00,591,0.89,yes,KXFEDDECISION-25MAR-C25,fe9520a0-0fc2-4e03-a0f6-ea6595825fdb,0.11
2025-02-03 04:19:02.263105+00:00,200,0.89,yes,KXFEDDECISION-25MAR-C25,aea415b6-4a11-497b-a3d2-35991fc3cb04,0.11
2025-02-03 04:19:02.263105+00:00,71,0.89,yes,KXFEDDECISION-25MAR-C25,719853a2-46ce-4061-ba91-5b6b65118180,0.11
2025-02-03 04:19:02.263105+00:00,100,0.89,yes,KXFEDDECISION-25MAR-C25,166034a8-1ced-439f-89e8-46e16b3ab90d,0.11
2025-02-03 04:19:02.263105+00:00,100,0.89,yes,KXFEDDECISION-25MAR-C25,1be5f5c4-ba90-415e-9253-7bde5fa6fdd4,0.11
2025-02-03 04:19:02.263105+00:00,191,0.89,yes,KXFEDDECISION-25MAR-C25,40cc5570-2dfb-4700-8d45-46f37178ce7d,0.11
2025-02-03 05:16:07.353345+00:00,149,0.88,yes,KXFEDDECISION-25MAR-C25,d34b04d4-6e49-4569-9fab-3c162528f399,0.12
2025-02-03 05:16:07.353345+00:00,100,0.88,yes,KXFEDDECISION-25MAR-C25,cd370a02-9699-456c-972b-e82b4d5ed2cb,0.12
2025-02-03 05:16:07.353345+00:00,25,0.86,yes,KXFEDDECISION-25MAR-C25,6a33afb8-ad3d-41d8-aa9c-0a6ffa7ad350,0.14
2025-02-03 05:16:07.353345+00:00,113,0.85,yes,KXFEDDECISION-25MAR-C25,b917dce6-a3f8-419e-b410-59ddd6d8cf0d,0.15
2025-02-03 05:16:07.353345+00:00,300,0.88,yes,KXFEDDECISION-25MAR-C25,a8abf763-213c-400b-8229-aff843fffa14,0.12
2025-02-03 05:16:07.353345+00:00,100,0.88,yes,KXFEDDECISION-25MAR-C25,87dcb35b-fce8-4683-a17b-653506843a88,0.12
2025-02-03 05:16:07.353345+00:00,63,0.88,yes,KXFEDDECISION-25MAR-C25,5d034ace-0364-45a3-9a47-7ebaed51abfb,0.12
2025-02-03 05:16:07.353345+00:00,56,0.88,yes,KXFEDDECISION-25MAR-C25,c9859e63-67f7-47e8-a9a6-a5234b0bb680,0.12
2025-02-03 05:16:07.353345+00:00,25,0.87,yes,KXFEDDECISION-25MAR-C25,460d2da6-8ad3-460b-a8f5-82c6cb13aae7,0.13
2025-02-03 05:16:07.353345+00:00,10,0.88,yes,KXFEDDECISION-25MAR-C25,46f056e4-f5ff-469d-be1f-940f5dc2b33e,0.12
2025-02-03 05:16:07.353345+00:00,100,0.85,yes,KXFEDDECISION-25MAR-C25,06906498-6602-45ac-b550-c05a50537cc5,0.15
2025-02-03 05:16:07.353345+00:00,28,0.88,yes,KXFEDDECISION-25MAR-C25,0a1763ab-aacf-4d91-82c0-b81e2a5defcf,0.12
2025-02-03 05:16:07.353345+00:00,75,0.86,yes,KXFEDDECISION-25MAR-C25,0dd807a0-f581-4ce9-8298-5bd97d7c8a0c,0.14
2025-02-03 05:16:07.353345+00:00,9,0.85,yes,KXFEDDECISION-25MAR-C25,c7290982-5d37-4f58-aafe-021562026edd,0.15
2025-02-03 05:16:07.353345+00:00,449,0.85,yes,KXFEDDECISION-25MAR-C25,21568f48-b1fe-498e-a592-32fac4d959b8,0.15
2025-02-03 05:16:07.353345+00:00,50,0.88,yes,KXFEDDECISION-25MAR-C25,437433ff-4d90-460b-99c5-95b7c8ed9512,0.12
2025-02-03 05:16:07.353345+00:00,100,0.85,yes,KXFEDDECISION-25MAR-C25,26eb4fe7-400e-4f2b-a974-d5526c4ec745,0.15
2025-02-03 06:30:43.933430+00:00,95,0.85,yes,KXFEDDECISION-25MAR-C25,2ee29c81-43e3-4489-b9f9-316e958c9161,0.15
2025-02-03 06:36:32.698518+00:00,396,0.85,yes,KXFEDDECISION-25MAR-C25,ec2aa060-2fc7-4cdf-94d9-6e877cac4df3,0.15
2025-02-03 06:36:32.698518+00:00,99,0.85,yes,KXFEDDECISION-25MAR-C25,28f0ad33-4526-4ef7-afc9-39f97803463c,0.15
2025-02-03 07:09:29.800868+00:00,7,0.85,yes,KXFEDDECISION-25MAR-C25,883bce3d-3857-4934-b5b7-e3bbcfa3cdc4,0.15
2025-02-03 13:49:05.956887+00:00,32,0.85,yes,KXFEDDECISION-25MAR-C25,1972474c-eac2-44a7-987f-7f8506e2fbca,0.15
2025-02-03 13:49:05.956887+00:00,30,0.85,yes,KXFEDDECISION-25MAR-C25,fde7aad4-7f5a-4e04-9765-8f77a8fcbc79,0.15
2025-02-03 15:11:51.325244+00:00,83,0.85,yes,KXFEDDECISION-25MAR-C25,39517957-e086-427b-aed6-3878c37a7e22,0.15
2025-02-03 15:11:51.325244+00:00,85,0.85,yes,KXFEDDECISION-25MAR-C25,4c2b22c7-ed0d-47dd-a772-7ac299d2f10c,0.15
2025-02-03 15:11:51.325244+00:00,70,0.85,yes,KXFEDDECISION-25MAR-C25,64baa258-4fbe-4e47-8b2f-d3f18102f1c2,0.15
2025-02-03 15:11:51.325244+00:00,100,0.85,yes,KXFEDDECISION-25MAR-C25,adf4d961-9fd6-49a6-a39e-801952f72026,0.15
2025-02-03 15:11:51.325244+00:00,300,0.85,yes,KXFEDDECISION-25MAR-C25,b2d86f90-6010-4e25-b9e2-b6fe478e606a,0.15
2025-02-03 15:21:14.970308+00:00,100,0.84,yes,KXFEDDECISION-25MAR-C25,cf83abaf-5cc4-4508-a431-2366cf4e3247,0.16
2025-02-03 15:21:14.970308+00:00,200,0.84,yes,KXFEDDECISION-25MAR-C25,b11c6807-bb6c-4f54-8bb4-0ea5d91c1afc,0.16
2025-02-03 15:21:14.970308+00:00,100,0.84,yes,KXFEDDECISION-25MAR-C25,35e5dd9c-4638-40d4-b65d-dfe69b5833fe,0.16
2025-02-03 16:14:41.528278+00:00,50,0.84,yes,KXFEDDECISION-25MAR-C25,05494da7-e319-4450-81dc-b84d9e9ba840,0.16
2025-02-03 16:14:41.528278+00:00,100,0.83,yes,KXFEDDECISION-25MAR-C25,2ce53b14-a645-4850-adea-037bd76a0fbe,0.17
2025-02-03 16:14:41.528278+00:00,50,0.84,yes,KXFEDDECISION-25MAR-C25,7bd8c252-05e0-46d5-9a90-a7024c42804f,0.16
2025-02-03 16:14:41.528278+00:00,24,0.83,yes,KXFEDDECISION-25MAR-C25,b8610e04-f5ba-4d83-8b4e-96b4d0a90a1d,0.17
2025-02-03 16:14:41.528278+00:00,59,0.83,yes,KXFEDDECISION-25MAR-C25,d0752387-fc1c-47d5-afee-d7fa7b7b67dc,0.17
2025-02-03 16:39:30.497901+00:00,59,0.83,yes,KXFEDDECISION-25MAR-C25,4c5888a2-66e1-4aec-9bae-f70dea0403c5,0.17
2025-02-03 16:39:30.497901+00:00,141,0.83,yes,KXFEDDECISION-25MAR-C25,a4bf619d-daed-4246-a7ff-9d29bc143fb7,0.17
2025-02-03 17:19:35.728414+00:00,200,0.82,yes,KXFEDDECISION-25MAR-C25,8e2f7089-a461-4cd0-b379-ae989c19f105,0.18
2025-02-03 17:19:35.728414+00:00,100,0.82,yes,KXFEDDECISION-25MAR-C25,78e73433-73f0-4924-84d1-6731c8d93f14,0.18
2025-02-03 17:19:35.728414+00:00,80,0.82,yes,KXFEDDECISION-25MAR-C25,13a72d20-1ea3-4513-a980-4ee27fe28102,0.18
2025-02-03 17:19:35.728414+00:00,145,0.82,yes,KXFEDDECISION-25MAR-C25,13f0a4fb-a018-42fb-a248-cde9e65b0c3b,0.18
2025-02-03 17:30:26.998875+00:00,50,0.84,no,KXFEDDECISION-25MAR-C25,8c7743c1-8ae9-4cf2-b04a-6b236a8a3d89,0.16
2025-02-03 17:30:26.998875+00:00,66,0.84,no,KXFEDDECISION-25MAR-C25,d56ebce0-42c4-49e3-967a-bb34cb77a288,0.16
2025-02-03 17:30:26.998875+00:00,3,0.84,no,KXFEDDECISION-25MAR-C25,6adb2598-65b3-4b93-8916-09f8552d0f83,0.16
2025-02-03 18:05:23.106173+00:00,27,0.83,yes,KXFEDDECISION-25MAR-C25,cc67c830-4204-4d0f-9492-7269e6bb9d1a,0.17
2025-02-03 18:50:01.781756+00:00,4,0.85,no,KXFEDDECISION-25MAR-C25,0bbfbe15-faaf-494d-b6f1-9cf41cc40b3f,0.15
2025-02-03 18:50:01.781756+00:00,21,0.85,no,KXFEDDECISION-25MAR-C25,ff2fd154-1fc5-493f-976e-972b87321d01,0.15
2025-02-03 20:22:13.086392+00:00,100,0.86,no,KXFEDDECISION-25MAR-C25,2d8757d4-a92d-4a82-bd1c-59b393a55979,0.14
2025-02-03 21:01:56.182924+00:00,31,0.85,yes,KXFEDDECISION-25MAR-C25,ad536d47-f3b2-4f4a-88bd-a5751c410528,0.15
2025-02-03 21:39:16.010835+00:00,118,0.84,yes,KXFEDDECISION-25MAR-C25,c6d3906b-d2dc-47d0-a778-8636219d0d13,0.16
2025-02-03 21:57:24.617422+00:00,29,0.84,yes,KXFEDDECISION-25MAR-C25,d085a241-f975-4a47-9b1c-b2f5f8808a0b,0.16
2025-02-03 22:05:29.323803+00:00,248,0.84,yes,KXFEDDECISION-25MAR-C25,b2475add-3d1f-4fea-b3c2-5473bcb1a85c,0.16
2025-02-03 22:05:29.323803+00:00,50,0.85,yes,KXFEDDECISION-25MAR-C25,2fc2fd37-ee13-42f7-97dd-6bf0704f39b2,0.15
2025-02-03 22:20:32.279188+00:00,50,0.85,yes,KXFEDDECISION-25MAR-C25,d3d202cb-7120-4118-b880-1d9612c78d1c,0.15
2025-02-03 22:39:52.625075+00:00,590,0.84,yes,KXFEDDECISION-25MAR-C25,200921a2-eaae-413d-bd5a-674cc7282372,0.16
2025-02-03 23:41:08.790632+00:00,11,0.84,yes,KXFEDDECISION-25MAR-C25,16e980e8-04fa-4f9f-a7f3-39f800002831,0.16
2025-02-03 23:41:08.790632+00:00,50,0.85,yes,KXFEDDECISION-25MAR-C25,9d42ab16-4bc3-45e0-99f3-578bdc636839,0.15
2025-02-04 01:08:58.046274+00:00,4,0.84,yes,KXFEDDECISION-25MAR-C25,3cfb28e0-a225-4557-864a-e521f352d6a6,0.16
2025-02-04 01:08:58.046274+00:00,46,0.84,yes,KXFEDDECISION-25MAR-C25,d96bc5c3-9014-4b0f-89d6-c31aacbdc1b0,0.16
2025-02-04 01:13:45.498904+00:00,88,0.84,yes,KXFEDDECISION-25MAR-C25,d98ef0ba-8f8b-4368-af90-0c9c76dfe596,0.16
2025-02-04 01:24:21.504849+00:00,25,0.86,no,KXFEDDECISION-25MAR-C25,1d645979-da32-4479-addd-cd3ba35907b8,0.14
2025-02-04 01:28:30.770011+00:00,62,0.85,yes,KXFEDDECISION-25MAR-C25,e2ba46de-4860-4aa7-aa54-28ec0c2ae90f,0.15
2025-02-04 02:08:41.330727+00:00,125,0.85,yes,KXFEDDECISION-25MAR-C25,d0ebfcd3-990c-426a-a1e5-99f00bf6c336,0.15
2025-02-04 03:18:12.403567+00:00,175,0.85,yes,KXFEDDECISION-25MAR-C25,c8d2b589-73bb-42b2-9be0-4fe824864cfe,0.15
2025-02-04 03:51:03.741301+00:00,162,0.85,yes,KXFEDDECISION-25MAR-C25,c6dc04c0-cd69-4749-bb58-4c1e12ccd834,0.15
2025-02-04 03:51:03.741301+00:00,138,0.85,yes,KXFEDDECISION-25MAR-C25,1cf73193-9942-4ff1-9c5a-2499a6b46612,0.15
2025-02-04 03:51:03.741301+00:00,200,0.85,yes,KXFEDDECISION-25MAR-C25,7c902756-1580-4009-8918-d42633486988,0.15
2025-02-04 03:51:46.649007+00:00,618,0.85,yes,KXFEDDECISION-25MAR-C25,89763077-1e15-43e5-b20f-9e93caa749c6,0.15
2025-02-04 05:12:05.375056+00:00,62,0.85,yes,KXFEDDECISION-25MAR-C25,1b3f752a-7a60-46f6-91bd-73ac9030c248,0.15
2025-02-04 15:01:24.616625+00:00,25,0.85,yes,KXFEDDECISION-25MAR-C25,fbb65b15-409e-4f4d-ba5e-d62638cfeeb1,0.15
2025-02-04 15:01:24.616625+00:00,300,0.85,yes,KXFEDDECISION-25MAR-C25,d00d2427-33dd-4097-a6ce-e96e99eab323,0.15
2025-02-04 15:01:24.616625+00:00,162,0.85,yes,KXFEDDECISION-25MAR-C25,ab6eb592-c0a7-4e79-a92b-1ed756c04fea,0.15
2025-02-04 15:01:24.616625+00:00,400,0.85,yes,KXFEDDECISION-25MAR-C25,b814af16-085e-4412-909f-2b2acde02adf,0.15
2025-02-04 15:01:24.616625+00:00,118,0.85,yes,KXFEDDECISION-25MAR-C25,7930bfaa-45b6-4da5-801f-8c6127410230,0.15
2025-02-04 15:01:24.616625+00:00,320,0.85,yes,KXFEDDECISION-25MAR-C25,1563bd1c-797b-4b98-8c39-6c7063905704,0.15
2025-02-04 15:01:24.616625+00:00,400,0.85,yes,KXFEDDECISION-25MAR-C25,06342c94-36d1-43e5-85b8-294efafcd6d9,0.15
2025-02-04 15:01:24.616625+00:00,175,0.85,yes,KXFEDDECISION-25MAR-C25,037e72ca-fdfa-40f2-8134-abd6ed4ca37f,0.15
2025-02-04 15:01:24.616625+00:00,300,0.85,yes,KXFEDDECISION-25MAR-C25,7bb2c330-f75d-4f6d-80ad-952dc24ea340,0.15
2025-02-04 15:01:24.616625+00:00,200,0.85,yes,KXFEDDECISION-25MAR-C25,7c171d50-d0e3-48a1-a768-8172f4f38bbf,0.15
2025-02-04 15:30:14.931185+00:00,58,0.85,no,KXFEDDECISION-25MAR-C25,792eb103-ec59-4556-81b8-44be52565fba,0.15
2025-02-04 17:07:24.112997+00:00,27,0.85,no,KXFEDDECISION-25MAR-C25,ba8d90a9-e0f4-4b7f-984d-f48c18e9108f,0.15
2025-02-04 18:14:57.151433+00:00,1,0.84,yes,KXFEDDECISION-25MAR-C25,fd57de40-1be4-4c94-a9b0-08a86cd28195,0.16
2025-02-04 18:46:52.682222+00:00,20,0.84,yes,KXFEDDECISION-25MAR-C25,e99ba6f8-adaa-4f1d-85c6-8c22cbe5c460,0.16
2025-02-04 19:41:16.471340+00:00,59,0.85,no,KXFEDDECISION-25MAR-C25,4398bcef-24ed-4805-be72-5117c686343e,0.15
2025-02-04 20:12:58.950492+00:00,58,0.84,yes,KXFEDDECISION-25MAR-C25,f61fac38-21b2-472b-8a47-a5d30092c980,0.16
2025-02-04 20:12:58.950492+00:00,200,0.84,yes,KXFEDDECISION-25MAR-C25,efd2f81d-4a45-47c7-ae7d-0461749f18bd,0.16
2025-02-04 20:12:58.950492+00:00,152,0.84,yes,KXFEDDECISION-25MAR-C25,34384213-a757-43a3-9340-48ab85441d85,0.16
2025-02-04 20:12:58.950492+00:00,45,0.84,yes,KXFEDDECISION-25MAR-C25,1ded4f94-7e99-4eed-bb3c-11f0b56691e2,0.16
2025-02-04 20:12:58.950492+00:00,145,0.84,yes,KXFEDDECISION-25MAR-C25,e79746be-194d-4310-a9d1-fa05e1c1e4bc,0.16
2025-02-04 20:22:42.237477+00:00,20,0.84,yes,KXFEDDECISION-25MAR-C25,ae7dce37-2bab-4c8a-8819-df689220ad0f,0.16
2025-02-04 20:33:25.613661+00:00,59,0.85,no,KXFEDDECISION-25MAR-C25,2b4c8ffd-56a1-4458-9b9c-2439df7d30fc,0.15
2025-02-04 21:02:48.549569+00:00,35,0.84,yes,KXFEDDECISION-25MAR-C25,335bd462-ae04-4844-9801-9e9904c481e4,0.16
2025-02-04 21:02:48.549569+00:00,25,0.84,yes,KXFEDDECISION-25MAR-C25,fbb6994c-8a79-43b2-aa20-a5e5eb8ac8a6,0.16
2025-02-04 21:35:00.140043+00:00,105,0.85,no,KXFEDDECISION-25MAR-C25,2e84d8de-a9dc-4d6a-be39-de0530dd0ded,0.15
2025-02-04 23:01:24.459273+00:00,300,0.85,no,KXFEDDECISION-25MAR-C25,bd45d062-8d19-462b-bc97-a76a5c979a64,0.15
2025-02-05 00:11:33.372477+00:00,156,0.86,no,KXFEDDECISION-25MAR-C25,82c36079-1c29-4d57-bf63-8d7ddb746105,0.14
2025-02-05 00:11:33.372477+00:00,400,0.85,no,KXFEDDECISION-25MAR-C25,e765619e-8c80-4af7-b4fd-0afe78f98bf6,0.15
2025-02-05 00:11:33.372477+00:00,100,0.86,no,KXFEDDECISION-25MAR-C25,eb1e5d4b-f3a8-431b-ae63-164dd1f4c0cf,0.14
2025-02-05 01:00:28.948989+00:00,14,0.87,no,KXFEDDECISION-25MAR-C25,359e11e0-e851-4304-9438-34e5db7409c8,0.13
2025-02-05 01:00:28.948989+00:00,44,0.86,no,KXFEDDECISION-25MAR-C25,98a947de-c15e-4c98-ae18-75a4ffa9dc38,0.14
2025-02-05 03:10:44.998451+00:00,10,0.85,yes,KXFEDDECISION-25MAR-C25,a8d5107d-c7d4-4f64-8816-2b1cc3743da2,0.15
2025-02-05 13:30:53.237589+00:00,100,0.85,yes,KXFEDDECISION-25MAR-C25,46d50c13-d2ed-4719-b88b-dd60511eb04c,0.15
2025-02-05 13:30:53.237589+00:00,1990,0.85,yes,KXFEDDECISION-25MAR-C25,7c3afaeb-eed6-47e2-a744-396449e2bdd1,0.15
2025-02-05 13:30:53.237589+00:00,300,0.85,yes,KXFEDDECISION-25MAR-C25,7df11218-7efb-4dac-9ee2-3e35706a175b,0.15
2025-02-05 13:30:53.237589+00:00,327,0.85,yes,KXFEDDECISION-25MAR-C25,b0a75a89-540e-4960-849a-32092f81e6e6,0.15
2025-02-05 15:01:00.917959+00:00,2000,0.85,yes,KXFEDDECISION-25MAR-C25,1a4fc2db-f1de-4cca-8f06-4ca03ffcee8c,0.15
2025-02-05 15:02:13.621123+00:00,380,0.84,yes,KXFEDDECISION-25MAR-C25,d7770355-4d4f-423e-97d5-b7ae89b05128,0.16
2025-02-05 15:02:13.621123+00:00,200,0.84,yes,KXFEDDECISION-25MAR-C25,93eb8b05-443e-41cb-a592-97a28a5e98b3,0.16
2025-02-05 15:02:13.621123+00:00,300,0.84,yes,KXFEDDECISION-25MAR-C25,95f5f1f8-1b0c-443a-9a27-0b42c16ecf2a,0.16
2025-02-05 15:02:13.621123+00:00,63,0.84,yes,KXFEDDECISION-25MAR-C25,88d9cf36-c5fe-4958-b0ae-3ea20b5a3288,0.16
2025-02-05 15:02:13.621123+00:00,200,0.84,yes,KXFEDDECISION-25MAR-C25,c4a92658-ea0e-474d-bff8-156235c15045,0.16
2025-02-05 15:02:13.621123+00:00,1000,0.84,yes,KXFEDDECISION-25MAR-C25,74144591-2005-448f-9c4c-0be17d77ab2e,0.16
2025-02-05 15:02:13.621123+00:00,23,0.84,yes,KXFEDDECISION-25MAR-C25,52ccf439-d31e-44af-b2ba-5a97aabf41e6,0.16
2025-02-05 15:02:13.621123+00:00,111,0.84,yes,KXFEDDECISION-25MAR-C25,30d79e96-d9c9-4e29-b153-36cdad0b01b7,0.16
2025-02-05 15:02:13.621123+00:00,100,0.84,yes,KXFEDDECISION-25MAR-C25,16c15172-c517-4714-aaae-f07fd84d04bd,0.16
2025-02-05 15:02:13.621123+00:00,113,0.84,yes,KXFEDDECISION-25MAR-C25,00e43bbd-dde5-4e25-8805-f5dfa248c9e4,0.16
2025-02-05 15:02:13.621123+00:00,10,0.84,yes,KXFEDDECISION-25MAR-C25,81862607-df4d-4cb7-986a-78a1c53bc2f5,0.16
2025-02-05 15:04:59.087756+00:00,255,0.83,yes,KXFEDDECISION-25MAR-C25,91c7b436-5e41-4dfd-8bbc-40aeb4bef4f5,0.17
2025-02-05 15:04:59.087756+00:00,300,0.83,yes,KXFEDDECISION-25MAR-C25,22939de3-e5f7-4105-8305-cc76da22a873,0.17
2025-02-05 16:54:44.518447+00:00,590,0.84,yes,KXFEDDECISION-25MAR-C25,59b2de79-ecde-4343-a3de-7bb220123f7d,0.16
2025-02-05 21:38:47.893607+00:00,5,0.84,yes,KXFEDDECISION-25MAR-C25,27c94c65-eafd-49dd-9a25-2a9d46cc8772,0.16
2025-02-06 00:04:12.663860+00:00,50,0.85,yes,KXFEDDECISION-25MAR-C25,0c60d947-e23f-4f50-99c9-28bc14d2d281,0.15
2025-02-06 00:04:12.663860+00:00,248,0.84,yes,KXFEDDECISION-25MAR-C25,cc2744ef-237b-4f29-8226-542883335d85,0.16
2025-02-06 01:18:16.229052+00:00,130,0.84,yes,KXFEDDECISION-25MAR-C25,9904cf36-a267-493e-bd33-51159715a852,0.16
2025-02-06 01:18:16.229052+00:00,50,0.85,yes,KXFEDDECISION-25MAR-C25,f5ac502b-6212-4f4c-bfe1-50f100db8956,0.15
2025-02-06 03:59:43.891886+00:00,5,0.85,yes,KXFEDDECISION-25MAR-C25,61611738-8b73-48ea-9430-83fd3db01dcf,0.15
2025-02-06 07:15:58.170759+00:00,2,0.87,no,KXFEDDECISION-25MAR-C25,ec106ee7-bc62-4c7b-b354-32f6df9f311e,0.13
2025-02-06 13:04:38.968708+00:00,62,0.85,yes,KXFEDDECISION-25MAR-C25,2d7715b1-8399-4ccf-83f5-70799c5d7838,0.15
2025-02-06 13:17:36.776826+00:00,4,0.87,no,KXFEDDECISION-25MAR-C25,c9e8e166-732a-4478-871f-74f56780761b,0.13
2025-02-06 13:17:36.776826+00:00,23,0.87,no,KXFEDDECISION-25MAR-C25,ce986b84-77d3-4606-8fd0-9ce563b99a06,0.13
2025-02-06 13:35:13.747886+00:00,30,0.86,yes,KXFEDDECISION-25MAR-C25,42e2b5fc-7d47-468d-a7ca-18ccabe0cf19,0.14
2025-02-06 16:59:52.573880+00:00,878,0.86,yes,KXFEDDECISION-25MAR-C25,2349f7f1-9fd8-42ab-a3a4-e2edbc9638b6,0.14
2025-02-06 16:59:52.573880+00:00,25,0.86,yes,KXFEDDECISION-25MAR-C25,2b651a2f-1e82-459f-87df-a33eef783ada,0.14
2025-02-06 16:59:52.573880+00:00,1000,0.86,yes,KXFEDDECISION-25MAR-C25,84e7bfa0-5d31-451b-ae22-4d52dbe2e4f4,0.14
2025-02-06 16:59:52.573880+00:00,97,0.86,yes,KXFEDDECISION-25MAR-C25,cf41f6d4-83cf-4f1a-aad9-1606abcf177d,0.14
2025-02-06 17:57:52.929660+00:00,70,0.86,no,KXFEDDECISION-25MAR-C25,64a8fa8d-d826-4653-879b-c156573a5fbb,0.14
2025-02-06 18:58:22.995768+00:00,77,0.85,yes,KXFEDDECISION-25MAR-C25,a8cc4a50-ae55-4da2-ba7c-b3eaa37268a8,0.15
2025-02-06 18:58:22.995768+00:00,112,0.85,yes,KXFEDDECISION-25MAR-C25,978c4e2c-91b6-429e-9416-836ccb7fad75,0.15
2025-02-06 18:58:22.995768+00:00,300,0.85,yes,KXFEDDECISION-25MAR-C25,b6eae8f4-ce31-44f3-bba9-f39b219057a5,0.15
2025-02-06 18:58:22.995768+00:00,300,0.85,yes,KXFEDDECISION-25MAR-C25,3628709e-730f-40ed-9ab1-a0f54471a827,0.15
2025-02-06 18:58:22.995768+00:00,55,0.85,yes,KXFEDDECISION-25MAR-C25,3244d499-c113-49e1-b243-c86565fe145b,0.15
2025-02-06 18:58:22.995768+00:00,383,0.85,yes,KXFEDDECISION-25MAR-C25,111e14f1-b8b7-4d4e-a9c9-f91d16293052,0.15
2025-02-06 18:58:22.995768+00:00,50,0.85,yes,KXFEDDECISION-25MAR-C25,76b16d85-21ff-45a1-97c4-4fd9fde8613b,0.15
2025-02-06 18:58:55.999543+00:00,15017,0.85,yes,KXFEDDECISION-25MAR-C25,954a2945-2b95-4d39-a180-b28e13c79ab3,0.15
2025-02-06 19:16:23.215461+00:00,12,0.85,yes,KXFEDDECISION-25MAR-C25,10be9f72-7b01-4439-bd78-9985436e5874,0.15
2025-02-06 19:16:23.215461+00:00,50,0.85,yes,KXFEDDECISION-25MAR-C25,2ee63275-d932-4739-908a-2fb487db36bd,0.15
2025-02-06 21:54:18.217192+00:00,71,0.85,yes,KXFEDDECISION-25MAR-C25,a68f3e0d-d22a-4c7e-b98f-9f83bdb9d67b,0.15
2025-02-06 21:55:33.907517+00:00,119,0.85,yes,KXFEDDECISION-25MAR-C25,fdbaa280-686e-4d26-8b04-77c799115ad2,0.15
2025-02-07 02:34:56.566143+00:00,98,0.85,yes,KXFEDDECISION-25MAR-C25,35f80978-e79f-4e8f-81f1-33961bd561a2,0.15
2025-02-07 02:34:56.566143+00:00,216,0.85,yes,KXFEDDECISION-25MAR-C25,f6c8dd47-b469-4f36-b2bc-e37d8e1e0577,0.15
2025-02-07 02:43:21.001134+00:00,77,0.86,no,KXFEDDECISION-25MAR-C25,4eb357f0-e224-4f0a-a05e-1044a243f914,0.14
2025-02-07 02:43:21.001134+00:00,23,0.86,no,KXFEDDECISION-25MAR-C25,ae91a7df-6442-4b30-b132-37acd7be3739,0.14
2025-02-07 02:46:21.925581+00:00,162,0.85,yes,KXFEDDECISION-25MAR-C25,1d826536-5d47-41c7-ae6e-58437b26b2af,0.15
2025-02-07 02:46:21.925581+00:00,146,0.85,yes,KXFEDDECISION-25MAR-C25,41a26cb8-61bb-4f13-bdd7-17dd55767dd7,0.15
2025-02-07 05:50:43.830788+00:00,18,0.85,yes,KXFEDDECISION-25MAR-C25,53f91fb8-22f7-4d0a-8531-10a0d2753630,0.15
2025-02-07 06:52:45.786239+00:00,1,0.85,yes,KXFEDDECISION-25MAR-C25,f58ea145-c34e-4586-bfbb-d5d3400c58dc,0.15
2025-02-07 13:03:28.626176+00:00,359,0.85,yes,KXFEDDECISION-25MAR-C25,34087e38-5604-4ea5-bb19-1e52b22975f4,0.15
2025-02-07 13:03:28.626176+00:00,270,0.85,yes,KXFEDDECISION-25MAR-C25,fba309d5-ba5d-44d1-a928-41e38ad720d9,0.15
2025-02-07 13:34:06.468800+00:00,338,0.89,no,KXFEDDECISION-25MAR-C25,95a6211b-fcbb-409d-9a42-fed18cb28157,0.11
2025-02-07 13:34:06.468800+00:00,32,0.88,no,KXFEDDECISION-25MAR-C25,9901cf40-5e63-4850-9d14-d64212f03852,0.12
2025-02-07 13:34:06.468800+00:00,50,0.89,no,KXFEDDECISION-25MAR-C25,bac1cf87-755c-4f05-81e9-fec1b36d2991,0.11
2025-02-07 13:35:25.563149+00:00,34,0.9,no,KXFEDDECISION-25MAR-C25,a05e5531-6f8b-4906-b7e1-57b03d7f7e25,0.1
2025-02-07 13:35:25.563149+00:00,4,0.9,no,KXFEDDECISION-25MAR-C25,a261f1dc-e28e-4921-9c54-c88df6ecc561,0.1
2025-02-07 13:35:25.563149+00:00,1,0.9,no,KXFEDDECISION-25MAR-C25,c6375a86-b70e-488b-a9f4-6eff5ddc3828,0.1
2025-02-07 13:57:59.324472+00:00,7,0.91,no,KXFEDDECISION-25MAR-C25,861817de-8170-4da1-95a2-9111d35a5df6,0.09
2025-02-07 13:57:59.324472+00:00,17,0.91,no,KXFEDDECISION-25MAR-C25,9f4d077e-33c8-4e29-aa3e-7b860449d22e,0.09
2025-02-07 13:57:59.324472+00:00,19,0.91,no,KXFEDDECISION-25MAR-C25,5def28a2-8308-4daf-bff6-29b30a28ee93,0.09
2025-02-07 13:57:59.324472+00:00,10,0.91,no,KXFEDDECISION-25MAR-C25,62ef4ff4-5fdd-4ea3-81cd-63b7dfee57bc,0.09
2025-02-07 13:59:22.306758+00:00,22,0.91,no,KXFEDDECISION-25MAR-C25,1612eace-0500-46dd-bf73-94a9eb625046,0.09
2025-02-07 14:22:30.090259+00:00,188,0.9,yes,KXFEDDECISION-25MAR-C25,5156830c-8a95-49e8-ac96-69f6e6ae6591,0.1
2025-02-07 15:07:15.417476+00:00,470,0.9,yes,KXFEDDECISION-25MAR-C25,5d5cb495-e67c-4ff9-ae5b-f12dc1eaec5a,0.1
2025-02-07 15:11:23.251977+00:00,200,0.91,no,KXFEDDECISION-25MAR-C25,a03dea6d-ce09-4484-9bd4-e0796ea3898e,0.09
2025-02-07 15:12:29.403581+00:00,200,0.92,no,KXFEDDECISION-25MAR-C25,74f0686a-c508-4a88-a426-368b92d2b511,0.08
2025-02-07 15:45:01.122943+00:00,14,0.91,yes,KXFEDDECISION-25MAR-C25,7b9b8d56-28a9-482d-beed-3972cf519031,0.09
2025-02-07 17:08:45.851691+00:00,100,0.91,yes,KXFEDDECISION-25MAR-C25,ca3ebbdb-dbcd-4b5f-a847-c19a077ab1b6,0.09
2025-02-07 20:26:55.794347+00:00,290,0.91,yes,KXFEDDECISION-25MAR-C25,374a4f2c-8b82-46ee-8fd8-a21ac8ebcb97,0.09
2025-02-07 20:26:55.794347+00:00,790,0.9,yes,KXFEDDECISION-25MAR-C25,66ded38e-2723-43c4-af64-11b8728f0c11,0.1
2025-02-07 20:26:55.794347+00:00,400,0.91,yes,KXFEDDECISION-25MAR-C25,721c2803-1a31-4fcd-baaa-b7770e3fcd36,0.09
2025-02-07 20:26:55.794347+00:00,100,0.91,yes,KXFEDDECISION-25MAR-C25,7515a6a6-e771-4533-96ee-1411f641e671,0.09
2025-02-07 20:26:55.794347+00:00,392,0.9,yes,KXFEDDECISION-25MAR-C25,9577f73a-6e87-4e6e-9e76-b0160f6698bf,0.1
2025-02-07 20:26:55.794347+00:00,50,0.91,yes,KXFEDDECISION-25MAR-C25,967a8de9-db40-41eb-9162-19c1a14dcf55,0.09
2025-02-07 20:26:55.794347+00:00,682,0.9,yes,KXFEDDECISION-25MAR-C25,9a07d5be-dc81-4138-a29a-20df53fd4f67,0.1
2025-02-07 20:26:55.794347+00:00,5,0.91,yes,KXFEDDECISION-25MAR-C25,ec354eaf-317b-49d9-ac43-4149157c697f,0.09
2025-02-07 20:26:55.794347+00:00,155,0.91,yes,KXFEDDECISION-25MAR-C25,f91135a1-e016-4a79-87ff-9df85c555c16,0.09
2025-02-07 21:41:25.970167+00:00,120,0.92,no,KXFEDDECISION-25MAR-C25,25e55451-810d-42df-a660-b5d9849c2803,0.08
2025-02-07 21:59:56.167749+00:00,5000,0.91,yes,KXFEDDECISION-25MAR-C25,178b4003-3e41-4eb9-b583-31c51acdb0c3,0.09
2025-02-07 21:59:56.167749+00:00,110,0.91,yes,KXFEDDECISION-25MAR-C25,1af57b83-1d02-490d-aad2-89b06009f553,0.09
2025-02-07 21:59:56.167749+00:00,200,0.9,yes,KXFEDDECISION-25MAR-C25,1f4c2eb5-5d53-4821-9042-d633062a3394,0.1
2025-02-07 21:59:56.167749+00:00,400,0.9,yes,KXFEDDECISION-25MAR-C25,42fe130d-e4d1-40cd-a0f5-5816eca3402c,0.1
2025-02-07 21:59:56.167749+00:00,100,0.9,yes,KXFEDDECISION-25MAR-C25,4cceeedc-3983-46c1-a8ea-eeb940152129,0.1
2025-02-07 21:59:56.167749+00:00,100,0.9,yes,KXFEDDECISION-25MAR-C25,69cd8afe-6c4d-484a-99e2-78e3d0e6b957,0.1
2025-02-07 21:59:56.167749+00:00,118,0.9,yes,KXFEDDECISION-25MAR-C25,dcf9bb0f-55fa-490f-9617-278a020eabd7,0.1
2025-02-07 21:59:56.167749+00:00,11,0.9,yes,KXFEDDECISION-25MAR-C25,0b49831d-d547-42a0-b1ed-34806b0b965e,0.1
2025-02-07 22:05:47.327369+00:00,18,0.9,yes,KXFEDDECISION-25MAR-C25,6d204c81-7438-4a32-815f-a9bc93707a45,0.1
2025-02-07 22:29:36.446960+00:00,1,0.91,yes,KXFEDDECISION-25MAR-C25,12dc5b58-219b-4688-a651-be935d11b2c2,0.09
2025-02-07 23:14:31.480406+00:00,80,0.92,no,KXFEDDECISION-25MAR-C25,39afa324-aee2-40bd-80ad-019424b21082,0.08
2025-02-07 23:14:31.480406+00:00,11,0.92,no,KXFEDDECISION-25MAR-C25,772af096-7d67-4b0b-bad0-f829732c3a77,0.08
2025-02-07 23:14:31.480406+00:00,100,0.92,no,KXFEDDECISION-25MAR-C25,2a0dc5c7-3892-4aac-b3e5-92c79b7765eb,0.08
2025-02-07 23:14:31.480406+00:00,110,0.92,no,KXFEDDECISION-25MAR-C25,35362d5e-60ac-454f-b3d6-fe64638c75c6,0.08
2025-02-08 00:40:43.075260+00:00,31,0.91,yes,KXFEDDECISION-25MAR-C25,7693f5e4-bfd5-43c7-be97-ff2884b7b415,0.09
2025-02-08 00:49:40.205821+00:00,20,0.91,yes,KXFEDDECISION-25MAR-C25,3ec81ffd-0bee-44e3-bdba-7dfc22f2163e,0.09
2025-02-08 02:39:28.231051+00:00,31,0.91,yes,KXFEDDECISION-25MAR-C25,aa7ec33a-272e-4587-9290-302c60f33213,0.09
2025-02-08 03:47:34.689655+00:00,104,0.91,yes,KXFEDDECISION-25MAR-C25,b12a4e1a-977c-4132-9b00-a03f86943402,0.09
2025-02-08 05:23:43.914417+00:00,52,0.91,yes,KXFEDDECISION-25MAR-C25,84da925f-10ae-43d1-ad93-eeaca1a7e8eb,0.09
2025-02-08 06:52:57.525696+00:00,199,0.91,yes,KXFEDDECISION-25MAR-C25,bde42439-03dd-442a-b086-d0b950b6ee89,0.09
2025-02-08 13:17:47.176377+00:00,10,0.91,yes,KXFEDDECISION-25MAR-C25,314cbd4c-72fe-47a1-9751-151bae91419d,0.09
2025-02-08 13:35:42.829428+00:00,104,0.91,yes,KXFEDDECISION-25MAR-C25,8ccea8c0-89b5-4a19-9339-c32c40188969,0.09
2025-02-08 16:45:39.893372+00:00,104,0.91,yes,KXFEDDECISION-25MAR-C25,150291e5-6a7c-4832-88ac-6a35f5d3428a,0.09
2025-02-08 18:24:10.096300+00:00,104,0.91,yes,KXFEDDECISION-25MAR-C25,fea488b1-cba4-4fd9-bc1e-1a01729dfa0d,0.09
2025-02-08 18:26:38.709273+00:00,18,0.94,no,KXFEDDECISION-25MAR-C25,fa57bd16-abf1-4d5b-b724-0f5ad4adcd31,0.06
2025-02-08 18:26:38.709273+00:00,11,0.94,no,KXFEDDECISION-25MAR-C25,b86921f8-5b45-491c-b43d-b2e72439e5b9,0.06
2025-02-08 18:26:38.709273+00:00,39,0.94,no,KXFEDDECISION-25MAR-C25,a3664cf9-0be3-4285-b8df-17ff1cbf3950,0.06
2025-02-08 18:26:38.709273+00:00,50,0.94,no,KXFEDDECISION-25MAR-C25,eb0bade2-d206-4cb3-90e4-e40fb6c6afee,0.06
2025-02-08 19:37:24.640385+00:00,10,0.91,yes,KXFEDDECISION-25MAR-C25,ae0c57d4-c98e-41b5-bf3a-855805e70eaa,0.09
2025-02-08 20:42:42.334767+00:00,85,0.92,yes,KXFEDDECISION-25MAR-C25,263387ab-538f-4a82-97a5-2d5e09c95a9f,0.08
2025-02-08 21:57:06.722400+00:00,117,0.92,yes,KXFEDDECISION-25MAR-C25,afc2a0c3-50c4-4dfa-b986-a2819b869823,0.08
2025-02-08 23:09:44.698484+00:00,23,0.92,yes,KXFEDDECISION-25MAR-C25,76726583-d58c-4e31-ad98-29ac8817089b,0.08
2025-02-08 23:39:47.910514+00:00,293,0.92,yes,KXFEDDECISION-25MAR-C25,1312b6a0-8e9c-42a2-a343-3bdf168de87b,0.08
2025-02-08 23:40:04.549156+00:00,293,0.92,yes,KXFEDDECISION-25MAR-C25,b6187fcc-9ebe-4d9f-a6f3-fb5499075382,0.08
2025-02-08 23:41:53.903899+00:00,270,0.92,yes,KXFEDDECISION-25MAR-C25,b67e4895-7904-498c-846a-dfe7b00fcc24,0.08
2025-02-08 23:59:59.170711+00:00,290,0.92,yes,KXFEDDECISION-25MAR-C25,85b13ff2-735d-45dc-a49c-19ea4254bfc2,0.08
2025-02-09 00:20:31.507035+00:00,117,0.92,yes,KXFEDDECISION-25MAR-C25,10c687b7-1596-48ed-add6-a2b2a11d8b30,0.08
2025-02-09 00:52:55.361948+00:00,11,0.92,yes,KXFEDDECISION-25MAR-C25,4aee6349-271a-47fe-9a35-1eda597ab9b1,0.08
2025-02-09 03:45:15.025455+00:00,11,0.92,yes,KXFEDDECISION-25MAR-C25,c6c7c131-4ec3-4c7d-b81e-14d33e4e36c9,0.08
2025-02-09 05:50:52.444444+00:00,58,0.92,yes,KXFEDDECISION-25MAR-C25,1af71b74-aebd-48ab-891d-f7ede160e2ac,0.08
2025-02-09 07:49:20.419003+00:00,202,0.92,yes,KXFEDDECISION-25MAR-C25,932bc513-8632-463f-a4cf-a61234de7d61,0.08
2025-02-09 07:49:20.419003+00:00,154,0.92,yes,KXFEDDECISION-25MAR-C25,569d6e73-36d6-4ed2-8561-6c605e598b09,0.08
2025-02-09 07:49:20.419003+00:00,432,0.92,yes,KXFEDDECISION-25MAR-C25,5ef604b2-45b2-4519-9ca3-65cc0481d8cd,0.08
2025-02-09 07:49:20.419003+00:00,386,0.92,yes,KXFEDDECISION-25MAR-C25,9124d451-7b79-42e4-8601-f738aafa1067,0.08
2025-02-09 14:08:46.256583+00:00,10,0.92,yes,KXFEDDECISION-25MAR-C25,dfab55e7-852e-4df7-bdd9-90d1964729c0,0.08
2025-02-09 14:56:38.923082+00:00,10,0.92,yes,KXFEDDECISION-25MAR-C25,1f742b83-a766-46f1-a4b0-9ab87663b3f7,0.08
2025-02-09 15:24:46.210543+00:00,58,0.92,yes,KXFEDDECISION-25MAR-C25,d6fb6bc2-ace5-42e8-8f3f-896442966219,0.08
2025-02-09 17:39:28.230194+00:00,11,0.92,yes,KXFEDDECISION-25MAR-C25,9ffea08c-a836-4919-b09c-f28aa54999ee,0.08
2025-02-09 18:11:19.356382+00:00,36,0.92,yes,KXFEDDECISION-25MAR-C25,2fe5d29a-0964-4df5-abfd-a23051a669b4,0.08
2025-02-09 18:11:19.356382+00:00,257,0.92,yes,KXFEDDECISION-25MAR-C25,c0919e82-04e3-453e-af5e-659a3c64ea81,0.08
2025-02-09 18:45:10.191710+00:00,14,0.93,no,KXFEDDECISION-25MAR-C25,3cec409f-720a-4f2e-90c8-70a15cfe63de,0.07
2025-02-09 18:45:10.191710+00:00,125,0.93,no,KXFEDDECISION-25MAR-C25,3e885c49-320f-4afc-856d-63c1f37c9103,0.07
2025-02-09 18:45:10.191710+00:00,300,0.93,no,KXFEDDECISION-25MAR-C25,bde68bf4-347a-4f25-8dd2-91fb76aa1bbf,0.07
2025-02-09 18:45:10.191710+00:00,150,0.93,no,KXFEDDECISION-25MAR-C25,c5191089-05f3-4706-80ee-9052a53f4e35,0.07
2025-02-09 19:26:05.681011+00:00,2,0.92,yes,KXFEDDECISION-25MAR-C25,0529e607-259c-45b6-99cd-f90e3c15ebcc,0.08
2025-02-09 19:30:19.703433+00:00,500,0.93,no,KXFEDDECISION-25MAR-C25,623d0509-89d5-4546-8e05-fba8d9c9f41a,0.07
2025-02-09 19:40:32.154234+00:00,400,0.92,yes,KXFEDDECISION-25MAR-C25,2e86109c-c7ae-4c7c-a063-fed649edc18b,0.08
2025-02-09 19:40:32.154234+00:00,11,0.92,yes,KXFEDDECISION-25MAR-C25,51f7c36e-4b40-4687-b38f-2859ed350c2b,0.08
2025-02-09 19:40:32.154234+00:00,401,0.92,yes,KXFEDDECISION-25MAR-C25,a39f12b4-cb8c-4476-bddd-c1eb6016a42d,0.08
2025-02-09 19:40:32.154234+00:00,362,0.92,yes,KXFEDDECISION-25MAR-C25,df6c8bd9-df91-43e1-9a6f-eee2ffadff8e,0.08
2025-02-09 19:53:52.532685+00:00,58,0.92,yes,KXFEDDECISION-25MAR-C25,bca6a97e-11d1-4ce7-b050-964088884ed2,0.08
2025-02-09 19:58:17.652795+00:00,1174,0.92,yes,KXFEDDECISION-25MAR-C25,e13270f6-fd74-43c9-9564-13dc8c0fe7c0,0.08
2025-02-09 21:15:09.519380+00:00,21,0.93,yes,KXFEDDECISION-25MAR-C25,8e4d4a2f-a1dd-47d6-b9ef-d6d573c3e857,0.07
2025-02-09 21:17:49.520187+00:00,26,0.93,yes,KXFEDDECISION-25MAR-C25,3a71787f-3bfd-4151-b005-9cfe7d6dc847,0.07
2025-02-09 22:48:31.012872+00:00,1953,0.93,yes,KXFEDDECISION-25MAR-C25,728aea3f-a690-4a73-91f7-45b4937de8bf,0.07
2025-02-09 22:48:31.012872+00:00,729,0.93,yes,KXFEDDECISION-25MAR-C25,a05c5618-33d9-4548-9926-b0d1f58494fe,0.07
2025-02-09 22:52:44.640420+00:00,134,0.93,yes,KXFEDDECISION-25MAR-C25,f45e34c6-b9fa-4214-842e-f33a2404d5aa,0.07
2025-02-09 22:57:09.378669+00:00,67,0.93,yes,KXFEDDECISION-25MAR-C25,0db11c0b-cd3f-4b5a-80dc-b4494dd4ad4a,0.07
2025-02-09 23:03:33.083208+00:00,2,0.93,yes,KXFEDDECISION-25MAR-C25,be39138d-2ebc-415d-8b52-c95b54f192bb,0.07
2025-02-09 23:13:48.006791+00:00,59,0.93,yes,KXFEDDECISION-25MAR-C25,1e6feade-7ced-4f23-8191-8a322c916075,0.07
2025-02-09 23:13:48.006791+00:00,115,0.93,yes,KXFEDDECISION-25MAR-C25,f7542d87-0f0f-4737-afe0-9cd58dac6cab,0.07
2025-02-09 23:18:21.865887+00:00,25,0.93,yes,KXFEDDECISION-25MAR-C25,11f2426a-c5b8-4ed1-98cf-731957ab071a,0.07
2025-02-10 00:49:22.539231+00:00,350,0.92,yes,KXFEDDECISION-25MAR-C25,17d88259-11e9-4d43-a80d-fab25bade823,0.08
2025-02-10 00:49:22.539231+00:00,916,0.93,yes,KXFEDDECISION-25MAR-C25,d3082ec3-7a3b-4787-82b4-ca75eb672a01,0.07
2025-02-10 01:07:36.591649+00:00,32,0.92,yes,KXFEDDECISION-25MAR-C25,fac2ca16-c91e-48f9-95b4-cd071120f78c,0.08
2025-02-10 01:07:36.591649+00:00,17,0.92,yes,KXFEDDECISION-25MAR-C25,2abb65e4-5430-4ad1-b0ea-720c290635d6,0.08
2025-02-10 01:07:36.591649+00:00,40,0.92,yes,KXFEDDECISION-25MAR-C25,1e359683-a16d-45b2-802c-2c146d534d4e,0.08
2025-02-10 01:07:36.591649+00:00,11,0.92,yes,KXFEDDECISION-25MAR-C25,d0165f72-67c2-4b06-9619-33dd38a15b7e,0.08
2025-02-10 02:14:42.000607+00:00,11,0.92,yes,KXFEDDECISION-25MAR-C25,3e91d7c6-6459-4048-80a8-01f6a471915f,0.08
2025-02-10 02:25:17.567468+00:00,400,0.92,yes,KXFEDDECISION-25MAR-C25,1897ac0e-2759-4fad-99b8-7d90a680dd8f,0.08
2025-02-10 02:25:17.567468+00:00,68,0.92,yes,KXFEDDECISION-25MAR-C25,1acb5d90-b1b8-43de-a8d0-395673c9c5a4,0.08
2025-02-10 02:25:17.567468+00:00,125,0.92,yes,KXFEDDECISION-25MAR-C25,36c641c0-8ec6-4626-949e-5e1bf838c57e,0.08
2025-02-10 02:25:17.567468+00:00,300,0.92,yes,KXFEDDECISION-25MAR-C25,3bad1fce-127a-4aff-8353-cd654a15ff1f,0.08
2025-02-10 02:25:17.567468+00:00,11,0.92,yes,KXFEDDECISION-25MAR-C25,bf352101-af96-4a54-a5d3-62086c297026,0.08
2025-02-10 02:25:17.567468+00:00,93,0.92,yes,KXFEDDECISION-25MAR-C25,ecd796e3-032c-4b08-838f-b6492367e044,0.08
2025-02-10 02:25:17.567468+00:00,59,0.92,yes,KXFEDDECISION-25MAR-C25,f65dcf0f-5c8e-4960-9528-ac635dc31505,0.08
2025-02-10 02:26:34.993955+00:00,159,0.94,no,KXFEDDECISION-25MAR-C25,4b4be47e-695b-4ca6-b250-fd917fb76347,0.06
2025-02-10 02:38:13.838715+00:00,117,0.92,yes,KXFEDDECISION-25MAR-C25,59ba28f5-e4ba-4a89-b6ce-fe6a902f1986,0.08
2025-02-10 03:38:43.049122+00:00,58,0.92,yes,KXFEDDECISION-25MAR-C25,56e90949-1966-4161-a15d-0046ec1e6ab7,0.08
2025-02-10 03:45:25.656612+00:00,1,0.94,no,KXFEDDECISION-25MAR-C25,45817b4c-49d7-41e5-b699-cac2e4cb4401,0.06
2025-02-10 04:31:42.676167+00:00,1,0.92,yes,KXFEDDECISION-25MAR-C25,3862e418-7f2f-47d6-b64f-03c36ae66e39,0.08
2025-02-10 14:41:49.934612+00:00,1,0.93,no,KXFEDDECISION-25MAR-C25,632ddd39-2fbe-4b74-ab5c-51205611d537,0.07
2025-02-10 14:54:38.656221+00:00,117,0.92,yes,KXFEDDECISION-25MAR-C25,4b4de446-9309-48e9-b248-64e02cdc4083,0.08
2025-02-10 15:49:55.939237+00:00,234,0.92,yes,KXFEDDECISION-25MAR-C25,d9f5e255-a3f0-451c-8be1-b90ef1dedfc0,0.08
2025-02-10 16:02:52.801451+00:00,1,0.92,yes,KXFEDDECISION-25MAR-C25,a2256743-70a0-46b2-9f55-03cb128ea375,0.08
2025-02-10 16:02:52.801451+00:00,50,0.92,yes,KXFEDDECISION-25MAR-C25,ae504bd7-8085-4dec-9c24-7b8e69856bca,0.08
2025-02-10 16:02:52.801451+00:00,178,0.92,yes,KXFEDDECISION-25MAR-C25,b045d46d-4a99-4ecd-8633-159d3dd8cf83,0.08
2025-02-10 16:02:52.801451+00:00,84,0.92,yes,KXFEDDECISION-25MAR-C25,9f14b195-0be7-4791-9d81-284ce19a1421,0.08
2025-02-10 16:02:52.801451+00:00,11,0.92,yes,KXFEDDECISION-25MAR-C25,b871f34e-6e0e-4a93-a056-e76a2eb71197,0.08
2025-02-10 16:02:52.801451+00:00,200,0.92,yes,KXFEDDECISION-25MAR-C25,bcfcc245-be41-4c3d-99a0-76f489cb97f1,0.08
2025-02-10 16:02:52.801451+00:00,400,0.92,yes,KXFEDDECISION-25MAR-C25,ce571681-8fb4-4cbf-90b4-706ebc44af8b,0.08
2025-02-10 16:02:52.801451+00:00,129,0.92,yes,KXFEDDECISION-25MAR-C25,b6647339-bf67-4242-a32d-7d5564b47490,0.08
2025-02-10 16:02:52.801451+00:00,150,0.92,yes,KXFEDDECISION-25MAR-C25,9efa0836-4a0c-43a8-aec0-be68bc11d030,0.08
2025-02-10 16:02:52.801451+00:00,2,0.92,yes,KXFEDDECISION-25MAR-C25,1912dcad-08ed-4ba7-a3f0-95d3f4f1c91f,0.08
2025-02-10 16:02:52.801451+00:00,300,0.92,yes,KXFEDDECISION-25MAR-C25,5bb62e58-f697-48b0-899f-27013abb85ce,0.08
2025-02-10 16:02:52.801451+00:00,558,0.92,yes,KXFEDDECISION-25MAR-C25,6c09966d-39b2-45f9-8f72-97c81398b0cc,0.08
2025-02-10 16:02:52.801451+00:00,450,0.92,yes,KXFEDDECISION-25MAR-C25,0b371241-62c0-43ba-be2f-0a2c833bbeb3,0.08
2025-02-10 16:02:52.801451+00:00,347,0.92,yes,KXFEDDECISION-25MAR-C25,1c4c611d-c487-42d6-b349-ea8a6b11ebd0,0.08
2025-02-10 16:02:52.801451+00:00,100,0.92,yes,KXFEDDECISION-25MAR-C25,0bbf9030-62bb-43a7-91d4-fcbdc9165e61,0.08
2025-02-10 16:02:52.801451+00:00,129,0.92,yes,KXFEDDECISION-25MAR-C25,47284519-8dfc-48ab-bd48-d8dade502917,0.08
2025-02-10 16:02:52.801451+00:00,193,0.92,yes,KXFEDDECISION-25MAR-C25,2a662d2c-2c2a-4b8e-9a2e-f28f0231e1d7,0.08
2025-02-10 16:02:52.801451+00:00,73,0.92,yes,KXFEDDECISION-25MAR-C25,4de2723b-6d78-413c-9747-a65ab1eb398d,0.08
2025-02-10 16:02:52.801451+00:00,201,0.92,yes,KXFEDDECISION-25MAR-C25,5a70dedd-abe3-4dd6-b2d6-10fd625c562c,0.08
2025-02-10 16:11:32.574228+00:00,100,0.91,yes,KXFEDDECISION-25MAR-C25,12576051-84f9-4b37-a6d5-21d67d8c8447,0.09
2025-02-10 16:11:32.574228+00:00,182,0.91,yes,KXFEDDECISION-25MAR-C25,629b41ab-2645-457c-9967-e52a3c818244,0.09
2025-02-10 16:11:32.574228+00:00,53,0.91,yes,KXFEDDECISION-25MAR-C25,84e43a87-291d-4997-a9b7-8792cd897427,0.09
2025-02-10 16:11:32.574228+00:00,1231,0.91,yes,KXFEDDECISION-25MAR-C25,99115ad3-9e8f-464e-a913-87bcc7485ba9,0.09
2025-02-10 18:05:00.201448+00:00,587,0.92,yes,KXFEDDECISION-25MAR-C25,e87ee40f-a4c6-429c-bf3e-488c773e7d10,0.08
2025-02-10 18:20:56.995060+00:00,23,0.92,yes,KXFEDDECISION-25MAR-C25,48f076dc-0c40-4e5d-88c1-e15485549713,0.08
2025-02-10 18:27:10.434315+00:00,4,0.92,yes,KXFEDDECISION-25MAR-C25,18d4003a-ea3e-4283-b15d-0b7dfaf318ec,0.08
2025-02-10 19:38:48.948005+00:00,230,0.92,yes,KXFEDDECISION-25MAR-C25,0c2ba211-aea2-4c64-823b-cd19c3cb55d6,0.08
2025-02-10 19:38:48.948005+00:00,20,0.92,yes,KXFEDDECISION-25MAR-C25,158739a7-7c0b-4548-ab96-b33653d79a02,0.08
2025-02-10 20:16:35.325738+00:00,234,0.92,yes,KXFEDDECISION-25MAR-C25,b96b6228-6831-4c4f-a54f-2c1a7192170b,0.08
2025-02-10 20:47:23.284791+00:00,3,0.92,yes,KXFEDDECISION-25MAR-C25,3fb05abb-7e05-46a5-adde-2a71e571f86e,0.08
2025-02-10 21:21:26.668400+00:00,300,0.92,yes,KXFEDDECISION-25MAR-C25,9888f22c-0a4d-4af7-b9c6-27a17838a0d8,0.08
2025-02-10 21:21:26.668400+00:00,583,0.92,yes,KXFEDDECISION-25MAR-C25,95c81b8e-63d6-4c57-a3f1-3666ca8a1b92,0.08
2025-02-10 21:21:26.668400+00:00,291,0.92,yes,KXFEDDECISION-25MAR-C25,4d63a7bb-e1c6-404f-b7bc-199960a2ca13,0.08
2025-02-10 21:31:37.100660+00:00,4,0.92,yes,KXFEDDECISION-25MAR-C25,b887366a-8680-4e24-ba41-c6d5fcf28ad3,0.08
2025-02-10 21:34:48.047481+00:00,128,0.92,yes,KXFEDDECISION-25MAR-C25,d4d6a32e-8718-4395-8341-5fe6e7c6050a,0.08
2025-02-10 21:57:07.418528+00:00,50,0.92,yes,KXFEDDECISION-25MAR-C25,d92060d7-7bb6-49e4-9b68-c6ee68abb2f2,0.08
2025-02-10 21:59:32.647949+00:00,150,0.92,no,KXFEDDECISION-25MAR-C25,fb7ad079-7a5c-4e60-8c11-e0c9fa96874f,0.08
2025-02-10 22:34:36.140734+00:00,31,0.91,yes,KXFEDDECISION-25MAR-C25,109d4b5b-5fcd-4d2e-b4be-943f55ed4c16,0.09
2025-02-10 22:37:24.253037+00:00,10,0.91,yes,KXFEDDECISION-25MAR-C25,d8f03278-f093-4914-a2b9-91957801467b,0.09
2025-02-10 22:55:29.148682+00:00,50,0.92,yes,KXFEDDECISION-25MAR-C25,491ed17d-19ea-4a8f-8f7c-03299f3ee30c,0.08
2025-02-10 22:55:29.148682+00:00,49,0.91,yes,KXFEDDECISION-25MAR-C25,bccc7e2f-4736-433b-8518-e7ce0316d6b8,0.09
2025-02-10 22:55:29.148682+00:00,10,0.91,yes,KXFEDDECISION-25MAR-C25,c9f675b5-aa7b-4542-9626-fdda0c231455,0.09
2025-02-10 23:58:10.845038+00:00,50,0.92,yes,KXFEDDECISION-25MAR-C25,f190b6f1-14e4-4cb2-9b08-b08d17135658,0.08
2025-02-10 23:58:10.845038+00:00,2,0.91,yes,KXFEDDECISION-25MAR-C25,cfb09bf1-0e4d-43f1-8d7c-28a82008051c,0.09
2025-02-10 23:58:10.845038+00:00,214,0.91,yes,KXFEDDECISION-25MAR-C25,1815beba-953a-4348-9985-03ee24df3a75,0.09
2025-02-11 00:09:24.330862+00:00,59,0.91,yes,KXFEDDECISION-25MAR-C25,49693469-a1d3-441c-8c15-8361aac70487,0.09
2025-02-11 00:09:24.330862+00:00,50,0.92,yes,KXFEDDECISION-25MAR-C25,a75b49e8-54bc-4249-a9ee-64782bac41a3,0.08
2025-02-11 00:41:46.631914+00:00,52,0.91,yes,KXFEDDECISION-25MAR-C25,c87dd591-6eb8-4c52-9438-95e07eac18ca,0.09
2025-02-11 02:25:38.593652+00:00,50,0.92,yes,KXFEDDECISION-25MAR-C25,5fe3ca34-2139-4405-aa8d-0c1953eda1ec,0.08
2025-02-11 02:25:59.448281+00:00,10,0.92,no,KXFEDDECISION-25MAR-C25,6e4dd216-5c43-44da-88c2-32316716daae,0.08
2025-02-11 04:47:19.096650+00:00,31,0.91,yes,KXFEDDECISION-25MAR-C25,474daa04-9b68-46e0-89b9-3f28107bb2c8,0.09
2025-02-11 04:51:59.385810+00:00,140,0.92,no,KXFEDDECISION-25MAR-C25,a3c6fc2e-8396-4956-a46d-b91ad672e213,0.08
2025-02-11 05:10:23.504841+00:00,117,0.92,yes,KXFEDDECISION-25MAR-C25,5a1fb6b3-02bf-4942-80ba-57dd2edfe994,0.08
2025-02-11 05:30:54.099443+00:00,117,0.92,yes,KXFEDDECISION-25MAR-C25,4fc0c874-7aa8-4074-bc3e-d3970934dc6b,0.08
2025-02-11 06:07:54.616626+00:00,66,0.92,yes,KXFEDDECISION-25MAR-C25,580e535d-d0bf-4af5-b9ce-6fc3280c0f61,0.08
2025-02-11 06:07:54.616626+00:00,45,0.91,yes,KXFEDDECISION-25MAR-C25,9cd081bf-0491-49aa-965e-639989d365b8,0.09
2025-02-11 06:43:10.861409+00:00,1044,0.91,yes,KXFEDDECISION-25MAR-C25,a7aafd81-8a9f-4a83-bb3a-5a22e5bba1d0,0.09
2025-02-11 14:00:44.326500+00:00,117,0.92,yes,KXFEDDECISION-25MAR-C25,97474f6a-6f3f-4cb2-9fee-c59e80a1f53b,0.08
2025-02-11 14:24:49.591504+00:00,400,0.93,no,KXFEDDECISION-25MAR-C25,126904ab-931e-4bd1-b52d-ea735d727d73,0.07
2025-02-11 14:24:49.591504+00:00,51,0.93,no,KXFEDDECISION-25MAR-C25,e73cec6d-b211-4cb4-a42b-e29161c3c9d1,0.07
2025-02-11 14:57:40.545040+00:00,50,0.93,yes,KXFEDDECISION-25MAR-C25,00ed284d-ea64-4317-97ac-14f70a8cca68,0.07
2025-02-11 14:57:40.545040+00:00,1000,0.93,yes,KXFEDDECISION-25MAR-C25,b163d104-fd4c-4734-91cd-51f60ff915e0,0.07
2025-02-11 14:57:40.545040+00:00,150,0.93,yes,KXFEDDECISION-25MAR-C25,c515b183-ab73-473c-912d-3f0c9d7e2c6f,0.07
2025-02-11 14:57:40.545040+00:00,123,0.92,yes,KXFEDDECISION-25MAR-C25,c68b1bea-d799-4036-9331-8349ec48017c,0.08
2025-02-11 14:58:26.451409+00:00,601,0.93,yes,KXFEDDECISION-25MAR-C25,b135222b-9877-466a-bf25-db6f9395ff1b,0.07
2025-02-11 15:00:48.255776+00:00,200,0.94,no,KXFEDDECISION-25MAR-C25,99e87c98-21e8-43b4-9cbd-631959dbcac8,0.06
2025-02-11 15:00:48.255776+00:00,35,0.94,no,KXFEDDECISION-25MAR-C25,e42eae45-2dfb-4e77-932a-5ee7e031051d,0.06
2025-02-11 15:00:48.255776+00:00,172,0.94,no,KXFEDDECISION-25MAR-C25,1463e2dd-fe88-4c75-8af4-604ec1ed5ca8,0.06
2025-02-11 15:00:48.255776+00:00,2000,0.94,no,KXFEDDECISION-25MAR-C25,6f694071-bcee-429b-a588-d721b875aabc,0.06
2025-02-11 15:22:16.681963+00:00,165,0.94,yes,KXFEDDECISION-25MAR-C25,2462f9cc-c4ba-4e0b-9d8a-c96f30bb3160,0.06
2025-02-11 15:22:16.681963+00:00,500,0.94,yes,KXFEDDECISION-25MAR-C25,3d9993b7-8f88-45be-831a-254a1c5044a6,0.06
2025-02-11 15:22:16.681963+00:00,100,0.94,yes,KXFEDDECISION-25MAR-C25,effabb25-01ec-4341-b20b-e9c7009a5284,0.06
2025-02-11 15:22:16.681963+00:00,684,0.93,yes,KXFEDDECISION-25MAR-C25,0ab33d47-b00e-4cc8-b261-22859b669880,0.07
2025-02-11 15:52:13.152592+00:00,50,0.94,yes,KXFEDDECISION-25MAR-C25,283c3169-f01b-4585-a4ba-19e7b62d7c0f,0.06
2025-02-11 15:52:13.152592+00:00,25,0.94,yes,KXFEDDECISION-25MAR-C25,b2aa42cf-855b-48f9-90dc-e0aa37c4b8b8,0.06
2025-02-11 16:58:01.269568+00:00,2000,0.95,no,KXFEDDECISION-25MAR-C25,fb9a92d8-7136-43c0-bf01-4d321572edb3,0.05
2025-02-11 16:58:01.269568+00:00,100,0.95,no,KXFEDDECISION-25MAR-C25,54ff8201-79b9-47bf-8336-68bc5e7f9127,0.05
2025-02-11 16:58:01.269568+00:00,10,0.95,no,KXFEDDECISION-25MAR-C25,7dff64a8-aa1e-4b58-affd-65b9b4f930f7,0.05
2025-02-11 16:58:01.269568+00:00,48,0.95,no,KXFEDDECISION-25MAR-C25,a92da2ae-d4c7-4f5a-becd-d530d25c9190,0.05
2025-02-11 17:19:23.093651+00:00,30,0.94,yes,KXFEDDECISION-25MAR-C25,db727147-51bf-4d9e-92d9-2204b3d78b26,0.06
2025-02-11 17:19:23.093651+00:00,204,0.94,yes,KXFEDDECISION-25MAR-C25,6146ca9b-fba8-4623-86a1-611ca85054dd,0.06
2025-02-11 19:45:37.216818+00:00,1875,0.95,yes,KXFEDDECISION-25MAR-C25,61565696-a894-431c-b111-4ee42b160d9d,0.05
2025-02-12 01:53:19.782568+00:00,10,0.96,no,KXFEDDECISION-25MAR-C25,990390f7-7906-48d3-8e72-eb03973ff480,0.04
2025-02-12 01:53:19.782568+00:00,100,0.96,no,KXFEDDECISION-25MAR-C25,9a649a68-0865-4981-99da-6c943ae13879,0.04
2025-02-12 01:53:19.782568+00:00,175,0.96,no,KXFEDDECISION-25MAR-C25,9d65cd4a-a540-459a-a785-2d8453695ccb,0.04
2025-02-12 01:53:19.782568+00:00,61,0.96,no,KXFEDDECISION-25MAR-C25,8c5889ca-fca2-4760-9257-67560bb7375b,0.04
2025-02-12 03:04:31.654770+00:00,181,0.96,yes,KXFEDDECISION-25MAR-C25,5b56ff03-43d5-40a0-8bdc-9f01163fd58d,0.04
2025-02-12 03:04:31.654770+00:00,230,0.95,yes,KXFEDDECISION-25MAR-C25,c1e89f37-9f55-403a-812b-cc4a779ee764,0.05
2025-02-12 07:33:26.085694+00:00,18,0.95,yes,KXFEDDECISION-25MAR-C25,481f1e51-69fe-4873-814a-1f7a14e78d12,0.05
2025-02-12 13:31:37.959225+00:00,250,0.96,no,KXFEDDECISION-25MAR-C25,4219e591-8963-458c-b094-5f34a5ac3291,0.04
2025-02-12 13:32:44.236541+00:00,100,0.97,no,KXFEDDECISION-25MAR-C25,3154e8ba-a728-42a9-b7a3-beef646f728c,0.03
2025-02-12 13:32:44.236541+00:00,1,0.97,no,KXFEDDECISION-25MAR-C25,3baa1353-f95e-411d-b203-ea9393d7a345,0.03
2025-02-12 13:32:44.236541+00:00,100,0.97,no,KXFEDDECISION-25MAR-C25,c12689a4-cc18-4023-b516-05586c57f632,0.03
2025-02-12 14:18:52.919623+00:00,20000,0.98,no,KXFEDDECISION-25MAR-C25,d9f397ba-c070-4b53-9b7d-3202119dffdf,0.02
2025-02-12 14:18:52.919623+00:00,1000,0.98,no,KXFEDDECISION-25MAR-C25,b1fbd4f8-c020-4ccb-95a5-297d95b01d76,0.02
2025-02-12 14:18:52.919623+00:00,10,0.98,no,KXFEDDECISION-25MAR-C25,8487eec4-b592-44df-b7a0-fe414ee654fc,0.02
2025-02-12 14:18:52.919623+00:00,1000,0.98,no,KXFEDDECISION-25MAR-C25,9db570ad-80e3-4a55-84f0-6b5ccb004b08,0.02
2025-02-12 14:18:52.919623+00:00,1,0.98,no,KXFEDDECISION-25MAR-C25,46ca5244-c452-4222-b4c1-6d37fd4c883c,0.02
2025-02-12 14:19:39.187628+00:00,10,0.98,no,KXFEDDECISION-25MAR-C25,eafd0358-7dd1-4814-9976-6f7ec9c28f29,0.02
2025-02-12 14:20:18.033600+00:00,10,0.98,no,KXFEDDECISION-25MAR-C25,6c379f77-543e-44f2-9ccf-f98621895ff1,0.02
2025-02-12 14:54:19.389624+00:00,400,0.97,yes,KXFEDDECISION-25MAR-C25,c59bef98-3e24-40f7-9094-803ce8955251,0.03
2025-02-12 15:19:11.169743+00:00,1217,0.97,yes,KXFEDDECISION-25MAR-C25,88acd1e9-88be-43a9-9591-acbca300132f,0.03
2025-02-12 16:33:17.549741+00:00,312,0.97,yes,KXFEDDECISION-25MAR-C25,a9a67025-bd6a-4e66-a647-3e89e57228a9,0.03
2025-02-12 17:17:59.469828+00:00,3050,0.97,yes,KXFEDDECISION-25MAR-C25,aa74132b-4e66-436f-8128-adc2d4649e2a,0.03
2025-02-12 17:17:59.469828+00:00,71,0.97,yes,KXFEDDECISION-25MAR-C25,0aab7551-30e6-4199-aea6-d2a7080f53da,0.03
2025-02-12 17:19:18.213260+00:00,62,0.97,yes,KXFEDDECISION-25MAR-C25,35a69833-080f-4d20-974d-df0920a3739c,0.03
2025-02-12 19:12:42.963262+00:00,60,0.97,yes,KXFEDDECISION-25MAR-C25,92c545b0-a83d-4d75-9d3d-1839da981528,0.03
2025-02-12 19:34:37.458964+00:00,50,0.97,yes,KXFEDDECISION-25MAR-C25,fbaecc36-ef9e-4de7-8e15-353c6b282fdf,0.03
2025-02-12 20:03:36.659508+00:00,100,0.97,yes,KXFEDDECISION-25MAR-C25,0437cb46-eb77-40fe-9333-2bec529d46bf,0.03
2025-02-12 20:03:36.659508+00:00,17,0.97,yes,KXFEDDECISION-25MAR-C25,fbf8e3e1-2761-437f-bdbc-49bc044de29d,0.03
2025-02-12 20:03:36.659508+00:00,1778,0.97,yes,KXFEDDECISION-25MAR-C25,da84c251-2e35-4891-8b52-be5a0829c1f2,0.03
2025-02-12 20:03:36.659508+00:00,150,0.97,yes,KXFEDDECISION-25MAR-C25,aaff39d5-e4d3-4356-b7b8-68466320d522,0.03
2025-02-12 20:03:36.659508+00:00,95,0.97,yes,KXFEDDECISION-25MAR-C25,a8bac12f-59c1-4031-9424-f271e1911f15,0.03
2025-02-12 20:03:36.659508+00:00,250,0.97,yes,KXFEDDECISION-25MAR-C25,004409bc-340d-4dc4-86da-c36a25c7eafe,0.03
2025-02-12 20:03:36.659508+00:00,200,0.97,yes,KXFEDDECISION-25MAR-C25,7cfe3fe4-ea8e-4d52-b9f0-49e32b9d1041,0.03
2025-02-12 20:03:36.659508+00:00,5000,0.97,yes,KXFEDDECISION-25MAR-C25,780e86dd-0521-4d34-a2b9-a698608ab11d,0.03
2025-02-12 20:03:36.659508+00:00,1083,0.97,yes,KXFEDDECISION-25MAR-C25,5726ef5b-4e0b-4326-93a2-3dc83d08f407,0.03
2025-02-12 20:03:36.659508+00:00,500,0.97,yes,KXFEDDECISION-25MAR-C25,97ac003e-0d88-472a-bb3b-00f287e1afb5,0.03
2025-02-12 21:54:43.232940+00:00,3121,0.97,yes,KXFEDDECISION-25MAR-C25,ad37dd0c-ced5-4573-a906-a0f93ad2642e,0.03
2025-02-12 21:58:48.367873+00:00,312,0.97,yes,KXFEDDECISION-25MAR-C25,ece5f565-3a2e-4c78-8937-b2e27d015619,0.03
2025-02-13 00:17:20.677024+00:00,31,0.97,yes,KXFEDDECISION-25MAR-C25,b609db28-f383-464b-9a7d-7bd9007efa36,0.03
2025-02-13 02:38:00.306306+00:00,1030,0.97,yes,KXFEDDECISION-25MAR-C25,115e8f0b-01ef-4881-90d0-09f525182ffd,0.03
2025-02-13 13:30:37.164606+00:00,3121,0.97,yes,KXFEDDECISION-25MAR-C25,c33daef4-0c87-4ae2-94c8-0ac573146040,0.03
2025-02-13 16:48:53.209133+00:00,475,0.97,yes,KXFEDDECISION-25MAR-C25,8dfdfadd-3637-43fc-bd53-9fc67e93d39d,0.03
2025-02-13 18:10:23.866210+00:00,58,0.97,yes,KXFEDDECISION-25MAR-C25,a0872bc4-6c53-4a05-b745-3a680fa4dec0,0.03
2025-02-13 18:53:03.106398+00:00,1,0.98,no,KXFEDDECISION-25MAR-C25,68206f26-2fc8-4cc1-b988-e40f45451da3,0.02
2025-02-13 18:53:03.106398+00:00,2,0.99,no,KXFEDDECISION-25MAR-C25,87d4b7a4-935f-40e7-85d9-7e44bcffd552,0.01
2025-02-13 19:21:59.138765+00:00,500,0.98,yes,KXFEDDECISION-25MAR-C25,583f89b9-2812-40a4-9ecb-5c894f742213,0.02
2025-02-13 19:21:59.138765+00:00,365,0.98,yes,KXFEDDECISION-25MAR-C25,7ed426b0-1bf0-479c-9af8-1ec74224cb79,0.02
2025-02-13 19:21:59.138765+00:00,202,0.97,yes,KXFEDDECISION-25MAR-C25,edc4c136-f052-4ea4-98d2-15e65ca1d227,0.03
2025-02-13 19:25:28.783626+00:00,306,0.97,yes,KXFEDDECISION-25MAR-C25,ea36ae82-1316-4705-9544-cfcb1454ecb0,0.03
2025-02-13 19:42:00.010362+00:00,312,0.97,yes,KXFEDDECISION-25MAR-C25,896b5e43-a66c-4f22-8b3f-dceacdadca53,0.03
2025-02-13 20:17:05.258327+00:00,427,0.99,no,KXFEDDECISION-25MAR-C25,0447d490-24ba-4e7c-aa27-5b8f6c047550,0.01
2025-02-13 21:05:05.664017+00:00,3121,0.97,yes,KXFEDDECISION-25MAR-C25,3663f8af-3c64-4e3e-a68f-ae11a1f29f5d,0.03
2025-02-14 01:18:44.476943+00:00,107,0.99,no,KXFEDDECISION-25MAR-C25,42a847e3-6ab7-4221-8b97-01e1008b73bf,0.01
2025-02-14 13:31:29.567175+00:00,260,0.98,yes,KXFEDDECISION-25MAR-C25,a9184d10-cb5d-4d4f-8931-d5192cd2fae9,0.02
2025-02-14 16:01:23.887567+00:00,312,0.97,yes,KXFEDDECISION-25MAR-C25,a85ea2f4-f32c-47cc-92b3-80e1d4cec6c0,0.03
2025-02-14 16:03:34.376100+00:00,312,0.97,yes,KXFEDDECISION-25MAR-C25,9cf48c0d-484e-4f57-b3ed-f0bd997267ed,0.03
2025-02-14 16:48:44.249692+00:00,100,0.97,yes,KXFEDDECISION-25MAR-C25,54a4d34e-5b3b-4e7b-8a45-f7ceb5cdf9d6,0.03
2025-02-14 16:48:44.249692+00:00,210,0.97,yes,KXFEDDECISION-25MAR-C25,66504fdc-324a-4a2d-8667-d7baad2b11d4,0.03
2025-02-14 16:48:44.249692+00:00,200,0.97,yes,KXFEDDECISION-25MAR-C25,9eb55321-7884-4169-af98-4b172f7120e6,0.03
2025-02-14 16:48:44.249692+00:00,6204,0.97,yes,KXFEDDECISION-25MAR-C25,a63a927d-3d93-454d-9b2f-8cab678cefd3,0.03
2025-02-14 16:48:44.249692+00:00,4622,0.97,yes,KXFEDDECISION-25MAR-C25,b76ccfdc-fa0d-41b6-8066-c3a1bade1624,0.03
2025-02-14 16:48:44.249692+00:00,73,0.97,yes,KXFEDDECISION-25MAR-C25,c4c45eb6-44bb-4db6-82cb-88009ca9f648,0.03
2025-02-14 18:34:39.178451+00:00,182,0.97,yes,KXFEDDECISION-25MAR-C25,d94efa6e-13e1-445b-ac13-c2e98b51a15b,0.03
2025-02-14 18:34:39.178451+00:00,1378,0.97,yes,KXFEDDECISION-25MAR-C25,0f4103d7-b320-444c-ab64-6ce8a53d0e86,0.03
2025-02-14 20:17:03.674387+00:00,190,0.97,yes,KXFEDDECISION-25MAR-C25,7cc952de-ced6-4f51-8f97-004005165dae,0.03
2025-02-14 20:17:03.674387+00:00,751,0.97,yes,KXFEDDECISION-25MAR-C25,99f9efea-8ff5-4283-8663-52215a03bc79,0.03
2025-02-14 20:17:03.674387+00:00,100,0.97,yes,KXFEDDECISION-25MAR-C25,9e9a6fc9-ad4a-4937-b512-348a10036d1c,0.03
2025-02-14 20:32:30.337372+00:00,276,0.97,yes,KXFEDDECISION-25MAR-C25,337e3a7a-2dd6-4737-b72f-ab0f9547359c,0.03
2025-02-14 20:32:30.337372+00:00,766,0.97,yes,KXFEDDECISION-25MAR-C25,c247315c-1c6f-4e81-bf07-a28fa59a18b5,0.03
2025-02-14 20:34:05.252330+00:00,4985,0.97,yes,KXFEDDECISION-25MAR-C25,b4ecff55-a28e-4747-9d1c-2188be8f7e20,0.03
2025-02-14 20:34:05.252330+00:00,224,0.97,yes,KXFEDDECISION-25MAR-C25,ffc2f070-0a73-4630-a60c-d77b2a0bb48c,0.03
2025-02-14 21:33:16.458631+00:00,900,0.97,yes,KXFEDDECISION-25MAR-C25,1b79f4a9-d6d5-45c6-922d-2bab995bdb36,0.03
2025-02-14 21:33:16.458631+00:00,4015,0.97,yes,KXFEDDECISION-25MAR-C25,5701cfaf-0131-4f35-8a68-1d945220cde1,0.03
2025-02-14 21:33:16.458631+00:00,1000,0.97,yes,KXFEDDECISION-25MAR-C25,a7948aec-0f01-4d01-a19e-822b232a96e9,0.03
2025-02-14 22:23:10.173683+00:00,893,0.96,yes,KXFEDDECISION-25MAR-C25,d2d132d0-37c4-4605-bbb3-8f96b4e46976,0.04
2025-02-14 22:23:10.173683+00:00,50,0.97,yes,KXFEDDECISION-25MAR-C25,72140e36-2519-464a-864d-b9999d4de9b1,0.03
2025-02-14 22:23:10.173683+00:00,1598,0.96,yes,KXFEDDECISION-25MAR-C25,cebf6e52-345a-4375-915e-05b6fe0aaa41,0.04
2025-02-14 22:23:41.062247+00:00,50,0.97,yes,KXFEDDECISION-25MAR-C25,4190bce3-59be-46c0-bd2b-29f18c7c4d5e,0.03
2025-02-15 00:39:30.348868+00:00,47,0.98,no,KXFEDDECISION-25MAR-C25,c6affe04-c4de-41db-9287-4a0fa888a97b,0.02
2025-02-15 03:19:05.934861+00:00,312,0.97,yes,KXFEDDECISION-25MAR-C25,295c3dc6-a32d-4742-a231-e143a820bf3a,0.03
2025-02-16 18:24:29.124512+00:00,62,0.97,yes,KXFEDDECISION-25MAR-C25,fde59d8f-05b9-4f6b-9dd3-dade0c8bd54b,0.03
2025-02-16 18:24:29.124512+00:00,300,0.97,yes,KXFEDDECISION-25MAR-C25,2e291a64-2b16-419f-b284-b50f426a67d6,0.03
2025-02-16 18:24:29.124512+00:00,138,0.97,yes,KXFEDDECISION-25MAR-C25,3b87a156-eca7-4aac-991b-da64eb096d14,0.03
2025-02-16 18:25:29.613411+00:00,85,0.96,yes,KXFEDDECISION-25MAR-C25,7f06bb48-e929-40af-9fb5-60e3c90dbf05,0.04
2025-02-16 22:14:53.573836+00:00,117,0.96,yes,KXFEDDECISION-25MAR-C25,afb98f55-341b-47cb-92d5-b4ed0433923e,0.04
2025-02-17 02:54:54.916126+00:00,234,0.96,yes,KXFEDDECISION-25MAR-C25,1408c19b-ddd9-47b6-9baf-6ba1ba3940c8,0.04
2025-02-17 03:27:53.232791+00:00,6,0.96,yes,KXFEDDECISION-25MAR-C25,d817009f-8146-4ea3-a042-2c1c58483354,0.04
2025-02-17 03:53:49.132105+00:00,200,0.96,yes,KXFEDDECISION-25MAR-C25,b4759daa-65f9-42cd-9690-84cecedc3370,0.04
2025-02-17 04:34:38.481440+00:00,46,0.96,yes,KXFEDDECISION-25MAR-C25,797f3aa6-5bb9-49d3-9ad6-39c6a29279f2,0.04
2025-02-17 18:10:51.891313+00:00,234,0.96,yes,KXFEDDECISION-25MAR-C25,27e0b1e2-a042-4d54-a5b6-8029ab3e885b,0.04
2025-02-18 00:23:33.002381+00:00,117,0.96,yes,KXFEDDECISION-25MAR-C25,2eb489f9-9bde-49f6-bb72-62c38f3c1446,0.04
2025-02-18 14:25:25.147058+00:00,31,0.98,no,KXFEDDECISION-25MAR-C25,d352e32f-49ae-4f7d-ba68-e9cd5833141c,0.02
2025-02-18 22:19:43.795899+00:00,23,0.98,no,KXFEDDECISION-25MAR-C25,9af000a3-472a-4ca1-97c6-5b8239f5a1c2,0.02
2025-02-19 19:24:33.039535+00:00,25,0.98,no,KXFEDDECISION-25MAR-C25,58bac872-ec08-4fb5-a981-296b6b87b1ab,0.02
2025-02-19 21:40:06.875847+00:00,477,0.97,yes,KXFEDDECISION-25MAR-C25,d8b6d15d-9409-49be-be39-36563c8c2ad1,0.03
2025-02-19 21:45:44.386607+00:00,2038,0.97,yes,KXFEDDECISION-25MAR-C25,5509b1a3-d05c-4057-8d78-6f0ba5f0b756,0.03
2025-02-19 21:45:44.386607+00:00,133,0.97,yes,KXFEDDECISION-25MAR-C25,cb0166f1-5401-4f19-957a-77f426bd6ecb,0.03
2025-02-19 22:15:21.532564+00:00,312,0.97,yes,KXFEDDECISION-25MAR-C25,86526eee-4b25-4b16-a4e6-24ca79baea1c,0.03
2025-02-20 04:50:45.105532+00:00,29,0.98,no,KXFEDDECISION-25MAR-C25,43e0afbf-db61-49db-8db6-586ae25323c9,0.02
2025-02-20 05:12:09.841802+00:00,62,0.97,yes,KXFEDDECISION-25MAR-C25,93152f5a-cc0f-42aa-913c-1c96bdc697d2,0.03
2025-02-20 06:55:14.595756+00:00,780,0.97,yes,KXFEDDECISION-25MAR-C25,e24abdf6-2055-48c8-b590-f78c86f82f82,0.03
2025-02-20 13:04:11.195683+00:00,168,0.97,yes,KXFEDDECISION-25MAR-C25,f7dd76c4-0de5-4730-8339-17d4ef0049e1,0.03
2025-02-20 14:42:51.818394+00:00,25,0.97,yes,KXFEDDECISION-25MAR-C25,eca7f6ca-c8a6-4e5d-8d60-841e88bfdb0c,0.03
2025-02-20 14:42:51.818394+00:00,640,0.97,yes,KXFEDDECISION-25MAR-C25,3e5f5f45-dd97-42a8-b36a-62770fca5664,0.03
2025-02-20 14:42:51.818394+00:00,5000,0.97,yes,KXFEDDECISION-25MAR-C25,e5b10f53-3436-4638-9386-1eb66ce9efc8,0.03
2025-02-20 15:03:20.553652+00:00,321,0.97,no,KXFEDDECISION-25MAR-C25,95bd1705-16aa-4022-ab28-c7450bca8443,0.03
2025-02-20 15:03:20.553652+00:00,1111,0.97,no,KXFEDDECISION-25MAR-C25,180a6f26-0c9e-4c7f-9df9-ae36d14f9c3b,0.03
2025-02-20 15:06:32.233478+00:00,711,0.97,no,KXFEDDECISION-25MAR-C25,122f8de0-c037-4a2f-bcf7-e6626c8d67e1,0.03
2025-02-20 15:06:57.215396+00:00,10037,0.97,yes,KXFEDDECISION-25MAR-C25,28de053e-3fdc-4966-be99-0f4bc5a2b8b0,0.03
2025-02-20 19:43:19.107309+00:00,50,0.97,yes,KXFEDDECISION-25MAR-C25,99f48851-bac1-47d9-ad13-9841c9b43255,0.03
2025-02-20 20:16:21.945154+00:00,25,0.97,yes,KXFEDDECISION-25MAR-C25,87e7cd5c-c9a4-4d7f-b82d-8b7020bec5b6,0.03
2025-02-20 22:55:06.634867+00:00,100,0.97,no,KXFEDDECISION-25MAR-C25,9e3bb68c-aa62-47af-a480-ccfc7cab4ea0,0.03
2025-02-21 05:16:05.063707+00:00,26,0.97,no,KXFEDDECISION-25MAR-C25,469ede89-1714-4634-8f2d-aa2ead5ecdfd,0.03
2025-02-21 14:30:58.562283+00:00,69,0.97,no,KXFEDDECISION-25MAR-C25,966c71f7-e551-4353-a70f-5110627d151e,0.03
2025-02-21 16:52:59.428528+00:00,100,0.96,yes,KXFEDDECISION-25MAR-C25,c9501451-1d6e-4236-8784-7dde7c1a6970,0.04
2025-02-21 16:59:35.692991+00:00,5,0.96,yes,KXFEDDECISION-25MAR-C25,45d078e7-7b8a-4fcd-92e9-5008bcb9ee20,0.04
2025-02-21 19:21:11.276382+00:00,500,0.96,yes,KXFEDDECISION-25MAR-C25,a5571882-d827-45d8-8f97-b0c7b7babea4,0.04
2025-02-21 19:21:11.276382+00:00,2258,0.96,yes,KXFEDDECISION-25MAR-C25,80326daf-0651-4c45-981b-6b2e6b3c0a2e,0.04
2025-02-21 19:21:11.276382+00:00,2451,0.96,yes,KXFEDDECISION-25MAR-C25,91de2326-707d-45d6-b57d-48300f16179c,0.04
2025-02-21 19:24:35.238420+00:00,104,0.96,yes,KXFEDDECISION-25MAR-C25,081c53a9-f2ab-4b34-be1b-9ce7a39d8922,0.04
2025-02-21 19:24:35.238420+00:00,938,0.96,yes,KXFEDDECISION-25MAR-C25,0fa90156-ab09-4415-98d6-4223d861826a,0.04
2025-02-21 19:28:59.010665+00:00,313,0.96,yes,KXFEDDECISION-25MAR-C25,d835c1f0-2cfc-40ff-8bf7-0194e05d9d14,0.04
2025-02-21 19:28:59.010665+00:00,9062,0.96,yes,KXFEDDECISION-25MAR-C25,e36fe2f7-1849-4038-bd8e-1ec8b89e8702,0.04
2025-02-21 19:28:59.158852+00:00,25,0.96,yes,KXFEDDECISION-25MAR-C25,2df6a265-3811-477f-ab3a-a65cdd1a6c31,0.04
2025-02-21 19:28:59.158852+00:00,1687,0.96,yes,KXFEDDECISION-25MAR-C25,3c70eaf8-6ee5-4961-aca8-4fa0b8a27a71,0.04
2025-02-21 20:21:07.551299+00:00,93,0.95,yes,KXFEDDECISION-25MAR-C25,638523e7-29a3-4bc4-82f0-a67ea7ce202e,0.05
2025-02-21 22:40:38.730898+00:00,150,0.95,yes,KXFEDDECISION-25MAR-C25,6ea29213-7d8c-4a01-aa1f-f02bbe542af7,0.05
2025-02-21 23:29:21.693153+00:00,50,0.95,yes,KXFEDDECISION-25MAR-C25,cc5c6452-a530-4100-ba41-288dfd3d54f9,0.05
2025-02-22 04:00:13.213805+00:00,10,0.97,no,KXFEDDECISION-25MAR-C25,7d406151-81b8-4ed2-9877-ff8c80be5e75,0.03
2025-02-22 13:55:46.834381+00:00,100,0.96,yes,KXFEDDECISION-25MAR-C25,510bdbb3-83b6-40c7-a016-e1f0e3d8c5d2,0.04
2025-02-22 13:55:46.834381+00:00,294,0.95,yes,KXFEDDECISION-25MAR-C25,147b17a1-476a-432f-9d7f-e9f742b53355,0.05
2025-02-22 19:16:25.382339+00:00,56,0.95,yes,KXFEDDECISION-25MAR-C25,a1375eb9-4cc9-4b5a-8377-157e388a2d60,0.05
2025-02-23 01:50:28.012789+00:00,50,0.95,yes,KXFEDDECISION-25MAR-C25,fbc1d3ba-a2c0-49e2-a171-1b960590d388,0.05
2025-02-23 02:44:38.021562+00:00,45,0.95,yes,KXFEDDECISION-25MAR-C25,0286fcc4-82a9-45dc-a5f7-97dee704c08f,0.05
2025-02-23 03:49:06.520794+00:00,44,0.95,yes,KXFEDDECISION-25MAR-C25,d770fff3-de8a-4820-ab23-6b3055a66ca7,0.05
2025-02-23 03:49:06.520794+00:00,62,0.95,yes,KXFEDDECISION-25MAR-C25,24e80e95-dfa2-44db-8a64-fd9a9ad0c760,0.05
2025-02-23 04:32:31.996033+00:00,30,0.95,yes,KXFEDDECISION-25MAR-C25,3d7fbc1b-c2d9-4871-99bf-fc83f4af7d3e,0.05
2025-02-23 05:19:25.173205+00:00,112,0.95,yes,KXFEDDECISION-25MAR-C25,f07ce6f4-ed41-41de-9c03-879da652b356,0.05
2025-02-23 14:35:58.428969+00:00,25,0.95,yes,KXFEDDECISION-25MAR-C25,fefe5fd8-4508-49ec-999e-1acd16e36f3a,0.05
2025-02-23 20:56:12.534424+00:00,75,0.95,yes,KXFEDDECISION-25MAR-C25,05b42186-b37d-4f81-9dc5-a2eb886a2841,0.05
2025-02-24 03:09:22.539787+00:00,30,0.97,no,KXFEDDECISION-25MAR-C25,80a4bd1e-6098-4e4c-aac0-4569baefcae7,0.03
2025-02-24 03:29:00.168773+00:00,30,0.97,no,KXFEDDECISION-25MAR-C25,830f01e7-bd25-46bb-aed4-647bf3786e2d,0.03
2025-02-24 13:23:59.689509+00:00,25,0.96,yes,KXFEDDECISION-25MAR-C25,f710bb4e-9f71-44ab-87f4-ff0e48005f85,0.04
2025-02-24 14:38:51.390417+00:00,25,0.96,yes,KXFEDDECISION-25MAR-C25,89b0c2b7-9939-4f8b-8d21-bacebe16ec8c,0.04
2025-02-24 14:52:26.660396+00:00,2342,0.96,yes,KXFEDDECISION-25MAR-C25,bfcd4aa5-e4ff-400f-9c07-e7f585174d68,0.04
2025-02-24 15:07:22.425217+00:00,1000,0.96,yes,KXFEDDECISION-25MAR-C25,6a7f646d-319f-40dc-8fe1-bfe75ddb873c,0.04
2025-02-24 15:41:58.241465+00:00,1041,0.96,yes,KXFEDDECISION-25MAR-C25,7540c543-32d9-479b-a4ba-831aa5040872,0.04
2025-02-24 15:43:23.720174+00:00,304,0.95,yes,KXFEDDECISION-25MAR-C25,5313874f-2b3c-4537-91d6-7891cfebb16a,0.05
2025-02-24 15:43:23.720174+00:00,1214,0.95,yes,KXFEDDECISION-25MAR-C25,69757c49-fe05-4142-9376-4d3b85669fb0,0.05
2025-02-24 15:43:23.720174+00:00,567,0.96,yes,KXFEDDECISION-25MAR-C25,f627da7b-c68f-442e-9eb7-980c112df632,0.04
2025-02-24 16:09:35.438007+00:00,50,0.95,yes,KXFEDDECISION-25MAR-C25,64386b37-10de-4dce-8e2c-698daa08c2af,0.05
2025-02-24 17:58:08.633562+00:00,50,0.96,yes,KXFEDDECISION-25MAR-C25,145e39aa-9fed-4e4f-8625-d6c1c04d3d1e,0.04
2025-02-24 17:58:08.633562+00:00,991,0.95,yes,KXFEDDECISION-25MAR-C25,67a7eee3-448f-4ad2-9077-e2344b896e8a,0.05
2025-02-24 19:25:19.502450+00:00,25,0.95,yes,KXFEDDECISION-25MAR-C25,0683c9e7-1695-491c-9aba-e07335d58dd7,0.05
2025-02-24 22:14:14.175464+00:00,50,0.96,yes,KXFEDDECISION-25MAR-C25,13a339b8-d724-436e-a734-76e14ac65d9b,0.04
2025-02-24 22:14:14.175464+00:00,61,0.95,yes,KXFEDDECISION-25MAR-C25,e8970730-406a-4fd1-a601-be0f9d4b5edd,0.05
2025-02-24 22:56:33.801291+00:00,10,0.95,yes,KXFEDDECISION-25MAR-C25,08d62355-8da7-40ff-8f67-7fb414078889,0.05
2025-02-25 02:18:15.989331+00:00,25,0.95,yes,KXFEDDECISION-25MAR-C25,5b801feb-dcdc-4c9b-b99d-1e8ceb3e9ad5,0.05
2025-02-25 03:11:24.745830+00:00,100,0.95,yes,KXFEDDECISION-25MAR-C25,0974cecf-68e9-4023-b751-80e64f6de17a,0.05
2025-02-25 03:22:03.275026+00:00,468,0.95,yes,KXFEDDECISION-25MAR-C25,d7fa4419-9ac1-4d43-80c5-748f80a00b86,0.05
2025-02-25 13:01:49.558053+00:00,50,0.95,yes,KXFEDDECISION-25MAR-C25,28702013-e4b5-46cc-ae09-08ea4a08e2b1,0.05
2025-02-25 13:22:49.318683+00:00,50,0.95,yes,KXFEDDECISION-25MAR-C25,0048b8c7-8730-4bfe-b250-e9ed4f83d862,0.05
2025-02-25 15:11:06.404439+00:00,5335,0.95,yes,KXFEDDECISION-25MAR-C25,1b23b554-1293-444e-be70-d3e344c2700d,0.05
2025-02-25 15:15:51.341208+00:00,2084,0.95,yes,KXFEDDECISION-25MAR-C25,2f17c567-d816-4388-b4f1-1cf61274fb39,0.05
2025-02-25 15:34:36.463743+00:00,250,0.95,yes,KXFEDDECISION-25MAR-C25,5d7ebb75-7675-45e0-be60-e87ffc75c606,0.05
2025-02-25 15:35:52.098283+00:00,165,0.96,no,KXFEDDECISION-25MAR-C25,c349d3ee-7c3b-45fe-99b8-f8a2fd355411,0.04
2025-02-25 15:38:44.100019+00:00,85,0.97,no,KXFEDDECISION-25MAR-C25,313dccea-9fa5-4dcc-900e-c350fb544fb4,0.03
2025-02-25 16:17:26.749881+00:00,5000,0.95,yes,KXFEDDECISION-25MAR-C25,921a2a58-e68d-4d8f-b538-d62c487b3aca,0.05
2025-02-25 16:17:26.749881+00:00,197,0.95,yes,KXFEDDECISION-25MAR-C25,29ecbb69-09d4-4871-a2e9-1792688b6a13,0.05
2025-02-25 16:17:26.749881+00:00,20,0.95,yes,KXFEDDECISION-25MAR-C25,3f64c487-7307-46f3-b642-7cd6d475162b,0.05
2025-02-25 16:17:26.749881+00:00,1,0.95,yes,KXFEDDECISION-25MAR-C25,4986bb11-d92c-4b9b-9ab7-e8601700ca9a,0.05
2025-02-25 18:28:35.881655+00:00,385,0.95,no,KXFEDDECISION-25MAR-C25,e3aaf215-fb03-4c61-9255-62f336bb98b4,0.05
2025-02-25 18:39:01.755182+00:00,115,0.95,no,KXFEDDECISION-25MAR-C25,2c57674c-88ed-4470-b1e0-881045ec5d67,0.05
2025-02-25 19:05:47.700539+00:00,50,0.95,yes,KXFEDDECISION-25MAR-C25,515fad79-e249-4149-bd96-9de1d77c9dee,0.05
2025-02-25 19:07:57.609396+00:00,25,0.95,yes,KXFEDDECISION-25MAR-C25,cc6c9215-6340-4757-b06c-963aff057e0f,0.05
2025-02-25 20:04:03.031237+00:00,25,0.95,yes,KXFEDDECISION-25MAR-C25,5b871eb0-fdba-49e5-8b54-2d19ccedb7c1,0.05
2025-02-26 03:38:01.952328+00:00,125,0.96,no,KXFEDDECISION-25MAR-C25,e70f921d-6c8b-41e4-b8a6-90db919b62ad,0.04
2025-02-26 05:52:04.356130+00:00,275,0.96,no,KXFEDDECISION-25MAR-C25,acab3c4f-88e9-4576-a29c-2c3d0019a05f,0.04
2025-02-26 13:00:22.698318+00:00,50,0.95,yes,KXFEDDECISION-25MAR-C25,6eb31ad9-fd73-4a96-a0ef-9ee245fb5990,0.05
2025-02-26 13:27:57.384431+00:00,3517,0.95,yes,KXFEDDECISION-25MAR-C25,71e28290-2d69-4092-b941-6720a1f9bef4,0.05
2025-02-26 13:27:57.384431+00:00,1950,0.95,yes,KXFEDDECISION-25MAR-C25,4219ec80-f391-46c1-84f4-2b5eece15161,0.05
2025-02-26 16:01:01.612538+00:00,100,0.95,yes,KXFEDDECISION-25MAR-C25,3320a650-73b5-40e9-b2ca-ec7685c2d447,0.05
2025-02-26 16:03:00.956750+00:00,25,0.95,yes,KXFEDDECISION-25MAR-C25,4e59de89-16b3-42bb-906c-d9f6512714fe,0.05
2025-02-26 17:32:12.848341+00:00,474,0.95,yes,KXFEDDECISION-25MAR-C25,23024cf7-919d-4cf2-85dc-c71d36181102,0.05
2025-02-26 17:32:12.848341+00:00,386,0.94,yes,KXFEDDECISION-25MAR-C25,483de065-618f-4e1c-beb2-36c0d624379f,0.06
2025-02-26 17:46:01.232579+00:00,975,0.96,no,KXFEDDECISION-25MAR-C25,5c7e8c11-1483-4358-8be7-c0969142d725,0.04
2025-02-26 17:46:01.232579+00:00,275,0.96,no,KXFEDDECISION-25MAR-C25,6db9ba6d-6031-4ad7-add9-a888ba93469e,0.04
2025-02-26 21:22:35.207787+00:00,10,0.95,yes,KXFEDDECISION-25MAR-C25,67c312fc-6198-466c-b453-db19d96349fb,0.05
2025-02-26 21:22:35.207787+00:00,15,0.95,yes,KXFEDDECISION-25MAR-C25,b3fd3113-a50a-4a96-9bf6-9bb33cf37eba,0.05
2025-02-27 03:00:06.318620+00:00,1300,0.96,no,KXFEDDECISION-25MAR-C25,72a0787f-634d-46c6-a2aa-0b611ed60920,0.04
2025-02-27 13:18:44.160768+00:00,25,0.94,yes,KXFEDDECISION-25MAR-C25,9e1e07a1-81c2-46e9-b72e-39e2942afe3f,0.06
2025-02-27 13:29:55.394572+00:00,700,0.96,no,KXFEDDECISION-25MAR-C25,210c475b-dd2c-4085-b734-160b28179a51,0.04
2025-02-27 13:29:55.394572+00:00,341,0.96,no,KXFEDDECISION-25MAR-C25,d69dfe9e-8b0b-455e-bfe6-90bab144af99,0.04
2025-02-27 13:41:12.343645+00:00,1,0.95,yes,KXFEDDECISION-25MAR-C25,8426faad-164b-4c79-83b2-a3d996c6f8bc,0.05
2025-02-27 13:41:12.343645+00:00,24,0.94,yes,KXFEDDECISION-25MAR-C25,cb5722e7-c022-4237-945e-012e3e2fddd2,0.06
2025-02-27 14:15:19.409829+00:00,404,0.96,no,KXFEDDECISION-25MAR-C25,74954840-badb-420a-afbf-7de50a9f0f1a,0.04
2025-02-27 14:53:25.049051+00:00,2084,0.96,no,KXFEDDECISION-25MAR-C25,ad6e256c-7be7-4b84-9fa7-5a39b1167959,0.04
2025-02-27 15:02:59.795398+00:00,25,0.95,yes,KXFEDDECISION-25MAR-C25,85876d2c-d4f3-42d7-94df-3688a083f607,0.05
2025-02-27 15:11:28.675210+00:00,25,0.95,yes,KXFEDDECISION-25MAR-C25,c9b0b742-e51d-4b05-9708-2d87ccbc9b6b,0.05
2025-02-27 15:13:52.076669+00:00,50,0.95,yes,KXFEDDECISION-25MAR-C25,65877cdd-247f-4fcc-b7c5-301d87b01a83,0.05
2025-02-27 15:23:28.417687+00:00,25,0.95,yes,KXFEDDECISION-25MAR-C25,c41b2253-e67f-48c6-b5ba-ae91134859a6,0.05
2025-02-27 15:38:42.617083+00:00,25,0.96,no,KXFEDDECISION-25MAR-C25,2cc861ea-5e19-42e9-8c5d-28c1df58d7b2,0.04
2025-02-27 16:30:40.106969+00:00,462,0.96,no,KXFEDDECISION-25MAR-C25,c2cc0b0b-ad02-480f-9be2-43e7f2a5c038,0.04
2025-02-27 17:28:23.447425+00:00,2823,0.96,no,KXFEDDECISION-25MAR-C25,fcaf3048-66eb-4c2c-866c-fd266c17c0c2,0.04
2025-02-27 18:22:02.097355+00:00,312,0.96,no,KXFEDDECISION-25MAR-C25,472fa683-6abd-47e3-a491-779294c6f4e4,0.04
2025-02-27 18:39:43.538612+00:00,4032,0.96,no,KXFEDDECISION-25MAR-C25,04490264-b403-445e-aad4-61ae51ba836a,0.04
2025-02-27 20:15:04.415084+00:00,18,0.95,yes,KXFEDDECISION-25MAR-C25,ed0d6cf9-fe51-4900-b3af-9da2b88cb58b,0.05
2025-02-27 20:21:41.935169+00:00,2007,0.97,no,KXFEDDECISION-25MAR-C25,0d80a16d-1125-40e4-80e7-4e227382bf83,0.03
2025-02-27 20:21:41.935169+00:00,9,0.97,no,KXFEDDECISION-25MAR-C25,33521880-fd7b-4fe1-9a00-c090a84a5610,0.03
2025-02-27 20:26:51.473453+00:00,6856,0.97,no,KXFEDDECISION-25MAR-C25,8e486103-40cb-463e-9214-1f5e21a378e7,0.03
2025-02-28 03:40:08.039733+00:00,4982,0.95,yes,KXFEDDECISION-25MAR-C25,0d93ca88-01eb-42b7-8f8d-8838297982e3,0.05
2025-02-28 03:40:08.039733+00:00,5000,0.95,yes,KXFEDDECISION-25MAR-C25,49cbc292-56f4-4e82-9e1a-513b53842d8f,0.05
2025-02-28 03:40:08.039733+00:00,2000,0.96,yes,KXFEDDECISION-25MAR-C25,4d9d4aad-1f71-462f-b38f-853e81ece660,0.04
2025-02-28 03:40:08.039733+00:00,3000,0.95,yes,KXFEDDECISION-25MAR-C25,7c8b47a4-b835-4059-b114-6ea0fce7b115,0.05
2025-02-28 14:06:21.373197+00:00,250,0.96,no,KXFEDDECISION-25MAR-C25,a9b4c6a9-bd13-4f3f-8772-1a11f60632bf,0.04
2025-02-28 14:06:21.373197+00:00,150,0.97,no,KXFEDDECISION-25MAR-C25,a0c42fa9-758d-4e62-907d-501894000048,0.03
2025-02-28 14:06:21.373197+00:00,100,0.96,no,KXFEDDECISION-25MAR-C25,342fa3fc-5275-49f5-83f3-7e88168456cb,0.04
2025-02-28 16:47:42.828406+00:00,167,0.97,no,KXFEDDECISION-25MAR-C25,5cc1c049-8434-4c42-9776-2428d6addad5,0.03
2025-02-28 16:51:17.901935+00:00,46,0.94,yes,KXFEDDECISION-25MAR-C25,077f4e57-b946-4cdd-bf29-7d3f30c57222,0.06
2025-02-28 17:15:31.277990+00:00,1000,0.95,no,KXFEDDECISION-25MAR-C25,63119468-5bc9-4fef-92bf-bafbe1f3533e,0.05
2025-02-28 17:40:09.868896+00:00,263,0.96,no,KXFEDDECISION-25MAR-C25,194fd0a3-c89c-4424-883f-3f247b1a2b72,0.04
2025-02-28 18:53:04.019737+00:00,250,0.96,yes,KXFEDDECISION-25MAR-C25,ff6d3cbe-ad3d-4276-9c55-2c3aabb0b8cf,0.04
2025-02-28 19:32:29.787668+00:00,5,0.96,no,KXFEDDECISION-25MAR-C25,34af33be-9e72-4da8-8351-753672347d90,0.04
2025-02-28 19:49:29.062892+00:00,250,0.94,yes,KXFEDDECISION-25MAR-C25,52298954-bb40-49f9-832f-3e998482d2f4,0.06
2025-02-28 19:49:29.062892+00:00,500,0.94,yes,KXFEDDECISION-25MAR-C25,54949cf7-917c-48d0-8c6e-8403459c785b,0.06
2025-02-28 20:06:43.861123+00:00,250,0.94,yes,KXFEDDECISION-25MAR-C25,120e02cb-b434-4fee-86e4-279e5da47bd5,0.06
2025-02-28 20:06:43.861123+00:00,1450,0.94,yes,KXFEDDECISION-25MAR-C25,2f324616-77c2-4782-9f46-f9ed65bec87f,0.06
2025-02-28 20:21:58.694992+00:00,781,0.94,yes,KXFEDDECISION-25MAR-C25,8bcd4ee2-35db-4816-ab5f-1f2b6073ee5b,0.06
2025-02-28 20:47:53.933946+00:00,3169,0.94,yes,KXFEDDECISION-25MAR-C25,b616775b-35de-4e1e-a4aa-51cab8cdb627,0.06
2025-02-28 20:47:53.933946+00:00,1,0.94,yes,KXFEDDECISION-25MAR-C25,bc94271b-06dc-4c3a-a7fe-9561c910158d,0.06
2025-02-28 21:11:30.893582+00:00,6,0.93,yes,KXFEDDECISION-25MAR-C25,3d6fe02a-68da-4c71-857d-75e6cc9987d4,0.07
2025-02-28 21:58:56.046918+00:00,125,0.94,yes,KXFEDDECISION-25MAR-C25,86556b80-a3cc-4593-b4f8-6e21399ff0d1,0.06
2025-02-28 21:58:56.046918+00:00,93,0.93,yes,KXFEDDECISION-25MAR-C25,da4d64a2-27f1-4862-b5df-70fb2eb450b0,0.07
2025-03-01 02:01:56.223457+00:00,13,0.96,no,KXFEDDECISION-25MAR-C25,ead01e4a-a340-4f71-99a4-ede62dc1d6f8,0.04
2025-03-01 02:01:56.223457+00:00,13,0.96,no,KXFEDDECISION-25MAR-C25,e2781629-4d05-4bb2-9130-cc6f60c3f7c0,0.04
2025-03-01 02:01:56.223457+00:00,19,0.96,no,KXFEDDECISION-25MAR-C25,b12659fc-beaf-4f7d-9fb1-57cec43e4bc2,0.04
2025-03-01 02:01:56.223457+00:00,13,0.96,no,KXFEDDECISION-25MAR-C25,dadffe65-dad3-42e0-a09f-5b8c4ce83231,0.04
2025-03-01 02:01:56.223457+00:00,19,0.96,no,KXFEDDECISION-25MAR-C25,daba3d77-4c65-4207-9eac-e1d380f91c8a,0.04
2025-03-01 02:01:56.223457+00:00,13,0.96,no,KXFEDDECISION-25MAR-C25,cf97ebe7-a63d-4013-b974-7b5461ec6905,0.04
2025-03-01 02:01:56.223457+00:00,13,0.96,no,KXFEDDECISION-25MAR-C25,ca9b3895-1b83-4f1e-8e1f-a6b5649f6439,0.04
2025-03-01 02:01:56.223457+00:00,19,0.96,no,KXFEDDECISION-25MAR-C25,c08e18be-ac65-4887-a684-d323d71b749f,0.04
2025-03-01 02:01:56.223457+00:00,19,0.96,no,KXFEDDECISION-25MAR-C25,bcc8ccdb-806e-40f2-b08b-a72af2b72000,0.04
2025-03-01 02:01:56.223457+00:00,19,0.96,no,KXFEDDECISION-25MAR-C25,b96c061b-5087-4c91-9b99-12b45c8a295c,0.04
2025-03-01 02:01:56.223457+00:00,13,0.96,no,KXFEDDECISION-25MAR-C25,b7c29cdf-fab8-4352-8732-f057113f4aad,0.04
2025-03-01 02:01:56.223457+00:00,13,0.96,no,KXFEDDECISION-25MAR-C25,acfda2ac-ce54-4cc9-9546-e66fb1c70a49,0.04
2025-03-01 02:01:56.223457+00:00,19,0.96,no,KXFEDDECISION-25MAR-C25,1fd2ad71-069c-4618-b57e-8acdc6fb4efa,0.04
2025-03-01 02:01:56.223457+00:00,13,0.96,no,KXFEDDECISION-25MAR-C25,76aae11d-6c7f-4414-963b-37977051fd4f,0.04
2025-03-01 02:01:56.223457+00:00,19,0.96,no,KXFEDDECISION-25MAR-C25,a2452c7e-a945-4e68-90d5-7b1fa301d4e5,0.04
2025-03-01 02:01:56.223457+00:00,13,0.96,no,KXFEDDECISION-25MAR-C25,037c6646-c8a5-4f4a-89f6-c17274b7a0f1,0.04
2025-03-01 02:01:56.223457+00:00,19,0.96,no,KXFEDDECISION-25MAR-C25,1fe2f7d7-3cf9-4ca5-b573-09ce593b4e62,0.04
2025-03-01 02:01:56.223457+00:00,100,0.97,no,KXFEDDECISION-25MAR-C25,2b7a8223-d808-4d5a-9059-9632faa494a5,0.03
2025-03-01 02:01:56.223457+00:00,19,0.96,no,KXFEDDECISION-25MAR-C25,349890f5-8397-421c-b0e3-a86af20806af,0.04
2025-03-01 02:01:56.223457+00:00,19,0.96,no,KXFEDDECISION-25MAR-C25,15e0a26f-b2bc-4751-90c4-a991f8fd95d7,0.04
2025-03-01 02:01:56.223457+00:00,19,0.96,no,KXFEDDECISION-25MAR-C25,44228e17-6e12-4bc0-b71f-7e12a3405a97,0.04
2025-03-01 02:01:56.223457+00:00,19,0.96,no,KXFEDDECISION-25MAR-C25,6be449b4-25d2-49fb-ae20-643b1154d5cd,0.04
2025-03-01 02:01:56.223457+00:00,13,0.96,no,KXFEDDECISION-25MAR-C25,50589520-2311-469c-b6ef-756c2a64a4a4,0.04
2025-03-01 02:01:56.223457+00:00,13,0.96,no,KXFEDDECISION-25MAR-C25,353ca64c-e523-403c-9f30-8d26fcb2aec9,0.04
2025-03-01 02:01:56.223457+00:00,13,0.96,no,KXFEDDECISION-25MAR-C25,4e0facb1-721f-4195-aff8-e8732674a499,0.04
2025-03-01 03:28:25.544119+00:00,13,0.94,yes,KXFEDDECISION-25MAR-C25,e8a17997-9ea5-40c1-a315-e166755cae09,0.06
2025-03-01 03:28:25.544119+00:00,13,0.94,yes,KXFEDDECISION-25MAR-C25,e4416db7-af55-4bc3-bdb9-73322804e820,0.06
2025-03-01 03:28:25.544119+00:00,19,0.94,yes,KXFEDDECISION-25MAR-C25,d90cce7b-46ab-4555-95eb-44d32afae0a9,0.06
2025-03-01 03:28:25.544119+00:00,19,0.94,yes,KXFEDDECISION-25MAR-C25,d7eb5021-51ca-458e-a93b-c299288251b6,0.06
2025-03-01 03:28:25.544119+00:00,19,0.94,yes,KXFEDDECISION-25MAR-C25,7cd11580-8b4d-4e3c-b62a-0eea7bf044aa,0.06
2025-03-01 03:28:25.544119+00:00,13,0.94,yes,KXFEDDECISION-25MAR-C25,b66984c3-1348-49e0-9e89-d8371f558fa5,0.06
2025-03-01 03:28:25.544119+00:00,13,0.94,yes,KXFEDDECISION-25MAR-C25,b3742c12-35cc-427a-b73d-50249483adbd,0.06
2025-03-01 03:28:25.544119+00:00,13,0.94,yes,KXFEDDECISION-25MAR-C25,9523923e-f8ce-4552-9fe3-8a7aa72d9e4b,0.06
2025-03-01 03:28:25.544119+00:00,19,0.94,yes,KXFEDDECISION-25MAR-C25,8fd7a767-dac3-4787-994b-408b0e1220a8,0.06
2025-03-01 03:28:25.544119+00:00,19,0.94,yes,KXFEDDECISION-25MAR-C25,8f061aee-1b51-48bc-8437-b50a705bc962,0.06
2025-03-01 03:28:25.544119+00:00,19,0.94,yes,KXFEDDECISION-25MAR-C25,fa9923a0-da72-468b-89f9-b335f4dc3063,0.06
2025-03-01 03:28:25.544119+00:00,19,0.94,yes,KXFEDDECISION-25MAR-C25,c3f36e4f-f40e-4abf-be2f-6f173fe3d687,0.06
2025-03-01 03:28:25.544119+00:00,13,0.94,yes,KXFEDDECISION-25MAR-C25,5c48c7c0-b166-4081-b275-e894e2abc86e,0.06
2025-03-01 03:28:25.544119+00:00,19,0.94,yes,KXFEDDECISION-25MAR-C25,45a82927-03e5-4df2-9a7f-a0e6ac414b50,0.06
2025-03-01 03:28:25.544119+00:00,13,0.94,yes,KXFEDDECISION-25MAR-C25,3a66dfc3-01d1-44e6-82b9-d0e5f5c1fc0d,0.06
2025-03-01 03:28:25.544119+00:00,3,0.93,yes,KXFEDDECISION-25MAR-C25,2cb18506-2f86-4221-aa6e-9dbdef7eb61a,0.07
2025-03-01 03:28:25.544119+00:00,13,0.94,yes,KXFEDDECISION-25MAR-C25,287c8919-d0c3-417c-9ac6-c910fa6d137c,0.06
2025-03-01 03:28:25.544119+00:00,19,0.94,yes,KXFEDDECISION-25MAR-C25,194e1262-b21b-41e5-9ffa-b8c7150e9859,0.06
2025-03-01 03:28:25.544119+00:00,13,0.94,yes,KXFEDDECISION-25MAR-C25,0fe38f72-9b8d-4331-b2f2-69e372aee877,0.06
2025-03-01 03:28:25.544119+00:00,19,0.94,yes,KXFEDDECISION-25MAR-C25,0edc4e16-40dc-4f19-b588-ee5bc9d73cd1,0.06
2025-03-01 03:28:25.544119+00:00,13,0.94,yes,KXFEDDECISION-25MAR-C25,0d8054ee-3f24-4200-a99a-14e418f8b475,0.06
2025-03-01 03:28:25.544119+00:00,13,0.94,yes,KXFEDDECISION-25MAR-C25,095bfcfb-aeee-41b7-a59b-b437e2e7dd11,0.06
2025-03-01 03:28:25.544119+00:00,13,0.94,yes,KXFEDDECISION-25MAR-C25,03ed72dc-7e25-47d9-bb6e-6ae8f6fc6f92,0.06
2025-03-01 03:28:25.544119+00:00,19,0.94,yes,KXFEDDECISION-25MAR-C25,544e0450-b9a0-4737-aad1-89b018d298ab,0.06
2025-03-01 03:28:25.544119+00:00,19,0.94,yes,KXFEDDECISION-25MAR-C25,33009ff5-5632-416e-9e9f-506cb5b2c747,0.06
2025-03-01 19:35:51.619866+00:00,100,0.95,yes,KXFEDDECISION-25MAR-C25,fee406a5-4fff-4858-bf38-0139224cb193,0.05
2025-03-01 20:56:19.629257+00:00,37,0.95,yes,KXFEDDECISION-25MAR-C25,25765045-a30d-48f9-9034-8e539eea9b8f,0.05
2025-03-01 20:56:19.629257+00:00,150,0.95,yes,KXFEDDECISION-25MAR-C25,221ff819-5275-47ca-9cad-5db247fde968,0.05
2025-03-01 21:05:55.913196+00:00,25,0.95,yes,KXFEDDECISION-25MAR-C25,64e72345-4b65-4762-96b4-4bfb90235eb4,0.05
2025-03-01 21:38:57.335305+00:00,100,0.96,yes,KXFEDDECISION-25MAR-C25,c9742ab0-1002-4719-8ef2-26763f72e846,0.04
2025-03-02 00:37:51.606004+00:00,200,0.96,yes,KXFEDDECISION-25MAR-C25,d4b4b6af-269e-4794-b9ad-970b57f84992,0.04
2025-03-03 02:09:55.737517+00:00,50,0.95,yes,KXFEDDECISION-25MAR-C25,16b25682-18f5-4284-b6aa-5e8ac1d12ffd,0.05
2025-03-03 04:26:32.182138+00:00,100,0.95,yes,KXFEDDECISION-25MAR-C25,6bae0a77-1bb3-4c37-b1ad-d0a1dd5ec2f9,0.05
2025-03-03 04:26:32.182138+00:00,2950,0.95,yes,KXFEDDECISION-25MAR-C25,a5c2a436-1dbb-4cb8-a653-10394a5725da,0.05
2025-03-03 13:16:42.223015+00:00,25,0.95,yes,KXFEDDECISION-25MAR-C25,ca3271b1-391b-49cd-a1b5-89aa5423f02f,0.05
2025-03-03 13:18:45.174336+00:00,69,0.94,yes,KXFEDDECISION-25MAR-C25,5e5af8ae-9215-4900-ac07-c22f1ca13607,0.06
2025-03-03 13:18:45.174336+00:00,9,0.94,yes,KXFEDDECISION-25MAR-C25,da539af8-cc07-4a07-99ab-5e33783ea388,0.06
2025-03-03 15:10:48.138873+00:00,100,0.96,yes,KXFEDDECISION-25MAR-C25,50406b2a-2a80-4ac6-ba70-5b21dc5eb17a,0.04
2025-03-03 16:34:36.182907+00:00,20,0.95,yes,KXFEDDECISION-25MAR-C25,f186b16a-529a-4ec2-bded-a36ff32f0593,0.05
2025-03-03 16:37:46.252439+00:00,20,0.94,yes,KXFEDDECISION-25MAR-C25,7164ac0c-b81f-4790-b64f-1cc4b418ee47,0.06
2025-03-03 20:44:05.485868+00:00,2,0.95,no,KXFEDDECISION-25MAR-C25,79da8231-357c-4293-9f9c-57b453fb32f7,0.05
2025-03-03 20:44:05.485868+00:00,1,0.95,no,KXFEDDECISION-25MAR-C25,ef61ee37-f08d-49cb-86b7-147b17bd04be,0.05
2025-03-03 20:44:05.501922+00:00,97,0.95,no,KXFEDDECISION-25MAR-C25,6f987e39-c10d-4c7d-a539-1c21186ffe20,0.05
2025-03-03 20:44:17.231763+00:00,18,0.95,no,KXFEDDECISION-25MAR-C25,1a713e7d-8fc7-4bea-9f14-eee90027bbd0,0.05
2025-03-03 20:44:25.326088+00:00,73,0.95,no,KXFEDDECISION-25MAR-C25,f54c81e3-f3bc-4435-946f-431b42686246,0.05
2025-03-03 20:52:42.401393+00:00,2911,0.94,yes,KXFEDDECISION-25MAR-C25,1c7e7015-40ef-4cd2-8419-71d1b3adc6f0,0.06
2025-03-03 22:14:56.043931+00:00,100,0.93,yes,KXFEDDECISION-25MAR-C25,012b7a9a-f4b0-464f-880a-1d427e2da900,0.07
2025-03-03 22:14:56.043931+00:00,570,0.93,yes,KXFEDDECISION-25MAR-C25,d277c8f9-d074-4f0f-880d-2dd7623fcf75,0.07
2025-03-03 23:49:15.105300+00:00,7,0.96,no,KXFEDDECISION-25MAR-C25,60cc6d36-ddd2-46e4-a02e-36d8ae6969db,0.04
2025-03-03 23:49:15.105300+00:00,10,0.96,no,KXFEDDECISION-25MAR-C25,745b6664-c179-43a2-9cc6-067e9e96e35d,0.04
2025-03-03 23:49:15.105300+00:00,7,0.96,no,KXFEDDECISION-25MAR-C25,56f93bde-6e26-48d8-99cf-b5dfed39a563,0.04
2025-03-03 23:49:15.105300+00:00,7,0.96,no,KXFEDDECISION-25MAR-C25,f5db63e3-ac28-415a-8945-9b77def53e5f,0.04
2025-03-03 23:49:15.105300+00:00,10,0.96,no,KXFEDDECISION-25MAR-C25,3a11281a-9d41-40dc-b54a-7e66906f152d,0.04
2025-03-03 23:49:15.105300+00:00,10,0.96,no,KXFEDDECISION-25MAR-C25,28175f1f-b72a-4765-ac1f-b13a31236118,0.04
2025-03-03 23:49:15.105300+00:00,602,0.97,no,KXFEDDECISION-25MAR-C25,264f1907-1d62-4266-9640-bb55a610cad7,0.03
2025-03-03 23:49:15.105300+00:00,10,0.96,no,KXFEDDECISION-25MAR-C25,4bba1a0c-3868-40b9-b7b4-c60e17bcc39b,0.04
2025-03-03 23:49:15.105300+00:00,7,0.96,no,KXFEDDECISION-25MAR-C25,24fc3f1e-84f0-4884-8245-024ee604f72f,0.04
2025-03-04 00:55:33.018195+00:00,71,0.93,yes,KXFEDDECISION-25MAR-C25,9efea367-4706-4478-8cdd-0fde71e8dc26,0.07
2025-03-04 00:55:33.018195+00:00,11,0.94,yes,KXFEDDECISION-25MAR-C25,8e381cc6-ac97-4c32-a70d-0d54efd20972,0.06
2025-03-04 00:55:33.018195+00:00,8,0.94,yes,KXFEDDECISION-25MAR-C25,8273b94b-5316-453c-ac8f-ec6fd1c1ea47,0.06
2025-03-04 00:55:33.018195+00:00,7,0.94,yes,KXFEDDECISION-25MAR-C25,312aecc6-9786-4cc5-9390-2c39e7fda10b,0.06
2025-03-04 00:55:33.018195+00:00,7,0.94,yes,KXFEDDECISION-25MAR-C25,10660a35-f631-475d-9726-d56a2f65fb1b,0.06
2025-03-04 00:55:33.018195+00:00,8,0.94,yes,KXFEDDECISION-25MAR-C25,268f71b7-28f3-4036-a7fc-1ecfd1921ec1,0.06
2025-03-04 00:55:33.018195+00:00,10,0.94,yes,KXFEDDECISION-25MAR-C25,23c9cec9-8901-4dd5-b112-429b96f14869,0.06
2025-03-04 00:55:33.018195+00:00,10,0.94,yes,KXFEDDECISION-25MAR-C25,118a1160-3225-4a5a-abdc-8071332d27a0,0.06
2025-03-04 00:55:33.018195+00:00,11,0.94,yes,KXFEDDECISION-25MAR-C25,271f3d23-3aa1-4cbb-9e44-b0b139406fc2,0.06
2025-03-04 02:01:42.339920+00:00,25,0.94,no,KXFEDDECISION-25MAR-C25,456be21f-371f-4c0c-a930-c215e7b74e4f,0.06
2025-03-04 02:35:40.341727+00:00,1090,0.93,yes,KXFEDDECISION-25MAR-C25,47211029-d4be-4563-86dd-69aa251cf8d0,0.07
2025-03-04 02:35:40.341727+00:00,200,0.94,yes,KXFEDDECISION-25MAR-C25,47ca9955-4504-46e1-b8bd-5dca629a0674,0.06
2025-03-04 05:36:58.335130+00:00,13,0.93,yes,KXFEDDECISION-25MAR-C25,1fda966e-018d-4e94-94d5-027635c36930,0.07
2025-03-04 14:05:47.824756+00:00,100,0.93,yes,KXFEDDECISION-25MAR-C25,1dca447e-ce71-44fc-8784-8e785c404a07,0.07
2025-03-04 14:19:51.054075+00:00,134,0.93,yes,KXFEDDECISION-25MAR-C25,9697cb9b-20f1-4d24-8560-b7ca2a98d0c2,0.07
2025-03-04 14:32:53.343289+00:00,32,0.93,yes,KXFEDDECISION-25MAR-C25,1c4978bc-85d2-46a3-9380-553f6a450de2,0.07
2025-03-04 14:33:33.877082+00:00,100,0.93,yes,KXFEDDECISION-25MAR-C25,5982915f-438a-4e33-a94d-e7af2bb26982,0.07
2025-03-04 14:44:01.084294+00:00,28,0.93,yes,KXFEDDECISION-25MAR-C25,85db9b7f-31fb-4c95-82be-4efa7134c849,0.07
2025-03-04 14:51:09.510024+00:00,100,0.93,yes,KXFEDDECISION-25MAR-C25,df88bf1a-92b4-4524-84cc-c544354d87b2,0.07
2025-03-04 14:56:27.730827+00:00,624,0.93,yes,KXFEDDECISION-25MAR-C25,2635bfa4-9186-4fc1-ba84-bf26167bd889,0.07
2025-03-04 14:56:42.253771+00:00,43,0.93,yes,KXFEDDECISION-25MAR-C25,48a054b6-2568-4203-8fe5-d58bf7e26584,0.07
2025-03-04 14:57:50.917784+00:00,3,0.93,yes,KXFEDDECISION-25MAR-C25,f75f37aa-620c-4649-aa2d-e062436aba44,0.07
2025-03-04 15:03:38.484783+00:00,2158,0.93,yes,KXFEDDECISION-25MAR-C25,de6756a4-49f0-4769-a725-785253cfd01a,0.07
2025-03-04 15:03:38.484783+00:00,4092,0.93,yes,KXFEDDECISION-25MAR-C25,2f0026ac-9fd0-493c-94da-ea63194aecc1,0.07
2025-03-04 15:04:42.618370+00:00,842,0.93,yes,KXFEDDECISION-25MAR-C25,5caa4f6a-f58b-4501-abc3-3625ec273544,0.07
2025-03-04 15:04:42.618370+00:00,1000,0.93,yes,KXFEDDECISION-25MAR-C25,6dab2e2e-9a99-41f2-b71c-358be71b3b36,0.07
2025-03-04 15:12:14.239318+00:00,400,0.92,yes,KXFEDDECISION-25MAR-C25,159e33ef-de0e-4535-8097-40e738d1d45a,0.08
2025-03-04 15:12:14.239318+00:00,500,0.92,yes,KXFEDDECISION-25MAR-C25,7a280a5c-1530-4c5a-97df-14fb077166b7,0.08
2025-03-04 15:14:02.432042+00:00,500,0.91,yes,KXFEDDECISION-25MAR-C25,78348da3-2459-4c47-ac08-ab0a3d6f1803,0.09
2025-03-04 15:14:02.432042+00:00,175,0.91,yes,KXFEDDECISION-25MAR-C25,9127eb0f-48db-4814-b898-6410df083cc5,0.09
2025-03-04 15:16:26.351666+00:00,1830,0.9,yes,KXFEDDECISION-25MAR-C25,718b81cc-0cb5-4a62-9cb3-087417c28aba,0.1
2025-03-04 15:16:26.351666+00:00,150,0.9,yes,KXFEDDECISION-25MAR-C25,a2865dce-c68b-4c35-ab2c-731761c6f6bc,0.1
2025-03-04 15:16:26.351666+00:00,100,0.9,yes,KXFEDDECISION-25MAR-C25,ed836811-221a-4205-b46c-8504e6abee82,0.1
2025-03-04 15:17:58.930913+00:00,100,0.9,yes,KXFEDDECISION-25MAR-C25,d452853c-af3f-4e12-8479-f4dc3678d3b2,0.1
2025-03-04 15:39:01.934160+00:00,7,0.92,no,KXFEDDECISION-25MAR-C25,050505b4-feb5-4686-8fb8-9602754fd416,0.08
2025-03-04 15:39:01.934160+00:00,1,0.91,no,KXFEDDECISION-25MAR-C25,4bfe529e-455e-4f33-8828-155009db63d5,0.09
2025-03-04 15:39:01.934160+00:00,1,0.91,no,KXFEDDECISION-25MAR-C25,abedeb0c-58eb-4cb4-98a5-ce08452fb242,0.09
2025-03-04 15:39:21.483531+00:00,100,0.95,no,KXFEDDECISION-25MAR-C25,7f09136b-2335-451c-afd7-c88d0145aaf5,0.05
2025-03-04 15:39:21.483531+00:00,60,0.95,no,KXFEDDECISION-25MAR-C25,0601ab1f-7a3e-48c5-be7c-b0e5d5f05228,0.05
2025-03-04 15:39:21.483531+00:00,393,0.92,no,KXFEDDECISION-25MAR-C25,655ae70e-23ce-461e-be35-ae054679d278,0.08
2025-03-04 16:51:12.331781+00:00,7,0.94,no,KXFEDDECISION-25MAR-C25,19c3f0c3-8321-4223-90ac-2ed77c9cdce6,0.06
2025-03-04 16:51:12.331781+00:00,5,0.94,no,KXFEDDECISION-25MAR-C25,964332e9-58db-404b-bbc5-356f6c916d74,0.06
2025-03-04 16:51:12.331781+00:00,5,0.94,no,KXFEDDECISION-25MAR-C25,9802a9ee-fb84-4f9e-89ab-c805d2997aaa,0.06
2025-03-04 16:51:12.331781+00:00,100,0.94,no,KXFEDDECISION-25MAR-C25,ce5c0b0d-35b1-408d-9731-186af918a691,0.06
2025-03-04 16:51:12.331781+00:00,7,0.94,no,KXFEDDECISION-25MAR-C25,dada490e-7e7e-486b-8182-382812e5c4b8,0.06
2025-03-04 18:10:17.981625+00:00,31,0.94,yes,KXFEDDECISION-25MAR-C25,cf3a897a-29e3-4fa4-a6e9-85fe3d94cc93,0.06
2025-03-04 18:30:33.448743+00:00,100,0.94,yes,KXFEDDECISION-25MAR-C25,695b99d2-ac14-4127-a057-43e6af825240,0.06
2025-03-04 18:30:33.448743+00:00,100,0.94,yes,KXFEDDECISION-25MAR-C25,a4248c03-0c17-4063-b31d-eccac65a50a2,0.06
2025-03-04 18:30:33.448743+00:00,69,0.94,yes,KXFEDDECISION-25MAR-C25,f6a98c18-dfe3-4c97-8465-8084c05cc4d0,0.06
2025-03-04 18:30:48.889991+00:00,531,0.94,no,KXFEDDECISION-25MAR-C25,1678c715-a78d-4e9b-a59f-ba1d0dabd5a1,0.06
2025-03-04 20:20:14.952777+00:00,15,0.94,yes,KXFEDDECISION-25MAR-C25,234a2c9e-46f5-405e-b026-f06f3c0dfaf7,0.06
2025-03-04 20:23:44.219491+00:00,5,0.93,yes,KXFEDDECISION-25MAR-C25,baeb4f4c-ecd4-4ba5-ae47-62ff9803cd91,0.07
2025-03-04 20:23:44.219491+00:00,7,0.93,yes,KXFEDDECISION-25MAR-C25,e0914557-9349-411b-9be6-072691203e3f,0.07
2025-03-04 20:23:44.219491+00:00,3,0.93,yes,KXFEDDECISION-25MAR-C25,40be6f1e-ae10-4838-b3cf-425aee7ad7eb,0.07
2025-03-04 20:33:24.209652+00:00,100,0.94,yes,KXFEDDECISION-25MAR-C25,1ae224e7-6372-424b-abd1-f9fe3fcc7d56,0.06
2025-03-04 20:33:24.209652+00:00,9,0.94,yes,KXFEDDECISION-25MAR-C25,3069bad9-b8c2-47d6-a4a0-2ac229416af5,0.06
2025-03-04 21:06:48.417012+00:00,1,0.93,yes,KXFEDDECISION-25MAR-C25,fd34b8dd-09c1-4dfb-be7c-507b0cfb1fdc,0.07
2025-03-04 21:06:48.417012+00:00,1,0.93,yes,KXFEDDECISION-25MAR-C25,dc5fe48f-0ce1-4f7c-9fa2-f7f33e963105,0.07
2025-03-04 21:06:48.417012+00:00,5,0.93,yes,KXFEDDECISION-25MAR-C25,bf72bbb3-ebe5-4ced-be23-8dc6ad0c7c95,0.07
2025-03-04 21:06:48.417012+00:00,1,0.93,yes,KXFEDDECISION-25MAR-C25,baed86a1-08af-42c7-bf3a-5cec1e33d295,0.07
2025-03-04 21:06:48.417012+00:00,1,0.93,yes,KXFEDDECISION-25MAR-C25,b09c4095-6adc-4786-969f-f305bf1c6f17,0.07
2025-03-04 21:06:48.417012+00:00,1,0.93,yes,KXFEDDECISION-25MAR-C25,ada93d69-dd0f-4351-aa44-7f28b2f6e3db,0.07
2025-03-04 21:06:48.417012+00:00,1,0.93,yes,KXFEDDECISION-25MAR-C25,a4b78e9c-293d-41e9-914c-c0ccc27e93da,0.07
2025-03-04 21:06:48.417012+00:00,1,0.93,yes,KXFEDDECISION-25MAR-C25,8b10c0f6-eb72-41f2-9134-ec78b2f920c5,0.07
2025-03-04 21:06:48.417012+00:00,1,0.93,yes,KXFEDDECISION-25MAR-C25,6711cecd-858d-4ee7-930f-7a993b0c7266,0.07
2025-03-04 21:06:48.417012+00:00,4,0.93,yes,KXFEDDECISION-25MAR-C25,486d48f1-f8ad-457a-b324-5510a384178d,0.07
2025-03-04 21:06:48.417012+00:00,1,0.93,yes,KXFEDDECISION-25MAR-C25,331bf109-8eb5-4358-8909-e5209834bb12,0.07
2025-03-04 21:06:48.417012+00:00,1,0.93,yes,KXFEDDECISION-25MAR-C25,327beae1-697f-415b-a58a-bf194b59f47f,0.07
2025-03-04 21:06:48.417012+00:00,1,0.93,yes,KXFEDDECISION-25MAR-C25,28f7ca09-090f-4939-a9fe-a990bfd7bfb4,0.07
2025-03-04 21:06:48.417012+00:00,1,0.93,yes,KXFEDDECISION-25MAR-C25,1d32d99f-b3df-4253-832a-40a676e6a0fe,0.07
2025-03-04 21:06:48.417012+00:00,4,0.93,yes,KXFEDDECISION-25MAR-C25,7eae9e58-7855-42db-be42-9b43e400dbfe,0.07
2025-03-04 21:20:30.608688+00:00,9,0.95,no,KXFEDDECISION-25MAR-C25,ba9ac46e-8d19-4fca-8c6d-03440695d5aa,0.05
2025-03-04 21:20:30.608688+00:00,1,0.95,no,KXFEDDECISION-25MAR-C25,d58c2d8b-e75a-4bc3-8c8a-c91d33b9826f,0.05
2025-03-04 21:20:30.608688+00:00,8,0.95,no,KXFEDDECISION-25MAR-C25,b4b8824f-42bf-4956-820e-9eb6c9a0303e,0.05
2025-03-04 21:20:30.608688+00:00,6,0.95,no,KXFEDDECISION-25MAR-C25,daf6d16d-4b1b-46d8-8d26-2a3a053e8bf7,0.05
2025-03-04 21:20:30.608688+00:00,15,0.95,no,KXFEDDECISION-25MAR-C25,78ace9a5-11fd-4b32-aa37-eab3036ba836,0.05
2025-03-04 21:20:30.608688+00:00,1,0.95,no,KXFEDDECISION-25MAR-C25,860c798f-da54-4bb6-a363-503857155e29,0.05
2025-03-04 21:20:30.608688+00:00,1,0.95,no,KXFEDDECISION-25MAR-C25,3b9f9d05-eaf5-42ae-9564-7973d840dbae,0.05
2025-03-04 21:20:30.608688+00:00,7,0.95,no,KXFEDDECISION-25MAR-C25,d744e302-f956-4573-83e3-5b5df26eac6f,0.05
2025-03-04 21:20:30.608688+00:00,1,0.95,no,KXFEDDECISION-25MAR-C25,6a3c373c-c4ff-468d-aa4c-243e7432cdc5,0.05
2025-03-04 21:20:30.608688+00:00,100,0.95,no,KXFEDDECISION-25MAR-C25,6af6febe-3385-4073-8bc3-2e65dbafd87d,0.05
2025-03-04 21:23:12.152964+00:00,30,0.95,yes,KXFEDDECISION-25MAR-C25,4cde460a-8950-4b8f-bf40-6a7a70d4e516,0.05
2025-03-04 21:23:12.152964+00:00,100,0.95,yes,KXFEDDECISION-25MAR-C25,9a00cec8-3482-4773-99ea-aeb9fadf64d3,0.05
2025-03-04 21:57:37.644764+00:00,1,0.96,no,KXFEDDECISION-25MAR-C25,1dbb1ed1-fae7-4a97-9430-4daaaabd2657,0.04
2025-03-04 21:57:37.644764+00:00,10,0.96,no,KXFEDDECISION-25MAR-C25,21b6da9f-cd1f-4f24-8eb8-e04eacda77bd,0.04
2025-03-04 21:57:37.644764+00:00,1,0.96,no,KXFEDDECISION-25MAR-C25,29567857-441d-4d71-bcca-bdb5db0c502a,0.04
2025-03-04 21:57:37.644764+00:00,1,0.96,no,KXFEDDECISION-25MAR-C25,52a03686-11dc-4578-aa47-c72983d593c0,0.04
2025-03-04 21:57:37.644764+00:00,100,0.96,no,KXFEDDECISION-25MAR-C25,81f722af-f021-4552-af1c-f6d2bb083a1d,0.04
2025-03-04 21:57:37.644764+00:00,1,0.96,no,KXFEDDECISION-25MAR-C25,9e28b498-f58b-40e8-900b-12366090efed,0.04
2025-03-04 21:57:37.644764+00:00,1,0.96,no,KXFEDDECISION-25MAR-C25,d526fbe6-94de-4802-ba43-b47f4d96a027,0.04
2025-03-04 21:57:37.644764+00:00,1,0.96,no,KXFEDDECISION-25MAR-C25,e4d77716-0cb3-40a4-b077-7b102e75815a,0.04
2025-03-05 01:01:25.691809+00:00,31,0.94,yes,KXFEDDECISION-25MAR-C25,d4517b5e-19af-43de-8783-bc5263675f72,0.06
2025-03-05 02:18:56.693821+00:00,4,0.94,yes,KXFEDDECISION-25MAR-C25,c10bc3f2-5ed2-4935-be9e-22a8a3dbd79d,0.06
2025-03-05 02:26:18.166800+00:00,6,0.95,no,KXFEDDECISION-25MAR-C25,ec8997fb-e56a-4d4c-b31d-f244c6b453a2,0.05
2025-03-05 03:06:18.983697+00:00,1,0.91,yes,KXFEDDECISION-25MAR-C25,7afb0a97-325e-4af7-a75d-d1ef2f9a7d49,0.09
2025-03-05 03:06:18.983697+00:00,1,0.91,yes,KXFEDDECISION-25MAR-C25,7c41d4c6-5a17-4c0e-817e-6d32257e4ef6,0.09
2025-03-05 03:06:18.983697+00:00,1,0.92,yes,KXFEDDECISION-25MAR-C25,840db65d-966d-4cbf-8200-cccf104040cb,0.08
2025-03-05 03:06:18.983697+00:00,1,0.92,yes,KXFEDDECISION-25MAR-C25,a7c0c7b6-496e-4ea1-a2e2-89a1a7dfa3d0,0.08
2025-03-05 03:06:18.983697+00:00,1,0.91,yes,KXFEDDECISION-25MAR-C25,8de3ff2a-26fa-4cd0-a3fe-93892d339c2d,0.09
2025-03-05 03:06:18.983697+00:00,1,0.92,yes,KXFEDDECISION-25MAR-C25,9a27d5ce-f158-4ade-8fd2-5885e39fb6af,0.08
2025-03-05 03:06:18.983697+00:00,1,0.92,yes,KXFEDDECISION-25MAR-C25,a3204fb0-7b00-477e-8ceb-7ba642b50a09,0.08
2025-03-05 03:06:18.983697+00:00,1,0.91,yes,KXFEDDECISION-25MAR-C25,a3b4d0fd-60f2-46d3-9ec9-74773bf08b71,0.09
2025-03-05 03:06:18.983697+00:00,1,0.94,yes,KXFEDDECISION-25MAR-C25,a5c19aa5-9e6d-447b-bfe8-44a90eddd0ea,0.06
2025-03-05 03:06:18.983697+00:00,1,0.92,yes,KXFEDDECISION-25MAR-C25,a69315ff-0e67-4a87-83b8-4a86b7005aa9,0.08
2025-03-05 03:06:18.983697+00:00,1,0.93,yes,KXFEDDECISION-25MAR-C25,a6b0d5d0-ddbc-4180-b428-7b497710cea7,0.07
2025-03-05 03:06:18.983697+00:00,1,0.92,yes,KXFEDDECISION-25MAR-C25,7a673e5f-b00f-4e82-8aa4-076019383e97,0.08
2025-03-05 03:06:18.983697+00:00,9,0.91,yes,KXFEDDECISION-25MAR-C25,a7d839c9-0c86-4b45-84ca-468088f4d611,0.09
2025-03-05 03:06:18.983697+00:00,1,0.92,yes,KXFEDDECISION-25MAR-C25,c932e481-2fb4-4073-8552-87719b2aa91d,0.08
2025-03-05 03:06:18.983697+00:00,1,0.91,yes,KXFEDDECISION-25MAR-C25,accfa8fd-a6d7-46c0-add3-843d65dd4f8b,0.09
2025-03-05 03:06:18.983697+00:00,1,0.91,yes,KXFEDDECISION-25MAR-C25,c1da561f-07ee-4fe5-8006-18cc34fa50fa,0.09
2025-03-05 03:06:18.983697+00:00,1,0.92,yes,KXFEDDECISION-25MAR-C25,c715f589-ada0-4cfc-9506-a37236b0d5a3,0.08
2025-03-05 03:06:18.983697+00:00,20,0.92,yes,KXFEDDECISION-25MAR-C25,c7c3fbbb-6893-472a-94a0-e0d453dd54fc,0.08
2025-03-05 03:06:18.983697+00:00,1,0.92,yes,KXFEDDECISION-25MAR-C25,c89fee03-2dc8-4abf-ab03-9c0aaf3a8900,0.08
2025-03-05 03:06:18.983697+00:00,1,0.92,yes,KXFEDDECISION-25MAR-C25,788c30a5-a393-428e-aa99-77b8d1be95df,0.08
2025-03-05 03:06:18.983697+00:00,1,0.92,yes,KXFEDDECISION-25MAR-C25,d4c0dfbd-243e-474d-979d-897300f9c8bd,0.08
2025-03-05 03:06:18.983697+00:00,1,0.92,yes,KXFEDDECISION-25MAR-C25,d9c54c91-dcf3-46eb-8e16-ffa47534cc62,0.08
2025-03-05 03:06:18.983697+00:00,1,0.92,yes,KXFEDDECISION-25MAR-C25,da318163-b035-47ab-a8f2-acbb3a7e97ca,0.08
2025-03-05 03:06:18.983697+00:00,1,0.92,yes,KXFEDDECISION-25MAR-C25,e0efb9d8-40b7-4a16-b344-72fe20adde59,0.08
2025-03-05 03:06:18.983697+00:00,1,0.92,yes,KXFEDDECISION-25MAR-C25,e9ccfccd-e47e-4deb-ab09-d62d2fff1cee,0.08
2025-03-05 03:06:18.983697+00:00,1,0.92,yes,KXFEDDECISION-25MAR-C25,ea7c13f5-9c59-4f06-b998-488f02638a6b,0.08
2025-03-05 03:06:18.983697+00:00,1,0.91,yes,KXFEDDECISION-25MAR-C25,ed23855c-95c7-4350-bf1a-dedba19c20e0,0.09
2025-03-05 03:06:18.983697+00:00,1,0.91,yes,KXFEDDECISION-25MAR-C25,fd3cfd0f-52f1-4ca3-9b5c-e4f247013303,0.09
2025-03-05 03:06:18.983697+00:00,1,0.91,yes,KXFEDDECISION-25MAR-C25,ac5ced09-f1d6-47d2-a99a-0e6906f03d9c,0.09
2025-03-05 03:06:18.983697+00:00,1,0.91,yes,KXFEDDECISION-25MAR-C25,73648df9-13c3-45ee-b0d4-bed99b6a64a3,0.09
2025-03-05 03:06:18.983697+00:00,1,0.92,yes,KXFEDDECISION-25MAR-C25,93b25f99-6277-4286-8c17-5a57aeca648b,0.08
2025-03-05 03:06:18.983697+00:00,1,0.93,yes,KXFEDDECISION-25MAR-C25,712b12e6-082b-41d2-bb27-938f7f4504b3,0.07
2025-03-05 03:06:18.983697+00:00,1,0.91,yes,KXFEDDECISION-25MAR-C25,722a0c3f-620a-40fc-8552-485d0d0937a8,0.09
2025-03-05 03:06:18.983697+00:00,1,0.92,yes,KXFEDDECISION-25MAR-C25,06110e4e-55e2-4075-a357-a197041f30ac,0.08
2025-03-05 03:06:18.983697+00:00,1,0.92,yes,KXFEDDECISION-25MAR-C25,0e637b95-e6a1-4ee5-a47d-b83bb7e21635,0.08
2025-03-05 03:06:18.983697+00:00,1,0.92,yes,KXFEDDECISION-25MAR-C25,1315b297-be2a-4627-89d5-ca971ca9a84e,0.08
2025-03-05 03:06:18.983697+00:00,8,0.91,yes,KXFEDDECISION-25MAR-C25,15512845-3485-4d1c-a57e-dc482ed2162c,0.09
2025-03-05 03:06:18.983697+00:00,1,0.91,yes,KXFEDDECISION-25MAR-C25,21ade316-960e-44a8-9bfc-54bed76760d6,0.09
2025-03-05 03:06:18.983697+00:00,1,0.92,yes,KXFEDDECISION-25MAR-C25,251d422a-06db-4970-bdea-cb035b4f191d,0.08
2025-03-05 03:06:18.983697+00:00,1,0.92,yes,KXFEDDECISION-25MAR-C25,259dc5ae-3728-4ef3-bffc-2339f90d95ab,0.08
2025-03-05 03:06:18.983697+00:00,1,0.92,yes,KXFEDDECISION-25MAR-C25,25b1d165-e918-4455-a533-78b02ebbaab4,0.08
2025-03-05 03:06:18.983697+00:00,1,0.92,yes,KXFEDDECISION-25MAR-C25,28a66743-8838-4f08-b8e7-1605998e07c9,0.08
2025-03-05 03:06:18.983697+00:00,7,0.91,yes,KXFEDDECISION-25MAR-C25,30122830-b040-47e5-b1e7-b94e37389715,0.09
2025-03-05 03:06:18.983697+00:00,1,0.91,yes,KXFEDDECISION-25MAR-C25,329ac25b-54a2-45e0-b15f-e052d449ec2f,0.09
2025-03-05 03:06:18.983697+00:00,1,0.92,yes,KXFEDDECISION-25MAR-C25,3646b9e2-389b-42fe-afc3-30a9423646aa,0.08
2025-03-05 03:06:18.983697+00:00,1,0.92,yes,KXFEDDECISION-25MAR-C25,3eea7999-709d-4d20-b7de-2500243748fb,0.08
2025-03-05 03:06:18.983697+00:00,1,0.91,yes,KXFEDDECISION-25MAR-C25,42bfd22c-9d78-4720-aebd-4e5f2aca6438,0.09
2025-03-05 03:06:18.983697+00:00,1,0.92,yes,KXFEDDECISION-25MAR-C25,057c6f4c-3926-4d8d-9dfa-b8115e5e6d33,0.08
2025-03-05 03:06:18.983697+00:00,1,0.91,yes,KXFEDDECISION-25MAR-C25,4c92873d-5701-4dd8-953d-47fa69a528a9,0.09
2025-03-05 03:06:18.983697+00:00,1,0.92,yes,KXFEDDECISION-25MAR-C25,4429c7f4-1de5-41e6-8ed2-19ad696b2418,0.08
2025-03-05 03:06:18.983697+00:00,1,0.94,yes,KXFEDDECISION-25MAR-C25,6fff5bc8-b983-451a-9630-9cc59eff61b7,0.06
2025-03-05 03:06:18.983697+00:00,1,0.92,yes,KXFEDDECISION-25MAR-C25,683d6e81-fc96-43d0-9bf9-6772fcf73783,0.08
2025-03-05 03:06:18.983697+00:00,1,0.91,yes,KXFEDDECISION-25MAR-C25,68274732-60c5-4892-9e46-fe78a193fd5b,0.09
2025-03-05 03:06:18.983697+00:00,1,0.91,yes,KXFEDDECISION-25MAR-C25,6739bf64-ccd1-4d86-8053-332df4eb11fd,0.09
2025-03-05 03:06:18.983697+00:00,1,0.94,yes,KXFEDDECISION-25MAR-C25,66d0bb63-bfbf-401c-b5c5-c81d1293651d,0.06
2025-03-05 03:06:18.983697+00:00,1,0.91,yes,KXFEDDECISION-25MAR-C25,638f8eee-8430-47e1-be40-9812b2e2a560,0.09
2025-03-05 03:06:18.983697+00:00,1,0.91,yes,KXFEDDECISION-25MAR-C25,88f369ad-6fb0-4f90-ab3e-fef49b1a63e2,0.09
2025-03-05 03:06:18.983697+00:00,1,0.92,yes,KXFEDDECISION-25MAR-C25,62b4e91c-1e90-4818-a3f6-18bed26b2126,0.08
2025-03-05 03:06:18.983697+00:00,1,0.91,yes,KXFEDDECISION-25MAR-C25,6078ea26-6d32-442d-b40e-02c72b22580f,0.09
2025-03-05 03:06:18.983697+00:00,1,0.94,yes,KXFEDDECISION-25MAR-C25,5bd6e3cf-aeea-43a3-af12-5f1a1406a7b3,0.06
2025-03-05 03:06:18.983697+00:00,1,0.92,yes,KXFEDDECISION-25MAR-C25,5b635688-44ca-4f22-a1b4-ce4f7bac4dfe,0.08
2025-03-05 03:06:18.983697+00:00,6,0.91,yes,KXFEDDECISION-25MAR-C25,55298b9d-7f6c-4215-ad8c-e70b72dffb16,0.09
2025-03-05 03:06:18.983697+00:00,1,0.92,yes,KXFEDDECISION-25MAR-C25,4cae88d3-5c31-4742-aa01-2e331eb5d59c,0.08
2025-03-05 03:14:02.702754+00:00,20,0.92,yes,KXFEDDECISION-25MAR-C25,f99c554b-4d2d-44a6-9d9c-f4f95950186b,0.08
2025-03-05 03:15:51.588836+00:00,1,0.91,yes,KXFEDDECISION-25MAR-C25,1e2b8d0b-a0f4-44e2-ac65-915b3206a0eb,0.09
2025-03-05 03:15:51.588836+00:00,100,0.92,yes,KXFEDDECISION-25MAR-C25,4d814b9b-a0e1-4255-b46b-811b11a2fb3f,0.08
2025-03-05 03:15:51.588836+00:00,1,0.91,yes,KXFEDDECISION-25MAR-C25,6d5992eb-f1a2-46ba-b515-e80c6c29f8dd,0.09
2025-03-05 03:15:51.588836+00:00,13,0.91,yes,KXFEDDECISION-25MAR-C25,fc48c634-309c-460a-9176-fc2d589f4462,0.09
2025-03-05 03:20:16.441023+00:00,13,0.9,yes,KXFEDDECISION-25MAR-C25,f934a883-725b-4e45-9d91-9624b1b08849,0.1
2025-03-05 03:35:22.385895+00:00,4,0.91,yes,KXFEDDECISION-25MAR-C25,78507802-e1f4-4845-b67c-8af20489424e,0.09
2025-03-05 03:37:46.557606+00:00,9,0.9,yes,KXFEDDECISION-25MAR-C25,96611c9e-0950-4e64-8401-3b30f45372b8,0.1
2025-03-05 03:38:27.442804+00:00,4,0.9,yes,KXFEDDECISION-25MAR-C25,127df0d0-ae74-4347-8445-da1d9f634024,0.1
2025-03-05 04:00:56.642980+00:00,10,0.91,yes,KXFEDDECISION-25MAR-C25,e0a5abd4-7808-4535-90a1-43824bf16f9b,0.09
2025-03-05 04:04:02.412364+00:00,10,0.9,yes,KXFEDDECISION-25MAR-C25,1be0c6df-b527-40d1-9410-a165738cee94,0.1
2025-03-05 04:51:14.782435+00:00,9,0.91,yes,KXFEDDECISION-25MAR-C25,1be1badc-5739-4779-baed-f38cc20ff5be,0.09
2025-03-05 05:01:32.348575+00:00,17,0.91,yes,KXFEDDECISION-25MAR-C25,08f49c98-e63b-43a3-961c-935da9d78387,0.09
2025-03-05 05:04:13.580241+00:00,74,0.91,yes,KXFEDDECISION-25MAR-C25,4d3da6e0-5acc-40b6-a4c5-5b5ece64e143,0.09
2025-03-05 05:07:00.072446+00:00,70,0.9,yes,KXFEDDECISION-25MAR-C25,762efb32-61fb-4611-b3bd-2b87da76a378,0.1
2025-03-05 05:08:31.717093+00:00,28,0.9,yes,KXFEDDECISION-25MAR-C25,5360e8f2-a55c-4144-af36-abdf1106505c,0.1
2025-03-05 05:25:30.174036+00:00,53,0.9,yes,KXFEDDECISION-25MAR-C25,54c97338-d8f5-4a7f-9193-b77f8faea88b,0.1
2025-03-05 05:25:30.174036+00:00,67,0.9,yes,KXFEDDECISION-25MAR-C25,7afaa1ae-ed16-4a55-81b1-6fe4f77e8b69,0.1
2025-03-05 05:25:30.174036+00:00,100,0.9,yes,KXFEDDECISION-25MAR-C25,b0061801-a7ff-47d3-a3ea-4f0e11353095,0.1
2025-03-05 05:25:30.174036+00:00,720,0.9,yes,KXFEDDECISION-25MAR-C25,efdecd22-b772-4256-99cc-2113044d2bbe,0.1
2025-03-05 06:37:55.732442+00:00,120,0.9,yes,KXFEDDECISION-25MAR-C25,fa48f47f-6caf-4954-955b-dc481396baae,0.1
2025-03-05 06:56:15.353151+00:00,1000,0.92,yes,KXFEDDECISION-25MAR-C25,bf2e5029-5113-4db2-812b-bf5d40a0f2f4,0.08
2025-03-05 07:03:18.361817+00:00,1,0.92,no,KXFEDDECISION-25MAR-C25,16e12c2b-971a-48df-b72c-f637f79f8cd2,0.08
2025-03-05 07:28:52.584423+00:00,10,0.91,yes,KXFEDDECISION-25MAR-C25,5af6b98f-e7c0-474d-a042-631fa75fb5d8,0.09
2025-03-05 07:31:12.343836+00:00,1053,0.92,no,KXFEDDECISION-25MAR-C25,489c222b-fbdc-458c-ad4c-a99e06c76e56,0.08
2025-03-05 07:32:18.556043+00:00,310,0.92,no,KXFEDDECISION-25MAR-C25,29710f08-f195-49d1-b4bd-6efa8fd3cfe6,0.08
2025-03-05 07:33:16.246072+00:00,310,0.92,no,KXFEDDECISION-25MAR-C25,92d8640c-218e-47d6-b2f9-841a620a2681,0.08
2025-03-05 07:38:38.759292+00:00,813,0.92,no,KXFEDDECISION-25MAR-C25,0f1076ab-b43f-47d8-bdea-ac0a64186ea0,0.08
2025-03-05 07:42:30.971055+00:00,850,0.92,no,KXFEDDECISION-25MAR-C25,00d7fe19-7cf4-49f8-baae-1487e74bec32,0.08
2025-03-05 13:49:18.864733+00:00,200,0.93,yes,KXFEDDECISION-25MAR-C25,a618cfd8-514c-4c5c-b829-fba8cd969b29,0.07
2025-03-05 13:52:48.765101+00:00,100,0.93,yes,KXFEDDECISION-25MAR-C25,81c7be61-804a-4578-9166-e005ac185f62,0.07
2025-03-05 13:53:08.235627+00:00,2950,0.93,no,KXFEDDECISION-25MAR-C25,0cb6d9af-3a72-44af-b8d2-87fda8ffe286,0.07
2025-03-05 13:59:10.048628+00:00,100,0.92,yes,KXFEDDECISION-25MAR-C25,d1329030-3b33-4000-848e-f6365ab462e2,0.08
2025-03-05 14:11:41.710151+00:00,100,0.93,yes,KXFEDDECISION-25MAR-C25,dc8a4e34-8225-44ae-8695-a7deb329bcee,0.07
2025-03-05 14:35:45.256073+00:00,100,0.93,yes,KXFEDDECISION-25MAR-C25,8228da92-28a6-4d67-b4f3-c8a3a9345066,0.07
2025-03-05 14:36:39.376185+00:00,790,0.93,yes,KXFEDDECISION-25MAR-C25,96acf827-5f23-4d3b-8742-b775f561fa4c,0.07
2025-03-05 14:36:39.376185+00:00,710,0.93,yes,KXFEDDECISION-25MAR-C25,de62b5bd-0d1a-4a59-b8d1-c978ca4e7942,0.07
2025-03-05 14:48:57.535592+00:00,277,0.93,yes,KXFEDDECISION-25MAR-C25,7c833072-f502-40e2-abd9-2e9e58a445fd,0.07
2025-03-05 14:52:32.583690+00:00,54,0.93,yes,KXFEDDECISION-25MAR-C25,5397d085-5b4d-4d40-bcc5-8530f23e638c,0.07
2025-03-05 14:52:32.583690+00:00,13,0.93,yes,KXFEDDECISION-25MAR-C25,e3dfd4f5-54ca-466b-bb3a-2090c4cdd8b7,0.07
2025-03-05 15:01:28.747025+00:00,1,0.94,no,KXFEDDECISION-25MAR-C25,05672e8c-d2df-47bf-8312-9d6fe1d70a94,0.06
2025-03-05 15:01:28.747025+00:00,1,0.94,no,KXFEDDECISION-25MAR-C25,3748ea83-c002-48c8-a50d-e47f0e470ace,0.06
2025-03-05 15:01:28.747025+00:00,1,0.94,no,KXFEDDECISION-25MAR-C25,45db5a9d-7c70-4900-851d-9365892b2633,0.06
2025-03-05 15:01:28.747025+00:00,850,0.94,no,KXFEDDECISION-25MAR-C25,587933ad-4450-4083-8397-d37cc9170678,0.06
2025-03-05 15:01:28.747025+00:00,1,0.94,no,KXFEDDECISION-25MAR-C25,874ae103-cb63-430b-8500-c44e9d29eb17,0.06
2025-03-05 15:01:28.747025+00:00,1,0.94,no,KXFEDDECISION-25MAR-C25,8c972b4c-dd7d-4453-a2c9-db0a7e4b192c,0.06
2025-03-05 15:01:28.747025+00:00,1,0.94,no,KXFEDDECISION-25MAR-C25,c69f0e22-bf04-4a25-ab93-9989f75e4c82,0.06
2025-03-05 15:04:06.687782+00:00,4042,0.94,yes,KXFEDDECISION-25MAR-C25,93919b9f-3b4c-4ad6-806c-c938ccbad2d6,0.06
2025-03-05 15:30:35.522150+00:00,36,0.93,yes,KXFEDDECISION-25MAR-C25,f071272f-6137-4147-a17b-37c8bea4457d,0.07
2025-03-05 15:30:35.522150+00:00,146,0.93,yes,KXFEDDECISION-25MAR-C25,bb8189eb-4ab0-45be-aae4-d511a29307be,0.07
2025-03-05 15:30:35.522150+00:00,100,0.93,yes,KXFEDDECISION-25MAR-C25,c1e166b4-e0f9-4a4d-aef9-cdb32a77e28c,0.07
2025-03-05 15:43:30.455931+00:00,97,0.94,no,KXFEDDECISION-25MAR-C25,9af0f475-e296-4cf7-9641-2f620c931ba3,0.06
2025-03-05 15:47:32.069614+00:00,62,0.93,yes,KXFEDDECISION-25MAR-C25,fbe29375-ba44-4972-80f4-6048bfcb487b,0.07
2025-03-05 17:02:34.116160+00:00,1,0.95,no,KXFEDDECISION-25MAR-C25,a6f9ed53-d66d-4b7b-ba9c-cf107c4d03e9,0.05
2025-03-05 17:02:34.116160+00:00,1,0.95,no,KXFEDDECISION-25MAR-C25,a6e07262-ab43-43dc-95d1-5ba7d20f9110,0.05
2025-03-05 17:02:34.116160+00:00,1,0.95,no,KXFEDDECISION-25MAR-C25,9e819fe0-88b7-47a2-8d09-d987b0f84eab,0.05
2025-03-05 17:02:34.116160+00:00,1,0.95,no,KXFEDDECISION-25MAR-C25,9aa7b3d7-e0b3-4d90-8f4c-d36eea358ff1,0.05
2025-03-05 17:02:34.116160+00:00,1,0.95,no,KXFEDDECISION-25MAR-C25,948498b7-7111-4109-bf0d-c226d132c1b1,0.05
2025-03-05 17:02:34.116160+00:00,1,0.95,no,KXFEDDECISION-25MAR-C25,a736c460-8e20-4d3e-8f30-a6e4bdf515ac,0.05
2025-03-05 17:02:34.116160+00:00,1,0.95,no,KXFEDDECISION-25MAR-C25,8aa986ab-e242-491f-b44d-86a3a5b95ff8,0.05
2025-03-05 17:02:34.116160+00:00,1,0.95,no,KXFEDDECISION-25MAR-C25,812db1a9-5c1d-4a98-a2b0-b4f720ee8872,0.05
2025-03-05 17:02:34.116160+00:00,1,0.95,no,KXFEDDECISION-25MAR-C25,79657ca0-efba-4a3a-9d55-4e32186f5d57,0.05
2025-03-05 17:02:34.116160+00:00,1,0.95,no,KXFEDDECISION-25MAR-C25,787944d2-6109-4a13-8994-6aee13a5a2bf,0.05
2025-03-05 17:02:34.116160+00:00,1,0.95,no,KXFEDDECISION-25MAR-C25,77a7104f-1cbf-4db0-80c6-8d055add25d4,0.05
2025-03-05 17:02:34.116160+00:00,1,0.95,no,KXFEDDECISION-25MAR-C25,8f777b12-80dd-41c1-b18f-f8f96a823711,0.05
2025-03-05 17:02:34.116160+00:00,1,0.95,no,KXFEDDECISION-25MAR-C25,afa28ab7-d3ee-44a4-af10-fdbffd8be194,0.05
2025-03-05 17:02:34.116160+00:00,1,0.95,no,KXFEDDECISION-25MAR-C25,dbddac72-8f2d-4bb8-8243-c87cd9f415ad,0.05
2025-03-05 17:02:34.116160+00:00,1,0.95,no,KXFEDDECISION-25MAR-C25,b4d2a31f-d5d4-4fcf-b4fe-6aa98d741ce4,0.05
2025-03-05 17:02:34.116160+00:00,1,0.95,no,KXFEDDECISION-25MAR-C25,b66c0427-7445-47a6-af1d-f011f993a193,0.05
2025-03-05 17:02:34.116160+00:00,1,0.95,no,KXFEDDECISION-25MAR-C25,c01f1ec8-3328-44d7-bbda-2d930b9f8128,0.05
2025-03-05 17:02:34.116160+00:00,1,0.95,no,KXFEDDECISION-25MAR-C25,c47a8950-8e6a-445a-9901-6132d096f4bb,0.05
2025-03-05 17:02:34.116160+00:00,1,0.95,no,KXFEDDECISION-25MAR-C25,c5488f93-33ef-4c6a-91f8-4424f0920c78,0.05
2025-03-05 17:02:34.116160+00:00,1,0.95,no,KXFEDDECISION-25MAR-C25,c5c0d377-ad71-4adb-8f8f-adfd07d3e429,0.05
2025-03-05 17:02:34.116160+00:00,1,0.95,no,KXFEDDECISION-25MAR-C25,d9341f2f-1a8b-43b1-8906-044d3b77a8af,0.05
2025-03-05 17:02:34.116160+00:00,1,0.95,no,KXFEDDECISION-25MAR-C25,77007023-8e74-4d1e-a71f-33d7eecf67cb,0.05
2025-03-05 17:02:34.116160+00:00,1,0.95,no,KXFEDDECISION-25MAR-C25,eef72883-8f40-4fc9-a547-5107b83da1d1,0.05
2025-03-05 17:02:34.116160+00:00,1,0.95,no,KXFEDDECISION-25MAR-C25,f059c12c-d11d-47b2-8fa4-dd7049cee66c,0.05
2025-03-05 17:02:34.116160+00:00,1,0.95,no,KXFEDDECISION-25MAR-C25,f5fd9aca-af96-4814-9ece-99610f0e3b1f,0.05
2025-03-05 17:02:34.116160+00:00,1,0.95,no,KXFEDDECISION-25MAR-C25,fe7746a2-ca2f-4aee-b777-758b3b980b66,0.05
2025-03-05 17:02:34.116160+00:00,2389,0.95,no,KXFEDDECISION-25MAR-C25,afb92a92-6f96-4e27-bc70-fe620ac847ba,0.05
2025-03-05 17:02:34.116160+00:00,1,0.95,no,KXFEDDECISION-25MAR-C25,e48803be-e80d-454a-9b56-dfffe077e929,0.05
2025-03-05 17:02:34.116160+00:00,1,0.95,no,KXFEDDECISION-25MAR-C25,715cb700-e892-46a3-9955-7d14f98f98cf,0.05
2025-03-05 17:02:34.116160+00:00,1,0.95,no,KXFEDDECISION-25MAR-C25,078140c9-8351-49c3-b32a-e33e9d399e5f,0.05
2025-03-05 17:02:34.116160+00:00,1,0.95,no,KXFEDDECISION-25MAR-C25,003cfa5b-29f2-478d-b285-986e5281de46,0.05
2025-03-05 17:02:34.116160+00:00,1,0.95,no,KXFEDDECISION-25MAR-C25,056bcf62-b755-43fc-b4ff-04abe3b38658,0.05
2025-03-05 17:02:34.116160+00:00,1,0.95,no,KXFEDDECISION-25MAR-C25,068f713b-3079-4ac1-ba84-bf60b87d9c04,0.05
2025-03-05 17:02:34.116160+00:00,2000,0.95,no,KXFEDDECISION-25MAR-C25,6c817f0f-fc7c-474d-b14e-718dace00199,0.05
2025-03-05 17:02:34.116160+00:00,1,0.95,no,KXFEDDECISION-25MAR-C25,114c7173-13ba-425a-b494-4fd0617de4e1,0.05
2025-03-05 17:02:34.116160+00:00,1,0.95,no,KXFEDDECISION-25MAR-C25,18b74c84-c058-478d-a2b0-1c881deeaacd,0.05
2025-03-05 17:02:34.116160+00:00,1,0.95,no,KXFEDDECISION-25MAR-C25,1b71ac63-cb75-4a04-ad66-7955e94e644d,0.05
2025-03-05 17:02:34.116160+00:00,1,0.95,no,KXFEDDECISION-25MAR-C25,24baed89-d2c6-4d4d-8302-ae4f06df93e7,0.05
2025-03-05 17:02:34.116160+00:00,1,0.95,no,KXFEDDECISION-25MAR-C25,2cd69afe-4d1d-47fb-9a41-9a559f201f26,0.05
2025-03-05 17:02:34.116160+00:00,1,0.95,no,KXFEDDECISION-25MAR-C25,2e8bc495-1d0d-49da-b46f-67f528662513,0.05
2025-03-05 17:02:34.116160+00:00,1,0.95,no,KXFEDDECISION-25MAR-C25,2f24b407-e24d-4425-a9e8-0082d5157f4e,0.05
2025-03-05 17:02:34.116160+00:00,1,0.95,no,KXFEDDECISION-25MAR-C25,352734ee-417a-46e8-910b-9a34603ef5de,0.05
2025-03-05 17:02:34.116160+00:00,1,0.95,no,KXFEDDECISION-25MAR-C25,35c5a6a4-dcdc-459b-b2dd-19b21f16fb2b,0.05
2025-03-05 17:02:34.116160+00:00,1,0.95,no,KXFEDDECISION-25MAR-C25,377edded-9d8a-44d8-b817-2ebb6b0b9caa,0.05
2025-03-05 17:02:34.116160+00:00,1,0.95,no,KXFEDDECISION-25MAR-C25,6cf22d7f-23a5-4377-add1-4cb5e20ad959,0.05
2025-03-05 17:02:34.116160+00:00,1,0.95,no,KXFEDDECISION-25MAR-C25,43fffaa0-9158-4923-b48f-4df60ba800eb,0.05
2025-03-05 17:02:34.116160+00:00,1,0.95,no,KXFEDDECISION-25MAR-C25,6c120e74-5a64-4612-870c-54006f1e92ac,0.05
2025-03-05 17:02:34.116160+00:00,1,0.95,no,KXFEDDECISION-25MAR-C25,6c0c25dc-331a-4238-918f-29e3b92ca6c6,0.05
2025-03-05 17:02:34.116160+00:00,1,0.95,no,KXFEDDECISION-25MAR-C25,6837e808-02d9-42e8-88a2-840613d6488b,0.05
2025-03-05 17:02:34.116160+00:00,1,0.95,no,KXFEDDECISION-25MAR-C25,595a36f9-84a8-49fe-86fb-a8be1f8661cb,0.05
2025-03-05 17:02:34.116160+00:00,1,0.95,no,KXFEDDECISION-25MAR-C25,3e576958-6505-4758-b68e-20e10ae9a0d4,0.05
2025-03-05 17:02:34.116160+00:00,1,0.95,no,KXFEDDECISION-25MAR-C25,543ce87c-390c-44bd-a2e3-90165a4e3aaf,0.05
2025-03-05 17:02:34.116160+00:00,1,0.95,no,KXFEDDECISION-25MAR-C25,54fee1ff-53d4-4570-b348-432e0fe280d5,0.05
2025-03-05 17:02:34.116160+00:00,1,0.95,no,KXFEDDECISION-25MAR-C25,4f533366-c47a-42a6-8eac-a85b698d7496,0.05
2025-03-05 17:02:34.116160+00:00,1,0.95,no,KXFEDDECISION-25MAR-C25,4d97a360-a857-4dba-ab24-3e486eba3a00,0.05
2025-03-05 17:02:34.116160+00:00,1,0.95,no,KXFEDDECISION-25MAR-C25,4bf9c3d8-cf20-47fe-877f-808d32eb9e44,0.05
2025-03-05 17:02:34.116160+00:00,1,0.95,no,KXFEDDECISION-25MAR-C25,4b26a89a-05c9-4cf7-a339-57b7df764734,0.05
2025-03-05 17:02:34.116160+00:00,1,0.95,no,KXFEDDECISION-25MAR-C25,460726d8-c384-4143-afe1-ecd894cea9cd,0.05
2025-03-05 17:02:34.116160+00:00,1,0.95,no,KXFEDDECISION-25MAR-C25,45a89ef4-3391-4d8e-90a9-9e2424e1f9bf,0.05
2025-03-05 17:02:34.116160+00:00,1,0.95,no,KXFEDDECISION-25MAR-C25,50b01c12-e278-4f69-86fe-441936958b21,0.05
2025-03-05 17:34:42.546270+00:00,5,0.95,yes,KXFEDDECISION-25MAR-C25,3f0fd6bc-9f40-42e0-aa35-d0eb577b785b,0.05
2025-03-05 18:00:27.564489+00:00,98,0.96,no,KXFEDDECISION-25MAR-C25,6566385e-8283-4366-ba63-7faaf78036e8,0.04
2025-03-05 20:34:55.486511+00:00,100,0.96,no,KXFEDDECISION-25MAR-C25,d64fe7c5-4ce7-44e2-b3cd-a5f7ee3df68b,0.04
2025-03-05 22:23:24.732529+00:00,2000,0.95,yes,KXFEDDECISION-25MAR-C25,f9189929-dd6f-4a49-9b01-f1a3690bf834,0.05
2025-03-05 22:23:24.732529+00:00,5735,0.94,yes,KXFEDDECISION-25MAR-C25,f5f134e4-1c6c-4b5c-8be1-1ac959ab68e2,0.06
2025-03-05 22:23:24.732529+00:00,5,0.95,yes,KXFEDDECISION-25MAR-C25,59d1f771-6f02-456f-8fb3-912d6977be4d,0.05
2025-03-05 22:23:24.732529+00:00,98,0.95,yes,KXFEDDECISION-25MAR-C25,64823e2e-c6fb-453c-881c-b121d37962b5,0.05
2025-03-05 22:23:24.732529+00:00,200,0.95,yes,KXFEDDECISION-25MAR-C25,4e6db6f1-ff3c-4e93-9f8b-0d3a0e59b08f,0.05
2025-03-05 22:23:24.732529+00:00,25,0.95,yes,KXFEDDECISION-25MAR-C25,6fb09ecd-c7c4-4840-a9f6-f5bcdfc0f7d8,0.05
2025-03-06 04:31:52.950354+00:00,31,0.97,no,KXFEDDECISION-25MAR-C25,01bd19a0-ac29-4c9d-a95d-c8b969e52426,0.03
2025-03-06 04:34:24.726444+00:00,100,0.97,no,KXFEDDECISION-25MAR-C25,51e1559b-2a2c-4f7a-9eba-96d272369c3d,0.03
2025-03-06 04:34:24.726444+00:00,87,0.97,no,KXFEDDECISION-25MAR-C25,5dbed3b6-500f-491f-bda9-1f635b17bbb8,0.03
2025-03-06 04:34:24.726444+00:00,1373,0.97,no,KXFEDDECISION-25MAR-C25,82223c7a-99c2-4ecd-8685-407bee521b5f,0.03
2025-03-06 13:32:14.856618+00:00,1000,0.95,yes,KXFEDDECISION-25MAR-C25,fe9d9d39-55f4-4da5-9a78-550636f7a454,0.05
2025-03-06 13:32:14.856618+00:00,1000,0.95,yes,KXFEDDECISION-25MAR-C25,ec33986e-e43d-40c1-b4c7-afc12d815380,0.05
2025-03-06 13:32:14.856618+00:00,2,0.95,yes,KXFEDDECISION-25MAR-C25,b891686c-fb42-409c-bcba-bf1e419b3d76,0.05
2025-03-06 13:32:14.856618+00:00,100,0.95,yes,KXFEDDECISION-25MAR-C25,676ad56d-c3d2-4740-9ee1-b79b6fdbd351,0.05
2025-03-06 13:32:14.856618+00:00,30,0.95,yes,KXFEDDECISION-25MAR-C25,4c988136-6fb6-413f-b1cd-ffc232f53372,0.05
2025-03-06 13:32:14.856618+00:00,200,0.95,yes,KXFEDDECISION-25MAR-C25,e210091c-b7d1-47f5-b46e-1f1c23fbea20,0.05
2025-03-06 13:42:20.044721+00:00,46,0.94,yes,KXFEDDECISION-25MAR-C25,f87ab8d4-30a3-47c6-8514-98f3b9a9b6bc,0.06
2025-03-06 14:11:38.471862+00:00,954,0.94,yes,KXFEDDECISION-25MAR-C25,28572218-f759-4949-8bb2-f469babf4380,0.06
2025-03-06 14:11:38.471862+00:00,609,0.94,yes,KXFEDDECISION-25MAR-C25,95e7453d-18aa-44a3-a9ca-b9d67ce7de77,0.06
2025-03-06 19:16:21.239011+00:00,1000,0.94,yes,KXFEDDECISION-25MAR-C25,ed901ab1-39b1-43b7-aa78-ccb07d1288bf,0.06
2025-03-06 19:17:22.528867+00:00,1000,0.93,yes,KXFEDDECISION-25MAR-C25,1116541b-a774-49f6-b185-62e3b4b9089f,0.07
2025-03-06 20:33:34.145780+00:00,100,0.92,yes,KXFEDDECISION-25MAR-C25,f7231023-0bdb-4a17-ace7-53a585ac8a21,0.08
2025-03-06 20:33:34.145780+00:00,100,0.92,yes,KXFEDDECISION-25MAR-C25,13b1d914-9254-4fab-894b-edd457d3cc9d,0.08
2025-03-06 20:33:39.361696+00:00,1,0.91,yes,KXFEDDECISION-25MAR-C25,0cf2b68f-5180-4ceb-8b38-603e68e56be4,0.09
2025-03-06 20:33:39.361696+00:00,1,0.91,yes,KXFEDDECISION-25MAR-C25,530dd2e2-e09f-43ca-b661-1ad09db29824,0.09
2025-03-06 20:33:39.361696+00:00,1,0.91,yes,KXFEDDECISION-25MAR-C25,5b5b2220-c6ab-45ee-bfe4-244be911cbe6,0.09
2025-03-06 20:33:39.361696+00:00,100,0.91,yes,KXFEDDECISION-25MAR-C25,9af32ad6-0b2c-4658-940c-a6a9437fea1a,0.09
2025-03-06 20:33:39.361696+00:00,1,0.91,yes,KXFEDDECISION-25MAR-C25,a3cdc4b3-af73-4090-ae21-add1a105622d,0.09
2025-03-06 20:33:39.361696+00:00,1,0.91,yes,KXFEDDECISION-25MAR-C25,a4af9e3d-65ab-4f50-af99-145b542502b2,0.09
2025-03-06 20:33:39.361696+00:00,1,0.91,yes,KXFEDDECISION-25MAR-C25,af3efba3-ff59-48ed-a3a9-11d77b98140a,0.09
2025-03-06 20:33:39.361696+00:00,1,0.91,yes,KXFEDDECISION-25MAR-C25,c5cae986-2f37-4e91-8433-bbd7f04631b7,0.09
2025-03-06 20:33:39.361696+00:00,1,0.91,yes,KXFEDDECISION-25MAR-C25,ee6203ea-405b-4e98-9064-026631c03ba3,0.09
2025-03-06 20:33:39.478186+00:00,502,0.91,no,KXFEDDECISION-25MAR-C25,1ff65d9e-655b-47b1-89f3-b39df9699d6d,0.09
2025-03-06 20:33:40.331556+00:00,502,0.91,no,KXFEDDECISION-25MAR-C25,c97fdae0-d095-4e1b-b041-d51a1d49838c,0.09
2025-03-06 20:33:41.198588+00:00,502,0.91,no,KXFEDDECISION-25MAR-C25,dbb58bf5-b7bc-4fe8-a555-46503d6c7e40,0.09
2025-03-06 20:33:42.064332+00:00,502,0.91,no,KXFEDDECISION-25MAR-C25,76b50314-5886-44bb-86ed-c748e6b61928,0.09
2025-03-06 20:33:42.962710+00:00,502,0.91,no,KXFEDDECISION-25MAR-C25,045de3c0-023f-4645-8c53-ee6b0b1dc160,0.09
2025-03-06 20:33:43.949705+00:00,502,0.91,no,KXFEDDECISION-25MAR-C25,3a483698-fa56-452e-8f30-787bd2d19bab,0.09
2025-03-06 20:33:44.862951+00:00,502,0.91,no,KXFEDDECISION-25MAR-C25,776dce8c-d507-4c40-8710-c11457a5cce5,0.09
2025-03-06 20:33:45.778712+00:00,502,0.91,no,KXFEDDECISION-25MAR-C25,9869661f-27b1-4ecb-b4c3-8de41a58b806,0.09
2025-03-06 20:33:46.695906+00:00,502,0.91,no,KXFEDDECISION-25MAR-C25,af0e9e79-0a3d-4bb4-ae69-48b0846ec120,0.09
2025-03-06 20:33:47.592459+00:00,480,0.91,no,KXFEDDECISION-25MAR-C25,feda76c9-1f61-4d0b-add0-18c0a71b14e7,0.09
2025-03-06 21:07:34.645674+00:00,1,0.93,no,KXFEDDECISION-25MAR-C25,efa7fc86-f838-442c-9ce1-ab03658bf53e,0.07
2025-03-06 21:07:34.645674+00:00,10,0.93,no,KXFEDDECISION-25MAR-C25,dd90d004-54db-49d5-bb1b-7b13fad674fa,0.07
2025-03-06 21:07:34.645674+00:00,9,0.93,no,KXFEDDECISION-25MAR-C25,d8c7ba73-fb2d-48b6-b415-ca4842f1fa5f,0.07
2025-03-06 21:07:34.645674+00:00,1,0.93,no,KXFEDDECISION-25MAR-C25,c9963899-03e6-4cf3-b167-4c17dd5b1ae1,0.07
2025-03-06 21:07:34.645674+00:00,10,0.93,no,KXFEDDECISION-25MAR-C25,a792cfba-d1b2-4533-8d26-22519e619913,0.07
2025-03-06 21:07:34.645674+00:00,9,0.93,no,KXFEDDECISION-25MAR-C25,956c1ec1-d905-4293-ba4d-a5e91ec3364f,0.07
2025-03-06 21:07:34.645674+00:00,8,0.93,no,KXFEDDECISION-25MAR-C25,925ef223-f0d0-468b-b69c-f4d645504180,0.07
2025-03-06 21:07:34.645674+00:00,1,0.93,no,KXFEDDECISION-25MAR-C25,6679964e-fef5-48c5-b7ec-4fec76a6debb,0.07
2025-03-06 21:07:34.645674+00:00,8,0.93,no,KXFEDDECISION-25MAR-C25,7842303b-ee77-438e-9fc0-9dbce2f4f798,0.07
2025-03-06 21:07:34.645674+00:00,1,0.93,no,KXFEDDECISION-25MAR-C25,66af5552-f3a0-46b7-a3bf-d42b8f4260b7,0.07
2025-03-06 21:07:34.645674+00:00,11,0.93,no,KXFEDDECISION-25MAR-C25,6351fe62-c5c9-43b3-8afd-465e45e0732c,0.07
2025-03-06 21:07:34.645674+00:00,11,0.93,no,KXFEDDECISION-25MAR-C25,5d6236cb-dbe5-43fd-bb8b-e1018c148c01,0.07
2025-03-06 21:07:34.645674+00:00,10,0.93,no,KXFEDDECISION-25MAR-C25,58386fb5-8f6a-44ba-a683-457ae1f1301f,0.07
2025-03-06 21:07:34.645674+00:00,10,0.93,no,KXFEDDECISION-25MAR-C25,44d16587-4092-475a-aa09-8ce9accf6658,0.07
2025-03-06 21:07:34.645674+00:00,8,0.93,no,KXFEDDECISION-25MAR-C25,364a05fc-d9c1-4ec1-a588-3efdfcb7b06c,0.07
2025-03-06 21:07:34.645674+00:00,8,0.93,no,KXFEDDECISION-25MAR-C25,791ada2c-9ffd-4ec3-8dd4-69ec2221929d,0.07
2025-03-06 23:01:10.509788+00:00,1,0.93,yes,KXFEDDECISION-25MAR-C25,e6344f08-47a3-414b-abc4-0f6771fce158,0.07
2025-03-06 23:01:10.509788+00:00,1,0.93,yes,KXFEDDECISION-25MAR-C25,84b9c4ba-ab8d-4bf7-b2c4-2c5830a620f4,0.07
2025-03-06 23:01:10.509788+00:00,1,0.93,yes,KXFEDDECISION-25MAR-C25,5e6f36b3-1c46-4267-b271-022d4106c74b,0.07
2025-03-06 23:01:10.509788+00:00,1,0.93,yes,KXFEDDECISION-25MAR-C25,1507af09-cfe0-41d7-ae7b-f87361e16229,0.07
2025-03-06 23:01:10.509788+00:00,1,0.93,yes,KXFEDDECISION-25MAR-C25,0c4e2fcb-996f-4711-ad5f-862b46fbd9af,0.07
2025-03-06 23:01:10.509788+00:00,1,0.93,yes,KXFEDDECISION-25MAR-C25,58c203de-5ab7-429a-bb18-c68f8d71c408,0.07
2025-03-06 23:04:28.895508+00:00,11,0.93,yes,KXFEDDECISION-25MAR-C25,fd3ab6d9-3db5-4cf6-b5df-a7e46ab73e90,0.07
2025-03-06 23:04:28.895508+00:00,1,0.93,yes,KXFEDDECISION-25MAR-C25,f711ae91-2ade-4fae-897e-884704671731,0.07
2025-03-06 23:04:28.895508+00:00,9,0.93,yes,KXFEDDECISION-25MAR-C25,ee0064f2-ac97-417e-a2c3-928cf84daca9,0.07
2025-03-06 23:04:28.895508+00:00,1,0.93,yes,KXFEDDECISION-25MAR-C25,d4b405c6-4a2c-4a15-a71c-88cc285d9205,0.07
2025-03-06 23:04:28.895508+00:00,1,0.93,yes,KXFEDDECISION-25MAR-C25,b075a249-7ec5-4129-8760-9d0fec68611e,0.07
2025-03-06 23:04:28.895508+00:00,11,0.93,yes,KXFEDDECISION-25MAR-C25,a0f14cce-020c-4509-be20-e30583b54f34,0.07
2025-03-06 23:04:28.895508+00:00,1,0.93,yes,KXFEDDECISION-25MAR-C25,9ad7c728-a893-4b1f-8600-d4bb929b466e,0.07
2025-03-06 23:04:28.895508+00:00,1,0.93,yes,KXFEDDECISION-25MAR-C25,6efe960b-6582-40fb-878f-49bad12ebc4c,0.07
2025-03-06 23:04:28.895508+00:00,1,0.93,yes,KXFEDDECISION-25MAR-C25,8ebc1a09-6d49-4782-902f-bff607a3061b,0.07
2025-03-06 23:04:28.895508+00:00,1,0.93,yes,KXFEDDECISION-25MAR-C25,6bbbbb9b-b372-4e5e-8192-4477eb5c9f79,0.07
2025-03-06 23:04:28.895508+00:00,1,0.93,yes,KXFEDDECISION-25MAR-C25,4553f35b-9857-4940-802f-3922aba9d6d6,0.07
2025-03-06 23:04:28.895508+00:00,1,0.93,yes,KXFEDDECISION-25MAR-C25,3a216d58-cd77-4237-a21f-c823bd9ad7db,0.07
2025-03-06 23:04:28.895508+00:00,1,0.93,yes,KXFEDDECISION-25MAR-C25,27efdcff-a7f0-469b-8883-c18e12b73968,0.07
2025-03-06 23:04:28.895508+00:00,1,0.93,yes,KXFEDDECISION-25MAR-C25,257aec78-4782-4eeb-b560-f6017983eaef,0.07
2025-03-06 23:04:28.895508+00:00,1,0.93,yes,KXFEDDECISION-25MAR-C25,1c82be7e-9498-4203-b093-cf7ed3373d16,0.07
2025-03-06 23:04:28.895508+00:00,1,0.93,yes,KXFEDDECISION-25MAR-C25,10caded4-8b4c-436f-8a8f-068851b23c18,0.07
2025-03-06 23:04:28.895508+00:00,9,0.93,yes,KXFEDDECISION-25MAR-C25,0ef7a5f7-4007-4774-b909-1085989513ef,0.07
2025-03-06 23:04:28.895508+00:00,1,0.93,yes,KXFEDDECISION-25MAR-C25,6e429623-a8a5-4cdf-978a-b02412722af7,0.07
2025-03-06 23:07:01.050911+00:00,8,0.92,yes,KXFEDDECISION-25MAR-C25,e5cde8dd-d48a-4dae-8cdb-1d807022466e,0.08
2025-03-06 23:07:01.050911+00:00,9,0.92,yes,KXFEDDECISION-25MAR-C25,e194b2c2-35ea-4bfc-af56-369fe545fc69,0.08
2025-03-06 23:07:01.050911+00:00,11,0.92,yes,KXFEDDECISION-25MAR-C25,49d61057-01d6-43fd-a027-b728266d3243,0.08
2025-03-06 23:07:01.050911+00:00,8,0.92,yes,KXFEDDECISION-25MAR-C25,03e9fe41-09e2-4258-85cc-63bf06a76434,0.08
2025-03-06 23:07:01.050911+00:00,10,0.92,yes,KXFEDDECISION-25MAR-C25,d253ff79-1f45-44eb-97d3-255835b0e660,0.08
2025-03-07 00:50:49.744261+00:00,14,0.95,no,KXFEDDECISION-25MAR-C25,ac80ec93-3a6e-4df7-a33a-6dbc82344f37,0.05
2025-03-07 00:50:49.744261+00:00,18,0.96,no,KXFEDDECISION-25MAR-C25,8dec147b-0e00-408c-ba16-3e74d5a5f5cc,0.04
2025-03-07 00:50:49.744261+00:00,10,0.95,no,KXFEDDECISION-25MAR-C25,8fc96c86-f78a-4fc7-9758-458ae90e5d32,0.05
2025-03-07 00:50:49.744261+00:00,10,0.95,no,KXFEDDECISION-25MAR-C25,9308fa53-fb75-4a9b-aa44-781475427cca,0.05
2025-03-07 00:50:49.744261+00:00,10,0.95,no,KXFEDDECISION-25MAR-C25,a59894ad-616e-4a2e-923a-21b1e9bc45b8,0.05
2025-03-07 00:50:49.744261+00:00,10,0.95,no,KXFEDDECISION-25MAR-C25,aeda5c8f-5c2d-4658-a3ae-bf24675f5bef,0.05
2025-03-07 00:50:49.744261+00:00,14,0.95,no,KXFEDDECISION-25MAR-C25,fff430d2-4e00-4033-92e3-504106c5e463,0.05
2025-03-07 00:50:49.744261+00:00,4,0.95,no,KXFEDDECISION-25MAR-C25,d03982e5-9f5a-439c-bc5a-33f7ee0d23d7,0.05
2025-03-07 00:50:49.744261+00:00,14,0.95,no,KXFEDDECISION-25MAR-C25,d3c48177-8239-4997-9c8d-9f3ca2a597f2,0.05
2025-03-07 00:50:49.744261+00:00,14,0.95,no,KXFEDDECISION-25MAR-C25,dd7da6b9-21aa-4849-8e6b-d17fffac76b3,0.05
2025-03-07 00:50:49.744261+00:00,10,0.95,no,KXFEDDECISION-25MAR-C25,f02d9631-f342-438c-864a-37758197dcf8,0.05
2025-03-07 00:50:49.744261+00:00,2,0.95,no,KXFEDDECISION-25MAR-C25,f0ca33cc-42d4-4d36-9cb6-6c5e33d0d68a,0.05
2025-03-07 00:50:49.744261+00:00,2,0.95,no,KXFEDDECISION-25MAR-C25,ba3c4606-a6a7-4010-bb02-ef00b9180e28,0.05
2025-03-07 00:50:49.744261+00:00,4,0.95,no,KXFEDDECISION-25MAR-C25,8c9af0b2-65bb-42e7-a10f-e8a9bd0762de,0.05
2025-03-07 00:50:49.744261+00:00,10,0.95,no,KXFEDDECISION-25MAR-C25,65f6fec7-b107-4066-a7b3-5f1eb02beb41,0.05
2025-03-07 00:50:49.744261+00:00,14,0.95,no,KXFEDDECISION-25MAR-C25,61718779-a2e7-4e59-a3ab-bdd1afccea39,0.05
2025-03-07 00:50:49.744261+00:00,14,0.95,no,KXFEDDECISION-25MAR-C25,0ddb05d5-c879-4c4f-80c3-e9f4274dfb61,0.05
2025-03-07 00:50:49.744261+00:00,14,0.95,no,KXFEDDECISION-25MAR-C25,76b07791-40eb-4605-889d-431d134ea800,0.05
2025-03-07 00:50:49.744261+00:00,4,0.95,no,KXFEDDECISION-25MAR-C25,18d1221f-f5e2-46fb-a2f9-30c49a21627e,0.05
2025-03-07 00:50:49.744261+00:00,14,0.95,no,KXFEDDECISION-25MAR-C25,27843593-bac7-407a-b86a-7f976ead3178,0.05
2025-03-07 00:50:49.744261+00:00,10,0.95,no,KXFEDDECISION-25MAR-C25,293d63f9-bd31-448a-abbb-02a90aed7fa0,0.05
2025-03-07 00:50:49.744261+00:00,10,0.95,no,KXFEDDECISION-25MAR-C25,44dec592-f994-491d-8728-f99613bc24d6,0.05
2025-03-07 00:50:49.744261+00:00,14,0.95,no,KXFEDDECISION-25MAR-C25,146f3aa4-a972-4005-8652-61055c5dd66c,0.05
2025-03-07 00:50:49.744261+00:00,2,0.95,no,KXFEDDECISION-25MAR-C25,4a05de2d-8c46-439b-b432-10aafb390465,0.05
2025-03-07 00:50:49.744261+00:00,14,0.95,no,KXFEDDECISION-25MAR-C25,4a261657-378c-41c9-b41f-60f99eb50844,0.05
2025-03-07 00:50:49.744261+00:00,2,0.95,no,KXFEDDECISION-25MAR-C25,58384c07-3ac8-4782-9c10-45c5ebc02670,0.05
2025-03-07 00:50:49.744261+00:00,10,0.95,no,KXFEDDECISION-25MAR-C25,5bf5dc71-d7cb-4a44-a37f-788f39bd3796,0.05
2025-03-07 00:50:49.744261+00:00,10,0.95,no,KXFEDDECISION-25MAR-C25,5d4cd903-a35b-4b89-b25d-068e287d1f88,0.05
2025-03-07 00:50:49.744261+00:00,4,0.95,no,KXFEDDECISION-25MAR-C25,47179e36-0fb0-4d59-962f-24fc0a348afe,0.05
2025-03-07 01:16:35.280977+00:00,9,0.93,yes,KXFEDDECISION-25MAR-C25,e5b1d473-da0d-4ee2-95f4-e0aab6fe0859,0.07
2025-03-07 01:16:35.280977+00:00,9,0.93,yes,KXFEDDECISION-25MAR-C25,d41d8d18-6fe7-4c46-b93d-fb3376153828,0.07
2025-03-07 01:16:35.280977+00:00,1,0.93,yes,KXFEDDECISION-25MAR-C25,c6e26242-c542-4c47-81b3-9eb2b2389523,0.07
2025-03-07 01:16:35.280977+00:00,1,0.93,yes,KXFEDDECISION-25MAR-C25,abe35bc7-a030-41dd-99db-f9cdafa611fa,0.07
2025-03-07 01:16:35.280977+00:00,9,0.93,yes,KXFEDDECISION-25MAR-C25,986b4e3d-d74e-4c2e-85e9-4071dfb47673,0.07
2025-03-07 01:16:35.280977+00:00,2,0.93,yes,KXFEDDECISION-25MAR-C25,9305126b-a592-495e-a338-0ed809ae5de8,0.07
2025-03-07 01:16:35.280977+00:00,4,0.93,yes,KXFEDDECISION-25MAR-C25,9289f81f-e92f-491b-b85f-84ce24398470,0.07
2025-03-07 01:16:35.280977+00:00,13,0.93,yes,KXFEDDECISION-25MAR-C25,8366e4e0-f1b1-4a11-a106-85da41ef087d,0.07
2025-03-07 01:16:35.280977+00:00,9,0.93,yes,KXFEDDECISION-25MAR-C25,919aae0c-7823-42da-9582-16a5418e2273,0.07
2025-03-07 01:16:35.280977+00:00,14,0.93,yes,KXFEDDECISION-25MAR-C25,81439a59-5fd6-4511-9046-31930c6c4a84,0.07
2025-03-07 01:16:35.280977+00:00,14,0.93,yes,KXFEDDECISION-25MAR-C25,60c9f161-41d1-4feb-9150-aaccb659c121,0.07
2025-03-07 01:16:35.280977+00:00,2,0.93,yes,KXFEDDECISION-25MAR-C25,70e6ad7c-405f-4435-8748-f9f3240e16cc,0.07
2025-03-07 01:16:35.280977+00:00,10,0.93,yes,KXFEDDECISION-25MAR-C25,03978cac-1d6a-423d-990d-2866d4e0c0c2,0.07
2025-03-07 01:16:35.280977+00:00,10,0.93,yes,KXFEDDECISION-25MAR-C25,15e9921f-4553-41b3-8083-87a79350d584,0.07
2025-03-07 01:16:35.280977+00:00,1,0.93,yes,KXFEDDECISION-25MAR-C25,19518f20-60b0-4d99-9582-4434f8feab81,0.07
2025-03-07 01:16:35.280977+00:00,1,0.93,yes,KXFEDDECISION-25MAR-C25,2289a9e3-0bc8-4d35-bc84-f230a5bed88a,0.07
2025-03-07 01:16:35.280977+00:00,1,0.93,yes,KXFEDDECISION-25MAR-C25,7f3be02e-c3ea-413b-b9e9-d2666532dd2d,0.07
2025-03-07 01:16:35.280977+00:00,10,0.93,yes,KXFEDDECISION-25MAR-C25,537b0088-34b5-4564-a1ab-5d5174ebc7a6,0.07
2025-03-07 01:16:35.280977+00:00,9,0.93,yes,KXFEDDECISION-25MAR-C25,65c3e68b-7b3d-4360-8218-422c52479c43,0.07
2025-03-07 01:16:35.280977+00:00,2,0.93,yes,KXFEDDECISION-25MAR-C25,344e33fd-6816-4aa1-ae24-936d5e5bfe16,0.07
2025-03-07 01:16:35.280977+00:00,1,0.93,yes,KXFEDDECISION-25MAR-C25,564c414a-23e5-47ab-9dd5-8bf5a60ddc6c,0.07
2025-03-07 01:55:09.963528+00:00,11,0.93,yes,KXFEDDECISION-25MAR-C25,09b045e0-f214-4744-b6bf-d65551e44585,0.07
2025-03-07 01:55:09.963528+00:00,1,0.93,yes,KXFEDDECISION-25MAR-C25,298170eb-2a3b-4600-b0b4-d7022c7363bf,0.07
2025-03-07 01:55:09.963528+00:00,10,0.93,yes,KXFEDDECISION-25MAR-C25,42deac9f-7449-41e5-b6c1-f670b60924eb,0.07
2025-03-07 01:55:09.963528+00:00,1,0.93,yes,KXFEDDECISION-25MAR-C25,7eb99c9f-a483-4e50-a048-84a1ea1f2a5f,0.07
2025-03-07 01:55:09.963528+00:00,14,0.93,yes,KXFEDDECISION-25MAR-C25,8e12f03c-50c1-40e6-b6ac-cc14a9afa95f,0.07
2025-03-07 01:55:09.963528+00:00,13,0.93,yes,KXFEDDECISION-25MAR-C25,95b7d31d-b2a7-4fe1-95c2-04c93da7a2a7,0.07
2025-03-07 01:55:09.963528+00:00,13,0.93,yes,KXFEDDECISION-25MAR-C25,96cda2b3-3b9b-4d55-b790-59b6c24ba809,0.07
2025-03-07 01:55:09.963528+00:00,3,0.93,yes,KXFEDDECISION-25MAR-C25,a85dd07a-6a41-440b-af4a-d01d7a7750ef,0.07
2025-03-07 02:34:41.777362+00:00,1,0.93,yes,KXFEDDECISION-25MAR-C25,fb11e9c7-d05b-485f-accf-4920241bc2e3,0.07
2025-03-07 02:34:41.777362+00:00,13,0.93,yes,KXFEDDECISION-25MAR-C25,d48acf34-576d-4794-aa6f-8c86c769646b,0.07
2025-03-07 02:34:41.777362+00:00,2,0.93,yes,KXFEDDECISION-25MAR-C25,beb4c47d-b5d5-4997-887d-d3dc9f580546,0.07
2025-03-07 02:34:41.777362+00:00,6,0.93,yes,KXFEDDECISION-25MAR-C25,a6997582-2316-4d88-a094-470ad12e632a,0.07
2025-03-07 02:34:41.777362+00:00,13,0.93,yes,KXFEDDECISION-25MAR-C25,867d8397-ca04-4c3d-bfa1-42e23b534fbe,0.07
2025-03-07 02:34:41.777362+00:00,13,0.93,yes,KXFEDDECISION-25MAR-C25,594e0bd8-4627-453d-94af-a27468bdf2da,0.07
2025-03-07 02:34:41.777362+00:00,1,0.93,yes,KXFEDDECISION-25MAR-C25,54e839f6-718a-4a7f-b24c-61a8ddbf060b,0.07
2025-03-07 02:34:41.777362+00:00,4,0.93,yes,KXFEDDECISION-25MAR-C25,4d587889-fcd1-4217-895f-c5bec3020a3b,0.07
2025-03-07 02:34:41.777362+00:00,4,0.93,yes,KXFEDDECISION-25MAR-C25,0e2bdba5-51f0-48cf-8cdc-45396b40aea1,0.07
2025-03-07 02:34:41.777362+00:00,1,0.93,yes,KXFEDDECISION-25MAR-C25,0a1a23bb-41e6-4e45-934f-06f364e42a21,0.07
2025-03-07 02:34:41.777362+00:00,242,0.92,yes,KXFEDDECISION-25MAR-C25,6df11dff-4835-4e45-b2d2-40f7848492be,0.08
2025-03-07 02:38:21.856172+00:00,1,0.93,yes,KXFEDDECISION-25MAR-C25,a40702fc-8cda-4c0b-b0ea-91922944d058,0.07
2025-03-07 02:38:21.856172+00:00,1,0.93,yes,KXFEDDECISION-25MAR-C25,fecb5fe5-748a-4a58-9631-b8582092c149,0.07
2025-03-07 02:38:21.856172+00:00,1,0.93,yes,KXFEDDECISION-25MAR-C25,f98b7540-28b1-4c9c-843b-7a420853bd20,0.07
2025-03-07 02:38:21.856172+00:00,1,0.93,yes,KXFEDDECISION-25MAR-C25,f7a1c91a-e70f-4281-b6dd-55070ea68dd1,0.07
2025-03-07 02:38:21.856172+00:00,1,0.93,yes,KXFEDDECISION-25MAR-C25,d5f181af-3213-49d2-9a43-55727d37fa42,0.07
2025-03-07 02:38:21.856172+00:00,1,0.93,yes,KXFEDDECISION-25MAR-C25,d3beeafd-3a2a-42ea-b51f-a8c0364a6527,0.07
2025-03-07 02:38:21.856172+00:00,1,0.93,yes,KXFEDDECISION-25MAR-C25,c1b15789-5437-446f-8200-3a4c7f4fb2d8,0.07
2025-03-07 02:38:21.856172+00:00,1,0.93,yes,KXFEDDECISION-25MAR-C25,b288c9d8-24e1-4b55-950c-ed79517eea72,0.07
2025-03-07 02:38:21.856172+00:00,1,0.93,yes,KXFEDDECISION-25MAR-C25,a69f37f5-3040-4ba6-ac30-855d8e419d02,0.07
2025-03-07 02:38:21.856172+00:00,1,0.93,yes,KXFEDDECISION-25MAR-C25,a1dafc9c-fbd6-4a06-848e-50152c710338,0.07
2025-03-07 02:38:21.856172+00:00,274,0.92,yes,KXFEDDECISION-25MAR-C25,51f71366-9bcd-419c-b7e4-8601c4c669ba,0.08
2025-03-07 02:38:21.856172+00:00,1,0.93,yes,KXFEDDECISION-25MAR-C25,9d9f9798-d192-4c36-9052-03c5a5915fac,0.07
2025-03-07 02:38:21.856172+00:00,1,0.93,yes,KXFEDDECISION-25MAR-C25,8e8edee6-4d9e-4284-8466-70b313e47c76,0.07
2025-03-07 02:38:21.856172+00:00,1,0.93,yes,KXFEDDECISION-25MAR-C25,8b9a38bc-00ce-4d0c-ade1-97c420fb2cef,0.07
2025-03-07 02:38:21.856172+00:00,1,0.93,yes,KXFEDDECISION-25MAR-C25,8a8d0d39-2296-4da7-839a-b180ea81b8d6,0.07
2025-03-07 02:38:21.856172+00:00,1,0.93,yes,KXFEDDECISION-25MAR-C25,7dda44dd-d48b-4e2e-88ec-c7a2651f14d8,0.07
2025-03-07 02:38:21.856172+00:00,1,0.93,yes,KXFEDDECISION-25MAR-C25,62dda00e-bd7f-49c9-be89-6a0c4afaafc1,0.07
2025-03-07 02:38:21.856172+00:00,1,0.93,yes,KXFEDDECISION-25MAR-C25,57585d83-0e95-4ec1-be59-318031a35079,0.07
2025-03-07 02:38:21.856172+00:00,1,0.93,yes,KXFEDDECISION-25MAR-C25,40876474-f983-42a2-a3b7-2783b70310b6,0.07
2025-03-07 02:38:21.856172+00:00,1,0.93,yes,KXFEDDECISION-25MAR-C25,a1a4923a-8132-41b6-9c5c-d04a55df9bac,0.07
2025-03-07 02:38:21.856172+00:00,1,0.93,yes,KXFEDDECISION-25MAR-C25,3d362764-0c00-4309-9fe2-d8a7e318342e,0.07
2025-03-07 02:41:43.672443+00:00,211,0.92,yes,KXFEDDECISION-25MAR-C25,6f17c354-fc3e-4691-9a93-b1a3fcaec6b2,0.08
2025-03-07 02:41:43.672443+00:00,100,0.93,yes,KXFEDDECISION-25MAR-C25,4eec58c6-3c30-4910-8d2c-0e277e23c261,0.07
2025-03-07 03:47:20.091866+00:00,799,0.92,yes,KXFEDDECISION-25MAR-C25,8ebc0f03-d396-47d3-a99a-a4d4dc29bed4,0.08
2025-03-07 05:06:34.292529+00:00,1,0.93,no,KXFEDDECISION-25MAR-C25,0841d841-87eb-45e2-aa0e-c071cb2845e1,0.07
2025-03-07 05:06:34.292529+00:00,1,0.94,no,KXFEDDECISION-25MAR-C25,068b3630-f2f7-4c73-aeb8-2f0375668db4,0.06
2025-03-07 05:06:34.292529+00:00,1,0.94,no,KXFEDDECISION-25MAR-C25,fbfc0ce8-f48b-4de2-bdd1-aa7c97742e0e,0.06
2025-03-07 05:06:34.292529+00:00,1,0.93,no,KXFEDDECISION-25MAR-C25,f0442f4c-269a-478a-86d0-2f72990f3ac1,0.07
2025-03-07 05:06:34.292529+00:00,1,0.94,no,KXFEDDECISION-25MAR-C25,d258dd86-a1ee-4570-b1b4-0be0274616ac,0.06
2025-03-07 05:06:34.292529+00:00,1,0.94,no,KXFEDDECISION-25MAR-C25,cd5aa6f9-3519-40ff-bff8-b314e146fcc3,0.06
2025-03-07 05:06:34.292529+00:00,1,0.94,no,KXFEDDECISION-25MAR-C25,ccec9574-59a9-4100-ba7e-7b6b61826d18,0.06
2025-03-07 05:06:34.292529+00:00,1,0.94,no,KXFEDDECISION-25MAR-C25,b8ff38fc-47b4-48e0-98f4-14ed997c80a8,0.06
2025-03-07 05:06:34.292529+00:00,1,0.94,no,KXFEDDECISION-25MAR-C25,b5d728b9-1367-43a0-ba3b-e5445d58edb3,0.06
2025-03-07 05:06:34.292529+00:00,1,0.94,no,KXFEDDECISION-25MAR-C25,acf45d95-a974-4a4d-944b-c487527d62d6,0.06
2025-03-07 05:06:34.292529+00:00,1,0.94,no,KXFEDDECISION-25MAR-C25,a9a9652e-63c2-425d-a0c4-8d3e138c362f,0.06
2025-03-07 05:06:34.292529+00:00,1,0.94,no,KXFEDDECISION-25MAR-C25,bcd0ddeb-87f5-429d-a6d4-63461f1e5dba,0.06
2025-03-07 05:06:34.292529+00:00,1,0.94,no,KXFEDDECISION-25MAR-C25,75952df1-52ff-4a93-a3ce-cf492fa2bbb6,0.06
2025-03-07 05:06:34.292529+00:00,1,0.94,no,KXFEDDECISION-25MAR-C25,73254a85-3a0a-4c15-9415-7d6a39db1871,0.06
2025-03-07 05:06:34.292529+00:00,1,0.94,no,KXFEDDECISION-25MAR-C25,60875500-97a6-4f80-8b0a-70678ab2fc49,0.06
2025-03-07 05:06:34.292529+00:00,1,0.93,no,KXFEDDECISION-25MAR-C25,59dcd72d-20a7-4f0b-bc0d-c3e6343fab52,0.07
2025-03-07 05:06:34.292529+00:00,1,0.94,no,KXFEDDECISION-25MAR-C25,4de84af0-bd07-41e4-9766-8b248da325f8,0.06
2025-03-07 05:06:34.292529+00:00,500,0.94,no,KXFEDDECISION-25MAR-C25,4bc7949b-a03a-4fb6-8fbd-20045659283e,0.06
2025-03-07 05:06:34.292529+00:00,1,0.94,no,KXFEDDECISION-25MAR-C25,1edd58f2-50f5-48ab-8f3a-044fbb0d085b,0.06
2025-03-07 05:06:34.292529+00:00,1,0.93,no,KXFEDDECISION-25MAR-C25,1ea4d91b-f609-4d95-9882-0e82a00dfcd8,0.07
2025-03-07 05:06:34.292529+00:00,1,0.94,no,KXFEDDECISION-25MAR-C25,9a9862ec-98fe-402c-a611-2b50fe78442f,0.06
2025-03-07 05:06:34.292529+00:00,1,0.94,no,KXFEDDECISION-25MAR-C25,0e970447-a13b-49ca-ba63-c7ec171da97e,0.06
2025-03-07 13:35:55.046108+00:00,11,0.96,no,KXFEDDECISION-25MAR-C25,aee49347-15b8-487f-a6a2-527d4f0c9f0b,0.04
2025-03-07 13:35:55.046108+00:00,12,0.96,no,KXFEDDECISION-25MAR-C25,8cf800b9-f0f1-41f4-8559-5259a43913a5,0.04
2025-03-07 13:35:55.046108+00:00,6,0.96,no,KXFEDDECISION-25MAR-C25,a68eecdc-6de7-4fd6-a233-f50a1b78527e,0.04
2025-03-07 13:35:55.046108+00:00,17,0.96,no,KXFEDDECISION-25MAR-C25,9c60f641-1b7b-4ff2-a06e-321e70b8cdb6,0.04
2025-03-07 13:35:55.046108+00:00,12,0.96,no,KXFEDDECISION-25MAR-C25,8db6adbb-1fa7-4427-aa50-cc6efb0145f0,0.04
2025-03-07 13:35:55.046108+00:00,12,0.96,no,KXFEDDECISION-25MAR-C25,92db5606-2630-4595-9880-9ba427a60b38,0.04
2025-03-07 13:35:55.046108+00:00,1,0.96,no,KXFEDDECISION-25MAR-C25,92b0d3f4-97d1-43dd-a6b2-22f245217948,0.04
2025-03-07 13:35:55.046108+00:00,17,0.96,no,KXFEDDECISION-25MAR-C25,c01fbc34-b5ca-4535-874b-31c63fb74715,0.04
2025-03-07 13:35:55.046108+00:00,1,0.96,no,KXFEDDECISION-25MAR-C25,95d57cbd-cf1e-43bd-b363-00a26489ba91,0.04
2025-03-07 13:35:55.046108+00:00,17,0.96,no,KXFEDDECISION-25MAR-C25,c3ac94ac-0b6c-4530-9f44-3bd9b38820d0,0.04
2025-03-07 13:35:55.046108+00:00,17,0.96,no,KXFEDDECISION-25MAR-C25,fdf98295-bfab-40f5-a4c4-807aca9135b5,0.04
2025-03-07 13:35:55.046108+00:00,1,0.96,no,KXFEDDECISION-25MAR-C25,cc9fcdb8-aa8f-42fb-a3c1-fe805d6252f3,0.04
2025-03-07 13:35:55.046108+00:00,18,0.96,no,KXFEDDECISION-25MAR-C25,d040cf37-57bd-46bd-99d5-771ef54d3f7b,0.04
2025-03-07 13:35:55.046108+00:00,17,0.96,no,KXFEDDECISION-25MAR-C25,d393fc1d-9e90-466c-ab70-fa92b8ca580a,0.04
2025-03-07 13:35:55.046108+00:00,12,0.96,no,KXFEDDECISION-25MAR-C25,d41dc17b-541f-452a-8cac-0840880ad1f8,0.04
2025-03-07 13:35:55.046108+00:00,13,0.96,no,KXFEDDECISION-25MAR-C25,d4bac5ae-ce98-4cbb-b081-c33ba415f0de,0.04
2025-03-07 13:35:55.046108+00:00,12,0.96,no,KXFEDDECISION-25MAR-C25,da927e78-179e-4171-aa23-d7c9c8043775,0.04
2025-03-07 13:35:55.046108+00:00,12,0.96,no,KXFEDDECISION-25MAR-C25,e1155563-8f71-4b86-a4c4-1d2ccf01fdc1,0.04
2025-03-07 13:35:55.046108+00:00,10,0.96,no,KXFEDDECISION-25MAR-C25,efe48cd7-f9ec-4ef9-9af0-fdbd185481e4,0.04
2025-03-07 13:35:55.046108+00:00,17,0.96,no,KXFEDDECISION-25MAR-C25,f1648d9c-e723-41c8-b24f-57067401bcf6,0.04
2025-03-07 13:35:55.046108+00:00,12,0.96,no,KXFEDDECISION-25MAR-C25,fe45f0d7-6f22-44a7-9bc6-631321f5e159,0.04
2025-03-07 13:35:55.046108+00:00,12,0.96,no,KXFEDDECISION-25MAR-C25,c57848e2-82e6-4f47-9454-c417b505d549,0.04
2025-03-07 13:35:55.046108+00:00,12,0.96,no,KXFEDDECISION-25MAR-C25,811118a8-6070-4347-a803-db1ddb30d2ab,0.04
2025-03-07 13:35:55.046108+00:00,12,0.96,no,KXFEDDECISION-25MAR-C25,aaa3df57-71ee-4864-a731-84745112dadf,0.04
2025-03-07 13:35:55.046108+00:00,1,0.96,no,KXFEDDECISION-25MAR-C25,77d4876a-1748-4f50-87f9-5ca8ae607e11,0.04
2025-03-07 13:35:55.046108+00:00,17,0.96,no,KXFEDDECISION-25MAR-C25,7a5bc8a8-6264-4a28-8237-1f66f54378a5,0.04
2025-03-07 13:35:55.046108+00:00,17,0.96,no,KXFEDDECISION-25MAR-C25,00417c68-002c-4955-b785-cf9db3700025,0.04
2025-03-07 13:35:55.046108+00:00,13,0.96,no,KXFEDDECISION-25MAR-C25,00638477-ccab-42f4-8f4b-cd3636127dcb,0.04
2025-03-07 13:35:55.046108+00:00,11,0.96,no,KXFEDDECISION-25MAR-C25,0076c4bc-4630-46c0-9995-1ea2055d7b5d,0.04
2025-03-07 13:35:55.046108+00:00,10,0.96,no,KXFEDDECISION-25MAR-C25,06dddac6-e7a5-4435-80d8-bdbb6953d030,0.04
2025-03-07 13:35:55.046108+00:00,12,0.96,no,KXFEDDECISION-25MAR-C25,08f34e4b-c200-4e46-83a5-bb446609cf34,0.04
2025-03-07 13:35:55.046108+00:00,17,0.96,no,KXFEDDECISION-25MAR-C25,0c7138db-6c7b-4958-a904-db73bc20cb34,0.04
2025-03-07 13:35:55.046108+00:00,8,0.96,no,KXFEDDECISION-25MAR-C25,160eda59-05ee-4980-b346-a1180303dc4f,0.04
2025-03-07 13:35:55.046108+00:00,1,0.96,no,KXFEDDECISION-25MAR-C25,1ff9a56a-95fc-4c70-8ba0-fca9707199cc,0.04
2025-03-07 13:35:55.046108+00:00,17,0.96,no,KXFEDDECISION-25MAR-C25,2bdd58aa-ea9f-42e0-b9be-3ea40221b7d0,0.04
2025-03-07 13:35:55.046108+00:00,1,0.96,no,KXFEDDECISION-25MAR-C25,32b459d1-6086-43c6-bae6-85ba61429790,0.04
2025-03-07 13:35:55.046108+00:00,13,0.96,no,KXFEDDECISION-25MAR-C25,37baeb26-1359-4035-bebc-fd5b0ac57261,0.04
2025-03-07 13:35:55.046108+00:00,17,0.96,no,KXFEDDECISION-25MAR-C25,9b216989-f0ef-42a0-9d9c-4cb52cb0c6e1,0.04
2025-03-07 13:35:55.046108+00:00,1,0.96,no,KXFEDDECISION-25MAR-C25,3d30a58a-a667-4fff-84bc-79aa822b8880,0.04
2025-03-07 13:35:55.046108+00:00,1,0.96,no,KXFEDDECISION-25MAR-C25,6ed24a4c-c867-4ed0-a2ff-69cfd9a28063,0.04
2025-03-07 13:35:55.046108+00:00,1,0.96,no,KXFEDDECISION-25MAR-C25,6c6aa83f-34a9-47bc-ada4-741082582f0b,0.04
2025-03-07 13:35:55.046108+00:00,8,0.96,no,KXFEDDECISION-25MAR-C25,5c9e7729-29cd-4868-be86-b43f77c0be16,0.04
2025-03-07 13:35:55.046108+00:00,7,0.96,no,KXFEDDECISION-25MAR-C25,3d0de556-4993-4dc4-89c9-20b7e83d733f,0.04
2025-03-07 13:35:55.046108+00:00,17,0.96,no,KXFEDDECISION-25MAR-C25,69d1419b-d688-48e3-b1b6-e7f1931832d4,0.04
2025-03-07 13:35:55.046108+00:00,7,0.96,no,KXFEDDECISION-25MAR-C25,531863ab-7941-4322-a32b-fa19868c279c,0.04
2025-03-07 13:35:55.046108+00:00,18,0.96,no,KXFEDDECISION-25MAR-C25,45bc15be-8688-403f-bfd5-4c64a1fe766f,0.04
2025-03-07 13:35:55.046108+00:00,1,0.96,no,KXFEDDECISION-25MAR-C25,4455ec7b-07d0-4831-91af-3d1f9692705e,0.04
2025-03-07 13:35:55.046108+00:00,1,0.96,no,KXFEDDECISION-25MAR-C25,40d9d4b1-e09b-4144-b7af-033ab4f2f393,0.04
2025-03-07 13:35:55.046108+00:00,2,0.96,no,KXFEDDECISION-25MAR-C25,5a76f9eb-84f4-4f81-9425-6edbb0e2d804,0.04
2025-03-07 13:35:55.925699+00:00,1,0.96,no,KXFEDDECISION-25MAR-C25,7373a308-de30-4fb7-bb16-bb42ade7d604,0.04
2025-03-07 13:35:55.925699+00:00,6,0.96,no,KXFEDDECISION-25MAR-C25,ff46d87f-b6ed-40fd-a001-da3232b422f9,0.04
2025-03-07 13:35:55.925699+00:00,17,0.96,no,KXFEDDECISION-25MAR-C25,e2971e41-e2c8-4b74-9da7-9ef31034895c,0.04
2025-03-07 13:35:55.925699+00:00,12,0.96,no,KXFEDDECISION-25MAR-C25,ba6d463d-605b-42cb-a8a0-4af858ef2d5b,0.04
2025-03-07 13:35:55.925699+00:00,7,0.96,no,KXFEDDECISION-25MAR-C25,77b16e41-c3c0-4c1d-9920-85a7a3f5eaa6,0.04
2025-03-07 13:35:55.925699+00:00,17,0.96,no,KXFEDDECISION-25MAR-C25,72cdefe6-1c8d-4952-9dbc-d064f3a20d63,0.04
2025-03-07 13:35:55.925699+00:00,17,0.96,no,KXFEDDECISION-25MAR-C25,c8dceb0e-0aa9-49ba-a14f-37e2f13d1ed0,0.04
2025-03-07 13:35:55.925699+00:00,10,0.96,no,KXFEDDECISION-25MAR-C25,3c092000-f667-40bd-be41-80faa1bed484,0.04
2025-03-07 13:35:55.925699+00:00,11,0.96,no,KXFEDDECISION-25MAR-C25,39c0cd94-af87-4cf7-bd8f-8caee76e873d,0.04
2025-03-07 13:35:55.925699+00:00,7,0.96,no,KXFEDDECISION-25MAR-C25,34714aa6-3071-4cd0-a80e-f1600dbc6587,0.04
2025-03-07 13:35:55.925699+00:00,1,0.96,no,KXFEDDECISION-25MAR-C25,170b6b75-a1bc-4769-87d8-4e5b4be1e11d,0.04
2025-03-07 13:35:55.925699+00:00,1,0.96,no,KXFEDDECISION-25MAR-C25,158d5587-afb4-418e-8a20-3ba84d249476,0.04
2025-03-07 13:35:55.925699+00:00,12,0.96,no,KXFEDDECISION-25MAR-C25,06924bcc-aecb-4b23-8121-99adb2505f3f,0.04
2025-03-07 13:35:55.925699+00:00,10,0.96,no,KXFEDDECISION-25MAR-C25,6d23f479-1ab6-4687-8a58-4235f1b59813,0.04
2025-03-07 13:36:59.095932+00:00,2012,0.97,no,KXFEDDECISION-25MAR-C25,a457826f-5145-436a-b230-b5294a288617,0.03
2025-03-07 13:40:40.149266+00:00,1262,0.97,no,KXFEDDECISION-25MAR-C25,148560b2-7926-42aa-a859-b7cd447b5077,0.03
2025-03-07 13:40:40.149266+00:00,6615,0.97,no,KXFEDDECISION-25MAR-C25,e63fbdcc-7fde-4e4f-b747-a40169ff5c23,0.03
2025-03-07 13:40:40.212460+00:00,1329,0.97,no,KXFEDDECISION-25MAR-C25,86d70ce9-5e2c-4474-84bc-1eacc89b9db9,0.03
2025-03-07 13:40:40.212460+00:00,6,0.97,no,KXFEDDECISION-25MAR-C25,a478007e-2a6f-4c66-8342-52faa5440651,0.03
2025-03-07 13:40:40.212460+00:00,5,0.97,no,KXFEDDECISION-25MAR-C25,11ea46be-2878-402f-8418-94e57f4acab3,0.03
2025-03-07 13:40:40.212460+00:00,960,0.97,no,KXFEDDECISION-25MAR-C25,181f43cd-9731-416b-8837-9443a32a1107,0.03
2025-03-07 14:05:19.485903+00:00,13,0.97,yes,KXFEDDECISION-25MAR-C25,434aa93f-c4c2-4401-9d15-85e23d46ea5c,0.03
2025-03-07 14:05:19.485903+00:00,13,0.97,yes,KXFEDDECISION-25MAR-C25,4e74435d-179e-4dc4-a002-5eb1567956e9,0.03
2025-03-07 14:05:19.485903+00:00,18,0.97,yes,KXFEDDECISION-25MAR-C25,5d5cbbbc-7934-4639-9337-eab60ded6611,0.03
2025-03-07 14:05:19.485903+00:00,40,0.96,yes,KXFEDDECISION-25MAR-C25,6f27c788-d63e-4cb9-b264-871f4cfd6564,0.04
2025-03-07 14:05:19.485903+00:00,3,0.97,yes,KXFEDDECISION-25MAR-C25,91ea7232-bd26-4e8d-8993-fa573302015a,0.03
2025-03-07 14:05:19.485903+00:00,4,0.96,yes,KXFEDDECISION-25MAR-C25,9b833886-e51c-4f18-ab0f-ba6096461edf,0.04
2025-03-07 14:05:19.485903+00:00,18,0.97,yes,KXFEDDECISION-25MAR-C25,bcefa5a4-8802-4159-a1cd-101704d82f01,0.03
2025-03-07 14:29:49.197232+00:00,7,0.96,yes,KXFEDDECISION-25MAR-C25,fd1d69dc-6327-40d2-9625-fba77108b928,0.04
2025-03-07 14:29:49.197232+00:00,17,0.96,yes,KXFEDDECISION-25MAR-C25,eb3ce7e9-9dd4-4ac2-9e5a-777c347e6ee4,0.04
2025-03-07 14:29:49.197232+00:00,12,0.96,yes,KXFEDDECISION-25MAR-C25,b0b66af2-0647-47e6-9c04-3b9ba5673827,0.04
2025-03-07 14:29:49.197232+00:00,12,0.96,yes,KXFEDDECISION-25MAR-C25,9f6feece-05f8-45c4-b5e6-693799eb9384,0.04
2025-03-07 14:29:49.197232+00:00,114,0.96,yes,KXFEDDECISION-25MAR-C25,61a3d401-be22-43a1-9068-9baf1411feb6,0.04
2025-03-07 14:29:49.197232+00:00,12,0.96,yes,KXFEDDECISION-25MAR-C25,97b2ae14-1c1a-4537-ad5f-afe29502f2a6,0.04
2025-03-07 14:29:49.197232+00:00,12,0.96,yes,KXFEDDECISION-25MAR-C25,5ad3d30f-4f3a-4069-b4fa-ffc6c7e4e35e,0.04
2025-03-07 14:29:49.197232+00:00,12,0.96,yes,KXFEDDECISION-25MAR-C25,544e209e-2b72-437b-9a37-0f5978d559e1,0.04
2025-03-07 14:29:49.197232+00:00,17,0.96,yes,KXFEDDECISION-25MAR-C25,000d7d5d-302b-4dc8-8512-5dc652d5927d,0.04
2025-03-07 14:29:49.197232+00:00,17,0.96,yes,KXFEDDECISION-25MAR-C25,9b695591-7d02-493d-a08f-d5bd09433970,0.04
2025-03-07 15:29:03.979982+00:00,17,0.96,yes,KXFEDDECISION-25MAR-C25,f32d0614-1a19-4f7f-8b56-4cc8d68e9b64,0.04
2025-03-07 15:29:03.979982+00:00,12,0.96,yes,KXFEDDECISION-25MAR-C25,ef8acc12-af9a-4426-971c-e199c93f5cd3,0.04
2025-03-07 15:29:03.979982+00:00,12,0.96,yes,KXFEDDECISION-25MAR-C25,e66f4c03-028f-48d5-af43-95666c21cf67,0.04
2025-03-07 15:29:03.979982+00:00,5000,0.96,yes,KXFEDDECISION-25MAR-C25,e2f51351-755d-4556-a3cd-9bd97cc7abda,0.04
2025-03-07 15:29:03.979982+00:00,10,0.96,yes,KXFEDDECISION-25MAR-C25,dc23fa56-d986-49ca-81f7-67919d10d549,0.04
2025-03-07 15:29:03.979982+00:00,17,0.96,yes,KXFEDDECISION-25MAR-C25,d68fd5c8-a089-436d-82a3-5a51b7a452fd,0.04
2025-03-07 15:29:03.979982+00:00,17,0.96,yes,KXFEDDECISION-25MAR-C25,cec47953-0a00-484e-abfc-1d51863c39cf,0.04
2025-03-07 15:29:03.979982+00:00,5000,0.96,yes,KXFEDDECISION-25MAR-C25,b9e5630a-6969-46e9-83cc-9bd924c6db68,0.04
2025-03-07 15:29:03.979982+00:00,100,0.97,yes,KXFEDDECISION-25MAR-C25,b991b3b1-71b6-4826-9014-b43a61483beb,0.03
2025-03-07 15:29:03.979982+00:00,17,0.96,yes,KXFEDDECISION-25MAR-C25,b947bb55-bb86-42cb-89e2-b834e151f0b6,0.04
2025-03-07 15:29:03.979982+00:00,17,0.96,yes,KXFEDDECISION-25MAR-C25,f96e3262-b6b5-4ac0-86db-b8ed38404739,0.04
2025-03-07 15:29:03.979982+00:00,17,0.96,yes,KXFEDDECISION-25MAR-C25,86ad39c9-41aa-4964-9d20-2aef3631f737,0.04
2025-03-07 15:29:03.979982+00:00,11770,0.96,yes,KXFEDDECISION-25MAR-C25,b525780a-d44b-4d64-a8de-84939273c8eb,0.04
2025-03-07 15:29:03.979982+00:00,12,0.96,yes,KXFEDDECISION-25MAR-C25,13649a14-dff1-41d9-8084-34fa6cb614b2,0.04
2025-03-07 15:29:03.979982+00:00,12,0.96,yes,KXFEDDECISION-25MAR-C25,22a04e6a-2fb7-4512-9917-f02f62b24ff5,0.04
2025-03-07 15:29:03.979982+00:00,17,0.96,yes,KXFEDDECISION-25MAR-C25,336599ba-995f-4e18-8eb2-5ccefcf9d689,0.04
2025-03-07 15:29:03.979982+00:00,12,0.96,yes,KXFEDDECISION-25MAR-C25,4249874b-92e8-4d28-bdb2-094c831f5104,0.04
2025-03-07 15:29:03.979982+00:00,12,0.96,yes,KXFEDDECISION-25MAR-C25,0ae06fc6-0bff-45a5-bac5-b3683ff34e56,0.04
2025-03-07 15:29:03.979982+00:00,17,0.96,yes,KXFEDDECISION-25MAR-C25,48099e8c-6db4-4ac5-bfe1-1078609e2358,0.04
2025-03-07 15:29:03.979982+00:00,12,0.96,yes,KXFEDDECISION-25MAR-C25,51bed611-7d21-4df0-ad5f-abdef3f1aa6b,0.04
2025-03-07 15:29:03.979982+00:00,12,0.96,yes,KXFEDDECISION-25MAR-C25,6e7d4fd9-a6dc-49f1-8cb7-5081302bdf3b,0.04
2025-03-07 15:29:03.979982+00:00,40,0.96,yes,KXFEDDECISION-25MAR-C25,7663d985-b1fb-4062-b302-e7a1cf766f47,0.04
2025-03-07 15:29:03.979982+00:00,5,0.97,yes,KXFEDDECISION-25MAR-C25,46812141-e0c3-4c51-b72a-e84af388b9b2,0.03
2025-03-07 15:31:23.255364+00:00,6908,0.96,yes,KXFEDDECISION-25MAR-C25,75e27e85-071e-4ed0-ae93-d4c25f505d52,0.04
2025-03-07 15:37:49.349296+00:00,16644,0.96,yes,KXFEDDECISION-25MAR-C25,cd834da6-351b-4c91-a70a-5d5ca0f63769,0.04
2025-03-07 15:40:56.676403+00:00,1423,0.96,yes,KXFEDDECISION-25MAR-C25,65301f66-b1b4-4e65-9fa0-2bf87c58f18c,0.04
2025-03-07 15:46:40.960028+00:00,3121,0.97,yes,KXFEDDECISION-25MAR-C25,ea1000a3-7af2-4a8f-9995-f26e04517730,0.03
2025-03-07 17:19:58.797294+00:00,312,0.97,yes,KXFEDDECISION-25MAR-C25,d2e1ddd3-57fc-4bd6-8e03-c6a2bf422a35,0.03
2025-03-07 17:29:56.397191+00:00,156,0.97,yes,KXFEDDECISION-25MAR-C25,026c6d0c-9bcb-4735-aad4-39bc61ee9d87,0.03
2025-03-07 17:32:58.494488+00:00,500,0.98,no,KXFEDDECISION-25MAR-C25,a66a649f-2266-4ea6-bc89-6457c9b861f9,0.02
2025-03-07 17:35:55.616216+00:00,1411,0.97,yes,KXFEDDECISION-25MAR-C25,f61ccda8-efdd-4b7a-a750-e5a26821af19,0.03
2025-03-07 17:35:55.616216+00:00,5000,0.97,yes,KXFEDDECISION-25MAR-C25,f255048a-37b0-466e-ac6c-61a8973e6054,0.03
2025-03-07 17:35:55.616216+00:00,40,0.97,yes,KXFEDDECISION-25MAR-C25,3e13f227-4754-471d-ac66-7fc3f99d4801,0.03
2025-03-07 17:35:55.616216+00:00,3622,0.97,yes,KXFEDDECISION-25MAR-C25,7b6c9620-d083-4a55-8f90-33f971e5e58c,0.03
2025-03-07 17:35:55.616216+00:00,14,0.97,yes,KXFEDDECISION-25MAR-C25,25d9c35b-b65b-4d21-bbff-e8f09a50dcc8,0.03
2025-03-07 19:05:53.714782+00:00,3,0.98,no,KXFEDDECISION-25MAR-C25,0e36dc13-cfe7-4b3e-9d35-838be929f4fb,0.02
2025-03-07 19:05:53.714782+00:00,10,0.98,no,KXFEDDECISION-25MAR-C25,1e08b189-5b4b-4b0a-987a-a8a68de7e8ad,0.02
2025-03-07 19:05:53.714782+00:00,7,0.98,no,KXFEDDECISION-25MAR-C25,237d14eb-f9d9-4b16-bf52-82da6bf888f3,0.02
2025-03-07 19:05:53.714782+00:00,15,0.98,no,KXFEDDECISION-25MAR-C25,237f556d-e9b2-447e-98f7-b2dd92c001ff,0.02
2025-03-07 19:05:53.714782+00:00,10,0.98,no,KXFEDDECISION-25MAR-C25,6a37dcaf-bc8d-4451-8aed-71597c824ff1,0.02
2025-03-07 19:05:53.714782+00:00,434,0.99,no,KXFEDDECISION-25MAR-C25,86d26257-b685-4343-8588-bf3e9082acde,0.01
2025-03-07 19:05:53.714782+00:00,9,0.98,no,KXFEDDECISION-25MAR-C25,a40c1408-5e33-4dc2-acf3-f0b49ef914f7,0.02
2025-03-07 19:05:53.714782+00:00,7,0.98,no,KXFEDDECISION-25MAR-C25,afc0fda5-bdc3-4175-a3d9-25be29a72dcb,0.02
2025-03-07 20:20:40.721388+00:00,30,0.97,yes,KXFEDDECISION-25MAR-C25,47f11804-5260-48e5-981b-6afa8c283639,0.03
2025-03-07 20:32:59.672745+00:00,100,0.98,no,KXFEDDECISION-25MAR-C25,f6e7e52d-25eb-46e3-999c-456e3e99804a,0.02
2025-03-07 21:09:26.612157+00:00,60,0.98,yes,KXFEDDECISION-25MAR-C25,80550333-82e6-42c8-901f-29a568521fdb,0.02
2025-03-07 21:09:26.612157+00:00,40,0.98,yes,KXFEDDECISION-25MAR-C25,f2da50bb-513a-4b6e-83bf-c1b56f178e60,0.02
2025-03-07 21:11:32.864067+00:00,3905,0.99,no,KXFEDDECISION-25MAR-C25,34c8f326-5774-4f88-93fd-8016b6c4f375,0.01
2025-03-08 00:11:04.541627+00:00,100,0.98,yes,KXFEDDECISION-25MAR-C25,ce9866ee-10b4-4d67-b54e-3f8735e02860,0.02
2025-03-08 04:22:56.444830+00:00,2339,0.98,yes,KXFEDDECISION-25MAR-C25,a377a740-b62b-4231-9639-f827bcb41e95,0.02
2025-03-08 07:43:31.866484+00:00,20,0.98,yes,KXFEDDECISION-25MAR-C25,082f7db4-d837-460c-8cef-2a9c62ad90b9,0.02
2025-03-08 07:43:31.866484+00:00,30,0.98,yes,KXFEDDECISION-25MAR-C25,e7c3ffbc-7bce-4a5d-9581-ee3998d3482a,0.02
2025-03-08 16:26:06.981664+00:00,8,0.98,yes,KXFEDDECISION-25MAR-C25,4d7a4613-22f8-4770-b35c-c3f287379d87,0.02
2025-03-08 16:26:06.981664+00:00,20,0.98,yes,KXFEDDECISION-25MAR-C25,d47548d6-3f1f-4c90-8167-9a758aa4814c,0.02
2025-03-08 21:31:47.294478+00:00,2339,0.98,yes,KXFEDDECISION-25MAR-C25,5272ea0c-7a63-4ca2-be4f-7961860e14f8,0.02
2025-03-08 21:42:57.208359+00:00,20,0.98,yes,KXFEDDECISION-25MAR-C25,349e23bb-8dd4-4dcc-98d3-1285146b28bd,0.02
2025-03-08 21:42:57.208359+00:00,3848,0.97,yes,KXFEDDECISION-25MAR-C25,44dccdd5-4d92-4ee1-ad9c-268ada891104,0.03
2025-03-08 21:42:57.208359+00:00,200,0.98,yes,KXFEDDECISION-25MAR-C25,958127ca-d98a-4025-80ea-e3f3c0742eae,0.02
2025-03-08 21:42:57.208359+00:00,20,0.98,yes,KXFEDDECISION-25MAR-C25,b47b297c-8e18-4a88-9de9-7fdd6762b8e8,0.02
2025-03-08 21:42:57.208359+00:00,1280,0.97,yes,KXFEDDECISION-25MAR-C25,c52d6c25-7873-40a1-83c5-d74999243356,0.03
2025-03-08 21:42:57.208359+00:00,7653,0.98,yes,KXFEDDECISION-25MAR-C25,026099e0-0dde-4f1f-95c1-5acc75d3b79c,0.02
2025-03-08 21:48:07.744498+00:00,2449,0.97,yes,KXFEDDECISION-25MAR-C25,f3ebd7d1-5520-4eb9-ae61-bd17f3c934bc,0.03
2025-03-08 21:53:18.186559+00:00,8093,0.97,yes,KXFEDDECISION-25MAR-C25,532449db-bf51-4160-8d1f-c3688ae65b31,0.03
2025-03-08 21:53:18.186559+00:00,1271,0.97,yes,KXFEDDECISION-25MAR-C25,f8f6e60f-3c89-4a3c-b4e5-a2c4e60b32ce,0.03
2025-03-08 22:49:09.482590+00:00,10,0.97,yes,KXFEDDECISION-25MAR-C25,df5f4980-ee39-440b-a002-0d1a60771bb9,0.03
2025-03-09 18:03:37.383541+00:00,100,0.98,yes,KXFEDDECISION-25MAR-C25,fb4379eb-0382-4b45-aba6-38278475c82d,0.02
2025-03-09 18:49:18.274380+00:00,350,0.98,no,KXFEDDECISION-25MAR-C25,d942e790-5756-42cd-978b-8ec3497de90e,0.02
2025-03-09 20:16:04.553534+00:00,3550,0.98,no,KXFEDDECISION-25MAR-C25,92c5e7ea-0cc0-46db-923d-24ae25c96c4b,0.02
2025-03-09 21:59:25.622781+00:00,31,0.97,yes,KXFEDDECISION-25MAR-C25,14dcb63e-ec43-4816-9db4-86d31673f85f,0.03
2025-03-10 00:54:59.992787+00:00,100,0.98,yes,KXFEDDECISION-25MAR-C25,2a388cf9-ab63-4b2e-bb73-48d051bae722,0.02
2025-03-10 01:14:48.848700+00:00,72,0.98,yes,KXFEDDECISION-25MAR-C25,b2925c3e-4cee-4dbf-b1d3-d9c2a1d51333,0.02
2025-03-10 12:33:31.385777+00:00,3052,0.98,yes,KXFEDDECISION-25MAR-C25,080e2096-ea0d-4b4f-86e8-aab13597f95d,0.02
2025-03-10 12:33:31.385777+00:00,2328,0.98,yes,KXFEDDECISION-25MAR-C25,d8f9a602-13d1-421f-9e79-0249b1869026,0.02
2025-03-10 12:47:39.413621+00:00,10,0.99,no,KXFEDDECISION-25MAR-C25,e1b81c43-298d-43c3-9b89-840801611ba6,0.01
2025-03-10 13:51:19.076563+00:00,99,0.98,yes,KXFEDDECISION-25MAR-C25,af0fa011-1ebf-4df6-a58e-346b0c5d4045,0.02
2025-03-10 15:04:41.080440+00:00,500,0.98,yes,KXFEDDECISION-25MAR-C25,dcd66f3d-f0be-4136-ab3c-3e5f8ea69053,0.02
2025-03-10 15:07:26.733503+00:00,1000,0.98,yes,KXFEDDECISION-25MAR-C25,3cdbd6b6-9221-4377-abc9-ea1ca358b8bd,0.02
2025-03-10 15:12:03.965089+00:00,1010,0.98,yes,KXFEDDECISION-25MAR-C25,114bee78-cd82-4192-a737-51442949ae0b,0.02
2025-03-10 17:14:01.090550+00:00,1839,0.98,yes,KXFEDDECISION-25MAR-C25,06342e17-cbbc-4394-b558-9dc9b10f37a9,0.02
2025-03-10 17:14:01.090550+00:00,9858,0.98,yes,KXFEDDECISION-25MAR-C25,3fced1bf-dfd6-4ace-b603-bff39076487b,0.02
2025-03-10 17:30:25.519414+00:00,142,0.98,yes,KXFEDDECISION-25MAR-C25,0ac9d3a1-0c8f-481c-9ca8-39db7166f51e,0.02
2025-03-10 17:30:25.519414+00:00,7560,0.97,yes,KXFEDDECISION-25MAR-C25,8971b557-3b0c-495f-b481-90a6cfce606b,0.03
2025-03-10 17:57:32.185250+00:00,8335,0.98,no,KXFEDDECISION-25MAR-C25,139d9bd1-4efc-4bbf-94ef-18f2a193fddb,0.02
2025-03-10 18:26:48.444582+00:00,2399,0.97,yes,KXFEDDECISION-25MAR-C25,61a4184f-4c79-437b-b08e-4da662666032,0.03
2025-03-10 18:26:48.444582+00:00,722,0.97,yes,KXFEDDECISION-25MAR-C25,9c4607ff-793b-49e7-8543-a6372f915f2c,0.03
2025-03-10 21:16:55.302329+00:00,58,0.98,no,KXFEDDECISION-25MAR-C25,0c68d08a-1dd4-438d-9110-5fddaef2fd7e,0.02
2025-03-10 22:57:34.418217+00:00,3058,0.97,yes,KXFEDDECISION-25MAR-C25,9afeb2bf-4c26-4002-8161-d6a2f4edc29a,0.03
2025-03-10 23:01:06.647968+00:00,873,0.97,yes,KXFEDDECISION-25MAR-C25,a2e0bf1c-aadf-4cb8-96e9-271323947fd3,0.03
2025-03-10 23:54:08.856350+00:00,450,0.97,yes,KXFEDDECISION-25MAR-C25,353f802b-4148-4c46-8187-555ed1051b0a,0.03
2025-03-10 23:55:19.616972+00:00,600,0.97,yes,KXFEDDECISION-25MAR-C25,62106f8c-1aa9-403d-9cda-f3400b9d0b14,0.03
2025-03-10 23:55:36.743935+00:00,150,0.97,yes,KXFEDDECISION-25MAR-C25,f6ff8317-0156-445c-b4be-f06e19bc9b65,0.03
2025-03-10 23:56:21.074148+00:00,25,0.97,yes,KXFEDDECISION-25MAR-C25,f2b746f9-6f2d-474d-9471-e1291cb88120,0.03
2025-03-10 23:59:02.047425+00:00,475,0.97,yes,KXFEDDECISION-25MAR-C25,59034a11-5581-4c37-b65a-e09cf31977ec,0.03
2025-03-11 00:01:43.807363+00:00,450,0.97,yes,KXFEDDECISION-25MAR-C25,f905dcd6-124b-49ac-9260-e7b26fa5e61c,0.03
2025-03-11 00:01:58.885734+00:00,10,0.97,yes,KXFEDDECISION-25MAR-C25,22ec37d2-a025-43b3-8d0e-46f7da6d37c3,0.03
2025-03-11 00:02:10.673220+00:00,5,0.97,yes,KXFEDDECISION-25MAR-C25,8cf7c267-4b06-4a0b-a6af-976ace41186b,0.03
2025-03-11 00:04:00.466704+00:00,700,0.97,yes,KXFEDDECISION-25MAR-C25,ba84644e-5d79-4752-acb7-0d0984ff5095,0.03
2025-03-11 00:04:20.784246+00:00,25,0.97,yes,KXFEDDECISION-25MAR-C25,68be9a34-5c22-4046-af87-13f139aab421,0.03
2025-03-11 00:04:31.463793+00:00,10,0.97,yes,KXFEDDECISION-25MAR-C25,f2c5b45a-8949-4a22-a9f8-4b212dcdc77d,0.03
2025-03-11 00:33:19.326569+00:00,1169,0.97,yes,KXFEDDECISION-25MAR-C25,4c070ec0-b1ec-4ee9-ad86-fd23bfc3761f,0.03
2025-03-11 00:33:19.326569+00:00,1952,0.97,yes,KXFEDDECISION-25MAR-C25,fdb7f5b6-79c7-4b4e-8bbf-c6c35db04888,0.03
2025-03-11 00:34:10.584635+00:00,2370,0.97,yes,KXFEDDECISION-25MAR-C25,65ac7cc2-6f88-43c7-bcc1-51c27012c710,0.03
2025-03-11 00:34:10.584635+00:00,220,0.97,yes,KXFEDDECISION-25MAR-C25,1e4053dc-74f9-4256-a852-fb1986b191ab,0.03
2025-03-11 00:34:13.570424+00:00,100,0.97,yes,KXFEDDECISION-25MAR-C25,ad929278-b94a-43f5-a5f7-af28852bd095,0.03
2025-03-11 00:39:47.447714+00:00,500,0.98,no,KXFEDDECISION-25MAR-C25,866fe710-c4be-4b46-ad77-ed2e85c4857c,0.02
2025-03-11 00:49:29.625253+00:00,7530,0.97,yes,KXFEDDECISION-25MAR-C25,bddb5417-4c11-4d02-be51-d89b2cd92c2e,0.03
2025-03-11 01:29:39.742695+00:00,100,0.97,no,KXFEDDECISION-25MAR-C25,c352c0e6-2471-4eea-b04e-2be8c18899ca,0.03
2025-03-11 01:43:06.987798+00:00,39,0.96,yes,KXFEDDECISION-25MAR-C25,23f4d67b-5df7-4d10-8aa1-6d0c139d21d3,0.04
2025-03-11 05:11:28.706911+00:00,400,0.96,yes,KXFEDDECISION-25MAR-C25,a829fda2-cf5f-4adf-bbbd-ac2caa0cd16c,0.04
2025-03-11 05:26:53.945852+00:00,23,0.96,yes,KXFEDDECISION-25MAR-C25,fd0811ab-0c62-4715-9720-ac09c586c295,0.04
2025-03-11 12:24:02.307989+00:00,100,0.97,no,KXFEDDECISION-25MAR-C25,9bfbc8e3-69a7-4346-9567-3c9cc91f6860,0.03
2025-03-11 12:37:25.835047+00:00,622,0.97,no,KXFEDDECISION-25MAR-C25,e0e69628-0ff3-41d5-a3e6-093584b406c6,0.03
2025-03-11 12:37:35.140539+00:00,20000,0.98,no,KXFEDDECISION-25MAR-C25,4c3885b7-8729-48f0-a4d9-4f0314f94ffe,0.02
2025-03-11 12:37:35.140539+00:00,2000,0.98,no,KXFEDDECISION-25MAR-C25,8e3c8bce-0974-41ae-be7b-38604fa1e43b,0.02
2025-03-11 13:17:45.391520+00:00,156,0.97,yes,KXFEDDECISION-25MAR-C25,4c3e44a6-777e-4dd4-9365-e9d5da6fdeb4,0.03
2025-03-11 16:14:43.169623+00:00,31,0.97,yes,KXFEDDECISION-25MAR-C25,b1f03f02-4567-4de8-8021-31970c120400,0.03
2025-03-11 17:24:54.765119+00:00,200,0.98,yes,KXFEDDECISION-25MAR-C25,95c06361-9c21-44e5-91e1-36c0dd7f9e56,0.02
2025-03-11 17:28:02.264033+00:00,226,0.98,no,KXFEDDECISION-25MAR-C25,d1baba5d-4e14-4621-82e5-f64c4ee5cbd0,0.02
2025-03-11 18:35:11.146865+00:00,11669,0.97,yes,KXFEDDECISION-25MAR-C25,6256b79f-2b64-405e-b90b-7bbb766350d1,0.03
2025-03-11 18:35:11.146865+00:00,1784,0.97,yes,KXFEDDECISION-25MAR-C25,ab9bc10e-d12a-4cd0-997a-edc578e3e99d,0.03
2025-03-11 18:45:32.146432+00:00,57,0.98,no,KXFEDDECISION-25MAR-C25,98fd4f8c-e634-40a0-8c4e-ccd7b806a7e2,0.02
2025-03-11 18:45:32.146432+00:00,775,0.98,no,KXFEDDECISION-25MAR-C25,bf5cf80f-6760-46fc-9d02-ae238743942b,0.02
2025-03-11 18:46:12.148218+00:00,4167,0.98,no,KXFEDDECISION-25MAR-C25,b58c0b94-cbc5-4d6b-a6c3-ba1202cb7344,0.02
2025-03-11 18:46:42.700179+00:00,1041,0.98,no,KXFEDDECISION-25MAR-C25,fe8960e5-1687-429f-9b3b-a71678cb77ef,0.02
2025-03-11 19:22:13.712936+00:00,28,0.98,no,KXFEDDECISION-25MAR-C25,18366653-9837-4efd-b624-871c6bcab8cd,0.02
2025-03-11 20:08:02.277985+00:00,1209,0.98,no,KXFEDDECISION-25MAR-C25,6c930392-0f18-4634-bce8-3e1ede408540,0.02
2025-03-11 21:01:56.084813+00:00,2418,0.98,no,KXFEDDECISION-25MAR-C25,1cb5ac3f-ebd0-4251-9732-34bd5fb7e253,0.02
2025-03-11 21:47:56.787582+00:00,100,0.97,yes,KXFEDDECISION-25MAR-C25,dacf4bd9-1dcc-4d30-a251-0722ada250b9,0.03
2025-03-11 22:07:29.122544+00:00,1000,0.98,no,KXFEDDECISION-25MAR-C25,0cf9fdb9-ca7c-4110-9170-f36426eac1e7,0.02
2025-03-12 02:45:58.326541+00:00,156,0.97,yes,KXFEDDECISION-25MAR-C25,59ad5189-6a67-44b4-a812-e9bb98d2471a,0.03
2025-03-12 03:01:23.981613+00:00,4,0.97,yes,KXFEDDECISION-25MAR-C25,6242f13b-f532-4274-b869-17024cab012b,0.03
2025-03-12 03:34:48.354418+00:00,10,0.98,no,KXFEDDECISION-25MAR-C25,b16b6576-76b0-4860-bacb-6531a7ef5847,0.02
2025-03-12 12:05:13.178897+00:00,100,0.97,yes,KXFEDDECISION-25MAR-C25,aac77ae5-3a3e-458f-99f1-5f2154f9cae2,0.03
2025-03-12 12:21:30.741155+00:00,1784,0.98,no,KXFEDDECISION-25MAR-C25,575b80a2-a196-473a-b665-00607107ca68,0.02
2025-03-12 12:21:30.741155+00:00,100,0.98,no,KXFEDDECISION-25MAR-C25,d8d3403d-917d-423a-af5d-03772e1d550c,0.02
2025-03-12 12:37:42.397665+00:00,31,0.97,yes,KXFEDDECISION-25MAR-C25,d753c6fb-02d4-4467-bdd9-3fb6147ed89a,0.03
2025-03-12 13:25:38.120674+00:00,4500,0.98,yes,KXFEDDECISION-25MAR-C25,fe6aacc5-57bf-47f6-8ca9-ab739fe9c9ba,0.02
2025-03-12 13:27:16.573756+00:00,100,0.98,yes,KXFEDDECISION-25MAR-C25,ec621923-a4a8-4466-a3d8-2c2eeec6eb06,0.02
2025-03-12 13:27:48.702441+00:00,50,0.98,yes,KXFEDDECISION-25MAR-C25,19ee89f5-d9e2-4225-940c-35756c9a63ee,0.02
2025-03-12 13:28:25.059715+00:00,20,0.98,yes,KXFEDDECISION-25MAR-C25,5443fc29-bf31-410a-99de-28e40778c680,0.02
2025-03-12 13:28:48.489833+00:00,8,0.98,yes,KXFEDDECISION-25MAR-C25,ba953930-654a-4b6e-a7fa-e26b4839c9c3,0.02
2025-03-12 13:34:54.539098+00:00,15596,0.98,yes,KXFEDDECISION-25MAR-C25,0c64818c-38f6-40da-b965-03f0e44823fb,0.02
2025-03-12 13:39:51.197812+00:00,2338,0.98,yes,KXFEDDECISION-25MAR-C25,74b5bdcd-4363-417c-839a-46f6a04aca65,0.02
2025-03-12 14:17:43.810838+00:00,46,0.98,yes,KXFEDDECISION-25MAR-C25,01bd7f15-2f99-4964-8370-895585ab05b4,0.02
2025-03-12 15:46:40.182333+00:00,4679,0.98,yes,KXFEDDECISION-25MAR-C25,fe8c619d-f5c7-4358-be0f-bae142210ac9,0.02
2025-03-12 15:47:56.373227+00:00,46,0.98,yes,KXFEDDECISION-25MAR-C25,06001641-6a74-4101-be4a-c1b78ccfb71e,0.02
2025-03-12 18:11:38.870738+00:00,99,0.98,yes,KXFEDDECISION-25MAR-C25,b1499f12-54ed-44b5-a6ff-19468ff84376,0.02
2025-03-12 18:28:37.497021+00:00,99,0.98,yes,KXFEDDECISION-25MAR-C25,0fb29c6b-fff7-478d-8164-ea3bce4c04c5,0.02
2025-03-12 18:29:06.858086+00:00,99,0.98,yes,KXFEDDECISION-25MAR-C25,57e3c944-39b3-47ad-8fea-a973733070c4,0.02
2025-03-12 18:30:20.393157+00:00,33,0.98,yes,KXFEDDECISION-25MAR-C25,b08c99bd-1eb8-40c7-8359-816d2184695e,0.02
2025-03-12 18:47:44.473620+00:00,33,0.98,yes,KXFEDDECISION-25MAR-C25,1c65d71f-eeb8-495f-99e0-39b151c5ef28,0.02
2025-03-12 18:57:25.391025+00:00,541,0.99,no,KXFEDDECISION-25MAR-C25,7802a4bf-35ba-435f-85d2-61a14c0aa51e,0.01
2025-03-12 19:23:17.796651+00:00,1613,0.99,no,KXFEDDECISION-25MAR-C25,b15f9a80-8c4c-486b-a66e-67fb12247eb9,0.01
2025-03-12 19:50:35.485000+00:00,1613,0.99,no,KXFEDDECISION-25MAR-C25,0bd1a8a7-ce2a-44cb-9249-f26a88e94809,0.01
2025-03-12 19:59:25.682659+00:00,467,0.98,yes,KXFEDDECISION-25MAR-C25,d6a0eaad-c4c1-40a4-9c61-9d371f3045f5,0.02
2025-03-12 20:18:53.533396+00:00,233,0.98,yes,KXFEDDECISION-25MAR-C25,8001422b-ce16-47ae-aaa7-a8479da5e19d,0.02
2025-03-12 21:39:01.451876+00:00,1000,0.98,yes,KXFEDDECISION-25MAR-C25,9eb3fcbb-cac2-44a0-b579-f7fdc1754b9b,0.02
2025-03-12 22:18:58.203680+00:00,554,0.98,yes,KXFEDDECISION-25MAR-C25,9dd2fe9e-0cdc-4be3-b8ed-2a06a5b8a849,0.02
2025-03-12 22:18:58.203680+00:00,1736,0.98,yes,KXFEDDECISION-25MAR-C25,13b74ca1-3c64-4688-94a3-65a64f8392bf,0.02
2025-03-12 22:19:26.892424+00:00,1,0.98,yes,KXFEDDECISION-25MAR-C25,093f62b8-c535-40a5-952f-a603a03fc80c,0.02
2025-03-13 02:07:59.188506+00:00,46,0.98,yes,KXFEDDECISION-25MAR-C25,1e2f8cf4-8d82-443d-8225-41057f9464c6,0.02
2025-03-13 03:24:51.617769+00:00,3287,0.98,yes,KXFEDDECISION-25MAR-C25,30d530aa-7fc9-46cd-897c-5ae447e34b86,0.02
2025-03-13 03:24:51.617769+00:00,46,0.98,yes,KXFEDDECISION-25MAR-C25,e3104376-bad4-4f6d-bde5-d2278f9b2064,0.02
2025-03-13 06:29:16.344211+00:00,500,0.98,yes,KXFEDDECISION-25MAR-C25,dfbf5a3e-1a7f-4455-97e9-0b232d65251c,0.02
2025-03-13 12:49:51.382667+00:00,46,0.98,yes,KXFEDDECISION-25MAR-C25,5872b630-aa5a-4d56-8590-875004524b09,0.02
2025-03-13 14:01:44.074201+00:00,13711,0.99,no,KXFEDDECISION-25MAR-C25,c3952d7a-4e84-4746-b799-f39145501044,0.01
2025-03-13 14:13:16.758492+00:00,10418,0.99,no,KXFEDDECISION-25MAR-C25,d3c507b7-1576-4c08-9100-c276d29b0ca1,0.01
2025-03-13 15:50:49.809010+00:00,1201,0.99,no,KXFEDDECISION-25MAR-C25,975337d0-7bea-426e-8090-538fac57bc36,0.01
2025-03-13 15:58:43.024349+00:00,5,0.98,yes,KXFEDDECISION-25MAR-C25,a9c9f204-e66f-407e-ae8d-8631b6525c5b,0.02
2025-03-13 16:56:11.267232+00:00,1613,0.99,no,KXFEDDECISION-25MAR-C25,5a0e04f4-2af7-4082-9c17-afc92096daa8,0.01
2025-03-13 18:08:42.321220+00:00,1612,0.99,no,KXFEDDECISION-25MAR-C25,cc07eb04-5559-482a-a120-e096d82ae376,0.01
2025-03-13 20:04:04.354227+00:00,40,0.98,yes,KXFEDDECISION-25MAR-C25,061d507b-9b59-43c0-88fe-75db252c9227,0.02
2025-03-13 20:05:56.046660+00:00,413,0.98,yes,KXFEDDECISION-25MAR-C25,410d234f-3941-4b4d-a2b2-ed5a23717d92,0.02
2025-03-13 20:13:10.381810+00:00,1614,0.99,no,KXFEDDECISION-25MAR-C25,4130910f-0166-4ead-9f6b-2e2f87a38db7,0.01
2025-03-13 21:00:07.754885+00:00,3629,0.99,no,KXFEDDECISION-25MAR-C25,b5d65295-33b3-4d13-ab3d-db5995e47f75,0.01
2025-03-13 21:29:38.420420+00:00,233,0.98,yes,KXFEDDECISION-25MAR-C25,336e653f-883e-4029-bb46-5b212a6765ef,0.02
2025-03-13 22:48:25.741869+00:00,100,0.98,yes,KXFEDDECISION-25MAR-C25,0bb3c096-cde8-4f2b-bb44-b88e3493f34d,0.02
2025-03-14 00:06:44.893938+00:00,935,0.98,yes,KXFEDDECISION-25MAR-C25,1e3db744-7d29-4156-bfe5-c6170c3176be,0.02
2025-03-14 00:17:08.763153+00:00,140,0.98,yes,KXFEDDECISION-25MAR-C25,74dfa0f9-79b6-4410-a66a-01d13aaf4015,0.02
2025-03-14 02:40:19.110189+00:00,6082,0.98,yes,KXFEDDECISION-25MAR-C25,144f301c-c938-4bcd-a248-a38678ced2c2,0.02
2025-03-14 02:57:40.971401+00:00,655,0.98,yes,KXFEDDECISION-25MAR-C25,824dde6b-6fa9-4288-a81a-51e4f3d28405,0.02
2025-03-14 03:57:54.085888+00:00,9999,0.98,yes,KXFEDDECISION-25MAR-C25,e637c9b9-97cb-42db-959d-cd4640ab950d,0.02
2025-03-14 03:57:54.085888+00:00,25000,0.98,yes,KXFEDDECISION-25MAR-C25,29c8a6f9-2778-4383-bb15-08fe3a8462c8,0.02
2025-03-14 03:57:54.085888+00:00,10805,0.98,yes,KXFEDDECISION-25MAR-C25,018f8cd1-2979-4948-8382-959c4895e50e,0.02
2025-03-14 03:57:54.085888+00:00,50,0.98,yes,KXFEDDECISION-25MAR-C25,b2ed3394-de38-4cf7-b032-dfefebe2363c,0.02
2025-03-14 13:38:44.228584+00:00,233,0.98,yes,KXFEDDECISION-25MAR-C25,470d7e92-fec4-4c19-803d-60801d7d4de2,0.02
2025-03-14 14:17:55.048661+00:00,1169,0.98,yes,KXFEDDECISION-25MAR-C25,717bd4fa-521f-4b11-9ba5-2c9f47bf6f5e,0.02
2025-03-14 14:26:55.032786+00:00,9122,0.99,no,KXFEDDECISION-25MAR-C25,8e6b572e-3731-4fca-9871-9a6b37331459,0.01
2025-03-14 14:26:55.032786+00:00,7550,0.99,no,KXFEDDECISION-25MAR-C25,a7bb632f-f7af-40f6-ae7c-4d166a611a4e,0.01
2025-03-14 14:26:55.032786+00:00,50000,0.99,no,KXFEDDECISION-25MAR-C25,d8c88dc6-6a4d-4856-8b95-11672b490d0e,0.01
2025-03-14 14:27:21.299785+00:00,2084,0.99,no,KXFEDDECISION-25MAR-C25,8368b315-c9cb-4831-bbea-1e4338bfcbb3,0.01
2025-03-14 15:30:01.017476+00:00,115,0.99,no,KXFEDDECISION-25MAR-C25,d02e821d-5af9-4b58-b19d-f2db446b3acd,0.01
2025-03-15 01:45:11.855550+00:00,85,0.99,no,KXFEDDECISION-25MAR-C25,80354b90-cdb0-4f48-bf50-db473fe77db3,0.01
2025-03-15 01:45:11.855550+00:00,2028,0.99,no,KXFEDDECISION-25MAR-C25,db9d96da-a13e-4e91-80e1-08b2cecc3f57,0.01
2025-03-15 13:41:14.192791+00:00,46,0.98,yes,KXFEDDECISION-25MAR-C25,ab03ba69-5810-4509-aaa0-5912379511f6,0.02
2025-03-15 14:59:00.091206+00:00,217,0.99,yes,KXFEDDECISION-25MAR-C25,de8e0ac4-e4a4-439f-a14d-3cf757ebec92,0.01
2025-03-15 21:18:42.582462+00:00,50,0.99,yes,KXFEDDECISION-25MAR-C25,f7868a30-92c4-48a6-99b4-826df6417737,0.01
2025-03-15 23:10:21.393998+00:00,367,0.98,yes,KXFEDDECISION-25MAR-C25,93eef350-8288-4b89-a325-02749c4c9b60,0.02
2025-03-15 23:10:21.393998+00:00,133,0.99,yes,KXFEDDECISION-25MAR-C25,c8b29cef-37c0-4fc0-bdf8-352ba9d88478,0.01
2025-03-16 13:40:55.133245+00:00,140,0.98,yes,KXFEDDECISION-25MAR-C25,6487dd18-d591-4b9c-b1db-73de28cb516d,0.02
2025-03-16 14:02:44.621852+00:00,4679,0.98,yes,KXFEDDECISION-25MAR-C25,4d9442a9-8f3b-4a27-8fda-f2f261fd662f,0.02
2025-03-16 22:04:11.256818+00:00,149,0.99,yes,KXFEDDECISION-25MAR-C25,3e12070f-2c61-407e-b125-7a2917629b37,0.01
2025-03-17 02:43:28.496745+00:00,290,0.99,yes,KXFEDDECISION-25MAR-C25,caba1527-e503-422a-af9d-8ecbc14f5d78,0.01
2025-03-17 02:43:28.496745+00:00,251,0.99,yes,KXFEDDECISION-25MAR-C25,ea4dde8c-e12b-47c0-b2d7-763de57bf33f,0.01
2025-03-17 14:03:44.144882+00:00,1023,0.99,yes,KXFEDDECISION-25MAR-C25,0cf90511-ca5e-4403-abce-9b478238161a,0.01
2025-03-17 14:27:04.524497+00:00,100,0.99,yes,KXFEDDECISION-25MAR-C25,3601bbc2-dea8-4cbf-9283-4d55353caab0,0.01
2025-03-17 14:29:36.061709+00:00,280,0.99,yes,KXFEDDECISION-25MAR-C25,4d5da16a-0f32-4c70-8d8e-6809348d3fd6,0.01
2025-03-17 14:31:10.202840+00:00,374,0.99,yes,KXFEDDECISION-25MAR-C25,d4c0038b-8091-4dd5-bb1a-f1447677c119,0.01
2025-03-17 14:35:23.149124+00:00,161,0.99,yes,KXFEDDECISION-25MAR-C25,92037bdb-c97a-4bc7-b37a-6c2b1b93f293,0.01
2025-03-17 15:08:02.436467+00:00,935,0.99,yes,KXFEDDECISION-25MAR-C25,587ea392-63d4-4185-9d20-052871e69725,0.01
2025-03-17 17:03:02.194331+00:00,467,0.99,yes,KXFEDDECISION-25MAR-C25,a96d493c-a5d8-4c5c-a3a7-249bf70dfa8e,0.01
2025-03-17 19:02:05.835247+00:00,30,0.99,yes,KXFEDDECISION-25MAR-C25,bd005f2e-4de1-4807-99cf-ea2be82e6eb8,0.01
2025-03-17 20:38:08.590874+00:00,9164,0.99,yes,KXFEDDECISION-25MAR-C25,e74824d1-e045-4289-bcb5-313c1c160375,0.01
2025-03-17 21:20:08.029136+00:00,280,0.99,yes,KXFEDDECISION-25MAR-C25,3bcf8e48-9765-43c1-99ed-d16dbc9c8710,0.01
2025-03-17 21:42:02.445807+00:00,378,0.99,yes,KXFEDDECISION-25MAR-C25,50250597-dc78-478d-a296-d2af3ea9291f,0.01
2025-03-17 22:14:24.476497+00:00,93,0.99,yes,KXFEDDECISION-25MAR-C25,d219aa16-274c-4e66-b8c7-f26f835586eb,0.01
2025-03-17 23:10:27.501181+00:00,280,0.99,yes,KXFEDDECISION-25MAR-C25,6dd8a1a5-dbe6-4f14-a16c-707c021ae8bd,0.01
2025-03-17 23:34:55.967927+00:00,935,0.99,yes,KXFEDDECISION-25MAR-C25,38a02a91-6e25-4c0f-8c3b-2aed5c0a574c,0.01
2025-03-18 00:41:53.514679+00:00,1906,0.99,yes,KXFEDDECISION-25MAR-C25,c2b6d316-86ff-4dfe-bc50-8340142adfac,0.01
2025-03-18 00:41:53.514679+00:00,4094,0.99,yes,KXFEDDECISION-25MAR-C25,de11320c-ebdc-4c29-b84f-7513b76b1083,0.01
2025-03-18 02:16:04.004522+00:00,18331,0.99,yes,KXFEDDECISION-25MAR-C25,cd33a9db-5a2b-406d-b407-f18aa50eaa51,0.01
2025-03-18 02:46:17.680305+00:00,126,0.99,yes,KXFEDDECISION-25MAR-C25,86c64c07-9f82-4415-ac20-7f1e6c74d4a9,0.01
2025-03-18 05:39:06.862216+00:00,12,0.99,yes,KXFEDDECISION-25MAR-C25,6802bdfd-47c7-497f-a8fd-e0ac2957bc8f,0.01
2025-03-18 12:04:35.068182+00:00,99,0.99,yes,KXFEDDECISION-25MAR-C25,d1450389-dae5-4496-82a5-3229477d15b3,0.01
2025-03-18 12:40:19.620948+00:00,104,0.99,yes,KXFEDDECISION-25MAR-C25,7330f550-ad2e-46f4-8a46-6857a4ad035f,0.01
2025-03-18 14:17:20.670997+00:00,104,0.99,yes,KXFEDDECISION-25MAR-C25,0f7041fd-059a-484e-bf8f-8a025911dd6f,0.01
2025-03-18 14:21:21.014920+00:00,99,0.99,yes,KXFEDDECISION-25MAR-C25,3d4c774b-c589-4343-bd5d-78101cd76f74,0.01
2025-03-18 14:47:04.240938+00:00,1346,0.99,yes,KXFEDDECISION-25MAR-C25,730e324b-946a-49f5-ba6c-1e247c247866,0.01
2025-03-18 18:53:04.503037+00:00,2525,0.99,yes,KXFEDDECISION-25MAR-C25,5b732c13-6284-4fc3-b861-81792287c06d,0.01
2025-03-18 23:57:30.800821+00:00,467,0.99,yes,KXFEDDECISION-25MAR-C25,34f1ac8a-8f26-438c-aea6-1c7dc3c7671b,0.01
2025-03-18 23:57:32.735357+00:00,999,0.99,yes,KXFEDDECISION-25MAR-C25,9697d50c-99fb-48f1-a58e-f2d42b220840,0.01
2025-03-19 00:02:53.805319+00:00,14027,0.99,yes,KXFEDDECISION-25MAR-C25,4b74a310-bbfa-42b1-8949-f5201ca0e785,0.01
2025-03-19 00:10:51.518891+00:00,482,0.99,yes,KXFEDDECISION-25MAR-C25,575c7208-cf81-4923-8ab9-0bffbfc47553,0.01
2025-03-19 00:32:32.977929+00:00,99,0.99,yes,KXFEDDECISION-25MAR-C25,e7b76432-93e3-40c3-b77d-d691f3100740,0.01
2025-03-19 00:43:15.362512+00:00,5,0.99,yes,KXFEDDECISION-25MAR-C25,c8d5eb77-510f-4f9e-afb1-6ad67eb69047,0.01
2025-03-19 01:20:20.992599+00:00,93,0.99,yes,KXFEDDECISION-25MAR-C25,8be2a35b-1d79-4e78-a134-42a9572973ed,0.01
2025-03-19 02:26:35.165569+00:00,3207,0.99,yes,KXFEDDECISION-25MAR-C25,83b24eb4-434f-42b4-b929-152028df3b24,0.01
2025-03-19 02:37:01.527116+00:00,9164,0.99,yes,KXFEDDECISION-25MAR-C25,7019d7a1-c9b7-4da6-a087-e25314779a02,0.01
2025-03-19 06:20:13.467734+00:00,80,0.99,yes,KXFEDDECISION-25MAR-C25,9ffba44d-938a-4b84-a21f-6e7aa28a6419,0.01
2025-03-19 12:08:21.000232+00:00,80,0.99,yes,KXFEDDECISION-25MAR-C25,fd763b25-5945-4a8c-ac1c-54b565e6b035,0.01
2025-03-19 12:23:46.802053+00:00,327,0.99,yes,KXFEDDECISION-25MAR-C25,a64a2c2e-dc81-4378-a354-d7b32596121f,0.01
2025-03-19 14:03:02.874036+00:00,4675,0.99,yes,KXFEDDECISION-25MAR-C25,d1c92c9e-9111-4fc7-a0da-2468956386dc,0.01
2025-03-19 14:20:56.780181+00:00,1,0.99,yes,KXFEDDECISION-25MAR-C25,43cd09f3-89c0-4e07-81d1-2857d78eaf8e,0.01
2025-03-19 14:35:52.088268+00:00,100,0.99,yes,KXFEDDECISION-25MAR-C25,49b1e056-2a0c-4849-a8ad-c60b1710ebb0,0.01
2025-03-19 14:44:35.369644+00:00,93,0.99,yes,KXFEDDECISION-25MAR-C25,3a10eb22-fcfd-404c-be72-ddcc6381819d,0.01
2025-03-19 14:55:53.836222+00:00,2400,0.99,yes,KXFEDDECISION-25MAR-C25,2afdc00b-aa74-4397-8239-8ada92d4dc84,0.01
2025-03-19 15:01:44.507892+00:00,467,0.99,yes,KXFEDDECISION-25MAR-C25,86e1d64a-66a4-4a7e-8b4d-bd431feca31e,0.01
2025-03-19 15:08:51.755783+00:00,25,0.99,yes,KXFEDDECISION-25MAR-C25,568906e6-2629-4692-8f59-43ad44e69dc2,0.01
2025-03-19 15:46:21.697358+00:00,467,0.99,yes,KXFEDDECISION-25MAR-C25,7e9f3ed7-fdfc-4407-96fc-64f6866abf51,0.01
2025-03-19 15:58:12.446574+00:00,40,0.99,yes,KXFEDDECISION-25MAR-C25,24c34100-b2d1-402d-9612-660af5fde6c8,0.01
2025-03-19 15:59:49.123420+00:00,111,0.99,yes,KXFEDDECISION-25MAR-C25,dc455c7a-ced2-420a-8852-f33c535c3d23,0.01
2025-03-19 16:29:48.240548+00:00,1000,0.99,yes,KXFEDDECISION-25MAR-C25,9ccad0c6-961a-4735-8da7-addbb0edde25,0.01
2025-03-19 16:37:10.512094+00:00,7807,0.99,yes,KXFEDDECISION-25MAR-C25,2b721018-be4a-4609-9475-82dbe95fe87d,0.01
2025-03-19 16:37:10.512094+00:00,1420,0.99,yes,KXFEDDECISION-25MAR-C25,348a77ca-a612-472f-b6ab-c08b2a545cfb,0.01
2025-03-19 16:37:13.135458+00:00,999,0.99,yes,KXFEDDECISION-25MAR-C25,cf298a06-33c1-4655-a2d4-19566f0cf576,0.01
2025-03-19 16:49:54.142629+00:00,9351,0.99,yes,KXFEDDECISION-25MAR-C25,9abcd447-0ac7-49b0-bae0-50f88fdfff89,0.01
2025-03-19 16:50:37.280260+00:00,18329,0.99,yes,KXFEDDECISION-25MAR-C25,4f0537bf-72ac-42ea-a148-40ea4504f731,0.01
2025-03-19 17:31:54.824710+00:00,4675,0.99,yes,KXFEDDECISION-25MAR-C25,6c29f035-1766-4b25-82d5-04311b8f37a7,0.01
