id,transactionHash,timestamp,maker,taker,makerAssetId,takerAssetId,makerAmountFilled,takerAmountFilled,fee,outcome,datetime,side,usdc_amount,token_amount,price,yes_price,no_price
0xb92de48007876c152a4a256271f29e5da2da8f9ade5a51e3cebd059be6acea52_0xbb8313823f9f043486dca28d86218ab1ae10ab92acd1c15c2e9351dfcee042d4,0xb92de48007876c152a4a256271f29e5da2da8f9ade5a51e3cebd059be6acea52,1714610416,0x4b5a53ee7326eb7deb8de2870871093a49b1024b,0xc5d563a36ae78145c45a50134d48a1215220f80a,0,110024958657457359532038665777399264506271681375762791050970079862807455423716,49.999999,784.615383,0.0,YES,2024-05-02 00:40:16+00:00,BUY,49.999999,784.615383,0.06372548905276817,0.06372548905276817,0.936275
0x9f4089f672d700b4db3d93f89bf845ea886b52b9a64092a159138d9085ff20d3_0x31c2b603a9ce720266ef3958fceea3d195f49a27261c7c037f0e8e875fdd6c02,0x9f4089f672d700b4db3d93f89bf845ea886b52b9a64092a159138d9085ff20d3,1714610424,0x6b7ec4ba079c0a258435ea36025f6190cd424562,0xc5d563a36ae78145c45a50134d48a1215220f80a,41923275653168802773722021577656941405318779178082176346555928498667069501442,0,384.61,359.99496,0.0,NO,2024-05-02 00:40:24+00:00,SELL,359.99496,384.61,0.9359999999999999,0.064,0.9359999999999999
0x6eb6416adc3799779cfbddab103f27e9926a055cb4e9deddffc440e1e4656cee_0x14364371b00551199fcd32c909f23ec0ec7efa89557885b63562d7df9c2fbd1c,0x6eb6416adc3799779cfbddab103f27e9926a055cb4e9deddffc440e1e4656cee,1714617305,0x9d84ce0306f8551e02efef1680475fc0f1dc1344,0x5a560d135484258aa509f6720d31c4ed24f0adab,0,110024958657457359532038665777399264506271681375762791050970079862807455423716,79.5,2650.0,0.0,YES,2024-05-02 02:35:05+00:00,BUY,79.5,2650.0,0.03,0.03,0.97
0x7cbfca74db5b8a648bfcceca6625fdc95a04c7220228114bbe6a2b14847828bc_0x2a56267ad8f9fb0c86327d7e7716f7d7750d48f0c415533ccb46b092ef63378e,0x7cbfca74db5b8a648bfcceca6625fdc95a04c7220228114bbe6a2b14847828bc,1714635594,0xf85520a2cbf1238abd3c72c1c5e3a71e8c78a65b,0xc5d563a36ae78145c45a50134d48a1215220f80a,0,110024958657457359532038665777399264506271681375762791050970079862807455423716,1.999999,47.619046,0.0,YES,2024-05-02 07:39:54+00:00,BUY,1.999999,47.619046,0.04199998042799934,0.04199998042799934,0.958
0x76e3fae59f3781c73bfcd85f69f578047b53b29e8f4b0392197af23b9030f7e2_0x4acf3205182a94cde5d0c0efa972ad2a12c6f14844603a7791cf72b238e7af23,0x76e3fae59f3781c73bfcd85f69f578047b53b29e8f4b0392197af23b9030f7e2,1714663763,0x9d84ce0306f8551e02efef1680475fc0f1dc1344,0x59ee6c6a56d7b00223f0c30f8002c4df762b684d,0,110024958657457359532038665777399264506271681375762791050970079862807455423716,0.21,10.0,0.0,YES,2024-05-02 15:29:23+00:00,BUY,0.21,10.0,0.020999999999999998,0.020999999999999998,0.979
0x1e4415aeec978006514f85dd7bb8ce9486c5d3ab749b191238a0805a23075f84_0x4acf3205182a94cde5d0c0efa972ad2a12c6f14844603a7791cf72b238e7af23,0x1e4415aeec978006514f85dd7bb8ce9486c5d3ab749b191238a0805a23075f84,1714664349,0x9d84ce0306f8551e02efef1680475fc0f1dc1344,0x59ee6c6a56d7b00223f0c30f8002c4df762b684d,0,110024958657457359532038665777399264506271681375762791050970079862807455423716,4.2,200.0,0.0,YES,2024-05-02 15:39:09+00:00,BUY,4.2,200.0,0.021,0.021,0.979
0xa83924fd7a0ffc8ed8d1e4efc1d0e46a7f6718d987b5ff344829c0786ffa968e_0x576c932d54e9f5d71ed698cfbf5fef4105e81ff2c329c6925b7795ea7a09eaa6,0xa83924fd7a0ffc8ed8d1e4efc1d0e46a7f6718d987b5ff344829c0786ffa968e,1714686152,0xaaf4acafbb7980ce93631d238eb10a5c4ca67883,0xc5d563a36ae78145c45a50134d48a1215220f80a,0,110024958657457359532038665777399264506271681375762791050970079862807455423716,23.0,600.0,0.0,YES,2024-05-02 21:42:32+00:00,BUY,23.0,600.0,0.03833333333333333,0.03833333333333333,0.961667
0xd4367875154cdec37c49d4ed001f2ead2418f51e6682cb58a89582502e2451eb_0x7e8e52cb6472c3c569c01078c75748cd41419b4ef6d7cbe7028090852370b3d6,0xd4367875154cdec37c49d4ed001f2ead2418f51e6682cb58a89582502e2451eb,1714743704,0xd42f6a1634a3707e27cbae14ca966068e5d1047d,0xc5d563a36ae78145c45a50134d48a1215220f80a,0,110024958657457359532038665777399264506271681375762791050970079862807455423716,29.0,900.0,0.0,YES,2024-05-03 13:41:44+00:00,BUY,29.0,900.0,0.03222222222222222,0.03222222222222222,0.967778
0x031ec9d4db0a563dcb26ef83137d283920493bc14af9c7b91a79f35b423244ba_0x8b8a122f1ae226b34b0d82e1f44a4ec05aca66f778ba187f67167be3c23da351,0x031ec9d4db0a563dcb26ef83137d283920493bc14af9c7b91a79f35b423244ba,1714743940,0xd42f6a1634a3707e27cbae14ca966068e5d1047d,0xc5d563a36ae78145c45a50134d48a1215220f80a,0,110024958657457359532038665777399264506271681375762791050970079862807455423716,236.5,5500.0,0.0,YES,2024-05-03 13:45:40+00:00,BUY,236.5,5500.0,0.043,0.043,0.957
0xf434f142b679c3cc9b0ef67d18d12bf3aa2245c2f0d766417429a2f131ce84c7_0x7c2dcc6be506810d8c6f0e47e9eb4d224f9a0a4bc76fc23d25202ae6b02bb6e9,0xf434f142b679c3cc9b0ef67d18d12bf3aa2245c2f0d766417429a2f131ce84c7,1714743950,0x6b7ec4ba079c0a258435ea36025f6190cd424562,0xc5d563a36ae78145c45a50134d48a1215220f80a,41923275653168802773722021577656941405318779178082176346555928498667069501442,0,700.0,669.9,0.0,NO,2024-05-03 13:45:50+00:00,SELL,669.9,700.0,0.957,0.043,0.957
0x031b7232754cc6c6d7c18b59c0720a09cb90f656a7ba00744c9d0b101e96e711_0x043bafc9be0079040aaa08c1dadcfc304d11109d49f11acf80684a9b65612865,0x031b7232754cc6c6d7c18b59c0720a09cb90f656a7ba00744c9d0b101e96e711,1714743994,0xd42f6a1634a3707e27cbae14ca966068e5d1047d,0xc5d563a36ae78145c45a50134d48a1215220f80a,0,110024958657457359532038665777399264506271681375762791050970079862807455423716,391.072,8888.0,0.0,YES,2024-05-03 13:46:34+00:00,BUY,391.072,8888.0,0.044,0.044,0.956
0xd4cb7b2163261f2f1567129a55773ce51ab9be44ed08672551ef8dfbaa20bdd7_0x19487537d32e99eaf123792bdbee72ac1a6c6aa0dfced67019015fb113cd8668,0xd4cb7b2163261f2f1567129a55773ce51ab9be44ed08672551ef8dfbaa20bdd7,1714805717,0xd42f6a1634a3707e27cbae14ca966068e5d1047d,0xc5d563a36ae78145c45a50134d48a1215220f80a,0,110024958657457359532038665777399264506271681375762791050970079862807455423716,26.0,500.0,0.0,YES,2024-05-04 06:55:17+00:00,BUY,26.0,500.0,0.052,0.052,0.948
0x51e5155a804c99274ffbd40a2e2b75967b7c3582c6786cf94439fd6c1a1bcaf7_0xe920075bd4102b924ccaad126d64972e555b62182809439776b53783b3522777,0x51e5155a804c99274ffbd40a2e2b75967b7c3582c6786cf94439fd6c1a1bcaf7,1714805725,0xd42f6a1634a3707e27cbae14ca966068e5d1047d,0xc5d563a36ae78145c45a50134d48a1215220f80a,0,110024958657457359532038665777399264506271681375762791050970079862807455423716,78.01,1422.0,0.0,YES,2024-05-04 06:55:25+00:00,BUY,78.01,1422.0,0.05485935302390999,0.05485935302390999,0.945141
0xf1a3114651c79361922168dd64639d7ce5a5bdc81ea04c5762e975f60dd3517c_0xb3d1807914dfc9b6b440fe67d04ccaf93269d02b9b25aa244c904487af02e03b,0xf1a3114651c79361922168dd64639d7ce5a5bdc81ea04c5762e975f60dd3517c,1714982102,0xdcc9d68a4bad9fc8becd27a03ee5b2b4feda4534,0x59ee6c6a56d7b00223f0c30f8002c4df762b684d,41923275653168802773722021577656941405318779178082176346555928498667069501442,0,200.0,191.4,0.0,NO,2024-05-06 07:55:02+00:00,SELL,191.4,200.0,0.9570000000000001,0.043,0.9570000000000001
0x3202f8accb14d911cc6e9b512199f0a162860bd1e63231f5575fb1fd02b10563_0x187d9ca2b1ec282af708bd67580c6b25165e35be20ea6b9b92ce62b76dc84b2e,0x3202f8accb14d911cc6e9b512199f0a162860bd1e63231f5575fb1fd02b10563,1714982172,0xfe175c90c4152392978fa402ed871657881298e9,0xc5d563a36ae78145c45a50134d48a1215220f80a,0,110024958657457359532038665777399264506271681375762791050970079862807455423716,11.2,200.0,0.0,YES,2024-05-06 07:56:12+00:00,BUY,11.2,200.0,0.055999999999999994,0.055999999999999994,0.944
0x42084f3650bbecef05a1324bb72b3e543d85a5b2ef23e375124a2b0fbb74f401_0x127fc703bb46df71e831a5f86e700a4ceb9b9b9c7d2af1b7008c6aa59321b71e,0x42084f3650bbecef05a1324bb72b3e543d85a5b2ef23e375124a2b0fbb74f401,1715112484,0x6d57da09ef86a327524853b36fbd2e39cf0cbfc5,0x6c2ecdbf7b8b82bdd49f6bfbabdff8208d6b75ea,110024958657457359532038665777399264506271681375762791050970079862807455423716,0,208.333332,9.999999,0.0,YES,2024-05-07 20:08:04+00:00,SELL,9.999999,208.333332,0.04799999550719997,0.04799999550719997,0.952
0x5304b61ce514c98d1f329595b96d98a3bcdf29f66210ee6fd72e8c7cf88350c8_0x3843c9363d19386de4e66517809cb04ccb3041e9dd390cae2228fdc0d7c3d737,0x5304b61ce514c98d1f329595b96d98a3bcdf29f66210ee6fd72e8c7cf88350c8,1715113246,0xf6129c47f5ef4cab25f3aa67b5e3aaac77b15700,0x59ee6c6a56d7b00223f0c30f8002c4df762b684d,0,110024958657457359532038665777399264506271681375762791050970079862807455423716,8.815,205.0,0.0,YES,2024-05-07 20:20:46+00:00,BUY,8.815,205.0,0.043,0.043,0.957
0x71b50d4a973415188ef33899cc90f5a4fb75fe3ebc9e33d2671a045edef2d133_0x5edb53aefaca666746a95ff114f73bd618ae13c1d61b0ff7df824aece5988097,0x71b50d4a973415188ef33899cc90f5a4fb75fe3ebc9e33d2671a045edef2d133,1715113276,0xaaf4acafbb7980ce93631d238eb10a5c4ca67883,0x59ee6c6a56d7b00223f0c30f8002c4df762b684d,0,110024958657457359532038665777399264506271681375762791050970079862807455423716,6.71706,159.93,0.0,YES,2024-05-07 20:21:16+00:00,BUY,6.71706,159.93,0.041999999999999996,0.041999999999999996,0.958
0x1ecd10fdf45720f92aa70dc76b7b25e6a1b50b9e071c64ddea77e38cb006d5ae_0x926c789904d46fedc6e0b7a9e0700e1efc54d50fef5b8219b239b5420802bf72,0x1ecd10fdf45720f92aa70dc76b7b25e6a1b50b9e071c64ddea77e38cb006d5ae,1715184140,0xd24312889d8117122481063b2ca15152d8232dcf,0xc5d563a36ae78145c45a50134d48a1215220f80a,0,110024958657457359532038665777399264506271681375762791050970079862807455423716,1.999999,43.478259,0.0,YES,2024-05-08 16:02:20+00:00,BUY,1.999999,43.478259,0.045999978977999095,0.045999978977999095,0.954
0xab8e4174309b8a3a819d75679c527ce7aba16c2fb36e7a0daa14f7c4a1d33f51_0x127fc703bb46df71e831a5f86e700a4ceb9b9b9c7d2af1b7008c6aa59321b71e,0xab8e4174309b8a3a819d75679c527ce7aba16c2fb36e7a0daa14f7c4a1d33f51,1715188886,0x6d57da09ef86a327524853b36fbd2e39cf0cbfc5,0xaaf4acafbb7980ce93631d238eb10a5c4ca67883,110024958657457359532038665777399264506271681375762791050970079862807455423716,0,791.66,37.99968,0.0,YES,2024-05-08 17:21:26+00:00,SELL,37.99968,791.66,0.048,0.048,0.952
0xea68a09571aff5e5b130e5e85dc1f58ce17f460645bd13560b8c0f0205bec3e9_0x1df2dfb3a72b7318ed2249d7d49d05ff94e15bdab1f80656b51edbb77d363868,0xea68a09571aff5e5b130e5e85dc1f58ce17f460645bd13560b8c0f0205bec3e9,1715193338,0xaaf4acafbb7980ce93631d238eb10a5c4ca67883,0xdcc9d68a4bad9fc8becd27a03ee5b2b4feda4534,0,110024958657457359532038665777399264506271681375762791050970079862807455423716,17.400318,362.506625,0.0,YES,2024-05-08 18:35:38+00:00,BUY,17.400318,362.506625,0.048,0.048,0.952
0x4032ea59526bafe35bfa0b91f930c80daaec80cae181dc7cedd59d1087616006_0x33911a36c027b47ad0c532432d9de200af377ba13da1de49cf442d6eb8e6492a,0x4032ea59526bafe35bfa0b91f930c80daaec80cae181dc7cedd59d1087616006,1715244505,0xd42f6a1634a3707e27cbae14ca966068e5d1047d,0xc5d563a36ae78145c45a50134d48a1215220f80a,0,110024958657457359532038665777399264506271681375762791050970079862807455423716,9.8,200.0,0.0,YES,2024-05-09 08:48:25+00:00,BUY,9.8,200.0,0.049,0.049,0.951
0x5a93a44f472debbddaf42cbb0e03b99fecda02d9c173a80eb9d677ebe2a11322_0x2f2dbd0d9bd1b5f99d55e7961dd6a9e1e3923762d6410e451a98df2b709bd787,0x5a93a44f472debbddaf42cbb0e03b99fecda02d9c173a80eb9d677ebe2a11322,1715381489,0xdcc9d68a4bad9fc8becd27a03ee5b2b4feda4534,0x9c88c0ad88b0c7dd929b0cf040abc9a46b2bc405,41923275653168802773722021577656941405318779178082176346555928498667069501442,0,200.0,190.6,0.0,NO,2024-05-10 22:51:29+00:00,SELL,190.6,200.0,0.953,0.047,0.953
0x184eca0f1fc8d260998574db1da284a19c69373917772e0e5cd7526dadd14224_0x3c8a7209796f3e44f1c545e66c2ed566d5d878f84c38f267acc3b139045f86e9,0x184eca0f1fc8d260998574db1da284a19c69373917772e0e5cd7526dadd14224,1715472456,0xd42f6a1634a3707e27cbae14ca966068e5d1047d,0x07d4245464dc4fa05d0b3f084d82482462dc8991,110024958657457359532038665777399264506271681375762791050970079862807455423716,0,3.846152,0.199999,0.0,YES,2024-05-12 00:07:36+00:00,SELL,0.199999,3.846152,0.05199976495988718,0.05199976495988718,0.948
0x27a83713a65db3a738c2f365dc3d0904ec86db3d26dc9ce4f5a3fba618066390_0x973c6e9cda6374f0b0acb319266a17ec9dbba8338f985047c9dc787b2d91da99,0x27a83713a65db3a738c2f365dc3d0904ec86db3d26dc9ce4f5a3fba618066390,1715578741,0x9c88c0ad88b0c7dd929b0cf040abc9a46b2bc405,0xc5d563a36ae78145c45a50134d48a1215220f80a,110024958657457359532038665777399264506271681375762791050970079862807455423716,0,200.0,8.6,0.0,YES,2024-05-13 05:39:01+00:00,SELL,8.6,200.0,0.043,0.043,0.957
0xc113f04ab0fd4319dfa6b5c999a06a3d57bc86c4872ab783954e8258cd4a83a0_0xaeb8670a37df0084a0fab30bc4b6b8341ffd895e88bf8f10c90ce472c0da2cfd,0xc113f04ab0fd4319dfa6b5c999a06a3d57bc86c4872ab783954e8258cd4a83a0,1715599439,0xd42f6a1634a3707e27cbae14ca966068e5d1047d,0x07d4245464dc4fa05d0b3f084d82482462dc8991,110024958657457359532038665777399264506271681375762791050970079862807455423716,0,3.921567,0.199999,0.0,YES,2024-05-13 11:23:59+00:00,SELL,0.199999,3.921567,0.05099976616490296,0.05099976616490296,0.949
0xd42f4d1f61a4f449a1a4ca64662994fea3dfef1d852a1a8961a6083c2f3329f4_0xc7e9f375486c3b88486e3620fb5f8f61106c1ce1e5402eecee3fde401fc77d6d,0xd42f4d1f61a4f449a1a4ca64662994fea3dfef1d852a1a8961a6083c2f3329f4,1715622213,0x3cf3e8d5427aed066a7a5926980600f6c3cf87b3,0xc5d563a36ae78145c45a50134d48a1215220f80a,41923275653168802773722021577656941405318779178082176346555928498667069501442,0,799.0,759.05,0.0,NO,2024-05-13 17:43:33+00:00,SELL,759.05,799.0,0.95,0.05,0.95
0x814fbf773c36d20d36dec45aad7cfe75bcef7141ab21d0923a146e45861026bb_0xaeb8670a37df0084a0fab30bc4b6b8341ffd895e88bf8f10c90ce472c0da2cfd,0x814fbf773c36d20d36dec45aad7cfe75bcef7141ab21d0923a146e45861026bb,1715659827,0xd42f6a1634a3707e27cbae14ca966068e5d1047d,0x3cf3e8d5427aed066a7a5926980600f6c3cf87b3,110024958657457359532038665777399264506271681375762791050970079862807455423716,0,496.07,25.29957,0.0,YES,2024-05-14 04:10:27+00:00,SELL,25.29957,496.07,0.051,0.051,0.949
0x72a11d4b614167243e07e56dcb5e5e3a7adb8155dfbd75ed112bf3843451cdc9_0xb69a856bcac04940ffdb6032084875db48b863ed0f4551c14da1ec8e1c3c53b7,0x72a11d4b614167243e07e56dcb5e5e3a7adb8155dfbd75ed112bf3843451cdc9,1715690399,0xaaf4acafbb7980ce93631d238eb10a5c4ca67883,0xc5d563a36ae78145c45a50134d48a1215220f80a,110024958657457359532038665777399264506271681375762791050970079862807455423716,0,4800.0,206.6,0.0,YES,2024-05-14 12:39:59+00:00,SELL,206.6,4800.0,0.043041666666666666,0.043041666666666666,0.956958
0x6aae953641ab2cc3c42a2a87d541e99a7c1c796ec189141fccbded685d5e7f29_0x7ed7a044ec20ea48fc56e713637d44532e9e5d5ae299aefb1b2da4305696a1ee,0x6aae953641ab2cc3c42a2a87d541e99a7c1c796ec189141fccbded685d5e7f29,1715690429,0xfe175c90c4152392978fa402ed871657881298e9,0x59ee6c6a56d7b00223f0c30f8002c4df762b684d,0,110024958657457359532038665777399264506271681375762791050970079862807455423716,8.4,200.0,0.0,YES,2024-05-14 12:40:29+00:00,BUY,8.4,200.0,0.042,0.042,0.958
0x0becbdb9401579298623e97884ee193fa482828b3dfbbf5db87f8df590764d89_0x52c5f082b3ef8b232b9d86c7857701b02c342deb048352a11dd9c00c30ad834e,0x0becbdb9401579298623e97884ee193fa482828b3dfbbf5db87f8df590764d89,1715692366,0x3cf3e8d5427aed066a7a5926980600f6c3cf87b3,0xaaf4acafbb7980ce93631d238eb10a5c4ca67883,41923275653168802773722021577656941405318779178082176346555928498667069501442,0,3755.0,3601.045,0.0,NO,2024-05-14 13:12:46+00:00,SELL,3601.045,3755.0,0.9590000000000001,0.041,0.9590000000000001
0x67c461fc8efaa00099357682c0d2a444c97508ed1dc5ec56064eb1c3aafdd25d_0xff8d06b87af3fd7065a5b860201befa8ebdb56c22270b2ae47d9fd718e1066bd,0x67c461fc8efaa00099357682c0d2a444c97508ed1dc5ec56064eb1c3aafdd25d,1715694281,0xd42f6a1634a3707e27cbae14ca966068e5d1047d,0x9c88c0ad88b0c7dd929b0cf040abc9a46b2bc405,0,110024958657457359532038665777399264506271681375762791050970079862807455423716,11.4,300.0,0.0,YES,2024-05-14 13:44:41+00:00,BUY,11.4,300.0,0.038,0.038,0.962
0x705d7618da7b16983ac057bb916758531f620963b2fec6f1d79fe7959a1f7b4e_0x08c1ec2c5c8ebb42f476f3649a562c5374835fc0fb0a21970c57e5cc176e9b2b,0x705d7618da7b16983ac057bb916758531f620963b2fec6f1d79fe7959a1f7b4e,1715729461,0x30e443872ddf63b2908a49f92cd690c304a55102,0x794d83ac337e71df9c7bba38e9a1bca222e84e26,0,110024958657457359532038665777399264506271681375762791050970079862807455423716,0.384215,10.384189,0.0,YES,2024-05-14 23:31:01+00:00,BUY,0.384215,10.384189,0.03700000067410175,0.03700000067410175,0.963
0x3c8acfec2f4d66359b3c6f5614949dc0dbcbc19ee32116f5e63cbe326fb61fe9_0xd3de5cfe79ea5a9651b4a0c7b9218905729854af311393a9da06de006c7b9a25,0x3c8acfec2f4d66359b3c6f5614949dc0dbcbc19ee32116f5e63cbe326fb61fe9,1715732318,0xfe175c90c4152392978fa402ed871657881298e9,0x3cf3e8d5427aed066a7a5926980600f6c3cf87b3,110024958657457359532038665777399264506271681375762791050970079862807455423716,0,400.0,20.0,0.0,YES,2024-05-15 00:18:38+00:00,SELL,20.0,400.0,0.05,0.05,0.95
0x8f7ff5bb21ad4baab51523748ac7a951245853cd8225bbe5e545cc72d87b5128_0x3c8a7209796f3e44f1c545e66c2ed566d5d878f84c38f267acc3b139045f86e9,0x8f7ff5bb21ad4baab51523748ac7a951245853cd8225bbe5e545cc72d87b5128,1715732388,0xd42f6a1634a3707e27cbae14ca966068e5d1047d,0x3cf3e8d5427aed066a7a5926980600f6c3cf87b3,110024958657457359532038665777399264506271681375762791050970079862807455423716,0,662.15,34.4318,0.0,YES,2024-05-15 00:19:48+00:00,SELL,34.4318,662.15,0.052000000000000005,0.052000000000000005,0.948
0x1180608638a5a8b580046e3b2ff3d67a4b6d50cf838c4d895bf17d78ea422429_0xfa8699fd649ad38f15d9b4d24de6f200b3e4aa52f824794e66fd1d21636e9ebc,0x1180608638a5a8b580046e3b2ff3d67a4b6d50cf838c4d895bf17d78ea422429,1715732400,0x3cf3e8d5427aed066a7a5926980600f6c3cf87b3,0x9c88c0ad88b0c7dd929b0cf040abc9a46b2bc405,0,110024958657457359532038665777399264506271681375762791050970079862807455423716,13.32,333.0,0.0,YES,2024-05-15 00:20:00+00:00,BUY,13.32,333.0,0.04,0.04,0.96
0x711eec67d04b3ca6e83865803ab12c97d8f3e79309d605b40b57a8e2bfe19d19_0x95adb799bc659f3baeda6b8f4c4a86ecfc8e0a3892ff4925a8090f6b569cf48b,0x711eec67d04b3ca6e83865803ab12c97d8f3e79309d605b40b57a8e2bfe19d19,1715732478,0x3cf3e8d5427aed066a7a5926980600f6c3cf87b3,0xc5d563a36ae78145c45a50134d48a1215220f80a,0,110024958657457359532038665777399264506271681375762791050970079862807455423716,10.25,205.0,0.0,YES,2024-05-15 00:21:18+00:00,BUY,10.25,205.0,0.05,0.05,0.95
0x4706f1935ff6ea862f19cff039d4363db713be17146ae07b28878ed58cb86532_0x6a113304a74afc77c633f1acaa760e573310c260fad38070dbd827ab5c9454ca,0x4706f1935ff6ea862f19cff039d4363db713be17146ae07b28878ed58cb86532,1715735206,0xd171604dc2ceaf4632379a20da03bbda7cc60deb,0xc5d563a36ae78145c45a50134d48a1215220f80a,0,110024958657457359532038665777399264506271681375762791050970079862807455423716,27.629999,525.188678,0.0,YES,2024-05-15 01:06:46+00:00,BUY,27.629999,525.188678,0.05260966231263653,0.05260966231263653,0.94739
0x0d2850ade5b7dbb2d9afd56cce31c94c75507ab469f45f181545b7d681290c00_0x4d70056c10c3726707bfb8ffe9b7a837c5e0e07d0f3fed1888f4a37f06749ef8,0x0d2850ade5b7dbb2d9afd56cce31c94c75507ab469f45f181545b7d681290c00,1715739486,0xd42f6a1634a3707e27cbae14ca966068e5d1047d,0x3cf3e8d5427aed066a7a5926980600f6c3cf87b3,110024958657457359532038665777399264506271681375762791050970079862807455423716,0,200.0,11.4,0.0,YES,2024-05-15 02:18:06+00:00,SELL,11.4,200.0,0.057,0.057,0.943
0x3fb0b720365d682973f2461a88a73fb6e854e69f10693b93fcc4f81e1ab92a8f_0xdb851cf73ca7914aaddcfcc748a22d3de7a94e69be2b63a573e59da86086f932,0x3fb0b720365d682973f2461a88a73fb6e854e69f10693b93fcc4f81e1ab92a8f,1715739530,0x3cf3e8d5427aed066a7a5926980600f6c3cf87b3,0xc5d563a36ae78145c45a50134d48a1215220f80a,0,110024958657457359532038665777399264506271681375762791050970079862807455423716,290.0,5000.0,0.0,YES,2024-05-15 02:18:50+00:00,BUY,290.0,5000.0,0.058,0.058,0.942
0xada99e546326380b69a06aa8ea2941732712029cb06de5dd63a5041616107636_0x9b14c957cd238f1696e31932c088180acbca122ab41c3f685ea4920ad408a3c4,0xada99e546326380b69a06aa8ea2941732712029cb06de5dd63a5041616107636,1715760047,0xd42f6a1634a3707e27cbae14ca966068e5d1047d,0x99f3c760fa4a140a3c6bbbe182c4a130a42581e2,110024958657457359532038665777399264506271681375762791050970079862807455423716,0,0.862067,0.049999,0.0,YES,2024-05-15 08:00:47+00:00,SELL,0.049999,0.862067,0.0579989722376567,0.0579989722376567,0.942001
0xe63ce09cd0ca0ed1d92f6ec41d859ad543c2c80e151233d7681523ddbc8e96a1_0xacbe7a9842fbf562e059dc26e2fa6859f136ea463571714dfe9cb5eafc728d78,0xe63ce09cd0ca0ed1d92f6ec41d859ad543c2c80e151233d7681523ddbc8e96a1,1715775957,0x6b7ec4ba079c0a258435ea36025f6190cd424562,0x5edf4d9b0bf2c0d2065438a95b0373ed4f92fc02,41923275653168802773722021577656941405318779178082176346555928498667069501442,0,2.079001,1.999998,0.0,NO,2024-05-15 12:25:57+00:00,SELL,1.999998,2.079001,0.9619995372777599,0.038,0.9619995372777599
0xb56d395b1ff764c916a8ae7d2835e022b5c317600c040c6cba439a7396e25bed_0x98850173a8f8a9a77c7d7c42b9a9c07909b97da2e7e0983996e930779fb9bb84,0xb56d395b1ff764c916a8ae7d2835e022b5c317600c040c6cba439a7396e25bed,1715779835,0x3cf3e8d5427aed066a7a5926980600f6c3cf87b3,0x59ee6c6a56d7b00223f0c30f8002c4df762b684d,0,110024958657457359532038665777399264506271681375762791050970079862807455423716,52.56288,1460.08,0.0,YES,2024-05-15 13:30:35+00:00,BUY,52.56288,1460.08,0.036000000000000004,0.036000000000000004,0.964
0xaba1f144d93a20fdbedd874c3a30936aa2560c8eccec686dedf24dafbb0570ef_0x98850173a8f8a9a77c7d7c42b9a9c07909b97da2e7e0983996e930779fb9bb84,0xaba1f144d93a20fdbedd874c3a30936aa2560c8eccec686dedf24dafbb0570ef,1715779867,0x3cf3e8d5427aed066a7a5926980600f6c3cf87b3,0x59ee6c6a56d7b00223f0c30f8002c4df762b684d,0,110024958657457359532038665777399264506271681375762791050970079862807455423716,72.0,2000.0,0.0,YES,2024-05-15 13:31:07+00:00,BUY,72.0,2000.0,0.036,0.036,0.964
0x5203380b41970966739f91c3b89304e61da3a467b5ace8bca7a1d6499cb7e521_0x98850173a8f8a9a77c7d7c42b9a9c07909b97da2e7e0983996e930779fb9bb84,0x5203380b41970966739f91c3b89304e61da3a467b5ace8bca7a1d6499cb7e521,1715780279,0x3cf3e8d5427aed066a7a5926980600f6c3cf87b3,0x59ee6c6a56d7b00223f0c30f8002c4df762b684d,0,110024958657457359532038665777399264506271681375762791050970079862807455423716,72.0,2000.0,0.0,YES,2024-05-15 13:37:59+00:00,BUY,72.0,2000.0,0.036,0.036,0.964
0xd0b0de0177196952921e37331d7913ad5506f09ec9c378405f11c6deace83dd1_0x4e4681f1f60199bb4ee8d4cbf3d383ba52e753451a42f8facc78ffa3211ca00f,0xd0b0de0177196952921e37331d7913ad5506f09ec9c378405f11c6deace83dd1,1715780593,0x3cf3e8d5427aed066a7a5926980600f6c3cf87b3,0x59ee6c6a56d7b00223f0c30f8002c4df762b684d,0,110024958657457359532038665777399264506271681375762791050970079862807455423716,66.6778,1905.08,0.0,YES,2024-05-15 13:43:13+00:00,BUY,66.6778,1905.08,0.035,0.035,0.965
0xf40e566bce1564a32a78cf0790917dff6482ea31f7cdbefee75ac8dc3f6ea104_0x4e4681f1f60199bb4ee8d4cbf3d383ba52e753451a42f8facc78ffa3211ca00f,0xf40e566bce1564a32a78cf0790917dff6482ea31f7cdbefee75ac8dc3f6ea104,1715781187,0x3cf3e8d5427aed066a7a5926980600f6c3cf87b3,0x59ee6c6a56d7b00223f0c30f8002c4df762b684d,0,110024958657457359532038665777399264506271681375762791050970079862807455423716,11.0922,316.92,0.0,YES,2024-05-15 13:53:07+00:00,BUY,11.0922,316.92,0.034999999999999996,0.034999999999999996,0.965
0x49c8d785aff5b073b291fbab6a1c79efef26a8b1ca5c9f4e6495c97496f1e48a_0x71c52b25d4a2e0035b63c53d8391e362d67e45875db969429255211b2fe514f9,0x49c8d785aff5b073b291fbab6a1c79efef26a8b1ca5c9f4e6495c97496f1e48a,1715786556,0x56d78525be0054d31b00182edb39c7056ee93d6b,0xc5d563a36ae78145c45a50134d48a1215220f80a,0,110024958657457359532038665777399264506271681375762791050970079862807455423716,5.0,125.0,0.0,YES,2024-05-15 15:22:36+00:00,BUY,5.0,125.0,0.04,0.04,0.96
0xc05e6053f30c6030bdaf8ffb03e5721d9c3c47da92b9f18cd2b5d23bab5c4e00_0xa6854f6de83c8025350a4c3ff09b4ff4e3cee53c73e3a1d4f47963d96404b536,0xc05e6053f30c6030bdaf8ffb03e5721d9c3c47da92b9f18cd2b5d23bab5c4e00,1715794758,0xd42f6a1634a3707e27cbae14ca966068e5d1047d,0x9817cc13a6dedcbe94a17c8fac6af25101295d4a,110024958657457359532038665777399264506271681375762791050970079862807455423716,0,200.0,8.8,0.0,YES,2024-05-15 17:39:18+00:00,SELL,8.8,200.0,0.044000000000000004,0.044000000000000004,0.956
0x6c98327d507be0e9a810526f79b8a49a4ee6773053839827851a7e1dfd9ee01b_0x8244115271982a1effa351f32a6d7abac9292bf2b7191b1f9ed72e9fd7bf120a,0x6c98327d507be0e9a810526f79b8a49a4ee6773053839827851a7e1dfd9ee01b,1715808246,0x99f3c760fa4a140a3c6bbbe182c4a130a42581e2,0xc5d563a36ae78145c45a50134d48a1215220f80a,110024958657457359532038665777399264506271681375762791050970079862807455423716,0,0.86,0.02666,0.0,YES,2024-05-15 21:24:06+00:00,SELL,0.02666,0.86,0.031,0.031,0.969
0x82b298c381942f1b43d18f13f530b81a7ba1b74cfa0ce5d59a6c215e8efa0ad2_0xbf33bc796122f10106aafd8765d233717fa735b3502b544412d73bdd0e79b11c,0x82b298c381942f1b43d18f13f530b81a7ba1b74cfa0ce5d59a6c215e8efa0ad2,1715828809,0x07d4245464dc4fa05d0b3f084d82482462dc8991,0xc5d563a36ae78145c45a50134d48a1215220f80a,0,110024958657457359532038665777399264506271681375762791050970079862807455423716,20.0,465.116278,0.0,YES,2024-05-16 03:06:49+00:00,BUY,20.0,465.116278,0.043000000098899996,0.043000000098899996,0.957
0xf39725d3078eab3dc8aeec4c1579ebf2691250fe9252336706382431f2a0373f_0x2afcc508055148ea553b2332036a0f450f492e073c10a390fdcbd5cf825b4e3c,0xf39725d3078eab3dc8aeec4c1579ebf2691250fe9252336706382431f2a0373f,1715846323,0xaaf4acafbb7980ce93631d238eb10a5c4ca67883,0x674d6b0a566bcab76562162be9146db423b77623,41923275653168802773722021577656941405318779178082176346555928498667069501442,0,2.061854,1.999998,0.0,NO,2024-05-16 07:58:43+00:00,SELL,1.999998,2.061854,0.9699998156998507,0.03,0.9699998156998507
0xbcdb65b14c518648542cfda662ba63c50d599065f059ad1fae9a1cd1ab908aa7_0x9326a6ab36d74184ad6759ced63b68458e14e8cec52b9adfb84c80df4369fa41,0xbcdb65b14c518648542cfda662ba63c50d599065f059ad1fae9a1cd1ab908aa7,1715873965,0xe25b9180f5687aa85bd94ee309bb72a464320f1b,0xc5d563a36ae78145c45a50134d48a1215220f80a,110024958657457359532038665777399264506271681375762791050970079862807455423716,0,2000.0,50.0,0.0,YES,2024-05-16 15:39:25+00:00,SELL,50.0,2000.0,0.025,0.025,0.975
0x71e402dc65d3546d284d5f8e98958cf04909775141950b69e6c8d587a8dea2d8_0x1fcf49126127990527644329a995d408398ea92ca0256718028b42bff82ad736,0x71e402dc65d3546d284d5f8e98958cf04909775141950b69e6c8d587a8dea2d8,1715888999,0x9d84ce0306f8551e02efef1680475fc0f1dc1344,0x59ee6c6a56d7b00223f0c30f8002c4df762b684d,0,110024958657457359532038665777399264506271681375762791050970079862807455423716,50.0,2000.0,0.0,YES,2024-05-16 19:49:59+00:00,BUY,50.0,2000.0,0.025,0.025,0.975
0x0c074dd57ea0323650ac3a2f17b0a1ef45f3c98eef6acd6f8dcbf98d26521980_0xc1bc0ce0ec250328f6638ab1ecf0382592d71a493ce205412af66d083126bf19,0x0c074dd57ea0323650ac3a2f17b0a1ef45f3c98eef6acd6f8dcbf98d26521980,1715918335,0x34b6497c05edd6fd1481fec9aa9ee8d4e92e2a9e,0xc5d563a36ae78145c45a50134d48a1215220f80a,0,110024958657457359532038665777399264506271681375762791050970079862807455423716,3.0,100.0,0.0,YES,2024-05-17 03:58:55+00:00,BUY,3.0,100.0,0.03,0.03,0.97
0xabdbc4d6660b1e9a422b12eabaec35e89ac4a6a13159447ba45b09c3d2598968_0x1fcf49126127990527644329a995d408398ea92ca0256718028b42bff82ad736,0xabdbc4d6660b1e9a422b12eabaec35e89ac4a6a13159447ba45b09c3d2598968,1715922598,0x9d84ce0306f8551e02efef1680475fc0f1dc1344,0x40773e0922203b8c583c1bc41e3eff66018bea0f,0,110024958657457359532038665777399264506271681375762791050970079862807455423716,0.051282,2.05128,0.0,YES,2024-05-17 05:09:58+00:00,BUY,0.051282,2.05128,0.024999999999999998,0.024999999999999998,0.975
0xd7ba37511f701e3babbeff956b8ddc76c870e5f69743e6f867e86b31f6804002_0xa0febee21588378aeb4a614a1d78c5ad37c8ddef3733827fbbe039be802bab8c,0xd7ba37511f701e3babbeff956b8ddc76c870e5f69743e6f867e86b31f6804002,1715936090,0x7eb6fae88042ce53418906639c22f93551a08145,0xc5d563a36ae78145c45a50134d48a1215220f80a,0,110024958657457359532038665777399264506271681375762791050970079862807455423716,3.0,100.0,0.0,YES,2024-05-17 08:54:50+00:00,BUY,3.0,100.0,0.03,0.03,0.97
0x6a376b486c60a24475c92079d3ef8554bace35962b49009fc3de8d7cef99aba6_0x1fcf49126127990527644329a995d408398ea92ca0256718028b42bff82ad736,0x6a376b486c60a24475c92079d3ef8554bace35962b49009fc3de8d7cef99aba6,1715938512,0x9d84ce0306f8551e02efef1680475fc0f1dc1344,0x59ee6c6a56d7b00223f0c30f8002c4df762b684d,0,110024958657457359532038665777399264506271681375762791050970079862807455423716,0.129,5.16,0.0,YES,2024-05-17 09:35:12+00:00,BUY,0.129,5.16,0.025,0.025,0.975
0x0f8dcee81e51c0327ccbf9c8ce408c298c8d0083719f41fae469a0e27f8e8552_0x0d204234ebde3374f35dcee014e2708dd8559510c366cd25db34b62bb794e579,0x0f8dcee81e51c0327ccbf9c8ce408c298c8d0083719f41fae469a0e27f8e8552,1716027158,0xaaf4acafbb7980ce93631d238eb10a5c4ca67883,0x59ee6c6a56d7b00223f0c30f8002c4df762b684d,41923275653168802773722021577656941405318779178082176346555928498667069501442,0,2001.03,1961.0094,0.0,NO,2024-05-18 10:12:38+00:00,SELL,1961.0094,2001.03,0.98,0.02,0.98
0x7c66abf299e4f3ca824894a9fdde28112832d6224914c018561811dfefc0d25e_0xa944132f6b06168663ef1ac0b8c09232c200c45ea225e56a4a2b9662d7655e4c,0x7c66abf299e4f3ca824894a9fdde28112832d6224914c018561811dfefc0d25e,1716143154,0x3cf3e8d5427aed066a7a5926980600f6c3cf87b3,0xc5d563a36ae78145c45a50134d48a1215220f80a,110024958657457359532038665777399264506271681375762791050970079862807455423716,0,2400.0,48.0,0.0,YES,2024-05-19 18:25:54+00:00,SELL,48.0,2400.0,0.02,0.02,0.98
0x19b98a6b2807803866bda20bac03217875b4b1ef9536e6ad385b79a90b85b251_0x21b71ebd4ef27a74c38935aed5ca2ee8ec692aeee70f4e176decb12c32447781,0x19b98a6b2807803866bda20bac03217875b4b1ef9536e6ad385b79a90b85b251,1716178143,0xd42f6a1634a3707e27cbae14ca966068e5d1047d,0x86b7b1ea71383832ad270b44a0b627d88d5d7ef4,0,110024958657457359532038665777399264506271681375762791050970079862807455423716,0.017046,0.947,0.0,YES,2024-05-20 04:09:03+00:00,BUY,0.017046,0.947,0.018,0.018,0.982
0xd8de60805ef096c21592303b304c1ce2f9494e1462360b7157001bfa334030e7_0xa7173d019671e665c4729d4e7b1aaaf14d75f9162f9883101e13e1151c0027f8,0xd8de60805ef096c21592303b304c1ce2f9494e1462360b7157001bfa334030e7,1716240837,0x3cf3e8d5427aed066a7a5926980600f6c3cf87b3,0xc0a6f1303ebc407adfecf513988dd8f1469c51d8,110024958657457359532038665777399264506271681375762791050970079862807455423716,0,120.0,3.0,0.0,YES,2024-05-20 21:33:57+00:00,SELL,3.0,120.0,0.025,0.025,0.975
0x21e0f9a9a76bc276e98aae2f978437f9d3b4bbf5725314877382166cd359a558_0xa7173d019671e665c4729d4e7b1aaaf14d75f9162f9883101e13e1151c0027f8,0x21e0f9a9a76bc276e98aae2f978437f9d3b4bbf5725314877382166cd359a558,1716258780,0x3cf3e8d5427aed066a7a5926980600f6c3cf87b3,0xdcc9d68a4bad9fc8becd27a03ee5b2b4feda4534,110024958657457359532038665777399264506271681375762791050970079862807455423716,0,350.0,8.75,0.0,YES,2024-05-21 02:33:00+00:00,SELL,8.75,350.0,0.025,0.025,0.975
0x7400edc0b0c250e2c299b7de6c2f2fe4ddc42df0f5816658f4a9e8c5c888c25a_0xa7173d019671e665c4729d4e7b1aaaf14d75f9162f9883101e13e1151c0027f8,0x7400edc0b0c250e2c299b7de6c2f2fe4ddc42df0f5816658f4a9e8c5c888c25a,1716284625,0x3cf3e8d5427aed066a7a5926980600f6c3cf87b3,0x07d4245464dc4fa05d0b3f084d82482462dc8991,110024958657457359532038665777399264506271681375762791050970079862807455423716,0,1000.0,25.0,0.0,YES,2024-05-21 09:43:45+00:00,SELL,25.0,1000.0,0.025,0.025,0.975
0xb5a6bfb0dbc5b10c90303243fa22b9272528fb6056ab7a2376fcea19b41665e3_0xa7173d019671e665c4729d4e7b1aaaf14d75f9162f9883101e13e1151c0027f8,0xb5a6bfb0dbc5b10c90303243fa22b9272528fb6056ab7a2376fcea19b41665e3,1716294231,0x3cf3e8d5427aed066a7a5926980600f6c3cf87b3,0xd838adf723fa05390ded9cebfa8fc53c0b894a33,110024958657457359532038665777399264506271681375762791050970079862807455423716,0,40.0,1.0,0.0,YES,2024-05-21 12:23:51+00:00,SELL,1.0,40.0,0.025,0.025,0.975
0x3c746506184c73b7222ef63e3f61e062e16b1eeb09b43bfea67b427baa178979_0xf518b114c22eadc503c48cc36261165551b7eccd0ea9844ba35197f26978281a,0x3c746506184c73b7222ef63e3f61e062e16b1eeb09b43bfea67b427baa178979,1716333821,0x6b7ec4ba079c0a258435ea36025f6190cd424562,0xaaf4acafbb7980ce93631d238eb10a5c4ca67883,0,110024958657457359532038665777399264506271681375762791050970079862807455423716,3.8,200.0,0.0,YES,2024-05-21 23:23:41+00:00,BUY,3.8,200.0,0.019,0.019,0.981
0x2928eabb8f0a86a7afc05ae5e5028b6b015c1433d7a36557bfd429d5f150a0fd_0x0afc2fd23ae38eac7437fe2eedffd8b738f217182a9dc547abc530927484fb56,0x2928eabb8f0a86a7afc05ae5e5028b6b015c1433d7a36557bfd429d5f150a0fd,1716348967,0x11e068079882f3d0eea4f27b869aa27530c546fc,0xc5d563a36ae78145c45a50134d48a1215220f80a,0,110024958657457359532038665777399264506271681375762791050970079862807455423716,19.999999,1052.631577,0.0,YES,2024-05-22 03:36:07+00:00,BUY,19.999999,1052.631577,0.018999999085149995,0.018999999085149995,0.981
0xb4b0cd9cc6598ef17c73a9ee22c20ca9eb5167827444b62abf71d5a31eef35b0_0x6657179dbde0e0a0418d761b375b72329fc3b1d2ce6806fe9b92dedfe33f07b1,0xb4b0cd9cc6598ef17c73a9ee22c20ca9eb5167827444b62abf71d5a31eef35b0,1716376910,0xaeff8748081b90d556924ebbd04021f47e30644c,0xc5d563a36ae78145c45a50134d48a1215220f80a,0,110024958657457359532038665777399264506271681375762791050970079862807455423716,4.3,226.315788,0.0,YES,2024-05-22 11:21:50+00:00,BUY,4.3,226.315788,0.01900000012372093,0.01900000012372093,0.981
0x6aa0f18ebe9cb469b90f2ceefbe0769f84b2926c99f16d75ab17dc94530da327_0x25fb2ac384ae27bf2839e49ed8304d9a902c503bd1b2c348fb81bc9f730eb0bb,0x6aa0f18ebe9cb469b90f2ceefbe0769f84b2926c99f16d75ab17dc94530da327,1716410323,0x89464223b00d829ee865e2d73f88297a29591b70,0xc5d563a36ae78145c45a50134d48a1215220f80a,0,110024958657457359532038665777399264506271681375762791050970079862807455423716,9.999999,434.782607,0.0,YES,2024-05-22 20:38:43+00:00,BUY,9.999999,434.782607,0.022999997789699994,0.022999997789699994,0.977
0x553fb185fa3785594ce83d6775b460341045edd62796fdd31efac3f1364b1761_0x88235da32b0ee3248193addee0681589403b9ebc623cca06f484e28a0021b9d0,0x553fb185fa3785594ce83d6775b460341045edd62796fdd31efac3f1364b1761,1716410387,0x6b7ec4ba079c0a258435ea36025f6190cd424562,0xc5d563a36ae78145c45a50134d48a1215220f80a,41923275653168802773722021577656941405318779178082176346555928498667069501442,0,200.0,195.4,0.0,NO,2024-05-22 20:39:47+00:00,SELL,195.4,200.0,0.977,0.023,0.977
0xd8b4dea66fbba58a83de3ced66fa44f1b3caa8ef3a6c330c62fc5de07f454385_0x814e8685b584c85f90878d81f98d459b057196a1f8e7222f3fc61d6ad8f9a0d1,0xd8b4dea66fbba58a83de3ced66fa44f1b3caa8ef3a6c330c62fc5de07f454385,1716412929,0xdae52e58e378202c3cc77e0e13be2c12b92d49f9,0xc5d563a36ae78145c45a50134d48a1215220f80a,110024958657457359532038665777399264506271681375762791050970079862807455423716,0,550.0,11.1,0.0,YES,2024-05-22 21:22:09+00:00,SELL,11.1,550.0,0.020181818181818183,0.020181818181818183,0.979818
0x0aaa923b3e427d3e889dc5c6bd17fb74a374cd3be937a2de1ed7bd03ae27fcbf_0xe33b2633870065307bca7e077d07c53b5f803f663dbe9b9de030c499d27234bb,0x0aaa923b3e427d3e889dc5c6bd17fb74a374cd3be937a2de1ed7bd03ae27fcbf,1716444046,0x3cf3e8d5427aed066a7a5926980600f6c3cf87b3,0xc5d563a36ae78145c45a50134d48a1215220f80a,110024958657457359532038665777399264506271681375762791050970079862807455423716,0,776.999944,13.985999,0.0,YES,2024-05-23 06:00:46+00:00,SELL,13.985999,776.999944,0.01800000001029601,0.01800000001029601,0.982
0x766b2e140039649c03f32f5d56ba26dfa3b07f88c6b3d8118400246d3f61262e_0xcbad03706409af4db8c13451201a2111d57cfb8ca7c32204f646ae9855277ea9,0x766b2e140039649c03f32f5d56ba26dfa3b07f88c6b3d8118400246d3f61262e,1716478065,0x3cf3e8d5427aed066a7a5926980600f6c3cf87b3,0xa375539bff89195ae9b1bd7f90f1e92133190889,0,110024958657457359532038665777399264506271681375762791050970079862807455423716,0.010659,0.7106,0.0,YES,2024-05-23 15:27:45+00:00,BUY,0.010659,0.7106,0.015,0.015,0.985
0x617d928e734263c3b728711b53814f4acab67e0cef384e862f0c003d43f791e9_0xa7b02836fabf303d3974cb3278b496cf5a9e3fcff6868291c04ef496f0d9c442,0x617d928e734263c3b728711b53814f4acab67e0cef384e862f0c003d43f791e9,1716505903,0x6b7ec4ba079c0a258435ea36025f6190cd424562,0x78a0537cc22f23e098a4a4066ce0b6f4ba23f206,110024958657457359532038665777399264506271681375762791050970079862807455423716,0,105.263156,1.999999,0.0,YES,2024-05-23 23:11:43+00:00,SELL,1.999999,105.263156,0.018999990841999836,0.018999990841999836,0.981
0x2c97d499bb3a69f2fe2f500f5f674aba631948c9590ac886336e879c83ae68ef_0xa7b02836fabf303d3974cb3278b496cf5a9e3fcff6868291c04ef496f0d9c442,0x2c97d499bb3a69f2fe2f500f5f674aba631948c9590ac886336e879c83ae68ef,1716545506,0x6b7ec4ba079c0a258435ea36025f6190cd424562,0xeefd401dab83c0559a13546b7c22932fcf59383f,110024958657457359532038665777399264506271681375762791050970079862807455423716,0,258.421051,4.909999,0.0,YES,2024-05-24 10:11:46+00:00,SELL,4.909999,258.421051,0.018999996250305476,0.018999996250305476,0.981
0xc052e23c16570b301e8f2dbb65f745839bbf463995bcc43a0490c3f8a603c386_0xdf17e06fba4dba8e2e756832867e92694ea4652b9f3651d6b15bd4268b83d68d,0xc052e23c16570b301e8f2dbb65f745839bbf463995bcc43a0490c3f8a603c386,1716545530,0xeefd401dab83c0559a13546b7c22932fcf59383f,0xc5d563a36ae78145c45a50134d48a1215220f80a,110024958657457359532038665777399264506271681375762791050970079862807455423716,0,245.5,4.1735,0.0,YES,2024-05-24 10:12:10+00:00,SELL,4.1735,245.5,0.016999999999999998,0.016999999999999998,0.983
0xf16e68885397559bf555c9fe625166a3e234b716ab08d85f0ce12299234703c9_0x5f62f08e50a08600d6ab552e7e42709513ac864a318da5eec0b61e9cf3596ff8,0xf16e68885397559bf555c9fe625166a3e234b716ab08d85f0ce12299234703c9,1716553113,0xaaf4acafbb7980ce93631d238eb10a5c4ca67883,0xc5d563a36ae78145c45a50134d48a1215220f80a,110024958657457359532038665777399264506271681375762791050970079862807455423716,0,645.0,10.965,0.0,YES,2024-05-24 12:18:33+00:00,SELL,10.965,645.0,0.017,0.017,0.983
0xa052eb5d10c60379752ef88c81c3b92cea3d58bf640855631658967f6200cd83_0x5f62f08e50a08600d6ab552e7e42709513ac864a318da5eec0b61e9cf3596ff8,0xa052eb5d10c60379752ef88c81c3b92cea3d58bf640855631658967f6200cd83,1716553797,0xaaf4acafbb7980ce93631d238eb10a5c4ca67883,0x858474153e731bb67e889be9f755eeae3c972885,110024958657457359532038665777399264506271681375762791050970079862807455423716,0,294.117647,4.999999,0.0,YES,2024-05-24 12:29:57+00:00,SELL,4.999999,294.117647,0.0169999966034,0.0169999966034,0.983
0xa6aa8528b020f6b249711fd0151601581f72992133ac3093785b415cf80f1e72_0x5f62f08e50a08600d6ab552e7e42709513ac864a318da5eec0b61e9cf3596ff8,0xa6aa8528b020f6b249711fd0151601581f72992133ac3093785b415cf80f1e72,1716556607,0xaaf4acafbb7980ce93631d238eb10a5c4ca67883,0x1f2289e6b029b0aeb06db53c5aa0fd082b0028c8,110024958657457359532038665777399264506271681375762791050970079862807455423716,0,705.882351,11.999999,0.0,YES,2024-05-24 13:16:47+00:00,SELL,11.999999,705.882351,0.01699999863008333,0.01699999863008333,0.983
0xe4224943495601af8fe415882b2d59fe646aeab8c7d8b246e5536f68cb73f491_0x1dcc2777e233b694f1104eee746e285314583c10256064aed7ce0e6276eefde6,0xe4224943495601af8fe415882b2d59fe646aeab8c7d8b246e5536f68cb73f491,1716556619,0x1f2289e6b029b0aeb06db53c5aa0fd082b0028c8,0xc5d563a36ae78145c45a50134d48a1215220f80a,110024958657457359532038665777399264506271681375762791050970079862807455423716,0,705.879933,10.588199,0.0,YES,2024-05-24 13:16:59+00:00,SELL,10.588199,705.879933,0.015000000007083356,0.015000000007083356,0.985
0x01f6f0027c46b9f99790158afa549ce7574e216df0fd83c4f981ed78aa247511_0x5f62f08e50a08600d6ab552e7e42709513ac864a318da5eec0b61e9cf3596ff8,0x01f6f0027c46b9f99790158afa549ce7574e216df0fd83c4f981ed78aa247511,1716560011,0xaaf4acafbb7980ce93631d238eb10a5c4ca67883,0xdd734ce99f71e969d167eb1b4b01a07ffb897f4f,110024958657457359532038665777399264506271681375762791050970079862807455423716,0,276.989999,4.708829,0.0,YES,2024-05-24 14:13:31+00:00,SELL,4.708829,276.989999,0.016999996451135407,0.016999996451135407,0.983
0xd74d5bdfe0e540f1f497d5a7d9438820f82bc534fdf79830b5565204147ee0d1_0x8755fea2511023b9496b878cbc851c72715983d7143da2d3ddd69a0fac0bb99d,0xd74d5bdfe0e540f1f497d5a7d9438820f82bc534fdf79830b5565204147ee0d1,1716560021,0xdd734ce99f71e969d167eb1b4b01a07ffb897f4f,0xc5d563a36ae78145c45a50134d48a1215220f80a,110024958657457359532038665777399264506271681375762791050970079862807455423716,0,705.88,10.5882,0.0,YES,2024-05-24 14:13:41+00:00,SELL,10.5882,705.88,0.015000000000000001,0.015000000000000001,0.985
0x8a456dbae5e89a5def885b74a073637ebb416a1e8b09c3e722cb7af1ee624db1_0x64f9bbc3d2e8fbe8ecc4192f844860e292e81d50ea2c7c50bbd2eaa97c542286,0x8a456dbae5e89a5def885b74a073637ebb416a1e8b09c3e722cb7af1ee624db1,1716566143,0x6b7ec4ba079c0a258435ea36025f6190cd424562,0x9dedbf7fe1d65741595cfd9a693397fcba7b786b,110024958657457359532038665777399264506271681375762791050970079862807455423716,0,245.56,4.17452,0.0,YES,2024-05-24 15:55:43+00:00,SELL,4.17452,245.56,0.017,0.017,0.983
0xfe461cf99a7d595c8b36eaa6e58edfc070712ac1f1d194ad98d382458456f436_0x2fc0113d848e57ca683c010699ec8b773397f026a2acf6de872c839e2b40c82c,0xfe461cf99a7d595c8b36eaa6e58edfc070712ac1f1d194ad98d382458456f436,1716566159,0x9dedbf7fe1d65741595cfd9a693397fcba7b786b,0xc5d563a36ae78145c45a50134d48a1215220f80a,110024958657457359532038665777399264506271681375762791050970079862807455423716,0,464.7,6.9705,0.0,YES,2024-05-24 15:55:59+00:00,SELL,6.9705,464.7,0.015000000000000001,0.015000000000000001,0.985
0x975b165d141e1faaccbf624f9b1cb4ecdae00476e7eee71e96e043900b842f69_0x1e6b72b06ecf102dc1cc257d572d71942dbc7cb3c7d6ebbaf384bef75097bfd6,0x975b165d141e1faaccbf624f9b1cb4ecdae00476e7eee71e96e043900b842f69,1716570685,0x07d4245464dc4fa05d0b3f084d82482462dc8991,0xc5d563a36ae78145c45a50134d48a1215220f80a,110024958657457359532038665777399264506271681375762791050970079862807455423716,0,1872.88,28.0932,0.0,YES,2024-05-24 17:11:25+00:00,SELL,28.0932,1872.88,0.015,0.015,0.985
0x00d9177628aa404a01859fcc22efe9e93a0d23271a7079abedf231481e59f316_0xa0f1857eba89f4ed576723d737d5fc81e5147434f12d333edce2aa9cb274de17,0x00d9177628aa404a01859fcc22efe9e93a0d23271a7079abedf231481e59f316,1716576627,0xb4fa0a9121b74a45093fea909b612f8b65fdaa29,0xc5d563a36ae78145c45a50134d48a1215220f80a,0,110024958657457359532038665777399264506271681375762791050970079862807455423716,4.999999,277.777776,0.0,YES,2024-05-24 18:50:27+00:00,BUY,4.999999,277.777776,0.017999996515199977,0.017999996515199977,0.982
0xd5de20a4e86335494496b1d5dfc0ed02303d4c2bc36148c5c9aeb21a76f8f7d2_0x3626617f899788c4181695c3149c915441b2505d56e9542079d048691001fffb,0xd5de20a4e86335494496b1d5dfc0ed02303d4c2bc36148c5c9aeb21a76f8f7d2,1716603872,0x9d84ce0306f8551e02efef1680475fc0f1dc1344,0x59ee6c6a56d7b00223f0c30f8002c4df762b684d,0,110024958657457359532038665777399264506271681375762791050970079862807455423716,6.075,405.0,0.0,YES,2024-05-25 02:24:32+00:00,BUY,6.075,405.0,0.015000000000000001,0.015000000000000001,0.985
0xf5a130dcb7bcc911bce492116fe2bc49d970c96892a225905a1a242c82801753_0xec6dcbc494de2bad11ebae1c4083cb1053f61750649b6875c20cfc63f6995ab5,0xf5a130dcb7bcc911bce492116fe2bc49d970c96892a225905a1a242c82801753,1716639310,0xec93a291f94984d1464e13d6a48baf8b023f502e,0xc5d563a36ae78145c45a50134d48a1215220f80a,0,110024958657457359532038665777399264506271681375762791050970079862807455423716,40.318,2122.0,0.0,YES,2024-05-25 12:15:10+00:00,BUY,40.318,2122.0,0.019,0.019,0.981
0xcc130c1ff523d4746cd1d3f632dac5d8877f26ffb697bc38810b380d0093489c_0x3afa8152e2a7f59232fb82847932d1c36d8f30b52d0d001b2cb9aef53953458a,0xcc130c1ff523d4746cd1d3f632dac5d8877f26ffb697bc38810b380d0093489c,1716705014,0x6b7ec4ba079c0a258435ea36025f6190cd424562,0x3cf3e8d5427aed066a7a5926980600f6c3cf87b3,0,110024958657457359532038665777399264506271681375762791050970079862807455423716,3.8,200.0,0.0,YES,2024-05-26 06:30:14+00:00,BUY,3.8,200.0,0.019,0.019,0.981
0x723420263a452584064f52c4e2b83bf4021e7f9bd3f9076c4363d08602526ea5_0x540c03951833ad503c835e32d874242e3b107f77eb03304daf49d2e797b233e0,0x723420263a452584064f52c4e2b83bf4021e7f9bd3f9076c4363d08602526ea5,1716723739,0x6b7ec4ba079c0a258435ea36025f6190cd424562,0x041718233e7e0204d75a3915a14d581dbdce7e53,110024958657457359532038665777399264506271681375762791050970079862807455423716,0,52.631577,0.999999,0.0,YES,2024-05-26 11:42:19+00:00,SELL,0.999999,52.631577,0.01899998170299932,0.01899998170299932,0.981
0xecaa6b5f594b8dbe00b4409abf0d05a7f3be341dbf6f07344cecd887bdaa4795_0x3626617f899788c4181695c3149c915441b2505d56e9542079d048691001fffb,0xecaa6b5f594b8dbe00b4409abf0d05a7f3be341dbf6f07344cecd887bdaa4795,1716791581,0x9d84ce0306f8551e02efef1680475fc0f1dc1344,0x59ee6c6a56d7b00223f0c30f8002c4df762b684d,0,110024958657457359532038665777399264506271681375762791050970079862807455423716,4.7271,315.14,0.0,YES,2024-05-27 06:33:01+00:00,BUY,4.7271,315.14,0.015000000000000001,0.015000000000000001,0.985
0x77b83db8ed3f8168d65ec428753146440a5562671aa0af019d07afef1a411e10_0x3626617f899788c4181695c3149c915441b2505d56e9542079d048691001fffb,0x77b83db8ed3f8168d65ec428753146440a5562671aa0af019d07afef1a411e10,1716812546,0x9d84ce0306f8551e02efef1680475fc0f1dc1344,0x59ee6c6a56d7b00223f0c30f8002c4df762b684d,0,110024958657457359532038665777399264506271681375762791050970079862807455423716,3.615,241.0,0.0,YES,2024-05-27 12:22:26+00:00,BUY,3.615,241.0,0.015000000000000001,0.015000000000000001,0.985
0x7e83cbb4dc3ba7000eebb61a0e3db69671faec9377269cc87730d026975baf05_0x3626617f899788c4181695c3149c915441b2505d56e9542079d048691001fffb,0x7e83cbb4dc3ba7000eebb61a0e3db69671faec9377269cc87730d026975baf05,1716823802,0x9d84ce0306f8551e02efef1680475fc0f1dc1344,0x59ee6c6a56d7b00223f0c30f8002c4df762b684d,0,110024958657457359532038665777399264506271681375762791050970079862807455423716,3.6333,242.22,0.0,YES,2024-05-27 15:30:02+00:00,BUY,3.6333,242.22,0.015000000000000001,0.015000000000000001,0.985
0x882117ce8530d9b6c8c477f1b391cf79ae996729d41b306e8b5d96a3320e3cee_0xee0dd1da50f41e6f0511ba822db675ed699c75d5230c87789fc8de8b4122a85d,0x882117ce8530d9b6c8c477f1b391cf79ae996729d41b306e8b5d96a3320e3cee,1716824578,0xd838adf723fa05390ded9cebfa8fc53c0b894a33,0xc5d563a36ae78145c45a50134d48a1215220f80a,0,110024958657457359532038665777399264506271681375762791050970079862807455423716,0.999999,52.631577,0.0,YES,2024-05-27 15:42:58+00:00,BUY,0.999999,52.631577,0.01899998170299932,0.01899998170299932,0.981
0x807c2a6175a40a1f970eac1049348661bfe3846604c83f8d5438f29fbb07949f_0xba82cb33e841c33d7810dfae6727ccffd464ec0075fa15191cc0261c997a4e37,0x807c2a6175a40a1f970eac1049348661bfe3846604c83f8d5438f29fbb07949f,1716872760,0x2edd956b27892232c2eeff41a00625eac0610f77,0xc5d563a36ae78145c45a50134d48a1215220f80a,0,110024958657457359532038665777399264506271681375762791050970079862807455423716,0.009999,0.526314,0.0,YES,2024-05-28 05:06:00+00:00,BUY,0.009999,0.526314,0.01899816459375962,0.01899816459375962,0.981002
0x512aa7b7fb5cd281ece3f0537749cafafe854753e7de9686f9369f70986aa061_0xf24032b7cbc987c46ee8f3a27bb1c03359952fc9c73bc98ae1ef8ff0445c825f,0x512aa7b7fb5cd281ece3f0537749cafafe854753e7de9686f9369f70986aa061,1716876807,0xfda54242d2b3087908227d80448bcec065cf036e,0xc5d563a36ae78145c45a50134d48a1215220f80a,0,110024958657457359532038665777399264506271681375762791050970079862807455423716,0.009999,0.526314,0.0,YES,2024-05-28 06:13:27+00:00,BUY,0.009999,0.526314,0.01899816459375962,0.01899816459375962,0.981002
0x0399b2d7c129604412d5be28add63f07cdfc51e09ec9a27ec67947380001a064_0xc4f7666dc767ef0bf0dbbce246f4973b1643108688486f4aaa0d3890b3111c36,0x0399b2d7c129604412d5be28add63f07cdfc51e09ec9a27ec67947380001a064,1716896240,0x0ef326632e5d6f56608ac59e311a592ddb8d04aa,0xc5d563a36ae78145c45a50134d48a1215220f80a,0,110024958657457359532038665777399264506271681375762791050970079862807455423716,0.009999,0.526314,0.0,YES,2024-05-28 11:37:20+00:00,BUY,0.009999,0.526314,0.01899816459375962,0.01899816459375962,0.981002
0xfe6234d4c635c173b887ffd7aaa57d0baa9bcfed7d2d8dcf46dae24b2c55dbba_0xd7e3e15ad50d0da499a8604c70f4adce3df43ef8a90824f4b30ed6b0d96d0938,0xfe6234d4c635c173b887ffd7aaa57d0baa9bcfed7d2d8dcf46dae24b2c55dbba,1716928071,0xbf25cf47fb8600fc36d402d75cf6a39874a30c07,0xc5d563a36ae78145c45a50134d48a1215220f80a,0,110024958657457359532038665777399264506271681375762791050970079862807455423716,0.999999,52.631577,0.0,YES,2024-05-28 20:27:51+00:00,BUY,0.999999,52.631577,0.01899998170299932,0.01899998170299932,0.981
0xa700ed9dfd30816046860f88bc4832a70f0157c3f0e32bb1d27782b52e532179_0xcaf8cec3429f5dc61a794e112ba93c77599a26c0ef605f271ec14740118e46d1,0xa700ed9dfd30816046860f88bc4832a70f0157c3f0e32bb1d27782b52e532179,1716931128,0xa156b491c0019e48d921d1479c544b0fb3c82cc0,0xc5d563a36ae78145c45a50134d48a1215220f80a,0,110024958657457359532038665777399264506271681375762791050970079862807455423716,1.999999,105.263156,0.0,YES,2024-05-28 21:18:48+00:00,BUY,1.999999,105.263156,0.018999990841999836,0.018999990841999836,0.981
0x92746a7bc84633dfc072536a8654894cc9b40b299edce387e0bb3877c7c4b8db_0x4165761b063586a66eeb7b423c415ba4898811d31795167e12112fb416140066,0x92746a7bc84633dfc072536a8654894cc9b40b299edce387e0bb3877c7c4b8db,1716933490,0xde242261bcd8d4320113f12230da34d705ca25a8,0xc5d563a36ae78145c45a50134d48a1215220f80a,0,110024958657457359532038665777399264506271681375762791050970079862807455423716,48.314999,2542.894719,0.0,YES,2024-05-28 21:58:10+00:00,BUY,48.314999,2542.894719,0.01899999974006002,0.01899999974006002,0.981
0xfa6adddbed77bca3faffaf16a95203e65e49dcfd7dae9527cfafdf8d120115fb_0xc8d440b590228d3f4ff1fd05882a0bb0db4329472d34af9a950076f331e2ff1b,0xfa6adddbed77bca3faffaf16a95203e65e49dcfd7dae9527cfafdf8d120115fb,1716933498,0x43372356634781eea88d61bbdd7824cdce958882,0xde242261bcd8d4320113f12230da34d705ca25a8,110024958657457359532038665777399264506271681375762791050970079862807455423716,0,444.0,8.88,0.0,YES,2024-05-28 21:58:18+00:00,SELL,8.88,444.0,0.02,0.02,0.98
0x2f0f83a205ad2ace29465fe646f446c06ca8031ea6698e8adfaebeb5e0684b99_0x72b63adc274ac096b7006ab5c19709a316f21a84071aac22c56bce2a113f77ba,0x2f0f83a205ad2ace29465fe646f446c06ca8031ea6698e8adfaebeb5e0684b99,1716934132,0x3cf3e8d5427aed066a7a5926980600f6c3cf87b3,0xc5d563a36ae78145c45a50134d48a1215220f80a,110024958657457359532038665777399264506271681375762791050970079862807455423716,0,52.62,0.99978,0.0,YES,2024-05-28 22:08:52+00:00,SELL,0.99978,52.62,0.019,0.019,0.981
0x0c5ea9118c5922152ea92c08242b33b387420df11c35c09567c67e489ad03a36_0x97636b85dfb0b6dd8c04dd0730230566f10fd3371cb771f445e3278863eb9b80,0x0c5ea9118c5922152ea92c08242b33b387420df11c35c09567c67e489ad03a36,1716934144,0x3cf3e8d5427aed066a7a5926980600f6c3cf87b3,0xc5d563a36ae78145c45a50134d48a1215220f80a,110024958657457359532038665777399264506271681375762791050970079862807455423716,0,200.0,3.6,0.0,YES,2024-05-28 22:09:04+00:00,SELL,3.6,200.0,0.018000000000000002,0.018000000000000002,0.982
0x1beb3c2134d116cbfb2b89441b1466134ca7c03421c23fce65c034c32dd870b9_0x3c21b4f258008c0ca0d980b31b3a98bd6d8febaf60c9cf6132bcf4ce984e6098,0x1beb3c2134d116cbfb2b89441b1466134ca7c03421c23fce65c034c32dd870b9,1716963472,0x3cf3e8d5427aed066a7a5926980600f6c3cf87b3,0x96c882d2561aadf00f1c817a320b1241553df0ad,110024958657457359532038665777399264506271681375762791050970079862807455423716,0,0.476189,0.009999,0.0,YES,2024-05-29 06:17:52+00:00,SELL,0.009999,0.476189,0.02099796509369179,0.02099796509369179,0.979002
0x9fcfab7e6a91a711695a31a2266edd4134972fa150bd0287f87e8fd713954ef6_0x3c21b4f258008c0ca0d980b31b3a98bd6d8febaf60c9cf6132bcf4ce984e6098,0x9fcfab7e6a91a711695a31a2266edd4134972fa150bd0287f87e8fd713954ef6,1716963476,0x3cf3e8d5427aed066a7a5926980600f6c3cf87b3,0x96c882d2561aadf00f1c817a320b1241553df0ad,110024958657457359532038665777399264506271681375762791050970079862807455423716,0,0.476189,0.009999,0.0,YES,2024-05-29 06:17:56+00:00,SELL,0.009999,0.476189,0.02099796509369179,0.02099796509369179,0.979002
0xdbd25d92cde2846af530331a0f85d361472c44c4696379e71f377a66b1de0864_0x3c21b4f258008c0ca0d980b31b3a98bd6d8febaf60c9cf6132bcf4ce984e6098,0xdbd25d92cde2846af530331a0f85d361472c44c4696379e71f377a66b1de0864,1716973526,0x3cf3e8d5427aed066a7a5926980600f6c3cf87b3,0x6f2513f9742196023dd44c311fccfcf15813f8ff,110024958657457359532038665777399264506271681375762791050970079862807455423716,0,0.476189,0.009999,0.0,YES,2024-05-29 09:05:26+00:00,SELL,0.009999,0.476189,0.02099796509369179,0.02099796509369179,0.979002
0xf8173292ab04b3476022167a4836847df6a53777cc12e8bb4a9cee3efa8c4bfc_0x3c21b4f258008c0ca0d980b31b3a98bd6d8febaf60c9cf6132bcf4ce984e6098,0xf8173292ab04b3476022167a4836847df6a53777cc12e8bb4a9cee3efa8c4bfc,1716977617,0x3cf3e8d5427aed066a7a5926980600f6c3cf87b3,0xb7e647adb292030676a358f7948b1c380acf329b,110024958657457359532038665777399264506271681375762791050970079862807455423716,0,0.476189,0.009999,0.0,YES,2024-05-29 10:13:37+00:00,SELL,0.009999,0.476189,0.02099796509369179,0.02099796509369179,0.979002
0xbcfdc315b21964a0bd3e96d3647e877e44ab300dfa1a1dfc645f4f20ff627f78_0x3c21b4f258008c0ca0d980b31b3a98bd6d8febaf60c9cf6132bcf4ce984e6098,0xbcfdc315b21964a0bd3e96d3647e877e44ab300dfa1a1dfc645f4f20ff627f78,1716989173,0x3cf3e8d5427aed066a7a5926980600f6c3cf87b3,0xad6927e671ccbd4ba4b8a49281fd64468e5f7b98,110024958657457359532038665777399264506271681375762791050970079862807455423716,0,0.476189,0.009999,0.0,YES,2024-05-29 13:26:13+00:00,SELL,0.009999,0.476189,0.02099796509369179,0.02099796509369179,0.979002
0xe08871b5c687e99013fa780d60885e1c63060e5f2a9ca6be6e2d351ae449ca63_0x873f80f1bc4719909e30dbf45f600751238af05bb277e1543d8ce03483c3edcf,0xe08871b5c687e99013fa780d60885e1c63060e5f2a9ca6be6e2d351ae449ca63,1716991485,0x858474153e731bb67e889be9f755eeae3c972885,0xc5d563a36ae78145c45a50134d48a1215220f80a,110024958657457359532038665777399264506271681375762791050970079862807455423716,0,294.11,4.70576,0.0,YES,2024-05-29 14:04:45+00:00,SELL,4.70576,294.11,0.015999999999999997,0.015999999999999997,0.984
0x64032dbbb24c8599092ff057ccf6b24b5ecf0b417960cec399cffc1cb206c194_0x3c21b4f258008c0ca0d980b31b3a98bd6d8febaf60c9cf6132bcf4ce984e6098,0x64032dbbb24c8599092ff057ccf6b24b5ecf0b417960cec399cffc1cb206c194,1716993240,0x3cf3e8d5427aed066a7a5926980600f6c3cf87b3,0xfd9cc725b769001fe456aac2ccf31da1bb9a5603,110024958657457359532038665777399264506271681375762791050970079862807455423716,0,0.476189,0.009999,0.0,YES,2024-05-29 14:34:00+00:00,SELL,0.009999,0.476189,0.02099796509369179,0.02099796509369179,0.979002
0xb45caf168f1f48f940b98fd1d9b90a15d6922b6f76c46fa99a5c21a12726c00a_0x3c21b4f258008c0ca0d980b31b3a98bd6d8febaf60c9cf6132bcf4ce984e6098,0xb45caf168f1f48f940b98fd1d9b90a15d6922b6f76c46fa99a5c21a12726c00a,1717114945,0x3cf3e8d5427aed066a7a5926980600f6c3cf87b3,0x4ded82f9f89315cb5a1cf5059864658e71de0212,110024958657457359532038665777399264506271681375762791050970079862807455423716,0,107.142857,2.249999,0.0,YES,2024-05-31 00:22:25+00:00,SELL,2.249999,107.142857,0.02099999069466665,0.02099999069466665,0.979
0xb26ec58170640f2adc1f5e078c812de90561d4f53f6516d9253f5f527a584717_0x3c21b4f258008c0ca0d980b31b3a98bd6d8febaf60c9cf6132bcf4ce984e6098,0xb26ec58170640f2adc1f5e078c812de90561d4f53f6516d9253f5f527a584717,1717124994,0x3cf3e8d5427aed066a7a5926980600f6c3cf87b3,0x85df4eee0e19cb9c2c0ce293188c445a738cfe25,110024958657457359532038665777399264506271681375762791050970079862807455423716,0,476.190476,9.999999,0.0,YES,2024-05-31 03:09:54+00:00,SELL,9.999999,476.190476,0.0209999979084,0.0209999979084,0.979
0xc590de100a4ce7e94332344e3df33612aadd823fc4b2108ca78dead4c017330c_0x3c21b4f258008c0ca0d980b31b3a98bd6d8febaf60c9cf6132bcf4ce984e6098,0xc590de100a4ce7e94332344e3df33612aadd823fc4b2108ca78dead4c017330c,1717128738,0x3cf3e8d5427aed066a7a5926980600f6c3cf87b3,0x24be598104c3a8c865a471d4b0ed110bd98de421,110024958657457359532038665777399264506271681375762791050970079862807455423716,0,476.190476,9.999999,0.0,YES,2024-05-31 04:12:18+00:00,SELL,9.999999,476.190476,0.0209999979084,0.0209999979084,0.979
0xc3d56fd8a5af733bf2ec6c4824082eec9e8396b33caee08503ca67def4d82159_0x15a15812afe2ba52831ee9f518ee2c00e76211b43c63daebe4ca8996d53264cb,0xc3d56fd8a5af733bf2ec6c4824082eec9e8396b33caee08503ca67def4d82159,1717128752,0x24be598104c3a8c865a471d4b0ed110bd98de421,0xc5d563a36ae78145c45a50134d48a1215220f80a,110024958657457359532038665777399264506271681375762791050970079862807455423716,0,476.19,9.5238,0.0,YES,2024-05-31 04:12:32+00:00,SELL,9.5238,476.19,0.02,0.02,0.98
0xb1e1154b62af769305ba67d798d7d32abcb20ab4de014880f337495bfa3e10bb_0x3c21b4f258008c0ca0d980b31b3a98bd6d8febaf60c9cf6132bcf4ce984e6098,0xb1e1154b62af769305ba67d798d7d32abcb20ab4de014880f337495bfa3e10bb,1717161772,0x3cf3e8d5427aed066a7a5926980600f6c3cf87b3,0x539e670542154cc21736bb4672e70937b5f9422b,110024958657457359532038665777399264506271681375762791050970079862807455423716,0,47.619046,0.999999,0.0,YES,2024-05-31 13:22:52+00:00,SELL,0.999999,47.619046,0.02099997971399931,0.02099997971399931,0.979
0x8b34d87edda2f7dd7654bf18184188541a490f207d994f73c8bc7c8ac2276f81_0x32f6d16755363d2c32ea0e8296c6931b1450cf6a2fa9bf257c3b388a5fb88fb4,0x8b34d87edda2f7dd7654bf18184188541a490f207d994f73c8bc7c8ac2276f81,1717164754,0xde242261bcd8d4320113f12230da34d705ca25a8,0xaaf4acafbb7980ce93631d238eb10a5c4ca67883,0,110024958657457359532038665777399264506271681375762791050970079862807455423716,100.0,5000.0,0.0,YES,2024-05-31 14:12:34+00:00,BUY,100.0,5000.0,0.02,0.02,0.98
0x84922ce70adb75e91e8e55c93ecde4a7ea6127482bb5933aefef5569544d9d48_0x58ca9b084c3b09d8f9c9f212c53d2656ae8ecfe93d18207bc4d79a082c155851,0x84922ce70adb75e91e8e55c93ecde4a7ea6127482bb5933aefef5569544d9d48,1717166714,0xe25b9180f5687aa85bd94ee309bb72a464320f1b,0xc5d563a36ae78145c45a50134d48a1215220f80a,110024958657457359532038665777399264506271681375762791050970079862807455423716,0,837.03,16.7406,0.0,YES,2024-05-31 14:45:14+00:00,SELL,16.7406,837.03,0.02,0.02,0.98
0x4fd6ea01a07c9a0f78e223fb4dd8cb865614589ac464f552330dd1c2ccbf7058_0x3c21b4f258008c0ca0d980b31b3a98bd6d8febaf60c9cf6132bcf4ce984e6098,0x4fd6ea01a07c9a0f78e223fb4dd8cb865614589ac464f552330dd1c2ccbf7058,1717168170,0x3cf3e8d5427aed066a7a5926980600f6c3cf87b3,0x89c156db31073c6fbf2f9fc3d3ba899e97e142c6,110024958657457359532038665777399264506271681375762791050970079862807455423716,0,0.476189,0.009999,0.0,YES,2024-05-31 15:09:30+00:00,SELL,0.009999,0.476189,0.02099796509369179,0.02099796509369179,0.979002
0x418e912442421d411ce8daced87214b4e353656648a5f1f9eaaa0fdc4dbd4fbf_0x8f1137cdd6e05f0c929681dc8add49e7087b7fbb11bbafd8e06079b993c32aa7,0x418e912442421d411ce8daced87214b4e353656648a5f1f9eaaa0fdc4dbd4fbf,1717181480,0xe25b9180f5687aa85bd94ee309bb72a464320f1b,0xc5d563a36ae78145c45a50134d48a1215220f80a,110024958657457359532038665777399264506271681375762791050970079862807455423716,0,7450.0,149.0,0.0,YES,2024-05-31 18:51:20+00:00,SELL,149.0,7450.0,0.02,0.02,0.98
0xda6a753ade5a7303cb23dc0203ccf3459d92015c99020962fa9f07b1da10d24d_0x3c21b4f258008c0ca0d980b31b3a98bd6d8febaf60c9cf6132bcf4ce984e6098,0xda6a753ade5a7303cb23dc0203ccf3459d92015c99020962fa9f07b1da10d24d,1717195480,0x3cf3e8d5427aed066a7a5926980600f6c3cf87b3,0xde242261bcd8d4320113f12230da34d705ca25a8,110024958657457359532038665777399264506271681375762791050970079862807455423716,0,1111.47,23.34087,0.0,YES,2024-05-31 22:44:40+00:00,SELL,23.34087,1111.47,0.020999999999999998,0.020999999999999998,0.979
0x48ad44bc171191ef2c24cfe2b1cce98bad0d188b0ef0a41d663dd472d0f8d76e_0xeca10e0f5db4c4639bf9925dbf3ac9f7bba50c80d5c690436f5e8279c51fbba5,0x48ad44bc171191ef2c24cfe2b1cce98bad0d188b0ef0a41d663dd472d0f8d76e,1717196980,0x85df4eee0e19cb9c2c0ce293188c445a738cfe25,0xc5d563a36ae78145c45a50134d48a1215220f80a,110024958657457359532038665777399264506271681375762791050970079862807455423716,0,476.19,9.99999,0.0,YES,2024-05-31 23:09:40+00:00,SELL,9.99999,476.19,0.021,0.021,0.979
0x073e696c85f09402c7c5276c98f984332344e8114341697bc4853d347a9846ad_0x342b552a0cbb0cc0ad697614c54de9e0f59188cd453ac61a07c13b35e0291a2e,0x073e696c85f09402c7c5276c98f984332344e8114341697bc4853d347a9846ad,1717199620,0xd42f6a1634a3707e27cbae14ca966068e5d1047d,0xe5ddf947d781fd3c6434e8f59391f28be69f3e45,110024958657457359532038665777399264506271681375762791050970079862807455423716,0,454.545453,9.999999,0.0,YES,2024-05-31 23:53:40+00:00,SELL,9.999999,454.545453,0.021999997874799993,0.021999997874799993,0.978
0x96762315c6501d83755251a9c0e4bf0e1f7f56ef3193a78fdb432e062f42acc1_0x24959a74a675a5b102ebcd7d045807e40aab221ee50dd78fd9aad361ae00114d,0x96762315c6501d83755251a9c0e4bf0e1f7f56ef3193a78fdb432e062f42acc1,1717199924,0xe25b9180f5687aa85bd94ee309bb72a464320f1b,0xc5d563a36ae78145c45a50134d48a1215220f80a,110024958657457359532038665777399264506271681375762791050970079862807455423716,0,8754.0,180.93734,0.0,YES,2024-05-31 23:58:44+00:00,SELL,180.93734,8754.0,0.02066910440941284,0.02066910440941284,0.979331
0xf74bb1ea18fac2cf73767d1d5adaac062fbc77a5ea4549d1905d75acc4c891bd_0x702326e26b45ec78a47f5d924f7f32d6465a6577ccda28107c260f8b9187295e,0xf74bb1ea18fac2cf73767d1d5adaac062fbc77a5ea4549d1905d75acc4c891bd,1717210966,0x6b7ec4ba079c0a258435ea36025f6190cd424562,0x5653a939b78beac5b14a275b43f5c87ab2cf785f,110024958657457359532038665777399264506271681375762791050970079862807455423716,0,0.476189,0.009999,0.0,YES,2024-06-01 03:02:46+00:00,SELL,0.009999,0.476189,0.02099796509369179,0.02099796509369179,0.979002
0x4f782d959186aa5b999671f3127ecff33a55af835cfbbed73d874c8759b7b793_0x6d3bccdc2a83a30ff32bd4a0352db25ca1a113ba91fd9577625400a467a3a842,0x4f782d959186aa5b999671f3127ecff33a55af835cfbbed73d874c8759b7b793,1717211087,0x3cf3e8d5427aed066a7a5926980600f6c3cf87b3,0xc5d563a36ae78145c45a50134d48a1215220f80a,110024958657457359532038665777399264506271681375762791050970079862807455423716,0,1000.0,20.0,0.0,YES,2024-06-01 03:04:47+00:00,SELL,20.0,1000.0,0.02,0.02,0.98
0x5acda556ed768280cd51f34f2436b39e389d8c1201560ea052ccc7ae4c0a53e8_0xd462a245679af6f210cc780f88c6d28407b5e1d1a58aa48b3eaa84194c02aa67,0x5acda556ed768280cd51f34f2436b39e389d8c1201560ea052ccc7ae4c0a53e8,1717211099,0x3cf3e8d5427aed066a7a5926980600f6c3cf87b3,0xc5d563a36ae78145c45a50134d48a1215220f80a,110024958657457359532038665777399264506271681375762791050970079862807455423716,0,464.18,9.2836,0.0,YES,2024-06-01 03:04:59+00:00,SELL,9.2836,464.18,0.02,0.02,0.98
0x6d91d499212201442f9da41d22a112adf033d69f0d4099e79dd64eb9ab6ba8e6_0x130fe9e0b1db5bcc42f12c4caa9810e4dd3b37e9fbfe148e689f9f6182c6ef4f,0x6d91d499212201442f9da41d22a112adf033d69f0d4099e79dd64eb9ab6ba8e6,1717211189,0x3cf3e8d5427aed066a7a5926980600f6c3cf87b3,0xc5d563a36ae78145c45a50134d48a1215220f80a,110024958657457359532038665777399264506271681375762791050970079862807455423716,0,1875.0,37.5,0.0,YES,2024-06-01 03:06:29+00:00,SELL,37.5,1875.0,0.02,0.02,0.98
0x9f144fa9fa4e79608c268dcb9254ba1f71294e2096c0599873eb2ea5ae9c0f88_0x702326e26b45ec78a47f5d924f7f32d6465a6577ccda28107c260f8b9187295e,0x9f144fa9fa4e79608c268dcb9254ba1f71294e2096c0599873eb2ea5ae9c0f88,1717215859,0x6b7ec4ba079c0a258435ea36025f6190cd424562,0x2d12fc96801c52ff83a134feb92d3d986e12f82b,110024958657457359532038665777399264506271681375762791050970079862807455423716,0,0.476189,0.009999,0.0,YES,2024-06-01 04:24:19+00:00,SELL,0.009999,0.476189,0.02099796509369179,0.02099796509369179,0.979002
0x29e3cb4c885b6c8f5d056e8869ee53bddb03d3f09681dd1b1c809efdd760a7ec_0xf398b009b3df0eb609bcd045694948f6368bb2a8050d96bfde56eb5ec9a277d6,0x29e3cb4c885b6c8f5d056e8869ee53bddb03d3f09681dd1b1c809efdd760a7ec,1717218103,0x238d689acfb413a407b24246156288e2553d889d,0xc5d563a36ae78145c45a50134d48a1215220f80a,0,110024958657457359532038665777399264506271681375762791050970079862807455423716,30.27,1395.090908,0.0,YES,2024-06-01 05:01:43+00:00,BUY,30.27,1395.090908,0.021697510768954136,0.021697510768954136,0.978302
0x380deb42d40a95d76bd6938157d70deefb15fe55bc9d801567971c82e4796417_0xc86559d642f09612f27a70f29adaa21c503dd69b62848ac7ef8c0f920a0f4c86,0x380deb42d40a95d76bd6938157d70deefb15fe55bc9d801567971c82e4796417,1717220521,0xdde2c5cea2d628af0974995c617459a9b464ad42,0xc5d563a36ae78145c45a50134d48a1215220f80a,0,110024958657457359532038665777399264506271681375762791050970079862807455423716,0.009999,0.454544,0.0,YES,2024-06-01 05:42:01+00:00,BUY,0.009999,0.454544,0.021997870393185258,0.021997870393185258,0.978002
0x488116b6a7e976e50f97345838e8a38244aaa7991d1a10d609788c6f6143ab27_0xd499895aa7072739580a1972028bef0ffccd4a301d13e032244af2d138e465d6,0x488116b6a7e976e50f97345838e8a38244aaa7991d1a10d609788c6f6143ab27,1717221994,0x2aeea7d31f21f3ece5326a18231d321284bc346b,0xc5d563a36ae78145c45a50134d48a1215220f80a,0,110024958657457359532038665777399264506271681375762791050970079862807455423716,0.009999,0.434781,0.0,YES,2024-06-01 06:06:34+00:00,BUY,0.009999,0.434781,0.022997785091804838,0.022997785091804838,0.977002
0x78bb2076ddc3f316a442b67376b43bbd43be16f42f1e31f691c181a45910ea48_0x7e0907ff673d9aa3c945794137bd9d20e418957919cbe6ce683f69a7780ba64d,0x78bb2076ddc3f316a442b67376b43bbd43be16f42f1e31f691c181a45910ea48,1717229511,0xaaf4acafbb7980ce93631d238eb10a5c4ca67883,0x51416cfcd44098b2e4774025056eff26f071bf1a,110024958657457359532038665777399264506271681375762791050970079862807455423716,0,0.5,0.01,0.0,YES,2024-06-01 08:11:51+00:00,SELL,0.01,0.5,0.02,0.02,0.98
0xb9ddc077cdfac60b0e87188151adab9f450d2cc2c7f6cef16346cafefa9885a6_0x7e0907ff673d9aa3c945794137bd9d20e418957919cbe6ce683f69a7780ba64d,0xb9ddc077cdfac60b0e87188151adab9f450d2cc2c7f6cef16346cafefa9885a6,1717241271,0xaaf4acafbb7980ce93631d238eb10a5c4ca67883,0x4125789ef73ef5068a2e62a2ba736ed45d100c50,110024958657457359532038665777399264506271681375762791050970079862807455423716,0,0.5,0.01,0.0,YES,2024-06-01 11:27:51+00:00,SELL,0.01,0.5,0.02,0.02,0.98
0x88373e6003358b8aed770cd081694c2a019205589a9639cdd20a0a5f63606969_0x7e0907ff673d9aa3c945794137bd9d20e418957919cbe6ce683f69a7780ba64d,0x88373e6003358b8aed770cd081694c2a019205589a9639cdd20a0a5f63606969,1717245397,0xaaf4acafbb7980ce93631d238eb10a5c4ca67883,0xaaee39771603180065820fe7d75f3381471281b6,110024958657457359532038665777399264506271681375762791050970079862807455423716,0,0.5,0.01,0.0,YES,2024-06-01 12:36:37+00:00,SELL,0.01,0.5,0.02,0.02,0.98
0x60bac2a1d048473a3aebf8b28bf1d53b2606aabfdb404616e94be3dea6946905_0x7e0907ff673d9aa3c945794137bd9d20e418957919cbe6ce683f69a7780ba64d,0x60bac2a1d048473a3aebf8b28bf1d53b2606aabfdb404616e94be3dea6946905,1717247039,0xaaf4acafbb7980ce93631d238eb10a5c4ca67883,0x88c7d96e420817e75d47c1e838b65cbebb60b8f1,110024958657457359532038665777399264506271681375762791050970079862807455423716,0,10.0,0.2,0.0,YES,2024-06-01 13:03:59+00:00,SELL,0.2,10.0,0.02,0.02,0.98
0x57e75618e5fa168f8238254efe4f4cf0eccd50e9f6f74f7e631ec793d3ed1ba7_0x2c1a86bc65d014e2ffc46dd3c348529f5b3af2a3f9f491f9916e23d20aa77155,0x57e75618e5fa168f8238254efe4f4cf0eccd50e9f6f74f7e631ec793d3ed1ba7,1717247930,0x238d689acfb413a407b24246156288e2553d889d,0xde242261bcd8d4320113f12230da34d705ca25a8,110024958657457359532038665777399264506271681375762791050970079862807455423716,0,1395.09,27.9018,0.0,YES,2024-06-01 13:18:50+00:00,SELL,27.9018,1395.09,0.020000000000000004,0.020000000000000004,0.98
0xa92288ed245ccea8885e9d7807467dabf4dd5e0947109d3ecc814b50041e6734_0xcbe6b1c7707bf4b02ce41fa65cb81d15bf89c87ace1970d0034b1d2707551eaf,0xa92288ed245ccea8885e9d7807467dabf4dd5e0947109d3ecc814b50041e6734,1717252935,0xaaf4acafbb7980ce93631d238eb10a5c4ca67883,0xdcc9d68a4bad9fc8becd27a03ee5b2b4feda4534,110024958657457359532038665777399264506271681375762791050970079862807455423716,0,750.0,15.75,0.0,YES,2024-06-01 14:42:15+00:00,SELL,15.75,750.0,0.021,0.021,0.979
0xc1474ca9e9c68654dd040910cdace3b3bfcf9d22f70a2f35269c0ad6a32c473a_0xcbe6b1c7707bf4b02ce41fa65cb81d15bf89c87ace1970d0034b1d2707551eaf,0xc1474ca9e9c68654dd040910cdace3b3bfcf9d22f70a2f35269c0ad6a32c473a,1717260624,0xaaf4acafbb7980ce93631d238eb10a5c4ca67883,0xde242261bcd8d4320113f12230da34d705ca25a8,110024958657457359532038665777399264506271681375762791050970079862807455423716,0,805.0,16.905,0.0,YES,2024-06-01 16:50:24+00:00,SELL,16.905,805.0,0.021,0.021,0.979
0xf8492b5451e8fe6590a4912457c34cfc5a72a6889086db58e0b53d0bcaa2557d_0xee481fe6fe6bde5278036539e0e8773cac97c3643e03eecca8c91b014e92f2df,0xf8492b5451e8fe6590a4912457c34cfc5a72a6889086db58e0b53d0bcaa2557d,1717261816,0xaaf4acafbb7980ce93631d238eb10a5c4ca67883,0xf6b003a778ef439cd82bdc7be538fda8de52a29b,110024958657457359532038665777399264506271681375762791050970079862807455423716,0,22.727271,0.499999,0.0,YES,2024-06-01 17:10:16+00:00,SELL,0.499999,22.727271,0.021999957671996785,0.021999957671996785,0.978
0xe57f7f42841fd82ac1034ff883aa9b8e766719cd8e5029b0a24d8b02b2c464c7_0xee481fe6fe6bde5278036539e0e8773cac97c3643e03eecca8c91b014e92f2df,0xe57f7f42841fd82ac1034ff883aa9b8e766719cd8e5029b0a24d8b02b2c464c7,1717262804,0xaaf4acafbb7980ce93631d238eb10a5c4ca67883,0x732f1070719f05cfd9735a70e547950a5ff2538a,110024958657457359532038665777399264506271681375762791050970079862807455423716,0,227.272727,4.999999,0.0,YES,2024-06-01 17:26:44+00:00,SELL,4.999999,227.272727,0.021999995626399992,0.021999995626399992,0.978
0xd25ffffa24a5a4319256826fa9b440e5e388bb211970c9ad4c1721f9640a863f_0x965d66b98ab6f4b5b8d6796ffeb5bf0a1668c6ad3579b26ac6c654694ecac6db,0xd25ffffa24a5a4319256826fa9b440e5e388bb211970c9ad4c1721f9640a863f,1717276378,0x076ca0207aaa48365da2eb6a917edcbdee5e4e7b,0xc5d563a36ae78145c45a50134d48a1215220f80a,110024958657457359532038665777399264506271681375762791050970079862807455423716,0,2199.99,46.19979,0.0,YES,2024-06-01 21:12:58+00:00,SELL,46.19979,2199.99,0.021,0.021,0.979
0x18522e409f561302231d0afc5bc2342b39586a4536d5d59920151b71b2794c61_0x8ed805d3ffc5454c7914a3a4491e82f4eb5d4dc1c3a012ce2e4bc1c3d5b2b658,0x18522e409f561302231d0afc5bc2342b39586a4536d5d59920151b71b2794c61,1717306215,0xde242261bcd8d4320113f12230da34d705ca25a8,0xaaf4acafbb7980ce93631d238eb10a5c4ca67883,0,110024958657457359532038665777399264506271681375762791050970079862807455423716,95.529,4776.45,0.0,YES,2024-06-02 05:30:15+00:00,BUY,95.529,4776.45,0.02,0.02,0.98
0xeb507c5851d9df2d40576469bf00aee1041b8083ee6a8553b9d6b2c58ce1bc59_0x70191e2034d63fa53fb3dd504a4ed102be78beeeaae91e49073eef9afb7e33db,0xeb507c5851d9df2d40576469bf00aee1041b8083ee6a8553b9d6b2c58ce1bc59,1717306297,0x420a6aa7e9d2c54d10de621c8393db3efca33c8c,0xc5d563a36ae78145c45a50134d48a1215220f80a,0,110024958657457359532038665777399264506271681375762791050970079862807455423716,0.009999,0.476189,0.0,YES,2024-06-02 05:31:37+00:00,BUY,0.009999,0.476189,0.02099796509369179,0.02099796509369179,0.979002
0x7ac2ced245e30a35f4fc8b5a5c7dad8aa37e3f8bfa492fbf8ffc13eb5f049852_0x7adacc641ed6415afb48ec276c1043239b800fb2bc6331326811bece4c76b592,0x7ac2ced245e30a35f4fc8b5a5c7dad8aa37e3f8bfa492fbf8ffc13eb5f049852,1717306551,0x9a46a0edace3c7c0b386ec5a7d245851ca639a93,0xc5d563a36ae78145c45a50134d48a1215220f80a,0,110024958657457359532038665777399264506271681375762791050970079862807455423716,0.009999,0.476189,0.0,YES,2024-06-02 05:35:51+00:00,BUY,0.009999,0.476189,0.02099796509369179,0.02099796509369179,0.979002
0xe7b90415b2dff8bbc731498cdad9bee3b2bd18eee112837652479fdb39c47d90_0xfcc74989d7c88a279749f980be05ced9f00e26c8a2531dbf6d0ed14e28a473cd,0xe7b90415b2dff8bbc731498cdad9bee3b2bd18eee112837652479fdb39c47d90,1717306767,0x12fd1e3c0ee0186c1eaae4818c18944eee5432c9,0xc5d563a36ae78145c45a50134d48a1215220f80a,0,110024958657457359532038665777399264506271681375762791050970079862807455423716,0.009999,0.476189,0.0,YES,2024-06-02 05:39:27+00:00,BUY,0.009999,0.476189,0.02099796509369179,0.02099796509369179,0.979002
0x6b8c3e63c0901f5eada73d78bc0d1a4012502ada8d4c0bba73aab49caa9594b4_0xf82868b282ff91380d6626d6d7901b8adf2355d0314052bd6a65d00d27bb8ba3,0x6b8c3e63c0901f5eada73d78bc0d1a4012502ada8d4c0bba73aab49caa9594b4,1717309701,0x2ecda3164824143b85e21d0de79e1fb4b4d52d8a,0xc5d563a36ae78145c45a50134d48a1215220f80a,0,110024958657457359532038665777399264506271681375762791050970079862807455423716,0.009999,0.476189,0.0,YES,2024-06-02 06:28:21+00:00,BUY,0.009999,0.476189,0.02099796509369179,0.02099796509369179,0.979002
0xa5771afcd16188b54d2868746156911a2a2379dcdf24551335502ff62f6c2ffe_0x5b1557e221621edd55e1a27a3471188894938b64bf81394f0c40b2c6e0ef9f88,0xa5771afcd16188b54d2868746156911a2a2379dcdf24551335502ff62f6c2ffe,1717310095,0x572a7228b96646d47efcf6021547e4f0c1c79384,0xc5d563a36ae78145c45a50134d48a1215220f80a,0,110024958657457359532038665777399264506271681375762791050970079862807455423716,0.009999,0.476189,0.0,YES,2024-06-02 06:34:55+00:00,BUY,0.009999,0.476189,0.02099796509369179,0.02099796509369179,0.979002
0xa69f09b93f4cbaf1a3d71b6b9523d02405b3b0180be1fc3ff2468690d5818977_0x43d38a882bf1649a57b528b546a700fc8e296bdef41403ab5cba7dc227343547,0xa69f09b93f4cbaf1a3d71b6b9523d02405b3b0180be1fc3ff2468690d5818977,1717311043,0x241d500d83bf50b56e517215797f0b67c1effdc2,0xc5d563a36ae78145c45a50134d48a1215220f80a,0,110024958657457359532038665777399264506271681375762791050970079862807455423716,0.009999,0.476189,0.0,YES,2024-06-02 06:50:43+00:00,BUY,0.009999,0.476189,0.02099796509369179,0.02099796509369179,0.979002
0x4de300e9ce1c28837e541a144d76ecdbf5079c5b015015d5b3af195cabe1d354_0x8fd5b108c1618332520ab9a716af05cc7566833e8f41f3e09752d0f297815a3d,0x4de300e9ce1c28837e541a144d76ecdbf5079c5b015015d5b3af195cabe1d354,1717311587,0xc4a1a6bbb190a3fd01c783b8836132e708fa631e,0xc5d563a36ae78145c45a50134d48a1215220f80a,0,110024958657457359532038665777399264506271681375762791050970079862807455423716,0.009999,0.476189,0.0,YES,2024-06-02 06:59:47+00:00,BUY,0.009999,0.476189,0.02099796509369179,0.02099796509369179,0.979002
0x8f812acffd7f9f5816e90dd6720a358ca10a7337b042459fe130230531f62c57_0xe49345af3c89fab11dc9b61202e1a21286a03e2f6d5031ea012197e26c6be7e9,0x8f812acffd7f9f5816e90dd6720a358ca10a7337b042459fe130230531f62c57,1717316451,0xa898649b0ab119c69cba11d3cd7ef847971e7135,0xc5d563a36ae78145c45a50134d48a1215220f80a,0,110024958657457359532038665777399264506271681375762791050970079862807455423716,0.009999,0.476189,0.0,YES,2024-06-02 08:20:51+00:00,BUY,0.009999,0.476189,0.02099796509369179,0.02099796509369179,0.979002
0x9f4863263a5ba42f875787d088f9787d98dedf0a4bbbc06b0d2d36516d5a67b6_0xa1ede4e79874068e3197f4dcc34db65f6004bb71bfc2d2319871062b762bbb59,0x9f4863263a5ba42f875787d088f9787d98dedf0a4bbbc06b0d2d36516d5a67b6,1717316637,0x850451a1cf55d69894a963b17f634b2a3d6a029a,0xc5d563a36ae78145c45a50134d48a1215220f80a,0,110024958657457359532038665777399264506271681375762791050970079862807455423716,0.009999,0.476189,0.0,YES,2024-06-02 08:23:57+00:00,BUY,0.009999,0.476189,0.02099796509369179,0.02099796509369179,0.979002
0xd2c4e9d7df4ffb24a8abfb80e2f8fb48c624fc06dd8d4da3cb1840da66a64a8a_0xde4362ffcdbe205a2d5a1f3ad518c5d28e0c8fc422b361a8ac8332e2d6a7448d,0xd2c4e9d7df4ffb24a8abfb80e2f8fb48c624fc06dd8d4da3cb1840da66a64a8a,1717318163,0x9cab8c02b6e904cae3f98966d5eb064ba26815d8,0xc5d563a36ae78145c45a50134d48a1215220f80a,0,110024958657457359532038665777399264506271681375762791050970079862807455423716,0.009999,0.476189,0.0,YES,2024-06-02 08:49:23+00:00,BUY,0.009999,0.476189,0.02099796509369179,0.02099796509369179,0.979002
0xdff5113e4e07d64c4dcbcb0087234dc9ee78c7aa4d8c3aa83e52a6d93e8db31c_0x565d8e6f9bd2010425fa7be58b31a48dbb29a351684ab42b7dda72841e1cf1df,0xdff5113e4e07d64c4dcbcb0087234dc9ee78c7aa4d8c3aa83e52a6d93e8db31c,1717318785,0xfe6502c05306d5959872fd4d91af25f7cbb6327e,0xc5d563a36ae78145c45a50134d48a1215220f80a,0,110024958657457359532038665777399264506271681375762791050970079862807455423716,0.009999,0.476189,0.0,YES,2024-06-02 08:59:45+00:00,BUY,0.009999,0.476189,0.02099796509369179,0.02099796509369179,0.979002
0x6e4988364cec38a7ce25ca64ee63dcec36727dcdaf4a4286c10fdd6aa3900461_0x68afa045ff26f21c7da92d2f58690b3bc74b565d3466b651f148926f5be505a2,0x6e4988364cec38a7ce25ca64ee63dcec36727dcdaf4a4286c10fdd6aa3900461,1717321091,0x4e1aa491b42efcf3ead6ab9bd4cad312fdcb4bc9,0xc5d563a36ae78145c45a50134d48a1215220f80a,0,110024958657457359532038665777399264506271681375762791050970079862807455423716,0.009999,0.476189,0.0,YES,2024-06-02 09:38:11+00:00,BUY,0.009999,0.476189,0.02099796509369179,0.02099796509369179,0.979002
0x27c3b4aab54e5e4ae5de2857136a2509f338495dfefc572888e397b3e15dcf5b_0xa8470fab80af12f9eb2f0d249e63c118e4727c81b3610c074d4cacbf2a401736,0x27c3b4aab54e5e4ae5de2857136a2509f338495dfefc572888e397b3e15dcf5b,1717322361,0xcdd75e9012b9e0b93537347ced14e85efb1d0b65,0xc5d563a36ae78145c45a50134d48a1215220f80a,0,110024958657457359532038665777399264506271681375762791050970079862807455423716,56.601,2695.28572,0.0,YES,2024-06-02 09:59:21+00:00,BUY,56.601,2695.28572,0.02099999995547782,0.02099999995547782,0.979
0x91902919eec99766bcb86ae967a0a2b51c32f608d276d9c06bc5629ee3f89b34_0xa88294ce92710a2af2cef9e86bdeadec5ac6a704c8334278350037f49c00c626,0x91902919eec99766bcb86ae967a0a2b51c32f608d276d9c06bc5629ee3f89b34,1717322393,0xcdd75e9012b9e0b93537347ced14e85efb1d0b65,0xc5d563a36ae78145c45a50134d48a1215220f80a,0,110024958657457359532038665777399264506271681375762791050970079862807455423716,16.0281,728.55,0.0,YES,2024-06-02 09:59:53+00:00,BUY,16.0281,728.55,0.022,0.022,0.978
0x6349c7e42c7580821bf064b94162fa78c0ae5e954636e40eb3230bdfff7aeeef_0x8ed805d3ffc5454c7914a3a4491e82f4eb5d4dc1c3a012ce2e4bc1c3d5b2b658,0x6349c7e42c7580821bf064b94162fa78c0ae5e954636e40eb3230bdfff7aeeef,1717324143,0xde242261bcd8d4320113f12230da34d705ca25a8,0x09ecce8580910a71937da21257bc049f5fc605f4,0,110024958657457359532038665777399264506271681375762791050970079862807455423716,90.126959,4506.34795,0.0,YES,2024-06-02 10:29:03+00:00,BUY,90.126959,4506.34795,0.019999999999999997,0.019999999999999997,0.98
0x2fd17a17458be2559401357d9b36c691f275459d696a12fe08dc6a4cf3019123_0xf24f2e10956484d4c4e893c5b50f7e4742757dbef47ecb9013ce374b77404719,0x2fd17a17458be2559401357d9b36c691f275459d696a12fe08dc6a4cf3019123,1717326499,0x3cf3e8d5427aed066a7a5926980600f6c3cf87b3,0x09ecce8580910a71937da21257bc049f5fc605f4,110024958657457359532038665777399264506271681375762791050970079862807455423716,0,2324.767401,53.46965,0.0,YES,2024-06-02 11:08:19+00:00,SELL,53.46965,2324.767401,0.022999999904076425,0.022999999904076425,0.977
0x79803f3bafdede0843d2e3f6a7408b07ecaa3a6248a650dcd758d7294411f85f_0xf24f2e10956484d4c4e893c5b50f7e4742757dbef47ecb9013ce374b77404719,0x79803f3bafdede0843d2e3f6a7408b07ecaa3a6248a650dcd758d7294411f85f,1717330953,0x3cf3e8d5427aed066a7a5926980600f6c3cf87b3,0xdcc9d68a4bad9fc8becd27a03ee5b2b4feda4534,110024958657457359532038665777399264506271681375762791050970079862807455423716,0,200.0,4.6,0.0,YES,2024-06-02 12:22:33+00:00,SELL,4.6,200.0,0.023,0.023,0.977
0x64ff53f47cabe167396475b407be96ed4340fb3e6db2e6190ec23d807e311f18_0xf24f2e10956484d4c4e893c5b50f7e4742757dbef47ecb9013ce374b77404719,0x64ff53f47cabe167396475b407be96ed4340fb3e6db2e6190ec23d807e311f18,1717331261,0x3cf3e8d5427aed066a7a5926980600f6c3cf87b3,0x3fd8a3cf2b5d7f5dc5fd20db4b4dfa68633900e8,110024958657457359532038665777399264506271681375762791050970079862807455423716,0,0.434781,0.009999,0.0,YES,2024-06-02 12:27:41+00:00,SELL,0.009999,0.434781,0.022997785091804838,0.022997785091804838,0.977002
0xd26b28c40072be0dde4f044835a687f69f9b7bf16bd4b4f0241d8b325d1f3af1_0xf24f2e10956484d4c4e893c5b50f7e4742757dbef47ecb9013ce374b77404719,0xd26b28c40072be0dde4f044835a687f69f9b7bf16bd4b4f0241d8b325d1f3af1,1717333250,0x3cf3e8d5427aed066a7a5926980600f6c3cf87b3,0xb07f403eb4b7bf6adcffa2d0e7bdfce92819576a,110024958657457359532038665777399264506271681375762791050970079862807455423716,0,0.434781,0.009999,0.0,YES,2024-06-02 13:00:50+00:00,SELL,0.009999,0.434781,0.022997785091804838,0.022997785091804838,0.977002
0x2163d760c7f262e5ac4f4780bcf6dcf4f3c9d54541a3c3e12f6e5bde2e00f124_0xf24f2e10956484d4c4e893c5b50f7e4742757dbef47ecb9013ce374b77404719,0x2163d760c7f262e5ac4f4780bcf6dcf4f3c9d54541a3c3e12f6e5bde2e00f124,1717333667,0x3cf3e8d5427aed066a7a5926980600f6c3cf87b3,0xa22cfcd43903ba639c2de1499cc66db49e0cf6e4,110024958657457359532038665777399264506271681375762791050970079862807455423716,0,0.434781,0.009999,0.0,YES,2024-06-02 13:07:47+00:00,SELL,0.009999,0.434781,0.022997785091804838,0.022997785091804838,0.977002
0xfb522ff289b0db22420687ab5f0b8c23988b02c90d63a9710de65f67fb220e3a_0x0f32621337bda6061f7e0d9f9ed4d7248bb087863e9b3d4d1a8966766135f30f,0xfb522ff289b0db22420687ab5f0b8c23988b02c90d63a9710de65f67fb220e3a,1717336090,0xe25b9180f5687aa85bd94ee309bb72a464320f1b,0xc5d563a36ae78145c45a50134d48a1215220f80a,110024958657457359532038665777399264506271681375762791050970079862807455423716,0,1730.0,34.6,0.0,YES,2024-06-02 13:48:10+00:00,SELL,34.6,1730.0,0.02,0.02,0.98
0x9baa3174c802e1709c6a52567df1697f7841d832f751605bc30bd0605158b49e_0xf24f2e10956484d4c4e893c5b50f7e4742757dbef47ecb9013ce374b77404719,0x9baa3174c802e1709c6a52567df1697f7841d832f751605bc30bd0605158b49e,1717336314,0x3cf3e8d5427aed066a7a5926980600f6c3cf87b3,0xe9a1eb5cf9e069579185c5fa6ff9506cd5ba8552,110024958657457359532038665777399264506271681375762791050970079862807455423716,0,0.434781,0.009999,0.0,YES,2024-06-02 13:51:54+00:00,SELL,0.009999,0.434781,0.022997785091804838,0.022997785091804838,0.977002
0xdd7879ec28b6943317a77a9892dae2fee690c0055181297bc82450f113a02f97_0xf24f2e10956484d4c4e893c5b50f7e4742757dbef47ecb9013ce374b77404719,0xdd7879ec28b6943317a77a9892dae2fee690c0055181297bc82450f113a02f97,1717338920,0x3cf3e8d5427aed066a7a5926980600f6c3cf87b3,0xc541e35d217f0fd43321f84e79b62d5f6e9a3025,110024958657457359532038665777399264506271681375762791050970079862807455423716,0,0.434781,0.009999,0.0,YES,2024-06-02 14:35:20+00:00,SELL,0.009999,0.434781,0.022997785091804838,0.022997785091804838,0.977002
0xc5a095c63d10698dc7ab38515268ba71cc262e3f7fc3582e5bbfd517426beacf_0xf24f2e10956484d4c4e893c5b50f7e4742757dbef47ecb9013ce374b77404719,0xc5a095c63d10698dc7ab38515268ba71cc262e3f7fc3582e5bbfd517426beacf,1717339434,0x3cf3e8d5427aed066a7a5926980600f6c3cf87b3,0x2134418d574d08a1d46c6c057570fde57d820734,110024958657457359532038665777399264506271681375762791050970079862807455423716,0,43.478259,0.999999,0.0,YES,2024-06-02 14:43:54+00:00,SELL,0.999999,43.478259,0.02299997798899905,0.02299997798899905,0.977
0x8526812054679f61f697dda8ba5ca30aeb43728ea9044ea31f767818ea115cd2_0xf24f2e10956484d4c4e893c5b50f7e4742757dbef47ecb9013ce374b77404719,0x8526812054679f61f697dda8ba5ca30aeb43728ea9044ea31f767818ea115cd2,1717340515,0x3cf3e8d5427aed066a7a5926980600f6c3cf87b3,0xf845f4c0a9bbdf6427fa9657dcab72409e667003,110024958657457359532038665777399264506271681375762791050970079862807455423716,0,338.695652,7.789999,0.0,YES,2024-06-02 15:01:55+00:00,SELL,7.789999,338.695652,0.022999997059306804,0.022999997059306804,0.977
0x5f578b0ddc439ec3f8f9f957a3733e2ae3cfcd54afdce0c4855c7d0ede9647ca_0xf24f2e10956484d4c4e893c5b50f7e4742757dbef47ecb9013ce374b77404719,0x5f578b0ddc439ec3f8f9f957a3733e2ae3cfcd54afdce0c4855c7d0ede9647ca,1717347664,0x3cf3e8d5427aed066a7a5926980600f6c3cf87b3,0xbafd0a658752c532788a327047c14051e82e9b9d,110024958657457359532038665777399264506271681375762791050970079862807455423716,0,215.849999,4.964549,0.0,YES,2024-06-02 17:01:04+00:00,SELL,4.964549,215.849999,0.02299999547370857,0.02299999547370857,0.977
0xd2b14390c18d9bf3a3302bc8d2f8153bb000a71d262f4d19a9e43c6a430ea520_0xba8c38d6f42a23d09f14bfac3c2f9b6cbacf04b965a2ca7b6cd975883053052d,0xd2b14390c18d9bf3a3302bc8d2f8153bb000a71d262f4d19a9e43c6a430ea520,1717358691,0x87e5efeb11c21d3b660dd1c5bf8494bcaf56958f,0xc5d563a36ae78145c45a50134d48a1215220f80a,0,110024958657457359532038665777399264506271681375762791050970079862807455423716,9.999999,434.782607,0.0,YES,2024-06-02 20:04:51+00:00,BUY,9.999999,434.782607,0.022999997789699994,0.022999997789699994,0.977
0xf3c4aeb8a8491aaadc1194395f107e7aa837467621dbfbed836f0ff6595bcc33_0x42bbb108fcab79f276b5983efc8c5dd63af77daf5edcc1e61dcdf3c56b38e208,0xf3c4aeb8a8491aaadc1194395f107e7aa837467621dbfbed836f0ff6595bcc33,1717358715,0x87e5efeb11c21d3b660dd1c5bf8494bcaf56958f,0xc5d563a36ae78145c45a50134d48a1215220f80a,0,110024958657457359532038665777399264506271681375762791050970079862807455423716,0.319999,13.913042,0.0,YES,2024-06-02 20:05:15+00:00,BUY,0.319999,13.913042,0.02299993056874262,0.02299993056874262,0.977
0xb7bc7ab7653ecb038127e498321cd5fb61b18c691b985d74e630ab02ea5f7788_0xe375e950ee77614f84978127c9adadcbc8aadf6a5115c30b7c920e98eebde6a0,0xb7bc7ab7653ecb038127e498321cd5fb61b18c691b985d74e630ab02ea5f7788,1717377495,0xad1c8a43f2048410fba412978ea70b1c39df3892,0xc5d563a36ae78145c45a50134d48a1215220f80a,0,110024958657457359532038665777399264506271681375762791050970079862807455423716,0.009999,0.434781,0.0,YES,2024-06-03 01:18:15+00:00,BUY,0.009999,0.434781,0.022997785091804838,0.022997785091804838,0.977002
0xb0d2679a67d54d786acc4f7424dc5e726ffa1ba4a06d08d0106bb4e3c066cf7e_0x7e7e51eebb42e31f14caf2a7dafe8f43cd13ff2805fd38c9725413402261fedb,0xb0d2679a67d54d786acc4f7424dc5e726ffa1ba4a06d08d0106bb4e3c066cf7e,1717377495,0x81535bed315c1a9367432ec6dc0e2fae996d30cf,0xc5d563a36ae78145c45a50134d48a1215220f80a,0,110024958657457359532038665777399264506271681375762791050970079862807455423716,0.009999,0.434781,0.0,YES,2024-06-03 01:18:15+00:00,BUY,0.009999,0.434781,0.022997785091804838,0.022997785091804838,0.977002
0x58548c074cf661e2a7f572e40cc52cd8d51330f1a20975603cccf325c90a89f6_0xbd35f428171b403705ba42437edd70c7876179dc5f99f94e5df310a9b98efaa9,0x58548c074cf661e2a7f572e40cc52cd8d51330f1a20975603cccf325c90a89f6,1717386597,0xb74711992caf6d04fa55eecc46b8efc95311b050,0x2067541ae403989a7c9b964ccd61150ddaf7fd60,41923275653168802773722021577656941405318779178082176346555928498667069501442,0,1.021449,0.999998,0.0,NO,2024-06-03 03:49:57+00:00,SELL,0.999998,1.021449,0.9789994409902012,0.021001,0.9789994409902012
0xeb6959ce92829c8ef9aaca486ef7fe35cef7798b5f67a8a62190cf13d448c886_0xbd35f428171b403705ba42437edd70c7876179dc5f99f94e5df310a9b98efaa9,0xeb6959ce92829c8ef9aaca486ef7fe35cef7798b5f67a8a62190cf13d448c886,1717388541,0xb74711992caf6d04fa55eecc46b8efc95311b050,0x2067541ae403989a7c9b964ccd61150ddaf7fd60,41923275653168802773722021577656941405318779178082176346555928498667069501442,0,49.029621,47.999998,0.0,NO,2024-06-03 04:22:21+00:00,SELL,47.999998,49.029621,0.9789999804403954,0.021,0.9789999804403954
0xdf83f35e1b0cff486b38fb6eb4b494774d993a720d995b1c771b419ea808922a_0xe34fb3ef834cea9df75d7f498f9043048520a0f380f4be713dffc05dbd6e9c65,0xdf83f35e1b0cff486b38fb6eb4b494774d993a720d995b1c771b419ea808922a,1717388901,0x2067541ae403989a7c9b964ccd61150ddaf7fd60,0xc5d563a36ae78145c45a50134d48a1215220f80a,41923275653168802773722021577656941405318779178082176346555928498667069501442,0,50.05,48.89885,0.0,NO,2024-06-03 04:28:21+00:00,SELL,48.89885,50.05,0.9770000000000001,0.023,0.9770000000000001
0x9b516388e241ac903286a89b419b0bcd5b9d6471b77200c962392d501fa42913_0xbd35f428171b403705ba42437edd70c7876179dc5f99f94e5df310a9b98efaa9,0x9b516388e241ac903286a89b419b0bcd5b9d6471b77200c962392d501fa42913,1717391592,0xb74711992caf6d04fa55eecc46b8efc95311b050,0xeca8b407043dca3c07ae2c8a55d18b2137ac388c,41923275653168802773722021577656941405318779178082176346555928498667069501442,0,2.042899,1.999998,0.0,NO,2024-06-03 05:13:12+00:00,SELL,1.999998,2.042899,0.9789999407704444,0.021,0.9789999407704444
0xcfe106b3d119769a65a8907eb0e454c6270a82173f2249ba94268dc063c82d64_0x972c659bec875a84d44a7a786650c101b80b088a948084eb884df313eaa19074,0xcfe106b3d119769a65a8907eb0e454c6270a82173f2249ba94268dc063c82d64,1717401936,0x34eba95ee34752ff8be0e61f95705b7a2d80a630,0xc5d563a36ae78145c45a50134d48a1215220f80a,0,110024958657457359532038665777399264506271681375762791050970079862807455423716,0.009999,0.434781,0.0,YES,2024-06-03 08:05:36+00:00,BUY,0.009999,0.434781,0.022997785091804838,0.022997785091804838,0.977002
0xf60cd8cf70c14d3ee0e31d169d3bb26f1f5e897032528d0bcd54e57b507811b0_0x50bdac9f11be826778567eeeee4f89481adc4aaf88e63adc1d7b8cd531fe5d02,0xf60cd8cf70c14d3ee0e31d169d3bb26f1f5e897032528d0bcd54e57b507811b0,1717402002,0x2f0d0965066fa65b1fa198ce3f5a5a0057ac062f,0xc5d563a36ae78145c45a50134d48a1215220f80a,0,110024958657457359532038665777399264506271681375762791050970079862807455423716,0.009999,0.434781,0.0,YES,2024-06-03 08:06:42+00:00,BUY,0.009999,0.434781,0.022997785091804838,0.022997785091804838,0.977002
0x0df0cf056716eca21996e3c052cc0845094c7aa37521f4b304bcbf3a282b6566_0xfdeeb10cddee45f8292558b7b4bd90db9a16fdd4280d983f48fef311181e163c,0x0df0cf056716eca21996e3c052cc0845094c7aa37521f4b304bcbf3a282b6566,1717403585,0xa32b25d8d08382c351112f77572275c8c030bc6b,0xc5d563a36ae78145c45a50134d48a1215220f80a,0,110024958657457359532038665777399264506271681375762791050970079862807455423716,0.999999,43.478259,0.0,YES,2024-06-03 08:33:05+00:00,BUY,0.999999,43.478259,0.02299997798899905,0.02299997798899905,0.977
0x2095eea98bc52dd95195a7cd6d8d0a6fc67abc0def0241f757d1a70c3b514743_0x7c2815b4f0f601b1695a295c6781c9e61f438a322bc88016fd87a87eeb09e4ea,0x2095eea98bc52dd95195a7cd6d8d0a6fc67abc0def0241f757d1a70c3b514743,1717409047,0x6c554cbbc01784aa67f434a26b7cd2d3e276044f,0xc5d563a36ae78145c45a50134d48a1215220f80a,0,110024958657457359532038665777399264506271681375762791050970079862807455423716,0.009999,0.434781,0.0,YES,2024-06-03 10:04:07+00:00,BUY,0.009999,0.434781,0.022997785091804838,0.022997785091804838,0.977002
0x6db1a56a0229be483d50eb1491a0915bed866d5e920f789391ce3f9847dc2ebd_0xbd35f428171b403705ba42437edd70c7876179dc5f99f94e5df310a9b98efaa9,0x6db1a56a0229be483d50eb1491a0915bed866d5e920f789391ce3f9847dc2ebd,1717455901,0xb74711992caf6d04fa55eecc46b8efc95311b050,0xaaf4acafbb7980ce93631d238eb10a5c4ca67883,41923275653168802773722021577656941405318779178082176346555928498667069501442,0,1447.89,1417.48431,0.0,NO,2024-06-03 23:05:01+00:00,SELL,1417.48431,1447.89,0.979,0.021,0.979
0x5c3d1e7c72a5b3a836353ae8fa1f400d85c37d0b55fc7a9c94120d20c837a48e_0x02bb40f25f164406868624086c238fee40cd9dcefa4da0f634147155a3376769,0x5c3d1e7c72a5b3a836353ae8fa1f400d85c37d0b55fc7a9c94120d20c837a48e,1717456623,0xde242261bcd8d4320113f12230da34d705ca25a8,0xc5d563a36ae78145c45a50134d48a1215220f80a,0,110024958657457359532038665777399264506271681375762791050970079862807455423716,78.81531,3753.11,0.0,YES,2024-06-03 23:17:03+00:00,BUY,78.81531,3753.11,0.020999999999999998,0.020999999999999998,0.979
0xda8c09d0ba78837d14b943eaff3328f617a7651a3f9dbb2c2ec8e2cb7a089d33_0x0f60ce67a6ed21b9a1604fec36082d8bb6c64c42acff88283d8626499edea633,0xda8c09d0ba78837d14b943eaff3328f617a7651a3f9dbb2c2ec8e2cb7a089d33,1717466057,0xde242261bcd8d4320113f12230da34d705ca25a8,0xc5d563a36ae78145c45a50134d48a1215220f80a,0,110024958657457359532038665777399264506271681375762791050970079862807455423716,114.422,5201.0,0.0,YES,2024-06-04 01:54:17+00:00,BUY,114.422,5201.0,0.022,0.022,0.978
0xf9af8795c8646b68cb19752f19785fc37fad2aaffc67091930ed8ab1799aee5e_0x617679921e16b0fc8c077252de16574523602191f655efdc75721e709f2e7d92,0xf9af8795c8646b68cb19752f19785fc37fad2aaffc67091930ed8ab1799aee5e,1717484418,0x6b7ec4ba079c0a258435ea36025f6190cd424562,0x6ffd795d558a17530dcbe265a6f894e980291ece,41923275653168802773722021577656941405318779178082176346555928498667069501442,0,12.124615,11.869998,0.0,NO,2024-06-04 07:00:18+00:00,SELL,11.869998,12.124615,0.9789999929894682,0.021,0.9789999929894682
0xa6f521de4a35c3229264c60381311489d8961a483b074022e19d3c96a160df52_0xc5dcbdf87ea8ccbf3910b287ce49b928c89ca8adc04e1fb0bed5f1f693a5614e,0xa6f521de4a35c3229264c60381311489d8961a483b074022e19d3c96a160df52,1717486411,0x6ffd795d558a17530dcbe265a6f894e980291ece,0xc5d563a36ae78145c45a50134d48a1215220f80a,41923275653168802773722021577656941405318779178082176346555928498667069501442,0,12.12,11.84124,0.0,NO,2024-06-04 07:33:31+00:00,SELL,11.84124,12.12,0.9770000000000001,0.023,0.9770000000000001
0x18dffc2d8ac8aa62368006d989270f04cd99a8ff3ddcb9dfcaa37e49c7ce5f86_0x2bd2ce748f4dd638a97ee25e26c4da15d4d36115bd16675c98f925b572b1c218,0x18dffc2d8ac8aa62368006d989270f04cd99a8ff3ddcb9dfcaa37e49c7ce5f86,1717496461,0xec93a291f94984d1464e13d6a48baf8b023f502e,0xc5d563a36ae78145c45a50134d48a1215220f80a,0,110024958657457359532038665777399264506271681375762791050970079862807455423716,26.332639,1144.897349,0.0,YES,2024-06-04 10:21:01+00:00,BUY,26.332639,1144.897349,0.0229999999764171,0.0229999999764171,0.977
0xefc27d06141e1cf00f60e6b6cdd771ed90035f7a3043aa6a028e01db9c20fb16_0x617679921e16b0fc8c077252de16574523602191f655efdc75721e709f2e7d92,0xefc27d06141e1cf00f60e6b6cdd771ed90035f7a3043aa6a028e01db9c20fb16,1717516300,0x6b7ec4ba079c0a258435ea36025f6190cd424562,0x82e74b7739c3cf7a68fdb1b425d643e22c6a0c8f,41923275653168802773722021577656941405318779178082176346555928498667069501442,0,3.932583,3.849998,0.0,NO,2024-06-04 15:51:40+00:00,SELL,3.849998,3.932583,0.9789998075056521,0.021,0.9789998075056521
0x2c2f4a7a76ca53e17132d99125951d3993c079251a5f7ae62c74b45ab71a387a_0xaea1ba06c632848a23e1997edec39520940895d61e8efc0010b0f421bbe4abbb,0x2c2f4a7a76ca53e17132d99125951d3993c079251a5f7ae62c74b45ab71a387a,1717517400,0x85df4eee0e19cb9c2c0ce293188c445a738cfe25,0xc5d563a36ae78145c45a50134d48a1215220f80a,0,110024958657457359532038665777399264506271681375762791050970079862807455423716,20.0,833.333332,0.0,YES,2024-06-04 16:10:00+00:00,BUY,20.0,833.333332,0.0240000000384,0.0240000000384,0.976
0xbee64f84a2c7a7f158feb6ad1cc123109048bdea4b9dfe7121e16f6a4c6e3a96_0x35e1c37b5c42c71f28029506b5ce8e9114b9185738cbeab2435c9962ff50d85a,0xbee64f84a2c7a7f158feb6ad1cc123109048bdea4b9dfe7121e16f6a4c6e3a96,1717554365,0x4ded82f9f89315cb5a1cf5059864658e71de0212,0xde242261bcd8d4320113f12230da34d705ca25a8,110024958657457359532038665777399264506271681375762791050970079862807455423716,0,107.14,2.35708,0.0,YES,2024-06-05 02:26:05+00:00,SELL,2.35708,107.14,0.022,0.022,0.978
0xbfc8b9351928aec7cd0a4f68adb04cae5f597852d0695a041cebc447ac176ffb_0xd1efb8412db921f4a19a993898e2f0c58b7f31f5aaca1c534d5b50959b449b18,0xbfc8b9351928aec7cd0a4f68adb04cae5f597852d0695a041cebc447ac176ffb,1717554411,0x39ff5cac8c451347b2d70e2d9d27f11eee2b6e3b,0xc5d563a36ae78145c45a50134d48a1215220f80a,0,110024958657457359532038665777399264506271681375762791050970079862807455423716,2.4,100.0,0.0,YES,2024-06-05 02:26:51+00:00,BUY,2.4,100.0,0.024,0.024,0.976
0xc768453a37f3dc0d74c57d346ba2fc94a462ef2def01ac4ceb0c32b31ce10103_0x13cbaa5edfc8cf514986af14ebe4e2529bedbbf4f2dec4da427c7e8b1f12b35e,0xc768453a37f3dc0d74c57d346ba2fc94a462ef2def01ac4ceb0c32b31ce10103,1717555525,0xde242261bcd8d4320113f12230da34d705ca25a8,0x82e74b7739c3cf7a68fdb1b425d643e22c6a0c8f,0,110024958657457359532038665777399264506271681375762791050970079862807455423716,0.087505,3.9775,0.0,YES,2024-06-05 02:45:25+00:00,BUY,0.087505,3.9775,0.022,0.022,0.978
0x7b764e6616de12c960b85efa21b15b41fafc975c29cc7b2e84c8e2b2f6722f54_0x13cbaa5edfc8cf514986af14ebe4e2529bedbbf4f2dec4da427c7e8b1f12b35e,0x7b764e6616de12c960b85efa21b15b41fafc975c29cc7b2e84c8e2b2f6722f54,1717555547,0xde242261bcd8d4320113f12230da34d705ca25a8,0x82e74b7739c3cf7a68fdb1b425d643e22c6a0c8f,0,110024958657457359532038665777399264506271681375762791050970079862807455423716,0.787321,35.787318,0.0,YES,2024-06-05 02:45:47+00:00,BUY,0.787321,35.787318,0.02200000011177144,0.02200000011177144,0.978
0x458d68460bd9393a6e91233a4419610b6c41594439865bc226f4c175ed2427bf_0x13cbaa5edfc8cf514986af14ebe4e2529bedbbf4f2dec4da427c7e8b1f12b35e,0x458d68460bd9393a6e91233a4419610b6c41594439865bc226f4c175ed2427bf,1717555586,0xde242261bcd8d4320113f12230da34d705ca25a8,0x82e74b7739c3cf7a68fdb1b425d643e22c6a0c8f,0,110024958657457359532038665777399264506271681375762791050970079862807455423716,0.787321,35.787318,0.0,YES,2024-06-05 02:46:26+00:00,BUY,0.787321,35.787318,0.02200000011177144,0.02200000011177144,0.978
0x2190dfa0cec0718db71a068ec29df1fe9209c7c8ac089fd68a77d3f69c096b0e_0xbd308132faab6205948aab0d60ca84dcd4c9b1152e743f1e5da34f3000ec4f05,0x2190dfa0cec0718db71a068ec29df1fe9209c7c8ac089fd68a77d3f69c096b0e,1717555965,0x4f04a2c03cb8a81f0ba178a829ca4f3ee15fe89a,0xc5d563a36ae78145c45a50134d48a1215220f80a,0,110024958657457359532038665777399264506271681375762791050970079862807455423716,1.1,45.833332,0.0,YES,2024-06-05 02:52:45+00:00,BUY,1.1,45.833332,0.024000000698181843,0.024000000698181843,0.976
0x78b265b0bb9b0577af665f5afacabd40947e011c1e05984aa6999189690cf490_0x593e23cf3224eca8eee7833d9428f173d8ee53e95b597eed22e9cdc47a20045c,0x78b265b0bb9b0577af665f5afacabd40947e011c1e05984aa6999189690cf490,1717556857,0x244af6ee67738d8d74e05496be142d43d84df3c6,0xc5d563a36ae78145c45a50134d48a1215220f80a,0,110024958657457359532038665777399264506271681375762791050970079862807455423716,0.249999,10.416665,0.0,YES,2024-06-05 03:07:37+00:00,BUY,0.249999,10.416665,0.023999907839985256,0.023999907839985256,0.976
0x160f42573107c0fd40cdf74009405f5ab24b1b5688f60f5bedd95c2ff1a69c15_0x13cbaa5edfc8cf514986af14ebe4e2529bedbbf4f2dec4da427c7e8b1f12b35e,0x160f42573107c0fd40cdf74009405f5ab24b1b5688f60f5bedd95c2ff1a69c15,1717557357,0xde242261bcd8d4320113f12230da34d705ca25a8,0x82e74b7739c3cf7a68fdb1b425d643e22c6a0c8f,0,110024958657457359532038665777399264506271681375762791050970079862807455423716,0.854805,38.854772,0.0,YES,2024-06-05 03:15:57+00:00,BUY,0.854805,38.854772,0.022000000411789834,0.022000000411789834,0.978
0xada41499dc28dbdc9257c31d30585f18889553a07d0f69f4997ccb00f0098d2d_0x13cbaa5edfc8cf514986af14ebe4e2529bedbbf4f2dec4da427c7e8b1f12b35e,0xada41499dc28dbdc9257c31d30585f18889553a07d0f69f4997ccb00f0098d2d,1717563811,0xde242261bcd8d4320113f12230da34d705ca25a8,0x82e74b7739c3cf7a68fdb1b425d643e22c6a0c8f,0,110024958657457359532038665777399264506271681375762791050970079862807455423716,0.868077,39.458045,0.0,YES,2024-06-05 05:03:31+00:00,BUY,0.868077,39.458045,0.02200000025343374,0.02200000025343374,0.978
0x58c128c2b77d590c1f74e0c9f776caca8ca890647c8949396634a7fb328428ce_0xee972e7820542943013125a1971654cf0687ddc738b2c14f531359561d435ef1,0x58c128c2b77d590c1f74e0c9f776caca8ca890647c8949396634a7fb328428ce,1717600247,0xcdd75e9012b9e0b93537347ced14e85efb1d0b65,0xc5d563a36ae78145c45a50134d48a1215220f80a,0,110024958657457359532038665777399264506271681375762791050970079862807455423716,53.8416,2243.4,0.0,YES,2024-06-05 15:10:47+00:00,BUY,53.8416,2243.4,0.024,0.024,0.976
0xae3cd6f4c9c24aaa7e2579a4098fafabbad4b6f523aea3a122111c195b04135f_0xf5ba91f6e4f61eda6cff4e89dadd9e16da97f0ddad688a5e67116e5f9868d8bb,0xae3cd6f4c9c24aaa7e2579a4098fafabbad4b6f523aea3a122111c195b04135f,1717600263,0xcdd75e9012b9e0b93537347ced14e85efb1d0b65,0xc5d563a36ae78145c45a50134d48a1215220f80a,0,110024958657457359532038665777399264506271681375762791050970079862807455423716,285.55,11422.0,0.0,YES,2024-06-05 15:11:03+00:00,BUY,285.55,11422.0,0.025,0.025,0.975
0x67cc02493ce39177cc293231dccd6d5bb535095ad05bf7d557f333e1d47f0cbe_0x915a0c1d432263c2d451e2e95ef1061f67b21ebe07780e9493b783738df13bd5,0x67cc02493ce39177cc293231dccd6d5bb535095ad05bf7d557f333e1d47f0cbe,1717601627,0x6b7ec4ba079c0a258435ea36025f6190cd424562,0xaaf4acafbb7980ce93631d238eb10a5c4ca67883,41923275653168802773722021577656941405318779178082176346555928498667069501442,0,400.0,390.4,0.0,NO,2024-06-05 15:33:47+00:00,SELL,390.4,400.0,0.976,0.024,0.976
0x71caa0858ddd6a3fbb5cf8dcd6e19c4453dfe72668c28d6c09267b9396d5eb51_0x2d4e584a315b09a7e6e8a45500cf8eeb403018c7ead3868ef9071c651f92afda,0x71caa0858ddd6a3fbb5cf8dcd6e19c4453dfe72668c28d6c09267b9396d5eb51,1717604659,0xdcc9d68a4bad9fc8becd27a03ee5b2b4feda4534,0x076ca0207aaa48365da2eb6a917edcbdee5e4e7b,41923275653168802773722021577656941405318779178082176346555928498667069501442,0,200.0,195.0,0.0,NO,2024-06-05 16:24:19+00:00,SELL,195.0,200.0,0.975,0.025,0.975
0x4e555798401276b79f3f969e904e7137033c8caac6407dab1fb93ca4a351384b_0x491c06453229edfaee166f78d97e045762457994bbfff2fb071a729c75c47e7b,0x4e555798401276b79f3f969e904e7137033c8caac6407dab1fb93ca4a351384b,1717610025,0x20ced047bd190477fd53a263068ba502d341321c,0xc5d563a36ae78145c45a50134d48a1215220f80a,0,110024958657457359532038665777399264506271681375762791050970079862807455423716,45.0,1607.142856,0.0,YES,2024-06-05 17:53:45+00:00,BUY,45.0,1607.142856,0.02800000001991111,0.02800000001991111,0.972
0xef54bf96805a41a1ab0709d9010024c84a691b43fd8dfefc3cb0869699d7b4f7_0xa7649fc96218c32828381f270fd2f4a83fa852a1e4eaace71e500a68552cb1dd,0xef54bf96805a41a1ab0709d9010024c84a691b43fd8dfefc3cb0869699d7b4f7,1717610039,0x6b7ec4ba079c0a258435ea36025f6190cd424562,0xc5d563a36ae78145c45a50134d48a1215220f80a,41923275653168802773722021577656941405318779178082176346555928498667069501442,0,400.0,388.8,0.0,NO,2024-06-05 17:53:59+00:00,SELL,388.8,400.0,0.972,0.028,0.972
0x059e327480f2ce75292b35e893b88cef4d0a87064f4294c8fcf5aa191c86eb4a_0x03e378a8cf94868810c7845af8140f789e682bcc3aac5b684da74c0843cf7220,0x059e327480f2ce75292b35e893b88cef4d0a87064f4294c8fcf5aa191c86eb4a,1717616775,0x2c74c9be4050fae75b31856a400e2b9cffc1073e,0xc5d563a36ae78145c45a50134d48a1215220f80a,0,110024958657457359532038665777399264506271681375762791050970079862807455423716,119.999999,4190.16724,0.0,YES,2024-06-05 19:46:15+00:00,BUY,119.999999,4190.16724,0.028638474821353434,0.028638474821353434,0.971362
0xb104a373956a39018c951e84250808cac23cf3732f80abd977fff5cfe85350fe_0xe234a503c84bf9ab38dab48655e7dbac460f1066387c74f346912c517871c965,0xb104a373956a39018c951e84250808cac23cf3732f80abd977fff5cfe85350fe,1717619703,0xb74711992caf6d04fa55eecc46b8efc95311b050,0xe25b9180f5687aa85bd94ee309bb72a464320f1b,41923275653168802773722021577656941405318779178082176346555928498667069501442,0,2000.01,1950.00975,0.0,NO,2024-06-05 20:35:03+00:00,SELL,1950.00975,2000.01,0.975,0.025,0.975
0x653cb5f02dffd7cbe102b8414f47eccb463f9cfb0c71caa687bba2e8ddef9ed7_0xf93438a0a102f443420195f096f953f6b1e2a590428b63bf34a10aa6ad0977dc,0x653cb5f02dffd7cbe102b8414f47eccb463f9cfb0c71caa687bba2e8ddef9ed7,1717623265,0x8b2250a0fd846086a9ccf4ecb0f358a251042e62,0xc5d563a36ae78145c45a50134d48a1215220f80a,0,110024958657457359532038665777399264506271681375762791050970079862807455423716,56.00567,1931.23,0.0,YES,2024-06-05 21:34:25+00:00,BUY,56.00567,1931.23,0.029,0.029,0.971
0x6d3a212fb12a9d14c3782b8e6644e2a1eb257f52de7485d94f09b92b76902a7d_0x76264e497aea91eeba286e5e78ba30389aa009f3bcdc1deaf6d34a96e0724321,0x6d3a212fb12a9d14c3782b8e6644e2a1eb257f52de7485d94f09b92b76902a7d,1717623445,0x57c973aa9ec7b7d6e52acc562e8be4bda7dad841,0xc5d563a36ae78145c45a50134d48a1215220f80a,0,110024958657457359532038665777399264506271681375762791050970079862807455423716,4.999999,178.571427,0.0,YES,2024-06-05 21:37:25+00:00,BUY,4.999999,178.571427,0.02799999464639995,0.02799999464639995,0.972
0xcc4e169af998d4f123bfcd5b83eb856ad564dd73b72cc2850fd1b669361fd69e_0x309bafbf1d6c8fafeffa3471d0f29a0845f7cb860bd9bbabcb34ca57ff487b33,0xcc4e169af998d4f123bfcd5b83eb856ad564dd73b72cc2850fd1b669361fd69e,1717647719,0x6b7ec4ba079c0a258435ea36025f6190cd424562,0xaaf4acafbb7980ce93631d238eb10a5c4ca67883,0,110024958657457359532038665777399264506271681375762791050970079862807455423716,12.5,500.0,0.0,YES,2024-06-06 04:21:59+00:00,BUY,12.5,500.0,0.025,0.025,0.975
0xd280e12850c307157794e87d0cd9e305e3d0aa15011d7d391e393f997dcc7b44_0x984ed7c3415beea669ee27b624408aeca8f6101bc36247148666a6075c15f521,0xd280e12850c307157794e87d0cd9e305e3d0aa15011d7d391e393f997dcc7b44,1717660568,0xd42f6a1634a3707e27cbae14ca966068e5d1047d,0x2c74c9be4050fae75b31856a400e2b9cffc1073e,110024958657457359532038665777399264506271681375762791050970079862807455423716,0,400.0,9.6,0.0,YES,2024-06-06 07:56:08+00:00,SELL,9.6,400.0,0.024,0.024,0.976
0x1fcb1987f49e58afb68edb34f23cb6ded2fde5659b24ddfe4a24aac1a366878e_0x48f6ce708b7dc7e9da7fc249b2eb97c12fd5c6d5f1c91781cebb5b404d3a46cd,0x1fcb1987f49e58afb68edb34f23cb6ded2fde5659b24ddfe4a24aac1a366878e,1717660580,0x2c74c9be4050fae75b31856a400e2b9cffc1073e,0xc5d563a36ae78145c45a50134d48a1215220f80a,0,110024958657457359532038665777399264506271681375762791050970079862807455423716,37.5,1500.0,0.0,YES,2024-06-06 07:56:20+00:00,BUY,37.5,1500.0,0.025,0.025,0.975
0xbd6ec92151e156ab572329de85cb917ff9865968a4d946c1d983a09a45229e5a_0x7bab5d089517a67b1a551750b9958ca4998a4bd66987d83d98a81151ec437021,0xbd6ec92151e156ab572329de85cb917ff9865968a4d946c1d983a09a45229e5a,1717660644,0x2c74c9be4050fae75b31856a400e2b9cffc1073e,0xc5d563a36ae78145c45a50134d48a1215220f80a,0,110024958657457359532038665777399264506271681375762791050970079862807455423716,26.0,1000.0,0.0,YES,2024-06-06 07:57:24+00:00,BUY,26.0,1000.0,0.026,0.026,0.974
0x875c41e8f70248ea3b1d5592716255576ab6888bc2d64600a39e2fe840df8a7e_0x7c5e86b36250da16716e80084173be50c09399794ebcfcfd3b83ec6fe97be3be,0x875c41e8f70248ea3b1d5592716255576ab6888bc2d64600a39e2fe840df8a7e,1717674006,0x282e0c34ae032004f903cd352ff7b7fffc7200f3,0xc5d563a36ae78145c45a50134d48a1215220f80a,0,110024958657457359532038665777399264506271681375762791050970079862807455423716,49.989999,1851.48148,0.0,YES,2024-06-06 11:40:06+00:00,BUY,49.989999,1851.48148,0.026999999481496298,0.026999999481496298,0.973
0x79727eb91ca74d423cb425fb1bc394ab607c35ad18a7162bd2e5b5d461b4e947_0x61b51e7d422c34eb704511a3563295eef91a83819a0b6f84915a26b778cf91cb,0x79727eb91ca74d423cb425fb1bc394ab607c35ad18a7162bd2e5b5d461b4e947,1717674528,0x282e0c34ae032004f903cd352ff7b7fffc7200f3,0xc5d563a36ae78145c45a50134d48a1215220f80a,0,110024958657457359532038665777399264506271681375762791050970079862807455423716,49.999999,1851.85185,0.0,YES,2024-06-06 11:48:48+00:00,BUY,49.999999,1851.85185,0.026999999487,0.026999999487,0.973
0x74068c6361f4222dab7983a2a9548e4734081d9850d3a8df6b986bb953a88ba7_0x89921dc9e1131716f6db2d580b7f1355414a18ab8247370783b1271c05b38181,0x74068c6361f4222dab7983a2a9548e4734081d9850d3a8df6b986bb953a88ba7,1717676587,0x07d4245464dc4fa05d0b3f084d82482462dc8991,0xc5d563a36ae78145c45a50134d48a1215220f80a,0,110024958657457359532038665777399264506271681375762791050970079862807455423716,26.90955,996.65,0.0,YES,2024-06-06 12:23:07+00:00,BUY,26.90955,996.65,0.027,0.027,0.973
0x8992fa4ad10a3559eba297f9993f7bd5c23d31174f391ad28fdb546658f955dd_0x5aa06b0c4ca05f9d21c543aa7324c7cb486627a8e34cfef740f99ced9759a218,0x8992fa4ad10a3559eba297f9993f7bd5c23d31174f391ad28fdb546658f955dd,1717676649,0x07d4245464dc4fa05d0b3f084d82482462dc8991,0xc5d563a36ae78145c45a50134d48a1215220f80a,0,110024958657457359532038665777399264506271681375762791050970079862807455423716,28.0,1000.0,0.0,YES,2024-06-06 12:24:09+00:00,BUY,28.0,1000.0,0.028,0.028,0.972
0x6ac4a08362bb01967b7830ff08869eafd7aea60cca9601a225cd627968c5c0f5_0x0b4c55377d3ff8e4cf8862f5230b2b6d5153e1a5054284aec9868a0934e01b11,0x6ac4a08362bb01967b7830ff08869eafd7aea60cca9601a225cd627968c5c0f5,1717676857,0xde242261bcd8d4320113f12230da34d705ca25a8,0xc5d563a36ae78145c45a50134d48a1215220f80a,0,110024958657457359532038665777399264506271681375762791050970079862807455423716,328.00805,11337.45,0.0,YES,2024-06-06 12:27:37+00:00,BUY,328.00805,11337.45,0.028931377867157076,0.028931377867157076,0.971069
0x652c208c164374af43c0d7f0c66deaaddb494748858614ed8796630befac98b5_0xc5f88d957d9c9cdb0fd4e30eb001f41736f3657439da9a55dac7082ef64d12b8,0x652c208c164374af43c0d7f0c66deaaddb494748858614ed8796630befac98b5,1717677451,0xd42f6a1634a3707e27cbae14ca966068e5d1047d,0xcdd75e9012b9e0b93537347ced14e85efb1d0b65,110024958657457359532038665777399264506271681375762791050970079862807455423716,0,500.0,16.5,0.0,YES,2024-06-06 12:37:31+00:00,SELL,16.5,500.0,0.033,0.033,0.967
0xa2c43879bb6bf972037aeb20c96aebba018c5aec27e17962c29321f331a6ee48_0x387667a25883b8fd38f712fdad912a7848e35be9d31866c06b73138d48e2b124,0xa2c43879bb6bf972037aeb20c96aebba018c5aec27e17962c29321f331a6ee48,1717681037,0xbbe1db10952562fc316417d3f06c1021c9d7f7a7,0xc5d563a36ae78145c45a50134d48a1215220f80a,0,110024958657457359532038665777399264506271681375762791050970079862807455423716,4.999999,166.666665,0.0,YES,2024-06-06 13:37:17+00:00,BUY,4.999999,166.666665,0.029999994299999944,0.029999994299999944,0.97
0xf25f99185d76516a88efb9a02d75e416bbb70b8dfbd1a33a2bfb3524e571c539_0xee1546a6df5e910e0d0f1ecff9f187f7e21ad7e4320fb0db8e6302e5908b0e52,0xf25f99185d76516a88efb9a02d75e416bbb70b8dfbd1a33a2bfb3524e571c539,1717683133,0xae852c15f34adb315df6efff18be1032ca52efd2,0xc5d563a36ae78145c45a50134d48a1215220f80a,0,110024958657457359532038665777399264506271681375762791050970079862807455423716,24.0,800.0,0.0,YES,2024-06-06 14:12:13+00:00,BUY,24.0,800.0,0.03,0.03,0.97
0xf9b41cfe484ce40185e982de5add757a5239d8b08abb3a3d440db5f94f5f4023_0xde77da78c6b7f32ae6a60cfc1a7161e0aacc9fc940668b583fb427dc5025a828,0xf9b41cfe484ce40185e982de5add757a5239d8b08abb3a3d440db5f94f5f4023,1717684963,0xf1899a30a2c016941bf4abd77b900ecacd768e47,0xc5d563a36ae78145c45a50134d48a1215220f80a,41923275653168802773722021577656941405318779178082176346555928498667069501442,0,1533.33,1487.3301,0.0,NO,2024-06-06 14:42:43+00:00,SELL,1487.3301,1533.33,0.97,0.03,0.97
0xb4e168343313a15f15b232a4e4c7fa56793a280abc68eec44fb80fa7b8e8e1d5_0x0e805af20ea1c9a4b26d0e5355208ad39a156813e5167c86d40f320d320e4f42,0xb4e168343313a15f15b232a4e4c7fa56793a280abc68eec44fb80fa7b8e8e1d5,1717687811,0xa9f062680d1d6c2f54a547e8d071d2b6dffd0e26,0xc5d563a36ae78145c45a50134d48a1215220f80a,0,110024958657457359532038665777399264506271681375762791050970079862807455423716,0.999999,28.571427,0.0,YES,2024-06-06 15:30:11+00:00,BUY,0.999999,28.571427,0.03499996692499818,0.03499996692499818,0.965
0x7511d19de70034011f1ca90f4f48947e15e49814393bec30d004319093dc3b72_0xdca7343a00e1f33847d3be7ade71d567e7a2199832d020cf21b2adf24f1e9ebc,0x7511d19de70034011f1ca90f4f48947e15e49814393bec30d004319093dc3b72,1717689633,0xef1c47d2cd1fcb395159ec2188e9028078723bd4,0xc5d563a36ae78145c45a50134d48a1215220f80a,0,110024958657457359532038665777399264506271681375762791050970079862807455423716,0.169999,4.857141,0.0,YES,2024-06-06 16:00:33+00:00,BUY,0.169999,4.857141,0.0349998074999264,0.0349998074999264,0.965
0x2dcf4c1b60ecd62202a2b8d57d4d8e335190bf12aea88174aee8ed49f8b8df33_0x85e8046c5f03abfa55d54f307f2594ee2e88deaf53dab300ae0e01e989835900,0x2dcf4c1b60ecd62202a2b8d57d4d8e335190bf12aea88174aee8ed49f8b8df33,1717690459,0x6b7ec4ba079c0a258435ea36025f6190cd424562,0x9f9e7cebd6ac596f2827e822ffebadacd2e66ef5,41923275653168802773722021577656941405318779178082176346555928498667069501442,0,4.158109,4.049998,0.0,NO,2024-06-06 16:14:19+00:00,SELL,4.049998,4.158109,0.9739999600780068,0.026,0.9739999600780068
0x96dd54f924580598eb60c0149957390b72677a28d47b2cad72b840c13d9c1902_0x19df6e0f60647f4687705b4f15d6b7db32426295e4f7d92286e4f0d4f7d413b1,0x96dd54f924580598eb60c0149957390b72677a28d47b2cad72b840c13d9c1902,1717693901,0x8b2250a0fd846086a9ccf4ecb0f358a251042e62,0xc5d563a36ae78145c45a50134d48a1215220f80a,0,110024958657457359532038665777399264506271681375762791050970079862807455423716,9.0,300.0,0.0,YES,2024-06-06 17:11:41+00:00,BUY,9.0,300.0,0.03,0.03,0.97
0x15303e749933ae1c928f386f106332db5f27987a82815b565cc7530d54c3434a_0x84e69dddff10f6d8a6393b4ec1aaa99e1c62454cf004c0dc3dd087a9e0d169bd,0x15303e749933ae1c928f386f106332db5f27987a82815b565cc7530d54c3434a,1717693967,0x8b2250a0fd846086a9ccf4ecb0f358a251042e62,0xc5d563a36ae78145c45a50134d48a1215220f80a,0,110024958657457359532038665777399264506271681375762791050970079862807455423716,9.0,300.0,0.0,YES,2024-06-06 17:12:47+00:00,BUY,9.0,300.0,0.03,0.03,0.97
0x076234658819c05fd751cf4d317303c5e1b689cd7bd65cac5816513ce89491df_0x7c9d90f9106415b7d2b7b43e343e12b2ab76418f34dd5842498437670fcbdddd,0x076234658819c05fd751cf4d317303c5e1b689cd7bd65cac5816513ce89491df,1717694043,0x8b2250a0fd846086a9ccf4ecb0f358a251042e62,0xc5d563a36ae78145c45a50134d48a1215220f80a,0,110024958657457359532038665777399264506271681375762791050970079862807455423716,9.0,300.0,0.0,YES,2024-06-06 17:14:03+00:00,BUY,9.0,300.0,0.03,0.03,0.97
0x81e7f96498d14a76e9494d6a4e585056614be31503ea80dcfdcd0b21af8a6a95_0xa3c30f81b284deabc197d786274f9d8d0af0377e52067d9f1cce9505530d12b1,0x81e7f96498d14a76e9494d6a4e585056614be31503ea80dcfdcd0b21af8a6a95,1717694095,0x8b2250a0fd846086a9ccf4ecb0f358a251042e62,0xc5d563a36ae78145c45a50134d48a1215220f80a,0,110024958657457359532038665777399264506271681375762791050970079862807455423716,9.0,300.0,0.0,YES,2024-06-06 17:14:55+00:00,BUY,9.0,300.0,0.03,0.03,0.97
0x4ee79c40f156d584682cbe6ff9a1c94063acc6f5defedd757bcd458b06b4f261_0xc484e709caf969d898c989091fad20f54d138290e9ae5c0f3cdd5e0906550360,0x4ee79c40f156d584682cbe6ff9a1c94063acc6f5defedd757bcd458b06b4f261,1717694157,0x8b2250a0fd846086a9ccf4ecb0f358a251042e62,0xc5d563a36ae78145c45a50134d48a1215220f80a,0,110024958657457359532038665777399264506271681375762791050970079862807455423716,9.0,300.0,0.0,YES,2024-06-06 17:15:57+00:00,BUY,9.0,300.0,0.03,0.03,0.97
0xa95401740b72a3dadf5d2a71f3c9a3d80158aefc8672681615bcb840a13d2176_0x4d3de467cdd753392882728085b07dfa0a850b723860823cd56c77cd8a160073,0xa95401740b72a3dadf5d2a71f3c9a3d80158aefc8672681615bcb840a13d2176,1717694209,0x8b2250a0fd846086a9ccf4ecb0f358a251042e62,0xc5d563a36ae78145c45a50134d48a1215220f80a,0,110024958657457359532038665777399264506271681375762791050970079862807455423716,9.0,300.0,0.0,YES,2024-06-06 17:16:49+00:00,BUY,9.0,300.0,0.03,0.03,0.97
0xcd1870f580a8f939aae58bf4e56e348310f9625e669613e893149094adb03057_0xea08f07a14780cb56016bc91860f524d6a7324681843b8c57a6f0469e0eb938d,0xcd1870f580a8f939aae58bf4e56e348310f9625e669613e893149094adb03057,1717694235,0x8b2250a0fd846086a9ccf4ecb0f358a251042e62,0xc5d563a36ae78145c45a50134d48a1215220f80a,0,110024958657457359532038665777399264506271681375762791050970079862807455423716,9.0,300.0,0.0,YES,2024-06-06 17:17:15+00:00,BUY,9.0,300.0,0.03,0.03,0.97
0x97121d8a68dd436f29434faf582f9d8cab0276e0861ac8067cbf1ef7a1b9234a_0xcaf7319257ca3f9cdfaeab899d7f44d8ba5b8c9fdacccd1c453da9b8048a750a,0x97121d8a68dd436f29434faf582f9d8cab0276e0861ac8067cbf1ef7a1b9234a,1717694301,0x8b2250a0fd846086a9ccf4ecb0f358a251042e62,0xc5d563a36ae78145c45a50134d48a1215220f80a,0,110024958657457359532038665777399264506271681375762791050970079862807455423716,9.0,300.0,0.0,YES,2024-06-06 17:18:21+00:00,BUY,9.0,300.0,0.03,0.03,0.97
0xebc5e143a91a938dfb9e4b357bd58e7f92dbf9edd75cbb6e732cfbcccbe1cb7c_0x4e2f737f6f662b0a6db42225be9c7e45b47327192e11eb748d78de7cd63afadc,0xebc5e143a91a938dfb9e4b357bd58e7f92dbf9edd75cbb6e732cfbcccbe1cb7c,1717694375,0x8b2250a0fd846086a9ccf4ecb0f358a251042e62,0xc5d563a36ae78145c45a50134d48a1215220f80a,0,110024958657457359532038665777399264506271681375762791050970079862807455423716,9.0,300.0,0.0,YES,2024-06-06 17:19:35+00:00,BUY,9.0,300.0,0.03,0.03,0.97
0x3b71e54303fc84758e5cf386944be51bb7917f1d55e4b82004472dd71cbe697f_0x468411022c09beb29ee2440df195430a38418134147552e1a953ecac7f0f147b,0x3b71e54303fc84758e5cf386944be51bb7917f1d55e4b82004472dd71cbe697f,1717694431,0x8b2250a0fd846086a9ccf4ecb0f358a251042e62,0xc5d563a36ae78145c45a50134d48a1215220f80a,0,110024958657457359532038665777399264506271681375762791050970079862807455423716,9.0,300.0,0.0,YES,2024-06-06 17:20:31+00:00,BUY,9.0,300.0,0.03,0.03,0.97
0x01de5efbf46eb983f03c9593922b32c753ee17866ebc0d0add5066824e73ad0e_0x685aef66ee2e1342be8c71eade9c2f923fffe1ba8b265d3b2eb892dff219e9f1,0x01de5efbf46eb983f03c9593922b32c753ee17866ebc0d0add5066824e73ad0e,1717694447,0x8b2250a0fd846086a9ccf4ecb0f358a251042e62,0xc5d563a36ae78145c45a50134d48a1215220f80a,0,110024958657457359532038665777399264506271681375762791050970079862807455423716,9.0,300.0,0.0,YES,2024-06-06 17:20:47+00:00,BUY,9.0,300.0,0.03,0.03,0.97
0x97c5cf11b9c69b4bb1aeec817f0bd7d2368687813942558c32764ed210f15e9e_0xa8f158d50155e440be91980cc117e1fedb1aa3bcf7e977068f1af9fa6d79270e,0x97c5cf11b9c69b4bb1aeec817f0bd7d2368687813942558c32764ed210f15e9e,1717694487,0x485077c7d10d22bec8f43f8f40bf19e72c3ac97a,0xc5d563a36ae78145c45a50134d48a1215220f80a,0,110024958657457359532038665777399264506271681375762791050970079862807455423716,300.0,8444.57,0.0,YES,2024-06-06 17:21:27+00:00,BUY,300.0,8444.57,0.03552578757710576,0.03552578757710576,0.964474
0x24d83ef14fcdaf110f9bd7be420283a134ed595fa0c5c2b4aa8f75b9a049575e_0x25f1e3044e39c3a16a6b13b0740926627b57e7abca293919237bdec39c5df62f,0x24d83ef14fcdaf110f9bd7be420283a134ed595fa0c5c2b4aa8f75b9a049575e,1717694507,0x6b7ec4ba079c0a258435ea36025f6190cd424562,0x71e11e0fc20a2adf27026fbf8674b38f8ff945f0,41923275653168802773722021577656941405318779178082176346555928498667069501442,0,100.0,96.1,0.0,NO,2024-06-06 17:21:47+00:00,SELL,96.1,100.0,0.961,0.039,0.961
0x1573dd2bd7a4b75c9e7f283274aa76eeeaf3ceaced35bd69938d4fade6fa9111_0x25f1e3044e39c3a16a6b13b0740926627b57e7abca293919237bdec39c5df62f,0x1573dd2bd7a4b75c9e7f283274aa76eeeaf3ceaced35bd69938d4fade6fa9111,1717694509,0x6b7ec4ba079c0a258435ea36025f6190cd424562,0x71e11e0fc20a2adf27026fbf8674b38f8ff945f0,41923275653168802773722021577656941405318779178082176346555928498667069501442,0,100.0,96.1,0.0,NO,2024-06-06 17:21:49+00:00,SELL,96.1,100.0,0.961,0.039,0.961
0x7cf127a5b1dee7ad358729b0833c39a04c61ce38d7bc89511d1f262ff85c62fe_0x9e3157090c2df88a40799f75b40d5a7ff6d3c8433a3f895f619a038f6c364a26,0x7cf127a5b1dee7ad358729b0833c39a04c61ce38d7bc89511d1f262ff85c62fe,1717694521,0x8b2250a0fd846086a9ccf4ecb0f358a251042e62,0xc5d563a36ae78145c45a50134d48a1215220f80a,0,110024958657457359532038665777399264506271681375762791050970079862807455423716,3.0276,100.92,0.0,YES,2024-06-06 17:22:01+00:00,BUY,3.0276,100.92,0.03,0.03,0.97
0x49aac616d06668f83ecf3105ea5e2df91ec31d9072e27574ef41e0469b9acbf3_0x32326555e4108ee6e40a6afb9ccd186983e064c374535b00c0eb7c98cd01d635,0x49aac616d06668f83ecf3105ea5e2df91ec31d9072e27574ef41e0469b9acbf3,1717694585,0x8b2250a0fd846086a9ccf4ecb0f358a251042e62,0xc5d563a36ae78145c45a50134d48a1215220f80a,0,110024958657457359532038665777399264506271681375762791050970079862807455423716,9.0,300.0,0.0,YES,2024-06-06 17:23:05+00:00,BUY,9.0,300.0,0.03,0.03,0.97
0xbeec6c6f334deeee9fc8745a9081f0fbfe8066ed008df763b5a2d2561d7511c9_0xe5e29ddb5b58250e46d99d3ed6ee94b3a606b89056c81a0012735c47bf21c9ce,0xbeec6c6f334deeee9fc8745a9081f0fbfe8066ed008df763b5a2d2561d7511c9,1717694643,0x8b2250a0fd846086a9ccf4ecb0f358a251042e62,0xc5d563a36ae78145c45a50134d48a1215220f80a,0,110024958657457359532038665777399264506271681375762791050970079862807455423716,9.0,300.0,0.0,YES,2024-06-06 17:24:03+00:00,BUY,9.0,300.0,0.03,0.03,0.97
0x01b1cab9d6d1aacdda96bc1909fb541adeb897b21f2356a3b4de144182360cae_0xfda3d7ad42a3c768ab4ac4b5a036f1489bd64c89396f2ad4a35bd68318e7bf47,0x01b1cab9d6d1aacdda96bc1909fb541adeb897b21f2356a3b4de144182360cae,1717696331,0xedb2f3bb5ba620c1f8e2b422908c78dab5049dbd,0xc5d563a36ae78145c45a50134d48a1215220f80a,0,110024958657457359532038665777399264506271681375762791050970079862807455423716,25.0,625.0,0.0,YES,2024-06-06 17:52:11+00:00,BUY,25.0,625.0,0.04,0.04,0.96
0x09bd3bd5957c41f30d25f28da1fce4fc6c247440f6ec1398da52081555cb1781_0xd65bb218b69f3b75efa62ca7d4382d7b6403c21c1d51f0bd0f806eb6fc638983,0x09bd3bd5957c41f30d25f28da1fce4fc6c247440f6ec1398da52081555cb1781,1717697328,0xa695d6c813989ea9dffd10e9243399b13b926ee7,0xc5d563a36ae78145c45a50134d48a1215220f80a,0,110024958657457359532038665777399264506271681375762791050970079862807455423716,1.0,25.0,0.0,YES,2024-06-06 18:08:48+00:00,BUY,1.0,25.0,0.04,0.04,0.96
0x0d7b40f409802901479145ff89c5f6e0b4f6bc09e1821f57ef56b1c25b2b9573_0xa0c8abed9b1848dd08779b6bfb6d9268379e294d6e2dbb7830e2cdc5d1271eb4,0x0d7b40f409802901479145ff89c5f6e0b4f6bc09e1821f57ef56b1c25b2b9573,1717702117,0x93c9c623258f424d8313afebaad227e1c8191e20,0xc5d563a36ae78145c45a50134d48a1215220f80a,0,110024958657457359532038665777399264506271681375762791050970079862807455423716,10.0,250.0,0.0,YES,2024-06-06 19:28:37+00:00,BUY,10.0,250.0,0.04,0.04,0.96
0x9c968dbdb07558879ccc8b3be29cf528751e2324e1c9426d1e122ff1cedbd100_0x72286514bc28205842b6d59cb1aefc4c8a4b7e73ef9fcc81eb6bb008cef1fe8f,0x9c968dbdb07558879ccc8b3be29cf528751e2324e1c9426d1e122ff1cedbd100,1717702961,0x2096c884e1d30cb25d950c32f4151f45aad7ca7d,0xc5d563a36ae78145c45a50134d48a1215220f80a,0,110024958657457359532038665777399264506271681375762791050970079862807455423716,3.0,75.0,0.0,YES,2024-06-06 19:42:41+00:00,BUY,3.0,75.0,0.04,0.04,0.96
0xafc0974826723c1be6e55393592846dc815cb7cd4cc845c5bb99a04201493c96_0x0c8ef55a7d4b9cae3a560188bef4e66ffe7d0f394bfa45a0e3c0f62dbb2a8874,0xafc0974826723c1be6e55393592846dc815cb7cd4cc845c5bb99a04201493c96,1717703387,0xa7718e2900faec60c0e7f0f380a1814537d696b1,0xc5d563a36ae78145c45a50134d48a1215220f80a,0,110024958657457359532038665777399264506271681375762791050970079862807455423716,49.3,1184.11,0.0,YES,2024-06-06 19:49:47+00:00,BUY,49.3,1184.11,0.04163464542990094,0.04163464542990094,0.958365
0xf50d69b5bd195d9c723c36639ee6ce9388ff1e9a70c38ce3bd461cc62c730fb1_0x55011edf112fc52dce7bb7ba4379e27dfb60900a694097dbd669f17f61b1db5a,0xf50d69b5bd195d9c723c36639ee6ce9388ff1e9a70c38ce3bd461cc62c730fb1,1717719160,0xfc4629f1012aff5737f3885f1ba1a156e740f143,0xc5d563a36ae78145c45a50134d48a1215220f80a,0,110024958657457359532038665777399264506271681375762791050970079862807455423716,5.0,100.0,0.0,YES,2024-06-07 00:12:40+00:00,BUY,5.0,100.0,0.05,0.05,0.95
0xc2ebd7897cd91ddffef7588f4ce2bf20b444d8f9b73b285c2618d9ec708529a2_0x39b7213aca2ef1c7e89192897d9e1d4c7bc25646c6275bfbc6488317a2cff098,0xc2ebd7897cd91ddffef7588f4ce2bf20b444d8f9b73b285c2618d9ec708529a2,1717727505,0xfc5181eecbb5c00950a471e056274db920dde4d9,0xc5d563a36ae78145c45a50134d48a1215220f80a,0,110024958657457359532038665777399264506271681375762791050970079862807455423716,40.999999,816.216215,0.0,YES,2024-06-07 02:31:45+00:00,BUY,40.999999,816.216215,0.050231786929153324,0.050231786929153324,0.949768
0x3f8a2c3ce62913bcf1396baf3166be6e9b4d483c8d63cfda1a3bf82254bb1e9f_0x087c694d7efb8a7ff563eb59db6885ab620075138fe4ddd8ef044991e96c5562,0x3f8a2c3ce62913bcf1396baf3166be6e9b4d483c8d63cfda1a3bf82254bb1e9f,1717729525,0x6b7ec4ba079c0a258435ea36025f6190cd424562,0x5a560d135484258aa509f6720d31c4ed24f0adab,41923275653168802773722021577656941405318779178082176346555928498667069501442,0,200.0,190.0,0.0,NO,2024-06-07 03:05:25+00:00,SELL,190.0,200.0,0.95,0.05,0.95
0xcbd9b7ec09eb1ad5882490c27481910ebadc0986d178b92779bb28f592331888_0x58be8a3634c483a72ebabb57ca50e938e9f86c2326ba3abc3a88414a0ac78f99,0xcbd9b7ec09eb1ad5882490c27481910ebadc0986d178b92779bb28f592331888,1717740814,0xdcc9d68a4bad9fc8becd27a03ee5b2b4feda4534,0xf09e9871745f1770a92b7637b0df13f6ffdca0b9,41923275653168802773722021577656941405318779178082176346555928498667069501442,0,5.133469,4.999998,0.0,NO,2024-06-07 06:13:34+00:00,SELL,4.999998,5.133469,0.9739998429911625,0.026,0.9739998429911625
0x6bb65d10661318d4a1baf0591937a36f327b7f751df16ae6e15de1c8e8097b88_0x161d135466fca7d0c84dde8d9f10d97fc9d89f5e1d5f2fce77de528e1a45b031,0x6bb65d10661318d4a1baf0591937a36f327b7f751df16ae6e15de1c8e8097b88,1717757544,0xcdd75e9012b9e0b93537347ced14e85efb1d0b65,0xe4f5305ba3cc55013196ad7888e427c06e239663,110024958657457359532038665777399264506271681375762791050970079862807455423716,0,1000.0,64.0,0.0,YES,2024-06-07 10:52:24+00:00,SELL,64.0,1000.0,0.064,0.064,0.936
0x687bf0f66a17780c75424e8638460e5ec716dbf741cb3ed8f618b34e5f52d4b8_0x080ff1e704c4176096dab07090ae39f3816b534bd4dafd59734d3e7d0a8d4332,0x687bf0f66a17780c75424e8638460e5ec716dbf741cb3ed8f618b34e5f52d4b8,1717757544,0xe4f5305ba3cc55013196ad7888e427c06e239663,0x8df1e8deb689ab43eea50151923fd04e6567d7fb,0,110024958657457359532038665777399264506271681375762791050970079862807455423716,0.7,10.0,0.0,YES,2024-06-07 10:52:24+00:00,BUY,0.7,10.0,0.06999999999999999,0.06999999999999999,0.93
0xcd385a540d503d7ac5183f52c1c2a3d434585422bce5774495821c414eaada51_0x78ad6c6d6a7b19fe64bee96c4512a53c58761bfc1fd8f963e3232789d7e3c1e2,0xcd385a540d503d7ac5183f52c1c2a3d434585422bce5774495821c414eaada51,1717758028,0xd42f6a1634a3707e27cbae14ca966068e5d1047d,0x4cc9cb4ea568e94b0d48489ce8089d11826fe175,110024958657457359532038665777399264506271681375762791050970079862807455423716,0,0.138887,0.009999,0.0,YES,2024-06-07 11:00:28+00:00,SELL,0.009999,0.138887,0.07199377911539596,0.07199377911539596,0.928006
0x3539cf0c0aef2566775ba77284d5963122428356293764ce9e955c275d1f8206_0x52947c9e965e3a4678886cc77022042e031cd27dc0c75dcce7f258bd20d094d7,0x3539cf0c0aef2566775ba77284d5963122428356293764ce9e955c275d1f8206,1717763678,0xa9f062680d1d6c2f54a547e8d071d2b6dffd0e26,0xc5d563a36ae78145c45a50134d48a1215220f80a,110024958657457359532038665777399264506271681375762791050970079862807455423716,0,28.57,0.8571,0.0,YES,2024-06-07 12:34:38+00:00,SELL,0.8571,28.57,0.03,0.03,0.97
0x9f5f06fc6470ca554cea9e2a060b9a9442110a6fe58475ea6f417e050485f66e_0xcf64cd64ce2110d60e4d2c40e52569c4001141dd49b9dfb2d1957c92dd848c78,0x9f5f06fc6470ca554cea9e2a060b9a9442110a6fe58475ea6f417e050485f66e,1717767110,0x2290f495d0befdd8ecbd8680baa0ff525bc586f8,0xc5d563a36ae78145c45a50134d48a1215220f80a,0,110024958657457359532038665777399264506271681375762791050970079862807455423716,0.009999,0.166665,0.0,YES,2024-06-07 13:31:50+00:00,BUY,0.009999,0.166665,0.059994599945999455,0.059994599945999455,0.940005
0xd215aee56adbdb23947c1459fda11512386bbd70f447a2ea96db60bcc0927641_0x5478c02aa54b666ddc5b646e451286c07c8d61df9903d8fb198b2e68b387ce9b,0xd215aee56adbdb23947c1459fda11512386bbd70f447a2ea96db60bcc0927641,1717772024,0x4515d180b014c86c682280f4518f2b1ecca66b3b,0xc5d563a36ae78145c45a50134d48a1215220f80a,0,110024958657457359532038665777399264506271681375762791050970079862807455423716,0.009999,0.166665,0.0,YES,2024-06-07 14:53:44+00:00,BUY,0.009999,0.166665,0.059994599945999455,0.059994599945999455,0.940005
0x280a75830d1050701ef36d8d8c7cd91c648e4ff876f5448334b89383591b6d95_0xcccc2161f2c64a09ed4f8741bfc80306f73fb3e8468b31bd9211d686d5c66ead,0x280a75830d1050701ef36d8d8c7cd91c648e4ff876f5448334b89383591b6d95,1717772816,0x2c3aec9be0fa86933b5cf5963cf05235b13bdd2b,0xc5d563a36ae78145c45a50134d48a1215220f80a,0,110024958657457359532038665777399264506271681375762791050970079862807455423716,0.009999,0.166665,0.0,YES,2024-06-07 15:06:56+00:00,BUY,0.009999,0.166665,0.059994599945999455,0.059994599945999455,0.940005
0xee880fc04a7c158fd3f77996fe951f0a7831430626e8d87ef9636a4b20315a3c_0x49de23d75d77ee49e2d3be511b737fddf6ed7d2fcb45b7e7bd2f5df1b259fac1,0xee880fc04a7c158fd3f77996fe951f0a7831430626e8d87ef9636a4b20315a3c,1717772892,0x3a98562c9818db571244109507fbaa11b9c82bf8,0xc5d563a36ae78145c45a50134d48a1215220f80a,0,110024958657457359532038665777399264506271681375762791050970079862807455423716,0.009999,0.166665,0.0,YES,2024-06-07 15:08:12+00:00,BUY,0.009999,0.166665,0.059994599945999455,0.059994599945999455,0.940005
0xb7e06d4385cfd599be80bd6024032a7ba062cb633068e6314117f65f1dcaf603_0x27206039196c329fe87fa8eca9e7f56a7ff67c66a42a32b7131b2e1ba7c54e9f,0xb7e06d4385cfd599be80bd6024032a7ba062cb633068e6314117f65f1dcaf603,1717772924,0xf1899a30a2c016941bf4abd77b900ecacd768e47,0x8df1e8deb689ab43eea50151923fd04e6567d7fb,41923275653168802773722021577656941405318779178082176346555928498667069501442,0,14.12,13.65404,0.0,NO,2024-06-07 15:08:44+00:00,SELL,13.65404,14.12,0.9670000000000001,0.033,0.9670000000000001
0x3e30c705344f172c57067d0a0e8b8340e5e6e25c18a51059694948f8ad6b449b_0xd65bb53b4e42de0cb0cba633f93f8653465617492321161ca75009622f018bc5,0x3e30c705344f172c57067d0a0e8b8340e5e6e25c18a51059694948f8ad6b449b,1717777598,0xd171604dc2ceaf4632379a20da03bbda7cc60deb,0xc5d563a36ae78145c45a50134d48a1215220f80a,110024958657457359532038665777399264506271681375762791050970079862807455423716,0,525.18,16.7554,0.0,YES,2024-06-07 16:26:38+00:00,SELL,16.7554,525.18,0.03190410906736738,0.03190410906736738,0.968096
0x6498f1b175b2678b7574aee7bc3ba6da50d089a67da6a3bf9c4b74fe693c9f3e_0xd815f653402ecf4e6bc425807d0c78c619740f49c31fe7cfea44404ff3615390,0x6498f1b175b2678b7574aee7bc3ba6da50d089a67da6a3bf9c4b74fe693c9f3e,1717793912,0x07d4245464dc4fa05d0b3f084d82482462dc8991,0xaaf4acafbb7980ce93631d238eb10a5c4ca67883,0,110024958657457359532038665777399264506271681375762791050970079862807455423716,28.38,946.0,0.0,YES,2024-06-07 20:58:32+00:00,BUY,28.38,946.0,0.03,0.03,0.97
0x612c010a6ad749f7fb31143f9b07d3f9f663cfcea366a02ef2020dad4c5e8816_0x8e051d6f66b6b1019617e10f2a15775fff3ca65f80d938d412ab44b48ac0a608,0x612c010a6ad749f7fb31143f9b07d3f9f663cfcea366a02ef2020dad4c5e8816,1717815632,0x1ee3b362cbcd45db49ced8b03f4f2f7145d761e8,0xc5d563a36ae78145c45a50134d48a1215220f80a,0,110024958657457359532038665777399264506271681375762791050970079862807455423716,0.009999,0.322579,0.0,YES,2024-06-08 03:00:32+00:00,BUY,0.009999,0.322579,0.03099705808499623,0.03099705808499623,0.969003
0x7a5ddab278219d50d6a1fe0a0451f4248c07bd53227cff4c19f60bec125aa481_0xbe8025b84a2ae23c3add328729b8c385fbc24f664f2b67c71a309f56d4290454,0x7a5ddab278219d50d6a1fe0a0451f4248c07bd53227cff4c19f60bec125aa481,1717817350,0x7f5fa43e25892c9db5f94dd48e8efad3745b3eb4,0xc5d563a36ae78145c45a50134d48a1215220f80a,0,110024958657457359532038665777399264506271681375762791050970079862807455423716,0.009999,0.322579,0.0,YES,2024-06-08 03:29:10+00:00,BUY,0.009999,0.322579,0.03099705808499623,0.03099705808499623,0.969003
0xd80f1a61d086a71974a5bb5411d82a9d73daabaf35be3bf197b391e8ba9da1ee_0x04c1fc54ce0516087a3fed97bd9903b3ea3b4190f7a817ac1fc3731885cfc5c8,0xd80f1a61d086a71974a5bb5411d82a9d73daabaf35be3bf197b391e8ba9da1ee,1717817358,0x7f5fa43e25892c9db5f94dd48e8efad3745b3eb4,0xc5d563a36ae78145c45a50134d48a1215220f80a,0,110024958657457359532038665777399264506271681375762791050970079862807455423716,0.009999,0.322579,0.0,YES,2024-06-08 03:29:18+00:00,BUY,0.009999,0.322579,0.03099705808499623,0.03099705808499623,0.969003
0x733e8889c0bc29397199ae0507095dcbbb3dbb50a2fb79e38aebe55bd49e6fd5_0x48ecae3bb4272003ac9b42ecc82f3532971458541bc116a52df8bc630e8a9b53,0x733e8889c0bc29397199ae0507095dcbbb3dbb50a2fb79e38aebe55bd49e6fd5,1717819698,0xae82e88b127fed2178dd691c2ba7a08f6d1541d2,0xc5d563a36ae78145c45a50134d48a1215220f80a,0,110024958657457359532038665777399264506271681375762791050970079862807455423716,0.009999,0.322579,0.0,YES,2024-06-08 04:08:18+00:00,BUY,0.009999,0.322579,0.03099705808499623,0.03099705808499623,0.969003
0x23f6cf96e0a6cde98e64dc248da5e7b7c30d4943ea3def04a223cdfa9236213d_0x68fa6763707710bad571d6957ec6d8cfa5c6967dbb8a3f9708c91abe0a056d1e,0x23f6cf96e0a6cde98e64dc248da5e7b7c30d4943ea3def04a223cdfa9236213d,1717827188,0x20ddf9afadc9ec30f0093730380f5bdd9cb5a3e6,0xc5d563a36ae78145c45a50134d48a1215220f80a,0,110024958657457359532038665777399264506271681375762791050970079862807455423716,0.009999,0.322579,0.0,YES,2024-06-08 06:13:08+00:00,BUY,0.009999,0.322579,0.03099705808499623,0.03099705808499623,0.969003
0xb32d8ddee236fbad231ecc5332a42dd850b63aa086a3e31218b015110c9e2c09_0x4322fde76ad3a9f358992ef8ca47d7d218aa7857471391bf6afe178cae3b5250,0xb32d8ddee236fbad231ecc5332a42dd850b63aa086a3e31218b015110c9e2c09,1717832796,0xd8f05f398086dbd920222928adf92bc3e4ed4955,0xc5d563a36ae78145c45a50134d48a1215220f80a,0,110024958657457359532038665777399264506271681375762791050970079862807455423716,0.009999,0.322579,0.0,YES,2024-06-08 07:46:36+00:00,BUY,0.009999,0.322579,0.03099705808499623,0.03099705808499623,0.969003
0xa53bf76547d3af946bbe92cd7e2c17e7997eac9689ae2870d65543f666ba987b_0x189d01ca54e2149e2cbbca85c25798820fe900bd0738cf80d3199ed350283dd2,0xa53bf76547d3af946bbe92cd7e2c17e7997eac9689ae2870d65543f666ba987b,1717842681,0xdea784658e690320ac664a368cab833da24244f3,0xc5d563a36ae78145c45a50134d48a1215220f80a,0,110024958657457359532038665777399264506271681375762791050970079862807455423716,0.009999,0.322579,0.0,YES,2024-06-08 10:31:21+00:00,BUY,0.009999,0.322579,0.03099705808499623,0.03099705808499623,0.969003
0xd7a4b16e3c91a8086f81f841124139bb7d7c382b6c490e8103eee100c70a2966_0x60bb299d09a396488bbc0d84a0a25d78923d2c39a085ce3ab7b2095b231953d0,0xd7a4b16e3c91a8086f81f841124139bb7d7c382b6c490e8103eee100c70a2966,1717843021,0xe53b3096d47d774befe373ff7e1a6d965d4611a2,0xc5d563a36ae78145c45a50134d48a1215220f80a,0,110024958657457359532038665777399264506271681375762791050970079862807455423716,0.009999,0.322579,0.0,YES,2024-06-08 10:37:01+00:00,BUY,0.009999,0.322579,0.03099705808499623,0.03099705808499623,0.969003
0x4cdc62c33d048c1f9261686d98949cd8c43ecac1036dc134a5aa5e9124f23bc6_0x01fb65c3467cf928e8cb2fd41f4273ba57d77a1f17f6bd901a0531e84d81715a,0x4cdc62c33d048c1f9261686d98949cd8c43ecac1036dc134a5aa5e9124f23bc6,1717843571,0xc2af605871a5b0e6d199f96a6a9982c136d4ea50,0xc5d563a36ae78145c45a50134d48a1215220f80a,0,110024958657457359532038665777399264506271681375762791050970079862807455423716,0.009999,0.322579,0.0,YES,2024-06-08 10:46:11+00:00,BUY,0.009999,0.322579,0.03099705808499623,0.03099705808499623,0.969003
0x6d9c76865632b257979297b9845934822c638566e5ff3e5254fde92c890df44b_0x85a4c4a598b3c0187be4df0692f907dce5dbf8788fd2728ead48c284c68092c8,0x6d9c76865632b257979297b9845934822c638566e5ff3e5254fde92c890df44b,1717848187,0x041718233e7e0204d75a3915a14d581dbdce7e53,0xc5d563a36ae78145c45a50134d48a1215220f80a,110024958657457359532038665777399264506271681375762791050970079862807455423716,0,52.63,1.36838,0.0,YES,2024-06-08 12:03:07+00:00,SELL,1.36838,52.63,0.026,0.026,0.974
0x9da4308bb8912adc4995d5959e6f1e4080c1c9077c1984e1b1a2c2b651ba54e2_0x69c75cf4dc8096822b26a4eb324e2cf17ed9bd57624709940e12c74223bffc02,0x9da4308bb8912adc4995d5959e6f1e4080c1c9077c1984e1b1a2c2b651ba54e2,1717852499,0xca88aad5afe6aa7e2cd5587a4faf3b0e62f738d1,0xc5d563a36ae78145c45a50134d48a1215220f80a,0,110024958657457359532038665777399264506271681375762791050970079862807455423716,0.999999,32.258063,0.0,YES,2024-06-08 13:14:59+00:00,BUY,0.999999,32.258063,0.03099997045699861,0.03099997045699861,0.969
0xe13be616af0fcff7dbe2d058ff34a022f8abddc1ce2b0adb248f5679182483fd_0x556ff9594fe2b8f5960c27078943e53c9b1898d000d6c492a7262fa7c992826e,0xe13be616af0fcff7dbe2d058ff34a022f8abddc1ce2b0adb248f5679182483fd,1717891134,0x3cf3e8d5427aed066a7a5926980600f6c3cf87b3,0xc5d563a36ae78145c45a50134d48a1215220f80a,41923275653168802773722021577656941405318779178082176346555928498667069501442,0,500.0,484.78675,0.0,NO,2024-06-08 23:58:54+00:00,SELL,484.78675,500.0,0.9695735,0.030427,0.9695735
0xd3f5974e025d618df1fa88f914bb72235619ba86e87fd07a14fa8d3c9584ff7c_0xadd0fb216edd608c4d3dc65ae9704288522dfe5369696e8afdd46c993fe39e2b,0xd3f5974e025d618df1fa88f914bb72235619ba86e87fd07a14fa8d3c9584ff7c,1717891142,0x6b7ec4ba079c0a258435ea36025f6190cd424562,0xc5d563a36ae78145c45a50134d48a1215220f80a,41923275653168802773722021577656941405318779178082176346555928498667069501442,0,23.25,22.5525,0.0,NO,2024-06-08 23:59:02+00:00,SELL,22.5525,23.25,0.97,0.03,0.97
0xa7e891714789154cbcaf0acfcbaf541d5261ecb554d795bfff0f03e4724d9453_0xc8b9947f7f4cf620502ae9a157b54380050cca90a26b8b89c41369c5530dcfa5,0xa7e891714789154cbcaf0acfcbaf541d5261ecb554d795bfff0f03e4724d9453,1717891174,0x3cf3e8d5427aed066a7a5926980600f6c3cf87b3,0xc5d563a36ae78145c45a50134d48a1215220f80a,41923275653168802773722021577656941405318779178082176346555928498667069501442,0,286.75,278.1575,0.0,NO,2024-06-08 23:59:34+00:00,SELL,278.1575,286.75,0.9700348735832608,0.029965,0.9700348735832608
0xcdb6c0690acd2dc0ade9de5ffd351eb8a7d48d193a19813bc9c90af70c742ed7_0xd4a8e0df6b860e8cc50c79243c2219e89450b0342c31ce1e967c471425cf900f,0xcdb6c0690acd2dc0ade9de5ffd351eb8a7d48d193a19813bc9c90af70c742ed7,1717891246,0x3cf3e8d5427aed066a7a5926980600f6c3cf87b3,0xc5d563a36ae78145c45a50134d48a1215220f80a,41923275653168802773722021577656941405318779178082176346555928498667069501442,0,310.0,300.71,0.0,NO,2024-06-09 00:00:46+00:00,SELL,300.71,310.0,0.9700322580645161,0.029968,0.9700322580645161
0x055eb722793f6000859dfdf551d2679f9e56941357c02208aa354db4013d0912_0xbfd97f44af010d097779e50f29eb0f15c97ae1f3d8488230f680776c3bb7997e,0x055eb722793f6000859dfdf551d2679f9e56941357c02208aa354db4013d0912,1717893630,0x8b2250a0fd846086a9ccf4ecb0f358a251042e62,0xc5d563a36ae78145c45a50134d48a1215220f80a,0,110024958657457359532038665777399264506271681375762791050970079862807455423716,0.29,10.0,0.0,YES,2024-06-09 00:40:30+00:00,BUY,0.29,10.0,0.028999999999999998,0.028999999999999998,0.971
0x215b75a7553c2944b878355c723a8c3996680a3a33ace70c8ae915a1179e3b4a_0x9d7f278cc8a7bc29fa6d873804b7d0cb381d143bb26ad107c44c65f7937ed1e3,0x215b75a7553c2944b878355c723a8c3996680a3a33ace70c8ae915a1179e3b4a,1717893640,0x8b2250a0fd846086a9ccf4ecb0f358a251042e62,0xc5d563a36ae78145c45a50134d48a1215220f80a,0,110024958657457359532038665777399264506271681375762791050970079862807455423716,9.0,300.0,0.0,YES,2024-06-09 00:40:40+00:00,BUY,9.0,300.0,0.03,0.03,0.97
0xee951fb132f9cef308b4acdc974e1a22d7db8abccdb73c4e163e8178f3c9000b_0x49a5563f4f3a54ffd4e0b73cac4a48bc38ea57a5065728309dff8ae9fb1d5bca,0xee951fb132f9cef308b4acdc974e1a22d7db8abccdb73c4e163e8178f3c9000b,1717893884,0x8b2250a0fd846086a9ccf4ecb0f358a251042e62,0xc5d563a36ae78145c45a50134d48a1215220f80a,0,110024958657457359532038665777399264506271681375762791050970079862807455423716,9.29,310.0,0.0,YES,2024-06-09 00:44:44+00:00,BUY,9.29,310.0,0.029967741935483867,0.029967741935483867,0.970032
0x8165bb1db78cece78c253055a590dfc6a950c369a469756cdc1f740a3bf2a7ae_0x5221a50ecddea6938ad3e3c73b7d97d40c75a55ac2182a38eeccdc1b0f78e022,0x8165bb1db78cece78c253055a590dfc6a950c369a469756cdc1f740a3bf2a7ae,1717893964,0x8b2250a0fd846086a9ccf4ecb0f358a251042e62,0xc5d563a36ae78145c45a50134d48a1215220f80a,0,110024958657457359532038665777399264506271681375762791050970079862807455423716,9.29,310.0,0.0,YES,2024-06-09 00:46:04+00:00,BUY,9.29,310.0,0.029967741935483867,0.029967741935483867,0.970032
0x387002d6f24299d9e33cdf0bfa57b44b5c92869243c5aa220a8a973dda52e2b6_0x2c70c0f4f785c29316a5b63062ab265071570cbc0dad459b58b463096d81b4d8,0x387002d6f24299d9e33cdf0bfa57b44b5c92869243c5aa220a8a973dda52e2b6,1717894056,0x8b2250a0fd846086a9ccf4ecb0f358a251042e62,0xc5d563a36ae78145c45a50134d48a1215220f80a,0,110024958657457359532038665777399264506271681375762791050970079862807455423716,0.29,10.0,0.0,YES,2024-06-09 00:47:36+00:00,BUY,0.29,10.0,0.028999999999999998,0.028999999999999998,0.971
0xf3f1d19d766b7b64ec9a0501649bcb9b9dac8a457cfc0c903e020d5210e460fb_0x2c70c0f4f785c29316a5b63062ab265071570cbc0dad459b58b463096d81b4d8,0xf3f1d19d766b7b64ec9a0501649bcb9b9dac8a457cfc0c903e020d5210e460fb,1717894060,0x8b2250a0fd846086a9ccf4ecb0f358a251042e62,0x71e11e0fc20a2adf27026fbf8674b38f8ff945f0,0,110024958657457359532038665777399264506271681375762791050970079862807455423716,3.0,100.0,0.0,YES,2024-06-09 00:47:40+00:00,BUY,3.0,100.0,0.03,0.03,0.97
0x89cd0a3c71c69506d5128ae66c17638db816a5db290d57471574f0cf4fc72dad_0x2c70c0f4f785c29316a5b63062ab265071570cbc0dad459b58b463096d81b4d8,0x89cd0a3c71c69506d5128ae66c17638db816a5db290d57471574f0cf4fc72dad,1717894072,0x8b2250a0fd846086a9ccf4ecb0f358a251042e62,0x71e11e0fc20a2adf27026fbf8674b38f8ff945f0,0,110024958657457359532038665777399264506271681375762791050970079862807455423716,6.0,200.0,0.0,YES,2024-06-09 00:47:52+00:00,BUY,6.0,200.0,0.03,0.03,0.97
0x60498416850b72c2d00fe31600b26014a907853934358ded8e8b8c4a8a2f0d75_0x2c70c0f4f785c29316a5b63062ab265071570cbc0dad459b58b463096d81b4d8,0x60498416850b72c2d00fe31600b26014a907853934358ded8e8b8c4a8a2f0d75,1717894078,0x8b2250a0fd846086a9ccf4ecb0f358a251042e62,0x71e11e0fc20a2adf27026fbf8674b38f8ff945f0,0,110024958657457359532038665777399264506271681375762791050970079862807455423716,0.0099,0.33,0.0,YES,2024-06-09 00:47:58+00:00,BUY,0.0099,0.33,0.030000000000000002,0.030000000000000002,0.97
0x7b454cdf46463716115203661f85245c98d7beb261a9d3ef1be891248ae845b4_0xf3c102d77b6716172c9eb05bb3439360eba1be426c4b3d2e2e5cb1fd1fc1322a,0x7b454cdf46463716115203661f85245c98d7beb261a9d3ef1be891248ae845b4,1717894154,0x8b2250a0fd846086a9ccf4ecb0f358a251042e62,0xc5d563a36ae78145c45a50134d48a1215220f80a,0,110024958657457359532038665777399264506271681375762791050970079862807455423716,15.2801,509.67,0.0,YES,2024-06-09 00:49:14+00:00,BUY,15.2801,509.67,0.02998037946122,0.02998037946122,0.97002
0xf4d328cf882a13408572f998ba593bdb3e8f64b48c6bbce4018231f0fa9d9689_0xc6512ad1734d18862607e2020c46b249ed748c9b63880bdb0a59aefd3748e09d,0xf4d328cf882a13408572f998ba593bdb3e8f64b48c6bbce4018231f0fa9d9689,1717894570,0x8b2250a0fd846086a9ccf4ecb0f358a251042e62,0xc5d563a36ae78145c45a50134d48a1215220f80a,0,110024958657457359532038665777399264506271681375762791050970079862807455423716,12.0,375.0,0.0,YES,2024-06-09 00:56:10+00:00,BUY,12.0,375.0,0.032,0.032,0.968
0xda1bd3efec9d8fa4a81d2dd6f318048c966198f5170635b5b53c9205330ba005_0x7b93817374e37cb14f1056fc280d4204f89033f8f3115a247c479f12223a48bb,0xda1bd3efec9d8fa4a81d2dd6f318048c966198f5170635b5b53c9205330ba005,1717894580,0x6b7ec4ba079c0a258435ea36025f6190cd424562,0xc5d563a36ae78145c45a50134d48a1215220f80a,41923275653168802773722021577656941405318779178082176346555928498667069501442,0,1.75,1.694,0.0,NO,2024-06-09 00:56:20+00:00,SELL,1.694,1.75,0.968,0.032,0.968
0xeff1f18961f763be11b6f8b5252ed929f53136cd397cf2f9f358a621e01b49c9_0xa14b350e8c30cb34354c74884fbdce7704bf231b094b7c2ceb17d00191a03f79,0xeff1f18961f763be11b6f8b5252ed929f53136cd397cf2f9f358a621e01b49c9,1717894998,0xd9439104f20b7c35de5977e8f5606d256eb94c70,0xc5d563a36ae78145c45a50134d48a1215220f80a,0,110024958657457359532038665777399264506271681375762791050970079862807455423716,0.009999,0.303029,0.0,YES,2024-06-09 01:03:18+00:00,BUY,0.009999,0.303029,0.03299684188642011,0.03299684188642011,0.967003
0x65d29782de549a78ebb06859615c029d74e496d379e7b3680195009a811491dc_0x7b93817374e37cb14f1056fc280d4204f89033f8f3115a247c479f12223a48bb,0x65d29782de549a78ebb06859615c029d74e496d379e7b3680195009a811491dc,1717895060,0x6b7ec4ba079c0a258435ea36025f6190cd424562,0x8df1e8deb689ab43eea50151923fd04e6567d7fb,41923275653168802773722021577656941405318779178082176346555928498667069501442,0,9.99,9.67032,0.0,NO,2024-06-09 01:04:20+00:00,SELL,9.67032,9.99,0.968,0.032,0.968
0xc15982928f5ebaee175ed389e78579bb4f6be011355abc902d0c433bdad9999d_0x7100438945ff1cbd4eb0204890403499f97177f9f360958c0be4f8f2531a5119,0xc15982928f5ebaee175ed389e78579bb4f6be011355abc902d0c433bdad9999d,1717895716,0x076ca0207aaa48365da2eb6a917edcbdee5e4e7b,0xc5d563a36ae78145c45a50134d48a1215220f80a,110024958657457359532038665777399264506271681375762791050970079862807455423716,0,365.0,11.68,0.0,YES,2024-06-09 01:15:16+00:00,SELL,11.68,365.0,0.032,0.032,0.968
0x0dddb4a1030751c8599a1ae08110d896939402c8352a5e38b4de5595af96cbc2_0xf309b9119008805fd0af42dffd5c369426179f00e86cb88458b7388fafeca3de,0x0dddb4a1030751c8599a1ae08110d896939402c8352a5e38b4de5595af96cbc2,1717902265,0xd42f6a1634a3707e27cbae14ca966068e5d1047d,0xde242261bcd8d4320113f12230da34d705ca25a8,110024958657457359532038665777399264506271681375762791050970079862807455423716,0,222.0,7.548,0.0,YES,2024-06-09 03:04:25+00:00,SELL,7.548,222.0,0.034,0.034,0.966
0x14d2506a3158d114476c7906dd98bcec4ad4051b9194b2eb98fcdf13a1b3d6cb_0x429e5e233d2f967e47038b9ae9289937df092fa38c58ce6d21385be87451f2e1,0x14d2506a3158d114476c7906dd98bcec4ad4051b9194b2eb98fcdf13a1b3d6cb,1717904584,0xd42f6a1634a3707e27cbae14ca966068e5d1047d,0xde242261bcd8d4320113f12230da34d705ca25a8,110024958657457359532038665777399264506271681375762791050970079862807455423716,0,444.0,17.316,0.0,YES,2024-06-09 03:43:04+00:00,SELL,17.316,444.0,0.039,0.039,0.961
0x1f280ac513758564f632e957fd3d0ec47b237e33e9a2959249cc052932dba02c_0x39158b59c94877b726d4399ecea237baf4e12f981ded692c2ffad25e3377b49a,0x1f280ac513758564f632e957fd3d0ec47b237e33e9a2959249cc052932dba02c,1717923954,0x1d1ab59f174cd799aba36a4f46596daad401c576,0xc5d563a36ae78145c45a50134d48a1215220f80a,0,110024958657457359532038665777399264506271681375762791050970079862807455423716,0.009999,0.222221,0.0,YES,2024-06-09 09:05:54+00:00,BUY,0.009999,0.222221,0.044995747476611114,0.044995747476611114,0.955004
0xaacac510b44913568ccaeeadb8cb9411973a2fa89f1a7f11e08dd7bf73d6c337_0x16cbffebaba63e320fc8faf1e9c6186f0a2bee2dddfd7410b03eda072d89f13c,0xaacac510b44913568ccaeeadb8cb9411973a2fa89f1a7f11e08dd7bf73d6c337,1717925026,0x889f40d2898c91a18da4b51bd3082c2873122efc,0xc5d563a36ae78145c45a50134d48a1215220f80a,0,110024958657457359532038665777399264506271681375762791050970079862807455423716,0.009999,0.222221,0.0,YES,2024-06-09 09:23:46+00:00,BUY,0.009999,0.222221,0.044995747476611114,0.044995747476611114,0.955004
0x215fb7678fad26e925cd3752e02c7d2803366f1ab45ff20cfb2cedd7cdcf7c52_0xd924c63b38640fc724933a30edc07b266dda34fc2fb6f3229e395e8b9bf11ff2,0x215fb7678fad26e925cd3752e02c7d2803366f1ab45ff20cfb2cedd7cdcf7c52,1717937539,0x07d4245464dc4fa05d0b3f084d82482462dc8991,0x5f846b7ca56d373701c7dc7c0afb32620ba87bae,0,110024958657457359532038665777399264506271681375762791050970079862807455423716,0.309278,10.309266,0.0,YES,2024-06-09 12:52:19+00:00,BUY,0.309278,10.309266,0.030000001940002328,0.030000001940002328,0.97
0x9ee50f17d10e1dc868f85c3ec84207235abba348d8891044940b61092045523a_0x709d2e3a6236954734a08d843a18a302cd7a934f032fb6a00339fe2e6aba1ac1,0x9ee50f17d10e1dc868f85c3ec84207235abba348d8891044940b61092045523a,1717937555,0x07d4245464dc4fa05d0b3f084d82482462dc8991,0x5f846b7ca56d373701c7dc7c0afb32620ba87bae,110024958657457359532038665777399264506271681375762791050970079862807455423716,0,10.3,0.4532,0.0,YES,2024-06-09 12:52:35+00:00,SELL,0.4532,10.3,0.044,0.044,0.956
0xa989f0e0d32d4ddeae181ddb7af4ad3fcee3ab9bf53fe119cf0d0f4cc4e0b61c_0xd4e4c3b69ceb3bcd0ead6bcc89daa1316b93e8aba36164f64b8f0a6e73052358,0xa989f0e0d32d4ddeae181ddb7af4ad3fcee3ab9bf53fe119cf0d0f4cc4e0b61c,1717940195,0x07d4245464dc4fa05d0b3f084d82482462dc8991,0xe84ae9577df9ab139236d4ba2b10f9c8c4652861,110024958657457359532038665777399264506271681375762791050970079862807455423716,0,0.256409,0.009999,0.0,YES,2024-06-09 13:36:35+00:00,SELL,0.009999,0.256409,0.0389962910818263,0.0389962910818263,0.961004
0x78ad608fee1259727bf073fd3b25719728c4ef9f9d10e4aaccccafbecdfdffaf_0x66b00889fa30b9fc3691b3c208535a8fa999e79b6ea54e1786d00aff981e9583,0x78ad608fee1259727bf073fd3b25719728c4ef9f9d10e4aaccccafbecdfdffaf,1717945353,0xb27b99617dc79e101c25f0de54f96be482363ac2,0xc5d563a36ae78145c45a50134d48a1215220f80a,0,110024958657457359532038665777399264506271681375762791050970079862807455423716,0.009999,0.263156,0.0,YES,2024-06-09 15:02:33+00:00,BUY,0.009999,0.263156,0.03799647357460973,0.03799647357460973,0.962004
0x11dab0f7a8f4a568025cf5058cb0e09b6ac3f29b5040911b66cd81ce18dbea7c_0xd924c63b38640fc724933a30edc07b266dda34fc2fb6f3229e395e8b9bf11ff2,0x11dab0f7a8f4a568025cf5058cb0e09b6ac3f29b5040911b66cd81ce18dbea7c,1717947854,0x07d4245464dc4fa05d0b3f084d82482462dc8991,0x8df1e8deb689ab43eea50151923fd04e6567d7fb,0,110024958657457359532038665777399264506271681375762791050970079862807455423716,0.3003,10.01,0.0,YES,2024-06-09 15:44:14+00:00,BUY,0.3003,10.01,0.030000000000000002,0.030000000000000002,0.97
0x3b71b65c59be7ea97d6985db3c36c8cb6282e701d27b043973c52c477335ff06_0xf5199f77d2dfdc07d0164a1db10285f5662e1a2c0225d4ff85c6f9995dc19aa9,0x3b71b65c59be7ea97d6985db3c36c8cb6282e701d27b043973c52c477335ff06,1717962381,0x85ec4c11ed8260f16ca8522d2fdc144eaf6e3dc9,0xc5d563a36ae78145c45a50134d48a1215220f80a,0,110024958657457359532038665777399264506271681375762791050970079862807455423716,9.999999,263.157893,0.0,YES,2024-06-09 19:46:21+00:00,BUY,9.999999,263.157893,0.03799999645079998,0.03799999645079998,0.962
0x9b8deb1e5ff5887f1076c4708c68de95c5e607f79cc2e26db4444916f89ee8e9_0x773f0f29cd02287aa8c7dc92eeb09578d557a29a404f3a75dd64ae8db442dee2,0x9b8deb1e5ff5887f1076c4708c68de95c5e607f79cc2e26db4444916f89ee8e9,1717972955,0x6466dcf93d9e6574426da48782a41d7464f26d08,0xc5d563a36ae78145c45a50134d48a1215220f80a,0,110024958657457359532038665777399264506271681375762791050970079862807455423716,0.499999,14.285713,0.0,YES,2024-06-09 22:42:35+00:00,BUY,0.499999,14.285713,0.034999933149993986,0.034999933149993986,0.965
0xed7a8dd662d70aec8e24bea0d634e7d5df11176c7b54f9b38e7d63fd3510875d_0x17491f6f675cfbf2af384fd44ad9bf939c4825e8f3c552e0dfccb0ad60780cdf,0xed7a8dd662d70aec8e24bea0d634e7d5df11176c7b54f9b38e7d63fd3510875d,1717978157,0x3cf3e8d5427aed066a7a5926980600f6c3cf87b3,0xc5d563a36ae78145c45a50134d48a1215220f80a,41923275653168802773722021577656941405318779178082176346555928498667069501442,0,888.0,856.92,0.0,NO,2024-06-10 00:09:17+00:00,SELL,856.92,888.0,0.965,0.035,0.965
0x6b12bc7a6b5fb47711cb44b8c58bf892abc04957e3b7035eabf747fc6416d4ee_0xd924c63b38640fc724933a30edc07b266dda34fc2fb6f3229e395e8b9bf11ff2,0x6b12bc7a6b5fb47711cb44b8c58bf892abc04957e3b7035eabf747fc6416d4ee,1717981432,0x07d4245464dc4fa05d0b3f084d82482462dc8991,0xaaf4acafbb7980ce93631d238eb10a5c4ca67883,0,110024958657457359532038665777399264506271681375762791050970079862807455423716,14.3904,479.68,0.0,YES,2024-06-10 01:03:52+00:00,BUY,14.3904,479.68,0.03,0.03,0.97
0xb5708ffc3f7965846198864193a57c45ee9ceb3858d688533ae81fe94feb98ab_0x108ed2e10aa004847bdc32921ed97e59f79cf0114ef96b66d32c9ed1d9df0e71,0xb5708ffc3f7965846198864193a57c45ee9ceb3858d688533ae81fe94feb98ab,1717985005,0xde242261bcd8d4320113f12230da34d705ca25a8,0xc5d563a36ae78145c45a50134d48a1215220f80a,0,110024958657457359532038665777399264506271681375762791050970079862807455423716,15.6096,520.32,0.0,YES,2024-06-10 02:03:25+00:00,BUY,15.6096,520.32,0.03,0.03,0.97
0xb8e77b5d7897202e25ef26771c707323370d1688359eb43ab1d9aa17dceda75e_0x7e6c09220ee134cda320ea908abea2cb31f5cafd22333f55f1701dafed2ef42e,0xb8e77b5d7897202e25ef26771c707323370d1688359eb43ab1d9aa17dceda75e,1717988772,0xfd2db552556dd5a9d829ee093114352de053589a,0xc5d563a36ae78145c45a50134d48a1215220f80a,0,110024958657457359532038665777399264506271681375762791050970079862807455423716,0.009999,0.303029,0.0,YES,2024-06-10 03:06:12+00:00,BUY,0.009999,0.303029,0.03299684188642011,0.03299684188642011,0.967003
0xf0653b747b7a5cfc5f2b8736144ba05792228d875b57a428d2891046e7a4f9db_0x63678a0fa4183c4517a5671accf8ee529dd8bd4881792e9ee1e530eef39b61e8,0xf0653b747b7a5cfc5f2b8736144ba05792228d875b57a428d2891046e7a4f9db,1717991360,0x595d01a08f3bcdcf56d5c0f723b4254923d9d58e,0xc5d563a36ae78145c45a50134d48a1215220f80a,0,110024958657457359532038665777399264506271681375762791050970079862807455423716,0.009999,0.303029,0.0,YES,2024-06-10 03:49:20+00:00,BUY,0.009999,0.303029,0.03299684188642011,0.03299684188642011,0.967003
0x45292d8c2cec1e4a3dab3df456904c97447515c65417685e1f997305edb2d356_0x0ff254e3682a6a48dd1ad7d6490b7e67d9cea705a7da8d7315a4eeb8e1030ffa,0x45292d8c2cec1e4a3dab3df456904c97447515c65417685e1f997305edb2d356,1717991680,0xe380bbcf95cd14e47e4fe6b504a6b1ba0acf8caf,0xc5d563a36ae78145c45a50134d48a1215220f80a,0,110024958657457359532038665777399264506271681375762791050970079862807455423716,0.01,0.3125,0.0,YES,2024-06-10 03:54:40+00:00,BUY,0.01,0.3125,0.032,0.032,0.968
0x0efead29cba0c22cb2cd0da8dd534af659a5694171398f2b3b7fe524fa454ba5_0xf8d8a7e4b323c138c2d1046a5d2dc094ba0bd28f97e11b250caec9fb4fa5662a,0x0efead29cba0c22cb2cd0da8dd534af659a5694171398f2b3b7fe524fa454ba5,1717991914,0x7ef586cbf853f7718704681a131b02523658c63e,0xc5d563a36ae78145c45a50134d48a1215220f80a,0,110024958657457359532038665777399264506271681375762791050970079862807455423716,0.01,0.3125,0.0,YES,2024-06-10 03:58:34+00:00,BUY,0.01,0.3125,0.032,0.032,0.968
0x6c18cbf84eace156c9dc6fe9dbdc3266b9728af378e061239d446ce980cf73fd_0x19834a5baea8069c686c3af87fda3581b1f68e23763e577a33068b9e6afdd4b1,0x6c18cbf84eace156c9dc6fe9dbdc3266b9728af378e061239d446ce980cf73fd,1717994538,0x359a9dfb059c941b79d60527d0abfc701af5deac,0xc5d563a36ae78145c45a50134d48a1215220f80a,0,110024958657457359532038665777399264506271681375762791050970079862807455423716,20.0,612.101817,0.0,YES,2024-06-10 04:42:18+00:00,BUY,20.0,612.101817,0.03267430261524612,0.03267430261524612,0.967326
0x0f4ea8c82588a6c1cba29080aab33082c8c980c2ff51f693fb5623e4713370fd_0x3a7f127187882f2fd468f60ecee92bd7b82c257153fc5bf43825a9c83adeeceb,0x0f4ea8c82588a6c1cba29080aab33082c8c980c2ff51f693fb5623e4713370fd,1718008103,0x3327719ac117ee97bf2f6cd6a69f42a4c9ab5996,0xc5d563a36ae78145c45a50134d48a1215220f80a,0,110024958657457359532038665777399264506271681375762791050970079862807455423716,0.009999,0.303029,0.0,YES,2024-06-10 08:28:23+00:00,BUY,0.009999,0.303029,0.03299684188642011,0.03299684188642011,0.967003
0xeb52b3e2d1a77785b49a0c8a9323bb0c1ec32f40e03459dde34b8938c7fc389c_0x98008712ed16618b91504e386b91b2570a7130d10f4614f8b1684548b302fd61,0xeb52b3e2d1a77785b49a0c8a9323bb0c1ec32f40e03459dde34b8938c7fc389c,1718010232,0xdcc9d68a4bad9fc8becd27a03ee5b2b4feda4534,0x1d5ed3b00521b3d71d4d5c429d41ce339005ae16,41923275653168802773722021577656941405318779178082176346555928498667069501442,0,10.277491,9.999998,0.0,NO,2024-06-10 09:03:52+00:00,SELL,9.999998,10.277491,0.9729999277060909,0.027,0.9729999277060909
0x6436b19db147e7e55a7e0348366c3bda4e202def98c9446ac64d6501c0f7d85e_0x3f16ec8da7654e2a20734e306a154dcdd766b0f861337cf1795ae83bfa7a4655,0x6436b19db147e7e55a7e0348366c3bda4e202def98c9446ac64d6501c0f7d85e,1718020456,0xa1131d7ca3630217a57ae3f691baab3c41982a8a,0xc5d563a36ae78145c45a50134d48a1215220f80a,0,110024958657457359532038665777399264506271681375762791050970079862807455423716,0.009999,0.303029,0.0,YES,2024-06-10 11:54:16+00:00,BUY,0.009999,0.303029,0.03299684188642011,0.03299684188642011,0.967003
0x3557b7eead27b6bcfe21410bdae2aa0a1a6762fdec4da17808c07db7b13bef22_0x6b4c123f64e7d5f1466e497f366652653d5238c1fd747504078878874cba5ae1,0x3557b7eead27b6bcfe21410bdae2aa0a1a6762fdec4da17808c07db7b13bef22,1718029435,0xc1004fad5ae612f59c51d0061844ca3e094de92f,0xc5d563a36ae78145c45a50134d48a1215220f80a,0,110024958657457359532038665777399264506271681375762791050970079862807455423716,0.009999,0.333332,0.0,YES,2024-06-10 14:23:55+00:00,BUY,0.009999,0.333332,0.02999711998847995,0.02999711998847995,0.970003
0xbb6730d233feea409e682baf7c96910e1d67ed02b45996674dfab78cbb6d2c18_0x6a9028b2faa90e269d4ceda0bf3839175633de78b31286774d1fe16204e63ad5,0xbb6730d233feea409e682baf7c96910e1d67ed02b45996674dfab78cbb6d2c18,1718033006,0x4abf9190f56000950b113cd4b605dcae834cb6cb,0xc5d563a36ae78145c45a50134d48a1215220f80a,0,110024958657457359532038665777399264506271681375762791050970079862807455423716,3.999999,133.333332,0.0,YES,2024-06-10 15:23:26+00:00,BUY,3.999999,133.333332,0.029999992799999924,0.029999992799999924,0.97
0x52037b01effac3f93dd5692a107dcb1336eb43286b76e6f52db1d04a9e66d42f_0x799b859dfa16c7f0338fa70729ad165a338ebc308a705973cebebf47d8173254,0x52037b01effac3f93dd5692a107dcb1336eb43286b76e6f52db1d04a9e66d42f,1718037513,0x46160445402c68694d635af4b3320907a652e881,0xc5d563a36ae78145c45a50134d48a1215220f80a,0,110024958657457359532038665777399264506271681375762791050970079862807455423716,19.999999,703.448274,0.0,YES,2024-06-10 16:38:33+00:00,BUY,19.999999,703.448274,0.02843137120271049,0.02843137120271049,0.971569
0x847cbd9ab2bb9d50c36b55f6000e0148d448dd40faf6f92bcbf9549d6bf361c2_0x98008712ed16618b91504e386b91b2570a7130d10f4614f8b1684548b302fd61,0x847cbd9ab2bb9d50c36b55f6000e0148d448dd40faf6f92bcbf9549d6bf361c2,1718039929,0xdcc9d68a4bad9fc8becd27a03ee5b2b4feda4534,0xaaf4acafbb7980ce93631d238eb10a5c4ca67883,41923275653168802773722021577656941405318779178082176346555928498667069501442,0,289.72,281.89756,0.0,NO,2024-06-10 17:18:49+00:00,SELL,281.89756,289.72,0.9729999999999999,0.027,0.9729999999999999
0xa6bcea60f255726892bc81a52c3c9e1699df544155b086cb273b0851e85c0058_0xdd1b8137adca3e960081cf7e9a0aceba27b6d4955fcc8dca466de1fe15bf9a1d,0xa6bcea60f255726892bc81a52c3c9e1699df544155b086cb273b0851e85c0058,1718040069,0x87d36743a44338371412715c338987032697909d,0xc5d563a36ae78145c45a50134d48a1215220f80a,0,110024958657457359532038665777399264506271681375762791050970079862807455423716,99.999999,3474.246332,0.0,YES,2024-06-10 17:21:09+00:00,BUY,99.999999,3474.246332,0.028783220717234968,0.028783220717234968,0.971217
0x7850acf66c713ece1df61d655a042e679b70ace8b9c2a109abfcd726b87a2c61_0x550d222368e069de5b24cf51441d55394bddbf461c3a6a14b785deb7707eda30,0x7850acf66c713ece1df61d655a042e679b70ace8b9c2a109abfcd726b87a2c61,1718040442,0xde242261bcd8d4320113f12230da34d705ca25a8,0x509587cbb541251c74f261df3421f1fcc9fdc97c,0,110024958657457359532038665777399264506271681375762791050970079862807455423716,260.0,10000.0,0.0,YES,2024-06-10 17:27:22+00:00,BUY,260.0,10000.0,0.026,0.026,0.974
0xbf0a9f759bfa17e486f7f7cd9090037548de9edbbf84fe6a653c19e1cd518c2b_0xadb15426a71a4aa44387624c231837d3ccc6cb45478d349873ef651c75e26417,0xbf0a9f759bfa17e486f7f7cd9090037548de9edbbf84fe6a653c19e1cd518c2b,1718041689,0x282e0c34ae032004f903cd352ff7b7fffc7200f3,0xc5d563a36ae78145c45a50134d48a1215220f80a,110024958657457359532038665777399264506271681375762791050970079862807455423716,0,2000.0,50.0,0.0,YES,2024-06-10 17:48:09+00:00,SELL,50.0,2000.0,0.025,0.025,0.975
0x251b0b05ec2718f8a2a4bdf39f583f57722922a7430bf1bcaa218603a383ba2d_0x89065f6d749ad86364b5c5ea3d9229f1b59a5a5d29efe7a067af00fcd7849c7e,0x251b0b05ec2718f8a2a4bdf39f583f57722922a7430bf1bcaa218603a383ba2d,1718043392,0x87d36743a44338371412715c338987032697909d,0xc5d563a36ae78145c45a50134d48a1215220f80a,0,110024958657457359532038665777399264506271681375762791050970079862807455423716,30.0,1000.0,0.0,YES,2024-06-10 18:16:32+00:00,BUY,30.0,1000.0,0.03,0.03,0.97
0x2e285db7a0c2804ecf9548ef79b4572e58b49f2da05d90b7097b2f966b283b3a_0xae0e59639ebfd00d90fb01b271dedee0d9ffe8738816975734614ff207d8c036,0x2e285db7a0c2804ecf9548ef79b4572e58b49f2da05d90b7097b2f966b283b3a,1718043558,0x87d36743a44338371412715c338987032697909d,0xc5d563a36ae78145c45a50134d48a1215220f80a,0,110024958657457359532038665777399264506271681375762791050970079862807455423716,20.0,656.18125,0.0,YES,2024-06-10 18:19:18+00:00,BUY,20.0,656.18125,0.030479383554467613,0.030479383554467613,0.969521
0x426d3db58366fd3806c4538ecb7b500b06c4d951df9c84f25636bb6b1d9d39a3_0xc9c23a8ab7eb52fa72fab9e53bc10f0a3b0cafbc30c586572035498ef55859eb,0x426d3db58366fd3806c4538ecb7b500b06c4d951df9c84f25636bb6b1d9d39a3,1718043566,0x6b7ec4ba079c0a258435ea36025f6190cd424562,0xc5d563a36ae78145c45a50134d48a1215220f80a,41923275653168802773722021577656941405318779178082176346555928498667069501442,0,10.0,9.69,0.0,NO,2024-06-10 18:19:26+00:00,SELL,9.69,10.0,0.969,0.031,0.969
0x2350802f94f23e3aca936df117ac2d59fd6bb16e3c3ea818b0dff742903b4f3f_0xbcd0949cc8d86b9be18e23ace7cec62d18bd4fe45cb8722269a5b0891df86cb0,0x2350802f94f23e3aca936df117ac2d59fd6bb16e3c3ea818b0dff742903b4f3f,1718050094,0xbac0279d5a7b3731f0e5b5f326e95e34b6f9b007,0xc5d563a36ae78145c45a50134d48a1215220f80a,0,110024958657457359532038665777399264506271681375762791050970079862807455423716,1.557,51.9,0.0,YES,2024-06-10 20:08:14+00:00,BUY,1.557,51.9,0.03,0.03,0.97
0x30602d202b6884461e1ced3bdccfe87e7eb554457d68bc0871d1a4faed3d1a42_0xb9af7af4c239e10257a56b1f8e238c2355ab6041cc3efa5ebdef3d3c7560da4e,0x30602d202b6884461e1ced3bdccfe87e7eb554457d68bc0871d1a4faed3d1a42,1718055817,0xedb2f3bb5ba620c1f8e2b422908c78dab5049dbd,0xc5d563a36ae78145c45a50134d48a1215220f80a,0,110024958657457359532038665777399264506271681375762791050970079862807455423716,50.0,1578.125,0.0,YES,2024-06-10 21:43:37+00:00,BUY,50.0,1578.125,0.031683168316831684,0.031683168316831684,0.968317
0xf735635d116d761df55379aeb45b8779d2ae5468dcb2c7f50ed5348ae9650f02_0x3a57a4c5554ecd87fde5856972ff06fd31b296e82a9d2d2ee8c2e7a16dea43f2,0xf735635d116d761df55379aeb45b8779d2ae5468dcb2c7f50ed5348ae9650f02,1718055829,0x07d4245464dc4fa05d0b3f084d82482462dc8991,0xedb2f3bb5ba620c1f8e2b422908c78dab5049dbd,110024958657457359532038665777399264506271681375762791050970079862807455423716,0,100.0,3.5,0.0,YES,2024-06-10 21:43:49+00:00,SELL,3.5,100.0,0.035,0.035,0.965
0xee93540c7434b44a85378f71d24429cbd19f503d049320e727204d1e3d342d04_0x5d63459890b990904d348574548932f438550acc320a1a589580e48bf892b5b8,0xee93540c7434b44a85378f71d24429cbd19f503d049320e727204d1e3d342d04,1718072526,0x9f9e7cebd6ac596f2827e822ffebadacd2e66ef5,0xc5d563a36ae78145c45a50134d48a1215220f80a,41923275653168802773722021577656941405318779178082176346555928498667069501442,0,4.15,4.01305,0.0,NO,2024-06-11 02:22:06+00:00,SELL,4.01305,4.15,0.9669999999999999,0.033,0.9669999999999999
0xf742f32ea98a3c4bccf0da174f18c0770b7b4dce0812eb36cb99cfb4222898f1_0x4ac0f6a4e1b8bd0a965b1bc21244dff2c083be1f860c636e1db3e3189699f346,0xf742f32ea98a3c4bccf0da174f18c0770b7b4dce0812eb36cb99cfb4222898f1,1718073386,0x4ce73141dbfce41e65db3723e31059a730f0abad,0xc5d563a36ae78145c45a50134d48a1215220f80a,110024958657457359532038665777399264506271681375762791050970079862807455423716,0,200.0,6.0,0.0,YES,2024-06-11 02:36:26+00:00,SELL,6.0,200.0,0.03,0.03,0.97
0x89013ae8d9d1912bf5adbc50adff3831e602b9a5d5ab9fe0dc602bbc3dd6135b_0x726a7b2ce292572fd7b71f2593bd45d79135a50dca1e5a24a2e39446d0599027,0x89013ae8d9d1912bf5adbc50adff3831e602b9a5d5ab9fe0dc602bbc3dd6135b,1718075130,0xdcc9d68a4bad9fc8becd27a03ee5b2b4feda4534,0x8df1e8deb689ab43eea50151923fd04e6567d7fb,41923275653168802773722021577656941405318779178082176346555928498667069501442,0,12.05,11.6885,0.0,NO,2024-06-11 03:05:30+00:00,SELL,11.6885,12.05,0.9699999999999999,0.03,0.9699999999999999
0x1beef312806fe70df3d12416571ec29a1ce2cc49f97fe1d902e3d86c9c7676f2_0x72f5cf59e743e5ef6dc2b3238942a17ee55114883fea013755faa40dc48cac32,0x1beef312806fe70df3d12416571ec29a1ce2cc49f97fe1d902e3d86c9c7676f2,1718082250,0xdcc9d68a4bad9fc8becd27a03ee5b2b4feda4534,0xea7027bf8aef208dd1cac2fead66647536c36030,41923275653168802773722021577656941405318779178082176346555928498667069501442,0,2.059731,1.999998,0.0,NO,2024-06-11 05:04:10+00:00,SELL,1.999998,2.059731,0.9709996111142667,0.029,0.9709996111142667
0x900eb9e395bd7ac9c556bda1c72c805ffa88d435f1896c070b2b181e15ac4c66_0x72f5cf59e743e5ef6dc2b3238942a17ee55114883fea013755faa40dc48cac32,0x900eb9e395bd7ac9c556bda1c72c805ffa88d435f1896c070b2b181e15ac4c66,1718083978,0xdcc9d68a4bad9fc8becd27a03ee5b2b4feda4534,0xd485421ac4bb465f1b4eb07636642e6499f06ee1,41923275653168802773722021577656941405318779178082176346555928498667069501442,0,1.544798,1.499998,0.0,NO,2024-06-11 05:32:58+00:00,SELL,1.499998,1.544798,0.9709994445875771,0.029001,0.9709994445875771
0xc0ca72575cd98b0abdcb4cbe45c35347338b9eaf120b429302d56f96485968f9_0x030af4fdd4e4a433b83f4f41c54b9b056cb623569d4035dff385babbba2382ad,0xc0ca72575cd98b0abdcb4cbe45c35347338b9eaf120b429302d56f96485968f9,1718088822,0x64448352d47b43b103afa194aa1e2991c9d5d1cf,0xc5d563a36ae78145c45a50134d48a1215220f80a,0,110024958657457359532038665777399264506271681375762791050970079862807455423716,0.999999,33.333332,0.0,YES,2024-06-11 06:53:42+00:00,BUY,0.999999,33.333332,0.029999971199998848,0.029999971199998848,0.97
0x7e0d4fd815ffec8d5ea6aee5540316fd62b76db13c1d6f27b9f6c4dd371772e1_0x7a159294bab0dcba0bc7846a012d7222283b4e3dbe3bf7467a01fd82dc2e1c78,0x7e0d4fd815ffec8d5ea6aee5540316fd62b76db13c1d6f27b9f6c4dd371772e1,1718091049,0xa2505505f8de7fdf55d10a64941f5c283d116a89,0xc5d563a36ae78145c45a50134d48a1215220f80a,0,110024958657457359532038665777399264506271681375762791050970079862807455423716,6.0,200.0,0.0,YES,2024-06-11 07:30:49+00:00,BUY,6.0,200.0,0.03,0.03,0.97
0xcedd0b3c7c3994397c9b9c61829f90393e77520dff9adf4035328355637010cb_0xd5b54e579fffd980ca0c1559f440733822527dbd8665dcfa04f73500d5477e3e,0xcedd0b3c7c3994397c9b9c61829f90393e77520dff9adf4035328355637010cb,1718091059,0xa2505505f8de7fdf55d10a64941f5c283d116a89,0xc5d563a36ae78145c45a50134d48a1215220f80a,110024958657457359532038665777399264506271681375762791050970079862807455423716,0,200.0,5.8,0.0,YES,2024-06-11 07:30:59+00:00,SELL,5.8,200.0,0.028999999999999998,0.028999999999999998,0.971
0x083b9b7a037227b6ebff6a083f45e864634c2f87409fc4b5150de2b88a1e1601_0xb695ee73f626e2763243ca92c221261111cb99711092b607a0a224c6452b43a8,0x083b9b7a037227b6ebff6a083f45e864634c2f87409fc4b5150de2b88a1e1601,1718091175,0x7cbb8d5c43e683fee86a68c53d43d609c74a1cc8,0xc5d563a36ae78145c45a50134d48a1215220f80a,0,110024958657457359532038665777399264506271681375762791050970079862807455423716,6.0,191.66625,0.0,YES,2024-06-11 07:32:55+00:00,BUY,6.0,191.66625,0.03130441587916496,0.03130441587916496,0.968696
0x3c108c5ccf7ca2d76f8f0c36baf85eaa340d136d86e7bf1e29d8ea48a5d3e686_0xe06a3690dad9493d875ad7f9358f96353e03aaaa33a4cffdf03f1f336fac86b2,0x3c108c5ccf7ca2d76f8f0c36baf85eaa340d136d86e7bf1e29d8ea48a5d3e686,1718091187,0x7cbb8d5c43e683fee86a68c53d43d609c74a1cc8,0xc5d563a36ae78145c45a50134d48a1215220f80a,110024958657457359532038665777399264506271681375762791050970079862807455423716,0,187.5,5.4375,0.0,YES,2024-06-11 07:33:07+00:00,SELL,5.4375,187.5,0.029,0.029,0.971
0x024437989c5df3d81fb8c1aaea24addc651b44e61b295d70a3132da2ac8b252f_0x4947cf173acf8e53b896611f8951e3f7da2462bdf9ec0622f3d6d86be93c775b,0x024437989c5df3d81fb8c1aaea24addc651b44e61b295d70a3132da2ac8b252f,1718092399,0xfd4bf0293382e4fc01e9c101b131df1abacd94d3,0xc5d563a36ae78145c45a50134d48a1215220f80a,0,110024958657457359532038665777399264506271681375762791050970079862807455423716,5.0,156.25,0.0,YES,2024-06-11 07:53:19+00:00,BUY,5.0,156.25,0.032,0.032,0.968
0x28b431fed49555b3d42a8f27619b01eaf959dc6daa06f6e8590b5555714ecc20_0x008015526427d43469f6b5124b94570e867718fcbac725e5962754b0943e56d4,0x28b431fed49555b3d42a8f27619b01eaf959dc6daa06f6e8590b5555714ecc20,1718092409,0xfd4bf0293382e4fc01e9c101b131df1abacd94d3,0xc5d563a36ae78145c45a50134d48a1215220f80a,110024958657457359532038665777399264506271681375762791050970079862807455423716,0,156.25,4.40889,0.0,YES,2024-06-11 07:53:29+00:00,SELL,4.40889,156.25,0.028216896,0.028216896,0.971783
0x00d8cd740780343e5b22599eb9f605582f13c68895304943a6a8a6bea3d54aa5_0xaa9594af9c174ca3cf35cc0c31d4dea4ad6aefb5f646f77f8d45e4afdb3155ea,0x00d8cd740780343e5b22599eb9f605582f13c68895304943a6a8a6bea3d54aa5,1718095577,0x4415477c6a5807662223a7d30ade2d7a9f6cd7a7,0xc5d563a36ae78145c45a50134d48a1215220f80a,0,110024958657457359532038665777399264506271681375762791050970079862807455423716,0.01,0.3125,0.0,YES,2024-06-11 08:46:17+00:00,BUY,0.01,0.3125,0.032,0.032,0.968
0xd8fd541328d4e91508c48f34398476d18f17903bbe69c315481eed370ba01ddc_0xf0924a15460ef3fec865e9d289d13882ce08f53d032069f665bdc499ff9929d5,0xd8fd541328d4e91508c48f34398476d18f17903bbe69c315481eed370ba01ddc,1718097799,0x2d18760183099a8d607542231abcc5ff2b9b0068,0xc5d563a36ae78145c45a50134d48a1215220f80a,0,110024958657457359532038665777399264506271681375762791050970079862807455423716,0.01,0.3125,0.0,YES,2024-06-11 09:23:19+00:00,BUY,0.01,0.3125,0.032,0.032,0.968
0x7af112ea29c3ad51cb471db66ac5a0dac32c0c55443c5606d8b3e517bc346152_0x0ba49ba199b482eb90c78839ed14e962236b1b453163db59c1a7e0bce22a6648,0x7af112ea29c3ad51cb471db66ac5a0dac32c0c55443c5606d8b3e517bc346152,1718099533,0x54c2651b3a6c56f7d12434e13bc16a7997a1794d,0xc5d563a36ae78145c45a50134d48a1215220f80a,0,110024958657457359532038665777399264506271681375762791050970079862807455423716,9.999999,306.947057,0.0,YES,2024-06-11 09:52:13+00:00,BUY,9.999999,306.947057,0.032578904967314935,0.032578904967314935,0.967421
0xe01ba084827da56de5f95a37f054e05c1690c5e438bf3a19466b4b34244e177d_0x80c7509657aa7057cbce2471a1dfa4a543bf7d55fab1c7bb8c298c1ed33ca852,0xe01ba084827da56de5f95a37f054e05c1690c5e438bf3a19466b4b34244e177d,1718101701,0x52973be49bc5d356ce0d45694e1f46b3dfd4bc35,0xc5d563a36ae78145c45a50134d48a1215220f80a,0,110024958657457359532038665777399264506271681375762791050970079862807455423716,0.009999,0.294116,0.0,YES,2024-06-11 10:28:21+00:00,BUY,0.009999,0.294116,0.03399679038202614,0.03399679038202614,0.966003
0x72eb0c19469662c1697cef5f786b208dd3975db16df497cdbc6b6a96f98ce40f_0x8901ae750d53986b56af790e87140f374d658bb9206ad65eb1a941949d496d74,0x72eb0c19469662c1697cef5f786b208dd3975db16df497cdbc6b6a96f98ce40f,1718102497,0xd30ef0517cc3ae545abed8d29ff5cb7563d0f801,0xc5d563a36ae78145c45a50134d48a1215220f80a,0,110024958657457359532038665777399264506271681375762791050970079862807455423716,0.009999,0.294116,0.0,YES,2024-06-11 10:41:37+00:00,BUY,0.009999,0.294116,0.03399679038202614,0.03399679038202614,0.966003
0x233f06819f686f155f60720b7314e397e9e344e5ae385c7301f8e423a9920456_0x74dd846cbe60b36b678d264c344a8c56790077b06d94b4623bfca8e3ff761969,0x233f06819f686f155f60720b7314e397e9e344e5ae385c7301f8e423a9920456,1718107825,0x07d4245464dc4fa05d0b3f084d82482462dc8991,0x0a6d411cbe062c29da92ae648947e9ac757ab9d4,110024958657457359532038665777399264506271681375762791050970079862807455423716,0,0.303029,0.009999,0.0,YES,2024-06-11 12:10:25+00:00,SELL,0.009999,0.303029,0.03299684188642011,0.03299684188642011,0.967003
0xbdb988cfab70c44a483100a877a995fa76831ab11d7768080b690d34cc5e2ba4_0x74dd846cbe60b36b678d264c344a8c56790077b06d94b4623bfca8e3ff761969,0xbdb988cfab70c44a483100a877a995fa76831ab11d7768080b690d34cc5e2ba4,1718107839,0x07d4245464dc4fa05d0b3f084d82482462dc8991,0x0a6d411cbe062c29da92ae648947e9ac757ab9d4,110024958657457359532038665777399264506271681375762791050970079862807455423716,0,0.303029,0.009999,0.0,YES,2024-06-11 12:10:39+00:00,SELL,0.009999,0.303029,0.03299684188642011,0.03299684188642011,0.967003
0x0003bc8fe254eedc52b47ea6f51c3b132fe274947b2b8178aff391db91ddbeff_0x5b2cc13f3821c9fa53ecb31996575c629b447b11f5f26bf0cba3122a457d10d9,0x0003bc8fe254eedc52b47ea6f51c3b132fe274947b2b8178aff391db91ddbeff,1718109072,0x8f23aead02f055b69c7f7db51a2d74187bb2c7d0,0xa68bd7fcfa7ee2ebbaf34db5a41b1197e66cc229,0,110024958657457359532038665777399264506271681375762791050970079862807455423716,5.902469,210.802464,0.0,YES,2024-06-11 12:31:12+00:00,BUY,5.902469,210.802464,0.028000000037950223,0.028000000037950223,0.972
0x9d0dfe433a7ef3b1919782694c01f054a9a101bf3fde60bdf8d46dd741abe9ca_0x74dd846cbe60b36b678d264c344a8c56790077b06d94b4623bfca8e3ff761969,0x9d0dfe433a7ef3b1919782694c01f054a9a101bf3fde60bdf8d46dd741abe9ca,1718109082,0x07d4245464dc4fa05d0b3f084d82482462dc8991,0xa68bd7fcfa7ee2ebbaf34db5a41b1197e66cc229,110024958657457359532038665777399264506271681375762791050970079862807455423716,0,210.8,6.9564,0.0,YES,2024-06-11 12:31:22+00:00,SELL,6.9564,210.8,0.033,0.033,0.967
0xaace36880898cf22d16126e93bd0607b46b70cec9ff44b79e57c301699e48482_0x74dd846cbe60b36b678d264c344a8c56790077b06d94b4623bfca8e3ff761969,0xaace36880898cf22d16126e93bd0607b46b70cec9ff44b79e57c301699e48482,1718109593,0x07d4245464dc4fa05d0b3f084d82482462dc8991,0x573d2b9c92a969174a1d8d7e859388124454e04e,110024958657457359532038665777399264506271681375762791050970079862807455423716,0,0.303029,0.009999,0.0,YES,2024-06-11 12:39:53+00:00,SELL,0.009999,0.303029,0.03299684188642011,0.03299684188642011,0.967003
0x5fdb3cfe0d246d2618928258dbd21039ff1bbbc0fe81457f807e1d978503709d_0x1dcfc923f115b44441dd07a9c4ca767d41fc1618eb6ef0a304a5868f83c2578a,0x5fdb3cfe0d246d2618928258dbd21039ff1bbbc0fe81457f807e1d978503709d,1718111155,0x07d4245464dc4fa05d0b3f084d82482462dc8991,0xe4f5305ba3cc55013196ad7888e427c06e239663,110024958657457359532038665777399264506271681375762791050970079862807455423716,0,300.0,10.2,0.0,YES,2024-06-11 13:05:55+00:00,SELL,10.2,300.0,0.033999999999999996,0.033999999999999996,0.966
0xd3436fafb9fcfa622cb38b18e48f647583c7e633502e5ebd2de4b06c7adf5428_0x0103deeb8239f26bb81acc699087c1260cb9502efff4eea83d5234315e92f006,0xd3436fafb9fcfa622cb38b18e48f647583c7e633502e5ebd2de4b06c7adf5428,1718111163,0x07d4245464dc4fa05d0b3f084d82482462dc8991,0xe4f5305ba3cc55013196ad7888e427c06e239663,110024958657457359532038665777399264506271681375762791050970079862807455423716,0,100.0,3.6,0.0,YES,2024-06-11 13:06:03+00:00,SELL,3.6,100.0,0.036000000000000004,0.036000000000000004,0.964
0x6a6489be77d15f36a30ff65b26fcd67c46b0c368838e4a98e96d2b0a85c38de8_0xaa171bdf15b23edb192fcaadeb38fce1892da02260ec6149eb3d5d7a72eec503,0x6a6489be77d15f36a30ff65b26fcd67c46b0c368838e4a98e96d2b0a85c38de8,1718112818,0x702df8164a4144c60f996899360dc659cd7ebd9f,0xc5d563a36ae78145c45a50134d48a1215220f80a,0,110024958657457359532038665777399264506271681375762791050970079862807455423716,0.01,0.25,0.0,YES,2024-06-11 13:33:38+00:00,BUY,0.01,0.25,0.04,0.04,0.96
0x723ecd1e3e7b42a2a3b25106401c9fdf6f7f97ea8f0addb6d96350dd8c095470_0x184868e0e82c977d9486b7636f10d883af7cf1a2e5e11bb50c7bc37523b097af,0x723ecd1e3e7b42a2a3b25106401c9fdf6f7f97ea8f0addb6d96350dd8c095470,1718114485,0x54c2651b3a6c56f7d12434e13bc16a7997a1794d,0xc5d563a36ae78145c45a50134d48a1215220f80a,0,110024958657457359532038665777399264506271681375762791050970079862807455423716,9.999999,256.410255,0.0,YES,2024-06-11 14:01:25+00:00,BUY,9.999999,256.410255,0.038999996314499984,0.038999996314499984,0.961
0xaaa27f1290516e16638a12539ce86ba29cf2526a22f4b9ae8e2f0e61a5df9a0d_0x34509b1326d8891285e7f155e0c09ceed184dcaa5461035deec59ca5b00aa248,0xaaa27f1290516e16638a12539ce86ba29cf2526a22f4b9ae8e2f0e61a5df9a0d,1718116238,0x6b7ec4ba079c0a258435ea36025f6190cd424562,0x5faf1c86efa06c67e099d282b4a9aa802eb55308,41923275653168802773722021577656941405318779178082176346555928498667069501442,0,1.035195,0.999998,0.0,NO,2024-06-11 14:30:38+00:00,SELL,0.999998,1.035195,0.9659996425794174,0.034,0.9659996425794174
0x54c8b3d8e0c66744b1d9705c46f888e599a03b01174edea501ff46ed71ac1ef8_0x7f77f96d144d52ba1e59d6f5b529f18ed0e551303bdd84c3c8d94a6a7b642cf5,0x54c8b3d8e0c66744b1d9705c46f888e599a03b01174edea501ff46ed71ac1ef8,1718118603,0x07d4245464dc4fa05d0b3f084d82482462dc8991,0xe25b9180f5687aa85bd94ee309bb72a464320f1b,0,110024958657457359532038665777399264506271681375762791050970079862807455423716,9.6,300.0,0.0,YES,2024-06-11 15:10:03+00:00,BUY,9.6,300.0,0.032,0.032,0.968
0x9718a2f611ac5cc7b8e1948e299e16ec1fe2e3aeab103abb57ab55e52f47cad3_0xdb8c23a222bab9eb25c9d035435b621ee24169d62106e372ae511cee672f40d9,0x9718a2f611ac5cc7b8e1948e299e16ec1fe2e3aeab103abb57ab55e52f47cad3,1718118853,0x07d4245464dc4fa05d0b3f084d82482462dc8991,0xeba21301577826000c7afa73f3466bf459ca1cdf,0,110024958657457359532038665777399264506271681375762791050970079862807455423716,0.031991,1.031967,0.0,YES,2024-06-11 15:14:13+00:00,BUY,0.031991,1.031967,0.031000022287534384,0.031000022287534384,0.969
0x1ed1115995109e16c64b8e0a3af8219eeb5e95f9301ab3e961597d36c57fa033_0xdb8c23a222bab9eb25c9d035435b621ee24169d62106e372ae511cee672f40d9,0x1ed1115995109e16c64b8e0a3af8219eeb5e95f9301ab3e961597d36c57fa033,1718118935,0x07d4245464dc4fa05d0b3f084d82482462dc8991,0xaaf4acafbb7980ce93631d238eb10a5c4ca67883,0,110024958657457359532038665777399264506271681375762791050970079862807455423716,11.098,358.0,0.0,YES,2024-06-11 15:15:35+00:00,BUY,11.098,358.0,0.031000000000000003,0.031000000000000003,0.969
0xa50392c2566ed8aeb81d2b95295eb3ff4982d183294a81369b5870ab20494197_0x9ef19f693e5686b68985d642a965b8a06580b712bb7c302030c5a96f3e0c6f21,0xa50392c2566ed8aeb81d2b95295eb3ff4982d183294a81369b5870ab20494197,1718119265,0x3ce09f4c8c43de9f38b8ddd0f00e0f2084e3e248,0xc5d563a36ae78145c45a50134d48a1215220f80a,0,110024958657457359532038665777399264506271681375762791050970079862807455423716,2.0,57.142856,0.0,YES,2024-06-11 15:21:05+00:00,BUY,2.0,57.142856,0.03500000070000001,0.03500000070000001,0.965
0x4a74e475603287cefd5a0e83a33c81fa5078d572c84abe14d5d01d7f6084669d_0x8e554dd57b5f14714f3fde1dc66f5be56fc7a6ade5809755c427659b869320ae,0x4a74e475603287cefd5a0e83a33c81fa5078d572c84abe14d5d01d7f6084669d,1718120953,0xd42f6a1634a3707e27cbae14ca966068e5d1047d,0xc5d563a36ae78145c45a50134d48a1215220f80a,110024958657457359532038665777399264506271681375762791050970079862807455423716,0,3000.96,90.02976,0.0,YES,2024-06-11 15:49:13+00:00,SELL,90.02976,3000.96,0.030000319897632757,0.030000319897632757,0.97
0x126c6b0d8bdd3af9a8b5bd79f7641bfea3ce9cccf8ee56de3c083ef3e0e4054a_0x2c692b6ea0d56b64cbaf04b35afcb8d3b40fa3568500f7348c77d0298c297c2c,0x126c6b0d8bdd3af9a8b5bd79f7641bfea3ce9cccf8ee56de3c083ef3e0e4054a,1718127188,0xcf9a4c189fead61179761ad1dcee3b80dd0f4d40,0xc5d563a36ae78145c45a50134d48a1215220f80a,0,110024958657457359532038665777399264506271681375762791050970079862807455423716,10.0,312.5,0.0,YES,2024-06-11 17:33:08+00:00,BUY,10.0,312.5,0.032,0.032,0.968
0x3de1ba262e148d929cb63da100d794530f4fefa4bf90267022669936f80ba46c_0x4b21c82c67e17272f9ad5aa583293a26a0300ad320ce7f30953fecdf1514827b,0x3de1ba262e148d929cb63da100d794530f4fefa4bf90267022669936f80ba46c,1718128465,0xef57d4046f7df5ea67cbe2249879751343e858ef,0xc5d563a36ae78145c45a50134d48a1215220f80a,0,110024958657457359532038665777399264506271681375762791050970079862807455423716,10.0,312.5,0.0,YES,2024-06-11 17:54:25+00:00,BUY,10.0,312.5,0.032,0.032,0.968
0x7a93939bda37f8332f9e50ec0c89fbfc4b4cf6f302d2cbecbffb9d09501313f6_0xf50d3ecb17017a41e65eb1303d142c823ddb23c21582b4311f40a2722861b6b1,0x7a93939bda37f8332f9e50ec0c89fbfc4b4cf6f302d2cbecbffb9d09501313f6,1718129059,0xef57d4046f7df5ea67cbe2249879751343e858ef,0xc5d563a36ae78145c45a50134d48a1215220f80a,0,110024958657457359532038665777399264506271681375762791050970079862807455423716,10.3,321.875,0.0,YES,2024-06-11 18:04:19+00:00,BUY,10.3,321.875,0.032,0.032,0.968
0xd0e09da0d0d50ed2012fa5b6b69e4b1a603d57f8e993cf406d09d9e5268556d3_0x518d24792b9840b529fc778a991b684f12e3a230acc638112184fd735c82dcb3,0xd0e09da0d0d50ed2012fa5b6b69e4b1a603d57f8e993cf406d09d9e5268556d3,1718129468,0xcf9a4c189fead61179761ad1dcee3b80dd0f4d40,0x5b50155bf8bfb7ff5d2f2a2738e0a1cd707150e4,0,110024958657457359532038665777399264506271681375762791050970079862807455423716,7.762886,258.762866,0.0,YES,2024-06-11 18:11:08+00:00,BUY,7.762886,258.762866,0.030000000077290846,0.030000000077290846,0.97
0x23235cde458803f98ba3aea66ad2f4bc1f62ee73264c5d895fa4ae31cb89f1e6_0xa05c8999cc0054b3ef4994332a5d37686b42d206ad492e363f7eed5df42eb20e,0x23235cde458803f98ba3aea66ad2f4bc1f62ee73264c5d895fa4ae31cb89f1e6,1718129796,0xedb2f3bb5ba620c1f8e2b422908c78dab5049dbd,0xc5d563a36ae78145c45a50134d48a1215220f80a,0,110024958657457359532038665777399264506271681375762791050970079862807455423716,66.0,2062.5,0.0,YES,2024-06-11 18:16:36+00:00,BUY,66.0,2062.5,0.032,0.032,0.968
0xc22810b613d6574dd5307f86f6f9796761e07eeef834a7078fecb83329175d6f_0xed24e6a95769dd6eeea27fcd84fbbccb438192d09a12fdbafa81915894c4fb21,0xc22810b613d6574dd5307f86f6f9796761e07eeef834a7078fecb83329175d6f,1718130117,0xf82fdc0da5ffc3eedd3901aed3a8b2130ac53c01,0xc5d563a36ae78145c45a50134d48a1215220f80a,0,110024958657457359532038665777399264506271681375762791050970079862807455423716,1.0,31.25,0.0,YES,2024-06-11 18:21:57+00:00,BUY,1.0,31.25,0.032,0.032,0.968
0x345859334032565381cdf8e5fe5942bfe5bb8de12b94b52b025fc8302b732b06_0x76667d8d4af9b5a592222eb63687bb5d2f28a3aba61894caa1916a1fa791d9c4,0x345859334032565381cdf8e5fe5942bfe5bb8de12b94b52b025fc8302b732b06,1718133291,0x8816095d5ac84dde325c4c1d198d955e1ac08b54,0xc5d563a36ae78145c45a50134d48a1215220f80a,0,110024958657457359532038665777399264506271681375762791050970079862807455423716,2.5,78.125,0.0,YES,2024-06-11 19:14:51+00:00,BUY,2.5,78.125,0.032,0.032,0.968
0xf3be5b0e158636394189ac225dd18fbe175d12226035a1360b4569f57a1678c9_0x0a53c08511c5e3fb9a348ce936bdf23c865973d11172080a72c31b49d3caf152,0xf3be5b0e158636394189ac225dd18fbe175d12226035a1360b4569f57a1678c9,1718133608,0xd42f6a1634a3707e27cbae14ca966068e5d1047d,0x46483a45de96eacaf31430c3ed97e0b6a30b5361,110024958657457359532038665777399264506271681375762791050970079862807455423716,0,400.0,21.2,0.0,YES,2024-06-11 19:20:08+00:00,SELL,21.2,400.0,0.053,0.053,0.947
0x3955f29f8148fce5e630f44e88f57cb76a3a511a236470cfa16329d297356521_0x24083d86f2c50a03bb5d45e0de04c57f09ca99db474f90a146efb2b1a7984a7b,0x3955f29f8148fce5e630f44e88f57cb76a3a511a236470cfa16329d297356521,1718133730,0xd42f6a1634a3707e27cbae14ca966068e5d1047d,0xc5d563a36ae78145c45a50134d48a1215220f80a,110024958657457359532038665777399264506271681375762791050970079862807455423716,0,200.0,7.6,0.0,YES,2024-06-11 19:22:10+00:00,SELL,7.6,200.0,0.038,0.038,0.962
0x1e5b8f15da900470c0647bfa08e1787bcc19950a5ad72d1dce1f3645fee7ecff_0x6712e42318576ca108810cb19bf4f54e4d1ca28d40b06c5109a6ba744f86bf3f,0x1e5b8f15da900470c0647bfa08e1787bcc19950a5ad72d1dce1f3645fee7ecff,1718133874,0x9c88c0ad88b0c7dd929b0cf040abc9a46b2bc405,0xc5d563a36ae78145c45a50134d48a1215220f80a,110024958657457359532038665777399264506271681375762791050970079862807455423716,0,20000.0,460.61551,0.0,YES,2024-06-11 19:24:34+00:00,SELL,460.61551,20000.0,0.0230307755,0.0230307755,0.976969
0x5df0c8188c776a32e88784ca227300bc7468bbd3957ce5c1e896cdaa5a847c30_0x2b915f2da88627a05d8340432d6ccebd6f0bf3ff15ed4440c2819c58bd242fd7,0x5df0c8188c776a32e88784ca227300bc7468bbd3957ce5c1e896cdaa5a847c30,1718134352,0xd42f6a1634a3707e27cbae14ca966068e5d1047d,0xb3c18d1a6e43c2012a48060b462f74f2aac01ef7,110024958657457359532038665777399264506271681375762791050970079862807455423716,0,400.0,15.6,0.0,YES,2024-06-11 19:32:32+00:00,SELL,15.6,400.0,0.039,0.039,0.961
0xfe66b72681d64edf901b24254bec86ab0acd2c2bf0eef8d69e19eb06910cb78c_0x1315c86dd7c856e6f8c446d6b7a87e7a81452ee79ceb576415543bf3f9f9de66,0xfe66b72681d64edf901b24254bec86ab0acd2c2bf0eef8d69e19eb06910cb78c,1718134374,0xd42f6a1634a3707e27cbae14ca966068e5d1047d,0xc5d563a36ae78145c45a50134d48a1215220f80a,110024958657457359532038665777399264506271681375762791050970079862807455423716,0,200.0,7.8,0.0,YES,2024-06-11 19:32:54+00:00,SELL,7.8,200.0,0.039,0.039,0.961
0xe2ccf9d92e7e63b0d5d3a26f8db301ff2e72771c285d28d04f7bea58a197cc47_0x3feba721987164287c950d8483bdc22ff12b4871730997caa697c35b51377f62,0xe2ccf9d92e7e63b0d5d3a26f8db301ff2e72771c285d28d04f7bea58a197cc47,1718135896,0xd42f6a1634a3707e27cbae14ca966068e5d1047d,0x77b950dca59078f21cfa1a2e06d90a9bd8114f10,110024958657457359532038665777399264506271681375762791050970079862807455423716,0,500.0,17.0,0.0,YES,2024-06-11 19:58:16+00:00,SELL,17.0,500.0,0.034,0.034,0.966
0xfc584edb6652eb5cb3e0a268420e3cbf337ef90f685d68ea2450d1021566202b_0xf90a5d34a7d8730aea2e4619674b8d1a5cf0abea6e3e2f330929b2b95864f150,0xfc584edb6652eb5cb3e0a268420e3cbf337ef90f685d68ea2450d1021566202b,1718139352,0x9c88c0ad88b0c7dd929b0cf040abc9a46b2bc405,0xc5d563a36ae78145c45a50134d48a1215220f80a,110024958657457359532038665777399264506271681375762791050970079862807455423716,0,925.0,20.975,0.0,YES,2024-06-11 20:55:52+00:00,SELL,20.975,925.0,0.022675675675675678,0.022675675675675678,0.977324
0x6e47154e5044f5b73a450290ba6ff0c49bfc067de8625be0cf5815a5f10af184_0xf90a5d34a7d8730aea2e4619674b8d1a5cf0abea6e3e2f330929b2b95864f150,0x6e47154e5044f5b73a450290ba6ff0c49bfc067de8625be0cf5815a5f10af184,1718140878,0x9c88c0ad88b0c7dd929b0cf040abc9a46b2bc405,0x8b2250a0fd846086a9ccf4ecb0f358a251042e62,110024958657457359532038665777399264506271681375762791050970079862807455423716,0,680.0,14.96,0.0,YES,2024-06-11 21:21:18+00:00,SELL,14.96,680.0,0.022000000000000002,0.022000000000000002,0.978
0xfeed82b92e54c928a170459dfeef401277093fd41516c7047920ee0229093d4b_0xf90a5d34a7d8730aea2e4619674b8d1a5cf0abea6e3e2f330929b2b95864f150,0xfeed82b92e54c928a170459dfeef401277093fd41516c7047920ee0229093d4b,1718140988,0x9c88c0ad88b0c7dd929b0cf040abc9a46b2bc405,0xfc4629f1012aff5737f3885f1ba1a156e740f143,110024958657457359532038665777399264506271681375762791050970079862807455423716,0,100.0,2.2,0.0,YES,2024-06-11 21:23:08+00:00,SELL,2.2,100.0,0.022000000000000002,0.022000000000000002,0.978
0x60634b675c9adcc4589d04d44bf6838aae80083b29c03dd5f5828629d2be91d3_0x3127220e7aacaea806ba5f46acd6e4922b31b11489e899deaf8a9eea599a5371,0x60634b675c9adcc4589d04d44bf6838aae80083b29c03dd5f5828629d2be91d3,1718141058,0x40593160705d57383800c37765d774b1ff6ab2cb,0xaaf4acafbb7980ce93631d238eb10a5c4ca67883,0,110024958657457359532038665777399264506271681375762791050970079862807455423716,11.0,550.0,0.0,YES,2024-06-11 21:24:18+00:00,BUY,11.0,550.0,0.02,0.02,0.98
0x742e6ee17df0f31db98b994fbce252e9f88c035821fa6482a644f4d77b19bcd2_0x62ad4a78a7c9da2f53205b96161c029a5fce470a920cbc47cb4a9428d3d12b57,0x742e6ee17df0f31db98b994fbce252e9f88c035821fa6482a644f4d77b19bcd2,1718141120,0x9c88c0ad88b0c7dd929b0cf040abc9a46b2bc405,0xc5d563a36ae78145c45a50134d48a1215220f80a,110024958657457359532038665777399264506271681375762791050970079862807455423716,0,9022.0,145.374,0.0,YES,2024-06-11 21:25:20+00:00,SELL,145.374,9022.0,0.016113278652183552,0.016113278652183552,0.983887
0xb67c7862b4eb0bf2a48389356c9588c3562f875e0328afb7cb5e58b9de6aff0c_0x62ad4a78a7c9da2f53205b96161c029a5fce470a920cbc47cb4a9428d3d12b57,0xb67c7862b4eb0bf2a48389356c9588c3562f875e0328afb7cb5e58b9de6aff0c,1718141250,0x9c88c0ad88b0c7dd929b0cf040abc9a46b2bc405,0x8b2250a0fd846086a9ccf4ecb0f358a251042e62,110024958657457359532038665777399264506271681375762791050970079862807455423716,0,3125.0,50.0,0.0,YES,2024-06-11 21:27:30+00:00,SELL,50.0,3125.0,0.016,0.016,0.984
0xeae156dbb3dfa99065fb46e9c3593c6c80de8c0f5309d2cdd3a4af9d13b316a8_0x62ad4a78a7c9da2f53205b96161c029a5fce470a920cbc47cb4a9428d3d12b57,0xeae156dbb3dfa99065fb46e9c3593c6c80de8c0f5309d2cdd3a4af9d13b316a8,1718141578,0x9c88c0ad88b0c7dd929b0cf040abc9a46b2bc405,0x4af9a8cb605f2bb42b203ff3d3b920a391240e9e,110024958657457359532038665777399264506271681375762791050970079862807455423716,0,1250.0,20.0,0.0,YES,2024-06-11 21:32:58+00:00,SELL,20.0,1250.0,0.016,0.016,0.984
0xb6ad9293a7ebaeb25f36b1575412e5c13f095002236d9ff00a5294b93fa1c857_0x62ad4a78a7c9da2f53205b96161c029a5fce470a920cbc47cb4a9428d3d12b57,0xb6ad9293a7ebaeb25f36b1575412e5c13f095002236d9ff00a5294b93fa1c857,1718142498,0x9c88c0ad88b0c7dd929b0cf040abc9a46b2bc405,0x67430a12dcf1a219ff03ec620672920f3aac4ccb,110024958657457359532038665777399264506271681375762791050970079862807455423716,0,1187.5,19.0,0.0,YES,2024-06-11 21:48:18+00:00,SELL,19.0,1187.5,0.016,0.016,0.984
0x8a6d0978249eb7e9d84a49070538bbe66a4c406d83bd9bb13091c36580cf9cfa_0x62ad4a78a7c9da2f53205b96161c029a5fce470a920cbc47cb4a9428d3d12b57,0x8a6d0978249eb7e9d84a49070538bbe66a4c406d83bd9bb13091c36580cf9cfa,1718145236,0x9c88c0ad88b0c7dd929b0cf040abc9a46b2bc405,0xb125eb5d82606e2dc970cfc6b6041210fc7ccb78,110024958657457359532038665777399264506271681375762791050970079862807455423716,0,375.0,6.0,0.0,YES,2024-06-11 22:33:56+00:00,SELL,6.0,375.0,0.016,0.016,0.984
0xf593e1ac0b7c653a1c6ebb48b76802a24020db0d2f36b048b73135347e0abaad_0x62ad4a78a7c9da2f53205b96161c029a5fce470a920cbc47cb4a9428d3d12b57,0xf593e1ac0b7c653a1c6ebb48b76802a24020db0d2f36b048b73135347e0abaad,1718145948,0x9c88c0ad88b0c7dd929b0cf040abc9a46b2bc405,0x5094d822ad78408fb2ad117d9578a52fabac3ddf,110024958657457359532038665777399264506271681375762791050970079862807455423716,0,4375.0,70.0,0.0,YES,2024-06-11 22:45:48+00:00,SELL,70.0,4375.0,0.016,0.016,0.984
0x100d8e11ff806e27d556d1ff2b7a924dd9b39d1767c28e4b788158202b1dd0bc_0x62ad4a78a7c9da2f53205b96161c029a5fce470a920cbc47cb4a9428d3d12b57,0x100d8e11ff806e27d556d1ff2b7a924dd9b39d1767c28e4b788158202b1dd0bc,1718147238,0x9c88c0ad88b0c7dd929b0cf040abc9a46b2bc405,0x5094d822ad78408fb2ad117d9578a52fabac3ddf,110024958657457359532038665777399264506271681375762791050970079862807455423716,0,68.5,1.096,0.0,YES,2024-06-11 23:07:18+00:00,SELL,1.096,68.5,0.016,0.016,0.984
0xdbe469194ee500446187352067db0ccfa514eefa10b24f70cece6299c331c701_0xa6522b4e4b3b8f5aac3f703cc79251f16a647b84682139bb11287e27af09aed4,0xdbe469194ee500446187352067db0ccfa514eefa10b24f70cece6299c331c701,1718147260,0xd42f6a1634a3707e27cbae14ca966068e5d1047d,0x6b7ec4ba079c0a258435ea36025f6190cd424562,110024958657457359532038665777399264506271681375762791050970079862807455423716,0,8.31,0.1662,0.0,YES,2024-06-11 23:07:40+00:00,SELL,0.1662,8.31,0.019999999999999997,0.019999999999999997,0.98
0x0da03b978c3638de4f506f5fbff46868854dcd3cc14dd761d8efbbe73079718d_0x0653094eae8cd741f0e042d952e3a014fd37e0ca56e4d37d9846196a1eac373c,0x0da03b978c3638de4f506f5fbff46868854dcd3cc14dd761d8efbbe73079718d,1718148338,0xd42f6a1634a3707e27cbae14ca966068e5d1047d,0xf907ba3705b5b93c6c5a51c96d633669f631b582,110024958657457359532038665777399264506271681375762791050970079862807455423716,0,2000.0,56.0,0.0,YES,2024-06-11 23:25:38+00:00,SELL,56.0,2000.0,0.028,0.028,0.972
0x487211319084ac2f24ec3f823b8f69a090eafbf5608500407014028428500651_0xac04560db19767fd68ceb770a7ee0c5c9cf5bfd77fd993b3123b2bab6b471abe,0x487211319084ac2f24ec3f823b8f69a090eafbf5608500407014028428500651,1718152105,0xb3c18d1a6e43c2012a48060b462f74f2aac01ef7,0xc5d563a36ae78145c45a50134d48a1215220f80a,0,110024958657457359532038665777399264506271681375762791050970079862807455423716,56.28,2010.0,0.0,YES,2024-06-12 00:28:25+00:00,BUY,56.28,2010.0,0.028,0.028,0.972
0x7352f704d827dbd455caf81cba97802d4ccba426c0696e532c9d43499216710e_0x59cb77e9470ba9004c64a9a127c6522c84d14d9ebc697120b9d482a88de4a113,0x7352f704d827dbd455caf81cba97802d4ccba426c0696e532c9d43499216710e,1718152119,0x9d84ce0306f8551e02efef1680475fc0f1dc1344,0xb3c18d1a6e43c2012a48060b462f74f2aac01ef7,110024958657457359532038665777399264506271681375762791050970079862807455423716,0,3285.17,95.26993,0.0,YES,2024-06-12 00:28:39+00:00,SELL,95.26993,3285.17,0.029,0.029,0.971
0xe76806eb7e72a23dd46d101b936d4f76a2c48e925ec78799bf156cdc6b87eae2_0x483cfe486304e70594cafa741903fc35f36bdf179f6865da96031ba1f3ab016a,0xe76806eb7e72a23dd46d101b936d4f76a2c48e925ec78799bf156cdc6b87eae2,1718152517,0xd42f6a1634a3707e27cbae14ca966068e5d1047d,0xe81f8b97a9a622e96a9e8e1ce0fbad9c5ccb129d,110024958657457359532038665777399264506271681375762791050970079862807455423716,0,146.5625,4.69,0.0,YES,2024-06-12 00:35:17+00:00,SELL,4.69,146.5625,0.032,0.032,0.968
0xb91c6fb6a538978811495cb320df3a6f45c5a7e77e6f39c31a50474d102db9ee_0x274265a16d2759e8a5dd9f09e3e5ded3f502a2550999f4c08bfcf83353bb0b0a,0xb91c6fb6a538978811495cb320df3a6f45c5a7e77e6f39c31a50474d102db9ee,1718152751,0x6b7ec4ba079c0a258435ea36025f6190cd424562,0x8df1e8deb689ab43eea50151923fd04e6567d7fb,41923275653168802773722021577656941405318779178082176346555928498667069501442,0,10.0,9.8,0.0,NO,2024-06-12 00:39:11+00:00,SELL,9.8,10.0,0.9800000000000001,0.02,0.9800000000000001
0x4ba37f801636e9971f1c5ceeb73dcc4470223b6829d75729f8b860644c7ab5ab_0x483cfe486304e70594cafa741903fc35f36bdf179f6865da96031ba1f3ab016a,0x4ba37f801636e9971f1c5ceeb73dcc4470223b6829d75729f8b860644c7ab5ab,1718154163,0xd42f6a1634a3707e27cbae14ca966068e5d1047d,0x6a0e12be4ca2c308f4026100a0d0e63562662766,110024958657457359532038665777399264506271681375762791050970079862807455423716,0,584.375,18.7,0.0,YES,2024-06-12 01:02:43+00:00,SELL,18.7,584.375,0.032,0.032,0.968
0x84cd4d0006f635054e81ce2a58948f585124b36aad1d91918f20ff6cec4602ea_0x483cfe486304e70594cafa741903fc35f36bdf179f6865da96031ba1f3ab016a,0x84cd4d0006f635054e81ce2a58948f585124b36aad1d91918f20ff6cec4602ea,1718154345,0xd42f6a1634a3707e27cbae14ca966068e5d1047d,0x317600566140071b93351e549871b613a03ab725,110024958657457359532038665777399264506271681375762791050970079862807455423716,0,269.05,8.6096,0.0,YES,2024-06-12 01:05:45+00:00,SELL,8.6096,269.05,0.032,0.032,0.968
0x92fe5567a9651b8610d49ca0b80e27a0e9d3bd693b9072d738a2bfedf66761c5_0x0a5851554138da86f27e9fe6b72643bb913c99c9d59992b99f893e32254957fa,0x92fe5567a9651b8610d49ca0b80e27a0e9d3bd693b9072d738a2bfedf66761c5,1718154585,0x9c18942db31b99ef26c96b36b8040d70615f49ef,0xc5d563a36ae78145c45a50134d48a1215220f80a,0,110024958657457359532038665777399264506271681375762791050970079862807455423716,3.3,100.0,0.0,YES,2024-06-12 01:09:45+00:00,BUY,3.3,100.0,0.033,0.033,0.967
0xe3cee4961bacc3ea77ddfc61d82966a38531ebaa5db9f85cfab59dd2eb2728cd_0xc63bca8c917b14f555ae4b7935e611a67937b02b1dc19c3d3429af04eb02c056,0xe3cee4961bacc3ea77ddfc61d82966a38531ebaa5db9f85cfab59dd2eb2728cd,1718155925,0x3cf3e8d5427aed066a7a5926980600f6c3cf87b3,0xc5d563a36ae78145c45a50134d48a1215220f80a,110024958657457359532038665777399264506271681375762791050970079862807455423716,0,181.69,3.6338,0.0,YES,2024-06-12 01:32:05+00:00,SELL,3.6338,181.69,0.02,0.02,0.98
0x737dce4e2c696c2f7eda97c5c34c8977a00a6c055063e8e703125fa6b1197f09_0xf767396c8e41188c65d70ead994dae6455228ab80d0797e59360801e92b8f04d,0x737dce4e2c696c2f7eda97c5c34c8977a00a6c055063e8e703125fa6b1197f09,1718157959,0x3cf3e8d5427aed066a7a5926980600f6c3cf87b3,0x43372356634781eea88d61bbdd7824cdce958882,110024958657457359532038665777399264506271681375762791050970079862807455423716,0,444.0,13.764,0.0,YES,2024-06-12 02:05:59+00:00,SELL,13.764,444.0,0.031,0.031,0.969
0x2132ac72a767d66eab63e6deb8f60c89e8986af098a115d9ae35f27fc2b3f5bc_0x44979f8fca980357ae26c8028cf76124631853c3e9017ecf038c96a59735c855,0x2132ac72a767d66eab63e6deb8f60c89e8986af098a115d9ae35f27fc2b3f5bc,1718157971,0x07d4245464dc4fa05d0b3f084d82482462dc8991,0x43372356634781eea88d61bbdd7824cdce958882,110024958657457359532038665777399264506271681375762791050970079862807455423716,0,500.0,19.0,0.0,YES,2024-06-12 02:06:11+00:00,SELL,19.0,500.0,0.038,0.038,0.962
0x0cd59ac3d34003fcfced3548a77a518a81398f7ad11cc3f2715e004419e2257f_0xe038c1395372a3495b5efe0ac110c528793983719ddec72bed8513215f04172e,0x0cd59ac3d34003fcfced3548a77a518a81398f7ad11cc3f2715e004419e2257f,1718158644,0x3077107aec4fdb39386b1513dfbed2b088ea02b3,0xc5d563a36ae78145c45a50134d48a1215220f80a,0,110024958657457359532038665777399264506271681375762791050970079862807455423716,7.04,235.0,0.0,YES,2024-06-12 02:17:24+00:00,BUY,7.04,235.0,0.02995744680851064,0.02995744680851064,0.970043
0xec340d9c7c0393a19d4813c99ca357408d7be2245da258e4253a26c348c8519b_0x97f8a9f8db10a8fa44ac3b12c141e074087851cb2314041519a69febf6784384,0xec340d9c7c0393a19d4813c99ca357408d7be2245da258e4253a26c348c8519b,1718159096,0x07d4245464dc4fa05d0b3f084d82482462dc8991,0x5b50155bf8bfb7ff5d2f2a2738e0a1cd707150e4,110024958657457359532038665777399264506271681375762791050970079862807455423716,0,10.0,0.4,0.0,YES,2024-06-12 02:24:56+00:00,SELL,0.4,10.0,0.04,0.04,0.96
0x7f81b6c052c1bec123999f82b6dd6242c82c17a9012400b5df96f331a3cecdd7_0x8f3a0cc331f8fceeee7d55f364928f9ffe3f0eba37bbe118733a43ea8d596410,0x7f81b6c052c1bec123999f82b6dd6242c82c17a9012400b5df96f331a3cecdd7,1718161340,0xd42f6a1634a3707e27cbae14ca966068e5d1047d,0x17e4b0543f1de98ad29d6486bdd7d14ceb754034,0,110024958657457359532038665777399264506271681375762791050970079862807455423716,0.060913,4.060866,0.0,YES,2024-06-12 03:02:20+00:00,BUY,0.060913,4.060866,0.01500000246252893,0.01500000246252893,0.985
0x22f5dcb31207bfe881a26b821b6fac67840180a6f71589e52ac2155acfe87f9e_0x885dd06ef26bfc56abaa6efad69c2d5ead9833edf784fcf129439915b5d880a9,0x22f5dcb31207bfe881a26b821b6fac67840180a6f71589e52ac2155acfe87f9e,1718165846,0x217f299f2491ef068b2be09a88736c48085a1f87,0xc5d563a36ae78145c45a50134d48a1215220f80a,0,110024958657457359532038665777399264506271681375762791050970079862807455423716,4.99,125.0,0.0,YES,2024-06-12 04:17:26+00:00,BUY,4.99,125.0,0.039920000000000004,0.039920000000000004,0.96008
0xdcafb1f01e9d3eb32b9a55a313c46b30fa6d3014b8231d3fa183a1cf230eb00a_0x3e659680b82fd76be4d148b35537e5cf20528deb576d320b691324eac6117143,0xdcafb1f01e9d3eb32b9a55a313c46b30fa6d3014b8231d3fa183a1cf230eb00a,1718166037,0xd42f6a1634a3707e27cbae14ca966068e5d1047d,0x217f299f2491ef068b2be09a88736c48085a1f87,110024958657457359532038665777399264506271681375762791050970079862807455423716,0,400.0,19.6,0.0,YES,2024-06-12 04:20:37+00:00,SELL,19.6,400.0,0.049,0.049,0.951
0xea4d6767c00cf4a8605efaf6f07471e17e2f2032f3a3996e0e75a54ee5030855_0xc66f7f426b1f6500cfe75c2885ad2adc8052556e9dcd9ba2ac7b6c6f80f0ee63,0xea4d6767c00cf4a8605efaf6f07471e17e2f2032f3a3996e0e75a54ee5030855,1718172523,0x282e0c34ae032004f903cd352ff7b7fffc7200f3,0xc5d563a36ae78145c45a50134d48a1215220f80a,110024958657457359532038665777399264506271681375762791050970079862807455423716,0,1000.0,30.0,0.0,YES,2024-06-12 06:08:43+00:00,SELL,30.0,1000.0,0.03,0.03,0.97
0x1cb7eb818cec818cb4ac9b3e7de34db2f27baf741d21415b84213dfc1ed921b0_0x95189069a061aa52118bd172d58b1281fe56ecf1611610d139ecc9a405447475,0x1cb7eb818cec818cb4ac9b3e7de34db2f27baf741d21415b84213dfc1ed921b0,1718175711,0x07d4245464dc4fa05d0b3f084d82482462dc8991,0x6b5620ae4bdc65c2088e03e9b9bb741d4cd95fdf,110024958657457359532038665777399264506271681375762791050970079862807455423716,0,478.571427,16.749999,0.0,YES,2024-06-12 07:01:51+00:00,SELL,16.749999,478.571427,0.034999998025373125,0.034999998025373125,0.965
0xc056095a4522c0ba963cb17e3c57f7e196b31a0ba8f83a69036ccef887171a3a_0x645d2fbbb9008f08de8c309e48f74735e7b7781c528fcacd1d53cb7c23086ab3,0xc056095a4522c0ba963cb17e3c57f7e196b31a0ba8f83a69036ccef887171a3a,1718175983,0x9c88c0ad88b0c7dd929b0cf040abc9a46b2bc405,0xc5d563a36ae78145c45a50134d48a1215220f80a,110024958657457359532038665777399264506271681375762791050970079862807455423716,0,1263.6,34.09,0.0,YES,2024-06-12 07:06:23+00:00,SELL,34.09,1263.6,0.026978474200696427,0.026978474200696427,0.973022
0x32684387ef3b81e161fcff2e6d0439c0feed9e4a8f5a86a32de4680673b49565_0xc8f4f17d331bb23b10f0d716b4292ae0f09c541ff9ac4aabc6f5a6b0c541d771,0x32684387ef3b81e161fcff2e6d0439c0feed9e4a8f5a86a32de4680673b49565,1718185372,0x07d4245464dc4fa05d0b3f084d82482462dc8991,0x8df1e8deb689ab43eea50151923fd04e6567d7fb,0,110024958657457359532038665777399264506271681375762791050970079862807455423716,0.25,10.0,0.0,YES,2024-06-12 09:42:52+00:00,BUY,0.25,10.0,0.025,0.025,0.975
0x6b76606abd86d04c4e0fd0e49067294e7ca0b22e4c8abe3f378b911a3d272cc0_0xc8f4f17d331bb23b10f0d716b4292ae0f09c541ff9ac4aabc6f5a6b0c541d771,0x6b76606abd86d04c4e0fd0e49067294e7ca0b22e4c8abe3f378b911a3d272cc0,1718185372,0x07d4245464dc4fa05d0b3f084d82482462dc8991,0x59ee6c6a56d7b00223f0c30f8002c4df762b684d,0,110024958657457359532038665777399264506271681375762791050970079862807455423716,5.0,200.0,0.0,YES,2024-06-12 09:42:52+00:00,BUY,5.0,200.0,0.025,0.025,0.975
0xcbd372cffcd626ed9231ab189d9bcaa12e8a9eac55dcf6ffc43940676ad51eae_0x979a90476aa4affe55faa12f6767c8057539dde01e9b008e72394aefeeaa1c5f,0xcbd372cffcd626ed9231ab189d9bcaa12e8a9eac55dcf6ffc43940676ad51eae,1718186610,0x8f23aead02f055b69c7f7db51a2d74187bb2c7d0,0xc5d563a36ae78145c45a50134d48a1215220f80a,0,110024958657457359532038665777399264506271681375762791050970079862807455423716,5.87,210.0,0.0,YES,2024-06-12 10:03:30+00:00,BUY,5.87,210.0,0.027952380952380954,0.027952380952380954,0.972048
0x1c4af2538a3018ee0bb7ded4e0c95f2a23ceca2357a1832e6b949044f702d09b_0xc5c42250e7d06ca6841181003bdd5ebd6e77db2a5c775f665934db343f14c325,0x1c4af2538a3018ee0bb7ded4e0c95f2a23ceca2357a1832e6b949044f702d09b,1718186944,0x3e67887ebc4806c3ae64a66c668d5d8d1c72ab6e,0xc5d563a36ae78145c45a50134d48a1215220f80a,0,110024958657457359532038665777399264506271681375762791050970079862807455423716,0.26,10.0,0.0,YES,2024-06-12 10:09:04+00:00,BUY,0.26,10.0,0.026000000000000002,0.026000000000000002,0.974
0x03b5798e2a723334684fb542ad53939eedd423eec1e00305947073b4f5359cd7_0x6b46117c239e60e3c6292d3be626525d2c1bfd951d2e71e1fdcdcadf7cb52dc1,0x03b5798e2a723334684fb542ad53939eedd423eec1e00305947073b4f5359cd7,1718187888,0x0ea2cf96ca65c82797a41b0b95e2a64bfb983177,0xc5d563a36ae78145c45a50134d48a1215220f80a,0,110024958657457359532038665777399264506271681375762791050970079862807455423716,87.0,3000.0,0.0,YES,2024-06-12 10:24:48+00:00,BUY,87.0,3000.0,0.029,0.029,0.971
0x957d96667ce309015957e2efc923af2be1bc196f1dee0cd4bc250267a66a5e09_0xa5ce9345d6b36be13826fd596f187fd0974171c102522005c03bd4a173393f23,0x957d96667ce309015957e2efc923af2be1bc196f1dee0cd4bc250267a66a5e09,1718187908,0x07d4245464dc4fa05d0b3f084d82482462dc8991,0x0ea2cf96ca65c82797a41b0b95e2a64bfb983177,110024958657457359532038665777399264506271681375762791050970079862807455423716,0,500.0,15.0,0.0,YES,2024-06-12 10:25:08+00:00,SELL,15.0,500.0,0.03,0.03,0.97
0xe2b2af87fe76d02119551ff238d0a8bc78d4bba627aed2c11ea44df8309d8978_0x95189069a061aa52118bd172d58b1281fe56ecf1611610d139ecc9a405447475,0xe2b2af87fe76d02119551ff238d0a8bc78d4bba627aed2c11ea44df8309d8978,1718187922,0x07d4245464dc4fa05d0b3f084d82482462dc8991,0x0ea2cf96ca65c82797a41b0b95e2a64bfb983177,110024958657457359532038665777399264506271681375762791050970079862807455423716,0,11.42,0.3997,0.0,YES,2024-06-12 10:25:22+00:00,SELL,0.3997,11.42,0.035,0.035,0.965
0x5b1bf8ca3e1ce1605c072bb60e78584f0dee1045eecceb839ee9face0ff0b564_0x0f939a010d28a4bea16da3cd878dcfc174647c2ffa14f6921a52f1b70ae1fcf1,0x5b1bf8ca3e1ce1605c072bb60e78584f0dee1045eecceb839ee9face0ff0b564,1718190274,0x07d4245464dc4fa05d0b3f084d82482462dc8991,0x80c6401d9d3f7a43b2083a3ee5d4e88198e24d8a,110024958657457359532038665777399264506271681375762791050970079862807455423716,0,1000.0,50.0,0.0,YES,2024-06-12 11:04:34+00:00,SELL,50.0,1000.0,0.05,0.05,0.95
0xd64e356ea2572ea1560b8a4626395e1e4bcfbb558f579ff5d674cf90d6a0d61c_0x5fe4e064014b3ee1567958a042b0f88b2ba684c4a5eb268a74edf0efc5b8a29d,0xd64e356ea2572ea1560b8a4626395e1e4bcfbb558f579ff5d674cf90d6a0d61c,1718191352,0x07d4245464dc4fa05d0b3f084d82482462dc8991,0x59ee6c6a56d7b00223f0c30f8002c4df762b684d,0,110024958657457359532038665777399264506271681375762791050970079862807455423716,2.6964,96.3,0.0,YES,2024-06-12 11:22:32+00:00,BUY,2.6964,96.3,0.028,0.028,0.972
0x3de125564ee40f74023968c53ee8894da83dc0a30d5add23cba01bdf6517ffc7_0xa9ce7b3208047fca6ce5e93e1c03ade7f09fb2a5a9ed5fad53b69e2925e793e4,0x3de125564ee40f74023968c53ee8894da83dc0a30d5add23cba01bdf6517ffc7,1718191352,0x07d4245464dc4fa05d0b3f084d82482462dc8991,0x8df1e8deb689ab43eea50151923fd04e6567d7fb,0,110024958657457359532038665777399264506271681375762791050970079862807455423716,0.29,10.0,0.0,YES,2024-06-12 11:22:32+00:00,BUY,0.29,10.0,0.028999999999999998,0.028999999999999998,0.971
0x5a832e7d1e3fdfc7c43e01afce7056a37a25b03c4d5b1004b5aec1aa7c30b5bd_0x5fe4e064014b3ee1567958a042b0f88b2ba684c4a5eb268a74edf0efc5b8a29d,0x5a832e7d1e3fdfc7c43e01afce7056a37a25b03c4d5b1004b5aec1aa7c30b5bd,1718191732,0x07d4245464dc4fa05d0b3f084d82482462dc8991,0x3cf3e8d5427aed066a7a5926980600f6c3cf87b3,0,110024958657457359532038665777399264506271681375762791050970079862807455423716,2.9036,103.7,0.0,YES,2024-06-12 11:28:52+00:00,BUY,2.9036,103.7,0.027999999999999997,0.027999999999999997,0.972
0xf1a3611f73fed175745da9b854aad18b2e8f79b7cf21874932dbd0eaf9ddae10_0xc5c42250e7d06ca6841181003bdd5ebd6e77db2a5c775f665934db343f14c325,0xf1a3611f73fed175745da9b854aad18b2e8f79b7cf21874932dbd0eaf9ddae10,1718191744,0x3e67887ebc4806c3ae64a66c668d5d8d1c72ab6e,0x3cf3e8d5427aed066a7a5926980600f6c3cf87b3,0,110024958657457359532038665777399264506271681375762791050970079862807455423716,0.26,10.0,0.0,YES,2024-06-12 11:29:04+00:00,BUY,0.26,10.0,0.026000000000000002,0.026000000000000002,0.974
0x333355e615f682611b4b55a083d6b00d6e1f07e045dcbc10c23e52403518fb36_0xc8f4f17d331bb23b10f0d716b4292ae0f09c541ff9ac4aabc6f5a6b0c541d771,0x333355e615f682611b4b55a083d6b00d6e1f07e045dcbc10c23e52403518fb36,1718192738,0x07d4245464dc4fa05d0b3f084d82482462dc8991,0x474e3439d1a3d9ee86d9dd651bb1c60550662aed,0,110024958657457359532038665777399264506271681375762791050970079862807455423716,0.030769,1.23076,0.0,YES,2024-06-12 11:45:38+00:00,BUY,0.030769,1.23076,0.024999999999999998,0.024999999999999998,0.975
0xd937f8f7592e77c722558c5bee0062d34485a9608b2f2c2f9472312657e69c19_0xc8f4f17d331bb23b10f0d716b4292ae0f09c541ff9ac4aabc6f5a6b0c541d771,0xd937f8f7592e77c722558c5bee0062d34485a9608b2f2c2f9472312657e69c19,1718195032,0x07d4245464dc4fa05d0b3f084d82482462dc8991,0x59ee6c6a56d7b00223f0c30f8002c4df762b684d,0,110024958657457359532038665777399264506271681375762791050970079862807455423716,0.25675,10.27,0.0,YES,2024-06-12 12:23:52+00:00,BUY,0.25675,10.27,0.024999999999999998,0.024999999999999998,0.975
0xbb5ea1e4637b419365f3f683574537a8a2f8b794fe56aa8072976a949453734a_0x43fdba833f547d4be62d31b836d0881fd81b66208ba5a76f05161e8739192951,0xbb5ea1e4637b419365f3f683574537a8a2f8b794fe56aa8072976a949453734a,1718195346,0x26e5bb9ce5692da3d24bfa87d1bda12cc49144ba,0xc5d563a36ae78145c45a50134d48a1215220f80a,0,110024958657457359532038665777399264506271681375762791050970079862807455423716,1.999999,51.28205,0.0,YES,2024-06-12 12:29:06+00:00,BUY,1.999999,51.28205,0.03899998147499954,0.03899998147499954,0.961
0xea69779aff24b399a55c380c23b9569d040dd42c39dc38ab4a7ba763a24c1e64_0x5f3720dd157baba5a600640860ded57b9653892406cf5298c6f9bd225c8546bd,0xea69779aff24b399a55c380c23b9569d040dd42c39dc38ab4a7ba763a24c1e64,1718196165,0x07d4245464dc4fa05d0b3f084d82482462dc8991,0xc5d563a36ae78145c45a50134d48a1215220f80a,110024958657457359532038665777399264506271681375762791050970079862807455423716,0,1000.0,16.332,0.0,YES,2024-06-12 12:42:45+00:00,SELL,16.332,1000.0,0.016332,0.016332,0.983668
0xcdb05304fea69892b776585cffb31aaef58066c556ffcbf052c5dd6fc9eba7c4_0x54f035f1b6514ca5348d8019df847d638d830245d684af3405f0a9c0e7005140,0xcdb05304fea69892b776585cffb31aaef58066c556ffcbf052c5dd6fc9eba7c4,1718196697,0x07d4245464dc4fa05d0b3f084d82482462dc8991,0x6afef588a2674faeadbccb6ff7f0c4a00bb1b293,110024958657457359532038665777399264506271681375762791050970079862807455423716,0,33.333332,0.999999,0.0,YES,2024-06-12 12:51:37+00:00,SELL,0.999999,33.333332,0.029999971199998848,0.029999971199998848,0.97
0x43df402c07a6d6b8feccc376644e224b3fea400bd89e5c81ad538a38e99e72d6_0x54f035f1b6514ca5348d8019df847d638d830245d684af3405f0a9c0e7005140,0x43df402c07a6d6b8feccc376644e224b3fea400bd89e5c81ad538a38e99e72d6,1718197703,0x07d4245464dc4fa05d0b3f084d82482462dc8991,0xb3756ec8ddda2164ca8bc63a89dd4e4e6ed9f802,110024958657457359532038665777399264506271681375762791050970079862807455423716,0,966.66,28.9998,0.0,YES,2024-06-12 13:08:23+00:00,SELL,28.9998,966.66,0.030000000000000002,0.030000000000000002,0.97
0x6fa2dc2d3a62c1c3a0e306cac1c0d02bc7317cbaa1035419a710df97dab86831_0x15901d8f2ef39337a458fe731462fdd51405c26e3f7592efa4b7549828731d67,0x6fa2dc2d3a62c1c3a0e306cac1c0d02bc7317cbaa1035419a710df97dab86831,1718198377,0x07d4245464dc4fa05d0b3f084d82482462dc8991,0x80c6401d9d3f7a43b2083a3ee5d4e88198e24d8a,110024958657457359532038665777399264506271681375762791050970079862807455423716,0,1000.0,40.0,0.0,YES,2024-06-12 13:19:37+00:00,SELL,40.0,1000.0,0.04,0.04,0.96
0xd366d7f28f0ebf383778250c1501c64ee02713db9d38b62ea6fe3b23dfa53309_0x75c50f5f515680a9ff7f1d12d2c4b739216fbe5be741467e1021bbdcb84a4425,0xd366d7f28f0ebf383778250c1501c64ee02713db9d38b62ea6fe3b23dfa53309,1718200383,0x71ed0bc95433cdf1be29f43219725fce9addd9eb,0x59ee6c6a56d7b00223f0c30f8002c4df762b684d,41923275653168802773722021577656941405318779178082176346555928498667069501442,0,200.0,193.0,0.0,NO,2024-06-12 13:53:03+00:00,SELL,193.0,200.0,0.965,0.035,0.965
0xde0392beb38f23faf7a320f0678ab12f521a4f733df90eb6e9d9182e3d4614ff_0x75c50f5f515680a9ff7f1d12d2c4b739216fbe5be741467e1021bbdcb84a4425,0xde0392beb38f23faf7a320f0678ab12f521a4f733df90eb6e9d9182e3d4614ff,1718200461,0x71ed0bc95433cdf1be29f43219725fce9addd9eb,0x59ee6c6a56d7b00223f0c30f8002c4df762b684d,41923275653168802773722021577656941405318779178082176346555928498667069501442,0,200.0,193.0,0.0,NO,2024-06-12 13:54:21+00:00,SELL,193.0,200.0,0.965,0.035,0.965
0x5e336e916b730064844cfb86a099151a8dcc4f69e167e217845eb481b7e9f278_0x75c50f5f515680a9ff7f1d12d2c4b739216fbe5be741467e1021bbdcb84a4425,0x5e336e916b730064844cfb86a099151a8dcc4f69e167e217845eb481b7e9f278,1718200549,0x71ed0bc95433cdf1be29f43219725fce9addd9eb,0x59ee6c6a56d7b00223f0c30f8002c4df762b684d,41923275653168802773722021577656941405318779178082176346555928498667069501442,0,200.0,193.0,0.0,NO,2024-06-12 13:55:49+00:00,SELL,193.0,200.0,0.965,0.035,0.965
0x4786605932e39d61dcb663907cec68bb7dc93c67ccb9505649ccde7a349b0667_0x75c50f5f515680a9ff7f1d12d2c4b739216fbe5be741467e1021bbdcb84a4425,0x4786605932e39d61dcb663907cec68bb7dc93c67ccb9505649ccde7a349b0667,1718200561,0x71ed0bc95433cdf1be29f43219725fce9addd9eb,0x59ee6c6a56d7b00223f0c30f8002c4df762b684d,41923275653168802773722021577656941405318779178082176346555928498667069501442,0,200.0,193.0,0.0,NO,2024-06-12 13:56:01+00:00,SELL,193.0,200.0,0.965,0.035,0.965
0x2e2622b9f31b031d247402a78807aa9650f0ef234b066d6c9440ca789d6c73fc_0x75c50f5f515680a9ff7f1d12d2c4b739216fbe5be741467e1021bbdcb84a4425,0x2e2622b9f31b031d247402a78807aa9650f0ef234b066d6c9440ca789d6c73fc,1718200583,0x71ed0bc95433cdf1be29f43219725fce9addd9eb,0x3cf3e8d5427aed066a7a5926980600f6c3cf87b3,41923275653168802773722021577656941405318779178082176346555928498667069501442,0,222.0,214.23,0.0,NO,2024-06-12 13:56:23+00:00,SELL,214.23,222.0,0.965,0.035,0.965
0x7b3bd7bfb096c72630afd1891415ae9ca0a348fa478ff6ff08485a91213667bf_0x75c50f5f515680a9ff7f1d12d2c4b739216fbe5be741467e1021bbdcb84a4425,0x7b3bd7bfb096c72630afd1891415ae9ca0a348fa478ff6ff08485a91213667bf,1718200603,0x71ed0bc95433cdf1be29f43219725fce9addd9eb,0x3cf3e8d5427aed066a7a5926980600f6c3cf87b3,41923275653168802773722021577656941405318779178082176346555928498667069501442,0,978.0,943.77,0.0,NO,2024-06-12 13:56:43+00:00,SELL,943.77,978.0,0.965,0.035,0.965
0x8437b8694954c615545f91e63ea96099a8026f66291131f25f71744f1c21867c_0xbd35db6ae68da81e329de67c2758481fd2260bb04abed47b2b4986094c07a19f,0x8437b8694954c615545f91e63ea96099a8026f66291131f25f71744f1c21867c,1718200654,0xde242261bcd8d4320113f12230da34d705ca25a8,0x71e11e0fc20a2adf27026fbf8674b38f8ff945f0,0,110024958657457359532038665777399264506271681375762791050970079862807455423716,1.125,45.0,0.0,YES,2024-06-12 13:57:34+00:00,BUY,1.125,45.0,0.025,0.025,0.975
0xb833aece3eca139bf2870fa0c0f964f226ff0bf786878206a10bce82543512d3_0x98c061ea55f9906ce0fe35b74778a6bc84e1ca5614386b3f0f96f5ee9de3bb74,0xb833aece3eca139bf2870fa0c0f964f226ff0bf786878206a10bce82543512d3,1718200654,0x6b7ec4ba079c0a258435ea36025f6190cd424562,0x71e11e0fc20a2adf27026fbf8674b38f8ff945f0,41923275653168802773722021577656941405318779178082176346555928498667069501442,0,200.0,194.8,0.0,NO,2024-06-12 13:57:34+00:00,SELL,194.8,200.0,0.9740000000000001,0.026,0.9740000000000001
0xb688a0c550468b36c5eca07f9349c93a125a47c1c576a7fea59e491cbab2ba6b_0xbd35db6ae68da81e329de67c2758481fd2260bb04abed47b2b4986094c07a19f,0xb688a0c550468b36c5eca07f9349c93a125a47c1c576a7fea59e491cbab2ba6b,1718200660,0xde242261bcd8d4320113f12230da34d705ca25a8,0x71e11e0fc20a2adf27026fbf8674b38f8ff945f0,0,110024958657457359532038665777399264506271681375762791050970079862807455423716,5.0,200.0,0.0,YES,2024-06-12 13:57:40+00:00,BUY,5.0,200.0,0.025,0.025,0.975
0x732911dab8a52c183bcd7df8787df1d1847a6b744f47add90f1f8bd18fdbfd8a_0xbd35db6ae68da81e329de67c2758481fd2260bb04abed47b2b4986094c07a19f,0x732911dab8a52c183bcd7df8787df1d1847a6b744f47add90f1f8bd18fdbfd8a,1718200660,0xde242261bcd8d4320113f12230da34d705ca25a8,0x71e11e0fc20a2adf27026fbf8674b38f8ff945f0,0,110024958657457359532038665777399264506271681375762791050970079862807455423716,10.0,400.0,0.0,YES,2024-06-12 13:57:40+00:00,BUY,10.0,400.0,0.025,0.025,0.975
0x72e350958d4d3e49d328d482dcdd20e17b56e6e7354b6202e6113f5e7730cb3f_0xbd35db6ae68da81e329de67c2758481fd2260bb04abed47b2b4986094c07a19f,0x72e350958d4d3e49d328d482dcdd20e17b56e6e7354b6202e6113f5e7730cb3f,1718200662,0xde242261bcd8d4320113f12230da34d705ca25a8,0x3cf3e8d5427aed066a7a5926980600f6c3cf87b3,0,110024958657457359532038665777399264506271681375762791050970079862807455423716,25.0,1000.0,0.0,YES,2024-06-12 13:57:42+00:00,BUY,25.0,1000.0,0.025,0.025,0.975
0x22b441e37fd8a97ca6c1e97b79e7994fb914cd1c4470285723b4cb3a60d5e52c_0x97b89c75e88f87e5cde8355437b9d3c10d112bcadf14d62a510246d9f1909cb7,0x22b441e37fd8a97ca6c1e97b79e7994fb914cd1c4470285723b4cb3a60d5e52c,1718200974,0xd41871b3382f92cf51d9f653ba7f60e6288e3d83,0xc5d563a36ae78145c45a50134d48a1215220f80a,0,110024958657457359532038665777399264506271681375762791050970079862807455423716,48.979999,1098.565216,0.0,YES,2024-06-12 14:02:54+00:00,BUY,48.979999,1098.565216,0.04458542677906889,0.04458542677906889,0.955415
0x52a6a72b2289c00ab6b80eb28f59fd96cab553ce578796fc268ecd2a821576a8_0xbace517a3a465db466b3bf5a62447b8770be423c4f31f0f89f0bed69fd665260,0x52a6a72b2289c00ab6b80eb28f59fd96cab553ce578796fc268ecd2a821576a8,1718201468,0xf6129c47f5ef4cab25f3aa67b5e3aaac77b15700,0xc5d563a36ae78145c45a50134d48a1215220f80a,110024958657457359532038665777399264506271681375762791050970079862807455423716,0,205.0,9.43,0.0,YES,2024-06-12 14:11:08+00:00,SELL,9.43,205.0,0.046,0.046,0.954
0x30eaf1d1e2020dd29805c732a8c280565a1e110d01a320f95926c837ed24664d_0xd8121a3ee4242bd11491f1563b9c0deadb1844ea765568c75f30cb43989d0bb0,0x30eaf1d1e2020dd29805c732a8c280565a1e110d01a320f95926c837ed24664d,1718201632,0x07d4245464dc4fa05d0b3f084d82482462dc8991,0xd2f489f0ef59e9ef9e26fff70379454297c726d0,110024958657457359532038665777399264506271681375762791050970079862807455423716,0,208.333332,9.999999,0.0,YES,2024-06-12 14:13:52+00:00,SELL,9.999999,208.333332,0.04799999550719997,0.04799999550719997,0.952
0xaba119441c76bab42e1ccd8b792d882d52ee419b5d70f81ffaa8094eca3b871f_0x1fc46de7b9ae80f0a8019b90ff884756f877749e1677a49aab070798b05898ac,0xaba119441c76bab42e1ccd8b792d882d52ee419b5d70f81ffaa8094eca3b871f,1718201646,0x6b7ec4ba079c0a258435ea36025f6190cd424562,0x7281d7a0d627f064bc560082fd919d13e5a8eb42,41923275653168802773722021577656941405318779178082176346555928498667069501442,0,7.337525,6.999998,0.0,NO,2024-06-12 14:14:06+00:00,SELL,6.999998,7.337525,0.9539998841571238,0.046,0.9539998841571238
0x27457e60cebba77d5e0bc0a5004590cd8fadeae0049b3479fe57040f0b4fad23_0x1fc46de7b9ae80f0a8019b90ff884756f877749e1677a49aab070798b05898ac,0x27457e60cebba77d5e0bc0a5004590cd8fadeae0049b3479fe57040f0b4fad23,1718202058,0x6b7ec4ba079c0a258435ea36025f6190cd424562,0xbfa012df3d90a048ff7b9f01fd93a6b2459e75c9,41923275653168802773722021577656941405318779178082176346555928498667069501442,0,83.857441,79.999998,0.0,NO,2024-06-12 14:20:58+00:00,SELL,79.999998,83.857441,0.95399999148555,0.046,0.95399999148555
0xe983124f9fd742ebe20c110002fedf1f7fe697298ab0beb3e7d3f7d745775c50_0xcd64987719316f2666224b1424b713bd8ae81f12250b055ce185a7b4a32b2fa7,0xe983124f9fd742ebe20c110002fedf1f7fe697298ab0beb3e7d3f7d745775c50,1718203245,0xdfa0ec55a2c2a48b6e5af3235a7ef6251c9a32c5,0xc5d563a36ae78145c45a50134d48a1215220f80a,0,110024958657457359532038665777399264506271681375762791050970079862807455423716,19.999999,444.444443,0.0,YES,2024-06-12 14:40:45+00:00,BUY,19.999999,444.444443,0.04499999789624999,0.04499999789624999,0.955
0x239432d96856e08225cead593cb21998c85bc7ffec2750c0984e5288e06ad605_0x087e122dc8bf2ac62cec877a64401a7df5352cf7c3d1279b261e9f5c331e605f,0x239432d96856e08225cead593cb21998c85bc7ffec2750c0984e5288e06ad605,1718203275,0x65abaac57a7095d7f88b073a26b5f8f2f4cb273d,0xc5d563a36ae78145c45a50134d48a1215220f80a,0,110024958657457359532038665777399264506271681375762791050970079862807455423716,88.0,1960.0,0.0,YES,2024-06-12 14:41:15+00:00,BUY,88.0,1960.0,0.044897959183673466,0.044897959183673466,0.955102
0x090df259b86c0c26f2008a0c8deee2bfdb297eeb580ff8d52942044c9de832b3_0x2f2d331162db51f0300e4599f5eea919def64b86bd4d543316d1bc7c90927430,0x090df259b86c0c26f2008a0c8deee2bfdb297eeb580ff8d52942044c9de832b3,1718203685,0xdfa0ec55a2c2a48b6e5af3235a7ef6251c9a32c5,0xc5d563a36ae78145c45a50134d48a1215220f80a,0,110024958657457359532038665777399264506271681375762791050970079862807455423716,9.999999,222.222221,0.0,YES,2024-06-12 14:48:05+00:00,BUY,9.999999,222.222221,0.04499999574749998,0.04499999574749998,0.955
0xb6eff1b11d010a72bf6902dc6fe5c9d0695362a6102d8f0ba33ed55e5b4a65c8_0xbd35db6ae68da81e329de67c2758481fd2260bb04abed47b2b4986094c07a19f,0xb6eff1b11d010a72bf6902dc6fe5c9d0695362a6102d8f0ba33ed55e5b4a65c8,1718203711,0xde242261bcd8d4320113f12230da34d705ca25a8,0x66797bc0f51b88c85fc92011750c43c247810add,0,110024958657457359532038665777399264506271681375762791050970079862807455423716,2.487179,99.48716,0.0,YES,2024-06-12 14:48:31+00:00,BUY,2.487179,99.48716,0.024999999999999998,0.024999999999999998,0.975
0xab55a5fc08793691e488d5fc802abbee848ac9f5e45ffd156cb2131996c1d532_0x5fd2e00c282f3e10ea472d5c359778642b1c342f0a67e307e481fe0dc138bc73,0xab55a5fc08793691e488d5fc802abbee848ac9f5e45ffd156cb2131996c1d532,1718203741,0xdfa0ec55a2c2a48b6e5af3235a7ef6251c9a32c5,0xc5d563a36ae78145c45a50134d48a1215220f80a,0,110024958657457359532038665777399264506271681375762791050970079862807455423716,9.999999,226.666665,0.0,YES,2024-06-12 14:49:01+00:00,BUY,9.999999,226.666665,0.044117642971453264,0.044117642971453264,0.955882
0xda0a8ed788f3732133cb74d9e2a9ce561baab96af1efb690e8352cec2284c666_0xbd35db6ae68da81e329de67c2758481fd2260bb04abed47b2b4986094c07a19f,0xda0a8ed788f3732133cb74d9e2a9ce561baab96af1efb690e8352cec2284c666,1718205582,0xde242261bcd8d4320113f12230da34d705ca25a8,0xbcae24a044eb35bafec1ea4f95b079261c1a7f5c,0,110024958657457359532038665777399264506271681375762791050970079862807455423716,1.025641,41.02564,0.0,YES,2024-06-12 15:19:42+00:00,BUY,1.025641,41.02564,0.024999999999999998,0.024999999999999998,0.975
0x0b8855ba9ca22a6dda868eed5230bc7be8ac0475d234e9925317585687289e13_0xbd35db6ae68da81e329de67c2758481fd2260bb04abed47b2b4986094c07a19f,0x0b8855ba9ca22a6dda868eed5230bc7be8ac0475d234e9925317585687289e13,1718205968,0xde242261bcd8d4320113f12230da34d705ca25a8,0x88b88a147fb2d81c959c9ea95ef395bc210fb5a2,0,110024958657457359532038665777399264506271681375762791050970079862807455423716,2.384615,95.3846,0.0,YES,2024-06-12 15:26:08+00:00,BUY,2.384615,95.3846,0.025,0.025,0.975
0xd110b91d5234fd907b41c524a07e39c9d50e6fdc0f835f6b4725e17b0f75392f_0xbd35db6ae68da81e329de67c2758481fd2260bb04abed47b2b4986094c07a19f,0xd110b91d5234fd907b41c524a07e39c9d50e6fdc0f835f6b4725e17b0f75392f,1718206328,0xde242261bcd8d4320113f12230da34d705ca25a8,0xb2eb770b74fed95e87f364d03385895105c53a64,0,110024958657457359532038665777399264506271681375762791050970079862807455423716,2.423076,96.92304,0.0,YES,2024-06-12 15:32:08+00:00,BUY,2.423076,96.92304,0.025,0.025,0.975
0x89f660a84af349103184f9cc9bb33d0ba326da0f46fb6096f81dbb3ef1c7bf33_0xb8b79f5f13b7b154278a5feeeb3ec749b7e8b44098eeb7bc8538acb903146cb7,0x89f660a84af349103184f9cc9bb33d0ba326da0f46fb6096f81dbb3ef1c7bf33,1718206620,0x614e4074bfcd1f80bcd288f7572629e2cef96c18,0xc5d563a36ae78145c45a50134d48a1215220f80a,0,110024958657457359532038665777399264506271681375762791050970079862807455423716,2.999999,85.714284,0.0,YES,2024-06-12 15:37:00+00:00,BUY,2.999999,85.714284,0.03499998903333311,0.03499998903333311,0.965
0x48860b63f10f03c87ff185744887c68162097e7372f3ed995232e531123f8670_0xd8121a3ee4242bd11491f1563b9c0deadb1844ea765568c75f30cb43989d0bb0,0x48860b63f10f03c87ff185744887c68162097e7372f3ed995232e531123f8670,1718206918,0x07d4245464dc4fa05d0b3f084d82482462dc8991,0x80c6401d9d3f7a43b2083a3ee5d4e88198e24d8a,110024958657457359532038665777399264506271681375762791050970079862807455423716,0,91.66,4.39968,0.0,YES,2024-06-12 15:41:58+00:00,SELL,4.39968,91.66,0.048,0.048,0.952
0x6994d05c34b645878408589a66436744b31ba983959bb49bbea3304875fd4be8_0xbd35db6ae68da81e329de67c2758481fd2260bb04abed47b2b4986094c07a19f,0x6994d05c34b645878408589a66436744b31ba983959bb49bbea3304875fd4be8,1718207414,0xde242261bcd8d4320113f12230da34d705ca25a8,0x081aef7b29271517086f23b291791271daed4292,0,110024958657457359532038665777399264506271681375762791050970079862807455423716,2.820512,112.82048,0.0,YES,2024-06-12 15:50:14+00:00,BUY,2.820512,112.82048,0.024999999999999998,0.024999999999999998,0.975
0x99f6f422b3e4de64f0968ce78aaa69303d3b6b0db9ef019c0a58be306f947e17_0xbd35db6ae68da81e329de67c2758481fd2260bb04abed47b2b4986094c07a19f,0x99f6f422b3e4de64f0968ce78aaa69303d3b6b0db9ef019c0a58be306f947e17,1718207770,0xde242261bcd8d4320113f12230da34d705ca25a8,0xfa33abaa3835f53b06e5eecb946688cf6d7aee6c,0,110024958657457359532038665777399264506271681375762791050970079862807455423716,0.028205,1.1282,0.0,YES,2024-06-12 15:56:10+00:00,BUY,0.028205,1.1282,0.024999999999999998,0.024999999999999998,0.975
0x6d19848f2dafdc7ca87246d728da74a8de453b713a93cb72877e1ce7c3ba3f52_0xbd35db6ae68da81e329de67c2758481fd2260bb04abed47b2b4986094c07a19f,0x6d19848f2dafdc7ca87246d728da74a8de453b713a93cb72877e1ce7c3ba3f52,1718207980,0xde242261bcd8d4320113f12230da34d705ca25a8,0x8fe731404eb662103939a6df8e0401359449a738,0,110024958657457359532038665777399264506271681375762791050970079862807455423716,2.692307,107.69228,0.0,YES,2024-06-12 15:59:40+00:00,BUY,2.692307,107.69228,0.025,0.025,0.975
0x6d8405c80f819e2a486eb80f7a831a35338bb4f7d24c085f0757d8f3894348e2_0x0387d9c29602f648002cf87915bb861d6f258d2fc0febe721728d812d7578263,0x6d8405c80f819e2a486eb80f7a831a35338bb4f7d24c085f0757d8f3894348e2,1718208274,0x07d4245464dc4fa05d0b3f084d82482462dc8991,0xe4f5305ba3cc55013196ad7888e427c06e239663,110024958657457359532038665777399264506271681375762791050970079862807455423716,0,200.0,8.0,0.0,YES,2024-06-12 16:04:34+00:00,SELL,8.0,200.0,0.04,0.04,0.96
0xa5aa83e5a995b425f264a7824d205b68dd94518fc74e515c3717ad83633752cf_0xedc3b4a392917c7abf9c29928d61d8074f7e28fffc01176940207be0f0beadcb,0xa5aa83e5a995b425f264a7824d205b68dd94518fc74e515c3717ad83633752cf,1718209985,0xc5fa5b1a6089e3f9bc628e81bdca3d40bbb7b574,0xc5d563a36ae78145c45a50134d48a1215220f80a,0,110024958657457359532038665777399264506271681375762791050970079862807455423716,0.999999,20.833332,0.0,YES,2024-06-12 16:33:05+00:00,BUY,0.999999,20.833332,0.04799995507199713,0.04799995507199713,0.952
0x7966e409217b06c1dd36031e7c127ae0081327b81ebc7cfdc9d161cdcc2a0549_0x3e213e21e69848068eb301919537350a2f4c9ac43b2045345e95809a9828f04d,0x7966e409217b06c1dd36031e7c127ae0081327b81ebc7cfdc9d161cdcc2a0549,1718213313,0x0f063f64e443c905da604c397ba7ae55b04dd330,0xc5d563a36ae78145c45a50134d48a1215220f80a,0,110024958657457359532038665777399264506271681375762791050970079862807455423716,3.0,100.0,0.0,YES,2024-06-12 17:28:33+00:00,BUY,3.0,100.0,0.03,0.03,0.97
0x2580bf92365f5e75fd048fa0cab73548289cf81021f51102a943a7cdaf02b2ef_0x83a98d7ed2cf426a88a2b7c62cdb1e97cb962957ed3aa498086ede9f5d6a1384,0x2580bf92365f5e75fd048fa0cab73548289cf81021f51102a943a7cdaf02b2ef,1718213995,0x30f77148a55c90f0dcb7f8ecf526b5d3124cd537,0xc5d563a36ae78145c45a50134d48a1215220f80a,0,110024958657457359532038665777399264506271681375762791050970079862807455423716,0.999999,33.333332,0.0,YES,2024-06-12 17:39:55+00:00,BUY,0.999999,33.333332,0.029999971199998848,0.029999971199998848,0.97
0x1e47990a11b5ec717f21b9f9ec2bb338496ecc6ca3c096ff49d441330f694a9e_0x37191f9bd61959b5760adaf0ec3fa3962d97b176b526634207f0754430ef83fe,0x1e47990a11b5ec717f21b9f9ec2bb338496ecc6ca3c096ff49d441330f694a9e,1718214403,0x3cf3e8d5427aed066a7a5926980600f6c3cf87b3,0xc5d563a36ae78145c45a50134d48a1215220f80a,110024958657457359532038665777399264506271681375762791050970079862807455423716,0,500.0,13.5,0.0,YES,2024-06-12 17:46:43+00:00,SELL,13.5,500.0,0.027,0.027,0.973
0x9a3d72b7ba57caaf2986b2dd22b2d7a85bf5fdcc861fd86c4fd415a41fd265d8_0xef734ffc1ff9042dd70be12a66323ce7b3ae7a36a3b7760d395adcd028c97281,0x9a3d72b7ba57caaf2986b2dd22b2d7a85bf5fdcc861fd86c4fd415a41fd265d8,1718214427,0x3cf3e8d5427aed066a7a5926980600f6c3cf87b3,0xc5d563a36ae78145c45a50134d48a1215220f80a,110024958657457359532038665777399264506271681375762791050970079862807455423716,0,480.0,12.0,0.0,YES,2024-06-12 17:47:07+00:00,SELL,12.0,480.0,0.025,0.025,0.975
0x0e416f3f062460cba34ed29367630f4a8a4a82751bc8f014c8f78c1324d62672_0xfd5d9a7a3f158295324e7c835bf132ee2a9c5bffe6edf5a99790d8a5e3e8ac98,0x0e416f3f062460cba34ed29367630f4a8a4a82751bc8f014c8f78c1324d62672,1718214603,0x07d4245464dc4fa05d0b3f084d82482462dc8991,0x412e1ff4c56b2c4758c7ec08364374205485e7b5,110024958657457359532038665777399264506271681375762791050970079862807455423716,0,103.448274,2.999999,0.0,YES,2024-06-12 17:50:03+00:00,SELL,2.999999,103.448274,0.02899999085533317,0.02899999085533317,0.971
0x804ffdf323b3ccf402ebdd0b826e174604ece69b137f64823f6d0ed01e10aae2_0x623ef6ef72e7d2748c690198bea0d4dbeb4a54cb4e992506b9f615234ae22206,0x804ffdf323b3ccf402ebdd0b826e174604ece69b137f64823f6d0ed01e10aae2,1718214613,0x3cf3e8d5427aed066a7a5926980600f6c3cf87b3,0xc5d563a36ae78145c45a50134d48a1215220f80a,110024958657457359532038665777399264506271681375762791050970079862807455423716,0,2000.0,50.0,0.0,YES,2024-06-12 17:50:13+00:00,SELL,50.0,2000.0,0.025,0.025,0.975
0x9bdc9466a5d6c2fc3d510a41ac1417c8aa78e7dca9dc12f0219baa683a5ac638_0x338cd7955adf797e1359835fb94e0ac364ef08a76df8bbaa584e43e75520fa4b,0x9bdc9466a5d6c2fc3d510a41ac1417c8aa78e7dca9dc12f0219baa683a5ac638,1718215171,0x07d4245464dc4fa05d0b3f084d82482462dc8991,0x9d84ce0306f8551e02efef1680475fc0f1dc1344,0,110024958657457359532038665777399264506271681375762791050970079862807455423716,25.0,1000.0,0.0,YES,2024-06-12 17:59:31+00:00,BUY,25.0,1000.0,0.025,0.025,0.975
0xc56df1c677df779c2714aec688d908895a7100e6e830a39aed242884cc45a93f_0x782c5106b1be2559956cf1203a7609a11fae0702c0d3e227becae1b14ae22790,0xc56df1c677df779c2714aec688d908895a7100e6e830a39aed242884cc45a93f,1718215285,0x4af9a8cb605f2bb42b203ff3d3b920a391240e9e,0xaaf4acafbb7980ce93631d238eb10a5c4ca67883,0,110024958657457359532038665777399264506271681375762791050970079862807455423716,18.26895,1217.93,0.0,YES,2024-06-12 18:01:25+00:00,BUY,18.26895,1217.93,0.015,0.015,0.985
0x541676dba68394401995c656529bd347bc9c6ceaf8f0b73f0096a2cb9f5d737e_0xb571254a013968e4cab70bb9ca21d20047649f6eb53877fed060d65cb599ff10,0x541676dba68394401995c656529bd347bc9c6ceaf8f0b73f0096a2cb9f5d737e,1718215287,0xde242261bcd8d4320113f12230da34d705ca25a8,0xaaf4acafbb7980ce93631d238eb10a5c4ca67883,0,110024958657457359532038665777399264506271681375762791050970079862807455423716,30.0,3000.0,0.0,YES,2024-06-12 18:01:27+00:00,BUY,30.0,3000.0,0.01,0.01,0.99
0x5723acd146b3545844dbfb8ec469b2b6857d9b405f2e7563d6081c95245c0e16_0xb571254a013968e4cab70bb9ca21d20047649f6eb53877fed060d65cb599ff10,0x5723acd146b3545844dbfb8ec469b2b6857d9b405f2e7563d6081c95245c0e16,1718215287,0xde242261bcd8d4320113f12230da34d705ca25a8,0x8f69269039b9a401de28a38c2f1c3001364b7df1,0,110024958657457359532038665777399264506271681375762791050970079862807455423716,8.630505,863.0505,0.0,YES,2024-06-12 18:01:27+00:00,BUY,8.630505,863.0505,0.009999999999999998,0.009999999999999998,0.99
0xd186f984f3197d581f1b0c5fcdb29c8a75f2c4d38f334f6c945c3b910d3a6d94_0x21f642b0ad1126eb8f77a9805b112b00507ebcb1f56abd6c5c0dc89637d2f9eb,0xd186f984f3197d581f1b0c5fcdb29c8a75f2c4d38f334f6c945c3b910d3a6d94,1718215287,0x8f23aead02f055b69c7f7db51a2d74187bb2c7d0,0x3cf3e8d5427aed066a7a5926980600f6c3cf87b3,0,110024958657457359532038665777399264506271681375762791050970079862807455423716,6.0,2000.0,0.0,YES,2024-06-12 18:01:27+00:00,BUY,6.0,2000.0,0.003,0.003,0.997
0xf4c27a98c9eb26ee384c4c76608124b7b9aba5d7a1491efa6236af059272f73e_0xb571254a013968e4cab70bb9ca21d20047649f6eb53877fed060d65cb599ff10,0xf4c27a98c9eb26ee384c4c76608124b7b9aba5d7a1491efa6236af059272f73e,1718215287,0xde242261bcd8d4320113f12230da34d705ca25a8,0xb74711992caf6d04fa55eecc46b8efc95311b050,0,110024958657457359532038665777399264506271681375762791050970079862807455423716,50.50505,5050.505,0.0,YES,2024-06-12 18:01:27+00:00,BUY,50.50505,5050.505,0.009999999999999998,0.009999999999999998,0.99
0x541849124facf1523eef9fb777c010a6ba2e727f2ab089b96d3c73b711cb1dde_0xd0695a72d7d6a509f4d90e0ff8cdf507124e1a4ce7b12086c14f4e4a1f0cfc2d,0x541849124facf1523eef9fb777c010a6ba2e727f2ab089b96d3c73b711cb1dde,1718215287,0x43372356634781eea88d61bbdd7824cdce958882,0xc5d563a36ae78145c45a50134d48a1215220f80a,110024958657457359532038665777399264506271681375762791050970079862807455423716,0,2037.77,18.43296,0.0,YES,2024-06-12 18:01:27+00:00,SELL,18.43296,2037.77,0.00904565284600323,0.00904565284600323,0.990954
0x4517c50a813dc77023994f62ba4bc31e97d7b5671c128884559d6287d07d5ac8_0x2c5d6a0509172922a1af3f4562954b86db2cf25cf12d54fb703021c9dc548d81,0x4517c50a813dc77023994f62ba4bc31e97d7b5671c128884559d6287d07d5ac8,1718215325,0x9c88c0ad88b0c7dd929b0cf040abc9a46b2bc405,0xaaf4acafbb7980ce93631d238eb10a5c4ca67883,110024958657457359532038665777399264506271681375762791050970079862807455423716,0,5626.0,5.626,0.0,YES,2024-06-12 18:02:05+00:00,SELL,5.626,5626.0,0.001,0.001,0.999
0x79906a9bac9537673f91819ad08da417bfb7802e98195d5e3eedf78667d9be4f_0x2c5d6a0509172922a1af3f4562954b86db2cf25cf12d54fb703021c9dc548d81,0x79906a9bac9537673f91819ad08da417bfb7802e98195d5e3eedf78667d9be4f,1718219963,0x9c88c0ad88b0c7dd929b0cf040abc9a46b2bc405,0x556a20b7a9af85569a43d69e581809786461f519,110024958657457359532038665777399264506271681375762791050970079862807455423716,0,1000.0,1.0,0.0,YES,2024-06-12 19:19:23+00:00,SELL,1.0,1000.0,0.001,0.001,0.999
0x5906286c311cdc1c0f8b3a215c109df98a995eb235117831e6c3f05af2f83693_0x2c5d6a0509172922a1af3f4562954b86db2cf25cf12d54fb703021c9dc548d81,0x5906286c311cdc1c0f8b3a215c109df98a995eb235117831e6c3f05af2f83693,1718220023,0x9c88c0ad88b0c7dd929b0cf040abc9a46b2bc405,0x07d4245464dc4fa05d0b3f084d82482462dc8991,110024958657457359532038665777399264506271681375762791050970079862807455423716,0,100.0,0.1,0.0,YES,2024-06-12 19:20:23+00:00,SELL,0.1,100.0,0.001,0.001,0.999
0x2f6b1ece675115a6a739a4c82c152ba4951803c32b65ba47553708f326d34a8b_0x2c5d6a0509172922a1af3f4562954b86db2cf25cf12d54fb703021c9dc548d81,0x2f6b1ece675115a6a739a4c82c152ba4951803c32b65ba47553708f326d34a8b,1718223892,0x9c88c0ad88b0c7dd929b0cf040abc9a46b2bc405,0xb74711992caf6d04fa55eecc46b8efc95311b050,110024958657457359532038665777399264506271681375762791050970079862807455423716,0,3000.0,3.0,0.0,YES,2024-06-12 20:24:52+00:00,SELL,3.0,3000.0,0.001,0.001,0.999
