created_time,count,count_fp,no_price,no_price_dollars,price,taker_side,ticker,trade_id,yes_price,yes_price_dollars
2023-04-07 18:50:01.508464+00:00,300,300.00,72,0.7200,0.28,yes,FEDDECISION-23MAY-H0,cfd3c3c4-f777-4327-9758-6c2a55f1412a,0.28,0.2800
2023-04-10 00:48:48.054752+00:00,1200,1200.00,71,0.7100,0.29,yes,FEDDECISION-23MAY-H0,938cb028-83c0-4170-af39-d89a7706fdc5,0.29,0.2900
2023-04-10 12:46:57.108809+00:00,1000,1000.00,70,0.7000,0.3,yes,FEDDECISION-23MAY-H0,fecfa616-cd31-41f6-8777-7f3e914f61cf,0.3,0.3000
2023-04-10 13:46:36.741096+00:00,59,59.00,68,0.6800,0.32,yes,FEDDECISION-23MAY-H0,1d6b66e3-70b1-4048-a320-ecb5e31c3380,0.32,0.3200
2023-04-10 17:19:40.337289+00:00,1,1.00,70,0.7000,0.3,no,FEDDECISION-23MAY-H0,021cf3ef-3d84-4b5d-88fb-68fbf8f20f79,0.3,0.3000
2023-04-11 16:40:45.288886+00:00,10,10.00,70,0.7000,0.3,yes,FEDDECISION-23MAY-H0,915280a9-63e0-4053-82a0-d67bb666e6c6,0.3,0.3000
2023-04-11 16:40:55.006137+00:00,10,10.00,70,0.7000,0.3,yes,FEDDECISION-23MAY-H0,aa7536aa-3fc2-498d-bc16-75124a3a92c3,0.3,0.3000
2023-04-12 12:01:59.268221+00:00,50,50.00,72,0.7200,0.28,no,FEDDECISION-23MAY-H0,05acab1b-0fd6-41aa-bdcf-dbbe47f4c39b,0.28,0.2800
2023-04-12 12:31:30.964218+00:00,100,100.00,67,0.6700,0.33,yes,FEDDECISION-23MAY-H0,896df5f3-fe34-4d67-bf4f-aa603051b691,0.33,0.3300
2023-04-12 12:31:30.964218+00:00,50,50.00,72,0.7200,0.28,yes,FEDDECISION-23MAY-H0,26a74f4c-a5cc-44df-b2ec-5ae24aadb050,0.28,0.2800
2023-04-12 12:31:30.964218+00:00,2,2.00,69,0.6900,0.31,yes,FEDDECISION-23MAY-H0,9816cf06-2242-4701-af2c-2392d7789d8b,0.31,0.3100
2023-04-12 13:22:21.090976+00:00,8,8.00,67,0.6700,0.33,yes,FEDDECISION-23MAY-H0,07dbb3b3-9d6c-44c4-9410-7fce21eb34fc,0.33,0.3300
2023-04-12 14:09:19.851520+00:00,39,39.00,71,0.7100,0.29,no,FEDDECISION-23MAY-H0,6e033581-b13d-4ef2-b844-2715cb627601,0.29,0.2900
2023-04-12 14:47:32.444167+00:00,200,200.00,72,0.7200,0.28,no,FEDDECISION-23MAY-H0,89158d8b-54e2-491e-ae9f-0da253db623f,0.28,0.2800
2023-04-12 14:50:38.049386+00:00,39,39.00,75,0.7500,0.25,no,FEDDECISION-23MAY-H0,32ee94c7-00d2-4ee9-9247-87bac4019aea,0.25,0.2500
2023-04-12 16:09:27.013450+00:00,2,2.00,76,0.7600,0.24,yes,FEDDECISION-23MAY-H0,2d262638-7bbd-4129-8f34-33dd4cd38463,0.24,0.2400
2023-04-12 18:08:16.729482+00:00,99,99.00,79,0.7900,0.21,no,FEDDECISION-23MAY-H0,4976d270-7578-41e0-a683-058eab090be7,0.21,0.2100
2023-04-12 18:08:16.755788+00:00,99,99.00,86,0.8600,0.14,no,FEDDECISION-23MAY-H0,07b3eeb0-ce89-45f3-802b-788ae98edf70,0.14,0.1400
2023-04-12 18:08:16.770808+00:00,37,37.00,86,0.8600,0.14,no,FEDDECISION-23MAY-H0,35a4be88-8d17-4492-8ca9-5865c06af8f0,0.14,0.1400
2023-04-12 19:21:50.394654+00:00,15,15.00,82,0.8200,0.18,yes,FEDDECISION-23MAY-H0,0fb7a8fa-2de8-4af6-bb32-f40ffeabf953,0.18,0.1800
2023-04-12 19:22:01.371043+00:00,15,15.00,82,0.8200,0.18,yes,FEDDECISION-23MAY-H0,98101f90-1c54-4efd-a09a-a558710a11c9,0.18,0.1800
2023-04-12 19:22:12.619417+00:00,15,15.00,82,0.8200,0.18,yes,FEDDECISION-23MAY-H0,e15df531-19dc-447e-906b-2dc7c2241df2,0.18,0.1800
2023-04-12 19:22:22.260223+00:00,15,15.00,82,0.8200,0.18,yes,FEDDECISION-23MAY-H0,61d5ae48-e879-40df-b2a2-238ca0bddcd8,0.18,0.1800
2023-04-12 19:22:31.600738+00:00,15,15.00,82,0.8200,0.18,yes,FEDDECISION-23MAY-H0,7797abd2-94a5-48b2-950e-c54d176827dc,0.18,0.1800
2023-04-12 19:22:41.209972+00:00,15,15.00,82,0.8200,0.18,yes,FEDDECISION-23MAY-H0,eeeaba46-3098-4ea2-81e5-9e3bdf7a1352,0.18,0.1800
2023-04-12 19:22:50.885555+00:00,15,15.00,82,0.8200,0.18,yes,FEDDECISION-23MAY-H0,4241b5f0-319f-4da5-91be-301c044317ca,0.18,0.1800
2023-04-12 19:23:00.904423+00:00,15,15.00,82,0.8200,0.18,yes,FEDDECISION-23MAY-H0,9ad2737d-20f6-4594-a8c6-a0c0d77b9d26,0.18,0.1800
2023-04-12 19:23:11.163636+00:00,15,15.00,82,0.8200,0.18,yes,FEDDECISION-23MAY-H0,6d4dbcb8-2964-4a53-805f-8f88d693f7ec,0.18,0.1800
2023-04-12 19:23:20.425647+00:00,15,15.00,82,0.8200,0.18,yes,FEDDECISION-23MAY-H0,d35de1b4-22ad-4935-9eef-abb963ec1ecb,0.18,0.1800
2023-04-12 19:23:29.827642+00:00,15,15.00,82,0.8200,0.18,yes,FEDDECISION-23MAY-H0,740cacd1-0f3a-4d71-86d1-a696a345d0b0,0.18,0.1800
2023-04-12 19:23:39.978303+00:00,15,15.00,82,0.8200,0.18,yes,FEDDECISION-23MAY-H0,35f4f127-2946-478f-a8a6-a142e569b3c3,0.18,0.1800
2023-04-12 19:23:49.430224+00:00,15,15.00,82,0.8200,0.18,yes,FEDDECISION-23MAY-H0,742912d7-e57b-47d6-b1ad-9efc616acdee,0.18,0.1800
2023-04-12 19:23:59.267466+00:00,15,15.00,82,0.8200,0.18,yes,FEDDECISION-23MAY-H0,d6f62f4e-09da-455c-9b8e-192273fd892b,0.18,0.1800
2023-04-12 19:24:09.509818+00:00,15,15.00,82,0.8200,0.18,yes,FEDDECISION-23MAY-H0,eaa31819-d392-4a9f-9411-6800bd4912bc,0.18,0.1800
2023-04-12 19:24:19.005413+00:00,15,15.00,82,0.8200,0.18,yes,FEDDECISION-23MAY-H0,9d932876-2678-4d2c-8921-17c8881a1bc2,0.18,0.1800
2023-04-12 19:24:28.587670+00:00,15,15.00,82,0.8200,0.18,yes,FEDDECISION-23MAY-H0,b4aeb23f-ca72-44c9-a3e5-0dfa5a4ef19a,0.18,0.1800
2023-04-12 20:04:22.135617+00:00,15,15.00,79,0.7900,0.21,yes,FEDDECISION-23MAY-H0,b552691c-0d5a-41a2-aa03-9cffddcb85ed,0.21,0.2100
2023-04-12 20:49:43.096484+00:00,15,15.00,79,0.7900,0.21,yes,FEDDECISION-23MAY-H0,9158d53d-60b1-4d81-8ada-123bdf44431f,0.21,0.2100
2023-04-13 13:12:38.944243+00:00,69,69.00,79,0.7900,0.21,yes,FEDDECISION-23MAY-H0,8b15e805-3a93-40cc-b828-50eb35b5f577,0.21,0.2100
2023-04-13 13:12:38.944243+00:00,5,5.00,80,0.8000,0.2,yes,FEDDECISION-23MAY-H0,a79f1207-211a-41a9-990a-fe0abd96eabe,0.2,0.2000
2023-04-13 13:51:08.612161+00:00,2,2.00,78,0.7800,0.22,yes,FEDDECISION-23MAY-H0,b51fe19b-6be3-44aa-a6dd-81e889e78fb2,0.22,0.2200
2023-04-13 13:51:21.421064+00:00,1,1.00,76,0.7600,0.24,yes,FEDDECISION-23MAY-H0,e4989b24-4b19-4b7f-9bc6-d0e65805eff0,0.24,0.2400
2023-04-13 13:51:54.029924+00:00,25,25.00,76,0.7600,0.24,yes,FEDDECISION-23MAY-H0,a6e721fe-d979-43a5-96e4-5b0419d58eb7,0.24,0.2400
2023-04-13 13:51:59.173851+00:00,24,24.00,76,0.7600,0.24,yes,FEDDECISION-23MAY-H0,d2f4152b-4060-4e64-91b0-684b0c3ff3cb,0.24,0.2400
2023-04-13 13:52:04.871095+00:00,24,24.00,76,0.7600,0.24,yes,FEDDECISION-23MAY-H0,8aad5a73-5a31-4049-8e0e-75b4452e3fe4,0.24,0.2400
2023-04-13 13:52:14.273913+00:00,24,24.00,76,0.7600,0.24,yes,FEDDECISION-23MAY-H0,e28008d2-584d-4c93-9a36-0c7c7938bdcf,0.24,0.2400
2023-04-13 13:52:18.385604+00:00,24,24.00,76,0.7600,0.24,yes,FEDDECISION-23MAY-H0,6ff044a1-e756-4f70-bf4d-c6a69c557c35,0.24,0.2400
2023-04-13 13:53:25.432934+00:00,24,24.00,76,0.7600,0.24,yes,FEDDECISION-23MAY-H0,2fdcced1-7ad6-42e8-8ae5-b5ac08b0bfca,0.24,0.2400
2023-04-13 13:53:28.690680+00:00,24,24.00,76,0.7600,0.24,yes,FEDDECISION-23MAY-H0,5cbba6fe-d98a-4c2b-a643-baf51b7c1840,0.24,0.2400
2023-04-13 13:53:32.361923+00:00,24,24.00,76,0.7600,0.24,yes,FEDDECISION-23MAY-H0,54a5c944-cdfa-4c24-9292-8dd73b3fb0aa,0.24,0.2400
2023-04-13 13:53:35.272500+00:00,24,24.00,76,0.7600,0.24,yes,FEDDECISION-23MAY-H0,b091854a-c4bd-4ea1-bba9-d7c63d9fcd75,0.24,0.2400
2023-04-13 13:53:38.422152+00:00,24,24.00,76,0.7600,0.24,yes,FEDDECISION-23MAY-H0,d60813cc-cc67-4916-bcba-31083247fffb,0.24,0.2400
2023-04-13 13:53:42.292380+00:00,24,24.00,76,0.7600,0.24,yes,FEDDECISION-23MAY-H0,2c948fd5-6632-4416-b161-cd69f3652b32,0.24,0.2400
2023-04-13 13:53:46.386448+00:00,24,24.00,76,0.7600,0.24,yes,FEDDECISION-23MAY-H0,6fcadf4f-ccfd-4dae-bef3-7cc087ad4462,0.24,0.2400
2023-04-13 13:53:50.119054+00:00,24,24.00,76,0.7600,0.24,yes,FEDDECISION-23MAY-H0,78681e1c-d0bb-4b2d-8be3-3f6967be67a3,0.24,0.2400
2023-04-13 13:54:21.503174+00:00,24,24.00,76,0.7600,0.24,yes,FEDDECISION-23MAY-H0,72b96218-07d7-4147-bee2-a0b54af0bb2a,0.24,0.2400
2023-04-13 13:54:24.504377+00:00,24,24.00,76,0.7600,0.24,yes,FEDDECISION-23MAY-H0,54334ee0-a061-40a4-8853-926f369f3cff,0.24,0.2400
2023-04-13 13:54:28.195479+00:00,24,24.00,76,0.7600,0.24,yes,FEDDECISION-23MAY-H0,80f77b7e-d0c2-4943-b22f-af33e36b9093,0.24,0.2400
2023-04-13 13:54:31.319715+00:00,24,24.00,76,0.7600,0.24,yes,FEDDECISION-23MAY-H0,0b5ed3c1-7221-48ca-b95d-159e47ffcb7a,0.24,0.2400
2023-04-13 13:54:35.298243+00:00,24,24.00,76,0.7600,0.24,yes,FEDDECISION-23MAY-H0,3a077104-8605-49c8-8976-7963506de7b9,0.24,0.2400
2023-04-13 13:54:38.605232+00:00,24,24.00,76,0.7600,0.24,yes,FEDDECISION-23MAY-H0,847cc72e-6cb0-438c-8d75-66272a87cb61,0.24,0.2400
2023-04-13 13:54:40.866441+00:00,24,24.00,76,0.7600,0.24,yes,FEDDECISION-23MAY-H0,bc28244a-e57a-4a2b-beec-5ac5c8d091cb,0.24,0.2400
2023-04-13 13:54:55.198329+00:00,24,24.00,76,0.7600,0.24,yes,FEDDECISION-23MAY-H0,ccdf96c4-3afd-4141-80ff-a799fc5eea2b,0.24,0.2400
2023-04-13 13:54:57.817313+00:00,24,24.00,76,0.7600,0.24,yes,FEDDECISION-23MAY-H0,0dacf84c-264b-4f81-b314-74f0cf20d3ab,0.24,0.2400
2023-04-13 13:55:08.248990+00:00,24,24.00,76,0.7600,0.24,yes,FEDDECISION-23MAY-H0,0a93dec9-868a-41e2-a1d7-802d800207a6,0.24,0.2400
2023-04-13 13:55:30.950231+00:00,24,24.00,76,0.7600,0.24,yes,FEDDECISION-23MAY-H0,89fe4c47-177c-49b0-b32e-4b7412ecebe2,0.24,0.2400
2023-04-13 13:55:42.906498+00:00,24,24.00,76,0.7600,0.24,yes,FEDDECISION-23MAY-H0,e15e0456-e17f-486f-bae9-3d9aef6b7319,0.24,0.2400
2023-04-13 15:11:08.822209+00:00,20,20.00,76,0.7600,0.24,yes,FEDDECISION-23MAY-H0,0be3d40b-44ea-48ab-a995-c13cb3b998fa,0.24,0.2400
2023-04-13 15:15:03.938774+00:00,17,17.00,76,0.7600,0.24,yes,FEDDECISION-23MAY-H0,26f05e80-c150-47f4-af3c-40ab581926f3,0.24,0.2400
2023-04-13 15:15:03.938774+00:00,743,743.00,75,0.7500,0.25,yes,FEDDECISION-23MAY-H0,e3148be8-f8dc-4fc4-8f6a-dd30ebcd55cc,0.25,0.2500
2023-04-13 15:20:21.459893+00:00,17,17.00,76,0.7600,0.24,yes,FEDDECISION-23MAY-H0,5fa89e31-666b-4e9a-b96a-6fb528c8cbbb,0.24,0.2400
2023-04-13 15:20:33.543864+00:00,17,17.00,75,0.7500,0.25,yes,FEDDECISION-23MAY-H0,69bbf495-263a-4bc4-8086-3c6a35f2dabe,0.25,0.2500
2023-04-13 15:22:02.621099+00:00,15,15.00,75,0.7500,0.25,yes,FEDDECISION-23MAY-H0,4b2a2735-7d35-4980-ba3d-b94b32148e92,0.25,0.2500
2023-04-13 15:33:37.830907+00:00,333,333.00,74,0.7400,0.26,yes,FEDDECISION-23MAY-H0,6c37811b-c67f-43a3-aa7e-91bc36c542a1,0.26,0.2600
2023-04-13 15:33:41.876295+00:00,333,333.00,74,0.7400,0.26,yes,FEDDECISION-23MAY-H0,6957a944-2877-49bd-9971-44002d8cad7d,0.26,0.2600
2023-04-13 15:34:08.844665+00:00,750,750.00,74,0.7400,0.26,yes,FEDDECISION-23MAY-H0,b8452ba4-cd6f-4709-ad74-4081f27ff4c6,0.26,0.2600
2023-04-13 17:18:46.702791+00:00,15,15.00,71,0.7100,0.29,yes,FEDDECISION-23MAY-H0,863529df-7c5c-457d-90ba-d63f467ab43d,0.29,0.2900
2023-04-13 17:32:38.481173+00:00,15,15.00,71,0.7100,0.29,yes,FEDDECISION-23MAY-H0,b84f63b1-0209-481f-ba73-9ee60a7eaf1d,0.29,0.2900
2023-04-13 17:34:01.223790+00:00,15,15.00,71,0.7100,0.29,yes,FEDDECISION-23MAY-H0,a7b13e56-4582-40c5-8771-44b7974786f7,0.29,0.2900
2023-04-13 18:18:19.085611+00:00,15,15.00,71,0.7100,0.29,yes,FEDDECISION-23MAY-H0,5e937560-b677-413d-9fed-7582aa215991,0.29,0.2900
2023-04-13 18:18:21.308804+00:00,15,15.00,71,0.7100,0.29,yes,FEDDECISION-23MAY-H0,31baffc2-ca85-44c0-836b-41ce6268cc9a,0.29,0.2900
2023-04-13 18:18:30.627482+00:00,15,15.00,71,0.7100,0.29,yes,FEDDECISION-23MAY-H0,02baef51-122c-41ba-9e71-95d7986f64dc,0.29,0.2900
2023-04-13 18:33:37.529296+00:00,15,15.00,71,0.7100,0.29,yes,FEDDECISION-23MAY-H0,3faa23e5-68b3-4daa-8686-070d4260f398,0.29,0.2900
2023-04-13 21:03:44.804769+00:00,16,16.00,71,0.7100,0.29,yes,FEDDECISION-23MAY-H0,6420e214-546b-4558-9781-0ef6d0729f02,0.29,0.2900
2023-04-13 21:04:04.624415+00:00,16,16.00,71,0.7100,0.29,yes,FEDDECISION-23MAY-H0,9e6bfa86-15f2-4592-824f-eb1c998393be,0.29,0.2900
2023-04-14 12:08:57.738328+00:00,5,5.00,75,0.7500,0.25,no,FEDDECISION-23MAY-H0,35be4178-7b51-48e7-9320-6398d1805abb,0.25,0.2500
2023-04-14 12:43:15.733338+00:00,100,100.00,75,0.7500,0.25,no,FEDDECISION-23MAY-H0,78a1b48e-6058-42e5-8465-7dd0b35fa0b5,0.25,0.2500
2023-04-14 12:44:44.572548+00:00,5,5.00,75,0.7500,0.25,no,FEDDECISION-23MAY-H0,53702e67-8f28-452d-8e07-a3e7eed4b0b2,0.25,0.2500
2023-04-14 12:51:27.498793+00:00,100,100.00,80,0.8000,0.2,no,FEDDECISION-23MAY-H0,40481295-f384-44e8-8ad0-0d848d1d276a,0.2,0.2000
2023-04-14 13:03:06.848317+00:00,1,1.00,82,0.8200,0.18,no,FEDDECISION-23MAY-H0,0a4eeae7-49c0-48fe-8f78-60b418824d2a,0.18,0.1800
2023-04-14 13:07:43.132981+00:00,1,1.00,84,0.8400,0.16,no,FEDDECISION-23MAY-H0,87d18020-f7c0-4d01-ad54-547305fcc49c,0.16,0.1600
2023-04-14 14:58:52.506114+00:00,16,16.00,85,0.8500,0.15,yes,FEDDECISION-23MAY-H0,c891b356-92f4-456c-9225-9d06438faa7c,0.15,0.1500
2023-04-14 14:59:04.120410+00:00,16,16.00,85,0.8500,0.15,yes,FEDDECISION-23MAY-H0,db1d4ff6-c3f9-4f12-a999-47e76fdbeabb,0.15,0.1500
2023-04-14 14:59:25.296622+00:00,16,16.00,85,0.8500,0.15,yes,FEDDECISION-23MAY-H0,c3c2ab45-4975-4662-bdcd-0f6c95d88635,0.15,0.1500
2023-04-14 14:59:36.182778+00:00,16,16.00,85,0.8500,0.15,yes,FEDDECISION-23MAY-H0,399debe6-023e-449e-9824-4ab312fc09c4,0.15,0.1500
2023-04-14 14:59:47.278379+00:00,16,16.00,85,0.8500,0.15,yes,FEDDECISION-23MAY-H0,5be54390-7c6b-473e-a1e2-c455308adc21,0.15,0.1500
2023-04-14 14:59:58.194207+00:00,16,16.00,85,0.8500,0.15,yes,FEDDECISION-23MAY-H0,04dc08c7-5a3f-464d-9623-bf4a1ff7b518,0.15,0.1500
2023-04-14 15:00:20.391889+00:00,16,16.00,85,0.8500,0.15,yes,FEDDECISION-23MAY-H0,d937cb89-1d6c-4c94-9efd-e111a499ac27,0.15,0.1500
2023-04-14 15:00:30.617227+00:00,16,16.00,85,0.8500,0.15,yes,FEDDECISION-23MAY-H0,657b297b-b53e-453e-86b6-b77fbde9eb7d,0.15,0.1500
2023-04-14 15:00:41.414622+00:00,16,16.00,85,0.8500,0.15,yes,FEDDECISION-23MAY-H0,8caceda2-94c3-4a44-a907-93cd8fc89408,0.15,0.1500
2023-04-14 15:04:20.184662+00:00,16,16.00,85,0.8500,0.15,yes,FEDDECISION-23MAY-H0,0c124e36-252a-4dd4-ac67-a3c47a71e40a,0.15,0.1500
2023-04-14 15:07:52.009343+00:00,16,16.00,85,0.8500,0.15,yes,FEDDECISION-23MAY-H0,c4f25fff-9568-4fa7-b3e8-9d6580ec4eab,0.15,0.1500
2023-04-14 16:02:05.177228+00:00,10,10.00,85,0.8500,0.15,yes,FEDDECISION-23MAY-H0,ead5c924-de38-4642-88ef-bafc2d12bdb4,0.15,0.1500
2023-04-14 18:49:11.017184+00:00,25,25.00,85,0.8500,0.15,yes,FEDDECISION-23MAY-H0,91a5ff92-2e44-4942-b8c6-4946691a1b60,0.15,0.1500
2023-04-15 15:04:23.545217+00:00,10,10.00,89,0.8900,0.11,no,FEDDECISION-23MAY-H0,99f36d8f-2b7a-44cc-91d1-fc35fd78beb1,0.11,0.1100
2023-04-15 23:18:38.151927+00:00,75,75.00,87,0.8700,0.13,yes,FEDDECISION-23MAY-H0,5c76b466-1199-481d-99f0-196207654378,0.13,0.1300
2023-04-17 17:35:10.667781+00:00,1,1.00,90,0.9000,0.1,no,FEDDECISION-23MAY-H0,f69d8a25-9c6d-4011-b5ce-5d509a482437,0.1,0.1000
2023-04-18 00:13:33.724916+00:00,206,206.00,91,0.9100,0.09,no,FEDDECISION-23MAY-H0,3f896419-1464-4865-b83e-051fd9869b77,0.09,0.0900
2023-04-18 00:13:33.820743+00:00,206,206.00,91,0.9100,0.09,no,FEDDECISION-23MAY-H0,8a4c422b-ed35-4983-b5ac-f9a395276c4b,0.09,0.0900
2023-04-18 00:13:43.426468+00:00,588,588.00,91,0.9100,0.09,no,FEDDECISION-23MAY-H0,3a81f0a0-5dc8-4610-83ee-6a9eef634ea6,0.09,0.0900
2023-04-18 21:13:02.095888+00:00,25,25.00,93,0.9300,0.07,yes,FEDDECISION-23MAY-H0,2510825e-5fe3-44e0-b8c1-0d488047ede5,0.07,0.0700
2023-04-19 00:43:26.456881+00:00,13,13.00,93,0.9300,0.07,yes,FEDDECISION-23MAY-H0,695762d4-009f-45d3-a0ae-781125ffc689,0.07,0.0700
2023-04-19 14:25:14.860334+00:00,5,5.00,94,0.9400,0.06,no,FEDDECISION-23MAY-H0,0b5092ed-9774-41c7-8886-3117a0dce5fd,0.06,0.0600
2023-04-20 00:30:35.362737+00:00,75,75.00,94,0.9400,0.06,no,FEDDECISION-23MAY-H0,556eff7e-39b8-4957-9d8a-8c20d1965869,0.06,0.0600
2023-04-20 14:17:58.395063+00:00,25,25.00,92,0.9200,0.08,yes,FEDDECISION-23MAY-H0,7bcb5047-fd9c-4d8c-b4de-88af20fb2eed,0.08,0.0800
2023-04-21 20:08:34.167044+00:00,5,5.00,91,0.9100,0.09,yes,FEDDECISION-23MAY-H0,478d065a-278a-4cf9-8952-98e66eb49e5e,0.09,0.0900
2023-04-21 20:10:25.233003+00:00,1000,1000.00,93,0.9300,0.07,no,FEDDECISION-23MAY-H0,e43c2225-bfae-4686-be36-e55c729e083d,0.07,0.0700
2023-04-21 22:41:19.614240+00:00,52,52.00,91,0.9100,0.09,yes,FEDDECISION-23MAY-H0,47e82113-e514-422f-8cd6-5a9e1f86ad02,0.09,0.0900
2023-04-22 14:17:01.725846+00:00,50,50.00,91,0.9100,0.09,yes,FEDDECISION-23MAY-H0,29737793-18e6-4e7f-9a10-65d7d4d3f895,0.09,0.0900
2023-04-22 20:34:18.632210+00:00,28,28.00,93,0.9300,0.07,no,FEDDECISION-23MAY-H0,ac7b5ea6-302d-45f6-85ef-d860919b668d,0.07,0.0700
2023-04-23 12:47:54.298112+00:00,22,22.00,94,0.9400,0.06,no,FEDDECISION-23MAY-H0,a38e013e-b907-417c-995c-20dfd1ee1274,0.06,0.0600
2023-04-24 02:12:41.364790+00:00,335,335.00,93,0.9300,0.07,yes,FEDDECISION-23MAY-H0,9f4c31ec-00d0-453a-8b92-0bedb207f682,0.07,0.0700
2023-04-24 15:48:51.635346+00:00,13,13.00,93,0.9300,0.07,yes,FEDDECISION-23MAY-H0,2f1f0d7e-5d2c-4e28-bb88-140e2222b6b8,0.07,0.0700
2023-04-24 17:30:10.349110+00:00,100,100.00,93,0.9300,0.07,yes,FEDDECISION-23MAY-H0,2aab0b65-ae63-43bb-886b-e8bb33795ede,0.07,0.0700
2023-04-24 21:21:08.941447+00:00,1552,1552.00,93,0.9300,0.07,yes,FEDDECISION-23MAY-H0,337e42e8-989c-466e-9dca-c2752fbe1211,0.07,0.0700
2023-04-24 21:46:36.755501+00:00,1000,1000.00,92,0.9200,0.08,yes,FEDDECISION-23MAY-H0,e413c97a-d7b8-421c-9062-bd93857d2ca2,0.08,0.0800
2023-04-24 23:47:50.232082+00:00,900,900.00,92,0.9200,0.08,yes,FEDDECISION-23MAY-H0,46ace3a0-94b3-441d-8de7-b78cf26b0582,0.08,0.0800
2023-04-24 23:47:50.232082+00:00,100,100.00,91,0.9100,0.09,yes,FEDDECISION-23MAY-H0,c38bb0e6-2f9f-4a69-ab9f-68b956021db0,0.09,0.0900
2023-04-25 00:59:06.164473+00:00,157,157.00,91,0.9100,0.09,yes,FEDDECISION-23MAY-H0,43b3c1ca-7ab4-4769-bea4-a87053a13da6,0.09,0.0900
2023-04-25 00:59:06.164473+00:00,793,793.00,91,0.9100,0.09,yes,FEDDECISION-23MAY-H0,b54f8eba-783c-4766-aa45-260f31b89052,0.09,0.0900
2023-04-25 00:59:06.164473+00:00,50,50.00,91,0.9100,0.09,yes,FEDDECISION-23MAY-H0,ec31714e-8300-4301-9bdf-65e330b0b51a,0.09,0.0900
2023-04-25 15:13:22.383070+00:00,600,600.00,92,0.9200,0.08,yes,FEDDECISION-23MAY-H0,0c737535-1a7d-4c10-825e-30b8e5e72624,0.08,0.0800
2023-04-25 16:03:47.459850+00:00,300,300.00,93,0.9300,0.07,yes,FEDDECISION-23MAY-H0,c65f23c9-88c2-4883-a17a-ee3c5b4765fd,0.07,0.0700
2023-04-25 16:13:21.481855+00:00,200,200.00,93,0.9300,0.07,yes,FEDDECISION-23MAY-H0,5db43bf8-f77b-4c5d-98b7-4f3a23e37dee,0.07,0.0700
2023-04-25 17:17:33.549137+00:00,4400,4400.00,92,0.9200,0.08,yes,FEDDECISION-23MAY-H0,f56545f0-ca97-4035-9760-ba694ce5c8c1,0.08,0.0800
2023-04-25 17:17:41.659615+00:00,1800,1800.00,92,0.9200,0.08,yes,FEDDECISION-23MAY-H0,dbee62bb-97d5-4ced-85e4-632df73245db,0.08,0.0800
2023-04-25 17:18:18.257751+00:00,3000,3000.00,91,0.9100,0.09,yes,FEDDECISION-23MAY-H0,f8511c1e-4fa7-48e5-961c-ed88a7f96cdd,0.09,0.0900
2023-04-25 17:31:45.985708+00:00,335,335.00,90,0.9000,0.1,yes,FEDDECISION-23MAY-H0,426ee21a-7919-4a39-9ecd-e40e0ba3e7db,0.1,0.1000
2023-04-25 17:31:46.041499+00:00,250,250.00,89,0.8900,0.11,no,FEDDECISION-23MAY-H0,00f9da5e-71b5-47ed-87e9-cfe73baab74f,0.11,0.1100
2023-04-25 17:31:46.047120+00:00,11,11.00,89,0.8900,0.11,no,FEDDECISION-23MAY-H0,9bddad40-9c1f-4f74-8862-1a2e07041622,0.11,0.1100
2023-04-25 17:31:46.060748+00:00,11,11.00,89,0.8900,0.11,no,FEDDECISION-23MAY-H0,85f1d327-ca15-4b47-abdd-62297c32a327,0.11,0.1100
2023-04-25 17:31:46.145011+00:00,250,250.00,89,0.8900,0.11,no,FEDDECISION-23MAY-H0,a5c69ab0-64bf-42f2-a670-54ac9d05f44d,0.11,0.1100
2023-04-25 17:31:46.164852+00:00,11,11.00,89,0.8900,0.11,no,FEDDECISION-23MAY-H0,39ac3aa4-de89-459a-afa2-e89523529ac5,0.11,0.1100
2023-04-25 17:31:46.167587+00:00,11,11.00,89,0.8900,0.11,no,FEDDECISION-23MAY-H0,64760470-a6b9-460f-8b1b-5e40296d505a,0.11,0.1100
2023-04-25 17:38:44.265600+00:00,20,20.00,89,0.8900,0.11,no,FEDDECISION-23MAY-H0,58e111df-d904-4ad9-ac7c-fa47acd89d83,0.11,0.1100
2023-04-25 17:39:18.088591+00:00,20,20.00,89,0.8900,0.11,no,FEDDECISION-23MAY-H0,24f677a3-b888-4652-aa83-b15ba95b9b69,0.11,0.1100
2023-04-25 17:40:02.223382+00:00,20,20.00,89,0.8900,0.11,no,FEDDECISION-23MAY-H0,377409cb-d2f9-4097-954d-1ea32ee1dd9d,0.11,0.1100
2023-04-25 17:40:27.553058+00:00,20,20.00,89,0.8900,0.11,no,FEDDECISION-23MAY-H0,c9635f00-6d65-4343-a2fa-bcb583c8b42b,0.11,0.1100
2023-04-25 17:41:05.373813+00:00,20,20.00,89,0.8900,0.11,no,FEDDECISION-23MAY-H0,be37b9c7-6011-4714-a905-5e687d68a87b,0.11,0.1100
2023-04-25 17:41:28.824495+00:00,20,20.00,89,0.8900,0.11,no,FEDDECISION-23MAY-H0,f9556e0c-f6e8-42ad-9b27-0f84291f2be0,0.11,0.1100
2023-04-25 17:41:55.400487+00:00,20,20.00,89,0.8900,0.11,no,FEDDECISION-23MAY-H0,1b28efb3-57f7-4d55-b43b-cb808d0cb265,0.11,0.1100
2023-04-25 17:57:16.039550+00:00,100,100.00,84,0.8400,0.16,yes,FEDDECISION-23MAY-H0,93346dc5-b792-41fd-8ba2-115a755079bf,0.16,0.1600
2023-04-25 17:58:07.516894+00:00,2100,2100.00,86,0.8600,0.14,no,FEDDECISION-23MAY-H0,f3ea2b1f-1e5a-4cf0-bccf-bf92eb3d1bd9,0.14,0.1400
2023-04-25 18:01:33.021404+00:00,22,22.00,85,0.8500,0.15,yes,FEDDECISION-23MAY-H0,c800aa57-a5eb-4be1-952e-e42b62091750,0.15,0.1500
2023-04-25 18:02:14.566136+00:00,878,878.00,85,0.8500,0.15,yes,FEDDECISION-23MAY-H0,f811cf1d-82c6-4973-9738-283da187a4e4,0.15,0.1500
2023-04-25 18:16:27.717581+00:00,400,400.00,84,0.8400,0.16,yes,FEDDECISION-23MAY-H0,cce89378-2bce-4704-94c3-945ff15d5b18,0.16,0.1600
2023-04-25 18:18:57.579396+00:00,473,473.00,81,0.8100,0.19,yes,FEDDECISION-23MAY-H0,6bb1d1e9-cd68-4ade-af81-7d45ec31fa18,0.19,0.1900
2023-04-25 19:19:15.637490+00:00,500,500.00,85,0.8500,0.15,no,FEDDECISION-23MAY-H0,e7ab59af-48c0-4ed5-ac56-79ddf4520926,0.15,0.1500
2023-04-25 19:22:04.194626+00:00,20,20.00,85,0.8500,0.15,no,FEDDECISION-23MAY-H0,bfdeddf5-a22a-496c-9c9c-9bf00faa8999,0.15,0.1500
2023-04-25 19:25:15.537481+00:00,20,20.00,85,0.8500,0.15,no,FEDDECISION-23MAY-H0,b075a432-5505-467a-96a9-603ba77a7557,0.15,0.1500
2023-04-25 20:13:35.579719+00:00,20,20.00,85,0.8500,0.15,no,FEDDECISION-23MAY-H0,93b4f57f-9ddc-48a3-b3d9-8a403c6964f6,0.15,0.1500
2023-04-25 20:14:20.920955+00:00,20,20.00,85,0.8500,0.15,no,FEDDECISION-23MAY-H0,2bc128f3-8cd8-4a55-ab6e-cf894add6b6c,0.15,0.1500
2023-04-25 20:15:55.714557+00:00,20,20.00,85,0.8500,0.15,no,FEDDECISION-23MAY-H0,4e049daf-8299-4ccf-9b4a-b14477126dae,0.15,0.1500
2023-04-25 20:16:18.734295+00:00,20,20.00,85,0.8500,0.15,no,FEDDECISION-23MAY-H0,4a598660-d4d9-466f-9297-fb289acd54c6,0.15,0.1500
2023-04-25 20:16:23.245374+00:00,20,20.00,85,0.8500,0.15,no,FEDDECISION-23MAY-H0,93784eec-1b83-4cf2-a1a3-77c655f0f532,0.15,0.1500
2023-04-25 20:16:27.859506+00:00,20,20.00,85,0.8500,0.15,no,FEDDECISION-23MAY-H0,08ed71f7-b449-4694-bcdd-ee3f8038b717,0.15,0.1500
2023-04-25 20:16:32.981498+00:00,20,20.00,85,0.8500,0.15,no,FEDDECISION-23MAY-H0,86c70db8-93c3-4caa-b781-17197d5be324,0.15,0.1500
2023-04-25 20:16:37.421047+00:00,20,20.00,86,0.8600,0.14,no,FEDDECISION-23MAY-H0,32023b68-990a-4cb3-8641-0a428bfb67f8,0.14,0.1400
2023-04-25 20:16:42.785466+00:00,20,20.00,86,0.8600,0.14,no,FEDDECISION-23MAY-H0,12486d02-ebf6-43aa-a1f1-67e4349b76aa,0.14,0.1400
2023-04-25 20:16:47.267051+00:00,20,20.00,86,0.8600,0.14,no,FEDDECISION-23MAY-H0,da272801-db52-453e-b9ff-ed7f94ae7e02,0.14,0.1400
2023-04-25 20:16:53.660563+00:00,20,20.00,86,0.8600,0.14,no,FEDDECISION-23MAY-H0,fcb08139-cc80-49b4-812d-4b12376b3c40,0.14,0.1400
2023-04-25 20:16:58.267733+00:00,20,20.00,86,0.8600,0.14,no,FEDDECISION-23MAY-H0,bd54f7ee-613d-44ff-ac65-daf6a6fab167,0.14,0.1400
2023-04-25 20:17:02.900299+00:00,20,20.00,86,0.8600,0.14,no,FEDDECISION-23MAY-H0,c78d1bdd-08f9-4e7f-9dc6-3fe7380796b1,0.14,0.1400
2023-04-25 20:17:07.413244+00:00,20,20.00,86,0.8600,0.14,no,FEDDECISION-23MAY-H0,98963f75-82d6-4de4-98b9-96f8980a5f70,0.14,0.1400
2023-04-25 20:17:12.979303+00:00,20,20.00,86,0.8600,0.14,no,FEDDECISION-23MAY-H0,691c51fa-b745-4ea7-915f-9090c6805438,0.14,0.1400
2023-04-25 20:17:17.205022+00:00,20,20.00,86,0.8600,0.14,no,FEDDECISION-23MAY-H0,14408efc-e191-4964-9a37-40583fa95d71,0.14,0.1400
2023-04-25 20:17:22.936727+00:00,20,20.00,86,0.8600,0.14,no,FEDDECISION-23MAY-H0,6063fcae-b540-4296-96e4-9db39e2d0a2b,0.14,0.1400
2023-04-25 20:17:28.809127+00:00,20,20.00,86,0.8600,0.14,no,FEDDECISION-23MAY-H0,0cf4ac3f-f412-4656-8168-6066f77c2bc9,0.14,0.1400
2023-04-25 20:17:33.233807+00:00,20,20.00,86,0.8600,0.14,no,FEDDECISION-23MAY-H0,2c7969b2-5cb5-473a-8d8b-d4f4e11a185e,0.14,0.1400
2023-04-25 20:17:38.774059+00:00,20,20.00,86,0.8600,0.14,no,FEDDECISION-23MAY-H0,eacc3ff5-00d7-4fa2-96b9-08fc3ca5d887,0.14,0.1400
2023-04-25 20:17:43.403174+00:00,20,20.00,86,0.8600,0.14,no,FEDDECISION-23MAY-H0,97f0d12c-2879-4e5f-b01b-e76d54f90014,0.14,0.1400
2023-04-25 20:17:48.966032+00:00,20,20.00,86,0.8600,0.14,no,FEDDECISION-23MAY-H0,e0c0ed77-f4fa-458a-859e-e6b34521c3d5,0.14,0.1400
2023-04-25 20:17:58.582539+00:00,20,20.00,86,0.8600,0.14,no,FEDDECISION-23MAY-H0,11bdf8a8-7a07-41f1-9e34-a220ce15c4a4,0.14,0.1400
2023-04-25 20:18:03.773730+00:00,20,20.00,86,0.8600,0.14,no,FEDDECISION-23MAY-H0,1bebc111-f157-43f0-9cfb-2a64237af69a,0.14,0.1400
2023-04-25 20:18:09.382703+00:00,20,20.00,86,0.8600,0.14,no,FEDDECISION-23MAY-H0,4d6ce8a6-c828-45dc-b073-aaed84429123,0.14,0.1400
2023-04-25 20:18:15.452586+00:00,20,20.00,86,0.8600,0.14,no,FEDDECISION-23MAY-H0,84b94cde-942a-4fad-a2b1-c88dd4b41023,0.14,0.1400
2023-04-25 20:18:19.347054+00:00,12,12.00,86,0.8600,0.14,no,FEDDECISION-23MAY-H0,2d36f0c5-51d6-4f0f-ab71-91bbd3e47b66,0.14,0.1400
2023-04-25 20:18:27.388567+00:00,20,20.00,86,0.8600,0.14,no,FEDDECISION-23MAY-H0,66986821-1291-4cc5-bbbd-9697480a06c2,0.14,0.1400
2023-04-25 20:18:32.829107+00:00,20,20.00,86,0.8600,0.14,no,FEDDECISION-23MAY-H0,d9648a23-1946-4d43-bb46-0958b772b7c2,0.14,0.1400
2023-04-25 20:18:37.130912+00:00,20,20.00,86,0.8600,0.14,no,FEDDECISION-23MAY-H0,c093d71a-2770-4659-804a-d6ab545a4286,0.14,0.1400
2023-04-25 20:18:41.617713+00:00,20,20.00,86,0.8600,0.14,no,FEDDECISION-23MAY-H0,39959b19-aabe-4a22-b341-0c9ffa173024,0.14,0.1400
2023-04-25 20:18:46.859946+00:00,20,20.00,86,0.8600,0.14,no,FEDDECISION-23MAY-H0,9f002ba6-9a34-4d32-a88e-a2c1b28ed022,0.14,0.1400
2023-04-25 20:18:53.986088+00:00,20,20.00,86,0.8600,0.14,no,FEDDECISION-23MAY-H0,036dd636-1923-48a7-95ba-4f2237bad138,0.14,0.1400
2023-04-25 20:18:59.667197+00:00,20,20.00,86,0.8600,0.14,no,FEDDECISION-23MAY-H0,a83b00bd-4ebe-47cc-a33c-0248adf42791,0.14,0.1400
2023-04-25 20:19:05.422403+00:00,20,20.00,86,0.8600,0.14,no,FEDDECISION-23MAY-H0,a198d992-c6b9-4b65-9253-c4d56957c162,0.14,0.1400
2023-04-25 20:19:11.083049+00:00,20,20.00,86,0.8600,0.14,no,FEDDECISION-23MAY-H0,d3c0f328-3ee9-4124-844b-e99fc8d08452,0.14,0.1400
2023-04-25 20:19:15.402906+00:00,20,20.00,86,0.8600,0.14,no,FEDDECISION-23MAY-H0,c185bfbf-6ce4-4edd-9187-1d12a6ef4216,0.14,0.1400
2023-04-25 20:19:19.522373+00:00,20,20.00,86,0.8600,0.14,no,FEDDECISION-23MAY-H0,3d0a1459-f3f5-4416-9e33-d0b04bce8979,0.14,0.1400
2023-04-25 20:22:53.664597+00:00,1727,1727.00,86,0.8600,0.14,no,FEDDECISION-23MAY-H0,0ee10f59-cda4-4375-9ec8-e5f1b52c40e4,0.14,0.1400
2023-04-25 20:25:27.143552+00:00,20,20.00,87,0.8700,0.13,no,FEDDECISION-23MAY-H0,304ae2a6-a231-4b55-951f-136fe18a7bfa,0.13,0.1300
2023-04-25 20:25:31.475867+00:00,20,20.00,87,0.8700,0.13,no,FEDDECISION-23MAY-H0,d3b224ab-2496-4c3a-86ff-2548aada1504,0.13,0.1300
2023-04-25 20:25:37.409452+00:00,20,20.00,87,0.8700,0.13,no,FEDDECISION-23MAY-H0,89a6de73-44ec-427a-8e87-b809b8918759,0.13,0.1300
2023-04-25 20:25:41.913240+00:00,20,20.00,87,0.8700,0.13,no,FEDDECISION-23MAY-H0,a2b3b95b-df45-4833-a37e-b1fbb51521da,0.13,0.1300
2023-04-25 20:25:46.563837+00:00,20,20.00,87,0.8700,0.13,no,FEDDECISION-23MAY-H0,13f7b5db-5861-454c-af1c-e49d308c6416,0.13,0.1300
2023-04-25 20:25:52.188309+00:00,20,20.00,87,0.8700,0.13,no,FEDDECISION-23MAY-H0,342477fc-bec5-473b-8de7-f5edf726efa0,0.13,0.1300
2023-04-25 20:25:57.907842+00:00,20,20.00,87,0.8700,0.13,no,FEDDECISION-23MAY-H0,edef42a4-736a-47f7-9a84-421f2ad30894,0.13,0.1300
2023-04-25 20:26:02.367449+00:00,20,20.00,87,0.8700,0.13,no,FEDDECISION-23MAY-H0,275fb319-d756-4d3a-977a-d0bdff312c4c,0.13,0.1300
2023-04-25 20:26:09.071963+00:00,20,20.00,87,0.8700,0.13,no,FEDDECISION-23MAY-H0,b8d6bec3-9c12-4baa-9f45-c80fbd1d8a53,0.13,0.1300
2023-04-25 20:26:16.320376+00:00,20,20.00,87,0.8700,0.13,no,FEDDECISION-23MAY-H0,db766e19-5871-499d-be8e-5ece2c0e8f2a,0.13,0.1300
2023-04-25 23:06:43.701705+00:00,200,200.00,84,0.8400,0.16,yes,FEDDECISION-23MAY-H0,1bef06cf-6344-4d11-a4ab-2ae3639b0b91,0.16,0.1600
2023-04-26 03:51:49.941696+00:00,1,1.00,88,0.8800,0.12,no,FEDDECISION-23MAY-H0,c24394af-9d1e-48ad-baa9-9ed57fa9a3a4,0.12,0.1200
2023-04-26 03:51:58.637989+00:00,1,1.00,88,0.8800,0.12,no,FEDDECISION-23MAY-H0,5439d8aa-4356-4c3e-9485-fd86e3dc7165,0.12,0.1200
2023-04-26 12:33:35.317282+00:00,300,300.00,91,0.9100,0.09,no,FEDDECISION-23MAY-H0,21c97f0c-1b52-422c-a3b7-2128e3dd9126,0.09,0.0900
2023-04-26 12:33:35.317282+00:00,1000,1000.00,90,0.9000,0.1,no,FEDDECISION-23MAY-H0,16583b81-9d93-4a6d-882b-234217d53b21,0.1,0.1000
2023-04-26 12:33:35.317282+00:00,2700,2700.00,91,0.9100,0.09,no,FEDDECISION-23MAY-H0,ec784b8e-3ef5-4597-bdbc-e7c02c390238,0.09,0.0900
2023-04-26 14:28:46.037219+00:00,300,300.00,90,0.9000,0.1,yes,FEDDECISION-23MAY-H0,4011b932-a91c-48e1-a10e-aedb1795f6de,0.1,0.1000
2023-04-26 15:01:47.840967+00:00,1000,1000.00,89,0.8900,0.11,yes,FEDDECISION-23MAY-H0,b2ed7d13-8c05-46d1-a08c-68508d2a4770,0.11,0.1100
2023-04-26 15:01:47.840967+00:00,10,10.00,89,0.8900,0.11,yes,FEDDECISION-23MAY-H0,4cbaa19b-4a43-4676-82de-8f464b037daf,0.11,0.1100
2023-04-26 15:04:13.193128+00:00,90,90.00,87,0.8700,0.13,yes,FEDDECISION-23MAY-H0,4a41e7f6-0e4d-4eb6-8518-1790bf60ea7d,0.13,0.1300
2023-04-26 19:28:25.410008+00:00,10,10.00,87,0.8700,0.13,yes,FEDDECISION-23MAY-H0,fa184b99-59c2-4c78-890e-9cbc7f381b42,0.13,0.1300
2023-04-26 19:39:11.096583+00:00,2,2.00,87,0.8700,0.13,yes,FEDDECISION-23MAY-H0,8f5cf7bd-a8a8-46d4-8827-411714acfa73,0.13,0.1300
2023-04-26 21:50:23.640016+00:00,2,2.00,86,0.8600,0.14,yes,FEDDECISION-23MAY-H0,a3e2dbf0-4323-4554-8365-68080f2f1f5e,0.14,0.1400
2023-04-26 21:51:42.957199+00:00,1,1.00,85,0.8500,0.15,yes,FEDDECISION-23MAY-H0,0304e15d-e5fd-4932-b958-8713d6f7b84a,0.15,0.1500
2023-04-26 21:51:42.957199+00:00,4,4.00,84,0.8400,0.16,yes,FEDDECISION-23MAY-H0,6212375d-1cf9-4064-bd9a-66e597fd3c69,0.16,0.1600
2023-04-27 12:42:54.399096+00:00,98,98.00,89,0.8900,0.11,no,FEDDECISION-23MAY-H0,71c5e7d5-c2dc-4262-9c61-3945c75ac1c5,0.11,0.1100
2023-04-27 13:19:04.834288+00:00,100,100.00,87,0.8700,0.13,yes,FEDDECISION-23MAY-H0,30c209d9-e203-4eb0-8d26-67f7effa4b65,0.13,0.1300
2023-04-27 16:34:08.290139+00:00,7,7.00,91,0.9100,0.09,no,FEDDECISION-23MAY-H0,12a228e1-92a9-4f43-8c4f-b3df989bd3ec,0.09,0.0900
2023-04-27 16:38:23.714799+00:00,1500,1500.00,91,0.9100,0.09,no,FEDDECISION-23MAY-H0,7024f52c-4f41-45b1-afca-98e488a00346,0.09,0.0900
2023-04-27 17:07:10.715718+00:00,193,193.00,91,0.9100,0.09,no,FEDDECISION-23MAY-H0,06c9dd91-61cd-4d17-ae4c-1decd8fbd641,0.09,0.0900
2023-04-27 17:15:45.839682+00:00,1000,1000.00,92,0.9200,0.08,no,FEDDECISION-23MAY-H0,87847dc8-5329-4e66-8a45-94ce3c967084,0.08,0.0800
2023-04-27 17:45:39.731513+00:00,200,200.00,91,0.9100,0.09,yes,FEDDECISION-23MAY-H0,fb8453be-4fc4-4d78-9fc4-3759839e3f83,0.09,0.0900
2023-04-27 18:21:01.805079+00:00,1000,1000.00,92,0.9200,0.08,no,FEDDECISION-23MAY-H0,863860c2-0c09-4620-a152-b7fd8142bf8e,0.08,0.0800
2023-04-27 18:29:43.726036+00:00,1000,1000.00,92,0.9200,0.08,no,FEDDECISION-23MAY-H0,2350c9a2-e43b-4fab-943a-d4d2fe10efaa,0.08,0.0800
2023-04-27 18:39:14.092747+00:00,12,12.00,92,0.9200,0.08,no,FEDDECISION-23MAY-H0,2d49959e-d025-4a32-a151-d27e8d84d614,0.08,0.0800
2023-04-27 18:39:14.092747+00:00,488,488.00,92,0.9200,0.08,no,FEDDECISION-23MAY-H0,4537d78c-8b06-456a-9a94-28dafcf08933,0.08,0.0800
2023-04-27 20:01:33.685899+00:00,2,2.00,92,0.9200,0.08,yes,FEDDECISION-23MAY-H0,90726637-cd61-47ac-988d-c93baeacfe8d,0.08,0.0800
2023-04-27 20:41:30.133996+00:00,3000,3000.00,93,0.9300,0.07,no,FEDDECISION-23MAY-H0,8819c73b-284a-4647-9edd-6a8d2bda9650,0.07,0.0700
2023-04-27 20:41:30.133996+00:00,35,35.00,93,0.9300,0.07,no,FEDDECISION-23MAY-H0,0dd13e64-512a-4345-8277-35c7c641a0c8,0.07,0.0700
2023-04-27 20:41:34.274056+00:00,198,198.00,92,0.9200,0.08,yes,FEDDECISION-23MAY-H0,1041bbf2-8a0f-4387-af6f-ff3c890f03bc,0.08,0.0800
2023-04-27 20:41:34.274056+00:00,702,702.00,92,0.9200,0.08,yes,FEDDECISION-23MAY-H0,c238cebe-5993-4b08-9a4b-ac6bb695dd8a,0.08,0.0800
2023-04-27 20:43:56.942325+00:00,535,535.00,93,0.9300,0.07,no,FEDDECISION-23MAY-H0,c0dae6f7-bde3-4e11-91bb-31610996fb07,0.07,0.0700
2023-04-27 20:43:56.942325+00:00,1965,1965.00,93,0.9300,0.07,no,FEDDECISION-23MAY-H0,ea137729-04e8-4849-99b8-4b33b9b65e78,0.07,0.0700
2023-04-27 20:57:33.846257+00:00,3000,3000.00,93,0.9300,0.07,no,FEDDECISION-23MAY-H0,d651d15a-9a49-4099-a5cb-73737201f128,0.07,0.0700
2023-04-27 21:15:59.919798+00:00,611,611.00,94,0.9400,0.06,no,FEDDECISION-23MAY-H0,9abd1ae5-ed63-4a25-a0c0-25554d006a1c,0.06,0.0600
2023-04-27 21:15:59.919798+00:00,2898,2898.00,94,0.9400,0.06,no,FEDDECISION-23MAY-H0,e084ac67-9802-4869-9c43-86e133f42656,0.06,0.0600
2023-04-28 14:11:39.458082+00:00,1000,1000.00,94,0.9400,0.06,no,FEDDECISION-23MAY-H0,311895b4-d6a8-4230-9b1f-1c67e6919941,0.06,0.0600
2023-04-28 14:24:56.953795+00:00,250,250.00,94,0.9400,0.06,no,FEDDECISION-23MAY-H0,79185d92-e5f5-4fcd-9056-0c3e8793d3f6,0.06,0.0600
2023-04-28 14:24:56.960303+00:00,38,38.00,94,0.9400,0.06,no,FEDDECISION-23MAY-H0,039807e6-7bc0-496f-ab81-6a6cb8d55cf1,0.06,0.0600
2023-04-28 14:24:56.961580+00:00,10,10.00,94,0.9400,0.06,no,FEDDECISION-23MAY-H0,22b40b8d-8db2-4fa3-9fa6-8c3e0573dd44,0.06,0.0600
2023-04-28 14:24:57.055145+00:00,250,250.00,94,0.9400,0.06,no,FEDDECISION-23MAY-H0,2f14cb64-90b0-486a-a1df-aaf83d058217,0.06,0.0600
2023-04-28 14:24:57.058767+00:00,38,38.00,94,0.9400,0.06,no,FEDDECISION-23MAY-H0,6e46a3f1-0cdd-4749-a487-b248a13f777e,0.06,0.0600
2023-04-28 14:24:57.067712+00:00,38,38.00,94,0.9400,0.06,no,FEDDECISION-23MAY-H0,67e7e56b-8611-443d-90d2-9a0d629a7dab,0.06,0.0600
2023-04-28 14:24:57.069914+00:00,38,38.00,94,0.9400,0.06,no,FEDDECISION-23MAY-H0,ea680464-1f22-42ed-a807-afcb9cca653d,0.06,0.0600
2023-04-28 14:24:57.070815+00:00,38,38.00,94,0.9400,0.06,no,FEDDECISION-23MAY-H0,fd2d2cab-8304-4c31-b8c3-30c0a54b055b,0.06,0.0600
2023-04-28 14:24:57.074366+00:00,38,38.00,94,0.9400,0.06,no,FEDDECISION-23MAY-H0,1ebf0c5b-bfc7-458b-985e-04a4ddb94344,0.06,0.0600
2023-04-28 14:24:57.075397+00:00,38,38.00,94,0.9400,0.06,no,FEDDECISION-23MAY-H0,13740d87-b030-4042-9bf6-7e933d04beeb,0.06,0.0600
2023-04-28 14:24:57.079972+00:00,38,38.00,94,0.9400,0.06,no,FEDDECISION-23MAY-H0,15c1ff5e-d01b-4698-aead-17d82c952e60,0.06,0.0600
2023-04-28 14:24:57.082276+00:00,38,38.00,94,0.9400,0.06,no,FEDDECISION-23MAY-H0,da3c2f89-ff3c-4afd-a618-65e927695832,0.06,0.0600
2023-04-28 14:24:57.084427+00:00,38,38.00,94,0.9400,0.06,no,FEDDECISION-23MAY-H0,22fb0b35-e0c2-48ca-97d7-cd7494c1dcfd,0.06,0.0600
2023-04-28 14:24:57.085503+00:00,38,38.00,94,0.9400,0.06,no,FEDDECISION-23MAY-H0,c1e52d7c-6100-43a3-b664-71d79e3d3050,0.06,0.0600
2023-04-28 14:24:57.089431+00:00,38,38.00,94,0.9400,0.06,no,FEDDECISION-23MAY-H0,c97b3757-225d-4f3b-8c4f-616d226a12b9,0.06,0.0600
2023-04-28 14:24:57.090403+00:00,38,38.00,94,0.9400,0.06,no,FEDDECISION-23MAY-H0,a0642c90-20d9-4235-a448-274748d11aa3,0.06,0.0600
2023-04-28 14:24:57.093252+00:00,38,38.00,94,0.9400,0.06,no,FEDDECISION-23MAY-H0,ff3eb23f-8bd3-4a4e-98f9-f39834d3551f,0.06,0.0600
2023-04-28 14:24:57.165189+00:00,34,34.00,94,0.9400,0.06,no,FEDDECISION-23MAY-H0,780b9147-f00c-46cb-823f-57692fc102d5,0.06,0.0600
2023-04-28 14:25:05.611779+00:00,687,687.00,94,0.9400,0.06,no,FEDDECISION-23MAY-H0,b9e19d92-80d5-437c-968a-c4590bf751de,0.06,0.0600
2023-04-28 14:25:05.611779+00:00,313,313.00,94,0.9400,0.06,no,FEDDECISION-23MAY-H0,6d090e52-5564-4fff-8d53-0637c9b79af7,0.06,0.0600
2023-04-28 14:25:44.592991+00:00,18,18.00,94,0.9400,0.06,no,FEDDECISION-23MAY-H0,c7214fa1-005b-483f-9956-c2b85ecb2041,0.06,0.0600
2023-04-28 14:29:19.750688+00:00,10,10.00,95,0.9500,0.05,no,FEDDECISION-23MAY-H0,ccb12000-fa0a-4b38-8f38-eff1248a92e9,0.05,0.0500
2023-04-28 14:33:24.942813+00:00,208,208.00,96,0.9600,0.04,no,FEDDECISION-23MAY-H0,7295ef28-050c-4c83-a89a-0dbf73a70bc1,0.04,0.0400
2023-04-28 14:54:24.972969+00:00,191,191.00,96,0.9600,0.04,no,FEDDECISION-23MAY-H0,5508999a-46b0-4fbf-bc5c-8c70be27f748,0.04,0.0400
2023-04-28 17:12:33.912495+00:00,200,200.00,95,0.9500,0.05,yes,FEDDECISION-23MAY-H0,f1ae183e-bfd7-4f63-8ac9-9777af20e50e,0.05,0.0500
2023-04-28 17:18:27.542749+00:00,2300,2300.00,95,0.9500,0.05,yes,FEDDECISION-23MAY-H0,837a3f40-852e-41e9-a4e0-c44b4babe509,0.05,0.0500
2023-04-28 17:29:15.756469+00:00,6,6.00,95,0.9500,0.05,no,FEDDECISION-23MAY-H0,fd903680-6d73-4e25-b65d-7657e951ebf3,0.05,0.0500
2023-04-28 17:29:29.560018+00:00,6,6.00,95,0.9500,0.05,no,FEDDECISION-23MAY-H0,92cc4a2c-837a-40f5-be85-d339a324a0d9,0.05,0.0500
2023-04-28 17:29:33.163046+00:00,5,5.00,95,0.9500,0.05,no,FEDDECISION-23MAY-H0,ee4c4728-a787-41bc-8d34-a3492fd094d7,0.05,0.0500
2023-04-28 17:38:18.457559+00:00,5,5.00,95,0.9500,0.05,no,FEDDECISION-23MAY-H0,1195110c-d4c6-4270-8fbc-88f9f17bfd99,0.05,0.0500
2023-04-28 18:20:46.755947+00:00,5,5.00,95,0.9500,0.05,no,FEDDECISION-23MAY-H0,84274e6c-5719-409e-a028-2595cd852a56,0.05,0.0500
2023-04-28 18:28:30.592920+00:00,22,22.00,95,0.9500,0.05,no,FEDDECISION-23MAY-H0,8d8794ff-8e8c-45d1-86c1-cf146a3e873e,0.05,0.0500
2023-04-28 18:28:40.137894+00:00,22,22.00,95,0.9500,0.05,no,FEDDECISION-23MAY-H0,c1c75266-6cfa-450a-b27f-03cc72789823,0.05,0.0500
2023-04-28 18:28:49.640303+00:00,21,21.00,95,0.9500,0.05,no,FEDDECISION-23MAY-H0,21ad76ff-3dc8-4914-914e-ab55ebea26e9,0.05,0.0500
2023-04-28 18:28:59.141599+00:00,21,21.00,95,0.9500,0.05,no,FEDDECISION-23MAY-H0,3a7e68c5-286a-4eaf-856b-ca6f5f0d605c,0.05,0.0500
2023-04-28 18:29:08.622225+00:00,20,20.00,95,0.9500,0.05,no,FEDDECISION-23MAY-H0,8c9ad915-af6d-42a3-ac10-6d4e183a260e,0.05,0.0500
2023-04-28 18:29:18.150709+00:00,20,20.00,95,0.9500,0.05,no,FEDDECISION-23MAY-H0,969003bb-2254-4b83-99d9-04b67db10dac,0.05,0.0500
2023-04-28 18:29:27.699522+00:00,20,20.00,95,0.9500,0.05,no,FEDDECISION-23MAY-H0,d5712464-ccaa-41f2-af03-a2c2e0dab923,0.05,0.0500
2023-04-28 18:29:37.173310+00:00,19,19.00,95,0.9500,0.05,no,FEDDECISION-23MAY-H0,399caf61-2636-45c8-8391-7aecdd62ed4c,0.05,0.0500
2023-04-28 18:29:46.681184+00:00,19,19.00,95,0.9500,0.05,no,FEDDECISION-23MAY-H0,62b9b464-859f-4481-90b8-9ac666d627e5,0.05,0.0500
2023-04-28 18:29:56.130608+00:00,19,19.00,95,0.9500,0.05,no,FEDDECISION-23MAY-H0,3b8f6620-55ca-48e9-bfc4-c5929eb7f0ed,0.05,0.0500
2023-04-28 18:30:05.656820+00:00,18,18.00,95,0.9500,0.05,no,FEDDECISION-23MAY-H0,38181e60-deed-4af5-ac03-f7c524ef45f2,0.05,0.0500
2023-04-28 18:30:15.153990+00:00,18,18.00,95,0.9500,0.05,no,FEDDECISION-23MAY-H0,8c1cb523-4539-4f3f-a048-384481274cec,0.05,0.0500
2023-04-28 18:30:24.666778+00:00,18,18.00,95,0.9500,0.05,no,FEDDECISION-23MAY-H0,6e0550a4-9895-4edd-94a2-92cad180e22a,0.05,0.0500
2023-04-28 18:30:34.214738+00:00,16,16.00,95,0.9500,0.05,no,FEDDECISION-23MAY-H0,9e1f86db-7156-4d5e-94fb-6cedd4ed6dd4,0.05,0.0500
2023-04-28 19:16:15.006960+00:00,5,5.00,96,0.9600,0.04,no,FEDDECISION-23MAY-H0,5258ee5f-492d-4fa9-b3e5-e4a505d08aec,0.04,0.0400
2023-04-28 20:18:07.884866+00:00,5,5.00,95,0.9500,0.05,yes,FEDDECISION-23MAY-H0,f299f11c-4bf0-490a-8ad7-4abe4ece9e6f,0.05,0.0500
2023-04-28 20:18:15.456838+00:00,35,35.00,95,0.9500,0.05,no,FEDDECISION-23MAY-H0,57e594a8-0079-44a8-b66c-9f9f80ce5132,0.05,0.0500
2023-04-28 20:19:44.911175+00:00,29,29.00,95,0.9500,0.05,no,FEDDECISION-23MAY-H0,10684f5a-8138-426f-b0d9-d9437fd52438,0.05,0.0500
2023-04-28 20:19:53.129198+00:00,29,29.00,95,0.9500,0.05,no,FEDDECISION-23MAY-H0,e075f7b2-16e3-4f73-8fee-0bbadd211795,0.05,0.0500
2023-04-28 20:20:01.334465+00:00,2,2.00,95,0.9500,0.05,no,FEDDECISION-23MAY-H0,07c02786-dd92-4a0c-adcd-55063e2215d2,0.05,0.0500
2023-04-28 20:59:09.451810+00:00,30,30.00,95,0.9500,0.05,yes,FEDDECISION-23MAY-H0,33cde3a2-6009-4200-8a15-db74eec6e4f5,0.05,0.0500
2023-04-28 21:09:01.267819+00:00,435,435.00,95,0.9500,0.05,no,FEDDECISION-23MAY-H0,9f1ae35d-3357-4e10-9b0b-9a91e826848d,0.05,0.0500
2023-04-28 21:09:35.677353+00:00,320,320.00,95,0.9500,0.05,no,FEDDECISION-23MAY-H0,6619fe33-5026-4699-bf9a-eb4ac7c7157d,0.05,0.0500
2023-04-28 21:10:07.680896+00:00,236,236.00,95,0.9500,0.05,no,FEDDECISION-23MAY-H0,1f1f1b6c-9230-4446-a751-1f0eedf9da8a,0.05,0.0500
2023-04-29 01:21:04.430309+00:00,153,153.00,95,0.9500,0.05,no,FEDDECISION-23MAY-H0,fb947aef-5800-4e54-bafb-bd6adb3afed3,0.05,0.0500
2023-04-29 02:34:24.489092+00:00,15,15.00,94,0.9400,0.06,yes,FEDDECISION-23MAY-H0,9966e46f-c1d5-4869-92ce-76ee6aa7091d,0.06,0.0600
2023-04-29 13:08:46.096078+00:00,20,20.00,94,0.9400,0.06,yes,FEDDECISION-23MAY-H0,4e234006-067e-4f42-a319-5fe862ef439e,0.06,0.0600
2023-04-29 16:57:58.101812+00:00,234,234.00,94,0.9400,0.06,yes,FEDDECISION-23MAY-H0,9873bcaf-ed7c-40b3-b9b2-b8a7cced2ad7,0.06,0.0600
2023-04-29 17:08:58.633082+00:00,50,50.00,94,0.9400,0.06,yes,FEDDECISION-23MAY-H0,7bde335c-cef1-4042-b3d9-63adb0955f4e,0.06,0.0600
2023-04-29 17:19:50.579733+00:00,64,64.00,95,0.9500,0.05,no,FEDDECISION-23MAY-H0,a7bc6661-273c-48e3-b5bf-f5441385d0b2,0.05,0.0500
2023-04-29 17:20:03.331222+00:00,63,63.00,95,0.9500,0.05,no,FEDDECISION-23MAY-H0,97be46da-a44d-4e47-b117-2f07e7fd9e0e,0.05,0.0500
2023-04-29 17:20:15.814076+00:00,62,62.00,95,0.9500,0.05,no,FEDDECISION-23MAY-H0,80e724cf-7b98-4ecc-8164-2c94a1d8ab07,0.05,0.0500
2023-04-29 17:20:28.498812+00:00,61,61.00,95,0.9500,0.05,no,FEDDECISION-23MAY-H0,68580a63-db97-44aa-9600-e5f0f3d15973,0.05,0.0500
2023-04-29 17:20:40.945642+00:00,60,60.00,95,0.9500,0.05,no,FEDDECISION-23MAY-H0,8f0f68b0-925b-40b5-9c8e-7b38d8884d4f,0.05,0.0500
2023-04-29 17:20:53.484173+00:00,59,59.00,95,0.9500,0.05,no,FEDDECISION-23MAY-H0,f481de8d-a8e5-423e-aa1b-e408f649dd0f,0.05,0.0500
2023-04-29 17:21:05.789093+00:00,31,31.00,95,0.9500,0.05,no,FEDDECISION-23MAY-H0,362b4b5b-78b2-45c7-b792-c1beb58ff6b2,0.05,0.0500
2023-04-29 18:11:50.712854+00:00,212,212.00,95,0.9500,0.05,no,FEDDECISION-23MAY-H0,4525cbad-aac4-4d94-b10c-b7e340051569,0.05,0.0500
2023-04-29 18:11:58.040057+00:00,214,214.00,95,0.9500,0.05,no,FEDDECISION-23MAY-H0,db095451-585d-44fb-ba9e-f0aa2c45c067,0.05,0.0500
2023-04-29 18:11:58.040057+00:00,86,86.00,95,0.9500,0.05,no,FEDDECISION-23MAY-H0,d1cf1651-2721-4d49-a657-39e7e815fa43,0.05,0.0500
2023-04-29 18:32:40.462122+00:00,1914,1914.00,95,0.9500,0.05,no,FEDDECISION-23MAY-H0,fa359c29-0fba-412b-8219-14a46148f041,0.05,0.0500
2023-04-29 18:50:54.451126+00:00,40,40.00,95,0.9500,0.05,no,FEDDECISION-23MAY-H0,ce33ef6f-fa09-4010-81f9-468f12123de1,0.05,0.0500
2023-04-29 19:25:03.561820+00:00,10,10.00,95,0.9500,0.05,no,FEDDECISION-23MAY-H0,db55a319-a565-43bb-8ffd-e446ad44254c,0.05,0.0500
2023-04-29 20:15:21.493308+00:00,100,100.00,94,0.9400,0.06,yes,FEDDECISION-23MAY-H0,6958c5a2-9164-4fc6-a5f8-abefc7d01a7b,0.06,0.0600
2023-04-30 15:40:31.901503+00:00,1000,1000.00,95,0.9500,0.05,no,FEDDECISION-23MAY-H0,e2dc90ca-c93f-4170-93d0-0f3b2a19f132,0.05,0.0500
2023-04-30 15:56:24.587248+00:00,100,100.00,95,0.9500,0.05,no,FEDDECISION-23MAY-H0,cbc2734d-7659-486b-bc48-6c1366e74752,0.05,0.0500
2023-04-30 16:15:37.617153+00:00,300,300.00,94,0.9400,0.06,yes,FEDDECISION-23MAY-H0,4ace7da2-43c9-42d4-9c51-3bcdac39dd7f,0.06,0.0600
2023-04-30 16:16:47.179899+00:00,300,300.00,94,0.9400,0.06,yes,FEDDECISION-23MAY-H0,3e97139b-300a-46c5-aded-f6bea20254ae,0.06,0.0600
2023-04-30 16:51:35.016454+00:00,100,100.00,95,0.9500,0.05,no,FEDDECISION-23MAY-H0,2f1a6582-6a97-4804-a58b-2ac654fdfcd4,0.05,0.0500
2023-04-30 18:37:48.222017+00:00,500,500.00,95,0.9500,0.05,no,FEDDECISION-23MAY-H0,cb52ac2d-ca3e-4872-bc59-edb318818fda,0.05,0.0500
2023-04-30 22:23:05.487633+00:00,564,564.00,95,0.9500,0.05,yes,FEDDECISION-23MAY-H0,506bc50d-a905-40e9-ba0b-bf87ec484fef,0.05,0.0500
2023-05-01 03:32:26.879268+00:00,2000,2000.00,95,0.9500,0.05,yes,FEDDECISION-23MAY-H0,be24c06b-a75c-4394-8650-02270388dfdd,0.05,0.0500
2023-05-01 03:33:09.475546+00:00,436,436.00,95,0.9500,0.05,yes,FEDDECISION-23MAY-H0,ab205076-b12f-46f2-989b-026e5bf6d433,0.05,0.0500
2023-05-01 13:17:38.374515+00:00,80,80.00,94,0.9400,0.06,yes,FEDDECISION-23MAY-H0,bb845e54-dd6e-4ccb-835a-a80eed0b3848,0.06,0.0600
2023-05-01 13:36:02.972604+00:00,302,302.00,96,0.9600,0.04,no,FEDDECISION-23MAY-H0,ac0f98b6-35e1-408a-8924-e4df47adb24b,0.04,0.0400
2023-05-01 16:51:47.877182+00:00,300,300.00,96,0.9600,0.04,no,FEDDECISION-23MAY-H0,8e21f54c-7a7c-4386-bf57-a6aa103cb40a,0.04,0.0400
2023-05-01 16:58:17.168365+00:00,1000,1000.00,95,0.9500,0.05,yes,FEDDECISION-23MAY-H0,4cba9483-8939-4939-a637-9d10d4227353,0.05,0.0500
2023-05-01 17:22:09.872863+00:00,500,500.00,95,0.9500,0.05,yes,FEDDECISION-23MAY-H0,5036a1ed-4415-4a27-9b90-661235837e95,0.05,0.0500
2023-05-01 17:22:09.872863+00:00,90,90.00,95,0.9500,0.05,yes,FEDDECISION-23MAY-H0,86f9b024-e7c2-4da6-a835-ceff7e3aeac0,0.05,0.0500
2023-05-01 17:22:19.686283+00:00,98,98.00,95,0.9500,0.05,no,FEDDECISION-23MAY-H0,4aaac8d3-b9af-4316-895b-84caaa414d2f,0.05,0.0500
2023-05-01 19:39:43.629668+00:00,10,10.00,96,0.9600,0.04,no,FEDDECISION-23MAY-H0,59b91fc1-f63c-45a2-87bf-7307e3488df3,0.04,0.0400
2023-05-01 21:21:54.331307+00:00,1,1.00,96,0.9600,0.04,no,FEDDECISION-23MAY-H0,a621bbfc-8b84-4bb0-b865-cf52ed29375e,0.04,0.0400
2023-05-01 21:21:54.331307+00:00,90,90.00,96,0.9600,0.04,no,FEDDECISION-23MAY-H0,3fa97970-7f26-4fe7-8c75-bfa303a8052b,0.04,0.0400
2023-05-01 21:21:54.331307+00:00,600,600.00,96,0.9600,0.04,no,FEDDECISION-23MAY-H0,5a9439a9-14d5-4066-9f65-ba1245574d13,0.04,0.0400
2023-05-01 22:06:23.350083+00:00,80,80.00,96,0.9600,0.04,no,FEDDECISION-23MAY-H0,6b4f7f9c-00f2-47ac-baaa-44d9bc35420e,0.04,0.0400
2023-05-01 22:06:23.350083+00:00,2,2.00,96,0.9600,0.04,no,FEDDECISION-23MAY-H0,f407b900-eb6f-492a-b6a1-2560d7e6b90e,0.04,0.0400
2023-05-01 23:02:05.115680+00:00,6,6.00,95,0.9500,0.05,yes,FEDDECISION-23MAY-H0,bf3a2805-7ee9-4079-8ed8-9574f3921f68,0.05,0.0500
2023-05-01 23:02:05.115680+00:00,4,4.00,95,0.9500,0.05,yes,FEDDECISION-23MAY-H0,f0115bc9-11d9-4d7e-a425-cc0dc49cdc20,0.05,0.0500
2023-05-01 23:21:38.936165+00:00,7,7.00,95,0.9500,0.05,yes,FEDDECISION-23MAY-H0,38953b10-b615-4d6a-9550-a6b6897a784f,0.05,0.0500
2023-05-01 23:21:38.936165+00:00,11,11.00,95,0.9500,0.05,yes,FEDDECISION-23MAY-H0,dbb9c0cd-9ebd-4d7a-a1b7-98788f687a85,0.05,0.0500
2023-05-02 00:57:52.396002+00:00,8,8.00,96,0.9600,0.04,no,FEDDECISION-23MAY-H0,c0403ac7-6ef2-435b-b80f-bf7f0c1846a2,0.04,0.0400
2023-05-02 00:57:52.427696+00:00,2,2.00,96,0.9600,0.04,no,FEDDECISION-23MAY-H0,8a398ad0-8e9a-499c-926b-94bd9ccfac35,0.04,0.0400
2023-05-02 00:57:52.492905+00:00,8,8.00,96,0.9600,0.04,no,FEDDECISION-23MAY-H0,fdd722fa-6128-4a59-b4ea-0882d150fc3a,0.04,0.0400
2023-05-02 00:57:52.496712+00:00,8,8.00,96,0.9600,0.04,no,FEDDECISION-23MAY-H0,b215756c-77d9-497d-91c2-71125db08608,0.04,0.0400
2023-05-02 00:57:52.504488+00:00,8,8.00,96,0.9600,0.04,no,FEDDECISION-23MAY-H0,029021f7-57b3-4157-abfd-a427108ae69a,0.04,0.0400
2023-05-02 00:57:52.505646+00:00,8,8.00,96,0.9600,0.04,no,FEDDECISION-23MAY-H0,20e3b5c3-e61c-4e92-835a-cba291c8a093,0.04,0.0400
2023-05-02 00:57:52.507066+00:00,8,8.00,96,0.9600,0.04,no,FEDDECISION-23MAY-H0,5ce430c8-e61e-4230-9469-1b6c9333b1d7,0.04,0.0400
2023-05-02 00:57:52.590200+00:00,8,8.00,96,0.9600,0.04,no,FEDDECISION-23MAY-H0,85ae0790-7e2c-4f6c-b0dc-c16062e86345,0.04,0.0400
2023-05-02 00:57:52.594979+00:00,8,8.00,96,0.9600,0.04,no,FEDDECISION-23MAY-H0,72f0bba1-a372-4c1c-bc29-cd84e04c392c,0.04,0.0400
2023-05-02 00:57:52.597413+00:00,8,8.00,96,0.9600,0.04,no,FEDDECISION-23MAY-H0,cda602cd-8ca1-44cb-828c-3019c7dfa633,0.04,0.0400
2023-05-02 00:57:52.598584+00:00,8,8.00,96,0.9600,0.04,no,FEDDECISION-23MAY-H0,3ea134c9-bbdb-4975-a874-c5ac9965bc79,0.04,0.0400
2023-05-02 00:57:52.601915+00:00,8,8.00,96,0.9600,0.04,no,FEDDECISION-23MAY-H0,76af8be2-29a6-4b71-b7e4-dd97b2504c78,0.04,0.0400
2023-05-02 00:57:52.604734+00:00,8,8.00,96,0.9600,0.04,no,FEDDECISION-23MAY-H0,c9a6cd78-fdfe-4354-aa5f-d01e7070158b,0.04,0.0400
2023-05-02 00:57:52.627471+00:00,8,8.00,96,0.9600,0.04,no,FEDDECISION-23MAY-H0,467e358e-8ed0-46e2-8c6d-8ee8d9c05271,0.04,0.0400
2023-05-02 00:57:52.652196+00:00,8,8.00,96,0.9600,0.04,no,FEDDECISION-23MAY-H0,f372603f-e5c2-43c8-90f0-083136faaf55,0.04,0.0400
2023-05-02 00:57:52.656379+00:00,8,8.00,96,0.9600,0.04,no,FEDDECISION-23MAY-H0,2aab155d-cf14-45b7-a65d-72b04e47f9b5,0.04,0.0400
2023-05-02 00:57:52.678887+00:00,8,8.00,96,0.9600,0.04,no,FEDDECISION-23MAY-H0,a23b313b-d5d5-44d0-99d6-9b7d2ebd734e,0.04,0.0400
2023-05-02 00:57:52.694036+00:00,8,8.00,96,0.9600,0.04,no,FEDDECISION-23MAY-H0,e22c111f-de98-4609-97c2-8ce53c3edaab,0.04,0.0400
2023-05-02 00:57:52.695309+00:00,8,8.00,96,0.9600,0.04,no,FEDDECISION-23MAY-H0,427b99f7-93e6-4e1e-9f0d-2ee1290429ac,0.04,0.0400
2023-05-02 00:57:52.700487+00:00,8,8.00,96,0.9600,0.04,no,FEDDECISION-23MAY-H0,bbfb9927-adcf-46ab-b462-bbfa50cefc0e,0.04,0.0400
2023-05-02 00:57:52.701640+00:00,8,8.00,96,0.9600,0.04,no,FEDDECISION-23MAY-H0,8fc42922-cfcb-4e81-bb3d-61a92db7f5b2,0.04,0.0400
2023-05-02 00:57:52.707144+00:00,8,8.00,96,0.9600,0.04,no,FEDDECISION-23MAY-H0,0e821b43-a9d4-440b-9236-c10b68132c47,0.04,0.0400
2023-05-02 00:57:52.709253+00:00,8,8.00,96,0.9600,0.04,no,FEDDECISION-23MAY-H0,0bed8378-a20d-43f1-9054-d6a810281866,0.04,0.0400
2023-05-02 00:57:52.711590+00:00,8,8.00,96,0.9600,0.04,no,FEDDECISION-23MAY-H0,40310cf9-baa0-4c45-8edb-fc9c4905f05e,0.04,0.0400
2023-05-02 00:57:52.725687+00:00,8,8.00,96,0.9600,0.04,no,FEDDECISION-23MAY-H0,c5770775-e033-4849-9065-dfe22f1176f2,0.04,0.0400
2023-05-02 00:57:52.727715+00:00,8,8.00,96,0.9600,0.04,no,FEDDECISION-23MAY-H0,29f57e88-38d1-4704-8d65-c6dec760adcc,0.04,0.0400
2023-05-02 00:57:52.756404+00:00,8,8.00,96,0.9600,0.04,no,FEDDECISION-23MAY-H0,b4be69b4-b97d-44be-9ab6-ebf88c27b6c1,0.04,0.0400
2023-05-02 00:57:52.759306+00:00,8,8.00,96,0.9600,0.04,no,FEDDECISION-23MAY-H0,2412655f-8a0f-4e5a-b528-f85d3a0a2cae,0.04,0.0400
2023-05-02 00:57:52.760929+00:00,8,8.00,96,0.9600,0.04,no,FEDDECISION-23MAY-H0,4ad4e04e-a977-49ec-b1ec-6228838a0cd1,0.04,0.0400
2023-05-02 00:57:52.766025+00:00,8,8.00,96,0.9600,0.04,no,FEDDECISION-23MAY-H0,f7d252a0-0627-449f-83e3-15afb0fe08dc,0.04,0.0400
2023-05-02 00:57:52.788377+00:00,8,8.00,96,0.9600,0.04,no,FEDDECISION-23MAY-H0,fc78c744-6405-4f95-9f0b-b966c4ed8104,0.04,0.0400
2023-05-02 00:57:52.794764+00:00,8,8.00,96,0.9600,0.04,no,FEDDECISION-23MAY-H0,b5e79cd9-9dee-4b95-b967-3323742fc7ef,0.04,0.0400
2023-05-02 00:57:52.796878+00:00,8,8.00,96,0.9600,0.04,no,FEDDECISION-23MAY-H0,a70b9b29-b598-496f-b21d-b13b5e18e9b8,0.04,0.0400
2023-05-02 00:57:52.797896+00:00,8,8.00,96,0.9600,0.04,no,FEDDECISION-23MAY-H0,a49355a6-7146-480c-9712-443bd733f181,0.04,0.0400
2023-05-02 00:57:52.804344+00:00,8,8.00,96,0.9600,0.04,no,FEDDECISION-23MAY-H0,ea6f91cf-5f4a-490a-ab51-5ce7a2edf365,0.04,0.0400
2023-05-02 00:57:52.807275+00:00,8,8.00,96,0.9600,0.04,no,FEDDECISION-23MAY-H0,a5128745-2fd7-47bc-ad2a-dd43761d16ff,0.04,0.0400
2023-05-02 00:57:52.810762+00:00,8,8.00,96,0.9600,0.04,no,FEDDECISION-23MAY-H0,c9f4615b-73d8-4585-b841-8cca752e2844,0.04,0.0400
2023-05-02 00:57:52.811999+00:00,8,8.00,96,0.9600,0.04,no,FEDDECISION-23MAY-H0,69973323-951e-40d8-807b-9d7d9a0683d5,0.04,0.0400
2023-05-02 00:57:52.814180+00:00,8,8.00,96,0.9600,0.04,no,FEDDECISION-23MAY-H0,6491c268-c058-46f0-b9f4-36a80667774a,0.04,0.0400
2023-05-02 00:57:52.817542+00:00,8,8.00,96,0.9600,0.04,no,FEDDECISION-23MAY-H0,9f3a0082-ea4e-4fe5-a97b-2b179f99e75d,0.04,0.0400
2023-05-02 00:57:52.819419+00:00,8,8.00,96,0.9600,0.04,no,FEDDECISION-23MAY-H0,5b6b183f-94b5-4d27-bd95-2472787ea026,0.04,0.0400
2023-05-02 00:57:52.820558+00:00,8,8.00,96,0.9600,0.04,no,FEDDECISION-23MAY-H0,5f5b9922-1a4c-4bf7-9993-d6aaf8ee6b21,0.04,0.0400
2023-05-02 00:57:52.821709+00:00,8,8.00,96,0.9600,0.04,no,FEDDECISION-23MAY-H0,dc988e94-945a-4c1a-aa62-658c1ca4fb9c,0.04,0.0400
2023-05-02 00:57:52.824544+00:00,8,8.00,96,0.9600,0.04,no,FEDDECISION-23MAY-H0,2ed84e5b-9081-41e1-b49e-a61052c3efe0,0.04,0.0400
2023-05-02 00:57:52.825380+00:00,8,8.00,96,0.9600,0.04,no,FEDDECISION-23MAY-H0,ce95a0bb-5f0d-4047-9a56-46448e4ae866,0.04,0.0400
2023-05-02 00:57:52.834497+00:00,8,8.00,96,0.9600,0.04,no,FEDDECISION-23MAY-H0,abce3db2-d8c4-4b47-b325-fd68daa3b591,0.04,0.0400
2023-05-02 00:57:52.837568+00:00,8,8.00,96,0.9600,0.04,no,FEDDECISION-23MAY-H0,7dcf3a1b-197e-42ea-a936-10ac77044a41,0.04,0.0400
2023-05-02 00:57:52.841586+00:00,8,8.00,96,0.9600,0.04,no,FEDDECISION-23MAY-H0,e4f83598-db07-4e17-9137-c7a33eb5d7ec,0.04,0.0400
2023-05-02 00:57:52.842628+00:00,8,8.00,96,0.9600,0.04,no,FEDDECISION-23MAY-H0,21b23ff8-2d9e-41bf-b2d2-773290c70f1d,0.04,0.0400
2023-05-02 00:57:52.845975+00:00,8,8.00,96,0.9600,0.04,no,FEDDECISION-23MAY-H0,98e11da7-c597-4890-b8d6-82a7001abf30,0.04,0.0400
2023-05-02 00:57:52.850227+00:00,8,8.00,96,0.9600,0.04,no,FEDDECISION-23MAY-H0,d1a49673-4500-4f9b-84fe-07fa520972e5,0.04,0.0400
2023-05-02 00:57:52.854000+00:00,8,8.00,96,0.9600,0.04,no,FEDDECISION-23MAY-H0,c8d0420d-e61f-4827-ae59-6659d1c49433,0.04,0.0400
2023-05-02 00:57:52.857202+00:00,8,8.00,96,0.9600,0.04,no,FEDDECISION-23MAY-H0,41c99b93-debe-4b6c-820a-3c5c109b8976,0.04,0.0400
2023-05-02 00:57:52.863578+00:00,8,8.00,96,0.9600,0.04,no,FEDDECISION-23MAY-H0,684ef3cf-1d8e-4465-8d1a-b7eda465065c,0.04,0.0400
2023-05-02 00:57:52.865432+00:00,8,8.00,96,0.9600,0.04,no,FEDDECISION-23MAY-H0,2c6530c8-f364-443f-973b-0e32e9a9d82c,0.04,0.0400
2023-05-02 00:57:52.899391+00:00,8,8.00,96,0.9600,0.04,no,FEDDECISION-23MAY-H0,69a29e47-f908-43b7-8504-3ec28e60249a,0.04,0.0400
2023-05-02 00:57:52.900969+00:00,8,8.00,96,0.9600,0.04,no,FEDDECISION-23MAY-H0,3bd8fab5-2ffa-4a78-9d28-01088a76ce04,0.04,0.0400
2023-05-02 00:57:52.903110+00:00,9,9.00,96,0.9600,0.04,no,FEDDECISION-23MAY-H0,87343e36-67db-44eb-8bad-96fd4c2e0f35,0.04,0.0400
2023-05-02 00:57:52.905578+00:00,9,9.00,96,0.9600,0.04,no,FEDDECISION-23MAY-H0,0784aaf3-293d-4d0e-8e9b-3220f5b96e79,0.04,0.0400
2023-05-02 00:57:52.915079+00:00,9,9.00,96,0.9600,0.04,no,FEDDECISION-23MAY-H0,f434c4a0-d4c2-41f0-a068-36f723522eca,0.04,0.0400
2023-05-02 00:57:52.916088+00:00,9,9.00,96,0.9600,0.04,no,FEDDECISION-23MAY-H0,711c125a-72dd-42aa-9354-940d7190694c,0.04,0.0400
2023-05-02 00:57:52.919873+00:00,9,9.00,96,0.9600,0.04,no,FEDDECISION-23MAY-H0,71bc8032-a327-4e01-9b3c-f3996ff58489,0.04,0.0400
2023-05-02 00:57:52.921884+00:00,9,9.00,96,0.9600,0.04,no,FEDDECISION-23MAY-H0,63e7fbf6-7145-4c0a-836d-832085a97aaa,0.04,0.0400
2023-05-02 00:57:52.927246+00:00,9,9.00,96,0.9600,0.04,no,FEDDECISION-23MAY-H0,6bf93f67-b063-43b4-802c-4cc58efc862b,0.04,0.0400
2023-05-02 00:57:52.929209+00:00,9,9.00,96,0.9600,0.04,no,FEDDECISION-23MAY-H0,65f1f7dc-f5cd-4694-92b8-4927ead20bd4,0.04,0.0400
2023-05-02 00:57:52.932093+00:00,9,9.00,96,0.9600,0.04,no,FEDDECISION-23MAY-H0,6d18b1ad-d3a0-45c7-9830-fbda2ebb99fa,0.04,0.0400
2023-05-02 00:57:52.933190+00:00,9,9.00,96,0.9600,0.04,no,FEDDECISION-23MAY-H0,1dd3ad03-e148-495a-ada6-839f9065bea6,0.04,0.0400
2023-05-02 00:57:52.934287+00:00,9,9.00,96,0.9600,0.04,no,FEDDECISION-23MAY-H0,cd8b4a2d-4167-4cf7-b9da-ea046ab716c7,0.04,0.0400
2023-05-02 00:57:52.935272+00:00,9,9.00,96,0.9600,0.04,no,FEDDECISION-23MAY-H0,b6a48483-4af7-4863-a165-9b9e03e69dbb,0.04,0.0400
2023-05-02 00:57:52.937124+00:00,9,9.00,96,0.9600,0.04,no,FEDDECISION-23MAY-H0,20537240-19a5-4979-9c51-7b2ba5944598,0.04,0.0400
2023-05-02 00:57:52.939687+00:00,9,9.00,96,0.9600,0.04,no,FEDDECISION-23MAY-H0,39a55541-740f-47c4-b9d0-31c2cc445f09,0.04,0.0400
2023-05-02 00:57:52.947481+00:00,9,9.00,96,0.9600,0.04,no,FEDDECISION-23MAY-H0,2800e0cd-8d50-4464-9e70-687a74816d4e,0.04,0.0400
2023-05-02 00:57:52.952016+00:00,9,9.00,96,0.9600,0.04,no,FEDDECISION-23MAY-H0,dc0a6622-13e2-4098-9b03-361e2a377278,0.04,0.0400
2023-05-02 00:57:52.953068+00:00,9,9.00,96,0.9600,0.04,no,FEDDECISION-23MAY-H0,ae46c364-7255-41bf-a38b-b864278e340b,0.04,0.0400
2023-05-02 00:57:52.955183+00:00,9,9.00,96,0.9600,0.04,no,FEDDECISION-23MAY-H0,378d3942-0055-417b-8685-02e579487e30,0.04,0.0400
2023-05-02 00:57:52.959236+00:00,9,9.00,96,0.9600,0.04,no,FEDDECISION-23MAY-H0,2335443a-f5b9-4745-bf37-53ed7238bd43,0.04,0.0400
2023-05-02 00:57:52.963512+00:00,9,9.00,96,0.9600,0.04,no,FEDDECISION-23MAY-H0,97a72796-ba42-4301-8ad5-923c5ef63a1c,0.04,0.0400
2023-05-02 00:57:52.966051+00:00,9,9.00,96,0.9600,0.04,no,FEDDECISION-23MAY-H0,f4ce8aaf-7475-4678-ac61-c4ea071ba69c,0.04,0.0400
2023-05-02 00:57:52.967257+00:00,9,9.00,96,0.9600,0.04,no,FEDDECISION-23MAY-H0,b07e491b-e0e2-4e4e-b6ce-6398da56f687,0.04,0.0400
2023-05-02 00:57:52.970227+00:00,9,9.00,96,0.9600,0.04,no,FEDDECISION-23MAY-H0,dc389da6-f7eb-4c26-b717-6d0325d8f386,0.04,0.0400
2023-05-02 00:57:52.977515+00:00,9,9.00,96,0.9600,0.04,no,FEDDECISION-23MAY-H0,8e9c02e8-5af9-4b6c-bac5-ef6c6aead5e5,0.04,0.0400
2023-05-02 00:57:52.980072+00:00,9,9.00,96,0.9600,0.04,no,FEDDECISION-23MAY-H0,cf747ae5-4e09-4659-a229-38c14e7d55d2,0.04,0.0400
2023-05-02 00:57:52.981032+00:00,9,9.00,96,0.9600,0.04,no,FEDDECISION-23MAY-H0,602a9905-f562-431f-ab40-5b6a170ef0dc,0.04,0.0400
2023-05-02 00:57:52.983621+00:00,9,9.00,96,0.9600,0.04,no,FEDDECISION-23MAY-H0,404edb6b-5c0a-4fc9-9759-2a6725c9ecbb,0.04,0.0400
2023-05-02 00:57:52.984619+00:00,9,9.00,96,0.9600,0.04,no,FEDDECISION-23MAY-H0,ce60399d-8237-4ba5-b34f-83c9386a15be,0.04,0.0400
2023-05-02 00:57:52.987307+00:00,9,9.00,96,0.9600,0.04,no,FEDDECISION-23MAY-H0,c32c156e-e7c8-4416-8164-ad5e3bd989f6,0.04,0.0400
2023-05-02 00:57:52.991879+00:00,9,9.00,96,0.9600,0.04,no,FEDDECISION-23MAY-H0,4378b634-b869-4e79-aeba-de117c68eeb4,0.04,0.0400
2023-05-02 00:57:53.004488+00:00,9,9.00,96,0.9600,0.04,no,FEDDECISION-23MAY-H0,8eb53a2e-bc56-4730-af85-823606314b58,0.04,0.0400
2023-05-02 00:57:53.005476+00:00,9,9.00,96,0.9600,0.04,no,FEDDECISION-23MAY-H0,de2f780d-55bd-4e6b-a1d1-18fdcfdaf1bf,0.04,0.0400
2023-05-02 00:57:53.007366+00:00,9,9.00,96,0.9600,0.04,no,FEDDECISION-23MAY-H0,1fd7c8e6-5efa-4bc1-b512-a056b7c7f44d,0.04,0.0400
2023-05-02 00:57:53.008318+00:00,9,9.00,96,0.9600,0.04,no,FEDDECISION-23MAY-H0,eff1cf33-1531-48c0-a0c1-6c06890aa7f4,0.04,0.0400
2023-05-02 00:57:53.011331+00:00,9,9.00,96,0.9600,0.04,no,FEDDECISION-23MAY-H0,a740ff04-dae2-44b0-8a0c-9b322a1cf529,0.04,0.0400
2023-05-02 00:57:53.013427+00:00,9,9.00,96,0.9600,0.04,no,FEDDECISION-23MAY-H0,32de5aa3-d1eb-4905-83d0-e003438a556e,0.04,0.0400
2023-05-02 00:57:53.014458+00:00,9,9.00,96,0.9600,0.04,no,FEDDECISION-23MAY-H0,1d343ab5-085f-44a0-84ec-d2a8d8baecbb,0.04,0.0400
2023-05-02 00:57:53.016390+00:00,9,9.00,96,0.9600,0.04,no,FEDDECISION-23MAY-H0,24c8819c-2b2e-4fb2-b68e-3fcdfa556aa6,0.04,0.0400
2023-05-02 00:57:53.018964+00:00,9,9.00,96,0.9600,0.04,no,FEDDECISION-23MAY-H0,061a76dd-82a4-434a-b473-443a445750a6,0.04,0.0400
2023-05-02 00:57:53.030159+00:00,9,9.00,96,0.9600,0.04,no,FEDDECISION-23MAY-H0,7b656420-bd98-488a-851d-ee1f2ed8f99e,0.04,0.0400
2023-05-02 00:57:53.032322+00:00,9,9.00,96,0.9600,0.04,no,FEDDECISION-23MAY-H0,2ffb7b23-4530-4e28-bc66-f27cb3f31b8f,0.04,0.0400
2023-05-02 00:57:53.041309+00:00,9,9.00,96,0.9600,0.04,no,FEDDECISION-23MAY-H0,a4ed7b23-4816-4428-b2e6-3b22249c600d,0.04,0.0400
2023-05-02 00:57:53.042214+00:00,9,9.00,96,0.9600,0.04,no,FEDDECISION-23MAY-H0,947caade-2284-4cbe-a56a-a27a2d1a9ba3,0.04,0.0400
2023-05-02 00:57:53.047827+00:00,9,9.00,96,0.9600,0.04,no,FEDDECISION-23MAY-H0,be23266b-b12e-45c4-b7a7-757c4dd45ecd,0.04,0.0400
2023-05-02 00:57:53.048893+00:00,9,9.00,96,0.9600,0.04,no,FEDDECISION-23MAY-H0,91c21907-37af-467f-a000-8aad5561af05,0.04,0.0400
2023-05-02 00:57:53.049825+00:00,9,9.00,96,0.9600,0.04,no,FEDDECISION-23MAY-H0,9d88a15c-af60-46ef-9d08-a0369178219d,0.04,0.0400
2023-05-02 00:57:53.052054+00:00,9,9.00,96,0.9600,0.04,no,FEDDECISION-23MAY-H0,7cc07e83-9263-4773-afe3-e9bbcb212c84,0.04,0.0400
2023-05-02 00:57:53.055837+00:00,9,9.00,96,0.9600,0.04,no,FEDDECISION-23MAY-H0,fd5e3808-e289-440b-94ec-9457f0ac522b,0.04,0.0400
2023-05-02 00:57:53.058264+00:00,9,9.00,96,0.9600,0.04,no,FEDDECISION-23MAY-H0,43f1cc41-dac1-4f2f-8ea9-29c817b1e2d7,0.04,0.0400
2023-05-02 00:57:53.062287+00:00,9,9.00,96,0.9600,0.04,no,FEDDECISION-23MAY-H0,fd9bb985-13e0-4ec6-bfd1-4cb58518aaf6,0.04,0.0400
2023-05-02 00:57:53.064265+00:00,9,9.00,96,0.9600,0.04,no,FEDDECISION-23MAY-H0,610fff2e-9395-474a-b8c8-8b4b85ec0b38,0.04,0.0400
2023-05-02 00:57:53.069582+00:00,9,9.00,96,0.9600,0.04,no,FEDDECISION-23MAY-H0,7b944afe-084f-44da-a004-cb176801e271,0.04,0.0400
2023-05-02 00:57:53.071198+00:00,9,9.00,96,0.9600,0.04,no,FEDDECISION-23MAY-H0,7f48c096-8baa-4a28-8c1a-f2c19f470066,0.04,0.0400
2023-05-02 00:57:53.075736+00:00,9,9.00,96,0.9600,0.04,no,FEDDECISION-23MAY-H0,039b8d90-80e2-4733-92b4-be7c238052a6,0.04,0.0400
2023-05-02 00:57:53.082819+00:00,9,9.00,96,0.9600,0.04,no,FEDDECISION-23MAY-H0,4db7bc67-8ae7-4f6e-945a-638cf203ed5a,0.04,0.0400
2023-05-02 00:57:53.083885+00:00,9,9.00,96,0.9600,0.04,no,FEDDECISION-23MAY-H0,85aa67dc-f6fb-4556-b197-fc1dc4eb7e62,0.04,0.0400
2023-05-02 00:57:53.091002+00:00,9,9.00,96,0.9600,0.04,no,FEDDECISION-23MAY-H0,90edc5e1-001f-4947-9511-898ac6070385,0.04,0.0400
2023-05-02 00:57:53.093974+00:00,9,9.00,96,0.9600,0.04,no,FEDDECISION-23MAY-H0,eca3bf0d-3b54-4872-8591-dff09f8935e9,0.04,0.0400
2023-05-02 00:57:53.094867+00:00,9,9.00,96,0.9600,0.04,no,FEDDECISION-23MAY-H0,091518c4-965a-49f3-9165-618960c8d973,0.04,0.0400
2023-05-02 00:57:53.099305+00:00,9,9.00,96,0.9600,0.04,no,FEDDECISION-23MAY-H0,4d1a3633-d82a-4873-9d80-f28667c86e33,0.04,0.0400
2023-05-02 00:57:53.100305+00:00,9,9.00,96,0.9600,0.04,no,FEDDECISION-23MAY-H0,56fb0a10-3a93-405c-ad9c-35ef98415997,0.04,0.0400
2023-05-02 00:57:53.107697+00:00,9,9.00,96,0.9600,0.04,no,FEDDECISION-23MAY-H0,7bdf5461-f143-4bfb-9cd9-12fa878915ec,0.04,0.0400
2023-05-02 00:57:53.108625+00:00,9,9.00,96,0.9600,0.04,no,FEDDECISION-23MAY-H0,9d12264f-dc14-48f6-84de-4439d6bfedb1,0.04,0.0400
2023-05-02 00:57:53.109480+00:00,9,9.00,96,0.9600,0.04,no,FEDDECISION-23MAY-H0,ad180317-6ae5-4f86-8b33-4e2a1fd5e637,0.04,0.0400
2023-05-02 00:57:53.114278+00:00,9,9.00,96,0.9600,0.04,no,FEDDECISION-23MAY-H0,102cd50a-c5bb-4080-9b47-b2f49b20f3b9,0.04,0.0400
2023-05-02 00:57:53.118549+00:00,9,9.00,96,0.9600,0.04,no,FEDDECISION-23MAY-H0,a9f8ed15-0340-4ed9-bf54-cd8cae9691f5,0.04,0.0400
2023-05-02 00:57:53.132508+00:00,9,9.00,96,0.9600,0.04,no,FEDDECISION-23MAY-H0,958a7b7c-c91e-46b3-8957-2c95dacdd7c8,0.04,0.0400
2023-05-02 00:57:53.134745+00:00,9,9.00,96,0.9600,0.04,no,FEDDECISION-23MAY-H0,cb09cc03-7c23-4f6d-9cb2-902ce9dc23cf,0.04,0.0400
2023-05-02 00:57:53.138284+00:00,9,9.00,96,0.9600,0.04,no,FEDDECISION-23MAY-H0,933602b2-b1d0-48e8-acf9-99ee5d77c16f,0.04,0.0400
2023-05-02 00:57:53.142551+00:00,9,9.00,96,0.9600,0.04,no,FEDDECISION-23MAY-H0,f3eb2cdb-b9e3-41a9-a591-12192b3b1a05,0.04,0.0400
2023-05-02 00:57:53.144463+00:00,9,9.00,96,0.9600,0.04,no,FEDDECISION-23MAY-H0,4d0c1883-4dc5-4a44-a102-d3b61a37c3d4,0.04,0.0400
2023-05-02 00:57:53.149567+00:00,9,9.00,96,0.9600,0.04,no,FEDDECISION-23MAY-H0,fabc8681-099d-4d35-b7cb-06cdaf371bd8,0.04,0.0400
2023-05-02 00:57:53.153784+00:00,9,9.00,96,0.9600,0.04,no,FEDDECISION-23MAY-H0,099f26f9-a38b-4bd2-8fe1-7847c802469a,0.04,0.0400
2023-05-02 00:57:53.156018+00:00,9,9.00,96,0.9600,0.04,no,FEDDECISION-23MAY-H0,0929dbb9-0661-447c-befc-6d6fd3ebfa17,0.04,0.0400
2023-05-02 00:57:53.158157+00:00,9,9.00,96,0.9600,0.04,no,FEDDECISION-23MAY-H0,290c776c-ddb5-4b4a-b947-53ae4412f176,0.04,0.0400
2023-05-02 00:57:53.162427+00:00,9,9.00,96,0.9600,0.04,no,FEDDECISION-23MAY-H0,7fb75932-88b4-46c7-96d1-af22dacbe1f3,0.04,0.0400
2023-05-02 00:57:53.164840+00:00,9,9.00,96,0.9600,0.04,no,FEDDECISION-23MAY-H0,aa4836ef-802f-4e73-a3a0-9c8f506c781b,0.04,0.0400
2023-05-02 00:57:53.167006+00:00,9,9.00,96,0.9600,0.04,no,FEDDECISION-23MAY-H0,d48a6568-8e04-4b6c-bbbf-25fbdca8d246,0.04,0.0400
2023-05-02 00:57:53.170467+00:00,9,9.00,96,0.9600,0.04,no,FEDDECISION-23MAY-H0,e8bfa536-fdc8-417f-9dee-0ec045775220,0.04,0.0400
2023-05-02 00:57:53.172533+00:00,9,9.00,96,0.9600,0.04,no,FEDDECISION-23MAY-H0,80202548-0466-460d-83fb-751b0c15bfd8,0.04,0.0400
2023-05-02 00:57:53.177628+00:00,9,9.00,96,0.9600,0.04,no,FEDDECISION-23MAY-H0,741a0cdb-59dc-4a01-abd9-1df6cf31242e,0.04,0.0400
2023-05-02 00:57:53.178847+00:00,9,9.00,96,0.9600,0.04,no,FEDDECISION-23MAY-H0,1f910c00-b415-4ea2-a59e-903bfa90d9e3,0.04,0.0400
2023-05-02 00:57:53.180825+00:00,9,9.00,96,0.9600,0.04,no,FEDDECISION-23MAY-H0,4a686452-185a-4277-aff2-4098065f0508,0.04,0.0400
2023-05-02 00:57:53.184818+00:00,9,9.00,96,0.9600,0.04,no,FEDDECISION-23MAY-H0,ced4f9b0-0a54-4ce5-bed4-33a603c0e08e,0.04,0.0400
2023-05-02 00:57:53.187952+00:00,9,9.00,96,0.9600,0.04,no,FEDDECISION-23MAY-H0,f984a6bb-7b55-4f78-ba4b-c940ccf77188,0.04,0.0400
2023-05-02 00:57:53.191102+00:00,9,9.00,96,0.9600,0.04,no,FEDDECISION-23MAY-H0,cacb6cef-9f36-4187-8cb1-50185e6d664e,0.04,0.0400
2023-05-02 00:57:53.200984+00:00,9,9.00,96,0.9600,0.04,no,FEDDECISION-23MAY-H0,6fa67f0f-c7e3-43d6-8494-c0e2f992fecb,0.04,0.0400
2023-05-02 00:57:53.203508+00:00,9,9.00,96,0.9600,0.04,no,FEDDECISION-23MAY-H0,e5de21b5-6cf0-450c-a84f-f305d594fc61,0.04,0.0400
2023-05-02 00:57:53.208170+00:00,9,9.00,96,0.9600,0.04,no,FEDDECISION-23MAY-H0,9274b36b-ab44-4670-b2f5-857b372ef53c,0.04,0.0400
2023-05-02 00:57:53.211118+00:00,9,9.00,96,0.9600,0.04,no,FEDDECISION-23MAY-H0,a744fe40-c727-4f93-9bc5-aa8f51341866,0.04,0.0400
2023-05-02 00:57:53.220338+00:00,9,9.00,96,0.9600,0.04,no,FEDDECISION-23MAY-H0,397c26d2-f0f6-46a6-b844-109f5d08d614,0.04,0.0400
2023-05-02 00:57:53.221293+00:00,9,9.00,96,0.9600,0.04,no,FEDDECISION-23MAY-H0,3bde37aa-b043-40f9-942d-351a170105f4,0.04,0.0400
2023-05-02 00:57:53.224227+00:00,9,9.00,96,0.9600,0.04,no,FEDDECISION-23MAY-H0,bb7f99f0-bf89-4f1f-aef5-13b65c9970ee,0.04,0.0400
2023-05-02 00:57:53.227092+00:00,9,9.00,96,0.9600,0.04,no,FEDDECISION-23MAY-H0,55b836ca-bc46-4f1c-8ffd-7960875908f0,0.04,0.0400
2023-05-02 00:57:53.228132+00:00,9,9.00,96,0.9600,0.04,no,FEDDECISION-23MAY-H0,18dec1c7-5e77-4c71-b2ea-ade738016b1b,0.04,0.0400
2023-05-02 00:57:53.235182+00:00,9,9.00,96,0.9600,0.04,no,FEDDECISION-23MAY-H0,5febbdeb-1cd4-4b41-affa-6dddf9cac81a,0.04,0.0400
2023-05-02 00:57:53.238196+00:00,9,9.00,96,0.9600,0.04,no,FEDDECISION-23MAY-H0,712d3e43-0c7c-4954-8177-a8ffdbb986ba,0.04,0.0400
2023-05-02 00:57:53.239263+00:00,9,9.00,96,0.9600,0.04,no,FEDDECISION-23MAY-H0,5d85af2a-b3a9-4dc1-a3ff-d50e8ed21bbc,0.04,0.0400
2023-05-02 00:57:53.241276+00:00,9,9.00,96,0.9600,0.04,no,FEDDECISION-23MAY-H0,7c0c3d1b-9817-403d-87c0-06e829f911bd,0.04,0.0400
2023-05-02 00:57:53.242170+00:00,9,9.00,96,0.9600,0.04,no,FEDDECISION-23MAY-H0,3cc3a430-bf27-46be-a079-14eaea3f3afd,0.04,0.0400
2023-05-02 00:57:53.246291+00:00,9,9.00,96,0.9600,0.04,no,FEDDECISION-23MAY-H0,f9ef361c-30e9-49fe-a5ef-d38db567ad28,0.04,0.0400
2023-05-02 00:57:53.247315+00:00,9,9.00,96,0.9600,0.04,no,FEDDECISION-23MAY-H0,e806f3d2-c51f-4e2b-aa86-fc5c6d05bb76,0.04,0.0400
2023-05-02 00:57:53.250671+00:00,9,9.00,96,0.9600,0.04,no,FEDDECISION-23MAY-H0,5c3350c3-8a61-467f-86f0-e2b32712cd47,0.04,0.0400
2023-05-02 00:57:53.256642+00:00,9,9.00,96,0.9600,0.04,no,FEDDECISION-23MAY-H0,1ef7a03a-c7d9-4a41-ab57-779541aff7b9,0.04,0.0400
2023-05-02 00:57:53.257588+00:00,9,9.00,96,0.9600,0.04,no,FEDDECISION-23MAY-H0,dd2a0e80-9166-4af6-ad95-1099098e543f,0.04,0.0400
2023-05-02 00:57:53.266082+00:00,9,9.00,96,0.9600,0.04,no,FEDDECISION-23MAY-H0,c3c2d419-a0e7-4f81-b3b8-17a722a0fa03,0.04,0.0400
2023-05-02 00:57:53.267146+00:00,9,9.00,96,0.9600,0.04,no,FEDDECISION-23MAY-H0,f0270334-70fe-4904-b532-1b87a7b6d9b6,0.04,0.0400
2023-05-02 00:57:53.270206+00:00,9,9.00,96,0.9600,0.04,no,FEDDECISION-23MAY-H0,241288e5-1367-4977-8f1b-e7bb2ef242f6,0.04,0.0400
2023-05-02 00:57:53.273418+00:00,9,9.00,96,0.9600,0.04,no,FEDDECISION-23MAY-H0,77a89e6b-1cdb-4029-a965-a72f864fb01d,0.04,0.0400
2023-05-02 00:57:53.285798+00:00,9,9.00,96,0.9600,0.04,no,FEDDECISION-23MAY-H0,45cc9392-d8bc-4383-bdb6-0351effb8878,0.04,0.0400
2023-05-02 00:57:53.286833+00:00,9,9.00,96,0.9600,0.04,no,FEDDECISION-23MAY-H0,009acf7c-4ae8-449b-a111-a87f731fabe3,0.04,0.0400
2023-05-02 00:57:53.288777+00:00,9,9.00,96,0.9600,0.04,no,FEDDECISION-23MAY-H0,94d7074f-fbaf-4427-a258-3738b0741f05,0.04,0.0400
2023-05-02 00:57:53.289803+00:00,9,9.00,96,0.9600,0.04,no,FEDDECISION-23MAY-H0,e76a332f-7ef9-4a8c-8a91-30a6a2a5c1ee,0.04,0.0400
2023-05-02 00:57:53.290658+00:00,9,9.00,96,0.9600,0.04,no,FEDDECISION-23MAY-H0,a94dd283-f704-41bf-8c6b-a2e875a01579,0.04,0.0400
2023-05-02 00:57:53.292053+00:00,9,9.00,96,0.9600,0.04,no,FEDDECISION-23MAY-H0,65c3235e-4617-45b9-b566-ba53caa92c54,0.04,0.0400
2023-05-02 00:57:53.296865+00:00,9,9.00,96,0.9600,0.04,no,FEDDECISION-23MAY-H0,834dbe95-1013-4b0b-b5bd-a37dbcb31b22,0.04,0.0400
2023-05-02 00:57:53.298858+00:00,9,9.00,96,0.9600,0.04,no,FEDDECISION-23MAY-H0,84c16411-d432-4876-8061-b26d2e5de030,0.04,0.0400
2023-05-02 00:57:53.307984+00:00,9,9.00,96,0.9600,0.04,no,FEDDECISION-23MAY-H0,4569f5c3-63eb-4fa0-a724-5a51588c19ca,0.04,0.0400
2023-05-02 00:57:53.312406+00:00,9,9.00,96,0.9600,0.04,no,FEDDECISION-23MAY-H0,9ac5fc1d-ed2e-4832-bb38-78fb1bc6c75e,0.04,0.0400
2023-05-02 00:57:53.315882+00:00,9,9.00,96,0.9600,0.04,no,FEDDECISION-23MAY-H0,447abaa2-468b-49a3-b061-669deb2ee4c9,0.04,0.0400
2023-05-02 00:57:53.317255+00:00,9,9.00,96,0.9600,0.04,no,FEDDECISION-23MAY-H0,d18ce8d9-cf88-47a9-80de-5aa3f1ab27aa,0.04,0.0400
2023-05-02 00:57:53.319266+00:00,9,9.00,96,0.9600,0.04,no,FEDDECISION-23MAY-H0,51e78ce6-2002-4a25-8aa4-bff3c1c0b7a7,0.04,0.0400
2023-05-02 00:57:53.323634+00:00,9,9.00,96,0.9600,0.04,no,FEDDECISION-23MAY-H0,0fa598c0-d3e8-497c-bd50-f2da781ac1b4,0.04,0.0400
2023-05-02 00:57:53.327222+00:00,9,9.00,96,0.9600,0.04,no,FEDDECISION-23MAY-H0,441042b7-45d0-49ae-b425-cf6a3003f153,0.04,0.0400
2023-05-02 00:57:53.328304+00:00,9,9.00,96,0.9600,0.04,no,FEDDECISION-23MAY-H0,6a1c3d7b-0c2d-41c8-9e8d-f9a334096aaf,0.04,0.0400
2023-05-02 00:57:53.337235+00:00,9,9.00,96,0.9600,0.04,no,FEDDECISION-23MAY-H0,14c21474-1c5c-402a-832e-f0573b67a857,0.04,0.0400
2023-05-02 00:57:53.338923+00:00,9,9.00,96,0.9600,0.04,no,FEDDECISION-23MAY-H0,26e72027-cbe2-4ada-b50c-1720d76cf793,0.04,0.0400
2023-05-02 00:57:53.342093+00:00,9,9.00,96,0.9600,0.04,no,FEDDECISION-23MAY-H0,bad042ce-6063-4410-8818-290930c582b6,0.04,0.0400
2023-05-02 00:57:53.344298+00:00,9,9.00,96,0.9600,0.04,no,FEDDECISION-23MAY-H0,b95a8095-7dbe-4f0d-9eef-06dd2ea86292,0.04,0.0400
2023-05-02 00:57:53.347241+00:00,9,9.00,96,0.9600,0.04,no,FEDDECISION-23MAY-H0,416225a3-0c1b-44bf-a0b0-c9b7f87085be,0.04,0.0400
2023-05-02 00:57:53.352112+00:00,9,9.00,96,0.9600,0.04,no,FEDDECISION-23MAY-H0,d2d62e3a-fbe4-47a6-b633-798a4401fcdc,0.04,0.0400
2023-05-02 00:57:53.364199+00:00,10,10.00,96,0.9600,0.04,no,FEDDECISION-23MAY-H0,1f5b1a42-db3c-4a8a-bf6b-a95379329c7e,0.04,0.0400
2023-05-02 00:57:53.367319+00:00,10,10.00,96,0.9600,0.04,no,FEDDECISION-23MAY-H0,1852a161-d189-44ca-8c05-70ee4b3e0bc3,0.04,0.0400
2023-05-02 00:57:53.369258+00:00,10,10.00,96,0.9600,0.04,no,FEDDECISION-23MAY-H0,faced3dd-f0d6-4003-a963-7549256a0c99,0.04,0.0400
2023-05-02 00:57:53.370276+00:00,10,10.00,96,0.9600,0.04,no,FEDDECISION-23MAY-H0,3aa40991-706f-4caa-9165-a723ba575d91,0.04,0.0400
2023-05-02 00:57:53.372549+00:00,10,10.00,96,0.9600,0.04,no,FEDDECISION-23MAY-H0,b7190e53-71e6-4172-b43f-4b6f497b85cf,0.04,0.0400
2023-05-02 00:57:53.385631+00:00,10,10.00,96,0.9600,0.04,no,FEDDECISION-23MAY-H0,2ac142b9-1ed2-4584-b42c-a3c3102121b0,0.04,0.0400
2023-05-02 00:57:53.386650+00:00,10,10.00,96,0.9600,0.04,no,FEDDECISION-23MAY-H0,04412af9-0ae0-4a13-bfb7-01bca58e1f9c,0.04,0.0400
2023-05-02 00:57:53.388778+00:00,10,10.00,96,0.9600,0.04,no,FEDDECISION-23MAY-H0,4ab3028c-aebc-4876-8430-0aa7d6cadb73,0.04,0.0400
2023-05-02 00:57:53.389688+00:00,10,10.00,96,0.9600,0.04,no,FEDDECISION-23MAY-H0,de07aed0-befd-4364-a7ed-a6b8a99cdc89,0.04,0.0400
2023-05-02 00:57:53.393786+00:00,10,10.00,96,0.9600,0.04,no,FEDDECISION-23MAY-H0,707c3cd8-d74b-4a29-b291-938ae34b896e,0.04,0.0400
2023-05-02 00:57:53.397378+00:00,10,10.00,96,0.9600,0.04,no,FEDDECISION-23MAY-H0,90894430-a83f-4c6d-a734-ea42b1fe93a8,0.04,0.0400
2023-05-02 00:57:53.406848+00:00,10,10.00,96,0.9600,0.04,no,FEDDECISION-23MAY-H0,a585dab1-4e70-40d2-ab84-cdbb47650826,0.04,0.0400
2023-05-02 00:57:53.409899+00:00,10,10.00,96,0.9600,0.04,no,FEDDECISION-23MAY-H0,fec6df00-0bf8-4b62-b4f5-0511fe5fe469,0.04,0.0400
2023-05-02 00:57:53.414909+00:00,10,10.00,96,0.9600,0.04,no,FEDDECISION-23MAY-H0,925d1c6e-69cb-4104-9bf3-d0965f55d18d,0.04,0.0400
2023-05-02 00:57:53.416547+00:00,10,10.00,96,0.9600,0.04,no,FEDDECISION-23MAY-H0,ccb16e82-0877-412c-809f-22ce7427cd36,0.04,0.0400
2023-05-02 00:57:53.427189+00:00,10,10.00,96,0.9600,0.04,no,FEDDECISION-23MAY-H0,4f1f50a2-361d-4a55-9c71-46bf5ade1179,0.04,0.0400
2023-05-02 00:57:53.431827+00:00,10,10.00,96,0.9600,0.04,no,FEDDECISION-23MAY-H0,61a05282-4c3f-4112-8247-01b955ff2399,0.04,0.0400
2023-05-02 00:57:53.434719+00:00,10,10.00,96,0.9600,0.04,no,FEDDECISION-23MAY-H0,b333f504-2c72-4365-99f0-0b205e698422,0.04,0.0400
2023-05-02 00:57:53.437253+00:00,10,10.00,96,0.9600,0.04,no,FEDDECISION-23MAY-H0,dedcdf4d-def2-42c1-9e99-38dba3e83238,0.04,0.0400
2023-05-02 00:57:53.438286+00:00,10,10.00,96,0.9600,0.04,no,FEDDECISION-23MAY-H0,991bbbab-a107-4419-9d8d-48176e44af94,0.04,0.0400
2023-05-02 00:57:53.442670+00:00,10,10.00,96,0.9600,0.04,no,FEDDECISION-23MAY-H0,29b28a37-899c-460d-aa8d-7d5aba4ad3dd,0.04,0.0400
2023-05-02 00:57:53.445089+00:00,10,10.00,96,0.9600,0.04,no,FEDDECISION-23MAY-H0,2fa351b9-aa82-4f43-b674-0f6895794455,0.04,0.0400
2023-05-02 00:57:53.455273+00:00,10,10.00,96,0.9600,0.04,no,FEDDECISION-23MAY-H0,1865851b-6cf4-4448-a2d3-a987b352c683,0.04,0.0400
2023-05-02 00:57:53.457761+00:00,10,10.00,96,0.9600,0.04,no,FEDDECISION-23MAY-H0,93a57304-81c9-49db-af9e-e5aca3a5eab9,0.04,0.0400
2023-05-02 01:09:28.866250+00:00,2,2.00,96,0.9600,0.04,no,FEDDECISION-23MAY-H0,f8f96bf2-c22b-4dee-8985-94c2e525d9f3,0.04,0.0400
2023-05-02 01:09:28.866250+00:00,80,80.00,96,0.9600,0.04,no,FEDDECISION-23MAY-H0,782524a4-4f99-4610-b0e6-94a14d3dc27e,0.04,0.0400
2023-05-02 01:09:29.743075+00:00,82,82.00,96,0.9600,0.04,yes,FEDDECISION-23MAY-H0,6fc3cccf-8bed-4ab3-bb51-c5dbbb28803e,0.04,0.0400
2023-05-02 12:01:19.142510+00:00,1500,1500.00,96,0.9600,0.04,yes,FEDDECISION-23MAY-H0,ca84dd80-e4c1-46b3-b729-b2cad4efdf39,0.04,0.0400
2023-05-02 13:03:48.246028+00:00,234,234.00,96,0.9600,0.04,yes,FEDDECISION-23MAY-H0,40e07eea-475e-4638-87de-bf3c04006b74,0.04,0.0400
2023-05-02 14:17:03.863143+00:00,696,696.00,96,0.9600,0.04,yes,FEDDECISION-23MAY-H0,100b0c90-cba7-40bc-8ee0-4ba957e70f62,0.04,0.0400
2023-05-02 14:17:03.863143+00:00,7,7.00,96,0.9600,0.04,yes,FEDDECISION-23MAY-H0,4355a839-da41-48ba-965c-28e322990a30,0.04,0.0400
2023-05-02 14:17:03.863143+00:00,1409,1409.00,96,0.9600,0.04,yes,FEDDECISION-23MAY-H0,900c7584-441b-447f-ad02-967129cc6f03,0.04,0.0400
2023-05-02 14:17:03.863143+00:00,2000,2000.00,96,0.9600,0.04,yes,FEDDECISION-23MAY-H0,c4dfe116-ed61-423a-aea2-6a49c5fb3559,0.04,0.0400
2023-05-02 14:17:03.863143+00:00,572,572.00,96,0.9600,0.04,yes,FEDDECISION-23MAY-H0,d25312b9-8116-48b7-9900-5fd54301ae57,0.04,0.0400
2023-05-02 14:17:03.863143+00:00,316,316.00,96,0.9600,0.04,yes,FEDDECISION-23MAY-H0,fa890c34-0633-4a5a-a8a7-cb7387f3d7b4,0.04,0.0400
2023-05-02 14:17:17.579211+00:00,5000,5000.00,96,0.9600,0.04,yes,FEDDECISION-23MAY-H0,53f1b538-8d32-4fcb-83ae-df40077ac12a,0.04,0.0400
2023-05-02 14:33:47.099677+00:00,87,87.00,96,0.9600,0.04,yes,FEDDECISION-23MAY-H0,33d6da1e-696d-4544-b8de-11253ea6bc3b,0.04,0.0400
2023-05-02 14:33:47.099677+00:00,3,3.00,96,0.9600,0.04,yes,FEDDECISION-23MAY-H0,21c8fe15-c89a-40bd-b565-e841fa428d15,0.04,0.0400
2023-05-02 14:34:19.416269+00:00,64,64.00,95,0.9500,0.05,yes,FEDDECISION-23MAY-H0,1c5bb714-af2d-4636-a693-1b432ec6b1b8,0.05,0.0500
2023-05-02 14:34:34.668561+00:00,1988,1988.00,95,0.9500,0.05,yes,FEDDECISION-23MAY-H0,dbbdd0ab-b926-4196-b1b4-84fa2e847b08,0.05,0.0500
2023-05-02 14:34:34.668561+00:00,12,12.00,95,0.9500,0.05,yes,FEDDECISION-23MAY-H0,bd1bbdd2-ad28-4324-9295-39d67ec8413d,0.05,0.0500
2023-05-02 14:39:35.650402+00:00,20,20.00,95,0.9500,0.05,yes,FEDDECISION-23MAY-H0,e4f39b95-13c2-4c26-9378-5aa6c33f397c,0.05,0.0500
2023-05-02 14:42:29.892796+00:00,100,100.00,95,0.9500,0.05,yes,FEDDECISION-23MAY-H0,94b7574e-0498-4188-b010-ef939b7366e2,0.05,0.0500
2023-05-02 14:42:46.826069+00:00,20,20.00,95,0.9500,0.05,yes,FEDDECISION-23MAY-H0,fee75487-ac70-4520-883d-a69d429f9fd1,0.05,0.0500
2023-05-02 14:46:23.314956+00:00,4,4.00,95,0.9500,0.05,yes,FEDDECISION-23MAY-H0,05cce7a5-97da-445c-adc2-92b34270bb0e,0.05,0.0500
2023-05-02 14:46:23.314956+00:00,87,87.00,95,0.9500,0.05,yes,FEDDECISION-23MAY-H0,2ff4bf3b-a6c6-45d8-9544-5499a9ac6bf8,0.05,0.0500
2023-05-02 14:46:23.314956+00:00,82,82.00,95,0.9500,0.05,yes,FEDDECISION-23MAY-H0,43192f1c-c1fe-4cf8-9881-9e67f18b5c03,0.05,0.0500
2023-05-02 14:46:23.314956+00:00,600,600.00,95,0.9500,0.05,yes,FEDDECISION-23MAY-H0,fbb0aa79-7994-4201-870f-75dd737e480c,0.05,0.0500
2023-05-02 14:47:45.549173+00:00,18,18.00,95,0.9500,0.05,yes,FEDDECISION-23MAY-H0,83adf3f9-51ae-425b-b12d-754490690168,0.05,0.0500
2023-05-02 14:47:45.549173+00:00,2,2.00,95,0.9500,0.05,yes,FEDDECISION-23MAY-H0,dfcef9b5-cde0-421c-ace4-f9ac7b0ec003,0.05,0.0500
2023-05-02 14:47:52.890690+00:00,20,20.00,95,0.9500,0.05,yes,FEDDECISION-23MAY-H0,2c7728fd-33bb-4af3-9311-611b3361209a,0.05,0.0500
2023-05-02 14:48:26.341850+00:00,20,20.00,95,0.9500,0.05,yes,FEDDECISION-23MAY-H0,84475895-d2df-471f-9eeb-168a19a3148e,0.05,0.0500
2023-05-02 14:49:27.414891+00:00,20,20.00,95,0.9500,0.05,yes,FEDDECISION-23MAY-H0,1594ad7a-33ff-4a14-940f-dd34aa3b5559,0.05,0.0500
2023-05-02 14:49:34.379329+00:00,2,2.00,95,0.9500,0.05,yes,FEDDECISION-23MAY-H0,c3ae37f8-879f-4f94-b82a-b5abb88c5e8a,0.05,0.0500
2023-05-02 14:49:34.379329+00:00,998,998.00,94,0.9400,0.06,yes,FEDDECISION-23MAY-H0,9cc1912b-1430-4cab-a062-04731815aecb,0.06,0.0600
2023-05-02 14:49:48.608413+00:00,20,20.00,94,0.9400,0.06,yes,FEDDECISION-23MAY-H0,ec8080e1-07a5-4f28-9c81-56e8a1292add,0.06,0.0600
2023-05-02 14:49:51.512782+00:00,3000,3000.00,94,0.9400,0.06,yes,FEDDECISION-23MAY-H0,6a1d5491-ed47-4dbf-a3f8-95a5411f5974,0.06,0.0600
2023-05-02 14:49:51.512782+00:00,80,80.00,94,0.9400,0.06,yes,FEDDECISION-23MAY-H0,a46c636f-d310-4384-aa49-bd94d1802321,0.06,0.0600
2023-05-02 14:49:51.512782+00:00,2,2.00,94,0.9400,0.06,yes,FEDDECISION-23MAY-H0,ced2968f-c5d5-4639-8157-c99c9be8e459,0.06,0.0600
2023-05-02 14:50:21.887414+00:00,781,781.00,94,0.9400,0.06,yes,FEDDECISION-23MAY-H0,060c2c0f-dda0-461f-bdd0-9d958c6b7d26,0.06,0.0600
2023-05-02 14:50:27.136224+00:00,1,1.00,95,0.9500,0.05,no,FEDDECISION-23MAY-H0,defb2b25-dd72-41a4-980d-ca039abeb942,0.05,0.0500
2023-05-02 14:51:14.447567+00:00,306,306.00,94,0.9400,0.06,yes,FEDDECISION-23MAY-H0,07499d53-f051-4afd-8b6f-cae04aa21552,0.06,0.0600
2023-05-02 14:51:14.447567+00:00,84,84.00,94,0.9400,0.06,yes,FEDDECISION-23MAY-H0,e2de3a2d-0280-4ffe-b337-bf6ec33f0104,0.06,0.0600
2023-05-02 14:52:58.337859+00:00,2700,2700.00,94,0.9400,0.06,yes,FEDDECISION-23MAY-H0,f8f8d948-4127-408b-9335-d3a8e3355bb5,0.06,0.0600
2023-05-02 14:52:58.337859+00:00,80,80.00,94,0.9400,0.06,yes,FEDDECISION-23MAY-H0,b1961f7b-dc2d-47da-add7-44c60b3b9236,0.06,0.0600
2023-05-02 14:52:58.337859+00:00,2,2.00,94,0.9400,0.06,yes,FEDDECISION-23MAY-H0,1c47f312-89bb-47f4-a9e0-53a1f82bf9e9,0.06,0.0600
2023-05-02 15:27:00.658222+00:00,1,1.00,94,0.9400,0.06,no,FEDDECISION-23MAY-H0,b6a640ff-8c85-4d49-b10d-4149f98bcdd6,0.06,0.0600
2023-05-02 15:40:28.014087+00:00,67,67.00,93,0.9300,0.07,yes,FEDDECISION-23MAY-H0,5ba189ce-229d-447b-a899-bb2974f7d30c,0.07,0.0700
2023-05-02 15:56:56.778462+00:00,196,196.00,93,0.9300,0.07,yes,FEDDECISION-23MAY-H0,06a202e0-c312-4b72-b776-9bd35a2c71eb,0.07,0.0700
2023-05-02 15:56:56.778462+00:00,22,22.00,93,0.9300,0.07,yes,FEDDECISION-23MAY-H0,981a0271-d6ea-4207-aace-2ceca4619b89,0.07,0.0700
2023-05-02 15:56:56.778462+00:00,50,50.00,93,0.9300,0.07,yes,FEDDECISION-23MAY-H0,aab7b84a-9f32-4f27-9bca-289a79809cb1,0.07,0.0700
2023-05-02 16:04:15.146600+00:00,469,469.00,93,0.9300,0.07,yes,FEDDECISION-23MAY-H0,f3cb575f-739c-41a5-a035-34f1597dc1e7,0.07,0.0700
2023-05-02 16:05:10.390271+00:00,2,2.00,93,0.9300,0.07,yes,FEDDECISION-23MAY-H0,206077cd-003b-49df-8654-ceb967c2f97f,0.07,0.0700
2023-05-02 16:05:10.390271+00:00,428,428.00,93,0.9300,0.07,yes,FEDDECISION-23MAY-H0,31a4e0e7-6305-41e9-844c-8264c028af6c,0.07,0.0700
2023-05-02 16:05:10.390271+00:00,70,70.00,93,0.9300,0.07,yes,FEDDECISION-23MAY-H0,40a8abf1-8742-42cd-b9c6-271b68e6606c,0.07,0.0700
2023-05-02 16:08:33.704334+00:00,7,7.00,93,0.9300,0.07,yes,FEDDECISION-23MAY-H0,1472aae4-a05f-4484-b818-08be0de41129,0.07,0.0700
2023-05-02 16:13:52.309700+00:00,100,100.00,93,0.9300,0.07,yes,FEDDECISION-23MAY-H0,c9a64da5-e879-485d-8641-405e80048c3c,0.07,0.0700
2023-05-02 16:18:32.890684+00:00,866,866.00,93,0.9300,0.07,yes,FEDDECISION-23MAY-H0,a27a7fa8-a25c-4d54-8a70-14ba605eaf7c,0.07,0.0700
2023-05-02 16:18:32.890684+00:00,2,2.00,93,0.9300,0.07,yes,FEDDECISION-23MAY-H0,355cffa8-f16c-4347-9527-971c36cdf813,0.07,0.0700
2023-05-02 16:18:32.890684+00:00,70,70.00,93,0.9300,0.07,yes,FEDDECISION-23MAY-H0,053eba2f-327c-4bf5-9d9a-88872b16fe2d,0.07,0.0700
2023-05-02 16:23:40.308098+00:00,2,2.00,93,0.9300,0.07,yes,FEDDECISION-23MAY-H0,4385541f-545c-4013-9a33-1f4b9eba0b46,0.07,0.0700
2023-05-02 16:26:17.445461+00:00,800,800.00,93,0.9300,0.07,yes,FEDDECISION-23MAY-H0,112533a3-19d8-40d2-9c11-c3ec028877ce,0.07,0.0700
2023-05-02 16:26:17.445461+00:00,1500,1500.00,93,0.9300,0.07,yes,FEDDECISION-23MAY-H0,7f84fb19-a157-4ba9-974d-9d569451edef,0.07,0.0700
2023-05-02 16:26:17.445461+00:00,72,72.00,93,0.9300,0.07,yes,FEDDECISION-23MAY-H0,96262027-8ceb-4f2f-bbc6-d8c62e937f2f,0.07,0.0700
2023-05-02 16:37:31.971137+00:00,296,296.00,93,0.9300,0.07,no,FEDDECISION-23MAY-H0,1a2f9315-da73-4f3e-94f4-c090dfd58ccf,0.07,0.0700
2023-05-02 16:37:31.971137+00:00,71,71.00,93,0.9300,0.07,no,FEDDECISION-23MAY-H0,a1d225b7-ade0-415d-9951-c280dfa9656e,0.07,0.0700
2023-05-02 16:44:55.248223+00:00,8,8.00,93,0.9300,0.07,no,FEDDECISION-23MAY-H0,09f39f06-eb51-4ab7-867e-fb95defdab66,0.07,0.0700
2023-05-02 16:45:40.311564+00:00,8,8.00,93,0.9300,0.07,no,FEDDECISION-23MAY-H0,409a5803-6bab-47fd-a843-24a289f56d62,0.07,0.0700
2023-05-02 16:54:18.873709+00:00,1,1.00,93,0.9300,0.07,no,FEDDECISION-23MAY-H0,143b5cc6-e687-4f20-974c-8889fe0a0bf1,0.07,0.0700
2023-05-02 17:12:24.633853+00:00,7,7.00,93,0.9300,0.07,no,FEDDECISION-23MAY-H0,b4e0f7c9-3519-45ac-878a-5eb4c503efd1,0.07,0.0700
2023-05-02 17:12:24.633853+00:00,1,1.00,93,0.9300,0.07,no,FEDDECISION-23MAY-H0,88a89160-9e25-4135-a85f-ed662f7873ff,0.07,0.0700
2023-05-02 17:12:42.266768+00:00,8,8.00,93,0.9300,0.07,no,FEDDECISION-23MAY-H0,9273a54b-0f49-4e2f-9955-ab5b17b8ca2f,0.07,0.0700
2023-05-02 17:14:17.431843+00:00,5,5.00,93,0.9300,0.07,yes,FEDDECISION-23MAY-H0,9ad9044a-1c7d-48d6-bdbb-bea2cc5e614e,0.07,0.0700
2023-05-02 18:07:57.945382+00:00,65,65.00,94,0.9400,0.06,no,FEDDECISION-23MAY-H0,887ee5ba-9b36-4037-b426-7b0386be9aae,0.06,0.0600
2023-05-02 18:07:57.945382+00:00,171,171.00,94,0.9400,0.06,no,FEDDECISION-23MAY-H0,fd3232d6-dd03-4216-be4b-2944439c0d20,0.06,0.0600
2023-05-02 18:07:57.945382+00:00,65,65.00,94,0.9400,0.06,no,FEDDECISION-23MAY-H0,db62579b-599f-49d0-a1aa-969587995062,0.06,0.0600
2023-05-02 18:07:57.945382+00:00,7,7.00,94,0.9400,0.06,no,FEDDECISION-23MAY-H0,77110553-5caf-488c-8f16-142e0cf96ba1,0.06,0.0600
2023-05-02 18:07:57.945382+00:00,85,85.00,94,0.9400,0.06,no,FEDDECISION-23MAY-H0,aafa2da7-88d2-44b9-bf08-28fc326127ff,0.06,0.0600
2023-05-02 18:07:57.945382+00:00,7,7.00,94,0.9400,0.06,no,FEDDECISION-23MAY-H0,b193f7e2-0df2-4991-b0ac-eed836539f51,0.06,0.0600
2023-05-02 18:22:34.317076+00:00,75,75.00,93,0.9300,0.07,yes,FEDDECISION-23MAY-H0,c2ddc74c-5313-4e58-8ee5-645fab5afc67,0.07,0.0700
2023-05-02 18:33:15.353438+00:00,65,65.00,94,0.9400,0.06,no,FEDDECISION-23MAY-H0,3894df4e-fb25-4012-995a-7ae4ce3840ba,0.06,0.0600
2023-05-02 18:33:15.353438+00:00,863,863.00,94,0.9400,0.06,no,FEDDECISION-23MAY-H0,7922be11-0acc-4525-b50d-4d3ebb03210b,0.06,0.0600
2023-05-02 18:33:15.353438+00:00,7,7.00,94,0.9400,0.06,no,FEDDECISION-23MAY-H0,8b742eb3-980b-4ca0-bbd2-65e7c3390a3e,0.06,0.0600
2023-05-02 18:33:15.353438+00:00,65,65.00,94,0.9400,0.06,no,FEDDECISION-23MAY-H0,c92fa4f3-0baf-4168-acb0-4f57cee0640e,0.06,0.0600
2023-05-02 18:42:32.382560+00:00,2000,2000.00,94,0.9400,0.06,no,FEDDECISION-23MAY-H0,a8a0be0e-69f0-4d42-a12b-083641ee312e,0.06,0.0600
2023-05-02 18:45:44.889454+00:00,7,7.00,94,0.9400,0.06,no,FEDDECISION-23MAY-H0,aeca8ed1-b2ce-44c2-8f65-5539a98aa2bd,0.06,0.0600
2023-05-02 18:45:44.889454+00:00,137,137.00,94,0.9400,0.06,no,FEDDECISION-23MAY-H0,a7f734bc-3121-4966-8709-df07e682127f,0.06,0.0600
2023-05-02 18:45:44.889454+00:00,1,1.00,94,0.9400,0.06,no,FEDDECISION-23MAY-H0,21cd7a24-c2e1-4f31-b992-26b1bdb653a6,0.06,0.0600
2023-05-02 18:46:09.691874+00:00,100,100.00,94,0.9400,0.06,yes,FEDDECISION-23MAY-H0,d7a66270-95ba-48ca-9063-b05524b5f4f8,0.06,0.0600
2023-05-02 19:05:49.390618+00:00,2,2.00,94,0.9400,0.06,yes,FEDDECISION-23MAY-H0,094bdde5-3000-4f9c-9b98-7636d341e211,0.06,0.0600
2023-05-02 19:05:49.390618+00:00,55,55.00,94,0.9400,0.06,yes,FEDDECISION-23MAY-H0,22c88177-26fc-4cf1-b9db-cc691bc1378e,0.06,0.0600
2023-05-02 19:05:49.390618+00:00,70,70.00,94,0.9400,0.06,yes,FEDDECISION-23MAY-H0,98dc2328-dde2-4335-a735-05f4d5cfadbe,0.06,0.0600
2023-05-02 19:08:42.494902+00:00,80,80.00,94,0.9400,0.06,no,FEDDECISION-23MAY-H0,58019281-154b-43b1-9d18-4aab16924541,0.06,0.0600
2023-05-02 20:27:23.003331+00:00,55,55.00,94,0.9400,0.06,yes,FEDDECISION-23MAY-H0,61c3daf6-478c-423c-b98f-9d50a19e7577,0.06,0.0600
2023-05-02 20:27:35.516005+00:00,55,55.00,94,0.9400,0.06,yes,FEDDECISION-23MAY-H0,cb5e9c2d-263b-4833-9251-832a70ea622f,0.06,0.0600
2023-05-02 20:28:41.059465+00:00,200,200.00,94,0.9400,0.06,yes,FEDDECISION-23MAY-H0,4e704493-b11d-47da-9a5f-f06ee5df61fe,0.06,0.0600
2023-05-02 20:28:41.070238+00:00,160,160.00,94,0.9400,0.06,yes,FEDDECISION-23MAY-H0,01b078b3-8dbf-4341-8af4-24c186a8ec36,0.06,0.0600
2023-05-02 20:28:49.658766+00:00,80,80.00,94,0.9400,0.06,yes,FEDDECISION-23MAY-H0,9b58f00c-c031-40a4-bd84-185f045adb85,0.06,0.0600
2023-05-02 20:33:06.022069+00:00,28,28.00,94,0.9400,0.06,yes,FEDDECISION-23MAY-H0,702d1c50-bab6-4289-9ed5-076ff8d391a6,0.06,0.0600
2023-05-02 20:37:28.804305+00:00,390,390.00,94,0.9400,0.06,yes,FEDDECISION-23MAY-H0,b834d902-7654-441f-a4f8-111a4195cc4c,0.06,0.0600
2023-05-02 20:37:34.881356+00:00,80,80.00,94,0.9400,0.06,yes,FEDDECISION-23MAY-H0,cc8e2d8b-35b1-45a6-8456-23692bbdac8f,0.06,0.0600
2023-05-02 20:39:11.884192+00:00,25,25.00,94,0.9400,0.06,yes,FEDDECISION-23MAY-H0,1c5d3a42-ef6e-48b1-8da9-d129c3fe6cbb,0.06,0.0600
2023-05-02 20:56:26.126075+00:00,150,150.00,94,0.9400,0.06,yes,FEDDECISION-23MAY-H0,85968a86-8848-47db-bd38-1e405d3b8ccf,0.06,0.0600
2023-05-02 21:16:12.815797+00:00,100,100.00,94,0.9400,0.06,yes,FEDDECISION-23MAY-H0,36e02d6b-3195-496e-80d3-d846450346c9,0.06,0.0600
2023-05-02 21:25:44.862963+00:00,100,100.00,94,0.9400,0.06,yes,FEDDECISION-23MAY-H0,c4a21144-e38b-4590-80ff-7a443aadb4af,0.06,0.0600
2023-05-02 21:26:58.504558+00:00,100,100.00,94,0.9400,0.06,yes,FEDDECISION-23MAY-H0,46bea925-b36f-493c-aac6-f3701ccee701,0.06,0.0600
2023-05-02 21:28:44.616261+00:00,70,70.00,94,0.9400,0.06,yes,FEDDECISION-23MAY-H0,8b287e6c-d751-4bcb-ada4-833167f36dc8,0.06,0.0600
2023-05-02 21:28:44.616261+00:00,31,31.00,94,0.9400,0.06,yes,FEDDECISION-23MAY-H0,b7dd19dd-ab5b-4dd2-96db-49f86b694ecc,0.06,0.0600
2023-05-02 21:28:44.616261+00:00,397,397.00,94,0.9400,0.06,yes,FEDDECISION-23MAY-H0,c7cd9acd-542e-4fed-b1c6-89c98cf5d4e2,0.06,0.0600
2023-05-02 21:28:44.616261+00:00,2,2.00,94,0.9400,0.06,yes,FEDDECISION-23MAY-H0,e30adadb-3679-453c-b066-95f213fff9da,0.06,0.0600
2023-05-02 21:28:49.053312+00:00,69,69.00,94,0.9400,0.06,yes,FEDDECISION-23MAY-H0,24cae891-27ee-437e-895c-4334388205dc,0.06,0.0600
2023-05-02 21:30:56.820933+00:00,500,500.00,93,0.9300,0.07,yes,FEDDECISION-23MAY-H0,0b3a70d4-28cc-4911-b43d-86318e6c5a63,0.07,0.0700
2023-05-02 21:41:02.020323+00:00,80,80.00,94,0.9400,0.06,no,FEDDECISION-23MAY-H0,a423faef-42a8-4917-a933-9f49fc863469,0.06,0.0600
2023-05-02 21:49:46.227663+00:00,1,1.00,93,0.9300,0.07,yes,FEDDECISION-23MAY-H0,66abac1e-2543-4c7d-a939-da43a18168c2,0.07,0.0700
2023-05-02 22:03:03.449743+00:00,1000,1000.00,93,0.9300,0.07,yes,FEDDECISION-23MAY-H0,3f7f4a5a-b1df-48f3-9628-5ec553047de2,0.07,0.0700
2023-05-02 22:05:58.329809+00:00,2,2.00,93,0.9300,0.07,yes,FEDDECISION-23MAY-H0,2f809a6c-686c-4608-934b-8793b427c564,0.07,0.0700
2023-05-02 22:05:58.329809+00:00,70,70.00,93,0.9300,0.07,yes,FEDDECISION-23MAY-H0,34cf1b9e-b14c-49d6-acab-39a2cdeb24ce,0.07,0.0700
2023-05-02 22:05:58.329809+00:00,411,411.00,93,0.9300,0.07,yes,FEDDECISION-23MAY-H0,4c0c5c92-4e59-4ae4-9a78-981adb61c57a,0.07,0.0700
2023-05-02 22:05:58.329809+00:00,221,221.00,93,0.9300,0.07,yes,FEDDECISION-23MAY-H0,6445c46f-d83f-4d89-b5a1-b4d618fed8ba,0.07,0.0700
2023-05-02 22:05:58.329809+00:00,296,296.00,93,0.9300,0.07,yes,FEDDECISION-23MAY-H0,77f0debe-054e-405c-8134-b6ef90cd5aad,0.07,0.0700
2023-05-02 22:11:40.188942+00:00,500,500.00,93,0.9300,0.07,yes,FEDDECISION-23MAY-H0,caeb318c-a738-4780-a455-9ee1487872a2,0.07,0.0700
2023-05-02 22:29:47.058890+00:00,649,649.00,92,0.9200,0.08,yes,FEDDECISION-23MAY-H0,f5fb5bcc-5cd9-43b2-9441-0d8cc375dd94,0.08,0.0800
2023-05-02 22:29:47.058890+00:00,279,279.00,93,0.9300,0.07,yes,FEDDECISION-23MAY-H0,52dfdc18-fd2d-4a09-a033-eb627735abb6,0.07,0.0700
2023-05-02 22:29:47.058890+00:00,2,2.00,93,0.9300,0.07,yes,FEDDECISION-23MAY-H0,4763a114-c363-4e68-b88a-7c0e695f35ea,0.07,0.0700
2023-05-02 22:29:47.058890+00:00,70,70.00,93,0.9300,0.07,yes,FEDDECISION-23MAY-H0,b51011cb-24a9-4c72-9b0a-9bb52aed9891,0.07,0.0700
2023-05-02 22:40:38.668329+00:00,35,35.00,92,0.9200,0.08,yes,FEDDECISION-23MAY-H0,15b0d718-6076-4f58-bb05-1912a4d1207e,0.08,0.0800
2023-05-02 22:48:59.117425+00:00,100,100.00,92,0.9200,0.08,yes,FEDDECISION-23MAY-H0,a680db83-2168-4192-bdcc-c0d5ec86226e,0.08,0.0800
2023-05-02 22:56:32.732074+00:00,100,100.00,92,0.9200,0.08,yes,FEDDECISION-23MAY-H0,de56bbd7-05cf-4955-88a6-21bc441274f2,0.08,0.0800
2023-05-02 23:29:40.321321+00:00,152,152.00,93,0.9300,0.07,no,FEDDECISION-23MAY-H0,c7b08bd7-21c6-4b82-8f10-8e51fa09e19b,0.07,0.0700
2023-05-02 23:30:02.059404+00:00,8,8.00,93,0.9300,0.07,no,FEDDECISION-23MAY-H0,8fb59f5f-a4b9-4870-869b-186fd04e1dde,0.07,0.0700
2023-05-02 23:37:36.098434+00:00,800,800.00,93,0.9300,0.07,yes,FEDDECISION-23MAY-H0,6641ba05-c980-4842-b2a0-0f4a8108b172,0.07,0.0700
2023-05-02 23:42:22.569106+00:00,100,100.00,93,0.9300,0.07,yes,FEDDECISION-23MAY-H0,cb75291a-a278-4224-b66b-be5a320a8392,0.07,0.0700
2023-05-03 00:07:05.536060+00:00,67,67.00,93,0.9300,0.07,yes,FEDDECISION-23MAY-H0,54f62059-9593-42f6-a105-48beb8f12333,0.07,0.0700
2023-05-03 00:12:57.644355+00:00,17,17.00,93,0.9300,0.07,yes,FEDDECISION-23MAY-H0,4a32cde6-c9cb-4d79-a27e-f67b0100a704,0.07,0.0700
2023-05-03 00:25:07.527952+00:00,8,8.00,93,0.9300,0.07,yes,FEDDECISION-23MAY-H0,538fd39c-5d37-42d1-96a6-00f303cf1630,0.07,0.0700
2023-05-03 00:25:07.527952+00:00,32,32.00,93,0.9300,0.07,yes,FEDDECISION-23MAY-H0,5cbed681-dc42-4409-936f-2e7eb83c1f10,0.07,0.0700
2023-05-03 01:24:52.673847+00:00,40,40.00,93,0.9300,0.07,yes,FEDDECISION-23MAY-H0,d05087da-e34e-4831-bad1-98bb7d25c959,0.07,0.0700
2023-05-03 01:24:56.004408+00:00,40,40.00,93,0.9300,0.07,no,FEDDECISION-23MAY-H0,62b53b83-1b38-4127-a3a6-326d7d67807d,0.07,0.0700
2023-05-03 01:25:25.025776+00:00,40,40.00,93,0.9300,0.07,no,FEDDECISION-23MAY-H0,7633b334-6a7c-49e3-a416-1cb4e92cc4eb,0.07,0.0700
2023-05-03 01:25:39.259049+00:00,8,8.00,93,0.9300,0.07,no,FEDDECISION-23MAY-H0,10fb9abf-5971-4332-8275-f7dfaa1a2069,0.07,0.0700
2023-05-03 01:25:53.401944+00:00,8,8.00,93,0.9300,0.07,no,FEDDECISION-23MAY-H0,bdcefad8-3dd7-45c1-8f1f-39125cfdda69,0.07,0.0700
2023-05-03 01:26:23.030964+00:00,8,8.00,93,0.9300,0.07,no,FEDDECISION-23MAY-H0,dd11e0ea-5b8d-4a51-910e-f3453e153955,0.07,0.0700
2023-05-03 01:26:39.235648+00:00,8,8.00,93,0.9300,0.07,no,FEDDECISION-23MAY-H0,f4cd4cff-5079-49ac-b9bb-146034341c8e,0.07,0.0700
2023-05-03 01:26:52.454655+00:00,8,8.00,93,0.9300,0.07,no,FEDDECISION-23MAY-H0,026f16e5-3c6c-485e-ad22-2fb36a533e44,0.07,0.0700
2023-05-03 01:27:19.177880+00:00,70,70.00,93,0.9300,0.07,yes,FEDDECISION-23MAY-H0,9f480bd4-7422-471c-8dc0-389aba624f89,0.07,0.0700
2023-05-03 01:27:19.177880+00:00,2,2.00,93,0.9300,0.07,yes,FEDDECISION-23MAY-H0,cae82e24-1542-46c8-9826-e2c45adb8361,0.07,0.0700
2023-05-03 01:27:39.923557+00:00,7,7.00,93,0.9300,0.07,no,FEDDECISION-23MAY-H0,29dd4be5-7818-426d-9d04-bc346b1f9d30,0.07,0.0700
2023-05-03 01:27:39.923557+00:00,73,73.00,93,0.9300,0.07,no,FEDDECISION-23MAY-H0,9018c014-008f-4a82-a0fc-4d3ec6f4b9a6,0.07,0.0700
2023-05-03 01:28:09.204076+00:00,85,85.00,93,0.9300,0.07,yes,FEDDECISION-23MAY-H0,553e80a2-5760-4731-a786-a56dfc40df19,0.07,0.0700
2023-05-03 01:28:24.726991+00:00,88,88.00,93,0.9300,0.07,no,FEDDECISION-23MAY-H0,33b153cb-dc4c-48d1-9e58-4860436a98e5,0.07,0.0700
2023-05-03 01:28:51.434057+00:00,88,88.00,93,0.9300,0.07,yes,FEDDECISION-23MAY-H0,9c558f00-372c-4944-b01c-839b01d2b6f7,0.07,0.0700
2023-05-03 01:29:09.956318+00:00,88,88.00,93,0.9300,0.07,no,FEDDECISION-23MAY-H0,9e518b57-1834-458d-98f9-2cdc0754ed0d,0.07,0.0700
2023-05-03 01:29:29.983750+00:00,88,88.00,93,0.9300,0.07,yes,FEDDECISION-23MAY-H0,a4d0bbcd-88e2-41a2-a856-a0f24b0c1a0b,0.07,0.0700
2023-05-03 01:29:39.460928+00:00,88,88.00,93,0.9300,0.07,no,FEDDECISION-23MAY-H0,83fd3954-afa7-4f5c-8e22-7f39eb263ae3,0.07,0.0700
2023-05-03 01:30:16.112505+00:00,88,88.00,93,0.9300,0.07,yes,FEDDECISION-23MAY-H0,d3f0415b-618b-463c-8ee2-2d4f64ae3f0e,0.07,0.0700
2023-05-03 01:30:40.086548+00:00,88,88.00,93,0.9300,0.07,no,FEDDECISION-23MAY-H0,76d2d2f6-6395-4426-9866-3e031d23daba,0.07,0.0700
2023-05-03 01:31:02.625302+00:00,88,88.00,93,0.9300,0.07,yes,FEDDECISION-23MAY-H0,167089ac-b38f-4ca8-a05f-a7e4d9486abf,0.07,0.0700
2023-05-03 01:31:26.374966+00:00,43,43.00,93,0.9300,0.07,no,FEDDECISION-23MAY-H0,6b3e393e-3c3c-45e8-a27e-4a05784f59ff,0.07,0.0700
2023-05-03 01:32:11.263612+00:00,45,45.00,93,0.9300,0.07,no,FEDDECISION-23MAY-H0,a0a676d4-15e8-4c08-a025-50304a67f1ee,0.07,0.0700
2023-05-03 01:41:36.878363+00:00,2,2.00,94,0.9400,0.06,no,FEDDECISION-23MAY-H0,e7853e90-61bd-4476-b87c-5882ec88b953,0.06,0.0600
2023-05-03 01:43:14.606580+00:00,50,50.00,93,0.9300,0.07,yes,FEDDECISION-23MAY-H0,e5ff5e1e-214e-4a4e-ba97-a51044619467,0.07,0.0700
2023-05-03 02:07:36.726371+00:00,60,60.00,93,0.9300,0.07,yes,FEDDECISION-23MAY-H0,9d1e7ea8-2bd1-4c0c-9229-af28bd1b860e,0.07,0.0700
2023-05-03 02:07:36.726371+00:00,38,38.00,93,0.9300,0.07,yes,FEDDECISION-23MAY-H0,39f8746e-3758-4e03-be29-d8013a84fa8b,0.07,0.0700
2023-05-03 02:07:36.726371+00:00,2,2.00,93,0.9300,0.07,yes,FEDDECISION-23MAY-H0,6b3ab92c-3306-43a2-b61e-494f947bb3fc,0.07,0.0700
2023-05-03 02:16:05.798970+00:00,370,370.00,93,0.9300,0.07,yes,FEDDECISION-23MAY-H0,0a351e17-8e10-4658-b011-385d5484c686,0.07,0.0700
2023-05-03 02:30:53.858871+00:00,11,11.00,93,0.9300,0.07,yes,FEDDECISION-23MAY-H0,1bc250a7-c33c-4a1b-85a3-454a2f1eb0ee,0.07,0.0700
2023-05-03 02:30:53.858871+00:00,39,39.00,93,0.9300,0.07,yes,FEDDECISION-23MAY-H0,1dad96bb-eb1d-48c5-a9fb-ad3c950822b6,0.07,0.0700
2023-05-03 02:35:51.941329+00:00,31,31.00,94,0.9400,0.06,no,FEDDECISION-23MAY-H0,1ea373c5-ed94-432c-a4b4-882a4ae0a1cf,0.06,0.0600
2023-05-03 02:35:51.941329+00:00,6,6.00,94,0.9400,0.06,no,FEDDECISION-23MAY-H0,35c1d37c-0bb0-4dad-934c-521389d63d42,0.06,0.0600
2023-05-03 12:00:37.447615+00:00,21,21.00,93,0.9300,0.07,yes,FEDDECISION-23MAY-H0,393790e1-a3ca-4326-82a7-0b7f313b5200,0.07,0.0700
2023-05-03 12:00:37.447615+00:00,40,40.00,93,0.9300,0.07,yes,FEDDECISION-23MAY-H0,5a42ebbf-fa37-4eec-b53c-591f810caaf0,0.07,0.0700
2023-05-03 12:00:37.447615+00:00,5,5.00,93,0.9300,0.07,yes,FEDDECISION-23MAY-H0,8ced168e-efb1-4352-a268-cebc651928bf,0.07,0.0700
2023-05-03 12:02:06.904427+00:00,54,54.00,92,0.9200,0.08,yes,FEDDECISION-23MAY-H0,2536f135-d704-4622-bb1e-6b77510279da,0.08,0.0800
2023-05-03 12:02:06.904427+00:00,6,6.00,93,0.9300,0.07,yes,FEDDECISION-23MAY-H0,dd6575fa-728e-41d8-852d-3708ae1e1756,0.07,0.0700
2023-05-03 12:03:00.794056+00:00,64,64.00,93,0.9300,0.07,no,FEDDECISION-23MAY-H0,3fa18e3c-eade-405f-8804-8cd778d0b7b0,0.07,0.0700
2023-05-03 12:03:04.384278+00:00,64,64.00,93,0.9300,0.07,no,FEDDECISION-23MAY-H0,77b67806-0a48-47e2-a36d-1af0cb2f5574,0.07,0.0700
2023-05-03 12:03:21.526258+00:00,6,6.00,93,0.9300,0.07,no,FEDDECISION-23MAY-H0,ab2b5db8-ae9d-4fd4-9eb6-8c2cb0cd6c30,0.07,0.0700
2023-05-03 12:03:36.180379+00:00,10,10.00,93,0.9300,0.07,no,FEDDECISION-23MAY-H0,fa0964d2-ac9a-4098-a168-982826d591c5,0.07,0.0700
2023-05-03 12:09:26.176013+00:00,21,21.00,93,0.9300,0.07,no,FEDDECISION-23MAY-H0,1ee79bcf-7680-4e96-987e-2296639fac08,0.07,0.0700
2023-05-03 12:41:26.082891+00:00,13,13.00,93,0.9300,0.07,yes,FEDDECISION-23MAY-H0,c2b793ec-90ea-4ce0-93bc-fef134208ccc,0.07,0.0700
2023-05-03 12:42:34.003944+00:00,15,15.00,94,0.9400,0.06,no,FEDDECISION-23MAY-H0,caf878c5-3ad5-46cf-947f-9bf173b0e4c4,0.06,0.0600
2023-05-03 12:42:34.003944+00:00,6,6.00,94,0.9400,0.06,no,FEDDECISION-23MAY-H0,c62cd834-4967-4c8e-adbf-cdc868533b50,0.06,0.0600
2023-05-03 12:42:34.003944+00:00,65,65.00,94,0.9400,0.06,no,FEDDECISION-23MAY-H0,f7fce342-5cab-4af5-b06d-42cc93355a54,0.06,0.0600
2023-05-03 12:42:34.003944+00:00,7,7.00,94,0.9400,0.06,no,FEDDECISION-23MAY-H0,35ab961e-5791-4371-bc0f-5250ad85b2fc,0.06,0.0600
2023-05-03 12:42:34.003944+00:00,1000,1000.00,94,0.9400,0.06,no,FEDDECISION-23MAY-H0,1471ee5c-778d-484d-9107-51f6a3432f8b,0.06,0.0600
2023-05-03 12:42:34.003944+00:00,200,200.00,94,0.9400,0.06,no,FEDDECISION-23MAY-H0,0530e6eb-f1f8-46e2-b672-2dee5d8ecb8e,0.06,0.0600
2023-05-03 12:42:34.003944+00:00,65,65.00,94,0.9400,0.06,no,FEDDECISION-23MAY-H0,8e3578b3-b84e-49d2-aefd-a1571bc2dd64,0.06,0.0600
2023-05-03 12:50:48.308982+00:00,233,233.00,94,0.9400,0.06,yes,FEDDECISION-23MAY-H0,926c2fe1-76c1-4d2a-b3c4-073413b0d96b,0.06,0.0600
2023-05-03 13:05:44.939415+00:00,5,5.00,94,0.9400,0.06,no,FEDDECISION-23MAY-H0,d63e2c5c-ccc6-470e-aff2-d58cfa4e98ea,0.06,0.0600
2023-05-03 13:19:17.681075+00:00,4,4.00,94,0.9400,0.06,no,FEDDECISION-23MAY-H0,63fef292-2a92-4436-ae60-f91a5e75f98a,0.06,0.0600
2023-05-03 13:19:29.161250+00:00,79,79.00,94,0.9400,0.06,no,FEDDECISION-23MAY-H0,0baa781a-1951-4e36-a2bb-564e86f0ddda,0.06,0.0600
2023-05-03 13:21:44.834111+00:00,88,88.00,94,0.9400,0.06,yes,FEDDECISION-23MAY-H0,c9ec16ec-011d-4cfb-993f-95080d9a93f2,0.06,0.0600
2023-05-03 13:21:45.863927+00:00,12,12.00,94,0.9400,0.06,no,FEDDECISION-23MAY-H0,fa76307a-477e-44d6-afec-09ca6b897ca5,0.06,0.0600
2023-05-03 13:22:10.803827+00:00,76,76.00,94,0.9400,0.06,yes,FEDDECISION-23MAY-H0,6489a9f4-e1e2-4874-956c-903a5f1a6e46,0.06,0.0600
2023-05-03 13:46:11.829225+00:00,7,7.00,94,0.9400,0.06,no,FEDDECISION-23MAY-H0,1d5869b0-94b7-4642-8676-e581eb702b40,0.06,0.0600
2023-05-03 13:46:11.829225+00:00,169,169.00,94,0.9400,0.06,no,FEDDECISION-23MAY-H0,eefb3ecb-221f-4c78-b8cc-237c1d0ce9fb,0.06,0.0600
2023-05-03 13:50:53.579984+00:00,82,82.00,95,0.9500,0.05,no,FEDDECISION-23MAY-H0,73f77c97-4240-4de5-a66a-cbe9fee64623,0.05,0.0500
2023-05-03 13:50:53.579984+00:00,100,100.00,95,0.9500,0.05,no,FEDDECISION-23MAY-H0,f114ceda-f0da-491a-b8d7-9b222ad7c568,0.05,0.0500
2023-05-03 13:50:53.579984+00:00,100,100.00,95,0.9500,0.05,no,FEDDECISION-23MAY-H0,9c237480-1eb2-4f35-8ef6-bfdd8e9fd062,0.05,0.0500
2023-05-03 13:50:53.579984+00:00,420,420.00,95,0.9500,0.05,no,FEDDECISION-23MAY-H0,12a0efb6-d890-4b53-b83a-7a9437a118e4,0.05,0.0500
2023-05-03 13:50:53.579984+00:00,200,200.00,95,0.9500,0.05,no,FEDDECISION-23MAY-H0,288041b6-b826-4ef3-86bb-7f983c2704a0,0.05,0.0500
2023-05-03 13:51:03.121939+00:00,20,20.00,95,0.9500,0.05,yes,FEDDECISION-23MAY-H0,7c131f32-07be-4e68-849d-25f628b75722,0.05,0.0500
2023-05-03 13:52:46.022024+00:00,100,100.00,95,0.9500,0.05,yes,FEDDECISION-23MAY-H0,88496720-f90a-4069-b5ef-98530066c99f,0.05,0.0500
2023-05-03 13:53:13.851742+00:00,132,132.00,95,0.9500,0.05,yes,FEDDECISION-23MAY-H0,79a5e6aa-199a-412d-9f8e-a2e9e4e87cdb,0.05,0.0500
2023-05-03 13:58:50.253614+00:00,1646,1646.00,95,0.9500,0.05,yes,FEDDECISION-23MAY-H0,460f66be-d2c8-41de-925e-5151836ab600,0.05,0.0500
2023-05-03 13:58:50.253614+00:00,354,354.00,95,0.9500,0.05,yes,FEDDECISION-23MAY-H0,dd6a4be7-e280-417b-b476-d6926b7488d7,0.05,0.0500
2023-05-03 13:58:50.271200+00:00,88,88.00,94,0.9400,0.06,yes,FEDDECISION-23MAY-H0,b990a864-ca85-4436-8285-7acd5533ba39,0.06,0.0600
2023-05-03 13:58:50.271200+00:00,7,7.00,95,0.9500,0.05,yes,FEDDECISION-23MAY-H0,d2ffd03b-21ac-467a-b784-e1a80ca599ea,0.05,0.0500
2023-05-03 13:58:50.271200+00:00,149,149.00,95,0.9500,0.05,yes,FEDDECISION-23MAY-H0,ef167f31-004d-4f2d-8121-dc2a60853354,0.05,0.0500
2023-05-03 13:58:50.395789+00:00,213,213.00,94,0.9400,0.06,no,FEDDECISION-23MAY-H0,dee170b3-2816-4d90-b91b-60d99117e7db,0.06,0.0600
2023-05-03 14:16:12.114103+00:00,50,50.00,93,0.9300,0.07,yes,FEDDECISION-23MAY-H0,7e7dad85-8dbc-4de3-b42a-af60be5d9a68,0.07,0.0700
2023-05-03 14:17:14.457531+00:00,25,25.00,93,0.9300,0.07,yes,FEDDECISION-23MAY-H0,e8a14e04-6803-4a71-a990-dc71a9521f57,0.07,0.0700
2023-05-03 14:17:14.457531+00:00,158,158.00,93,0.9300,0.07,yes,FEDDECISION-23MAY-H0,8590bd65-f8cf-4f1a-8837-11c343ea9835,0.07,0.0700
2023-05-03 14:17:14.457531+00:00,317,317.00,93,0.9300,0.07,yes,FEDDECISION-23MAY-H0,bc84a325-e112-450f-8990-0097d4fa9f57,0.07,0.0700
2023-05-03 14:26:56.553128+00:00,183,183.00,94,0.9400,0.06,no,FEDDECISION-23MAY-H0,0f455f49-9916-4b38-b177-b317ca07bba7,0.06,0.0600
2023-05-03 14:26:56.553128+00:00,50,50.00,94,0.9400,0.06,no,FEDDECISION-23MAY-H0,49b7c47a-b7a8-492a-9939-b5edfcc4df06,0.06,0.0600
2023-05-03 14:26:56.553128+00:00,8,8.00,94,0.9400,0.06,no,FEDDECISION-23MAY-H0,7e1bdce2-caf2-4267-b517-b3f39acc2177,0.06,0.0600
2023-05-03 15:01:39.393522+00:00,760,760.00,95,0.9500,0.05,no,FEDDECISION-23MAY-H0,5ae633bf-263e-470d-a922-01f9c8d7038c,0.05,0.0500
2023-05-03 15:19:17.457976+00:00,202,202.00,95,0.9500,0.05,no,FEDDECISION-23MAY-H0,70474b6e-2441-4aaa-a1a6-7aaa7544c9a1,0.05,0.0500
2023-05-03 15:19:17.457976+00:00,50,50.00,95,0.9500,0.05,no,FEDDECISION-23MAY-H0,c3b539d0-0d99-456a-b020-35fb01681263,0.05,0.0500
2023-05-03 15:19:17.457976+00:00,89,89.00,95,0.9500,0.05,no,FEDDECISION-23MAY-H0,cb73ddf8-80d4-4e9a-ac0b-f14a0239ff1b,0.05,0.0500
2023-05-03 15:19:17.457976+00:00,183,183.00,95,0.9500,0.05,no,FEDDECISION-23MAY-H0,e475f4b4-535a-4000-857b-fb335429ea2c,0.05,0.0500
2023-05-03 15:30:09.131464+00:00,259,259.00,95,0.9500,0.05,no,FEDDECISION-23MAY-H0,2438b983-08ed-49fb-8e91-e6ce0ce5516f,0.05,0.0500
2023-05-03 15:44:48.691281+00:00,70,70.00,94,0.9400,0.06,yes,FEDDECISION-23MAY-H0,eeb39f70-08c6-4ca9-b366-a8f0f0bda7bb,0.06,0.0600
2023-05-03 15:44:48.691281+00:00,2,2.00,94,0.9400,0.06,yes,FEDDECISION-23MAY-H0,a22777f9-11d1-499e-812f-6bbfb0ac27d7,0.06,0.0600
2023-05-03 15:44:48.691281+00:00,77,77.00,94,0.9400,0.06,yes,FEDDECISION-23MAY-H0,458b6b8a-03e0-41dd-ad3b-6411c07bf2c1,0.06,0.0600
2023-05-03 15:44:48.691281+00:00,173,173.00,94,0.9400,0.06,yes,FEDDECISION-23MAY-H0,b31c1c61-4d5a-4aad-b0e4-b92f0e0beff2,0.06,0.0600
2023-05-03 15:53:31.625158+00:00,88,88.00,94,0.9400,0.06,no,FEDDECISION-23MAY-H0,d79d8c1d-a4a3-403f-8a30-8fb4d0081e99,0.06,0.0600
2023-05-03 16:17:21.870848+00:00,2,2.00,94,0.9400,0.06,yes,FEDDECISION-23MAY-H0,8e5271d3-8e01-4aef-aa73-dba361c5331c,0.06,0.0600
2023-05-03 16:25:06.099246+00:00,5,5.00,94,0.9400,0.06,yes,FEDDECISION-23MAY-H0,66412d83-9e87-447d-a5c7-b70fcaeab88d,0.06,0.0600
2023-05-03 16:46:00.154040+00:00,1000,1000.00,95,0.9500,0.05,no,FEDDECISION-23MAY-H0,0cf2dce4-69b2-438e-bf6b-c00c0f6ae9a5,0.05,0.0500
2023-05-03 16:46:52.714576+00:00,891,891.00,95,0.9500,0.05,no,FEDDECISION-23MAY-H0,c91b8a79-54fd-46b1-bcec-2221b5e459ad,0.05,0.0500
2023-05-03 16:46:52.714576+00:00,109,109.00,95,0.9500,0.05,no,FEDDECISION-23MAY-H0,eacae328-93c1-42d2-a672-5ff50c23e7b1,0.05,0.0500
2023-05-03 16:48:39.587048+00:00,9,9.00,95,0.9500,0.05,no,FEDDECISION-23MAY-H0,3120ab09-1c7b-4ac0-a1be-c865218f266e,0.05,0.0500
2023-05-03 16:48:39.587048+00:00,2,2.00,95,0.9500,0.05,no,FEDDECISION-23MAY-H0,8153c825-9f2f-43dd-a023-f931fdb28555,0.05,0.0500
2023-05-03 16:48:39.587048+00:00,70,70.00,95,0.9500,0.05,no,FEDDECISION-23MAY-H0,ab35a091-b23e-485a-9c23-82a750d1dc2f,0.05,0.0500
2023-05-03 16:48:39.587048+00:00,1600,1600.00,95,0.9500,0.05,no,FEDDECISION-23MAY-H0,cdf0f027-689c-47d4-9f38-e83b514ea33c,0.05,0.0500
2023-05-03 16:49:40.801273+00:00,89,89.00,95,0.9500,0.05,yes,FEDDECISION-23MAY-H0,e3590866-85cd-40e7-a59a-9e09fb703980,0.05,0.0500
2023-05-03 16:49:40.801273+00:00,98,98.00,95,0.9500,0.05,yes,FEDDECISION-23MAY-H0,a66c0571-f108-45ef-a8d8-069b11f8a643,0.05,0.0500
2023-05-03 16:57:51.746891+00:00,5,5.00,95,0.9500,0.05,no,FEDDECISION-23MAY-H0,24b33bd9-dd3f-4ddd-b6e1-0531a4e8ae26,0.05,0.0500
2023-05-03 17:00:46.958584+00:00,10,10.00,95,0.9500,0.05,no,FEDDECISION-23MAY-H0,4fb52266-a1ae-4958-a54b-16e516dde91b,0.05,0.0500
2023-05-03 17:14:03.815790+00:00,1,1.00,94,0.9400,0.06,yes,FEDDECISION-23MAY-H0,fce08dc0-9f49-4ed2-aafc-01638542e272,0.06,0.0600
2023-05-03 17:16:56.545930+00:00,80,80.00,94,0.9400,0.06,yes,FEDDECISION-23MAY-H0,0a331547-9708-4a8c-ab3a-6856e3b30267,0.06,0.0600
2023-05-03 17:16:56.545930+00:00,77,77.00,94,0.9400,0.06,yes,FEDDECISION-23MAY-H0,8a94f746-158c-4039-85f5-4139bcde2dd5,0.06,0.0600
2023-05-03 17:16:56.545930+00:00,1,1.00,93,0.9300,0.07,yes,FEDDECISION-23MAY-H0,cfb1c760-8193-4ffb-957c-483924a852f0,0.07,0.0700
2023-05-03 17:16:56.545930+00:00,10,10.00,94,0.9400,0.06,yes,FEDDECISION-23MAY-H0,f2620a49-e1ee-4c92-9b4d-f00f8e2475cc,0.06,0.0600
2023-05-03 17:16:56.545930+00:00,4,4.00,94,0.9400,0.06,yes,FEDDECISION-23MAY-H0,fea8b6a8-f564-45d8-9ad5-05050cf99f29,0.06,0.0600
2023-05-03 17:17:21.427458+00:00,10,10.00,93,0.9300,0.07,yes,FEDDECISION-23MAY-H0,5e95538d-cf16-4742-a53d-0543dbdc5226,0.07,0.0700
2023-05-03 17:17:27.922677+00:00,2672,2672.00,93,0.9300,0.07,yes,FEDDECISION-23MAY-H0,4834ff9d-f67a-4ac3-a405-e145a3e94641,0.07,0.0700
2023-05-03 17:17:27.922677+00:00,328,328.00,93,0.9300,0.07,yes,FEDDECISION-23MAY-H0,be5573a3-15fa-4f94-aff1-f86a28b9b7ca,0.07,0.0700
2023-05-03 17:21:18.634742+00:00,15,15.00,94,0.9400,0.06,no,FEDDECISION-23MAY-H0,b50edfb6-e57e-4455-b3d9-d1470cd8e5be,0.06,0.0600
2023-05-03 17:33:45.340976+00:00,70,70.00,93,0.9300,0.07,yes,FEDDECISION-23MAY-H0,86d14d5d-3ec6-4d5d-a246-5953575906eb,0.07,0.0700
2023-05-03 17:33:45.340976+00:00,1145,1145.00,93,0.9300,0.07,yes,FEDDECISION-23MAY-H0,d8492125-6651-45cc-b5dd-bb6bbc09515e,0.07,0.0700
2023-05-03 17:33:45.340976+00:00,2,2.00,93,0.9300,0.07,yes,FEDDECISION-23MAY-H0,e0916137-2773-439f-af43-2a5087b9fe77,0.07,0.0700
2023-05-03 17:33:45.340976+00:00,783,783.00,93,0.9300,0.07,yes,FEDDECISION-23MAY-H0,6397dff1-72e2-4cf0-84d3-8416bec3be14,0.07,0.0700
2023-05-03 17:36:23.778133+00:00,147,147.00,94,0.9400,0.06,no,FEDDECISION-23MAY-H0,0928540d-8db6-4cab-8a66-ddc6bdf8081a,0.06,0.0600
2023-05-03 17:36:23.778133+00:00,72,72.00,94,0.9400,0.06,no,FEDDECISION-23MAY-H0,6c1011ca-aeff-4ef6-9d78-fa3d79d31f04,0.06,0.0600
2023-05-03 17:37:54.541747+00:00,1,1.00,94,0.9400,0.06,yes,FEDDECISION-23MAY-H0,52f56465-857a-4599-ba1b-dc8c1a6d14e9,0.06,0.0600
2023-05-03 17:39:05.116826+00:00,87,87.00,94,0.9400,0.06,yes,FEDDECISION-23MAY-H0,2c4ad325-93fc-46be-89f3-8290ddbb264f,0.06,0.0600
2023-05-03 17:39:05.116826+00:00,1,1.00,94,0.9400,0.06,yes,FEDDECISION-23MAY-H0,b79a7679-8a58-4821-b017-213d33c3800d,0.06,0.0600
2023-05-03 17:39:13.725109+00:00,2,2.00,93,0.9300,0.07,yes,FEDDECISION-23MAY-H0,7cde003b-8af2-48b4-bbb6-9afc2829a798,0.07,0.0700
2023-05-03 17:39:13.725109+00:00,8,8.00,93,0.9300,0.07,yes,FEDDECISION-23MAY-H0,7e4e1cf9-4621-41ac-8b00-1a8abd7cdc4d,0.07,0.0700
2023-05-03 17:44:18.255264+00:00,88,88.00,94,0.9400,0.06,no,FEDDECISION-23MAY-H0,bd1a2946-748c-4f5f-bd11-4fff68af9d82,0.06,0.0600
2023-05-03 17:44:18.255264+00:00,10,10.00,94,0.9400,0.06,no,FEDDECISION-23MAY-H0,30fee38c-8d41-414a-a66f-d40115d8f297,0.06,0.0600
2023-05-03 17:45:19.925911+00:00,70,70.00,95,0.9500,0.05,no,FEDDECISION-23MAY-H0,49b36f7b-7d0e-4bc3-a67e-65a2bb461c51,0.05,0.0500
2023-05-03 17:45:19.925911+00:00,2,2.00,95,0.9500,0.05,no,FEDDECISION-23MAY-H0,74b30113-c732-4989-be45-f8c744534541,0.05,0.0500
2023-05-03 17:45:19.925911+00:00,15,15.00,95,0.9500,0.05,no,FEDDECISION-23MAY-H0,831110b2-b856-47fe-9cc9-4fd5024ce307,0.05,0.0500
2023-05-03 17:45:19.925911+00:00,28,28.00,95,0.9500,0.05,no,FEDDECISION-23MAY-H0,d7f39e41-1d89-4cdb-a9f0-c1869c829edc,0.05,0.0500
2023-05-03 17:47:20.788483+00:00,50,50.00,94,0.9400,0.06,yes,FEDDECISION-23MAY-H0,08188a65-1d79-4c05-906a-d9409fbc5751,0.06,0.0600
2023-05-03 17:52:30.780522+00:00,38,38.00,94,0.9400,0.06,yes,FEDDECISION-23MAY-H0,9e735801-a0ec-41ba-a4dd-c9779bf2fb58,0.06,0.0600
2023-05-03 17:52:30.780522+00:00,100,100.00,94,0.9400,0.06,yes,FEDDECISION-23MAY-H0,a97178f7-5dc8-4373-9384-d15b3acb3100,0.06,0.0600
2023-05-03 17:52:30.780522+00:00,62,62.00,93,0.9300,0.07,yes,FEDDECISION-23MAY-H0,cfd31178-72a4-4d7f-bd7e-4f877d3adb07,0.07,0.0700
2023-05-03 17:52:30.780522+00:00,300,300.00,93,0.9300,0.07,yes,FEDDECISION-23MAY-H0,fbc7a1c7-3def-473b-a656-0b26dd4ae16f,0.07,0.0700
2023-05-03 17:53:29.166376+00:00,150,150.00,94,0.9400,0.06,no,FEDDECISION-23MAY-H0,4f7a8deb-3d86-4c43-9676-a3704b7b4a28,0.06,0.0600
