created_time,count,count_fp,no_price,no_price_dollars,price,taker_side,ticker,trade_id,yes_price,yes_price_dollars
2024-12-18 15:01:29.220316+00:00,5,5.00,16,0.1600,0.84,yes,KXFEDDECISION-25JAN-H0,269856a1-7ff3-428b-ac51-5f37064ed47b,0.84,0.8400
2024-12-18 15:37:29.648995+00:00,100,100.00,17,0.1700,0.83,yes,KXFEDDECISION-25JAN-H0,6294eae5-0694-4d62-848a-1bf0224aa090,0.83,0.8300
2024-12-18 17:19:43.109786+00:00,3,3.00,19,0.1900,0.81,no,KXFEDDECISION-25JAN-H0,48935f50-faef-4a98-9b70-ca6bb5dce12e,0.81,0.8100
2024-12-18 17:36:15.816814+00:00,1,1.00,18,0.1800,0.82,yes,KXFEDDECISION-25JAN-H0,58a609e7-c6ef-414d-b9e4-982e9719f011,0.82,0.8200
2024-12-18 17:36:28.447196+00:00,1,1.00,18,0.1800,0.82,yes,KXFEDDECISION-25JAN-H0,96c2acde-9191-4033-8e29-7a7ab3a765a0,0.82,0.8200
2024-12-18 17:55:51.673107+00:00,400,400.00,18,0.1800,0.82,yes,KXFEDDECISION-25JAN-H0,e092257f-d55e-460c-816c-441968292744,0.82,0.8200
2024-12-18 18:36:38.764604+00:00,90,90.00,18,0.1800,0.82,yes,KXFEDDECISION-25JAN-H0,38a58b46-7f1b-4a56-93bc-08c7a96d620e,0.82,0.8200
2024-12-18 18:39:28.129218+00:00,200,200.00,19,0.1900,0.81,no,KXFEDDECISION-25JAN-H0,93017947-cc6c-4d04-8f48-336e04e84e59,0.81,0.8100
2024-12-18 18:45:44.514380+00:00,10,10.00,19,0.1900,0.81,yes,KXFEDDECISION-25JAN-H0,c4a90fd7-209c-4ac4-aec6-b5eb3d0b8b49,0.81,0.8100
2024-12-18 18:45:44.514380+00:00,111,111.00,19,0.1900,0.81,yes,KXFEDDECISION-25JAN-H0,2a9a1ca1-bcd8-4355-b755-f1cebf15c972,0.81,0.8100
2024-12-18 19:03:31.157895+00:00,100,100.00,19,0.1900,0.81,no,KXFEDDECISION-25JAN-H0,ce371ab4-6ef6-4855-b02b-ccfb4c700b71,0.81,0.8100
2024-12-18 19:03:31.267287+00:00,3,3.00,21,0.2100,0.79,no,KXFEDDECISION-25JAN-H0,16e172d5-2820-4107-9fd4-43f3b612376d,0.79,0.7900
2024-12-18 19:03:31.267287+00:00,25,25.00,22,0.2200,0.78,no,KXFEDDECISION-25JAN-H0,59090bab-91f2-4bd9-a366-e6b0a3d629f7,0.78,0.7800
2024-12-18 19:03:31.267287+00:00,3,3.00,20,0.2000,0.8,no,KXFEDDECISION-25JAN-H0,75ffb03b-404c-43a4-83be-54dd0507ad2d,0.8,0.8000
2024-12-18 19:05:05.463388+00:00,6,6.00,20,0.2000,0.8,yes,KXFEDDECISION-25JAN-H0,8b746f6e-ca77-4bd4-a019-98b381c342e0,0.8,0.8000
2024-12-18 19:05:48.822802+00:00,123,123.00,20,0.2000,0.8,yes,KXFEDDECISION-25JAN-H0,6a79edd9-c202-45b4-8da6-62ead6db9a39,0.8,0.8000
2024-12-18 19:07:56.589221+00:00,200,200.00,23,0.2300,0.77,yes,KXFEDDECISION-25JAN-H0,b1a5aba1-04e9-4fb7-87ce-381b0e70868f,0.77,0.7700
2024-12-18 19:08:18.429975+00:00,125,125.00,23,0.2300,0.77,yes,KXFEDDECISION-25JAN-H0,7c37062b-f3ec-4ccb-999a-2f90732b47f3,0.77,0.7700
2024-12-18 19:08:31.691319+00:00,875,875.00,23,0.2300,0.77,yes,KXFEDDECISION-25JAN-H0,ce47a4cd-180a-4ab2-a52a-78d2eb6525f2,0.77,0.7700
2024-12-18 19:08:31.691319+00:00,225,225.00,23,0.2300,0.77,yes,KXFEDDECISION-25JAN-H0,f5cdebec-2214-4be7-8700-f24f3332aab9,0.77,0.7700
2024-12-18 19:12:34.707906+00:00,25,25.00,15,0.1500,0.85,yes,KXFEDDECISION-25JAN-H0,27b5d63a-8800-4d78-a17f-7c72ec40a092,0.85,0.8500
2024-12-18 19:12:34.707906+00:00,1700,1700.00,14,0.1400,0.86,yes,KXFEDDECISION-25JAN-H0,6cfa3bb3-c7a4-4060-9034-3621af3ebce0,0.86,0.8600
2024-12-18 19:12:34.707906+00:00,173,173.00,18,0.1800,0.82,yes,KXFEDDECISION-25JAN-H0,90813799-8f0e-4365-a6d6-b851e88812e3,0.82,0.8200
2024-12-18 19:12:34.707906+00:00,1900,1900.00,15,0.1500,0.85,yes,KXFEDDECISION-25JAN-H0,926c5d9d-cef3-4fdb-90b5-1e683b4e440c,0.85,0.8500
2024-12-18 19:12:34.707906+00:00,1900,1900.00,13,0.1300,0.87,yes,KXFEDDECISION-25JAN-H0,b29cc8a2-2766-4d35-8466-1121a8fcf3ef,0.87,0.8700
2024-12-18 19:14:37.689434+00:00,11,11.00,10,0.1000,0.9,yes,KXFEDDECISION-25JAN-H0,8080144f-fbbd-466f-a735-e36c726c112b,0.9,0.9000
2024-12-18 19:32:57.254884+00:00,210,210.00,15,0.1500,0.85,yes,KXFEDDECISION-25JAN-H0,c7603c75-c934-483d-9f99-ffb704251635,0.85,0.8500
2024-12-18 19:33:05.129984+00:00,600,600.00,15,0.1500,0.85,yes,KXFEDDECISION-25JAN-H0,57d5b2f6-b512-4b2b-82e1-7bc5a1265b62,0.85,0.8500
2024-12-18 19:38:38.773268+00:00,5,5.00,14,0.1400,0.86,yes,KXFEDDECISION-25JAN-H0,4bdfb97a-e036-40c6-af6f-fd818d2d5071,0.86,0.8600
2024-12-18 19:39:08.640995+00:00,3000,3000.00,15,0.1500,0.85,yes,KXFEDDECISION-25JAN-H0,8424261f-7d27-4a59-a6e6-f6d8704dc493,0.85,0.8500
2024-12-18 19:45:58.439310+00:00,200,200.00,11,0.1100,0.89,yes,KXFEDDECISION-25JAN-H0,ee7dd8f0-bf39-4e1e-8db8-1d098b0af42d,0.89,0.8900
2024-12-18 19:51:31.001962+00:00,100,100.00,11,0.1100,0.89,no,KXFEDDECISION-25JAN-H0,54835a16-e24f-4648-a577-82d5f03e8178,0.89,0.8900
2024-12-18 19:57:16.624284+00:00,538,538.00,13,0.1300,0.87,no,KXFEDDECISION-25JAN-H0,263c76e8-9e33-4941-b12a-9356044b45fb,0.87,0.8700
2024-12-18 19:58:19.708644+00:00,7,7.00,13,0.1300,0.87,no,KXFEDDECISION-25JAN-H0,5b4f8480-216c-482a-b656-753338aa60c3,0.87,0.8700
2024-12-18 20:02:22.857715+00:00,154,154.00,11,0.1100,0.89,yes,KXFEDDECISION-25JAN-H0,c8a3c5c0-3c10-4274-96e6-e4b442dc2f96,0.89,0.8900
2024-12-18 20:11:09.998198+00:00,5,5.00,10,0.1000,0.9,yes,KXFEDDECISION-25JAN-H0,dcffa84d-3eb6-46b0-a6d0-f34c54060655,0.9,0.9000
2024-12-18 20:14:29.408498+00:00,92,92.00,10,0.1000,0.9,yes,KXFEDDECISION-25JAN-H0,b7da4dbf-cce4-41f6-af0d-eecd48297550,0.9,0.9000
2024-12-18 20:14:29.408498+00:00,45,45.00,10,0.1000,0.9,yes,KXFEDDECISION-25JAN-H0,6baf1240-9f47-4101-a8fa-641f2544ea0a,0.9,0.9000
2024-12-18 20:15:12.974371+00:00,993,993.00,10,0.1000,0.9,yes,KXFEDDECISION-25JAN-H0,cccf6321-9ffa-445c-8fa3-ae31fd839c8f,0.9,0.9000
2024-12-18 20:17:04.649342+00:00,98,98.00,10,0.1000,0.9,yes,KXFEDDECISION-25JAN-H0,5c0f3212-f6f7-4dae-9305-dbf01e7d3ebf,0.9,0.9000
2024-12-18 20:29:03.712852+00:00,1000,1000.00,11,0.1100,0.89,yes,KXFEDDECISION-25JAN-H0,29f11817-c9a4-4bbf-8462-ce722cd4854e,0.89,0.8900
2024-12-18 20:30:09.949781+00:00,100,100.00,11,0.1100,0.89,yes,KXFEDDECISION-25JAN-H0,a54b337a-d0bc-41ac-8d67-d0ffd519851a,0.89,0.8900
2024-12-18 20:34:38.953590+00:00,22,22.00,11,0.1100,0.89,yes,KXFEDDECISION-25JAN-H0,320157eb-d26f-4cbf-b719-fff1b693e884,0.89,0.8900
2024-12-18 20:36:08.844847+00:00,300,300.00,13,0.1300,0.87,no,KXFEDDECISION-25JAN-H0,08ba17fd-b92f-4835-818c-26c6b6817b59,0.87,0.8700
2024-12-18 21:07:40.490543+00:00,500,500.00,11,0.1100,0.89,yes,KXFEDDECISION-25JAN-H0,4f497c17-0fb0-4ea7-8ba7-e9d22d94baf5,0.89,0.8900
2024-12-18 21:37:15.812528+00:00,1878,1878.00,11,0.1100,0.89,yes,KXFEDDECISION-25JAN-H0,cc6775ff-5149-492b-bbd1-3389fdcd4cb9,0.89,0.8900
2024-12-18 21:37:15.812528+00:00,5000,5000.00,11,0.1100,0.89,yes,KXFEDDECISION-25JAN-H0,14970568-b989-4ce8-955b-050d8a575816,0.89,0.8900
2024-12-18 21:37:27.088813+00:00,2250,2250.00,11,0.1100,0.89,yes,KXFEDDECISION-25JAN-H0,66e898ab-faa8-4ade-b934-1a75cff039e9,0.89,0.8900
2024-12-18 21:46:00.306937+00:00,918,918.00,12,0.1200,0.88,no,KXFEDDECISION-25JAN-H0,779c4aff-9ff1-4c1f-9966-32244ce2b9e4,0.88,0.8800
2024-12-18 21:46:00.306937+00:00,500,500.00,12,0.1200,0.88,no,KXFEDDECISION-25JAN-H0,0631d3cc-8e5d-49fc-9d9f-c61281a74fa6,0.88,0.8800
2024-12-18 21:46:00.306937+00:00,3300,3300.00,12,0.1200,0.88,no,KXFEDDECISION-25JAN-H0,4e87079f-89be-4ea7-9c86-9ba2ec935bf8,0.88,0.8800
2024-12-18 21:47:48.120893+00:00,2250,2250.00,11,0.1100,0.89,yes,KXFEDDECISION-25JAN-H0,5bb50b13-ba8f-42ab-9429-840314859bec,0.89,0.8900
2024-12-18 21:56:08.720770+00:00,1,1.00,10,0.1000,0.9,yes,KXFEDDECISION-25JAN-H0,632427c4-f809-428c-bc8a-b40c9116bdc0,0.9,0.9000
2024-12-18 22:10:40.249470+00:00,1,1.00,10,0.1000,0.9,yes,KXFEDDECISION-25JAN-H0,c95cfbdf-7528-4b26-9e55-88f9440dc766,0.9,0.9000
2024-12-18 22:11:20.136547+00:00,5,5.00,10,0.1000,0.9,yes,KXFEDDECISION-25JAN-H0,3119f77a-74cd-400c-9a36-a0ae87f16b16,0.9,0.9000
2024-12-18 22:26:00.743879+00:00,15,15.00,11,0.1100,0.89,no,KXFEDDECISION-25JAN-H0,fddde5a5-d0c5-448c-81aa-009e61f7ca53,0.89,0.8900
2024-12-18 22:34:13.483035+00:00,100,100.00,11,0.1100,0.89,no,KXFEDDECISION-25JAN-H0,2b9e3761-446d-41ad-99a3-a71d5bb0d48d,0.89,0.8900
2024-12-18 22:43:39.567909+00:00,2,2.00,10,0.1000,0.9,yes,KXFEDDECISION-25JAN-H0,d2046f4a-2794-4fa3-ab6d-f36b1004bfad,0.9,0.9000
2024-12-18 23:43:05.372125+00:00,100,100.00,11,0.1100,0.89,no,KXFEDDECISION-25JAN-H0,6d88bab9-1d8c-41d6-aa1f-cb50dd2f52aa,0.89,0.8900
2024-12-18 23:43:54.378791+00:00,100,100.00,11,0.1100,0.89,no,KXFEDDECISION-25JAN-H0,6c9e74e3-ee62-46ea-a297-2aef799e916a,0.89,0.8900
2024-12-18 23:44:12.859348+00:00,400,400.00,11,0.1100,0.89,no,KXFEDDECISION-25JAN-H0,06a77a00-94a5-4bb7-8130-71d63b55509d,0.89,0.8900
2024-12-18 23:44:12.897343+00:00,285,285.00,11,0.1100,0.89,no,KXFEDDECISION-25JAN-H0,5b677a6e-8da0-4a34-aff6-da7544aa5b7e,0.89,0.8900
2024-12-18 23:44:13.018620+00:00,1900,1900.00,12,0.1200,0.88,no,KXFEDDECISION-25JAN-H0,09f21f42-ca32-471c-b85b-343d84803111,0.88,0.8800
2024-12-19 00:05:30.255133+00:00,27,27.00,11,0.1100,0.89,yes,KXFEDDECISION-25JAN-H0,7068abf8-bbf0-4c51-bbf4-733ded09e6b0,0.89,0.8900
2024-12-19 00:07:09.953955+00:00,33,33.00,11,0.1100,0.89,yes,KXFEDDECISION-25JAN-H0,e3f0e48a-7aa0-4d40-a223-690d29b280cd,0.89,0.8900
2024-12-19 00:13:59.233385+00:00,171,171.00,12,0.1200,0.88,no,KXFEDDECISION-25JAN-H0,f9227d06-9076-4af9-941b-10ce05051278,0.88,0.8800
2024-12-19 00:21:41.739670+00:00,1,1.00,11,0.1100,0.89,yes,KXFEDDECISION-25JAN-H0,2167703f-9dd1-48e4-bc83-414a39942215,0.89,0.8900
2024-12-19 00:33:39.505026+00:00,11,11.00,11,0.1100,0.89,yes,KXFEDDECISION-25JAN-H0,fe29a3f4-6fd8-441b-89a0-e0f3a47f3bed,0.89,0.8900
2024-12-19 01:50:43.456671+00:00,17,17.00,12,0.1200,0.88,no,KXFEDDECISION-25JAN-H0,7846d565-5f49-4a88-870b-b837fb1caa76,0.88,0.8800
2024-12-19 02:18:14.848324+00:00,185,185.00,11,0.1100,0.89,yes,KXFEDDECISION-25JAN-H0,65791c78-4bcd-4d71-9ecb-5d20deb5ff24,0.89,0.8900
2024-12-19 02:18:14.848324+00:00,43,43.00,11,0.1100,0.89,yes,KXFEDDECISION-25JAN-H0,966890a3-a96a-48ae-a840-346e0b291bdf,0.89,0.8900
2024-12-19 02:18:14.848324+00:00,400,400.00,11,0.1100,0.89,yes,KXFEDDECISION-25JAN-H0,e2c3489f-8ece-4556-9ba0-2d8a0d19e8e5,0.89,0.8900
2024-12-19 02:18:14.848324+00:00,72,72.00,11,0.1100,0.89,yes,KXFEDDECISION-25JAN-H0,f869298b-ad1b-4d3f-890a-c2b74c33f305,0.89,0.8900
2024-12-19 02:40:00.702150+00:00,200,200.00,12,0.1200,0.88,no,KXFEDDECISION-25JAN-H0,2b969c11-1885-4cd7-84e0-f8a5275c2009,0.88,0.8800
2024-12-19 02:40:00.702150+00:00,412,412.00,12,0.1200,0.88,no,KXFEDDECISION-25JAN-H0,4a1b1648-6782-4564-ad04-6fb2333d4224,0.88,0.8800
2024-12-19 02:43:17.540464+00:00,200,200.00,13,0.1300,0.87,no,KXFEDDECISION-25JAN-H0,0cb41638-030a-44e7-81b6-531e9040c831,0.87,0.8700
2024-12-19 03:18:14.081100+00:00,199,199.00,13,0.1300,0.87,no,KXFEDDECISION-25JAN-H0,8462e534-b199-489c-9743-68b6735af4eb,0.87,0.8700
2024-12-19 03:18:14.081100+00:00,20,20.00,12,0.1200,0.88,no,KXFEDDECISION-25JAN-H0,c8611a7e-afa0-4293-87c9-60b1ba277135,0.88,0.8800
2024-12-19 03:25:14.574236+00:00,200,200.00,11,0.1100,0.89,yes,KXFEDDECISION-25JAN-H0,5dcc5354-60ca-468a-a366-a396d703e7e7,0.89,0.8900
2024-12-19 03:25:14.574236+00:00,18,18.00,11,0.1100,0.89,yes,KXFEDDECISION-25JAN-H0,78b176f6-77f7-4d2d-bf08-b8164025c9ec,0.89,0.8900
2024-12-19 03:25:14.574236+00:00,4,4.00,10,0.1000,0.9,yes,KXFEDDECISION-25JAN-H0,d4f05b52-1308-4f3c-b26c-3b3133ec303d,0.9,0.9000
2024-12-19 04:04:05.205425+00:00,8,8.00,11,0.1100,0.89,yes,KXFEDDECISION-25JAN-H0,8fc73695-c37c-41cb-94b2-c614d1cd9520,0.89,0.8900
2024-12-19 06:34:32.713544+00:00,2,2.00,11,0.1100,0.89,yes,KXFEDDECISION-25JAN-H0,da5e221d-6846-4c8f-92a7-da3bca5dc011,0.89,0.8900
2024-12-19 06:34:32.713544+00:00,9,9.00,11,0.1100,0.89,yes,KXFEDDECISION-25JAN-H0,575cff49-198c-4683-921b-e8e21bd2f189,0.89,0.8900
2024-12-19 07:34:58.918552+00:00,1,1.00,13,0.1300,0.87,no,KXFEDDECISION-25JAN-H0,920cb23f-8358-4048-bd5a-f8341bd80981,0.87,0.8700
2024-12-19 13:04:56.595203+00:00,4400,4400.00,11,0.1100,0.89,yes,KXFEDDECISION-25JAN-H0,94465aa2-e6b9-4d82-b2b0-edd00fe05f58,0.89,0.8900
2024-12-19 13:53:12.222199+00:00,111,111.00,11,0.1100,0.89,yes,KXFEDDECISION-25JAN-H0,4757c527-a216-4750-b758-2beadb772ebb,0.89,0.8900
2024-12-19 14:01:59.549330+00:00,3,3.00,11,0.1100,0.89,yes,KXFEDDECISION-25JAN-H0,c80fd9bf-036a-4429-a47c-fdb97fd780ed,0.89,0.8900
2024-12-19 14:16:32.068479+00:00,2386,2386.00,11,0.1100,0.89,yes,KXFEDDECISION-25JAN-H0,89ab9956-b5fe-4b52-84d5-1070cc7ea6e1,0.89,0.8900
2024-12-19 14:16:32.068479+00:00,111,111.00,11,0.1100,0.89,yes,KXFEDDECISION-25JAN-H0,c3a17328-e792-459f-9f8d-94e36fe80544,0.89,0.8900
2024-12-19 14:32:35.669372+00:00,10,10.00,10,0.1000,0.9,yes,KXFEDDECISION-25JAN-H0,f0badb48-21d2-420c-938e-576ebedcd81d,0.9,0.9000
2024-12-19 14:41:13.040639+00:00,17,17.00,11,0.1100,0.89,no,KXFEDDECISION-25JAN-H0,deb31598-4f5f-4b42-b937-53d248af96d4,0.89,0.8900
2024-12-19 15:33:20.662504+00:00,717,717.00,10,0.1000,0.9,yes,KXFEDDECISION-25JAN-H0,96e87a09-d4c6-4717-b814-0cab28901a79,0.9,0.9000
2024-12-19 16:01:44.784980+00:00,400,400.00,11,0.1100,0.89,no,KXFEDDECISION-25JAN-H0,5cc10a7a-94de-45b1-be7a-78739d06af1c,0.89,0.8900
2024-12-19 17:18:24.697638+00:00,110,110.00,10,0.1000,0.9,yes,KXFEDDECISION-25JAN-H0,fdc66a66-3161-4ee3-b47c-7506d2846560,0.9,0.9000
2024-12-19 17:19:35.215755+00:00,23,23.00,10,0.1000,0.9,yes,KXFEDDECISION-25JAN-H0,522e7e52-2857-408f-9254-ed1d8187ce20,0.9,0.9000
2024-12-19 18:12:10.780196+00:00,855,855.00,11,0.1100,0.89,no,KXFEDDECISION-25JAN-H0,d1599a28-96eb-4a2b-9bf1-55c0f1b0703b,0.89,0.8900
2024-12-19 18:40:43.042812+00:00,855,855.00,11,0.1100,0.89,no,KXFEDDECISION-25JAN-H0,4cb1e6cd-e443-43e2-82ab-5c199238f8dc,0.89,0.8900
2024-12-19 18:42:22.088682+00:00,770,770.00,11,0.1100,0.89,no,KXFEDDECISION-25JAN-H0,03f1be46-dfa3-47b7-a70d-d154279c51c7,0.89,0.8900
2024-12-19 19:45:17.630295+00:00,427,427.00,11,0.1100,0.89,no,KXFEDDECISION-25JAN-H0,44bea6f6-53e2-4887-b863-805c245bc344,0.89,0.8900
2024-12-19 20:12:08.525359+00:00,3,3.00,10,0.1000,0.9,yes,KXFEDDECISION-25JAN-H0,95c39786-0702-4f1d-bb10-de0e209769a9,0.9,0.9000
2024-12-19 21:40:21.478733+00:00,100,100.00,11,0.1100,0.89,no,KXFEDDECISION-25JAN-H0,45812011-2c20-4192-99a1-cef7d26da2f6,0.89,0.8900
2024-12-19 21:40:49.577131+00:00,85,85.00,11,0.1100,0.89,no,KXFEDDECISION-25JAN-H0,7cea75fc-7d7a-455c-9dfa-9090f17abae8,0.89,0.8900
2024-12-19 22:02:52.083411+00:00,17,17.00,11,0.1100,0.89,no,KXFEDDECISION-25JAN-H0,25861f05-9d26-4369-8833-9e1aa29c2ba4,0.89,0.8900
2024-12-19 22:04:32.016435+00:00,104,104.00,11,0.1100,0.89,no,KXFEDDECISION-25JAN-H0,402aae95-801a-41c2-958c-a1ecb2799262,0.89,0.8900
2024-12-19 22:45:31.353944+00:00,19,19.00,10,0.1000,0.9,yes,KXFEDDECISION-25JAN-H0,d318c03c-5688-4686-8d7a-145de07450b5,0.9,0.9000
2024-12-20 00:06:06.806906+00:00,5,5.00,10,0.1000,0.9,yes,KXFEDDECISION-25JAN-H0,49e0936c-c8f9-402d-9db7-db7dad742ddc,0.9,0.9000
2024-12-20 00:45:15.094644+00:00,307,307.00,10,0.1000,0.9,yes,KXFEDDECISION-25JAN-H0,d8896755-fb66-4260-b619-04c36efff6c7,0.9,0.9000
2024-12-20 01:08:50.945642+00:00,100,100.00,10,0.1000,0.9,yes,KXFEDDECISION-25JAN-H0,54260222-50ed-433f-8f5f-712eaaef1d14,0.9,0.9000
2024-12-20 01:08:50.945642+00:00,100,100.00,10,0.1000,0.9,yes,KXFEDDECISION-25JAN-H0,9dab56cf-f06d-47a7-965d-d6fcdf13508d,0.9,0.9000
2024-12-20 01:08:50.945642+00:00,63,63.00,10,0.1000,0.9,yes,KXFEDDECISION-25JAN-H0,d53dff8c-480f-4432-8afa-95e547575f29,0.9,0.9000
2024-12-20 01:08:50.945642+00:00,3793,3793.00,10,0.1000,0.9,yes,KXFEDDECISION-25JAN-H0,d5fab501-074c-45cb-88ab-456501e3a4c7,0.9,0.9000
2024-12-20 01:08:50.945642+00:00,100,100.00,10,0.1000,0.9,yes,KXFEDDECISION-25JAN-H0,ed1d986b-3837-42bf-8f94-6de8dfffc10b,0.9,0.9000
2024-12-20 01:08:50.945642+00:00,132,132.00,10,0.1000,0.9,yes,KXFEDDECISION-25JAN-H0,ef11642c-ebf2-4fa0-bf05-c4eb8334a59e,0.9,0.9000
2024-12-20 01:11:17.438415+00:00,30,30.00,9,0.0900,0.91,yes,KXFEDDECISION-25JAN-H0,c11010a8-48be-4270-b524-677e0364baca,0.91,0.9100
2024-12-20 01:27:44.087456+00:00,250,250.00,10,0.1000,0.9,no,KXFEDDECISION-25JAN-H0,705ae6ab-2ba5-4a04-b046-b3ed3f60de06,0.9,0.9000
2024-12-20 01:27:44.087456+00:00,628,628.00,11,0.1100,0.89,no,KXFEDDECISION-25JAN-H0,ffb3200d-5a91-400d-b0df-45736f8256c8,0.89,0.8900
2024-12-20 01:33:31.358788+00:00,21,21.00,9,0.0900,0.91,yes,KXFEDDECISION-25JAN-H0,387bcd27-32e1-47ee-b402-2083a8fa60a4,0.91,0.9100
2024-12-20 01:33:31.358788+00:00,20,20.00,9,0.0900,0.91,yes,KXFEDDECISION-25JAN-H0,608e1f37-8eaf-4df3-afe1-61757b1bf039,0.91,0.9100
2024-12-20 01:44:32.465556+00:00,10,10.00,8,0.0800,0.92,yes,KXFEDDECISION-25JAN-H0,7fd6c6da-b214-4733-85b8-f0c1e7b37e2f,0.92,0.9200
2024-12-20 02:53:23.248637+00:00,9,9.00,10,0.1000,0.9,no,KXFEDDECISION-25JAN-H0,cd121a8e-71a9-4f67-a9fc-75c6c91b06eb,0.9,0.9000
2024-12-20 02:59:39.706497+00:00,41,41.00,10,0.1000,0.9,no,KXFEDDECISION-25JAN-H0,04ca28b0-6a7d-440d-bebf-724aaf4f6185,0.9,0.9000
2024-12-20 03:37:14.712247+00:00,168,168.00,9,0.0900,0.91,yes,KXFEDDECISION-25JAN-H0,626657a9-3d4f-41dc-bba5-16fbb1232d4a,0.91,0.9100
2024-12-20 04:05:24.035816+00:00,27,27.00,9,0.0900,0.91,yes,KXFEDDECISION-25JAN-H0,3d6d4920-7362-42ad-85c3-077c19864502,0.91,0.9100
2024-12-20 04:07:37.386246+00:00,2,2.00,9,0.0900,0.91,yes,KXFEDDECISION-25JAN-H0,bd56ce38-07a1-4866-916e-61b3fdff423f,0.91,0.9100
2024-12-20 05:28:56.280280+00:00,1,1.00,9,0.0900,0.91,yes,KXFEDDECISION-25JAN-H0,98146710-f359-402a-b8f5-810b7423ce41,0.91,0.9100
2024-12-20 05:45:41.889389+00:00,2,2.00,9,0.0900,0.91,yes,KXFEDDECISION-25JAN-H0,1c08d87d-8036-4edf-a045-7609d4ae866c,0.91,0.9100
2024-12-20 06:16:34.564485+00:00,9,9.00,10,0.1000,0.9,no,KXFEDDECISION-25JAN-H0,4baddc07-56df-4d48-9d74-40dfa6895eba,0.9,0.9000
2024-12-20 06:39:16.074019+00:00,1,1.00,10,0.1000,0.9,no,KXFEDDECISION-25JAN-H0,cb67d756-b2d2-48a1-9da3-10e2cf4c2488,0.9,0.9000
2024-12-20 06:39:16.074019+00:00,93,93.00,10,0.1000,0.9,no,KXFEDDECISION-25JAN-H0,9991883b-14e4-4935-876e-c89c49b9d31d,0.9,0.9000
2024-12-20 13:11:19.518004+00:00,100,100.00,10,0.1000,0.9,no,KXFEDDECISION-25JAN-H0,18f4e97f-3246-422e-964a-202e86481d3a,0.9,0.9000
2024-12-20 13:27:15.554930+00:00,4,4.00,10,0.1000,0.9,no,KXFEDDECISION-25JAN-H0,2167f30e-b74d-40dc-b860-723d8184821d,0.9,0.9000
2024-12-20 13:36:02.456751+00:00,55,55.00,10,0.1000,0.9,yes,KXFEDDECISION-25JAN-H0,34ff4427-6dbf-4c56-a5eb-5abee35d2529,0.9,0.9000
2024-12-20 13:36:37.282841+00:00,400,400.00,11,0.1100,0.89,no,KXFEDDECISION-25JAN-H0,a2f3d50b-e877-47cf-b10d-475968bf821a,0.89,0.8900
2024-12-20 13:36:37.282841+00:00,742,742.00,11,0.1100,0.89,no,KXFEDDECISION-25JAN-H0,c2059083-e6eb-40c9-b551-f3d6d402a4b0,0.89,0.8900
2024-12-20 13:36:37.282841+00:00,10,10.00,11,0.1100,0.89,no,KXFEDDECISION-25JAN-H0,f5c03ec6-6b80-49bd-8e9f-973daf42809e,0.89,0.8900
2024-12-20 13:36:37.282841+00:00,500,500.00,11,0.1100,0.89,no,KXFEDDECISION-25JAN-H0,d74fdee3-33bb-4c40-ae99-7705886eef37,0.89,0.8900
2024-12-20 13:40:50.067080+00:00,83,83.00,11,0.1100,0.89,yes,KXFEDDECISION-25JAN-H0,ac2b59e7-e825-4c20-a501-45a3e7dcc285,0.89,0.8900
2024-12-20 13:59:01.562568+00:00,2300,2300.00,12,0.1200,0.88,no,KXFEDDECISION-25JAN-H0,36f11339-c45b-44a8-8497-cb67e3f12fcb,0.88,0.8800
2024-12-20 13:59:01.562568+00:00,5000,5000.00,12,0.1200,0.88,no,KXFEDDECISION-25JAN-H0,772ed08f-60bb-48aa-9d09-979f92856dcf,0.88,0.8800
2024-12-20 14:09:55.382941+00:00,1100,1100.00,12,0.1200,0.88,yes,KXFEDDECISION-25JAN-H0,93c2a31f-778c-4925-9494-e89156872130,0.88,0.8800
2024-12-20 14:09:55.382941+00:00,10700,10700.00,12,0.1200,0.88,yes,KXFEDDECISION-25JAN-H0,4fea3a97-e982-42dd-9a10-b6f2f894cddb,0.88,0.8800
2024-12-20 14:09:55.382941+00:00,200,200.00,12,0.1200,0.88,yes,KXFEDDECISION-25JAN-H0,8f9fa2d1-3961-435c-ad51-9399a7c170c6,0.88,0.8800
2024-12-20 14:12:05.782684+00:00,27,27.00,10,0.1000,0.9,yes,KXFEDDECISION-25JAN-H0,ac6ba449-aab3-445e-9bda-def4cfa6cd3d,0.9,0.9000
2024-12-20 14:33:29.003447+00:00,9,9.00,11,0.1100,0.89,yes,KXFEDDECISION-25JAN-H0,7549ec23-2cbe-4cbd-ae84-3904d21354be,0.89,0.8900
2024-12-20 14:35:24.774683+00:00,48,48.00,10,0.1000,0.9,yes,KXFEDDECISION-25JAN-H0,7f14c309-8b77-4c6f-a425-86b3cb2b2615,0.9,0.9000
2024-12-20 14:35:24.774683+00:00,27,27.00,10,0.1000,0.9,yes,KXFEDDECISION-25JAN-H0,2e9a69ae-bb52-4a3c-90d9-3d54f17eb16c,0.9,0.9000
2024-12-20 14:35:24.774683+00:00,2,2.00,10,0.1000,0.9,yes,KXFEDDECISION-25JAN-H0,1b0204ec-0b30-48fd-a827-53bc7707fe74,0.9,0.9000
2024-12-20 14:35:24.774683+00:00,23,23.00,10,0.1000,0.9,yes,KXFEDDECISION-25JAN-H0,20976fd6-a272-454d-9d98-1ae774465ef2,0.9,0.9000
2024-12-20 14:35:24.774683+00:00,2484,2484.00,10,0.1000,0.9,yes,KXFEDDECISION-25JAN-H0,2c9bb12c-fa00-46a4-8913-88fe23e6c35b,0.9,0.9000
2024-12-20 15:02:20.582819+00:00,2380,2380.00,10,0.1000,0.9,yes,KXFEDDECISION-25JAN-H0,415eb66c-d40f-420e-8307-291b7af8dd4c,0.9,0.9000
2024-12-20 15:02:20.582819+00:00,100,100.00,10,0.1000,0.9,yes,KXFEDDECISION-25JAN-H0,b0c5bcc6-7122-4a97-80ed-3b5f894bcbdf,0.9,0.9000
2024-12-20 15:03:05.314979+00:00,100,100.00,12,0.1200,0.88,no,KXFEDDECISION-25JAN-H0,04812af0-7537-48a7-8fa8-057b5cc10337,0.88,0.8800
2024-12-20 15:03:05.314979+00:00,300,300.00,12,0.1200,0.88,no,KXFEDDECISION-25JAN-H0,d835f2a6-fcde-4617-82bf-1f0258c8f932,0.88,0.8800
2024-12-20 15:03:05.314979+00:00,200,200.00,12,0.1200,0.88,no,KXFEDDECISION-25JAN-H0,89fcbf7d-411d-436d-a4c4-c5ca24d13b02,0.88,0.8800
2024-12-20 15:12:45.529997+00:00,55,55.00,10,0.1000,0.9,yes,KXFEDDECISION-25JAN-H0,441e393f-28ea-45a6-8647-53bb648c3b18,0.9,0.9000
2024-12-20 15:15:09.357453+00:00,10,10.00,10,0.1000,0.9,yes,KXFEDDECISION-25JAN-H0,07522a0b-7726-4a2f-b48d-859c240fd9c2,0.9,0.9000
2024-12-20 15:49:33.416498+00:00,28,28.00,11,0.1100,0.89,yes,KXFEDDECISION-25JAN-H0,5b073922-c0c0-4e69-8635-a7d6c37073ab,0.89,0.8900
2024-12-20 16:11:37.957879+00:00,14,14.00,13,0.1300,0.87,no,KXFEDDECISION-25JAN-H0,7f133e8c-15e5-44e0-935d-486cecac5715,0.87,0.8700
2024-12-20 17:24:42.185292+00:00,572,572.00,11,0.1100,0.89,yes,KXFEDDECISION-25JAN-H0,daeccf7f-6884-4b57-92bd-3934b8b27596,0.89,0.8900
2024-12-20 17:24:42.185292+00:00,128,128.00,11,0.1100,0.89,yes,KXFEDDECISION-25JAN-H0,e3455d99-44d6-4d1b-ae4f-a0ed8445f214,0.89,0.8900
2024-12-20 18:16:36.102371+00:00,3,3.00,11,0.1100,0.89,yes,KXFEDDECISION-25JAN-H0,ac206759-4812-4d79-8a84-a035ebca9bab,0.89,0.8900
2024-12-20 19:57:37.215546+00:00,5,5.00,11,0.1100,0.89,yes,KXFEDDECISION-25JAN-H0,8ec465ef-e3d3-4202-98c1-3f6fd13ae990,0.89,0.8900
2024-12-20 20:18:20.687760+00:00,179,179.00,11,0.1100,0.89,yes,KXFEDDECISION-25JAN-H0,33f1968f-8db6-4854-ab3a-7f245af68cc1,0.89,0.8900
2024-12-20 20:22:35.772112+00:00,89,89.00,11,0.1100,0.89,yes,KXFEDDECISION-25JAN-H0,2e9af7b8-5f5a-4013-82b4-228aee0fa5ee,0.89,0.8900
2024-12-20 20:23:57.381126+00:00,3150,3150.00,11,0.1100,0.89,yes,KXFEDDECISION-25JAN-H0,833f387f-2ac8-470b-9a1d-2a6bd3d27617,0.89,0.8900
2024-12-20 20:34:03.914645+00:00,5250,5250.00,11,0.1100,0.89,yes,KXFEDDECISION-25JAN-H0,13bd84e4-e006-4539-ba3b-d24f49f8ca17,0.89,0.8900
2024-12-20 20:34:58.318568+00:00,100,100.00,11,0.1100,0.89,yes,KXFEDDECISION-25JAN-H0,3c182123-dbed-43a2-a409-8adfd01cfc83,0.89,0.8900
2024-12-20 20:48:06.047523+00:00,159,159.00,11,0.1100,0.89,yes,KXFEDDECISION-25JAN-H0,0b6e480e-0f1b-47b6-9b51-51d3863bc5b6,0.89,0.8900
2024-12-20 21:41:55.117305+00:00,100,100.00,12,0.1200,0.88,yes,KXFEDDECISION-25JAN-H0,b238f9d2-7c11-4240-8361-672b943d729e,0.88,0.8800
2024-12-20 22:16:18.291273+00:00,66,66.00,13,0.1300,0.87,no,KXFEDDECISION-25JAN-H0,9bb3db12-31ce-41ee-86e1-2817b1e5048e,0.87,0.8700
2024-12-20 22:16:18.291273+00:00,296,296.00,13,0.1300,0.87,no,KXFEDDECISION-25JAN-H0,f40ef734-d1cb-49ef-976b-1bbd6b51acf9,0.87,0.8700
2024-12-20 22:30:21.205800+00:00,50,50.00,11,0.1100,0.89,yes,KXFEDDECISION-25JAN-H0,3169a040-d16f-417a-97b1-14bc09dbe146,0.89,0.8900
2024-12-20 22:30:21.205800+00:00,65,65.00,11,0.1100,0.89,yes,KXFEDDECISION-25JAN-H0,9327b648-b461-4c35-945a-b04bb652b833,0.89,0.8900
2024-12-20 22:30:21.205800+00:00,50,50.00,11,0.1100,0.89,yes,KXFEDDECISION-25JAN-H0,e143821f-345f-40c2-92fb-361c69da558a,0.89,0.8900
2024-12-21 00:44:42.884827+00:00,2,2.00,13,0.1300,0.87,no,KXFEDDECISION-25JAN-H0,d94b9a24-076d-4ec6-9803-6cb8caf2912b,0.87,0.8700
2024-12-21 01:04:47.591315+00:00,50,50.00,13,0.1300,0.87,no,KXFEDDECISION-25JAN-H0,4724096f-9552-4d82-a0fe-18e0f0abd7a8,0.87,0.8700
2024-12-21 01:04:47.591315+00:00,2,2.00,13,0.1300,0.87,no,KXFEDDECISION-25JAN-H0,74535ae2-54eb-4689-8426-c856a2f55cee,0.87,0.8700
2024-12-21 01:04:47.591315+00:00,150,150.00,13,0.1300,0.87,no,KXFEDDECISION-25JAN-H0,c6aadb26-820f-4d5a-840d-99406b4ad7ee,0.87,0.8700
2024-12-21 01:04:47.591315+00:00,502,502.00,13,0.1300,0.87,no,KXFEDDECISION-25JAN-H0,c77ccd01-0027-4d0d-9c10-5334ba4a42c8,0.87,0.8700
2024-12-21 01:04:47.591315+00:00,20,20.00,13,0.1300,0.87,no,KXFEDDECISION-25JAN-H0,e12b114e-1fa4-4053-b251-4425266fbe52,0.87,0.8700
2024-12-21 03:10:21.587962+00:00,11,11.00,12,0.1200,0.88,no,KXFEDDECISION-25JAN-H0,cff8cfb4-2432-4e59-8353-5d03d00681c1,0.88,0.8800
2024-12-21 04:14:23.676070+00:00,4,4.00,11,0.1100,0.89,yes,KXFEDDECISION-25JAN-H0,bf3a13df-61ff-4bc8-9018-6b97d3cfb80a,0.89,0.8900
2024-12-21 04:18:48.161396+00:00,22,22.00,11,0.1100,0.89,yes,KXFEDDECISION-25JAN-H0,5ae1301e-dd0c-4439-a1c6-c6414c7facf6,0.89,0.8900
2024-12-21 04:33:20.158995+00:00,289,289.00,12,0.1200,0.88,no,KXFEDDECISION-25JAN-H0,7d28dc6a-3e10-4fa7-b73f-7c94b0561b4f,0.88,0.8800
2024-12-21 05:05:02.612193+00:00,300,300.00,13,0.1300,0.87,no,KXFEDDECISION-25JAN-H0,33e95bb1-2010-4e18-84ad-7e74589f2a3c,0.87,0.8700
2024-12-21 05:39:21.058340+00:00,1800,1800.00,8,0.0800,0.92,yes,KXFEDDECISION-25JAN-H0,fcb22693-3f91-4d87-9fa7-82c9ac71e1ad,0.92,0.9200
2024-12-21 05:39:21.058340+00:00,500,500.00,10,0.1000,0.9,yes,KXFEDDECISION-25JAN-H0,fc1b3c4a-7261-4049-9c1f-fd4c1291298b,0.9,0.9000
2024-12-21 05:39:21.058340+00:00,1200,1200.00,7,0.0700,0.93,yes,KXFEDDECISION-25JAN-H0,8fc2c66d-c604-4136-a1b2-b71b18e21572,0.93,0.9300
2024-12-21 05:39:21.058340+00:00,2,2.00,10,0.1000,0.9,yes,KXFEDDECISION-25JAN-H0,d5504f96-0c8f-4a2c-9ce3-3c9e4a8441ad,0.9,0.9000
2024-12-21 05:39:21.058340+00:00,827,827.00,9,0.0900,0.91,yes,KXFEDDECISION-25JAN-H0,ae45cf5c-1114-4c35-8460-fa7ac010d90d,0.91,0.9100
2024-12-21 05:39:21.058340+00:00,200,200.00,12,0.1200,0.88,yes,KXFEDDECISION-25JAN-H0,ac8bd250-4dc4-4057-a164-d555307473d7,0.88,0.8800
2024-12-21 05:39:21.058340+00:00,100,100.00,11,0.1100,0.89,yes,KXFEDDECISION-25JAN-H0,a46ceb38-113c-463f-a4c7-6cb1d4d17a66,0.89,0.8900
2024-12-21 05:39:21.058340+00:00,400,400.00,8,0.0800,0.92,yes,KXFEDDECISION-25JAN-H0,a40fa8bc-237a-4762-9ee4-27064d0e0a85,0.92,0.9200
2024-12-21 05:39:21.058340+00:00,50,50.00,10,0.1000,0.9,yes,KXFEDDECISION-25JAN-H0,7b6b8270-4fe1-46b8-b80f-c37ca668a1b8,0.9,0.9000
2024-12-21 05:39:21.058340+00:00,100,100.00,7,0.0700,0.93,yes,KXFEDDECISION-25JAN-H0,fa2a594d-5966-40bf-a812-0765b4658930,0.93,0.9300
2024-12-21 05:39:21.058340+00:00,1757,1757.00,6,0.0600,0.94,yes,KXFEDDECISION-25JAN-H0,7585c88d-0e54-47b3-8f9e-933cff98f4de,0.94,0.9400
2024-12-21 05:39:21.058340+00:00,800,800.00,9,0.0900,0.91,yes,KXFEDDECISION-25JAN-H0,78bdf357-ae98-4956-bff7-f293aa2210dc,0.91,0.9100
2024-12-21 05:39:21.058340+00:00,61,61.00,11,0.1100,0.89,yes,KXFEDDECISION-25JAN-H0,0c11da4b-f31b-4859-a962-cadb295148ad,0.89,0.8900
2024-12-21 05:39:21.058340+00:00,1300,1300.00,8,0.0800,0.92,yes,KXFEDDECISION-25JAN-H0,0ca41d7f-bba6-44ee-992e-e9d870c3b640,0.92,0.9200
2024-12-21 05:39:21.058340+00:00,1000,1000.00,7,0.0700,0.93,yes,KXFEDDECISION-25JAN-H0,247699f3-4a55-4cae-892c-1e57d8efb220,0.93,0.9300
2024-12-21 05:39:21.058340+00:00,25,25.00,11,0.1100,0.89,yes,KXFEDDECISION-25JAN-H0,2c0bb87c-c6d1-4267-a29e-4728a734ffc6,0.89,0.8900
2024-12-21 05:39:21.058340+00:00,50,50.00,10,0.1000,0.9,yes,KXFEDDECISION-25JAN-H0,f5815199-891a-4163-a473-deae87ce3de9,0.9,0.9000
2024-12-21 05:39:21.058340+00:00,100,100.00,12,0.1200,0.88,yes,KXFEDDECISION-25JAN-H0,2e803f28-b99c-4efb-ac1c-bd053a4f1cec,0.88,0.8800
2024-12-21 05:39:21.058340+00:00,2700,2700.00,7,0.0700,0.93,yes,KXFEDDECISION-25JAN-H0,35fddabc-c901-4e4c-9dca-33487034d882,0.93,0.9300
2024-12-21 05:39:21.058340+00:00,14,14.00,11,0.1100,0.89,yes,KXFEDDECISION-25JAN-H0,438204ab-6d65-4571-ba22-c1fe7ed14314,0.89,0.8900
2024-12-21 05:39:21.058340+00:00,74,74.00,11,0.1100,0.89,yes,KXFEDDECISION-25JAN-H0,5a868169-51fa-47ad-9a52-01178496ffbb,0.89,0.8900
2024-12-21 05:39:21.058340+00:00,900,900.00,8,0.0800,0.92,yes,KXFEDDECISION-25JAN-H0,710da02f-0477-41c4-a7b4-396e6b0779dd,0.92,0.9200
2024-12-21 05:52:02.524936+00:00,36,36.00,13,0.1300,0.87,no,KXFEDDECISION-25JAN-H0,3a0acd48-a13f-482a-8f1d-fcf52194f2f1,0.87,0.8700
2024-12-21 06:38:23.633254+00:00,2,2.00,8,0.0800,0.92,yes,KXFEDDECISION-25JAN-H0,6fa32781-f2c9-4b85-91b8-f810f7de128e,0.92,0.9200
2024-12-21 07:26:48.997736+00:00,2,2.00,12,0.1200,0.88,no,KXFEDDECISION-25JAN-H0,4e151317-85dd-4351-8231-5487eedfea85,0.88,0.8800
2024-12-21 13:39:59.816106+00:00,16,16.00,8,0.0800,0.92,yes,KXFEDDECISION-25JAN-H0,be379eec-ce93-482a-87fc-627244c834eb,0.92,0.9200
2024-12-21 14:02:06.073843+00:00,62,62.00,12,0.1200,0.88,no,KXFEDDECISION-25JAN-H0,59faaee2-6d1c-47fc-bf7e-3f416bb73405,0.88,0.8800
2024-12-21 14:02:26.896427+00:00,29,29.00,12,0.1200,0.88,no,KXFEDDECISION-25JAN-H0,4aa3541b-bb83-4291-b516-2a77a39570d7,0.88,0.8800
2024-12-21 16:05:47.045044+00:00,1,1.00,10,0.1000,0.9,yes,KXFEDDECISION-25JAN-H0,b0df99c7-9bd1-4310-beaf-15a10f5b4ef7,0.9,0.9000
2024-12-21 16:17:18.410442+00:00,26,26.00,10,0.1000,0.9,yes,KXFEDDECISION-25JAN-H0,64cb229d-4124-4106-a584-211f002e8c04,0.9,0.9000
2024-12-21 16:17:18.410442+00:00,4,4.00,10,0.1000,0.9,yes,KXFEDDECISION-25JAN-H0,cc62365c-e097-4ee4-9b90-5d87f22e787a,0.9,0.9000
2024-12-21 16:19:04.382788+00:00,100,100.00,11,0.1100,0.89,no,KXFEDDECISION-25JAN-H0,1e4a270d-9306-4bf0-833c-9d428504724b,0.89,0.8900
2024-12-21 16:19:04.382788+00:00,693,693.00,12,0.1200,0.88,no,KXFEDDECISION-25JAN-H0,500f4265-f348-4977-a4b0-2d85548ab667,0.88,0.8800
2024-12-21 16:19:36.613937+00:00,203,203.00,9,0.0900,0.91,yes,KXFEDDECISION-25JAN-H0,f1cd818d-070c-4f1f-8ca9-7c71bd6d21a9,0.91,0.9100
2024-12-21 16:19:36.613937+00:00,2,2.00,10,0.1000,0.9,yes,KXFEDDECISION-25JAN-H0,fca46cae-8f00-460a-bbe0-82088bf86ee8,0.9,0.9000
2024-12-21 16:19:36.613937+00:00,574,574.00,10,0.1000,0.9,yes,KXFEDDECISION-25JAN-H0,c3e88465-d996-45fa-89e6-42c2d4903d0d,0.9,0.9000
2024-12-21 16:19:36.613937+00:00,5,5.00,10,0.1000,0.9,yes,KXFEDDECISION-25JAN-H0,1bcc059f-6ba5-42f7-9559-76f6f71ca19c,0.9,0.9000
2024-12-21 16:19:36.613937+00:00,5,5.00,10,0.1000,0.9,yes,KXFEDDECISION-25JAN-H0,85608364-3cdb-42fb-bbf3-86a2b5d1d062,0.9,0.9000
2024-12-21 16:19:36.613937+00:00,2,2.00,10,0.1000,0.9,yes,KXFEDDECISION-25JAN-H0,5018bda4-236c-4ddf-a199-c7d3fc857377,0.9,0.9000
2024-12-21 16:19:36.613937+00:00,2,2.00,10,0.1000,0.9,yes,KXFEDDECISION-25JAN-H0,be741070-c703-4c6b-a594-fcc430bbdbe0,0.9,0.9000
2024-12-21 17:21:36.759845+00:00,23,23.00,12,0.1200,0.88,no,KXFEDDECISION-25JAN-H0,157470fb-0f12-4f11-870a-cb95e57eadb6,0.88,0.8800
2024-12-21 17:25:41.264092+00:00,4,4.00,9,0.0900,0.91,yes,KXFEDDECISION-25JAN-H0,812b00b7-184d-428d-9502-de10bdc5df80,0.91,0.9100
2024-12-21 17:33:40.017982+00:00,793,793.00,9,0.0900,0.91,yes,KXFEDDECISION-25JAN-H0,034f1806-9817-4eff-8c5a-55589e97cecd,0.91,0.9100
2024-12-21 17:33:40.017982+00:00,200,200.00,9,0.0900,0.91,yes,KXFEDDECISION-25JAN-H0,33f2f25d-67fe-4d27-b3da-750a57a83284,0.91,0.9100
2024-12-21 17:33:40.017982+00:00,1000,1000.00,9,0.0900,0.91,yes,KXFEDDECISION-25JAN-H0,69e6c9a6-f5b4-489a-81f8-7bfb930f0c66,0.91,0.9100
2024-12-21 17:33:40.017982+00:00,100,100.00,9,0.0900,0.91,yes,KXFEDDECISION-25JAN-H0,756fe8ba-b129-49ce-822b-1a9531b009a2,0.91,0.9100
2024-12-21 17:33:40.017982+00:00,103,103.00,9,0.0900,0.91,yes,KXFEDDECISION-25JAN-H0,91f4374d-3982-479d-a453-34028de14b9a,0.91,0.9100
2024-12-21 17:34:42.807048+00:00,93,93.00,12,0.1200,0.88,no,KXFEDDECISION-25JAN-H0,846db986-3dc7-4b39-bba7-974843f2a8f4,0.88,0.8800
2024-12-21 17:34:42.807048+00:00,400,400.00,12,0.1200,0.88,no,KXFEDDECISION-25JAN-H0,43a5bb2d-9330-4543-ae4b-91575cd14b5d,0.88,0.8800
2024-12-21 17:34:42.807048+00:00,100,100.00,12,0.1200,0.88,no,KXFEDDECISION-25JAN-H0,5079e1d0-624e-41f6-956f-6fcbc8935cd4,0.88,0.8800
2024-12-21 17:34:42.807048+00:00,191,191.00,12,0.1200,0.88,no,KXFEDDECISION-25JAN-H0,62bef565-f69c-4dd9-a58d-0f3828c7f3c0,0.88,0.8800
2024-12-21 17:45:40.781804+00:00,5,5.00,8,0.0800,0.92,yes,KXFEDDECISION-25JAN-H0,fccec713-c140-402c-8fa5-176aef5aa789,0.92,0.9200
2024-12-21 18:12:17.765842+00:00,434,434.00,8,0.0800,0.92,yes,KXFEDDECISION-25JAN-H0,1478a785-ea8e-43c3-88da-6c51e4538a2c,0.92,0.9200
2024-12-21 18:12:17.765842+00:00,27,27.00,8,0.0800,0.92,yes,KXFEDDECISION-25JAN-H0,4ac01cf3-2b88-49a2-8837-851118c6b66a,0.92,0.9200
2024-12-21 18:12:17.765842+00:00,68,68.00,8,0.0800,0.92,yes,KXFEDDECISION-25JAN-H0,793cfb1b-0032-413e-b07f-4af8a2805af9,0.92,0.9200
2024-12-21 18:16:55.553134+00:00,20,20.00,10,0.1000,0.9,no,KXFEDDECISION-25JAN-H0,514f06cf-883e-4d53-a931-671694cb9427,0.9,0.9000
2024-12-21 20:18:54.553249+00:00,50,50.00,11,0.1100,0.89,no,KXFEDDECISION-25JAN-H0,f2dc28e2-6c73-43b0-9ed7-9317d489e143,0.89,0.8900
2024-12-21 20:18:54.553249+00:00,35,35.00,11,0.1100,0.89,no,KXFEDDECISION-25JAN-H0,8446af6c-50ed-4c5e-b06e-f0fc8eaedf0e,0.89,0.8900
2024-12-21 20:46:31.827039+00:00,24,24.00,9,0.0900,0.91,yes,KXFEDDECISION-25JAN-H0,6fdeb643-f91b-4223-aa9c-e4ca680bc9ff,0.91,0.9100
2024-12-21 21:25:22.275729+00:00,693,693.00,12,0.1200,0.88,no,KXFEDDECISION-25JAN-H0,34ce6d60-ecff-40d3-a355-7e933a8297b6,0.88,0.8800
2024-12-21 21:25:22.275729+00:00,15,15.00,11,0.1100,0.89,no,KXFEDDECISION-25JAN-H0,24881692-4673-4a86-bc24-23a29fd0f9d7,0.89,0.8900
2024-12-21 21:25:22.275729+00:00,85,85.00,11,0.1100,0.89,no,KXFEDDECISION-25JAN-H0,ac366db9-ae8e-4214-8f9f-a05beae3a5d1,0.89,0.8900
2024-12-21 22:27:07.537309+00:00,54,54.00,9,0.0900,0.91,yes,KXFEDDECISION-25JAN-H0,209007e9-5e63-43cc-ae43-2353a0997c57,0.91,0.9100
2024-12-21 22:31:17.759114+00:00,22,22.00,9,0.0900,0.91,yes,KXFEDDECISION-25JAN-H0,1ae182f2-fed3-4281-85f8-d4e5a14df75c,0.91,0.9100
2024-12-21 22:31:17.759114+00:00,32,32.00,9,0.0900,0.91,yes,KXFEDDECISION-25JAN-H0,49555013-d143-4450-aaa9-66f896d8aeb3,0.91,0.9100
2024-12-21 23:22:11.566562+00:00,10,10.00,9,0.0900,0.91,yes,KXFEDDECISION-25JAN-H0,1849eccd-fb36-494d-848d-15aa953ed6af,0.91,0.9100
2024-12-21 23:23:44.309887+00:00,10,10.00,12,0.1200,0.88,no,KXFEDDECISION-25JAN-H0,9d657488-5d9b-41b7-8764-5db0875ef27f,0.88,0.8800
2024-12-21 23:28:26.996665+00:00,3,3.00,9,0.0900,0.91,yes,KXFEDDECISION-25JAN-H0,761d35a8-0b47-498b-b5e9-1081b0a7cd2e,0.91,0.9100
2024-12-22 01:33:40.708202+00:00,5,5.00,9,0.0900,0.91,yes,KXFEDDECISION-25JAN-H0,625545bb-df0d-4ff5-af91-ebf494a37963,0.91,0.9100
2024-12-22 02:46:49.107022+00:00,4,4.00,10,0.1000,0.9,no,KXFEDDECISION-25JAN-H0,1d7ce5dc-dfa7-4065-97fa-4ea4c504fe60,0.9,0.9000
2024-12-22 03:04:48.696922+00:00,22,22.00,9,0.0900,0.91,yes,KXFEDDECISION-25JAN-H0,2855bf7b-c007-4294-8b2a-01c2788fc988,0.91,0.9100
2024-12-22 03:35:59.387720+00:00,22,22.00,9,0.0900,0.91,yes,KXFEDDECISION-25JAN-H0,d3c9b2d8-ef6f-4ee5-ab38-17e11991357e,0.91,0.9100
2024-12-22 03:35:59.387720+00:00,1000,1000.00,9,0.0900,0.91,yes,KXFEDDECISION-25JAN-H0,cd16ff86-9e2c-4dc9-a17c-57987e60251a,0.91,0.9100
2024-12-22 03:35:59.387720+00:00,18,18.00,9,0.0900,0.91,yes,KXFEDDECISION-25JAN-H0,a25e547f-7dbd-443c-a96c-c7d9499821e5,0.91,0.9100
2024-12-22 03:35:59.387720+00:00,200,200.00,9,0.0900,0.91,yes,KXFEDDECISION-25JAN-H0,fef0e03b-5b4b-4caf-a587-168c22b29aa3,0.91,0.9100
2024-12-22 03:35:59.387720+00:00,54,54.00,9,0.0900,0.91,yes,KXFEDDECISION-25JAN-H0,a0c10569-3956-45f8-bc22-8b1039ba4247,0.91,0.9100
2024-12-22 03:35:59.387720+00:00,28,28.00,9,0.0900,0.91,yes,KXFEDDECISION-25JAN-H0,9628d65d-4036-4eba-b986-748400bf558d,0.91,0.9100
2024-12-22 03:35:59.387720+00:00,54,54.00,9,0.0900,0.91,yes,KXFEDDECISION-25JAN-H0,a1c470b1-a619-4c22-a961-7edc84dee264,0.91,0.9100
2024-12-22 03:35:59.387720+00:00,24,24.00,9,0.0900,0.91,yes,KXFEDDECISION-25JAN-H0,73011e8a-fde6-4a4e-b6bd-ba7f456b9079,0.91,0.9100
2024-12-22 04:19:38.065214+00:00,1,1.00,8,0.0800,0.92,yes,KXFEDDECISION-25JAN-H0,ec888624-cbd6-4910-aeb3-452852ca0352,0.92,0.9200
2024-12-22 04:57:41.506418+00:00,100,100.00,9,0.0900,0.91,no,KXFEDDECISION-25JAN-H0,b3edfdd8-bd1e-4ac5-b9ef-fc1a5dc8379c,0.91,0.9100
2024-12-22 04:58:51.051083+00:00,1,1.00,8,0.0800,0.92,yes,KXFEDDECISION-25JAN-H0,57a51dd3-68c0-4a99-b721-d72ba68c3882,0.92,0.9200
2024-12-22 05:12:58.615631+00:00,100,100.00,9,0.0900,0.91,no,KXFEDDECISION-25JAN-H0,8eb652d0-a2fc-475a-8f66-a682fca8243b,0.91,0.9100
2024-12-22 05:19:24.047691+00:00,164,164.00,8,0.0800,0.92,yes,KXFEDDECISION-25JAN-H0,059f19c4-3778-4e9f-ac58-1f6089c7ccdc,0.92,0.9200
2024-12-22 05:19:24.047691+00:00,30,30.00,8,0.0800,0.92,yes,KXFEDDECISION-25JAN-H0,5f119604-5390-45d6-9a36-ec235ad6ccdb,0.92,0.9200
2024-12-22 05:49:56.482382+00:00,200,200.00,7,0.0700,0.93,yes,KXFEDDECISION-25JAN-H0,f5fb21b7-60c2-4c93-ac92-f94873c1cd1b,0.93,0.9300
2024-12-22 05:49:56.482382+00:00,55,55.00,8,0.0800,0.92,yes,KXFEDDECISION-25JAN-H0,e882c5f7-233b-485e-addd-be456a9ea03d,0.92,0.9200
2024-12-22 05:49:56.482382+00:00,4100,4100.00,8,0.0800,0.92,yes,KXFEDDECISION-25JAN-H0,9f8420b4-502e-4b9a-b8a9-079ec79b585e,0.92,0.9200
2024-12-22 05:49:56.482382+00:00,129,129.00,8,0.0800,0.92,yes,KXFEDDECISION-25JAN-H0,9cf87c29-f15b-4d8c-8b3d-08aa4d8f81e6,0.92,0.9200
2024-12-22 05:49:56.482382+00:00,120,120.00,8,0.0800,0.92,yes,KXFEDDECISION-25JAN-H0,76be1a8b-4ae0-407d-a8f9-8a6b1cc6c43a,0.92,0.9200
2024-12-22 05:49:56.482382+00:00,1000,1000.00,7,0.0700,0.93,yes,KXFEDDECISION-25JAN-H0,4cbe39af-6aab-42df-bf4a-9bee0ad6bdab,0.93,0.9300
2024-12-22 05:49:56.482382+00:00,5000,5000.00,8,0.0800,0.92,yes,KXFEDDECISION-25JAN-H0,44ac8e62-e5ba-4e5e-b925-0d69790734a2,0.92,0.9200
2024-12-22 05:49:56.482382+00:00,300,300.00,7,0.0700,0.93,yes,KXFEDDECISION-25JAN-H0,31ad3234-1035-4705-b1a3-611daed37956,0.93,0.9300
2024-12-22 05:49:56.482382+00:00,1000,1000.00,8,0.0800,0.92,yes,KXFEDDECISION-25JAN-H0,030631fe-b1e0-42bc-b291-c326c702adb5,0.92,0.9200
2024-12-22 05:49:56.482382+00:00,1894,1894.00,7,0.0700,0.93,yes,KXFEDDECISION-25JAN-H0,578c585d-4c7f-411e-9245-c1aa36913ee9,0.93,0.9300
2024-12-22 05:49:56.482382+00:00,2,2.00,7,0.0700,0.93,yes,KXFEDDECISION-25JAN-H0,2d744592-b353-4084-8402-53eaef392abc,0.93,0.9300
2024-12-22 13:50:39.517871+00:00,21,21.00,9,0.0900,0.91,no,KXFEDDECISION-25JAN-H0,6919cc0c-e87f-41c7-a4d6-9e2bb916373b,0.91,0.9100
2024-12-22 14:16:13.529207+00:00,10,10.00,9,0.0900,0.91,no,KXFEDDECISION-25JAN-H0,ac317900-66db-44f5-a8b3-5a729512d8a8,0.91,0.9100
2024-12-22 14:47:01.139241+00:00,10,10.00,9,0.0900,0.91,no,KXFEDDECISION-25JAN-H0,06f07907-5974-4a38-8c5d-c80cdd1e3fbe,0.91,0.9100
2024-12-22 16:45:49.647011+00:00,10,10.00,8,0.0800,0.92,yes,KXFEDDECISION-25JAN-H0,cea841b1-d4f9-4f9b-8bd0-753119d3e69a,0.92,0.9200
2024-12-22 17:42:11.267985+00:00,21,21.00,8,0.0800,0.92,yes,KXFEDDECISION-25JAN-H0,897c64bf-9088-46bf-94d4-efd06e18617c,0.92,0.9200
2024-12-22 20:10:09.264179+00:00,1,1.00,8,0.0800,0.92,yes,KXFEDDECISION-25JAN-H0,937caf18-f2d5-4e82-9e06-35001ec22164,0.92,0.9200
2024-12-23 01:39:20.823805+00:00,50,50.00,9,0.0900,0.91,no,KXFEDDECISION-25JAN-H0,2c13c770-711c-454f-be82-8a62e2106001,0.91,0.9100
2024-12-23 01:39:20.823805+00:00,50,50.00,10,0.1000,0.9,no,KXFEDDECISION-25JAN-H0,3fb4f3e0-9d5d-4325-b50a-93a0b8acb6a2,0.9,0.9000
2024-12-23 01:39:20.823805+00:00,3,3.00,10,0.1000,0.9,no,KXFEDDECISION-25JAN-H0,6d87e4a7-3b20-4b7b-afe5-5949858cf0dc,0.9,0.9000
2024-12-23 01:39:20.823805+00:00,100,100.00,10,0.1000,0.9,no,KXFEDDECISION-25JAN-H0,7116d40c-5b42-4f43-bbef-e0555da38c08,0.9,0.9000
2024-12-23 01:39:20.823805+00:00,7,7.00,9,0.0900,0.91,no,KXFEDDECISION-25JAN-H0,94e4ad24-bd6b-4980-acf1-f2090e49246e,0.91,0.9100
2024-12-23 01:39:20.823805+00:00,50,50.00,10,0.1000,0.9,no,KXFEDDECISION-25JAN-H0,a1eb9120-9f8a-407e-ac69-cf5c1c95c1a3,0.9,0.9000
2024-12-23 01:39:20.823805+00:00,43,43.00,9,0.0900,0.91,no,KXFEDDECISION-25JAN-H0,bf50618d-2b67-468c-a8ce-8f70c54c9800,0.91,0.9100
2024-12-23 01:39:20.823805+00:00,350,350.00,10,0.1000,0.9,no,KXFEDDECISION-25JAN-H0,d502a8de-a8dc-46fe-8bb3-b6c1f34c32d8,0.9,0.9000
2024-12-23 01:39:20.823805+00:00,47,47.00,10,0.1000,0.9,no,KXFEDDECISION-25JAN-H0,f42b050f-9c55-4fb9-9a56-d796c0309056,0.9,0.9000
2024-12-23 01:39:20.823805+00:00,500,500.00,10,0.1000,0.9,no,KXFEDDECISION-25JAN-H0,1b08c7f0-63c1-478a-b4c7-f4ce454d6dfa,0.9,0.9000
2024-12-23 01:39:20.823805+00:00,50,50.00,10,0.1000,0.9,no,KXFEDDECISION-25JAN-H0,a2ab8e55-9329-4731-b609-9b9f7f4d7e47,0.9,0.9000
2024-12-23 03:00:34.500983+00:00,1,1.00,11,0.1100,0.89,no,KXFEDDECISION-25JAN-H0,54e20ea0-ee4a-4b8d-a01a-e74ae983bc9e,0.89,0.8900
2024-12-23 03:52:45.249643+00:00,1,1.00,9,0.0900,0.91,yes,KXFEDDECISION-25JAN-H0,eacc2c40-6ece-4129-b368-93c9f4aa7767,0.91,0.9100
2024-12-23 04:35:23.359129+00:00,1,1.00,9,0.0900,0.91,yes,KXFEDDECISION-25JAN-H0,0686a4ac-8672-4306-a2ef-eeb16b8870e9,0.91,0.9100
2024-12-23 05:19:20.282975+00:00,2,2.00,9,0.0900,0.91,yes,KXFEDDECISION-25JAN-H0,f80a4ed5-e8ee-4a6b-9b0e-610d254ba314,0.91,0.9100
2024-12-23 15:06:27.929076+00:00,5,5.00,8,0.0800,0.92,yes,KXFEDDECISION-25JAN-H0,20d1630e-91b9-40ac-aeda-8b9551511d86,0.92,0.9200
2024-12-23 15:40:43.218350+00:00,14,14.00,8,0.0800,0.92,yes,KXFEDDECISION-25JAN-H0,94f260cf-e858-42ac-9ab0-0ba34cecf48a,0.92,0.9200
2024-12-23 15:50:52.891175+00:00,9,9.00,10,0.1000,0.9,no,KXFEDDECISION-25JAN-H0,0e2a506e-62b7-44e1-9b1f-630d11b8c995,0.9,0.9000
2024-12-23 16:52:14.886053+00:00,1,1.00,8,0.0800,0.92,yes,KXFEDDECISION-25JAN-H0,a3e72e09-7c60-42de-a899-72ffe226c41e,0.92,0.9200
2024-12-23 16:56:11.167079+00:00,14,14.00,11,0.1100,0.89,no,KXFEDDECISION-25JAN-H0,bfe46df7-5e07-47d2-bd25-3d8120db19f5,0.89,0.8900
2024-12-23 17:03:40.613884+00:00,10,10.00,8,0.0800,0.92,yes,KXFEDDECISION-25JAN-H0,1a6592b7-5b44-4c47-8862-fff4c9086279,0.92,0.9200
2024-12-23 17:24:21.936950+00:00,142,142.00,11,0.1100,0.89,no,KXFEDDECISION-25JAN-H0,69d923b2-549f-421b-8002-deea0e2cdbc6,0.89,0.8900
2024-12-23 17:24:21.936950+00:00,285,285.00,11,0.1100,0.89,no,KXFEDDECISION-25JAN-H0,b7d57bac-f129-49e1-8090-dc4c82767040,0.89,0.8900
2024-12-23 18:03:32.412973+00:00,2,2.00,8,0.0800,0.92,yes,KXFEDDECISION-25JAN-H0,150fd62b-b3dc-4159-941d-cc1dc305dc8a,0.92,0.9200
2024-12-23 20:12:04.156746+00:00,100,100.00,8,0.0800,0.92,yes,KXFEDDECISION-25JAN-H0,fd276c13-dcb5-4a58-af4e-0ea03a4c8ec9,0.92,0.9200
2024-12-23 20:12:04.156746+00:00,100,100.00,8,0.0800,0.92,yes,KXFEDDECISION-25JAN-H0,8f087d27-f087-40d4-ad29-311e51404dda,0.92,0.9200
2024-12-23 20:12:04.156746+00:00,21,21.00,8,0.0800,0.92,yes,KXFEDDECISION-25JAN-H0,cea7e02b-1f72-4c19-9271-7e1aa47e4a7d,0.92,0.9200
2024-12-23 20:12:04.156746+00:00,100,100.00,8,0.0800,0.92,yes,KXFEDDECISION-25JAN-H0,c9044c31-1967-4907-abac-0b92aa504418,0.92,0.9200
2024-12-23 20:12:04.156746+00:00,1,1.00,8,0.0800,0.92,yes,KXFEDDECISION-25JAN-H0,b892a2ff-1e80-4c0a-8068-6358cfc05c2f,0.92,0.9200
2024-12-23 20:12:04.156746+00:00,10,10.00,8,0.0800,0.92,yes,KXFEDDECISION-25JAN-H0,ad88a8c9-8f66-4a08-9e3e-948d25370bc2,0.92,0.9200
2024-12-23 20:12:04.156746+00:00,19,19.00,8,0.0800,0.92,yes,KXFEDDECISION-25JAN-H0,a1f3b373-b16b-49ec-8b3a-266326966847,0.92,0.9200
2024-12-23 20:12:04.156746+00:00,100,100.00,7,0.0700,0.93,yes,KXFEDDECISION-25JAN-H0,947e9eaa-b4eb-45f9-9549-ac8c2042114f,0.93,0.9300
2024-12-23 20:12:04.156746+00:00,100,100.00,7,0.0700,0.93,yes,KXFEDDECISION-25JAN-H0,90824b61-0bfa-4624-96ee-ba23be316d85,0.93,0.9300
2024-12-23 20:12:04.156746+00:00,22,22.00,8,0.0800,0.92,yes,KXFEDDECISION-25JAN-H0,f7da7807-2a66-44e1-a062-de18c2eac52d,0.92,0.9200
2024-12-23 20:12:04.156746+00:00,25,25.00,8,0.0800,0.92,yes,KXFEDDECISION-25JAN-H0,88b96447-677a-46f2-986e-ca4205a4ce74,0.92,0.9200
2024-12-23 20:12:04.156746+00:00,1693,1693.00,7,0.0700,0.93,yes,KXFEDDECISION-25JAN-H0,72a0f8d8-9da8-4885-b402-6fe741c2085e,0.93,0.9300
2024-12-23 20:12:04.156746+00:00,500,500.00,7,0.0700,0.93,yes,KXFEDDECISION-25JAN-H0,09cdbd53-6079-45da-94e8-e02060140f99,0.93,0.9300
2024-12-23 20:12:04.156746+00:00,436,436.00,8,0.0800,0.92,yes,KXFEDDECISION-25JAN-H0,0d09a088-3ad9-49a6-ae06-d8a1ea71b83b,0.92,0.9200
2024-12-23 20:12:04.156746+00:00,100,100.00,8,0.0800,0.92,yes,KXFEDDECISION-25JAN-H0,1943e157-bda1-4822-9ffe-01bdb7caa186,0.92,0.9200
2024-12-23 20:12:04.156746+00:00,84,84.00,8,0.0800,0.92,yes,KXFEDDECISION-25JAN-H0,22d54328-6b79-4617-af97-a1a7ff508b83,0.92,0.9200
2024-12-23 20:12:04.156746+00:00,75,75.00,8,0.0800,0.92,yes,KXFEDDECISION-25JAN-H0,7382c67d-1c55-40ba-889b-4a8019fc87ea,0.92,0.9200
2024-12-23 20:12:04.156746+00:00,100,100.00,8,0.0800,0.92,yes,KXFEDDECISION-25JAN-H0,32318c65-5747-4d26-bafb-aa2e984ef3c5,0.92,0.9200
2024-12-23 20:12:04.156746+00:00,200,200.00,7,0.0700,0.93,yes,KXFEDDECISION-25JAN-H0,6881caf0-dfee-485a-8d29-47b917856ada,0.93,0.9300
2024-12-23 20:12:04.156746+00:00,300,300.00,7,0.0700,0.93,yes,KXFEDDECISION-25JAN-H0,2abf3b60-2290-406a-b00b-bb07b3ff4e20,0.93,0.9300
2024-12-23 20:12:04.156746+00:00,29,29.00,8,0.0800,0.92,yes,KXFEDDECISION-25JAN-H0,3afa6169-b26b-4609-a90a-c78dca6578e0,0.92,0.9200
2024-12-23 20:12:04.156746+00:00,78,78.00,8,0.0800,0.92,yes,KXFEDDECISION-25JAN-H0,6139a29d-4fc3-49ff-a459-75f15287bd35,0.92,0.9200
2024-12-23 23:53:32.374001+00:00,218,218.00,8,0.0800,0.92,yes,KXFEDDECISION-25JAN-H0,1fad5ea1-3507-4cf7-889c-627dab74329e,0.92,0.9200
2024-12-24 02:22:31.436503+00:00,19,19.00,8,0.0800,0.92,yes,KXFEDDECISION-25JAN-H0,df8adc10-7d90-4f17-badb-959d25f13434,0.92,0.9200
2024-12-24 03:13:23.107899+00:00,108,108.00,8,0.0800,0.92,yes,KXFEDDECISION-25JAN-H0,a5066339-315a-48e4-823f-0e1c6c96169e,0.92,0.9200
2024-12-24 04:18:04.848640+00:00,5,5.00,7,0.0700,0.93,yes,KXFEDDECISION-25JAN-H0,fb9025a1-7500-436f-b59a-6277e30a058b,0.93,0.9300
2024-12-24 04:42:58.175729+00:00,47,47.00,10,0.1000,0.9,no,KXFEDDECISION-25JAN-H0,5c9160b7-b58e-4122-ad03-17f3263cc077,0.9,0.9000
2024-12-24 14:18:03.174688+00:00,53,53.00,7,0.0700,0.93,yes,KXFEDDECISION-25JAN-H0,38b285a2-aa97-4a10-b92c-e35cd30c91fc,0.93,0.9300
2024-12-24 15:46:16.270641+00:00,42,42.00,7,0.0700,0.93,yes,KXFEDDECISION-25JAN-H0,a98adc49-c15c-4214-abc8-ab1a446a083a,0.93,0.9300
2024-12-24 15:46:16.270641+00:00,458,458.00,7,0.0700,0.93,yes,KXFEDDECISION-25JAN-H0,dd80e6fe-5980-4282-9dc2-910c8e1a515e,0.93,0.9300
2024-12-24 16:06:28.541774+00:00,1500,1500.00,7,0.0700,0.93,yes,KXFEDDECISION-25JAN-H0,64a29b0d-5cb1-4b20-91c6-2f581a249173,0.93,0.9300
2024-12-24 19:03:44.073467+00:00,100,100.00,8,0.0800,0.92,no,KXFEDDECISION-25JAN-H0,68c6aaf3-4cb0-438a-b3d1-12b8732b2696,0.92,0.9200
2024-12-24 19:08:45.428403+00:00,100,100.00,8,0.0800,0.92,no,KXFEDDECISION-25JAN-H0,eef1c67d-372f-4d4c-9a1d-10da816e239a,0.92,0.9200
2024-12-24 19:13:45.370919+00:00,100,100.00,8,0.0800,0.92,no,KXFEDDECISION-25JAN-H0,11b5f1e6-1e8a-46bc-aaf7-5a53b1ec2d78,0.92,0.9200
2024-12-24 19:21:22.860969+00:00,100,100.00,7,0.0700,0.93,yes,KXFEDDECISION-25JAN-H0,d9e3b617-202f-45b3-bc1d-4e6dfafaad7e,0.93,0.9300
2024-12-24 19:21:22.860969+00:00,697,697.00,7,0.0700,0.93,yes,KXFEDDECISION-25JAN-H0,eeff5842-5378-4d3a-bd50-eaa0677d575a,0.93,0.9300
2024-12-24 19:21:22.860969+00:00,3,3.00,7,0.0700,0.93,yes,KXFEDDECISION-25JAN-H0,f76d6d6c-514c-4d97-89cb-64be1be1e189,0.93,0.9300
2024-12-24 19:21:23.343032+00:00,100,100.00,7,0.0700,0.93,no,KXFEDDECISION-25JAN-H0,6e984632-3220-4086-a81f-6a519d6ecebd,0.93,0.9300
2024-12-24 19:26:37.530944+00:00,100,100.00,7,0.0700,0.93,no,KXFEDDECISION-25JAN-H0,37bbed57-f90f-453d-a9e7-86f31465dc7f,0.93,0.9300
2024-12-24 19:31:38.791057+00:00,100,100.00,8,0.0800,0.92,no,KXFEDDECISION-25JAN-H0,ad498076-259e-4f89-931a-3e0ec735c1a1,0.92,0.9200
2024-12-24 20:38:03.317194+00:00,5,5.00,6,0.0600,0.94,yes,KXFEDDECISION-25JAN-H0,f3451554-d1b5-47c6-8866-74fd3a3e7d65,0.94,0.9400
2024-12-24 23:44:23.147712+00:00,50,50.00,8,0.0800,0.92,no,KXFEDDECISION-25JAN-H0,c5622e62-f1c1-4ac2-b164-c4b8c7eb72d7,0.92,0.9200
2024-12-25 00:01:10.841214+00:00,25,25.00,7,0.0700,0.93,yes,KXFEDDECISION-25JAN-H0,6353d5bd-3154-45f6-85bb-92dce333dcfc,0.93,0.9300
2024-12-25 00:01:10.841214+00:00,65,65.00,6,0.0600,0.94,yes,KXFEDDECISION-25JAN-H0,af30c697-02ef-40a1-a021-2936d058fc08,0.94,0.9400
2024-12-25 00:04:16.432745+00:00,25,25.00,8,0.0800,0.92,no,KXFEDDECISION-25JAN-H0,12888580-8fde-4a4f-9e10-44ad52498732,0.92,0.9200
2024-12-25 04:15:21.048652+00:00,52,52.00,9,0.0900,0.91,no,KXFEDDECISION-25JAN-H0,aacfbcec-e264-405d-aeec-f8998ede8fdc,0.91,0.9100
2024-12-25 16:14:57.600050+00:00,10,10.00,8,0.0800,0.92,yes,KXFEDDECISION-25JAN-H0,e5d29d43-517f-4f35-a3fd-a46dad893e6b,0.92,0.9200
2024-12-25 19:12:42.968277+00:00,5,5.00,8,0.0800,0.92,yes,KXFEDDECISION-25JAN-H0,6112090d-b993-43a8-bcb5-99070297fbd2,0.92,0.9200
2024-12-25 22:42:36.365109+00:00,5,5.00,10,0.1000,0.9,no,KXFEDDECISION-25JAN-H0,8da7cff7-935c-4e9a-9117-fe619ad309f0,0.9,0.9000
2024-12-26 03:46:04.382486+00:00,33,33.00,9,0.0900,0.91,yes,KXFEDDECISION-25JAN-H0,b6ef31eb-053a-49f5-b2cf-fe4ab23fa815,0.91,0.9100
2024-12-26 07:22:00.635984+00:00,5,5.00,9,0.0900,0.91,yes,KXFEDDECISION-25JAN-H0,96e95f3c-ea4e-4473-ac1d-c15e4346c1d1,0.91,0.9100
2024-12-26 13:46:58.895576+00:00,6,6.00,9,0.0900,0.91,yes,KXFEDDECISION-25JAN-H0,f372684b-5e5f-47d4-947b-8a1a46719ed9,0.91,0.9100
2024-12-26 15:54:48.542854+00:00,1,1.00,9,0.0900,0.91,yes,KXFEDDECISION-25JAN-H0,ae6cfbcb-923e-4189-bb7d-5d48724d8381,0.91,0.9100
2024-12-26 16:15:28.829836+00:00,250,250.00,9,0.0900,0.91,yes,KXFEDDECISION-25JAN-H0,524d351f-019e-4b9d-9158-eaa3b2dbd96b,0.91,0.9100
2024-12-26 16:25:06.014282+00:00,10,10.00,9,0.0900,0.91,yes,KXFEDDECISION-25JAN-H0,2f6a8cec-0409-4a14-8412-5605e78e8596,0.91,0.9100
2024-12-26 20:30:34.825923+00:00,695,695.00,9,0.0900,0.91,yes,KXFEDDECISION-25JAN-H0,8d3243a6-b628-486f-a9a3-5fa11cf03006,0.91,0.9100
2024-12-26 20:30:34.825923+00:00,11,11.00,9,0.0900,0.91,yes,KXFEDDECISION-25JAN-H0,86cbb47f-70a4-4455-99b4-49a67fbe1206,0.91,0.9100
2024-12-26 20:30:34.825923+00:00,1000,1000.00,9,0.0900,0.91,yes,KXFEDDECISION-25JAN-H0,5d223e4f-775a-414e-9562-b308bec0c05a,0.91,0.9100
2024-12-26 20:30:34.825923+00:00,61,61.00,9,0.0900,0.91,yes,KXFEDDECISION-25JAN-H0,6e0a2166-2da7-475f-969f-6a348f2f3201,0.91,0.9100
2024-12-26 20:30:34.825923+00:00,33,33.00,9,0.0900,0.91,yes,KXFEDDECISION-25JAN-H0,12f8cff8-e332-4245-82cc-9e2ae9dbc342,0.91,0.9100
2024-12-26 21:53:04.781685+00:00,111,111.00,8,0.0800,0.92,yes,KXFEDDECISION-25JAN-H0,e21f2cb0-7712-4a03-8017-c3ebfed7eb87,0.92,0.9200
2024-12-26 22:27:05.166054+00:00,74,74.00,8,0.0800,0.92,yes,KXFEDDECISION-25JAN-H0,ca4d71da-883e-4c88-bb46-cefa24b9627b,0.92,0.9200
2024-12-26 22:27:05.166054+00:00,126,126.00,8,0.0800,0.92,yes,KXFEDDECISION-25JAN-H0,69f1c7ef-69d8-4c6b-9db7-1bddc28eba27,0.92,0.9200
2024-12-26 23:23:43.944391+00:00,136,136.00,10,0.1000,0.9,no,KXFEDDECISION-25JAN-H0,16be349d-ef54-46d3-8e75-34b37e6d04f8,0.9,0.9000
2024-12-26 23:41:47.489842+00:00,164,164.00,10,0.1000,0.9,no,KXFEDDECISION-25JAN-H0,1ae73e79-169e-4380-9289-5f9b4d75be79,0.9,0.9000
2024-12-26 23:41:47.489842+00:00,25,25.00,10,0.1000,0.9,no,KXFEDDECISION-25JAN-H0,3cd8732a-0299-40f8-8328-505992f6879f,0.9,0.9000
2024-12-26 23:41:47.489842+00:00,36,36.00,10,0.1000,0.9,no,KXFEDDECISION-25JAN-H0,bde34164-4b19-42a7-a40d-831d1c854db5,0.9,0.9000
2024-12-26 23:41:47.489842+00:00,1058,1058.00,10,0.1000,0.9,no,KXFEDDECISION-25JAN-H0,d8fbeaf5-6597-431f-834b-a9d4128be8df,0.9,0.9000
2024-12-27 00:31:26.209060+00:00,5,5.00,8,0.0800,0.92,yes,KXFEDDECISION-25JAN-H0,9dc06f5a-90fe-4f17-9f2f-92db98b38f9b,0.92,0.9200
2024-12-27 00:36:51.774676+00:00,138,138.00,10,0.1000,0.9,no,KXFEDDECISION-25JAN-H0,c6ca49c4-a710-4338-9ef1-6e111bd7ba0f,0.9,0.9000
2024-12-27 00:36:51.774676+00:00,75,75.00,10,0.1000,0.9,no,KXFEDDECISION-25JAN-H0,fbff8061-05c7-4e9f-af1d-d19b147f0659,0.9,0.9000
2024-12-27 00:49:21.087267+00:00,28,28.00,9,0.0900,0.91,yes,KXFEDDECISION-25JAN-H0,d37aba65-b3be-4c5d-b4f6-09bb4a3190d0,0.91,0.9100
2024-12-27 00:50:58.139297+00:00,62,62.00,10,0.1000,0.9,no,KXFEDDECISION-25JAN-H0,1585a5dd-46b2-445c-980c-78ecd16f04ff,0.9,0.9000
2024-12-27 00:56:09.092929+00:00,78,78.00,11,0.1100,0.89,no,KXFEDDECISION-25JAN-H0,4eb1b04b-7830-455e-9154-4182a1148cbd,0.89,0.8900
2024-12-27 01:01:13.509551+00:00,22,22.00,11,0.1100,0.89,no,KXFEDDECISION-25JAN-H0,67401947-f611-4936-a093-4745966b3a61,0.89,0.8900
2024-12-27 01:01:13.509551+00:00,50,50.00,11,0.1100,0.89,no,KXFEDDECISION-25JAN-H0,0c17e1d4-113e-4b9e-bd16-fb1b62a47247,0.89,0.8900
2024-12-27 01:01:36.325022+00:00,97,97.00,10,0.1000,0.9,yes,KXFEDDECISION-25JAN-H0,c39c9f06-f7ab-4ca5-a5ea-684ba6323436,0.9,0.9000
2024-12-27 01:20:43.702050+00:00,97,97.00,11,0.1100,0.89,no,KXFEDDECISION-25JAN-H0,b883369b-0537-46e3-b27d-3d2edbd1c13d,0.89,0.8900
2024-12-27 01:34:13.960155+00:00,61,61.00,9,0.0900,0.91,yes,KXFEDDECISION-25JAN-H0,4c64bd30-c732-4b7c-8e4b-870077ab6e96,0.91,0.9100
2024-12-27 02:45:27.320415+00:00,27,27.00,11,0.1100,0.89,yes,KXFEDDECISION-25JAN-H0,0fce1ed5-a4cb-41d1-9c4c-144a15a3a9f1,0.89,0.8900
2024-12-27 03:33:35.799793+00:00,10,10.00,10,0.1000,0.9,yes,KXFEDDECISION-25JAN-H0,8cbf07d9-86e0-4b5f-a97f-561a63be250a,0.9,0.9000
2024-12-27 04:13:30.514709+00:00,22,22.00,10,0.1000,0.9,yes,KXFEDDECISION-25JAN-H0,c43b9ad6-e5c2-496e-83fc-fb8288efd4a3,0.9,0.9000
2024-12-27 05:00:53.311857+00:00,300,300.00,11,0.1100,0.89,no,KXFEDDECISION-25JAN-H0,eff65b4f-759f-4c6d-937e-deab3825ff3d,0.89,0.8900
2024-12-27 05:04:39.207021+00:00,33,33.00,10,0.1000,0.9,yes,KXFEDDECISION-25JAN-H0,4d5cfdaf-2dca-40b5-a23c-56cec42c276a,0.9,0.9000
2024-12-27 07:21:15.656865+00:00,500,500.00,12,0.1200,0.88,no,KXFEDDECISION-25JAN-H0,7531b092-cd62-4fca-a3f0-13298cb99204,0.88,0.8800
2024-12-27 07:21:15.656865+00:00,217,217.00,12,0.1200,0.88,no,KXFEDDECISION-25JAN-H0,c7a3218d-b8d9-4766-8100-77870650982a,0.88,0.8800
2024-12-27 13:00:28.348732+00:00,433,433.00,10,0.1000,0.9,yes,KXFEDDECISION-25JAN-H0,a3c719c9-b76e-4189-b771-9e6c1638cb9c,0.9,0.9000
2024-12-27 13:00:28.348732+00:00,102,102.00,10,0.1000,0.9,yes,KXFEDDECISION-25JAN-H0,aa1e8780-e225-4d69-b431-237091ba2c63,0.9,0.9000
2024-12-27 13:00:28.348732+00:00,200,200.00,10,0.1000,0.9,yes,KXFEDDECISION-25JAN-H0,b4cf5542-fc04-4a05-8e2e-f0dd1b9eae46,0.9,0.9000
2024-12-27 13:00:28.348732+00:00,200,200.00,10,0.1000,0.9,yes,KXFEDDECISION-25JAN-H0,5c904d33-830c-43f9-8612-31efd17228fa,0.9,0.9000
2024-12-27 16:11:48.524267+00:00,22,22.00,10,0.1000,0.9,yes,KXFEDDECISION-25JAN-H0,74b0e169-027e-4208-b736-04829db97879,0.9,0.9000
2024-12-27 18:55:54.950144+00:00,1,1.00,11,0.1100,0.89,no,KXFEDDECISION-25JAN-H0,df687f12-9130-482c-9715-47f2066885a0,0.89,0.8900
2024-12-27 19:02:15.640355+00:00,500,500.00,10,0.1000,0.9,yes,KXFEDDECISION-25JAN-H0,a18245a0-4500-47f4-b251-e7144b4b8a50,0.9,0.9000
2024-12-27 19:02:15.640355+00:00,22,22.00,10,0.1000,0.9,yes,KXFEDDECISION-25JAN-H0,e82f24cd-2c18-41e7-9008-d7ec014d0bb0,0.9,0.9000
2024-12-27 19:02:15.640355+00:00,78,78.00,10,0.1000,0.9,yes,KXFEDDECISION-25JAN-H0,7185db39-73c6-4039-85ed-8a1c6c3c3331,0.9,0.9000
2024-12-27 19:02:15.640355+00:00,100,100.00,10,0.1000,0.9,yes,KXFEDDECISION-25JAN-H0,3cd0ddb5-f156-4c8b-b131-f8dc66fbabbb,0.9,0.9000
2024-12-27 19:02:15.640355+00:00,100,100.00,10,0.1000,0.9,yes,KXFEDDECISION-25JAN-H0,24ebad40-fbfa-4cee-8a7b-b09194cdee3f,0.9,0.9000
2024-12-27 19:02:15.640355+00:00,200,200.00,10,0.1000,0.9,yes,KXFEDDECISION-25JAN-H0,63af3f68-3c81-4bd9-9140-2842b07d2d6e,0.9,0.9000
2024-12-27 19:02:15.640355+00:00,500,500.00,10,0.1000,0.9,yes,KXFEDDECISION-25JAN-H0,2f9f7b90-5510-49f6-b8d8-a71cb0782721,0.9,0.9000
2024-12-27 19:22:24.273139+00:00,109,109.00,9,0.0900,0.91,yes,KXFEDDECISION-25JAN-H0,4c1ad007-7a15-4914-9e42-c39aa6071286,0.91,0.9100
2024-12-27 19:24:06.744486+00:00,199,199.00,11,0.1100,0.89,no,KXFEDDECISION-25JAN-H0,131d9d62-d5a6-4604-9bb9-bc10e1c32716,0.89,0.8900
2024-12-27 19:24:06.744486+00:00,50,50.00,11,0.1100,0.89,no,KXFEDDECISION-25JAN-H0,2541928e-ae7e-4b91-b694-ff449666b4c2,0.89,0.8900
2024-12-27 19:24:06.744486+00:00,50,50.00,11,0.1100,0.89,no,KXFEDDECISION-25JAN-H0,90c7fe9c-5b28-4b0b-be76-e8af4e882079,0.89,0.8900
2024-12-27 20:57:48.417060+00:00,27,27.00,10,0.1000,0.9,yes,KXFEDDECISION-25JAN-H0,a6189042-6411-4ddc-92d5-2b1165843b6b,0.9,0.9000
2024-12-27 21:27:11.729245+00:00,100,100.00,10,0.1000,0.9,yes,KXFEDDECISION-25JAN-H0,4d30d3ff-7acd-4dbf-82a1-1c9f3795d3e6,0.9,0.9000
2024-12-27 21:27:11.729245+00:00,73,73.00,10,0.1000,0.9,yes,KXFEDDECISION-25JAN-H0,9112f0dc-518a-489e-bc3a-c57fbc12cce3,0.9,0.9000
2024-12-27 21:27:11.729245+00:00,200,200.00,10,0.1000,0.9,yes,KXFEDDECISION-25JAN-H0,4701df6d-7ce2-40be-a9c2-1af5db5c4b4f,0.9,0.9000
2024-12-28 01:35:14.835361+00:00,88,88.00,11,0.1100,0.89,no,KXFEDDECISION-25JAN-H0,743b5a8b-5e48-48c6-a57f-843e690d6572,0.89,0.8900
2024-12-28 02:22:57.653425+00:00,249,249.00,10,0.1000,0.9,yes,KXFEDDECISION-25JAN-H0,ecf31957-7716-4e54-b426-bb9ec3232610,0.9,0.9000
2024-12-28 02:59:09.698391+00:00,109,109.00,11,0.1100,0.89,no,KXFEDDECISION-25JAN-H0,bce35ebc-37d2-4eca-976a-d0f749bc61c1,0.89,0.8900
2024-12-28 05:36:55.338226+00:00,17,17.00,11,0.1100,0.89,no,KXFEDDECISION-25JAN-H0,6978f587-877a-4175-a2df-4368947946c4,0.89,0.8900
2024-12-28 13:34:28.532369+00:00,27,27.00,10,0.1000,0.9,yes,KXFEDDECISION-25JAN-H0,13fb3925-a580-49bb-a5eb-680ab3f09798,0.9,0.9000
2024-12-28 15:07:29.992661+00:00,1711,1711.00,11,0.1100,0.89,no,KXFEDDECISION-25JAN-H0,d74b6923-6e93-4f80-9258-f392f4b50e10,0.89,0.8900
2024-12-28 15:13:46.887091+00:00,321,321.00,10,0.1000,0.9,yes,KXFEDDECISION-25JAN-H0,a9eb019e-af22-4538-abae-b187f51f2840,0.9,0.9000
2024-12-28 15:25:49.103560+00:00,929,929.00,11,0.1100,0.89,no,KXFEDDECISION-25JAN-H0,93a42adc-b1c1-4ff9-8a8b-07e423634ade,0.89,0.8900
2024-12-28 16:13:56.900693+00:00,100,100.00,12,0.1200,0.88,no,KXFEDDECISION-25JAN-H0,d28257f2-54e6-48a3-953b-17bd8d7a9baf,0.88,0.8800
2024-12-28 17:08:04.767036+00:00,500,500.00,12,0.1200,0.88,no,KXFEDDECISION-25JAN-H0,2dda7f31-2ea6-4b3f-9531-f035eb1021c2,0.88,0.8800
2024-12-28 17:08:04.767036+00:00,200,200.00,12,0.1200,0.88,no,KXFEDDECISION-25JAN-H0,6b138826-bef0-47e4-bfdc-4fb1fc6926f4,0.88,0.8800
2024-12-28 17:08:04.767036+00:00,3383,3383.00,12,0.1200,0.88,no,KXFEDDECISION-25JAN-H0,98f7936f-7afd-41b5-9472-6323020f847e,0.88,0.8800
2024-12-28 17:08:04.767036+00:00,117,117.00,12,0.1200,0.88,no,KXFEDDECISION-25JAN-H0,ad543f69-e24d-48e1-a801-fb5a77d2fcb2,0.88,0.8800
2024-12-28 17:08:04.767036+00:00,100,100.00,12,0.1200,0.88,no,KXFEDDECISION-25JAN-H0,eeda7dfa-7ef6-4980-847c-20c5217de727,0.88,0.8800
2024-12-28 17:18:33.415368+00:00,200,200.00,13,0.1300,0.87,no,KXFEDDECISION-25JAN-H0,4929fffc-5d70-4f02-aeb6-5070bafe7792,0.87,0.8700
2024-12-28 17:18:33.415368+00:00,2,2.00,13,0.1300,0.87,no,KXFEDDECISION-25JAN-H0,c5ed35bf-1e54-450e-981d-ea3b8700d456,0.87,0.8700
2024-12-28 17:19:07.675872+00:00,1747,1747.00,14,0.1400,0.86,no,KXFEDDECISION-25JAN-H0,4d081b57-786c-43bf-9c33-f81625103be3,0.86,0.8600
2024-12-28 17:19:07.675872+00:00,1000,1000.00,13,0.1300,0.87,no,KXFEDDECISION-25JAN-H0,be6d5edd-556f-4d2c-b645-ead1f40df30c,0.87,0.8700
2024-12-28 17:26:37.700913+00:00,55,55.00,11,0.1100,0.89,yes,KXFEDDECISION-25JAN-H0,ffc54e6c-1d00-4973-8717-42465cdd3058,0.89,0.8900
2024-12-28 20:33:12.973274+00:00,21,21.00,12,0.1200,0.88,no,KXFEDDECISION-25JAN-H0,1646744d-3007-4130-87c6-440988f46071,0.88,0.8800
2024-12-28 21:07:47.668921+00:00,108,108.00,10,0.1000,0.9,yes,KXFEDDECISION-25JAN-H0,ede44538-b062-43d3-b2e1-5fb334bba998,0.9,0.9000
2024-12-28 21:07:47.668921+00:00,200,200.00,10,0.1000,0.9,yes,KXFEDDECISION-25JAN-H0,dc227143-9ef7-4deb-bf23-2abf1685b2fc,0.9,0.9000
2024-12-28 21:07:47.668921+00:00,500,500.00,10,0.1000,0.9,yes,KXFEDDECISION-25JAN-H0,a1773644-0475-41eb-b068-fb5d574167ef,0.9,0.9000
2024-12-28 21:07:47.668921+00:00,100,100.00,10,0.1000,0.9,yes,KXFEDDECISION-25JAN-H0,e561f097-8afe-49e7-96bd-94c9d966c66b,0.9,0.9000
2024-12-28 21:07:47.668921+00:00,403,403.00,10,0.1000,0.9,yes,KXFEDDECISION-25JAN-H0,814074de-1e0a-4830-9743-6fd9a401915f,0.9,0.9000
2024-12-28 21:07:47.668921+00:00,100,100.00,11,0.1100,0.89,yes,KXFEDDECISION-25JAN-H0,6514385d-0291-47f8-a447-22c4a2b9e73d,0.89,0.8900
2024-12-28 21:07:47.668921+00:00,200,200.00,10,0.1000,0.9,yes,KXFEDDECISION-25JAN-H0,8c929ad7-fd68-4e84-8f56-978d3e26e4f9,0.9,0.9000
2024-12-28 21:07:47.668921+00:00,100,100.00,11,0.1100,0.89,yes,KXFEDDECISION-25JAN-H0,70abf8c9-c0cf-4d37-8db3-bcb34b197616,0.89,0.8900
2024-12-28 21:09:12.927724+00:00,89,89.00,10,0.1000,0.9,yes,KXFEDDECISION-25JAN-H0,7f045b34-cf59-4280-9a7e-b9e5903087f7,0.9,0.9000
2024-12-28 21:09:12.927724+00:00,32,32.00,10,0.1000,0.9,yes,KXFEDDECISION-25JAN-H0,f2ef0d71-3a4e-4504-8d02-ad0f55b082d0,0.9,0.9000
2024-12-28 21:09:12.927724+00:00,57,57.00,10,0.1000,0.9,yes,KXFEDDECISION-25JAN-H0,f84a3108-1044-4ba3-9d93-9e6b7e97884c,0.9,0.9000
2024-12-29 01:26:47.669176+00:00,56,56.00,10,0.1000,0.9,yes,KXFEDDECISION-25JAN-H0,168d2b6d-e28a-41a3-988c-8046658dcf9f,0.9,0.9000
2024-12-29 02:43:50.899054+00:00,2,2.00,11,0.1100,0.89,no,KXFEDDECISION-25JAN-H0,37d4a531-9ee2-4b96-8ffd-b0235de2a0fb,0.89,0.8900
2024-12-29 02:43:50.899054+00:00,100,100.00,11,0.1100,0.89,no,KXFEDDECISION-25JAN-H0,dcd8c548-0b8b-49a0-9157-d214255f6515,0.89,0.8900
2024-12-29 03:21:33.132024+00:00,20,20.00,10,0.1000,0.9,yes,KXFEDDECISION-25JAN-H0,c7b305bf-ebcf-4841-a764-9a3ea14240b9,0.9,0.9000
2024-12-29 03:41:51.159962+00:00,5,5.00,10,0.1000,0.9,yes,KXFEDDECISION-25JAN-H0,fa3ad604-7829-4a7b-826d-720aabb335c5,0.9,0.9000
2024-12-29 13:37:39.542941+00:00,200,200.00,10,0.1000,0.9,yes,KXFEDDECISION-25JAN-H0,26f9a968-4016-4cc9-83f0-129705d0e4db,0.9,0.9000
2024-12-29 13:45:11.989024+00:00,75,75.00,10,0.1000,0.9,yes,KXFEDDECISION-25JAN-H0,0e2aacc3-0d11-43f5-80e5-ff5a04b161d7,0.9,0.9000
2024-12-29 13:45:11.989024+00:00,1500,1500.00,10,0.1000,0.9,yes,KXFEDDECISION-25JAN-H0,9bdaf8a4-a94a-4b33-85a8-f776384b0f49,0.9,0.9000
2024-12-29 18:59:46.722089+00:00,5,5.00,9,0.0900,0.91,yes,KXFEDDECISION-25JAN-H0,07203cc6-2037-44a5-8db1-0653472fe4a1,0.91,0.9100
2024-12-29 19:55:42.156347+00:00,500,500.00,9,0.0900,0.91,yes,KXFEDDECISION-25JAN-H0,97c8509c-d501-4564-9859-017f04aaefbe,0.91,0.9100
2024-12-29 19:55:42.156347+00:00,105,105.00,9,0.0900,0.91,yes,KXFEDDECISION-25JAN-H0,eefc15ce-006e-4ef4-a3d6-823ac9551aad,0.91,0.9100
2024-12-29 19:55:42.156347+00:00,9,9.00,9,0.0900,0.91,yes,KXFEDDECISION-25JAN-H0,ebf59f15-834b-48a0-a8fd-03b8dab5876b,0.91,0.9100
2024-12-29 19:55:42.156347+00:00,89,89.00,9,0.0900,0.91,yes,KXFEDDECISION-25JAN-H0,89e3c21a-e59e-4746-bb40-0185cae7f7c6,0.91,0.9100
2024-12-29 19:55:42.156347+00:00,95,95.00,9,0.0900,0.91,yes,KXFEDDECISION-25JAN-H0,5ca75d1f-41ed-4ca1-b5bb-83594503017a,0.91,0.9100
2024-12-29 19:55:42.156347+00:00,195,195.00,9,0.0900,0.91,yes,KXFEDDECISION-25JAN-H0,54e27a2e-bc64-4d88-acb6-d615b6c8fe1f,0.91,0.9100
2024-12-29 19:55:42.156347+00:00,197,197.00,9,0.0900,0.91,yes,KXFEDDECISION-25JAN-H0,50c67acf-6717-4efc-9d0e-8fb7f204ecc6,0.91,0.9100
2024-12-29 19:55:42.156347+00:00,11,11.00,9,0.0900,0.91,yes,KXFEDDECISION-25JAN-H0,71c2d5ba-3c70-4912-a18e-141e687d1d38,0.91,0.9100
2024-12-30 00:48:47.070217+00:00,100,100.00,10,0.1000,0.9,no,KXFEDDECISION-25JAN-H0,1c8e2bd6-15af-4ee6-adf8-822b65cd5ed0,0.9,0.9000
2024-12-30 00:48:47.070217+00:00,200,200.00,10,0.1000,0.9,no,KXFEDDECISION-25JAN-H0,598f1707-a613-48a0-9cf9-0ed6106ee6bf,0.9,0.9000
2024-12-30 00:48:47.070217+00:00,200,200.00,10,0.1000,0.9,no,KXFEDDECISION-25JAN-H0,b795f16d-f08c-4a04-ba3f-2d052ca99fc2,0.9,0.9000
2024-12-30 00:49:44.612582+00:00,1,1.00,9,0.0900,0.91,yes,KXFEDDECISION-25JAN-H0,9b76d02a-75b6-41c3-81d4-98ec36e930ed,0.91,0.9100
2024-12-30 01:04:46.278644+00:00,17,17.00,10,0.1000,0.9,yes,KXFEDDECISION-25JAN-H0,4c48a000-8f45-4142-8bd1-992760717155,0.9,0.9000
2024-12-30 03:52:44.275948+00:00,1,1.00,10,0.1000,0.9,yes,KXFEDDECISION-25JAN-H0,a356c909-25dc-45cc-94c4-3992369b6b4b,0.9,0.9000
2024-12-30 06:19:42.866015+00:00,100,100.00,10,0.1000,0.9,yes,KXFEDDECISION-25JAN-H0,20379102-2c3c-4d50-a07f-5ea19278b77b,0.9,0.9000
2024-12-30 13:57:37.512517+00:00,8,8.00,11,0.1100,0.89,no,KXFEDDECISION-25JAN-H0,65eefad0-4aa4-4e53-b075-8f62d0ce200d,0.89,0.8900
2024-12-30 14:05:46.541557+00:00,100,100.00,11,0.1100,0.89,no,KXFEDDECISION-25JAN-H0,6f3bbefd-063d-4305-82ef-1464ce2d072f,0.89,0.8900
2024-12-30 14:05:46.541557+00:00,92,92.00,11,0.1100,0.89,no,KXFEDDECISION-25JAN-H0,89e3804b-7d4e-4475-a2b0-c46781449f85,0.89,0.8900
2024-12-30 14:30:22.851730+00:00,400,400.00,12,0.1200,0.88,no,KXFEDDECISION-25JAN-H0,86d663ee-d52f-42b7-a21f-19243726a6c3,0.88,0.8800
2024-12-30 14:46:33.023107+00:00,726,726.00,11,0.1100,0.89,yes,KXFEDDECISION-25JAN-H0,05a96893-dfde-4665-b616-278ae3f556a2,0.89,0.8900
2024-12-30 14:46:33.023107+00:00,300,300.00,11,0.1100,0.89,yes,KXFEDDECISION-25JAN-H0,1744c33b-4245-42ed-93ed-024dfab76007,0.89,0.8900
2024-12-30 14:46:33.023107+00:00,774,774.00,11,0.1100,0.89,yes,KXFEDDECISION-25JAN-H0,5f84933e-8cd6-4c19-b3d9-ed247529b77b,0.89,0.8900
2024-12-30 15:57:53.355809+00:00,11,11.00,10,0.1000,0.9,yes,KXFEDDECISION-25JAN-H0,dba4a132-d8fa-4b6d-b10d-6d5343eaea6d,0.9,0.9000
2024-12-30 16:48:11.897807+00:00,110,110.00,10,0.1000,0.9,yes,KXFEDDECISION-25JAN-H0,7408f4c2-dfda-454e-b7f4-c5bc71dbc57c,0.9,0.9000
2024-12-30 17:20:58.726522+00:00,45,45.00,10,0.1000,0.9,yes,KXFEDDECISION-25JAN-H0,b0e7ac4f-2733-4b30-9d11-15b1a6ffcc15,0.9,0.9000
2024-12-30 17:47:36.337092+00:00,8,8.00,11,0.1100,0.89,no,KXFEDDECISION-25JAN-H0,b60e431b-70c3-4017-8860-ca8206888ddb,0.89,0.8900
2024-12-30 19:17:59.696388+00:00,55,55.00,10,0.1000,0.9,yes,KXFEDDECISION-25JAN-H0,c3ae0a8d-3785-4991-8149-ac9a4beebacc,0.9,0.9000
2024-12-30 19:30:40.748100+00:00,2,2.00,10,0.1000,0.9,yes,KXFEDDECISION-25JAN-H0,b8273144-a1c2-432c-818a-9eed7454c8c8,0.9,0.9000
2024-12-30 20:04:17.126644+00:00,79,79.00,11,0.1100,0.89,no,KXFEDDECISION-25JAN-H0,f258e529-cede-4984-86f5-81d6486a97eb,0.89,0.8900
2024-12-30 20:04:17.126644+00:00,1221,1221.00,11,0.1100,0.89,no,KXFEDDECISION-25JAN-H0,4a9501aa-4746-4305-a182-0e440e1c3794,0.89,0.8900
2024-12-30 20:04:17.126644+00:00,300,300.00,11,0.1100,0.89,no,KXFEDDECISION-25JAN-H0,fbc12a91-63cb-41be-bd01-f3073fa642f3,0.89,0.8900
2024-12-30 20:54:46.184902+00:00,9,9.00,12,0.1200,0.88,no,KXFEDDECISION-25JAN-H0,71909867-d983-47ba-ae7c-b7108e86427b,0.88,0.8800
2024-12-30 20:56:26.130468+00:00,15,15.00,12,0.1200,0.88,no,KXFEDDECISION-25JAN-H0,3d910187-0073-4456-bcee-5869de574b09,0.88,0.8800
2024-12-30 23:01:29.436240+00:00,100,100.00,11,0.1100,0.89,yes,KXFEDDECISION-25JAN-H0,67e44b7e-d3b8-4b4a-b4b3-4f5272cb6d99,0.89,0.8900
2024-12-30 23:27:12.948155+00:00,10,10.00,11,0.1100,0.89,yes,KXFEDDECISION-25JAN-H0,bf05d2ba-2ca8-4278-940c-2728e238591f,0.89,0.8900
2024-12-30 23:31:10.990257+00:00,44,44.00,11,0.1100,0.89,yes,KXFEDDECISION-25JAN-H0,9955c06d-1b98-4023-aa73-96337e4676f1,0.89,0.8900
2024-12-31 00:42:29.241477+00:00,278,278.00,11,0.1100,0.89,yes,KXFEDDECISION-25JAN-H0,fec34ff4-4fe0-4fc4-adae-9b68133b9dab,0.89,0.8900
2024-12-31 13:31:23.488447+00:00,1,1.00,11,0.1100,0.89,yes,KXFEDDECISION-25JAN-H0,7ca13614-0b14-45f6-a31b-6cfa8967cfa4,0.89,0.8900
2024-12-31 14:49:26.596371+00:00,1000,1000.00,11,0.1100,0.89,yes,KXFEDDECISION-25JAN-H0,006295a2-df52-4c78-a46b-f5b499d70a04,0.89,0.8900
2024-12-31 14:49:26.596371+00:00,1,1.00,11,0.1100,0.89,yes,KXFEDDECISION-25JAN-H0,13ca0607-86e3-478b-b0f5-451253c2702d,0.89,0.8900
2024-12-31 14:49:26.596371+00:00,200,200.00,11,0.1100,0.89,yes,KXFEDDECISION-25JAN-H0,2af9036d-5d4d-4eb5-ab95-f3ad9d1c1f7a,0.89,0.8900
2024-12-31 14:49:26.596371+00:00,1000,1000.00,11,0.1100,0.89,yes,KXFEDDECISION-25JAN-H0,d6031e3b-3ff2-42a6-b3b0-3bb81827f879,0.89,0.8900
2024-12-31 14:49:26.596371+00:00,199,199.00,11,0.1100,0.89,yes,KXFEDDECISION-25JAN-H0,6a5aa37b-d202-4a0e-9a2f-790e66f7e86d,0.89,0.8900
2024-12-31 15:32:12.753530+00:00,78,78.00,12,0.1200,0.88,no,KXFEDDECISION-25JAN-H0,514f40e8-5c4e-4af3-9e08-005c154df372,0.88,0.8800
2024-12-31 15:49:16.682655+00:00,1,1.00,10,0.1000,0.9,yes,KXFEDDECISION-25JAN-H0,32a44eb7-9aae-455c-99ba-3f41ad5dc9a5,0.9,0.9000
2024-12-31 18:48:18.602211+00:00,47,47.00,10,0.1000,0.9,yes,KXFEDDECISION-25JAN-H0,9537d432-aa93-4d9e-a0c4-1bcbc2463181,0.9,0.9000
2024-12-31 20:43:20.066377+00:00,122,122.00,10,0.1000,0.9,yes,KXFEDDECISION-25JAN-H0,b7f71698-a750-4b44-b66f-a53a81c3bd44,0.9,0.9000
2024-12-31 20:57:07.895058+00:00,28,28.00,10,0.1000,0.9,yes,KXFEDDECISION-25JAN-H0,00043cef-78bb-4ca8-812c-f1e762d735b5,0.9,0.9000
2024-12-31 21:46:50.273812+00:00,1,1.00,10,0.1000,0.9,yes,KXFEDDECISION-25JAN-H0,c91d6eec-eec8-4e90-ac43-10815a96c8a0,0.9,0.9000
2024-12-31 22:13:15.130519+00:00,201,201.00,10,0.1000,0.9,yes,KXFEDDECISION-25JAN-H0,e81473b6-3a00-4a7d-bbe9-8b54e8afbe5d,0.9,0.9000
2024-12-31 22:13:15.130519+00:00,299,299.00,10,0.1000,0.9,yes,KXFEDDECISION-25JAN-H0,816de93d-9d92-44c6-81fa-b51f1cc0b314,0.9,0.9000
2025-01-01 05:07:31.238506+00:00,1,1.00,10,0.1000,0.9,yes,KXFEDDECISION-25JAN-H0,1ce63d85-f593-4809-81d7-e5c7d4f0f941,0.9,0.9000
2025-01-01 13:21:40.979337+00:00,400,400.00,10,0.1000,0.9,yes,KXFEDDECISION-25JAN-H0,891260e1-08fb-483a-9f4b-0590ca826b46,0.9,0.9000
2025-01-01 13:21:40.979337+00:00,1234,1234.00,10,0.1000,0.9,yes,KXFEDDECISION-25JAN-H0,8f6aabce-3453-475a-a275-aef2f52a2db5,0.9,0.9000
2025-01-01 13:21:40.979337+00:00,200,200.00,10,0.1000,0.9,yes,KXFEDDECISION-25JAN-H0,900a254d-6750-4dc9-919c-d24bccf11024,0.9,0.9000
2025-01-01 13:21:40.979337+00:00,1,1.00,10,0.1000,0.9,yes,KXFEDDECISION-25JAN-H0,ce88fe4d-63f5-4e4e-901f-8be881ff91f5,0.9,0.9000
2025-01-01 13:21:40.979337+00:00,700,700.00,10,0.1000,0.9,yes,KXFEDDECISION-25JAN-H0,ed338f68-8573-4dd6-b588-740d29897a0a,0.9,0.9000
2025-01-01 13:21:40.979337+00:00,200,200.00,10,0.1000,0.9,yes,KXFEDDECISION-25JAN-H0,4a89911c-e03f-4db3-a50c-9b6ee2f97a84,0.9,0.9000
2025-01-01 16:00:04.522129+00:00,988,988.00,9,0.0900,0.91,yes,KXFEDDECISION-25JAN-H0,170dc631-fc1d-430c-b637-d8318c5459f6,0.91,0.9100
2025-01-01 16:00:04.522129+00:00,172,172.00,9,0.0900,0.91,yes,KXFEDDECISION-25JAN-H0,206277fc-4d11-4c0f-90dd-41e89b9a45e4,0.91,0.9100
2025-01-01 16:00:04.522129+00:00,100,100.00,9,0.0900,0.91,yes,KXFEDDECISION-25JAN-H0,353eb530-a8f9-4dd6-a32d-2cdd581c076d,0.91,0.9100
2025-01-01 16:00:04.522129+00:00,2000,2000.00,9,0.0900,0.91,yes,KXFEDDECISION-25JAN-H0,42221701-1f5f-44f7-9c0d-85da8b4995d1,0.91,0.9100
2025-01-01 16:00:04.522129+00:00,50,50.00,9,0.0900,0.91,yes,KXFEDDECISION-25JAN-H0,80802fd3-b730-4621-b3f0-89ebcf0cebb5,0.91,0.9100
2025-01-01 16:00:04.522129+00:00,500,500.00,9,0.0900,0.91,yes,KXFEDDECISION-25JAN-H0,aac82fba-9e79-478c-9656-c59fdf114fc2,0.91,0.9100
2025-01-01 16:00:04.522129+00:00,500,500.00,9,0.0900,0.91,yes,KXFEDDECISION-25JAN-H0,f0a1db61-b3d7-4020-b249-f3245d03dee7,0.91,0.9100
2025-01-01 16:00:04.522129+00:00,5,5.00,9,0.0900,0.91,yes,KXFEDDECISION-25JAN-H0,1ae0f39d-11c6-4566-bab5-ac0f42bb30d9,0.91,0.9100
2025-01-01 17:23:35.454120+00:00,4,4.00,8,0.0800,0.92,yes,KXFEDDECISION-25JAN-H0,bffeabba-952a-47cd-b6cb-10995cb6d9cc,0.92,0.9200
2025-01-01 20:13:52.700880+00:00,100,100.00,9,0.0900,0.91,no,KXFEDDECISION-25JAN-H0,0e07b7e8-040d-4791-a323-e2326b65fd1c,0.91,0.9100
2025-01-01 20:34:20.032315+00:00,1,1.00,9,0.0900,0.91,no,KXFEDDECISION-25JAN-H0,0939c0c5-8321-45e3-abc4-c1db918eeebf,0.91,0.9100
2025-01-01 21:14:27.970334+00:00,1,1.00,8,0.0800,0.92,yes,KXFEDDECISION-25JAN-H0,3555090e-d99c-42db-8ffb-61a563234e1d,0.92,0.9200
2025-01-01 21:26:29.268509+00:00,5,5.00,8,0.0800,0.92,yes,KXFEDDECISION-25JAN-H0,7c502332-dcdb-41ff-bdae-f8090702d1af,0.92,0.9200
2025-01-01 21:26:29.268509+00:00,11,11.00,8,0.0800,0.92,yes,KXFEDDECISION-25JAN-H0,e6183197-f44a-4df0-a264-ec60df073c80,0.92,0.9200
2025-01-01 21:26:29.268509+00:00,5,5.00,8,0.0800,0.92,yes,KXFEDDECISION-25JAN-H0,d951cb18-1466-4e09-b389-57e0de84aec0,0.92,0.9200
2025-01-01 21:26:29.268509+00:00,295,295.00,8,0.0800,0.92,yes,KXFEDDECISION-25JAN-H0,2bb696db-ad6c-45de-a44c-4d576bb2b306,0.92,0.9200
2025-01-01 21:26:29.268509+00:00,900,900.00,8,0.0800,0.92,yes,KXFEDDECISION-25JAN-H0,850fb818-eea9-43d0-b63a-bebd1f7fc835,0.92,0.9200
2025-01-01 21:26:29.268509+00:00,74,74.00,8,0.0800,0.92,yes,KXFEDDECISION-25JAN-H0,89b1d984-4fe7-4de0-b840-9ce89d64a673,0.92,0.9200
2025-01-01 22:11:48.454755+00:00,15,15.00,8,0.0800,0.92,yes,KXFEDDECISION-25JAN-H0,0e0edd7a-a590-4cc4-8c62-eaec370f980a,0.92,0.9200
2025-01-01 22:11:48.454755+00:00,5,5.00,8,0.0800,0.92,yes,KXFEDDECISION-25JAN-H0,d1ff8ca5-6855-483f-81b9-98dbf549aebc,0.92,0.9200
2025-01-02 01:11:02.237354+00:00,99,99.00,9,0.0900,0.91,no,KXFEDDECISION-25JAN-H0,c4a58c82-ffe3-40fa-a6e8-8b058c547cf2,0.91,0.9100
2025-01-02 01:11:02.237354+00:00,5,5.00,9,0.0900,0.91,no,KXFEDDECISION-25JAN-H0,cc3fa520-c952-450b-b40c-9400694de8b6,0.91,0.9100
2025-01-02 01:22:07.927172+00:00,5,5.00,8,0.0800,0.92,yes,KXFEDDECISION-25JAN-H0,5f85806f-af91-4498-aa7f-d1ed1d5a76f0,0.92,0.9200
2025-01-02 02:02:49.664582+00:00,1,1.00,8,0.0800,0.92,yes,KXFEDDECISION-25JAN-H0,58b0b4fc-94d2-499d-bb05-cfb5243b8d3a,0.92,0.9200
2025-01-02 02:18:45.733666+00:00,1,1.00,8,0.0800,0.92,yes,KXFEDDECISION-25JAN-H0,94b6552f-c420-4d5f-9c7a-18af10357950,0.92,0.9200
2025-01-02 02:49:32.356376+00:00,30,30.00,8,0.0800,0.92,yes,KXFEDDECISION-25JAN-H0,cccc92a9-9e28-497e-aedd-3e1dbf0a1083,0.92,0.9200
2025-01-02 05:20:26.536778+00:00,248,248.00,8,0.0800,0.92,yes,KXFEDDECISION-25JAN-H0,001475e7-351e-4734-8af8-932ba131f462,0.92,0.9200
2025-01-02 05:20:26.536778+00:00,52,52.00,8,0.0800,0.92,yes,KXFEDDECISION-25JAN-H0,1340e68f-916f-4af7-9d97-7e9e855ad08f,0.92,0.9200
2025-01-02 05:20:26.536778+00:00,100,100.00,8,0.0800,0.92,yes,KXFEDDECISION-25JAN-H0,96180802-c349-4403-890b-2ff4181e6720,0.92,0.9200
2025-01-02 05:20:36.311722+00:00,48,48.00,8,0.0800,0.92,yes,KXFEDDECISION-25JAN-H0,f25e297c-7adb-4102-beb4-1bf5777b06f5,0.92,0.9200
2025-01-02 05:20:36.311722+00:00,9,9.00,8,0.0800,0.92,yes,KXFEDDECISION-25JAN-H0,6f2a8441-6163-4d4f-a622-1ed6169e55f7,0.92,0.9200
2025-01-02 05:20:36.311722+00:00,43,43.00,8,0.0800,0.92,yes,KXFEDDECISION-25JAN-H0,0db12cf4-7db6-49eb-a79c-8a1e082f66af,0.92,0.9200
2025-01-02 06:44:19.493479+00:00,104,104.00,9,0.0900,0.91,no,KXFEDDECISION-25JAN-H0,1f9754d2-d232-4985-bdd3-c3b2906dad29,0.91,0.9100
2025-01-02 06:44:19.493479+00:00,101,101.00,9,0.0900,0.91,no,KXFEDDECISION-25JAN-H0,2cbed0a4-2ab5-4dad-930f-e671aaab2575,0.91,0.9100
2025-01-02 06:44:19.493479+00:00,100,100.00,9,0.0900,0.91,no,KXFEDDECISION-25JAN-H0,7f119ab5-22a9-41d8-b0ae-0c5ae55622ce,0.91,0.9100
2025-01-02 06:44:19.493479+00:00,195,195.00,9,0.0900,0.91,no,KXFEDDECISION-25JAN-H0,a219fd30-a0a5-492b-abe5-7994d24081dd,0.91,0.9100
2025-01-02 06:44:19.493479+00:00,100,100.00,9,0.0900,0.91,no,KXFEDDECISION-25JAN-H0,d08f3110-b553-4818-9510-bb994825704f,0.91,0.9100
2025-01-02 06:44:19.493479+00:00,444,444.00,9,0.0900,0.91,no,KXFEDDECISION-25JAN-H0,de035864-ed2b-4010-be2d-329216ff6321,0.91,0.9100
2025-01-02 13:43:44.034606+00:00,56,56.00,9,0.0900,0.91,no,KXFEDDECISION-25JAN-H0,8860669e-11f9-4bef-b351-ce3eaefb55d5,0.91,0.9100
2025-01-02 13:58:36.125572+00:00,5,5.00,9,0.0900,0.91,yes,KXFEDDECISION-25JAN-H0,0be87a30-f29b-4d9b-9b8a-f0927fda9c83,0.91,0.9100
2025-01-02 13:58:36.125572+00:00,3,3.00,9,0.0900,0.91,yes,KXFEDDECISION-25JAN-H0,78581c38-8d95-436c-8117-428c40ca4d16,0.91,0.9100
2025-01-02 14:01:00.887534+00:00,597,597.00,9,0.0900,0.91,yes,KXFEDDECISION-25JAN-H0,26c110ee-828f-4f78-9a8d-685f94e6582d,0.91,0.9100
2025-01-02 14:41:35.091545+00:00,11,11.00,8,0.0800,0.92,yes,KXFEDDECISION-25JAN-H0,d0232e34-9a67-4e23-8346-a8a4cc719067,0.92,0.9200
2025-01-02 14:41:38.762002+00:00,160,160.00,8,0.0800,0.92,yes,KXFEDDECISION-25JAN-H0,940c98f3-9610-48de-8c77-43cfd8b0579e,0.92,0.9200
2025-01-02 14:50:32.892778+00:00,30,30.00,9,0.0900,0.91,no,KXFEDDECISION-25JAN-H0,4be4ee55-4bc5-40e4-b8dd-92f9955790a5,0.91,0.9100
2025-01-02 14:50:32.892778+00:00,100,100.00,9,0.0900,0.91,no,KXFEDDECISION-25JAN-H0,968baa18-aff9-4c39-b39c-945d0d4b5f7d,0.91,0.9100
2025-01-02 16:00:31.160199+00:00,7,7.00,9,0.0900,0.91,yes,KXFEDDECISION-25JAN-H0,e89af99c-b16a-45d8-bf11-0937c0dc3861,0.91,0.9100
2025-01-02 18:09:07.245291+00:00,18,18.00,9,0.0900,0.91,yes,KXFEDDECISION-25JAN-H0,81fb9ac6-beb1-4cb2-b1eb-a9c13d469401,0.91,0.9100
2025-01-02 18:53:02.793320+00:00,5,5.00,9,0.0900,0.91,yes,KXFEDDECISION-25JAN-H0,e09d8b76-9527-409e-8445-77327006f578,0.91,0.9100
2025-01-02 19:49:23.631909+00:00,5,5.00,9,0.0900,0.91,yes,KXFEDDECISION-25JAN-H0,03ba1cb2-a50b-4dbc-8079-c217b4835a01,0.91,0.9100
2025-01-02 20:23:58.834026+00:00,250,250.00,9,0.0900,0.91,no,KXFEDDECISION-25JAN-H0,e194417f-7dcd-4159-a35c-d4c2be452bfe,0.91,0.9100
2025-01-02 21:34:52.598243+00:00,54,54.00,9,0.0900,0.91,yes,KXFEDDECISION-25JAN-H0,23e64a19-7c42-4d18-a9eb-947294ff5b49,0.91,0.9100
2025-01-02 21:41:52.839542+00:00,5,5.00,9,0.0900,0.91,yes,KXFEDDECISION-25JAN-H0,6c5e2e41-f8d9-4fab-ad0c-14650d3ea268,0.91,0.9100
2025-01-02 21:50:03.037974+00:00,150,150.00,10,0.1000,0.9,no,KXFEDDECISION-25JAN-H0,29e2aacc-9a3b-4c93-91e1-64dad6ada235,0.9,0.9000
2025-01-02 21:50:03.037974+00:00,10,10.00,10,0.1000,0.9,no,KXFEDDECISION-25JAN-H0,500fdd1f-e312-4a57-9ac5-410b6629b72f,0.9,0.9000
2025-01-02 21:50:03.037974+00:00,100,100.00,10,0.1000,0.9,no,KXFEDDECISION-25JAN-H0,6aac597c-036d-47b2-8dec-1029c923a092,0.9,0.9000
2025-01-02 21:50:03.037974+00:00,100,100.00,10,0.1000,0.9,no,KXFEDDECISION-25JAN-H0,825f7b25-96d3-4a81-8cc5-dfdce9dacc1a,0.9,0.9000
2025-01-02 21:50:03.037974+00:00,100,100.00,10,0.1000,0.9,no,KXFEDDECISION-25JAN-H0,93d875b6-cd95-42d7-97be-886f97c0a2ff,0.9,0.9000
2025-01-02 21:50:03.037974+00:00,2000,2000.00,10,0.1000,0.9,no,KXFEDDECISION-25JAN-H0,d9ef456d-f52f-4270-9863-e23ad0dcce33,0.9,0.9000
2025-01-02 21:50:03.037974+00:00,135,135.00,10,0.1000,0.9,no,KXFEDDECISION-25JAN-H0,de8ef1fe-595c-4bf4-8ae4-609f8b357a77,0.9,0.9000
2025-01-02 21:50:03.037974+00:00,400,400.00,10,0.1000,0.9,no,KXFEDDECISION-25JAN-H0,f29067b7-b587-459d-b008-3b6048ded92d,0.9,0.9000
2025-01-02 21:53:29.817840+00:00,5500,5500.00,10,0.1000,0.9,yes,KXFEDDECISION-25JAN-H0,36226818-a669-42b2-ab7a-75e3c10a6ac8,0.9,0.9000
2025-01-02 23:34:45.557797+00:00,54,54.00,9,0.0900,0.91,yes,KXFEDDECISION-25JAN-H0,5ecae76a-7474-4416-b326-8233860ab35f,0.91,0.9100
2025-01-03 02:30:29.248459+00:00,100,100.00,11,0.1100,0.89,no,KXFEDDECISION-25JAN-H0,e9446ae0-56c9-4ca4-92c3-3f73b44c7069,0.89,0.8900
2025-01-03 02:30:29.248459+00:00,100,100.00,11,0.1100,0.89,no,KXFEDDECISION-25JAN-H0,bc0f0333-d7a9-4f6b-80b4-9f38f64c6f5e,0.89,0.8900
2025-01-03 02:30:29.248459+00:00,189,189.00,11,0.1100,0.89,no,KXFEDDECISION-25JAN-H0,8ff2df47-b212-4ab8-98e2-e0d58327a8e6,0.89,0.8900
2025-01-03 02:30:29.248459+00:00,25,25.00,10,0.1000,0.9,no,KXFEDDECISION-25JAN-H0,6b8e7a0e-99b9-4a01-bb29-5bd97b07c2ee,0.9,0.9000
2025-01-03 02:30:29.248459+00:00,50,50.00,11,0.1100,0.89,no,KXFEDDECISION-25JAN-H0,511fb40a-69ca-4591-9665-aeb9df6aea8b,0.89,0.8900
2025-01-03 02:30:29.248459+00:00,500,500.00,11,0.1100,0.89,no,KXFEDDECISION-25JAN-H0,2ec44f1a-30ab-49a5-afd0-220f309c40cc,0.89,0.8900
2025-01-03 02:30:29.248459+00:00,250,250.00,11,0.1100,0.89,no,KXFEDDECISION-25JAN-H0,1b7ba6fc-bcd2-4813-8914-c0a9cffa2e6c,0.89,0.8900
2025-01-03 02:30:29.248459+00:00,9,9.00,11,0.1100,0.89,no,KXFEDDECISION-25JAN-H0,10d67a4f-bc1d-47ee-ba26-e18f45c56f64,0.89,0.8900
2025-01-03 02:30:29.248459+00:00,50,50.00,11,0.1100,0.89,no,KXFEDDECISION-25JAN-H0,0b69307b-3ccd-432f-82fd-0fc4099e065a,0.89,0.8900
2025-01-03 02:30:29.248459+00:00,90,90.00,11,0.1100,0.89,no,KXFEDDECISION-25JAN-H0,072c5791-b670-450c-a013-148a89f1901d,0.89,0.8900
2025-01-03 02:30:29.248459+00:00,150,150.00,11,0.1100,0.89,no,KXFEDDECISION-25JAN-H0,0402ee20-b5eb-4e5c-ac53-ad11db9c79ff,0.89,0.8900
2025-01-03 02:30:29.248459+00:00,200,200.00,11,0.1100,0.89,no,KXFEDDECISION-25JAN-H0,27b05d34-a8ce-4a49-ae26-1efcd7086c5c,0.89,0.8900
2025-01-03 05:13:40.585992+00:00,70,70.00,11,0.1100,0.89,no,KXFEDDECISION-25JAN-H0,86da8dba-e739-43a9-9c22-c8c109ff3cc6,0.89,0.8900
2025-01-03 05:42:24.316258+00:00,1,1.00,9,0.0900,0.91,yes,KXFEDDECISION-25JAN-H0,4d5ffebd-437c-4f86-999a-745c15b5e398,0.91,0.9100
2025-01-03 14:07:42.090044+00:00,95,95.00,9,0.0900,0.91,yes,KXFEDDECISION-25JAN-H0,de603d3c-2de9-45f2-8797-be75deb69bd3,0.91,0.9100
2025-01-03 14:07:42.090044+00:00,86,86.00,9,0.0900,0.91,yes,KXFEDDECISION-25JAN-H0,b0bc6132-c0e6-4680-9afd-78a2f187dc20,0.91,0.9100
2025-01-03 14:07:42.090044+00:00,119,119.00,9,0.0900,0.91,yes,KXFEDDECISION-25JAN-H0,a415db9a-bf48-433c-a1fd-d08760fd2672,0.91,0.9100
2025-01-03 14:21:51.784073+00:00,2000,2000.00,9,0.0900,0.91,yes,KXFEDDECISION-25JAN-H0,5e259244-192a-45a2-a912-4f4e36ce1ef5,0.91,0.9100
2025-01-03 14:21:51.784073+00:00,6,6.00,9,0.0900,0.91,yes,KXFEDDECISION-25JAN-H0,69907be0-b703-4c33-9743-7842b5cab428,0.91,0.9100
2025-01-03 14:21:51.784073+00:00,294,294.00,9,0.0900,0.91,yes,KXFEDDECISION-25JAN-H0,790c8d37-1b83-4fb4-bfec-e22a9da54826,0.91,0.9100
2025-01-03 14:21:51.784073+00:00,48,48.00,9,0.0900,0.91,yes,KXFEDDECISION-25JAN-H0,931bcfba-64b1-475e-81ab-fc4eeed2f08d,0.91,0.9100
2025-01-03 14:21:51.784073+00:00,86,86.00,9,0.0900,0.91,yes,KXFEDDECISION-25JAN-H0,bc01492e-bde2-44dc-8b1b-a25f90e4af49,0.91,0.9100
2025-01-03 14:21:51.784073+00:00,200,200.00,9,0.0900,0.91,yes,KXFEDDECISION-25JAN-H0,e1fb218a-a0a8-4360-b9ae-3c18966f3d1b,0.91,0.9100
2025-01-03 14:53:50.427862+00:00,27,27.00,8,0.0800,0.92,yes,KXFEDDECISION-25JAN-H0,78da81df-9469-47c4-97f2-fcb433123970,0.92,0.9200
2025-01-03 15:10:11.918238+00:00,300,300.00,9,0.0900,0.91,no,KXFEDDECISION-25JAN-H0,87ca3c99-915c-4f07-9362-aa85d4224aba,0.91,0.9100
2025-01-03 15:10:11.918238+00:00,21,21.00,9,0.0900,0.91,no,KXFEDDECISION-25JAN-H0,012a07e5-51a3-4334-ba3b-cc072e821470,0.91,0.9100
2025-01-03 16:42:44.920763+00:00,200,200.00,8,0.0800,0.92,yes,KXFEDDECISION-25JAN-H0,dbdfb7e6-be23-4424-8096-867fb9170bb5,0.92,0.9200
2025-01-03 16:42:44.920763+00:00,13,13.00,8,0.0800,0.92,yes,KXFEDDECISION-25JAN-H0,b80d0364-71a9-4735-a702-14305656c7e3,0.92,0.9200
2025-01-03 16:42:44.920763+00:00,171,171.00,8,0.0800,0.92,yes,KXFEDDECISION-25JAN-H0,09a5cdcf-f0ef-4a94-b259-4bd6851c0d4d,0.92,0.9200
2025-01-03 16:42:44.920763+00:00,6,6.00,8,0.0800,0.92,yes,KXFEDDECISION-25JAN-H0,2908f022-8374-472c-8fb5-c9aa4346b1e9,0.92,0.9200
2025-01-03 16:42:44.920763+00:00,500,500.00,8,0.0800,0.92,yes,KXFEDDECISION-25JAN-H0,14dc7821-13d6-4fc8-8221-5948613a4723,0.92,0.9200
2025-01-03 16:42:44.920763+00:00,100,100.00,8,0.0800,0.92,yes,KXFEDDECISION-25JAN-H0,2d211b49-acdb-44e4-a7b8-d8d627be13ac,0.92,0.9200
2025-01-03 17:26:17.299843+00:00,1,1.00,8,0.0800,0.92,yes,KXFEDDECISION-25JAN-H0,ebf7bfe2-9cd4-4f26-8d9b-f7cf30a6853b,0.92,0.9200
2025-01-03 17:34:54.057478+00:00,10,10.00,8,0.0800,0.92,yes,KXFEDDECISION-25JAN-H0,54e287c0-6dd2-41e0-ac54-2ffd9d8bfd11,0.92,0.9200
2025-01-03 19:52:54.657445+00:00,21,21.00,8,0.0800,0.92,yes,KXFEDDECISION-25JAN-H0,c05d1a47-028c-4033-87dd-fa0ad88ece8d,0.92,0.9200
2025-01-03 19:55:02.846566+00:00,700,700.00,8,0.0800,0.92,yes,KXFEDDECISION-25JAN-H0,1fba89d8-36cb-4d41-ac6c-0727541c6f5f,0.92,0.9200
2025-01-03 19:55:02.846566+00:00,4,4.00,8,0.0800,0.92,yes,KXFEDDECISION-25JAN-H0,b91252a8-fb3c-484f-a1f3-f56c0b6645a2,0.92,0.9200
2025-01-03 22:20:30.412613+00:00,118,118.00,8,0.0800,0.92,no,KXFEDDECISION-25JAN-H0,e5e17441-7d1c-438b-b1e2-48684f3f9f7e,0.92,0.9200
2025-01-03 23:29:59.889129+00:00,12,12.00,8,0.0800,0.92,no,KXFEDDECISION-25JAN-H0,16ceb11d-c976-412f-bcfc-f0d9b74c02c2,0.92,0.9200
2025-01-04 00:58:20.353054+00:00,140,140.00,8,0.0800,0.92,no,KXFEDDECISION-25JAN-H0,5333e2ab-4469-4b20-827f-518a2a8086da,0.92,0.9200
2025-01-04 01:01:53.386118+00:00,187,187.00,8,0.0800,0.92,no,KXFEDDECISION-25JAN-H0,5fb79e4f-9d23-4c6a-b06e-504d19da5353,0.92,0.9200
2025-01-04 03:18:37.791229+00:00,16,16.00,7,0.0700,0.93,yes,KXFEDDECISION-25JAN-H0,ef0f2ef9-2fcd-434c-b0e9-d1463fca3b59,0.93,0.9300
2025-01-04 04:16:53.485222+00:00,11,11.00,8,0.0800,0.92,no,KXFEDDECISION-25JAN-H0,da18e328-19ee-4b27-bcc3-34445a51ebad,0.92,0.9200
2025-01-04 14:29:24.464049+00:00,47,47.00,7,0.0700,0.93,yes,KXFEDDECISION-25JAN-H0,f517af9e-8a02-4bed-a692-626e55630ba3,0.93,0.9300
2025-01-04 14:36:19.507238+00:00,11,11.00,8,0.0800,0.92,no,KXFEDDECISION-25JAN-H0,a2a7dfcd-9cfa-4cf5-9e6f-461c0091e978,0.92,0.9200
2025-01-04 15:53:57.893715+00:00,107,107.00,7,0.0700,0.93,yes,KXFEDDECISION-25JAN-H0,72a46eab-8063-4a4f-a8d2-5136a5d5e3e5,0.93,0.9300
2025-01-04 16:18:28.404667+00:00,20,20.00,7,0.0700,0.93,yes,KXFEDDECISION-25JAN-H0,497eb630-14e6-4fa0-a879-177661e2bd01,0.93,0.9300
2025-01-04 16:46:42.284930+00:00,1478,1478.00,8,0.0800,0.92,no,KXFEDDECISION-25JAN-H0,050a5633-8003-428b-a638-c625510e79df,0.92,0.9200
2025-01-04 16:46:42.284930+00:00,10,10.00,8,0.0800,0.92,no,KXFEDDECISION-25JAN-H0,7d38e3d8-db31-40f0-9371-69201bb3f15f,0.92,0.9200
2025-01-04 16:46:42.284930+00:00,100,100.00,8,0.0800,0.92,no,KXFEDDECISION-25JAN-H0,8c9ae725-e98b-4bb7-baf7-e4660c8112bf,0.92,0.9200
2025-01-04 16:46:42.284930+00:00,2716,2716.00,8,0.0800,0.92,no,KXFEDDECISION-25JAN-H0,9bac8986-9815-4ed8-a79f-11aa33006ebd,0.92,0.9200
2025-01-04 16:57:28.386212+00:00,1,1.00,8,0.0800,0.92,yes,KXFEDDECISION-25JAN-H0,9085ae17-7111-4886-a390-7039b8be5922,0.92,0.9200
2025-01-04 19:06:07.995720+00:00,10,10.00,8,0.0800,0.92,yes,KXFEDDECISION-25JAN-H0,f44d50d7-e7be-4b71-9302-e233d7aafb38,0.92,0.9200
2025-01-04 20:23:36.054365+00:00,10,10.00,8,0.0800,0.92,yes,KXFEDDECISION-25JAN-H0,57dd3025-6369-4ce2-a30c-915049cc9f14,0.92,0.9200
2025-01-04 21:17:23.254377+00:00,1000,1000.00,8,0.0800,0.92,yes,KXFEDDECISION-25JAN-H0,6f75f02f-3547-42bf-adeb-e6e514d90e7f,0.92,0.9200
2025-01-04 22:48:20.566450+00:00,1,1.00,8,0.0800,0.92,yes,KXFEDDECISION-25JAN-H0,86c7ba45-c83c-4862-bca7-2aeac9eb161e,0.92,0.9200
2025-01-04 23:36:58.743805+00:00,1000,1000.00,8,0.0800,0.92,yes,KXFEDDECISION-25JAN-H0,cae69ba6-721e-4d00-b109-b917a9feb783,0.92,0.9200
2025-01-04 23:52:25.507789+00:00,100,100.00,9,0.0900,0.91,no,KXFEDDECISION-25JAN-H0,ad077a13-2157-425b-9516-387c64a1124e,0.91,0.9100
2025-01-04 23:52:25.507789+00:00,150,150.00,9,0.0900,0.91,no,KXFEDDECISION-25JAN-H0,ad0a1c59-5c9b-49c6-9c18-e94d6e9dff47,0.91,0.9100
2025-01-04 23:52:25.507789+00:00,50,50.00,9,0.0900,0.91,no,KXFEDDECISION-25JAN-H0,fe8afa4a-1863-42c5-998e-3238d1de5eb4,0.91,0.9100
2025-01-04 23:53:36.557653+00:00,31,31.00,9,0.0900,0.91,yes,KXFEDDECISION-25JAN-H0,d195828c-ad22-4aca-b094-41e456f14906,0.91,0.9100
2025-01-05 00:03:59.566552+00:00,100,100.00,9,0.0900,0.91,yes,KXFEDDECISION-25JAN-H0,2d61d757-3530-4437-bc5b-5832cde49b22,0.91,0.9100
2025-01-05 00:42:27.469563+00:00,300,300.00,8,0.0800,0.92,yes,KXFEDDECISION-25JAN-H0,861a8231-34b2-4c67-af6b-2d61e765098d,0.92,0.9200
2025-01-05 00:47:44.572449+00:00,146,146.00,8,0.0800,0.92,yes,KXFEDDECISION-25JAN-H0,e980f6ec-c9c8-4989-bc24-bb1c1d69e5c8,0.92,0.9200
2025-01-05 01:08:47.146797+00:00,200,200.00,8,0.0800,0.92,yes,KXFEDDECISION-25JAN-H0,2e0f0b42-04f3-4b07-bd3c-a099c0422bb0,0.92,0.9200
2025-01-05 01:23:04.411005+00:00,4,4.00,8,0.0800,0.92,yes,KXFEDDECISION-25JAN-H0,0e89886f-5a83-4a1d-939e-ee443e992ee3,0.92,0.9200
2025-01-05 02:00:54.846382+00:00,52,52.00,9,0.0900,0.91,no,KXFEDDECISION-25JAN-H0,ba077039-a730-434a-a902-d641a901422f,0.91,0.9100
2025-01-05 03:17:40.380616+00:00,500,500.00,8,0.0800,0.92,yes,KXFEDDECISION-25JAN-H0,14e555d9-8730-4c79-abe4-2b6bccf5dab4,0.92,0.9200
2025-01-05 05:38:50.969344+00:00,1,1.00,8,0.0800,0.92,yes,KXFEDDECISION-25JAN-H0,52a02621-52cb-45b7-95e3-ba0c2fd5c3bc,0.92,0.9200
2025-01-05 05:56:52.229838+00:00,108,108.00,8,0.0800,0.92,yes,KXFEDDECISION-25JAN-H0,be90c2e9-9588-416a-89e7-6c853e386a94,0.92,0.9200
2025-01-05 06:24:30.677407+00:00,44,44.00,9,0.0900,0.91,no,KXFEDDECISION-25JAN-H0,8614bfbb-35ef-4985-b7f7-7d29fecb0c94,0.91,0.9100
2025-01-05 07:42:34.903306+00:00,21,21.00,8,0.0800,0.92,yes,KXFEDDECISION-25JAN-H0,4d7a8bbd-c888-45be-802f-b9887c99df81,0.92,0.9200
2025-01-05 13:34:14.400194+00:00,100,100.00,8,0.0800,0.92,yes,KXFEDDECISION-25JAN-H0,1c0427a3-9067-4105-84e9-739e8b6cd34b,0.92,0.9200
2025-01-05 13:35:25.344118+00:00,200,200.00,8,0.0800,0.92,yes,KXFEDDECISION-25JAN-H0,fec5c293-546c-4888-a00e-173609a2bd74,0.92,0.9200
2025-01-05 15:32:01.069604+00:00,500,500.00,9,0.0900,0.91,no,KXFEDDECISION-25JAN-H0,2641ebdb-fed9-473c-8c84-34ffacafab50,0.91,0.9100
2025-01-05 16:08:16.820448+00:00,10,10.00,8,0.0800,0.92,yes,KXFEDDECISION-25JAN-H0,6aeba52c-287f-4ebd-9b2c-99760275dc48,0.92,0.9200
2025-01-05 18:16:49.849495+00:00,271,271.00,8,0.0800,0.92,yes,KXFEDDECISION-25JAN-H0,4e005bb2-62cc-484a-a994-2a25263696d5,0.92,0.9200
2025-01-05 18:30:23.363211+00:00,324,324.00,8,0.0800,0.92,yes,KXFEDDECISION-25JAN-H0,8cddf157-006e-437c-ad45-bbb1eea83d67,0.92,0.9200
2025-01-05 19:57:01.687058+00:00,52,52.00,9,0.0900,0.91,no,KXFEDDECISION-25JAN-H0,90246a79-36c7-489e-aa25-bb583927cf93,0.91,0.9100
2025-01-05 20:30:29.248638+00:00,5,5.00,8,0.0800,0.92,yes,KXFEDDECISION-25JAN-H0,237638ca-d54d-4cf5-ad9b-a74287195e2f,0.92,0.9200
2025-01-05 21:17:13.473214+00:00,21,21.00,8,0.0800,0.92,yes,KXFEDDECISION-25JAN-H0,51417636-e02b-48c4-868a-e6fc06d2c686,0.92,0.9200
2025-01-05 22:52:04.805779+00:00,94,94.00,8,0.0800,0.92,yes,KXFEDDECISION-25JAN-H0,ef9e3274-98e3-454f-adde-907c26c17f6c,0.92,0.9200
2025-01-05 22:52:04.805779+00:00,316,316.00,8,0.0800,0.92,yes,KXFEDDECISION-25JAN-H0,e74d37ee-30e7-4c5d-8bcd-9c9869910b41,0.92,0.9200
2025-01-05 22:52:04.805779+00:00,44,44.00,8,0.0800,0.92,yes,KXFEDDECISION-25JAN-H0,dfb5eb73-66dc-4e59-b940-7822ca94487f,0.92,0.9200
2025-01-05 22:52:04.805779+00:00,217,217.00,8,0.0800,0.92,yes,KXFEDDECISION-25JAN-H0,746f03c2-4d07-4976-8134-399d00535801,0.92,0.9200
2025-01-05 22:52:04.805779+00:00,210,210.00,8,0.0800,0.92,yes,KXFEDDECISION-25JAN-H0,ae63219e-bf78-41b4-9bab-1edbc79a9bfb,0.92,0.9200
2025-01-05 22:52:04.805779+00:00,140,140.00,7,0.0700,0.93,yes,KXFEDDECISION-25JAN-H0,7065812d-b2fc-464d-b274-53299a0218cd,0.93,0.9300
2025-01-05 22:52:04.805779+00:00,199,199.00,8,0.0800,0.92,yes,KXFEDDECISION-25JAN-H0,724a30e7-b226-4c3b-92c4-fe974cd01bc5,0.92,0.9200
2025-01-05 22:52:04.805779+00:00,6,6.00,8,0.0800,0.92,yes,KXFEDDECISION-25JAN-H0,31853728-ede4-4172-ad61-4710e68fba39,0.92,0.9200
2025-01-05 22:52:04.805779+00:00,36,36.00,8,0.0800,0.92,yes,KXFEDDECISION-25JAN-H0,377db08c-979e-4579-96cd-f2aaf4582dda,0.92,0.9200
2025-01-05 22:52:04.805779+00:00,26,26.00,7,0.0700,0.93,yes,KXFEDDECISION-25JAN-H0,a10ecf47-c31f-4243-9343-b9833daed758,0.93,0.9300
2025-01-05 22:52:04.805779+00:00,100,100.00,8,0.0800,0.92,yes,KXFEDDECISION-25JAN-H0,465167b4-06a6-4558-931a-df8732e9dd9a,0.92,0.9200
2025-01-05 22:52:04.805779+00:00,184,184.00,8,0.0800,0.92,yes,KXFEDDECISION-25JAN-H0,3947fb83-fe8e-424a-a049-7d4cb93c793f,0.92,0.9200
2025-01-05 22:56:50.027691+00:00,300,300.00,9,0.0900,0.91,no,KXFEDDECISION-25JAN-H0,bd752c16-b01b-4499-9e41-ae02d911a2fc,0.91,0.9100
2025-01-05 22:56:50.027691+00:00,5,5.00,9,0.0900,0.91,no,KXFEDDECISION-25JAN-H0,a5b9c9ca-87e0-480e-a866-9eeb54ae99de,0.91,0.9100
2025-01-05 22:56:50.027691+00:00,50,50.00,9,0.0900,0.91,no,KXFEDDECISION-25JAN-H0,9f90de46-9f40-416e-ba02-ec400682778f,0.91,0.9100
2025-01-05 22:56:50.027691+00:00,150,150.00,9,0.0900,0.91,no,KXFEDDECISION-25JAN-H0,6baef5e3-a7c2-4c3e-ab55-64796f5f2676,0.91,0.9100
2025-01-05 22:56:50.027691+00:00,200,200.00,8,0.0800,0.92,no,KXFEDDECISION-25JAN-H0,7c815649-e7dd-4798-b7ec-61b35c160afd,0.92,0.9200
2025-01-05 22:56:50.027691+00:00,33,33.00,9,0.0900,0.91,no,KXFEDDECISION-25JAN-H0,404dde4a-7183-4a83-80e7-0894ef69e218,0.91,0.9100
2025-01-05 22:56:50.027691+00:00,400,400.00,8,0.0800,0.92,no,KXFEDDECISION-25JAN-H0,2dbd3fdd-f1ef-41cf-87f0-f5d1baacb7cc,0.92,0.9200
2025-01-05 22:56:50.027691+00:00,100,100.00,10,0.1000,0.9,no,KXFEDDECISION-25JAN-H0,27254f45-f2f1-41b9-8f50-76fbbf9165a9,0.9,0.9000
2025-01-05 22:56:50.027691+00:00,182,182.00,10,0.1000,0.9,no,KXFEDDECISION-25JAN-H0,017c7c0c-ef15-4965-bc6e-ed086d5f1a92,0.9,0.9000
2025-01-05 22:56:50.027691+00:00,52,52.00,9,0.0900,0.91,no,KXFEDDECISION-25JAN-H0,698b5858-1aa6-472d-9b8e-c9cce79059c1,0.91,0.9100
2025-01-05 22:56:50.027691+00:00,100,100.00,9,0.0900,0.91,no,KXFEDDECISION-25JAN-H0,441a6550-1139-41c8-82bf-63b7f1d8cf5b,0.91,0.9100
2025-01-06 00:28:28.374134+00:00,270,270.00,8,0.0800,0.92,yes,KXFEDDECISION-25JAN-H0,3255324e-9aa1-4357-8231-186e244f1e12,0.92,0.9200
2025-01-06 00:35:24.391164+00:00,21,21.00,8,0.0800,0.92,yes,KXFEDDECISION-25JAN-H0,a20a5c26-27b5-4f95-ae2c-705eca9e9d90,0.92,0.9200
2025-01-06 01:14:21.575191+00:00,1000,1000.00,8,0.0800,0.92,yes,KXFEDDECISION-25JAN-H0,c74026ce-ad30-4e14-9de0-4ac938473346,0.92,0.9200
2025-01-06 01:50:04.157050+00:00,54,54.00,8,0.0800,0.92,yes,KXFEDDECISION-25JAN-H0,c3e7ac7d-d31a-4009-9bb3-bb6bc85dc8fd,0.92,0.9200
2025-01-06 03:33:32.653520+00:00,1,1.00,8,0.0800,0.92,yes,KXFEDDECISION-25JAN-H0,979536d2-749f-4a11-87f2-216c56fabbce,0.92,0.9200
2025-01-06 03:59:48.062281+00:00,69,69.00,8,0.0800,0.92,yes,KXFEDDECISION-25JAN-H0,b8eb9d28-1f67-49c9-b6b5-ed665a07a988,0.92,0.9200
2025-01-06 04:07:25.672344+00:00,94,94.00,10,0.1000,0.9,no,KXFEDDECISION-25JAN-H0,c3ac056d-7970-4414-ade8-7e7599c13c7a,0.9,0.9000
2025-01-06 04:22:54.542795+00:00,24,24.00,8,0.0800,0.92,yes,KXFEDDECISION-25JAN-H0,c6709198-33c1-4ce2-894a-6b56505bb67c,0.92,0.9200
2025-01-06 05:31:17.596125+00:00,100,100.00,9,0.0900,0.91,no,KXFEDDECISION-25JAN-H0,09d03bd4-9624-49eb-bb6e-eb9489d773fc,0.91,0.9100
2025-01-06 05:31:17.596125+00:00,6,6.00,10,0.1000,0.9,no,KXFEDDECISION-25JAN-H0,905f6f07-c364-4fbd-93a9-91fbaf1887b2,0.9,0.9000
2025-01-06 05:31:17.596125+00:00,100,100.00,9,0.0900,0.91,no,KXFEDDECISION-25JAN-H0,d016b68b-62e3-4078-bf16-ea8c600aabd9,0.91,0.9100
2025-01-06 05:31:17.596125+00:00,48,48.00,10,0.1000,0.9,no,KXFEDDECISION-25JAN-H0,faeeceea-b56e-4702-a9e8-867133a409b2,0.9,0.9000
2025-01-06 05:34:49.229548+00:00,254,254.00,8,0.0800,0.92,yes,KXFEDDECISION-25JAN-H0,44c0add8-3644-4994-8cd9-85d7f4974c8f,0.92,0.9200
2025-01-06 13:44:52.109801+00:00,9,9.00,9,0.0900,0.91,no,KXFEDDECISION-25JAN-H0,0c8fb33d-f632-43d3-8237-4241d379d01a,0.91,0.9100
2025-01-06 13:44:52.109801+00:00,10,10.00,10,0.1000,0.9,no,KXFEDDECISION-25JAN-H0,59f13cb6-9442-4756-9eca-856cc1584412,0.9,0.9000
2025-01-06 14:56:00.305011+00:00,26,26.00,8,0.0800,0.92,yes,KXFEDDECISION-25JAN-H0,ccfd0b8d-f279-429a-b175-823da16e03a0,0.92,0.9200
2025-01-06 14:56:59.691221+00:00,200,200.00,8,0.0800,0.92,yes,KXFEDDECISION-25JAN-H0,6e52d1a9-0217-4760-a979-1593dff1ae41,0.92,0.9200
2025-01-06 14:56:59.691221+00:00,133,133.00,8,0.0800,0.92,yes,KXFEDDECISION-25JAN-H0,7b241b1a-272e-4370-892d-b63e8b5d433b,0.92,0.9200
2025-01-06 14:56:59.691221+00:00,260,260.00,7,0.0700,0.93,yes,KXFEDDECISION-25JAN-H0,99a6f2ac-1a1c-4075-ac38-3af6bbf9c462,0.93,0.9300
2025-01-06 14:56:59.691221+00:00,281,281.00,8,0.0800,0.92,yes,KXFEDDECISION-25JAN-H0,fb94a315-a73f-4117-bc34-f3f0176cb41a,0.92,0.9200
2025-01-06 14:56:59.691221+00:00,126,126.00,7,0.0700,0.93,yes,KXFEDDECISION-25JAN-H0,532da64e-1ec8-4191-8db8-0d14017fbac1,0.93,0.9300
2025-01-06 15:54:05.592030+00:00,100,100.00,8,0.0800,0.92,no,KXFEDDECISION-25JAN-H0,a8d6be5a-c64c-4567-bb28-e908fab14b9e,0.92,0.9200
2025-01-06 15:54:59.509318+00:00,100,100.00,8,0.0800,0.92,no,KXFEDDECISION-25JAN-H0,725ab19b-bd90-4d47-97c5-e9f8d6fe6942,0.92,0.9200
2025-01-06 16:04:57.598962+00:00,500,500.00,8,0.0800,0.92,no,KXFEDDECISION-25JAN-H0,795535d3-5a4a-4037-b3fc-e2c4938990b6,0.92,0.9200
2025-01-06 16:48:48.509060+00:00,43,43.00,7,0.0700,0.93,yes,KXFEDDECISION-25JAN-H0,6c8c965d-4fdb-4fd1-a90a-96b20e2d8519,0.93,0.9300
2025-01-06 18:04:29.707141+00:00,452,452.00,8,0.0800,0.92,no,KXFEDDECISION-25JAN-H0,3b4a9b3a-8aa3-427f-889b-c4f244621107,0.92,0.9200
2025-01-06 18:22:24.903124+00:00,26,26.00,7,0.0700,0.93,yes,KXFEDDECISION-25JAN-H0,7b58191e-d4e4-4087-a1a8-aee014164471,0.93,0.9300
2025-01-06 19:17:17.144365+00:00,5,5.00,7,0.0700,0.93,yes,KXFEDDECISION-25JAN-H0,99678919-8087-435f-ba15-d6326a2ac99d,0.93,0.9300
2025-01-06 19:17:17.144365+00:00,101,101.00,7,0.0700,0.93,yes,KXFEDDECISION-25JAN-H0,d208bb36-e613-40f7-99a4-878870dd6029,0.93,0.9300
2025-01-06 20:14:46.819372+00:00,1000,1000.00,7,0.0700,0.93,yes,KXFEDDECISION-25JAN-H0,5974960b-7426-44dc-86af-5e4b0f4c622b,0.93,0.9300
2025-01-06 20:26:51.687155+00:00,156,156.00,8,0.0800,0.92,no,KXFEDDECISION-25JAN-H0,628c8529-f5ba-420e-8272-8b8993f87259,0.92,0.9200
2025-01-06 21:02:20.381017+00:00,5,5.00,7,0.0700,0.93,yes,KXFEDDECISION-25JAN-H0,d044ad3a-01b1-4e64-8aa5-951da247adfb,0.93,0.9300
2025-01-06 21:39:26.507343+00:00,1,1.00,7,0.0700,0.93,yes,KXFEDDECISION-25JAN-H0,96d082d9-3800-426c-87a7-85a4fe63d10e,0.93,0.9300
2025-01-06 22:17:35.776043+00:00,11,11.00,8,0.0800,0.92,no,KXFEDDECISION-25JAN-H0,506b313b-3542-4aaa-b20b-08e080ae977d,0.92,0.9200
2025-01-06 23:32:45.243158+00:00,32,32.00,7,0.0700,0.93,yes,KXFEDDECISION-25JAN-H0,7d7c5cf7-1f2a-400c-b433-a60fd406e252,0.93,0.9300
2025-01-07 00:00:17.734566+00:00,53,53.00,7,0.0700,0.93,yes,KXFEDDECISION-25JAN-H0,759faafe-73c7-439f-98df-416efbcf5d75,0.93,0.9300
2025-01-07 00:18:35.762396+00:00,9,9.00,7,0.0700,0.93,yes,KXFEDDECISION-25JAN-H0,7a0e3dd1-0eab-41ee-bd4e-2cccdc98f374,0.93,0.9300
2025-01-07 00:44:59.612820+00:00,267,267.00,7,0.0700,0.93,yes,KXFEDDECISION-25JAN-H0,a4218f46-af65-451c-a4bb-d65c0ffd614e,0.93,0.9300
2025-01-07 02:11:36.140438+00:00,107,107.00,7,0.0700,0.93,yes,KXFEDDECISION-25JAN-H0,38ea70b2-159f-4492-b64f-319c780f9b66,0.93,0.9300
2025-01-07 05:13:44.204137+00:00,107,107.00,7,0.0700,0.93,yes,KXFEDDECISION-25JAN-H0,73f8aaf4-0778-4224-9e95-631504190c12,0.93,0.9300
2025-01-07 05:28:36.774522+00:00,10,10.00,7,0.0700,0.93,yes,KXFEDDECISION-25JAN-H0,432a731c-8c61-40e8-b764-6b21a5f7035d,0.93,0.9300
2025-01-07 06:08:59.762982+00:00,107,107.00,7,0.0700,0.93,yes,KXFEDDECISION-25JAN-H0,54fe5b56-89ef-4d53-80f0-2a65387bf4ec,0.93,0.9300
2025-01-07 13:31:18.248021+00:00,5,5.00,8,0.0800,0.92,no,KXFEDDECISION-25JAN-H0,f78d78ca-71ff-47cf-ac88-82ea415eb3a3,0.92,0.9200
2025-01-07 13:31:18.248021+00:00,267,267.00,8,0.0800,0.92,no,KXFEDDECISION-25JAN-H0,ebc65c0d-5b72-426d-9609-e5b71c191452,0.92,0.9200
2025-01-07 13:31:18.248021+00:00,150,150.00,8,0.0800,0.92,no,KXFEDDECISION-25JAN-H0,464a419e-11d1-4f8c-b753-0d8a728dcd4b,0.92,0.9200
2025-01-07 13:31:18.248021+00:00,681,681.00,8,0.0800,0.92,no,KXFEDDECISION-25JAN-H0,1a4b3417-3f80-4560-86cd-7f6726a3dc60,0.92,0.9200
2025-01-07 13:31:18.248021+00:00,5,5.00,8,0.0800,0.92,no,KXFEDDECISION-25JAN-H0,cd9e8405-4e37-4fae-befe-eed62948bccd,0.92,0.9200
2025-01-07 13:41:04.802541+00:00,104,104.00,9,0.0900,0.91,no,KXFEDDECISION-25JAN-H0,3bc9eebc-4642-4e1f-812b-43b70023e60d,0.91,0.9100
2025-01-07 14:45:33.412392+00:00,25,25.00,8,0.0800,0.92,no,KXFEDDECISION-25JAN-H0,4fabac70-1646-4846-a80c-d2f754f83703,0.92,0.9200
2025-01-07 14:45:33.412392+00:00,1,1.00,9,0.0900,0.91,no,KXFEDDECISION-25JAN-H0,5b8679ed-baf4-482f-a71e-211687fcfe66,0.91,0.9100
2025-01-07 15:22:10.473134+00:00,41,41.00,7,0.0700,0.93,yes,KXFEDDECISION-25JAN-H0,121ac744-faf0-4c3f-9410-0c503bf65455,0.93,0.9300
2025-01-07 15:22:10.473134+00:00,176,176.00,7,0.0700,0.93,yes,KXFEDDECISION-25JAN-H0,1a58caa4-bb2e-4b9b-b0aa-d3c3fa431cd4,0.93,0.9300
2025-01-07 15:22:10.473134+00:00,21,21.00,7,0.0700,0.93,yes,KXFEDDECISION-25JAN-H0,25cded66-c16e-42f3-81c0-5183ba7f286a,0.93,0.9300
2025-01-07 15:22:10.473134+00:00,125,125.00,7,0.0700,0.93,yes,KXFEDDECISION-25JAN-H0,4adc550c-8be6-4967-b1ff-cd66c14e42d7,0.93,0.9300
2025-01-07 15:22:10.473134+00:00,200,200.00,7,0.0700,0.93,yes,KXFEDDECISION-25JAN-H0,60cd886c-93e1-4476-9cdd-e633b270e6e9,0.93,0.9300
2025-01-07 15:22:10.473134+00:00,290,290.00,7,0.0700,0.93,yes,KXFEDDECISION-25JAN-H0,69433783-030e-46a5-938b-1c5db5224129,0.93,0.9300
2025-01-07 15:22:10.473134+00:00,500,500.00,7,0.0700,0.93,yes,KXFEDDECISION-25JAN-H0,7a4c31cb-cc48-4658-960e-7ced77c23bdf,0.93,0.9300
2025-01-07 15:22:10.473134+00:00,114,114.00,7,0.0700,0.93,yes,KXFEDDECISION-25JAN-H0,b5985ae4-d33f-4491-9c25-bf60d0bcd2fc,0.93,0.9300
2025-01-07 15:22:10.473134+00:00,217,217.00,7,0.0700,0.93,yes,KXFEDDECISION-25JAN-H0,c4126404-c808-47f8-a377-24ff2e0c11b6,0.93,0.9300
2025-01-07 15:22:10.473134+00:00,94,94.00,7,0.0700,0.93,yes,KXFEDDECISION-25JAN-H0,e0ee9177-6b04-4ca6-942b-32ce8bfab6f0,0.93,0.9300
2025-01-07 15:22:10.473134+00:00,222,222.00,7,0.0700,0.93,yes,KXFEDDECISION-25JAN-H0,7a10b2f6-72c9-4cb5-b111-7f0f8cc56b2a,0.93,0.9300
2025-01-07 15:33:54.867114+00:00,21,21.00,7,0.0700,0.93,yes,KXFEDDECISION-25JAN-H0,1f80e1aa-ca22-4384-9909-cbb3c06aaf72,0.93,0.9300
2025-01-07 15:52:24.719244+00:00,938,938.00,7,0.0700,0.93,yes,KXFEDDECISION-25JAN-H0,9e4c9a8e-c6cb-4741-bbfe-5ecff086fad5,0.93,0.9300
2025-01-07 16:49:16.665677+00:00,100,100.00,6,0.0600,0.94,yes,KXFEDDECISION-25JAN-H0,cf17af8c-3430-4002-b7f5-93f23b93ed2c,0.94,0.9400
2025-01-07 17:29:40.582729+00:00,100,100.00,6,0.0600,0.94,yes,KXFEDDECISION-25JAN-H0,a3726720-0d01-4b25-b18b-a04fd12a2b25,0.94,0.9400
2025-01-07 17:30:18.363295+00:00,21,21.00,6,0.0600,0.94,yes,KXFEDDECISION-25JAN-H0,380ce1da-994d-4013-bcb4-0f9009792fdb,0.94,0.9400
2025-01-07 17:30:18.363295+00:00,100,100.00,6,0.0600,0.94,yes,KXFEDDECISION-25JAN-H0,338a0d91-044e-4078-b8b8-5cf350005ba0,0.94,0.9400
2025-01-07 17:36:39.104560+00:00,79,79.00,6,0.0600,0.94,no,KXFEDDECISION-25JAN-H0,2e77fd10-ed91-4911-a7a5-74d86dc4524f,0.94,0.9400
2025-01-07 17:36:39.104560+00:00,100,100.00,6,0.0600,0.94,no,KXFEDDECISION-25JAN-H0,05512d25-c036-4238-9eee-dc979d99bbcf,0.94,0.9400
2025-01-07 18:11:19.443801+00:00,105,105.00,6,0.0600,0.94,yes,KXFEDDECISION-25JAN-H0,60cc10eb-4622-474f-91d3-5a9d3d2bb66e,0.94,0.9400
2025-01-07 19:30:10.931368+00:00,105,105.00,6,0.0600,0.94,yes,KXFEDDECISION-25JAN-H0,3b01bbfd-1402-4b7d-8ad8-a4046a7b298c,0.94,0.9400
2025-01-07 20:56:14.900712+00:00,92,92.00,6,0.0600,0.94,yes,KXFEDDECISION-25JAN-H0,8ff01190-d0a4-48df-8cd1-38082af81c39,0.94,0.9400
2025-01-07 21:20:06.663582+00:00,5,5.00,6,0.0600,0.94,yes,KXFEDDECISION-25JAN-H0,6617aebf-3e38-4ea8-a29d-a957882591ab,0.94,0.9400
2025-01-07 21:21:23.470567+00:00,14,14.00,6,0.0600,0.94,yes,KXFEDDECISION-25JAN-H0,44dc48bd-35d9-47be-938b-d6ef9888be08,0.94,0.9400
2025-01-07 21:21:23.470567+00:00,86,86.00,6,0.0600,0.94,yes,KXFEDDECISION-25JAN-H0,69fb8e28-5ef2-4c5d-9e34-ad7c404af004,0.94,0.9400
2025-01-07 21:22:56.259459+00:00,105,105.00,6,0.0600,0.94,yes,KXFEDDECISION-25JAN-H0,eaf15db1-fa98-40ab-9077-0d620901e28d,0.94,0.9400
2025-01-07 21:41:41.563849+00:00,67,67.00,7,0.0700,0.93,no,KXFEDDECISION-25JAN-H0,7b83f7a4-9e1f-4fd8-9154-25d26a611de3,0.93,0.9300
2025-01-07 22:16:06.957447+00:00,40,40.00,7,0.0700,0.93,no,KXFEDDECISION-25JAN-H0,837f4d0b-f1cf-49bd-a2f5-077f4197e0aa,0.93,0.9300
2025-01-07 23:17:26.299213+00:00,9,9.00,7,0.0700,0.93,no,KXFEDDECISION-25JAN-H0,78685d2e-6a91-42b0-aa48-9d2da3317230,0.93,0.9300
2025-01-07 23:45:13.804298+00:00,133,133.00,6,0.0600,0.94,yes,KXFEDDECISION-25JAN-H0,06fa7eef-a192-45f7-93db-24788e4bb410,0.94,0.9400
2025-01-07 23:45:13.804298+00:00,400,400.00,6,0.0600,0.94,yes,KXFEDDECISION-25JAN-H0,50bf7475-6e76-4089-a47f-ca1b867f5ae2,0.94,0.9400
2025-01-07 23:45:13.804298+00:00,1467,1467.00,6,0.0600,0.94,yes,KXFEDDECISION-25JAN-H0,d69f326e-7270-42af-91a2-de1146de8b7d,0.94,0.9400
2025-01-07 23:48:38.778534+00:00,5000,5000.00,6,0.0600,0.94,yes,KXFEDDECISION-25JAN-H0,a25a4fdc-f144-48b2-8d15-89007484c9cd,0.94,0.9400
2025-01-08 01:32:27.658195+00:00,54,54.00,7,0.0700,0.93,no,KXFEDDECISION-25JAN-H0,f16d5f8f-8b65-4859-bb98-47cad7f7f270,0.93,0.9300
2025-01-08 01:34:02.862718+00:00,14,14.00,7,0.0700,0.93,no,KXFEDDECISION-25JAN-H0,1a2575bc-d1a7-4025-b6fd-93749d626881,0.93,0.9300
2025-01-08 01:41:36.964632+00:00,52,52.00,6,0.0600,0.94,yes,KXFEDDECISION-25JAN-H0,7631f551-3960-4b1e-a32e-5efedef22531,0.94,0.9400
2025-01-08 02:51:08.586853+00:00,50,50.00,7,0.0700,0.93,no,KXFEDDECISION-25JAN-H0,4ef768be-eb2b-480d-8f04-b3689f979815,0.93,0.9300
2025-01-08 02:51:08.586853+00:00,21,21.00,7,0.0700,0.93,no,KXFEDDECISION-25JAN-H0,80b6f71d-4b80-405a-b917-e484813b0754,0.93,0.9300
2025-01-08 02:51:08.586853+00:00,200,200.00,7,0.0700,0.93,no,KXFEDDECISION-25JAN-H0,908bebc9-10bc-4b3d-b7bd-92df57e17ebb,0.93,0.9300
2025-01-08 02:51:08.586853+00:00,383,383.00,7,0.0700,0.93,no,KXFEDDECISION-25JAN-H0,beacb031-f5da-407b-b2cd-169878afb387,0.93,0.9300
2025-01-08 02:51:08.586853+00:00,586,586.00,7,0.0700,0.93,no,KXFEDDECISION-25JAN-H0,d434ceb6-af26-418c-992d-471e7b3715f4,0.93,0.9300
2025-01-08 02:51:08.586853+00:00,100,100.00,7,0.0700,0.93,no,KXFEDDECISION-25JAN-H0,2e541d94-153a-46e4-a6af-c8000c497808,0.93,0.9300
2025-01-08 02:54:59.385621+00:00,8,8.00,7,0.0700,0.93,no,KXFEDDECISION-25JAN-H0,d74c2ea4-709d-47f0-8e17-da07400e9f04,0.93,0.9300
2025-01-08 02:56:16.415197+00:00,58,58.00,7,0.0700,0.93,no,KXFEDDECISION-25JAN-H0,c297f9d2-f09a-475e-a79f-67fecfde3826,0.93,0.9300
2025-01-08 02:56:16.415197+00:00,536,536.00,8,0.0800,0.92,no,KXFEDDECISION-25JAN-H0,1f947db7-e399-4986-b4ce-9a1dcbf66c54,0.92,0.9200
2025-01-08 03:07:04.900443+00:00,3,3.00,6,0.0600,0.94,yes,KXFEDDECISION-25JAN-H0,ab9ccf68-1044-45c5-8ef8-ce63a0fd5b4f,0.94,0.9400
2025-01-08 03:09:51.127244+00:00,2750,2750.00,6,0.0600,0.94,yes,KXFEDDECISION-25JAN-H0,915f3438-6f45-45c2-ade8-7645d49c1d0d,0.94,0.9400
2025-01-08 03:10:02.944773+00:00,200,200.00,6,0.0600,0.94,yes,KXFEDDECISION-25JAN-H0,f9e6cc2a-8b67-4b64-a74e-fc3bf8a6ae89,0.94,0.9400
2025-01-08 03:10:02.944773+00:00,260,260.00,6,0.0600,0.94,yes,KXFEDDECISION-25JAN-H0,dd39db36-758c-48e0-8f8e-b5c0a642c8a9,0.94,0.9400
2025-01-08 03:10:02.944773+00:00,252,252.00,6,0.0600,0.94,yes,KXFEDDECISION-25JAN-H0,ba2ed01e-6115-41a5-a57f-5470a1b9691e,0.94,0.9400
2025-01-08 03:10:02.944773+00:00,129,129.00,6,0.0600,0.94,yes,KXFEDDECISION-25JAN-H0,b6a74819-ebe4-4c12-88ce-995fc0f3544f,0.94,0.9400
2025-01-08 03:10:02.944773+00:00,200,200.00,6,0.0600,0.94,yes,KXFEDDECISION-25JAN-H0,ae53dfe9-9c01-452b-bcfd-acc304c75a5b,0.94,0.9400
2025-01-08 03:10:02.944773+00:00,727,727.00,6,0.0600,0.94,yes,KXFEDDECISION-25JAN-H0,7f96ac62-a369-4626-9e57-126f1bf308ed,0.94,0.9400
2025-01-08 03:10:02.944773+00:00,25,25.00,6,0.0600,0.94,yes,KXFEDDECISION-25JAN-H0,5f803422-e3ba-49e0-b5c0-6bb8b9d767f1,0.94,0.9400
2025-01-08 03:10:02.944773+00:00,100,100.00,6,0.0600,0.94,yes,KXFEDDECISION-25JAN-H0,27c7d156-de85-4f37-9da8-7617a640b28d,0.94,0.9400
2025-01-08 03:10:02.944773+00:00,206,206.00,6,0.0600,0.94,yes,KXFEDDECISION-25JAN-H0,19aa8969-e8fe-425b-b1d9-e47e4478f503,0.94,0.9400
2025-01-08 03:10:02.944773+00:00,156,156.00,6,0.0600,0.94,yes,KXFEDDECISION-25JAN-H0,0fab106e-f5b5-4dbf-8659-1689a5415853,0.94,0.9400
2025-01-08 03:10:02.944773+00:00,67,67.00,6,0.0600,0.94,yes,KXFEDDECISION-25JAN-H0,0bc87dc7-c165-405b-8962-b56b7e285936,0.94,0.9400
2025-01-08 03:10:02.944773+00:00,175,175.00,6,0.0600,0.94,yes,KXFEDDECISION-25JAN-H0,0250b08a-6af0-4deb-a886-853e091f5ee3,0.94,0.9400
2025-01-08 03:10:02.944773+00:00,150,150.00,6,0.0600,0.94,yes,KXFEDDECISION-25JAN-H0,2c884c43-5af2-4ea1-9f0b-7ecaf417148d,0.94,0.9400
2025-01-08 04:25:04.500959+00:00,200,200.00,6,0.0600,0.94,no,KXFEDDECISION-25JAN-H0,5967d4b2-1707-43e8-a0e9-5f3052241b11,0.94,0.9400
2025-01-08 04:25:04.500959+00:00,190,190.00,6,0.0600,0.94,no,KXFEDDECISION-25JAN-H0,bbf70d4d-0246-4255-bb7e-b53edc7fdc69,0.94,0.9400
2025-01-08 14:27:39.716653+00:00,146,146.00,6,0.0600,0.94,no,KXFEDDECISION-25JAN-H0,867169e2-96db-49d4-b06f-69b6af0fa8d5,0.94,0.9400
2025-01-08 14:27:39.716653+00:00,10,10.00,6,0.0600,0.94,no,KXFEDDECISION-25JAN-H0,3d455ff4-94a6-4410-9cc4-cd4823eae9de,0.94,0.9400
2025-01-08 15:40:06.079085+00:00,1000,1000.00,6,0.0600,0.94,no,KXFEDDECISION-25JAN-H0,470bed46-a323-40b2-b9de-22d498ef2bde,0.94,0.9400
2025-01-08 17:08:24.485210+00:00,25,25.00,6,0.0600,0.94,no,KXFEDDECISION-25JAN-H0,78048420-cbba-4967-8ffb-5f9f0de968cc,0.94,0.9400
2025-01-08 17:19:53.862257+00:00,50,50.00,6,0.0600,0.94,no,KXFEDDECISION-25JAN-H0,d164be8c-3d40-4add-a260-a5562e796ace,0.94,0.9400
2025-01-08 17:42:50.161565+00:00,11,11.00,6,0.0600,0.94,no,KXFEDDECISION-25JAN-H0,2fc602e0-f478-4fe2-8112-bc617b72de5f,0.94,0.9400
2025-01-08 18:47:10.926685+00:00,390,390.00,6,0.0600,0.94,no,KXFEDDECISION-25JAN-H0,65d8e460-86ce-4b5f-a621-a943756b9613,0.94,0.9400
2025-01-08 19:47:46.875992+00:00,1000,1000.00,5,0.0500,0.95,yes,KXFEDDECISION-25JAN-H0,0cbe3d6f-999a-4f35-acc2-185e91d7b23f,0.95,0.9500
2025-01-08 23:38:29.130814+00:00,52,52.00,5,0.0500,0.95,yes,KXFEDDECISION-25JAN-H0,2cafec93-a552-4048-b3c0-e8a381a8d46b,0.95,0.9500
2025-01-08 23:47:12.094791+00:00,27,27.00,6,0.0600,0.94,no,KXFEDDECISION-25JAN-H0,4d4ac9ef-89d6-4060-9e72-670744156b41,0.94,0.9400
2025-01-09 00:00:51.131182+00:00,524,524.00,5,0.0500,0.95,yes,KXFEDDECISION-25JAN-H0,136b3e94-049b-401b-a3fa-7ad289d8bfee,0.95,0.9500
2025-01-09 00:21:30.247344+00:00,8,8.00,6,0.0600,0.94,no,KXFEDDECISION-25JAN-H0,c1230af4-f743-468a-a572-4577552312c6,0.94,0.9400
2025-01-09 00:37:42.419818+00:00,419,419.00,5,0.0500,0.95,yes,KXFEDDECISION-25JAN-H0,eb73f83b-b40a-43b2-a8db-d9cb93443120,0.95,0.9500
2025-01-09 02:18:50.263401+00:00,100,100.00,6,0.0600,0.94,no,KXFEDDECISION-25JAN-H0,7b0d32a9-ceca-442c-900c-0ae0a7ec1d61,0.94,0.9400
2025-01-09 14:43:05.818045+00:00,100,100.00,5,0.0500,0.95,yes,KXFEDDECISION-25JAN-H0,854d82da-2894-4567-ae31-1e1c74d48bc5,0.95,0.9500
2025-01-09 22:17:36.889347+00:00,31,31.00,6,0.0600,0.94,no,KXFEDDECISION-25JAN-H0,8e06b8be-25e8-414d-b237-cd21703563e6,0.94,0.9400
2025-01-10 00:56:00.240724+00:00,93,93.00,6,0.0600,0.94,no,KXFEDDECISION-25JAN-H0,5b978158-53f8-4e00-bf35-cee3622deae6,0.94,0.9400
2025-01-10 01:13:00.122831+00:00,905,905.00,5,0.0500,0.95,yes,KXFEDDECISION-25JAN-H0,2e41b1e1-9b16-469f-a86b-adc889df4315,0.95,0.9500
2025-01-10 01:13:00.122831+00:00,95,95.00,5,0.0500,0.95,yes,KXFEDDECISION-25JAN-H0,951525c7-f4c0-4cd5-8c0a-cff9c0db98b0,0.95,0.9500
2025-01-10 03:12:38.736348+00:00,105,105.00,5,0.0500,0.95,yes,KXFEDDECISION-25JAN-H0,7c9e19ee-0eb9-4ff5-b1c9-a613bc6add86,0.95,0.9500
2025-01-10 03:12:38.736348+00:00,2038,2038.00,5,0.0500,0.95,yes,KXFEDDECISION-25JAN-H0,8f6a8398-bd0a-4db6-8860-099e27c61533,0.95,0.9500
2025-01-10 03:48:43.525842+00:00,156,156.00,6,0.0600,0.94,no,KXFEDDECISION-25JAN-H0,3dc1697c-9ec2-4820-91d7-ce45912150ae,0.94,0.9400
2025-01-10 04:09:06.401360+00:00,3,3.00,5,0.0500,0.95,yes,KXFEDDECISION-25JAN-H0,777bbb23-0993-49f8-8c9c-681888a02571,0.95,0.9500
2025-01-10 05:20:05.077973+00:00,200,200.00,5,0.0500,0.95,yes,KXFEDDECISION-25JAN-H0,e0403f7a-cfca-4197-9608-1efc98b1b145,0.95,0.9500
2025-01-10 05:50:57.192091+00:00,194,194.00,6,0.0600,0.94,no,KXFEDDECISION-25JAN-H0,4ccab8ec-0be2-4ea2-9e06-c0a60fdaa56f,0.94,0.9400
2025-01-10 06:16:47.212663+00:00,3,3.00,5,0.0500,0.95,yes,KXFEDDECISION-25JAN-H0,ffa95c7a-28ea-4e6f-a761-f0a780a02c74,0.95,0.9500
2025-01-10 06:18:31.839417+00:00,2,2.00,5,0.0500,0.95,yes,KXFEDDECISION-25JAN-H0,5d7bd717-0167-44af-a621-d3c08d1d537b,0.95,0.9500
2025-01-10 13:28:54.238396+00:00,15,15.00,6,0.0600,0.94,no,KXFEDDECISION-25JAN-H0,929ee732-486e-4440-a3ec-c2b38e1a5840,0.94,0.9400
2025-01-10 13:30:13.832696+00:00,2000,2000.00,5,0.0500,0.95,yes,KXFEDDECISION-25JAN-H0,f911bd29-8086-49df-aefa-b2757e5f95d9,0.95,0.9500
2025-01-10 13:30:13.832696+00:00,50,50.00,5,0.0500,0.95,yes,KXFEDDECISION-25JAN-H0,f644e98a-ae7d-46d1-be8d-8c947f2f564d,0.95,0.9500
2025-01-10 13:30:13.832696+00:00,100,100.00,5,0.0500,0.95,yes,KXFEDDECISION-25JAN-H0,efdaf3fc-22ac-487d-bba8-41186ae30689,0.95,0.9500
2025-01-10 13:30:13.832696+00:00,100,100.00,5,0.0500,0.95,yes,KXFEDDECISION-25JAN-H0,e758e434-5339-4f5b-929d-874171fe0305,0.95,0.9500
2025-01-10 13:30:13.832696+00:00,200,200.00,5,0.0500,0.95,yes,KXFEDDECISION-25JAN-H0,dbd45306-9fac-44d3-a46d-801f2e540eba,0.95,0.9500
2025-01-10 13:30:13.832696+00:00,25,25.00,5,0.0500,0.95,yes,KXFEDDECISION-25JAN-H0,c9292972-b9e5-4ff1-881c-d801b6aa855f,0.95,0.9500
2025-01-10 13:30:13.832696+00:00,118,118.00,5,0.0500,0.95,yes,KXFEDDECISION-25JAN-H0,cfca6920-5416-4340-a342-c275952959ab,0.95,0.9500
2025-01-10 13:30:13.832696+00:00,100,100.00,5,0.0500,0.95,yes,KXFEDDECISION-25JAN-H0,cf64996e-2799-4b8a-ac61-60e1e78523c0,0.95,0.9500
2025-01-10 13:30:13.832696+00:00,143,143.00,5,0.0500,0.95,yes,KXFEDDECISION-25JAN-H0,f9bc210a-03b3-4e33-ac15-abac9a954e4f,0.95,0.9500
2025-01-10 13:30:13.832696+00:00,250,250.00,5,0.0500,0.95,yes,KXFEDDECISION-25JAN-H0,c6fb7c8b-9414-4314-9d43-632ed72498c5,0.95,0.9500
2025-01-10 13:30:13.832696+00:00,6,6.00,5,0.0500,0.95,yes,KXFEDDECISION-25JAN-H0,6ca30482-aa6e-44af-862a-8d0d7f700edc,0.95,0.9500
2025-01-10 13:30:13.832696+00:00,138,138.00,5,0.0500,0.95,yes,KXFEDDECISION-25JAN-H0,b9439e22-c781-4977-9c7f-2b06de188da3,0.95,0.9500
2025-01-10 13:30:13.832696+00:00,206,206.00,5,0.0500,0.95,yes,KXFEDDECISION-25JAN-H0,a4b54d0d-ce9e-454d-92d9-5087a0308fab,0.95,0.9500
2025-01-10 13:30:13.832696+00:00,194,194.00,5,0.0500,0.95,yes,KXFEDDECISION-25JAN-H0,930bde30-c5b5-4a86-a8ce-18e5267e7ad2,0.95,0.9500
2025-01-10 13:30:13.832696+00:00,194,194.00,5,0.0500,0.95,yes,KXFEDDECISION-25JAN-H0,7930370d-4a79-48ec-b41e-170dbbf49a96,0.95,0.9500
2025-01-10 13:30:13.832696+00:00,200,200.00,5,0.0500,0.95,yes,KXFEDDECISION-25JAN-H0,fdbc021e-224e-4408-af54-11c24626ced4,0.95,0.9500
2025-01-10 13:30:13.832696+00:00,106,106.00,5,0.0500,0.95,yes,KXFEDDECISION-25JAN-H0,2921f6e8-cba2-4c28-a958-cbbc07e38191,0.95,0.9500
2025-01-10 13:30:13.832696+00:00,2000,2000.00,5,0.0500,0.95,yes,KXFEDDECISION-25JAN-H0,2345262d-edc5-4674-a0ec-6567e2968aaa,0.95,0.9500
2025-01-10 13:30:13.832696+00:00,200,200.00,5,0.0500,0.95,yes,KXFEDDECISION-25JAN-H0,21753809-ad78-421c-84df-4656ffa9560b,0.95,0.9500
2025-01-10 13:30:13.832696+00:00,6,6.00,5,0.0500,0.95,yes,KXFEDDECISION-25JAN-H0,08683982-5009-43d9-aef4-c3e73daa0f8d,0.95,0.9500
2025-01-10 13:30:13.832696+00:00,52,52.00,5,0.0500,0.95,yes,KXFEDDECISION-25JAN-H0,0564733e-ad59-4047-b48b-21547b8c8db8,0.95,0.9500
2025-01-10 13:30:13.832696+00:00,50,50.00,5,0.0500,0.95,yes,KXFEDDECISION-25JAN-H0,c6b1c697-7a1f-46d0-89b2-78699a011dd3,0.95,0.9500
2025-01-10 13:30:13.832696+00:00,200,200.00,5,0.0500,0.95,yes,KXFEDDECISION-25JAN-H0,65b150b9-5a08-4678-a708-950b61726422,0.95,0.9500
2025-01-10 13:30:40.818306+00:00,200,200.00,4,0.0400,0.96,yes,KXFEDDECISION-25JAN-H0,f904f55a-8c53-42fc-a4ac-4a14b6186466,0.96,0.9600
2025-01-10 13:30:40.818306+00:00,800,800.00,4,0.0400,0.96,yes,KXFEDDECISION-25JAN-H0,a3401e5c-2593-4189-8089-f70a9d9f7ad9,0.96,0.9600
2025-01-10 13:31:09.813189+00:00,200,200.00,4,0.0400,0.96,yes,KXFEDDECISION-25JAN-H0,633be27e-f7cb-4852-af61-1674c9cae998,0.96,0.9600
2025-01-10 13:32:45.989043+00:00,118,118.00,3,0.0300,0.97,yes,KXFEDDECISION-25JAN-H0,2f809a31-e989-4603-b450-df4d7aa5c206,0.97,0.9700
2025-01-10 13:32:45.989043+00:00,155,155.00,3,0.0300,0.97,yes,KXFEDDECISION-25JAN-H0,b435b195-072b-4c78-9dab-c57a18a9c72f,0.97,0.9700
2025-01-10 13:32:45.989043+00:00,200,200.00,3,0.0300,0.97,yes,KXFEDDECISION-25JAN-H0,032b5499-5ea2-46f7-9320-472cdc736b47,0.97,0.9700
2025-01-10 13:32:45.989043+00:00,200,200.00,3,0.0300,0.97,yes,KXFEDDECISION-25JAN-H0,83c6ad78-94e4-4e5c-a633-e77352f31850,0.97,0.9700
2025-01-10 13:32:45.989043+00:00,727,727.00,3,0.0300,0.97,yes,KXFEDDECISION-25JAN-H0,869aba51-8284-4481-afef-966fd543a5f2,0.97,0.9700
2025-01-10 13:33:04.985685+00:00,100,100.00,2,0.0200,0.98,yes,KXFEDDECISION-25JAN-H0,92eeb122-faf1-4c0a-aab7-e26423fa604c,0.98,0.9800
2025-01-10 13:39:57.774574+00:00,121,121.00,2,0.0200,0.98,yes,KXFEDDECISION-25JAN-H0,243289a3-01ba-42ad-8ab3-0652a789ce70,0.98,0.9800
2025-01-10 13:39:57.774574+00:00,9879,9879.00,2,0.0200,0.98,yes,KXFEDDECISION-25JAN-H0,80386ac1-f7c8-4570-b852-52071d80685f,0.98,0.9800
2025-01-10 13:56:25.580684+00:00,10000,10000.00,3,0.0300,0.97,yes,KXFEDDECISION-25JAN-H0,91cc1e32-83ba-483e-a48d-be12e49e59da,0.97,0.9700
2025-01-10 13:57:59.090284+00:00,187,187.00,3,0.0300,0.97,no,KXFEDDECISION-25JAN-H0,0b4aeaa5-4c21-43a8-a31c-2fe386bbd9a6,0.97,0.9700
2025-01-10 14:04:36.203036+00:00,800,800.00,3,0.0300,0.97,no,KXFEDDECISION-25JAN-H0,b8f8ef39-1ee6-42d4-926c-a06ca5dea01d,0.97,0.9700
2025-01-10 14:05:18.126963+00:00,10121,10121.00,2,0.0200,0.98,yes,KXFEDDECISION-25JAN-H0,26eab50c-e083-48a7-a844-7a3b66f394ce,0.98,0.9800
2025-01-10 14:05:18.126963+00:00,41118,41118.00,2,0.0200,0.98,yes,KXFEDDECISION-25JAN-H0,521eafbb-ae3d-45eb-9619-370a33e37061,0.98,0.9800
2025-01-10 14:05:18.126963+00:00,400,400.00,2,0.0200,0.98,yes,KXFEDDECISION-25JAN-H0,7033f8f6-37e1-4ec8-9997-1867451ab304,0.98,0.9800
2025-01-10 14:05:18.126963+00:00,10000,10000.00,2,0.0200,0.98,yes,KXFEDDECISION-25JAN-H0,7d8548be-9b15-4a51-b4c0-33555fda5224,0.98,0.9800
2025-01-10 14:24:40.008554+00:00,100,100.00,3,0.0300,0.97,no,KXFEDDECISION-25JAN-H0,6626e0f0-9988-4be0-899c-d7a2ef2b3b0f,0.97,0.9700
2025-01-10 14:34:49.869117+00:00,21,21.00,3,0.0300,0.97,no,KXFEDDECISION-25JAN-H0,8c132bce-a08d-4776-994f-25cfb1ab24c9,0.97,0.9700
2025-01-10 15:08:42.419754+00:00,312,312.00,3,0.0300,0.97,no,KXFEDDECISION-25JAN-H0,4e2fa8b3-7070-4814-b018-542c131afeb7,0.97,0.9700
2025-01-10 15:21:05.510032+00:00,93,93.00,3,0.0300,0.97,no,KXFEDDECISION-25JAN-H0,7e5bd3b8-676c-456b-83c3-fa0d014b2ade,0.97,0.9700
2025-01-10 15:47:58.374842+00:00,1,1.00,3,0.0300,0.97,no,KXFEDDECISION-25JAN-H0,923391eb-4c88-45f4-9938-d2bb755b4d5e,0.97,0.9700
2025-01-10 16:37:54.557653+00:00,47,47.00,3,0.0300,0.97,no,KXFEDDECISION-25JAN-H0,e5c1162f-b0ea-42c1-898f-a334f8e7011d,0.97,0.9700
2025-01-10 17:37:38.465416+00:00,993,993.00,3,0.0300,0.97,no,KXFEDDECISION-25JAN-H0,6693585d-0563-4c64-8238-91b5e81be71b,0.97,0.9700
2025-01-10 19:04:53.336905+00:00,27,27.00,3,0.0300,0.97,no,KXFEDDECISION-25JAN-H0,5f1bd69a-5be4-4428-a05a-3c16ddf26dcb,0.97,0.9700
2025-01-10 20:40:19.603837+00:00,100,100.00,2,0.0200,0.98,yes,KXFEDDECISION-25JAN-H0,baff7764-7a67-4ce6-8e90-3118d88a1d82,0.98,0.9800
2025-01-10 20:40:19.603837+00:00,3900,3900.00,2,0.0200,0.98,yes,KXFEDDECISION-25JAN-H0,fec9c1b2-3937-48a2-97ea-b5c708e49fb2,0.98,0.9800
2025-01-10 22:52:29.609099+00:00,312,312.00,3,0.0300,0.97,no,KXFEDDECISION-25JAN-H0,8d4cdf52-10e2-4ba0-8a46-624f6aa9cce0,0.97,0.9700
2025-01-11 00:46:47.963123+00:00,341,341.00,2,0.0200,0.98,no,KXFEDDECISION-25JAN-H0,0b0168ec-f314-4ed6-8566-8f9777bfc746,0.98,0.9800
2025-01-11 02:34:55.933471+00:00,3121,3121.00,3,0.0300,0.97,no,KXFEDDECISION-25JAN-H0,9eaf1860-6819-4ba4-8d68-e12278618090,0.97,0.9700
2025-01-11 02:38:31.026044+00:00,3027,3027.00,3,0.0300,0.97,no,KXFEDDECISION-25JAN-H0,07548ccd-b99a-4cb3-851a-89469dcbc0b6,0.97,0.9700
2025-01-11 02:38:31.026044+00:00,94,94.00,3,0.0300,0.97,no,KXFEDDECISION-25JAN-H0,92c0f544-cbfe-4252-8a2c-a176e2002368,0.97,0.9700
2025-01-11 04:45:18.381525+00:00,92,92.00,1,0.0100,0.99,yes,KXFEDDECISION-25JAN-H0,bb9e3a0a-02e8-4310-90f1-43461c14703d,0.99,0.9900
2025-01-11 04:45:18.381525+00:00,8,8.00,1,0.0100,0.99,yes,KXFEDDECISION-25JAN-H0,cf1c46a5-a73e-4cb2-b26d-9fc3323b3d8b,0.99,0.9900
2025-01-11 05:14:21.601290+00:00,55,55.00,2,0.0200,0.98,no,KXFEDDECISION-25JAN-H0,a44267ba-3331-4ef0-a45f-f23e6d6dcd06,0.98,0.9800
2025-01-11 05:44:55.471519+00:00,100,100.00,2,0.0200,0.98,no,KXFEDDECISION-25JAN-H0,e156b705-936a-4184-adaf-52bca5d2e288,0.98,0.9800
2025-01-11 14:15:04.926221+00:00,45,45.00,2,0.0200,0.98,no,KXFEDDECISION-25JAN-H0,6f87fd62-93bd-4665-8bc5-d13314d4998c,0.98,0.9800
2025-01-11 14:15:04.926221+00:00,94,94.00,2,0.0200,0.98,no,KXFEDDECISION-25JAN-H0,15f28e35-c67e-4652-b361-63cfa223b0e7,0.98,0.9800
2025-01-11 14:15:16.453773+00:00,114,114.00,2,0.0200,0.98,no,KXFEDDECISION-25JAN-H0,9df4face-980c-437b-b41c-50ecb219e2be,0.98,0.9800
2025-01-11 14:32:39.799364+00:00,75,75.00,2,0.0200,0.98,no,KXFEDDECISION-25JAN-H0,87daa05a-6601-4ed3-9f62-62e3666b9beb,0.98,0.9800
2025-01-11 14:32:39.799364+00:00,92,92.00,2,0.0200,0.98,no,KXFEDDECISION-25JAN-H0,736396a6-2707-43f6-80eb-f9b86487a4af,0.98,0.9800
2025-01-11 14:32:39.799364+00:00,300,300.00,2,0.0200,0.98,no,KXFEDDECISION-25JAN-H0,a93f4731-3b1d-46df-95fc-ea0c63054964,0.98,0.9800
2025-01-11 19:08:11.262437+00:00,80,80.00,2,0.0200,0.98,no,KXFEDDECISION-25JAN-H0,2e766a0f-95d3-4957-b65d-c6997d7b047e,0.98,0.9800
2025-01-12 00:23:08.856628+00:00,3,3.00,2,0.0200,0.98,no,KXFEDDECISION-25JAN-H0,fb57b5c3-0c1b-4bb8-99d7-c6260a2f0bde,0.98,0.9800
2025-01-12 03:45:00.850494+00:00,100,100.00,1,0.0100,0.99,yes,KXFEDDECISION-25JAN-H0,07313510-f242-4a3c-8e6e-8fb9b61da2ff,0.99,0.9900
2025-01-12 13:00:35.426552+00:00,100,100.00,2,0.0200,0.98,no,KXFEDDECISION-25JAN-H0,51838882-9a45-4560-9ea2-290cb2bd93c6,0.98,0.9800
2025-01-12 13:03:38.375437+00:00,100,100.00,2,0.0200,0.98,no,KXFEDDECISION-25JAN-H0,74251a1d-30ac-43e8-b4e2-8d62fb2581a9,0.98,0.9800
2025-01-12 13:09:02.464924+00:00,100,100.00,2,0.0200,0.98,no,KXFEDDECISION-25JAN-H0,e2ab5fb9-c6cc-40a3-a673-bc9086a54da6,0.98,0.9800
2025-01-12 13:12:13.083452+00:00,100,100.00,2,0.0200,0.98,no,KXFEDDECISION-25JAN-H0,17c7dce4-70d2-41ee-bcd1-722e996032e8,0.98,0.9800
2025-01-12 13:15:00.547761+00:00,100,100.00,2,0.0200,0.98,no,KXFEDDECISION-25JAN-H0,f8296028-c5dd-429b-b443-ce2a2326f096,0.98,0.9800
2025-01-12 13:18:13.906561+00:00,100,100.00,2,0.0200,0.98,no,KXFEDDECISION-25JAN-H0,732eeeba-2d3b-40dc-aa4b-36b0c35363c3,0.98,0.9800
2025-01-12 13:21:09.962155+00:00,100,100.00,2,0.0200,0.98,no,KXFEDDECISION-25JAN-H0,d9c836ea-fbfc-4077-8da9-669105942a07,0.98,0.9800
2025-01-12 13:24:16.408582+00:00,100,100.00,2,0.0200,0.98,no,KXFEDDECISION-25JAN-H0,13659f06-1495-444a-8927-c4a06eb82b1b,0.98,0.9800
2025-01-12 13:27:04.835629+00:00,100,100.00,2,0.0200,0.98,no,KXFEDDECISION-25JAN-H0,8ac435c8-c4ca-4fc3-b7dc-2c50757ad1eb,0.98,0.9800
2025-01-12 13:30:15.877737+00:00,100,100.00,2,0.0200,0.98,no,KXFEDDECISION-25JAN-H0,eadbafc0-0cad-4ca9-bfc1-4ee578b54aa5,0.98,0.9800
2025-01-12 13:33:00.529473+00:00,100,100.00,2,0.0200,0.98,no,KXFEDDECISION-25JAN-H0,96b41d37-0f7e-4698-b11b-d171a9cfae6d,0.98,0.9800
2025-01-12 13:36:14.594781+00:00,100,100.00,2,0.0200,0.98,no,KXFEDDECISION-25JAN-H0,9f60d6a6-770d-4bec-b913-f74c10de85e1,0.98,0.9800
2025-01-12 13:39:06.696107+00:00,100,100.00,2,0.0200,0.98,no,KXFEDDECISION-25JAN-H0,3d289d65-afdb-409a-96cb-7682c866ae44,0.98,0.9800
2025-01-12 13:42:10.583329+00:00,100,100.00,2,0.0200,0.98,no,KXFEDDECISION-25JAN-H0,5cd0fe89-18cc-4480-b9eb-85bb38647dd9,0.98,0.9800
2025-01-12 15:06:42.175456+00:00,100,100.00,2,0.0200,0.98,no,KXFEDDECISION-25JAN-H0,6032d53c-2a16-49a5-8ce6-652e3d5287a2,0.98,0.9800
2025-01-12 15:09:58.888122+00:00,100,100.00,2,0.0200,0.98,no,KXFEDDECISION-25JAN-H0,d63c6228-086b-4ffa-a380-2560312742a1,0.98,0.9800
2025-01-12 15:12:58.534866+00:00,100,100.00,2,0.0200,0.98,no,KXFEDDECISION-25JAN-H0,c2d6732b-dfda-45f2-88e2-a0632cdab2ae,0.98,0.9800
2025-01-12 15:16:08.389549+00:00,100,100.00,2,0.0200,0.98,no,KXFEDDECISION-25JAN-H0,b9c0d169-75c8-406c-a9f7-4e8cbef12497,0.98,0.9800
2025-01-12 15:19:01.547317+00:00,100,100.00,2,0.0200,0.98,no,KXFEDDECISION-25JAN-H0,6512b2c9-a97f-4989-871e-2d0f4c8b0f65,0.98,0.9800
2025-01-12 16:06:28.107678+00:00,100,100.00,2,0.0200,0.98,no,KXFEDDECISION-25JAN-H0,7fb9eba1-4e44-4120-a736-89769d761fa6,0.98,0.9800
2025-01-12 16:09:25.111354+00:00,100,100.00,2,0.0200,0.98,no,KXFEDDECISION-25JAN-H0,e5cb78f0-a2e3-47a7-b86a-63c828a6b202,0.98,0.9800
2025-01-12 16:12:26.119873+00:00,100,100.00,2,0.0200,0.98,no,KXFEDDECISION-25JAN-H0,d31eb660-231d-4382-9e9f-bd18507b122b,0.98,0.9800
2025-01-12 16:15:37.925507+00:00,100,100.00,2,0.0200,0.98,no,KXFEDDECISION-25JAN-H0,e69ff6ca-51e5-4572-9b8e-300340d7b998,0.98,0.9800
2025-01-12 16:18:37.660419+00:00,100,100.00,2,0.0200,0.98,no,KXFEDDECISION-25JAN-H0,6d102a19-4c5b-4793-aaaf-7f58ba5ff28c,0.98,0.9800
2025-01-12 16:21:33.529683+00:00,100,100.00,2,0.0200,0.98,no,KXFEDDECISION-25JAN-H0,c7fdbcc2-272e-4490-b843-06fb84df3217,0.98,0.9800
2025-01-12 16:24:37.009175+00:00,100,100.00,2,0.0200,0.98,no,KXFEDDECISION-25JAN-H0,bb5f6081-67e3-442f-9acc-20fb4a21ae99,0.98,0.9800
2025-01-12 16:27:23.324378+00:00,100,100.00,2,0.0200,0.98,no,KXFEDDECISION-25JAN-H0,013352c3-8c49-4777-9e50-81fb5945eefc,0.98,0.9800
2025-01-12 16:30:38.478443+00:00,100,100.00,2,0.0200,0.98,no,KXFEDDECISION-25JAN-H0,7d98e523-0ea4-4616-872c-913e4964a0ac,0.98,0.9800
2025-01-12 16:46:32.505960+00:00,100,100.00,2,0.0200,0.98,no,KXFEDDECISION-25JAN-H0,b9cd0d2e-6f5f-40c5-bf1b-5a7fe3dbfc80,0.98,0.9800
2025-01-12 17:06:58.332771+00:00,50,50.00,2,0.0200,0.98,no,KXFEDDECISION-25JAN-H0,2c7672c9-8ca5-4aac-8017-de75550790e9,0.98,0.9800
2025-01-12 21:32:38.417844+00:00,128,128.00,2,0.0200,0.98,no,KXFEDDECISION-25JAN-H0,81634b18-df58-4681-bb8c-4daf452d450d,0.98,0.9800
2025-01-12 22:38:08.205553+00:00,20,20.00,2,0.0200,0.98,no,KXFEDDECISION-25JAN-H0,4358e18c-bee1-4f4a-a98c-ffee10098b9a,0.98,0.9800
2025-01-12 23:31:07.153828+00:00,110,110.00,2,0.0200,0.98,no,KXFEDDECISION-25JAN-H0,46332163-26b7-4a36-b5d6-8e27c1b27c31,0.98,0.9800
2025-01-12 23:33:25.661894+00:00,2,2.00,2,0.0200,0.98,no,KXFEDDECISION-25JAN-H0,b0db37e7-2ae7-4164-8536-7ee34acae413,0.98,0.9800
2025-01-13 00:22:49.438125+00:00,1,1.00,1,0.0100,0.99,yes,KXFEDDECISION-25JAN-H0,c550cb12-ca65-46e1-960b-8b3a6f6c8a90,0.99,0.9900
2025-01-13 01:10:10.409275+00:00,278,278.00,2,0.0200,0.98,no,KXFEDDECISION-25JAN-H0,cfa299c2-0daf-403c-835e-3d6650b11688,0.98,0.9800
2025-01-13 13:48:27.418037+00:00,11354,11354.00,2,0.0200,0.98,no,KXFEDDECISION-25JAN-H0,6ce41d75-8507-4d91-9b3a-5743fed4aa5c,0.98,0.9800
2025-01-13 13:48:27.418037+00:00,1973,1973.00,2,0.0200,0.98,no,KXFEDDECISION-25JAN-H0,b88b3287-2a0b-4c05-8e04-c09ffec49aef,0.98,0.9800
2025-01-13 13:48:27.418037+00:00,3000,3000.00,2,0.0200,0.98,no,KXFEDDECISION-25JAN-H0,1cd581a0-8b5d-4e42-8e7d-e1f2e1d58111,0.98,0.9800
2025-01-13 13:48:27.418037+00:00,25,25.00,2,0.0200,0.98,no,KXFEDDECISION-25JAN-H0,7b38f427-58a7-4430-81af-e14b5228e517,0.98,0.9800
2025-01-13 14:31:17.475930+00:00,1000,1000.00,2,0.0200,0.98,yes,KXFEDDECISION-25JAN-H0,5e72e499-a112-4172-a637-cf3f5758be99,0.98,0.9800
2025-01-13 16:47:19.031861+00:00,752,752.00,2,0.0200,0.98,yes,KXFEDDECISION-25JAN-H0,518c0718-1d22-4f6f-9abb-b55e4ed0f2c6,0.98,0.9800
2025-01-13 19:04:47.727195+00:00,55,55.00,3,0.0300,0.97,no,KXFEDDECISION-25JAN-H0,1962942a-04a7-41d0-91d6-747330550f18,0.97,0.9700
2025-01-14 00:18:56.227928+00:00,100,100.00,3,0.0300,0.97,no,KXFEDDECISION-25JAN-H0,48b0ae1b-c2ac-4dc2-8617-d21fd34c5038,0.97,0.9700
2025-01-14 00:30:56.854418+00:00,100,100.00,3,0.0300,0.97,no,KXFEDDECISION-25JAN-H0,708d9e97-a684-4884-9c56-df512b14a538,0.97,0.9700
2025-01-14 01:23:21.383058+00:00,1,1.00,2,0.0200,0.98,yes,KXFEDDECISION-25JAN-H0,50f8ebc9-040a-4f0c-b704-5db68f8989b8,0.98,0.9800
2025-01-14 03:50:51.714800+00:00,100,100.00,3,0.0300,0.97,no,KXFEDDECISION-25JAN-H0,63650c28-e215-4594-a124-5d8ec8598576,0.97,0.9700
2025-01-14 04:52:48.699323+00:00,21,21.00,3,0.0300,0.97,no,KXFEDDECISION-25JAN-H0,88683866-93ab-4586-9662-b5a153d667c2,0.97,0.9700
2025-01-14 05:20:31.454188+00:00,124,124.00,3,0.0300,0.97,no,KXFEDDECISION-25JAN-H0,1dea78bb-541e-439c-a768-78289cc511f5,0.97,0.9700
2025-01-14 05:20:31.454188+00:00,187,187.00,3,0.0300,0.97,no,KXFEDDECISION-25JAN-H0,5a3853d3-90f5-4fd6-a718-cd22f40ef0e3,0.97,0.9700
2025-01-14 16:24:13.862607+00:00,250,250.00,3,0.0300,0.97,no,KXFEDDECISION-25JAN-H0,f960f714-63eb-4c3e-baea-d26ec53e63f1,0.97,0.9700
2025-01-14 18:51:01.988736+00:00,500,500.00,3,0.0300,0.97,no,KXFEDDECISION-25JAN-H0,f948aa62-0fcd-4e78-b298-4ac6ab10f4d8,0.97,0.9700
2025-01-14 19:22:22.147897+00:00,299,299.00,2,0.0200,0.98,yes,KXFEDDECISION-25JAN-H0,81878f76-5b94-4720-b1a7-3c57406ededa,0.98,0.9800
2025-01-14 19:22:22.147897+00:00,88,88.00,2,0.0200,0.98,yes,KXFEDDECISION-25JAN-H0,76c5375f-08ed-4f1d-b64c-a4950ca69b9d,0.98,0.9800
2025-01-14 19:22:22.147897+00:00,13,13.00,2,0.0200,0.98,yes,KXFEDDECISION-25JAN-H0,3af3b42c-442b-4531-82cd-087b8e1a46a1,0.98,0.9800
2025-01-14 19:22:22.147897+00:00,200,200.00,2,0.0200,0.98,yes,KXFEDDECISION-25JAN-H0,600bb062-8935-491d-b3f7-e3d7e401e5ce,0.98,0.9800
2025-01-15 02:16:33.198999+00:00,125,125.00,2,0.0200,0.98,yes,KXFEDDECISION-25JAN-H0,6f8f3d3c-52b0-4280-a38f-7cd18598426a,0.98,0.9800
2025-01-15 03:19:45.625351+00:00,1,1.00,2,0.0200,0.98,yes,KXFEDDECISION-25JAN-H0,d0884439-78bb-4105-ac19-462dbb0c2578,0.98,0.9800
2025-01-15 05:23:06.910153+00:00,87,87.00,2,0.0200,0.98,yes,KXFEDDECISION-25JAN-H0,b0764b33-f15a-417e-a857-ebd34d51388b,0.98,0.9800
2025-01-15 05:28:32.860648+00:00,400,400.00,3,0.0300,0.97,no,KXFEDDECISION-25JAN-H0,f2e8f21f-1a47-4b9d-9c21-d06d9d7ecf1a,0.97,0.9700
2025-01-15 07:27:48.168397+00:00,47,47.00,1,0.0100,0.99,yes,KXFEDDECISION-25JAN-H0,5b2a622e-1135-4969-bdd4-30ef0025a163,0.99,0.9900
2025-01-15 13:41:32.198839+00:00,579,579.00,2,0.0200,0.98,no,KXFEDDECISION-25JAN-H0,fb495600-581a-4ce7-9f3a-1ccfa00418f0,0.98,0.9800
2025-01-15 14:54:02.535526+00:00,312,312.00,1,0.0100,0.99,yes,KXFEDDECISION-25JAN-H0,0f2dc833-50c5-46e3-97b0-f149e45a1613,0.99,0.9900
2025-01-15 14:54:02.535526+00:00,88,88.00,1,0.0100,0.99,yes,KXFEDDECISION-25JAN-H0,9dc502ed-ce99-42c8-a453-a9c444f4a6a9,0.99,0.9900
2025-01-15 14:54:02.535526+00:00,50,50.00,1,0.0100,0.99,yes,KXFEDDECISION-25JAN-H0,a341a802-06ac-43e3-a455-a6d7fb53a04d,0.99,0.9900
2025-01-15 14:54:02.535526+00:00,50,50.00,1,0.0100,0.99,yes,KXFEDDECISION-25JAN-H0,ce667bf5-8f0a-4ff2-8e05-3a2e2e8adfaa,0.99,0.9900
2025-01-15 14:54:02.535526+00:00,200,200.00,1,0.0100,0.99,yes,KXFEDDECISION-25JAN-H0,fa351091-9c89-47ff-a2d0-fa543c3c6c70,0.99,0.9900
2025-01-15 14:54:02.535526+00:00,300,300.00,2,0.0200,0.98,yes,KXFEDDECISION-25JAN-H0,3fcaa73f-d07d-464d-adbd-f4ef93f66330,0.98,0.9800
2025-01-15 14:58:35.678555+00:00,419,419.00,2,0.0200,0.98,no,KXFEDDECISION-25JAN-H0,5abc0427-95b4-4a62-a117-cc5b226e1e58,0.98,0.9800
2025-01-15 23:46:31.573553+00:00,312,312.00,1,0.0100,0.99,yes,KXFEDDECISION-25JAN-H0,9ba4dccf-a003-477e-a399-e7d5fbae3d11,0.99,0.9900
2025-01-16 06:10:54.046595+00:00,100,100.00,2,0.0200,0.98,no,KXFEDDECISION-25JAN-H0,63c51122-5bed-463b-8c28-bc52ecbbb0ce,0.98,0.9800
2025-01-16 14:34:52.966242+00:00,20,20.00,2,0.0200,0.98,no,KXFEDDECISION-25JAN-H0,bab3a689-652e-4f05-9901-4c7e3831bacc,0.98,0.9800
2025-01-16 15:25:13.717542+00:00,14,14.00,1,0.0100,0.99,yes,KXFEDDECISION-25JAN-H0,2d074aef-6f89-42d4-9d33-27a1bf35fa97,0.99,0.9900
2025-01-16 15:35:03.525543+00:00,520,520.00,2,0.0200,0.98,no,KXFEDDECISION-25JAN-H0,98891e47-3c60-47d4-ae44-a2832c818ff9,0.98,0.9800
2025-01-16 15:35:03.525543+00:00,19,19.00,2,0.0200,0.98,no,KXFEDDECISION-25JAN-H0,823dee47-8a54-432e-9442-739be74018a8,0.98,0.9800
2025-01-16 15:35:03.525543+00:00,1461,1461.00,2,0.0200,0.98,no,KXFEDDECISION-25JAN-H0,a148f0c3-ace5-41b3-a7ac-abda99d05d2d,0.98,0.9800
2025-01-16 16:28:15.907358+00:00,2118,2118.00,2,0.0200,0.98,no,KXFEDDECISION-25JAN-H0,7b258107-31f3-4f1f-920a-a00128e23c43,0.98,0.9800
2025-01-16 16:39:01.444834+00:00,100,100.00,2,0.0200,0.98,no,KXFEDDECISION-25JAN-H0,4b761f89-7a7c-4a4f-83a9-b3ec35390b38,0.98,0.9800
2025-01-16 16:42:02.477638+00:00,100,100.00,2,0.0200,0.98,no,KXFEDDECISION-25JAN-H0,c89c096b-1524-4cd7-8452-078c78354f68,0.98,0.9800
2025-01-16 20:58:32.497003+00:00,233,233.00,2,0.0200,0.98,no,KXFEDDECISION-25JAN-H0,a2917310-9370-4b51-9fb5-25dad00f90ba,0.98,0.9800
2025-01-17 17:29:34.414405+00:00,200,200.00,1,0.0100,0.99,yes,KXFEDDECISION-25JAN-H0,49929e86-0d00-406a-a2fe-b41192488a59,0.99,0.9900
2025-01-17 17:29:34.414405+00:00,1100,1100.00,1,0.0100,0.99,yes,KXFEDDECISION-25JAN-H0,4b671982-e45e-4d93-9908-71237db2da10,0.99,0.9900
2025-01-17 17:29:34.414405+00:00,200,200.00,1,0.0100,0.99,yes,KXFEDDECISION-25JAN-H0,abcb1644-7451-41d7-beb3-dcf587a1ad31,0.99,0.9900
2025-01-17 17:29:34.414405+00:00,3027,3027.00,1,0.0100,0.99,yes,KXFEDDECISION-25JAN-H0,d43da45e-597a-4f9a-8baf-7467e12038c1,0.99,0.9900
2025-01-17 17:29:34.414405+00:00,3494,3494.00,1,0.0100,0.99,yes,KXFEDDECISION-25JAN-H0,d667d618-b109-4302-b398-4359e8015773,0.99,0.9900
2025-01-17 18:42:41.023635+00:00,105,105.00,2,0.0200,0.98,no,KXFEDDECISION-25JAN-H0,ee1944a9-4298-438c-a68f-9a8df7b8eb4a,0.98,0.9800
2025-01-17 18:49:02.582064+00:00,1042,1042.00,1,0.0100,0.99,yes,KXFEDDECISION-25JAN-H0,4e314e2a-f77e-4f9b-b9a4-5fe347c12f14,0.99,0.9900
2025-01-17 21:01:07.128721+00:00,1042,1042.00,1,0.0100,0.99,yes,KXFEDDECISION-25JAN-H0,56b33f0e-e94d-4ef6-80da-0e419979b363,0.99,0.9900
2025-01-17 21:09:24.134516+00:00,3125,3125.00,1,0.0100,0.99,yes,KXFEDDECISION-25JAN-H0,7de454ce-a73b-4b66-a825-dd74012993c2,0.99,0.9900
2025-01-18 00:11:20.982426+00:00,108,108.00,2,0.0200,0.98,no,KXFEDDECISION-25JAN-H0,506562e1-4cba-4aa9-8e7c-d7194bdf0681,0.98,0.9800
2025-01-18 01:47:26.839034+00:00,250,250.00,2,0.0200,0.98,no,KXFEDDECISION-25JAN-H0,6992108d-9952-418e-9ff5-efafb90badc9,0.98,0.9800
2025-01-18 05:14:31.291470+00:00,630,630.00,2,0.0200,0.98,no,KXFEDDECISION-25JAN-H0,65d0a61f-2817-444d-ab31-44556274c1ee,0.98,0.9800
2025-01-18 19:16:36.253535+00:00,200,200.00,2,0.0200,0.98,no,KXFEDDECISION-25JAN-H0,3249c747-ef02-4d34-a499-d61a4be74d91,0.98,0.9800
2025-01-18 19:16:36.253535+00:00,3964,3964.00,2,0.0200,0.98,no,KXFEDDECISION-25JAN-H0,04a5ffce-2724-48ec-bda8-23f5adf8ebd1,0.98,0.9800
2025-01-18 19:16:36.253535+00:00,836,836.00,2,0.0200,0.98,no,KXFEDDECISION-25JAN-H0,1778d905-7d66-4390-828b-4a1bbc0d6257,0.98,0.9800
2025-01-19 01:27:40.843724+00:00,1036,1036.00,2,0.0200,0.98,no,KXFEDDECISION-25JAN-H0,67bf1200-d908-43fa-87a5-c36545b8cdfe,0.98,0.9800
2025-01-19 01:27:40.843724+00:00,597,597.00,2,0.0200,0.98,no,KXFEDDECISION-25JAN-H0,e86ecc51-88b8-40af-ba04-717fbf0a0a89,0.98,0.9800
2025-01-19 01:56:49.191714+00:00,178,178.00,2,0.0200,0.98,no,KXFEDDECISION-25JAN-H0,92d06a51-c861-4405-968e-22b651a4d7e4,0.98,0.9800
2025-01-19 02:57:38.827113+00:00,1040,1040.00,2,0.0200,0.98,no,KXFEDDECISION-25JAN-H0,e70ad7b9-d408-477d-9d9f-990e8ffcbda0,0.98,0.9800
2025-01-19 03:13:29.210691+00:00,1,1.00,1,0.0100,0.99,yes,KXFEDDECISION-25JAN-H0,077bac5d-de9e-4a2c-bf6e-c4f91bb31924,0.99,0.9900
2025-01-19 03:19:44.144568+00:00,2782,2782.00,2,0.0200,0.98,no,KXFEDDECISION-25JAN-H0,dfc83477-264c-4b7f-aed6-1a46ae8ffce3,0.98,0.9800
2025-01-19 16:19:30.482069+00:00,403,403.00,2,0.0200,0.98,no,KXFEDDECISION-25JAN-H0,40da3689-852f-414a-84d4-955d986caca6,0.98,0.9800
2025-01-19 16:19:30.482069+00:00,4597,4597.00,2,0.0200,0.98,no,KXFEDDECISION-25JAN-H0,7ea0d2cd-e6cb-459d-ab31-8711bae520ce,0.98,0.9800
2025-01-19 21:08:52.973506+00:00,5,5.00,2,0.0200,0.98,no,KXFEDDECISION-25JAN-H0,f0b49628-c4b5-494f-893c-c082881c57db,0.98,0.9800
2025-01-19 23:14:01.203211+00:00,2000,2000.00,1,0.0100,0.99,yes,KXFEDDECISION-25JAN-H0,6f8d5fd2-bdfa-4887-9ca9-827b72bca941,0.99,0.9900
2025-01-20 00:19:00.341145+00:00,46,46.00,2,0.0200,0.98,no,KXFEDDECISION-25JAN-H0,7b78e7aa-307e-42f3-a285-dda4a170a178,0.98,0.9800
2025-01-20 00:36:57.780958+00:00,352,352.00,2,0.0200,0.98,no,KXFEDDECISION-25JAN-H0,68b041c7-650e-4f7e-9e20-b712d5843718,0.98,0.9800
2025-01-20 00:36:57.780958+00:00,648,648.00,2,0.0200,0.98,no,KXFEDDECISION-25JAN-H0,e11b0856-da33-4d07-af50-8932ea6d27d9,0.98,0.9800
2025-01-20 04:37:03.696928+00:00,1290,1290.00,2,0.0200,0.98,no,KXFEDDECISION-25JAN-H0,f3c38ee9-c3dc-43ba-9b59-42adf1055e36,0.98,0.9800
2025-01-20 06:33:08.628260+00:00,2000,2000.00,2,0.0200,0.98,no,KXFEDDECISION-25JAN-H0,10bdcaad-d13f-4f06-a664-e6a353a08283,0.98,0.9800
2025-01-20 06:33:08.628260+00:00,1444,1444.00,2,0.0200,0.98,no,KXFEDDECISION-25JAN-H0,2804ef90-730b-42cb-9d08-7b823e675040,0.98,0.9800
2025-01-20 06:33:08.628260+00:00,1556,1556.00,2,0.0200,0.98,no,KXFEDDECISION-25JAN-H0,4d5a0a9d-dc0d-4f43-8500-4ff61ef7dc4f,0.98,0.9800
2025-01-20 15:50:11.196832+00:00,112,112.00,2,0.0200,0.98,no,KXFEDDECISION-25JAN-H0,c8019c2e-cdc1-40ff-86d6-52a4ef3daa5d,0.98,0.9800
2025-01-20 16:03:12.069786+00:00,3,3.00,2,0.0200,0.98,no,KXFEDDECISION-25JAN-H0,2019a860-9d3c-4094-bf14-37ee31d5705f,0.98,0.9800
2025-01-20 16:21:36.831956+00:00,1721,1721.00,1,0.0100,0.99,yes,KXFEDDECISION-25JAN-H0,e0cd30ee-e74e-4a10-a653-4705933d3711,0.99,0.9900
2025-01-20 19:15:24.797961+00:00,233,233.00,2,0.0200,0.98,no,KXFEDDECISION-25JAN-H0,16fb0f59-d117-4799-a92d-407c887ae1c4,0.98,0.9800
2025-01-20 19:36:13.761966+00:00,156,156.00,1,0.0100,0.99,yes,KXFEDDECISION-25JAN-H0,25903c1e-ac0b-48c7-8007-1c0f523e98ab,0.99,0.9900
2025-01-20 19:58:56.860100+00:00,107,107.00,2,0.0200,0.98,no,KXFEDDECISION-25JAN-H0,ac4f053e-1fae-4b5c-a9e9-c201e8678699,0.98,0.9800
2025-01-20 20:18:42.748001+00:00,467,467.00,2,0.0200,0.98,no,KXFEDDECISION-25JAN-H0,393e37c4-8035-4bf7-bffc-f2dcc6fbf3ad,0.98,0.9800
2025-01-20 20:48:54.969025+00:00,46,46.00,2,0.0200,0.98,no,KXFEDDECISION-25JAN-H0,f0a8da38-71ec-4e47-b384-8f5c4527c00d,0.98,0.9800
2025-01-20 21:12:03.640805+00:00,467,467.00,1,0.0100,0.99,yes,KXFEDDECISION-25JAN-H0,a28b38f9-dab5-4bec-8bd8-c5fc34ffceb0,0.99,0.9900
2025-01-20 21:29:35.336150+00:00,371,371.00,2,0.0200,0.98,no,KXFEDDECISION-25JAN-H0,84ff7e4b-50d1-4226-a200-4e8694116c87,0.98,0.9800
2025-01-20 21:29:35.336150+00:00,588,588.00,2,0.0200,0.98,no,KXFEDDECISION-25JAN-H0,95027fe5-d073-4b58-ac46-6fd6f52c9605,0.98,0.9800
2025-01-20 21:29:35.336150+00:00,210,210.00,2,0.0200,0.98,no,KXFEDDECISION-25JAN-H0,c83704e7-2123-424c-90b5-eaf1c7f8bd93,0.98,0.9800
2025-01-20 23:17:18.491902+00:00,180,180.00,2,0.0200,0.98,no,KXFEDDECISION-25JAN-H0,c87bbcfd-94eb-4ca5-8305-e13a18744746,0.98,0.9800
2025-01-21 21:01:29.592626+00:00,46,46.00,2,0.0200,0.98,no,KXFEDDECISION-25JAN-H0,7f3295c4-9b6e-4fd3-9a92-18badab4c7a4,0.98,0.9800
2025-01-21 22:10:57.566584+00:00,100,100.00,2,0.0200,0.98,no,KXFEDDECISION-25JAN-H0,6394cf3d-6d2d-4435-a180-823e0343e77e,0.98,0.9800
2025-01-21 22:16:10.956114+00:00,108,108.00,2,0.0200,0.98,no,KXFEDDECISION-25JAN-H0,7d6be1c4-58f3-4eb8-9df6-12de5880a181,0.98,0.9800
2025-01-22 01:02:31.478037+00:00,100,100.00,2,0.0200,0.98,no,KXFEDDECISION-25JAN-H0,583b3783-e079-433b-8c0a-a45e4f36a584,0.98,0.9800
2025-01-22 01:14:00.463560+00:00,50,50.00,2,0.0200,0.98,no,KXFEDDECISION-25JAN-H0,d9b641da-7b60-423b-b8d9-f3e4354287aa,0.98,0.9800
2025-01-22 02:48:29.317077+00:00,1000,1000.00,1,0.0100,0.99,yes,KXFEDDECISION-25JAN-H0,cd24592d-8820-43ee-9bff-62bc90d0ae76,0.99,0.9900
2025-01-22 03:27:51.169903+00:00,500,500.00,1,0.0100,0.99,yes,KXFEDDECISION-25JAN-H0,c58e99d0-9680-4be0-a194-45d459ad836c,0.99,0.9900
2025-01-22 05:26:58.252016+00:00,2118,2118.00,1,0.0100,0.99,yes,KXFEDDECISION-25JAN-H0,9bbb6641-ba64-4ff3-9135-1af9de32e1dd,0.99,0.9900
2025-01-22 06:40:06.334473+00:00,100,100.00,2,0.0200,0.98,no,KXFEDDECISION-25JAN-H0,fc1a6f53-ff63-42bf-ae21-114f2f1a26de,0.98,0.9800
2025-01-22 07:20:03.142193+00:00,13,13.00,2,0.0200,0.98,no,KXFEDDECISION-25JAN-H0,a8a21400-1cb1-432f-9598-01a2271610ef,0.98,0.9800
2025-01-22 13:50:43.788804+00:00,3688,3688.00,1,0.0100,0.99,yes,KXFEDDECISION-25JAN-H0,11106849-2383-4d35-90a1-81af223bd5c2,0.99,0.9900
2025-01-22 14:58:55.740635+00:00,335,335.00,1,0.0100,0.99,yes,KXFEDDECISION-25JAN-H0,684bc334-2adb-485e-a405-eeca0503be63,0.99,0.9900
2025-01-22 15:05:00.830786+00:00,3240,3240.00,1,0.0100,0.99,yes,KXFEDDECISION-25JAN-H0,ec6e4ee0-5a1f-45fe-a11e-92550b8484d7,0.99,0.9900
2025-01-22 15:08:30.498216+00:00,1500,1500.00,1,0.0100,0.99,yes,KXFEDDECISION-25JAN-H0,da462d68-4f85-4993-924d-678c85f0a02c,0.99,0.9900
2025-01-22 16:15:23.553187+00:00,1169,1169.00,1,0.0100,0.99,yes,KXFEDDECISION-25JAN-H0,4d1d0d97-7aea-4e9a-b6dd-6df66217a26e,0.99,0.9900
2025-01-22 17:48:46.810328+00:00,1500,1500.00,1,0.0100,0.99,yes,KXFEDDECISION-25JAN-H0,04cbdfb6-106d-4470-a7f4-6e818370144d,0.99,0.9900
2025-01-22 17:55:15.050920+00:00,1902,1902.00,1,0.0100,0.99,yes,KXFEDDECISION-25JAN-H0,92b60dbc-0d4f-418b-9eef-886640185393,0.99,0.9900
2025-01-22 17:55:15.050920+00:00,98,98.00,1,0.0100,0.99,yes,KXFEDDECISION-25JAN-H0,5cda42e3-c3f3-4bc9-8be5-3ef83d6fca9d,0.99,0.9900
2025-01-22 18:40:25.835555+00:00,1584,1584.00,1,0.0100,0.99,yes,KXFEDDECISION-25JAN-H0,352f61de-8029-4aad-a029-dabf7615f862,0.99,0.9900
2025-01-22 19:05:03.665895+00:00,1000,1000.00,1,0.0100,0.99,yes,KXFEDDECISION-25JAN-H0,716353a4-a58e-4043-8d3c-db0e6126f031,0.99,0.9900
2025-01-22 19:59:09.677925+00:00,1041,1041.00,1,0.0100,0.99,yes,KXFEDDECISION-25JAN-H0,399ac8a9-a7de-4393-b067-96c0e3d6fab8,0.99,0.9900
2025-01-22 19:59:57.965830+00:00,1042,1042.00,1,0.0100,0.99,yes,KXFEDDECISION-25JAN-H0,dc4565ed-32a5-4726-b54c-31f97d972b25,0.99,0.9900
2025-01-22 20:01:49.400156+00:00,135,135.00,1,0.0100,0.99,yes,KXFEDDECISION-25JAN-H0,ff6863c7-11ca-4a7a-8026-869af8e28c9d,0.99,0.9900
2025-01-22 20:01:49.400156+00:00,400,400.00,1,0.0100,0.99,yes,KXFEDDECISION-25JAN-H0,f54733ee-c823-4cf2-9a12-aa7827dbcdf8,0.99,0.9900
2025-01-22 20:01:49.400156+00:00,2931,2931.00,1,0.0100,0.99,yes,KXFEDDECISION-25JAN-H0,33e88c04-58a0-45b1-9c85-08f8633e536e,0.99,0.9900
2025-01-22 20:01:49.400156+00:00,200,200.00,1,0.0100,0.99,yes,KXFEDDECISION-25JAN-H0,4605057c-2375-46ed-9af6-437ed9ca6f3e,0.99,0.9900
2025-01-22 20:01:49.400156+00:00,73,73.00,1,0.0100,0.99,yes,KXFEDDECISION-25JAN-H0,0a9abb54-734c-4093-9a95-00ebe115ac9e,0.99,0.9900
2025-01-22 20:01:49.400156+00:00,200,200.00,1,0.0100,0.99,yes,KXFEDDECISION-25JAN-H0,14183c1b-3219-4fdd-85b2-7da13f974887,0.99,0.9900
2025-01-22 20:01:49.400156+00:00,200,200.00,1,0.0100,0.99,yes,KXFEDDECISION-25JAN-H0,0851a255-d94d-4fc9-9dbc-2fdd01ae28cb,0.99,0.9900
2025-01-22 20:01:49.400156+00:00,400,400.00,1,0.0100,0.99,yes,KXFEDDECISION-25JAN-H0,3b4538fb-e08b-4579-8507-63cc358e2237,0.99,0.9900
2025-01-22 20:01:49.400156+00:00,1600,1600.00,1,0.0100,0.99,yes,KXFEDDECISION-25JAN-H0,0a85e36c-b6f7-40ef-8079-c100d0d80a27,0.99,0.9900
2025-01-22 20:01:49.400156+00:00,112,112.00,1,0.0100,0.99,yes,KXFEDDECISION-25JAN-H0,09269739-0bac-4745-b9ff-c0155d1cc88f,0.99,0.9900
2025-01-22 20:02:33.083739+00:00,681,681.00,1,0.0100,0.99,yes,KXFEDDECISION-25JAN-H0,90ba1aab-442c-4e40-b5a0-52787e83433b,0.99,0.9900
2025-01-22 20:02:33.083739+00:00,1000,1000.00,1,0.0100,0.99,yes,KXFEDDECISION-25JAN-H0,e588a277-f45c-4be0-a3e0-20be23af23ef,0.99,0.9900
2025-01-22 20:02:33.083739+00:00,4000,4000.00,1,0.0100,0.99,yes,KXFEDDECISION-25JAN-H0,18b0cba8-8caa-4e2a-a1a7-d87d97d2b9d9,0.99,0.9900
2025-01-22 20:02:33.083739+00:00,569,569.00,1,0.0100,0.99,yes,KXFEDDECISION-25JAN-H0,ce69adbb-242c-4278-a7e9-aa5eed062929,0.99,0.9900
2025-01-22 20:07:06.289635+00:00,932,932.00,2,0.0200,0.98,no,KXFEDDECISION-25JAN-H0,5c9be09c-3024-4d7d-a063-9c736fe47a2a,0.98,0.9800
2025-01-22 20:07:06.289635+00:00,68,68.00,2,0.0200,0.98,no,KXFEDDECISION-25JAN-H0,d5884f5a-d08c-4229-aca7-6e357a680b76,0.98,0.9800
2025-01-22 20:13:10.196406+00:00,70,70.00,1,0.0100,0.99,yes,KXFEDDECISION-25JAN-H0,2b7a2d46-9bda-46cb-9245-126d5c2caa2d,0.99,0.9900
2025-01-22 20:13:10.196406+00:00,47,47.00,1,0.0100,0.99,yes,KXFEDDECISION-25JAN-H0,71f07aed-968b-4ca3-a554-6115f45217b1,0.99,0.9900
2025-01-22 20:13:10.196406+00:00,326,326.00,1,0.0100,0.99,yes,KXFEDDECISION-25JAN-H0,8f6fbc5a-f09c-4479-afbd-61e944215d62,0.99,0.9900
2025-01-22 20:13:10.196406+00:00,1000,1000.00,1,0.0100,0.99,yes,KXFEDDECISION-25JAN-H0,cc6a1b8d-c05f-4733-b4cf-8c7ab88f76f5,0.99,0.9900
2025-01-22 20:54:52.230979+00:00,500,500.00,1,0.0100,0.99,no,KXFEDDECISION-25JAN-H0,8f039266-1546-4c12-8e9c-29fed207ada6,0.99,0.9900
2025-01-22 20:54:52.230979+00:00,183,183.00,1,0.0100,0.99,no,KXFEDDECISION-25JAN-H0,c5f6cb17-742e-4d9f-b9b8-0d12019a3677,0.99,0.9900
2025-01-22 21:07:17.678908+00:00,4,4.00,1,0.0100,0.99,no,KXFEDDECISION-25JAN-H0,d6a966b6-ce8b-4617-830d-3d7ae9e4953e,0.99,0.9900
2025-01-22 23:07:05.829026+00:00,889,889.00,1,0.0100,0.99,no,KXFEDDECISION-25JAN-H0,f4f7c8e3-32fb-458f-8564-7fa0d4a5903d,0.99,0.9900
2025-01-23 00:25:52.728024+00:00,2000,2000.00,1,0.0100,0.99,no,KXFEDDECISION-25JAN-H0,db214f6e-594f-4b7e-b786-7cf4cc35b459,0.99,0.9900
2025-01-23 00:27:50.263718+00:00,1000,1000.00,1,0.0100,0.99,no,KXFEDDECISION-25JAN-H0,4997e0a1-1943-4d0a-b00a-2673be73ee9c,0.99,0.9900
2025-01-23 00:29:07.119335+00:00,1000,1000.00,1,0.0100,0.99,no,KXFEDDECISION-25JAN-H0,33d6a499-c3bd-4720-98c3-3d6c380ec69d,0.99,0.9900
2025-01-23 05:07:25.168066+00:00,5,5.00,1,0.0100,0.99,no,KXFEDDECISION-25JAN-H0,0f4a8ae1-8c60-4613-becd-c826d6b5bf70,0.99,0.9900
2025-01-23 16:30:07.147540+00:00,423,423.00,1,0.0100,0.99,no,KXFEDDECISION-25JAN-H0,69e9b1da-3945-4849-9d19-156dd83d6907,0.99,0.9900
2025-01-23 18:43:16.369250+00:00,467,467.00,1,0.0100,0.99,no,KXFEDDECISION-25JAN-H0,1113c9e8-4991-4ed6-a052-1038b0f6dfa2,0.99,0.9900
2025-01-23 20:23:59.456979+00:00,7,7.00,1,0.0100,0.99,no,KXFEDDECISION-25JAN-H0,5e09aec3-98e3-4d9d-92b5-f09547138418,0.99,0.9900
2025-01-23 20:23:59.456979+00:00,1005,1005.00,1,0.0100,0.99,no,KXFEDDECISION-25JAN-H0,648ace83-a64b-471d-8901-38ddeda3ff3c,0.99,0.9900
2025-01-23 20:23:59.456979+00:00,8000,8000.00,1,0.0100,0.99,no,KXFEDDECISION-25JAN-H0,79800bee-ecb4-4d41-8e1d-73a13ca6bff2,0.99,0.9900
2025-01-23 20:23:59.456979+00:00,20000,20000.00,1,0.0100,0.99,no,KXFEDDECISION-25JAN-H0,b7ce0674-53de-482f-9975-62c39f845089,0.99,0.9900
2025-01-23 20:23:59.456979+00:00,25000,25000.00,1,0.0100,0.99,no,KXFEDDECISION-25JAN-H0,553001e2-5be2-4ada-836d-2fd9a49e4a8a,0.99,0.9900
2025-01-23 20:42:00.750660+00:00,3900,3900.00,1,0.0100,0.99,yes,KXFEDDECISION-25JAN-H0,c5f2bffe-8950-4ecf-b68f-bb3294e62fb7,0.99,0.9900
2025-01-23 20:43:31.453194+00:00,59,59.00,1,0.0100,0.99,no,KXFEDDECISION-25JAN-H0,dab5ead3-736b-475d-a4df-29a9471c81cc,0.99,0.9900
2025-01-23 21:22:47.827682+00:00,100,100.00,1,0.0100,0.99,no,KXFEDDECISION-25JAN-H0,cb498ae3-18e0-479c-bbe7-8384139eba84,0.99,0.9900
2025-01-23 21:42:07.486192+00:00,1,1.00,1,0.0100,0.99,no,KXFEDDECISION-25JAN-H0,6af47c33-49eb-4f9f-9a1a-806d6d3f8f0f,0.99,0.9900
2025-01-23 21:49:18.022667+00:00,252,252.00,1,0.0100,0.99,no,KXFEDDECISION-25JAN-H0,69cf0de2-b3f3-457a-afd0-f38a94503d7e,0.99,0.9900
2025-01-24 00:34:06.176520+00:00,19,19.00,1,0.0100,0.99,no,KXFEDDECISION-25JAN-H0,1a9d38d5-a47b-4e64-990f-9b20e1d4c22b,0.99,0.9900
2025-01-24 03:34:06.438670+00:00,4488,4488.00,1,0.0100,0.99,no,KXFEDDECISION-25JAN-H0,fb154663-213a-4582-806c-a28f5015e330,0.99,0.9900
2025-01-24 07:19:53.630339+00:00,4000,4000.00,1,0.0100,0.99,no,KXFEDDECISION-25JAN-H0,1d115b94-05d9-4a3d-b2eb-40a0f9de7126,0.99,0.9900
2025-01-24 14:08:07.021178+00:00,1,1.00,1,0.0100,0.99,no,KXFEDDECISION-25JAN-H0,38ccc9b3-72d9-48d1-8529-962e6bcb217c,0.99,0.9900
2025-01-24 14:21:33.533380+00:00,41192,41192.00,1,0.0100,0.99,no,KXFEDDECISION-25JAN-H0,4c87c602-b8ee-469a-933a-250782efa50d,0.99,0.9900
2025-01-24 14:33:17.663279+00:00,50,50.00,2,0.0200,0.98,no,KXFEDDECISION-25JAN-H0,760ebc99-90ea-427d-9062-584e7d16a85a,0.98,0.9800
2025-01-24 14:40:28.653508+00:00,7000,7000.00,1,0.0100,0.99,yes,KXFEDDECISION-25JAN-H0,08025c83-69b1-4f52-a3bf-56eb6135923b,0.99,0.9900
2025-01-24 17:42:49.316843+00:00,23,23.00,2,0.0200,0.98,no,KXFEDDECISION-25JAN-H0,4f2acd6a-1a54-43ac-bb04-ce0c60d8f848,0.98,0.9800
2025-01-24 18:59:25.259974+00:00,467,467.00,2,0.0200,0.98,no,KXFEDDECISION-25JAN-H0,464da6b4-9776-4bec-8571-5c7989ac59e4,0.98,0.9800
2025-01-24 19:49:42.429653+00:00,467,467.00,2,0.0200,0.98,no,KXFEDDECISION-25JAN-H0,e4729472-6f64-440c-b068-7557b5e430bb,0.98,0.9800
2025-01-24 21:49:29.428307+00:00,925,925.00,2,0.0200,0.98,no,KXFEDDECISION-25JAN-H0,460ed4f8-09d9-406f-ae62-11263de420ea,0.98,0.9800
2025-01-24 21:49:29.428307+00:00,1000,1000.00,2,0.0200,0.98,no,KXFEDDECISION-25JAN-H0,5a5eb3aa-0046-4a08-aafa-e86c31b7ff3a,0.98,0.9800
2025-01-24 21:49:29.428307+00:00,367,367.00,2,0.0200,0.98,no,KXFEDDECISION-25JAN-H0,8f1a2484-e3a2-47b7-8131-b63c292986ec,0.98,0.9800
2025-01-24 21:53:19.846445+00:00,1633,1633.00,2,0.0200,0.98,no,KXFEDDECISION-25JAN-H0,23438d3f-080c-442e-a754-c26eb4cba0e3,0.98,0.9800
2025-01-24 21:53:19.846445+00:00,238,238.00,2,0.0200,0.98,no,KXFEDDECISION-25JAN-H0,5e92e9b2-d5c0-43c1-89ed-630aebc8c95a,0.98,0.9800
2025-01-24 22:13:46.719115+00:00,21,21.00,2,0.0200,0.98,no,KXFEDDECISION-25JAN-H0,f84ef3b8-ded6-43c4-98db-1704f6d38978,0.98,0.9800
2025-01-24 22:34:43.637933+00:00,73,73.00,2,0.0200,0.98,no,KXFEDDECISION-25JAN-H0,efb456c4-b7a9-4e48-88d2-25249b466c9a,0.98,0.9800
2025-01-24 22:34:43.637933+00:00,2500,2500.00,2,0.0200,0.98,no,KXFEDDECISION-25JAN-H0,ae32deb2-8074-4d7d-a2ce-87a484093551,0.98,0.9800
2025-01-24 22:34:43.637933+00:00,2241,2241.00,2,0.0200,0.98,no,KXFEDDECISION-25JAN-H0,8d1601a4-737e-4ffb-a91c-11b9b4f4a545,0.98,0.9800
2025-01-24 22:53:22.341149+00:00,750,750.00,2,0.0200,0.98,no,KXFEDDECISION-25JAN-H0,7bc86c87-2957-4374-860c-764d62c57ca6,0.98,0.9800
2025-01-24 22:53:40.354286+00:00,1677,1677.00,2,0.0200,0.98,no,KXFEDDECISION-25JAN-H0,3ef8b75c-f1e5-4daa-b93c-0879bf53dd8b,0.98,0.9800
2025-01-24 22:53:40.354286+00:00,2359,2359.00,2,0.0200,0.98,no,KXFEDDECISION-25JAN-H0,d7de4d92-14c3-477d-a10e-aa00f0904784,0.98,0.9800
2025-01-24 22:54:06.987834+00:00,50,50.00,2,0.0200,0.98,no,KXFEDDECISION-25JAN-H0,90c5e1dc-1988-4135-87eb-8c1616d093af,0.98,0.9800
2025-01-25 04:22:09.478635+00:00,4679,4679.00,2,0.0200,0.98,no,KXFEDDECISION-25JAN-H0,f2c0069c-bce9-4f37-aa9d-3784fe76750a,0.98,0.9800
2025-01-25 06:35:19.668662+00:00,23,23.00,2,0.0200,0.98,no,KXFEDDECISION-25JAN-H0,91201862-3144-4b08-9ae1-7b7f48de4841,0.98,0.9800
2025-01-25 18:14:34.053829+00:00,176,176.00,1,0.0100,0.99,yes,KXFEDDECISION-25JAN-H0,d250b442-fe1e-4a7e-9337-1d5d3407f91d,0.99,0.9900
2025-01-25 20:13:28.250284+00:00,21,21.00,2,0.0200,0.98,no,KXFEDDECISION-25JAN-H0,8ba30e65-9840-414c-90d5-b4683ae90a22,0.98,0.9800
2025-01-26 00:50:40.572324+00:00,129,129.00,1,0.0100,0.99,yes,KXFEDDECISION-25JAN-H0,5cb3e843-63a3-4e21-b41e-a8c69bf0ea6f,0.99,0.9900
2025-01-26 02:06:26.557225+00:00,46,46.00,2,0.0200,0.98,no,KXFEDDECISION-25JAN-H0,b1742f4b-2924-4ad3-bee8-adb0221c0cd0,0.98,0.9800
2025-01-26 03:37:59.193424+00:00,28,28.00,2,0.0200,0.98,no,KXFEDDECISION-25JAN-H0,c02bfa11-ef8d-497b-9b21-518ecbcc0b25,0.98,0.9800
2025-01-26 05:36:06.440359+00:00,5,5.00,1,0.0100,0.99,yes,KXFEDDECISION-25JAN-H0,b0d1b011-da46-4afa-90f5-c2a0cbab2910,0.99,0.9900
2025-01-26 06:17:05.869315+00:00,500,500.00,2,0.0200,0.98,no,KXFEDDECISION-25JAN-H0,fa4167ee-3dcc-49dd-bf8d-6815e3eab3a4,0.98,0.9800
2025-01-26 06:17:23.485048+00:00,500,500.00,2,0.0200,0.98,no,KXFEDDECISION-25JAN-H0,bd4283b4-11a7-494c-96dd-94da495b6cd7,0.98,0.9800
2025-01-26 07:24:34.807011+00:00,794,794.00,2,0.0200,0.98,no,KXFEDDECISION-25JAN-H0,a77192c6-0df4-49b6-a3d7-db3da180fd87,0.98,0.9800
2025-01-26 07:24:34.807011+00:00,206,206.00,2,0.0200,0.98,no,KXFEDDECISION-25JAN-H0,ba3992c7-38d5-4374-a90c-1a90f78341a3,0.98,0.9800
2025-01-26 07:41:30.906440+00:00,500,500.00,2,0.0200,0.98,no,KXFEDDECISION-25JAN-H0,554f891e-2b10-4c7d-be14-8b485196a01c,0.98,0.9800
2025-01-26 16:04:52.011154+00:00,8,8.00,2,0.0200,0.98,no,KXFEDDECISION-25JAN-H0,3113cd07-5a96-40c4-952e-eda2ac3010c3,0.98,0.9800
2025-01-26 16:32:52.327417+00:00,30,30.00,2,0.0200,0.98,no,KXFEDDECISION-25JAN-H0,9fbee64a-6329-4178-af28-2a60ed7b1c35,0.98,0.9800
2025-01-26 16:37:45.642221+00:00,15000,15000.00,2,0.0200,0.98,no,KXFEDDECISION-25JAN-H0,a2f8833e-d9d8-4ea9-8832-d321adfa6497,0.98,0.9800
2025-01-26 16:37:45.642221+00:00,500,500.00,2,0.0200,0.98,no,KXFEDDECISION-25JAN-H0,e49fbd47-2242-40a2-ac24-7d6af0dff9f0,0.98,0.9800
2025-01-26 16:37:45.642221+00:00,9256,9256.00,2,0.0200,0.98,no,KXFEDDECISION-25JAN-H0,087451b3-4e59-4cb8-adbf-27f746b52cf9,0.98,0.9800
2025-01-26 16:56:20.964124+00:00,312,312.00,3,0.0300,0.97,no,KXFEDDECISION-25JAN-H0,c6668f32-b999-4865-b0e4-07e4cc482814,0.97,0.9700
2025-01-26 16:57:44.151807+00:00,780,780.00,3,0.0300,0.97,no,KXFEDDECISION-25JAN-H0,f4a1c49b-90b0-44d9-b5dc-b6bec282c148,0.97,0.9700
2025-01-26 16:58:15.887549+00:00,312,312.00,3,0.0300,0.97,no,KXFEDDECISION-25JAN-H0,91d92eb4-8ff8-48ee-bcf6-5610627eb4e9,0.97,0.9700
2025-01-26 18:01:00.953079+00:00,140,140.00,2,0.0200,0.98,no,KXFEDDECISION-25JAN-H0,491f0578-d6a6-4fdf-bc48-912a64e93828,0.98,0.9800
2025-01-26 19:55:10.906971+00:00,250,250.00,2,0.0200,0.98,no,KXFEDDECISION-25JAN-H0,eb56c0c5-9e96-4984-a834-39df0cab5f1a,0.98,0.9800
2025-01-26 21:38:52.714821+00:00,250,250.00,2,0.0200,0.98,no,KXFEDDECISION-25JAN-H0,2aecac7b-e805-4f20-97de-08fa4d3c82eb,0.98,0.9800
2025-01-27 03:01:52.051777+00:00,20,20.00,2,0.0200,0.98,no,KXFEDDECISION-25JAN-H0,9bac90d2-7099-44bd-bcea-6b4f2e4f82b8,0.98,0.9800
2025-01-27 03:10:48.249136+00:00,140,140.00,2,0.0200,0.98,no,KXFEDDECISION-25JAN-H0,a0b98010-ece2-40b9-9003-9f64833dbf33,0.98,0.9800
2025-01-27 03:26:56.619899+00:00,2339,2339.00,2,0.0200,0.98,no,KXFEDDECISION-25JAN-H0,c4319040-c1bb-4a61-a43b-d82372178cf4,0.98,0.9800
2025-01-27 13:00:00.856805+00:00,100,100.00,2,0.0200,0.98,no,KXFEDDECISION-25JAN-H0,2e636a49-9bc9-47d4-a7c0-ba556eb13edb,0.98,0.9800
2025-01-27 13:00:43.296405+00:00,25000,25000.00,2,0.0200,0.98,no,KXFEDDECISION-25JAN-H0,4e02bf6e-c526-4389-a9ad-08a891425d08,0.98,0.9800
2025-01-27 13:00:43.296405+00:00,1761,1761.00,2,0.0200,0.98,no,KXFEDDECISION-25JAN-H0,a23cabc0-24ba-4df4-b689-77d501253f2f,0.98,0.9800
2025-01-27 13:00:43.296405+00:00,296,296.00,2,0.0200,0.98,no,KXFEDDECISION-25JAN-H0,36bc2070-fadc-489c-9c2c-74479cd3830c,0.98,0.9800
2025-01-27 13:00:43.296405+00:00,2000,2000.00,2,0.0200,0.98,no,KXFEDDECISION-25JAN-H0,9364224d-f494-458c-80e2-d948ca8e04a2,0.98,0.9800
2025-01-27 13:47:30.141728+00:00,22,22.00,3,0.0300,0.97,no,KXFEDDECISION-25JAN-H0,aeffb841-1eac-4f05-9835-e77d94082c97,0.97,0.9700
2025-01-27 13:59:29.564855+00:00,59,59.00,3,0.0300,0.97,no,KXFEDDECISION-25JAN-H0,439e867a-f860-435d-b754-2065b51ab6f1,0.97,0.9700
2025-01-27 14:01:32.062594+00:00,100,100.00,3,0.0300,0.97,no,KXFEDDECISION-25JAN-H0,7858a743-856d-4ed1-8a60-7eddfcc0bdc6,0.97,0.9700
2025-01-27 14:18:20.633336+00:00,15,15.00,3,0.0300,0.97,no,KXFEDDECISION-25JAN-H0,e706a6bb-2f4c-4321-9b81-7af5ac0e8860,0.97,0.9700
2025-01-27 14:20:20.662246+00:00,54,54.00,3,0.0300,0.97,no,KXFEDDECISION-25JAN-H0,2f17b706-af5a-4953-90d2-4f10e6f0d523,0.97,0.9700
2025-01-27 14:26:18.782092+00:00,100,100.00,3,0.0300,0.97,no,KXFEDDECISION-25JAN-H0,0aff874a-d548-4484-93ae-dce9b5342fd4,0.97,0.9700
2025-01-27 14:28:34.565273+00:00,93,93.00,3,0.0300,0.97,no,KXFEDDECISION-25JAN-H0,acca53a4-f024-4b1b-b272-06c00ca614f2,0.97,0.9700
2025-01-27 14:31:48.178892+00:00,54,54.00,3,0.0300,0.97,no,KXFEDDECISION-25JAN-H0,fed03e3a-7c6a-4a3e-9866-3951c856e748,0.97,0.9700
2025-01-27 14:31:50.814991+00:00,1,1.00,3,0.0300,0.97,no,KXFEDDECISION-25JAN-H0,24c0593b-674a-4a74-91c7-b46cd2f968cf,0.97,0.9700
2025-01-27 14:33:45.177789+00:00,100,100.00,3,0.0300,0.97,no,KXFEDDECISION-25JAN-H0,1b0ba320-b481-4075-b0ab-e2ded5ee29b9,0.97,0.9700
2025-01-27 15:06:10.475711+00:00,10000,10000.00,2,0.0200,0.98,yes,KXFEDDECISION-25JAN-H0,e91231e2-0aab-46f7-bf1c-08aa0c1c29bf,0.98,0.9800
2025-01-27 15:06:10.475711+00:00,5000,5000.00,2,0.0200,0.98,yes,KXFEDDECISION-25JAN-H0,24470035-88d2-49a6-9884-8f2f6c0b1331,0.98,0.9800
2025-01-27 15:06:10.475711+00:00,18000,18000.00,2,0.0200,0.98,yes,KXFEDDECISION-25JAN-H0,a87b6178-6053-462e-b518-a3850631cf42,0.98,0.9800
2025-01-27 15:18:21.088322+00:00,2646,2646.00,2,0.0200,0.98,yes,KXFEDDECISION-25JAN-H0,71b7374e-8674-4e92-b7de-2da302a7a6fc,0.98,0.9800
2025-01-27 15:20:09.431441+00:00,90,90.00,2,0.0200,0.98,no,KXFEDDECISION-25JAN-H0,fd43d408-919e-42ff-ae68-eddf7db0cb05,0.98,0.9800
2025-01-27 15:22:11.189432+00:00,100,100.00,2,0.0200,0.98,no,KXFEDDECISION-25JAN-H0,37dda6c9-b230-4a9c-845c-acb6c72114b5,0.98,0.9800
2025-01-27 15:22:53.368134+00:00,3646,3646.00,2,0.0200,0.98,no,KXFEDDECISION-25JAN-H0,6bfcd6a5-30d8-49f2-829e-f04a9392c81f,0.98,0.9800
2025-01-27 15:24:14.950183+00:00,100,100.00,2,0.0200,0.98,no,KXFEDDECISION-25JAN-H0,78ae9be6-6918-4835-aa07-c70d2ab9baec,0.98,0.9800
2025-01-27 15:37:47.327035+00:00,100,100.00,2,0.0200,0.98,no,KXFEDDECISION-25JAN-H0,9753d2b8-f9d8-4c19-907e-11f2f83360dd,0.98,0.9800
2025-01-27 15:51:04.133354+00:00,100,100.00,2,0.0200,0.98,no,KXFEDDECISION-25JAN-H0,47843087-2a8c-4759-8080-6d5ba485c936,0.98,0.9800
2025-01-27 16:11:02.350740+00:00,19900,19900.00,2,0.0200,0.98,no,KXFEDDECISION-25JAN-H0,58b0bc3d-d703-4f95-93d0-539d7448adc7,0.98,0.9800
2025-01-27 16:44:49.020391+00:00,305,305.00,2,0.0200,0.98,yes,KXFEDDECISION-25JAN-H0,04501975-ce7d-4355-9ebd-7e926a5d5683,0.98,0.9800
2025-01-27 17:20:24.596646+00:00,2550,2550.00,2,0.0200,0.98,yes,KXFEDDECISION-25JAN-H0,f05176f3-ab86-4180-bcdd-43f6c985bad7,0.98,0.9800
2025-01-27 18:20:02.017448+00:00,312,312.00,3,0.0300,0.97,no,KXFEDDECISION-25JAN-H0,7acc53e7-eac6-40ae-ad98-e28dbe20c923,0.97,0.9700
2025-01-27 20:22:18.491648+00:00,3430,3430.00,2,0.0200,0.98,no,KXFEDDECISION-25JAN-H0,20d0e0d2-c9b4-492c-b7da-21d8569cf245,0.98,0.9800
2025-01-27 23:24:45.427608+00:00,100,100.00,1,0.0100,0.99,yes,KXFEDDECISION-25JAN-H0,90130f0d-588a-447d-ba9f-61f25b62e38b,0.99,0.9900
2025-01-27 23:24:45.427608+00:00,51,51.00,1,0.0100,0.99,yes,KXFEDDECISION-25JAN-H0,df0561a3-b080-4ee8-ae7b-a74e35d57f53,0.99,0.9900
2025-01-28 00:31:57.547870+00:00,93,93.00,2,0.0200,0.98,no,KXFEDDECISION-25JAN-H0,74420430-abbc-4daa-b870-0baaa5400073,0.98,0.9800
2025-01-28 00:43:51.527367+00:00,50,50.00,1,0.0100,0.99,yes,KXFEDDECISION-25JAN-H0,d3e1cf53-11dd-4500-b08c-fd24c529dc81,0.99,0.9900
2025-01-28 01:10:49.525665+00:00,2292,2292.00,2,0.0200,0.98,no,KXFEDDECISION-25JAN-H0,f88de65e-3fe2-4b57-84ca-02208e93259c,0.98,0.9800
2025-01-28 01:19:32.470207+00:00,30,30.00,1,0.0100,0.99,yes,KXFEDDECISION-25JAN-H0,12fb65c4-8d55-4f9e-a2d0-70e54f9aa850,0.99,0.9900
2025-01-28 03:13:41.548160+00:00,1000,1000.00,2,0.0200,0.98,no,KXFEDDECISION-25JAN-H0,76675f7e-0188-48d9-ae1a-1e6d9df35adf,0.98,0.9800
2025-01-28 03:30:59.314749+00:00,100,100.00,1,0.0100,0.99,yes,KXFEDDECISION-25JAN-H0,b525f4e9-1f24-4187-abab-c51c187835d3,0.99,0.9900
2025-01-28 04:54:07.579701+00:00,685,685.00,2,0.0200,0.98,no,KXFEDDECISION-25JAN-H0,bf5846f2-f757-44e2-8f28-50759eba90e5,0.98,0.9800
2025-01-28 04:54:07.579701+00:00,885,885.00,2,0.0200,0.98,no,KXFEDDECISION-25JAN-H0,79eeb9fd-7893-4b66-9002-44654058647f,0.98,0.9800
2025-01-28 05:04:31.701187+00:00,115,115.00,2,0.0200,0.98,no,KXFEDDECISION-25JAN-H0,d955fc8d-cadd-4e8e-89d1-d332774c7033,0.98,0.9800
2025-01-28 05:04:31.701187+00:00,118,118.00,2,0.0200,0.98,no,KXFEDDECISION-25JAN-H0,95b91b97-8a5f-4192-a61e-c21651ff9c7a,0.98,0.9800
2025-01-28 05:07:08.210346+00:00,1000,1000.00,2,0.0200,0.98,no,KXFEDDECISION-25JAN-H0,602a3273-b5d7-4582-8af2-f0fc95ee0432,0.98,0.9800
2025-01-28 06:09:12.458440+00:00,1,1.00,2,0.0200,0.98,no,KXFEDDECISION-25JAN-H0,0d7df789-58ce-4a41-9c49-a03816a08a31,0.98,0.9800
2025-01-28 06:09:12.458440+00:00,5467,5467.00,2,0.0200,0.98,no,KXFEDDECISION-25JAN-H0,b5b99617-8c48-4f66-8842-201bd10a5deb,0.98,0.9800
2025-01-28 06:09:12.458440+00:00,3882,3882.00,2,0.0200,0.98,no,KXFEDDECISION-25JAN-H0,c411f9ab-0b7e-4e7a-b970-36cab5380844,0.98,0.9800
2025-01-28 06:12:11.760711+00:00,113,113.00,2,0.0200,0.98,no,KXFEDDECISION-25JAN-H0,b7c304f4-ad25-4d32-953a-f8f6752482b2,0.98,0.9800
2025-01-28 13:12:07.233580+00:00,252,252.00,1,0.0100,0.99,yes,KXFEDDECISION-25JAN-H0,ceaf6cf2-be8b-47de-85c6-89cfe33e50f5,0.99,0.9900
2025-01-28 13:15:34.197073+00:00,500,500.00,2,0.0200,0.98,no,KXFEDDECISION-25JAN-H0,78f6d56e-0651-4343-98f9-d4d94c8a3fd1,0.98,0.9800
2025-01-28 13:16:38.207024+00:00,250,250.00,2,0.0200,0.98,no,KXFEDDECISION-25JAN-H0,80755f87-b0b9-4e5a-97f4-c25306d90f6c,0.98,0.9800
2025-01-28 13:36:39.790051+00:00,31,31.00,1,0.0100,0.99,yes,KXFEDDECISION-25JAN-H0,2dd5c247-139a-48cc-bbe3-9b6711142540,0.99,0.9900
2025-01-28 13:45:08.870792+00:00,5000,5000.00,2,0.0200,0.98,no,KXFEDDECISION-25JAN-H0,e8ce3464-9c9a-4394-9741-6140458b165e,0.98,0.9800
2025-01-28 13:59:25.329956+00:00,80,80.00,1,0.0100,0.99,yes,KXFEDDECISION-25JAN-H0,a564da45-0122-4264-ad92-ce9b75565691,0.99,0.9900
2025-01-28 14:17:12.263873+00:00,14216,14216.00,1,0.0100,0.99,yes,KXFEDDECISION-25JAN-H0,c3ea3df4-5336-4f98-af48-c1a862922403,0.99,0.9900
2025-01-28 14:17:12.263873+00:00,188,188.00,1,0.0100,0.99,yes,KXFEDDECISION-25JAN-H0,187a24d4-37fa-4155-8e43-ded7f378f64b,0.99,0.9900
2025-01-28 14:17:12.263873+00:00,5000,5000.00,1,0.0100,0.99,yes,KXFEDDECISION-25JAN-H0,215a3eab-8efe-46db-b403-df29f80d0ab8,0.99,0.9900
2025-01-28 14:17:12.263873+00:00,390,390.00,1,0.0100,0.99,yes,KXFEDDECISION-25JAN-H0,b45fb243-f3c1-4da2-8f69-4a99e66a11da,0.99,0.9900
2025-01-28 14:17:12.263873+00:00,206,206.00,1,0.0100,0.99,yes,KXFEDDECISION-25JAN-H0,bef8e3dd-29a8-44a2-ba44-7d25e2cf2323,0.99,0.9900
2025-01-28 14:34:17.881079+00:00,22,22.00,1,0.0100,0.99,yes,KXFEDDECISION-25JAN-H0,8d1cf440-151b-4d41-b0b8-26f89a686d9d,0.99,0.9900
2025-01-28 16:50:01.907280+00:00,1000,1000.00,1,0.0100,0.99,yes,KXFEDDECISION-25JAN-H0,a764f558-f0f7-4a2a-8d2b-6650dec38294,0.99,0.9900
2025-01-28 16:50:01.907280+00:00,7500,7500.00,1,0.0100,0.99,yes,KXFEDDECISION-25JAN-H0,3d2927dc-120f-444f-a58b-9ceb55320cee,0.99,0.9900
2025-01-28 16:50:01.907280+00:00,15254,15254.00,1,0.0100,0.99,yes,KXFEDDECISION-25JAN-H0,ce44df66-920f-4328-808a-309c9948f07e,0.99,0.9900
2025-01-28 17:00:42.631585+00:00,200,200.00,1,0.0100,0.99,yes,KXFEDDECISION-25JAN-H0,10929f68-efaf-4eff-a047-6cf224656329,0.99,0.9900
2025-01-28 17:01:23.995909+00:00,1042,1042.00,1,0.0100,0.99,yes,KXFEDDECISION-25JAN-H0,83ae421a-8976-478b-8f4f-0b08d1cdffd3,0.99,0.9900
2025-01-28 17:11:05.804565+00:00,500,500.00,2,0.0200,0.98,no,KXFEDDECISION-25JAN-H0,8242d8dd-2cc7-46d6-837d-f840b630c9eb,0.98,0.9800
2025-01-28 17:11:05.804565+00:00,8670,8670.00,2,0.0200,0.98,no,KXFEDDECISION-25JAN-H0,ae54b0e0-f13d-4df0-9f07-b89c0389d526,0.98,0.9800
2025-01-28 17:12:02.396589+00:00,1041,1041.00,1,0.0100,0.99,yes,KXFEDDECISION-25JAN-H0,762efc7b-abb6-4879-9b27-4ee106d6425e,0.99,0.9900
2025-01-28 17:12:53.648167+00:00,1042,1042.00,1,0.0100,0.99,yes,KXFEDDECISION-25JAN-H0,d76e02d0-d4c4-4ff0-9870-0c173f61fde5,0.99,0.9900
2025-01-28 18:03:48.698265+00:00,52,52.00,2,0.0200,0.98,no,KXFEDDECISION-25JAN-H0,ecfc7d24-1f3c-4487-8bb8-7eb2dd0e9e53,0.98,0.9800
2025-01-28 18:03:48.698265+00:00,2500,2500.00,1,0.0100,0.99,no,KXFEDDECISION-25JAN-H0,f840b4e8-f349-49c9-b39c-da5ba8dc7d31,0.99,0.9900
2025-01-28 18:03:48.698265+00:00,200,200.00,1,0.0100,0.99,no,KXFEDDECISION-25JAN-H0,28954d9b-7c3f-4758-a21e-11b3778ed4ee,0.99,0.9900
2025-01-28 18:47:23.933083+00:00,6,6.00,1,0.0100,0.99,no,KXFEDDECISION-25JAN-H0,3fc27d96-f690-49e7-a814-1893af10daad,0.99,0.9900
2025-01-28 19:13:08.893389+00:00,2494,2494.00,1,0.0100,0.99,no,KXFEDDECISION-25JAN-H0,ce41cb91-72ff-4429-b627-bc0cddc6a400,0.99,0.9900
2025-01-28 20:40:49.682545+00:00,467,467.00,1,0.0100,0.99,no,KXFEDDECISION-25JAN-H0,dda35c54-2721-47a6-b22e-95a589934688,0.99,0.9900
2025-01-28 21:07:50.442035+00:00,43,43.00,1,0.0100,0.99,no,KXFEDDECISION-25JAN-H0,32b88998-48c9-4df8-b366-71259557ccaf,0.99,0.9900
2025-01-28 21:07:50.442035+00:00,49,49.00,1,0.0100,0.99,no,KXFEDDECISION-25JAN-H0,3fd70b43-5cfc-4a4e-a8d5-a1f77e38ef0b,0.99,0.9900
2025-01-28 21:09:15.635180+00:00,74,74.00,1,0.0100,0.99,no,KXFEDDECISION-25JAN-H0,85572dd4-79b9-448c-9d2c-fba3077075fe,0.99,0.9900
2025-01-28 22:15:31.068777+00:00,93,93.00,1,0.0100,0.99,no,KXFEDDECISION-25JAN-H0,6205e77a-9f47-43c9-bdc9-c651d71e5050,0.99,0.9900
2025-01-28 22:16:49.524130+00:00,1833,1833.00,1,0.0100,0.99,no,KXFEDDECISION-25JAN-H0,37562b44-eec7-4659-81c4-666085808962,0.99,0.9900
2025-01-28 22:48:54.526159+00:00,93,93.00,1,0.0100,0.99,no,KXFEDDECISION-25JAN-H0,91abfda3-3c72-4cc2-940a-a787bf7596ae,0.99,0.9900
2025-01-28 22:56:24.459860+00:00,864,864.00,1,0.0100,0.99,no,KXFEDDECISION-25JAN-H0,c5f9849a-3333-4326-90f9-7f2ed7558e5d,0.99,0.9900
2025-01-28 22:56:24.459860+00:00,136,136.00,1,0.0100,0.99,no,KXFEDDECISION-25JAN-H0,8abba0c6-36c3-4003-aa35-3fb4293ed3d6,0.99,0.9900
2025-01-28 23:33:58.925247+00:00,10,10.00,1,0.0100,0.99,no,KXFEDDECISION-25JAN-H0,47b54054-43d6-457a-b4b7-6fd7490694f8,0.99,0.9900
2025-01-28 23:36:44.077661+00:00,26,26.00,1,0.0100,0.99,no,KXFEDDECISION-25JAN-H0,9b15b7c9-aaaf-4917-846c-aa5aee96c9a9,0.99,0.9900
2025-01-28 23:40:33.952277+00:00,36,36.00,1,0.0100,0.99,no,KXFEDDECISION-25JAN-H0,18ee82ac-8930-4b20-8f4e-a5eaa0cd820b,0.99,0.9900
2025-01-28 23:42:39.783025+00:00,63,63.00,1,0.0100,0.99,no,KXFEDDECISION-25JAN-H0,340a254d-f6c4-49a4-98aa-4e65a1b8a7a6,0.99,0.9900
2025-01-29 00:47:33.610100+00:00,935,935.00,1,0.0100,0.99,no,KXFEDDECISION-25JAN-H0,9433afa7-f6d5-479c-835b-92256f1c0323,0.99,0.9900
2025-01-29 00:53:58.857704+00:00,10000,10000.00,1,0.0100,0.99,no,KXFEDDECISION-25JAN-H0,57102416-7ecd-45df-950b-d45f35e316a2,0.99,0.9900
2025-01-29 00:53:58.857704+00:00,480,480.00,1,0.0100,0.99,no,KXFEDDECISION-25JAN-H0,7d03a23f-fcf7-431f-9b05-14a859c83a6b,0.99,0.9900
2025-01-29 00:53:58.857704+00:00,794,794.00,1,0.0100,0.99,no,KXFEDDECISION-25JAN-H0,f9233e80-77bb-4899-a37b-738246e8eabd,0.99,0.9900
2025-01-29 00:53:58.857704+00:00,3000,3000.00,1,0.0100,0.99,no,KXFEDDECISION-25JAN-H0,c2f81676-e8d3-4a72-a201-56238080369b,0.99,0.9900
2025-01-29 01:26:07.990492+00:00,500,500.00,2,0.0200,0.98,no,KXFEDDECISION-25JAN-H0,09e0d7ab-9f1f-4b3d-b019-755abbda7ea7,0.98,0.9800
2025-01-29 01:56:24.850849+00:00,20,20.00,2,0.0200,0.98,no,KXFEDDECISION-25JAN-H0,46105bd1-3c6d-49c1-a391-2c85b43d4a28,0.98,0.9800
2025-01-29 02:24:43.819123+00:00,72,72.00,1,0.0100,0.99,yes,KXFEDDECISION-25JAN-H0,d0eb26d1-378e-4893-a56b-861fd81bb828,0.99,0.9900
2025-01-29 02:26:44.732585+00:00,467,467.00,2,0.0200,0.98,no,KXFEDDECISION-25JAN-H0,ec7a026f-c662-4268-abab-57070c841e90,0.98,0.9800
2025-01-29 02:41:20.967745+00:00,78,78.00,2,0.0200,0.98,no,KXFEDDECISION-25JAN-H0,fbeccf68-2609-4a69-a204-983fa55c49ef,0.98,0.9800
2025-01-29 02:50:28.892672+00:00,2000,2000.00,2,0.0200,0.98,no,KXFEDDECISION-25JAN-H0,dfb7e1b3-20e7-4cc0-ad75-aa9b578a1202,0.98,0.9800
2025-01-29 03:23:20.431247+00:00,100,100.00,2,0.0200,0.98,no,KXFEDDECISION-25JAN-H0,81063470-dd40-4bab-8b8c-23575fc92623,0.98,0.9800
2025-01-29 03:27:22.461529+00:00,100,100.00,2,0.0200,0.98,no,KXFEDDECISION-25JAN-H0,ad585d7b-b7a9-44ad-b8c4-a0c286a8d793,0.98,0.9800
2025-01-29 05:05:48.589996+00:00,374,374.00,2,0.0200,0.98,no,KXFEDDECISION-25JAN-H0,1f567637-0455-458f-9662-e57000dba396,0.98,0.9800
2025-01-29 05:35:06.921248+00:00,100,100.00,2,0.0200,0.98,no,KXFEDDECISION-25JAN-H0,220cfce8-905d-40cd-a40e-57f68cb334d3,0.98,0.9800
2025-01-29 07:25:50.753561+00:00,1,1.00,2,0.0200,0.98,no,KXFEDDECISION-25JAN-H0,cd2f40b5-44d7-49de-bea3-f929526665d6,0.98,0.9800
2025-01-29 13:00:13.348299+00:00,100,100.00,2,0.0200,0.98,no,KXFEDDECISION-25JAN-H0,14e45be7-8845-4a79-a59d-f80751357f59,0.98,0.9800
2025-01-29 13:35:50.959073+00:00,500,500.00,1,0.0100,0.99,yes,KXFEDDECISION-25JAN-H0,5abf5f6b-ca03-43bf-bb16-2b53cbbf99dc,0.99,0.9900
2025-01-29 13:45:37.058304+00:00,421,421.00,2,0.0200,0.98,no,KXFEDDECISION-25JAN-H0,55a9a155-311b-4d25-9d36-f7e772f57f2b,0.98,0.9800
2025-01-29 13:51:37.102400+00:00,2339,2339.00,2,0.0200,0.98,no,KXFEDDECISION-25JAN-H0,063b4921-b06b-4160-868c-2831bf1fb3dc,0.98,0.9800
2025-01-29 13:56:56.616660+00:00,750,750.00,2,0.0200,0.98,no,KXFEDDECISION-25JAN-H0,7ca938fb-3427-48d0-a5dc-ea36823ae48d,0.98,0.9800
2025-01-29 14:16:37.818807+00:00,5,5.00,2,0.0200,0.98,no,KXFEDDECISION-25JAN-H0,3e120329-ffbc-491f-8679-cc07f189ba8f,0.98,0.9800
2025-01-29 14:17:33.445731+00:00,458,458.00,2,0.0200,0.98,no,KXFEDDECISION-25JAN-H0,118568bf-0ed2-446e-ac14-5ebf2c2e239d,0.98,0.9800
2025-01-29 14:18:50.670835+00:00,50,50.00,2,0.0200,0.98,no,KXFEDDECISION-25JAN-H0,9a69b695-323d-48de-a1cb-b6b2ef0a9829,0.98,0.9800
2025-01-29 14:44:02.421905+00:00,1000,1000.00,1,0.0100,0.99,yes,KXFEDDECISION-25JAN-H0,ebd8cd40-ea32-47f1-9760-f2c4c4418698,0.99,0.9900
2025-01-29 14:51:19.596807+00:00,1000,1000.00,1,0.0100,0.99,yes,KXFEDDECISION-25JAN-H0,113b8f99-f98f-4954-a9b8-ae89a351120b,0.99,0.9900
2025-01-29 14:52:19.345486+00:00,500,500.00,1,0.0100,0.99,yes,KXFEDDECISION-25JAN-H0,f19073e3-fd93-4a1e-9211-abcedcd3dde8,0.99,0.9900
2025-01-29 15:20:24.705582+00:00,93,93.00,1,0.0100,0.99,yes,KXFEDDECISION-25JAN-H0,dff9d2c2-372c-4022-8ae0-f9d8b806c493,0.99,0.9900
2025-01-29 15:21:40.982840+00:00,2,2.00,1,0.0100,0.99,yes,KXFEDDECISION-25JAN-H0,9f4e1fc6-d8ac-4fa9-ab76-461f42e03ab2,0.99,0.9900
2025-01-29 15:57:13.151792+00:00,74,74.00,1,0.0100,0.99,yes,KXFEDDECISION-25JAN-H0,ea53a309-7217-418c-aa73-0b550454a3a4,0.99,0.9900
2025-01-29 15:59:45.053306+00:00,435,435.00,1,0.0100,0.99,yes,KXFEDDECISION-25JAN-H0,5a952f17-3274-416c-a550-6faf0915de2c,0.99,0.9900
2025-01-29 16:41:31.916977+00:00,278,278.00,1,0.0100,0.99,yes,KXFEDDECISION-25JAN-H0,e145a9fc-fa62-4f6b-b718-ea8c922621aa,0.99,0.9900
2025-01-29 16:51:17.980297+00:00,382,382.00,1,0.0100,0.99,yes,KXFEDDECISION-25JAN-H0,72c23d7a-4d4d-4a9b-906b-d127e82bd88f,0.99,0.9900
2025-01-29 16:51:17.980297+00:00,118,118.00,1,0.0100,0.99,yes,KXFEDDECISION-25JAN-H0,6c866e1a-c6e2-46a5-bc3c-fb28a1650f31,0.99,0.9900
2025-01-29 17:00:26.210192+00:00,10,10.00,1,0.0100,0.99,yes,KXFEDDECISION-25JAN-H0,2efa9846-6cc9-49e4-8ff8-b593486961de,0.99,0.9900
2025-01-29 17:11:31.632942+00:00,500,500.00,1,0.0100,0.99,yes,KXFEDDECISION-25JAN-H0,48140795-5e84-467c-ada8-a1606b714de2,0.99,0.9900
2025-01-29 17:14:41.397408+00:00,302,302.00,1,0.0100,0.99,yes,KXFEDDECISION-25JAN-H0,b41582e3-7b4b-4029-a4e3-0ed389da8dd8,0.99,0.9900
2025-01-29 17:19:57.808870+00:00,93,93.00,2,0.0200,0.98,no,KXFEDDECISION-25JAN-H0,c27a4e89-0bca-4bf3-b2ff-685ed47e284b,0.98,0.9800
2025-01-29 17:26:32.162782+00:00,300,300.00,2,0.0200,0.98,no,KXFEDDECISION-25JAN-H0,987ac5fe-e224-4447-b970-0a990f746dd6,0.98,0.9800
2025-01-29 17:35:55.388828+00:00,24,24.00,1,0.0100,0.99,yes,KXFEDDECISION-25JAN-H0,e558c94b-b4b5-4252-bc0e-719084c7b442,0.99,0.9900
2025-01-29 17:53:38.021321+00:00,10000,10000.00,1,0.0100,0.99,yes,KXFEDDECISION-25JAN-H0,c76189ce-5918-4faa-befc-30b7da5e7b8a,0.99,0.9900
2025-01-29 17:54:50.443658+00:00,7500,7500.00,1,0.0100,0.99,yes,KXFEDDECISION-25JAN-H0,405a1a3f-a403-496f-b5ce-5219130b0844,0.99,0.9900
2025-01-29 17:56:20.677060+00:00,10000,10000.00,1,0.0100,0.99,yes,KXFEDDECISION-25JAN-H0,38e58fe1-22bb-4497-871f-b37c4a5d2581,0.99,0.9900
2025-01-29 17:57:04.182671+00:00,10000,10000.00,1,0.0100,0.99,yes,KXFEDDECISION-25JAN-H0,22c24859-fdbf-440a-b168-2c5622dfdf13,0.99,0.9900
2025-01-29 17:58:31.572489+00:00,500,500.00,1,0.0100,0.99,yes,KXFEDDECISION-25JAN-H0,4bd54245-46d5-4505-8ce0-a795d21b655a,0.99,0.9900
2025-01-29 18:04:19.737656+00:00,500,500.00,1,0.0100,0.99,yes,KXFEDDECISION-25JAN-H0,0e0a74e8-3853-4307-bab9-cf71d53c6582,0.99,0.9900
2025-01-29 18:06:06.322702+00:00,12,12.00,1,0.0100,0.99,yes,KXFEDDECISION-25JAN-H0,d45e7dbb-f84e-429e-a0ad-ba7ad7306cc4,0.99,0.9900
2025-01-29 18:10:30.898645+00:00,100,100.00,2,0.0200,0.98,no,KXFEDDECISION-25JAN-H0,7e4772a6-f69a-4f52-838a-0fc8f1e813c3,0.98,0.9800
2025-01-29 18:12:24.768138+00:00,12,12.00,1,0.0100,0.99,yes,KXFEDDECISION-25JAN-H0,7427d858-4f2f-4d8e-b81f-fcdd40a445d6,0.99,0.9900
2025-01-29 18:12:24.768138+00:00,988,988.00,1,0.0100,0.99,yes,KXFEDDECISION-25JAN-H0,f9a66947-6203-4508-baac-571860cf15c9,0.99,0.9900
2025-01-29 18:12:57.487436+00:00,21,21.00,2,0.0200,0.98,no,KXFEDDECISION-25JAN-H0,143545a0-e32d-4156-9810-26774ad8a7bb,0.98,0.9800
2025-01-29 18:16:47.180728+00:00,50,50.00,1,0.0100,0.99,yes,KXFEDDECISION-25JAN-H0,7467a1e2-89c0-44b1-862e-9fd1576c4ded,0.99,0.9900
2025-01-29 18:18:54.394722+00:00,3500,3500.00,1,0.0100,0.99,yes,KXFEDDECISION-25JAN-H0,b1294a69-9b1d-4b2a-b4eb-9e76de566d41,0.99,0.9900
2025-01-29 18:18:54.394722+00:00,25000,25000.00,1,0.0100,0.99,yes,KXFEDDECISION-25JAN-H0,f10fcea3-960b-4bd7-b5cb-6f8d804d18cd,0.99,0.9900
2025-01-29 18:18:54.394722+00:00,9938,9938.00,1,0.0100,0.99,yes,KXFEDDECISION-25JAN-H0,635fcae6-1931-483f-b86b-200ba3a46080,0.99,0.9900
2025-01-29 18:18:59.051239+00:00,100,100.00,1,0.0100,0.99,no,KXFEDDECISION-25JAN-H0,56061261-1b37-4ecd-b1ef-8907618ff3d2,0.99,0.9900
2025-01-29 18:21:47.616286+00:00,100,100.00,1,0.0100,0.99,no,KXFEDDECISION-25JAN-H0,3d4e478f-df77-4044-9da9-359e553afc21,0.99,0.9900
2025-01-29 18:27:47.408977+00:00,300,300.00,1,0.0100,0.99,no,KXFEDDECISION-25JAN-H0,e2901e35-a821-4974-bd80-214e842b7bf5,0.99,0.9900
2025-01-29 18:27:57.431594+00:00,4751,4751.00,1,0.0100,0.99,no,KXFEDDECISION-25JAN-H0,29333962-ce3a-41f6-a6b7-c309af89ef22,0.99,0.9900
2025-01-29 18:27:57.431594+00:00,4600,4600.00,1,0.0100,0.99,no,KXFEDDECISION-25JAN-H0,e7cc0415-901e-49cf-9b31-cf64354d6f25,0.99,0.9900
2025-01-29 18:28:25.827056+00:00,20,20.00,1,0.0100,0.99,no,KXFEDDECISION-25JAN-H0,52d7dec1-e090-49dd-a275-e68be44b98b6,0.99,0.9900
2025-01-29 18:28:41.019745+00:00,198,198.00,1,0.0100,0.99,no,KXFEDDECISION-25JAN-H0,c41b1b2c-d04e-4758-bd7d-fb0c805f9077,0.99,0.9900
2025-01-29 18:30:15.527069+00:00,50,50.00,1,0.0100,0.99,no,KXFEDDECISION-25JAN-H0,4add95ee-efbf-49fe-bc82-ba452887133e,0.99,0.9900
2025-01-29 18:39:03.695780+00:00,200,200.00,1,0.0100,0.99,no,KXFEDDECISION-25JAN-H0,7a638e7b-9a37-4955-8157-ae0402410708,0.99,0.9900
2025-01-29 18:39:11.689107+00:00,100,100.00,1,0.0100,0.99,no,KXFEDDECISION-25JAN-H0,791b9a18-1781-4319-82ce-23b327833ea3,0.99,0.9900
2025-01-29 18:41:06.311200+00:00,30,30.00,1,0.0100,0.99,no,KXFEDDECISION-25JAN-H0,04c0c59b-e546-4de1-8024-32031e2658f3,0.99,0.9900
2025-01-29 18:41:29.969032+00:00,448,448.00,1,0.0100,0.99,no,KXFEDDECISION-25JAN-H0,fefcefaa-21c2-44de-9d01-47c7e5fb493d,0.99,0.9900
2025-01-29 18:42:13.181125+00:00,467,467.00,1,0.0100,0.99,no,KXFEDDECISION-25JAN-H0,345174f2-a180-4ca7-ab2f-fc601679cc23,0.99,0.9900
2025-01-29 18:44:50.429929+00:00,50,50.00,1,0.0100,0.99,no,KXFEDDECISION-25JAN-H0,e98aea36-72da-4ce9-a871-91b358161785,0.99,0.9900
2025-01-29 18:48:29.051624+00:00,2500,2500.00,1,0.0100,0.99,no,KXFEDDECISION-25JAN-H0,71c78ee7-7f77-4207-93db-54a80e97905f,0.99,0.9900
