created_time,count,yes_price,no_price,taker_side,ticker,trade_id
2025-12-02 00:38:42.612255+00:00,15,0.53,0.47,no,KXFEDDECISION-26APR-H0,c9663c97-7493-423e-71f4-2a977d79804c
2025-12-02 00:42:18.217958+00:00,1,0.53,0.47,no,KXFEDDECISION-26APR-H0,2326a7b1-0b42-5b97-40f6-ab2381bc6bdf
2025-12-02 00:42:18.217958+00:00,19,0.53,0.47,no,KXFEDDECISION-26APR-H0,85c380ab-2a96-506a-4153-b2d034c12e96
2025-12-02 03:01:30.474164+00:00,15,0.53,0.47,no,KXFEDDECISION-26APR-H0,36f7fc92-de74-5f37-514c-b89067620eb3
2025-12-02 04:40:21.368683+00:00,47,0.53,0.47,no,KXFEDDECISION-26APR-H0,f3df5a3f-eb3f-7602-5c5e-f655327d380d
2025-12-08 12:01:48.393835+00:00,162,0.6,0.4,yes,KXFEDDECISION-26APR-H0,0db8d565-46e4-5a93-5a8e-8d8e8e8db3aa
2025-12-08 22:13:31.159363+00:00,105,0.39,0.61,no,KXFEDDECISION-26APR-H0,82cc3ac8-69ec-6d44-f16c-ee6e54b44083
2025-12-08 22:13:31.159363+00:00,85,0.4,0.6,no,KXFEDDECISION-26APR-H0,c6ff69de-e5da-6a8a-d6e6-00ef868e41ac
2025-12-08 22:14:52.653542+00:00,500,0.52,0.48,no,KXFEDDECISION-26APR-H0,85981f57-d730-4bfa-c3e1-3715a8ccb3ab
2025-12-10 04:04:51.134772+00:00,15,0.62,0.38,yes,KXFEDDECISION-26APR-H0,0b642b87-f7d0-49b5-8d94-52c5dd88d912
2025-12-13 20:36:39.867460+00:00,100,0.54,0.46,no,KXFEDDECISION-26APR-H0,33367c2c-157b-4dc7-f5d5-e68a8f0265a5
2025-12-13 20:36:39.867460+00:00,62,0.54,0.46,no,KXFEDDECISION-26APR-H0,d7ba5d63-a38a-46fd-cafd-fc69ed486cc6
2025-12-16 09:43:48.221479+00:00,1,0.66,0.34,yes,KXFEDDECISION-26APR-H0,c4bedab2-8450-4752-c0c8-091a0b131c8e
2025-12-23 02:35:24.468830+00:00,95,0.66,0.34,yes,KXFEDDECISION-26APR-H0,2175703a-a939-562a-453a-0186e578ae42
2025-12-23 02:35:24.468830+00:00,5,0.65,0.35,yes,KXFEDDECISION-26APR-H0,4dfb0693-1a03-516a-5f9e-f42a9bd2a3d8
2025-12-31 15:44:13.987868+00:00,15,0.62,0.38,yes,KXFEDDECISION-26APR-H0,7405d4d5-bd41-67c2-1170-0546b4c5956a
2025-12-31 15:44:16.206276+00:00,17,0.62,0.38,yes,KXFEDDECISION-26APR-H0,6d29cdb9-2ea5-5016-b900-ef402897f96e
2025-12-31 15:48:31.772476+00:00,5,0.62,0.38,yes,KXFEDDECISION-26APR-H0,d3e4d988-ed4f-4e97-75fd-cba595e33ebc
2025-12-31 16:00:05.459562+00:00,5,0.62,0.38,yes,KXFEDDECISION-26APR-H0,e48ce35c-656d-6384-e05c-a6dc942273aa
2025-12-31 16:36:17.790136+00:00,5,0.62,0.38,yes,KXFEDDECISION-26APR-H0,55625d9c-a40d-42bc-7f28-ce9184f6866e
2025-12-31 16:47:56.867804+00:00,5,0.62,0.38,yes,KXFEDDECISION-26APR-H0,7e4abc28-a9b8-6f70-ffeb-ab58941f894d
2025-12-31 16:58:51.149640+00:00,5,0.62,0.38,yes,KXFEDDECISION-26APR-H0,57d57586-7548-7426-cb7f-d6cf32b2f865
2025-12-31 17:11:33.434272+00:00,5,0.62,0.38,yes,KXFEDDECISION-26APR-H0,e9d2dc1b-21d7-50f8-9c1c-9c34e9e75d67
2026-01-03 12:34:47.067128+00:00,200,0.65,0.35,yes,KXFEDDECISION-26APR-H0,bc052b76-7c6a-4843-e917-a4a53434f11b
2026-01-03 12:34:47.067128+00:00,5,0.65,0.35,yes,KXFEDDECISION-26APR-H0,bc1d8f79-ec32-4793-c825-75640db37001
2026-01-03 12:34:47.067128+00:00,295,0.67,0.33,yes,KXFEDDECISION-26APR-H0,e0fdce0e-a8ea-4d74-f872-821c5481dace
2026-01-04 06:59:16.070789+00:00,20,0.67,0.33,yes,KXFEDDECISION-26APR-H0,7893155d-2b59-666c-c032-d906a3c875a5
2026-01-04 06:59:16.070789+00:00,80,0.67,0.33,yes,KXFEDDECISION-26APR-H0,e1155cf3-e97a-6698-d7c1-85a65d70ec3f
2026-01-07 01:27:56.719140+00:00,20,0.62,0.38,yes,KXFEDDECISION-26APR-H0,0278fc14-4ce6-41be-e591-0a28a9e0d074
2026-01-07 01:31:51.105081+00:00,9,0.63,0.37,yes,KXFEDDECISION-26APR-H0,8ad6e35b-4a47-6b1d-8382-06c6bd930451
2026-01-07 01:31:51.105081+00:00,9,0.63,0.37,yes,KXFEDDECISION-26APR-H0,a3d1206e-5065-69d5-a61a-2afaa29811be
2026-01-07 01:31:51.105081+00:00,8,0.63,0.37,yes,KXFEDDECISION-26APR-H0,e3b7ccf9-0d70-6f8b-b1bb-ff40ac03cb0f
2026-01-07 18:52:38.089802+00:00,17,0.65,0.35,no,KXFEDDECISION-26APR-H0,61096557-1ec9-5651-ff3b-4e99aa6a9d43
2026-01-07 18:52:38.089802+00:00,17,0.65,0.35,no,KXFEDDECISION-26APR-H0,a2ca3c4e-5a90-5017-e3ef-17544a76e315
2026-01-07 18:52:38.089802+00:00,17,0.65,0.35,no,KXFEDDECISION-26APR-H0,d6a531c4-552d-5e0a-d800-81a268a4777c
2026-01-07 19:10:55.447004+00:00,12,0.65,0.35,no,KXFEDDECISION-26APR-H0,afe36608-f8b9-5002-9f38-d567f3001ec6
2026-01-07 19:10:55.447004+00:00,12,0.65,0.35,no,KXFEDDECISION-26APR-H0,8c4845c2-12dc-57cb-a4e6-2166c7ba433e
2026-01-07 19:10:55.447004+00:00,11,0.65,0.35,no,KXFEDDECISION-26APR-H0,5d047f2e-11ba-5333-916d-7921b672c748
2026-01-08 05:07:24.964060+00:00,1,0.64,0.36,no,KXFEDDECISION-26APR-H0,57fbbc13-93b1-754f-dfbc-b563ef91267e
2026-01-09 13:46:18.206702+00:00,12,0.69,0.31,yes,KXFEDDECISION-26APR-H0,7cc1f3a9-4137-6b6b-4e2f-2f070edea9a5
2026-01-09 13:46:18.206702+00:00,12,0.69,0.31,yes,KXFEDDECISION-26APR-H0,b3dfdc2a-c61a-69be-7a5b-3dbf8ecd2ff2
2026-01-09 13:46:18.206702+00:00,12,0.69,0.31,yes,KXFEDDECISION-26APR-H0,d2488391-4343-6ce3-516b-7d8ee8d4845e
2026-01-09 13:46:18.206702+00:00,104,0.7,0.3,yes,KXFEDDECISION-26APR-H0,f52e5220-7cfa-65b5-73c5-cd0b27214fe6
2026-01-09 14:44:17.189586+00:00,9,0.7,0.3,yes,KXFEDDECISION-26APR-H0,c107d982-a55f-6b00-98d2-2e1521788f9d
2026-01-09 14:44:17.189586+00:00,9,0.7,0.3,yes,KXFEDDECISION-26APR-H0,759b0e2d-6af9-6d6d-97a8-dcce3b35275e
2026-01-09 14:44:17.189586+00:00,10,0.7,0.3,yes,KXFEDDECISION-26APR-H0,a7262e08-cf81-6738-add5-a136b3f51c7c
2026-01-09 14:44:17.189586+00:00,472,0.71,0.29,yes,KXFEDDECISION-26APR-H0,6f25d39a-e260-6389-9ff5-db2ff53d306b
2026-01-11 17:20:56.240011+00:00,100,0.72,0.28,yes,KXFEDDECISION-26APR-H0,c39ed229-cac0-4fb7-632a-ce7e865a6f3e
2026-01-11 21:25:55.620226+00:00,11,0.73,0.27,yes,KXFEDDECISION-26APR-H0,0c096184-596a-43f4-6e8c-8039f28cf9f5
2026-01-11 21:25:55.620226+00:00,11,0.73,0.27,yes,KXFEDDECISION-26APR-H0,5a1fde38-5091-4baf-6b95-7a78fcbf77eb
2026-01-11 21:25:55.620226+00:00,11,0.73,0.27,yes,KXFEDDECISION-26APR-H0,5fcc4687-98a9-4ee3-4ec1-4607b53da0cf
2026-01-13 21:49:55.057430+00:00,1,0.74,0.26,yes,KXFEDDECISION-26APR-H0,450f8a33-b587-523f-0e2e-6221722a392e
2026-01-13 21:49:55.057430+00:00,49,0.74,0.26,yes,KXFEDDECISION-26APR-H0,6999d575-330a-5480-3d65-43b00a6634e4
2026-01-14 23:58:46.744938+00:00,31,0.72,0.28,no,KXFEDDECISION-26APR-H0,1b97f2ef-c9f6-44ac-704f-07b1dd4e267f
2026-01-14 23:58:46.744938+00:00,5,0.71,0.29,no,KXFEDDECISION-26APR-H0,b4f630b0-0fa3-40a8-6d95-32b401831a2b
2026-01-14 23:58:46.744938+00:00,19,0.71,0.29,no,KXFEDDECISION-26APR-H0,2acad472-abce-4c09-4477-3c5627ba4344
2026-01-15 00:10:55.603784+00:00,40,0.65,0.35,no,KXFEDDECISION-26APR-H0,1aea0505-a2fa-6f16-0325-3a2437b2b62e
2026-01-15 00:19:39.609524+00:00,13,0.72,0.28,yes,KXFEDDECISION-26APR-H0,784ddbb3-755b-79e5-067d-a0b7342e0390
2026-01-15 02:12:38.159709+00:00,100,0.73,0.27,yes,KXFEDDECISION-26APR-H0,ee786f4e-33b9-7cbf-d257-2f2be347f86f
2026-01-15 03:45:41.574144+00:00,1,0.73,0.27,yes,KXFEDDECISION-26APR-H0,79d404e9-db73-4a5a-1a5b-4b1a3aba73ae
2026-01-15 06:13:28.034440+00:00,500,0.69,0.31,yes,KXFEDDECISION-26APR-H0,cc316381-2ae1-6d5c-b3e3-5c6648fc9338
2026-01-15 06:30:15.196478+00:00,1,0.74,0.26,yes,KXFEDDECISION-26APR-H0,2552e4bd-1588-6c8d-0083-3b09797529ae
2026-01-15 11:23:21.267046+00:00,904,0.71,0.29,no,KXFEDDECISION-26APR-H0,fde8c593-002a-4c73-39ab-4e204bc34c7c
2026-01-15 11:54:25.357172+00:00,16,0.72,0.28,no,KXFEDDECISION-26APR-H0,684ea6a2-174b-4dd1-7560-7658ba60c30d
2026-01-15 14:46:00.591545+00:00,32,0.74,0.26,yes,KXFEDDECISION-26APR-H0,d4fcff14-3371-7c60-a2e7-87a720ebf44b
2026-01-15 15:18:39.382048+00:00,50,0.75,0.25,yes,KXFEDDECISION-26APR-H0,339f6dd3-cfb4-4939-abc1-028a6b328015
2026-01-15 16:34:24.051785+00:00,3,0.69,0.31,no,KXFEDDECISION-26APR-H0,b65a30a1-a075-739f-3f2b-1f1837813436
2026-01-15 18:25:31.105006+00:00,1,0.74,0.26,no,KXFEDDECISION-26APR-H0,5685d46d-53da-5eee-feb6-6ac8f1211f07
2026-01-15 18:25:31.105006+00:00,15,0.74,0.26,no,KXFEDDECISION-26APR-H0,819e77d2-b468-53f0-e24f-9e42f03adcda
2026-01-15 18:33:41.580364+00:00,100,0.77,0.23,yes,KXFEDDECISION-26APR-H0,54cabe3c-3b8c-4b59-af56-3afaacf0c053
2026-01-15 18:33:41.580364+00:00,500,0.75,0.25,yes,KXFEDDECISION-26APR-H0,a2c696f1-1c00-48e0-9acc-240048d31a98
2026-01-15 18:33:41.580364+00:00,400,0.77,0.23,yes,KXFEDDECISION-26APR-H0,e382fef9-95b6-4c29-8771-4b09a79180da
2026-01-15 18:33:43.996885+00:00,1,0.77,0.23,no,KXFEDDECISION-26APR-H0,26629f3c-844c-449a-d8f1-66f3ab956a33
2026-01-15 19:21:20.797827+00:00,20,0.75,0.25,no,KXFEDDECISION-26APR-H0,f22fdb1c-893e-7e85-dc79-42355eaaf8d8
2026-01-15 19:21:20.797827+00:00,20,0.75,0.25,no,KXFEDDECISION-26APR-H0,54008c17-7335-71b3-f6ea-511af2efcb05
2026-01-15 19:21:20.797827+00:00,20,0.75,0.25,no,KXFEDDECISION-26APR-H0,026bea40-478a-7fe5-fbef-9059e49686ba
2026-01-15 19:21:20.797827+00:00,1,0.75,0.25,no,KXFEDDECISION-26APR-H0,335eca32-8aed-7e46-f156-7a2bc86299c5
2026-01-15 19:38:53.515324+00:00,1,0.75,0.25,no,KXFEDDECISION-26APR-H0,8a446e11-3151-4da4-9937-5a5eb4f4a462
2026-01-15 19:38:53.515324+00:00,9,0.75,0.25,no,KXFEDDECISION-26APR-H0,92d31b53-3ebf-4349-9588-11dacfccd67f
2026-01-15 19:38:53.515324+00:00,9,0.75,0.25,no,KXFEDDECISION-26APR-H0,f51298d6-f1a5-4f72-ab68-40052049864c
2026-01-15 19:38:53.515324+00:00,8,0.75,0.25,no,KXFEDDECISION-26APR-H0,f7a49166-8d97-47a5-b146-96f5e24487d2
2026-01-16 03:02:27.400766+00:00,1,0.7,0.3,no,KXFEDDECISION-26APR-H0,278ae7d0-3b22-617f-a7bd-53f69fbd872d
2026-01-16 05:46:28.595783+00:00,25,0.7,0.3,no,KXFEDDECISION-26APR-H0,f149ae3f-5f81-6bbd-dac7-e0b9eefa4aef
2026-01-16 07:42:35.052905+00:00,10,0.75,0.25,yes,KXFEDDECISION-26APR-H0,34e907ed-d792-73f3-4ea7-008eb8ab22be
2026-01-16 12:48:20.411319+00:00,1,0.73,0.27,yes,KXFEDDECISION-26APR-H0,9fd4a64c-5493-7117-92e0-581ff079f093
2026-01-16 13:48:03.745940+00:00,22,0.73,0.27,yes,KXFEDDECISION-26APR-H0,8eb812ac-7887-731b-39ff-475d17db609b
2026-01-16 14:20:18.956206+00:00,46,0.7,0.3,no,KXFEDDECISION-26APR-H0,80950da7-8bf6-4e37-d667-9fd8d2626417
2026-01-16 14:50:49.038626+00:00,100,0.73,0.27,yes,KXFEDDECISION-26APR-H0,ade97fbe-0eaf-751b-badd-7955f31aae83
2026-01-16 16:11:56.651032+00:00,290,0.71,0.29,no,KXFEDDECISION-26APR-H0,0d480ede-76e2-44f0-01cc-8e29dff9493d
2026-01-16 17:13:39.607044+00:00,10,0.71,0.29,yes,KXFEDDECISION-26APR-H0,396291a8-3dff-7837-d24c-cd8286d3beb0
2026-01-16 17:13:39.607044+00:00,11,0.71,0.29,yes,KXFEDDECISION-26APR-H0,4e5888c5-02e5-7079-f18c-25b169a2706c
2026-01-16 17:13:39.607044+00:00,10,0.71,0.29,yes,KXFEDDECISION-26APR-H0,aff502dd-1ba3-709e-d581-fc54bb534342
2026-01-16 18:55:07.152723+00:00,10,0.73,0.27,yes,KXFEDDECISION-26APR-H0,552cd8b0-6450-4d92-4b3b-3da21d2df9ac
2026-01-17 03:55:17.115715+00:00,318,0.73,0.27,yes,KXFEDDECISION-26APR-H0,cd69a96f-4f82-4e19-63a1-d06f29b713b7
2026-01-17 03:55:17.357489+00:00,20,0.74,0.26,yes,KXFEDDECISION-26APR-H0,95dda977-4bfd-7979-6006-c634dbf776f8
2026-01-17 03:55:17.357489+00:00,20,0.74,0.26,yes,KXFEDDECISION-26APR-H0,81eaedbf-ac5e-7014-4d79-da72c260ddb8
2026-01-17 03:55:17.357489+00:00,20,0.74,0.26,yes,KXFEDDECISION-26APR-H0,621acadd-eee4-7ffd-5916-ddfc65b7dd1e
2026-01-17 11:07:11.298471+00:00,10,0.74,0.26,no,KXFEDDECISION-26APR-H0,d6299378-5dad-5638-60ff-ed9c95f129c8
2026-01-17 11:07:13.525669+00:00,16,0.73,0.27,no,KXFEDDECISION-26APR-H0,281c716d-13a8-7e04-bff7-307dd55b4728
2026-01-17 11:07:13.525669+00:00,12,0.73,0.27,no,KXFEDDECISION-26APR-H0,b48d546b-520e-7942-bb39-4674d674bc89
2026-01-17 17:01:47.870874+00:00,10,0.7,0.3,no,KXFEDDECISION-26APR-H0,b24d8331-e731-5bda-eb6e-1069e01aecee
2026-01-17 17:11:58.609611+00:00,5,0.7,0.3,no,KXFEDDECISION-26APR-H0,585955a4-acce-4080-ca03-210a27504663
2026-01-18 00:39:25.806505+00:00,16,0.73,0.27,yes,KXFEDDECISION-26APR-H0,95bab8b5-4fcd-5f6d-af4d-c09b322d002f
2026-01-18 22:00:15.425714+00:00,15,0.72,0.28,yes,KXFEDDECISION-26APR-H0,978a3c4f-c242-7565-4f86-285ecffffa5b
2026-01-18 22:00:15.425714+00:00,15,0.72,0.28,yes,KXFEDDECISION-26APR-H0,c2b400aa-ba86-7aa3-5f95-09cc991f2cfa
2026-01-18 22:00:15.425714+00:00,87,0.73,0.27,yes,KXFEDDECISION-26APR-H0,45778037-67b2-72a4-6353-d3552cb95909
2026-01-18 22:00:15.425714+00:00,16,0.72,0.28,yes,KXFEDDECISION-26APR-H0,63b54925-5a1a-7075-5603-408bbd2ef0f6
2026-01-19 06:41:50.758678+00:00,1,0.72,0.28,yes,KXFEDDECISION-26APR-H0,4511b183-4875-5f32-0dc8-3897aaf254eb
2026-01-19 08:40:05.859078+00:00,32,0.73,0.27,yes,KXFEDDECISION-26APR-H0,c02c850f-ca38-6d8c-c5a3-ed5584f3a029
2026-01-19 08:40:09.532436+00:00,500,0.73,0.27,no,KXFEDDECISION-26APR-H0,75a44bb2-043c-7884-0d5e-f29c6e4dd5dc
2026-01-19 11:50:58.820697+00:00,10,0.74,0.26,no,KXFEDDECISION-26APR-H0,866c06a5-c2a7-5dc3-3ede-10ee85ec9119
2026-01-19 22:06:45.741318+00:00,10,0.73,0.27,no,KXFEDDECISION-26APR-H0,b4663dae-c1a4-7881-a940-67b952d8d516
2026-01-20 17:23:23.198735+00:00,12,0.74,0.26,no,KXFEDDECISION-26APR-H0,c87fa546-8b2f-5db9-4641-b001dc4e0622
2026-01-22 04:20:45.007614+00:00,5,0.78,0.22,yes,KXFEDDECISION-26APR-H0,67153d6d-8013-5e76-1785-e96c3ed7e324
2026-01-22 13:51:24.225507+00:00,30,0.74,0.26,yes,KXFEDDECISION-26APR-H0,313e7238-b8d8-5723-268d-ff15f339bfdc
2026-01-22 15:40:27.313704+00:00,5,0.73,0.27,yes,KXFEDDECISION-26APR-H0,e05780a3-05f5-7c1f-6f52-c16d68c8a858
2026-01-22 17:08:22.500701+00:00,31,0.73,0.27,yes,KXFEDDECISION-26APR-H0,ca797231-e71b-4825-6e49-5c35c1958512
2026-01-22 17:12:16.784668+00:00,5,0.72,0.28,yes,KXFEDDECISION-26APR-H0,ec8ea17b-e2ce-743d-a66e-e39b611af66f
2026-01-22 17:12:48.902952+00:00,499,0.74,0.26,yes,KXFEDDECISION-26APR-H0,664cebbe-ad4e-5d16-92f4-e69594402705
2026-01-22 17:12:48.902952+00:00,1,0.73,0.27,yes,KXFEDDECISION-26APR-H0,7ea717b3-7943-5b5d-9ca2-09807a9ae12e
2026-01-23 09:23:16.121614+00:00,2,0.72,0.28,no,KXFEDDECISION-26APR-H0,628aa806-f067-45dd-2efc-3a404cf0bd6a
2026-01-23 09:23:16.121614+00:00,2,0.72,0.28,no,KXFEDDECISION-26APR-H0,b6a5a4e7-85ad-4a4f-0dad-5058f929df65
2026-01-23 09:23:16.121614+00:00,32,0.71,0.29,no,KXFEDDECISION-26APR-H0,b758c468-8e31-480b-0f39-308b82bc9568
2026-01-23 09:23:16.121614+00:00,2,0.72,0.28,no,KXFEDDECISION-26APR-H0,dba07616-1794-4b82-022a-59a5a43c9e76
2026-01-23 09:23:16.285644+00:00,8,0.71,0.29,yes,KXFEDDECISION-26APR-H0,19e5e1b8-919e-6a71-6159-33c4d457a478
2026-01-23 09:23:16.509912+00:00,8,0.71,0.29,yes,KXFEDDECISION-26APR-H0,619e6fda-6e2a-7541-aea8-a318682fe64c
2026-01-23 11:52:12.603679+00:00,1,0.72,0.28,yes,KXFEDDECISION-26APR-H0,0b61d806-d9b9-5f15-b2e7-df4242bfd011
2026-01-23 12:11:25.714856+00:00,1,0.72,0.28,yes,KXFEDDECISION-26APR-H0,15fc1601-011d-4903-c271-c622caaf568d
2026-01-23 12:11:25.714856+00:00,499,0.72,0.28,yes,KXFEDDECISION-26APR-H0,7e914db1-da75-4091-fd2c-ce42933b39c1
2026-01-23 12:48:23.550832+00:00,14,0.74,0.26,yes,KXFEDDECISION-26APR-H0,11b99be6-c8ac-4f23-4c4c-4843a2485511
2026-01-23 12:48:23.550832+00:00,1,0.74,0.26,yes,KXFEDDECISION-26APR-H0,64b05f13-f461-4522-4124-a4ab635c40fd
2026-01-23 13:51:06.027661+00:00,185,0.74,0.26,no,KXFEDDECISION-26APR-H0,766b8420-d6f1-7b12-d97d-2f05713c777f
2026-01-23 16:22:02.599559+00:00,1,0.77,0.23,yes,KXFEDDECISION-26APR-H0,79084422-bf1d-5bac-7089-1904c15aab11
2026-01-23 16:24:20.334018+00:00,1,0.76,0.24,yes,KXFEDDECISION-26APR-H0,77d78ac5-b553-6574-953e-03e62d1b5483
2026-01-23 21:27:02.745387+00:00,25,0.78,0.22,yes,KXFEDDECISION-26APR-H0,3cc15b1e-fd23-7971-ac01-3368a9ea1af8
2026-01-23 21:27:02.745387+00:00,1,0.77,0.23,yes,KXFEDDECISION-26APR-H0,3ebadd44-5db7-71a6-860b-0d36849bb683
2026-01-23 21:27:02.745387+00:00,2,0.77,0.23,yes,KXFEDDECISION-26APR-H0,9b74521b-a2f4-747e-a4f7-6a4e17f24b0c
2026-01-23 21:27:02.745387+00:00,2,0.77,0.23,yes,KXFEDDECISION-26APR-H0,cd6ed42f-946c-7348-b3c2-54235a59e1b0
2026-01-24 16:22:46.169495+00:00,32,0.75,0.25,yes,KXFEDDECISION-26APR-H0,4bdddb30-3192-7713-e19e-d292141e4909
2026-01-25 18:47:24.833134+00:00,1,0.66,0.34,no,KXFEDDECISION-26APR-H0,0acdd3c3-56a2-56bc-7358-e0740eb44712
2026-01-25 20:35:48.507247+00:00,10,0.73,0.27,yes,KXFEDDECISION-26APR-H0,8ed5bef3-62f3-683a-cf06-02d0d526e289
2026-01-26 02:44:29.796361+00:00,129,0.75,0.25,yes,KXFEDDECISION-26APR-H0,93474dd3-fbbf-5f44-cf75-8dff03554c2c
2026-01-26 03:11:35.580975+00:00,7,0.76,0.24,yes,KXFEDDECISION-26APR-H0,c682f266-6f1e-5c7e-5d60-c0fccae59656
2026-01-26 03:11:44.445079+00:00,100,0.77,0.23,yes,KXFEDDECISION-26APR-H0,14215945-0be5-4094-160a-ad0f22a9266d
2026-01-26 03:11:44.445079+00:00,500,0.77,0.23,yes,KXFEDDECISION-26APR-H0,dbde602b-b7bf-41f7-21fc-ca48795f0aa5
2026-01-26 03:40:36.100283+00:00,15,0.76,0.24,yes,KXFEDDECISION-26APR-H0,3405b0b5-6d4a-5529-ef75-3f0fd7c1256a
2026-01-26 07:50:48.362434+00:00,2,0.74,0.26,yes,KXFEDDECISION-26APR-H0,636266d0-d4b1-77cb-d797-9e927d9fafbd
2026-01-26 17:34:07.699975+00:00,100,0.75,0.25,yes,KXFEDDECISION-26APR-H0,2c326d2d-7cd7-6f28-282d-39346ab1e030
2026-01-26 23:14:45.346751+00:00,16,0.71,0.29,no,KXFEDDECISION-26APR-H0,3ba6695a-b739-6f89-891d-bd3e94b4d84c
2026-01-26 23:14:45.346751+00:00,500,0.7,0.3,no,KXFEDDECISION-26APR-H0,0811308a-1900-6659-9415-f1d5b1041c98
2026-01-27 09:27:17.628227+00:00,16,0.72,0.28,yes,KXFEDDECISION-26APR-H0,d716bfb1-2c0a-4f9d-efee-0d7a3adf89a2
2026-01-27 09:42:21.817530+00:00,10,0.73,0.27,yes,KXFEDDECISION-26APR-H0,44f31312-98ca-4d0e-ac7c-4941863f5ce4
2026-01-27 10:56:31.659441+00:00,124,0.73,0.27,yes,KXFEDDECISION-26APR-H0,99900f34-6a22-4c46-27f6-349faad28f30
2026-01-27 14:59:22.469121+00:00,12,0.73,0.27,yes,KXFEDDECISION-26APR-H0,d201831d-3a0f-4c8b-eda6-9f505a7dd43d
2026-01-27 15:25:44.780595+00:00,16,0.73,0.27,no,KXFEDDECISION-26APR-H0,385f801a-7c2f-7657-c120-ac182f086475
2026-01-27 15:48:42.914317+00:00,19,0.73,0.27,no,KXFEDDECISION-26APR-H0,3d6fc88c-39b7-73db-d618-9e7dc06a8bb5
2026-01-27 16:51:31.252446+00:00,3,0.73,0.27,no,KXFEDDECISION-26APR-H0,df43e196-fa0f-4617-3ebc-f08572330851
2026-01-27 16:51:31.252446+00:00,4,0.72,0.28,no,KXFEDDECISION-26APR-H0,313d56b9-c408-41bf-0e55-dcf4a5426c91
2026-01-27 16:51:31.252446+00:00,5,0.72,0.28,no,KXFEDDECISION-26APR-H0,138092e8-22fb-4fbe-0e38-f9d53a4f7160
2026-01-27 18:36:03.988963+00:00,32,0.74,0.26,yes,KXFEDDECISION-26APR-H0,a288af84-b993-53d2-4444-b7449885a96d
2026-01-27 18:44:14.575571+00:00,62,0.74,0.26,no,KXFEDDECISION-26APR-H0,4a5b833f-919a-400b-8180-3344d41cd77c
2026-01-27 18:44:20.568718+00:00,6,0.74,0.26,no,KXFEDDECISION-26APR-H0,e4ca6a1c-8d42-721f-9b6b-e11145e6b9d0
2026-01-27 18:53:19.284101+00:00,2,0.73,0.27,no,KXFEDDECISION-26APR-H0,bf4b0159-de16-687b-ec7c-08d0ec361396
2026-01-27 18:53:19.284101+00:00,1,0.73,0.27,no,KXFEDDECISION-26APR-H0,13a92bfc-ccbf-6094-c131-d90f0fd7b656
2026-01-27 18:53:19.284101+00:00,1,0.73,0.27,no,KXFEDDECISION-26APR-H0,94dd20eb-2318-6094-c08f-43da681c0f3b
2026-01-27 20:30:56.020335+00:00,200,0.7,0.3,yes,KXFEDDECISION-26APR-H0,fc1b5eff-2f09-65a9-3a21-622095ac63e1
2026-01-27 20:30:56.166785+00:00,4,0.7,0.3,yes,KXFEDDECISION-26APR-H0,74e219bf-60ec-549d-e06c-db064876b5f6
2026-01-27 20:36:38.045400+00:00,15,0.69,0.31,no,KXFEDDECISION-26APR-H0,1b17ac33-0837-6744-a837-fb6900d4cfe8
2026-01-27 23:23:50.246476+00:00,2,0.67,0.33,no,KXFEDDECISION-26APR-H0,abf2fa9f-9323-5de9-d6a1-9bb85f0fa7ad
2026-01-27 23:23:50.246476+00:00,2,0.67,0.33,no,KXFEDDECISION-26APR-H0,9952a553-6137-54e9-d1d0-ed5e22f61f82
2026-01-27 23:23:50.246476+00:00,2,0.67,0.33,no,KXFEDDECISION-26APR-H0,33931926-14fb-58f3-e40c-081472e858e4
2026-01-28 03:48:11.736414+00:00,29,0.69,0.31,no,KXFEDDECISION-26APR-H0,0378bad4-3281-5ef8-2294-6f3a32b5524f
2026-01-28 04:12:02.610746+00:00,15,0.71,0.29,yes,KXFEDDECISION-26APR-H0,1ab385a7-9f47-5167-f7f5-e6f96628f20a
2026-01-28 04:23:49.948955+00:00,20,0.72,0.28,yes,KXFEDDECISION-26APR-H0,f61be0c4-9c01-544b-fc13-2d15df02203c
2026-01-28 13:04:39.294543+00:00,29,0.7,0.3,no,KXFEDDECISION-26APR-H0,d3d4097a-6ef3-41c8-dc70-730f8766d240
2026-01-28 13:04:39.294543+00:00,3,0.7,0.3,no,KXFEDDECISION-26APR-H0,db0a9e8d-de4a-4bdd-ee75-fcb15b93f120
2026-01-28 13:05:06.936457+00:00,2,0.7,0.3,no,KXFEDDECISION-26APR-H0,2c66a1fb-d71b-66cc-3223-cbba2266e260
2026-01-28 13:23:29.898660+00:00,33,0.72,0.28,yes,KXFEDDECISION-26APR-H0,a8f9b200-a365-7d47-9205-a9793bb88adc
2026-01-28 13:23:42.019626+00:00,40,0.72,0.28,yes,KXFEDDECISION-26APR-H0,8ead047d-05a9-646f-660b-026a83c18714
2026-01-28 13:38:54.744125+00:00,7,0.71,0.29,yes,KXFEDDECISION-26APR-H0,c864913c-9d18-6716-23ee-9267acb26000
2026-01-28 13:38:54.744125+00:00,6,0.71,0.29,yes,KXFEDDECISION-26APR-H0,abeee756-f19c-6514-00d6-3e87b5f7b7c6
2026-01-28 13:38:54.744125+00:00,6,0.71,0.29,yes,KXFEDDECISION-26APR-H0,9edc8c73-3bdc-6a7a-1a98-ae5514965bde
2026-01-28 14:55:04.021289+00:00,1,0.72,0.28,yes,KXFEDDECISION-26APR-H0,5aa518b5-b85a-429c-b607-f6247467835f
2026-01-28 15:48:40.651124+00:00,31,0.71,0.29,no,KXFEDDECISION-26APR-H0,0d09fa7c-3005-60a7-8e33-3eed5aa0b45c
2026-01-28 15:48:40.651124+00:00,1,0.71,0.29,no,KXFEDDECISION-26APR-H0,78a4a18d-cf80-6eeb-ab8f-b339b2aeb2a9
2026-01-28 16:35:20.646677+00:00,6,0.66,0.34,no,KXFEDDECISION-26APR-H0,c6066630-da5c-7e0d-6464-4066e029ac57
2026-01-28 16:35:20.646677+00:00,5,0.66,0.34,no,KXFEDDECISION-26APR-H0,2fab6bc3-0add-7ae7-4f27-3c99a3347ccf
2026-01-28 16:35:20.646677+00:00,100,0.66,0.34,no,KXFEDDECISION-26APR-H0,a7b38692-64fc-7f63-592c-981199b977c7
2026-01-28 16:35:20.646677+00:00,6,0.66,0.34,no,KXFEDDECISION-26APR-H0,b54caedf-4259-75d1-628b-49df7b5c14d4
2026-01-28 16:35:28.235416+00:00,12,0.65,0.35,no,KXFEDDECISION-26APR-H0,657e9436-3d4d-59a9-2f3d-3bcd06357cfe
2026-01-28 18:06:30.448648+00:00,32,0.7,0.3,yes,KXFEDDECISION-26APR-H0,232b107e-07c5-69b9-fcad-7de28af11960
2026-01-28 18:24:47.706681+00:00,500,0.7,0.3,yes,KXFEDDECISION-26APR-H0,1bb2a34a-af3f-5c51-7da1-c4ea9adcd5e7
2026-01-28 18:27:50.841721+00:00,5,0.71,0.29,yes,KXFEDDECISION-26APR-H0,db04167d-bc6e-693a-c59c-9302e9f37a50
2026-01-28 18:27:50.841721+00:00,5,0.71,0.29,yes,KXFEDDECISION-26APR-H0,d05b2971-155d-6037-fe83-60213bc529ad
2026-01-28 18:27:50.841721+00:00,6,0.71,0.29,yes,KXFEDDECISION-26APR-H0,a5e89870-6fec-6c3b-ff3b-c01a638286a1
2026-01-28 18:34:44.305394+00:00,8,0.7,0.3,yes,KXFEDDECISION-26APR-H0,b68177b1-3313-55dd-fde0-31fba5321ee5
2026-01-28 19:05:01.052640+00:00,100,0.72,0.28,yes,KXFEDDECISION-26APR-H0,0cdd4f81-a8a4-6751-b77a-40aafa451e50
2026-01-28 19:05:01.052640+00:00,1,0.72,0.28,yes,KXFEDDECISION-26APR-H0,0fec0983-ac87-6d00-8134-644e1dec4a96
2026-01-28 19:07:57.991756+00:00,135,0.72,0.28,yes,KXFEDDECISION-26APR-H0,b294ec20-2a33-553b-4998-1e8ac05df50e
2026-01-28 19:14:47.346993+00:00,12,0.75,0.25,yes,KXFEDDECISION-26APR-H0,176e1c15-b269-6f61-b1d6-b76f129eb012
2026-01-28 19:18:32.323627+00:00,100,0.74,0.26,yes,KXFEDDECISION-26APR-H0,913c27cc-a048-7301-b985-1bcff775d74b
2026-01-28 19:18:32.323627+00:00,250,0.75,0.25,yes,KXFEDDECISION-26APR-H0,bce1d608-a940-7c38-ae29-d968757594d6
2026-01-28 19:18:32.323627+00:00,29,0.74,0.26,yes,KXFEDDECISION-26APR-H0,c410c24b-8292-7ba1-abc0-8df6d46a1b3b
2026-01-28 19:28:49.239758+00:00,13,0.75,0.25,yes,KXFEDDECISION-26APR-H0,f74b9f34-680b-4823-14be-1cc6941421fe
2026-01-28 19:49:52.352363+00:00,12,0.76,0.24,yes,KXFEDDECISION-26APR-H0,d4c47ff7-5b44-48b0-e590-a5ebfef5c51c
2026-01-28 19:58:36.268194+00:00,50,0.76,0.24,yes,KXFEDDECISION-26APR-H0,cc102d66-7c89-57e2-6f5d-28e187f14025
2026-01-28 20:26:17.664613+00:00,6,0.76,0.24,yes,KXFEDDECISION-26APR-H0,8d6c13aa-2333-5000-bef0-52b05b798f75
2026-01-28 20:29:38.537739+00:00,10,0.78,0.22,yes,KXFEDDECISION-26APR-H0,8a763962-d9e3-6674-4e5a-522127e529cf
2026-01-28 21:03:09.422821+00:00,2,0.78,0.22,yes,KXFEDDECISION-26APR-H0,da7fdfcc-dbbb-49e4-efea-fdd8802fe7d3
2026-01-28 21:38:34.329386+00:00,6,0.78,0.22,yes,KXFEDDECISION-26APR-H0,500b3eda-8b63-7cec-ab52-7ab0265b68bb
2026-01-28 22:23:56.393981+00:00,4,0.77,0.23,no,KXFEDDECISION-26APR-H0,27ce9aaf-17cf-5e30-00da-0aee9e385bb6
2026-01-28 22:23:56.393981+00:00,214,0.75,0.25,no,KXFEDDECISION-26APR-H0,9fa45246-024d-560e-076d-acd8f8525c5a
2026-01-28 22:23:56.393981+00:00,32,0.76,0.24,no,KXFEDDECISION-26APR-H0,ad792aaa-ac3e-58f8-112f-0a42a1083da5
2026-01-28 22:42:13.968233+00:00,123,0.79,0.21,yes,KXFEDDECISION-26APR-H0,9f649fb4-74ff-79ba-ecda-6ea648ab543f
2026-01-28 23:05:58.973388+00:00,32,0.81,0.19,yes,KXFEDDECISION-26APR-H0,6cbf77f7-ab94-4f06-b0c6-75c6c18b5272
2026-01-28 23:05:58.973388+00:00,72,0.81,0.19,yes,KXFEDDECISION-26APR-H0,aa9447e9-fe4c-4868-ae50-e60151be6bce
2026-01-28 23:05:58.973388+00:00,146,0.82,0.18,yes,KXFEDDECISION-26APR-H0,17c9c893-b05b-4e8c-8072-caead649dce7
2026-01-28 23:13:49.557789+00:00,2,0.76,0.24,no,KXFEDDECISION-26APR-H0,6499c6f1-e4d4-4ad2-f9fe-ddad816e5ee0
2026-01-28 23:17:59.232299+00:00,4,0.79,0.21,yes,KXFEDDECISION-26APR-H0,b7150b67-d3ca-4537-9d1a-8d988dd5b3de
2026-01-28 23:19:19.432690+00:00,522,0.75,0.25,no,KXFEDDECISION-26APR-H0,119706d0-0831-451a-3a95-652e0ef85682
2026-01-29 00:42:49.745457+00:00,2,0.79,0.21,no,KXFEDDECISION-26APR-H0,d6476cf3-152b-60f1-70b9-2df45aa5a752
2026-01-29 00:43:16.808892+00:00,3,0.78,0.22,no,KXFEDDECISION-26APR-H0,192f9d2d-5313-4fdf-8c97-381c177b326d
2026-01-29 00:43:16.808892+00:00,3,0.78,0.22,no,KXFEDDECISION-26APR-H0,534610a7-38fe-44d4-b010-81634057e349
2026-01-29 00:43:16.808892+00:00,3,0.78,0.22,no,KXFEDDECISION-26APR-H0,befd1686-a6ac-4c08-881a-8fd871f08df5
2026-01-29 00:43:35.867339+00:00,11,0.76,0.24,no,KXFEDDECISION-26APR-H0,9433502a-eedb-5a8e-5bd5-ba51e1d48dac
2026-01-29 01:12:45.396454+00:00,100,0.79,0.21,yes,KXFEDDECISION-26APR-H0,ed33b3fc-5bfd-640f-bf0d-bc722c39d730
2026-01-29 03:59:04.740066+00:00,40,0.8,0.2,yes,KXFEDDECISION-26APR-H0,9be20381-54b3-6fcc-5856-b9e1a7d809a2
2026-01-29 05:27:48.711410+00:00,12,0.79,0.21,yes,KXFEDDECISION-26APR-H0,5e3f0503-648b-50d4-3ffa-6770f0ca2a02
2026-01-29 05:27:48.711410+00:00,138,0.79,0.21,yes,KXFEDDECISION-26APR-H0,bba2d674-eff6-58e8-05f8-f4c16997e352
2026-01-29 05:27:56.366857+00:00,98,0.78,0.22,yes,KXFEDDECISION-26APR-H0,7e0334a4-5419-7216-bc35-e92fa6872362
2026-01-29 06:12:23.293165+00:00,52,0.79,0.21,yes,KXFEDDECISION-26APR-H0,fca28a97-3197-7908-fef5-87608f4537e6
2026-01-29 06:12:31.944139+00:00,50,0.79,0.21,yes,KXFEDDECISION-26APR-H0,513f6218-2707-6c98-2363-fff905b3399e
2026-01-29 10:10:20.251793+00:00,40,0.79,0.21,yes,KXFEDDECISION-26APR-H0,a79f75fc-11ef-5254-46b0-672b53440ef2
2026-01-29 14:26:30.559148+00:00,50,0.79,0.21,yes,KXFEDDECISION-26APR-H0,fb01a950-547f-4360-78cf-5e8b91e06ece
2026-01-29 15:13:28.711906+00:00,120,0.79,0.21,yes,KXFEDDECISION-26APR-H0,e96e9034-44db-6ae0-8089-d4d4ff8034aa
2026-01-29 15:19:48.915521+00:00,1,0.79,0.21,yes,KXFEDDECISION-26APR-H0,77daca9d-6db3-7fac-2cc5-30d5f2e1e9de
2026-01-29 15:31:20.460288+00:00,50,0.79,0.21,yes,KXFEDDECISION-26APR-H0,8e96f7d1-8e83-5ce8-1bc5-4221c6ec7d52
2026-01-29 15:40:17.610655+00:00,18,0.78,0.22,no,KXFEDDECISION-26APR-H0,5e6c5263-5a44-5d52-5a36-e57a73d1561d
2026-01-29 15:40:17.610655+00:00,102,0.78,0.22,no,KXFEDDECISION-26APR-H0,b06ff7dd-7361-5f63-724d-72fabf709012
2026-01-29 15:40:17.610655+00:00,3,0.78,0.22,no,KXFEDDECISION-26APR-H0,27929485-325e-5fde-4396-a77454edb21e
2026-01-29 15:40:17.610655+00:00,10,0.78,0.22,no,KXFEDDECISION-26APR-H0,e0da2517-e2cf-5ace-4acf-2c9c434e2654
2026-01-29 15:56:00.516595+00:00,1,0.77,0.23,no,KXFEDDECISION-26APR-H0,a81679e0-a00a-56b7-41db-892e48d19b91
2026-01-29 15:56:00.516595+00:00,2,0.77,0.23,no,KXFEDDECISION-26APR-H0,d63e3049-8ac8-579f-4a0f-f68aae74eb7d
2026-01-29 15:56:00.516595+00:00,1,0.77,0.23,no,KXFEDDECISION-26APR-H0,70f6058f-4104-51c7-496f-5748530ccb3a
2026-01-29 15:57:45.116120+00:00,1,0.77,0.23,yes,KXFEDDECISION-26APR-H0,71b53fa7-3e27-4bcd-54dd-fb035fba0925
2026-01-29 19:54:13.667658+00:00,125,0.78,0.22,yes,KXFEDDECISION-26APR-H0,34146bb8-e6c7-5824-ff20-e6cfc1b4bd12
2026-01-29 21:56:31.719697+00:00,11,0.76,0.24,no,KXFEDDECISION-26APR-H0,27656156-1ace-7896-8a7c-0dd45bd06d37
2026-01-29 22:57:34.614469+00:00,18,0.76,0.24,no,KXFEDDECISION-26APR-H0,02e6aaf9-bdf3-4d8a-2d7f-4a7434a96b3d
2026-01-29 23:10:45.984636+00:00,10,0.75,0.25,no,KXFEDDECISION-26APR-H0,099e6400-3525-4586-9ab4-a96a44a12d1a
2026-01-29 23:22:06.071164+00:00,34,0.75,0.25,no,KXFEDDECISION-26APR-H0,2438f17d-2191-5c26-0f20-215ef319acfe
2026-01-29 23:38:07.849002+00:00,98,0.75,0.25,no,KXFEDDECISION-26APR-H0,0dcd2d74-f899-722e-cb89-1ac266df2696
2026-01-29 23:38:07.956177+00:00,122,0.75,0.25,no,KXFEDDECISION-26APR-H0,346dbd48-8c81-4672-ed41-b359f63e0da6
2026-01-29 23:38:07.956177+00:00,30,0.75,0.25,no,KXFEDDECISION-26APR-H0,d3a20c0a-4fc2-4e44-da41-5b58de57cddf
2026-01-30 00:21:05.615066+00:00,32,0.74,0.26,yes,KXFEDDECISION-26APR-H0,a334166c-9521-6dea-f40c-d06692c40892
2026-01-30 00:23:47.311721+00:00,98,0.75,0.25,yes,KXFEDDECISION-26APR-H0,7dd5a74b-e850-6e32-9466-6d9f4ac173f0
2026-01-30 00:40:06.500833+00:00,296,0.75,0.25,yes,KXFEDDECISION-26APR-H0,e4786dff-bc64-4d52-4d44-f45875c5214e
2026-01-30 00:40:12.185111+00:00,105,0.75,0.25,yes,KXFEDDECISION-26APR-H0,c85fd1e0-e4a9-5794-f72e-01236584dc4d
2026-01-30 00:40:13.173449+00:00,32,0.75,0.25,yes,KXFEDDECISION-26APR-H0,b6efbcb8-35bb-7ba0-42a5-c20afc380c4e
2026-01-30 00:42:19.009968+00:00,60,0.75,0.25,yes,KXFEDDECISION-26APR-H0,efcb3179-0f11-6082-9fe7-4982fb8d8701
2026-01-30 00:47:08.266092+00:00,5,0.73,0.27,no,KXFEDDECISION-26APR-H0,7580b5d8-711b-4737-bee7-d6c9c159b78b
2026-01-30 00:47:08.266092+00:00,60,0.73,0.27,no,KXFEDDECISION-26APR-H0,a76f72f9-3755-463b-9f41-59760704b3fd
2026-01-30 01:08:44.594599+00:00,32,0.78,0.22,yes,KXFEDDECISION-26APR-H0,36feea36-0d23-65ac-f2b8-7476a8e7cd9e
2026-01-30 02:12:55.965915+00:00,18,0.78,0.22,yes,KXFEDDECISION-26APR-H0,0a48d945-b4f3-5ac8-16f8-2e9ad257f61f
2026-01-30 02:12:55.965915+00:00,428,0.78,0.22,yes,KXFEDDECISION-26APR-H0,887927d7-ae03-5684-1938-f0b9d788b83a
2026-01-30 02:12:55.965915+00:00,1000,0.78,0.22,yes,KXFEDDECISION-26APR-H0,b1d168e9-f38c-501a-0a9e-68b2fb6fa668
2026-01-30 02:15:33.511611+00:00,4,0.79,0.21,yes,KXFEDDECISION-26APR-H0,2d539c27-96d4-487c-7450-eed4df4fb1fe
2026-01-30 02:15:33.511611+00:00,5,0.79,0.21,yes,KXFEDDECISION-26APR-H0,f5855623-cec3-4e09-548b-e99457f3c3d0
2026-01-30 02:15:33.511611+00:00,4,0.79,0.21,yes,KXFEDDECISION-26APR-H0,9c1dd6e9-4609-4a0d-69dc-ce0da284410b
2026-01-30 04:52:34.302091+00:00,88,0.79,0.21,yes,KXFEDDECISION-26APR-H0,48b6af5d-d6a4-7b9c-7234-83d95088eb4e
2026-01-30 04:52:34.302091+00:00,12,0.78,0.22,yes,KXFEDDECISION-26APR-H0,4768bbc3-b563-7226-503c-525239b2dfce
2026-01-30 10:58:18.253864+00:00,12,0.77,0.23,yes,KXFEDDECISION-26APR-H0,d7fb4e81-d778-669f-f125-11602bee4972
2026-01-30 12:10:41.268595+00:00,1,0.77,0.23,yes,KXFEDDECISION-26APR-H0,d908a934-7fb0-7767-03b4-440aaf99d866
2026-01-30 12:41:49.397306+00:00,1,0.77,0.23,yes,KXFEDDECISION-26APR-H0,397658c7-13ac-6d67-c93b-af7fe881ed02
2026-01-30 13:21:16.952013+00:00,1,0.77,0.23,yes,KXFEDDECISION-26APR-H0,96b562ff-875c-7307-4c29-6c40901121fe
2026-01-30 14:41:04.517328+00:00,12,0.76,0.24,no,KXFEDDECISION-26APR-H0,89ebf9e5-0aee-71f5-fc6c-dfe54bc0496f
2026-01-30 15:00:55.349378+00:00,195,0.77,0.23,yes,KXFEDDECISION-26APR-H0,ac2c6eae-bc00-6787-5d74-ebbdb046476e
2026-01-30 15:59:15.947623+00:00,1,0.77,0.23,yes,KXFEDDECISION-26APR-H0,59c9f501-6120-4117-9110-1c4d401cc7aa
2026-01-30 17:37:54.491413+00:00,1108,0.77,0.23,yes,KXFEDDECISION-26APR-H0,1d64cded-4974-7323-cb98-c25aacde1dba
2026-01-30 19:29:46.772018+00:00,12,0.77,0.23,yes,KXFEDDECISION-26APR-H0,0e3d7c19-5bd4-64f2-0f2f-7e6e7b528144
2026-01-30 20:29:21.808126+00:00,988,0.77,0.23,yes,KXFEDDECISION-26APR-H0,83cf84c0-2a20-7ed2-6bf5-6852d9c1d620
2026-01-30 22:16:02.577692+00:00,20,0.75,0.25,no,KXFEDDECISION-26APR-H0,1a372008-d084-41ff-a45e-9f83db4aba5d
2026-01-30 22:16:02.577692+00:00,20,0.75,0.25,no,KXFEDDECISION-26APR-H0,267d6761-125b-43cf-8a2a-125b7d2c4aea
2026-01-30 22:16:02.577692+00:00,20,0.75,0.25,no,KXFEDDECISION-26APR-H0,0c10cde6-9936-4320-8b44-b3eb18f6736a
2026-01-30 22:18:21.349041+00:00,32,0.74,0.26,no,KXFEDDECISION-26APR-H0,17fdf29e-9ade-61cb-98f2-f8c0def244d4
2026-01-31 01:19:35.054695+00:00,552,0.73,0.27,no,KXFEDDECISION-26APR-H0,b816c53f-e3ad-751a-cc24-06e2c97c70b1
2026-01-31 01:19:35.054695+00:00,20,0.73,0.27,no,KXFEDDECISION-26APR-H0,cd821076-ed97-7b37-cdd6-00ad91052363
2026-01-31 03:09:08.380533+00:00,12,0.77,0.23,yes,KXFEDDECISION-26APR-H0,4efa2fd8-b72c-6886-5ad0-b02d59ffef8f
2026-01-31 03:38:18.440159+00:00,16,0.76,0.24,yes,KXFEDDECISION-26APR-H0,66636e18-2dce-4573-3042-0dd58bc92f30
2026-01-31 03:38:18.440159+00:00,16,0.76,0.24,yes,KXFEDDECISION-26APR-H0,8503f697-3bb5-4c62-10c8-8af0fc3bacb3
2026-01-31 03:38:18.440159+00:00,16,0.76,0.24,yes,KXFEDDECISION-26APR-H0,b7d3aadd-356e-48a9-21d8-30f6f9fd76e4
2026-01-31 04:53:48.960042+00:00,12,0.77,0.23,yes,KXFEDDECISION-26APR-H0,3622e2d9-7205-650c-a0b7-61294c76d911
2026-01-31 04:55:31.493959+00:00,12,0.77,0.23,yes,KXFEDDECISION-26APR-H0,b11e34a0-f508-5060-d160-15b00ca2cb6b
2026-01-31 04:56:42.091744+00:00,32,0.78,0.22,yes,KXFEDDECISION-26APR-H0,37e59d2a-95d5-6ed7-a7a4-ea868547de07
2026-01-31 10:44:15.774465+00:00,12,0.79,0.21,yes,KXFEDDECISION-26APR-H0,db731c88-8db8-73bd-11a5-7573e94c959f
2026-01-31 11:54:32.595931+00:00,3,0.76,0.24,no,KXFEDDECISION-26APR-H0,07aa38cf-1d3f-53f8-4d1b-4e4ee7bce697
2026-01-31 16:27:22.179492+00:00,5,0.78,0.22,yes,KXFEDDECISION-26APR-H0,7b1b00d8-2349-5fdb-5b68-ec54281da26f
2026-01-31 16:29:59.224810+00:00,3,0.78,0.22,yes,KXFEDDECISION-26APR-H0,3fa01542-f6bd-6b8f-ef09-77ed07cdec10
2026-01-31 16:29:59.224810+00:00,1,0.78,0.22,yes,KXFEDDECISION-26APR-H0,b0031683-8b1c-6780-f0d5-50deaab5a784
2026-02-01 04:35:26.901637+00:00,31,0.78,0.22,yes,KXFEDDECISION-26APR-H0,5221c854-4735-5b58-f996-25cdec21f809
2026-02-01 12:18:24.603688+00:00,1,0.78,0.22,yes,KXFEDDECISION-26APR-H0,43fcf787-7e85-6e7c-62b2-a57037169095
2026-02-01 13:33:21.487889+00:00,32,0.75,0.25,no,KXFEDDECISION-26APR-H0,61eeeccd-7c3b-5443-1d33-4863a5da39fe
2026-02-01 13:33:21.487889+00:00,5,0.75,0.25,no,KXFEDDECISION-26APR-H0,ae71c76d-f858-553e-2c40-83ea490670fe
2026-02-01 14:00:52.488618+00:00,137,0.78,0.22,yes,KXFEDDECISION-26APR-H0,698b7581-a00d-6cf0-3932-08cc77c3c74d
2026-02-01 19:12:53.503318+00:00,150,0.78,0.22,yes,KXFEDDECISION-26APR-H0,6b6ae1fe-4759-4d24-6042-7759677496dd
2026-02-01 19:12:53.503318+00:00,100,0.77,0.23,yes,KXFEDDECISION-26APR-H0,514fb949-1322-43ed-64d9-11f051ac1951
2026-02-02 01:00:12.794349+00:00,12,0.76,0.24,yes,KXFEDDECISION-26APR-H0,50ea5c60-4f2b-7549-17a9-b1ebcf69faec
2026-02-02 01:00:12.794349+00:00,481,0.76,0.24,yes,KXFEDDECISION-26APR-H0,645a4551-70b1-7527-12a3-d15f9effe68f
2026-02-02 01:51:38.191986+00:00,7,0.76,0.24,yes,KXFEDDECISION-26APR-H0,325a988a-11f0-715d-d854-99def13b1e29
2026-02-02 04:16:14.381518+00:00,6,0.77,0.23,yes,KXFEDDECISION-26APR-H0,5b6af8f3-a8ed-5948-d26a-6dd2c3305189
2026-02-02 12:47:50.482424+00:00,103,0.73,0.27,no,KXFEDDECISION-26APR-H0,6bf579ca-da37-75db-7140-54aee3e7a0ab
2026-02-02 12:55:37.352086+00:00,172,0.73,0.27,no,KXFEDDECISION-26APR-H0,ee4320d6-d7c3-4ab7-44aa-450ed714e29b
2026-02-02 13:49:38.616987+00:00,32,0.76,0.24,yes,KXFEDDECISION-26APR-H0,46a62319-e81f-4def-27ea-3d68c1d441f5
2026-02-02 15:35:15.204497+00:00,1000,0.77,0.23,yes,KXFEDDECISION-26APR-H0,429f1eee-4115-6fdc-10b0-7e2acb36e3bd
2026-02-02 17:37:27.583061+00:00,25,0.77,0.23,yes,KXFEDDECISION-26APR-H0,1cd1978f-4911-4d34-ab1a-2b1576c010f1
2026-02-02 17:41:44.284644+00:00,14,0.74,0.26,no,KXFEDDECISION-26APR-H0,4036914b-223f-7663-c946-ebb1971c9388
2026-02-02 18:02:17.678618+00:00,126,0.77,0.23,yes,KXFEDDECISION-26APR-H0,0be96f01-283d-7918-bf8a-725b1a2ea439
2026-02-02 22:29:03.176181+00:00,1,0.77,0.23,yes,KXFEDDECISION-26APR-H0,088d82e9-4191-4154-702d-f96bc3a99325
2026-02-02 22:33:22.984332+00:00,38,0.75,0.25,no,KXFEDDECISION-26APR-H0,03c655f0-ec09-5e36-746c-45bc9f97d63c
2026-02-03 03:48:15.148710+00:00,1,0.77,0.23,yes,KXFEDDECISION-26APR-H0,17d20037-ec7d-7f50-7c9a-f71fb53b9509
2026-02-03 04:10:23.240717+00:00,100,0.77,0.23,yes,KXFEDDECISION-26APR-H0,0827c741-c149-6804-afd0-2547e8a8bb91
2026-02-03 11:07:32.649182+00:00,38,0.76,0.24,yes,KXFEDDECISION-26APR-H0,c7ec83de-6bb0-522f-8b3a-f15fad112a7d
2026-02-03 11:07:32.649182+00:00,2000,0.76,0.24,yes,KXFEDDECISION-26APR-H0,ad2997d6-0ab2-5d45-9c96-9099e5b05802
2026-02-03 11:14:47.349997+00:00,18,0.75,0.25,no,KXFEDDECISION-26APR-H0,2c6e618d-2a8d-5c6d-ff5e-e0d42881e3e5
2026-02-03 15:34:43.062834+00:00,1,0.77,0.23,yes,KXFEDDECISION-26APR-H0,bdda2d92-d619-5500-3021-8cbaea23d761
2026-02-03 15:41:26.184547+00:00,2,0.71,0.29,no,KXFEDDECISION-26APR-H0,7cec25d0-6a6f-4a8f-9fda-ac03c580bac2
2026-02-03 16:44:09.621408+00:00,1,0.77,0.23,yes,KXFEDDECISION-26APR-H0,fb15b658-8d55-67f4-ef86-3706c896c27d
2026-02-03 20:02:49.587332+00:00,12,0.74,0.26,no,KXFEDDECISION-26APR-H0,f46ae113-8842-4c0f-d303-e8c83a13a204
2026-02-03 22:09:10.183286+00:00,3,0.77,0.23,yes,KXFEDDECISION-26APR-H0,d6e95fbc-caa1-4de0-5b0a-fa180427baf1
2026-02-04 01:23:06.295097+00:00,126,0.77,0.23,yes,KXFEDDECISION-26APR-H0,8ea13881-8abd-71b0-6fd6-f59a88ef0759
2026-02-04 01:36:27.892649+00:00,126,0.77,0.23,yes,KXFEDDECISION-26APR-H0,33f4ec13-6bd1-4edc-6f89-99515d72cff5
2026-02-04 11:03:42.972011+00:00,90,0.77,0.23,yes,KXFEDDECISION-26APR-H0,dcf59502-94dd-64c4-0055-98ebdddeb6f9
2026-02-04 12:15:44.035711+00:00,126,0.77,0.23,yes,KXFEDDECISION-26APR-H0,8c564178-d765-7708-c54c-fbbcca84af3d
2026-02-04 12:16:54.272824+00:00,1,0.76,0.24,no,KXFEDDECISION-26APR-H0,b41023b8-0d76-50ae-4e96-34ea9c102b09
2026-02-04 12:16:54.272824+00:00,20,0.76,0.24,no,KXFEDDECISION-26APR-H0,b7a65283-0d07-54e0-7c58-73a6d4bc0c43
2026-02-04 14:38:42.886449+00:00,168,0.77,0.23,yes,KXFEDDECISION-26APR-H0,20aa3819-23a1-5a94-e1bb-1e1f5402df89
2026-02-04 14:38:42.886449+00:00,832,0.77,0.23,yes,KXFEDDECISION-26APR-H0,24622baf-0228-5008-e806-7107706f7f6a
2026-02-04 14:38:59.924438+00:00,1000,0.77,0.23,yes,KXFEDDECISION-26APR-H0,87b4e72d-1d14-4a24-0df9-e3322d3932aa
2026-02-04 14:39:55.710575+00:00,168,0.77,0.23,yes,KXFEDDECISION-26APR-H0,b13e7962-c330-4770-5e28-515184d0d4f6
2026-02-04 16:27:43.159849+00:00,105,0.77,0.23,no,KXFEDDECISION-26APR-H0,16d462bd-a7c9-7231-a715-41dfc2fa240e
2026-02-04 17:07:25.987139+00:00,30,0.79,0.21,yes,KXFEDDECISION-26APR-H0,9d9dbc73-e403-62af-a882-80c2f3f081b5
2026-02-04 17:48:59.932296+00:00,16,0.79,0.21,yes,KXFEDDECISION-26APR-H0,2452d4cc-afb1-6f27-51df-b16644da927f
2026-02-04 17:48:59.932296+00:00,94,0.79,0.21,yes,KXFEDDECISION-26APR-H0,8fde510a-5aab-6ccb-4a43-0d4da96eb495
2026-02-05 03:24:49.794037+00:00,1,0.79,0.21,yes,KXFEDDECISION-26APR-H0,92a2d657-d10c-4b26-3de0-e1c1bd0ea0e0
2026-02-05 05:06:17.892294+00:00,1,0.77,0.23,no,KXFEDDECISION-26APR-H0,f6587d37-aa85-6bf1-64e6-ee85f70fa86a
2026-02-05 13:31:28.312909+00:00,95,0.78,0.22,yes,KXFEDDECISION-26APR-H0,b21b7cc2-30d6-5d7d-a9ee-265fb53249fc
2026-02-05 15:35:46.669151+00:00,30,0.76,0.24,no,KXFEDDECISION-26APR-H0,42940d68-f7dc-4595-e949-ecec5d0ab5c1
2026-02-05 15:36:49.279839+00:00,70,0.76,0.24,no,KXFEDDECISION-26APR-H0,6554246f-32b4-5331-6141-394b719dc351
2026-02-05 15:36:49.279839+00:00,16,0.76,0.24,no,KXFEDDECISION-26APR-H0,ee7076c8-f843-59c5-6e2d-b996b530607e
2026-02-05 16:22:27.393013+00:00,1,0.75,0.25,no,KXFEDDECISION-26APR-H0,d632590f-76b3-7393-2100-668d5d9ac85a
2026-02-05 21:19:05.157607+00:00,1,0.71,0.29,no,KXFEDDECISION-26APR-H0,b2a5f3aa-a8af-4363-ad48-806fcc0e85cf
2026-02-06 00:57:29.162653+00:00,39,0.7,0.3,no,KXFEDDECISION-26APR-H0,d2537861-b1b7-4327-5417-1979f606bde4
2026-02-06 00:57:29.162653+00:00,60,0.7,0.3,no,KXFEDDECISION-26APR-H0,c751f5a7-1c80-4d5a-6d91-3ea08524ab60
2026-02-06 00:57:29.162653+00:00,1,0.7,0.3,no,KXFEDDECISION-26APR-H0,be0842cd-2672-4fb9-6813-12af7eb283f0
2026-02-06 00:57:29.162653+00:00,27,0.7,0.3,no,KXFEDDECISION-26APR-H0,b907a112-6ca3-447e-63f8-eb03975030e2
2026-02-06 01:30:19.993241+00:00,1,0.71,0.29,yes,KXFEDDECISION-26APR-H0,1ef9412a-8aba-7677-0cdf-3a4be518a8aa
2026-02-06 02:30:20.559356+00:00,3,0.71,0.29,yes,KXFEDDECISION-26APR-H0,c2fa05a6-d06e-5713-8a3e-0c96526645a6
2026-02-06 02:30:28.506503+00:00,1,0.72,0.28,yes,KXFEDDECISION-26APR-H0,d7a4d139-37ab-4100-a45f-a90ffb009b21
2026-02-06 02:30:28.506503+00:00,1,0.72,0.28,yes,KXFEDDECISION-26APR-H0,b4cd5d84-0dd8-4b2e-af66-d27b49e69620
2026-02-06 13:15:32.831568+00:00,22,0.7,0.3,no,KXFEDDECISION-26APR-H0,b8efc837-9823-6925-e70d-e96ddf3340ce
2026-02-06 13:54:46.549501+00:00,42,0.73,0.27,yes,KXFEDDECISION-26APR-H0,b9c586b7-fc72-6327-759b-47cafe67fb4f
2026-02-06 14:52:53.010195+00:00,1,0.73,0.27,yes,KXFEDDECISION-26APR-H0,e20b2e63-c82f-5a06-d3e8-f8e2d7f8e6e9
2026-02-06 20:19:12.859266+00:00,1000,0.74,0.26,yes,KXFEDDECISION-26APR-H0,38cf7059-361e-6afd-e5be-6b085c50f480
2026-02-06 22:31:24.018255+00:00,197,0.74,0.26,yes,KXFEDDECISION-26APR-H0,60b436b8-077e-42e5-b342-cd01c5045cc0
2026-02-07 01:58:21.680995+00:00,2,0.73,0.27,yes,KXFEDDECISION-26APR-H0,c340f563-ffe5-50f0-2d5d-72cb31dde721
2026-02-07 01:58:43.528784+00:00,92,0.74,0.26,yes,KXFEDDECISION-26APR-H0,e8f34194-b462-5781-49fd-edf5ff8e6bf4
2026-02-07 02:44:15.791684+00:00,15,0.7,0.3,no,KXFEDDECISION-26APR-H0,1845a835-956b-4428-a5fe-a84e019004e2
2026-02-07 03:57:01.930670+00:00,15,0.73,0.27,yes,KXFEDDECISION-26APR-H0,0fc4c9fa-c65d-4dcd-dc8b-94fbe027e3c7
2026-02-07 21:52:11.430801+00:00,13,0.74,0.26,yes,KXFEDDECISION-26APR-H0,dc2bdb7d-b85e-49d1-1ec6-2ae9a01fb148
2026-02-08 14:49:17.409066+00:00,42,0.74,0.26,yes,KXFEDDECISION-26APR-H0,7b7bc2c1-9036-402d-4f6d-23c30492e8ec
2026-02-08 19:28:06.243174+00:00,4,0.74,0.26,yes,KXFEDDECISION-26APR-H0,195a11cc-c77a-585d-1449-d21731f9385c
2026-02-08 23:15:23.471201+00:00,22,0.69,0.31,no,KXFEDDECISION-26APR-H0,cdf88a4b-e265-4988-4483-e3646e9040d3
2026-02-08 23:15:23.471201+00:00,1,0.69,0.31,no,KXFEDDECISION-26APR-H0,ea3d2cbf-19a3-47bf-5dc6-4e41b4738565
2026-02-08 23:16:13.577522+00:00,1,0.68,0.32,no,KXFEDDECISION-26APR-H0,ef043e42-b433-59b1-4311-013df80d6050
2026-02-08 23:16:43.846155+00:00,200,0.67,0.33,no,KXFEDDECISION-26APR-H0,ea6718dd-9e0a-5c18-bdb4-6febd2642ffd
2026-02-08 23:17:32.941144+00:00,100,0.66,0.34,no,KXFEDDECISION-26APR-H0,72c3cfc5-f7b5-7992-b844-979973e088ca
2026-02-08 23:17:51.460262+00:00,10,0.64,0.36,no,KXFEDDECISION-26APR-H0,33c43cd5-2664-598c-b728-07e4cdb4f039
2026-02-08 23:17:52.481461+00:00,5,0.64,0.36,yes,KXFEDDECISION-26APR-H0,f4bec59c-b4d9-5c4b-4bbd-f5747baf2eda
2026-02-08 23:18:10.213106+00:00,50,0.62,0.38,no,KXFEDDECISION-26APR-H0,1a63fbfd-9137-628b-9b6d-bdf3aab8b6f2
2026-02-08 23:19:50.519755+00:00,50,0.62,0.38,no,KXFEDDECISION-26APR-H0,5c9f4e86-7b59-4d9e-84f4-0d96e797c4ab
2026-02-08 23:21:03.965794+00:00,4,0.53,0.47,no,KXFEDDECISION-26APR-H0,a5612f90-f053-754d-6289-75bd9c32af9e
2026-02-09 00:50:08.714871+00:00,1,0.73,0.27,yes,KXFEDDECISION-26APR-H0,1fbf2991-38e6-4aaa-3aa9-418eb362ea49
2026-02-09 04:51:04.359533+00:00,12,0.7,0.3,no,KXFEDDECISION-26APR-H0,098a3b28-da07-7f93-60ab-8dc2a7ebfa0d
2026-02-09 04:52:15.198559+00:00,6,0.69,0.31,no,KXFEDDECISION-26APR-H0,16d19ca5-67f7-556f-c941-910ce99117ae
2026-02-09 04:52:15.198559+00:00,100,0.69,0.31,no,KXFEDDECISION-26APR-H0,1bc95f74-0d11-5d7e-e151-0d6d6813da86
2026-02-09 05:13:11.391275+00:00,100,0.66,0.34,no,KXFEDDECISION-26APR-H0,f42e304f-4088-7729-4c9f-87608c11a13e
2026-02-09 05:14:52.474857+00:00,155,0.65,0.35,no,KXFEDDECISION-26APR-H0,ddada40b-d97e-796d-e22e-ae65aa542bbb
2026-02-09 05:14:52.474857+00:00,100,0.65,0.35,no,KXFEDDECISION-26APR-H0,db747261-b5be-7120-cead-26f76c7166ff
2026-02-09 05:14:52.474857+00:00,100,0.66,0.34,no,KXFEDDECISION-26APR-H0,8c9e581f-6af8-7773-df01-087af2006614
2026-02-09 05:14:52.474857+00:00,900,0.66,0.34,no,KXFEDDECISION-26APR-H0,d3e4b026-8e7b-7a16-d457-c3278f813376
2026-02-09 06:36:11.157209+00:00,10,0.7,0.3,yes,KXFEDDECISION-26APR-H0,846e9511-952a-50e5-cff3-9aa531209537
2026-02-09 11:43:38.159255+00:00,7,0.64,0.36,no,KXFEDDECISION-26APR-H0,12bb6e8a-8dfc-4405-c944-51f9e35bdfec
2026-02-09 11:43:38.159255+00:00,7,0.64,0.36,no,KXFEDDECISION-26APR-H0,1c1ce4d4-d31c-46d1-eaff-1f056bc01722
2026-02-09 11:43:38.159255+00:00,15,0.63,0.37,no,KXFEDDECISION-26APR-H0,430a085b-f962-4044-cdc1-4075e508e85f
2026-02-09 11:43:38.159255+00:00,7,0.64,0.36,no,KXFEDDECISION-26APR-H0,575fc1d6-0e15-46cf-ed70-4e80fc5af91a
2026-02-09 11:43:38.159255+00:00,10,0.56,0.44,no,KXFEDDECISION-26APR-H0,7a314718-2aa1-48d5-e89d-0aea3de0e50d
2026-02-09 11:43:38.159255+00:00,1,0.51,0.49,no,KXFEDDECISION-26APR-H0,803c3330-c2c1-409a-ec45-ef50636aae1c
2026-02-09 12:08:12.322516+00:00,34,0.62,0.38,yes,KXFEDDECISION-26APR-H0,5d30996f-2986-54c6-4bcb-3cefa54ec67c
2026-02-09 12:08:42.822215+00:00,7,0.63,0.37,yes,KXFEDDECISION-26APR-H0,d6029649-46a5-7c7c-cfab-9323422afbd4
2026-02-09 12:08:42.822215+00:00,7,0.63,0.37,yes,KXFEDDECISION-26APR-H0,22875bd0-a142-7ac1-ff8e-09cc3270e439
2026-02-09 12:08:42.822215+00:00,7,0.63,0.37,yes,KXFEDDECISION-26APR-H0,010c5785-5c09-7dbd-d67e-7a6e2d68c128
2026-02-09 12:12:26.571903+00:00,4,0.65,0.35,yes,KXFEDDECISION-26APR-H0,6bf7ffca-07e5-41a8-5f7d-2996f267888c
2026-02-09 12:26:40.197169+00:00,5,0.65,0.35,yes,KXFEDDECISION-26APR-H0,01cb3cdf-8118-6660-64c9-146a922193cd
2026-02-09 12:47:22.605794+00:00,15,0.66,0.34,yes,KXFEDDECISION-26APR-H0,7efdfa6f-7029-4c74-1b0d-b952a1c7c910
2026-02-09 14:13:23.112655+00:00,34,0.71,0.29,yes,KXFEDDECISION-26APR-H0,6542a910-1992-71d5-3029-63c6be9c46dc
2026-02-09 14:32:13.317822+00:00,500,0.71,0.29,yes,KXFEDDECISION-26APR-H0,fe0f6c69-dd6e-5a81-5e05-6ca91ebd49c0
2026-02-09 16:33:49.019392+00:00,23,0.71,0.29,yes,KXFEDDECISION-26APR-H0,0c4a5139-c652-427d-b902-6b0b2f3d4824
2026-02-09 16:33:49.019392+00:00,27,0.71,0.29,yes,KXFEDDECISION-26APR-H0,de0790ab-6636-4b6a-a794-6ee89e9a1ec4
2026-02-09 17:49:43.048637+00:00,136,0.71,0.29,yes,KXFEDDECISION-26APR-H0,555fd350-0baa-5f6a-ed07-a176faf46340
2026-02-09 19:57:20.925032+00:00,40,0.73,0.27,yes,KXFEDDECISION-26APR-H0,22549808-b732-4e1e-bcfe-be2415fab2e0
2026-02-09 23:19:21.622741+00:00,39,0.7,0.3,no,KXFEDDECISION-26APR-H0,f1476303-bc1d-7ef9-225e-fd83af6d5f9d
2026-02-09 23:19:21.845545+00:00,11,0.7,0.3,yes,KXFEDDECISION-26APR-H0,2355700b-57e1-42c0-3fa9-6e8b6801b519
2026-02-09 23:19:21.910153+00:00,7,0.72,0.28,yes,KXFEDDECISION-26APR-H0,3b56fdbc-ca05-5a17-ab37-fe231145b206
2026-02-09 23:19:21.910153+00:00,13,0.72,0.28,yes,KXFEDDECISION-26APR-H0,eb2f3766-4b5c-5986-b3a5-4833f7dfd2db
2026-02-10 02:01:26.805934+00:00,3,0.71,0.29,no,KXFEDDECISION-26APR-H0,ca9152ab-f30f-55d5-06ba-0c8c4d9f1b45
2026-02-10 06:13:56.406784+00:00,62,0.7,0.3,yes,KXFEDDECISION-26APR-H0,de258228-58b9-4e83-12cf-8b6cff2d9dca
2026-02-10 07:08:42.103870+00:00,2,0.69,0.31,no,KXFEDDECISION-26APR-H0,cf634c1c-8a67-64c4-9a7b-788992d6f0f2
2026-02-10 07:08:42.566114+00:00,30,0.69,0.31,yes,KXFEDDECISION-26APR-H0,03710fef-6fd5-622f-4de5-37d306a10360
2026-02-10 11:08:35.621520+00:00,104,0.7,0.3,yes,KXFEDDECISION-26APR-H0,aa43c29d-66bf-78b0-8695-9cc3c1e35c02
2026-02-10 13:52:42.930183+00:00,165,0.7,0.3,yes,KXFEDDECISION-26APR-H0,9e4ef522-a2c7-6778-95c3-4a8d0685a652
2026-02-10 14:39:38.806446+00:00,136,0.71,0.29,yes,KXFEDDECISION-26APR-H0,2d8174f7-9d5f-5648-c897-14ab5171bbda
2026-02-10 17:40:50.646801+00:00,140,0.69,0.31,yes,KXFEDDECISION-26APR-H0,79ce0598-89f7-490c-e6a7-9474050ee01a
2026-02-10 18:44:47.779012+00:00,150,0.69,0.31,yes,KXFEDDECISION-26APR-H0,ad2fec38-ce53-7e00-643c-fbcc1a31a5ea
2026-02-10 19:26:10.843383+00:00,31,0.69,0.31,yes,KXFEDDECISION-26APR-H0,a6418588-7faf-69f0-6e9e-8e339101e89e
2026-02-10 19:43:04.479124+00:00,1,0.69,0.31,yes,KXFEDDECISION-26APR-H0,395c3b07-5593-4ad0-5b07-5f18c9c3ebea
2026-02-10 21:20:54.971601+00:00,900,0.68,0.32,no,KXFEDDECISION-26APR-H0,89f74234-1d62-4859-e89f-297a0ddad2b2
2026-02-10 22:10:21.532051+00:00,1,0.69,0.31,yes,KXFEDDECISION-26APR-H0,154e78e8-4a2b-5738-dd40-845e6f12629e
2026-02-10 22:22:31.955775+00:00,7,0.69,0.31,yes,KXFEDDECISION-26APR-H0,d03ebf51-7c1b-7464-0228-b2e524127422
2026-02-10 23:24:24.287972+00:00,100,0.68,0.32,no,KXFEDDECISION-26APR-H0,8d879751-21ba-52d5-3cfb-784c905c1642
2026-02-10 23:24:24.287972+00:00,1,0.68,0.32,no,KXFEDDECISION-26APR-H0,3a7587ba-a2f2-5d8e-271b-90a9b3ead6f3
2026-02-10 23:24:24.287972+00:00,20,0.68,0.32,no,KXFEDDECISION-26APR-H0,4c09386a-bbb3-5870-1322-944fb6c108d2
2026-02-11 00:40:41.691320+00:00,14,0.67,0.33,yes,KXFEDDECISION-26APR-H0,a9444004-24cc-6e3f-85e1-5992c4c6519e
2026-02-11 02:23:25.907398+00:00,92,0.67,0.33,yes,KXFEDDECISION-26APR-H0,fd5b2285-c283-7394-5d29-bf86f414c456
2026-02-11 02:55:28.711219+00:00,85,0.66,0.34,no,KXFEDDECISION-26APR-H0,42287cc6-c4a5-6240-90a9-7b090c469b69
2026-02-11 02:55:28.711219+00:00,517,0.66,0.34,no,KXFEDDECISION-26APR-H0,ef13d0ee-7908-691b-b8d5-05b52013b3bf
2026-02-11 09:19:30.153586+00:00,125,0.66,0.34,no,KXFEDDECISION-26APR-H0,1e7f809f-daa0-661f-151f-8e339efb0d43
2026-02-11 09:30:43.923072+00:00,200,0.67,0.33,yes,KXFEDDECISION-26APR-H0,b4ce57b2-f1fb-6914-03fd-36db757d49ba
2026-02-11 13:30:13.976304+00:00,100,0.67,0.33,yes,KXFEDDECISION-26APR-H0,c7841d7f-ab1f-669c-3e05-b51e8c58d22a
2026-02-11 13:32:20.312523+00:00,170,0.67,0.33,yes,KXFEDDECISION-26APR-H0,d0db6fdf-712f-4ba4-d336-bdd890d12d76
2026-02-11 13:32:20.312523+00:00,90,0.67,0.33,yes,KXFEDDECISION-26APR-H0,bd74b396-90ca-4a5c-f425-2464eadd69bc
2026-02-11 13:35:23.740755+00:00,10,0.74,0.26,yes,KXFEDDECISION-26APR-H0,8cc4d408-1bb3-5a84-d080-9021ff2ee4fe
2026-02-11 13:35:37.974833+00:00,1,0.75,0.25,yes,KXFEDDECISION-26APR-H0,399bc7f1-d296-6420-c44a-8c09d1176921
2026-02-11 13:37:30.965824+00:00,201,0.75,0.25,yes,KXFEDDECISION-26APR-H0,f6cacf7f-897e-4424-2b97-a098c9c07e31
2026-02-11 13:38:00.410338+00:00,17,0.74,0.26,no,KXFEDDECISION-26APR-H0,32f7d389-a903-7114-7408-6cbc9d306647
2026-02-11 13:38:00.618665+00:00,260,0.74,0.26,no,KXFEDDECISION-26APR-H0,7da9e8a1-9873-6aa0-b84c-fb8a1534fcd3
2026-02-11 13:39:56.279729+00:00,4,0.76,0.24,yes,KXFEDDECISION-26APR-H0,16fd7b94-350e-72cf-7545-b5b4799111bc
2026-02-11 13:40:07.237687+00:00,5,0.76,0.24,yes,KXFEDDECISION-26APR-H0,55fbb674-ac6b-7fff-365b-ab05e1ac705c
2026-02-11 13:40:47.063550+00:00,45,0.74,0.26,no,KXFEDDECISION-26APR-H0,2079f42b-7633-6064-d837-e7dc14d591ab
2026-02-11 13:50:12.883466+00:00,10,0.74,0.26,no,KXFEDDECISION-26APR-H0,5f5be067-61ab-7cc8-b65b-b192c4b4b2ef
2026-02-11 13:53:34.625385+00:00,92,0.79,0.21,yes,KXFEDDECISION-26APR-H0,91a3207e-8b49-6eb7-40ed-7f4728f41791
2026-02-11 13:53:34.625385+00:00,8,0.79,0.21,yes,KXFEDDECISION-26APR-H0,52c7c3ca-bf6d-696f-51c0-32cb9887fed9
2026-02-11 14:17:53.921386+00:00,41,0.75,0.25,no,KXFEDDECISION-26APR-H0,8aa3f7d6-3b59-68cc-b694-55fc7d7cc7f0
2026-02-11 14:17:53.921386+00:00,4,0.75,0.25,no,KXFEDDECISION-26APR-H0,e9e03ddf-507c-6bad-9738-7d30994f50bf
2026-02-11 14:20:01.049390+00:00,2,0.76,0.24,no,KXFEDDECISION-26APR-H0,e36a27ca-2ad2-5ce2-b8bd-3867475d68a0
2026-02-11 14:20:01.049390+00:00,15,0.75,0.25,no,KXFEDDECISION-26APR-H0,0e612b6f-83a5-5ea4-a213-676190fb1248
2026-02-11 14:34:06.736669+00:00,2,0.76,0.24,no,KXFEDDECISION-26APR-H0,5bc87807-e379-7647-8596-e9119b0d9998
2026-02-11 14:34:06.736669+00:00,40,0.75,0.25,no,KXFEDDECISION-26APR-H0,dfa02c44-8b69-7f94-922e-47c5e1f82a68
2026-02-11 14:42:59.621674+00:00,1,0.75,0.25,no,KXFEDDECISION-26APR-H0,f0d0bc45-f77d-7390-2371-4ab69cd2f648
2026-02-11 14:42:59.621674+00:00,32,0.76,0.24,no,KXFEDDECISION-26APR-H0,fd5bce1a-8c1c-7413-3473-4c9789445f1d
2026-02-11 15:17:23.649889+00:00,2,0.78,0.22,yes,KXFEDDECISION-26APR-H0,2c54ce24-2522-57ca-f282-074f3b8e6303
2026-02-11 15:17:23.649889+00:00,125,0.77,0.23,yes,KXFEDDECISION-26APR-H0,28b06614-4cb4-5799-e68b-47fb04ffc9c7
2026-02-11 15:34:42.075390+00:00,79,0.77,0.23,yes,KXFEDDECISION-26APR-H0,ed20f606-5ad6-4236-cab1-042a6b8975ee
2026-02-11 15:34:42.075390+00:00,20,0.77,0.23,yes,KXFEDDECISION-26APR-H0,bec53961-787b-4151-da88-1f472f482f1b
2026-02-11 15:34:42.075390+00:00,28,0.79,0.21,yes,KXFEDDECISION-26APR-H0,bf883451-f59c-40f3-eb91-fea2b6691e45
2026-02-11 15:41:27.779342+00:00,125,0.78,0.22,yes,KXFEDDECISION-26APR-H0,2ae2b750-4084-76b3-100a-9c66a4db404c
2026-02-11 16:09:39.575253+00:00,10,0.79,0.21,yes,KXFEDDECISION-26APR-H0,4427c136-52dc-71fb-70b3-91561569b289
2026-02-11 16:21:12.275502+00:00,275,0.79,0.21,yes,KXFEDDECISION-26APR-H0,3027ae85-ebcc-66d7-2724-e274cea2befd
2026-02-11 17:54:14.789724+00:00,12,0.79,0.21,yes,KXFEDDECISION-26APR-H0,e94e85cd-ff28-793f-7068-b6bcc8e0f069
2026-02-11 17:59:43.589748+00:00,21,0.78,0.22,yes,KXFEDDECISION-26APR-H0,1aa6761e-50e4-4870-21c4-cc835a4e5b8c
2026-02-11 20:37:14.743584+00:00,25,0.78,0.22,yes,KXFEDDECISION-26APR-H0,0f28df21-c39e-7eca-d755-ce5f551c25d9
2026-02-11 22:33:41.550581+00:00,125,0.79,0.21,yes,KXFEDDECISION-26APR-H0,ab0f12c4-04a6-619b-1cf4-51a6cf8747da
2026-02-12 00:13:24.759861+00:00,2,0.79,0.21,yes,KXFEDDECISION-26APR-H0,6ba11d60-b31b-69a1-87e4-d6acb853e97e
2026-02-12 02:09:29.199432+00:00,1,0.79,0.21,yes,KXFEDDECISION-26APR-H0,9adbd3ce-a820-74e3-aa82-37552c2757a5
2026-02-12 05:30:54.835234+00:00,121,0.8,0.2,yes,KXFEDDECISION-26APR-H0,fd0ddd73-5224-4f2f-b4fb-7b04c5600aad
2026-02-12 06:20:56.801611+00:00,553,0.8,0.2,yes,KXFEDDECISION-26APR-H0,d426c8f5-b3f8-48c3-80ac-7ed7d21d6965
2026-02-12 06:20:56.801611+00:00,56,0.8,0.2,yes,KXFEDDECISION-26APR-H0,3f9c397b-1149-487c-ae6f-2a7e3625eab0
2026-02-12 13:49:57.152006+00:00,12,0.82,0.18,yes,KXFEDDECISION-26APR-H0,1865c761-20d8-73c1-85be-20ebcafcd3cc
2026-02-12 14:48:29.312865+00:00,125,0.83,0.17,yes,KXFEDDECISION-26APR-H0,82ace44a-ebbf-7b5a-6f0b-43234eb7ce4f
2026-02-12 14:48:29.312865+00:00,1,0.86,0.14,yes,KXFEDDECISION-26APR-H0,d4701f81-acb3-72c1-4af1-fcf8d13f90c6
2026-02-12 14:48:29.312865+00:00,2,0.91,0.09,yes,KXFEDDECISION-26APR-H0,d507179c-bf2a-7709-5c40-5eae596ec1ff
2026-02-12 14:48:29.312865+00:00,1,0.89,0.11,yes,KXFEDDECISION-26APR-H0,e574b869-32f5-7561-4490-3dc9c040e7a9
2026-02-12 16:31:53.134998+00:00,6,0.8,0.2,no,KXFEDDECISION-26APR-H0,516d1137-325e-62a9-9e75-a01f02d0e467
2026-02-12 17:23:38.707088+00:00,29,0.8,0.2,yes,KXFEDDECISION-26APR-H0,f6dac6cd-f90d-7fd2-3882-d576c51ea2cd
2026-02-12 17:23:44.379514+00:00,7,0.8,0.2,no,KXFEDDECISION-26APR-H0,91b6fdfb-477a-677e-a12e-a5bd99b6fc5c
2026-02-12 17:23:44.379514+00:00,3,0.81,0.19,no,KXFEDDECISION-26APR-H0,71bd0e96-51a2-64f5-9762-5577270c11cd
2026-02-12 17:23:46.571151+00:00,10,0.8,0.2,no,KXFEDDECISION-26APR-H0,0ee6e5fb-28f2-4cb6-bf69-0c15ee76b310
2026-02-12 17:23:50.084359+00:00,10,0.8,0.2,no,KXFEDDECISION-26APR-H0,e7ee6c38-a67e-6b7e-395a-ca19c3162afc
2026-02-12 17:23:50.536756+00:00,10,0.8,0.2,no,KXFEDDECISION-26APR-H0,f5df21ed-766a-51d6-ecd2-b1406611998c
2026-02-12 17:23:52.533831+00:00,3,0.81,0.19,no,KXFEDDECISION-26APR-H0,10236b73-722f-6124-86f8-491c20c58c5a
2026-02-12 17:23:52.533831+00:00,7,0.8,0.2,no,KXFEDDECISION-26APR-H0,e152338a-a6c6-634e-b628-8c7c7f38fc30
2026-02-12 17:23:54.588327+00:00,10,0.8,0.2,no,KXFEDDECISION-26APR-H0,fdbf9a37-b902-424a-aacc-2988f00f28f8
2026-02-12 17:37:12.875426+00:00,70,0.82,0.18,yes,KXFEDDECISION-26APR-H0,b7ea15a8-eefc-77b4-0c49-c163d26c5ffe
2026-02-12 17:41:02.833802+00:00,6,0.8,0.2,no,KXFEDDECISION-26APR-H0,9d3bf958-1412-4222-a0a2-a50a2310ed04
2026-02-12 17:49:00.538486+00:00,1,0.82,0.18,yes,KXFEDDECISION-26APR-H0,4a1061de-356c-7300-94e6-739699d6c316
2026-02-12 17:53:27.658386+00:00,499,0.8,0.2,no,KXFEDDECISION-26APR-H0,0de060e9-f6ae-5a9e-70ca-3acdb83d0248
2026-02-12 17:53:27.663016+00:00,412,0.8,0.2,no,KXFEDDECISION-26APR-H0,ab68cb78-f5be-79ba-b49d-a147992d9838
2026-02-12 17:53:27.663016+00:00,20,0.79,0.21,no,KXFEDDECISION-26APR-H0,92dbb03a-d9ca-7d05-93a7-3f8446e8592d
2026-02-12 17:53:27.663016+00:00,6,0.77,0.23,no,KXFEDDECISION-26APR-H0,d34064ef-5d66-725e-a4af-7a22fe485f2e
2026-02-12 17:53:27.663016+00:00,20,0.79,0.21,no,KXFEDDECISION-26APR-H0,70a7da21-c0c9-77b2-9e50-efbdb3771475
2026-02-12 17:53:27.663016+00:00,20,0.79,0.21,no,KXFEDDECISION-26APR-H0,b08c2d23-45e6-7012-83ed-bdd3b3d4c198
2026-02-12 17:53:27.663016+00:00,22,0.8,0.2,no,KXFEDDECISION-26APR-H0,ce7a5024-f349-7cdf-b4ff-cd259f5cfa23
2026-02-12 18:00:58.294675+00:00,71,0.8,0.2,yes,KXFEDDECISION-26APR-H0,d1793610-98f8-58ae-5284-e87f9bdb7f36
2026-02-12 18:05:43.459495+00:00,99,0.8,0.2,no,KXFEDDECISION-26APR-H0,8b4bd413-ca9d-78a3-2bb1-1db1a79d140f
2026-02-12 18:05:43.459767+00:00,20,0.77,0.23,no,KXFEDDECISION-26APR-H0,1aeda086-48d6-4902-910c-b04521739422
2026-02-12 18:05:43.459767+00:00,80,0.8,0.2,no,KXFEDDECISION-26APR-H0,922524dd-17a1-494b-9bec-1b3b352fcdaf
2026-02-12 18:49:04.687083+00:00,1,0.77,0.23,no,KXFEDDECISION-26APR-H0,9642996e-c206-546e-17e9-913ab5dfa066
2026-02-12 19:38:31.501421+00:00,6,0.79,0.21,yes,KXFEDDECISION-26APR-H0,53f25088-4edf-68bb-ce7d-d0a3cc5962bd
2026-02-12 19:39:13.280490+00:00,6,0.78,0.22,yes,KXFEDDECISION-26APR-H0,5e0ce2e6-d03d-7b5c-b889-03681366e716
2026-02-12 21:42:23.852468+00:00,400,0.77,0.23,no,KXFEDDECISION-26APR-H0,8b46c852-95de-6c86-6c0d-9fe9cf3e600e
2026-02-13 00:10:14.375811+00:00,9,0.78,0.22,yes,KXFEDDECISION-26APR-H0,1862729a-9ff6-6eaa-47b0-b219aeb05475
2026-02-13 03:00:42.769494+00:00,125,0.77,0.23,no,KXFEDDECISION-26APR-H0,de26d660-5b46-6ba2-6c35-51db1a908d66
2026-02-13 05:01:29.080958+00:00,625,0.78,0.22,yes,KXFEDDECISION-26APR-H0,041f6df7-900a-6c06-54e6-f63ffc5801c5
2026-02-13 05:37:46.435381+00:00,15,0.78,0.22,yes,KXFEDDECISION-26APR-H0,435c54a2-3d52-64e2-3414-4ff59bfd070d
2026-02-13 06:10:13.162111+00:00,125,0.78,0.22,yes,KXFEDDECISION-26APR-H0,958cca35-f3da-4f12-f580-c346725e535d
2026-02-13 11:21:12.588385+00:00,125,0.78,0.22,yes,KXFEDDECISION-26APR-H0,6aba9cbf-2626-6cf2-2011-08beda8118c1
2026-02-13 13:01:45.142338+00:00,448,0.77,0.23,no,KXFEDDECISION-26APR-H0,042b72ae-c41a-634a-d777-41f242150652
2026-02-13 13:01:45.142338+00:00,789,0.77,0.23,no,KXFEDDECISION-26APR-H0,84496e9a-a239-6e02-fd6c-5e319eb4044a
2026-02-13 13:26:53.588055+00:00,349,0.78,0.22,yes,KXFEDDECISION-26APR-H0,791513e3-06d4-664e-f05f-6f5326e90278
2026-02-13 13:26:53.588055+00:00,101,0.78,0.22,yes,KXFEDDECISION-26APR-H0,7904f871-8baa-6cae-fc79-d8d88bae4eed
2026-02-13 13:42:22.315156+00:00,7,0.77,0.23,no,KXFEDDECISION-26APR-H0,b3e97154-dbad-616a-2e05-5ca34dd6bfaa
2026-02-13 13:42:51.012506+00:00,195,0.75,0.25,no,KXFEDDECISION-26APR-H0,cfe70898-b4e5-77d4-bc27-b9b0d2ea6394
2026-02-13 13:42:51.012506+00:00,704,0.77,0.23,no,KXFEDDECISION-26APR-H0,d9f11f2d-8cb5-7906-846d-5891f0e6d9ae
2026-02-13 13:48:31.343281+00:00,1,0.77,0.23,yes,KXFEDDECISION-26APR-H0,178cb8d8-33b4-4315-b358-520212971df0
2026-02-13 13:57:28.158359+00:00,14,0.77,0.23,yes,KXFEDDECISION-26APR-H0,38496318-dcd5-5229-457a-90210cb20f6c
2026-02-13 13:57:28.158359+00:00,52,0.77,0.23,yes,KXFEDDECISION-26APR-H0,ef84e59d-3fe4-53a1-4a48-8cb4de5e40e4
2026-02-13 14:03:28.518848+00:00,10,0.78,0.22,yes,KXFEDDECISION-26APR-H0,6aa17559-2020-635a-164a-9a6fb857c6f8
2026-02-13 14:36:41.131370+00:00,450,0.77,0.23,no,KXFEDDECISION-26APR-H0,0206b9f5-38dd-6fed-8cff-d8e86539826c
2026-02-13 14:41:32.400415+00:00,8,0.77,0.23,no,KXFEDDECISION-26APR-H0,75242f9d-8ac1-625d-35d2-889dd99dc258
2026-02-13 14:47:28.706480+00:00,125,0.77,0.23,no,KXFEDDECISION-26APR-H0,dc711578-b385-5855-c588-50e98ce5c550
2026-02-13 15:14:09.433158+00:00,588,0.77,0.23,no,KXFEDDECISION-26APR-H0,c981c3f1-8485-539d-e9dd-0db7b814df08
2026-02-13 15:17:30.963259+00:00,4106,0.75,0.25,no,KXFEDDECISION-26APR-H0,2abc97ba-55c9-611c-884a-85ce5c70ef9c
2026-02-13 16:14:17.832063+00:00,20,0.76,0.24,yes,KXFEDDECISION-26APR-H0,a1dd0f61-fae5-4fea-2dd2-e9fdda0818a2
2026-02-13 16:48:26.237284+00:00,29,0.76,0.24,yes,KXFEDDECISION-26APR-H0,bd1a10f5-8271-6b46-cf78-ba8532e957b2
2026-02-13 17:13:38.444699+00:00,125,0.75,0.25,no,KXFEDDECISION-26APR-H0,ce8dd353-e66d-7034-50c9-46e7893410a4
2026-02-13 17:39:11.806675+00:00,1,0.76,0.24,yes,KXFEDDECISION-26APR-H0,da24c161-f581-4bf2-5546-8faec6a65526
2026-02-13 17:39:11.806675+00:00,5,0.76,0.24,yes,KXFEDDECISION-26APR-H0,4931a16c-3a18-4e4a-563b-00c70f4375d0
2026-02-13 17:45:25.321143+00:00,7,0.76,0.24,yes,KXFEDDECISION-26APR-H0,c3c2ad4b-254c-7092-87b8-7165edb29768
2026-02-13 18:31:13.277503+00:00,100,0.76,0.24,yes,KXFEDDECISION-26APR-H0,6daccadd-5aa0-7f72-cac8-fc6ec55d72c4
2026-02-13 19:20:01.653923+00:00,250,0.78,0.22,yes,KXFEDDECISION-26APR-H0,4d397028-99a7-4302-f4f4-d7954a694849
2026-02-13 19:20:01.653923+00:00,125,0.76,0.24,yes,KXFEDDECISION-26APR-H0,5991586d-f23f-4d29-fff8-378f4edac14d
2026-02-13 19:20:01.653923+00:00,29,0.76,0.24,yes,KXFEDDECISION-26APR-H0,d702fec0-63b8-48a6-e0a3-5f4e4cfb33d0
2026-02-13 19:51:41.946791+00:00,7,0.77,0.23,yes,KXFEDDECISION-26APR-H0,9ded3343-91a4-4ec7-b814-3c84f974e272
2026-02-13 20:41:38.489836+00:00,69,0.75,0.25,no,KXFEDDECISION-26APR-H0,6002b960-077d-416c-d5a6-83a87ca925e8
2026-02-13 21:06:20.909917+00:00,50,0.75,0.25,no,KXFEDDECISION-26APR-H0,c2870a6b-bc69-7d88-10c3-26e0ac0b1d14
2026-02-13 22:23:07.941184+00:00,50,0.76,0.24,yes,KXFEDDECISION-26APR-H0,2b54b209-f37e-50cc-ed58-a2c43a6ce037
2026-02-13 22:23:07.941184+00:00,50,0.76,0.24,yes,KXFEDDECISION-26APR-H0,e71f1d08-e429-5da2-e375-ef774b036c2c
2026-02-13 23:32:21.616455+00:00,44,0.76,0.24,yes,KXFEDDECISION-26APR-H0,d698829f-e5e5-6d0a-aa31-872ad30bfbcc
2026-02-14 01:59:08.011737+00:00,125,0.76,0.24,yes,KXFEDDECISION-26APR-H0,b87f38f7-8db8-5779-25ad-38b18f267e7d
2026-02-14 01:59:08.011737+00:00,100,0.76,0.24,yes,KXFEDDECISION-26APR-H0,e85ba4bb-04c2-5100-226d-c3b5767faa18
2026-02-14 01:59:08.032320+00:00,150,0.76,0.24,no,KXFEDDECISION-26APR-H0,57890db6-d2ac-4e4c-17c0-f8e190e122e9
2026-02-14 01:59:20.232210+00:00,99,0.76,0.24,no,KXFEDDECISION-26APR-H0,3174e2c2-d8fc-7770-9087-22bc325c3fc9
2026-02-14 02:12:56.283339+00:00,501,0.76,0.24,no,KXFEDDECISION-26APR-H0,f0d2374a-1c28-7548-48a6-95155dec2819
2026-02-14 05:24:17.107686+00:00,25,0.76,0.24,no,KXFEDDECISION-26APR-H0,f6eac5da-e27c-5d50-0166-e19a143f3505
2026-02-14 06:10:53.049025+00:00,25,0.76,0.24,yes,KXFEDDECISION-26APR-H0,2126792b-88c6-7160-a098-536f5afe345b
2026-02-14 06:10:53.049025+00:00,616,0.76,0.24,yes,KXFEDDECISION-26APR-H0,32b03f23-30a2-78d2-bed5-d1513244600c
2026-02-14 06:11:10.793235+00:00,256,0.76,0.24,yes,KXFEDDECISION-26APR-H0,0d111844-f53a-4852-bef3-1e4e080126ec
2026-02-14 06:40:06.548140+00:00,125,0.76,0.24,yes,KXFEDDECISION-26APR-H0,51c869a0-4d90-4407-932e-ae67358f08ba
2026-02-14 06:40:06.548140+00:00,128,0.76,0.24,yes,KXFEDDECISION-26APR-H0,c9b7e18d-c816-45da-856b-90677f5f42e0
2026-02-14 06:40:10.791578+00:00,47,0.76,0.24,no,KXFEDDECISION-26APR-H0,ce4d1c6f-779d-4d19-79f7-45b7f7bf5330
2026-02-14 07:28:30.247912+00:00,1,0.77,0.23,yes,KXFEDDECISION-26APR-H0,2e4c0e88-9080-419a-cd9b-a119f11f228b
2026-02-14 12:09:36.957538+00:00,63,0.77,0.23,yes,KXFEDDECISION-26APR-H0,89bb736a-e6e2-4783-23f1-166ce71d8183
2026-02-14 13:07:19.967349+00:00,125,0.77,0.23,yes,KXFEDDECISION-26APR-H0,b92fa5d3-3f98-705c-7422-f32617624471
2026-02-14 14:56:14.191395+00:00,2,0.77,0.23,yes,KXFEDDECISION-26APR-H0,b5de49c6-986f-41cf-f08d-0df2bd04b916
2026-02-14 16:42:40.351892+00:00,125,0.77,0.23,yes,KXFEDDECISION-26APR-H0,a8f05e87-ece4-7ab8-8e21-6aed3becf9d6
2026-02-14 21:34:56.994181+00:00,1,0.77,0.23,yes,KXFEDDECISION-26APR-H0,e773203d-c0c8-6f97-fd43-e837973ccc31
2026-02-14 23:43:28.515995+00:00,24,0.77,0.23,yes,KXFEDDECISION-26APR-H0,e6230c1a-be0d-7f99-cfef-16385b443c04
2026-02-15 00:50:08.224443+00:00,112,0.77,0.23,yes,KXFEDDECISION-26APR-H0,7ee01dde-996e-79f7-4fd8-5408b64eb0df
2026-02-15 02:27:19.591263+00:00,125,0.77,0.23,yes,KXFEDDECISION-26APR-H0,253bdcac-95a2-45c6-9a55-24a5e7c5b53a
2026-02-15 03:32:53.322292+00:00,125,0.77,0.23,yes,KXFEDDECISION-26APR-H0,8cdd0a7b-37dc-56e5-e853-e39de3f93a48
2026-02-15 03:34:11.868943+00:00,875,0.78,0.22,yes,KXFEDDECISION-26APR-H0,94fe26f1-3e47-683a-7aa4-7eef49b8a07d
2026-02-15 06:02:50.047943+00:00,62,0.78,0.22,yes,KXFEDDECISION-26APR-H0,c268db1d-4dff-6daa-7b0d-d91bd3146199
2026-02-15 07:07:50.945750+00:00,126,0.78,0.22,yes,KXFEDDECISION-26APR-H0,ad7bdc9e-9b5f-7d8e-259b-a069d4268ff1
2026-02-15 07:08:08.912061+00:00,126,0.78,0.22,yes,KXFEDDECISION-26APR-H0,f4d46756-f40f-7096-dd14-31691e99d16d
2026-02-15 18:30:16.681433+00:00,1,0.77,0.23,yes,KXFEDDECISION-26APR-H0,c5d2594f-b1e2-54e4-6860-689ab04b603d
2026-02-15 18:34:05.280541+00:00,99,0.77,0.23,yes,KXFEDDECISION-26APR-H0,00869add-f6e6-55a0-f340-b7c5cb3c2955
2026-02-15 18:34:05.280541+00:00,1,0.77,0.23,yes,KXFEDDECISION-26APR-H0,4abbffd9-eea6-58d4-fc92-7e1c598740af
2026-02-15 22:50:10.903738+00:00,500,0.78,0.22,yes,KXFEDDECISION-26APR-H0,67d0fae2-34c3-642a-8420-7c53fa1317c9
2026-02-15 23:32:24.692807+00:00,175,0.78,0.22,yes,KXFEDDECISION-26APR-H0,5b8791b9-3ce3-4cc6-84c9-60abea8d217d
2026-02-15 23:41:18.835562+00:00,12,0.77,0.23,no,KXFEDDECISION-26APR-H0,4bd303a8-dc46-51cc-e8a0-c62679617a43
2026-02-15 23:41:26.125474+00:00,11,0.77,0.23,no,KXFEDDECISION-26APR-H0,f38f10ac-aa22-4418-1beb-12cac7b4233b
2026-02-15 23:44:14.875332+00:00,125,0.77,0.23,no,KXFEDDECISION-26APR-H0,aa17f7d7-e3b6-641c-309f-3ad4077b5b27
2026-02-15 23:44:27.100543+00:00,47,0.77,0.23,no,KXFEDDECISION-26APR-H0,bf1e4b20-d82a-459c-66a8-48c5a5c6c97b
2026-02-16 02:05:39.404237+00:00,22,0.77,0.23,no,KXFEDDECISION-26APR-H0,dc2b1ce6-51ce-681c-695c-73ffd8d6a3cf
2026-02-16 02:12:16.118499+00:00,24,0.77,0.23,no,KXFEDDECISION-26APR-H0,3fb4496a-3ec6-5744-956d-8ca79f5a3deb
2026-02-16 02:50:25.237132+00:00,40,0.77,0.23,no,KXFEDDECISION-26APR-H0,5c4fd991-4e2a-570c-2cfa-8d762db652db
2026-02-16 03:22:01.272735+00:00,10,0.77,0.23,no,KXFEDDECISION-26APR-H0,594b4904-098a-77fc-d170-55b5708d2ed3
2026-02-16 06:01:18.263521+00:00,41,0.77,0.23,no,KXFEDDECISION-26APR-H0,8373943d-3546-78bc-128d-77e5fc3a6ea3
2026-02-16 08:52:03.188025+00:00,12,0.77,0.23,no,KXFEDDECISION-26APR-H0,70e393a4-b9d9-7aba-3c2c-0171bcca4eff
2026-02-16 10:28:51.419472+00:00,1,0.77,0.23,no,KXFEDDECISION-26APR-H0,f9111ed1-8ba9-438a-0bae-ec5dab8a14ef
2026-02-16 17:44:31.663137+00:00,2,0.77,0.23,no,KXFEDDECISION-26APR-H0,93f28f21-0d45-641a-65e1-4c209da5a4f7
2026-02-16 22:54:12.303909+00:00,13,0.77,0.23,no,KXFEDDECISION-26APR-H0,f10e981b-3d71-6fba-e4f9-11c8dc1aee53
2026-02-16 22:59:34.566539+00:00,9,0.77,0.23,no,KXFEDDECISION-26APR-H0,62defcd9-0585-7d32-b77b-ce51c9ad5d8f
2026-02-16 23:02:37.913374+00:00,8,0.77,0.23,no,KXFEDDECISION-26APR-H0,d74e9735-a9c1-56fe-1c1f-9835509e00d3
2026-02-16 23:02:38.674524+00:00,10,0.77,0.23,no,KXFEDDECISION-26APR-H0,b4d4d45c-e9b1-4f5a-ddb1-f3cf67d9de27
2026-02-16 23:06:08.254194+00:00,7,0.77,0.23,no,KXFEDDECISION-26APR-H0,629a3fa7-2b59-759e-c03d-a781a42f3e8f
2026-02-16 23:06:08.807676+00:00,9,0.77,0.23,no,KXFEDDECISION-26APR-H0,d1d4f6d1-1029-7f5a-829e-ece6082ecd9b
2026-02-16 23:09:18.868952+00:00,8,0.77,0.23,no,KXFEDDECISION-26APR-H0,d3312bdd-b761-41a6-68c9-31016ed22f2f
2026-02-16 23:09:19.620713+00:00,10,0.77,0.23,no,KXFEDDECISION-26APR-H0,6db605f7-1d71-6e76-06c4-36421b936a97
2026-02-16 23:12:27.839670+00:00,8,0.77,0.23,no,KXFEDDECISION-26APR-H0,880c857e-9e05-4866-1656-161dcf97b1df
2026-02-16 23:12:28.616920+00:00,9,0.77,0.23,no,KXFEDDECISION-26APR-H0,79da6395-84a5-570a-4c07-9084e2f90bf3
2026-02-17 02:11:41.126071+00:00,250,0.78,0.22,yes,KXFEDDECISION-26APR-H0,bd2a1f7e-63a3-61be-81f6-1aaacb23f269
2026-02-17 03:45:07.671421+00:00,81,0.77,0.23,no,KXFEDDECISION-26APR-H0,41cc45af-86a3-6862-d389-f03799a08e8f
2026-02-17 03:46:52.579621+00:00,1,0.77,0.23,no,KXFEDDECISION-26APR-H0,58ef8623-087f-782e-7647-51c3d12a6d67
2026-02-17 05:47:21.456798+00:00,18,0.77,0.23,no,KXFEDDECISION-26APR-H0,0725a1b1-5e7f-5ed2-c98d-fee6798d8b4b
2026-02-17 05:47:21.456798+00:00,82,0.75,0.25,no,KXFEDDECISION-26APR-H0,a3e8bdee-17cd-5dbc-d66a-320c6e82fd44
2026-02-17 08:33:10.806643+00:00,60,0.75,0.25,no,KXFEDDECISION-26APR-H0,0f91c11f-bd71-4e50-be54-1be72306b790
2026-02-17 08:33:42.946380+00:00,113,0.75,0.25,no,KXFEDDECISION-26APR-H0,65d29194-b3d5-45c0-d483-52c770be1570
2026-02-17 09:04:19.272697+00:00,1,0.75,0.25,no,KXFEDDECISION-26APR-H0,f08f185a-b791-5f28-8d30-cfe8c626f664
2026-02-17 09:33:38.092392+00:00,53,0.75,0.25,no,KXFEDDECISION-26APR-H0,47ad5bf0-407d-7398-8142-9a840081ebe4
2026-02-17 14:44:44.592085+00:00,41,0.75,0.25,no,KXFEDDECISION-26APR-H0,989d69d9-97a1-5f2c-4c7f-4c052d463c60
2026-02-17 15:21:54.220779+00:00,7,0.75,0.25,no,KXFEDDECISION-26APR-H0,df3e8719-f975-403c-ca0d-82ca5446e370
2026-02-17 20:15:03.495717+00:00,100,0.78,0.22,yes,KXFEDDECISION-26APR-H0,c2ff3294-4834-7d08-94d5-5ef75f97713b
2026-02-17 20:15:03.495717+00:00,250,0.78,0.22,yes,KXFEDDECISION-26APR-H0,4db1d8d8-fc62-71f8-af6a-bcac896f7d0d
2026-02-17 20:15:03.495717+00:00,136,0.78,0.22,yes,KXFEDDECISION-26APR-H0,6cb7cabd-d70b-7c72-8fb8-3027b4189a31
2026-02-17 20:15:03.495717+00:00,500,0.78,0.22,yes,KXFEDDECISION-26APR-H0,0f152d47-cd42-790a-90fb-2566761cc7d2
2026-02-17 20:20:23.387829+00:00,49,0.79,0.21,yes,KXFEDDECISION-26APR-H0,1764c12b-5133-479d-710c-b4cf308fd36f
2026-02-17 21:36:02.563803+00:00,12,0.78,0.22,no,KXFEDDECISION-26APR-H0,6f7072a8-c0ac-6be6-0cb3-0f37ba07cccf
2026-02-17 22:02:19.642078+00:00,1,0.77,0.23,no,KXFEDDECISION-26APR-H0,06677b96-e618-753f-ca03-1087b0045b39
2026-02-17 22:02:19.642078+00:00,2,0.78,0.22,no,KXFEDDECISION-26APR-H0,4fd09efa-f4c8-7956-ec72-65fad53c4ccb
2026-02-17 22:02:19.642078+00:00,2,0.77,0.23,no,KXFEDDECISION-26APR-H0,915261c3-4d8f-7337-c2fd-d0d72e598ba1
2026-02-17 22:11:28.514325+00:00,1,0.77,0.23,no,KXFEDDECISION-26APR-H0,4ed29529-119d-597f-163d-84e331327598
2026-02-17 22:11:54.451349+00:00,11,0.78,0.22,yes,KXFEDDECISION-26APR-H0,789640de-aec0-59a5-1bba-c8e062c03b55
2026-02-17 22:12:14.131178+00:00,1,0.75,0.25,no,KXFEDDECISION-26APR-H0,a2ceea16-8975-442c-5717-cbfed083cf7c
2026-02-17 22:13:11.262772+00:00,2,0.78,0.22,yes,KXFEDDECISION-26APR-H0,10c48b3e-a47b-62e9-f761-749b065f08ca
2026-02-17 23:28:10.534578+00:00,18,0.77,0.23,yes,KXFEDDECISION-26APR-H0,cbb1c95d-7201-7b3e-3c3b-8e8695e88156
2026-02-17 23:28:28.425654+00:00,125,0.78,0.22,yes,KXFEDDECISION-26APR-H0,29813d5c-763c-4985-3246-c6cc38626ccb
2026-02-18 00:21:03.227048+00:00,81,0.77,0.23,yes,KXFEDDECISION-26APR-H0,fc0074dc-0589-5694-8fcb-764802bc3888
2026-02-18 00:24:36.718130+00:00,32,0.78,0.22,yes,KXFEDDECISION-26APR-H0,82f108f2-5f5a-4beb-f1fd-3b52e96eadaf
2026-02-18 00:25:03.237584+00:00,170,0.79,0.21,yes,KXFEDDECISION-26APR-H0,62e9de0f-62cf-6bc1-d136-f37928222da3
2026-02-18 01:20:24.211328+00:00,10,0.74,0.26,no,KXFEDDECISION-26APR-H0,41c223a1-7ae8-5b48-4c55-07e2b02e037a
2026-02-18 06:06:48.339648+00:00,2,0.78,0.22,yes,KXFEDDECISION-26APR-H0,9cf57c69-7563-7588-a26f-4ad4b7e1e80e
2026-02-18 06:06:48.339648+00:00,29,0.79,0.21,yes,KXFEDDECISION-26APR-H0,f0f9d6a7-28ab-70a5-892f-b282be8f77b7
2026-02-18 08:41:29.640398+00:00,7,0.77,0.23,no,KXFEDDECISION-26APR-H0,ce0f8000-d991-7e5d-9877-8726323c7481
2026-02-18 08:48:25.952335+00:00,13,0.77,0.23,no,KXFEDDECISION-26APR-H0,7cae2325-5ecd-5579-0b30-6399fdf9a08d
2026-02-18 14:06:39.788704+00:00,750,0.78,0.22,yes,KXFEDDECISION-26APR-H0,466411f8-9aa4-5282-76c7-cce873b27f69
2026-02-18 14:06:39.788704+00:00,506,0.79,0.21,yes,KXFEDDECISION-26APR-H0,e5468c7a-0057-5289-7bfd-8b31f9c97cf3
2026-02-18 14:48:11.776075+00:00,150,0.78,0.22,yes,KXFEDDECISION-26APR-H0,b153761f-9998-70f2-abbd-175bbda76b0a
2026-02-18 18:30:56.361580+00:00,10,0.78,0.22,yes,KXFEDDECISION-26APR-H0,6cd0e4e9-605c-6ace-1cfe-14d885bee2ad
2026-02-18 19:12:46.758494+00:00,2,0.77,0.23,no,KXFEDDECISION-26APR-H0,d3037f00-e7f1-4535-f9b3-d103b4e16fb9
2026-02-18 19:12:46.758494+00:00,48,0.76,0.24,no,KXFEDDECISION-26APR-H0,546264b9-b08c-4aed-e388-3bade2379fe7
2026-02-18 19:19:32.110545+00:00,50,0.76,0.24,no,KXFEDDECISION-26APR-H0,42ddd6b3-d648-4085-5002-910186df342f
2026-02-18 19:20:21.311556+00:00,234,0.79,0.21,yes,KXFEDDECISION-26APR-H0,038c9bf9-8bf7-4ba9-11c3-151e39f7afff
2026-02-18 19:20:21.311556+00:00,326,0.79,0.21,yes,KXFEDDECISION-26APR-H0,7eaa70b8-b743-475a-2efe-602667b44f00
2026-02-18 19:20:21.311556+00:00,350,0.79,0.21,yes,KXFEDDECISION-26APR-H0,cdfc2e67-d95e-4e67-1f33-0b0579c3ad3f
2026-02-18 19:20:21.311556+00:00,90,0.78,0.22,yes,KXFEDDECISION-26APR-H0,db7185b3-2088-48f2-0a34-dcfa21b97d31
2026-02-18 19:20:39.594597+00:00,1500,0.79,0.21,yes,KXFEDDECISION-26APR-H0,5fcdf158-12be-50ef-3f22-06cbcfbb6af7
2026-02-18 20:21:41.965151+00:00,500,0.8,0.2,yes,KXFEDDECISION-26APR-H0,1f2bd1bf-2702-55a4-6b82-d9353422aea1
2026-02-18 20:40:00.234944+00:00,32,0.79,0.21,no,KXFEDDECISION-26APR-H0,2b8ba69f-3417-5c43-5703-ad3e478dd8a8
2026-02-18 20:40:04.141840+00:00,17,0.78,0.22,no,KXFEDDECISION-26APR-H0,74710456-8fea-52ad-7b6c-66908cea0a21
2026-02-18 20:40:04.141840+00:00,1,0.78,0.22,no,KXFEDDECISION-26APR-H0,20b6e70c-1e22-5695-6eda-2626f7c1bb99
2026-02-18 21:19:59.593771+00:00,166,0.81,0.19,yes,KXFEDDECISION-26APR-H0,0681ff94-bd57-5d7e-faaa-2f1621e19276
2026-02-18 21:24:19.252902+00:00,13,0.82,0.18,no,KXFEDDECISION-26APR-H0,d6fbd8c1-062a-7da7-64f3-54955b6c0a7a
2026-02-18 21:24:20.473665+00:00,13,0.82,0.18,no,KXFEDDECISION-26APR-H0,038d04d5-f8ef-78b5-b56e-49ff7c38d86b
2026-02-18 21:24:20.473665+00:00,12,0.82,0.18,no,KXFEDDECISION-26APR-H0,dc44a276-534d-7087-8437-602ddf21ba50
2026-02-18 21:24:38.642863+00:00,8,0.82,0.18,no,KXFEDDECISION-26APR-H0,05343e89-6a65-4d68-9d69-a96694cca9d6
2026-02-18 21:26:22.707064+00:00,50,0.82,0.18,yes,KXFEDDECISION-26APR-H0,f57733ca-d18e-76ad-031f-7557586530b0
2026-02-18 21:42:45.835629+00:00,254,0.81,0.19,no,KXFEDDECISION-26APR-H0,5fef2e06-1aa7-7da2-0a8a-fbb60dec3263
2026-02-18 23:21:35.981969+00:00,12,0.82,0.18,yes,KXFEDDECISION-26APR-H0,d0178763-71e3-757a-098a-8ae4a6a8e3a3
2026-02-18 23:25:56.710652+00:00,580,0.82,0.18,yes,KXFEDDECISION-26APR-H0,146e0029-8c93-4192-99cb-98b7dea4c63b
2026-02-18 23:53:46.135155+00:00,120,0.81,0.19,yes,KXFEDDECISION-26APR-H0,1a1e1778-2702-71aa-b0ce-86815947948e
2026-02-19 03:37:02.188526+00:00,10,0.81,0.19,yes,KXFEDDECISION-26APR-H0,895a003e-6742-5bad-34aa-8ac4d025d463
2026-02-19 04:03:11.065843+00:00,7,0.82,0.18,yes,KXFEDDECISION-26APR-H0,446cb697-984b-7e2a-8730-e6a21267632b
2026-02-19 04:03:11.065843+00:00,24,0.81,0.19,yes,KXFEDDECISION-26APR-H0,5b9f14e5-1b8c-7144-b6b7-f2bdc3e552c3
2026-02-19 05:50:28.475215+00:00,32,0.81,0.19,yes,KXFEDDECISION-26APR-H0,95669b41-45d9-6ade-a385-2840e19acee1
2026-02-19 13:35:42.393505+00:00,14,0.79,0.21,no,KXFEDDECISION-26APR-H0,6e209d24-a934-7464-e449-52da5055fd18
2026-02-19 13:35:42.393505+00:00,32,0.79,0.21,no,KXFEDDECISION-26APR-H0,125ffe97-2123-7808-d213-273bccd0600c
2026-02-19 14:08:27.503118+00:00,40,0.78,0.22,no,KXFEDDECISION-26APR-H0,77f570b2-9b13-4782-9983-ffa6bfa32e6d
2026-02-19 14:08:35.195617+00:00,96,0.77,0.23,no,KXFEDDECISION-26APR-H0,77671755-55a6-6163-23ab-9865579e635e
2026-02-19 17:04:57.972997+00:00,4,0.79,0.21,yes,KXFEDDECISION-26APR-H0,21be82ea-c956-59c8-ca2f-c9b45bddb258
2026-02-19 17:22:12.699080+00:00,446,0.81,0.19,yes,KXFEDDECISION-26APR-H0,29c24a18-7795-7dd4-10fd-d8bcac82eecf
2026-02-19 17:50:59.088783+00:00,38,0.76,0.24,no,KXFEDDECISION-26APR-H0,eeb74bc5-84e3-40a6-80c3-09125583d62e
2026-02-19 17:50:59.088783+00:00,27,0.76,0.24,no,KXFEDDECISION-26APR-H0,71f35645-bde4-4255-b6a4-df425029bef3
2026-02-19 17:50:59.088783+00:00,16,0.78,0.22,no,KXFEDDECISION-26APR-H0,9b101372-2c98-4cfa-839c-e5cdc2a86e90
2026-02-19 17:50:59.088783+00:00,4,0.77,0.23,no,KXFEDDECISION-26APR-H0,9f8838cb-ffb2-4e3b-a341-d3d6c3fbb662
2026-02-20 01:34:08.100580+00:00,16,0.77,0.23,yes,KXFEDDECISION-26APR-H0,eebf2f38-7719-52be-03fa-23b45262d60f
2026-02-20 01:34:08.100580+00:00,32,0.77,0.23,yes,KXFEDDECISION-26APR-H0,8471f05d-1fb2-54a7-2ccf-2788bed95e18
2026-02-20 01:34:08.100580+00:00,17,0.77,0.23,yes,KXFEDDECISION-26APR-H0,2488638c-6b64-5325-1c08-2627fda3d527
2026-02-20 01:34:08.100580+00:00,16,0.77,0.23,yes,KXFEDDECISION-26APR-H0,6e4e126a-b9f5-523b-3722-506fa046fb3b
2026-02-20 01:55:34.662031+00:00,554,0.78,0.22,yes,KXFEDDECISION-26APR-H0,62cba9c6-814d-5df8-fc66-aebdb399a6ab
2026-02-20 02:21:34.158818+00:00,1,0.78,0.22,no,KXFEDDECISION-26APR-H0,def6c21a-5af5-71b0-8c40-80a5b80d45b3
2026-02-20 05:10:18.290984+00:00,9,0.79,0.21,no,KXFEDDECISION-26APR-H0,8976ccbd-c544-423c-a62a-8c4f0990c197
2026-02-20 05:10:18.293182+00:00,9,0.79,0.21,no,KXFEDDECISION-26APR-H0,70081698-8290-793c-af99-649e853ce6c3
2026-02-20 06:24:02.037262+00:00,6,0.78,0.22,no,KXFEDDECISION-26APR-H0,031d1061-4861-4738-6950-6932d62b005b
2026-02-20 06:24:02.037262+00:00,14,0.79,0.21,no,KXFEDDECISION-26APR-H0,6d7fd315-c40c-4bb4-6f9c-9a7acae4e0b3
2026-02-20 10:41:59.073665+00:00,5,0.78,0.22,no,KXFEDDECISION-26APR-H0,ea319136-95b5-5990-e302-833b72dafbe7
2026-02-20 11:28:29.917158+00:00,82,0.79,0.21,yes,KXFEDDECISION-26APR-H0,635052be-43f9-51b3-b6ee-6098a895e565
2026-02-20 14:12:35.214704+00:00,6,0.77,0.23,yes,KXFEDDECISION-26APR-H0,9cd74800-3f45-6d22-6f16-85d495e581c8
2026-02-20 14:13:35.273874+00:00,16,0.75,0.25,no,KXFEDDECISION-26APR-H0,8de66591-f8b5-54ac-3104-ab2b797fdf6d
2026-02-20 14:13:35.273874+00:00,4,0.75,0.25,no,KXFEDDECISION-26APR-H0,a71b587f-8dc7-556f-1421-f55f7092573c
2026-02-20 14:17:01.264549+00:00,3,0.72,0.28,no,KXFEDDECISION-26APR-H0,bed5bede-4662-4137-648a-d16ac1987618
2026-02-20 14:33:16.021839+00:00,32,0.77,0.23,yes,KXFEDDECISION-26APR-H0,caee6678-5418-44df-3def-235213ab86f3
2026-02-20 14:54:05.928423+00:00,3,0.78,0.22,no,KXFEDDECISION-26APR-H0,b407e586-070d-79b9-c27b-437f8a501bc8
2026-02-20 17:13:29.766788+00:00,20,0.78,0.22,no,KXFEDDECISION-26APR-H0,284837ba-99f9-7291-77c4-cee61737cb0c
2026-02-20 17:17:46.249187+00:00,10,0.78,0.22,no,KXFEDDECISION-26APR-H0,b32727c4-41ed-58c5-6ada-bf4026e792ec
2026-02-20 18:05:51.383238+00:00,10,0.79,0.21,no,KXFEDDECISION-26APR-H0,08452dac-e0ca-598e-f52c-6c2387a9157d
2026-02-20 18:16:13.141077+00:00,2,0.81,0.19,yes,KXFEDDECISION-26APR-H0,bc178d54-a33f-42e6-d7cc-11099b4152ef
2026-02-20 18:56:08.678687+00:00,5,0.79,0.21,no,KXFEDDECISION-26APR-H0,c6c4ca3a-9732-606a-b7aa-014bb4b96f8d
2026-02-20 18:58:30.072361+00:00,25,0.79,0.21,no,KXFEDDECISION-26APR-H0,fbb11169-677a-552a-e266-46735222ece9
2026-02-20 20:16:32.614237+00:00,96,0.82,0.18,yes,KXFEDDECISION-26APR-H0,0140d47a-68f5-403c-01aa-bc893ed93061
2026-02-20 20:16:32.614237+00:00,201,0.82,0.18,yes,KXFEDDECISION-26APR-H0,721d5a48-5f7f-4e7e-1664-f756fd35c23f
2026-02-20 20:46:43.893836+00:00,1,0.82,0.18,yes,KXFEDDECISION-26APR-H0,343a9f3a-89e1-784c-4d93-2d36e1e46b05
2026-02-20 23:58:07.840680+00:00,250,0.82,0.18,yes,KXFEDDECISION-26APR-H0,1091ce6b-4165-4940-3433-aeb80f1e4cdd
2026-02-21 02:22:53.079748+00:00,100,0.8,0.2,no,KXFEDDECISION-26APR-H0,8be7d162-de42-50d5-f80c-5fb9fb058469
2026-02-21 02:22:53.079748+00:00,25,0.8,0.2,no,KXFEDDECISION-26APR-H0,ce368a84-4574-5645-ebaf-6a1ec9aebbd0
2026-02-21 02:44:24.250270+00:00,1,0.8,0.2,yes,KXFEDDECISION-26APR-H0,a5306529-108b-7289-71cc-e1ad5c830b7c
2026-02-21 05:01:19.079958+00:00,81,0.79,0.21,no,KXFEDDECISION-26APR-H0,ea8856d2-f8da-7bce-6bdb-12fdc2b96a1d
2026-02-21 05:01:42.602816+00:00,689,0.79,0.21,no,KXFEDDECISION-26APR-H0,267b7a6c-d83e-65c2-5f6a-6455e6ca75dd
2026-02-21 10:27:53.617118+00:00,3,0.79,0.21,no,KXFEDDECISION-26APR-H0,a43a49e1-fd4a-5976-0ecc-6e000fa9bb01
2026-02-21 13:50:11.260841+00:00,74,0.79,0.21,no,KXFEDDECISION-26APR-H0,36135b86-4e7e-6e2e-462c-49b29e8f1ca9
2026-02-21 14:01:25.794935+00:00,96,0.79,0.21,no,KXFEDDECISION-26APR-H0,436e3f5f-3de2-719a-c989-e4f062225b8d
2026-02-21 14:22:59.498032+00:00,10,0.8,0.2,no,KXFEDDECISION-26APR-H0,151735f3-0fb4-7ab4-0404-7dcc0b1b94eb
2026-02-21 14:22:59.498032+00:00,10,0.8,0.2,no,KXFEDDECISION-26APR-H0,21089da1-3bbc-7874-1b57-667b3150dea7
2026-02-21 15:17:07.272940+00:00,55,0.83,0.17,yes,KXFEDDECISION-26APR-H0,2abf118f-7237-4069-0951-95c903281c5f
2026-02-21 15:17:07.298210+00:00,32,0.83,0.17,no,KXFEDDECISION-26APR-H0,dad37a92-2f9a-669c-1f2f-34ecce3c26f5
2026-02-21 15:18:04.259266+00:00,1,0.83,0.17,no,KXFEDDECISION-26APR-H0,3f35358b-f75e-76ac-e848-825a98cbcc19
2026-02-21 15:18:08.138488+00:00,65,0.83,0.17,no,KXFEDDECISION-26APR-H0,d22bbce0-d1ba-6a54-046e-5dcd7caab46d
2026-02-21 15:30:00.746775+00:00,15,0.83,0.17,no,KXFEDDECISION-26APR-H0,933814e3-b21a-7324-6b65-0d512f8839a5
2026-02-21 15:31:19.098219+00:00,1,0.83,0.17,no,KXFEDDECISION-26APR-H0,6e20c48c-0fb6-68cc-1752-e5da56530ce1
2026-02-21 15:34:05.264914+00:00,6,0.83,0.17,no,KXFEDDECISION-26APR-H0,3b1424cc-c142-64b4-1634-67cfc5107149
2026-02-21 15:40:04.097414+00:00,87,0.83,0.17,no,KXFEDDECISION-26APR-H0,c891a7f7-7aca-5500-f970-db0e2078ed61
2026-02-21 15:54:21.984092+00:00,18,0.83,0.17,no,KXFEDDECISION-26APR-H0,e6e09595-a312-4748-b62d-665f1d704255
2026-02-21 15:54:21.985681+00:00,82,0.83,0.17,no,KXFEDDECISION-26APR-H0,68e40ac0-8182-4f30-9eba-1837933b98f1
2026-02-21 18:12:13.264218+00:00,1,0.84,0.16,yes,KXFEDDECISION-26APR-H0,e7145845-51bc-6110-43ce-ff16343a5de8
2026-02-21 18:26:10.809129+00:00,7,0.84,0.16,yes,KXFEDDECISION-26APR-H0,8d47ab36-f298-5440-d957-c6baf9c8a7dc
2026-02-21 21:10:59.445289+00:00,25,0.83,0.17,no,KXFEDDECISION-26APR-H0,6165035f-a54a-72d4-a2cb-7991e879d4dd
2026-02-21 21:11:00.810998+00:00,25,0.83,0.17,no,KXFEDDECISION-26APR-H0,2a5134e8-1972-7e6c-753d-86117e743d3d
2026-02-21 21:22:22.924236+00:00,1,0.83,0.17,no,KXFEDDECISION-26APR-H0,b57bd71e-58ba-5e94-48b8-ce9a655f1a61
2026-02-21 21:22:58.775002+00:00,1,0.83,0.17,no,KXFEDDECISION-26APR-H0,8777f0c7-9aae-42a4-bec2-c7046db0c519
2026-02-22 00:04:36.450738+00:00,80,0.83,0.17,no,KXFEDDECISION-26APR-H0,7060ed4a-b89e-57d4-8b78-7a5f873621c1
2026-02-22 01:02:52.404779+00:00,17,0.84,0.16,yes,KXFEDDECISION-26APR-H0,2b9ca4a0-b44c-6ed4-54c4-93e3675fce38
2026-02-22 01:02:52.404779+00:00,83,0.84,0.16,yes,KXFEDDECISION-26APR-H0,c3a6ba9c-d290-6b12-7557-b1a3468a21e3
2026-02-22 01:30:33.843062+00:00,1,0.83,0.17,no,KXFEDDECISION-26APR-H0,af4714a6-e18a-4e78-571d-e79968fa4545
2026-02-22 03:41:34.692316+00:00,35,0.84,0.16,yes,KXFEDDECISION-26APR-H0,628bbaaf-42e4-4b5a-a6c1-49eaddec592b
2026-02-22 05:15:39.244322+00:00,34,0.84,0.16,yes,KXFEDDECISION-26APR-H0,418d92ed-88b4-43b6-40f9-66be7ad4a9b7
2026-02-22 05:28:57.306872+00:00,5,0.83,0.17,no,KXFEDDECISION-26APR-H0,fc6aca80-573e-60b8-95e3-4e7998b7aea5
2026-02-22 05:57:47.960320+00:00,555,0.83,0.17,no,KXFEDDECISION-26APR-H0,62fce23e-ad0a-4184-5536-7db2780a86c9
2026-02-22 06:36:03.542510+00:00,28,0.83,0.17,no,KXFEDDECISION-26APR-H0,dbc67c5d-91ba-7c04-3f6f-9fa2e00f3375
2026-02-22 09:55:36.490122+00:00,7,0.83,0.17,no,KXFEDDECISION-26APR-H0,e8d96758-5f98-698d-2964-f1cea4815416
2026-02-22 09:55:36.490122+00:00,18,0.83,0.17,no,KXFEDDECISION-26APR-H0,556fb244-e285-6a09-294f-073045c4eba1
2026-02-22 13:19:34.644650+00:00,1,0.83,0.17,no,KXFEDDECISION-26APR-H0,300eef13-64fc-4d5d-e47d-763383091c22
2026-02-22 14:58:18.102753+00:00,29,0.84,0.16,yes,KXFEDDECISION-26APR-H0,32487992-e505-5d34-2a57-469959598d1d
2026-02-22 14:58:18.102753+00:00,88,0.84,0.16,yes,KXFEDDECISION-26APR-H0,59b6e72d-8dc0-536e-07a0-1b519a0af81b
2026-02-22 15:22:21.675539+00:00,1,0.83,0.17,no,KXFEDDECISION-26APR-H0,7ed91845-9800-5439-4c3b-117dab6e25aa
2026-02-22 15:34:14.526954+00:00,62,0.83,0.17,no,KXFEDDECISION-26APR-H0,e81454ce-63a4-5019-7a14-499dc0df7eba
2026-02-22 15:55:40.566933+00:00,5,0.83,0.17,no,KXFEDDECISION-26APR-H0,334a220a-cf28-4729-2586-12c15713a5ee
2026-02-22 16:00:37.272985+00:00,24,0.83,0.17,no,KXFEDDECISION-26APR-H0,57502b6a-99b4-6421-1f00-00b3e16bd5c2
2026-02-22 16:00:37.286454+00:00,3,0.82,0.18,no,KXFEDDECISION-26APR-H0,38f94c01-4a55-4767-1bc2-e7072b319f10
2026-02-22 16:00:37.286454+00:00,20,0.78,0.22,no,KXFEDDECISION-26APR-H0,4f2ed96a-633d-4395-2923-7cb34cb6c968
2026-02-22 16:00:37.286454+00:00,3,0.82,0.18,no,KXFEDDECISION-26APR-H0,d1fca7ec-9f6c-41f6-264c-83a911349d3d
2026-02-22 16:00:37.286454+00:00,3,0.82,0.18,no,KXFEDDECISION-26APR-H0,f13c4293-81a5-44db-13a7-dbe199368dd5
2026-02-23 00:08:14.927432+00:00,9,0.82,0.18,yes,KXFEDDECISION-26APR-H0,c18b307d-b78a-4836-d6a0-7592db3ba4b8
2026-02-23 01:25:08.841604+00:00,10,0.81,0.19,yes,KXFEDDECISION-26APR-H0,cc3035d5-219c-5568-2d57-4597fd04255e
2026-02-23 02:31:18.752457+00:00,12,0.8,0.2,no,KXFEDDECISION-26APR-H0,f6091c31-80bf-6bfa-be21-508d617f4909
2026-02-23 03:04:13.418417+00:00,27,0.8,0.2,no,KXFEDDECISION-26APR-H0,da5c6a95-f60f-6af2-2ddc-114eda24156d
2026-02-23 03:04:34.128961+00:00,1,0.81,0.19,yes,KXFEDDECISION-26APR-H0,e76c5c6f-f974-46a4-7a81-a76977b960fe
2026-02-23 04:55:49.666246+00:00,5,0.81,0.19,yes,KXFEDDECISION-26APR-H0,3f243ad5-1758-4760-6379-9c66a7a3ea66
2026-02-23 04:55:58.751529+00:00,58,0.83,0.17,yes,KXFEDDECISION-26APR-H0,8033b83d-3dc5-5d04-7734-084ab1956985
2026-02-23 05:54:20.415219+00:00,40,0.82,0.18,no,KXFEDDECISION-26APR-H0,6e39f414-fdc2-544f-b98f-7da8e76ea1ab
2026-02-23 14:15:37.965495+00:00,50,0.82,0.18,no,KXFEDDECISION-26APR-H0,a37ce017-791e-57b8-ef31-1f748ed3c927
2026-02-23 14:17:51.992955+00:00,12,0.83,0.17,yes,KXFEDDECISION-26APR-H0,9aadaca1-34d1-73a0-e2f7-ca81851b96f1
2026-02-23 14:19:02.290234+00:00,54,0.83,0.17,yes,KXFEDDECISION-26APR-H0,70e79b8b-2461-5c8c-868d-b3dd4849e0f5
2026-02-23 14:19:19.769101+00:00,20,0.84,0.16,yes,KXFEDDECISION-26APR-H0,c3276cc8-2508-5cfc-5373-6d95b7a390b7
2026-02-23 14:19:19.769101+00:00,20,0.84,0.16,yes,KXFEDDECISION-26APR-H0,129396aa-4011-5999-5876-40eea3ac7b00
2026-02-23 14:19:19.769101+00:00,20,0.84,0.16,yes,KXFEDDECISION-26APR-H0,f19a31d1-472d-5e49-7697-0d01a680fd7e
2026-02-23 15:28:01.187828+00:00,40,0.84,0.16,yes,KXFEDDECISION-26APR-H0,a415c21c-ac78-7134-939e-05c01c60aa1d
2026-02-23 15:37:42.073453+00:00,50,0.82,0.18,no,KXFEDDECISION-26APR-H0,286a1e89-d32e-7820-b90e-785c3d60d013
2026-02-23 15:37:42.073453+00:00,50,0.82,0.18,no,KXFEDDECISION-26APR-H0,9050ad72-94a2-7a50-be91-dc8cfd82044d
2026-02-23 17:32:17.680412+00:00,10,0.82,0.18,no,KXFEDDECISION-26APR-H0,ace30c26-3b9b-4003-3dd7-65603ed5cd8a
2026-02-23 17:42:34.001302+00:00,500,0.82,0.18,no,KXFEDDECISION-26APR-H0,6d66650b-ea93-7a8b-8b84-6ad564430ea2
2026-02-23 17:45:17.206028+00:00,97,0.84,0.16,yes,KXFEDDECISION-26APR-H0,ddbe4bfa-8744-4a18-3f4c-856fe416af39
2026-02-23 17:49:27.477088+00:00,5,0.82,0.18,no,KXFEDDECISION-26APR-H0,01699be6-7ac3-42bb-821c-0c05245537d6
2026-02-23 19:43:07.007972+00:00,363,0.84,0.16,yes,KXFEDDECISION-26APR-H0,0d35c8ab-e060-710c-2e19-56c9c5811711
2026-02-23 19:43:14.896150+00:00,20,0.85,0.15,yes,KXFEDDECISION-26APR-H0,16782229-d289-7b2b-6d8c-334bea5cc420
2026-02-23 19:43:14.896150+00:00,20,0.85,0.15,yes,KXFEDDECISION-26APR-H0,9bf7bfef-6afe-766e-6235-89218bb3ed66
2026-02-23 19:43:14.896150+00:00,20,0.85,0.15,yes,KXFEDDECISION-26APR-H0,ebab11fc-cce2-7039-7f60-7b3690fac798
2026-02-23 19:45:18.492515+00:00,83,0.93,0.07,yes,KXFEDDECISION-26APR-H0,7094b799-30d3-594a-0aba-cfab06ae06d7
2026-02-23 19:45:18.492515+00:00,1000,0.87,0.13,yes,KXFEDDECISION-26APR-H0,fd9a9a3e-fec1-5513-1659-15cf3c883d00
2026-02-23 19:45:18.492515+00:00,50,0.88,0.12,yes,KXFEDDECISION-26APR-H0,0f38e686-9711-50e0-30ef-ea68847fa6d0
2026-02-23 19:45:43.889794+00:00,100,0.88,0.12,yes,KXFEDDECISION-26APR-H0,3bf5dad9-a0b2-4b14-53aa-573f4a8a5772
2026-02-23 19:45:43.889794+00:00,99,0.9,0.1,yes,KXFEDDECISION-26APR-H0,8a4bbe85-b509-459d-5627-08badf670552
2026-02-23 19:45:43.889794+00:00,100,0.89,0.11,yes,KXFEDDECISION-26APR-H0,9518754e-094b-4b3c-657d-66415a756324
2026-02-23 19:45:43.889794+00:00,150,0.87,0.13,yes,KXFEDDECISION-26APR-H0,a01b613a-b0ef-4c4b-50c4-9dde4408b58c
2026-02-23 21:40:48.148664+00:00,100,0.88,0.12,no,KXFEDDECISION-26APR-H0,d5f14586-51ba-4803-eb48-7c59e97689da
2026-02-23 22:06:12.847660+00:00,1,0.89,0.11,yes,KXFEDDECISION-26APR-H0,8babcdfb-74df-5214-84d5-8164fd017a60
2026-02-23 22:28:48.403374+00:00,1,0.87,0.13,no,KXFEDDECISION-26APR-H0,ecc642ad-a926-533c-f52c-54f71c03b939
2026-02-23 22:40:57.214966+00:00,20,0.86,0.14,no,KXFEDDECISION-26APR-H0,c5fdd712-ad94-7ebd-373b-03e324b24864
2026-02-23 22:40:57.214966+00:00,18,0.86,0.14,no,KXFEDDECISION-26APR-H0,bd433538-1aa4-7317-285b-fe9ec3e30e7f
2026-02-24 02:15:21.085974+00:00,1,0.86,0.14,yes,KXFEDDECISION-26APR-H0,da8a9c1a-bf80-4713-08b5-a8c775cd7507
2026-02-24 04:36:33.749593+00:00,80,0.86,0.14,yes,KXFEDDECISION-26APR-H0,0ab0d14f-a11c-7647-dc35-326de115868b
2026-02-24 04:37:48.297295+00:00,100,0.86,0.14,yes,KXFEDDECISION-26APR-H0,e81af5a2-15ac-78a7-574f-0b317b3d91db
2026-02-24 05:20:52.052403+00:00,13,0.86,0.14,yes,KXFEDDECISION-26APR-H0,bf219640-f178-7547-9ac4-553436491aef
2026-02-24 05:23:22.686865+00:00,248,0.85,0.15,no,KXFEDDECISION-26APR-H0,90bcadfd-0ab1-7acc-35d6-a902c8f64857
2026-02-24 07:10:14.578924+00:00,115,0.86,0.14,yes,KXFEDDECISION-26APR-H0,9b80a75d-f620-5d5f-b85c-0a89057f40bb
2026-02-24 15:16:38.820764+00:00,36,0.86,0.14,yes,KXFEDDECISION-26APR-H0,2af83604-fb36-7ef9-18da-e1398738d119
2026-02-24 15:43:06.076919+00:00,113,0.87,0.13,yes,KXFEDDECISION-26APR-H0,aeffb2b5-00b7-565c-f382-6146a54967e0
2026-02-24 23:48:57.584414+00:00,101,0.86,0.14,yes,KXFEDDECISION-26APR-H0,adf74c27-2634-51d0-8f2b-cb6ac97f15c8
2026-02-24 23:48:57.584414+00:00,129,0.86,0.14,yes,KXFEDDECISION-26APR-H0,ce0af62e-b07f-5334-a7a8-8092416f8024
2026-02-25 00:01:41.630756+00:00,5,0.86,0.14,yes,KXFEDDECISION-26APR-H0,6eb9fb91-13e3-575c-1794-35016c662900
2026-02-25 00:45:48.081878+00:00,54,0.84,0.16,no,KXFEDDECISION-26APR-H0,e43f28b2-083f-4093-29f5-03e2e6d5589e
2026-02-25 00:45:48.081878+00:00,18,0.85,0.15,no,KXFEDDECISION-26APR-H0,031298f9-bb44-4908-2464-664d9bf88bf8
2026-02-25 00:45:48.081878+00:00,50,0.85,0.15,no,KXFEDDECISION-26APR-H0,c5d4f51f-f0de-47c2-01b9-59d32af03883
2026-02-25 03:42:15.369621+00:00,10,0.86,0.14,yes,KXFEDDECISION-26APR-H0,4a9f9e2f-dd5f-5100-3ad0-57e5016df244
2026-02-25 04:04:28.023021+00:00,50,0.86,0.14,yes,KXFEDDECISION-26APR-H0,1e4545d9-226f-5f58-9fa0-6d10db5f4f1c
2026-02-25 04:06:33.775529+00:00,700,0.86,0.14,yes,KXFEDDECISION-26APR-H0,a082bd46-eeab-6ff0-f84b-7b355fd9ebd8
2026-02-25 04:06:50.716126+00:00,100,0.86,0.14,yes,KXFEDDECISION-26APR-H0,8db3ec85-cd4f-6f38-9718-3fe8c7bf58b4
2026-02-25 05:55:07.444212+00:00,11,0.84,0.16,no,KXFEDDECISION-26APR-H0,4c339c42-b34b-7857-427b-335b3b9916fa
2026-02-25 06:35:45.157099+00:00,393,0.86,0.14,yes,KXFEDDECISION-26APR-H0,2172f6f4-741b-7788-df62-e947ca0974b0
2026-02-25 06:35:45.157099+00:00,400,0.87,0.13,yes,KXFEDDECISION-26APR-H0,8993cd59-78d3-7460-f972-a404fa297a82
2026-02-25 06:35:45.157099+00:00,8,0.89,0.11,yes,KXFEDDECISION-26APR-H0,149c2751-36f0-78d4-c373-6a4fe2eb8bc0
2026-02-25 10:03:10.218882+00:00,9,0.87,0.13,yes,KXFEDDECISION-26APR-H0,fa26c726-cc0b-7540-b34b-e2c05a0e8e72
2026-02-25 14:55:27.338519+00:00,1083,0.9,0.1,yes,KXFEDDECISION-26APR-H0,13d84086-4a22-6fa3-0f9c-97bd909c884f
2026-02-25 14:55:27.338519+00:00,20,0.89,0.11,yes,KXFEDDECISION-26APR-H0,80937db9-6f27-65bb-3af2-7abc0f06c86c
2026-02-25 16:27:00.366891+00:00,58,0.86,0.14,no,KXFEDDECISION-26APR-H0,a5948766-d01e-5af5-806c-f482e0b27a69
2026-02-25 18:50:32.228978+00:00,312,0.86,0.14,no,KXFEDDECISION-26APR-H0,c51405cf-a82b-7d93-5f00-27cdeaa84f82
2026-02-25 23:30:23.814454+00:00,27,0.88,0.12,yes,KXFEDDECISION-26APR-H0,d2d58280-7bb2-4d41-3074-cbce6f369419
2026-02-25 23:30:23.814454+00:00,509,0.88,0.12,yes,KXFEDDECISION-26APR-H0,6174a12b-b794-4dbb-098e-4c924f964232
2026-02-25 23:30:23.814454+00:00,27,0.88,0.12,yes,KXFEDDECISION-26APR-H0,b2e74be1-fab7-4e75-2e14-64b110b6e6de
2026-02-26 02:28:24.770970+00:00,1,0.88,0.12,yes,KXFEDDECISION-26APR-H0,ee336611-3cbc-4c8b-4929-1d841e1bdcb2
2026-02-26 02:33:38.285736+00:00,169,0.88,0.12,yes,KXFEDDECISION-26APR-H0,c80ac525-9ad0-521b-d342-3cbe140dde52
2026-02-26 03:28:25.346529+00:00,111,0.88,0.12,yes,KXFEDDECISION-26APR-H0,7d0b7d13-f5ac-4c83-16e4-cde125235a3a
2026-02-26 03:55:28.491240+00:00,50,0.87,0.13,no,KXFEDDECISION-26APR-H0,56dda63b-bab2-45f1-2104-f6b172cb3eff
2026-02-26 04:35:44.673394+00:00,341,0.87,0.13,yes,KXFEDDECISION-26APR-H0,9d9340f7-ea30-60c5-c1e4-f96ad194f875
2026-02-26 04:45:33.302505+00:00,50,0.87,0.13,yes,KXFEDDECISION-26APR-H0,44535bfc-7464-4355-7986-9081fb4166c9
2026-02-26 04:47:26.412150+00:00,200,0.87,0.13,yes,KXFEDDECISION-26APR-H0,e009d6e1-2bac-4591-3b7f-c269f6c97bad
2026-02-26 04:47:33.086175+00:00,359,0.87,0.13,yes,KXFEDDECISION-26APR-H0,190107fc-013c-5a01-caf1-c71b7f1400e9
2026-02-26 15:33:44.812841+00:00,38,0.87,0.13,no,KXFEDDECISION-26APR-H0,f0743c61-c1bb-6a8d-3e1c-009d286fb50c
2026-02-26 15:33:54.102143+00:00,38,0.87,0.13,no,KXFEDDECISION-26APR-H0,576cf663-7643-49a5-ab65-18c31d38b6e0
2026-02-26 16:23:48.210489+00:00,210,0.89,0.11,yes,KXFEDDECISION-26APR-H0,c40b0d19-80c0-70af-7aee-2f25b73dac86
2026-02-26 17:56:21.447832+00:00,1,0.88,0.12,no,KXFEDDECISION-26APR-H0,09882038-edcf-5732-26c5-f3d1457a8d1d
2026-02-26 17:56:21.447832+00:00,14,0.88,0.12,no,KXFEDDECISION-26APR-H0,5323024f-c481-5129-0e73-c7228d5aab78
2026-02-26 17:58:24.882243+00:00,38,0.87,0.13,no,KXFEDDECISION-26APR-H0,e7e322ad-56be-7dc6-acf0-0d021be05368
2026-02-26 18:14:41.994516+00:00,112,0.88,0.12,yes,KXFEDDECISION-26APR-H0,4ca66a78-db4c-62df-2bac-2852fe156e08
2026-02-26 18:50:07.011016+00:00,67,0.88,0.12,yes,KXFEDDECISION-26APR-H0,31f2a297-0fe0-6c9b-112a-f4b6c7357ffc
2026-02-26 19:26:38.149523+00:00,39,0.88,0.12,no,KXFEDDECISION-26APR-H0,dca1982b-93c1-4b11-2edb-5a222f19c358
2026-02-26 21:18:56.607878+00:00,900,0.9,0.1,yes,KXFEDDECISION-26APR-H0,9983d407-977e-4238-68d0-12bf110ab2b1
2026-02-26 23:45:29.002936+00:00,100,0.9,0.1,yes,KXFEDDECISION-26APR-H0,28e9c660-24da-4578-9328-6c9cb7ced399
2026-02-26 23:45:29.002936+00:00,14,0.9,0.1,yes,KXFEDDECISION-26APR-H0,60ab8300-8f3d-4e99-ba54-b9424d8801c7
2026-02-26 23:45:33.123071+00:00,14,0.9,0.1,yes,KXFEDDECISION-26APR-H0,275d82a8-aab5-4930-bbd4-84408c852f01
2026-02-27 00:18:08.371271+00:00,2,0.92,0.08,yes,KXFEDDECISION-26APR-H0,c8cf1f82-f595-5e83-bd59-03f20a2bcc60
2026-02-27 03:35:42.638056+00:00,1,0.91,0.09,yes,KXFEDDECISION-26APR-H0,80f9ebef-c24a-5c10-37e4-8ae9a7bb8d18
2026-02-27 04:10:18.560153+00:00,717,0.91,0.09,yes,KXFEDDECISION-26APR-H0,6386759a-2258-514c-5db3-21efc0ade973
2026-02-27 04:10:18.560153+00:00,47,0.91,0.09,yes,KXFEDDECISION-26APR-H0,b5ad87b0-7502-51ec-499c-2227d1a70078
2026-02-27 05:23:35.542837+00:00,33,0.91,0.09,yes,KXFEDDECISION-26APR-H0,72f432ef-6d74-4048-2009-6b5443046b17
2026-02-27 05:23:45.571626+00:00,957,0.92,0.08,yes,KXFEDDECISION-26APR-H0,9a88b161-87b3-6e67-320a-02ab364e15a7
2026-02-27 06:04:42.696616+00:00,10,0.9,0.1,no,KXFEDDECISION-26APR-H0,a410d07b-fe21-74bd-97b5-110b2c31f4c8
2026-02-27 06:04:42.696616+00:00,6,0.9,0.1,no,KXFEDDECISION-26APR-H0,b7419882-749e-7dd2-9a5c-59fb27c24266
2026-02-27 06:04:42.696616+00:00,100,0.9,0.1,no,KXFEDDECISION-26APR-H0,88b4a3e7-ab4b-70b1-81a7-a03ae39189e7
2026-02-27 06:04:42.696616+00:00,55,0.9,0.1,no,KXFEDDECISION-26APR-H0,8af53be6-1924-743b-a052-72125b40bf12
2026-02-27 07:24:52.419618+00:00,50,0.92,0.08,yes,KXFEDDECISION-26APR-H0,b4c5827d-1a14-5c28-013d-b1f371f48e1f
2026-02-27 13:46:37.936786+00:00,96,0.89,0.11,no,KXFEDDECISION-26APR-H0,5de599d4-eeeb-416a-e1f1-04b6aab5ff89
2026-02-27 13:46:37.936786+00:00,18,0.9,0.1,no,KXFEDDECISION-26APR-H0,d9c3919c-2525-4d88-fe09-fce96b98bbbb
2026-02-27 13:55:00.679814+00:00,176,0.89,0.11,no,KXFEDDECISION-26APR-H0,0b5663fb-b5a7-4fa2-0aa2-15f2685229d9
2026-02-27 14:18:13.949282+00:00,200,0.91,0.09,yes,KXFEDDECISION-26APR-H0,0707b111-c5c8-41e7-fd23-c3a0878752e0
2026-02-27 14:41:11.055318+00:00,4,0.9,0.1,no,KXFEDDECISION-26APR-H0,c2aa7294-a4e1-68f9-d78c-2877a5914e61
2026-02-27 15:07:53.707766+00:00,281,0.91,0.09,yes,KXFEDDECISION-26APR-H0,54deea54-0fc3-482f-8aeb-98ca9a79c1b7
2026-02-27 15:42:05.290726+00:00,109,0.91,0.09,yes,KXFEDDECISION-26APR-H0,d00e4dbc-d307-705b-55fb-0591341690f7
2026-02-27 15:44:35.283701+00:00,110,0.91,0.09,yes,KXFEDDECISION-26APR-H0,a54035cb-604f-707b-58c7-b05575d4ef53
2026-02-27 15:58:17.745572+00:00,312,0.91,0.09,no,KXFEDDECISION-26APR-H0,6dd6c393-3742-4679-073d-14cafb16b35e
2026-02-27 15:58:19.144501+00:00,312,0.91,0.09,no,KXFEDDECISION-26APR-H0,4142ca9d-0232-5fd9-91f5-a09e5c46206a
2026-02-27 15:58:20.364983+00:00,312,0.91,0.09,no,KXFEDDECISION-26APR-H0,38e753c4-2ad6-7d9d-9424-dc8525cb7d7a
2026-02-27 15:58:21.586305+00:00,312,0.91,0.09,no,KXFEDDECISION-26APR-H0,1cd9f8d5-7276-5639-22e3-23e900cd7c5e
2026-02-27 15:58:30.479073+00:00,18,0.91,0.09,no,KXFEDDECISION-26APR-H0,b2c59a60-2b8e-4849-fa19-61fd36afe226
2026-02-27 16:22:29.436388+00:00,212,0.92,0.08,yes,KXFEDDECISION-26APR-H0,f41d2875-5c94-598e-070d-9d408dd81b06
2026-02-27 17:04:01.336211+00:00,312,0.91,0.09,no,KXFEDDECISION-26APR-H0,0f8a700d-3916-47bd-d5cb-c2724ea8171a
2026-02-27 17:04:03.772966+00:00,312,0.91,0.09,no,KXFEDDECISION-26APR-H0,a467649a-4a02-690d-2e86-babdbc83dfea
2026-02-27 17:25:35.031984+00:00,50,0.91,0.09,no,KXFEDDECISION-26APR-H0,2acdfeea-3062-4fe1-6036-91f864b9975a
2026-02-27 17:31:24.790927+00:00,200,0.9,0.1,no,KXFEDDECISION-26APR-H0,fa94ed5e-59b5-4980-a8d8-8696cecacece
2026-02-27 17:31:24.790927+00:00,450,0.91,0.09,no,KXFEDDECISION-26APR-H0,30ec5345-f25a-4511-b73d-9cacebb9c6ce
2026-02-27 17:31:24.790927+00:00,6,0.89,0.11,no,KXFEDDECISION-26APR-H0,186e2cd9-5a57-4cde-ac53-e0e7ba1efd29
2026-02-27 17:31:36.168380+00:00,17,0.88,0.12,no,KXFEDDECISION-26APR-H0,a726aac4-5e0b-4531-39a6-a161e64adc0e
2026-02-27 17:31:36.168380+00:00,62,0.89,0.11,no,KXFEDDECISION-26APR-H0,b6a1ff4c-a907-4476-252f-7beac925ede9
2026-02-27 17:31:36.168380+00:00,20,0.88,0.12,no,KXFEDDECISION-26APR-H0,bf28951b-3a3a-4583-05ab-28cf13fd3251
2026-02-27 17:31:36.168380+00:00,20,0.88,0.12,no,KXFEDDECISION-26APR-H0,d55f1877-62d6-479b-3839-75f18e62ff98
2026-02-27 17:31:48.247271+00:00,47,0.88,0.12,no,KXFEDDECISION-26APR-H0,e397bb4b-77a2-4a03-5629-a13eeeb180cb
2026-02-27 17:31:48.247271+00:00,3,0.88,0.12,no,KXFEDDECISION-26APR-H0,17dd4b50-e5bb-42d5-5a1c-7c8e34a3a3ca
2026-02-27 18:48:09.511121+00:00,32,0.9,0.1,yes,KXFEDDECISION-26APR-H0,3430cccf-162d-79ef-c856-c39f783b71c0
2026-02-27 19:40:50.895478+00:00,50,0.91,0.09,yes,KXFEDDECISION-26APR-H0,9996b153-501b-6f6b-c426-ddbc5312de5a
2026-02-27 20:37:18.325943+00:00,32,0.87,0.13,no,KXFEDDECISION-26APR-H0,cbbcd796-d5bf-59e0-a292-df88caeeec75
2026-02-27 20:37:22.862476+00:00,150,0.86,0.14,no,KXFEDDECISION-26APR-H0,a0e17598-63d6-4c8b-9a17-c49bdd5a4c78
2026-02-27 20:37:22.862476+00:00,123,0.86,0.14,no,KXFEDDECISION-26APR-H0,a95440a5-97eb-4d57-9639-f4b6051e4276
2026-02-27 21:16:23.843264+00:00,10,0.89,0.11,yes,KXFEDDECISION-26APR-H0,677e36c1-e40a-4c50-d773-3f5cc81073f2
2026-02-27 21:41:24.807621+00:00,3,0.89,0.11,yes,KXFEDDECISION-26APR-H0,c093f26f-8512-5db8-04ba-451ac189e2a2
2026-02-27 21:42:02.727858+00:00,3,0.85,0.15,no,KXFEDDECISION-26APR-H0,87ecaa24-8b2a-57d3-3294-ee2dbbb1b5fe
2026-02-27 22:56:02.769722+00:00,5,0.89,0.11,yes,KXFEDDECISION-26APR-H0,913b8a22-c126-671a-28f1-aa8d3c7b3c93
2026-02-28 00:25:26.746068+00:00,13,0.89,0.11,no,KXFEDDECISION-26APR-H0,31b17e25-b86b-4ce0-d022-8d848c925776
2026-02-28 01:48:58.601752+00:00,20,0.87,0.13,no,KXFEDDECISION-26APR-H0,3108d74e-55f8-5e4a-80f8-3d3753c139b6
2026-02-28 01:48:58.601752+00:00,10,0.88,0.12,no,KXFEDDECISION-26APR-H0,ecc181c4-a283-5f64-8c22-789f557e8c36
2026-02-28 01:48:58.601752+00:00,20,0.87,0.13,no,KXFEDDECISION-26APR-H0,163f9bcc-3be8-566a-a991-547db00980e2
2026-02-28 01:48:58.601752+00:00,100,0.88,0.12,no,KXFEDDECISION-26APR-H0,5553f564-52b4-5880-ac1e-1fbb86a0ca65
2026-02-28 01:48:58.601752+00:00,111,0.85,0.15,no,KXFEDDECISION-26APR-H0,4e61fe3d-708b-5a6a-9966-d34106eb3d3b
2026-02-28 01:48:58.601752+00:00,20,0.87,0.13,no,KXFEDDECISION-26APR-H0,93a78f51-8386-5a10-853b-5b56916d74eb
2026-02-28 02:40:48.023309+00:00,10,0.89,0.11,yes,KXFEDDECISION-26APR-H0,33c821fb-614a-5376-ee81-1db2be4400ab
2026-02-28 02:40:58.376290+00:00,10,0.89,0.11,yes,KXFEDDECISION-26APR-H0,2e067329-1a22-4586-4bdd-d55cf20da5df
2026-02-28 03:02:21.850585+00:00,20,0.88,0.12,yes,KXFEDDECISION-26APR-H0,d27686be-5223-6cad-3a2c-7f9c242e1991
2026-02-28 03:10:52.433264+00:00,22,0.88,0.12,yes,KXFEDDECISION-26APR-H0,a9b0a335-e91b-64c9-51df-d512244ac741
2026-02-28 03:20:55.400342+00:00,8,0.88,0.12,no,KXFEDDECISION-26APR-H0,bc7f74c3-2c40-6f3b-f3ad-a9381a4100a8
2026-02-28 04:12:45.631202+00:00,13,0.86,0.14,no,KXFEDDECISION-26APR-H0,a3b8acc7-535f-6eab-eb1b-31d887a863c5
2026-02-28 04:22:15.183413+00:00,1,0.88,0.12,yes,KXFEDDECISION-26APR-H0,de6bf1f5-3443-43a3-4f2b-1699eaa90c35
2026-02-28 05:59:30.533102+00:00,53,0.88,0.12,yes,KXFEDDECISION-26APR-H0,16292c28-e656-4284-f1a1-8899697c1ead
2026-02-28 05:59:30.533102+00:00,169,0.88,0.12,yes,KXFEDDECISION-26APR-H0,2e3a88b9-0e82-4c51-fae6-020c765139b4
2026-02-28 05:59:49.228173+00:00,111,0.88,0.12,yes,KXFEDDECISION-26APR-H0,fc523482-d40e-62bc-c3b2-85e85275aff9
2026-02-28 06:52:39.245533+00:00,5,0.88,0.12,yes,KXFEDDECISION-26APR-H0,f84fb1a4-ef56-7488-d51f-b60c871f26b9
2026-02-28 09:45:57.439005+00:00,36,0.86,0.14,no,KXFEDDECISION-26APR-H0,93f6f535-955a-6da2-3a13-3eff8de110bc
2026-02-28 14:57:56.877161+00:00,89,0.86,0.14,yes,KXFEDDECISION-26APR-H0,25591743-1c6f-643f-b2a4-9d3f001d5b64
2026-02-28 14:57:56.877161+00:00,251,0.86,0.14,yes,KXFEDDECISION-26APR-H0,929e9b91-df76-6230-883b-011eb6d2093d
2026-02-28 15:51:08.449415+00:00,11,0.85,0.15,no,KXFEDDECISION-26APR-H0,1603a88f-203b-5513-b9ff-e85217dbde40
2026-02-28 15:51:08.449415+00:00,15,0.85,0.15,no,KXFEDDECISION-26APR-H0,2e908937-f903-5c3c-b340-a3cacba11be9
2026-02-28 15:51:08.449415+00:00,7,0.85,0.15,no,KXFEDDECISION-26APR-H0,c269b871-0971-5e66-92b2-baa13444f30d
2026-02-28 18:10:25.280288+00:00,50,0.86,0.14,yes,KXFEDDECISION-26APR-H0,462438bd-7b22-5f18-f688-b2eed46662c5
2026-02-28 18:10:52.479425+00:00,100,0.86,0.14,yes,KXFEDDECISION-26APR-H0,c9210960-a6e2-49d0-96cd-f9931a30cac9
2026-02-28 18:21:33.203540+00:00,180,0.86,0.14,yes,KXFEDDECISION-26APR-H0,d127019f-95fe-4008-8913-bf224e15ef25
2026-02-28 19:27:50.352685+00:00,20,0.86,0.14,no,KXFEDDECISION-26APR-H0,2d90c215-8b99-7d40-e5b5-30a2844aaafe
2026-02-28 19:27:50.352685+00:00,11,0.86,0.14,no,KXFEDDECISION-26APR-H0,5936b466-4251-7dc1-d9f1-7b0c6cfc0d53
2026-02-28 19:28:48.239266+00:00,100,0.86,0.14,yes,KXFEDDECISION-26APR-H0,7c5c271e-9049-7074-6085-934cc759ab8e
2026-02-28 19:28:53.866340+00:00,29,0.86,0.14,yes,KXFEDDECISION-26APR-H0,49c98f0c-e4dd-46f8-6d6a-79b6b3672dc2
2026-02-28 20:08:03.032937+00:00,50,0.88,0.12,yes,KXFEDDECISION-26APR-H0,afc32cba-84af-75b8-59c4-59a7569ed24a
2026-02-28 21:44:35.923598+00:00,20,0.89,0.11,yes,KXFEDDECISION-26APR-H0,50fb9712-f210-486a-15a5-348d9526a7dd
2026-02-28 21:44:35.923598+00:00,20,0.89,0.11,yes,KXFEDDECISION-26APR-H0,5185a253-f58e-40da-1f01-254945877adb
2026-02-28 21:44:35.923598+00:00,1,0.92,0.08,yes,KXFEDDECISION-26APR-H0,afa320c5-05dc-42ea-17ba-01ed529c26e2
2026-02-28 21:44:35.923598+00:00,50,0.88,0.12,yes,KXFEDDECISION-26APR-H0,ce70aff3-5140-4e50-38c3-15bd04459553
2026-02-28 21:44:35.923598+00:00,20,0.89,0.11,yes,KXFEDDECISION-26APR-H0,2692614d-d059-456e-0904-414dbc9b2565
2026-02-28 22:06:49.260028+00:00,21,0.87,0.13,yes,KXFEDDECISION-26APR-H0,e8589bf6-1afb-70ba-9be8-a352184af2a8
2026-02-28 23:57:30.860132+00:00,10,0.87,0.13,yes,KXFEDDECISION-26APR-H0,78b88b53-ac5b-6327-b82a-69f5a5f235c8
2026-03-01 02:42:36.758517+00:00,22,0.87,0.13,yes,KXFEDDECISION-26APR-H0,0d0f2379-0da7-4eff-e05b-4c9d0e476bf8
2026-03-01 06:07:28.750734+00:00,25,0.86,0.14,no,KXFEDDECISION-26APR-H0,60a627ae-5b71-7124-97c3-f33999822b83
2026-03-01 08:08:40.341113+00:00,50,0.86,0.14,yes,KXFEDDECISION-26APR-H0,4d5ddeb4-2ea5-7df3-0595-74c818666242
2026-03-01 08:08:45.813026+00:00,100,0.86,0.14,yes,KXFEDDECISION-26APR-H0,ed96567a-0c31-7eaf-dace-7bf910654ea6
2026-03-01 10:05:27.493344+00:00,1,0.86,0.14,yes,KXFEDDECISION-26APR-H0,6a419961-c791-4fb3-1fb5-c9a8cefbd4f6
2026-03-01 14:22:20.694034+00:00,119,0.85,0.15,no,KXFEDDECISION-26APR-H0,cbd778ad-1a99-7d4b-e90c-e546449c91a9
2026-03-01 14:22:20.694034+00:00,11,0.85,0.15,no,KXFEDDECISION-26APR-H0,e9d6f2f0-3489-7c97-fb5a-ae2b688ef4e4
2026-03-01 14:29:10.037403+00:00,11,0.86,0.14,yes,KXFEDDECISION-26APR-H0,abef9153-6bb5-5fcb-a4bf-52c9af0b473e
2026-03-01 14:49:16.153714+00:00,227,0.86,0.14,yes,KXFEDDECISION-26APR-H0,bcbc5203-f971-65a7-2aed-39976d1c940e
2026-03-01 16:19:35.017121+00:00,115,0.86,0.14,yes,KXFEDDECISION-26APR-H0,c1eb12f7-8dc1-7633-cfde-f605c047bc76
2026-03-01 17:01:18.600469+00:00,100,0.85,0.15,no,KXFEDDECISION-26APR-H0,9f5a53d1-29a9-5b2f-b2b3-26b5d6fc1521
2026-03-01 18:28:57.644089+00:00,117,0.85,0.15,no,KXFEDDECISION-26APR-H0,91a446ad-476d-6557-5282-04c2b744b199
2026-03-01 20:37:57.038573+00:00,70,0.85,0.15,no,KXFEDDECISION-26APR-H0,30070e57-fcad-7003-d6c4-e4485064314d
2026-03-01 21:09:11.438342+00:00,11,0.85,0.15,no,KXFEDDECISION-26APR-H0,c30212e5-53ab-5893-630a-c261b2634437
2026-03-01 21:30:38.024699+00:00,91,0.85,0.15,yes,KXFEDDECISION-26APR-H0,0d5cb76a-260f-7934-df37-1f9c34e96550
2026-03-01 22:51:27.413673+00:00,20,0.85,0.15,yes,KXFEDDECISION-26APR-H0,2b801495-354e-6918-3ccd-1b9e4fd49f08
2026-03-01 22:51:27.413673+00:00,382,0.85,0.15,yes,KXFEDDECISION-26APR-H0,7fc833a7-1daf-6807-2db8-a95c8a7652a0
2026-03-01 22:51:27.413673+00:00,98,0.85,0.15,yes,KXFEDDECISION-26APR-H0,eb54b830-c7fb-6e68-02aa-9428e0b5a4e4
2026-03-01 23:12:47.281094+00:00,117,0.85,0.15,yes,KXFEDDECISION-26APR-H0,6d132c05-2b0b-4683-f192-760c798a3720
2026-03-01 23:24:00.259937+00:00,31,0.85,0.15,yes,KXFEDDECISION-26APR-H0,bf8179ca-7b01-4bba-ffd4-9e0d30828701
2026-03-01 23:24:00.259937+00:00,469,0.85,0.15,yes,KXFEDDECISION-26APR-H0,c1c89cf1-18d3-4a9f-cc3a-3b6df1032864
2026-03-01 23:24:05.362940+00:00,131,0.85,0.15,yes,KXFEDDECISION-26APR-H0,1113d0b5-b676-4994-7484-2609b1e3c830
2026-03-01 23:24:05.362940+00:00,1369,0.85,0.15,yes,KXFEDDECISION-26APR-H0,5a7ae8a0-134d-4eee-5aad-7c38183f356d
2026-03-01 23:28:17.996868+00:00,369,0.85,0.15,yes,KXFEDDECISION-26APR-H0,b3199988-46ca-7938-2c7a-0f8f2ec95d44
2026-03-02 00:02:22.440645+00:00,113,0.86,0.14,yes,KXFEDDECISION-26APR-H0,221fc039-2dd1-5047-9533-16da0d24ba6a
2026-03-02 00:06:12.990191+00:00,5,0.85,0.15,no,KXFEDDECISION-26APR-H0,9849c4eb-abbc-696d-1e9a-59caca4caca7
2026-03-02 00:06:12.990191+00:00,11,0.85,0.15,no,KXFEDDECISION-26APR-H0,84387755-5f0f-6cec-1eeb-c0a1b7ee8dcd
2026-03-02 00:50:44.758890+00:00,84,0.85,0.15,yes,KXFEDDECISION-26APR-H0,43bd7fab-ff4c-6bfe-0ba7-188e20adc5de
2026-03-02 02:11:11.145770+00:00,2,0.86,0.14,yes,KXFEDDECISION-26APR-H0,0f4d19e4-aac5-59cf-488b-2410c9151362
2026-03-02 03:21:36.548376+00:00,356,0.86,0.14,yes,KXFEDDECISION-26APR-H0,68e60a69-a731-7107-3163-2bf55b98281a
2026-03-02 03:21:36.548376+00:00,50,0.86,0.14,yes,KXFEDDECISION-26APR-H0,b52e9f8f-4a65-746b-277e-4fab15b8bece
2026-03-02 03:21:38.154601+00:00,30,0.86,0.14,no,KXFEDDECISION-26APR-H0,8c2df1fe-c881-4ba7-7d63-60591bd55caf
2026-03-02 03:22:53.230309+00:00,50,0.86,0.14,no,KXFEDDECISION-26APR-H0,f8824767-a6ad-6b97-42e8-aeb86412aa67
2026-03-02 03:25:36.142362+00:00,50,0.86,0.14,no,KXFEDDECISION-26APR-H0,4eefda52-99c1-66e3-5c19-12ee4b4a54a3
2026-03-02 03:27:02.439814+00:00,50,0.86,0.14,no,KXFEDDECISION-26APR-H0,94dda045-73cd-526b-0952-ac67fc0e2a87
2026-03-02 04:20:33.319500+00:00,6,0.86,0.14,no,KXFEDDECISION-26APR-H0,9c736370-3031-68d3-8c8b-96265c6c48ff
2026-03-02 04:27:40.508421+00:00,50,0.86,0.14,no,KXFEDDECISION-26APR-H0,cfbe0aa2-3ae1-7c8f-fd81-5d793bac2637
2026-03-02 04:28:52.196382+00:00,50,0.86,0.14,no,KXFEDDECISION-26APR-H0,491e0c28-115d-66cb-6f77-5a66a7da403b
2026-03-02 04:31:31.338382+00:00,50,0.86,0.14,no,KXFEDDECISION-26APR-H0,48787904-4661-62b3-b9b2-3d14be9cb963
2026-03-02 04:32:58.516142+00:00,50,0.86,0.14,no,KXFEDDECISION-26APR-H0,0170ccc1-2b41-74ef-bb2b-a146d4247717
2026-03-02 05:13:06.138068+00:00,50,0.86,0.14,no,KXFEDDECISION-26APR-H0,ec81cfc5-1ab5-7ec3-a63a-beeadcf1816f
2026-03-02 05:14:09.834087+00:00,50,0.86,0.14,no,KXFEDDECISION-26APR-H0,f35e6612-c1f9-57a7-f86a-9f49d265fa27
2026-03-02 06:38:33.145966+00:00,1,0.86,0.14,no,KXFEDDECISION-26APR-H0,712dba51-fb19-41d3-35dd-7fe6bd3c2e9f
2026-03-02 09:33:39.062821+00:00,56,0.87,0.13,yes,KXFEDDECISION-26APR-H0,52830590-61f4-5166-4832-6173e995c96e
2026-03-02 14:03:49.247839+00:00,11,0.87,0.13,yes,KXFEDDECISION-26APR-H0,b2939ea9-ebe6-4193-45ac-a6da38b3ff5a
2026-03-02 15:35:48.472684+00:00,20,0.88,0.12,yes,KXFEDDECISION-26APR-H0,35c1a66a-56ec-709b-9f90-38a160dff66a
2026-03-02 15:35:48.472684+00:00,20,0.88,0.12,yes,KXFEDDECISION-26APR-H0,1f8b755c-57b4-795c-a3c1-a8bb7cdf8ac2
2026-03-02 15:35:48.472684+00:00,2,0.88,0.12,yes,KXFEDDECISION-26APR-H0,849af918-d149-77b4-8b2d-a49324fe6fa8
2026-03-02 17:41:42.092016+00:00,121,0.89,0.11,yes,KXFEDDECISION-26APR-H0,fb2ced96-fcb6-67c7-35ae-fbe323d419d7
2026-03-02 18:44:43.452691+00:00,1,0.89,0.11,yes,KXFEDDECISION-26APR-H0,7e371b19-3c4e-6ddf-0c23-f255fa322ab7
2026-03-02 21:48:49.780298+00:00,77,0.89,0.11,yes,KXFEDDECISION-26APR-H0,4b689cbc-969f-4db9-029f-c70554d7178f
2026-03-02 22:11:52.518003+00:00,50,0.86,0.14,no,KXFEDDECISION-26APR-H0,bf28e83f-2845-4613-c3f5-204ef631d7ab
2026-03-02 22:14:06.435562+00:00,40,0.87,0.13,yes,KXFEDDECISION-26APR-H0,94cee777-ebc8-5190-a65f-a4b3e6e48275
2026-03-02 22:14:13.799695+00:00,2,0.86,0.14,no,KXFEDDECISION-26APR-H0,ab54c007-2149-4853-6c1e-3b737c7cd1e3
2026-03-02 23:28:46.351849+00:00,36,0.87,0.13,no,KXFEDDECISION-26APR-H0,dda9471b-ff21-66ff-9d9e-a743eb5f78e3
2026-03-03 00:02:05.172155+00:00,333,0.87,0.13,no,KXFEDDECISION-26APR-H0,f6e16d2b-2f29-6183-2e3c-4a59f39b21ff
2026-03-03 00:15:43.014564+00:00,68,0.88,0.12,yes,KXFEDDECISION-26APR-H0,28adb074-581b-4dad-5517-697d1420fbf9
2026-03-03 01:29:33.813773+00:00,22,0.88,0.12,yes,KXFEDDECISION-26APR-H0,18efd700-20b3-5dd1-ecb7-55bba0a8a92d
2026-03-03 02:31:06.506190+00:00,6,0.87,0.13,no,KXFEDDECISION-26APR-H0,d0ce8e5c-b689-722b-d893-99723d78f367
2026-03-03 02:40:33.409257+00:00,111,0.88,0.12,yes,KXFEDDECISION-26APR-H0,e7c889a7-a4eb-70f1-230a-f9fa7128b4ad
2026-03-03 02:40:54.530683+00:00,111,0.88,0.12,yes,KXFEDDECISION-26APR-H0,5f53a1ea-d4bf-7739-e15e-9b326dc29669
2026-03-03 02:49:36.605204+00:00,1,0.88,0.12,yes,KXFEDDECISION-26APR-H0,8a340ea1-6873-76c5-3df0-56f17d9eaa15
2026-03-03 03:15:53.176354+00:00,1131,0.88,0.12,yes,KXFEDDECISION-26APR-H0,01708191-7197-730d-3ccb-cd3eb3b85005
2026-03-03 03:15:53.176354+00:00,35,0.88,0.12,yes,KXFEDDECISION-26APR-H0,baf19a8a-a824-7c88-1c5f-09a09d2e26c4
2026-03-03 03:15:54.543301+00:00,14,0.88,0.12,no,KXFEDDECISION-26APR-H0,8c5d1f52-5791-71ff-9512-4ab69ab5fb7b
2026-03-03 03:15:54.543301+00:00,13,0.87,0.13,no,KXFEDDECISION-26APR-H0,6799be3b-f528-755a-be9e-d59c1dfbdf81
2026-03-03 03:15:54.543301+00:00,11,0.87,0.13,no,KXFEDDECISION-26APR-H0,3f52507b-8053-7b39-8072-240d285832b4
2026-03-03 04:00:06.655301+00:00,43,0.89,0.11,yes,KXFEDDECISION-26APR-H0,4f1301d8-b17e-471e-9559-957227947180
2026-03-03 07:33:29.029647+00:00,6,0.87,0.13,no,KXFEDDECISION-26APR-H0,25b1aaab-5941-737c-169f-809568670868
2026-03-03 07:33:29.029647+00:00,20,0.88,0.12,no,KXFEDDECISION-26APR-H0,c978948f-a371-7ff6-3f6c-def1bfc9d6e4
2026-03-03 11:33:38.928782+00:00,96,0.89,0.11,yes,KXFEDDECISION-26APR-H0,2f34af06-0a41-4502-92f7-b7da744ed106
2026-03-03 12:06:30.115639+00:00,18,0.87,0.13,no,KXFEDDECISION-26APR-H0,7410cb72-931c-6b49-4252-f45c5bed5a35
2026-03-03 13:45:10.137498+00:00,110,0.9,0.1,yes,KXFEDDECISION-26APR-H0,71aea9c7-76b5-6dae-4eb9-d7b499f100cc
2026-03-03 15:31:39.954179+00:00,906,0.86,0.14,no,KXFEDDECISION-26APR-H0,c8ab5162-70b0-5e87-b7eb-209ecdd1edc1
2026-03-03 15:31:39.954179+00:00,94,0.86,0.14,no,KXFEDDECISION-26APR-H0,18b1cbfb-9a21-5bf3-977d-c63b75152945
2026-03-03 17:34:49.084129+00:00,11,0.86,0.14,no,KXFEDDECISION-26APR-H0,141f3db0-8c65-679a-5737-88de1524b77e
2026-03-03 17:34:49.084129+00:00,94,0.86,0.14,no,KXFEDDECISION-26APR-H0,0a86d885-caac-6503-6cab-a4811435d231
2026-03-03 17:34:50.422113+00:00,23,0.86,0.14,yes,KXFEDDECISION-26APR-H0,e739278e-44d9-642b-d1b8-b4bd75203d4c
2026-03-03 17:37:28.406640+00:00,1,0.85,0.15,no,KXFEDDECISION-26APR-H0,77992724-e485-50c2-e0c9-4e0f4fc0a964
2026-03-03 18:37:10.197260+00:00,5,0.86,0.14,yes,KXFEDDECISION-26APR-H0,a6a882b8-f7b1-4f9b-bc9f-b78285521274
2026-03-03 19:27:11.786579+00:00,29,0.85,0.15,no,KXFEDDECISION-26APR-H0,172f7c06-f195-6a3a-0844-31e6460a2868
2026-03-03 20:16:42.836175+00:00,16,0.85,0.15,no,KXFEDDECISION-26APR-H0,ff7f6617-00b9-4c0e-0262-6ec11b23e440
2026-03-03 20:16:42.836175+00:00,33,0.85,0.15,no,KXFEDDECISION-26APR-H0,d7c0bf7c-e9e5-403a-219a-062a55db188f
2026-03-03 20:16:42.836175+00:00,2,0.85,0.15,no,KXFEDDECISION-26APR-H0,6d608899-6943-4651-2ca5-b3b4a147d783
2026-03-03 20:16:42.836175+00:00,11,0.85,0.15,no,KXFEDDECISION-26APR-H0,6cca6ce0-0c24-45c7-3b5e-d1101d825384
2026-03-03 20:42:17.638977+00:00,20,0.86,0.14,yes,KXFEDDECISION-26APR-H0,0f3fb076-a837-71ed-b25a-a2195f2ee054
2026-03-03 22:51:28.904883+00:00,1,0.87,0.13,yes,KXFEDDECISION-26APR-H0,1ca612d7-6aef-6b66-20a2-e86f1cdcede8
2026-03-04 01:31:46.212504+00:00,36,0.87,0.13,yes,KXFEDDECISION-26APR-H0,5bc4fd77-d7e3-470a-2b51-d482a2441fa8
2026-03-04 01:49:43.038946+00:00,16,0.87,0.13,yes,KXFEDDECISION-26APR-H0,38b9e624-5413-64fe-39bf-e82f79d6d540
2026-03-04 02:20:24.322154+00:00,42,0.87,0.13,yes,KXFEDDECISION-26APR-H0,b33a492a-940f-7526-3fa1-60205d824f20
2026-03-04 02:22:48.435508+00:00,500,0.87,0.13,yes,KXFEDDECISION-26APR-H0,a7d5c436-766b-643e-731e-f5896a5dbb6c
2026-03-04 02:26:49.555903+00:00,405,0.87,0.13,yes,KXFEDDECISION-26APR-H0,bf9c8514-6ed3-64ea-45ec-360987b1d6d4
2026-03-04 02:26:49.555903+00:00,595,0.87,0.13,yes,KXFEDDECISION-26APR-H0,5edf1003-afe8-6077-4f4c-f7b40b60fae2
2026-03-04 03:39:09.984581+00:00,10,0.87,0.13,yes,KXFEDDECISION-26APR-H0,19b136e9-70b9-5058-5833-be26a57159d8
2026-03-04 03:39:09.984581+00:00,405,0.87,0.13,yes,KXFEDDECISION-26APR-H0,6cc846e6-8aa4-5b07-4898-d7444acc4a7a
2026-03-04 03:39:09.984581+00:00,20,0.87,0.13,yes,KXFEDDECISION-26APR-H0,7a6632ef-ae9a-58a2-764a-dcb9a54b83e6
2026-03-04 03:39:09.984581+00:00,65,0.87,0.13,yes,KXFEDDECISION-26APR-H0,68e26a64-3bfe-5c61-503b-1c004def91ee
2026-03-04 03:50:51.017213+00:00,41,0.87,0.13,yes,KXFEDDECISION-26APR-H0,9d060456-b6a2-6191-7e3c-80e1d10251be
2026-03-04 03:53:32.903299+00:00,6,0.87,0.13,yes,KXFEDDECISION-26APR-H0,fad64a98-02a2-4149-d2a3-7d43ebed3f3e
2026-03-04 04:01:33.154291+00:00,540,0.88,0.12,yes,KXFEDDECISION-26APR-H0,45fcea97-5c06-5f6b-fb27-56433670e783
2026-03-04 05:44:01.105722+00:00,107,0.88,0.12,yes,KXFEDDECISION-26APR-H0,03125203-e686-54af-3838-2c550fec9c0b
2026-03-04 14:05:58.256591+00:00,200,0.88,0.12,yes,KXFEDDECISION-26APR-H0,0711da31-5468-4310-7194-2e70c35e638c
2026-03-04 14:05:58.256591+00:00,888,0.88,0.12,yes,KXFEDDECISION-26APR-H0,092dc744-5b0a-42e5-5419-57487c20375e
2026-03-04 17:06:31.786103+00:00,500,0.89,0.11,yes,KXFEDDECISION-26APR-H0,1a444b96-3fff-7454-39e1-ee1e196c6a55
2026-03-04 17:18:22.930618+00:00,2000,0.89,0.11,yes,KXFEDDECISION-26APR-H0,af4b4471-bc4f-6f07-6261-c01bb3dc7e93
2026-03-04 17:18:22.930618+00:00,1500,0.89,0.11,yes,KXFEDDECISION-26APR-H0,b87d6ce8-2e3b-60d0-5f8b-d92738224c81
2026-03-04 17:37:20.912453+00:00,110,0.9,0.1,yes,KXFEDDECISION-26APR-H0,c9e554c6-e364-67ec-defe-e68b3429aa89
2026-03-04 18:29:02.310560+00:00,7,0.88,0.12,no,KXFEDDECISION-26APR-H0,abf681c4-817b-7b7a-452a-914c69b43e8f
2026-03-04 18:29:45.748867+00:00,6,0.9,0.1,yes,KXFEDDECISION-26APR-H0,65a74108-f7c0-64dc-4350-4636211d67c5
2026-03-04 21:01:45.611984+00:00,192,0.89,0.11,no,KXFEDDECISION-26APR-H0,6feaf480-2d8f-469a-3dc4-24f7f322ecc9
2026-03-04 22:45:34.964500+00:00,55,0.9,0.1,yes,KXFEDDECISION-26APR-H0,96fbfaa4-73c0-4bd0-9b0a-c56914a4dabd
2026-03-04 22:54:00.390348+00:00,11,0.9,0.1,yes,KXFEDDECISION-26APR-H0,50b2f429-5504-4954-ba23-69d9d9654805
2026-03-04 23:01:47.678570+00:00,110,0.89,0.11,no,KXFEDDECISION-26APR-H0,71fb3c81-b8a7-428a-f4f3-bd9f68a3dc4d
2026-03-05 00:33:25.433417+00:00,2,0.9,0.1,yes,KXFEDDECISION-26APR-H0,3f49da93-5440-4ed4-017d-d7f2eea38859
2026-03-05 00:48:58.703872+00:00,5,0.9,0.1,yes,KXFEDDECISION-26APR-H0,93d2f613-f5d0-79e0-99f8-11a88cf2d629
2026-03-05 01:05:13.773799+00:00,45,0.89,0.11,no,KXFEDDECISION-26APR-H0,8636ae72-a6db-43fa-0f8f-72ce0701d3dd
2026-03-05 02:08:36.685267+00:00,55,0.9,0.1,yes,KXFEDDECISION-26APR-H0,4baeefe8-1f6c-4e7c-37fe-75abac35a52d
2026-03-05 02:38:05.842544+00:00,1,0.89,0.11,no,KXFEDDECISION-26APR-H0,b317ac41-564f-770e-b61d-99135e7a30d9
2026-03-05 04:19:15.037262+00:00,419,0.89,0.11,no,KXFEDDECISION-26APR-H0,6deb88b1-0523-5402-af6b-82f9b0a16ba9
2026-03-05 06:46:34.440301+00:00,1,0.9,0.1,yes,KXFEDDECISION-26APR-H0,02ee2320-a4a4-6450-838b-04a9413b1a15
2026-03-05 07:08:03.251212+00:00,122,0.9,0.1,yes,KXFEDDECISION-26APR-H0,51cc7d72-219e-693b-fe53-222ecc35f9cd
2026-03-05 07:08:03.251212+00:00,95,0.9,0.1,yes,KXFEDDECISION-26APR-H0,7800bce9-5d70-68b8-ff1e-abb2dc222ef1
2026-03-05 11:14:55.570317+00:00,20,0.89,0.11,no,KXFEDDECISION-26APR-H0,b6a6e206-72e7-6df6-0afb-e76a39027ffd
2026-03-05 12:03:14.729473+00:00,878,0.9,0.1,yes,KXFEDDECISION-26APR-H0,d610200a-1cd2-7b83-0e72-e1c6ff30dae1
2026-03-05 14:13:35.480552+00:00,100,0.89,0.11,no,KXFEDDECISION-26APR-H0,effe3a91-5e87-5d8a-9364-b9033af3e8dd
2026-03-05 14:22:37.806351+00:00,212,0.92,0.08,yes,KXFEDDECISION-26APR-H0,cddc86ad-154d-4cd9-f54f-1f8e722efaf4
2026-03-05 14:26:07.656589+00:00,50,0.92,0.08,yes,KXFEDDECISION-26APR-H0,2b5450cd-a5eb-4093-8a31-225779a69c0d
2026-03-05 14:26:07.656589+00:00,31,0.92,0.08,yes,KXFEDDECISION-26APR-H0,8ecfb3f2-1765-4c28-9cf7-352529198eda
2026-03-05 14:26:07.656589+00:00,38,0.92,0.08,yes,KXFEDDECISION-26APR-H0,fc67b1e1-37ed-4281-b4a0-d7e1ed6b3c30
2026-03-05 14:30:13.615293+00:00,47,0.9,0.1,no,KXFEDDECISION-26APR-H0,e414eba0-3103-7954-4e9f-64fad4c7e460
2026-03-05 14:30:34.160496+00:00,14,0.9,0.1,no,KXFEDDECISION-26APR-H0,8c6892c7-25cf-7d74-9e22-0b6e8b9e26fc
2026-03-05 14:30:34.160496+00:00,33,0.9,0.1,no,KXFEDDECISION-26APR-H0,85f2f212-cc8e-7558-96a7-35111a654f48
2026-03-05 14:56:37.202020+00:00,54,0.92,0.08,yes,KXFEDDECISION-26APR-H0,2f32248b-a980-696f-63b5-79a56307077d
2026-03-05 19:20:06.871614+00:00,96,0.89,0.11,no,KXFEDDECISION-26APR-H0,19fc3552-c83b-6af6-21bf-3c5689074cfd
2026-03-05 20:24:16.438935+00:00,100,0.89,0.11,no,KXFEDDECISION-26APR-H0,73a13ab0-5f93-49d2-42b5-9c7de41bc99d
2026-03-05 20:36:10.691945+00:00,33,0.89,0.11,no,KXFEDDECISION-26APR-H0,69d924cf-c853-70ae-1574-0347909f5a9d
2026-03-05 20:46:09.521918+00:00,85,0.89,0.11,no,KXFEDDECISION-26APR-H0,6a70a6f0-9c8f-53fa-ae30-fc19aaf19279
2026-03-05 20:50:55.976962+00:00,10,0.9,0.1,yes,KXFEDDECISION-26APR-H0,61ffcb40-3478-6fbb-2798-ef0a93cd981e
2026-03-05 20:54:47.802973+00:00,27,0.89,0.11,no,KXFEDDECISION-26APR-H0,06add7b6-ee77-4cb2-522d-ca3b19b42fcd
2026-03-05 21:44:15.172518+00:00,192,0.89,0.11,no,KXFEDDECISION-26APR-H0,0cd9ef53-051b-7722-7aeb-73abc448bbbd
2026-03-05 22:52:26.153279+00:00,15,0.89,0.11,no,KXFEDDECISION-26APR-H0,eabf40bd-d0e7-7426-0929-25f10653c489
2026-03-06 04:27:33.590973+00:00,1000,0.9,0.1,yes,KXFEDDECISION-26APR-H0,54d4fd1f-30fd-4eca-563b-462c223324d2
2026-03-06 06:34:43.616708+00:00,200,0.9,0.1,yes,KXFEDDECISION-26APR-H0,4bb0686a-005d-51c6-b76b-82734209da54
2026-03-06 06:34:43.616708+00:00,20,0.9,0.1,yes,KXFEDDECISION-26APR-H0,e6296f72-0d43-584b-bdeb-1509c032af94
2026-03-06 06:34:43.616708+00:00,1000,0.9,0.1,yes,KXFEDDECISION-26APR-H0,a94b4bea-b968-516c-bfe2-f5c40ab78629
2026-03-06 06:34:43.616708+00:00,280,0.9,0.1,yes,KXFEDDECISION-26APR-H0,41ee7b8f-ab9c-50f0-bc86-696ac04e41ff
2026-03-06 06:59:42.469826+00:00,10,0.9,0.1,yes,KXFEDDECISION-26APR-H0,ace98e73-4468-4c78-105e-0ce880659817
2026-03-06 07:32:00.040396+00:00,1,0.9,0.1,yes,KXFEDDECISION-26APR-H0,728c6ecd-e0c8-68a4-951c-bc18ff73f68b
2026-03-06 09:16:03.022830+00:00,797,0.89,0.11,no,KXFEDDECISION-26APR-H0,666e0ea6-2123-55ba-dba0-4c022d8e00dd
2026-03-06 12:32:47.344652+00:00,1,0.9,0.1,yes,KXFEDDECISION-26APR-H0,075f5013-133f-546d-ec17-fe339e4e0da4
2026-03-06 12:32:47.344652+00:00,709,0.9,0.1,yes,KXFEDDECISION-26APR-H0,391d7d3c-7070-5498-d78f-5e1587c19ca3
2026-03-06 12:33:13.440147+00:00,1,0.9,0.1,no,KXFEDDECISION-26APR-H0,423ffff8-3cd9-77fc-383a-953b261e08f5
2026-03-06 13:00:15.302526+00:00,11,0.9,0.1,no,KXFEDDECISION-26APR-H0,935bad15-bde9-6038-94c9-e9bcd8f296b5
2026-03-06 13:33:23.948669+00:00,11,0.9,0.1,no,KXFEDDECISION-26APR-H0,9599da81-8aa8-5284-9686-6cc4fd3e9bb1
2026-03-06 13:33:23.948669+00:00,20,0.9,0.1,no,KXFEDDECISION-26APR-H0,ed0898f3-f634-505f-ac3c-c90e3a73f07e
2026-03-06 13:33:24.779428+00:00,50,0.89,0.11,no,KXFEDDECISION-26APR-H0,87d09f22-55d7-5176-541e-0376f8f79505
2026-03-06 13:36:13.940295+00:00,20,0.89,0.11,no,KXFEDDECISION-26APR-H0,f9d92d00-9e3d-4d5f-c90d-e7ad17769ba1
2026-03-06 13:36:13.940295+00:00,718,0.89,0.11,no,KXFEDDECISION-26APR-H0,74cae931-00c7-41a2-cf38-d97325a0c305
2026-03-06 13:36:13.940295+00:00,11,0.89,0.11,no,KXFEDDECISION-26APR-H0,6271ad28-6f2a-4f02-dbcc-6ca598c327b5
2026-03-06 13:39:55.098985+00:00,19,0.88,0.12,no,KXFEDDECISION-26APR-H0,9d751ca1-5d2a-7bd3-8f1b-799786841b7d
2026-03-06 13:39:55.098985+00:00,19,0.88,0.12,no,KXFEDDECISION-26APR-H0,0705a1d4-e5c0-7b9a-92ff-0f0f2f27cf8a
2026-03-06 13:39:55.098985+00:00,12,0.88,0.12,no,KXFEDDECISION-26APR-H0,e3cbcdca-3fec-707c-9a26-526b4c7ec4f7
2026-03-06 13:41:30.022644+00:00,19,0.88,0.12,no,KXFEDDECISION-26APR-H0,2abe8be7-6411-5964-e77d-740ff7e0dfda
2026-03-06 13:41:30.022644+00:00,15,0.87,0.13,no,KXFEDDECISION-26APR-H0,da83a075-656b-50b2-c3d3-5ce3f65c6c75
2026-03-06 13:41:30.022644+00:00,19,0.88,0.12,no,KXFEDDECISION-26APR-H0,9881fa63-4340-56eb-e383-bd596b8fd500
2026-03-06 13:41:30.022644+00:00,19,0.88,0.12,no,KXFEDDECISION-26APR-H0,7fb57b96-f47c-5e98-cbcd-149cd41d8683
2026-03-06 13:41:30.022644+00:00,19,0.88,0.12,no,KXFEDDECISION-26APR-H0,46a4ace5-9148-53a2-f627-10bf620bf589
2026-03-06 13:41:30.022644+00:00,500,0.88,0.12,no,KXFEDDECISION-26APR-H0,2da9a70b-4c50-5e1f-e153-0dd260dcd681
2026-03-06 13:41:30.022644+00:00,20,0.88,0.12,no,KXFEDDECISION-26APR-H0,2c46b961-79b8-5287-d3f5-601af16f5fc6
2026-03-06 13:41:30.022644+00:00,96,0.87,0.13,no,KXFEDDECISION-26APR-H0,29d4214f-e736-57e5-e8b2-bdb59f10ad7c
2026-03-06 13:41:30.022644+00:00,11,0.87,0.13,no,KXFEDDECISION-26APR-H0,26192048-fad1-5c23-d0b2-d9d3d4f82ed9
2026-03-06 13:41:30.022644+00:00,15,0.87,0.13,no,KXFEDDECISION-26APR-H0,255a0dff-4dae-544f-c52e-bb40efae1fec
2026-03-06 13:41:30.022644+00:00,7,0.88,0.12,no,KXFEDDECISION-26APR-H0,17077a7b-405c-5500-ef2b-6c9a9fd506c3
2026-03-06 13:41:30.022644+00:00,15,0.87,0.13,no,KXFEDDECISION-26APR-H0,0263c46d-dcad-56a7-e5f0-ee6207633553
2026-03-06 13:41:30.022644+00:00,500,0.87,0.13,no,KXFEDDECISION-26APR-H0,dd8194dc-e959-5701-f927-3836ac6cd36f
2026-03-06 13:41:30.022644+00:00,15,0.87,0.13,no,KXFEDDECISION-26APR-H0,df179fdf-d2c4-5e54-fef3-ac3634ed3fab
2026-03-06 13:41:30.022644+00:00,11,0.88,0.12,no,KXFEDDECISION-26APR-H0,1ea66a7d-bb56-5bb3-cd47-c0c1fec52d5b
2026-03-06 13:42:20.441596+00:00,11,0.85,0.15,no,KXFEDDECISION-26APR-H0,9eee520a-501b-477c-7fa6-6df1409dfdc6
2026-03-06 13:42:20.441596+00:00,11,0.86,0.14,no,KXFEDDECISION-26APR-H0,48bf8e23-3749-497c-6ce3-74f8ea85dfb6
2026-03-06 13:42:20.441596+00:00,11,0.84,0.16,no,KXFEDDECISION-26APR-H0,62ea855f-f111-447b-5dbb-70b7183af6f0
2026-03-06 13:42:20.441596+00:00,40,0.84,0.16,no,KXFEDDECISION-26APR-H0,983c62c1-ad58-4721-766d-e0dde9e4c0ce
2026-03-06 13:42:20.441596+00:00,20,0.86,0.14,no,KXFEDDECISION-26APR-H0,c566f18c-b963-4660-7cc2-330e5b5fa1b3
2026-03-06 13:42:20.441596+00:00,500,0.84,0.16,no,KXFEDDECISION-26APR-H0,d9cd9798-6335-4aec-5e2b-4ea16d754784
2026-03-06 13:42:20.441596+00:00,500,0.85,0.15,no,KXFEDDECISION-26APR-H0,153820af-3a01-46c5-7fcb-d444f6561436
2026-03-06 13:42:20.441596+00:00,55,0.86,0.14,no,KXFEDDECISION-26APR-H0,06919ebf-1eff-438a-57d9-d65a85149d08
2026-03-06 13:55:31.683358+00:00,5,0.88,0.12,yes,KXFEDDECISION-26APR-H0,b479b5c2-56a1-4cfd-ae01-0efdb1e5e47e
2026-03-06 13:55:31.683358+00:00,20,0.88,0.12,yes,KXFEDDECISION-26APR-H0,cae7cd2d-1fd8-44bb-9d70-54d4c935f2ad
2026-03-06 14:33:45.093748+00:00,7,0.86,0.14,no,KXFEDDECISION-26APR-H0,71892af0-17a7-50cf-c08b-720d16e3237b
2026-03-06 14:47:59.838402+00:00,6,0.88,0.12,yes,KXFEDDECISION-26APR-H0,0863fd48-1866-5e36-9a77-7ef8875d4b3a
2026-03-06 14:50:08.970414+00:00,209,0.85,0.15,no,KXFEDDECISION-26APR-H0,744af721-0f1c-730f-ab86-de12f3550227
2026-03-06 14:50:08.970414+00:00,513,0.85,0.15,no,KXFEDDECISION-26APR-H0,deae0eb5-4cbc-7ed3-adb2-1bd5e4fef4cd
2026-03-06 15:18:58.602791+00:00,2,0.86,0.14,yes,KXFEDDECISION-26APR-H0,11eb86a8-a9cf-49c4-319c-6585978fee7e
2026-03-06 15:23:43.186780+00:00,4,0.85,0.15,no,KXFEDDECISION-26APR-H0,3a1afead-6580-55f3-406d-573d3ac4d6e7
2026-03-06 15:26:33.438800+00:00,287,0.85,0.15,no,KXFEDDECISION-26APR-H0,72bcc86a-d6fc-602b-2274-a1fdad451d87
2026-03-06 15:29:54.896665+00:00,500,0.83,0.17,no,KXFEDDECISION-26APR-H0,44c78171-ccdb-5a2d-5463-6ee0da7b2fde
2026-03-06 15:29:54.896665+00:00,500,0.84,0.16,no,KXFEDDECISION-26APR-H0,8a4e056f-b13b-5309-48f2-e2fbe53b01fe
2026-03-06 15:59:26.683735+00:00,25,0.82,0.18,no,KXFEDDECISION-26APR-H0,7fdbb8e6-7416-60ec-30de-eeb6d8bcbcf9
2026-03-06 16:14:29.982306+00:00,51,0.82,0.18,no,KXFEDDECISION-26APR-H0,66072bfd-79a5-636d-1cf4-54fe7c36def7
2026-03-06 16:14:29.982306+00:00,15,0.82,0.18,no,KXFEDDECISION-26APR-H0,ddfd9aae-59a2-6064-08b3-c1a876a21549
2026-03-06 16:14:29.982306+00:00,12,0.82,0.18,no,KXFEDDECISION-26APR-H0,44941083-c859-6762-10fc-4c5aa078d4ad
2026-03-06 16:29:19.493677+00:00,2,0.82,0.18,no,KXFEDDECISION-26APR-H0,775a5199-9685-454a-0efc-9bca162e241e
2026-03-06 16:42:29.523738+00:00,147,0.84,0.16,no,KXFEDDECISION-26APR-H0,7409cc82-c629-6cd7-7dea-1160a2782374
2026-03-06 16:55:41.736112+00:00,11,0.84,0.16,no,KXFEDDECISION-26APR-H0,711fc6a4-92f7-6bf8-552f-c5290547889f
2026-03-06 16:55:41.736112+00:00,33,0.83,0.17,no,KXFEDDECISION-26APR-H0,ee64438f-5962-6d5c-6b6c-ddb2a1e85baf
2026-03-06 16:55:41.736112+00:00,12,0.83,0.17,no,KXFEDDECISION-26APR-H0,d4f3ebd0-ab63-68a7-58fc-67600d6b928a
2026-03-06 18:01:00.724285+00:00,40,0.86,0.14,yes,KXFEDDECISION-26APR-H0,70f3a57d-3b03-7157-a271-302011e02ff1
2026-03-06 18:01:00.724285+00:00,20,0.86,0.14,yes,KXFEDDECISION-26APR-H0,bc2f8a81-8409-7efd-953b-4bd4a9a986ba
2026-03-06 18:01:00.724285+00:00,40,0.86,0.14,yes,KXFEDDECISION-26APR-H0,f34e218c-45f6-7faa-8ad9-5af39ba6b0eb
2026-03-06 18:10:16.847788+00:00,200,0.86,0.14,yes,KXFEDDECISION-26APR-H0,dfa7d389-036a-7276-142b-5757921feeb7
2026-03-06 18:40:30.607359+00:00,5,0.86,0.14,yes,KXFEDDECISION-26APR-H0,25494d8d-d65a-45e6-94db-e5d6ab02dba3
2026-03-06 19:19:48.436450+00:00,40,0.83,0.17,no,KXFEDDECISION-26APR-H0,ff949189-48ce-59ce-dbfe-3a4661d6fb7b
2026-03-06 19:19:48.436450+00:00,100,0.84,0.16,no,KXFEDDECISION-26APR-H0,3f9e00a4-bbcb-5f7a-f5db-e17d5bb7c9db
2026-03-06 19:19:48.436450+00:00,143,0.83,0.17,no,KXFEDDECISION-26APR-H0,755793e5-9dcd-5f76-d0bf-a0583cd0662a
2026-03-06 19:20:56.579905+00:00,38,0.85,0.15,no,KXFEDDECISION-26APR-H0,1d3ae5a5-01f6-7a0e-d976-6cb961074940
2026-03-06 19:23:18.229804+00:00,5,0.85,0.15,no,KXFEDDECISION-26APR-H0,157253f1-0b36-7b1a-ae2e-c314efbe04fc
2026-03-06 19:25:03.927997+00:00,20,0.84,0.16,no,KXFEDDECISION-26APR-H0,234661b2-4daf-4186-b53a-2ce451ff1ac3
2026-03-06 19:25:03.927997+00:00,57,0.85,0.15,no,KXFEDDECISION-26APR-H0,92d677e2-cbb2-40fe-8f62-7f42a0503ef8
2026-03-06 19:25:03.927997+00:00,457,0.84,0.16,no,KXFEDDECISION-26APR-H0,c9aa70f2-f694-4c29-8296-ccfcff01fcbf
2026-03-06 19:25:19.359145+00:00,230,0.86,0.14,yes,KXFEDDECISION-26APR-H0,b215f274-d2ea-7d9a-5706-1f38ee3a2187
2026-03-06 19:57:00.580332+00:00,3,0.86,0.14,yes,KXFEDDECISION-26APR-H0,ca3ba2ca-4ba2-6eee-e9ce-b7c102b59253
2026-03-06 20:20:59.699380+00:00,555,0.84,0.16,no,KXFEDDECISION-26APR-H0,3184c96e-9ed4-5f6d-8e0d-45b6255a1213
2026-03-06 20:26:07.401644+00:00,295,0.84,0.16,no,KXFEDDECISION-26APR-H0,a38201b5-45c8-7129-cb1c-fedaa501212f
2026-03-06 20:31:20.585549+00:00,115,0.86,0.14,yes,KXFEDDECISION-26APR-H0,3f7cfa61-d1e6-47fe-fffe-52ec2a3fb2cf
2026-03-06 20:53:12.183107+00:00,900,0.84,0.16,no,KXFEDDECISION-26APR-H0,8a833f75-1784-7239-1cca-b496eb62bbeb
2026-03-06 21:24:38.132409+00:00,20,0.85,0.15,yes,KXFEDDECISION-26APR-H0,ab771aad-da9e-5171-1b97-c0bd0ed8f17d
2026-03-06 21:24:38.132409+00:00,34,0.85,0.15,yes,KXFEDDECISION-26APR-H0,28e12176-f195-5ccc-0d17-09ebc8ae0e99
2026-03-06 21:30:44.897295+00:00,50,0.85,0.15,no,KXFEDDECISION-26APR-H0,c45b6d0c-e0e4-7373-d4ec-39615d6bff4e
2026-03-06 22:58:19.460451+00:00,20,0.86,0.14,yes,KXFEDDECISION-26APR-H0,e9afe30e-0a04-69e8-d969-9b0a7551935a
2026-03-06 22:58:19.460451+00:00,1407,0.86,0.14,yes,KXFEDDECISION-26APR-H0,b68e5df2-c1b6-6f5e-c967-a0a8f1d62443
2026-03-07 01:15:17.922780+00:00,5,0.85,0.15,no,KXFEDDECISION-26APR-H0,5b71990e-f540-618f-f011-a99b39caca6a
2026-03-07 02:08:59.495883+00:00,34,0.89,0.11,yes,KXFEDDECISION-26APR-H0,0ce1e306-c76b-6c01-fdc1-69d5bcffeb88
2026-03-07 02:08:59.495883+00:00,20,0.89,0.11,yes,KXFEDDECISION-26APR-H0,2fac5148-80c0-6d4c-c53e-b0ef3470cb26
2026-03-07 03:01:25.607304+00:00,38,0.85,0.15,no,KXFEDDECISION-26APR-H0,52b67fe1-044a-4950-70b7-073193dcdd31
2026-03-07 03:01:25.607304+00:00,591,0.85,0.15,no,KXFEDDECISION-26APR-H0,1aabb523-e554-4dcb-4561-ec7477281bbe
2026-03-07 07:42:29.061797+00:00,6,0.85,0.15,no,KXFEDDECISION-26APR-H0,fed112b6-4d22-7809-952c-4d5ebfb2afb5
2026-03-07 09:13:55.355392+00:00,55,0.9,0.1,yes,KXFEDDECISION-26APR-H0,c86b3f61-a60b-6724-173f-bb56bde90352
2026-03-07 11:27:00.911651+00:00,5,0.87,0.13,yes,KXFEDDECISION-26APR-H0,8b6b7ccb-7859-50d6-854d-c81d99315cd7
2026-03-07 15:57:48.719547+00:00,40,0.86,0.14,yes,KXFEDDECISION-26APR-H0,39b7498d-8a74-66d0-7ae1-5cb3374f26b8
2026-03-07 15:57:48.719547+00:00,19,0.86,0.14,yes,KXFEDDECISION-26APR-H0,1c32659e-59c5-6414-6d38-b765d8ccdb49
2026-03-07 15:57:48.719547+00:00,41,0.88,0.12,yes,KXFEDDECISION-26APR-H0,7986d2dc-f4c2-6d01-63a0-a256a63176d8
2026-03-07 15:59:40.962972+00:00,56,0.88,0.12,yes,KXFEDDECISION-26APR-H0,3cecc6d5-9fea-61cd-5003-8c42ffb86908
2026-03-07 17:11:46.341526+00:00,20,0.86,0.14,no,KXFEDDECISION-26APR-H0,938892a5-5f72-5676-0d8d-235d3605f101
2026-03-07 19:32:44.222639+00:00,5,0.88,0.12,yes,KXFEDDECISION-26APR-H0,2ba50745-75f2-64e5-b4fb-c3b0654d2498
2026-03-07 19:47:33.205259+00:00,150,0.88,0.12,yes,KXFEDDECISION-26APR-H0,de7544f6-5ee6-539d-c618-ed307f1aa711
2026-03-07 19:47:33.205259+00:00,20,0.88,0.12,yes,KXFEDDECISION-26APR-H0,172693e5-e3e1-5d2a-de96-903db29ced35
2026-03-07 19:47:33.205259+00:00,98,0.88,0.12,yes,KXFEDDECISION-26APR-H0,0c2fc1fb-d79a-5485-e8fe-f76c6b516904
2026-03-07 20:58:36.788769+00:00,42,0.88,0.12,no,KXFEDDECISION-26APR-H0,5816d754-e5cb-71b5-36fe-6318020c72d2
2026-03-07 21:35:26.038766+00:00,2,0.9,0.1,yes,KXFEDDECISION-26APR-H0,b539919f-7620-7bfb-259d-26068c5c462f
2026-03-07 21:42:59.812260+00:00,5,0.89,0.11,yes,KXFEDDECISION-26APR-H0,15782acd-3d1d-6bd1-c79b-4610db477395
2026-03-07 22:23:54.009707+00:00,1,0.9,0.1,yes,KXFEDDECISION-26APR-H0,c41c6a48-febd-49b0-7df9-fd30646d0611
2026-03-07 22:50:55.846432+00:00,11,0.88,0.12,no,KXFEDDECISION-26APR-H0,f2776e33-e34b-6f5c-d353-270680c97dce
2026-03-07 22:50:55.846432+00:00,190,0.88,0.12,no,KXFEDDECISION-26APR-H0,b5d1984a-6e4f-6ad1-ee90-6e0277f900a2
2026-03-07 22:51:37.194064+00:00,11,0.87,0.13,no,KXFEDDECISION-26APR-H0,d6245cb6-91fc-4470-37bd-b9b72be2b704
2026-03-08 02:09:51.046905+00:00,27,0.89,0.11,yes,KXFEDDECISION-26APR-H0,2e54df6a-89ad-6af2-a105-e4ee30063186
2026-03-08 12:05:06.922215+00:00,53,0.89,0.11,yes,KXFEDDECISION-26APR-H0,37566cb3-acf5-7718-a9eb-0e2a14fde8ad
2026-03-08 12:09:51.183485+00:00,11,0.87,0.13,no,KXFEDDECISION-26APR-H0,7ba0321b-fe93-4d47-647b-d381e9a82922
2026-03-08 12:09:51.183485+00:00,6,0.87,0.13,no,KXFEDDECISION-26APR-H0,acb3724c-b7df-4df3-65f1-ab0f112eda20
2026-03-08 12:09:51.183485+00:00,5,0.87,0.13,no,KXFEDDECISION-26APR-H0,81675b47-f511-4005-4dbe-5a77ffe7cb6c
2026-03-08 12:09:51.183485+00:00,27,0.87,0.13,no,KXFEDDECISION-26APR-H0,e0d44bb2-9226-49df-5f04-62a9da8bc920
2026-03-08 12:09:51.183485+00:00,20,0.87,0.13,no,KXFEDDECISION-26APR-H0,62a9f8c3-6390-4137-7639-82cc4edabfd5
2026-03-08 12:38:00.489973+00:00,44,0.86,0.14,no,KXFEDDECISION-26APR-H0,73cdf9d0-b65f-74e7-b074-6bc9f6e52cc7
2026-03-08 12:39:06.506480+00:00,602,0.86,0.14,no,KXFEDDECISION-26APR-H0,a803d04c-4483-7987-ae70-265f097df0d7
2026-03-08 12:40:35.821925+00:00,20,0.87,0.13,yes,KXFEDDECISION-26APR-H0,5e66f3af-07d6-58dd-444d-0de857c64ab4
2026-03-08 12:40:35.821925+00:00,37,0.87,0.13,yes,KXFEDDECISION-26APR-H0,9969f834-a2c1-528c-4f00-3f653e783cb5
2026-03-08 12:40:35.821925+00:00,69,0.87,0.13,yes,KXFEDDECISION-26APR-H0,ce4be121-fd63-5a04-63a9-9f6ac0500918
2026-03-08 14:46:29.135713+00:00,4,0.87,0.13,yes,KXFEDDECISION-26APR-H0,da5935b5-729b-44d9-f0f5-8beac77b1d22
2026-03-08 14:46:29.135713+00:00,3909,0.87,0.13,yes,KXFEDDECISION-26APR-H0,512c103d-3395-45b4-f19b-6f9f7123b179
2026-03-08 14:46:29.135713+00:00,22,0.87,0.13,yes,KXFEDDECISION-26APR-H0,3fdf093a-e7a3-43ad-e510-835fe3b31d4e
2026-03-08 14:46:29.135713+00:00,80,0.88,0.12,yes,KXFEDDECISION-26APR-H0,30315593-7f53-4cac-d0fa-aa89302324fe
2026-03-08 14:46:29.135713+00:00,442,0.91,0.09,yes,KXFEDDECISION-26APR-H0,0e61fc2c-8353-4f58-fc9b-725ef61f5fa6
2026-03-08 14:46:29.135713+00:00,27,0.89,0.11,yes,KXFEDDECISION-26APR-H0,fb1ed53d-5a88-4ef0-e7ff-c6f827bee392
2026-03-08 14:46:29.135713+00:00,50,0.9,0.1,yes,KXFEDDECISION-26APR-H0,faefc541-5b49-43cd-f168-984f18c271fb
2026-03-08 15:11:14.566029+00:00,5,0.88,0.12,yes,KXFEDDECISION-26APR-H0,632c83e7-7f4e-7b15-9e3d-de69c9dfac10
2026-03-08 15:15:57.850094+00:00,56,0.88,0.12,yes,KXFEDDECISION-26APR-H0,365de337-cb0e-7395-688a-9e49cfe19bc4
2026-03-08 16:47:56.032950+00:00,12,0.87,0.13,yes,KXFEDDECISION-26APR-H0,ba6a7cd9-78d1-5c14-ec11-d4e2307fe925
2026-03-08 18:51:21.210194+00:00,5,0.88,0.12,yes,KXFEDDECISION-26APR-H0,2b94d6de-4115-542f-cae6-adfc79b4151a
2026-03-08 19:07:03.774713+00:00,312,0.86,0.14,no,KXFEDDECISION-26APR-H0,76b35372-7bef-4653-8e65-6aace60551a3
2026-03-08 20:20:08.992794+00:00,13,0.87,0.13,yes,KXFEDDECISION-26APR-H0,9d8ae28e-7967-7191-9f56-f467ae6496ec
2026-03-08 20:20:08.992794+00:00,7,0.87,0.13,yes,KXFEDDECISION-26APR-H0,67a40aff-6320-74e0-aaa5-b9f885704a94
2026-03-08 20:20:50.576333+00:00,1,0.87,0.13,yes,KXFEDDECISION-26APR-H0,6ca30220-8a2b-7b93-e0a5-c89044d388db
2026-03-08 20:20:50.576333+00:00,10,0.87,0.13,yes,KXFEDDECISION-26APR-H0,8f36b445-b7d7-757d-c252-78e866ddec3f
2026-03-08 20:22:11.952510+00:00,1111,0.88,0.12,yes,KXFEDDECISION-26APR-H0,e980f7f1-e7cd-6fbf-9264-2a3ea52be962
2026-03-08 20:44:20.161022+00:00,11,0.86,0.14,no,KXFEDDECISION-26APR-H0,7dcdf3e7-a327-6f14-5ac4-74402a587d7c
2026-03-08 20:44:20.161022+00:00,20,0.86,0.14,no,KXFEDDECISION-26APR-H0,d3f4a27d-0c35-6e40-772f-95dc2be6cfa2
2026-03-08 20:44:20.161022+00:00,42,0.86,0.14,no,KXFEDDECISION-26APR-H0,ce1c86d3-febb-62cb-5dd2-9829047e1acf
2026-03-08 20:47:28.099300+00:00,20,0.85,0.15,no,KXFEDDECISION-26APR-H0,2c94be2f-fa3f-5cf6-92bd-5b9c4b385c26
2026-03-08 20:47:28.099300+00:00,50,0.85,0.15,no,KXFEDDECISION-26APR-H0,7baf4963-a807-5768-a04f-1c59ae4bedb5
2026-03-08 20:47:28.099300+00:00,11,0.85,0.15,no,KXFEDDECISION-26APR-H0,8d280e3f-5b95-5fde-9313-156c8fafd984
2026-03-08 20:49:39.086443+00:00,33,0.84,0.16,no,KXFEDDECISION-26APR-H0,002851b0-9125-4c9b-c33b-bb9c674f618a
2026-03-08 21:40:44.068191+00:00,87,0.87,0.13,yes,KXFEDDECISION-26APR-H0,6eb21370-d6f2-5245-ea2c-299a69913481
2026-03-08 22:19:25.276029+00:00,100,0.86,0.14,no,KXFEDDECISION-26APR-H0,2d9ace74-3e03-4557-c18c-895f96a4bfd5
2026-03-08 23:03:10.850678+00:00,10,0.83,0.17,no,KXFEDDECISION-26APR-H0,bd296154-ac83-6ccb-c1a4-7efeefb7c179
2026-03-09 00:04:42.024096+00:00,11,0.85,0.15,no,KXFEDDECISION-26APR-H0,315100ac-3770-5f2e-fb8a-64f14e2fea92
2026-03-09 00:32:40.700649+00:00,5,0.85,0.15,no,KXFEDDECISION-26APR-H0,3c408075-5010-4eca-9c50-1a2c1b782cae
2026-03-09 00:35:34.604322+00:00,27,0.8,0.2,no,KXFEDDECISION-26APR-H0,136df516-bcb7-66fa-3f38-55bacc517c59
2026-03-09 00:35:34.604322+00:00,11,0.85,0.15,no,KXFEDDECISION-26APR-H0,8622634c-1b3d-6c92-2cd8-c11b93d59f9f
2026-03-09 00:35:34.604322+00:00,12,0.83,0.17,no,KXFEDDECISION-26APR-H0,fb3f0593-bff1-6aa0-2a0a-37a13cceeb75
2026-03-09 00:35:34.604322+00:00,53,0.85,0.15,no,KXFEDDECISION-26APR-H0,d6fc5fa9-a4ec-676e-2316-1e1fc336d876
2026-03-09 00:35:34.604322+00:00,11,0.84,0.16,no,KXFEDDECISION-26APR-H0,ac57ffc0-1fa8-6910-23e1-c1ff783750a9
2026-03-09 01:28:20.414005+00:00,2328,0.85,0.15,yes,KXFEDDECISION-26APR-H0,a6a60920-61f6-58c1-fcb9-7fe725899bdd
2026-03-09 01:29:29.107174+00:00,1,0.86,0.14,yes,KXFEDDECISION-26APR-H0,cb19fc4b-f7d4-6791-9be7-e27f40d7ea0a
2026-03-09 01:29:29.107174+00:00,753,0.86,0.14,yes,KXFEDDECISION-26APR-H0,808d530e-7462-6d37-b8a9-18ff84793289
2026-03-09 01:29:29.107174+00:00,672,0.85,0.15,yes,KXFEDDECISION-26APR-H0,6550c8ad-b4ea-6a19-8dbe-186bedff930d
2026-03-09 01:29:29.107174+00:00,884,0.86,0.14,yes,KXFEDDECISION-26APR-H0,117939e0-5edd-6bdb-883d-b31e8a1ac6ce
2026-03-09 02:05:45.826988+00:00,111,0.83,0.17,no,KXFEDDECISION-26APR-H0,03fc212a-9d95-6230-54b1-5daea54ee138
2026-03-09 02:46:24.351889+00:00,26,0.83,0.17,no,KXFEDDECISION-26APR-H0,4ff99923-7869-77f0-eb0a-7c16d413b180
2026-03-09 03:15:54.206490+00:00,10,0.83,0.17,no,KXFEDDECISION-26APR-H0,9670088e-41d9-7194-dc61-34bafd613da4
2026-03-09 03:40:28.278999+00:00,5,0.86,0.14,yes,KXFEDDECISION-26APR-H0,076879a7-231e-777f-62e6-361167fd402d
2026-03-09 03:54:47.705362+00:00,287,0.86,0.14,yes,KXFEDDECISION-26APR-H0,505d2668-8c3e-683b-a84e-d7c1ed73ebdd
2026-03-09 04:07:33.706492+00:00,1134,0.83,0.17,no,KXFEDDECISION-26APR-H0,79bcfe4c-cfdd-6278-a599-5b5e9ef096a8
2026-03-09 04:07:33.706492+00:00,12,0.83,0.17,no,KXFEDDECISION-26APR-H0,28e688a9-fb50-691e-b001-1064421104ee
2026-03-09 04:15:36.579948+00:00,28,0.82,0.18,no,KXFEDDECISION-26APR-H0,da46ce63-702d-5d82-8407-2ba820e4135e
2026-03-09 04:35:33.891593+00:00,70,0.83,0.17,yes,KXFEDDECISION-26APR-H0,af20f84d-805d-71c4-67b9-47f94ce47528
2026-03-09 04:48:16.791469+00:00,1,0.83,0.17,yes,KXFEDDECISION-26APR-H0,20dd32eb-5971-5360-91df-71c552b5a2d0
2026-03-09 05:24:10.602276+00:00,1,0.83,0.17,yes,KXFEDDECISION-26APR-H0,f15fb9d2-df45-6f4c-4dec-af4e7980c53c
2026-03-09 05:38:37.117153+00:00,100,0.82,0.18,no,KXFEDDECISION-26APR-H0,2c448b6e-d7e9-650e-eb88-d2bb457c80da
2026-03-09 06:04:56.720395+00:00,1190,0.83,0.17,yes,KXFEDDECISION-26APR-H0,949b6d06-8a8d-4444-0139-07501130c0c4
2026-03-09 07:00:30.434046+00:00,5,0.83,0.17,yes,KXFEDDECISION-26APR-H0,15f10469-2e99-5c64-f5b3-7981f79b7b9c
2026-03-09 07:12:45.249936+00:00,3,0.82,0.18,no,KXFEDDECISION-26APR-H0,99b9a86a-7515-7e16-7a51-89f0f9c4a266
2026-03-09 08:52:26.130552+00:00,2000,0.83,0.17,yes,KXFEDDECISION-26APR-H0,82f2da03-feb5-6950-7da2-035c555a8be4
2026-03-09 08:52:50.414396+00:00,2000,0.83,0.17,yes,KXFEDDECISION-26APR-H0,36e8ead1-99f9-736c-a491-b79ee51d99c4
2026-03-09 08:52:56.049727+00:00,1,0.83,0.17,yes,KXFEDDECISION-26APR-H0,b7c7279f-382d-57f0-266d-b9c37dae51f4
2026-03-09 08:52:56.166145+00:00,1,0.83,0.17,yes,KXFEDDECISION-26APR-H0,0021cda8-47fd-7c2c-876c-389063bf1b20
2026-03-09 08:53:00.736205+00:00,835,0.83,0.17,yes,KXFEDDECISION-26APR-H0,6b2b044f-7fa5-7b34-3aad-d33e042da3ac
2026-03-09 08:53:00.736205+00:00,162,0.83,0.17,yes,KXFEDDECISION-26APR-H0,55478c10-adb1-7c0b-0a2c-abac217160cf
2026-03-09 08:53:06.482503+00:00,2,0.83,0.17,yes,KXFEDDECISION-26APR-H0,f44488be-d32d-7b2f-2060-6573f3fb0297
2026-03-09 08:53:06.946799+00:00,1,0.83,0.17,yes,KXFEDDECISION-26APR-H0,ca72f0b7-a675-780f-6194-4c16bf22c81f
2026-03-09 11:15:29.419869+00:00,59,0.83,0.17,yes,KXFEDDECISION-26APR-H0,d58567c2-4091-67a3-771a-187433d8301f
2026-03-09 12:23:40.963475+00:00,500,0.82,0.18,no,KXFEDDECISION-26APR-H0,4a906dec-5c81-77aa-7b9d-1ad3974b0e80
2026-03-09 12:23:40.963475+00:00,319,0.82,0.18,no,KXFEDDECISION-26APR-H0,c354d1cb-73f1-7bda-66a9-45e44e94c222
2026-03-09 12:33:06.133361+00:00,50,0.81,0.19,no,KXFEDDECISION-26APR-H0,35e3c4ef-6a23-605e-3310-beb0c196f285
2026-03-09 12:33:06.348178+00:00,50,0.81,0.19,no,KXFEDDECISION-26APR-H0,328eb181-8297-5066-c505-0aa4c15cbbad
2026-03-09 12:34:50.538158+00:00,181,0.82,0.18,yes,KXFEDDECISION-26APR-H0,a6a9b540-b757-5b32-6854-a34e7acb1ed5
2026-03-09 12:59:36.019090+00:00,500,0.83,0.17,yes,KXFEDDECISION-26APR-H0,d1eb9fe0-a571-4ae3-d58d-60a795211ca7
2026-03-09 13:00:23.537424+00:00,192,0.83,0.17,yes,KXFEDDECISION-26APR-H0,840c7abb-a9f1-61ca-d9a6-cc89b2472977
2026-03-09 13:00:23.537424+00:00,376,0.83,0.17,yes,KXFEDDECISION-26APR-H0,fd9bad6c-859d-6f1f-c056-664fe12a9737
2026-03-09 13:16:51.580618+00:00,588,0.83,0.17,yes,KXFEDDECISION-26APR-H0,5cc58a68-4479-6806-949f-ac01b0dadceb
2026-03-09 14:00:16.304044+00:00,100,0.83,0.17,yes,KXFEDDECISION-26APR-H0,cf21b52b-d591-7d36-fccb-cb554cd699a3
2026-03-09 14:14:59.065255+00:00,1120,0.83,0.17,yes,KXFEDDECISION-26APR-H0,ebf476e2-0cb5-5a86-6f1f-6c080d36c763
2026-03-09 14:14:59.065255+00:00,1000,0.85,0.15,yes,KXFEDDECISION-26APR-H0,146c0289-4511-55dd-406a-03b54355c334
2026-03-09 14:14:59.065255+00:00,230,0.86,0.14,yes,KXFEDDECISION-26APR-H0,23703b39-968a-526f-72f3-50677d3a2a45
2026-03-09 15:31:50.038822+00:00,50,0.82,0.18,no,KXFEDDECISION-26APR-H0,b33ec305-bc7e-7e76-8686-3a6f131be5d6
2026-03-09 15:31:50.234844+00:00,50,0.82,0.18,no,KXFEDDECISION-26APR-H0,0cfd5d10-4eb2-78e6-040e-17dd2de4865a
2026-03-09 15:31:50.425980+00:00,50,0.82,0.18,no,KXFEDDECISION-26APR-H0,82729040-124a-46ca-0768-affee3d88a6e
2026-03-09 16:08:37.831503+00:00,21,0.85,0.15,yes,KXFEDDECISION-26APR-H0,214d2472-8cb5-5ea4-25a2-637c17b1e881
2026-03-09 16:19:19.749575+00:00,5,0.86,0.14,yes,KXFEDDECISION-26APR-H0,c27d6e44-7e36-4297-3b16-4c97b1b05a31
2026-03-09 16:41:47.200264+00:00,100,0.82,0.18,no,KXFEDDECISION-26APR-H0,acbc9749-685a-5956-24d9-1d39b4b878da
2026-03-09 18:19:48.152076+00:00,27,0.82,0.18,no,KXFEDDECISION-26APR-H0,2d01b690-e982-4c8a-b547-eea5a2d26412
2026-03-09 18:35:04.075980+00:00,4,0.82,0.18,no,KXFEDDECISION-26APR-H0,85f4022a-ba56-6a92-cf57-23793962d15a
2026-03-09 20:26:13.249096+00:00,5,0.82,0.18,no,KXFEDDECISION-26APR-H0,1db9d932-effa-791a-b434-7c481e46458e
2026-03-09 20:34:02.691971+00:00,17,0.86,0.14,yes,KXFEDDECISION-26APR-H0,5b45acf0-f1e2-5247-001f-d4cf7f086d0d
2026-03-09 21:11:52.819278+00:00,5,0.86,0.14,yes,KXFEDDECISION-26APR-H0,41105289-876a-5fff-07b2-c64d8bd05965
2026-03-09 21:11:52.819278+00:00,2,0.85,0.15,yes,KXFEDDECISION-26APR-H0,0f139cb7-d384-5e40-0be3-d914570eedf4
2026-03-09 21:43:30.226544+00:00,1,0.86,0.14,yes,KXFEDDECISION-26APR-H0,d1a88942-a202-5a8f-49e8-357058a73cbd
2026-03-10 02:09:47.660542+00:00,803,0.86,0.14,yes,KXFEDDECISION-26APR-H0,5261e4d0-90b9-6cf9-61d8-0b2e576a02b7
2026-03-10 02:09:47.660542+00:00,1697,0.86,0.14,yes,KXFEDDECISION-26APR-H0,fd1537ac-2c9e-6a13-518d-169c57df1605
2026-03-10 02:10:04.051729+00:00,2900,0.86,0.14,yes,KXFEDDECISION-26APR-H0,c8debba6-b471-7fd9-66d0-78419087c457
2026-03-10 02:33:29.401460+00:00,997,0.86,0.14,yes,KXFEDDECISION-26APR-H0,1d14b0bd-1625-77c5-e74a-9dfa66d21acf
2026-03-10 02:47:05.243188+00:00,62,0.85,0.15,no,KXFEDDECISION-26APR-H0,dedccd0c-54f4-63a3-4539-ce38935881df
2026-03-10 02:51:13.990312+00:00,31,0.87,0.13,yes,KXFEDDECISION-26APR-H0,d3966981-ccaa-5b0d-2d6e-eea7513f2165
2026-03-10 02:51:13.990312+00:00,25,0.87,0.13,yes,KXFEDDECISION-26APR-H0,e7937c7e-a07d-5172-0948-c3d5eaaa42af
2026-03-10 05:15:54.956926+00:00,50,0.86,0.14,no,KXFEDDECISION-26APR-H0,dbadf1ff-6491-61c5-5ec7-504b00f7ecd3
2026-03-10 06:54:35.118079+00:00,47,0.85,0.15,no,KXFEDDECISION-26APR-H0,56feb223-df81-7b43-73b2-295e11e0d34e
2026-03-10 06:54:35.118079+00:00,11,0.85,0.15,no,KXFEDDECISION-26APR-H0,6dfd8841-5947-7fad-589b-bbd05f79339f
2026-03-10 10:30:54.653350+00:00,58,0.87,0.13,yes,KXFEDDECISION-26APR-H0,d8d97a3e-f375-5ef6-abe8-02160c5dc80b
2026-03-10 10:56:33.640567+00:00,4,0.85,0.15,no,KXFEDDECISION-26APR-H0,8c03a048-7ea0-4d42-12ba-8a45c15b6725
2026-03-10 12:20:11.120329+00:00,300,0.87,0.13,yes,KXFEDDECISION-26APR-H0,21fe709c-4e7d-60c5-88a6-e9f1369ef4cf
2026-03-10 12:51:24.218492+00:00,20,0.9,0.1,yes,KXFEDDECISION-26APR-H0,9a9f9d7b-001a-4392-85df-a3f95c9383d2
2026-03-10 14:24:04.144552+00:00,77,0.89,0.11,yes,KXFEDDECISION-26APR-H0,c02ef422-f0cf-7d9b-5b26-095767d6bc11
2026-03-10 14:24:04.144552+00:00,12,0.9,0.1,yes,KXFEDDECISION-26APR-H0,878275ff-4947-751f-4aa4-436e74e201ae
2026-03-10 14:24:04.144552+00:00,12,0.9,0.1,yes,KXFEDDECISION-26APR-H0,4a40d67b-78e9-7862-5132-c28d09233e3b
2026-03-10 14:24:04.144552+00:00,10,0.9,0.1,yes,KXFEDDECISION-26APR-H0,0f2a3825-a894-7617-5c0e-87b0c1994480
2026-03-10 17:55:40.117353+00:00,1,0.92,0.08,yes,KXFEDDECISION-26APR-H0,dc34d525-a9d2-753f-b389-fdd138e11c42
2026-03-10 17:55:40.117353+00:00,89,0.93,0.07,yes,KXFEDDECISION-26APR-H0,4677ea47-cd23-7ddc-b324-56a692ec8586
2026-03-10 17:55:40.117353+00:00,21,0.9,0.1,yes,KXFEDDECISION-26APR-H0,4dbb991b-c626-784a-82b6-4aacb5941610
2026-03-10 17:55:40.117353+00:00,50,0.91,0.09,yes,KXFEDDECISION-26APR-H0,53ac55d6-5094-7bbb-8f82-3447c5ec02d8
2026-03-10 17:55:40.117353+00:00,1,0.92,0.08,yes,KXFEDDECISION-26APR-H0,e216f264-1d8e-7678-acb6-7aba4d768d3c
2026-03-10 18:49:16.233529+00:00,192,0.9,0.1,yes,KXFEDDECISION-26APR-H0,a1f35329-e1a9-6362-c34f-d782b2a760f8
2026-03-10 18:49:16.269849+00:00,192,0.9,0.1,no,KXFEDDECISION-26APR-H0,31d8a08f-73d0-6615-d7df-df6b001b2305
2026-03-10 18:52:19.699836+00:00,13,0.9,0.1,no,KXFEDDECISION-26APR-H0,06a6f54c-6354-4ff5-147f-090e5b1984e9
2026-03-10 18:54:51.599956+00:00,7,0.89,0.11,no,KXFEDDECISION-26APR-H0,7c4bb6fa-1ac7-6c85-4c1f-0292caaee7aa
2026-03-10 18:54:51.599956+00:00,3,0.9,0.1,no,KXFEDDECISION-26APR-H0,a0f4ecb1-ce84-69bd-6278-72e9f0f6bdd1
2026-03-10 18:54:51.599956+00:00,11,0.9,0.1,no,KXFEDDECISION-26APR-H0,b7be0d60-5b53-6852-5a6e-6ebee400c69a
2026-03-10 21:57:33.724744+00:00,594,0.91,0.09,yes,KXFEDDECISION-26APR-H0,8b245724-645f-6b23-61aa-10f09a1d68e4
2026-03-10 23:44:23.366485+00:00,231,0.87,0.13,no,KXFEDDECISION-26APR-H0,7fb1f0e3-90b3-5e73-25b2-2a17fe3622fe
2026-03-11 00:06:39.228111+00:00,406,0.89,0.11,yes,KXFEDDECISION-26APR-H0,58a78f35-3aa3-4827-7992-be5f495dabf0
2026-03-11 00:07:27.501338+00:00,1506,0.9,0.1,yes,KXFEDDECISION-26APR-H0,15819639-48dc-75b9-e9e1-161f6ea38661
2026-03-11 00:56:05.864177+00:00,3,0.9,0.1,yes,KXFEDDECISION-26APR-H0,92bc4c0f-7a0c-6725-cd51-cca88f808105
2026-03-11 01:29:56.621525+00:00,2,0.89,0.11,yes,KXFEDDECISION-26APR-H0,92bfae73-c271-404a-a9e3-9c2d56244730
2026-03-11 01:54:26.867945+00:00,54,0.89,0.11,yes,KXFEDDECISION-26APR-H0,5e3d3586-bbfd-6f02-c00a-1db140d47048
2026-03-11 03:02:09.767139+00:00,2000,0.89,0.11,yes,KXFEDDECISION-26APR-H0,f0518ae8-91df-7f79-ea6c-50261202ff73
2026-03-11 03:02:09.767139+00:00,191,0.89,0.11,yes,KXFEDDECISION-26APR-H0,fc46f9e6-e1b0-7799-ff4d-cea0040c9945
2026-03-11 10:26:20.751874+00:00,20,0.88,0.12,no,KXFEDDECISION-26APR-H0,a544c4ba-ec65-4272-a482-580132fc49a3
2026-03-11 10:26:20.751874+00:00,1,0.88,0.12,no,KXFEDDECISION-26APR-H0,b0abf320-6e9f-4165-98f1-dccb3b67558d
2026-03-11 11:12:14.649842+00:00,25,0.88,0.12,yes,KXFEDDECISION-26APR-H0,826888cb-4652-7039-cc8d-01f608f31a38
2026-03-11 12:07:59.056887+00:00,129,0.87,0.13,no,KXFEDDECISION-26APR-H0,ce254c52-1bf7-4edb-d3de-cca267d92f1a
2026-03-11 12:30:29.567227+00:00,445,0.88,0.12,yes,KXFEDDECISION-26APR-H0,0ebed919-6026-5349-8d32-116f99ea7e04
2026-03-11 12:41:38.406157+00:00,51,0.88,0.12,yes,KXFEDDECISION-26APR-H0,1dda394e-01ce-4bd9-4e22-b69ddb9f60b8
2026-03-11 12:43:40.714994+00:00,36,0.9,0.1,yes,KXFEDDECISION-26APR-H0,a42ce040-86df-6b67-e61c-de392ac2d563
2026-03-11 12:58:07.718591+00:00,5000,0.92,0.08,yes,KXFEDDECISION-26APR-H0,9ed1580c-e1e9-64f6-cbbc-5dc42478215e
2026-03-11 12:58:07.718591+00:00,1,0.91,0.09,yes,KXFEDDECISION-26APR-H0,3b69de5f-13bb-67c3-f509-fb920c874a12
2026-03-11 12:58:07.718591+00:00,317,0.92,0.08,yes,KXFEDDECISION-26APR-H0,99c172c2-7d5f-60d9-e2a0-3f8348254085
2026-03-11 12:58:07.718591+00:00,87,0.91,0.09,yes,KXFEDDECISION-26APR-H0,9d936a80-25e0-611c-d46d-0a9027db549c
2026-03-11 13:41:40.168889+00:00,26,0.92,0.08,yes,KXFEDDECISION-26APR-H0,40467b07-00ff-6b41-1821-5dd235a80b05
2026-03-11 13:41:40.168889+00:00,1,0.91,0.09,yes,KXFEDDECISION-26APR-H0,18d81a91-d808-6863-3ba1-2169892b3e29
2026-03-11 13:52:01.691659+00:00,19,0.9,0.1,no,KXFEDDECISION-26APR-H0,6446f322-68db-7b42-60c8-e5c9be606cde
2026-03-11 13:52:01.691659+00:00,20,0.9,0.1,no,KXFEDDECISION-26APR-H0,a401974a-6404-76c1-58ca-c81ccc3e6d6b
2026-03-11 13:52:01.691659+00:00,1156,0.89,0.11,no,KXFEDDECISION-26APR-H0,63e0bb1a-d523-71df-5788-b275da0233cc
2026-03-11 13:54:47.379838+00:00,1177,0.88,0.12,no,KXFEDDECISION-26APR-H0,ee04ab2c-5efa-5ad4-d818-6207e31454b1
2026-03-11 14:35:58.834713+00:00,36,0.91,0.09,yes,KXFEDDECISION-26APR-H0,55ef17ea-632e-49fd-baa2-202cc89353c2
2026-03-11 14:35:58.834713+00:00,18,0.9,0.1,yes,KXFEDDECISION-26APR-H0,8f4e420b-c463-458b-9db5-df1370dd1962
2026-03-11 14:46:20.183239+00:00,39,0.88,0.12,no,KXFEDDECISION-26APR-H0,aa1830af-eaca-7240-15ad-401db04e3881
2026-03-11 15:28:17.316721+00:00,1,0.9,0.1,yes,KXFEDDECISION-26APR-H0,a3706138-f3b1-70de-74de-6b6fa0e0fbd4
2026-03-11 15:32:59.994829+00:00,964,0.91,0.09,yes,KXFEDDECISION-26APR-H0,bdeec4b5-b92e-50b9-56fe-b1c699fa5cda
2026-03-11 15:32:59.994829+00:00,500,0.91,0.09,yes,KXFEDDECISION-26APR-H0,b8c5482c-0423-5ce1-5857-db0bfd1b04fe
2026-03-11 15:38:34.194367+00:00,15,0.91,0.09,yes,KXFEDDECISION-26APR-H0,f7b93dc6-c317-74f3-ca46-41b59fc235d7
2026-03-11 15:39:36.140041+00:00,700,0.92,0.08,yes,KXFEDDECISION-26APR-H0,aa87c1b1-c913-6b85-c731-d067972f6641
2026-03-11 15:44:25.904456+00:00,10,0.91,0.09,yes,KXFEDDECISION-26APR-H0,7bd30c5b-d2a7-5d14-8099-e94223574ed9
2026-03-11 16:07:29.698102+00:00,18,0.89,0.11,no,KXFEDDECISION-26APR-H0,7e5a5329-8810-745d-ce7f-da6aeb2a2a72
2026-03-11 16:07:29.698102+00:00,20,0.89,0.11,no,KXFEDDECISION-26APR-H0,c407b55b-a38b-7383-eec4-c20285a2ba3a
2026-03-11 16:07:48.181525+00:00,233,0.88,0.12,no,KXFEDDECISION-26APR-H0,c0379d17-074e-4f1c-98ff-01be431c5a0d
2026-03-11 16:07:48.181525+00:00,1909,0.88,0.12,no,KXFEDDECISION-26APR-H0,ff76bca6-fff7-4e67-89f9-6ccce70bf42c
2026-03-11 17:16:43.662076+00:00,4320,0.88,0.12,no,KXFEDDECISION-26APR-H0,7206691e-d923-6707-6607-279ee1bc4644
2026-03-11 17:16:45.254561+00:00,115,0.88,0.12,no,KXFEDDECISION-26APR-H0,e68a829f-3faf-6ac3-6972-3ea0f400a1c0
2026-03-11 17:16:45.254561+00:00,582,0.88,0.12,no,KXFEDDECISION-26APR-H0,d22dc677-983f-61fa-4d4a-129bb0b00971
2026-03-11 17:16:45.319025+00:00,332,0.88,0.12,no,KXFEDDECISION-26APR-H0,7ee140cb-2644-47d2-258e-7c8bea1c5274
2026-03-11 17:16:45.319025+00:00,168,0.88,0.12,no,KXFEDDECISION-26APR-H0,ff83e046-67a7-4702-07cf-a8f4857cbc01
2026-03-11 17:16:52.543250+00:00,714,0.87,0.13,no,KXFEDDECISION-26APR-H0,85175846-fcd3-5859-8e22-3bab6189c620
2026-03-11 18:22:51.039108+00:00,87,0.91,0.09,yes,KXFEDDECISION-26APR-H0,1e2f7ef1-6873-4ad1-976e-edf6cf100f6b
2026-03-11 18:22:51.039108+00:00,13,0.91,0.09,yes,KXFEDDECISION-26APR-H0,d4bd20ce-e5f5-4f27-a3a2-b2cd096b2ad8
2026-03-11 22:28:22.705433+00:00,855,0.89,0.11,no,KXFEDDECISION-26APR-H0,787a760a-dab8-617c-aacf-cc986bd39cb7
2026-03-11 22:39:44.072625+00:00,1,0.9,0.1,yes,KXFEDDECISION-26APR-H0,5e53ab1c-c1a3-4b44-749d-1057dfa7c9e0
2026-03-12 00:32:21.573023+00:00,46,0.9,0.1,yes,KXFEDDECISION-26APR-H0,25cd734f-b8b7-4b25-bae2-0f6bffd0b557
2026-03-12 00:32:21.573023+00:00,63,0.9,0.1,yes,KXFEDDECISION-26APR-H0,7c29ec5d-9767-482c-aea3-2cca48bde784
2026-03-12 00:32:21.573023+00:00,1,0.9,0.1,yes,KXFEDDECISION-26APR-H0,f036b1e6-2737-4a4a-8bf8-700a62ee4d9b
2026-03-12 00:34:41.178009+00:00,2,0.9,0.1,yes,KXFEDDECISION-26APR-H0,92c7101c-1d77-6ca9-0304-b09e4612a52f
2026-03-12 01:09:17.221557+00:00,1865,0.9,0.1,yes,KXFEDDECISION-26APR-H0,bda79d7d-7e3b-4785-7911-6c021e7c9963
2026-03-12 01:09:17.221557+00:00,52,0.9,0.1,yes,KXFEDDECISION-26APR-H0,070e1e45-4f9f-45b5-4b28-5c5bf71d81ee
2026-03-12 01:09:17.221557+00:00,52,0.9,0.1,yes,KXFEDDECISION-26APR-H0,280c8df1-efcc-42d6-4fef-b201e49473c9
2026-03-12 01:25:34.422271+00:00,33,0.91,0.09,yes,KXFEDDECISION-26APR-H0,922c08a7-c4be-6c38-248e-5190e229a094
2026-03-12 01:25:34.422271+00:00,64,0.91,0.09,yes,KXFEDDECISION-26APR-H0,b41c5259-c562-608b-138e-55735be51be4
2026-03-12 01:25:34.422271+00:00,64,0.91,0.09,yes,KXFEDDECISION-26APR-H0,2bc53362-de8b-6cf8-123f-428fc7198cd8
2026-03-12 01:25:34.422271+00:00,64,0.91,0.09,yes,KXFEDDECISION-26APR-H0,1ff7e7a9-7be2-6134-21bc-b7db2aa31559
2026-03-12 01:25:34.422271+00:00,33,0.91,0.09,yes,KXFEDDECISION-26APR-H0,11f0f78f-e1a7-6707-13ed-175de5d4e220
2026-03-12 04:13:56.024681+00:00,15,0.89,0.11,no,KXFEDDECISION-26APR-H0,73e0b54c-bbb8-6dd8-8038-4f61e3a8c25b
2026-03-12 04:40:40.688102+00:00,38,0.89,0.11,no,KXFEDDECISION-26APR-H0,d782d3bb-8bdc-5464-6efd-3d35757337bf
2026-03-12 09:35:02.944026+00:00,1,0.91,0.09,yes,KXFEDDECISION-26APR-H0,7aa1700a-a5ff-496d-74fe-a52aa96eba58
2026-03-12 09:35:02.944026+00:00,1,0.91,0.09,yes,KXFEDDECISION-26APR-H0,b81da7ff-1392-4494-5aa9-14c4cb333843
2026-03-12 10:03:53.622623+00:00,1999,0.91,0.09,yes,KXFEDDECISION-26APR-H0,be2f857e-db8e-5b64-312a-a13973528f1f
2026-03-12 10:05:18.772388+00:00,500,0.9,0.1,no,KXFEDDECISION-26APR-H0,834aa8bc-78a3-5db5-33e5-db54693383d6
2026-03-12 10:54:38.245373+00:00,2289,0.92,0.08,yes,KXFEDDECISION-26APR-H0,bf0ca518-953b-41c9-1d8e-e98ee19a2201
2026-03-12 11:51:34.044766+00:00,535,0.93,0.07,yes,KXFEDDECISION-26APR-H0,457cfa9f-d003-57c0-2b12-e0f9f71f843a
2026-03-12 14:00:18.446888+00:00,20,0.9,0.1,no,KXFEDDECISION-26APR-H0,1cbc21f1-4d30-5abe-3a27-9571dde9a15b
2026-03-12 14:00:18.446888+00:00,20,0.9,0.1,no,KXFEDDECISION-26APR-H0,6b82d999-5d62-5927-1379-e6fa26678e48
2026-03-12 15:45:13.263347+00:00,10,0.92,0.08,yes,KXFEDDECISION-26APR-H0,dc4a0b6b-62cb-7ae5-0d06-c2d48ae4b44c
2026-03-12 16:03:03.212285+00:00,21,0.92,0.08,yes,KXFEDDECISION-26APR-H0,d939a73f-0c3f-7b51-c933-c2683d87f684
2026-03-12 17:25:43.982292+00:00,69,0.92,0.08,yes,KXFEDDECISION-26APR-H0,28c7bac4-06c3-6c7d-53c3-6be5de3fe62c
2026-03-12 17:41:25.335532+00:00,10,0.91,0.09,no,KXFEDDECISION-26APR-H0,d2b851b8-7699-64b1-c503-19c0377721ba
2026-03-12 19:20:31.710001+00:00,260,0.91,0.09,no,KXFEDDECISION-26APR-H0,3851e48e-01d3-68f7-9d35-adc4458ec984
2026-03-12 19:20:31.710001+00:00,5,0.91,0.09,no,KXFEDDECISION-26APR-H0,6ebe4ce3-3c85-6b01-bea5-7e2b5688afb2
2026-03-12 19:20:31.710001+00:00,358,0.91,0.09,no,KXFEDDECISION-26APR-H0,2d1f2868-331a-623a-a107-c9570611bf99
2026-03-12 19:20:31.710001+00:00,10,0.91,0.09,no,KXFEDDECISION-26APR-H0,72e0d4aa-ef4a-6245-a792-8db884c4933a
2026-03-12 19:33:09.029404+00:00,25,0.91,0.09,no,KXFEDDECISION-26APR-H0,3de2fbcf-79d2-400e-dfdf-4a2b419ab321
2026-03-12 19:58:05.335173+00:00,5,0.93,0.07,yes,KXFEDDECISION-26APR-H0,fd3819e5-8487-682c-0fbf-c6367c379976
2026-03-12 20:07:05.917124+00:00,522,0.91,0.09,no,KXFEDDECISION-26APR-H0,9a5d0a06-9956-67da-ede2-997f8dabb725
2026-03-12 20:18:35.094109+00:00,1070,0.93,0.07,yes,KXFEDDECISION-26APR-H0,56e1c6e0-737f-7bb8-f0b2-33d1ee6b3866
2026-03-12 22:10:44.205645+00:00,301,0.93,0.07,yes,KXFEDDECISION-26APR-H0,821e193e-7adb-45f8-10b3-23cd8c698882
2026-03-12 22:10:44.205645+00:00,14377,0.93,0.07,yes,KXFEDDECISION-26APR-H0,8d44dd76-11bf-492d-1095-2ba1641438a2
2026-03-12 22:10:44.205645+00:00,1111,0.93,0.07,yes,KXFEDDECISION-26APR-H0,a0353348-2da9-4133-0b05-13a53c7bb754
2026-03-12 22:13:04.343713+00:00,30059,0.93,0.07,yes,KXFEDDECISION-26APR-H0,35200de1-6827-4fc9-9a9a-6d049b7cb916
2026-03-12 23:14:56.869346+00:00,105,0.93,0.07,yes,KXFEDDECISION-26APR-H0,afb0909e-f0c7-74a5-1acd-bde4bf918122
2026-03-13 00:03:55.452343+00:00,58,0.92,0.08,no,KXFEDDECISION-26APR-H0,6d688df0-013e-6e9d-5de7-d454b884a666
2026-03-13 01:12:14.293280+00:00,5000,0.93,0.07,yes,KXFEDDECISION-26APR-H0,72f1c2e3-5acf-597d-6881-302e901b6776
2026-03-13 01:13:05.507233+00:00,246,0.93,0.07,yes,KXFEDDECISION-26APR-H0,12b06556-8304-5788-f922-7082f6b0117d
2026-03-13 01:13:05.507233+00:00,459,0.93,0.07,yes,KXFEDDECISION-26APR-H0,3b8659bd-700f-5121-e635-06c6caf7ba02
2026-03-13 01:31:52.544582+00:00,50,0.92,0.08,no,KXFEDDECISION-26APR-H0,da216722-d9d2-7fb1-f713-a1d00fa986d6
2026-03-13 02:03:08.548890+00:00,53,0.93,0.07,yes,KXFEDDECISION-26APR-H0,28d309c2-37d0-6054-6f41-e6e13465f5c9
2026-03-13 02:12:42.588428+00:00,20,0.93,0.07,yes,KXFEDDECISION-26APR-H0,27ca7e78-8f1c-7bb0-1151-5297d1444825
2026-03-13 02:26:48.656006+00:00,7,0.93,0.07,yes,KXFEDDECISION-26APR-H0,5aa74df8-10e0-7f9c-5679-e2518caaa6f5
2026-03-13 02:32:36.416226+00:00,1000,0.93,0.07,yes,KXFEDDECISION-26APR-H0,2940c21f-1fe0-59ac-3238-d013ae388b99
2026-03-13 03:12:47.170350+00:00,3,0.92,0.08,no,KXFEDDECISION-26APR-H0,f3a25684-7e0e-4a8d-4bda-820c5fd22e9e
2026-03-13 04:33:00.288286+00:00,214,0.93,0.07,yes,KXFEDDECISION-26APR-H0,6293a68b-9f64-4228-ff3a-df40ac901319
2026-03-13 06:46:37.499724+00:00,100,0.92,0.08,no,KXFEDDECISION-26APR-H0,1a49b1bc-5c3e-76d5-d592-6ec177edccda
2026-03-13 07:02:54.411339+00:00,37,0.92,0.08,no,KXFEDDECISION-26APR-H0,c48a7fe8-4d3e-5681-64b4-b520e6b72402
2026-03-13 11:46:32.383105+00:00,400,0.93,0.07,yes,KXFEDDECISION-26APR-H0,a3909628-0c4c-7aac-cfd4-1487bdcd6e71
2026-03-13 12:31:21.579730+00:00,1,0.93,0.07,yes,KXFEDDECISION-26APR-H0,d263c38f-f334-51b4-dcd7-60aa29e25099
2026-03-13 12:46:36.278052+00:00,25,0.93,0.07,yes,KXFEDDECISION-26APR-H0,95b724b3-be8c-4dc4-2764-4e8cb7a06ce1
2026-03-13 14:35:37.857014+00:00,336,0.92,0.08,no,KXFEDDECISION-26APR-H0,54bd28ca-0617-4cce-cdd0-2548ba36800a
2026-03-13 14:35:37.857014+00:00,252,0.92,0.08,no,KXFEDDECISION-26APR-H0,76b8a6bb-f01a-4d71-c789-d82be7efd7a2
2026-03-13 14:50:03.785457+00:00,170,0.92,0.08,no,KXFEDDECISION-26APR-H0,e6172a9b-cd43-4262-3d7f-ca9e347456ee
2026-03-13 16:39:11.303345+00:00,12,0.93,0.07,yes,KXFEDDECISION-26APR-H0,2f10bc22-8240-6614-42d7-9cd2bfaaaa0d
2026-03-13 17:02:32.348786+00:00,1070,0.93,0.07,yes,KXFEDDECISION-26APR-H0,cdc09262-1a9c-4f48-f9df-df3cfc1e98f5
2026-03-13 17:03:56.444031+00:00,12,0.93,0.07,yes,KXFEDDECISION-26APR-H0,e385998b-fa48-5498-7bf0-405c46b53631
2026-03-13 17:10:12.632191+00:00,53,0.93,0.07,yes,KXFEDDECISION-26APR-H0,b75a632c-7be0-62e4-c04e-7d8f414941a9
2026-03-13 17:35:44.148751+00:00,11,0.93,0.07,yes,KXFEDDECISION-26APR-H0,a7d2b49d-e66c-55b4-16b1-8cd74c2d470d
2026-03-13 17:40:50.725686+00:00,11,0.93,0.07,yes,KXFEDDECISION-26APR-H0,fea98fff-1fec-67a8-fa6c-645ed3289735
2026-03-13 17:46:02.593848+00:00,11,0.93,0.07,yes,KXFEDDECISION-26APR-H0,e38abec5-f750-79d8-c778-34970ae16dfd
2026-03-13 17:51:24.470364+00:00,10,0.93,0.07,yes,KXFEDDECISION-26APR-H0,1f399814-ae68-6fc0-e067-0917f88f7a59
2026-03-13 17:58:26.861718+00:00,10,0.93,0.07,yes,KXFEDDECISION-26APR-H0,f11617af-1948-6fd0-00f3-8b29ad75c4bd
2026-03-13 18:03:36.705434+00:00,10,0.93,0.07,yes,KXFEDDECISION-26APR-H0,fd2fc00a-8204-40e4-e77b-2c81a7559e21
2026-03-13 18:08:58.450891+00:00,9,0.93,0.07,yes,KXFEDDECISION-26APR-H0,9d134751-1300-4744-ef14-ed378c5e32e5
2026-03-13 18:14:06.727609+00:00,9,0.93,0.07,yes,KXFEDDECISION-26APR-H0,43848ae0-4030-49f4-a53f-68105204daf5
2026-03-13 18:19:16.161840+00:00,9,0.93,0.07,yes,KXFEDDECISION-26APR-H0,361d78b2-ddf0-5bd8-dac3-ffe72cd149b9
2026-03-13 18:28:35.894007+00:00,8,0.93,0.07,yes,KXFEDDECISION-26APR-H0,56ae772f-6568-47f0-44c9-233360e0969d
2026-03-13 18:56:54.171360+00:00,13,0.92,0.08,no,KXFEDDECISION-26APR-H0,42322fbb-e8fb-561e-cd06-984d83db21ba
2026-03-13 19:01:53.957188+00:00,8,0.93,0.07,yes,KXFEDDECISION-26APR-H0,6070defe-a8ac-49e8-b978-fd8bccb766d5
2026-03-13 19:07:07.777992+00:00,8,0.93,0.07,yes,KXFEDDECISION-26APR-H0,f57f6c12-68d8-6508-a05c-7eb6f46ab9b1
2026-03-13 19:13:15.388412+00:00,8,0.93,0.07,yes,KXFEDDECISION-26APR-H0,633d4acf-30a8-61b8-b050-31394c3efb79
2026-03-13 19:24:11.117926+00:00,100,0.92,0.08,no,KXFEDDECISION-26APR-H0,484fe5ac-ce83-7032-115a-c98f1986ebda
2026-03-13 19:30:43.134494+00:00,100,0.92,0.08,no,KXFEDDECISION-26APR-H0,a3b175ed-75e7-7a7a-7486-3b35c711a38e
2026-03-13 19:36:52.492480+00:00,1,0.93,0.07,yes,KXFEDDECISION-26APR-H0,d0a90fa6-2420-4b64-9737-68fa8b851b11
2026-03-13 19:37:14.781084+00:00,7,0.93,0.07,yes,KXFEDDECISION-26APR-H0,f141c0fa-cda8-6b70-fee6-d82581bf4151
2026-03-13 19:42:30.303359+00:00,7,0.93,0.07,yes,KXFEDDECISION-26APR-H0,ba3ead39-8bd8-46ec-7bae-5902046422f5
2026-03-13 19:48:58.326800+00:00,1,0.93,0.07,yes,KXFEDDECISION-26APR-H0,40949a55-4290-5370-580e-0506baf71285
2026-03-13 19:49:09.567666+00:00,100,0.93,0.07,yes,KXFEDDECISION-26APR-H0,d8841b89-e424-7d84-a37e-d0f3284a6d45
2026-03-13 20:34:32.002657+00:00,1070,0.93,0.07,yes,KXFEDDECISION-26APR-H0,ee92a516-bba8-6964-921a-3b1610cc1619
2026-03-13 21:30:08.035629+00:00,50,0.93,0.07,yes,KXFEDDECISION-26APR-H0,2e96ad54-3c0c-525c-5474-1cb7f1a2d281
2026-03-13 22:40:25.541700+00:00,107,0.93,0.07,yes,KXFEDDECISION-26APR-H0,710ba332-3c28-5adc-c9ab-c0c4c66c5505
2026-03-13 22:57:43.548589+00:00,1070,0.93,0.07,yes,KXFEDDECISION-26APR-H0,0d793c87-793c-5630-7921-e72e613e25fd
2026-03-13 23:56:15.614956+00:00,200,0.93,0.07,yes,KXFEDDECISION-26APR-H0,58208eff-2744-674c-e213-af09d8fb86c1
2026-03-14 01:10:02.222962+00:00,428,0.93,0.07,yes,KXFEDDECISION-26APR-H0,e767afe1-25dc-4748-2b0b-2719f7d8f849
2026-03-14 01:55:44.295543+00:00,1150,0.92,0.08,no,KXFEDDECISION-26APR-H0,afc607b4-cb23-62c6-8875-62d600f66c32
2026-03-14 11:01:21.003880+00:00,2247,0.93,0.07,yes,KXFEDDECISION-26APR-H0,97a5c8ee-056c-5fa8-b359-89c195714275
2026-03-14 15:30:12.381448+00:00,1,0.92,0.08,no,KXFEDDECISION-26APR-H0,7eedcfda-edb0-4321-4519-d30d76240962
2026-03-14 15:30:12.381448+00:00,10,0.92,0.08,no,KXFEDDECISION-26APR-H0,99bf66c6-b2f2-46f5-40ad-d792ac1911e2
2026-03-14 15:39:23.102056+00:00,11,0.92,0.08,no,KXFEDDECISION-26APR-H0,d65c74b2-62b8-5041-bad2-dbdcdc8ea99a
2026-03-14 16:16:24.697240+00:00,58,0.92,0.08,no,KXFEDDECISION-26APR-H0,0b02be06-25f8-4c3d-3d33-6caa70433b5a
2026-03-14 19:05:59.993385+00:00,1,0.92,0.08,no,KXFEDDECISION-26APR-H0,08245fbc-1b10-46c9-24bb-472363bd81ba
2026-03-14 20:09:23.061329+00:00,1000,0.92,0.08,no,KXFEDDECISION-26APR-H0,32ddcfa7-ea98-5429-9b34-4869ce56a836
2026-03-14 21:56:53.526440+00:00,575,0.92,0.08,no,KXFEDDECISION-26APR-H0,82b59075-3004-6d05-4940-01299fed82b6
2026-03-15 00:03:26.848713+00:00,2,0.92,0.08,no,KXFEDDECISION-26APR-H0,2ed05d9a-cb00-49ad-659f-374fe9016646
2026-03-15 01:38:06.988521+00:00,107,0.93,0.07,yes,KXFEDDECISION-26APR-H0,bfb7bf7c-f99c-6950-15d9-2ba3dee67e4d
2026-03-15 01:48:19.064159+00:00,321,0.93,0.07,yes,KXFEDDECISION-26APR-H0,b414f817-1074-408c-f971-f46f88ef2d89
2026-03-15 02:33:44.917600+00:00,13,0.93,0.07,yes,KXFEDDECISION-26APR-H0,674bef3e-9b04-4c30-6d49-b632beb7b939
2026-03-15 03:12:07.686518+00:00,500,0.92,0.08,no,KXFEDDECISION-26APR-H0,87cd5f24-db60-4039-997f-738f22a304f2
2026-03-15 04:01:26.852911+00:00,1,0.93,0.07,yes,KXFEDDECISION-26APR-H0,c7e0ffa2-5e24-5254-6320-83bf1373e9b5
2026-03-15 05:02:27.535264+00:00,50,0.92,0.08,no,KXFEDDECISION-26APR-H0,34e7a9d7-05cc-6de9-769b-81a4db1f853e
2026-03-15 06:03:35.961511+00:00,1,0.93,0.07,yes,KXFEDDECISION-26APR-H0,5a5a9339-7204-5e8c-656a-1ce8ec4ccbdd
2026-03-15 06:07:16.547001+00:00,1000,0.92,0.08,no,KXFEDDECISION-26APR-H0,6dba162a-8568-6379-7a92-0072876c821e
2026-03-15 08:34:10.831618+00:00,21,0.93,0.07,yes,KXFEDDECISION-26APR-H0,4d282413-9de8-5f68-7711-5d44fd723af1
2026-03-15 10:13:17.918430+00:00,11,0.92,0.08,no,KXFEDDECISION-26APR-H0,f63f2576-353a-795a-14bd-a89353f98a54
2026-03-15 13:12:01.875104+00:00,223,0.93,0.07,yes,KXFEDDECISION-26APR-H0,626c1dc7-d524-41ec-8057-ca558834ae25
2026-03-15 14:24:58.518231+00:00,1000,0.93,0.07,yes,KXFEDDECISION-26APR-H0,ed8e1276-4280-62b4-c9db-ee7813ea0b95
2026-03-15 14:37:01.312372+00:00,500,0.93,0.07,yes,KXFEDDECISION-26APR-H0,16aef841-dda4-79d0-58df-3c356acfd265
2026-03-15 15:08:39.515916+00:00,5,0.93,0.07,yes,KXFEDDECISION-26APR-H0,922a8b1e-d7e8-5a1c-eb4e-6fe5041c4ed5
2026-03-15 15:22:22.990029+00:00,58,0.92,0.08,no,KXFEDDECISION-26APR-H0,ebd12abc-09ba-55b2-af1a-cb6817a094b4
2026-03-15 16:05:43.031574+00:00,10000,0.93,0.07,yes,KXFEDDECISION-26APR-H0,94144edb-e9f8-5518-854f-5d4826292c3d
2026-03-15 16:17:21.080011+00:00,5000,0.93,0.07,yes,KXFEDDECISION-26APR-H0,ccec269f-7b14-40e8-c06d-2551a316b615
2026-03-15 16:40:56.181544+00:00,10,0.93,0.07,yes,KXFEDDECISION-26APR-H0,7762ed8d-b8e8-77b4-36ac-3e60ed9b9b59
2026-03-15 19:08:38.571877+00:00,575,0.93,0.07,yes,KXFEDDECISION-26APR-H0,35522e3f-1a08-5914-6b09-28294038cef9
2026-03-16 00:11:58.563189+00:00,1,0.93,0.07,yes,KXFEDDECISION-26APR-H0,d7660616-e188-5d9c-aa09-ece9750e5579
2026-03-16 01:08:44.005245+00:00,1174,0.92,0.08,no,KXFEDDECISION-26APR-H0,609bc9e3-1856-6b66-9dbd-c9e227eca1b8
2026-03-16 03:00:08.119489+00:00,5,0.92,0.08,no,KXFEDDECISION-26APR-H0,2f24e2d3-0d9a-6472-1ad3-73364880c630
2026-03-16 04:00:21.248698+00:00,19,0.93,0.07,yes,KXFEDDECISION-26APR-H0,c14b7dfa-a740-57fc-3863-032bb484c13d
2026-03-16 04:21:09.614624+00:00,1,0.93,0.07,yes,KXFEDDECISION-26APR-H0,96213e53-9c58-4d5c-babf-18d38eb1a239
2026-03-16 04:58:34.196670+00:00,300,0.93,0.07,yes,KXFEDDECISION-26APR-H0,fe75cd34-1ff4-582c-4683-9b9737f033b5
2026-03-16 06:00:15.820859+00:00,4,0.92,0.08,no,KXFEDDECISION-26APR-H0,cff8d9d6-ba82-73ea-29b6-226090e2eae0
2026-03-16 09:30:10.615955+00:00,3,0.92,0.08,no,KXFEDDECISION-26APR-H0,ec9bb7d0-65ae-4ecd-41ac-88263c61eefe
2026-03-16 10:16:02.669252+00:00,3379,0.93,0.07,yes,KXFEDDECISION-26APR-H0,02a6365e-68c0-564c-fd4f-6f7a597df269
2026-03-16 10:16:02.669252+00:00,6681,0.93,0.07,yes,KXFEDDECISION-26APR-H0,33e33a90-13c1-5e89-e465-b2f13fb5e8c9
2026-03-16 10:16:02.669252+00:00,3000,0.93,0.07,yes,KXFEDDECISION-26APR-H0,4410dd97-3b92-5432-e542-eaf27f109ec4
2026-03-16 11:09:10.199556+00:00,423,0.94,0.06,yes,KXFEDDECISION-26APR-H0,f68399f5-7ee9-40c5-6a93-9f8e29c88bfc
2026-03-16 13:01:36.024584+00:00,3,0.92,0.08,no,KXFEDDECISION-26APR-H0,dd0a6490-3bc2-7af1-76cc-b1f59b84b86e
2026-03-16 13:03:03.539052+00:00,105,0.94,0.06,yes,KXFEDDECISION-26APR-H0,0b05b178-b3f5-4c81-06c3-55ba42cf5a94
2026-03-16 13:58:44.909694+00:00,1,0.93,0.07,yes,KXFEDDECISION-26APR-H0,65e75617-e67e-65d5-a9a2-4231892d9ce8
2026-03-16 14:31:15.939408+00:00,299,0.93,0.07,yes,KXFEDDECISION-26APR-H0,5ddea17d-ac06-4a5d-96f8-ac8bf2e8a8f4
2026-03-16 14:59:07.785671+00:00,4,0.92,0.08,no,KXFEDDECISION-26APR-H0,0cdc88d8-d9fa-4c91-a21a-0b3998d3889e
2026-03-16 14:59:07.785671+00:00,1,0.92,0.08,no,KXFEDDECISION-26APR-H0,afc4279f-5324-45ad-8019-117b0fcf41c1
2026-03-16 15:13:52.369812+00:00,1059,0.94,0.06,yes,KXFEDDECISION-26APR-H0,19a61f5f-0bd1-5699-7f3a-4a64980a1174
2026-03-16 15:16:16.231248+00:00,1,0.94,0.06,yes,KXFEDDECISION-26APR-H0,759299ee-4409-4f5d-add6-06df48d74e5c
2026-03-16 15:16:45.493641+00:00,50,0.92,0.08,no,KXFEDDECISION-26APR-H0,1b9bd415-2874-59a5-bfca-7f63926c4861
2026-03-16 16:07:52.012270+00:00,120,0.92,0.08,no,KXFEDDECISION-26APR-H0,49a06e5f-d2c0-71c9-3f5b-4745e344965d
2026-03-16 16:07:52.012270+00:00,500,0.93,0.07,no,KXFEDDECISION-26APR-H0,05356536-d2fe-7d8d-0453-1e39d44c33b0
2026-03-16 17:03:11.739124+00:00,1,0.92,0.08,no,KXFEDDECISION-26APR-H0,0f41e64f-9508-5529-1626-076ebefdce15
2026-03-16 17:30:07.933103+00:00,2,0.92,0.08,no,KXFEDDECISION-26APR-H0,76cc9be9-da2c-6251-27ce-d28583a9bd55
2026-03-16 18:40:21.509845+00:00,38,0.92,0.08,no,KXFEDDECISION-26APR-H0,e96e6e86-b3eb-6712-bded-e794c65eeebc
2026-03-16 18:40:21.509845+00:00,36,0.92,0.08,no,KXFEDDECISION-26APR-H0,6f792ebd-29d5-6ce6-b99c-f3cfe4666936
2026-03-16 18:40:21.509845+00:00,26,0.92,0.08,no,KXFEDDECISION-26APR-H0,3a71bda1-0d30-6739-9faa-29820b4a7c1d
2026-03-16 19:01:12.839059+00:00,1,0.94,0.06,yes,KXFEDDECISION-26APR-H0,eff7314a-4edd-7ead-7eca-853761e4304c
2026-03-16 19:05:33.079428+00:00,1,0.92,0.08,no,KXFEDDECISION-26APR-H0,4b10da24-ecbd-78da-d513-920108f37d7a
2026-03-16 19:06:34.549953+00:00,1,0.92,0.08,no,KXFEDDECISION-26APR-H0,4658927a-0f61-75e2-50d8-ac37dd1553ae
2026-03-16 19:29:38.597883+00:00,1,0.92,0.08,no,KXFEDDECISION-26APR-H0,2b9e6bae-acf1-4fee-1fcf-a02129e30cce
2026-03-16 19:30:43.366395+00:00,1,0.92,0.08,no,KXFEDDECISION-26APR-H0,97febc45-837d-7b4e-e247-eb05f84769b2
2026-03-16 19:31:46.890628+00:00,1,0.92,0.08,no,KXFEDDECISION-26APR-H0,e1da087b-9f6d-5c72-0829-131dda2375de
2026-03-16 19:32:51.953329+00:00,1,0.92,0.08,no,KXFEDDECISION-26APR-H0,d75a5fe2-a391-46ca-386c-9bb0c4865182
2026-03-16 19:40:51.754125+00:00,1,0.92,0.08,no,KXFEDDECISION-26APR-H0,bf10079f-323d-4b96-56f3-fcc60ab0fa0e
2026-03-16 19:41:55.167218+00:00,1,0.92,0.08,no,KXFEDDECISION-26APR-H0,928354a6-6549-53be-5e9a-18fd8cf5b57a
2026-03-16 19:43:30.918451+00:00,1,0.92,0.08,no,KXFEDDECISION-26APR-H0,84c0ce91-3429-47ba-3179-7cd88c9e8c7a
2026-03-16 19:44:23.940804+00:00,1,0.92,0.08,no,KXFEDDECISION-26APR-H0,2bc0dc27-f5d5-7eb2-d387-2f486502255a
2026-03-16 19:49:17.332875+00:00,200,0.92,0.08,no,KXFEDDECISION-26APR-H0,4729d6c8-6e49-6056-5ea6-b156070306de
2026-03-16 20:31:50.423887+00:00,5,0.93,0.07,yes,KXFEDDECISION-26APR-H0,daa55723-4314-5509-2a57-b89649e5a74a
2026-03-16 21:00:09.675889+00:00,3,0.92,0.08,no,KXFEDDECISION-26APR-H0,c5ae1b8c-1a01-77a2-3a90-8dbd958adc3e
2026-03-16 22:45:29.042573+00:00,5,0.92,0.08,no,KXFEDDECISION-26APR-H0,d41875fa-588d-57ca-3536-d08368e985be
2026-03-16 23:39:03.097056+00:00,10,0.94,0.06,yes,KXFEDDECISION-26APR-H0,da3d1a32-17b5-45c1-2d24-a4ff49f41878
2026-03-17 01:18:04.062614+00:00,117,0.92,0.08,no,KXFEDDECISION-26APR-H0,dad19f92-d8a1-5f56-8d10-df77c4d63b0e
2026-03-17 01:19:32.083302+00:00,469,0.92,0.08,no,KXFEDDECISION-26APR-H0,6b177814-c9b9-6e7a-36d2-62dd7af64c5a
2026-03-17 01:20:38.520833+00:00,363,0.92,0.08,no,KXFEDDECISION-26APR-H0,50cf3cb0-7e9d-7932-04d7-dd37030dcd56
2026-03-17 01:35:11.747764+00:00,230,0.92,0.08,no,KXFEDDECISION-26APR-H0,e556b380-8585-571a-ece5-af531bed2922
2026-03-17 01:36:06.383033+00:00,10,0.94,0.06,yes,KXFEDDECISION-26APR-H0,ba26ced9-2f31-6525-c395-57ddfd50c0f8
2026-03-17 04:43:01.377227+00:00,50,0.93,0.07,no,KXFEDDECISION-26APR-H0,82d7ac7e-a95e-48c2-aaae-5f22baf1af62
2026-03-17 08:36:37.316071+00:00,5,0.94,0.06,yes,KXFEDDECISION-26APR-H0,0c7ad540-9999-6aad-4e59-263fce43dd40
2026-03-17 09:48:10.786814+00:00,11,0.92,0.08,no,KXFEDDECISION-26APR-H0,05f81d47-9b86-4bc7-41b5-c1cd407ad752
2026-03-17 09:48:10.786814+00:00,1152,0.92,0.08,no,KXFEDDECISION-26APR-H0,5af3267c-a3cb-419e-4a02-61f77217417d
2026-03-17 09:48:10.786814+00:00,11,0.92,0.08,no,KXFEDDECISION-26APR-H0,ff198a16-8f9c-4c17-5257-ab17da72335b
2026-03-17 10:43:57.254826+00:00,6564,0.94,0.06,yes,KXFEDDECISION-26APR-H0,81662d77-cb6a-4346-3446-28e31e6e095b
2026-03-17 10:43:57.254826+00:00,50,0.94,0.06,yes,KXFEDDECISION-26APR-H0,ffbd1dc5-e5d0-48a8-3664-88d3881677ef
2026-03-17 10:43:57.254826+00:00,3386,0.94,0.06,yes,KXFEDDECISION-26APR-H0,077e8996-45f9-4589-3a29-444f509f9048
2026-03-17 10:44:15.115327+00:00,6,0.94,0.06,yes,KXFEDDECISION-26APR-H0,14cbf927-731a-4fb2-8304-991d80e8ad47
2026-03-17 10:50:55.699655+00:00,1271,0.94,0.06,yes,KXFEDDECISION-26APR-H0,e5ba5437-2733-4323-7013-f1122ec920e6
2026-03-17 10:50:55.699655+00:00,3430,0.94,0.06,yes,KXFEDDECISION-26APR-H0,4bb8988e-a97a-411a-5630-c17c887e1673
2026-03-17 13:22:38.843669+00:00,333,0.93,0.07,no,KXFEDDECISION-26APR-H0,07bc6e64-7854-53f7-0a8e-425cc39cc9eb
2026-03-17 15:30:52.046415+00:00,335,0.93,0.07,no,KXFEDDECISION-26APR-H0,2a92dba5-1598-5867-2367-2d7d1e5a8ac3
2026-03-17 15:40:24.386060+00:00,6,0.94,0.06,yes,KXFEDDECISION-26APR-H0,10a7c34b-bbef-4c37-a6e4-36710c35087a
2026-03-17 17:21:15.892763+00:00,1,0.94,0.06,yes,KXFEDDECISION-26APR-H0,19c13f8e-1aa3-6d47-7bfb-ea1fa2607dd6
2026-03-17 18:42:48.766304+00:00,7,0.94,0.06,yes,KXFEDDECISION-26APR-H0,ddeb0242-c75f-73ef-a1f4-58488cfce286
2026-03-17 20:30:06.144823+00:00,1,0.94,0.06,yes,KXFEDDECISION-26APR-H0,87c8aaf8-564b-641b-347a-04cc2371cfd2
2026-03-17 22:25:05.329884+00:00,5,0.94,0.06,yes,KXFEDDECISION-26APR-H0,a2348a16-8eb7-552b-09c5-59e7a62d0aee
2026-03-17 22:27:38.026295+00:00,10,0.94,0.06,yes,KXFEDDECISION-26APR-H0,e7c6bb3a-bc13-6e8f-0a5f-9d49aa7047aa
2026-03-17 22:36:23.499905+00:00,322,0.93,0.07,no,KXFEDDECISION-26APR-H0,f8fbbfe5-c9a4-7363-a92a-253b4181434b
2026-03-17 23:13:45.694682+00:00,1,0.93,0.07,no,KXFEDDECISION-26APR-H0,5ab20f2c-bd28-7353-7cd3-f048dd3b4b0b
2026-03-17 23:27:25.587570+00:00,1,0.94,0.06,yes,KXFEDDECISION-26APR-H0,b3b56f65-d3d3-72eb-1356-514a34927036
2026-03-18 00:58:56.840088+00:00,228,0.93,0.07,no,KXFEDDECISION-26APR-H0,12921b4e-7938-5573-8574-646c2b37f3d3
2026-03-18 01:11:33.087176+00:00,1,0.94,0.06,yes,KXFEDDECISION-26APR-H0,d09e7db7-c03b-4b3f-6ec4-44f9aa30210a
2026-03-18 02:39:07.910861+00:00,100,0.93,0.07,no,KXFEDDECISION-26APR-H0,f5f2483a-585e-5f50-8600-80542b5ccb6b
2026-03-18 02:52:10.831201+00:00,222,0.93,0.07,no,KXFEDDECISION-26APR-H0,4f1b9433-cfaa-4dec-9904-3c218b87565b
2026-03-18 03:20:20.119303+00:00,52,0.94,0.06,yes,KXFEDDECISION-26APR-H0,0863cd2d-d64b-7c9b-89bf-67e3fbde7352
2026-03-18 03:34:28.760975+00:00,134,0.93,0.07,no,KXFEDDECISION-26APR-H0,5aa3e2ed-5832-57f0-9b6a-392b9c19cf2b
2026-03-18 04:57:28.846232+00:00,4355,0.94,0.06,yes,KXFEDDECISION-26APR-H0,1025325c-4a42-60d6-b688-c6e5d5eed019
2026-03-18 04:57:28.846232+00:00,8645,0.94,0.06,yes,KXFEDDECISION-26APR-H0,b9fa30f1-54db-672b-9e8f-0f5bbab04666
2026-03-18 06:55:26.541957+00:00,200,0.94,0.06,yes,KXFEDDECISION-26APR-H0,42621cca-f3da-5d16-92dc-dc9110d8f3a5
2026-03-18 06:56:27.610150+00:00,350,0.94,0.06,yes,KXFEDDECISION-26APR-H0,f7541118-6262-784a-717e-b5946f7be761
2026-03-18 08:20:45.297334+00:00,9792,0.94,0.06,yes,KXFEDDECISION-26APR-H0,6bc572c9-c526-4282-dfd4-eeac1dbcfe75
2026-03-18 08:23:20.238469+00:00,1,0.93,0.07,no,KXFEDDECISION-26APR-H0,b7f30bc8-7b24-4c8a-85b9-14c95f9c76da
2026-03-18 08:23:20.238469+00:00,30,0.93,0.07,no,KXFEDDECISION-26APR-H0,bc83c1a1-6320-44bc-a253-b68743e483c7
2026-03-18 08:23:20.238469+00:00,10,0.93,0.07,no,KXFEDDECISION-26APR-H0,dd71b0cd-d625-423a-80f9-84a72b712537
2026-03-18 08:50:50.997967+00:00,72,0.93,0.07,yes,KXFEDDECISION-26APR-H0,1149bb7b-ccd9-4f2b-c909-8632c2e4a676
2026-03-18 09:49:22.818266+00:00,4928,0.94,0.06,yes,KXFEDDECISION-26APR-H0,fc6febfb-87a2-66be-7f8c-71059d45938d
2026-03-18 09:50:29.560100+00:00,5000,0.94,0.06,yes,KXFEDDECISION-26APR-H0,6ecb9214-1e4e-6a76-cde6-12fcc76e55d5
2026-03-18 10:12:48.800451+00:00,63,0.92,0.08,no,KXFEDDECISION-26APR-H0,814438b6-b44a-6009-d070-07d291e11ab5
2026-03-18 12:54:59.878233+00:00,100,0.94,0.06,yes,KXFEDDECISION-26APR-H0,ba0a24ed-3eca-7776-eeba-b30475f82e41
2026-03-18 13:00:01.007383+00:00,5,0.94,0.06,yes,KXFEDDECISION-26APR-H0,ed785efd-e1ca-46fe-cb5f-bc96fd2de789
2026-03-18 13:16:49.124504+00:00,1041,0.93,0.07,no,KXFEDDECISION-26APR-H0,a5a813f7-0eb1-73f6-d4d1-94b32c52b619
2026-03-18 13:16:49.124504+00:00,300,0.93,0.07,no,KXFEDDECISION-26APR-H0,e6013f90-d629-79da-d410-070e21a674a7
2026-03-18 13:25:01.582720+00:00,5,0.94,0.06,yes,KXFEDDECISION-26APR-H0,cffb7a3b-2e7e-5ab2-f894-3d141e45eee9
2026-03-18 13:31:53.833059+00:00,12,0.93,0.07,no,KXFEDDECISION-26APR-H0,94c214fc-1205-4526-508b-3ef97a2eafb1
2026-03-18 13:50:28.566059+00:00,15,0.94,0.06,yes,KXFEDDECISION-26APR-H0,63bf5fd7-e14a-4e42-a030-4ede93e19251
2026-03-18 14:20:47.526935+00:00,13,0.93,0.07,no,KXFEDDECISION-26APR-H0,6a417a82-7615-6262-f0ac-730f7932c9d9
2026-03-18 14:42:13.888337+00:00,69,0.93,0.07,no,KXFEDDECISION-26APR-H0,8ddb5c4b-eac5-7e82-7640-2cda75a22215
2026-03-18 14:53:24.707621+00:00,1342,0.93,0.07,no,KXFEDDECISION-26APR-H0,a2c28263-0935-58a6-ad5a-43d66b1d82f9
2026-03-18 15:32:45.701409+00:00,150,0.94,0.06,yes,KXFEDDECISION-26APR-H0,caaac63d-cbbe-4b7e-bbb9-8a9219ec3661
2026-03-18 15:42:23.546217+00:00,10,0.93,0.07,no,KXFEDDECISION-26APR-H0,6c2e7992-20d1-6f76-122f-9f236342640d
2026-03-18 15:42:23.546217+00:00,1,0.93,0.07,no,KXFEDDECISION-26APR-H0,ceac22dd-b0df-64a7-168c-95552bb87193
2026-03-18 15:54:38.454433+00:00,687,0.94,0.06,yes,KXFEDDECISION-26APR-H0,7eb53c32-feba-489a-e464-0b74ff9b57dd
2026-03-18 15:54:38.454433+00:00,200,0.93,0.07,yes,KXFEDDECISION-26APR-H0,ba2364a6-c60e-4445-d731-036b627dc90d
2026-03-18 15:54:38.454433+00:00,176,0.93,0.07,yes,KXFEDDECISION-26APR-H0,fe89ec81-1bd3-41f5-d6b1-8349f56ffae4
2026-03-18 16:00:24.086069+00:00,529,0.94,0.06,yes,KXFEDDECISION-26APR-H0,0a8d5d40-d45a-727a-459f-ac6f13900739
2026-03-18 16:44:17.540976+00:00,10,0.92,0.08,no,KXFEDDECISION-26APR-H0,e1ab0f6d-7797-4b8d-be30-c284435bf382
2026-03-18 16:44:17.540976+00:00,48,0.92,0.08,no,KXFEDDECISION-26APR-H0,759103dd-e4a9-45ed-84cf-e883aca3889f
2026-03-18 16:53:39.292691+00:00,21,0.94,0.06,yes,KXFEDDECISION-26APR-H0,e180eb78-174e-4ffe-2ccd-f2d05c35d6bd
2026-03-18 16:58:01.341318+00:00,21,0.91,0.09,no,KXFEDDECISION-26APR-H0,db2c565b-6536-4dd2-b612-2520b86e9b9d
2026-03-18 17:10:44.668903+00:00,939,0.92,0.08,no,KXFEDDECISION-26APR-H0,3f755693-0042-53d3-e72e-a61dc0459c3d
2026-03-18 17:36:23.498630+00:00,42,0.94,0.06,yes,KXFEDDECISION-26APR-H0,89426a58-04ca-67e2-2a84-9a644504facd
2026-03-18 17:37:50.830337+00:00,117,0.92,0.08,no,KXFEDDECISION-26APR-H0,961d4366-e076-7c23-0c15-0930b82b6749
2026-03-18 17:40:39.231609+00:00,102,0.94,0.06,yes,KXFEDDECISION-26APR-H0,1f7c3931-ecda-42f2-a0fb-527644e744c1
2026-03-18 17:41:16.105785+00:00,176,0.92,0.08,no,KXFEDDECISION-26APR-H0,1cd7c13d-81da-606f-61a0-9b5a2b257a4d
2026-03-18 17:56:40.211707+00:00,104,0.94,0.06,yes,KXFEDDECISION-26APR-H0,ac9481ab-0c56-5c66-e4c5-b15c2a56bc79
2026-03-18 17:57:02.076627+00:00,100,0.92,0.08,no,KXFEDDECISION-26APR-H0,022395e7-37a6-736b-9bf3-11a4a346dcad
2026-03-18 17:59:56.995937+00:00,87,0.94,0.06,yes,KXFEDDECISION-26APR-H0,c95da9de-a8c2-7e82-9ff9-2610fa59e6b9
2026-03-18 18:00:17.712094+00:00,100,0.94,0.06,yes,KXFEDDECISION-26APR-H0,a4d77927-dafe-5bde-53ed-80f6129cfd19
2026-03-18 18:03:02.216347+00:00,1059,0.94,0.06,yes,KXFEDDECISION-26APR-H0,8051073f-40e2-4776-be71-ca428d034dfd
2026-03-18 18:03:06.614376+00:00,8000,0.94,0.06,yes,KXFEDDECISION-26APR-H0,cbe3c1c7-a682-5d7e-2deb-f4dd95dbf895
2026-03-18 18:04:48.740983+00:00,567,0.94,0.06,yes,KXFEDDECISION-26APR-H0,6ef72997-b359-4171-7d25-27d7ea88a734
2026-03-18 18:05:35.299524+00:00,20,0.94,0.06,yes,KXFEDDECISION-26APR-H0,d606ff80-7781-6a79-f1ea-de4b200e395c
2026-03-18 18:06:02.133806+00:00,1000,0.94,0.06,yes,KXFEDDECISION-26APR-H0,a2efe361-60d8-73c6-a4d6-2b7536ee414c
2026-03-18 18:06:02.133806+00:00,33,0.94,0.06,yes,KXFEDDECISION-26APR-H0,d73a3e40-6c03-7ed5-99af-d91757ee5f86
2026-03-18 18:06:02.133806+00:00,2000,0.94,0.06,yes,KXFEDDECISION-26APR-H0,ad39c23b-f7f3-7ec5-a078-75196e038bb1
2026-03-18 18:06:02.133806+00:00,413,0.94,0.06,yes,KXFEDDECISION-26APR-H0,1a284757-16a9-728d-938d-33c7ccf33ad8
2026-03-18 18:06:03.923718+00:00,25,0.95,0.05,yes,KXFEDDECISION-26APR-H0,462ffc70-6c38-7dd0-d57a-7a324f3172e2
2026-03-18 18:06:23.632560+00:00,100,0.93,0.07,no,KXFEDDECISION-26APR-H0,7cdf175c-ac37-7131-b03e-02991159ba05
2026-03-18 18:06:23.632560+00:00,346,0.93,0.07,no,KXFEDDECISION-26APR-H0,0f2387b7-9c32-7d8f-8990-4f15b1422489
2026-03-18 18:09:55.696279+00:00,1,0.94,0.06,no,KXFEDDECISION-26APR-H0,977e3d51-6a39-53b1-da8a-ec4f7e2de692
2026-03-18 18:13:53.107768+00:00,10,0.95,0.05,yes,KXFEDDECISION-26APR-H0,23c2cce9-d360-5398-d123-2f25f3d26462
2026-03-18 18:14:56.341854+00:00,20,0.95,0.05,yes,KXFEDDECISION-26APR-H0,661f80f3-6504-701c-f05d-5116bb5d0ef2
2026-03-18 18:14:58.225093+00:00,1048,0.95,0.05,yes,KXFEDDECISION-26APR-H0,9db3fc0d-0f00-4c58-09fc-5487c2e223e6
2026-03-18 18:17:44.559204+00:00,1,0.95,0.05,yes,KXFEDDECISION-26APR-H0,97a252c2-6ee8-6da8-c20a-29eb63b4cc36
2026-03-18 18:17:53.503113+00:00,10,0.95,0.05,yes,KXFEDDECISION-26APR-H0,ecf1d9c0-26a8-7e68-adcf-374bd8564142
2026-03-18 18:18:01.251847+00:00,1,0.94,0.06,no,KXFEDDECISION-26APR-H0,83754e91-6d4d-5175-bd62-25eb07d1ffbe
2026-03-18 18:18:13.565523+00:00,998,0.94,0.06,no,KXFEDDECISION-26APR-H0,df7d63e6-4fc1-4b3d-43fb-75b29143b9fe
2026-03-18 18:18:13.565523+00:00,956,0.94,0.06,no,KXFEDDECISION-26APR-H0,807539ea-4270-4e65-7e76-23d8c74b12dd
2026-03-18 18:20:17.776415+00:00,100,0.94,0.06,no,KXFEDDECISION-26APR-H0,ae752345-1634-5bd1-9bb1-a2bff4238069
2026-03-18 18:25:23.037768+00:00,1000,0.95,0.05,yes,KXFEDDECISION-26APR-H0,380de7c7-fb34-487c-de6a-702324041c26
2026-03-18 18:27:01.617032+00:00,52,0.94,0.06,no,KXFEDDECISION-26APR-H0,252fcceb-e5ec-6eed-8004-e529a3173fc9
2026-03-18 18:27:44.671470+00:00,10,0.95,0.05,yes,KXFEDDECISION-26APR-H0,a9bcf675-8714-4f54-cf6a-b77e4abf342a
2026-03-18 18:28:41.247429+00:00,62,0.94,0.06,no,KXFEDDECISION-26APR-H0,e05528ce-a88c-4e95-641e-53d2d1a97365
2026-03-18 18:30:28.184038+00:00,2900,0.95,0.05,yes,KXFEDDECISION-26APR-H0,9a9eba84-46e8-64f4-fee6-839635d317e2
2026-03-18 18:34:07.084309+00:00,100,0.95,0.05,yes,KXFEDDECISION-26APR-H0,4750a2d6-e3f0-4c64-15b9-af7673734372
2026-03-18 18:35:10.396835+00:00,156,0.94,0.06,no,KXFEDDECISION-26APR-H0,4b3d4280-324c-58d7-97c2-b288063ff8d8
2026-03-18 18:35:24.140590+00:00,103,0.95,0.05,yes,KXFEDDECISION-26APR-H0,9b2eeec0-ce9c-6dc0-b06b-6d0b0d482aca
2026-03-18 18:35:52.203559+00:00,2500,0.94,0.06,no,KXFEDDECISION-26APR-H0,1ef4c383-2350-7ffb-918e-2905f2c1c138
2026-03-18 18:36:14.078799+00:00,10,0.94,0.06,no,KXFEDDECISION-26APR-H0,87bfe9ae-f81c-7f3f-1f2a-321ec0818d74
2026-03-18 18:36:36.932708+00:00,100,0.95,0.05,yes,KXFEDDECISION-26APR-H0,82e95ece-af8c-41a0-a240-28814411e55e
2026-03-18 18:36:47.660466+00:00,3,0.94,0.06,no,KXFEDDECISION-26APR-H0,897fd854-4c68-5797-9cc3-cbb2c3ed0df4
2026-03-18 18:36:57.762138+00:00,87,0.94,0.06,no,KXFEDDECISION-26APR-H0,edef1dd9-a6e4-75af-9739-4f2775a0df68
2026-03-18 18:37:46.310206+00:00,157,0.95,0.05,yes,KXFEDDECISION-26APR-H0,588397f4-6c3c-4dc0-482a-9f147cfe85ae
2026-03-18 18:39:42.919951+00:00,138,0.95,0.05,yes,KXFEDDECISION-26APR-H0,85e272d2-1be4-4d38-e0dc-65eb023d8a56
2026-03-18 18:45:15.661663+00:00,1,0.95,0.05,yes,KXFEDDECISION-26APR-H0,7d86344c-3f88-4a8c-c3ad-ada7fd60cb7e
2026-03-18 18:45:22.767169+00:00,9,0.95,0.05,yes,KXFEDDECISION-26APR-H0,2bcc64ee-6548-7fec-08b1-b9903d7a0746
2026-03-18 18:46:32.353774+00:00,2097,0.95,0.05,yes,KXFEDDECISION-26APR-H0,335207a2-ab84-72a8-835a-bafc19842f52
2026-03-18 18:46:50.399730+00:00,11,0.95,0.05,yes,KXFEDDECISION-26APR-H0,058e1958-7344-523c-c2a0-ea4bfb11734a
2026-03-18 18:50:06.792504+00:00,62,0.94,0.06,no,KXFEDDECISION-26APR-H0,6af39cc1-27d4-4433-e8ae-3451b546318c
2026-03-18 18:51:11.663169+00:00,209,0.95,0.05,yes,KXFEDDECISION-26APR-H0,a1996b5c-e074-7060-9afd-ca2dbafbb96e
2026-03-18 18:51:45.509478+00:00,1152,0.95,0.05,yes,KXFEDDECISION-26APR-H0,afd64bd6-f9b0-54a0-ec33-3f4daeb4cbfe
2026-03-18 18:51:52.834457+00:00,500,0.95,0.05,yes,KXFEDDECISION-26APR-H0,3c035821-4d9c-79fc-5c4f-a318e033a74a
2026-03-18 18:56:40.863873+00:00,25,0.95,0.05,yes,KXFEDDECISION-26APR-H0,f44d9aaa-2b64-5f88-5e49-111af2e1cbaa
2026-03-18 19:01:00.631650+00:00,2061,0.95,0.05,yes,KXFEDDECISION-26APR-H0,ebc54d74-3d44-481c-ca1e-1b4dae84aafe
2026-03-18 19:08:01.471235+00:00,1,0.94,0.06,no,KXFEDDECISION-26APR-H0,d5496888-ae74-6d6b-9038-a12cb3ca1c1c
2026-03-18 19:10:58.931683+00:00,20,0.94,0.06,no,KXFEDDECISION-26APR-H0,7b06fca1-0110-5df7-d12f-22fb7c93f5c8
2026-03-18 19:18:28.152663+00:00,1000,0.95,0.05,yes,KXFEDDECISION-26APR-H0,dc71fce0-9a9c-78c8-6b29-cbe37531e282
2026-03-18 19:18:34.635327+00:00,62,0.94,0.06,no,KXFEDDECISION-26APR-H0,eaee5ed4-870c-45cf-1e81-643cbb2fdae0
2026-03-18 19:19:23.634248+00:00,4000,0.95,0.05,yes,KXFEDDECISION-26APR-H0,fc16ce8f-8e3c-5194-3b9b-efe08d949e16
2026-03-18 19:30:31.309066+00:00,597,0.95,0.05,yes,KXFEDDECISION-26APR-H0,70be6485-4b6c-5ac8-3c2f-969b0a66cb2a
2026-03-18 19:30:53.583183+00:00,1,0.95,0.05,yes,KXFEDDECISION-26APR-H0,e10aab70-5a60-5ec0-4d45-7c3238f79c56
2026-03-18 19:31:39.556581+00:00,10,0.95,0.05,yes,KXFEDDECISION-26APR-H0,fadf0827-1e60-7e78-e885-410ebd162b5e
2026-03-18 19:33:45.287295+00:00,7,0.94,0.06,no,KXFEDDECISION-26APR-H0,7c2ea0d0-f664-724f-1027-667441b24c58
2026-03-18 19:34:45.309637+00:00,60,0.94,0.06,no,KXFEDDECISION-26APR-H0,19768c1e-0ab8-400f-0b65-18b3b03e33f4
2026-03-18 19:42:47.062454+00:00,21,0.94,0.06,no,KXFEDDECISION-26APR-H0,0d07eb07-7fc6-7c14-097b-86ed01898a1a
2026-03-18 19:42:47.062454+00:00,32,0.94,0.06,no,KXFEDDECISION-26APR-H0,e837729d-352c-7517-298d-237c23a26f24
2026-03-18 19:42:47.062454+00:00,16,0.94,0.06,no,KXFEDDECISION-26APR-H0,fc6d0286-edf5-7432-3545-f427607e6504
2026-03-18 19:56:20.775423+00:00,156,0.94,0.06,no,KXFEDDECISION-26APR-H0,cebf43ca-fce1-4b6e-376d-c72681b5ff10
2026-03-18 20:03:46.313041+00:00,1,0.95,0.05,yes,KXFEDDECISION-26APR-H0,e6ade975-d144-71cc-7fa1-74747d69475a
2026-03-18 20:07:27.192200+00:00,11,0.94,0.06,no,KXFEDDECISION-26APR-H0,cdd6f620-5769-624a-5348-949f4d8a3a0c
2026-03-18 20:15:50.620798+00:00,1,0.95,0.05,yes,KXFEDDECISION-26APR-H0,87a84905-5d60-7390-fc82-caba7d9fac2e
2026-03-18 20:19:30.811432+00:00,10,0.95,0.05,yes,KXFEDDECISION-26APR-H0,5597420d-f3c4-70f4-6216-7d9155943a1e
2026-03-18 20:32:20.323609+00:00,2,0.94,0.06,no,KXFEDDECISION-26APR-H0,7d1ff1bd-ac0d-4e6e-d270-4b5316590bec
2026-03-18 20:39:32.352307+00:00,1024,0.94,0.06,no,KXFEDDECISION-26APR-H0,fbce97b6-81a5-4692-a6a2-9d67ac056af0
2026-03-18 20:43:05.820633+00:00,1,0.95,0.05,yes,KXFEDDECISION-26APR-H0,53f6165d-95ec-5eec-c6e6-85e61163ed4e
2026-03-18 20:47:26.429167+00:00,203,0.95,0.05,yes,KXFEDDECISION-26APR-H0,8acf0331-68f8-4c0c-f81a-4ab4eedbb8c6
2026-03-18 20:51:25.650757+00:00,390,0.94,0.06,no,KXFEDDECISION-26APR-H0,38daf831-861d-7dc6-f44a-4522983c92e8
2026-03-18 21:04:26.752380+00:00,300,0.94,0.06,no,KXFEDDECISION-26APR-H0,f5dff342-0799-4662-6baf-0ed8d67fdaa0
2026-03-18 21:06:41.354577+00:00,1,0.95,0.05,yes,KXFEDDECISION-26APR-H0,60bf4c65-87a0-74fc-4f1c-efe133dad702
2026-03-18 21:07:45.451821+00:00,7600,0.95,0.05,yes,KXFEDDECISION-26APR-H0,6176a228-3730-5490-8905-d94de7da3162
2026-03-18 21:24:09.944622+00:00,103,0.95,0.05,yes,KXFEDDECISION-26APR-H0,82682f2b-6ac8-45f8-cd59-10b9792c2876
2026-03-18 21:30:39.947612+00:00,31,0.95,0.05,yes,KXFEDDECISION-26APR-H0,518c03f5-4b18-79a4-71e6-a84c33f12fc2
2026-03-18 21:37:31.910435+00:00,262,0.95,0.05,yes,KXFEDDECISION-26APR-H0,36b163a4-cdf8-6e0c-32c2-a732e0615f02
2026-03-18 21:45:19.482214+00:00,7916,0.95,0.05,yes,KXFEDDECISION-26APR-H0,80041c70-a3d0-7898-9c03-aadecec4e4fa
2026-03-18 21:49:44.813423+00:00,5,0.95,0.05,yes,KXFEDDECISION-26APR-H0,ab685926-ba04-5150-1d4f-77f0ca50abf6
2026-03-18 22:04:18.501971+00:00,1697,0.95,0.05,yes,KXFEDDECISION-26APR-H0,67eda555-db64-7374-8b13-2f9bef4a5c1a
2026-03-18 22:22:36.807712+00:00,5,0.95,0.05,yes,KXFEDDECISION-26APR-H0,cee182b4-d36c-5cb4-72f1-afac6b4f8616
2026-03-18 22:27:19.047187+00:00,500,0.94,0.06,no,KXFEDDECISION-26APR-H0,456322fa-6049-531a-89df-c06077f2223c
2026-03-18 22:32:21.272502+00:00,12,0.94,0.06,no,KXFEDDECISION-26APR-H0,21d738b1-7569-4f36-c08f-a2f848558f98
2026-03-18 22:37:02.714558+00:00,5,0.95,0.05,yes,KXFEDDECISION-26APR-H0,776deac5-53f4-66d4-e31a-89789b51b77a
2026-03-18 22:42:50.063924+00:00,55,0.94,0.06,no,KXFEDDECISION-26APR-H0,d9822f14-85f9-6ab2-7e9a-f25398f3791c
2026-03-18 22:45:52.167617+00:00,64,0.94,0.06,no,KXFEDDECISION-26APR-H0,3c498c85-fa25-698e-8873-7296242d7c90
2026-03-18 22:55:45.433563+00:00,54,0.94,0.06,no,KXFEDDECISION-26APR-H0,78e92d1b-b33d-5f8e-a0ba-d1ba41db1b84
2026-03-18 22:56:38.445079+00:00,200,0.94,0.06,no,KXFEDDECISION-26APR-H0,2fd2e11f-9bbd-5f42-b537-bb56d9f57e48
2026-03-18 23:19:35.874307+00:00,51,0.95,0.05,yes,KXFEDDECISION-26APR-H0,5924e78c-40e4-7de8-09e0-7024090bbf2e
2026-03-18 23:21:35.028756+00:00,51,0.95,0.05,yes,KXFEDDECISION-26APR-H0,00412da6-d784-53dc-395f-c193ff00bd46
2026-03-18 23:23:42.516308+00:00,1,0.95,0.05,yes,KXFEDDECISION-26APR-H0,8ca4bb8a-c514-56bc-1733-929d62edabba
2026-03-18 23:43:05.553113+00:00,2,0.95,0.05,yes,KXFEDDECISION-26APR-H0,92f43322-33d8-4c90-215e-e79f2abdeb5e
2026-03-19 00:20:53.826405+00:00,1,0.95,0.05,yes,KXFEDDECISION-26APR-H0,f72153dc-298c-6b28-f66f-ca4baccdb87e
2026-03-19 00:25:24.650694+00:00,1,0.95,0.05,yes,KXFEDDECISION-26APR-H0,c87a9426-c388-6554-2402-9dc960e27efa
2026-03-19 00:26:34.464889+00:00,22,0.95,0.05,yes,KXFEDDECISION-26APR-H0,e7a97518-8a0c-683c-d66e-b269261c08d6
2026-03-19 00:46:09.204525+00:00,51,0.95,0.05,yes,KXFEDDECISION-26APR-H0,492b1715-90c4-6bb4-21f7-3e74b5c5cbe2
2026-03-19 00:58:40.102764+00:00,2,0.95,0.05,yes,KXFEDDECISION-26APR-H0,88eb6266-340c-593c-c896-d046ef7968be
2026-03-19 01:21:57.254520+00:00,1,0.95,0.05,yes,KXFEDDECISION-26APR-H0,89eaa41e-9ee0-7ae4-1291-a8bfc9f97fb2
2026-03-19 01:34:01.397929+00:00,156,0.94,0.06,no,KXFEDDECISION-26APR-H0,6bdffa63-2e3d-4a0a-ed17-547e8c773850
2026-03-19 01:39:57.999346+00:00,1048,0.95,0.05,yes,KXFEDDECISION-26APR-H0,c9f97d45-ce9c-718c-56e6-79c902288836
2026-03-19 01:49:50.278223+00:00,200,0.94,0.06,no,KXFEDDECISION-26APR-H0,5a61ae2e-f7b9-562a-0ad8-ac0e29a867d4
2026-03-19 01:57:35.097063+00:00,1,0.95,0.05,yes,KXFEDDECISION-26APR-H0,fb27bf57-8834-5a64-b0af-49e260ce439e
2026-03-19 02:07:18.448976+00:00,156,0.94,0.06,no,KXFEDDECISION-26APR-H0,4a037fd6-7015-6526-fab6-499a9ca144b4
2026-03-19 02:11:51.729936+00:00,609,0.94,0.06,no,KXFEDDECISION-26APR-H0,cc231289-802d-51e2-0414-8f4ac193f2c0
2026-03-19 02:12:06.779754+00:00,10,0.95,0.05,yes,KXFEDDECISION-26APR-H0,109f6b65-41c4-4dd4-044d-dd559008324a
2026-03-19 02:16:07.059828+00:00,7,0.95,0.05,yes,KXFEDDECISION-26APR-H0,071e4bc3-4bf4-6484-1e28-4c368128e082
2026-03-19 02:51:36.621793+00:00,12,0.94,0.06,no,KXFEDDECISION-26APR-H0,163f1366-8ac1-49d2-4fef-a6f619c89cec
2026-03-19 02:51:40.699222+00:00,11,0.95,0.05,yes,KXFEDDECISION-26APR-H0,58e66f8d-b20c-53c8-3d29-15586d97ec36
2026-03-19 02:55:45.949389+00:00,5,0.95,0.05,yes,KXFEDDECISION-26APR-H0,c682ab1c-99c8-7c9c-5194-0680f62a465a
2026-03-19 03:04:44.288765+00:00,125,0.94,0.06,no,KXFEDDECISION-26APR-H0,cd3b0ca3-1335-4e86-8389-5fda0eb47128
2026-03-19 03:12:53.562861+00:00,63,0.94,0.06,no,KXFEDDECISION-26APR-H0,a3f7aa34-6145-44ca-9ccd-b89b6327ee68
2026-03-19 03:17:32.124239+00:00,8000,0.95,0.05,yes,KXFEDDECISION-26APR-H0,46132c90-a050-7cac-fe44-84835738ae9a
2026-03-19 03:20:31.673158+00:00,5599,0.95,0.05,yes,KXFEDDECISION-26APR-H0,64a8b312-bb2c-6eac-67a3-b2124c9faf66
2026-03-19 03:20:31.673158+00:00,50000,0.95,0.05,yes,KXFEDDECISION-26APR-H0,94913828-a9a7-64a2-4df4-925c12fe8300
2026-03-19 03:20:31.673158+00:00,81185,0.95,0.05,yes,KXFEDDECISION-26APR-H0,e5c92f66-5fc2-6d48-7300-b2de57b32d69
2026-03-19 03:24:56.034863+00:00,200,0.95,0.05,yes,KXFEDDECISION-26APR-H0,c652aefe-c1fe-7b58-1581-897964dc88a5
2026-03-19 03:39:04.085954+00:00,2,0.94,0.06,no,KXFEDDECISION-26APR-H0,615c4038-cb61-6a5e-58e6-9e788f240a08
2026-03-19 03:42:41.055130+00:00,1,0.95,0.05,yes,KXFEDDECISION-26APR-H0,e13c2853-8032-4b98-5a20-75d14d92b8a9
2026-03-19 03:54:06.520801+00:00,34,0.95,0.05,yes,KXFEDDECISION-26APR-H0,6ebd1633-f5b2-4990-b56b-a113c5303abd
2026-03-19 03:59:26.196942+00:00,46,0.94,0.06,no,KXFEDDECISION-26APR-H0,b4a0f6ec-5399-7e4e-5a78-f51ea573a0b0
2026-03-19 04:08:24.388896+00:00,11,0.94,0.06,no,KXFEDDECISION-26APR-H0,9e1ac9a3-6035-728e-dfea-5b77f068fc40
2026-03-19 04:15:49.698016+00:00,52,0.95,0.05,yes,KXFEDDECISION-26APR-H0,f4b8c87e-06d2-7524-6df2-4e128a74e575
2026-03-19 04:24:19.272208+00:00,71,0.95,0.05,yes,KXFEDDECISION-26APR-H0,6da57bb1-0856-4d98-ec05-da1b9a1b73e9
2026-03-19 04:46:05.132425+00:00,18457,0.95,0.05,yes,KXFEDDECISION-26APR-H0,9e7334dc-c922-69b0-1519-8ce015c6cc9d
2026-03-19 04:46:05.132425+00:00,6543,0.95,0.05,yes,KXFEDDECISION-26APR-H0,d2a53f3c-d16f-6b5e-2845-e48200e6b9e0
2026-03-19 04:51:01.099937+00:00,69,0.95,0.05,yes,KXFEDDECISION-26APR-H0,938c4f5e-48d7-4902-7168-6a2072edbae8
2026-03-19 05:11:52.334775+00:00,2,0.95,0.05,yes,KXFEDDECISION-26APR-H0,1a5d202e-224f-6f12-153b-3bc87ed3f4f0
2026-03-19 05:27:26.776711+00:00,12,0.94,0.06,no,KXFEDDECISION-26APR-H0,4bfa7693-0fd1-4fca-a7a4-59e6fdf813b0
2026-03-19 05:55:27.572034+00:00,5,0.95,0.05,yes,KXFEDDECISION-26APR-H0,61ae1e08-2e4f-7246-28c8-d311fca3e938
2026-03-19 05:55:42.965602+00:00,1,0.95,0.05,yes,KXFEDDECISION-26APR-H0,8912da59-855b-5de2-62ab-a417b70b2d20
2026-03-19 05:56:38.719224+00:00,1,0.95,0.05,yes,KXFEDDECISION-26APR-H0,91dc4532-fc0f-7d22-7196-dc87236b4448
2026-03-19 05:59:31.185255+00:00,1941,0.95,0.05,yes,KXFEDDECISION-26APR-H0,0482a225-da07-66e2-f6c1-2e7ca20e8ba8
2026-03-19 09:30:13.140381+00:00,10,0.95,0.05,yes,KXFEDDECISION-26APR-H0,cf7847f1-9ee3-6892-060c-90d4cdafe838
2026-03-19 10:08:31.556689+00:00,3,0.95,0.05,yes,KXFEDDECISION-26APR-H0,48e1ae1b-5ca3-6a3e-1dca-49de32cf4634
2026-03-19 10:25:28.710808+00:00,156,0.94,0.06,no,KXFEDDECISION-26APR-H0,1ce7da10-def9-4686-d90d-1122d51d5034
2026-03-19 11:40:43.102508+00:00,2000,0.95,0.05,yes,KXFEDDECISION-26APR-H0,25039f7e-c263-588e-d988-a1f5e5701784
2026-03-19 11:41:19.783328+00:00,1600,0.95,0.05,yes,KXFEDDECISION-26APR-H0,755e518a-c313-7c62-fb14-fdbc3762f5a8
2026-03-19 11:51:22.835300+00:00,1,0.95,0.05,yes,KXFEDDECISION-26APR-H0,1062fdc4-93b3-4c7e-5d0c-f2771df88bf0
2026-03-19 11:59:53.395682+00:00,1,0.95,0.05,yes,KXFEDDECISION-26APR-H0,098fa192-b05f-78f2-fb65-924887cfe8c8
2026-03-19 12:09:22.238934+00:00,5,0.95,0.05,yes,KXFEDDECISION-26APR-H0,f645ddc4-aa5b-62e6-1f77-4f4f7f035a24
2026-03-19 12:14:25.544392+00:00,500,0.94,0.06,no,KXFEDDECISION-26APR-H0,1fd2c18e-4ae9-7faa-824d-570751594c84
2026-03-19 12:26:41.704985+00:00,2523,0.94,0.06,no,KXFEDDECISION-26APR-H0,5964ed53-a755-6496-a7ff-c9e50ea0f3bc
2026-03-19 12:26:42.920640+00:00,2523,0.94,0.06,no,KXFEDDECISION-26APR-H0,e49590d5-4e0d-5ad2-7d68-79dd93876c28
2026-03-19 12:26:44.138907+00:00,2523,0.94,0.06,no,KXFEDDECISION-26APR-H0,9a5c739d-3c11-455a-9435-470867695a28
2026-03-19 12:26:45.357112+00:00,2523,0.94,0.06,no,KXFEDDECISION-26APR-H0,50e04c57-ad89-7f82-d25f-9ab544fdf3e0
2026-03-19 12:26:46.571511+00:00,2523,0.94,0.06,no,KXFEDDECISION-26APR-H0,753d9d1e-edd1-61c2-6432-95f9d22aa19c
2026-03-19 12:26:47.788898+00:00,2523,0.94,0.06,no,KXFEDDECISION-26APR-H0,dac5accd-6eed-6986-c87f-8c4b1fbc563c
2026-03-19 12:26:49.016557+00:00,1628,0.94,0.06,no,KXFEDDECISION-26APR-H0,4fc99059-ac49-407a-9b23-d401749f79d4
2026-03-19 12:27:34.456153+00:00,27,0.95,0.05,yes,KXFEDDECISION-26APR-H0,ea95595c-fdc7-548a-5fd0-04c987f1dee0
2026-03-19 12:32:35.143574+00:00,110,0.94,0.06,no,KXFEDDECISION-26APR-H0,92c925a6-b2ab-4e56-74bc-204e9a168810
2026-03-19 12:32:35.143574+00:00,5000,0.94,0.06,no,KXFEDDECISION-26APR-H0,6f8c1110-3aaf-4c4d-4c9b-555408750b17
2026-03-19 12:32:35.143574+00:00,55000,0.94,0.06,no,KXFEDDECISION-26APR-H0,6e63cde7-8a04-416e-7df5-b1918654e079
2026-03-19 12:32:35.143574+00:00,7000,0.94,0.06,no,KXFEDDECISION-26APR-H0,60f0319d-2bfc-4901-59ce-6818cc0a4b60
2026-03-19 12:32:35.143574+00:00,1000,0.94,0.06,no,KXFEDDECISION-26APR-H0,5b54705b-7739-4871-775c-54cd2d7056e4
2026-03-19 12:32:35.143574+00:00,20000,0.94,0.06,no,KXFEDDECISION-26APR-H0,5803f02f-faea-40a4-6529-ef63a4990463
2026-03-19 12:32:35.143574+00:00,4270,0.94,0.06,no,KXFEDDECISION-26APR-H0,54153f93-1a59-4d18-73ca-bdcdadd2e847
2026-03-19 12:32:35.143574+00:00,100000,0.94,0.06,no,KXFEDDECISION-26APR-H0,f390b7a1-5a6e-4fae-6d0f-bdac16225930
2026-03-19 12:32:35.143574+00:00,15000,0.94,0.06,no,KXFEDDECISION-26APR-H0,2d6a2302-bfd1-4058-777f-a083892881dd
2026-03-19 12:32:35.143574+00:00,13402,0.94,0.06,no,KXFEDDECISION-26APR-H0,2c7d1685-6c69-4ff6-6794-72e29647e67c
2026-03-19 12:32:35.143574+00:00,10000,0.94,0.06,no,KXFEDDECISION-26APR-H0,17b418f9-49c4-46a9-5ecb-d6242c61ac99
2026-03-19 12:32:35.143574+00:00,100,0.94,0.06,no,KXFEDDECISION-26APR-H0,066c206e-6ff9-4c90-6ce9-94f102ffba70
2026-03-19 12:32:35.143574+00:00,10000,0.94,0.06,no,KXFEDDECISION-26APR-H0,03b789e1-ae62-4419-4fad-48b0502ce019
2026-03-19 12:32:35.143574+00:00,21,0.94,0.06,no,KXFEDDECISION-26APR-H0,9d653f4d-4793-4895-5db5-7027540e47f7
2026-03-19 12:32:35.143574+00:00,752,0.94,0.06,no,KXFEDDECISION-26APR-H0,2e9aa936-3d53-40b2-7093-45edb3ac2491
2026-03-19 12:32:35.143574+00:00,486,0.94,0.06,no,KXFEDDECISION-26APR-H0,c2342f58-90fc-406d-68b9-b8fd6e7db350
2026-03-19 12:36:02.050629+00:00,529,0.94,0.06,yes,KXFEDDECISION-26APR-H0,71f3ade6-9a11-40b6-ca4f-9ae837e5653f
2026-03-19 12:38:25.241447+00:00,1,0.94,0.06,yes,KXFEDDECISION-26APR-H0,0ba146af-fcd5-695e-2119-0ba619f5828b
2026-03-19 12:58:45.606947+00:00,2,0.94,0.06,yes,KXFEDDECISION-26APR-H0,6ad21dbe-1a25-5812-0318-da0e0a6614a3
2026-03-19 13:01:23.183751+00:00,7327,0.94,0.06,yes,KXFEDDECISION-26APR-H0,3aa6591c-ff45-5eea-a9d7-f2a01ea52917
2026-03-19 13:01:23.183751+00:00,2673,0.94,0.06,yes,KXFEDDECISION-26APR-H0,f32c9902-3441-515c-b804-a977e2faac8f
2026-03-19 13:02:03.466544+00:00,7000,0.94,0.06,yes,KXFEDDECISION-26APR-H0,97d8e28c-84ed-6814-22ee-6dbcabc229a7
2026-03-19 13:25:21.868623+00:00,2,0.94,0.06,yes,KXFEDDECISION-26APR-H0,2a55af90-c691-4e84-6793-250160973047
2026-03-19 13:25:52.091436+00:00,100,0.93,0.07,no,KXFEDDECISION-26APR-H0,75ceabde-1849-5818-b90e-eecb2e3c93d1
2026-03-19 13:25:52.091436+00:00,269,0.93,0.07,no,KXFEDDECISION-26APR-H0,8159d398-6caa-5163-b08a-6abe1be449d1
2026-03-19 13:25:52.091436+00:00,21,0.93,0.07,no,KXFEDDECISION-26APR-H0,a208b90a-2dd5-50a4-b35b-c33de3683bbc
2026-03-19 13:25:52.091436+00:00,110,0.93,0.07,no,KXFEDDECISION-26APR-H0,ddca1b34-4e74-59d5-a5bf-714c5ced367e
2026-03-19 13:32:53.038150+00:00,56,0.93,0.07,no,KXFEDDECISION-26APR-H0,756e234b-c3de-6007-2113-379b3f78f4b5
2026-03-19 13:40:49.813958+00:00,31,0.94,0.06,yes,KXFEDDECISION-26APR-H0,38df7072-0d99-5924-d636-813af5d5bf27
2026-03-19 13:42:52.745216+00:00,294,0.94,0.06,yes,KXFEDDECISION-26APR-H0,7d3dad96-b661-7670-25d5-1f5b08ea7a5b
2026-03-19 13:42:52.745216+00:00,765,0.94,0.06,yes,KXFEDDECISION-26APR-H0,60281df6-2f75-7f63-154b-3adac6adfed1
2026-03-19 13:44:02.027816+00:00,22,0.93,0.07,no,KXFEDDECISION-26APR-H0,9daad187-fe0a-781b-557c-939fe955ce95
2026-03-19 13:58:29.256356+00:00,10,0.94,0.06,yes,KXFEDDECISION-26APR-H0,28dba5e2-2f01-5e47-a5be-13d81ba8dfdd
2026-03-19 14:01:53.101663+00:00,5,0.94,0.06,yes,KXFEDDECISION-26APR-H0,36261cd6-e5ed-728b-c00b-f3d1e9a41f2d
2026-03-19 14:10:13.892764+00:00,155,0.93,0.07,no,KXFEDDECISION-26APR-H0,42424582-c976-61e7-24b3-79f4ede74e45
2026-03-19 14:20:06.269213+00:00,5,0.94,0.06,yes,KXFEDDECISION-26APR-H0,907202be-2b45-4e8b-c320-198e82641bbd
2026-03-19 14:21:13.744713+00:00,5,0.94,0.06,yes,KXFEDDECISION-26APR-H0,7c9b8cfd-7351-732f-7b52-bf4b22e4c5d5
2026-03-19 14:28:53.387216+00:00,112,0.94,0.06,yes,KXFEDDECISION-26APR-H0,a53d40b9-9579-6c2f-cdcd-852795840ba1
2026-03-19 14:50:27.661953+00:00,2,0.94,0.06,yes,KXFEDDECISION-26APR-H0,6e1fb2bd-9f2d-621b-ba8e-70c167b97a5d
2026-03-19 14:56:32.142813+00:00,5,0.94,0.06,yes,KXFEDDECISION-26APR-H0,648532fc-8c9d-6383-5216-3f944b9f8ee9
2026-03-19 14:58:15.781070+00:00,2,0.94,0.06,yes,KXFEDDECISION-26APR-H0,6b2ea062-9b3d-746f-dea2-a244d6ad0dfd
2026-03-19 15:06:33.912424+00:00,555,0.93,0.07,no,KXFEDDECISION-26APR-H0,10f11391-05ee-5987-90a3-bbe29d7544c9
2026-03-19 15:09:25.430825+00:00,111,0.93,0.07,no,KXFEDDECISION-26APR-H0,2b686257-fb16-7c17-235f-0a5866e0da0d
2026-03-19 15:13:36.880096+00:00,67,0.93,0.07,no,KXFEDDECISION-26APR-H0,8fc281f9-3aa2-491b-f0fc-dfa9e285d3d1
2026-03-19 15:22:49.877165+00:00,10,0.94,0.06,yes,KXFEDDECISION-26APR-H0,423a355c-3d99-7cdb-0335-d88d8cc8c635
2026-03-19 15:23:23.310509+00:00,1,0.94,0.06,yes,KXFEDDECISION-26APR-H0,386c9687-7949-66cb-d76e-4e6a7ccf0da5
2026-03-19 15:28:13.919151+00:00,10,0.94,0.06,yes,KXFEDDECISION-26APR-H0,2d76fe38-e0ad-6d2f-59ab-75c1f6c64b21
2026-03-19 15:29:33.229066+00:00,1,0.94,0.06,yes,KXFEDDECISION-26APR-H0,ed3db8f8-2021-696f-382a-0ec367107899
2026-03-19 15:30:05.482365+00:00,529,0.94,0.06,yes,KXFEDDECISION-26APR-H0,739a4000-c385-7ed7-85f5-f639e3a17ffd
2026-03-19 15:30:15.656129+00:00,1000,0.94,0.06,yes,KXFEDDECISION-26APR-H0,5d42aaba-43e9-77cb-e528-8498fd27d655
2026-03-19 15:31:59.745488+00:00,15,0.94,0.06,yes,KXFEDDECISION-26APR-H0,765c9250-46fd-5633-8bb4-73990e74cee9
2026-03-19 15:40:05.359679+00:00,13,0.93,0.07,no,KXFEDDECISION-26APR-H0,271993e4-a12e-5a7f-9d4f-1b2acfcefd15
2026-03-19 15:40:27.031202+00:00,13,0.94,0.06,yes,KXFEDDECISION-26APR-H0,6d017193-c881-6b0b-5843-dd7c8e8fce51
2026-03-19 15:47:30.287154+00:00,5000,0.94,0.06,yes,KXFEDDECISION-26APR-H0,90c3a11f-f6e1-71d7-82f4-d828096736d1
2026-03-19 15:51:30.531691+00:00,10,0.94,0.06,yes,KXFEDDECISION-26APR-H0,1c0384ca-e645-78e3-ae85-59f39bd8bce1
2026-03-19 15:56:31.300923+00:00,10,0.94,0.06,yes,KXFEDDECISION-26APR-H0,ae79471a-5a1d-6e1f-c4e9-4bfe7b45ccf1
2026-03-19 15:59:13.395027+00:00,1,0.94,0.06,yes,KXFEDDECISION-26APR-H0,64585419-bb49-61df-b5cd-02074152da6d
2026-03-19 16:11:34.167782+00:00,1000,0.94,0.06,yes,KXFEDDECISION-26APR-H0,7856be5c-a30d-6bcb-c649-48fb37e7aea1
2026-03-19 16:12:05.504265+00:00,6,0.93,0.07,no,KXFEDDECISION-26APR-H0,7939cb53-4352-4b23-de5a-2791841ef881
2026-03-19 16:12:56.847412+00:00,1000,0.94,0.06,yes,KXFEDDECISION-26APR-H0,d58e44d5-c849-5727-ea14-279e5e3a6fb9
2026-03-19 16:18:52.539071+00:00,10593,0.94,0.06,yes,KXFEDDECISION-26APR-H0,9aaedc90-3fc5-55ff-8a15-243deabcd5e5
2026-03-19 16:19:36.193432+00:00,20,0.94,0.06,yes,KXFEDDECISION-26APR-H0,40a1a474-746d-5aa7-b3f6-48b96903481d
2026-03-19 16:20:05.678397+00:00,1,0.94,0.06,yes,KXFEDDECISION-26APR-H0,e606a8f0-c2d5-5db3-8a5a-af11a36c5d41
2026-03-19 16:34:13.256819+00:00,1,0.94,0.06,yes,KXFEDDECISION-26APR-H0,c2eabc26-9c55-47fb-b830-66ff452a3d19
2026-03-19 16:39:40.469519+00:00,55,0.93,0.07,no,KXFEDDECISION-26APR-H0,434892e9-1afa-698b-5f38-4dde7f0a98dd
2026-03-19 16:41:51.479496+00:00,522,0.94,0.06,yes,KXFEDDECISION-26APR-H0,2783193e-e575-5aa7-8bd8-68a5aa44c2a1
2026-03-19 16:43:08.707624+00:00,10,0.94,0.06,yes,KXFEDDECISION-26APR-H0,f1e658af-8d95-4643-8b67-7c3409818eb9
2026-03-19 16:51:51.030657+00:00,11,0.93,0.07,no,KXFEDDECISION-26APR-H0,9528450a-a4da-6cd7-415c-362490c82331
2026-03-19 16:55:01.318891+00:00,22,0.93,0.07,no,KXFEDDECISION-26APR-H0,358c1263-57a2-7563-f699-aaace1c1d33d
2026-03-19 16:55:40.232641+00:00,406,0.94,0.06,yes,KXFEDDECISION-26APR-H0,e112e62b-8085-7a83-6859-7b98682bf59d
2026-03-19 17:10:19.213463+00:00,211,0.93,0.07,no,KXFEDDECISION-26APR-H0,6e66b692-e9ea-450f-b335-c547c52962bd
2026-03-19 17:36:49.469031+00:00,1,0.94,0.06,yes,KXFEDDECISION-26APR-H0,f93eb8d5-52e5-4e1b-358d-5a63eb0cde51
2026-03-19 17:51:33.801529+00:00,21,0.94,0.06,yes,KXFEDDECISION-26APR-H0,3ddeff1b-953d-40d3-e74c-ed32166a43b1
2026-03-19 17:52:52.522235+00:00,20,0.94,0.06,yes,KXFEDDECISION-26APR-H0,a792373d-7311-622f-97fa-e4f92aa115d1
2026-03-19 17:56:32.522993+00:00,5,0.94,0.06,yes,KXFEDDECISION-26APR-H0,fc37fff9-1061-4607-ce13-70652b0e5095
2026-03-19 17:59:18.782088+00:00,10,0.94,0.06,yes,KXFEDDECISION-26APR-H0,f59cce5e-f769-48b3-dbaf-a25e14b7f329
2026-03-19 18:13:47.148630+00:00,134,0.93,0.07,no,KXFEDDECISION-26APR-H0,6580d857-a802-4dab-1b46-b823d6d39a61
2026-03-19 18:15:21.058784+00:00,104,0.94,0.06,yes,KXFEDDECISION-26APR-H0,e41d7592-8af1-7d93-cd85-76f38c0796c5
2026-03-19 18:29:50.948604+00:00,67,0.93,0.07,no,KXFEDDECISION-26APR-H0,75b4ccf2-89c2-605b-66da-76e17af40709
2026-03-19 18:31:57.849231+00:00,10,0.94,0.06,yes,KXFEDDECISION-26APR-H0,ca5491a0-d0cd-5407-c014-3404c3401dd1
2026-03-19 18:41:18.169568+00:00,1000,0.94,0.06,yes,KXFEDDECISION-26APR-H0,8e09809b-e155-77d3-14e4-2ed5f2e30745
2026-03-19 18:42:12.076264+00:00,752,0.93,0.07,no,KXFEDDECISION-26APR-H0,1ff3d815-e496-75a3-bd24-e0d381f187f9
2026-03-19 18:45:16.861968+00:00,2,0.94,0.06,yes,KXFEDDECISION-26APR-H0,a63eec16-736d-567f-05bd-01a459527065
2026-03-19 18:48:07.465102+00:00,1,0.94,0.06,yes,KXFEDDECISION-26APR-H0,3f036913-598d-495b-566d-9827ff328df5
2026-03-19 18:50:07.257158+00:00,1,0.93,0.07,no,KXFEDDECISION-26APR-H0,72c5dd0f-8582-4eef-3323-7deabe64e681
2026-03-19 19:03:20.154952+00:00,26484,0.94,0.06,yes,KXFEDDECISION-26APR-H0,f3aad2fe-6f1d-7003-093f-7afba7cf2059
2026-03-19 19:04:12.100880+00:00,14613,0.94,0.06,yes,KXFEDDECISION-26APR-H0,a42f8b49-2a81-56f7-e985-3f2483284f94
2026-03-19 19:04:12.100880+00:00,1278,0.94,0.06,yes,KXFEDDECISION-26APR-H0,c8b0d74a-0591-51cb-dbf3-563329e02d4d
2026-03-19 19:32:33.392546+00:00,50,0.94,0.06,yes,KXFEDDECISION-26APR-H0,bb997574-8d09-6023-69cd-6f1860459350
2026-03-19 19:44:29.220668+00:00,10000,0.94,0.06,yes,KXFEDDECISION-26APR-H0,209e978f-1189-687b-6e2f-d470257a5cbc
2026-03-19 20:14:01.996802+00:00,7,0.94,0.06,yes,KXFEDDECISION-26APR-H0,cba56245-b215-7033-cb36-c842e8054cb4
2026-03-19 20:15:27.568223+00:00,1,0.94,0.06,yes,KXFEDDECISION-26APR-H0,fd61e7ae-410d-4693-48f1-b23b8c791b38
2026-03-19 20:27:27.271781+00:00,10,0.94,0.06,yes,KXFEDDECISION-26APR-H0,88b49c56-24e9-43f7-8c90-a10d3ce0b3e0
2026-03-19 20:31:22.757624+00:00,52,0.94,0.06,yes,KXFEDDECISION-26APR-H0,201bb8ab-990d-69ef-d2c8-12e1ac2a429c
2026-03-19 20:37:22.601976+00:00,2,0.94,0.06,yes,KXFEDDECISION-26APR-H0,a086f860-80c1-503b-4323-d78f2af6cfc8
2026-03-19 20:37:38.014432+00:00,2,0.93,0.07,no,KXFEDDECISION-26APR-H0,268d07fc-8426-5e53-2f8f-2382f44e1d8d
2026-03-19 20:59:30.744506+00:00,35119,0.94,0.06,yes,KXFEDDECISION-26APR-H0,50f61457-43e5-6f27-e423-7b8780121e00
2026-03-19 21:03:06.962603+00:00,1,0.94,0.06,yes,KXFEDDECISION-26APR-H0,31503b0a-4545-57fb-fdcf-be89281a1638
2026-03-19 21:07:53.747271+00:00,100,0.93,0.07,no,KXFEDDECISION-26APR-H0,34d99f20-ac92-63a7-8ffd-ae3db806fc1d
2026-03-19 21:16:07.350943+00:00,1294,0.94,0.06,yes,KXFEDDECISION-26APR-H0,cbb8c4f1-f149-7c27-4c87-e3e19a9480bc
2026-03-19 21:16:28.536385+00:00,134,0.93,0.07,no,KXFEDDECISION-26APR-H0,88ac1c92-6cfa-4ec3-80a7-4b649ca67c25
2026-03-19 21:21:30.483852+00:00,1,0.94,0.06,yes,KXFEDDECISION-26APR-H0,3922196a-a2d1-418f-6613-af2d87650f3c
2026-03-19 21:32:23.217832+00:00,105,0.94,0.06,yes,KXFEDDECISION-26APR-H0,dd7b1044-4869-76a3-a52c-11fac62eb1ac
2026-03-19 21:35:17.614458+00:00,15,0.93,0.07,no,KXFEDDECISION-26APR-H0,8f0a7f1e-efc2-4337-61e4-07de70d70695
2026-03-19 22:01:06.187986+00:00,1255,0.94,0.06,yes,KXFEDDECISION-26APR-H0,30839eb8-2228-5330-c088-571c2358533c
2026-03-19 22:01:06.187986+00:00,38745,0.94,0.06,yes,KXFEDDECISION-26APR-H0,84e0fe0c-a7fd-521f-f40f-c6cabed6ef70
2026-03-19 22:01:52.817429+00:00,5,0.94,0.06,yes,KXFEDDECISION-26APR-H0,90fd036b-7700-5e5c-4123-83e05e433250
2026-03-19 22:14:43.763200+00:00,1,0.94,0.06,yes,KXFEDDECISION-26APR-H0,02ffeb85-0990-4be0-911c-93dfcfacb340
2026-03-19 22:21:12.393665+00:00,77,0.93,0.07,no,KXFEDDECISION-26APR-H0,1f76a8f7-ba5e-6d23-f5ef-a3a1fff321b9
2026-03-19 22:27:47.623054+00:00,739,0.94,0.06,yes,KXFEDDECISION-26APR-H0,db37b5b6-a43c-7fe0-ca86-5eec82d1d7f0
2026-03-19 22:27:47.623054+00:00,24,0.94,0.06,yes,KXFEDDECISION-26APR-H0,f0ddab84-898c-766b-fc6d-66db744d11d9
2026-03-19 22:27:47.623054+00:00,500,0.94,0.06,yes,KXFEDDECISION-26APR-H0,e447688b-efd9-73dd-ff82-39d8d1143471
2026-03-19 22:49:55.502795+00:00,78,0.94,0.06,no,KXFEDDECISION-26APR-H0,385258d5-f69b-4b85-cc91-5dc5af459aab
2026-03-19 22:53:31.009525+00:00,10,0.95,0.05,yes,KXFEDDECISION-26APR-H0,5a0a29f8-377f-6d6e-ca50-9e32668a0784
2026-03-19 22:53:47.468213+00:00,31,0.94,0.06,no,KXFEDDECISION-26APR-H0,7ff0800c-79eb-5a51-afa5-934201c2428f
2026-03-19 22:55:02.453573+00:00,18,0.95,0.05,yes,KXFEDDECISION-26APR-H0,1a30c80c-b94f-6c1a-3864-068b09a04dec
2026-03-19 23:50:35.338336+00:00,2,0.95,0.05,yes,KXFEDDECISION-26APR-H0,89e2e47e-19a3-624e-a6af-0911159eb310
2026-03-19 23:53:44.587428+00:00,46,0.94,0.06,no,KXFEDDECISION-26APR-H0,8e7652c7-635b-7175-01e9-4c58c25db603
2026-03-20 00:03:06.831147+00:00,1048,0.95,0.05,yes,KXFEDDECISION-26APR-H0,747e978b-192f-67ae-8713-ca7e70596a28
2026-03-20 00:10:12.979419+00:00,78,0.94,0.06,no,KXFEDDECISION-26APR-H0,e3402afc-79af-42f9-e2dd-c447f6e190db
2026-03-20 00:51:05.462760+00:00,5,0.95,0.05,yes,KXFEDDECISION-26APR-H0,c4c6b432-edff-41ee-b5a2-7e37aff404ec
2026-03-20 01:12:03.847725+00:00,262,0.95,0.05,yes,KXFEDDECISION-26APR-H0,02f41a0a-18d7-6936-c444-1e85e57411ac
2026-03-20 01:19:43.555255+00:00,200,0.94,0.06,no,KXFEDDECISION-26APR-H0,cc967fec-f6e7-41a5-adc3-087342c46e83
2026-03-20 01:46:11.429552+00:00,1,0.95,0.05,yes,KXFEDDECISION-26APR-H0,c98f2841-e2b7-74fe-119e-aae80ae06114
2026-03-20 02:02:24.078754+00:00,8,0.95,0.05,yes,KXFEDDECISION-26APR-H0,c12e9dd2-927b-439a-0b12-6187be47ae98
2026-03-20 02:07:42.803871+00:00,1,0.95,0.05,yes,KXFEDDECISION-26APR-H0,607589c1-5ca3-59e2-0a7a-b4ba046e7660
2026-03-20 02:19:17.435925+00:00,78,0.94,0.06,no,KXFEDDECISION-26APR-H0,7a86e3e0-c82b-6691-dc24-c6327cc82023
2026-03-20 02:28:43.124804+00:00,104,0.95,0.05,yes,KXFEDDECISION-26APR-H0,cdb45949-2e33-4bc2-d252-c135fcbcfa18
2026-03-20 02:32:23.534917+00:00,25,0.94,0.06,no,KXFEDDECISION-26APR-H0,0bd8c2fa-d577-562d-6159-3438de71c957
2026-03-20 02:45:41.989931+00:00,262,0.94,0.06,no,KXFEDDECISION-26APR-H0,26b1ca1d-3e6b-6f05-b8ff-06be543e722f
2026-03-20 02:47:46.144814+00:00,2,0.95,0.05,yes,KXFEDDECISION-26APR-H0,21e51350-6f43-4116-b9b7-1f135904d4e4
2026-03-20 03:04:12.003706+00:00,5,0.95,0.05,yes,KXFEDDECISION-26APR-H0,c4de6cc9-844f-7a7a-33c0-9feaac079e1c
2026-03-20 03:54:11.067465+00:00,43,0.95,0.05,yes,KXFEDDECISION-26APR-H0,aa584876-9473-5836-315f-5447cab134a8
2026-03-20 04:18:29.815672+00:00,10,0.95,0.05,yes,KXFEDDECISION-26APR-H0,cdcb159c-c2f3-40b6-a59c-42ee25646200
2026-03-20 04:42:23.252088+00:00,5,0.95,0.05,yes,KXFEDDECISION-26APR-H0,99beacad-ec2b-6e4a-d31f-9a2ef9ba04d4
2026-03-20 04:47:49.159252+00:00,1,0.95,0.05,yes,KXFEDDECISION-26APR-H0,de47c479-571f-638e-c405-6645d9a54fc8
2026-03-20 04:50:35.555743+00:00,125,0.94,0.06,no,KXFEDDECISION-26APR-H0,a865a028-015f-40d1-25c1-1af6dceeb103
2026-03-20 05:12:33.195772+00:00,62,0.94,0.06,no,KXFEDDECISION-26APR-H0,dc1856f0-c8db-53bd-5e6e-73c413fb3f73
2026-03-20 05:22:21.324445+00:00,469,0.94,0.06,no,KXFEDDECISION-26APR-H0,469674ff-1bcb-7921-90c2-b1bb1dc55cdb
2026-03-20 06:42:23.568223+00:00,5,0.95,0.05,yes,KXFEDDECISION-26APR-H0,64088b50-b3e7-4dca-3463-b4bcdf962548
2026-03-20 06:46:54.049990+00:00,62,0.94,0.06,no,KXFEDDECISION-26APR-H0,ce3e5418-8cff-48ed-2180-0ba228a91d43
2026-03-20 06:50:59.693555+00:00,25000,0.95,0.05,yes,KXFEDDECISION-26APR-H0,0d987392-a557-78ce-6492-c634bb842280
2026-03-20 08:09:07.936296+00:00,25000,0.95,0.05,yes,KXFEDDECISION-26APR-H0,edb51592-c363-7f36-ec97-9a20bc3fd478
2026-03-20 08:12:31.590176+00:00,5,0.95,0.05,yes,KXFEDDECISION-26APR-H0,ab006315-c05f-7922-f548-8746a9893e00
2026-03-20 09:43:33.949850+00:00,100,0.94,0.06,no,KXFEDDECISION-26APR-H0,3c5ad8b1-2dfb-6011-7def-80979cdb79cb
2026-03-20 10:25:20.486201+00:00,1,0.95,0.05,yes,KXFEDDECISION-26APR-H0,350647f3-7d63-59ce-4cc3-cd98f9c2f1ec
2026-03-20 10:33:54.780672+00:00,100,0.94,0.06,no,KXFEDDECISION-26APR-H0,f5748675-28c3-4b15-7815-8e04e1dbe233
2026-03-20 11:15:15.789706+00:00,50,0.94,0.06,no,KXFEDDECISION-26APR-H0,cd9b1ca1-d313-5d09-d644-121860e78f4b
2026-03-20 11:22:06.393414+00:00,1,0.95,0.05,yes,KXFEDDECISION-26APR-H0,a7b10fc3-3313-612e-e53f-cd2808c2bad8
2026-03-20 11:35:56.362959+00:00,312,0.94,0.06,no,KXFEDDECISION-26APR-H0,4e280ce1-0ee3-46f9-bd9e-aabb28314e1b
2026-03-20 12:01:04.093322+00:00,12500,0.95,0.05,yes,KXFEDDECISION-26APR-H0,6a8a88d8-d417-5ed6-0687-05b688af290c
2026-03-20 12:13:46.106965+00:00,1,0.95,0.05,yes,KXFEDDECISION-26APR-H0,da105444-965f-6e66-8474-ff94e900f2a0
2026-03-20 12:26:30.135226+00:00,1000,0.95,0.05,yes,KXFEDDECISION-26APR-H0,3b355904-01e3-40fe-42dd-c66f32439ab4
2026-03-20 13:27:48.657995+00:00,1,0.95,0.05,yes,KXFEDDECISION-26APR-H0,226d2727-88af-5ebe-4fd6-4206805eccd8
2026-03-20 13:28:58.257028+00:00,390,0.94,0.06,no,KXFEDDECISION-26APR-H0,808fac84-afcf-67d9-86dd-6b32b7bf78bf
2026-03-20 13:42:42.011632+00:00,312,0.94,0.06,no,KXFEDDECISION-26APR-H0,5ba29c56-bc6f-748d-8478-6c1ed050ce47
2026-03-20 13:51:57.170644+00:00,174,0.95,0.05,yes,KXFEDDECISION-26APR-H0,37c3afe0-07bf-79ee-d7ac-f094295830cc
2026-03-20 13:58:04.567159+00:00,5,0.95,0.05,yes,KXFEDDECISION-26APR-H0,69187f28-a82f-52ea-ab74-7421c858ea08
2026-03-20 14:03:56.687205+00:00,1,0.95,0.05,yes,KXFEDDECISION-26APR-H0,4bd8859f-eeaf-685e-e4b5-e9f17516b89c
2026-03-20 14:04:01.639799+00:00,105,0.95,0.05,yes,KXFEDDECISION-26APR-H0,58f52afa-1d0f-6b76-e559-4858050233c0
2026-03-20 14:15:53.616666+00:00,12734,0.95,0.05,yes,KXFEDDECISION-26APR-H0,2d87d225-6943-609a-343e-f6af187733a4
2026-03-20 14:20:35.893837+00:00,103,0.94,0.06,no,KXFEDDECISION-26APR-H0,e9705e46-656e-7872-8649-a23bdfe8ee6b
2026-03-20 14:20:52.091053+00:00,162,0.94,0.06,no,KXFEDDECISION-26APR-H0,b9f06e17-5ff6-5322-bcff-82d080978ec3
2026-03-20 14:23:01.106704+00:00,104,0.95,0.05,yes,KXFEDDECISION-26APR-H0,d532aa3c-34e3-6056-2a73-7d1f19095164
2026-03-20 14:24:46.043693+00:00,12,0.95,0.05,yes,KXFEDDECISION-26APR-H0,8e40471b-c16f-44b2-e6ed-d2cfe1283c3c
2026-03-20 14:29:56.112775+00:00,10,0.95,0.05,yes,KXFEDDECISION-26APR-H0,367261e9-ca17-4cd2-60e0-015baa70d6e8
2026-03-20 14:32:22.105057+00:00,1,0.95,0.05,yes,KXFEDDECISION-26APR-H0,431e71ae-4edf-6796-ea8c-54e2bfad9498
2026-03-20 14:40:59.610646+00:00,104,0.95,0.05,yes,KXFEDDECISION-26APR-H0,afe8379b-c3eb-4d46-a3b7-9d14d338e34c
2026-03-20 14:59:51.574780+00:00,1,0.95,0.05,yes,KXFEDDECISION-26APR-H0,f821647f-9797-6c66-e1d4-65b4065e83dc
2026-03-20 15:04:22.180472+00:00,10000,0.94,0.06,no,KXFEDDECISION-26APR-H0,c5eba838-8460-733a-e86d-5ef65e47c89a
2026-03-20 15:04:22.180472+00:00,40000,0.94,0.06,no,KXFEDDECISION-26APR-H0,f489907c-85b5-7605-ee39-bed0edb378d9
2026-03-20 15:04:22.180472+00:00,21,0.94,0.06,no,KXFEDDECISION-26APR-H0,d6774f87-c7ef-7e4a-c2d3-088367119da6
2026-03-20 15:04:22.180472+00:00,800,0.94,0.06,no,KXFEDDECISION-26APR-H0,b4e2fef4-5b7e-7de9-f435-bd29c70e97e6
2026-03-20 15:04:22.180472+00:00,5000,0.94,0.06,no,KXFEDDECISION-26APR-H0,76b442cb-14b9-79e1-e9f7-5c0daf13b618
2026-03-20 15:04:22.180472+00:00,2000,0.94,0.06,no,KXFEDDECISION-26APR-H0,1ae58f73-5d48-7bbc-e332-9e7e1b527491
2026-03-20 15:04:22.180472+00:00,9735,0.94,0.06,no,KXFEDDECISION-26APR-H0,7e745bf0-1cc2-730e-ef9b-84961f42a4f3
2026-03-20 15:04:33.925915+00:00,1,0.95,0.05,yes,KXFEDDECISION-26APR-H0,09173b5c-4623-650a-594d-b692bbffee7c
2026-03-20 15:19:30.430361+00:00,8000,0.94,0.06,yes,KXFEDDECISION-26APR-H0,00b2045d-7d33-4645-bbf7-f27718c390f5
2026-03-20 15:37:37.777694+00:00,111,0.93,0.07,no,KXFEDDECISION-26APR-H0,232240e2-2d6a-4c07-d2a9-b89490644315
2026-03-20 15:44:47.807324+00:00,103,0.93,0.07,no,KXFEDDECISION-26APR-H0,5d0c5971-5782-6c5f-6d37-97a16e4fcf55
2026-03-20 16:09:02.022904+00:00,1000,0.93,0.07,no,KXFEDDECISION-26APR-H0,d2224e36-dd9a-4a5f-d3a1-ec891dd9c1f5
2026-03-20 16:09:32.908323+00:00,522,0.94,0.06,yes,KXFEDDECISION-26APR-H0,ada0722e-f793-7eb5-85ca-fdc71a3b11dd
2026-03-20 16:10:21.166617+00:00,106,0.94,0.06,yes,KXFEDDECISION-26APR-H0,a0075e20-c4d7-7895-cd0d-b2f04eea2019
2026-03-20 16:25:47.698771+00:00,11372,0.94,0.06,yes,KXFEDDECISION-26APR-H0,205324ed-b2ff-5e31-6703-68b18a8e1c35
2026-03-20 16:25:47.698771+00:00,3000,0.94,0.06,yes,KXFEDDECISION-26APR-H0,7dba3f60-0922-5717-5ddd-f91ae104ba9c
2026-03-20 16:25:47.698771+00:00,8000,0.94,0.06,yes,KXFEDDECISION-26APR-H0,fde0c15f-5fb3-5bbb-7307-ca6eb201542d
2026-03-20 16:27:21.866847+00:00,1,0.95,0.05,yes,KXFEDDECISION-26APR-H0,ab07bccd-0507-6f72-aee5-f4bb11001430
2026-03-20 16:35:53.393019+00:00,2628,0.94,0.06,no,KXFEDDECISION-26APR-H0,98f45bbd-d8f0-5378-a331-0a1a9ec7223c
2026-03-20 16:41:22.348233+00:00,666,0.93,0.07,no,KXFEDDECISION-26APR-H0,f31e5afe-236e-457b-2c1a-b29efcdcad69
2026-03-20 16:46:29.332065+00:00,7000,0.94,0.06,yes,KXFEDDECISION-26APR-H0,b682ad1e-c23f-44b3-67bd-29476d1c8338
2026-03-20 17:07:28.003205+00:00,12,0.94,0.06,yes,KXFEDDECISION-26APR-H0,2f03c826-d32f-4d7f-fccc-9f85eedba790
2026-03-20 17:14:47.026902+00:00,104,0.94,0.06,yes,KXFEDDECISION-26APR-H0,4034e11a-9cd3-4e97-a445-f8dfb428c880
2026-03-20 17:14:53.852113+00:00,10,0.93,0.07,no,KXFEDDECISION-26APR-H0,d4c7b27d-8c76-5d57-3424-acf05b7b5d2d
2026-03-20 17:19:48.759310+00:00,1,0.93,0.07,no,KXFEDDECISION-26APR-H0,7c7d3825-b90e-4a2f-b121-8fcc44a70079
2026-03-20 17:34:53.259984+00:00,5,0.93,0.07,no,KXFEDDECISION-26APR-H0,9dc4ce21-d422-645b-4fdf-affd763d24e5
2026-03-20 17:50:20.010296+00:00,1000,0.94,0.06,yes,KXFEDDECISION-26APR-H0,4bdd2386-cc53-7397-de50-f9c60790893c
2026-03-20 18:09:40.567388+00:00,4,0.93,0.07,no,KXFEDDECISION-26APR-H0,edf4ab9b-e536-7ef3-7fb5-ef162ca180d5
2026-03-20 18:38:49.381806+00:00,40,0.93,0.07,no,KXFEDDECISION-26APR-H0,286acbc8-a9ce-7d0b-5821-c31f58a728ed
2026-03-20 18:43:15.354964+00:00,100,0.94,0.06,yes,KXFEDDECISION-26APR-H0,0c6aa8b8-1ddf-6d6b-c3be-4a00252656cc
2026-03-20 18:50:29.590341+00:00,10593,0.94,0.06,yes,KXFEDDECISION-26APR-H0,d69c05b4-05bb-41a7-efd3-5fc0c616b94c
2026-03-20 18:50:31.785583+00:00,1,0.94,0.06,yes,KXFEDDECISION-26APR-H0,7d0d0123-a35f-71db-e3cb-2f61556274f4
2026-03-20 18:58:29.408274+00:00,134,0.93,0.07,no,KXFEDDECISION-26APR-H0,0e2a86db-e43e-74fb-ca18-8c592ab23691
2026-03-20 19:27:13.865419+00:00,3,0.94,0.06,yes,KXFEDDECISION-26APR-H0,3046d996-358b-4aa3-4eca-71521d6e28a8
2026-03-20 19:27:36.062971+00:00,72,0.94,0.06,yes,KXFEDDECISION-26APR-H0,0c28b5e1-0817-411b-0741-35553f3d43ac
2026-03-20 19:54:48.601620+00:00,211,0.94,0.06,yes,KXFEDDECISION-26APR-H0,e226dd99-49cf-790b-f370-148babf59cf4
2026-03-20 20:04:15.226426+00:00,264,0.94,0.06,yes,KXFEDDECISION-26APR-H0,cb03fafc-8317-5f13-f874-dcd4c710dca8
2026-03-20 20:05:35.092767+00:00,1000,0.93,0.07,no,KXFEDDECISION-26APR-H0,1cd47e51-f512-4123-38f1-854f47d21e95
2026-03-20 20:24:34.423962+00:00,21,0.94,0.06,yes,KXFEDDECISION-26APR-H0,c58197bc-c18f-5a47-9eee-aa8edea5286c
2026-03-20 20:31:31.152479+00:00,1,0.94,0.06,yes,KXFEDDECISION-26APR-H0,2b1fa6ca-89fb-5527-d152-5b3499e5b710
2026-03-20 21:12:18.355077+00:00,22,0.93,0.07,no,KXFEDDECISION-26APR-H0,b1ffaa39-7fda-582f-2c0c-2c964879f3fd
2026-03-20 21:21:11.459484+00:00,5,0.94,0.06,yes,KXFEDDECISION-26APR-H0,346d513b-0f47-73b3-a6e5-fb0ceee825e8
2026-03-20 21:25:13.088205+00:00,30,0.93,0.07,no,KXFEDDECISION-26APR-H0,3d8dd277-276e-69fb-7c81-05d455968dd9
2026-03-20 21:29:01.375394+00:00,13,0.93,0.07,no,KXFEDDECISION-26APR-H0,63c0a37b-a6f6-485f-a021-2c1ba1beb92d
2026-03-20 21:44:04.617752+00:00,125,0.94,0.06,yes,KXFEDDECISION-26APR-H0,be38b968-34a7-47af-3526-df969e7311e0
2026-03-20 21:54:53.674903+00:00,1,0.93,0.07,no,KXFEDDECISION-26APR-H0,887c8235-4bf2-6bcf-3913-cdecfa251b21
2026-03-20 21:55:38.560753+00:00,1,0.94,0.06,yes,KXFEDDECISION-26APR-H0,d290cb70-8c8f-4c6f-54b0-61f261da9e2c
2026-03-20 21:55:41.619132+00:00,10593,0.94,0.06,yes,KXFEDDECISION-26APR-H0,b7acf6d5-c6c7-728f-8f75-3067ea83026c
2026-03-20 21:59:18.741219+00:00,1,0.94,0.06,yes,KXFEDDECISION-26APR-H0,395abb38-a02b-5a9f-ffc4-5b41b30c6b54
2026-03-20 21:59:31.770798+00:00,11,0.93,0.07,no,KXFEDDECISION-26APR-H0,0ed0bace-9a7e-7127-198a-2920ad6edef1
2026-03-20 22:02:20.036403+00:00,18,0.94,0.06,yes,KXFEDDECISION-26APR-H0,848cb50c-0d03-7dc7-6cf5-406fcbc3afd0
2026-03-20 22:11:05.993313+00:00,5000,0.94,0.06,yes,KXFEDDECISION-26APR-H0,7a6942c4-769b-696f-e9fe-1d0e04155ee0
2026-03-20 22:11:26.008826+00:00,5000,0.94,0.06,yes,KXFEDDECISION-26APR-H0,3a8e1275-dac7-5c03-e69f-a5f527598cac
2026-03-20 22:37:25.909721+00:00,1000,0.93,0.07,no,KXFEDDECISION-26APR-H0,00d652c5-776a-5857-8932-f755598cd8b9
2026-03-20 22:57:20.608947+00:00,5458,0.94,0.06,yes,KXFEDDECISION-26APR-H0,c34b9488-6f63-405b-9f1d-585b62657d90
2026-03-20 23:03:49.388378+00:00,3804,0.94,0.06,yes,KXFEDDECISION-26APR-H0,10757c28-9bda-5be6-b575-889600ecab36
2026-03-20 23:03:49.388378+00:00,1789,0.94,0.06,yes,KXFEDDECISION-26APR-H0,68f2b881-bb6f-5d9f-96e9-c5e8199bfed0
2026-03-20 23:03:49.388378+00:00,5000,0.94,0.06,yes,KXFEDDECISION-26APR-H0,dacb5fba-154a-5914-81ea-20c0c207ea76
2026-03-20 23:11:38.304142+00:00,1,0.93,0.07,no,KXFEDDECISION-26APR-H0,54e08288-5a4a-4053-9141-a075e48a026d
2026-03-20 23:16:08.453729+00:00,1,0.94,0.06,yes,KXFEDDECISION-26APR-H0,de35b0e2-0832-7f66-0a4e-2ec6364a4e6a
2026-03-20 23:21:25.686723+00:00,15891,0.94,0.06,yes,KXFEDDECISION-26APR-H0,0095c61c-ae0e-557a-81b5-dfcc07e334b2
2026-03-20 23:34:56.375878+00:00,5,0.94,0.06,yes,KXFEDDECISION-26APR-H0,41a9097f-f0e6-6586-f29e-1b820d49d8b6
2026-03-20 23:43:37.615177+00:00,2,0.94,0.06,yes,KXFEDDECISION-26APR-H0,1ddf5dea-0e0a-480e-2eff-c7a0381cab96
2026-03-21 00:01:37.667765+00:00,1,0.94,0.06,yes,KXFEDDECISION-26APR-H0,78132e62-2716-685a-8a1d-ca7dc08237c6
2026-03-21 00:07:24.848697+00:00,67,0.93,0.07,no,KXFEDDECISION-26APR-H0,1f4eadaf-a1ea-7457-7384-175fec296971
2026-03-21 00:07:32.815000+00:00,86,0.93,0.07,no,KXFEDDECISION-26APR-H0,2ff8c3da-9362-4fab-af37-7fde4d304a91
2026-03-21 00:57:22.555639+00:00,5,0.93,0.07,no,KXFEDDECISION-26APR-H0,50924605-85b6-70e3-95a3-9a4c42a5ecad
2026-03-21 01:00:13.124585+00:00,1,0.94,0.06,yes,KXFEDDECISION-26APR-H0,0ad278f0-1f42-6ece-a82d-ff7bf1092126
2026-03-21 01:03:31.633413+00:00,15,0.94,0.06,yes,KXFEDDECISION-26APR-H0,e924fcda-3e2e-4d96-e908-b34f388e59c6
2026-03-21 01:24:21.783943+00:00,1,0.94,0.06,yes,KXFEDDECISION-26APR-H0,d7e72173-6a7e-6dfa-6814-0d1aec4a538e
2026-03-21 01:24:23.158780+00:00,5,0.94,0.06,yes,KXFEDDECISION-26APR-H0,2c997e2e-ab86-7e4a-79ed-ade09b047596
2026-03-21 01:34:50.988497+00:00,285,0.93,0.07,no,KXFEDDECISION-26APR-H0,bab6c377-23ae-5d2b-cc53-00449b15dc19
2026-03-21 01:39:48.325921+00:00,1,0.93,0.07,no,KXFEDDECISION-26APR-H0,747c4aa2-c98e-4c27-8973-8a463d88f7ad
2026-03-21 02:01:44.130226+00:00,2569,0.93,0.07,no,KXFEDDECISION-26APR-H0,5ae14723-1b8a-6f2f-2e06-149f18b76cfd
2026-03-21 02:01:44.130226+00:00,733,0.93,0.07,no,KXFEDDECISION-26APR-H0,7c30b290-dae6-69f0-1c3b-2019d70bf375
2026-03-21 02:07:52.497582+00:00,3500,0.94,0.06,yes,KXFEDDECISION-26APR-H0,27f37c37-8516-6846-3074-ee011999ce86
2026-03-21 02:24:37.492347+00:00,134,0.93,0.07,no,KXFEDDECISION-26APR-H0,1fb81b85-9b42-4a80-9062-b09e787787f9
2026-03-21 02:48:37.858520+00:00,12864,0.94,0.06,yes,KXFEDDECISION-26APR-H0,4dd58a0c-00a1-6bb5-33ef-3138a8e08877
2026-03-21 02:48:37.858520+00:00,1774,0.94,0.06,yes,KXFEDDECISION-26APR-H0,ddb68af6-3c82-6f0e-039e-09376bc53616
2026-03-21 02:54:45.138068+00:00,104,0.94,0.06,yes,KXFEDDECISION-26APR-H0,1a98542f-a8f5-4b1d-68e0-8fc5f32ab203
2026-03-21 03:05:53.962897+00:00,300,0.94,0.06,yes,KXFEDDECISION-26APR-H0,58c57757-bbe8-4641-5383-865d01a44ab6
2026-03-21 03:05:53.962897+00:00,100,0.94,0.06,yes,KXFEDDECISION-26APR-H0,f79ec022-2f6e-44f0-485f-34ad0ba8a5ee
2026-03-21 03:05:53.962897+00:00,12032,0.94,0.06,yes,KXFEDDECISION-26APR-H0,c40a8fa4-3445-4341-66cc-64a4d04c135b
2026-03-21 03:05:53.962897+00:00,500,0.94,0.06,yes,KXFEDDECISION-26APR-H0,4802bf2f-1af0-4ab6-6033-dba86c05963f
2026-03-21 03:05:53.962897+00:00,5000,0.94,0.06,yes,KXFEDDECISION-26APR-H0,16e7bdf4-1c0d-432f-45f6-37b4fe64fce5
2026-03-21 03:28:38.997016+00:00,15,0.94,0.06,no,KXFEDDECISION-26APR-H0,5035d61a-a3e3-4ad4-54cc-0e11c5ac586b
2026-03-21 03:31:13.150381+00:00,125,0.94,0.06,no,KXFEDDECISION-26APR-H0,e8b6cad8-b713-5960-4870-0926ede27373
2026-03-21 04:21:44.593127+00:00,3,0.95,0.05,yes,KXFEDDECISION-26APR-H0,6bb3ea69-01ff-7c02-2c33-a12a513f2178
2026-03-21 04:23:17.686502+00:00,3064,0.94,0.06,no,KXFEDDECISION-26APR-H0,a312cb20-2557-4c70-415e-07d58ce363eb
2026-03-21 04:30:07.385465+00:00,7,0.94,0.06,no,KXFEDDECISION-26APR-H0,efa292d4-d3a3-5790-d60e-ea7ee3265623
2026-03-21 04:33:15.234028+00:00,10000,0.95,0.05,yes,KXFEDDECISION-26APR-H0,b8d17619-33f7-420a-0339-bc3006fd92c4
2026-03-21 04:53:54.586171+00:00,1,0.94,0.06,no,KXFEDDECISION-26APR-H0,11eee07d-2903-5ee8-9228-44956c730403
2026-03-21 05:20:56.493463+00:00,10,0.95,0.05,yes,KXFEDDECISION-26APR-H0,dd389109-62db-6fd2-df25-30d722ad960c
2026-03-21 05:25:24.877806+00:00,10,0.94,0.06,no,KXFEDDECISION-26APR-H0,d82f9b67-cabf-6f88-29ad-3cad132071cf
2026-03-21 05:25:55.322006+00:00,25,0.95,0.05,yes,KXFEDDECISION-26APR-H0,a130e181-478b-70ae-ce92-557a5a305a34
2026-03-21 06:33:58.407959+00:00,390,0.94,0.06,no,KXFEDDECISION-26APR-H0,270a264e-11db-69d0-1c8a-1d100e4de32b
2026-03-21 06:38:20.999288+00:00,200,0.94,0.06,no,KXFEDDECISION-26APR-H0,075541bd-ab13-4f84-5ed8-824359847b43
2026-03-21 06:47:11.263456+00:00,125,0.94,0.06,no,KXFEDDECISION-26APR-H0,7791857e-8dff-739c-d33e-5d8a5caf04fb
2026-03-21 07:08:22.349452+00:00,1,0.94,0.06,no,KXFEDDECISION-26APR-H0,314b41fb-3d3f-682c-f6e8-48da821b79ef
2026-03-21 07:10:38.382116+00:00,83,0.94,0.06,no,KXFEDDECISION-26APR-H0,729ab1a5-2727-730c-228f-3eb94eb53587
2026-03-21 07:13:09.199298+00:00,10,0.95,0.05,yes,KXFEDDECISION-26APR-H0,2fdc0c59-add3-68f6-07ab-31b486a88a78
2026-03-21 07:15:07.867631+00:00,1,0.95,0.05,yes,KXFEDDECISION-26APR-H0,beb1298b-cca3-4746-d163-8e5a5b15726c
2026-03-21 07:25:02.460187+00:00,20,0.95,0.05,yes,KXFEDDECISION-26APR-H0,18fcfa76-b5b7-6db2-9739-d8540fd09b50
2026-03-21 07:26:08.480849+00:00,30,0.95,0.05,yes,KXFEDDECISION-26APR-H0,15dca51e-6b7b-70fe-16cf-b50fb75b2240
2026-03-21 07:51:21.133833+00:00,2,0.95,0.05,yes,KXFEDDECISION-26APR-H0,0e8784c0-824b-52d2-84a9-e835ed55ca48
2026-03-21 08:21:37.169016+00:00,4,0.95,0.05,yes,KXFEDDECISION-26APR-H0,6b3446eb-d88f-5d7e-c73a-16a9d8932180
2026-03-21 08:56:31.330377+00:00,1,0.94,0.06,no,KXFEDDECISION-26APR-H0,c7f9432d-af47-44a8-2667-d63e0210c573
2026-03-21 08:57:59.633673+00:00,1,0.94,0.06,no,KXFEDDECISION-26APR-H0,8ec597b4-a673-4740-19f6-7269a6f1d783
2026-03-21 08:58:24.428245+00:00,1,0.94,0.06,no,KXFEDDECISION-26APR-H0,9b62541c-aaf3-7364-6911-7e7e37c3381f
2026-03-21 09:00:07.642328+00:00,1,0.94,0.06,no,KXFEDDECISION-26APR-H0,8dc15577-cb6f-447c-d6aa-f8f20b3aab47
2026-03-21 09:00:52.361776+00:00,1,0.94,0.06,no,KXFEDDECISION-26APR-H0,88dc5d68-9893-5314-ba2c-f707c7d48b6b
2026-03-21 09:02:04.057945+00:00,1,0.94,0.06,no,KXFEDDECISION-26APR-H0,d7e4303f-705f-4e68-e583-57aa4a4e72df
2026-03-21 09:55:51.631330+00:00,12336,0.95,0.05,yes,KXFEDDECISION-26APR-H0,f354918d-dc9f-5c9e-7769-6e751b26e2d4
2026-03-21 10:36:44.821028+00:00,1,0.95,0.05,yes,KXFEDDECISION-26APR-H0,0cf80351-2dd3-707e-67ec-58a112d8e56c
2026-03-21 11:30:55.759742+00:00,4,0.95,0.05,yes,KXFEDDECISION-26APR-H0,b8b18c3c-792b-642a-283b-0ed9b83a14f0
2026-03-21 11:43:17.432556+00:00,10,0.95,0.05,yes,KXFEDDECISION-26APR-H0,24efc3eb-2acf-6732-d5b7-cb4165b379c4
2026-03-21 12:11:47.628274+00:00,5,0.95,0.05,yes,KXFEDDECISION-26APR-H0,e99a54be-250b-64da-bfac-6fee74c8cc30
2026-03-21 12:25:07.541875+00:00,89,0.94,0.06,no,KXFEDDECISION-26APR-H0,58bcbfd9-314f-730c-11d0-9c3028ed7f1b
2026-03-21 12:30:37.944063+00:00,5,0.95,0.05,yes,KXFEDDECISION-26APR-H0,9143b9ea-2fb7-50a6-d292-7a6d14915174
2026-03-21 12:58:19.739889+00:00,10,0.95,0.05,yes,KXFEDDECISION-26APR-H0,d6c7979c-e93b-5a12-bc87-dfb9de79d020
2026-03-21 13:07:02.439841+00:00,2032,0.94,0.06,no,KXFEDDECISION-26APR-H0,5162d1ac-45e3-5f3c-a88d-466030a4c7d3
2026-03-21 13:28:36.603674+00:00,2,0.95,0.05,yes,KXFEDDECISION-26APR-H0,89962be8-a25b-713e-564d-d193f73c8fd8
2026-03-21 13:30:25.255522+00:00,78,0.94,0.06,no,KXFEDDECISION-26APR-H0,9bfa9d9f-04c7-7480-97bd-9dc217107af3
2026-03-21 13:32:30.020130+00:00,10,0.95,0.05,yes,KXFEDDECISION-26APR-H0,4d1baba0-6bbb-7a46-10d3-c38715c08260
2026-03-21 13:36:25.954010+00:00,12,0.94,0.06,no,KXFEDDECISION-26APR-H0,1843bbce-96ff-44bc-bd7e-b938e4d0d1a7
2026-03-21 13:52:56.897369+00:00,21,0.94,0.06,no,KXFEDDECISION-26APR-H0,03ea04e8-ab15-6e05-12b1-2f79682f61a0
2026-03-21 13:52:56.897369+00:00,540,0.94,0.06,no,KXFEDDECISION-26APR-H0,21f43e05-cb0f-6af0-3262-e200637f39af
2026-03-21 13:52:56.897369+00:00,100,0.94,0.06,no,KXFEDDECISION-26APR-H0,712f0bb7-9096-64a9-2900-a245f8557692
2026-03-21 13:52:56.897369+00:00,47,0.94,0.06,no,KXFEDDECISION-26APR-H0,baccdc8c-1fff-6881-3b02-931c4b93cd3c
2026-03-21 13:52:56.897369+00:00,10,0.94,0.06,no,KXFEDDECISION-26APR-H0,f776e63c-01e2-6039-285d-61f99873a4ac
2026-03-21 13:52:56.897369+00:00,515,0.94,0.06,no,KXFEDDECISION-26APR-H0,f85a5064-354f-6f20-3150-87f2980512bc
2026-03-21 13:57:05.920478+00:00,20,0.95,0.05,yes,KXFEDDECISION-26APR-H0,855d0e08-24df-5606-2b32-6a089167720c
2026-03-21 14:20:48.541616+00:00,62,0.94,0.06,no,KXFEDDECISION-26APR-H0,2dd32835-da37-5204-c7c9-c6c73ae8c378
2026-03-21 14:30:03.007211+00:00,125,0.94,0.06,no,KXFEDDECISION-26APR-H0,e5cb5327-1a17-7350-1eaa-ba8d90d1b85c
2026-03-21 14:45:24.404598+00:00,5,0.95,0.05,yes,KXFEDDECISION-26APR-H0,d7e04554-870f-6a0a-301c-9883fdcb931c
2026-03-21 14:54:12.746865+00:00,84,0.95,0.05,yes,KXFEDDECISION-26APR-H0,f3d70388-d443-4b4a-f83c-8488efcf4ca0
2026-03-21 15:05:13.298106+00:00,30,0.95,0.05,yes,KXFEDDECISION-26APR-H0,aca7b98c-d8cf-587e-2b34-491c2e382044
2026-03-21 15:25:13.108911+00:00,10,0.95,0.05,yes,KXFEDDECISION-26APR-H0,8f6844d5-d36b-4d3a-8210-5e784d2a053c
2026-03-21 15:43:40.088636+00:00,44,0.95,0.05,yes,KXFEDDECISION-26APR-H0,843132fe-4133-4e46-c33e-c7434c704c50
2026-03-21 15:58:58.646569+00:00,4,0.95,0.05,yes,KXFEDDECISION-26APR-H0,28ab86b2-86fb-564a-f488-bcbe23f913e8
2026-03-21 16:06:22.683877+00:00,1,0.95,0.05,yes,KXFEDDECISION-26APR-H0,3dabf4ba-a11b-7dde-2211-2ca135fd8f18
2026-03-21 16:28:29.405157+00:00,5,0.95,0.05,yes,KXFEDDECISION-26APR-H0,b4928f9e-0bdf-7ed6-7c74-9496988d6808
2026-03-21 16:44:08.508352+00:00,625,0.94,0.06,no,KXFEDDECISION-26APR-H0,c12568ac-73b7-5d7c-a004-b187c0cb617c
2026-03-21 16:44:26.636104+00:00,10,0.95,0.05,yes,KXFEDDECISION-26APR-H0,963b134b-8abf-45ba-f9cc-a0930e828b80
2026-03-21 16:47:37.621439+00:00,3,0.95,0.05,yes,KXFEDDECISION-26APR-H0,98cf808d-071b-474a-49b4-c849ec9c7778
2026-03-21 16:47:44.977427+00:00,5,0.95,0.05,yes,KXFEDDECISION-26APR-H0,196a8186-25c3-786e-855a-b838654cacd4
2026-03-21 16:50:11.541113+00:00,10,0.95,0.05,yes,KXFEDDECISION-26APR-H0,91d5eb93-912b-6942-04f9-02e8943c7144
2026-03-21 16:51:21.452351+00:00,116,0.95,0.05,yes,KXFEDDECISION-26APR-H0,2b44c8aa-9837-7572-bf63-ed8babf0358c
2026-03-21 16:51:51.115365+00:00,10,0.95,0.05,yes,KXFEDDECISION-26APR-H0,a98def59-418b-7592-149c-9ba8d7c4d2d8
2026-03-21 17:08:04.929007+00:00,12,0.95,0.05,yes,KXFEDDECISION-26APR-H0,926405a9-55b7-74aa-bdf0-176ee3741cf4
2026-03-21 17:20:08.348945+00:00,1,0.95,0.05,yes,KXFEDDECISION-26APR-H0,c346e348-677b-57c6-559b-7bae4f84d6bc
2026-03-21 17:35:37.907207+00:00,5,0.95,0.05,yes,KXFEDDECISION-26APR-H0,4232a47f-efa3-63da-cc01-598d4f278e1c
2026-03-21 17:38:50.326700+00:00,153,0.94,0.06,no,KXFEDDECISION-26APR-H0,303753d0-ac03-4084-bb0c-2f7fdac0780c
2026-03-21 17:40:27.620813+00:00,153,0.94,0.06,no,KXFEDDECISION-26APR-H0,a80ac840-c783-5c08-e618-1e8cac1b8074
2026-03-21 18:01:04.521325+00:00,234,0.94,0.06,no,KXFEDDECISION-26APR-H0,a4f52721-167f-5324-970f-88d6649fb32c
2026-03-21 18:01:48.720857+00:00,104,0.95,0.05,yes,KXFEDDECISION-26APR-H0,5b67eff9-0b47-78aa-29ae-449de714d5ec
2026-03-21 18:10:37.953342+00:00,1,0.95,0.05,yes,KXFEDDECISION-26APR-H0,3b754e3e-c82b-513a-629c-8427e78f1ea0
2026-03-21 18:14:19.557483+00:00,109,0.95,0.05,yes,KXFEDDECISION-26APR-H0,afb4a789-3053-6622-5c95-d52e17baf914
2026-03-21 18:46:47.631267+00:00,1,0.95,0.05,yes,KXFEDDECISION-26APR-H0,07b05fff-36ab-659a-b4bc-6ec9d9831f40
2026-03-21 18:55:33.199415+00:00,31,0.95,0.05,yes,KXFEDDECISION-26APR-H0,97c1993f-6467-552a-5c74-8bab2fe8daf0
2026-03-21 18:56:45.218738+00:00,1,0.95,0.05,yes,KXFEDDECISION-26APR-H0,e059652d-9ee3-42aa-459d-fe5e1974a5d8
2026-03-21 19:09:17.728789+00:00,5,0.95,0.05,yes,KXFEDDECISION-26APR-H0,6b476da7-567f-6cf2-ac8c-9aa59cc7a920
2026-03-21 19:12:01.718313+00:00,1,0.95,0.05,yes,KXFEDDECISION-26APR-H0,08b25a55-66c7-5776-67c6-beb19d741bd8
2026-03-21 19:15:23.051774+00:00,112,0.94,0.06,no,KXFEDDECISION-26APR-H0,79d4fe96-9f4b-7538-34c3-9b6d3e36f814
2026-03-21 19:29:23.552419+00:00,10,0.95,0.05,yes,KXFEDDECISION-26APR-H0,9bc15f87-021b-6d5a-9dad-94bf0d5294f4
2026-03-21 19:40:44.759101+00:00,100,0.95,0.05,yes,KXFEDDECISION-26APR-H0,7f042da1-d757-71b2-ee06-76948dc6ba7c
2026-03-21 19:43:34.722047+00:00,20,0.95,0.05,yes,KXFEDDECISION-26APR-H0,af12737e-20cb-719a-936c-b037e2455e44
2026-03-21 19:56:35.320105+00:00,44,0.95,0.05,yes,KXFEDDECISION-26APR-H0,00ae9303-4a67-620e-b73b-a6da72f423c0
2026-03-21 20:07:31.727533+00:00,20,0.95,0.05,yes,KXFEDDECISION-26APR-H0,d31e90a8-0acb-53da-35ae-46a07ea8ca68
2026-03-21 20:16:18.102637+00:00,35,0.94,0.06,no,KXFEDDECISION-26APR-H0,c640f042-5bcb-4638-10d6-0a71d02dfa88
2026-03-21 20:23:41.684741+00:00,790,0.94,0.06,no,KXFEDDECISION-26APR-H0,0528ce5c-28b3-69ac-d74d-5a0ce141ec34
2026-03-21 20:24:50.714421+00:00,50,0.95,0.05,yes,KXFEDDECISION-26APR-H0,ae6b2f70-cb67-65da-d956-9805fc448694
2026-03-21 20:29:59.376209+00:00,170,0.95,0.05,yes,KXFEDDECISION-26APR-H0,43c5963a-4687-756e-d0c3-300d7e60e56c
2026-03-21 20:34:18.424735+00:00,44,0.95,0.05,yes,KXFEDDECISION-26APR-H0,011c583e-0523-581e-9620-8b0572db1388
2026-03-21 20:37:12.842560+00:00,2,0.95,0.05,yes,KXFEDDECISION-26APR-H0,0c7c1f0c-f233-597a-b2ad-26004c447d50
2026-03-21 20:37:31.018617+00:00,24,0.95,0.05,yes,KXFEDDECISION-26APR-H0,3c87c88c-091b-7c6e-ce94-803fbc4b2570
2026-03-21 20:44:01.104192+00:00,1,0.94,0.06,no,KXFEDDECISION-26APR-H0,d7d07d66-700b-5a98-b5fc-2ddf4961a3fc
2026-03-21 20:51:50.910931+00:00,5,0.95,0.05,yes,KXFEDDECISION-26APR-H0,86f4e90c-5af3-43a6-6c18-3bac2e031a2c
2026-03-21 20:56:44.762042+00:00,137,0.94,0.06,no,KXFEDDECISION-26APR-H0,ee67253d-45f7-7f28-cc44-6a5c04966c78
2026-03-21 21:01:03.616349+00:00,1,0.95,0.05,yes,KXFEDDECISION-26APR-H0,3cc6685e-a073-45c2-3d13-f1da512aed44
2026-03-21 21:15:09.534637+00:00,115,0.95,0.05,yes,KXFEDDECISION-26APR-H0,06932c17-798b-73f2-279e-199b2563ba98
2026-03-21 21:23:22.029009+00:00,5,0.95,0.05,yes,KXFEDDECISION-26APR-H0,c61f8edd-4c1f-79d6-6a46-de949ce140e0
2026-03-21 21:27:43.058178+00:00,1,0.94,0.06,no,KXFEDDECISION-26APR-H0,7575d34a-40a3-6a3c-04a4-fca5b410f3e0
2026-03-21 21:30:55.673193+00:00,8,0.95,0.05,yes,KXFEDDECISION-26APR-H0,93a8bf52-67cb-61b6-1143-dd2255382364
2026-03-21 21:59:06.655551+00:00,674,0.94,0.06,no,KXFEDDECISION-26APR-H0,2bc999a2-45d3-6fb8-abbf-575e2c045944
2026-03-21 22:16:21.733875+00:00,5,0.95,0.05,yes,KXFEDDECISION-26APR-H0,38ddfe30-75db-7582-c988-2932c90a6f84
2026-03-21 22:30:50.033067+00:00,9,0.94,0.06,no,KXFEDDECISION-26APR-H0,295a7692-ebc3-4970-da5c-53086aa11ec0
2026-03-21 22:38:43.460855+00:00,897,0.95,0.05,yes,KXFEDDECISION-26APR-H0,1f90e0f3-914f-5ef2-f470-de00dc902530
2026-03-21 22:45:39.590945+00:00,63,0.95,0.05,yes,KXFEDDECISION-26APR-H0,2ac32d85-8783-63ca-844f-53e5a8a5a7dc
2026-03-21 22:47:48.663159+00:00,59,0.94,0.06,no,KXFEDDECISION-26APR-H0,1ea90799-e23f-7b48-b6ce-16ebb144b330
2026-03-21 22:54:40.634312+00:00,59,0.95,0.05,yes,KXFEDDECISION-26APR-H0,0a4500ef-151b-5ae2-6041-512c21d0103c
2026-03-21 23:04:02.405466+00:00,400,0.95,0.05,yes,KXFEDDECISION-26APR-H0,fec771df-320f-5976-07fe-e991d819bb5c
2026-03-21 23:16:57.513145+00:00,57,0.94,0.06,no,KXFEDDECISION-26APR-H0,b9db571b-f44b-6ec0-b2fc-e9d431d90f48
2026-03-21 23:18:04.793957+00:00,2,0.94,0.06,no,KXFEDDECISION-26APR-H0,1ca7a448-e9b3-493c-2e2c-b0ae2fee0f68
2026-03-21 23:25:41.895771+00:00,57,0.95,0.05,yes,KXFEDDECISION-26APR-H0,bb38927b-34eb-4ede-0ba1-5bfd222d7550
2026-03-21 23:45:28.125802+00:00,55,0.94,0.06,no,KXFEDDECISION-26APR-H0,52edc083-849f-6504-0924-1cc82eae2bcc
2026-03-21 23:55:11.738914+00:00,1,0.94,0.06,no,KXFEDDECISION-26APR-H0,d5f2ef68-a8e7-713c-1cf8-4d5f2904b758
2026-03-21 23:56:39.455866+00:00,55,0.95,0.05,yes,KXFEDDECISION-26APR-H0,e3e569f5-254b-7936-8be1-b6c9104a2498
2026-03-22 00:27:17.313007+00:00,33,0.94,0.06,no,KXFEDDECISION-26APR-H0,3c646acc-805b-41b8-f6e7-015c6ab067c4
2026-03-22 00:43:40.653822+00:00,1,0.95,0.05,yes,KXFEDDECISION-26APR-H0,3a4b6d1d-080b-4e62-743d-98f6dfc60570
2026-03-22 00:52:57.307692+00:00,1,0.95,0.05,yes,KXFEDDECISION-26APR-H0,3e64f283-cf47-628e-5a09-58fb443b3a58
2026-03-22 01:02:14.927128+00:00,637,0.94,0.06,no,KXFEDDECISION-26APR-H0,08976b38-4aaf-670c-7089-a05cdf51dc98
2026-03-22 01:08:21.916402+00:00,28,0.94,0.06,no,KXFEDDECISION-26APR-H0,f0b1422e-caeb-5724-be30-bf9fc2be1c38
2026-03-22 01:21:46.070729+00:00,53,0.94,0.06,no,KXFEDDECISION-26APR-H0,766a397a-aa2b-7df0-2187-fffaff5b2040
2026-03-22 01:22:16.809708+00:00,35,0.95,0.05,yes,KXFEDDECISION-26APR-H0,1996764f-9fbf-6306-69a0-4aabe0f73f3c
2026-03-22 01:28:39.940905+00:00,78,0.95,0.05,yes,KXFEDDECISION-26APR-H0,ab8818e6-0417-53d6-fbaa-a138e3e3c258
2026-03-22 01:29:37.249630+00:00,53,0.95,0.05,yes,KXFEDDECISION-26APR-H0,d782eaa8-3527-4bc2-e138-9dae32d09c64
2026-03-22 01:31:15.234416+00:00,400,0.94,0.06,no,KXFEDDECISION-26APR-H0,cf94eca0-8acf-4358-763f-1b4633875d6c
2026-03-22 02:15:05.222815+00:00,12,0.94,0.06,no,KXFEDDECISION-26APR-H0,99b3a96b-58bb-4fa8-68cc-02f8f3a742d0
2026-03-22 02:49:44.788350+00:00,1,0.95,0.05,yes,KXFEDDECISION-26APR-H0,1db19c75-d677-7022-6e10-abcbcceab0a8
2026-03-22 02:56:11.903958+00:00,250,0.94,0.06,no,KXFEDDECISION-26APR-H0,e1ff162c-d13b-7350-7bd2-b73c24774a80
2026-03-22 03:06:59.480500+00:00,2,0.95,0.05,yes,KXFEDDECISION-26APR-H0,24e57b36-5183-6f76-c7ef-1f5788531cb4
2026-03-22 03:07:27.239233+00:00,2,0.94,0.06,no,KXFEDDECISION-26APR-H0,25cc4f00-ab47-7f88-3549-c5eff47faa24
2026-03-22 03:08:40.070739+00:00,339,0.95,0.05,yes,KXFEDDECISION-26APR-H0,b0a8682b-7a8f-7c8e-8337-776dbce6cb5c
2026-03-22 03:14:07.980676+00:00,78,0.94,0.06,no,KXFEDDECISION-26APR-H0,e0094423-387b-44dc-4431-c531cb73f678
2026-03-22 03:42:50.556659+00:00,3092,0.95,0.05,yes,KXFEDDECISION-26APR-H0,e82f51a5-56eb-6fc2-4f41-914dfcbd9310
2026-03-22 03:48:59.459516+00:00,419,0.95,0.05,yes,KXFEDDECISION-26APR-H0,96cfd1bf-729f-479a-cfc8-94d376c312b4
2026-03-22 03:57:15.814770+00:00,12,0.95,0.05,yes,KXFEDDECISION-26APR-H0,80cd1d1f-b9b7-44e6-3ef4-b6017f494b54
2026-03-22 04:04:01.404994+00:00,28,0.94,0.06,no,KXFEDDECISION-26APR-H0,5a3a3e8f-5f07-5948-6025-bcdfa0238c90
2026-03-22 04:10:22.981927+00:00,291,0.95,0.05,yes,KXFEDDECISION-26APR-H0,85bcc1ce-4477-468a-f4d5-fcfb0f238a80
2026-03-22 04:26:37.378316+00:00,10489,0.95,0.05,yes,KXFEDDECISION-26APR-H0,9902a2bc-8e5b-4042-1b87-7c44d5ead89c
2026-03-22 04:44:02.978251+00:00,262,0.95,0.05,yes,KXFEDDECISION-26APR-H0,8fa2b9e2-c70f-5e52-c7da-cacb8dbe58e0
2026-03-22 04:53:19.736005+00:00,1,0.95,0.05,yes,KXFEDDECISION-26APR-H0,bf317028-b62b-5066-5068-ee62c8693da0
2026-03-22 05:24:01.343771+00:00,15,0.94,0.06,no,KXFEDDECISION-26APR-H0,83043f58-852f-7d2c-6e6e-c880248fc2bc
2026-03-22 05:47:31.078266+00:00,5,0.94,0.06,no,KXFEDDECISION-26APR-H0,8d75529c-f8f7-677c-ddee-f5c148390660
2026-03-22 06:04:04.091635+00:00,1,0.95,0.05,yes,KXFEDDECISION-26APR-H0,6ed91212-70ab-6862-a5f0-8c98f27b893c
2026-03-22 07:07:06.215169+00:00,125,0.94,0.06,no,KXFEDDECISION-26APR-H0,4f1d8a41-e857-655c-3104-8a87efce4814
2026-03-22 07:07:41.775111+00:00,49,0.94,0.06,no,KXFEDDECISION-26APR-H0,35e34908-8b6f-4300-3353-1e70294c21c4
2026-03-22 07:10:21.577510+00:00,49,0.95,0.05,yes,KXFEDDECISION-26APR-H0,4fbc14d2-768f-50f2-89dc-09e6bfdda654
2026-03-22 07:16:55.996733+00:00,10,0.94,0.06,no,KXFEDDECISION-26APR-H0,2956511b-6017-6b98-3444-86fe6e036dec
2026-03-22 07:24:09.642892+00:00,10,0.95,0.05,yes,KXFEDDECISION-26APR-H0,6ed44536-7c53-553a-1090-9e645f355288
2026-03-22 07:33:49.688314+00:00,30,0.94,0.06,no,KXFEDDECISION-26APR-H0,f89f1556-46cf-7d10-0c22-c54e5f677774
2026-03-22 07:42:09.255691+00:00,1,0.95,0.05,yes,KXFEDDECISION-26APR-H0,b4224dc2-f3ff-54de-5e68-eda827b65a48
2026-03-22 07:48:57.415284+00:00,48,0.94,0.06,no,KXFEDDECISION-26APR-H0,a345ee8c-2e6f-7034-278c-f7459cd2b5dc
2026-03-22 07:56:54.236101+00:00,48,0.95,0.05,yes,KXFEDDECISION-26APR-H0,9dab6dbf-1d8f-73ae-0132-14c8868e53cc
2026-03-22 08:16:55.105023+00:00,2,0.94,0.06,no,KXFEDDECISION-26APR-H0,f47bb19b-2747-7c54-1a72-459872bf82f8
2026-03-22 08:24:45.254963+00:00,47,0.94,0.06,no,KXFEDDECISION-26APR-H0,f2c90e60-90cb-518c-6153-c16e2097e174
2026-03-22 08:27:57.511225+00:00,47,0.95,0.05,yes,KXFEDDECISION-26APR-H0,4e410a62-d017-5126-d31d-a1c60ffd2678
2026-03-22 08:44:43.178102+00:00,6,0.95,0.05,yes,KXFEDDECISION-26APR-H0,fae642f5-7e73-674e-12c8-82f7d4a9fa28
2026-03-22 08:53:46.973220+00:00,7196,0.95,0.05,yes,KXFEDDECISION-26APR-H0,3e923411-41a3-6eaa-7457-48da96dfc13c
2026-03-22 08:56:52.155895+00:00,45,0.94,0.06,no,KXFEDDECISION-26APR-H0,84b79e59-09fb-6edc-1da7-0ac5853de888
2026-03-22 08:58:59.774623+00:00,45,0.95,0.05,yes,KXFEDDECISION-26APR-H0,185a60fe-cb37-7b9e-8ad2-f3dbaa1cfa30
2026-03-22 09:28:05.857376+00:00,42,0.94,0.06,no,KXFEDDECISION-26APR-H0,5f21d13a-91e3-7f74-37f6-3b93e0edf4a8
2026-03-22 09:30:02.235189+00:00,42,0.95,0.05,yes,KXFEDDECISION-26APR-H0,1ac658bb-7917-4912-3867-8d6404514c70
2026-03-22 09:33:58.783417+00:00,185,0.95,0.05,yes,KXFEDDECISION-26APR-H0,c829185b-29bf-52ea-ea18-00fe6d828470
2026-03-22 11:28:22.001665+00:00,125,0.95,0.05,yes,KXFEDDECISION-26APR-H0,a17547ba-a7a7-4d0e-2350-daad60e8fb08
2026-03-22 13:53:01.426031+00:00,1,0.95,0.05,yes,KXFEDDECISION-26APR-H0,8ae7ac20-89bb-6bc6-6a4f-5554782b2528
2026-03-22 13:57:54.088410+00:00,10,0.95,0.05,yes,KXFEDDECISION-26APR-H0,751471cb-cf93-4c6e-4656-d43455ebdb88
2026-03-22 13:58:06.390618+00:00,52,0.95,0.05,yes,KXFEDDECISION-26APR-H0,94d8a510-0297-4c92-fc98-4a27b0ab6814
2026-03-22 14:03:58.013993+00:00,302,0.95,0.05,yes,KXFEDDECISION-26APR-H0,8938fc0f-1243-5a56-f9eb-502eb4e0923c
2026-03-22 14:06:06.532611+00:00,105,0.95,0.05,yes,KXFEDDECISION-26APR-H0,d1a9e253-208b-6fae-d2a2-7de4ec1d1270
2026-03-22 14:08:45.180513+00:00,1,0.95,0.05,yes,KXFEDDECISION-26APR-H0,def17097-c5f7-5d92-3c79-f831c84817f8
2026-03-22 14:08:58.862763+00:00,1,0.94,0.06,no,KXFEDDECISION-26APR-H0,300aabfb-b607-5c54-97de-d7004868b5e8
2026-03-22 14:45:11.651518+00:00,11,0.94,0.06,no,KXFEDDECISION-26APR-H0,d2c7fa6d-c14f-56a8-609e-8304313c6758
2026-03-22 14:54:35.692362+00:00,1,0.95,0.05,yes,KXFEDDECISION-26APR-H0,0c294cca-de33-7186-38d2-a17009b6b490
2026-03-22 15:16:01.378507+00:00,1,0.94,0.06,no,KXFEDDECISION-26APR-H0,241d2672-8283-5474-3bd5-7cf4a5061098
2026-03-22 15:38:53.653690+00:00,40,0.94,0.06,no,KXFEDDECISION-26APR-H0,933caaae-1cb7-6214-3a27-4cb3be201b94
2026-03-22 15:42:53.044747+00:00,40,0.95,0.05,yes,KXFEDDECISION-26APR-H0,3fcb3851-7447-5dae-a8a3-b1d7d572fad0
2026-03-22 15:45:43.124774+00:00,2,0.94,0.06,no,KXFEDDECISION-26APR-H0,210404a5-ba5b-5ed4-f785-d314b570255c
2026-03-22 15:48:59.946931+00:00,10,0.94,0.06,no,KXFEDDECISION-26APR-H0,1ded59e4-833f-45c4-fc4f-97db0a71e004
2026-03-22 15:56:07.372422+00:00,28,0.94,0.06,no,KXFEDDECISION-26APR-H0,01a13729-a563-7ca4-2c30-1241a77ffb04
2026-03-22 15:58:25.601917+00:00,28,0.95,0.05,yes,KXFEDDECISION-26APR-H0,92c2c325-f853-462e-7581-cbdf40fad318
2026-03-22 16:33:46.984803+00:00,5,0.94,0.06,no,KXFEDDECISION-26APR-H0,04e460b2-eabf-7178-017b-21821ab751e0
2026-03-22 16:48:51.613161+00:00,781,0.94,0.06,no,KXFEDDECISION-26APR-H0,5c8718c1-453f-7e78-a2b9-5580c497a9e0
2026-03-22 17:09:12.568425+00:00,26,0.95,0.05,yes,KXFEDDECISION-26APR-H0,5d1bf118-0d57-7cbe-34a7-192394de2c24
2026-03-22 17:09:31.214654+00:00,26,0.94,0.06,no,KXFEDDECISION-26APR-H0,7ea7eda0-8af3-5244-3744-5f1707ca4ffc
2026-03-22 17:20:16.269979+00:00,2,0.94,0.06,no,KXFEDDECISION-26APR-H0,c7850237-6cab-78e0-3434-1c5110163d48
2026-03-22 17:26:02.308557+00:00,5,0.95,0.05,yes,KXFEDDECISION-26APR-H0,e913a475-a9cb-6662-57ef-1bbeff2a0844
2026-03-22 18:48:26.283970+00:00,104,0.95,0.05,yes,KXFEDDECISION-26APR-H0,c4761b2c-fd9f-6792-aeb1-e347fae0c488
2026-03-22 18:54:44.152132+00:00,100,0.94,0.06,no,KXFEDDECISION-26APR-H0,c19055d9-644f-7038-7e83-6cb82ea658e4
2026-03-22 20:10:33.333022+00:00,390,0.94,0.06,no,KXFEDDECISION-26APR-H0,4c0c8f9e-48b7-7438-cfe9-4b75176bbc20
2026-03-22 20:14:53.761515+00:00,12,0.95,0.05,yes,KXFEDDECISION-26APR-H0,682a85ef-15bf-6052-dff4-d36d243b2218
2026-03-22 20:18:43.929680+00:00,125,0.94,0.06,no,KXFEDDECISION-26APR-H0,e564601c-3bcf-726c-3726-69bab407d4d4
2026-03-22 20:31:37.152832+00:00,1,0.94,0.06,no,KXFEDDECISION-26APR-H0,2c3f0bb8-382f-612c-5aae-54ef7d6039c0
2026-03-22 20:34:09.025911+00:00,200,0.95,0.05,yes,KXFEDDECISION-26APR-H0,cb122e1a-47af-747a-b59d-e8a469cc0298
2026-03-22 20:52:56.568553+00:00,51,0.95,0.05,yes,KXFEDDECISION-26APR-H0,76e8bd9a-d3f3-4f1a-d573-3428eeda77d8
2026-03-22 21:25:57.403843+00:00,10,0.95,0.05,yes,KXFEDDECISION-26APR-H0,f1497ed7-e5f3-4b46-e813-85aca64034e4
2026-03-22 22:33:32.848053+00:00,37,0.94,0.06,no,KXFEDDECISION-26APR-H0,f98a14f4-855f-61d8-60f6-10bf21e2cac8
2026-03-22 22:47:05.115297+00:00,3,0.95,0.05,yes,KXFEDDECISION-26APR-H0,6e9b6a04-6d53-7d32-f7b7-d3eeef553558
2026-03-22 22:47:08.608176+00:00,265,0.94,0.06,no,KXFEDDECISION-26APR-H0,4ae46b1c-141f-7518-ec1f-c4fde035a278
2026-03-22 22:52:35.071355+00:00,6,0.94,0.06,no,KXFEDDECISION-26APR-H0,dc0ba8ae-e8cf-6c80-516c-24fc70e689e0
2026-03-22 23:02:08.624085+00:00,12,0.94,0.06,no,KXFEDDECISION-26APR-H0,9b2a3555-e24b-5684-b050-a75fcc6f28b4
2026-03-22 23:11:42.536619+00:00,51,0.94,0.06,no,KXFEDDECISION-26APR-H0,00d85e19-907f-6d98-fade-0e57e69d31e4
2026-03-22 23:48:24.042292+00:00,1,0.95,0.05,yes,KXFEDDECISION-26APR-H0,e745726d-7b7f-633e-871d-89865177a378
2026-03-22 23:52:18.386561+00:00,2,0.95,0.05,yes,KXFEDDECISION-26APR-H0,63bf3e0b-5b87-4742-6c77-cddc8c92d298
2026-03-23 00:09:54.015543+00:00,10,0.95,0.05,yes,KXFEDDECISION-26APR-H0,1c8923b3-ef8f-594e-b397-2316b7d55650
2026-03-23 00:13:50.643653+00:00,1,0.95,0.05,yes,KXFEDDECISION-26APR-H0,be0467d5-0c9f-481a-153d-3274f89e9284
2026-03-23 00:40:45.883951+00:00,10489,0.95,0.05,yes,KXFEDDECISION-26APR-H0,e89599df-c493-72e6-ea46-5e7c4e3c7ff4
2026-03-23 01:06:37.589732+00:00,10,0.95,0.05,yes,KXFEDDECISION-26APR-H0,361fe625-0ff7-47ea-6560-9e4ddd895ca8
2026-03-23 01:12:30.006946+00:00,5,0.95,0.05,yes,KXFEDDECISION-26APR-H0,7afe860d-88b3-5786-cddc-09c14fae2274
2026-03-23 01:13:32.399083+00:00,125,0.94,0.06,no,KXFEDDECISION-26APR-H0,2fc3e12a-fec3-4624-e371-69f90d08fe4c
2026-03-23 01:40:14.779112+00:00,1,0.94,0.06,no,KXFEDDECISION-26APR-H0,a886a83a-b0bf-56e4-dd03-02a9a3943a30
2026-03-23 01:46:38.186835+00:00,10,0.94,0.06,no,KXFEDDECISION-26APR-H0,27e1bf8c-d123-718c-28b6-b8af4be5fdbc
2026-03-23 01:49:19.130050+00:00,10,0.95,0.05,yes,KXFEDDECISION-26APR-H0,354b26b5-97ef-4c62-4301-f64f30d27cac
2026-03-23 01:56:25.990866+00:00,10,0.94,0.06,no,KXFEDDECISION-26APR-H0,78db440f-e5a7-5c34-fd10-c33ab4beccbc
2026-03-23 01:58:37.779431+00:00,30,0.95,0.05,yes,KXFEDDECISION-26APR-H0,0af23c10-b50f-4622-06bb-ba3dfb60ed20
2026-03-23 01:59:25.142790+00:00,30,0.94,0.06,no,KXFEDDECISION-26APR-H0,a320c8a4-8e6b-4ac4-9c04-a8bcdd589e34
2026-03-23 02:16:57.167263+00:00,26,0.95,0.05,yes,KXFEDDECISION-26APR-H0,e6c4feb6-4aa7-684e-0657-d0c880a2b4a0
2026-03-23 02:28:10.644522+00:00,15,0.94,0.06,no,KXFEDDECISION-26APR-H0,78447b32-520f-7ed0-7597-464355d75c10
2026-03-23 03:11:21.215708+00:00,1,0.95,0.05,yes,KXFEDDECISION-26APR-H0,cb170bd2-a3db-579e-cfc6-096fe5fe8884
2026-03-23 04:05:23.318362+00:00,5,0.95,0.05,yes,KXFEDDECISION-26APR-H0,0c024b87-3bdb-5e1e-0c9d-0671e24ced94
2026-03-23 04:08:53.538888+00:00,12,0.94,0.06,no,KXFEDDECISION-26APR-H0,49363c8f-7bcf-7f70-7780-982c44fe1868
2026-03-23 04:14:05.055333+00:00,1,0.94,0.06,no,KXFEDDECISION-26APR-H0,9e1c5f93-2b07-5908-d8ab-f7c36c57e138
2026-03-23 04:19:33.383062+00:00,10,0.95,0.05,yes,KXFEDDECISION-26APR-H0,e38bdab0-9deb-41d2-0cde-1a5e4abe6fd0
2026-03-23 04:20:32.979664+00:00,1,0.95,0.05,yes,KXFEDDECISION-26APR-H0,d6e90447-60af-58ae-8e34-72195bef8b28
2026-03-23 04:26:43.361904+00:00,2,0.94,0.06,no,KXFEDDECISION-26APR-H0,d66bb3f5-e66f-6f84-0597-c46efb4ae7cc
2026-03-23 04:26:43.931559+00:00,328,0.94,0.06,no,KXFEDDECISION-26APR-H0,d62790c4-09c7-4958-d68e-650bad0bd370
2026-03-23 04:42:47.417786+00:00,5,0.95,0.05,yes,KXFEDDECISION-26APR-H0,8369e7ef-2247-476e-7e03-ebc2d4010ce8
2026-03-23 05:02:31.540384+00:00,1,0.95,0.05,yes,KXFEDDECISION-26APR-H0,008d1067-de0b-4de2-c9a0-01f07d3407c0
2026-03-23 05:06:05.258860+00:00,137,0.94,0.06,no,KXFEDDECISION-26APR-H0,a0c06db3-b347-43a8-bd36-d4e08a4b9324
2026-03-23 05:08:25.282872+00:00,25,0.94,0.06,no,KXFEDDECISION-26APR-H0,ad6ca6cd-300b-55e0-f738-2422974d8550
2026-03-23 05:21:52.377271+00:00,10,0.95,0.05,yes,KXFEDDECISION-26APR-H0,10287bd1-231f-599e-a841-c4e171118834
2026-03-23 05:23:28.139524+00:00,60,0.94,0.06,no,KXFEDDECISION-26APR-H0,f4cdcd90-caaf-5dc0-b91f-1f9f9f10b308
2026-03-23 05:43:02.438869+00:00,60,0.95,0.05,yes,KXFEDDECISION-26APR-H0,920e123b-a153-7692-4f4d-e33c4345ef88
2026-03-23 05:49:58.951850+00:00,15,0.94,0.06,no,KXFEDDECISION-26APR-H0,56c72efb-85eb-6ab8-4ab4-1cf2601a879c
2026-03-23 06:14:09.198860+00:00,57,0.94,0.06,no,KXFEDDECISION-26APR-H0,16f36710-db0f-4c9c-e73f-dfa8c6b7d7d8
2026-03-23 07:56:26.468313+00:00,1250,0.94,0.06,no,KXFEDDECISION-26APR-H0,def11a7f-4d0f-7d5c-9856-9f6b92816428
2026-03-23 08:42:16.996358+00:00,2,0.95,0.05,yes,KXFEDDECISION-26APR-H0,c8f03bae-207b-7c86-d07d-c90af54dd414
2026-03-23 10:04:05.612442+00:00,9,0.94,0.06,no,KXFEDDECISION-26APR-H0,86e958dd-582b-7ae0-aa73-187ce9280b7c
2026-03-23 10:04:06.088740+00:00,31,0.94,0.06,no,KXFEDDECISION-26APR-H0,6b22dd05-87ab-42d0-d696-d6bdce0940f8
2026-03-23 10:04:06.548333+00:00,10,0.94,0.06,no,KXFEDDECISION-26APR-H0,037a3cd4-ee9f-4f58-d360-8ab8bfaafd1c
2026-03-23 10:04:06.813953+00:00,35,0.94,0.06,no,KXFEDDECISION-26APR-H0,ea395068-5b5f-4974-b65d-0c08085feea0
2026-03-23 10:04:07.283090+00:00,51,0.94,0.06,no,KXFEDDECISION-26APR-H0,eb4f3344-5d03-6b8c-5e42-4b39d7ed5a78
2026-03-23 10:37:29.155759+00:00,26,0.95,0.05,yes,KXFEDDECISION-26APR-H0,414094ae-4407-4b12-f17d-3e528997eaac
2026-03-23 11:22:51.813244+00:00,1,0.95,0.05,yes,KXFEDDECISION-26APR-H0,d2fdc0be-ce9b-79de-31c5-aa09716342a8
2026-03-23 11:24:05.547625+00:00,1,0.95,0.05,yes,KXFEDDECISION-26APR-H0,e8501088-58d3-5b96-376d-36e8e6fb78c8
2026-03-23 12:07:14.071355+00:00,11,0.94,0.06,no,KXFEDDECISION-26APR-H0,85008079-531b-7818-6f91-bcdef30ed0f8
2026-03-23 12:10:38.923256+00:00,1,0.94,0.06,no,KXFEDDECISION-26APR-H0,84e2df35-4d43-664c-aa7e-7c444a76cbf8
2026-03-23 12:56:17.286942+00:00,524,0.95,0.05,yes,KXFEDDECISION-26APR-H0,d5903de8-1987-65a6-df70-431e960ac0c8
2026-03-23 13:44:57.722471+00:00,1,0.95,0.05,yes,KXFEDDECISION-26APR-H0,65aaa00f-19f3-5aa6-6dae-7eb38312c950
2026-03-23 13:45:39.597641+00:00,100,0.95,0.05,yes,KXFEDDECISION-26APR-H0,f8a28626-af23-69ae-95af-543b9249d0e0
2026-03-23 13:49:33.222120+00:00,1,0.95,0.05,yes,KXFEDDECISION-26APR-H0,f066a2c3-cadf-6d0a-02d5-548085777dfc
2026-03-23 13:54:21.325991+00:00,26,0.94,0.06,no,KXFEDDECISION-26APR-H0,41afcafc-035b-65ac-d376-c81fe97ce3e0
2026-03-23 14:00:34.301817+00:00,68,0.95,0.05,yes,KXFEDDECISION-26APR-H0,5c4ed134-c69f-4ade-036a-335ec8eaba48
2026-03-23 14:02:22.345868+00:00,13,0.94,0.06,no,KXFEDDECISION-26APR-H0,ba394183-bb3f-5a30-bbc2-6b89484dcb8c
2026-03-23 14:18:54.090962+00:00,262,0.95,0.05,yes,KXFEDDECISION-26APR-H0,7cf53da3-a113-4536-3147-ece9d13f94cc
2026-03-23 14:25:52.282515+00:00,1,0.94,0.06,no,KXFEDDECISION-26APR-H0,6073c147-366f-67c0-5f93-e1f511255130
2026-03-23 14:53:35.719358+00:00,104,0.95,0.05,yes,KXFEDDECISION-26APR-H0,9aa25067-644f-49aa-913b-0ccf0d8fea14
2026-03-23 15:28:54.355172+00:00,104,0.95,0.05,yes,KXFEDDECISION-26APR-H0,1b509045-853f-47d6-d52e-fa6a0335e944
2026-03-23 15:59:32.699643+00:00,2,0.94,0.06,no,KXFEDDECISION-26APR-H0,3c2a0129-8cf7-4e04-5ddc-3432f61b2cc4
2026-03-23 16:08:26.918980+00:00,10,0.95,0.05,yes,KXFEDDECISION-26APR-H0,81cca3f0-dbff-700a-262f-5d091af2e874
2026-03-23 16:15:21.025642+00:00,5,0.95,0.05,yes,KXFEDDECISION-26APR-H0,7b5a45b6-069b-582a-f9c2-e85744d0b870
2026-03-23 16:25:28.021333+00:00,31,0.95,0.05,yes,KXFEDDECISION-26APR-H0,93cdb27f-3707-576e-80e6-e1e601ebdadc
2026-03-23 16:30:45.195991+00:00,2,0.95,0.05,yes,KXFEDDECISION-26APR-H0,e180b568-83a3-53f6-7c71-5ecb0bf34ab4
2026-03-23 17:01:03.249563+00:00,1,0.95,0.05,yes,KXFEDDECISION-26APR-H0,2699dbe7-a377-76ce-0ae0-ae1904e256b0
2026-03-23 17:09:25.480920+00:00,209,0.95,0.05,yes,KXFEDDECISION-26APR-H0,4d2bd0b7-32db-6d1a-fdb5-76516a900d84
2026-03-23 17:18:40.052133+00:00,1,0.94,0.06,no,KXFEDDECISION-26APR-H0,07d030f5-0123-7b28-dc61-7f0e3989582c
2026-03-23 17:18:57.480495+00:00,1,0.94,0.06,no,KXFEDDECISION-26APR-H0,c253daad-2e57-7e4c-df20-ddc6539d3f58
2026-03-23 17:19:05.444186+00:00,11,0.94,0.06,no,KXFEDDECISION-26APR-H0,00605179-28c7-6c84-0d4f-ddd890a8acd4
2026-03-23 17:20:06.169351+00:00,14,0.94,0.06,no,KXFEDDECISION-26APR-H0,5cff99ed-1d7a-60b0-2c50-4e2a65a601af
2026-03-23 17:20:06.169351+00:00,86,0.94,0.06,no,KXFEDDECISION-26APR-H0,d73640b4-00bf-61b4-2c04-1a276f6d5680
2026-03-23 17:30:26.712269+00:00,1,0.95,0.05,yes,KXFEDDECISION-26APR-H0,df4a5066-84bb-6ac2-a780-61a5b18d583c
2026-03-23 17:33:22.191764+00:00,14,0.94,0.06,no,KXFEDDECISION-26APR-H0,c6ff2b17-9976-5a6c-0934-f137e9ddd42f
2026-03-23 17:43:39.600987+00:00,20,0.95,0.05,yes,KXFEDDECISION-26APR-H0,ab98e063-e2af-4b66-7d1e-51aa6876da80
2026-03-23 17:59:29.873946+00:00,15,0.94,0.06,no,KXFEDDECISION-26APR-H0,7f2d90be-653e-7448-e516-64a07a39e367
2026-03-23 18:02:55.948556+00:00,150,0.94,0.06,no,KXFEDDECISION-26APR-H0,d5a38eb5-5dae-4430-70a7-dc8262afa527
2026-03-23 18:09:48.737643+00:00,1,0.95,0.05,yes,KXFEDDECISION-26APR-H0,46f15342-caeb-5e16-07ed-6f8b977b3448
2026-03-23 18:12:24.679445+00:00,3,0.94,0.06,no,KXFEDDECISION-26APR-H0,1564e12b-5e46-7d28-42ec-7503495cbf57
2026-03-23 18:14:18.279170+00:00,100,0.94,0.06,no,KXFEDDECISION-26APR-H0,7d13d4e5-4ba6-6ad0-12ff-362914eae2d7
2026-03-23 18:30:08.510454+00:00,1,0.94,0.06,no,KXFEDDECISION-26APR-H0,d4fcec34-0bb2-5b98-91c1-6a34fd369f63
2026-03-23 18:59:37.853331+00:00,1,0.94,0.06,no,KXFEDDECISION-26APR-H0,cfe8e8d7-a48a-6844-5796-00ebe67081d7
2026-03-23 19:30:43.141104+00:00,10,0.94,0.06,no,KXFEDDECISION-26APR-H0,1d508de8-dc22-6350-c244-924e7568261b
2026-03-23 19:43:10.594817+00:00,10,0.95,0.05,yes,KXFEDDECISION-26APR-H0,5845abe3-49d7-7092-6f0a-34e85ffe7868
2026-03-23 19:47:49.561711+00:00,125,0.94,0.06,no,KXFEDDECISION-26APR-H0,cbb96dee-0a66-52d0-0a2e-dbdff88e919f
2026-03-23 19:58:06.333970+00:00,15,0.94,0.06,no,KXFEDDECISION-26APR-H0,5ae62d3c-5be6-5b98-a606-78dc363c13bb
2026-03-23 20:20:28.187684+00:00,113,0.94,0.06,no,KXFEDDECISION-26APR-H0,58802f69-249a-4824-1c7e-4e257fd2be83
2026-03-23 20:29:06.519803+00:00,44,0.94,0.06,no,KXFEDDECISION-26APR-H0,f00aa857-d6d6-6ae0-efee-7899ffb83cef
2026-03-23 21:04:39.364812+00:00,62,0.94,0.06,no,KXFEDDECISION-26APR-H0,6d8f41a6-808e-7244-70f6-3ee3a3a2304b
2026-03-23 21:08:02.747414+00:00,2,0.94,0.06,no,KXFEDDECISION-26APR-H0,512fdc22-67fe-5da4-d6b8-f9cbd04295a7
2026-03-23 21:10:49.024349+00:00,20,0.95,0.05,yes,KXFEDDECISION-26APR-H0,d53fa372-1a2f-56c2-e7d2-cc0d1dc63d94
2026-03-23 21:12:24.830684+00:00,15,0.95,0.05,yes,KXFEDDECISION-26APR-H0,2daccf50-ac53-7de2-9e9e-8182710916a8
2026-03-23 21:13:15.784383+00:00,2,0.95,0.05,yes,KXFEDDECISION-26APR-H0,210eefa7-275f-5b1a-21cb-c0ef93c72eac
2026-03-23 21:30:12.831970+00:00,2,0.95,0.05,yes,KXFEDDECISION-26APR-H0,ca8f731d-9e43-50e6-7c7f-64c779283f38
2026-03-23 21:55:45.766220+00:00,10,0.94,0.06,no,KXFEDDECISION-26APR-H0,3d1e6f81-06e6-5318-9603-d765c91ad933
2026-03-23 22:06:54.146901+00:00,312,0.94,0.06,no,KXFEDDECISION-26APR-H0,91a4b511-ec4a-6128-36e4-a86826d74bf7
2026-03-23 22:22:05.972819+00:00,6,0.94,0.06,no,KXFEDDECISION-26APR-H0,d7d8cdf5-513e-6782-d2c5-92fb434065ea
2026-03-23 22:22:05.972819+00:00,9,0.94,0.06,no,KXFEDDECISION-26APR-H0,12fcf611-0d92-6ecc-e48a-98f18a045517
2026-03-23 22:26:45.096591+00:00,59,0.94,0.06,no,KXFEDDECISION-26APR-H0,2998f1ce-f69a-4cf6-ac8a-48135d4371ee
2026-03-23 22:39:22.714226+00:00,10,0.95,0.05,yes,KXFEDDECISION-26APR-H0,c109897b-203b-7f0a-4540-8ad7d90e96e0
2026-03-23 22:40:34.554439+00:00,20,0.94,0.06,no,KXFEDDECISION-26APR-H0,dc594040-21de-44a2-4fd1-65918575ad2a
2026-03-23 23:09:44.451851+00:00,5,0.95,0.05,yes,KXFEDDECISION-26APR-H0,eb83ec1f-e017-4b06-3d8b-f2e9d6b726bc
2026-03-23 23:42:26.828827+00:00,1,0.94,0.06,no,KXFEDDECISION-26APR-H0,7b891e25-bfda-5b6a-cba5-d92411b7aebe
2026-03-23 23:50:11.580637+00:00,100,0.94,0.06,no,KXFEDDECISION-26APR-H0,fcab6be0-23e2-52c2-dccb-5aa9ca47d41e
2026-03-24 00:02:26.478789+00:00,186,0.95,0.05,yes,KXFEDDECISION-26APR-H0,dec26b18-f10f-422a-0d1d-dfa391350dcc
2026-03-24 00:28:27.352784+00:00,1,0.95,0.05,yes,KXFEDDECISION-26APR-H0,6e71bce2-30bb-7b42-9724-50923e0b275c
2026-03-24 00:30:02.967282+00:00,12,0.94,0.06,no,KXFEDDECISION-26APR-H0,ccfdeff5-b29e-6b92-3f80-ab1d168d5452
2026-03-24 00:43:40.598104+00:00,1,0.94,0.06,no,KXFEDDECISION-26APR-H0,d85990ae-3df2-64a2-f6eb-612df3a17c82
2026-03-24 01:21:52.507711+00:00,524,0.95,0.05,yes,KXFEDDECISION-26APR-H0,2f3796fd-2cab-66ee-078e-eebe661ef978
2026-03-24 02:21:41.479228+00:00,328,0.95,0.05,yes,KXFEDDECISION-26APR-H0,e6550821-3c2b-51d2-3322-3ba98e7b4104
2026-03-24 02:38:52.425855+00:00,1,0.94,0.06,no,KXFEDDECISION-26APR-H0,b9331757-a6cb-4047-6c4b-391c7bcc2ade
2026-03-24 02:38:52.425855+00:00,1,0.94,0.06,no,KXFEDDECISION-26APR-H0,7fa44355-b41a-4d26-56c4-db855496452e
2026-03-24 02:58:11.856483+00:00,20,0.95,0.05,yes,KXFEDDECISION-26APR-H0,805add47-cce7-68ea-4c8c-ed6fd7950e40
2026-03-24 03:25:40.357618+00:00,6,0.95,0.05,yes,KXFEDDECISION-26APR-H0,ce43e638-7183-666a-a61c-3b83bd6f7fa4
2026-03-24 03:31:32.735274+00:00,3,0.95,0.05,yes,KXFEDDECISION-26APR-H0,822d47ef-da1b-72ea-e25e-74c23bbac6ac
2026-03-24 03:55:50.583240+00:00,10,0.95,0.05,yes,KXFEDDECISION-26APR-H0,33242164-5833-5ea2-cde1-4b588ac1ee3c
2026-03-24 04:11:51.452608+00:00,25,0.94,0.06,no,KXFEDDECISION-26APR-H0,c6ca4f48-86b3-7b87-43c5-eb31e325f066
2026-03-24 04:20:02.175131+00:00,6,0.94,0.06,no,KXFEDDECISION-26APR-H0,39e8f23b-d69b-4f23-a639-49a71fa6d456
2026-03-24 04:25:01.531598+00:00,6,0.94,0.06,no,KXFEDDECISION-26APR-H0,8e42d2e6-7817-7977-03c3-81f495dbdb6e
2026-03-24 04:27:27.497105+00:00,5,0.94,0.06,no,KXFEDDECISION-26APR-H0,4909a12b-2eff-6683-27ec-34ee4f366b6a
2026-03-24 04:30:01.814502+00:00,6,0.94,0.06,no,KXFEDDECISION-26APR-H0,2fc5ef36-1e13-7d1f-bca4-ac5fcfec979a
2026-03-24 04:35:02.158742+00:00,6,0.94,0.06,no,KXFEDDECISION-26APR-H0,b654aa7f-d02b-7b2b-430b-fa6821cfc402
2026-03-24 04:40:02.118083+00:00,6,0.94,0.06,no,KXFEDDECISION-26APR-H0,f8476d12-38a7-569b-b7d8-bfe69227fb8a
2026-03-24 04:45:01.720440+00:00,6,0.94,0.06,no,KXFEDDECISION-26APR-H0,3f315b68-3d17-7307-3405-30cee4a0ee1e
2026-03-24 04:50:02.274757+00:00,6,0.94,0.06,no,KXFEDDECISION-26APR-H0,893fda55-f05b-763b-902f-2371cfa3d046
2026-03-24 04:55:02.312888+00:00,6,0.94,0.06,no,KXFEDDECISION-26APR-H0,46600b60-6f07-5ebf-5929-c4373d121282
2026-03-24 04:55:31.489871+00:00,1,0.94,0.06,no,KXFEDDECISION-26APR-H0,a893d3a3-a85b-72df-a6e9-27ce80b83c22
2026-03-24 05:00:02.111382+00:00,6,0.94,0.06,no,KXFEDDECISION-26APR-H0,2292a6e4-7143-5817-1a5b-8f005a2bee7e
2026-03-24 05:05:01.694617+00:00,6,0.94,0.06,no,KXFEDDECISION-26APR-H0,8d916180-0cb7-7c5b-f4ec-a4172d2bdc36
2026-03-24 05:10:02.448081+00:00,6,0.94,0.06,no,KXFEDDECISION-26APR-H0,7473fc48-e9a3-473b-912f-3179c51bcb26
2026-03-24 05:12:55.946702+00:00,33,0.94,0.06,no,KXFEDDECISION-26APR-H0,914a3562-ab4f-78ff-fc32-f55e01b50e0a
2026-03-24 05:15:01.804818+00:00,6,0.94,0.06,no,KXFEDDECISION-26APR-H0,a7ad88e9-844b-7fb7-e647-5a53e71a85c2
2026-03-24 05:20:03.448431+00:00,6,0.94,0.06,no,KXFEDDECISION-26APR-H0,6430530f-dcd7-69c3-c83a-b6d2f270ea9e
2026-03-24 05:25:02.604518+00:00,6,0.94,0.06,no,KXFEDDECISION-26APR-H0,ec6ef7fd-1d5f-4c5b-6e47-b9990ef563ba
2026-03-24 05:30:02.034330+00:00,6,0.94,0.06,no,KXFEDDECISION-26APR-H0,08d05db6-be53-541b-1697-516ce6a7ed52
2026-03-24 05:35:06.963777+00:00,6,0.94,0.06,no,KXFEDDECISION-26APR-H0,2471d65e-5067-4fc3-f631-0b3b60d7f92e
2026-03-24 05:40:01.969626+00:00,6,0.94,0.06,no,KXFEDDECISION-26APR-H0,fceccc29-97f3-6467-a978-36b057cd454a
2026-03-24 05:45:02.124026+00:00,6,0.94,0.06,no,KXFEDDECISION-26APR-H0,475bcb04-1cff-407b-f6ba-cd12d08a4d2a
2026-03-24 05:49:25.746946+00:00,33,0.94,0.06,no,KXFEDDECISION-26APR-H0,557eb246-f073-7517-995a-bddb57c8e182
2026-03-24 05:50:02.374771+00:00,6,0.94,0.06,no,KXFEDDECISION-26APR-H0,00e00818-9887-536f-d33e-93f09d1d4c2e
2026-03-24 05:55:02.272658+00:00,6,0.94,0.06,no,KXFEDDECISION-26APR-H0,6187dbf8-8f5b-7297-cd9d-62d106046382
2026-03-24 05:55:37.152297+00:00,2,0.94,0.06,no,KXFEDDECISION-26APR-H0,5aeadbdc-0c17-6687-933c-72a8313821f2
2026-03-24 06:00:02.239983+00:00,6,0.94,0.06,no,KXFEDDECISION-26APR-H0,6b0627b3-b8b7-667b-8aa4-30bbd2d17c7e
2026-03-24 06:05:01.615747+00:00,6,0.94,0.06,no,KXFEDDECISION-26APR-H0,e2f3af07-23d7-6683-bf38-037de373785a
2026-03-24 06:10:02.388923+00:00,6,0.94,0.06,no,KXFEDDECISION-26APR-H0,01042b8c-d83b-728b-1724-3af75e3ea0fa
2026-03-24 06:15:02.444242+00:00,6,0.94,0.06,no,KXFEDDECISION-26APR-H0,63dff4c6-cebf-6723-8ca6-96a31838e846
2026-03-24 06:20:02.743304+00:00,6,0.94,0.06,no,KXFEDDECISION-26APR-H0,50025932-7c4f-576b-1c0c-4f3868d37772
2026-03-24 06:25:01.866959+00:00,6,0.94,0.06,no,KXFEDDECISION-26APR-H0,7b316c10-ca47-4e03-cdfd-ecd5f2eae4de
2026-03-24 06:30:02.224006+00:00,6,0.94,0.06,no,KXFEDDECISION-26APR-H0,bf135687-1be3-7e4f-9030-1acb664e0a86
2026-03-24 06:34:24.468791+00:00,5,0.95,0.05,yes,KXFEDDECISION-26APR-H0,46c8040f-45c7-7dce-659d-11b662962220
2026-03-24 06:35:01.924874+00:00,6,0.94,0.06,no,KXFEDDECISION-26APR-H0,8895d45b-f6a7-743b-2790-3c0f7b6cb526
2026-03-24 06:35:39.205728+00:00,217,0.94,0.06,no,KXFEDDECISION-26APR-H0,20bfca8e-b037-570b-0609-ff3c26d56fe2
2026-03-24 06:35:39.205728+00:00,120,0.94,0.06,no,KXFEDDECISION-26APR-H0,a92213a0-1368-573e-1063-bdff5d9766f2
2026-03-24 06:40:01.702717+00:00,6,0.94,0.06,no,KXFEDDECISION-26APR-H0,8095b4fc-8a24-5de6-00db-491cffc0ac5a
2026-03-24 06:45:01.712389+00:00,6,0.94,0.06,no,KXFEDDECISION-26APR-H0,0a43fa32-d18c-580e-0dde-5c57337c050e
2026-03-24 06:50:02.370843+00:00,6,0.94,0.06,no,KXFEDDECISION-26APR-H0,7094c529-4254-58ee-a098-70ca5f64a766
2026-03-24 06:55:01.701465+00:00,6,0.94,0.06,no,KXFEDDECISION-26APR-H0,1d2f7a35-4098-6c02-860d-5e6caf39919e
2026-03-24 06:59:55.353068+00:00,1,0.95,0.05,yes,KXFEDDECISION-26APR-H0,3ab780f6-e627-5006-5614-55af9c94459c
2026-03-24 07:00:02.394396+00:00,6,0.94,0.06,no,KXFEDDECISION-26APR-H0,f124c9aa-09f0-7482-6651-a2493ced7efe
2026-03-24 07:05:02.382906+00:00,6,0.94,0.06,no,KXFEDDECISION-26APR-H0,45fe29f3-81c8-5b82-381f-cf5696cf183e
2026-03-24 07:10:02.088773+00:00,6,0.94,0.06,no,KXFEDDECISION-26APR-H0,c393866a-523c-6d5a-3ea5-57ddcfc98ffa
2026-03-24 07:15:02.289855+00:00,6,0.94,0.06,no,KXFEDDECISION-26APR-H0,f7463cd8-82d8-7332-b1db-cfd44e233bea
2026-03-24 07:20:02.234524+00:00,6,0.94,0.06,no,KXFEDDECISION-26APR-H0,149547f3-6520-61f6-e557-c0e157dc893a
2026-03-24 07:25:02.012630+00:00,6,0.94,0.06,no,KXFEDDECISION-26APR-H0,1628982f-9220-4c06-94f1-04b54a9dd99e
2026-03-24 07:30:01.550594+00:00,6,0.94,0.06,no,KXFEDDECISION-26APR-H0,1dcc2c7b-1584-45ba-e365-eb055285e42e
2026-03-24 07:35:02.135132+00:00,6,0.94,0.06,no,KXFEDDECISION-26APR-H0,8bb2159f-3cc0-7ed6-4a30-d77a2d7e4202
2026-03-24 07:40:01.661046+00:00,6,0.94,0.06,no,KXFEDDECISION-26APR-H0,579339bd-2be0-6dca-c33a-77f3fc36f3ea
2026-03-24 07:45:02.281852+00:00,6,0.94,0.06,no,KXFEDDECISION-26APR-H0,134167e4-4420-6832-70c6-eaf0aa30955a
2026-03-24 07:50:02.054949+00:00,6,0.94,0.06,no,KXFEDDECISION-26APR-H0,45058a34-6c80-7842-1321-25c4e98eca92
2026-03-24 07:53:48.287823+00:00,200,0.94,0.06,no,KXFEDDECISION-26APR-H0,9718038d-d907-45da-5cd1-ee8c6a4b2368
2026-03-24 07:53:48.287823+00:00,285,0.94,0.06,no,KXFEDDECISION-26APR-H0,a2667029-d634-45aa-6f8a-f529ef2f1e4e
2026-03-24 07:54:42.311978+00:00,373,0.94,0.06,no,KXFEDDECISION-26APR-H0,9efef838-0ac3-7fc6-62ed-a263b8b6e510
2026-03-24 07:54:42.311978+00:00,122,0.94,0.06,no,KXFEDDECISION-26APR-H0,da9811fb-91fc-7f90-4491-b1c26dacef97
2026-03-24 07:55:02.383726+00:00,6,0.94,0.06,no,KXFEDDECISION-26APR-H0,274a4c76-3714-4c4c-d6d1-a6b77affbd5b
2026-03-24 07:55:14.571728+00:00,169,0.94,0.06,no,KXFEDDECISION-26APR-H0,1ddc8963-2bc2-4868-cf29-fc6ceff3b8ae
2026-03-24 07:55:14.571728+00:00,404,0.94,0.06,no,KXFEDDECISION-26APR-H0,83e27e50-e008-4180-dffa-b35b05048237
2026-03-24 07:55:42.036402+00:00,364,0.94,0.06,no,KXFEDDECISION-26APR-H0,d33f6e7a-7b62-62bc-573e-162b4cf80c42
2026-03-24 07:55:42.036402+00:00,168,0.94,0.06,no,KXFEDDECISION-26APR-H0,25b5b022-6042-6b55-728c-664e59832b38
2026-03-24 07:56:16.881359+00:00,319,0.94,0.06,no,KXFEDDECISION-26APR-H0,ecc86581-3f72-4fe1-b2ec-78688abf8bf8
2026-03-24 07:56:16.881359+00:00,214,0.94,0.06,no,KXFEDDECISION-26APR-H0,44a05178-8807-41d0-8252-1089e4abbecb
2026-03-24 07:56:37.954599+00:00,298,0.94,0.06,no,KXFEDDECISION-26APR-H0,b340c650-6613-452c-ea32-22e69cccf6f3
2026-03-24 07:56:37.954599+00:00,189,0.94,0.06,no,KXFEDDECISION-26APR-H0,6c8987a5-02c4-4d84-cb04-d3c4f4de9a92
2026-03-24 07:56:59.832241+00:00,310,0.94,0.06,no,KXFEDDECISION-26APR-H0,3e9b367d-01ec-7ddc-480f-aa429c786a02
2026-03-24 07:56:59.832241+00:00,202,0.94,0.06,no,KXFEDDECISION-26APR-H0,02fff963-29ec-7226-4388-4e25f2943851
2026-03-24 07:57:24.363769+00:00,315,0.94,0.06,no,KXFEDDECISION-26APR-H0,176c0fe3-3e14-5706-2407-e4de6bc422cd
2026-03-24 07:57:24.363769+00:00,184,0.94,0.06,no,KXFEDDECISION-26APR-H0,61e23121-01ea-5326-02a3-93260aa6c28b
2026-03-24 07:57:44.216015+00:00,335,0.94,0.06,no,KXFEDDECISION-26APR-H0,60cb04c0-0eca-7712-da4c-b56e558a3f87
2026-03-24 07:57:44.216015+00:00,182,0.94,0.06,no,KXFEDDECISION-26APR-H0,c3968424-dc86-7b1c-f98a-8093951259df
2026-03-24 07:58:56.691288+00:00,205,0.94,0.06,no,KXFEDDECISION-26APR-H0,6ce22e91-d308-5869-3552-647a88eee9e5
2026-03-24 07:58:56.691288+00:00,314,0.94,0.06,no,KXFEDDECISION-26APR-H0,9298a345-301e-5da0-0dc5-07892da44db7
2026-03-24 07:59:17.383864+00:00,320,0.94,0.06,no,KXFEDDECISION-26APR-H0,68dd031d-6364-7e7d-fc9b-61b116379201
2026-03-24 07:59:17.383864+00:00,176,0.94,0.06,no,KXFEDDECISION-26APR-H0,817202c8-9f99-705a-f377-7dbc2d0bc11a
2026-03-24 07:59:44.664058+00:00,214,0.94,0.06,no,KXFEDDECISION-26APR-H0,2017f588-6b7f-501a-4456-b641525e7593
2026-03-24 07:59:44.664058+00:00,311,0.94,0.06,no,KXFEDDECISION-26APR-H0,7f3345fa-f995-5ff6-6af6-d64b6b1bdee2
2026-03-24 08:00:02.572558+00:00,6,0.94,0.06,no,KXFEDDECISION-26APR-H0,9d124cac-1297-7886-33d4-98446e48e737
2026-03-24 08:00:10.426904+00:00,197,0.94,0.06,no,KXFEDDECISION-26APR-H0,8837e7bd-9955-57e9-540e-54dcbf306305
2026-03-24 08:00:10.426904+00:00,290,0.94,0.06,no,KXFEDDECISION-26APR-H0,4ae39d28-28ff-5f16-7c45-aab3afe84c6f
2026-03-24 08:00:30.933838+00:00,345,0.94,0.06,no,KXFEDDECISION-26APR-H0,d9c338e3-56b9-5869-d10d-5dc48f9cafbd
2026-03-24 08:00:30.933838+00:00,165,0.94,0.06,no,KXFEDDECISION-26APR-H0,a5919f34-e5a4-57eb-f0d4-b2673e9694d9
2026-03-24 08:00:47.638834+00:00,368,0.94,0.06,no,KXFEDDECISION-26APR-H0,1f83afbb-5100-4f6f-439a-bd20811b0e79
2026-03-24 08:00:47.638834+00:00,174,0.94,0.06,no,KXFEDDECISION-26APR-H0,31b14927-0bde-4dd2-4f16-d72d068fe5a3
2026-03-24 08:01:08.152111+00:00,190,0.94,0.06,no,KXFEDDECISION-26APR-H0,15a4e527-6787-6a9d-f755-f6ffda9e59b5
2026-03-24 08:01:08.152111+00:00,343,0.94,0.06,no,KXFEDDECISION-26APR-H0,a127a8b8-1362-6d96-fe19-93ed9f7aac73
2026-03-24 08:01:25.869163+00:00,308,0.94,0.06,no,KXFEDDECISION-26APR-H0,72087274-712b-4835-38bf-1c13e531f399
2026-03-24 08:01:25.869163+00:00,209,0.94,0.06,no,KXFEDDECISION-26APR-H0,95919365-57e7-4cc5-2fd6-c3769c53790b
2026-03-24 08:01:46.475196+00:00,296,0.94,0.06,no,KXFEDDECISION-26APR-H0,3f1ac56e-1e5f-5a3d-2af9-6ca1712a627f
2026-03-24 08:01:46.475196+00:00,202,0.94,0.06,no,KXFEDDECISION-26APR-H0,e0514e30-5b26-5d22-24ff-3163b62f5140
2026-03-24 08:02:02.971765+00:00,31,0.94,0.06,no,KXFEDDECISION-26APR-H0,c1a498be-d93f-431e-0520-d6b6e95cf459
2026-03-24 08:02:02.971765+00:00,187,0.94,0.06,no,KXFEDDECISION-26APR-H0,3993c97f-fe17-4be8-1560-9b75d86ea2b6
2026-03-24 08:02:02.971765+00:00,287,0.94,0.06,no,KXFEDDECISION-26APR-H0,b9c99fdc-c4a2-42aa-1d22-93153e1f0a70
2026-03-24 08:02:21.337412+00:00,489,0.94,0.06,no,KXFEDDECISION-26APR-H0,10100ee6-0c0f-69b4-b3c0-8f01250a723a
2026-03-24 08:05:01.614863+00:00,6,0.94,0.06,no,KXFEDDECISION-26APR-H0,22952724-f553-4e58-1328-f6444779a7b6
2026-03-24 08:08:30.881760+00:00,1573,0.95,0.05,yes,KXFEDDECISION-26APR-H0,507bdccc-cc73-592a-0e69-01b8ca3bd9f8
2026-03-24 08:10:01.881538+00:00,6,0.94,0.06,no,KXFEDDECISION-26APR-H0,787dc2fc-3c5b-4dbc-ab73-a91227b3ae7e
2026-03-24 08:15:02.203118+00:00,6,0.94,0.06,no,KXFEDDECISION-26APR-H0,e7d255fb-0e3f-5b4c-c7de-8254dc1abaca
2026-03-24 08:20:01.702718+00:00,6,0.94,0.06,no,KXFEDDECISION-26APR-H0,19bdb112-6027-4e84-19d0-c463949d4e56
2026-03-24 08:25:02.004789+00:00,6,0.94,0.06,no,KXFEDDECISION-26APR-H0,96b38a08-c0ff-74b8-373d-4f4551df400e
2026-03-24 08:30:01.847745+00:00,6,0.94,0.06,no,KXFEDDECISION-26APR-H0,f5e410f8-d8bf-460c-3622-3dbcd3f98a7e
2026-03-24 08:35:02.232457+00:00,6,0.94,0.06,no,KXFEDDECISION-26APR-H0,33b4d99b-9393-7318-a76a-d51a5e246712
2026-03-24 08:40:02.036008+00:00,6,0.94,0.06,no,KXFEDDECISION-26APR-H0,e8ae616d-4b97-4f44-44b2-57e57f849026
2026-03-24 08:45:02.449875+00:00,6,0.94,0.06,no,KXFEDDECISION-26APR-H0,420e1594-77d7-481c-9cd3-25f403573d2a
2026-03-24 08:50:02.262931+00:00,6,0.94,0.06,no,KXFEDDECISION-26APR-H0,ab08321e-de7b-6788-df6e-2cc26618f20a
2026-03-24 08:55:02.272554+00:00,6,0.94,0.06,no,KXFEDDECISION-26APR-H0,1f3f50a9-7d97-4898-2490-6a18139b1d9e
2026-03-24 09:00:02.119817+00:00,6,0.94,0.06,no,KXFEDDECISION-26APR-H0,7da03a6e-fa2b-6754-aa5c-589e231e405e
2026-03-24 09:05:01.820596+00:00,6,0.94,0.06,no,KXFEDDECISION-26APR-H0,029c8829-7ddb-439c-4b4f-686d59f67816
2026-03-24 09:10:02.327082+00:00,6,0.94,0.06,no,KXFEDDECISION-26APR-H0,03afa45f-6663-796c-250c-a3387ee925be
2026-03-24 09:15:01.781755+00:00,6,0.94,0.06,no,KXFEDDECISION-26APR-H0,32873163-d1a3-6348-7d01-6d7916886406
2026-03-24 09:20:01.716989+00:00,6,0.94,0.06,no,KXFEDDECISION-26APR-H0,0ab7723d-4e5b-43f4-bb1b-a6f90d297646
2026-03-24 09:25:01.696488+00:00,6,0.94,0.06,no,KXFEDDECISION-26APR-H0,ad13e8e0-e623-63e0-5b78-b070804f087a
2026-03-24 09:30:02.514551+00:00,6,0.94,0.06,no,KXFEDDECISION-26APR-H0,ac93ab0a-da33-5330-90a7-f82ac7c9c106
2026-03-24 09:35:02.403717+00:00,6,0.94,0.06,no,KXFEDDECISION-26APR-H0,96700eb4-af2f-5a10-54d8-196f575f06da
2026-03-24 09:40:02.363477+00:00,6,0.94,0.06,no,KXFEDDECISION-26APR-H0,ef1e8527-a003-7c34-d8e2-b2493a1010b6
2026-03-24 09:45:02.072405+00:00,6,0.94,0.06,no,KXFEDDECISION-26APR-H0,b9dfb0a4-9f4b-7858-52ef-e856235970ca
2026-03-24 09:50:01.739404+00:00,6,0.94,0.06,no,KXFEDDECISION-26APR-H0,80d53cde-d997-6018-7665-0b0db4abe99e
2026-03-24 09:55:02.151501+00:00,6,0.94,0.06,no,KXFEDDECISION-26APR-H0,af30d9af-6313-7fc8-674a-8ac6b60e0f96
2026-03-24 09:55:47.946985+00:00,154,0.95,0.05,yes,KXFEDDECISION-26APR-H0,a26bc209-d23f-4c26-8e81-bbdcff37f12c
2026-03-24 10:00:01.799553+00:00,6,0.94,0.06,no,KXFEDDECISION-26APR-H0,38b64fe3-ae1f-7ebc-5352-cfdeb69f2202
2026-03-24 10:05:02.277325+00:00,6,0.94,0.06,no,KXFEDDECISION-26APR-H0,5e2eed04-b4ef-40b0-bc6a-1037fe42d056
2026-03-24 10:10:02.495843+00:00,6,0.94,0.06,no,KXFEDDECISION-26APR-H0,0e5cfc10-9c5f-69b8-553c-61d689686676
2026-03-24 10:15:02.446336+00:00,6,0.94,0.06,no,KXFEDDECISION-26APR-H0,98eec761-8177-6df4-a288-fb17d6294afa
2026-03-24 10:20:02.279988+00:00,6,0.94,0.06,no,KXFEDDECISION-26APR-H0,abd193d9-1547-5b70-2a01-15f3dd7bd086
2026-03-24 10:25:01.696423+00:00,6,0.94,0.06,no,KXFEDDECISION-26APR-H0,45f7b080-1b07-7f08-5909-226d757a4b3e
2026-03-24 10:30:02.268132+00:00,6,0.94,0.06,no,KXFEDDECISION-26APR-H0,083b8d13-757b-4f5c-2187-5bc0a63fd90e
2026-03-24 10:35:01.675796+00:00,6,0.94,0.06,no,KXFEDDECISION-26APR-H0,cd8641d5-d18f-6010-5ee3-2c96322ee25e
2026-03-24 10:40:02.563900+00:00,6,0.94,0.06,no,KXFEDDECISION-26APR-H0,26b86d23-d36b-5f34-4457-eb6ef9d077d6
2026-03-24 10:45:01.885266+00:00,6,0.94,0.06,no,KXFEDDECISION-26APR-H0,583ffbc9-efaf-733c-4452-1226178bd942
2026-03-24 10:50:01.872707+00:00,6,0.94,0.06,no,KXFEDDECISION-26APR-H0,7d3d5284-0d53-5288-5999-cc96b2e0cef6
2026-03-24 10:55:02.048197+00:00,6,0.94,0.06,no,KXFEDDECISION-26APR-H0,ef110a79-4efb-660c-f569-20b940b6ae8a
2026-03-24 11:00:01.997942+00:00,6,0.94,0.06,no,KXFEDDECISION-26APR-H0,b83ed6be-1fd3-6624-24f9-0578e4cd1906
2026-03-24 11:05:01.535477+00:00,6,0.94,0.06,no,KXFEDDECISION-26APR-H0,ac43add4-2fb3-4238-6a63-d79818e4cf52
2026-03-24 11:10:02.373854+00:00,6,0.94,0.06,no,KXFEDDECISION-26APR-H0,6b8cc495-186f-57ac-4042-bbba2f28b8b6
2026-03-24 11:15:02.348523+00:00,6,0.94,0.06,no,KXFEDDECISION-26APR-H0,0059e1c3-402b-40b8-c1de-7b31cf1ae60a
2026-03-24 11:20:02.710942+00:00,6,0.94,0.06,no,KXFEDDECISION-26APR-H0,70ccdc30-3a77-6e24-d264-ba6ecb399126
2026-03-24 11:25:02.392660+00:00,6,0.94,0.06,no,KXFEDDECISION-26APR-H0,923cb69d-8157-52d4-af22-bfc36f94b58a
2026-03-24 11:30:02.761656+00:00,6,0.94,0.06,no,KXFEDDECISION-26APR-H0,148e90bc-a6c3-5e88-c1b6-3e0aed9d06d6
2026-03-24 11:31:45.727845+00:00,3,0.94,0.06,no,KXFEDDECISION-26APR-H0,a3d287af-1393-4f44-c521-9daacf90ab16
2026-03-24 11:33:59.936551+00:00,125,0.94,0.06,no,KXFEDDECISION-26APR-H0,c11e0f67-db13-58b0-51e8-bf0aaa14c14a
2026-03-24 11:35:02.142062+00:00,6,0.94,0.06,no,KXFEDDECISION-26APR-H0,5f0b60cf-00d7-53a4-bc28-eef56cafab0e
2026-03-24 11:40:02.029985+00:00,6,0.94,0.06,no,KXFEDDECISION-26APR-H0,4b5e46eb-3373-6094-5a2f-77d66b670a2a
2026-03-24 11:44:16.684822+00:00,3,0.95,0.05,yes,KXFEDDECISION-26APR-H0,77924f25-926b-4d72-3a80-3f060b0f6030
2026-03-24 11:45:02.315001+00:00,6,0.94,0.06,no,KXFEDDECISION-26APR-H0,94bea923-484b-5c08-1012-6949de042406
2026-03-24 11:50:02.247557+00:00,6,0.94,0.06,no,KXFEDDECISION-26APR-H0,e537a772-0537-490c-fb4e-e79a0d53708e
2026-03-24 11:55:02.559979+00:00,6,0.94,0.06,no,KXFEDDECISION-26APR-H0,047fab31-11f3-5360-655e-405ee60584c2
2026-03-24 12:00:02.173001+00:00,6,0.94,0.06,no,KXFEDDECISION-26APR-H0,755d17c6-94bf-77e0-3991-3c417d297c6a
2026-03-24 12:05:02.492288+00:00,6,0.94,0.06,no,KXFEDDECISION-26APR-H0,f3182c9e-bbb3-51c8-4c51-42afcc4b7712
2026-03-24 12:10:01.932772+00:00,6,0.94,0.06,no,KXFEDDECISION-26APR-H0,d6ea811b-bb63-75c0-c582-b4b1332fa1f2
2026-03-24 12:15:02.232103+00:00,6,0.94,0.06,no,KXFEDDECISION-26APR-H0,7aa903aa-ba7f-6f14-2d42-04eed3cd3cde
2026-03-24 12:20:02.253248+00:00,6,0.94,0.06,no,KXFEDDECISION-26APR-H0,0c3e9d7c-03d7-51ac-29e2-e8137aa010ca
2026-03-24 12:25:01.772872+00:00,6,0.94,0.06,no,KXFEDDECISION-26APR-H0,71795d8f-4f23-55bc-5086-e81a9e662aca
2026-03-24 12:30:02.478595+00:00,6,0.94,0.06,no,KXFEDDECISION-26APR-H0,50bedac9-863b-5fc8-c5ba-758d2aae0226
2026-03-24 12:43:26.322469+00:00,124,0.95,0.05,yes,KXFEDDECISION-26APR-H0,cba32110-c7b7-551a-469b-b96e42bafab4
2026-03-24 13:51:26.682310+00:00,1,0.95,0.05,yes,KXFEDDECISION-26APR-H0,07d884e3-d19b-5372-608b-91f4def2ea30
2026-03-24 14:36:00.551185+00:00,599,0.95,0.05,yes,KXFEDDECISION-26APR-H0,fb7166c1-2c97-4cde-93e8-87ea726d282c
2026-03-24 14:47:33.272538+00:00,1000,0.95,0.05,yes,KXFEDDECISION-26APR-H0,2f47056e-12eb-6d3e-bd02-fec43a30509c
2026-03-24 15:14:57.689229+00:00,1,0.95,0.05,yes,KXFEDDECISION-26APR-H0,9240c900-1ffb-5f5e-4716-50fa187d9a38
2026-03-24 15:18:24.909217+00:00,5,0.95,0.05,yes,KXFEDDECISION-26APR-H0,0977ad7e-cbfb-6332-baa1-cbe5219d9f64
2026-03-24 15:36:50.507968+00:00,7,0.94,0.06,no,KXFEDDECISION-26APR-H0,9bf5edce-de73-5254-9380-188b1072a37a
2026-03-24 15:43:55.916351+00:00,26,0.95,0.05,yes,KXFEDDECISION-26APR-H0,4b2ed8b7-dc63-5ade-e6c8-e7239ba625e4
2026-03-24 15:44:32.971863+00:00,26,0.94,0.06,no,KXFEDDECISION-26APR-H0,eed33b37-347b-78ec-0266-b5e63fee9462
2026-03-24 16:09:11.710208+00:00,24,0.94,0.06,no,KXFEDDECISION-26APR-H0,d728b3dc-62d7-7e2c-fc06-d97913a0723e
2026-03-24 16:26:11.242770+00:00,1047,0.95,0.05,yes,KXFEDDECISION-26APR-H0,9f63bb66-e74f-579e-5c86-16e508f2dd34
2026-03-24 16:39:49.013945+00:00,10,0.95,0.05,yes,KXFEDDECISION-26APR-H0,cb241a0f-5c37-745a-91de-89f644071124
2026-03-24 16:42:03.809535+00:00,314,0.95,0.05,yes,KXFEDDECISION-26APR-H0,a9bbb3ff-4577-68be-1cc6-ff73ba762178
2026-03-24 16:42:19.999063+00:00,356,0.95,0.05,yes,KXFEDDECISION-26APR-H0,352b8c02-477f-5622-43d0-ce06a27fd204
2026-03-24 16:47:32.281247+00:00,1,0.95,0.05,yes,KXFEDDECISION-26APR-H0,9e53dc8f-ac5f-613e-a7a2-964ff3b7d6d4
2026-03-24 16:49:54.743662+00:00,26,0.94,0.06,no,KXFEDDECISION-26APR-H0,6d9ece9b-c2db-4d78-89dc-665abf76fe4e
2026-03-24 17:06:19.658227+00:00,25,0.95,0.05,yes,KXFEDDECISION-26APR-H0,b610ccda-be1b-78a6-3a18-7972d19308d0
2026-03-24 17:07:53.564187+00:00,5,0.95,0.05,yes,KXFEDDECISION-26APR-H0,6b5b3101-a04b-7b7a-f6a3-fef16697b6c0
2026-03-24 17:15:11.709592+00:00,26,0.95,0.05,yes,KXFEDDECISION-26APR-H0,94bebc21-7c63-5f16-9a4e-1118a641ec28
2026-03-24 17:34:26.298659+00:00,5,0.95,0.05,yes,KXFEDDECISION-26APR-H0,80cfc48a-442f-6e72-07eb-d6871f44df20
2026-03-24 17:42:31.503255+00:00,15,0.95,0.05,yes,KXFEDDECISION-26APR-H0,452bbf8c-3327-4bf6-d3bb-225f899ed324
2026-03-24 17:45:43.123322+00:00,24,0.95,0.05,yes,KXFEDDECISION-26APR-H0,3861f078-dc63-5492-463d-a6c3dedd3cd0
2026-03-24 17:47:58.171608+00:00,2,0.94,0.06,no,KXFEDDECISION-26APR-H0,7835c2d9-b76b-49d4-67a7-413e0fd47356
2026-03-24 17:55:26.453211+00:00,18,0.95,0.05,yes,KXFEDDECISION-26APR-H0,a9b92f85-c9c7-491a-5b69-e8cdceae4ca4
2026-03-24 17:58:36.298559+00:00,43,0.94,0.06,no,KXFEDDECISION-26APR-H0,9743fe1f-ffa3-5080-97fa-a2330ee3960e
2026-03-24 17:59:35.781597+00:00,18,0.95,0.05,yes,KXFEDDECISION-26APR-H0,ff66d89f-2447-649a-7363-9b19b664a1d4
2026-03-24 18:02:34.033876+00:00,1,0.95,0.05,yes,KXFEDDECISION-26APR-H0,4d315307-546b-57b2-1b6f-04bb214eddbc
2026-03-24 19:07:15.156393+00:00,2,0.95,0.05,yes,KXFEDDECISION-26APR-H0,ee309924-2ac3-672e-fffb-5570780826c4
2026-03-24 19:09:22.891915+00:00,2,0.95,0.05,yes,KXFEDDECISION-26APR-H0,f48fe25f-bb0f-6756-e9f6-4d8683ae95b8
2026-03-24 19:14:04.259159+00:00,2,0.94,0.06,no,KXFEDDECISION-26APR-H0,49ab886a-f887-4c04-323a-c0b7cb8c96ae
2026-03-24 19:15:31.315752+00:00,1,0.95,0.05,yes,KXFEDDECISION-26APR-H0,4aa1c918-45af-66f6-98c7-770e87ea6e14
2026-03-24 19:19:12.873197+00:00,31,0.94,0.06,no,KXFEDDECISION-26APR-H0,91495345-dd83-7b4c-2d00-8e6fb3ddbe22
2026-03-24 19:22:00.072726+00:00,2,0.95,0.05,yes,KXFEDDECISION-26APR-H0,14f09466-9917-6056-c364-5d5d4ff8a58c
2026-03-24 19:26:41.345343+00:00,2,0.94,0.06,no,KXFEDDECISION-26APR-H0,37b596ff-281f-74f8-8fe1-7d7f6a2a93b6
2026-03-24 19:29:42.882566+00:00,21,0.95,0.05,yes,KXFEDDECISION-26APR-H0,7de49298-fe4b-77e6-4272-67f6ec98e90c
2026-03-24 19:36:07.133859+00:00,3,0.95,0.05,yes,KXFEDDECISION-26APR-H0,631d10cc-51ab-4542-5040-36b68c88b2f4
2026-03-24 19:40:39.291084+00:00,18,0.94,0.06,no,KXFEDDECISION-26APR-H0,4a65e137-89f3-6584-c0e7-5e5be6357b22
2026-03-24 19:45:54.749336+00:00,1,0.95,0.05,yes,KXFEDDECISION-26APR-H0,423765d5-1c5b-5266-73c9-eb0fe43d6138
2026-03-24 19:57:31.828585+00:00,10,0.95,0.05,yes,KXFEDDECISION-26APR-H0,621d8fd6-a03f-60da-1bd0-e86d50240e2c
2026-03-24 19:58:02.477421+00:00,30,0.94,0.06,no,KXFEDDECISION-26APR-H0,d591516a-dba3-6804-6165-12b2bcf9e636
2026-03-24 20:01:07.341922+00:00,26,0.95,0.05,yes,KXFEDDECISION-26APR-H0,0308ef17-5bc3-5ce6-5031-d3f563059c6c
2026-03-24 20:01:20.153883+00:00,26,0.94,0.06,no,KXFEDDECISION-26APR-H0,fe88f0d0-6583-41e0-a451-f2dae316e32e
2026-03-24 20:12:20.593369+00:00,26,0.94,0.06,no,KXFEDDECISION-26APR-H0,3524a29e-f28b-619c-423b-0eaf62ca1242
2026-03-24 21:04:43.292856+00:00,26,0.95,0.05,yes,KXFEDDECISION-26APR-H0,1ec8998f-7c0f-74da-c457-5d1755441080
2026-03-24 21:04:56.517659+00:00,26,0.94,0.06,no,KXFEDDECISION-26APR-H0,68983c59-c7d7-5c30-2f0b-407415ea6236
2026-03-24 21:47:51.967386+00:00,78,0.94,0.06,no,KXFEDDECISION-26APR-H0,d37afb37-80bf-61b8-7e99-56eccab8c46a
2026-03-24 21:49:42.643371+00:00,1,0.94,0.06,no,KXFEDDECISION-26APR-H0,f2d193f4-54d7-6098-b17e-0da7a35f219a
2026-03-24 21:57:49.476847+00:00,10,0.95,0.05,yes,KXFEDDECISION-26APR-H0,4a254e9d-9853-5e0e-170b-a37f74baa2b0
2026-03-24 21:59:18.063702+00:00,20,0.95,0.05,yes,KXFEDDECISION-26APR-H0,c825f323-dc43-72e2-9ee4-02c85cef647c
2026-03-24 22:03:32.840470+00:00,6,0.95,0.05,yes,KXFEDDECISION-26APR-H0,2fe1d1ef-2b97-73e6-94d2-5f7fa0967464
2026-03-24 22:26:12.257155+00:00,1,0.95,0.05,yes,KXFEDDECISION-26APR-H0,1966a748-d893-5686-fc4d-92dfcb72a6d0
2026-03-24 22:28:00.352989+00:00,1,0.94,0.06,no,KXFEDDECISION-26APR-H0,74c3a4a7-f383-401c-7f3f-04494fa3678e
2026-03-24 22:30:52.904716+00:00,156,0.94,0.06,no,KXFEDDECISION-26APR-H0,5abcc4be-fe7b-5774-c784-4c0e95f4c6e2
2026-03-24 22:37:15.609997+00:00,7,0.94,0.06,no,KXFEDDECISION-26APR-H0,2a1b1386-40b7-6c28-ceb4-5dc0c7f259fe
2026-03-24 22:39:45.120025+00:00,1,0.94,0.06,no,KXFEDDECISION-26APR-H0,48a339fb-6367-6bb8-b769-7ee4459341ce
2026-03-24 22:59:07.869822+00:00,27,0.95,0.05,yes,KXFEDDECISION-26APR-H0,57239073-8287-4c56-0639-751521f7ad00
2026-03-24 23:00:12.864732+00:00,12,0.95,0.05,yes,KXFEDDECISION-26APR-H0,b345993a-6f0b-55d6-9e8f-e0ae2b906120
2026-03-24 23:16:03.632699+00:00,31,0.94,0.06,no,KXFEDDECISION-26APR-H0,471fecb2-14eb-67a4-a51e-1cf79862c226
2026-03-24 23:36:06.364904+00:00,3000,0.94,0.06,no,KXFEDDECISION-26APR-H0,3b7c3a03-9c73-7308-ca35-6db7b96e810a
2026-03-24 23:37:31.702976+00:00,1,0.94,0.06,no,KXFEDDECISION-26APR-H0,6293c561-b1e3-5a1c-3faa-c009830fef66
2026-03-24 23:44:57.122427+00:00,103,0.95,0.05,yes,KXFEDDECISION-26APR-H0,baf3618b-8833-7db2-f24a-19db3fdea468
2026-03-24 23:51:25.666494+00:00,1048,0.95,0.05,yes,KXFEDDECISION-26APR-H0,791113fd-4d93-640e-d5d5-2303aa5b2db4
2026-03-24 23:52:23.978940+00:00,1048,0.95,0.05,yes,KXFEDDECISION-26APR-H0,1926efa8-4853-661e-4993-f9cb524e6ad4
2026-03-25 00:38:22.192518+00:00,5,0.94,0.06,no,KXFEDDECISION-26APR-H0,09116cc8-6317-6760-5e98-4f35c9780eb2
2026-03-25 00:39:27.626992+00:00,10,0.94,0.06,no,KXFEDDECISION-26APR-H0,d8f42c62-5af7-7864-0a38-b6ea76d23ad6
2026-03-25 00:40:16.934794+00:00,2500,0.94,0.06,no,KXFEDDECISION-26APR-H0,9b2dca4a-9c4f-6e50-9c9b-3fa61caf7626
2026-03-25 01:08:29.190196+00:00,1,0.95,0.05,yes,KXFEDDECISION-26APR-H0,27e81500-c58b-64ca-79ea-d4de381eea5c
2026-03-25 01:56:26.726569+00:00,28,0.94,0.06,no,KXFEDDECISION-26APR-H0,e8f017ba-c4df-713d-c6ec-e443a5b92de8
2026-03-25 01:56:26.726569+00:00,10000,0.94,0.06,no,KXFEDDECISION-26APR-H0,96d2f304-4955-78f7-e211-2d78a5ef5220
2026-03-25 01:56:26.726569+00:00,476,0.94,0.06,no,KXFEDDECISION-26APR-H0,9a1ea0d5-61dd-7c14-ed72-b742dce2c41c
2026-03-25 01:56:26.726569+00:00,502,0.94,0.06,no,KXFEDDECISION-26APR-H0,a0c11986-2c26-7080-f7e8-bbf76843a37c
2026-03-25 01:56:26.726569+00:00,501,0.94,0.06,no,KXFEDDECISION-26APR-H0,a4517368-1896-7547-c02e-5695f238eeaa
2026-03-25 01:56:26.726569+00:00,483,0.94,0.06,no,KXFEDDECISION-26APR-H0,aa3c0f6c-7587-782b-cd8f-3eba53750564
2026-03-25 01:56:26.726569+00:00,534,0.94,0.06,no,KXFEDDECISION-26APR-H0,d2ad29cd-9582-794a-e7e6-87594cacde03
2026-03-25 01:56:26.726569+00:00,495,0.94,0.06,no,KXFEDDECISION-26APR-H0,b0614156-bebf-73ad-cfc2-7eaa8ab7a636
2026-03-25 01:56:26.726569+00:00,515,0.94,0.06,no,KXFEDDECISION-26APR-H0,ba8ffe0a-01f3-7371-d6d6-11b2dd8ecf38
2026-03-25 01:56:26.726569+00:00,1,0.94,0.06,no,KXFEDDECISION-26APR-H0,8713757e-9fc8-782d-ed08-02033f13ad5c
2026-03-25 01:56:26.726569+00:00,21,0.94,0.06,no,KXFEDDECISION-26APR-H0,d4704054-ad6f-7ac2-f7ba-ca3a0760d3f2
2026-03-25 01:56:26.726569+00:00,499,0.94,0.06,no,KXFEDDECISION-26APR-H0,d528a58d-61cf-7a14-edb8-8d47bcf20615
2026-03-25 01:56:26.726569+00:00,500,0.94,0.06,no,KXFEDDECISION-26APR-H0,aaa97758-56bf-7c51-f05b-d6ba9f453f70
2026-03-25 01:56:26.726569+00:00,504,0.94,0.06,no,KXFEDDECISION-26APR-H0,81306733-db58-709b-e4e6-986f01f3db50
2026-03-25 01:56:26.726569+00:00,478,0.94,0.06,no,KXFEDDECISION-26APR-H0,53b47ce9-b93d-718a-f3bd-29b1be8f367d
2026-03-25 01:56:26.726569+00:00,512,0.94,0.06,no,KXFEDDECISION-26APR-H0,6282fb16-0e89-7acd-d5a9-f162292a6ed5
2026-03-25 01:56:26.726569+00:00,10000,0.94,0.06,no,KXFEDDECISION-26APR-H0,55e4f4e3-0279-76c6-f87f-4b76d03519e3
2026-03-25 01:56:26.726569+00:00,487,0.94,0.06,no,KXFEDDECISION-26APR-H0,d6e50cd6-c094-71d1-ea5a-10a11c178fd1
2026-03-25 01:56:26.726569+00:00,9000,0.94,0.06,no,KXFEDDECISION-26APR-H0,4e0166a6-fb9c-720a-e00c-af8480626954
2026-03-25 01:56:26.726569+00:00,488,0.94,0.06,no,KXFEDDECISION-26APR-H0,4860cf1a-c1b9-7f84-cf8d-d7ffd9be8933
2026-03-25 01:56:26.726569+00:00,2792,0.94,0.06,no,KXFEDDECISION-26APR-H0,3ff834ce-9faf-7704-ecba-d312acaa907e
2026-03-25 01:56:26.726569+00:00,517,0.94,0.06,no,KXFEDDECISION-26APR-H0,3c814c49-ea0c-73a1-fb58-b413a7f4f898
2026-03-25 01:56:26.726569+00:00,535,0.94,0.06,no,KXFEDDECISION-26APR-H0,3ad8c4df-0719-747f-ed60-240ec4f9bd66
2026-03-25 01:56:26.726569+00:00,522,0.94,0.06,no,KXFEDDECISION-26APR-H0,220d0090-30fa-76c3-c832-4b23872bcb5b
2026-03-25 01:56:26.726569+00:00,519,0.94,0.06,no,KXFEDDECISION-26APR-H0,164ebb13-2f11-7c83-ed7d-6ee1a5b956e9
2026-03-25 01:56:26.726569+00:00,1,0.94,0.06,no,KXFEDDECISION-26APR-H0,14f5381f-4aeb-709a-e646-c97dddc5ac17
2026-03-25 01:56:26.726569+00:00,494,0.94,0.06,no,KXFEDDECISION-26APR-H0,0f9f939c-0284-718e-c090-10a27e011e0c
2026-03-25 01:56:26.726569+00:00,509,0.94,0.06,no,KXFEDDECISION-26APR-H0,743566e7-25e8-7bd0-d824-f0bbdaa7d173
2026-03-25 01:56:26.726569+00:00,522,0.94,0.06,no,KXFEDDECISION-26APR-H0,d9f83fff-9242-78cc-f40f-78590ec24531
2026-03-25 02:11:56.857220+00:00,6,0.94,0.06,yes,KXFEDDECISION-26APR-H0,e8a1d9cd-c559-5d01-c089-0c68797bfe2b
2026-03-25 02:14:06.809213+00:00,100,0.93,0.07,no,KXFEDDECISION-26APR-H0,d76c5766-4d6f-4b58-9a5a-f0c0b8973b3e
2026-03-25 02:16:08.199166+00:00,13,0.93,0.07,no,KXFEDDECISION-26APR-H0,71c98b37-2387-6b9c-22ca-3cfe36fc6e1e
2026-03-25 02:18:07.896737+00:00,5,0.94,0.06,yes,KXFEDDECISION-26APR-H0,35b0a20c-3631-6b5d-9c25-8aaa61f968d7
2026-03-25 02:26:11.191185+00:00,1,0.94,0.06,yes,KXFEDDECISION-26APR-H0,815c3ebe-93dd-77bd-d7c3-f6426f1fb167
2026-03-25 02:58:55.822565+00:00,211,0.94,0.06,yes,KXFEDDECISION-26APR-H0,d3a3258f-5209-43ad-b9cd-a7170d3db2df
2026-03-25 03:05:09.118369+00:00,2,0.93,0.07,no,KXFEDDECISION-26APR-H0,04a54536-eb0f-4848-4fb8-dde832ed783e
2026-03-25 03:07:54.420510+00:00,7800,0.94,0.06,yes,KXFEDDECISION-26APR-H0,3d09ddd4-3c3d-5fa5-c6a0-6aa240efc777
2026-03-25 03:09:41.038057+00:00,9100,0.94,0.06,yes,KXFEDDECISION-26APR-H0,78f6a5e4-a2a1-59b5-3685-9c2418a42baf
2026-03-25 03:10:44.695556+00:00,806,0.94,0.06,yes,KXFEDDECISION-26APR-H0,406b683b-d175-4e49-4bdd-5a28427d6f93
2026-03-25 03:12:39.713927+00:00,9000,0.94,0.06,yes,KXFEDDECISION-26APR-H0,47e33b79-21b5-4ddd-a1e8-7a0722ffabcb
2026-03-25 03:12:55.609586+00:00,2000,0.94,0.06,yes,KXFEDDECISION-26APR-H0,4a0d0e29-93b1-62ed-569d-c6d186997bdb
2026-03-25 03:25:57.802426+00:00,1,0.94,0.06,yes,KXFEDDECISION-26APR-H0,9cb1a21f-f1a5-5925-b9c8-f3b20f53e3bf
2026-03-25 03:26:01.312004+00:00,10,0.94,0.06,yes,KXFEDDECISION-26APR-H0,c3f71e62-d6ed-5f25-6daa-31f9ba24762b
2026-03-25 03:30:09.343725+00:00,52,0.94,0.06,yes,KXFEDDECISION-26APR-H0,d07f32bc-0331-4ea5-30b5-9a4dfeb502af
2026-03-25 03:37:09.082608+00:00,27,0.94,0.06,yes,KXFEDDECISION-26APR-H0,20f9c726-4a3d-4e59-443c-6c8901673873
2026-03-25 03:40:33.870608+00:00,27,0.93,0.07,no,KXFEDDECISION-26APR-H0,c5c980a5-28d7-4290-788a-3ac968368a1a
2026-03-25 03:41:00.662705+00:00,27,0.94,0.06,yes,KXFEDDECISION-26APR-H0,a12b4146-8e99-4235-2730-8489d883c44f
2026-03-25 03:41:13.613794+00:00,33,0.94,0.06,yes,KXFEDDECISION-26APR-H0,349526ba-dee9-482d-c109-af3c189b01db
2026-03-25 03:41:33.319666+00:00,25,0.94,0.06,yes,KXFEDDECISION-26APR-H0,ccb61be2-07cd-4a59-fe6f-5e0bdca1d1a3
2026-03-25 03:44:10.457984+00:00,25,0.94,0.06,yes,KXFEDDECISION-26APR-H0,a8b78792-1865-4925-f44b-e03e94cfeb4b
2026-03-25 03:52:52.193744+00:00,2,0.94,0.06,yes,KXFEDDECISION-26APR-H0,b3c43868-157d-4f5d-b14c-6b03ea426317
2026-03-25 04:09:23.887057+00:00,1,0.94,0.06,yes,KXFEDDECISION-26APR-H0,63f76cdc-19e1-7d79-059d-d295f9ea2dbb
2026-03-25 04:15:00.558961+00:00,8000,0.94,0.06,yes,KXFEDDECISION-26APR-H0,ad519c6d-e4ad-65fd-b45c-1f5b773c14fb
2026-03-25 04:16:10.843691+00:00,1216,0.93,0.07,no,KXFEDDECISION-26APR-H0,4c76c004-0581-625d-9cc4-880e997b4c0a
2026-03-25 04:16:10.843691+00:00,108,0.93,0.07,no,KXFEDDECISION-26APR-H0,f4a1f3b9-ec47-6c8c-81c4-61d2933a9532
2026-03-25 04:24:45.830082+00:00,4000,0.94,0.06,yes,KXFEDDECISION-26APR-H0,6d5e3327-6069-47e1-b5c1-9ad0f80a8adb
2026-03-25 04:30:41.676162+00:00,1324,0.94,0.06,yes,KXFEDDECISION-26APR-H0,dec28f82-8d59-66d1-fabb-2b4d232e3267
2026-03-25 04:46:53.429278+00:00,104,0.94,0.06,yes,KXFEDDECISION-26APR-H0,93241b85-3759-73b5-1b34-5c90bafed7ab
2026-03-25 04:47:09.294834+00:00,104,0.94,0.06,yes,KXFEDDECISION-26APR-H0,3ba68424-b8a5-5b9d-1fee-92d2d460e213
2026-03-25 04:54:54.699487+00:00,19,0.94,0.06,yes,KXFEDDECISION-26APR-H0,20a57e79-d535-6679-8796-340eb6f9b38b
2026-03-25 05:06:20.607573+00:00,10593,0.94,0.06,yes,KXFEDDECISION-26APR-H0,07fe1090-8675-76b5-ca19-4e87813c942f
2026-03-25 05:24:17.636419+00:00,126,0.94,0.06,yes,KXFEDDECISION-26APR-H0,8b65cfcc-06d1-6699-1907-3451712f3f2f
2026-03-25 06:53:15.346845+00:00,10,0.94,0.06,yes,KXFEDDECISION-26APR-H0,8484a266-bc55-6969-e868-8cd7192af69b
2026-03-25 08:22:10.706136+00:00,237,0.94,0.06,yes,KXFEDDECISION-26APR-H0,443b328a-b34d-5965-f31b-19cf69f01573
2026-03-25 08:22:10.807029+00:00,528,0.94,0.06,yes,KXFEDDECISION-26APR-H0,d0331cd7-b2a1-7119-5d5b-a07e5afa78db
2026-03-25 08:37:20.969447+00:00,10,0.94,0.06,yes,KXFEDDECISION-26APR-H0,4db61bdd-b725-625d-a92e-26be81790b53
2026-03-25 10:14:58.811777+00:00,17,0.93,0.07,no,KXFEDDECISION-26APR-H0,4d73e068-1109-5dd1-bcc0-d8b23309e976
2026-03-25 10:30:14.463614+00:00,1,0.94,0.06,yes,KXFEDDECISION-26APR-H0,06e770dd-a231-5779-715a-7928286140b3
2026-03-25 10:41:51.171104+00:00,483,0.93,0.07,no,KXFEDDECISION-26APR-H0,110bf1da-2915-5221-ae40-9c6243f0c7d2
2026-03-25 10:44:27.497384+00:00,192,0.93,0.07,no,KXFEDDECISION-26APR-H0,1963c6f9-6a8a-60b5-3e34-38622d8b707e
2026-03-25 10:44:27.497384+00:00,284,0.93,0.07,no,KXFEDDECISION-26APR-H0,13069918-c821-6659-0e84-42e689e96ef6
2026-03-25 10:44:42.272265+00:00,501,0.93,0.07,no,KXFEDDECISION-26APR-H0,7d9e9356-02c2-44f5-b2b1-23cbacdb1be6
2026-03-25 10:45:55.939420+00:00,522,0.93,0.07,no,KXFEDDECISION-26APR-H0,b47a600a-4ec2-7ca1-9e40-388c827e59c6
2026-03-25 10:45:59.536424+00:00,534,0.93,0.07,no,KXFEDDECISION-26APR-H0,d87e7836-3126-5be5-0416-97219e882f72
2026-03-25 10:46:05.666265+00:00,509,0.93,0.07,no,KXFEDDECISION-26APR-H0,a67ada9e-5586-4899-e5e0-e4203893a762
2026-03-25 10:46:14.608346+00:00,495,0.93,0.07,no,KXFEDDECISION-26APR-H0,a02a6e2a-a4b2-494d-6341-f450d60255ba
2026-03-25 10:46:56.960488+00:00,488,0.93,0.07,no,KXFEDDECISION-26APR-H0,45b573a0-1b82-6b29-f716-59456b619002
2026-03-25 10:47:00.913846+00:00,510,0.93,0.07,no,KXFEDDECISION-26APR-H0,b77a55b6-bd4e-7285-3a57-a14127f59372
2026-03-25 10:50:09.334266+00:00,535,0.93,0.07,no,KXFEDDECISION-26APR-H0,0828b979-37aa-402d-13f7-f2867ad5cb2a
2026-03-25 10:50:09.338375+00:00,502,0.93,0.07,no,KXFEDDECISION-26APR-H0,1008f60e-41c6-5241-cc60-31da28ab1f22
2026-03-25 10:50:09.340571+00:00,504,0.93,0.07,no,KXFEDDECISION-26APR-H0,9c6cdeaf-15e6-5251-40b5-a018363c23c6
2026-03-25 10:50:09.342941+00:00,499,0.93,0.07,no,KXFEDDECISION-26APR-H0,0997cfd4-b8e2-5269-22b1-9a7a412a6ede
2026-03-25 10:50:09.506956+00:00,517,0.93,0.07,no,KXFEDDECISION-26APR-H0,b1947b54-199e-5285-88a9-0f97aeb4edf6
2026-03-25 10:50:09.538229+00:00,515,0.93,0.07,no,KXFEDDECISION-26APR-H0,f027bc9f-7a82-5fc5-cb3f-7ed023d149be
2026-03-25 10:50:09.548665+00:00,522,0.93,0.07,no,KXFEDDECISION-26APR-H0,5bc05f2c-14ee-647d-b3ed-74a0fee1b5de
2026-03-25 10:50:09.552131+00:00,407,0.93,0.07,no,KXFEDDECISION-26APR-H0,4cb1c5c5-313e-7f55-4799-0cf63dc110ae
2026-03-25 10:50:09.586374+00:00,478,0.93,0.07,no,KXFEDDECISION-26APR-H0,4daf11e6-d976-5375-36a0-7b8cdd520f66
2026-03-25 10:52:17.159697+00:00,512,0.93,0.07,no,KXFEDDECISION-26APR-H0,c56790f8-8c12-53d9-6cfc-558c2038cca6
2026-03-25 10:52:17.181221+00:00,494,0.93,0.07,no,KXFEDDECISION-26APR-H0,85b56506-545a-5681-25c1-f64337344332
2026-03-25 11:12:16.673620+00:00,1500,0.94,0.06,yes,KXFEDDECISION-26APR-H0,34499111-9221-66a5-33fb-8f76bf33a5df
2026-03-25 11:12:36.423663+00:00,1000,0.94,0.06,yes,KXFEDDECISION-26APR-H0,f8c60a89-ecd9-62f5-04f6-2512f7ccd013
2026-03-25 11:50:57.016197+00:00,20,0.93,0.07,no,KXFEDDECISION-26APR-H0,7aaf5a46-aa2a-5dbd-6a3c-b2ddfde85cea
2026-03-25 12:00:21.907033+00:00,106,0.94,0.06,yes,KXFEDDECISION-26APR-H0,f2fcb5e0-4121-5ee9-96b9-dc322d0dd17b
2026-03-25 12:21:24.073648+00:00,21,0.94,0.06,yes,KXFEDDECISION-26APR-H0,14ffc690-2669-7569-dffb-88679399d1ab
2026-03-25 12:23:08.749251+00:00,5,0.94,0.06,yes,KXFEDDECISION-26APR-H0,e7bd967e-02c1-7e41-60c0-e00ee657d40f
2026-03-25 12:43:14.663120+00:00,222,0.93,0.07,no,KXFEDDECISION-26APR-H0,f534c8a8-865e-66e1-9f50-a9c1b3a81a8a
2026-03-25 13:02:58.949460+00:00,12,0.93,0.07,no,KXFEDDECISION-26APR-H0,f38c0760-c19a-4395-875b-a0bedb45cf0a
2026-03-25 13:12:04.664611+00:00,745,0.94,0.06,yes,KXFEDDECISION-26APR-H0,3bdf9660-2ab1-71dd-bc18-19d1e6166fc3
2026-03-25 13:12:04.664611+00:00,5255,0.94,0.06,yes,KXFEDDECISION-26APR-H0,69f3c4e7-df65-70b2-bc51-c7ff3c1ce021
2026-03-25 13:12:20.550573+00:00,4000,0.93,0.07,no,KXFEDDECISION-26APR-H0,fb1ef302-bba6-68b5-5384-9dcce3388efe
2026-03-25 13:13:20.299615+00:00,6000,0.93,0.07,no,KXFEDDECISION-26APR-H0,9d25aae1-dc0e-6c0d-f595-3f5ca35693ae
2026-03-25 13:48:49.117961+00:00,1,0.94,0.06,yes,KXFEDDECISION-26APR-H0,4dc29476-3a71-58c6-146b-fe9695668c7d
2026-03-25 13:58:10.869856+00:00,300,0.93,0.07,no,KXFEDDECISION-26APR-H0,3acafac5-6bda-5ed9-409a-e4d2c178afa2
2026-03-25 14:16:17.866770+00:00,3178,0.94,0.06,yes,KXFEDDECISION-26APR-H0,9ecd8dc1-1a0d-50b6-930e-3fa53609c88d
2026-03-25 14:25:27.519349+00:00,55000,0.94,0.06,yes,KXFEDDECISION-26APR-H0,042c285a-9015-611a-f55f-5b1e94a2da0d
2026-03-25 14:28:13.963103+00:00,70,0.93,0.07,no,KXFEDDECISION-26APR-H0,de956ff2-19f6-6981-5b5e-de6a6830c2b6
2026-03-25 14:29:49.120581+00:00,2,0.94,0.06,yes,KXFEDDECISION-26APR-H0,5b920edb-3971-78d6-f4d4-0ba8d89f8e25
2026-03-25 14:32:11.164642+00:00,1,0.94,0.06,yes,KXFEDDECISION-26APR-H0,40ae5fe2-3235-49aa-cc4a-b21531da1709
2026-03-25 14:47:02.804949+00:00,10,0.94,0.06,yes,KXFEDDECISION-26APR-H0,9e293a5d-570d-6ca1-33cb-ca31eb8411f9
2026-03-25 14:52:14.917391+00:00,3000,0.94,0.06,yes,KXFEDDECISION-26APR-H0,9f13f34b-1423-48d4-5e10-fcb021e0bf9c
2026-03-25 14:52:14.917391+00:00,200,0.94,0.06,yes,KXFEDDECISION-26APR-H0,8c7115c3-72ae-4f91-4946-3884040778f4
2026-03-25 14:52:14.917391+00:00,3000,0.94,0.06,yes,KXFEDDECISION-26APR-H0,b6c7066c-db7e-4daa-6557-6d00efd999f8
2026-03-25 14:52:14.917391+00:00,39,0.94,0.06,yes,KXFEDDECISION-26APR-H0,c66915a6-ad02-483b-7a60-4199e4161443
2026-03-25 14:52:14.917391+00:00,3000,0.94,0.06,yes,KXFEDDECISION-26APR-H0,0683105c-94da-421b-4903-009fe0765e29
2026-03-25 14:52:14.917391+00:00,2000,0.94,0.06,yes,KXFEDDECISION-26APR-H0,e3fc7f93-b5f2-4164-5ed9-4c00c3e6d08e
2026-03-25 14:52:14.917391+00:00,2000,0.94,0.06,yes,KXFEDDECISION-26APR-H0,f78e2e40-8897-4021-528c-5f076e989a3c
2026-03-25 14:52:14.917391+00:00,6,0.94,0.06,yes,KXFEDDECISION-26APR-H0,889cc947-bdcb-4bf1-6e53-12588d03bd00
2026-03-25 14:52:14.917391+00:00,3000,0.94,0.06,yes,KXFEDDECISION-26APR-H0,df07eaa0-7c77-4d92-5af7-618d8087e517
2026-03-25 14:52:14.917391+00:00,250,0.94,0.06,yes,KXFEDDECISION-26APR-H0,52cdef82-8f6a-42c6-5f25-d5d76b606e35
2026-03-25 14:52:14.917391+00:00,4000,0.94,0.06,yes,KXFEDDECISION-26APR-H0,0252e0ae-25f3-4140-71ad-2e3a58765d34
2026-03-25 14:52:14.917391+00:00,3000,0.94,0.06,yes,KXFEDDECISION-26APR-H0,2f4dbcdc-81ad-4b20-65bd-d2fedfa29db6
2026-03-25 14:52:14.917391+00:00,4000,0.94,0.06,yes,KXFEDDECISION-26APR-H0,26aede7d-6c18-4cba-5a47-dde76323ec02
2026-03-25 14:52:14.917391+00:00,4990,0.94,0.06,yes,KXFEDDECISION-26APR-H0,22ac4499-8d55-4df5-6d4b-7be19059b511
2026-03-25 14:52:14.917391+00:00,1000,0.94,0.06,yes,KXFEDDECISION-26APR-H0,1ffc8efb-ba05-485b-7ac6-b6a8053a24e0
2026-03-25 14:52:14.917391+00:00,2000,0.94,0.06,yes,KXFEDDECISION-26APR-H0,17a3e3ed-52f0-4d04-4a20-c602b6f726b5
2026-03-25 14:52:14.917391+00:00,2000,0.94,0.06,yes,KXFEDDECISION-26APR-H0,071fd095-5f19-4ff7-5009-e5b2494509b5
2026-03-25 14:52:14.917391+00:00,4000,0.94,0.06,yes,KXFEDDECISION-26APR-H0,4ec61b92-810a-4137-70f4-6173e15017a6
2026-03-25 14:52:25.563966+00:00,123,0.94,0.06,yes,KXFEDDECISION-26APR-H0,b5388a5b-df0c-6e44-77ef-fe0d9de1390f
2026-03-25 15:05:10.743829+00:00,13,0.94,0.06,no,KXFEDDECISION-26APR-H0,a1ba6680-e0a1-41ba-b0a7-543f0c754604
2026-03-25 15:05:10.743829+00:00,60,0.94,0.06,no,KXFEDDECISION-26APR-H0,a616dff9-4c39-45e0-ad10-6afd9d7dd353
2026-03-25 15:05:10.743829+00:00,5,0.94,0.06,no,KXFEDDECISION-26APR-H0,bf8c37be-6a31-44e2-85d1-e00d4ae373e7
2026-03-25 15:51:50.860023+00:00,367,0.95,0.05,yes,KXFEDDECISION-26APR-H0,e2692b7f-5633-6a82-c502-a94b567ba254
2026-03-25 16:00:15.561561+00:00,1,0.95,0.05,yes,KXFEDDECISION-26APR-H0,0b5aea36-87ff-71c2-4d85-08bd729186f0
2026-03-25 16:01:33.317941+00:00,9,0.94,0.06,no,KXFEDDECISION-26APR-H0,04cafc09-a2f1-7b2e-6810-11562dd315df
2026-03-25 16:06:00.673273+00:00,5,0.94,0.06,no,KXFEDDECISION-26APR-H0,35479ab9-fec5-4a5a-5d1a-2d93758aab7b
2026-03-25 16:06:00.673273+00:00,75,0.94,0.06,no,KXFEDDECISION-26APR-H0,a5d04325-5d59-4305-4851-cf35f13ff94f
2026-03-25 16:09:16.775361+00:00,3,0.95,0.05,yes,KXFEDDECISION-26APR-H0,3af0f6f5-6613-6f1a-d7b8-0ab442e71318
2026-03-25 16:11:40.310361+00:00,1,0.95,0.05,yes,KXFEDDECISION-26APR-H0,713c50a2-95b3-4b8e-097b-47bff0599668
2026-03-25 16:15:19.201366+00:00,2,0.95,0.05,yes,KXFEDDECISION-26APR-H0,960ecad6-be23-5e5e-450b-b8fa10f5f6fc
2026-03-25 16:23:07.685459+00:00,31469,0.95,0.05,yes,KXFEDDECISION-26APR-H0,a7de84c9-5b43-5122-f3a1-be9e6dd662d8
2026-03-25 16:45:00.467332+00:00,10,0.95,0.05,yes,KXFEDDECISION-26APR-H0,2e02d86c-6c73-6e76-9496-b5bd32a726d4
2026-03-25 16:48:47.624464+00:00,15,0.94,0.06,no,KXFEDDECISION-26APR-H0,0db5bdc9-f689-4b6d-d3b1-a7e28ae26f77
2026-03-25 16:52:39.275461+00:00,17,0.95,0.05,yes,KXFEDDECISION-26APR-H0,b4caa65c-7c1f-508e-8966-c8a0f8747620
2026-03-25 17:04:39.356514+00:00,20,0.95,0.05,yes,KXFEDDECISION-26APR-H0,0153fb91-bd23-603e-19c2-cfc2765f89a4
2026-03-25 17:06:34.884651+00:00,15,0.94,0.06,no,KXFEDDECISION-26APR-H0,cd43b399-b2e9-5319-49df-7153f85dac1f
2026-03-25 17:51:43.449657+00:00,2463,0.95,0.05,yes,KXFEDDECISION-26APR-H0,44e27699-45eb-581c-ca4a-f7e9dd82c2ec
2026-03-25 17:51:43.449657+00:00,7537,0.95,0.05,yes,KXFEDDECISION-26APR-H0,83e91e53-29c7-5d3e-eae8-a497f629a53c
2026-03-25 18:20:20.698715+00:00,625,0.94,0.06,no,KXFEDDECISION-26APR-H0,a0675b21-1441-4399-d7e6-b505c5ea9f77
2026-03-25 18:20:48.252916+00:00,14,0.95,0.05,yes,KXFEDDECISION-26APR-H0,77006395-ee8b-57c4-02ab-4b8ed97de170
2026-03-25 18:30:35.870330+00:00,3,0.95,0.05,yes,KXFEDDECISION-26APR-H0,015c79fe-27bf-7630-ca80-c22d50721244
2026-03-25 18:34:32.085369+00:00,78,0.94,0.06,no,KXFEDDECISION-26APR-H0,8ceba50e-edd5-4a51-bc00-5a26bd5c1de7
2026-03-25 19:02:03.743167+00:00,100,0.94,0.06,no,KXFEDDECISION-26APR-H0,14a39e5a-fb99-4e6d-eaad-6f8b7edadfaf
2026-03-25 19:02:04.219469+00:00,10,0.95,0.05,yes,KXFEDDECISION-26APR-H0,43cbf547-43f3-57a8-38d7-61d9fa418a80
2026-03-25 19:04:02.541080+00:00,5154,0.95,0.05,yes,KXFEDDECISION-26APR-H0,3ac3ea01-0aef-47a4-2deb-c8961ded19a8
2026-03-25 19:26:48.130379+00:00,9,0.94,0.06,no,KXFEDDECISION-26APR-H0,eae9217e-7509-6885-cd78-aba96bdb7fef
2026-03-25 19:27:51.577040+00:00,1,0.95,0.05,yes,KXFEDDECISION-26APR-H0,823d62fc-5693-57dc-1599-789921bbbcbc
2026-03-25 19:58:43.108809+00:00,1,0.95,0.05,yes,KXFEDDECISION-26APR-H0,54682a9c-39a7-4b8c-e951-c13ee194fc64
2026-03-25 20:01:23.846027+00:00,3,0.94,0.06,no,KXFEDDECISION-26APR-H0,0c219515-7f45-5209-ca16-5d4af45b00bb
2026-03-25 20:08:34.143318+00:00,5,0.95,0.05,yes,KXFEDDECISION-26APR-H0,da0c8835-7f4f-7dfc-28e1-298c1cf73c1c
2026-03-25 20:14:09.576838+00:00,10,0.94,0.06,no,KXFEDDECISION-26APR-H0,67c65b0a-0175-54d9-acbb-4be631380023
2026-03-25 20:28:37.182311+00:00,12,0.94,0.06,no,KXFEDDECISION-26APR-H0,73bf2775-d08d-53d1-1398-4538e343f667
2026-03-25 20:31:54.324042+00:00,12,0.94,0.06,no,KXFEDDECISION-26APR-H0,19357a97-52f9-55a9-4699-0e9b35a80987
2026-03-25 20:36:57.329040+00:00,5,0.95,0.05,yes,KXFEDDECISION-26APR-H0,fba9febf-665b-4de8-d6c5-6eb94015c950
2026-03-25 20:42:38.936827+00:00,1,0.94,0.06,no,KXFEDDECISION-26APR-H0,6f4d1ae9-8209-7901-7666-ccf4e276e7eb
2026-03-25 20:42:45.596760+00:00,2,0.94,0.06,no,KXFEDDECISION-26APR-H0,8d6fec2f-2891-6ee9-f22f-03c56eb3ce3f
2026-03-25 20:42:48.584935+00:00,125,0.94,0.06,no,KXFEDDECISION-26APR-H0,c613b0d8-4319-484d-8392-49e08f29312b
2026-03-25 20:48:20.300180+00:00,100,0.94,0.06,no,KXFEDDECISION-26APR-H0,9b853052-2e0d-667d-0c47-858cb3df702b
2026-03-25 21:13:40.050216+00:00,524,0.95,0.05,yes,KXFEDDECISION-26APR-H0,55d253b6-0613-5df4-b5c7-ec3fbdaaac34
2026-03-25 21:15:46.358690+00:00,17,0.94,0.06,no,KXFEDDECISION-26APR-H0,4d32b4f6-4ce5-61f1-a663-6d7b53a52cd3
2026-03-25 21:24:51.390822+00:00,10,0.95,0.05,yes,KXFEDDECISION-26APR-H0,c4f36dc4-a66f-6a38-4a41-1cf0cfc7ce98
2026-03-25 21:27:45.892314+00:00,10,0.94,0.06,no,KXFEDDECISION-26APR-H0,8f831f59-fcbd-720d-311b-7a1df76941df
2026-03-25 21:30:04.444743+00:00,10,0.95,0.05,yes,KXFEDDECISION-26APR-H0,cf33d00b-072f-42fc-8160-efca357884f0
2026-03-25 21:34:51.747324+00:00,5,0.95,0.05,yes,KXFEDDECISION-26APR-H0,6ec7f217-14eb-5584-54bd-9da12932c518
2026-03-25 21:45:05.944780+00:00,13,0.94,0.06,no,KXFEDDECISION-26APR-H0,5e03d641-2d25-5a15-2c18-cfe9e797a6db
2026-03-25 21:58:23.106111+00:00,12,0.94,0.06,no,KXFEDDECISION-26APR-H0,1867d616-ccc5-639d-6d53-94a927b66b7b
2026-03-25 22:07:52.578023+00:00,5,0.95,0.05,yes,KXFEDDECISION-26APR-H0,4f4e23f9-19b3-7a0c-4af8-2f6b5e2b8dcc
2026-03-25 22:08:43.448061+00:00,10,0.94,0.06,no,KXFEDDECISION-26APR-H0,b31c6341-71fd-58c9-1fe1-e8650eacd197
2026-03-25 22:15:07.808644+00:00,100,0.95,0.05,yes,KXFEDDECISION-26APR-H0,0c753d7c-4557-7964-4176-31b16d3af0a4
2026-03-25 22:15:36.430354+00:00,11,0.95,0.05,yes,KXFEDDECISION-26APR-H0,c7591276-4173-5f94-172c-ca57f7291be0
2026-03-25 22:23:58.670385+00:00,1,0.95,0.05,yes,KXFEDDECISION-26APR-H0,167df6fa-6187-69a4-93d5-79cb9d7e1d7c
2026-03-25 22:24:31.107220+00:00,1,0.95,0.05,yes,KXFEDDECISION-26APR-H0,35742179-847b-4768-b537-d0aea71b9da4
2026-03-25 22:28:12.261393+00:00,15,0.95,0.05,yes,KXFEDDECISION-26APR-H0,8570f726-72eb-4f78-f248-7f0829efdc80
2026-03-25 22:35:44.709899+00:00,125,0.94,0.06,no,KXFEDDECISION-26APR-H0,9bc47613-b6a5-4c11-6142-19d34698e30b
2026-03-25 22:45:47.725842+00:00,1,0.95,0.05,yes,KXFEDDECISION-26APR-H0,d1b903f6-542f-7478-149e-5a00845f01c0
2026-03-25 22:52:15.336208+00:00,1,0.95,0.05,yes,KXFEDDECISION-26APR-H0,9847fd4b-f1af-4be8-43dd-da9fad6e0ed8
2026-03-25 23:03:13.655819+00:00,25,0.94,0.06,no,KXFEDDECISION-26APR-H0,360df190-cf75-595d-570c-5f7a9ccbd3e3
2026-03-25 23:21:12.102042+00:00,20,0.95,0.05,yes,KXFEDDECISION-26APR-H0,8721a1a4-03cb-5f10-8d46-c2d1818e604c
2026-03-25 23:25:40.441526+00:00,78,0.94,0.06,no,KXFEDDECISION-26APR-H0,a63b236f-5d61-7a45-0730-7c0f73def043
2026-03-25 23:48:19.056179+00:00,312,0.94,0.06,no,KXFEDDECISION-26APR-H0,bd886d4d-f155-548d-b022-d407178c37cf
2026-03-25 23:51:13.668739+00:00,1,0.95,0.05,yes,KXFEDDECISION-26APR-H0,b7fe8496-9057-4b34-b4e6-4a7df08f1a10
2026-03-26 00:14:22.924146+00:00,50,0.94,0.06,no,KXFEDDECISION-26APR-H0,fe4c1c30-ea71-77a1-bd15-546f53c6231f
2026-03-26 00:19:06.397866+00:00,2000,0.95,0.05,yes,KXFEDDECISION-26APR-H0,0110c92b-8279-621e-a9f6-45d0aef8153d
2026-03-26 00:19:06.397866+00:00,1605,0.95,0.05,yes,KXFEDDECISION-26APR-H0,8ef78e21-4190-60d6-a8b8-9df370e6353a
2026-03-26 00:19:06.397866+00:00,1639,0.95,0.05,yes,KXFEDDECISION-26APR-H0,d475b04e-9ebf-61cc-9fab-967d80522920
2026-03-26 00:21:10.467801+00:00,1,0.94,0.06,no,KXFEDDECISION-26APR-H0,6630659e-d789-7571-64a5-e46b834e9c7b
2026-03-26 00:23:12.669354+00:00,5,0.95,0.05,yes,KXFEDDECISION-26APR-H0,96ab1b8c-cf14-50ee-2cdc-cb67cb5893da
2026-03-26 00:29:59.637993+00:00,1,0.95,0.05,yes,KXFEDDECISION-26APR-H0,35097039-b898-6c5a-1d6a-85403ab6e4d6
2026-03-26 00:44:59.216627+00:00,125,0.94,0.06,no,KXFEDDECISION-26APR-H0,ee50215c-a639-40a9-7ea7-9cb9cf2172a7
2026-03-26 01:01:12.641005+00:00,62,0.94,0.06,no,KXFEDDECISION-26APR-H0,2a61b13b-5829-4a95-d210-47e62bee2b7b
2026-03-26 01:21:08.672588+00:00,3,0.95,0.05,yes,KXFEDDECISION-26APR-H0,1b35eb15-9a04-4a1e-5582-bd64893ebaca
2026-03-26 01:33:07.656432+00:00,50,0.95,0.05,yes,KXFEDDECISION-26APR-H0,b3fdf4f9-33a8-578a-2253-2169d9d3885a
2026-03-26 01:49:41.615814+00:00,73,0.95,0.05,yes,KXFEDDECISION-26APR-H0,ecfa178c-93f8-5832-cfe9-62ca07b4c01e
2026-03-26 01:57:26.514144+00:00,2,0.95,0.05,yes,KXFEDDECISION-26APR-H0,92941c52-6978-6bd2-77a1-33636d3e9a4a
2026-03-26 02:17:45.720139+00:00,10,0.95,0.05,yes,KXFEDDECISION-26APR-H0,24f8c6f0-c774-5ce2-a2d5-f5d7d64c7dd2
2026-03-26 02:34:10.643048+00:00,50,0.95,0.05,yes,KXFEDDECISION-26APR-H0,0f1ce2be-a108-72f2-8e02-9aba11cccfae
2026-03-26 02:50:57.557332+00:00,26,0.95,0.05,yes,KXFEDDECISION-26APR-H0,a985a2e5-6738-74da-df0d-fa70cfb2367a
2026-03-26 02:51:08.538722+00:00,26,0.94,0.06,no,KXFEDDECISION-26APR-H0,5ca8a2dd-7ec5-70d5-750b-deb56238ed07
2026-03-26 02:58:01.766311+00:00,12,0.94,0.06,no,KXFEDDECISION-26APR-H0,47c921b6-4cc1-6921-f508-f8db086ef10f
2026-03-26 03:18:53.943238+00:00,15,0.94,0.06,no,KXFEDDECISION-26APR-H0,0aa19e17-39a5-7181-e5b3-3bb22352d7ff
2026-03-26 03:33:17.050948+00:00,2,0.94,0.06,no,KXFEDDECISION-26APR-H0,70dced72-a965-4be1-27f5-e53050faf493
2026-03-26 03:33:25.426347+00:00,1923,0.94,0.06,no,KXFEDDECISION-26APR-H0,44f80719-9b11-51c1-fa7c-d2443e007697
2026-03-26 03:33:25.426347+00:00,422,0.94,0.06,no,KXFEDDECISION-26APR-H0,cd485af9-783d-5d47-cc51-1cd072516e95
2026-03-26 03:34:49.895370+00:00,10,0.95,0.05,yes,KXFEDDECISION-26APR-H0,6b280b34-5a54-6cba-976f-8c029fb83b02
2026-03-26 03:52:04.107400+00:00,100,0.95,0.05,yes,KXFEDDECISION-26APR-H0,3da691a4-97f8-54c6-afee-dc6e02630ed2
2026-03-26 03:53:53.861145+00:00,4,0.95,0.05,yes,KXFEDDECISION-26APR-H0,c968f0a4-e518-704e-3283-6015477a9916
2026-03-26 03:56:03.211154+00:00,1487,0.94,0.06,no,KXFEDDECISION-26APR-H0,322a8998-7a75-477b-f0b7-735b32818de5
2026-03-26 04:11:41.666923+00:00,5,0.95,0.05,yes,KXFEDDECISION-26APR-H0,270c0997-c834-5982-e65b-63da50eb0f72
2026-03-26 04:20:53.247148+00:00,2118,0.94,0.06,no,KXFEDDECISION-26APR-H0,d10eb666-2001-6bc7-d69f-0a6a83459f41
2026-03-26 04:38:21.805514+00:00,3,0.95,0.05,yes,KXFEDDECISION-26APR-H0,ce85d4d5-a1e8-5b6e-c459-21c791ab7012
2026-03-26 05:16:47.261261+00:00,2,0.94,0.06,no,KXFEDDECISION-26APR-H0,8244fc69-91c5-684b-e81d-2a4913dfa215
2026-03-26 05:47:53.350420+00:00,5,0.95,0.05,yes,KXFEDDECISION-26APR-H0,67bbd8be-a2b8-7b8a-2ebf-9d10540e868a
2026-03-26 06:04:08.067373+00:00,2,0.94,0.06,no,KXFEDDECISION-26APR-H0,968bb3f3-0d21-7077-8e3c-779ed79d6f99
2026-03-26 06:39:48.949979+00:00,20,0.95,0.05,yes,KXFEDDECISION-26APR-H0,59397982-697c-7036-356c-ebaabe89523a
2026-03-26 06:40:10.445270+00:00,1,0.95,0.05,yes,KXFEDDECISION-26APR-H0,6ac81f3f-8be4-4046-903d-7e9ddb30122e
2026-03-26 09:19:53.145811+00:00,2,0.94,0.06,no,KXFEDDECISION-26APR-H0,eae84fd2-e1cd-52cf-4901-c8a33c6baf95
2026-03-26 09:50:35.786727+00:00,5,0.95,0.05,yes,KXFEDDECISION-26APR-H0,d8320402-5294-523a-2b29-2a7c333df6b6
2026-03-26 10:02:29.271483+00:00,1,0.95,0.05,yes,KXFEDDECISION-26APR-H0,c0020493-8584-4c56-63b3-c34de7e2c2e2
2026-03-26 10:08:14.413043+00:00,2,0.94,0.06,no,KXFEDDECISION-26APR-H0,a00d597a-6611-6cff-1b86-c1cf2f2c95c5
2026-03-26 10:37:52.384039+00:00,1,0.94,0.06,no,KXFEDDECISION-26APR-H0,30f004ba-cfd9-4d6b-6bd2-181fbcf76495
2026-03-26 10:55:44.945660+00:00,4,0.95,0.05,yes,KXFEDDECISION-26APR-H0,4f29eb91-8568-4efa-db5b-4cc0e70aceae
2026-03-26 10:56:24.516231+00:00,2,0.94,0.06,no,KXFEDDECISION-26APR-H0,37e4a401-122d-40df-f5ad-b4465d2a6389
2026-03-26 11:06:05.242900+00:00,10,0.95,0.05,yes,KXFEDDECISION-26APR-H0,fce61118-be60-4c6e-f876-b992ee8d48fa
2026-03-26 11:45:54.338734+00:00,3,0.94,0.06,no,KXFEDDECISION-26APR-H0,fcf49f1f-6d05-5aeb-3230-7e6cc257236d
2026-03-26 11:59:26.436216+00:00,312,0.94,0.06,no,KXFEDDECISION-26APR-H0,af9db80f-6649-4f5b-02cf-a1eda3707c79
2026-03-26 11:59:54.243625+00:00,1,0.94,0.06,no,KXFEDDECISION-26APR-H0,cd595718-1709-6f53-dfd9-7bf93d5e1809
2026-03-26 12:37:13.059659+00:00,390,0.94,0.06,no,KXFEDDECISION-26APR-H0,a8a1f5c6-00ad-7087-7a6e-e700c117cb0d
2026-03-26 12:38:31.236281+00:00,390,0.94,0.06,no,KXFEDDECISION-26APR-H0,fc232713-769d-4a83-15aa-618180f59cb9
2026-03-26 12:49:08.676017+00:00,1,0.94,0.06,no,KXFEDDECISION-26APR-H0,f1baccda-67a1-752f-5343-81b770359f45
2026-03-26 12:57:24.797879+00:00,15,0.94,0.06,no,KXFEDDECISION-26APR-H0,08055f4f-bd71-76bb-0f06-e8322043236d
2026-03-26 13:06:51.859169+00:00,1,0.95,0.05,yes,KXFEDDECISION-26APR-H0,72c27699-0a8c-7c56-c96f-187ddc9369e2
2026-03-26 13:07:52.717077+00:00,600,0.95,0.05,yes,KXFEDDECISION-26APR-H0,af9a2d35-633c-54a6-454c-ef1860631172
2026-03-26 13:14:51.465072+00:00,15,0.95,0.05,yes,KXFEDDECISION-26APR-H0,57f68195-4ff8-788e-b2b9-d8e4514e548a
2026-03-26 13:28:56.697078+00:00,78,0.95,0.05,yes,KXFEDDECISION-26APR-H0,430e0ab3-3530-6d66-918f-2822474a063e
2026-03-26 13:32:37.240453+00:00,125,0.94,0.06,no,KXFEDDECISION-26APR-H0,763e024d-e1fd-48eb-06c5-6d122fef86a1
2026-03-26 13:33:29.074797+00:00,18,0.95,0.05,yes,KXFEDDECISION-26APR-H0,91659af4-6d24-420a-c480-26a13ff4930a
2026-03-26 13:36:30.511267+00:00,1,0.95,0.05,yes,KXFEDDECISION-26APR-H0,85da2d7d-3d5c-562a-182a-f7c1e1868032
2026-03-26 13:40:59.382223+00:00,2,0.95,0.05,yes,KXFEDDECISION-26APR-H0,70334d22-d7d8-78ce-36a9-d19577fb6bca
2026-03-26 13:43:51.790612+00:00,1,0.95,0.05,yes,KXFEDDECISION-26APR-H0,0b9fd34b-aac8-592e-f44a-cd852b250ce2
2026-03-26 13:44:42.583883+00:00,10,0.94,0.06,no,KXFEDDECISION-26APR-H0,6c7d8e05-8765-41db-1c20-2d01731d8931
2026-03-26 13:54:03.180256+00:00,10,0.95,0.05,yes,KXFEDDECISION-26APR-H0,95641f65-ce3c-6772-5290-885633d98df2
2026-03-26 13:54:27.735603+00:00,1250,0.94,0.06,no,KXFEDDECISION-26APR-H0,23821da0-d8b1-64f3-29c2-757b4eaccb61
2026-03-26 13:59:03.228560+00:00,20,0.95,0.05,yes,KXFEDDECISION-26APR-H0,5c23553d-3d94-4fc6-85e3-ded675974c4e
2026-03-26 14:17:23.385519+00:00,2,0.94,0.06,no,KXFEDDECISION-26APR-H0,3f1933eb-57d5-5d93-6222-76d8ffae36dd
2026-03-26 14:26:38.350556+00:00,15,0.94,0.06,no,KXFEDDECISION-26APR-H0,a05c4b2b-9d89-7d7b-ed06-bb9f23867ef5
2026-03-26 14:32:10.537080+00:00,3000,0.94,0.06,no,KXFEDDECISION-26APR-H0,c3d45bb0-e3b1-588b-0637-f2f7195ed175
2026-03-26 14:47:19.572385+00:00,1250,0.94,0.06,no,KXFEDDECISION-26APR-H0,33b56d0d-235d-7def-b361-260f6ffa27a5
2026-03-26 14:48:45.843861+00:00,9,0.95,0.05,yes,KXFEDDECISION-26APR-H0,bbca5054-602c-6eda-a2d2-5af6cd27a6da
2026-03-26 14:53:17.698075+00:00,156,0.94,0.06,no,KXFEDDECISION-26APR-H0,54ae8a32-c519-5903-ccf2-941e5b0bc809
2026-03-26 15:08:41.964747+00:00,3,0.94,0.06,no,KXFEDDECISION-26APR-H0,1cb155af-8f9d-7483-2ae6-7020bb36d449
2026-03-26 15:29:21.096365+00:00,2098,0.95,0.05,yes,KXFEDDECISION-26APR-H0,67de29b6-d934-75ce-87ec-34734788346e
2026-03-26 15:58:53.022284+00:00,6,0.94,0.06,no,KXFEDDECISION-26APR-H0,89f163aa-9ea1-784b-8474-f5193823b3d5
2026-03-26 16:00:44.916274+00:00,766,0.94,0.06,no,KXFEDDECISION-26APR-H0,1e41ccd4-c8c1-7ee3-0db8-1c496484dea9
2026-03-26 16:03:02.417745+00:00,2,0.94,0.06,no,KXFEDDECISION-26APR-H0,39cfb353-8c21-673b-e7b2-89c0e6366c21
2026-03-26 16:19:50.302517+00:00,209,0.95,0.05,yes,KXFEDDECISION-26APR-H0,c3c7adaf-66f4-4136-9574-b9b9b396d926
2026-03-26 16:23:07.022833+00:00,10,0.95,0.05,yes,KXFEDDECISION-26APR-H0,fcc43718-a448-406e-0a73-9fa11ec67626
2026-03-26 16:24:36.642397+00:00,10,0.94,0.06,no,KXFEDDECISION-26APR-H0,bff804ab-8855-594b-f77a-b4aa9fa6d915
2026-03-26 16:31:48.006180+00:00,103,0.95,0.05,yes,KXFEDDECISION-26APR-H0,508bfcfa-d84c-4142-7275-70517c342d6a
2026-03-26 16:57:31.476831+00:00,500,0.94,0.06,no,KXFEDDECISION-26APR-H0,04b4191a-3a29-5ddf-38c5-b71b211f73f5
2026-03-26 17:13:20.660679+00:00,10489,0.95,0.05,yes,KXFEDDECISION-26APR-H0,47fd9b56-6818-6346-a2d1-74c83e63c36e
2026-03-26 17:16:53.744282+00:00,524,0.95,0.05,yes,KXFEDDECISION-26APR-H0,462ec941-28b0-77f6-a277-9bed7079475a
2026-03-26 17:29:28.841835+00:00,78,0.94,0.06,no,KXFEDDECISION-26APR-H0,3ba042d6-6aa5-758b-a8d8-53937f75cb19
2026-03-26 17:31:48.638315+00:00,20,0.94,0.06,no,KXFEDDECISION-26APR-H0,dd2990c8-a2b1-694f-8db0-83ca0d051d8d
2026-03-26 17:31:57.013891+00:00,20,0.95,0.05,yes,KXFEDDECISION-26APR-H0,ec0d65f1-a4e0-7ba6-b3f8-4104694f5f72
2026-03-26 17:54:11.602985+00:00,2,0.94,0.06,no,KXFEDDECISION-26APR-H0,116e1159-a2c5-757b-eed5-cdf55ec6b8d5
2026-03-26 18:00:13.311561+00:00,125,0.94,0.06,no,KXFEDDECISION-26APR-H0,90cc94f2-f4f5-785b-fd7c-181739383af1
2026-03-26 18:08:43.151847+00:00,5,0.95,0.05,yes,KXFEDDECISION-26APR-H0,d64c3475-9150-61a6-7eeb-278eb6822a22
2026-03-26 18:16:51.401526+00:00,1,0.95,0.05,yes,KXFEDDECISION-26APR-H0,35ab186b-efe8-4ab6-f5aa-7977e4965522
2026-03-26 18:18:41.028918+00:00,5,0.95,0.05,yes,KXFEDDECISION-26APR-H0,91b648dc-d318-7a12-b6be-1996a97c20e6
2026-03-26 18:24:45.431714+00:00,103,0.95,0.05,yes,KXFEDDECISION-26APR-H0,823b0854-05fc-484a-9d99-893b27944b5e
2026-03-26 18:24:45.459076+00:00,10000,0.95,0.05,yes,KXFEDDECISION-26APR-H0,6c5ebbb6-2f5c-4e6e-7fff-8d863cd9b88a
2026-03-26 18:28:29.588585+00:00,3,0.95,0.05,yes,KXFEDDECISION-26APR-H0,6c765a55-4478-7bee-6947-12aec27a53ee
2026-03-26 18:28:56.353058+00:00,3,0.94,0.06,no,KXFEDDECISION-26APR-H0,1912a853-851d-68d3-0d40-2a501dd831bd
2026-03-26 18:32:15.244299+00:00,2,0.94,0.06,no,KXFEDDECISION-26APR-H0,d76e98dd-314d-4947-5fc4-4f5dcdd69855
2026-03-26 18:52:11.448021+00:00,2,0.94,0.06,no,KXFEDDECISION-26APR-H0,8a0af663-5049-6d9b-6417-210b1c8a3d1d
2026-03-26 19:00:36.924853+00:00,3,0.95,0.05,yes,KXFEDDECISION-26APR-H0,b695130c-9928-70f2-76d3-7208cbc904ae
2026-03-26 19:01:36.563137+00:00,68,0.95,0.05,yes,KXFEDDECISION-26APR-H0,caafb00d-2808-400a-334d-9e9b394f4e1e
2026-03-26 19:09:18.816523+00:00,5,0.95,0.05,yes,KXFEDDECISION-26APR-H0,452243f1-59c8-7f16-b789-3aa4461cd5d6
2026-03-26 19:09:43.732632+00:00,5,0.94,0.06,no,KXFEDDECISION-26APR-H0,ca9b51c9-172d-616f-7cfb-d01997243501
2026-03-26 19:12:26.952108+00:00,4,0.95,0.05,yes,KXFEDDECISION-26APR-H0,4a10f48b-3cb4-7f9e-6616-047ec9f2ed7e
2026-03-26 19:12:41.456776+00:00,4,0.94,0.06,no,KXFEDDECISION-26APR-H0,adbafa8c-80c5-44d7-59e4-a99c082983c9
2026-03-26 19:15:19.272103+00:00,4,0.94,0.06,no,KXFEDDECISION-26APR-H0,8e113d72-44b1-6227-5f2b-807d1eadb395
2026-03-26 19:16:33.422167+00:00,4,0.95,0.05,yes,KXFEDDECISION-26APR-H0,5f734a0c-d5b4-6916-1404-dcab8d3a4782
2026-03-26 19:29:23.838220+00:00,1,0.95,0.05,yes,KXFEDDECISION-26APR-H0,48bdeded-4a00-51e6-956e-bb9ed7475526
2026-03-26 19:53:03.492102+00:00,1,0.95,0.05,yes,KXFEDDECISION-26APR-H0,0053f7fe-4cf8-4ffe-aad4-32527089d206
2026-03-26 20:07:20.178820+00:00,10,0.95,0.05,yes,KXFEDDECISION-26APR-H0,ff874953-005c-46fe-626b-b0f735ab515e
2026-03-26 20:15:25.700227+00:00,38,0.95,0.05,yes,KXFEDDECISION-26APR-H0,1066e06b-0394-53d2-42ea-12a701af0902
2026-03-26 20:24:48.079509+00:00,1,0.95,0.05,yes,KXFEDDECISION-26APR-H0,5e2f77fb-2c50-6fa2-4538-c9bd551f4bd6
2026-03-26 20:30:47.046444+00:00,78,0.94,0.06,no,KXFEDDECISION-26APR-H0,8d6565f4-2a95-4f0f-8182-98a33990659d
2026-03-26 20:37:36.636333+00:00,10,0.95,0.05,yes,KXFEDDECISION-26APR-H0,a633e7e4-a420-5e3a-6ebf-15404604865e
2026-03-26 21:11:01.604962+00:00,62,0.94,0.06,no,KXFEDDECISION-26APR-H0,dabbec86-bf25-440f-f0a3-0ec3f9434e11
2026-03-26 21:31:18.232707+00:00,2,0.94,0.06,no,KXFEDDECISION-26APR-H0,edf0422c-4a0d-7b0b-c688-a76f6b2a5639
2026-03-26 21:39:47.032843+00:00,1,0.95,0.05,yes,KXFEDDECISION-26APR-H0,35c507bc-9994-58de-603f-95ee1e2554da
2026-03-26 21:45:41.658251+00:00,5,0.95,0.05,yes,KXFEDDECISION-26APR-H0,ffe353ab-fc94-49fa-de41-4296bd7dde3e
2026-03-26 21:49:38.584250+00:00,63,0.94,0.06,no,KXFEDDECISION-26APR-H0,879a7768-5381-571f-24f4-4fd4a857ceb1
2026-03-26 22:17:45.602549+00:00,85,0.95,0.05,yes,KXFEDDECISION-26APR-H0,ab668a68-c54c-5e7a-9914-5478d1c6ea02
2026-03-26 22:24:02.184095+00:00,1,0.95,0.05,yes,KXFEDDECISION-26APR-H0,a688bd57-eafc-488e-c21c-f9db0092a942
2026-03-26 22:24:52.923536+00:00,158,0.95,0.05,yes,KXFEDDECISION-26APR-H0,776fd983-321c-7742-0e0e-513d38ff8452
2026-03-26 22:30:03.296391+00:00,26,0.95,0.05,yes,KXFEDDECISION-26APR-H0,5769da31-c2cc-7cb2-616a-2bdb39ad7c0a
2026-03-26 22:30:42.386248+00:00,16,0.94,0.06,no,KXFEDDECISION-26APR-H0,728902a8-2169-7153-7a4a-6afdcacb0e91
2026-03-26 22:48:53.487494+00:00,4,0.94,0.06,no,KXFEDDECISION-26APR-H0,0ef5cc1e-ee1d-5f8f-cd7b-761666b801a5
2026-03-26 22:53:05.918148+00:00,26,0.95,0.05,yes,KXFEDDECISION-26APR-H0,3de85d30-ff74-5c4e-1b49-070f5d4a8b46
2026-03-26 22:53:23.685127+00:00,26,0.94,0.06,no,KXFEDDECISION-26APR-H0,9ae03941-2889-6c47-b80c-fad50ae9b995
2026-03-26 22:53:32.723322+00:00,26,0.95,0.05,yes,KXFEDDECISION-26APR-H0,d7d1c157-06e8-58b6-b30f-12bde66fe03a
2026-03-26 22:53:49.119189+00:00,26,0.94,0.06,no,KXFEDDECISION-26APR-H0,06b13b44-8749-5f43-6fc9-1f4d0c04f919
2026-03-26 23:42:01.294719+00:00,37,0.95,0.05,yes,KXFEDDECISION-26APR-H0,f5ca244c-f6b8-5efe-1f33-a21fd1b2467e
2026-03-26 23:56:53.075840+00:00,2,0.94,0.06,no,KXFEDDECISION-26APR-H0,27ed4ef3-52a1-577f-3f64-0e15f8cf24d9
2026-03-27 00:02:35.016361+00:00,1,0.94,0.06,no,KXFEDDECISION-26APR-H0,df02fbab-3c11-628f-00e2-b318a15a32a5
2026-03-27 00:15:14.012665+00:00,10,0.94,0.06,no,KXFEDDECISION-26APR-H0,407a410f-3681-553b-efdb-692ee8ed9c01
2026-03-27 00:32:36.925549+00:00,312,0.95,0.05,yes,KXFEDDECISION-26APR-H0,9091c927-3ea8-4f22-4803-7a06733a5736
2026-03-27 00:59:15.079370+00:00,1,0.94,0.06,no,KXFEDDECISION-26APR-H0,fb3d53c4-10c9-4ab7-5541-7d005fcadca1
2026-03-27 01:33:58.387312+00:00,250,0.95,0.05,yes,KXFEDDECISION-26APR-H0,8b499f1f-f218-5866-b03e-0cf98090d76e
2026-03-27 01:44:35.727226+00:00,76,0.95,0.05,yes,KXFEDDECISION-26APR-H0,9fe5bc7c-1388-7336-38f7-df38641d3612
2026-03-27 01:58:37.275619+00:00,26,0.95,0.05,yes,KXFEDDECISION-26APR-H0,3d5c55ec-f950-7fde-61da-667cd5ee622e
2026-03-27 02:06:50.020084+00:00,234,0.94,0.06,no,KXFEDDECISION-26APR-H0,64c0e9ad-de39-6d67-573c-a68a3a1371f1
2026-03-27 02:41:12.170562+00:00,5,0.94,0.06,no,KXFEDDECISION-26APR-H0,1f17f3a5-08b5-745f-e5bd-c9029359e7e1
2026-03-27 02:42:09.602116+00:00,5,0.95,0.05,yes,KXFEDDECISION-26APR-H0,09b65e75-c1d4-5642-cfa8-fbc5b51ae4ea
2026-03-27 03:17:59.129728+00:00,31,0.94,0.06,no,KXFEDDECISION-26APR-H0,7dc3a7ba-1b1d-7993-df47-d7b7020f7df1
2026-03-27 03:20:36.432338+00:00,175,0.94,0.06,no,KXFEDDECISION-26APR-H0,4c2cd265-46fd-7dcf-7e89-41b1bfa4f1e9
2026-03-27 03:32:13.145377+00:00,200,0.95,0.05,yes,KXFEDDECISION-26APR-H0,4bc290ad-37d4-6d36-a729-90893615528a
2026-03-27 03:32:32.401904+00:00,20,0.94,0.06,no,KXFEDDECISION-26APR-H0,95474001-b3f1-4717-2328-309c0a1a360d
2026-03-27 03:32:39.935896+00:00,20,0.95,0.05,yes,KXFEDDECISION-26APR-H0,52194101-b718-53b2-1493-6f9c16adca1e
2026-03-27 04:46:28.493365+00:00,501,0.95,0.05,yes,KXFEDDECISION-26APR-H0,24c08f88-8b24-76b2-a1ac-3130806212fa
2026-03-27 04:48:13.964426+00:00,50,0.95,0.05,yes,KXFEDDECISION-26APR-H0,ea70c430-43fc-6982-66de-c2cd82f1fcaa
2026-03-27 04:51:23.032739+00:00,40,0.95,0.05,yes,KXFEDDECISION-26APR-H0,b0a7418b-392c-5b4a-b0b2-d30740c52bf6
2026-03-27 05:14:38.413030+00:00,13,0.94,0.06,no,KXFEDDECISION-26APR-H0,4a4f0992-fb09-626f-51f2-cad45decab19
2026-03-27 05:17:06.287579+00:00,8,0.95,0.05,yes,KXFEDDECISION-26APR-H0,c4a6b575-36bc-7e42-3bd6-a09bc55210e2
2026-03-27 05:19:29.226057+00:00,8,0.94,0.06,no,KXFEDDECISION-26APR-H0,266a3cb0-baf9-416b-1545-b060b53aa705
2026-03-27 05:53:14.437493+00:00,12,0.94,0.06,no,KXFEDDECISION-26APR-H0,5ffaa1b1-a09d-7c5b-c2d6-892765a775b1
2026-03-27 05:55:55.559428+00:00,10,0.95,0.05,yes,KXFEDDECISION-26APR-H0,564b50a0-97a4-7336-1566-9b54e19290b6
2026-03-27 06:11:11.312442+00:00,26,0.95,0.05,yes,KXFEDDECISION-26APR-H0,6a428035-66f8-4c26-6180-adb825f3b892
2026-03-27 06:43:07.663461+00:00,2,0.95,0.05,yes,KXFEDDECISION-26APR-H0,7afd6fbf-f7d8-6676-8011-2a93757da692
2026-03-27 07:08:09.057382+00:00,312,0.94,0.06,no,KXFEDDECISION-26APR-H0,8b73fb1f-3e99-615b-9eea-4628970d1531
2026-03-27 09:13:44.839853+00:00,166,0.94,0.06,no,KXFEDDECISION-26APR-H0,327c9c52-47ed-55f7-bff1-6f93aa25591d
2026-03-27 09:18:16.512498+00:00,1,0.95,0.05,yes,KXFEDDECISION-26APR-H0,bf827091-ab7c-4d96-3065-b9860bd9a54a
2026-03-27 10:40:26.244379+00:00,5245,0.95,0.05,yes,KXFEDDECISION-26APR-H0,0b941481-c99c-575a-de1c-db2cbf81d192
2026-03-27 11:20:52.241954+00:00,20,0.95,0.05,yes,KXFEDDECISION-26APR-H0,41891398-854c-77da-a9de-7e024c2f6e5a
2026-03-27 12:04:38.249983+00:00,1,0.94,0.06,no,KXFEDDECISION-26APR-H0,55a1057c-f20d-41f3-c7c1-bbd41b3c54d1
2026-03-27 12:06:43.823495+00:00,2,0.94,0.06,no,KXFEDDECISION-26APR-H0,6f0e8c69-f7d9-747b-f0c8-c0f7c57ee819
2026-03-27 12:16:11.808237+00:00,1,0.95,0.05,yes,KXFEDDECISION-26APR-H0,dc4fcbd9-0250-5716-c14a-aa0d744a9bae
2026-03-27 12:44:24.655299+00:00,80,0.94,0.06,no,KXFEDDECISION-26APR-H0,70cdb285-9599-651f-1bbf-2a2bcc650d4d
2026-03-27 13:43:43.980137+00:00,3392,0.95,0.05,yes,KXFEDDECISION-26APR-H0,207d4434-d2dc-465a-6d66-72753e72fb06
2026-03-27 13:43:57.017371+00:00,5000,0.95,0.05,yes,KXFEDDECISION-26APR-H0,635b9355-eae4-74ce-bfd4-6daa8d466562
2026-03-27 14:02:17.965728+00:00,10,0.95,0.05,yes,KXFEDDECISION-26APR-H0,289d6cf4-ef30-787a-6d7f-49b84d7047b6
2026-03-27 14:03:21.050333+00:00,125,0.94,0.06,no,KXFEDDECISION-26APR-H0,af9c4bb8-eac5-6707-2a83-cc99752cf0dd
2026-03-27 14:06:10.064332+00:00,1,0.94,0.06,no,KXFEDDECISION-26APR-H0,eb616ee5-b285-4527-06d4-d41353fd8171
2026-03-27 14:11:11.985775+00:00,10,0.95,0.05,yes,KXFEDDECISION-26APR-H0,2b725f30-56fc-42e2-bff7-c36d3eb85f9e
2026-03-27 14:31:48.917606+00:00,625,0.94,0.06,no,KXFEDDECISION-26APR-H0,b07c4420-e609-62e7-3f46-503359a45e71
2026-03-27 14:33:41.530893+00:00,500,0.94,0.06,no,KXFEDDECISION-26APR-H0,e83d29b5-79f9-5d9f-73cc-9c603c07f9e1
2026-03-27 14:36:43.594153+00:00,766,0.95,0.05,yes,KXFEDDECISION-26APR-H0,98fb8d8a-b5c8-43ce-66a8-70474d9f7b76
2026-03-27 14:38:07.728235+00:00,10,0.94,0.06,no,KXFEDDECISION-26APR-H0,20c42efb-9149-653f-d3a8-e69a1c896a49
2026-03-27 14:46:38.018391+00:00,1,0.95,0.05,yes,KXFEDDECISION-26APR-H0,64a07219-3b64-6f76-3254-987be1526456
2026-03-27 14:49:25.668769+00:00,15,0.94,0.06,no,KXFEDDECISION-26APR-H0,682de052-6629-754b-32ca-53407e7f3c29
2026-03-27 14:51:20.914585+00:00,5000,0.95,0.05,yes,KXFEDDECISION-26APR-H0,74f0056c-cf78-7952-9f65-58bfc47c83a2
2026-03-27 14:58:53.376763+00:00,216,0.95,0.05,yes,KXFEDDECISION-26APR-H0,efe18e25-1828-5c9e-381c-ec00f236690e
2026-03-27 15:10:29.821587+00:00,2,0.95,0.05,yes,KXFEDDECISION-26APR-H0,28f97bfd-81f4-684e-30ce-11744726a116
2026-03-27 15:23:22.767326+00:00,20,0.94,0.06,no,KXFEDDECISION-26APR-H0,f288ab60-46d1-6963-f8b0-b4ce8c24e52d
2026-03-27 15:23:41.100688+00:00,625,0.94,0.06,no,KXFEDDECISION-26APR-H0,0225160e-6c7d-49af-d51f-f9c6d04753a5
2026-03-27 15:46:28.728899+00:00,5,0.95,0.05,yes,KXFEDDECISION-26APR-H0,576cfe3c-cd9c-799a-3e85-23799a658f02
2026-03-27 16:02:16.693507+00:00,26,0.95,0.05,yes,KXFEDDECISION-26APR-H0,57e5d409-d43c-6276-51b5-d1b0e88abaa2
2026-03-27 16:03:05.346820+00:00,26,0.94,0.06,no,KXFEDDECISION-26APR-H0,9721a011-7b8d-7983-116f-2f9e221c49c5
2026-03-27 16:16:25.343072+00:00,10,0.95,0.05,yes,KXFEDDECISION-26APR-H0,1eb31f40-d734-60a2-680b-46a8c1ffb082
2026-03-27 16:37:50.179512+00:00,3304,0.95,0.05,yes,KXFEDDECISION-26APR-H0,e46ec193-1820-5513-c10f-61bd902593e4
2026-03-27 16:37:50.179512+00:00,1941,0.95,0.05,yes,KXFEDDECISION-26APR-H0,e14ff02b-fb18-52a2-c1bc-2e631de8b8b6
2026-03-27 16:45:30.917494+00:00,1,0.94,0.06,no,KXFEDDECISION-26APR-H0,ecd7ffe4-507d-6043-18ff-5d94616f9171
2026-03-27 16:45:53.181755+00:00,1,0.94,0.06,no,KXFEDDECISION-26APR-H0,65e8eaf2-4e05-5073-03eb-446ed1cc3a79
2026-03-27 17:07:48.621987+00:00,1563,0.94,0.06,no,KXFEDDECISION-26APR-H0,89c5869b-d105-7bf7-3ab0-2f9f9a14a53d
2026-03-27 17:12:09.710296+00:00,2337,0.95,0.05,yes,KXFEDDECISION-26APR-H0,111f8467-ea44-4747-67d4-1fbedecd44c4
2026-03-27 17:16:51.262303+00:00,100,0.95,0.05,yes,KXFEDDECISION-26APR-H0,9e2a1f35-6efc-4d37-2833-e725535a6f90
2026-03-27 17:20:52.476957+00:00,1,0.95,0.05,yes,KXFEDDECISION-26APR-H0,2526007f-3fd4-5567-614a-22672b20b5a0
2026-03-27 17:21:41.590804+00:00,1136,0.95,0.05,yes,KXFEDDECISION-26APR-H0,8297fa4c-f1bc-479b-1abd-ffeae8486f18
2026-03-27 17:23:12.377240+00:00,2,0.95,0.05,yes,KXFEDDECISION-26APR-H0,f1c4f1bd-7ad4-6cb3-68c9-5718150318e4
2026-03-27 17:27:46.189889+00:00,1583,0.94,0.06,no,KXFEDDECISION-26APR-H0,f01099a1-0c91-4a57-b491-ea274ce62c69
2026-03-27 17:36:51.091808+00:00,10,0.94,0.06,no,KXFEDDECISION-26APR-H0,16d7c3d3-e59d-465f-e12a-f4f526e7d9cd
2026-03-27 17:56:51.120497+00:00,15,0.94,0.06,no,KXFEDDECISION-26APR-H0,b5dc87bd-38ed-6e3b-988c-add614e39855
2026-03-27 18:04:22.793985+00:00,5,0.95,0.05,yes,KXFEDDECISION-26APR-H0,80f7541d-46dc-4547-d9bc-b93b049489ec
2026-03-27 18:20:16.401755+00:00,1048,0.95,0.05,yes,KXFEDDECISION-26APR-H0,ba512c1e-32ec-705b-f1e6-53b4f4869cc0
2026-03-27 18:24:20.457964+00:00,383,0.94,0.06,no,KXFEDDECISION-26APR-H0,846fb409-b4c4-67cc-94f6-4785ef7e763b
2026-03-27 18:24:20.457964+00:00,412,0.94,0.06,no,KXFEDDECISION-26APR-H0,8f340ec0-f86a-6d75-8912-6251f89b17bf
2026-03-27 18:24:20.457964+00:00,403,0.94,0.06,no,KXFEDDECISION-26APR-H0,3b85f680-bcbd-6091-89af-c88faca645dd
2026-03-27 18:24:20.457964+00:00,447,0.94,0.06,no,KXFEDDECISION-26APR-H0,76d79eac-3c56-6113-b6d5-7147a013e011
2026-03-27 18:24:20.457964+00:00,440,0.94,0.06,no,KXFEDDECISION-26APR-H0,347f2ff2-65b6-601e-9fa9-4df116749bb3
2026-03-27 18:24:20.457964+00:00,1040,0.94,0.06,no,KXFEDDECISION-26APR-H0,2fc1843f-1dfd-68f3-9068-842d27d4d389
2026-03-27 18:30:33.556746+00:00,420,0.94,0.06,no,KXFEDDECISION-26APR-H0,5e531fa3-fa08-66ae-c531-ba63dad37bdd
2026-03-27 18:30:33.556746+00:00,446,0.94,0.06,no,KXFEDDECISION-26APR-H0,ec10a1ea-09fc-672b-c0f4-ad6e1db7c1ab
2026-03-27 18:30:33.556746+00:00,419,0.94,0.06,no,KXFEDDECISION-26APR-H0,ded74c38-15c8-6568-fc30-029a52ef3377
2026-03-27 18:30:33.556746+00:00,427,0.94,0.06,no,KXFEDDECISION-26APR-H0,bd0aaedb-1192-6bd6-ed6c-51cf2cf13bf7
2026-03-27 18:30:33.556746+00:00,47,0.94,0.06,no,KXFEDDECISION-26APR-H0,b96fc222-9dc8-6b6c-e443-d431f0a3fa8b
2026-03-27 18:30:33.556746+00:00,425,0.94,0.06,no,KXFEDDECISION-26APR-H0,aa6b8670-88eb-6ca4-e393-55ba534223c0
2026-03-27 18:30:33.556746+00:00,405,0.94,0.06,no,KXFEDDECISION-26APR-H0,6f9d682f-4a11-6191-d416-8eaf55f8a855
2026-03-27 18:30:33.556746+00:00,413,0.94,0.06,no,KXFEDDECISION-26APR-H0,fe9f6798-6449-6fe7-d36d-9c059dfb1402
2026-03-27 18:30:33.556746+00:00,393,0.94,0.06,no,KXFEDDECISION-26APR-H0,54e5fe67-0140-6bfe-fde9-43b77220dfc6
2026-03-27 18:30:33.556746+00:00,427,0.94,0.06,no,KXFEDDECISION-26APR-H0,227d14ec-5e5b-6426-eb21-539a22f20421
2026-03-27 18:30:33.556746+00:00,1199,0.94,0.06,no,KXFEDDECISION-26APR-H0,0a8d72d6-0f78-699c-d8b2-9cec13d985a7
2026-03-27 18:30:33.556746+00:00,385,0.94,0.06,no,KXFEDDECISION-26APR-H0,08e9f4de-5333-6bbe-f4c7-1e085590c965
2026-03-27 18:30:33.556746+00:00,419,0.94,0.06,no,KXFEDDECISION-26APR-H0,01d63400-50e6-6f79-f130-8a257beda252
2026-03-27 18:30:33.556746+00:00,425,0.94,0.06,no,KXFEDDECISION-26APR-H0,ecb3fb57-f23c-6a40-cc3e-338e77de6215
2026-03-27 18:38:24.389365+00:00,2801,0.94,0.06,no,KXFEDDECISION-26APR-H0,82fc23a6-c4f0-51d0-085f-9dd3e8a36897
2026-03-27 18:38:24.389365+00:00,2199,0.94,0.06,no,KXFEDDECISION-26APR-H0,5c831bd4-3e2f-5308-276f-4918f3e8ee20
2026-03-27 18:45:32.198117+00:00,15,0.94,0.06,no,KXFEDDECISION-26APR-H0,f84c469d-57ef-4880-860d-1639b40da808
2026-03-27 18:48:36.904930+00:00,125,0.94,0.06,no,KXFEDDECISION-26APR-H0,33a17b38-7b5b-4efc-3472-a201bb808320
2026-03-27 18:51:24.964756+00:00,5,0.95,0.05,yes,KXFEDDECISION-26APR-H0,c43598ee-85d0-68bf-1e03-71513e098fc4
2026-03-27 18:59:21.648404+00:00,40,0.95,0.05,yes,KXFEDDECISION-26APR-H0,2d6c9606-86dc-508b-5250-db77a1f40534
2026-03-27 19:15:50.581631+00:00,2339,0.94,0.06,no,KXFEDDECISION-26APR-H0,0ee280d1-1f3f-6998-3fc1-b0306db3e5e4
2026-03-27 19:15:50.581631+00:00,161,0.94,0.06,no,KXFEDDECISION-26APR-H0,88693768-552f-61c0-29c0-cecdd5020d00
2026-03-27 19:22:28.509240+00:00,16,0.95,0.05,yes,KXFEDDECISION-26APR-H0,6efbf1a8-c104-59df-6108-fe5913736928
2026-03-27 19:24:03.070232+00:00,10,0.95,0.05,yes,KXFEDDECISION-26APR-H0,b5cb4762-747c-5fbf-629c-df852073aa64
2026-03-27 19:30:57.878841+00:00,15,0.95,0.05,yes,KXFEDDECISION-26APR-H0,17c56bd3-94e0-6753-7a8e-57cea308cf0c
2026-03-27 19:45:50.044454+00:00,5,0.95,0.05,yes,KXFEDDECISION-26APR-H0,98d554c6-dc10-7d73-4dfa-2baa2bd5f360
2026-03-27 19:51:31.993949+00:00,1563,0.94,0.06,no,KXFEDDECISION-26APR-H0,96d90ce1-1bef-4448-b552-2af592fff2a0
2026-03-27 19:59:40.476796+00:00,26,0.94,0.06,no,KXFEDDECISION-26APR-H0,e1719cd9-5633-65d4-6be0-f0c4ac49a9bc
2026-03-27 20:04:47.954958+00:00,199,0.95,0.05,yes,KXFEDDECISION-26APR-H0,828d78d6-4670-56cf-448d-5cdb785f74a0
2026-03-27 20:10:49.273926+00:00,72,0.94,0.06,no,KXFEDDECISION-26APR-H0,f95fae5e-f237-5554-5dfb-43da7092aa04
2026-03-27 20:10:49.273926+00:00,1491,0.94,0.06,no,KXFEDDECISION-26APR-H0,60d56d40-6e49-56e7-4310-ba0774dfd4e0
2026-03-27 20:35:58.797391+00:00,26,0.95,0.05,yes,KXFEDDECISION-26APR-H0,97610299-df3c-5c07-3416-6beb6f88dcfc
2026-03-27 20:41:34.326111+00:00,20,0.95,0.05,yes,KXFEDDECISION-26APR-H0,19cfd3eb-7120-6f3b-75c9-f0b06ec6cda8
2026-03-27 20:46:03.920282+00:00,998,0.95,0.05,yes,KXFEDDECISION-26APR-H0,440dc28f-9244-573b-b8e4-849720051a24
2026-03-27 20:46:14.948405+00:00,1990,0.95,0.05,yes,KXFEDDECISION-26APR-H0,22672bf2-17bc-7687-8df7-945df344ebb8
2026-03-27 20:46:19.597873+00:00,1987,0.95,0.05,yes,KXFEDDECISION-26APR-H0,cb41d34e-a7b8-5b2f-ee1f-effa55b527f0
2026-03-27 20:46:25.414323+00:00,1990,0.95,0.05,yes,KXFEDDECISION-26APR-H0,b4072087-e138-56d7-aac8-a0c3b0f91a38
2026-03-27 20:46:57.438952+00:00,862,0.95,0.05,yes,KXFEDDECISION-26APR-H0,f03abd52-2578-5bef-2f05-b86e44f59470
2026-03-27 20:47:02.966336+00:00,292,0.95,0.05,yes,KXFEDDECISION-26APR-H0,46539606-0d0c-5ddf-6bbf-ecc35b381488
2026-03-27 20:47:08.461269+00:00,440,0.95,0.05,yes,KXFEDDECISION-26APR-H0,35cb2bb9-1a88-6a9f-9627-cec63eac597c
2026-03-27 20:47:13.590970+00:00,210,0.95,0.05,yes,KXFEDDECISION-26APR-H0,1af9a545-6af0-47bb-883c-201e3d3a1f1c
2026-03-27 20:47:18.962816+00:00,2000,0.95,0.05,yes,KXFEDDECISION-26APR-H0,b1e2fca4-50a8-43d7-e767-2373210073e8
2026-03-27 20:47:24.292092+00:00,1090,0.95,0.05,yes,KXFEDDECISION-26APR-H0,c68bb1fb-fd90-56ef-e175-5f0e372f0348
2026-03-27 20:47:29.893061+00:00,1080,0.95,0.05,yes,KXFEDDECISION-26APR-H0,ca78633e-7804-4823-d90a-705c3e867f7c
2026-03-27 20:47:35.687104+00:00,240,0.95,0.05,yes,KXFEDDECISION-26APR-H0,8dd2252b-86b0-76e3-9bde-681645420698
2026-03-27 20:47:42.568952+00:00,191,0.95,0.05,yes,KXFEDDECISION-26APR-H0,2695a520-acf8-54eb-de7b-a60350006aa0
2026-03-27 20:47:47.951764+00:00,330,0.95,0.05,yes,KXFEDDECISION-26APR-H0,4d8b0fd1-ffbc-7d43-f674-4770c5470be8
2026-03-27 20:47:53.242022+00:00,970,0.95,0.05,yes,KXFEDDECISION-26APR-H0,91e326af-b270-7f1f-0aba-85e149d8c8e4
2026-03-27 20:47:58.797541+00:00,230,0.95,0.05,yes,KXFEDDECISION-26APR-H0,2b44e678-e458-75ef-d804-49bdf25a00d8
2026-03-27 20:48:14.513590+00:00,320,0.95,0.05,yes,KXFEDDECISION-26APR-H0,72cfae5d-8d00-53f7-22ad-9df6982d00bc
2026-03-27 20:49:35.451650+00:00,913,0.95,0.05,yes,KXFEDDECISION-26APR-H0,0903841c-6cd4-7f47-2d2c-ad0617975ad8
2026-03-27 20:51:50.706131+00:00,1674,0.95,0.05,yes,KXFEDDECISION-26APR-H0,95ad615e-3f88-4d9b-3611-7b7ab1fa8960
2026-03-27 20:51:55.963253+00:00,1996,0.95,0.05,yes,KXFEDDECISION-26APR-H0,3554c0ff-ac30-4df3-a4cc-b8aadc4338c4
2026-03-27 20:52:01.436068+00:00,2002,0.95,0.05,yes,KXFEDDECISION-26APR-H0,71557575-9e10-6b43-8d45-5883e36cdd18
2026-03-27 20:52:06.923107+00:00,2002,0.95,0.05,yes,KXFEDDECISION-26APR-H0,9ffd2cda-f874-61c7-3f43-788fc677736c
2026-03-27 20:52:07.382763+00:00,60,0.95,0.05,yes,KXFEDDECISION-26APR-H0,53a23d64-b440-580f-ee6f-8c03e4d81240
2026-03-27 20:52:12.663976+00:00,2002,0.95,0.05,yes,KXFEDDECISION-26APR-H0,577dbde1-7d80-5c33-545c-5fe17d7608e4
2026-03-27 20:52:12.944222+00:00,60,0.95,0.05,yes,KXFEDDECISION-26APR-H0,71904bdb-6dfc-5a23-f126-dbdebbd9dab4
2026-03-27 20:52:18.142910+00:00,2002,0.95,0.05,yes,KXFEDDECISION-26APR-H0,def434d0-51c0-7d5f-9497-9ca77c33b864
2026-03-27 20:52:23.731816+00:00,2002,0.95,0.05,yes,KXFEDDECISION-26APR-H0,ba74aac5-5c80-581b-adaf-3978fb9e7d30
2026-03-27 20:52:27.569119+00:00,10000,0.95,0.05,yes,KXFEDDECISION-26APR-H0,feb31e5a-d7ac-6203-9c60-69d73508aa8c
2026-03-27 20:52:29.122473+00:00,2002,0.95,0.05,yes,KXFEDDECISION-26APR-H0,cebe5361-061c-69cb-2593-80cc41c54f70
2026-03-27 20:52:34.524676+00:00,2002,0.95,0.05,yes,KXFEDDECISION-26APR-H0,8f7b1540-0bf8-68f3-7bd9-917341430d94
2026-03-27 20:52:39.993107+00:00,2002,0.95,0.05,yes,KXFEDDECISION-26APR-H0,52407e6c-8738-586b-facf-890dad8b174c
2026-03-27 20:52:45.423827+00:00,2002,0.95,0.05,yes,KXFEDDECISION-26APR-H0,1b35eeba-1044-433b-1f0a-eef36612f834
2026-03-27 20:52:51.360672+00:00,2000,0.95,0.05,yes,KXFEDDECISION-26APR-H0,623eb81f-eaa0-7783-5304-b74b4a7d3f34
2026-03-27 20:52:56.737681+00:00,2000,0.95,0.05,yes,KXFEDDECISION-26APR-H0,a14f46f0-4484-61ab-3544-b8e5a8765790
2026-03-27 20:58:39.059473+00:00,3006,0.95,0.05,yes,KXFEDDECISION-26APR-H0,0b6ffe34-7ee4-5003-3615-d944f922fa48
2026-03-27 20:58:46.774587+00:00,204,0.95,0.05,yes,KXFEDDECISION-26APR-H0,c5a978c7-ca14-7e73-1aca-9cd383cf8358
2026-03-27 20:58:48.666567+00:00,906,0.95,0.05,yes,KXFEDDECISION-26APR-H0,c4232253-9ed4-484b-8318-ad196c79cf6c
2026-03-27 20:59:09.043817+00:00,27,0.95,0.05,yes,KXFEDDECISION-26APR-H0,074d4861-2278-5a07-778a-34362c9f9020
2026-03-27 20:59:33.020743+00:00,220,0.95,0.05,yes,KXFEDDECISION-26APR-H0,95346111-89dc-6413-32a5-23912eae2f40
2026-03-27 21:01:45.385075+00:00,232,0.95,0.05,yes,KXFEDDECISION-26APR-H0,f07629d8-7b24-7d3f-edd1-7baa7a7f2430
2026-03-27 21:01:45.845787+00:00,30,0.95,0.05,yes,KXFEDDECISION-26APR-H0,49ac7745-5cc0-5973-2de3-5edfb2f27e48
2026-03-27 21:01:46.320096+00:00,60,0.95,0.05,yes,KXFEDDECISION-26APR-H0,0feb5275-5050-477b-dabd-6ca3ce8546f8
2026-03-27 21:01:46.600902+00:00,50,0.95,0.05,yes,KXFEDDECISION-26APR-H0,f230d780-d67c-61e3-3089-6b8083ffc990
2026-03-27 21:05:15.045392+00:00,50,0.95,0.05,yes,KXFEDDECISION-26APR-H0,a994abf1-cda4-4c3f-656e-0ec2f0fd0ea4
2026-03-27 21:05:15.391758+00:00,50,0.95,0.05,yes,KXFEDDECISION-26APR-H0,c3108d89-3a70-7313-896e-8303a6795858
2026-03-27 21:05:15.654955+00:00,30,0.95,0.05,yes,KXFEDDECISION-26APR-H0,f0b724e3-a024-6f93-b47e-25dbdb22a78c
2026-03-27 21:19:17.053464+00:00,55,0.95,0.05,yes,KXFEDDECISION-26APR-H0,ad189ab1-667c-4c8b-1b5d-433ee7c6cb84
2026-03-27 21:19:17.395598+00:00,50,0.95,0.05,yes,KXFEDDECISION-26APR-H0,4c13f0bd-2860-5acb-c27a-43f031906fe4
2026-03-27 21:19:17.664831+00:00,30,0.95,0.05,yes,KXFEDDECISION-26APR-H0,cee6fc0b-25ec-776b-ee19-fc0e42d7dabc
2026-03-27 21:19:18.107753+00:00,50,0.95,0.05,yes,KXFEDDECISION-26APR-H0,2137809f-dbe8-753f-40dc-c6466642e884
2026-03-27 21:26:55.970669+00:00,23,0.95,0.05,yes,KXFEDDECISION-26APR-H0,76f40ef8-07a8-6f87-c300-4517ec760d90
2026-03-27 21:28:21.877092+00:00,1,0.95,0.05,yes,KXFEDDECISION-26APR-H0,58dc4c32-6418-54ab-ecdb-c07b8ec35780
2026-03-27 21:32:16.692715+00:00,91,0.95,0.05,yes,KXFEDDECISION-26APR-H0,48ba9218-bc54-526f-6aff-c061b020faa0
2026-03-27 21:32:17.131575+00:00,85,0.95,0.05,yes,KXFEDDECISION-26APR-H0,8a4efc97-2804-5e8b-d5f8-ffaa2dcc6a50
2026-03-27 21:32:17.408186+00:00,1166,0.95,0.05,yes,KXFEDDECISION-26APR-H0,d595402a-d3ec-566f-42a5-a2e60f40e9bc
2026-03-27 21:33:18.739016+00:00,165,0.95,0.05,yes,KXFEDDECISION-26APR-H0,6b65d5e4-d710-722b-ad4a-e206c277ad74
2026-03-27 21:34:03.122419+00:00,137,0.95,0.05,yes,KXFEDDECISION-26APR-H0,d3853e99-aff8-7a43-d2a6-40395d8112e4
2026-03-27 21:36:29.136298+00:00,6,0.94,0.06,no,KXFEDDECISION-26APR-H0,2ec528ca-e179-55ef-2f7e-722e79c18940
2026-03-27 21:38:03.109577+00:00,172,0.95,0.05,yes,KXFEDDECISION-26APR-H0,7983a233-9a28-64cf-2a1a-bcda4950265c
2026-03-27 21:42:41.187388+00:00,21,0.95,0.05,yes,KXFEDDECISION-26APR-H0,dd83c51b-c538-5c97-cb63-fa5560927fc4
2026-03-27 21:43:26.051834+00:00,1,0.95,0.05,yes,KXFEDDECISION-26APR-H0,3c600bb9-e8cc-666b-1e34-ebc75819a780
2026-03-27 21:45:44.422237+00:00,1122,0.95,0.05,yes,KXFEDDECISION-26APR-H0,319f8454-4d53-6bb6-d02c-c80e63c6e52c
2026-03-27 21:45:44.422237+00:00,32878,0.95,0.05,yes,KXFEDDECISION-26APR-H0,3b815bf0-1558-6b77-c954-12335783ad60
2026-03-27 21:45:44.422237+00:00,1000,0.95,0.05,yes,KXFEDDECISION-26APR-H0,4e5466dd-d72e-61a5-d95c-da7b0e9160bd
2026-03-27 22:01:04.635128+00:00,15,0.94,0.06,no,KXFEDDECISION-26APR-H0,738200e7-e6f5-472b-7881-071cae53f060
2026-03-27 22:10:08.472824+00:00,1,0.95,0.05,yes,KXFEDDECISION-26APR-H0,6a1587a8-2f5b-6eae-bc15-2bbede16b2e4
2026-03-27 22:11:37.376392+00:00,98,0.95,0.05,yes,KXFEDDECISION-26APR-H0,4102699e-40bb-5abe-6acc-a2b7f021d4c0
2026-03-27 22:17:04.195587+00:00,50,0.95,0.05,yes,KXFEDDECISION-26APR-H0,9b30d3ca-6db7-7cba-7d67-026452e884a4
2026-03-27 22:17:23.590662+00:00,1000,0.95,0.05,yes,KXFEDDECISION-26APR-H0,2fcdbd65-9b38-7124-e13e-12ed8d54a6bd
2026-03-27 22:17:23.590662+00:00,2,0.95,0.05,yes,KXFEDDECISION-26APR-H0,366a1e14-5057-7b5d-ea23-b4efdfccd1c8
2026-03-27 22:17:23.590662+00:00,2000,0.95,0.05,yes,KXFEDDECISION-26APR-H0,4052b3d2-251c-7ec4-fbd9-e52c73176884
2026-03-27 22:17:23.590662+00:00,4758,0.95,0.05,yes,KXFEDDECISION-26APR-H0,4669d54a-5e8a-72e5-eb4c-aee7ff1ff4a2
2026-03-27 22:17:23.590662+00:00,729,0.95,0.05,yes,KXFEDDECISION-26APR-H0,645d0bd6-925f-7e56-da7b-b96ea062f4a0
2026-03-27 22:17:23.590662+00:00,2000,0.95,0.05,yes,KXFEDDECISION-26APR-H0,b9d2f204-4f7a-77a2-e387-1c351dd10e74
2026-03-27 22:27:27.919683+00:00,2000,0.95,0.05,yes,KXFEDDECISION-26APR-H0,facbf924-2904-5592-bbd9-962fc272cbb6
2026-03-27 22:27:27.919683+00:00,50,0.95,0.05,yes,KXFEDDECISION-26APR-H0,d2cc9ebd-a8e0-5afd-b9ee-5d7210c14fa3
2026-03-27 22:27:27.919683+00:00,500,0.95,0.05,yes,KXFEDDECISION-26APR-H0,a3ccdbe5-335f-5ffe-881f-458871729fa1
2026-03-27 22:27:27.919683+00:00,6000,0.95,0.05,yes,KXFEDDECISION-26APR-H0,79ba6aaa-30d3-5ad3-9502-c64ccb419969
2026-03-27 22:27:27.919683+00:00,5000,0.95,0.05,yes,KXFEDDECISION-26APR-H0,c443e0c2-aee2-51c1-83c3-e33be14685c1
2026-03-27 22:27:27.919683+00:00,6000,0.95,0.05,yes,KXFEDDECISION-26APR-H0,43461230-af3d-5476-b5af-7d7e8dc43413
2026-03-27 22:27:27.919683+00:00,4000,0.95,0.05,yes,KXFEDDECISION-26APR-H0,68cb88ea-e56f-5afc-9742-368635a3dea8
2026-03-27 22:27:27.919683+00:00,2000,0.95,0.05,yes,KXFEDDECISION-26APR-H0,0648f082-0cc4-5386-bd0b-ef048267e398
2026-03-27 23:19:55.409209+00:00,1,0.96,0.04,yes,KXFEDDECISION-26APR-H0,51ef012f-88db-51cd-2a2a-003223f7ccbf
2026-03-27 23:25:57.866166+00:00,1,0.96,0.04,yes,KXFEDDECISION-26APR-H0,b6b59375-dc73-6fc9-0592-058babcbf527
2026-03-27 23:26:34.047335+00:00,5,0.96,0.04,yes,KXFEDDECISION-26APR-H0,e22b8138-47ef-66ed-8f30-6497efa56317
2026-03-27 23:31:49.166095+00:00,37,0.95,0.05,no,KXFEDDECISION-26APR-H0,b9cf1e44-3edb-58f4-aa81-69785bf5eb45
2026-03-27 23:33:48.618662+00:00,18,0.95,0.05,no,KXFEDDECISION-26APR-H0,dc0a3a5c-4633-4c88-d8cd-17cc94d10b4d
2026-03-28 00:10:56.244727+00:00,1500,0.95,0.05,no,KXFEDDECISION-26APR-H0,9216cd51-b247-7e18-50a6-43953d6c9859
2026-03-28 00:33:24.433653+00:00,20,0.95,0.05,no,KXFEDDECISION-26APR-H0,17440274-7797-55e8-74dc-e5ff404d7811
2026-03-28 00:38:30.872551+00:00,1,0.96,0.04,yes,KXFEDDECISION-26APR-H0,c7394c19-c353-46ed-fbf1-81986167b9b3
2026-03-28 00:43:49.823457+00:00,28,0.95,0.05,no,KXFEDDECISION-26APR-H0,d7465397-1897-48f4-e332-d43d751fa20d
2026-03-28 00:48:06.619197+00:00,2,0.96,0.04,yes,KXFEDDECISION-26APR-H0,e0e5107d-2d1b-6459-9f1f-b2672ff0556b
2026-03-28 01:22:26.376759+00:00,103,0.96,0.04,yes,KXFEDDECISION-26APR-H0,41225910-2357-7195-1fc4-39eb7bd30513
2026-03-28 01:48:52.863592+00:00,387,0.96,0.04,yes,KXFEDDECISION-26APR-H0,98e0495e-d573-56c5-f698-50ebe8bdd16f
2026-03-28 01:48:52.863592+00:00,12078,0.96,0.04,yes,KXFEDDECISION-26APR-H0,50d17c84-bfce-569a-e0b7-06a1980bd2e5
2026-03-28 01:56:12.253397+00:00,18,0.96,0.04,yes,KXFEDDECISION-26APR-H0,fd862594-5db6-58d2-96eb-ca7a195a41f5
2026-03-28 02:12:55.684271+00:00,500,0.95,0.05,no,KXFEDDECISION-26APR-H0,93133c69-84eb-43e0-f686-51619f57a01d
2026-03-28 02:14:32.652616+00:00,5194,0.96,0.04,yes,KXFEDDECISION-26APR-H0,7885844c-703e-6806-8cab-e93379f58921
2026-03-28 02:19:58.800492+00:00,10,0.96,0.04,yes,KXFEDDECISION-26APR-H0,a9040468-5dd2-7cca-c256-e35734771f41
2026-03-28 02:21:19.960702+00:00,10,0.96,0.04,yes,KXFEDDECISION-26APR-H0,995b366c-09de-6e46-8532-28538df629f5
2026-03-28 02:31:30.115475+00:00,18,0.95,0.05,no,KXFEDDECISION-26APR-H0,c7fd9327-236f-4cb8-8d5d-7c0f7581d905
2026-03-28 02:41:34.864675+00:00,529,0.95,0.05,no,KXFEDDECISION-26APR-H0,aafcf065-12e7-4b50-1332-cb97f6d07e89
2026-03-28 02:42:39.494567+00:00,285,0.95,0.05,no,KXFEDDECISION-26APR-H0,2372a676-59af-6428-1ae9-65bd76ad03a1
2026-03-28 03:10:17.629624+00:00,20,0.96,0.04,yes,KXFEDDECISION-26APR-H0,aa4db1fd-6e36-65fa-1e30-121295697901
2026-03-28 03:14:16.123035+00:00,14,0.95,0.05,no,KXFEDDECISION-26APR-H0,d646d9a0-7d3f-4780-2877-6b990ea76681
2026-03-28 03:32:02.621930+00:00,100,0.96,0.04,yes,KXFEDDECISION-26APR-H0,3a49af83-aa16-746e-e9fa-0453cf0b8715
2026-03-28 03:43:05.814526+00:00,325,0.95,0.05,no,KXFEDDECISION-26APR-H0,1c2d03f2-03cb-60f0-414f-17522f8526e9
2026-03-28 03:47:31.383358+00:00,51,0.96,0.04,yes,KXFEDDECISION-26APR-H0,5c732017-02ae-5daa-7e56-9268394da12d
2026-03-28 04:11:50.257492+00:00,31,0.96,0.04,yes,KXFEDDECISION-26APR-H0,36f9e369-e116-429e-ce8c-80c76dd9e0c5
2026-03-28 04:14:20.816123+00:00,200,0.95,0.05,no,KXFEDDECISION-26APR-H0,9c923e1d-6597-68dc-f3ca-627ae5c51841
2026-03-28 04:45:35.364846+00:00,1,0.95,0.05,no,KXFEDDECISION-26APR-H0,7691ef8d-a33f-4474-4461-7e5c1eccdee1
2026-03-28 05:28:02.428089+00:00,102,0.96,0.04,yes,KXFEDDECISION-26APR-H0,fe1bcf4e-452a-741a-954a-6b6f82f994f1
2026-03-28 06:23:25.376389+00:00,5,0.96,0.04,yes,KXFEDDECISION-26APR-H0,376a62c2-8912-739e-823b-7fbb96ae7359
2026-03-28 06:26:30.414438+00:00,1255,0.96,0.04,yes,KXFEDDECISION-26APR-H0,006346f0-d04e-43e6-fa68-8899ef4b610d
2026-03-28 07:17:21.510690+00:00,72,0.95,0.05,no,KXFEDDECISION-26APR-H0,e722db39-43c3-6940-bdda-8dcbd680b5ad
2026-03-28 08:34:23.566592+00:00,2,0.96,0.04,yes,KXFEDDECISION-26APR-H0,75522146-8aae-4f8a-9b2e-5f754b9b1e35
2026-03-28 08:35:02.985951+00:00,37,0.95,0.05,no,KXFEDDECISION-26APR-H0,ecf1c840-b91b-74b4-2773-15f1d6513625
2026-03-28 09:42:59.640503+00:00,425,0.95,0.05,no,KXFEDDECISION-26APR-H0,cb6cfefd-1427-7b34-150f-b0cb22c49efd
2026-03-28 09:43:10.344325+00:00,447,0.95,0.05,no,KXFEDDECISION-26APR-H0,714ff98e-9e73-5e34-02ac-48a111505ce1
2026-03-28 09:43:36.140493+00:00,412,0.95,0.05,no,KXFEDDECISION-26APR-H0,fd2a6235-1bff-406c-c517-cb3e4e2c564d
2026-03-28 09:43:49.061386+00:00,440,0.95,0.05,no,KXFEDDECISION-26APR-H0,ab3712a4-3d1b-4098-85b8-fc0160a4f45d
2026-03-28 09:44:05.558967+00:00,403,0.95,0.05,no,KXFEDDECISION-26APR-H0,7578b94b-0147-4ba4-cb7a-3603027cb445
2026-03-28 09:46:10.626841+00:00,3,0.95,0.05,no,KXFEDDECISION-26APR-H0,d6fc7a83-9333-4a60-0839-d198db4c47f5
2026-03-28 09:46:47.857953+00:00,420,0.95,0.05,no,KXFEDDECISION-26APR-H0,dc66778d-25eb-4adc-96e3-e627a69c9bc5
2026-03-28 09:47:22.030501+00:00,419,0.95,0.05,no,KXFEDDECISION-26APR-H0,0051a040-9f7b-4a00-1c7a-75c6c7220725
2026-03-28 09:49:09.613106+00:00,385,0.95,0.05,no,KXFEDDECISION-26APR-H0,4af1f14f-9b17-4294-8fab-c028392fa35d
2026-03-28 09:49:16.256379+00:00,393,0.95,0.05,no,KXFEDDECISION-26APR-H0,064936bb-c66b-6564-fac1-ce73dad0b745
2026-03-28 09:49:29.525635+00:00,425,0.95,0.05,no,KXFEDDECISION-26APR-H0,605a569a-89bf-4a0c-4878-e6435ee8e4c9
2026-03-28 09:49:33.646052+00:00,413,0.95,0.05,no,KXFEDDECISION-26APR-H0,70a52991-63cf-6950-5bc1-b4f6ccb2fc81
2026-03-28 09:49:57.708761+00:00,427,0.95,0.05,no,KXFEDDECISION-26APR-H0,ba4d7c64-5b57-6f0c-d134-c4f83e27c3bd
2026-03-28 09:50:04.634639+00:00,405,0.95,0.05,no,KXFEDDECISION-26APR-H0,816bb8cc-dac3-5b14-e527-5e9d6f869299
2026-03-28 09:50:16.862059+00:00,446,0.95,0.05,no,KXFEDDECISION-26APR-H0,23142a89-9207-43bc-99f0-2b4d5decc185
2026-03-28 09:50:35.518666+00:00,427,0.95,0.05,no,KXFEDDECISION-26APR-H0,0764aaa0-3dab-7474-0143-8ed969b25a75
2026-03-28 09:50:52.413555+00:00,419,0.95,0.05,no,KXFEDDECISION-26APR-H0,9cccde70-49c3-4e8c-9adb-c48d47bdf965
2026-03-28 11:21:00.615638+00:00,40,0.95,0.05,no,KXFEDDECISION-26APR-H0,1f33567d-775b-5230-62dc-2423d828bca9
2026-03-28 11:21:49.186904+00:00,2,0.96,0.04,yes,KXFEDDECISION-26APR-H0,e596eb43-f4fa-71a2-e9d1-25cc9b760d6d
2026-03-28 12:00:54.454148+00:00,1,0.96,0.04,yes,KXFEDDECISION-26APR-H0,6eba2189-374e-580a-bb7d-23734ae7d0a9
2026-03-28 12:10:56.156085+00:00,1,0.96,0.04,yes,KXFEDDECISION-26APR-H0,4f683190-1242-55b6-43ee-bfaa2a183665
2026-03-28 13:59:31.887937+00:00,265,0.96,0.04,yes,KXFEDDECISION-26APR-H0,eed209d6-abaa-6fee-39f5-a27427f7f8cd
2026-03-28 14:29:57.022906+00:00,142,0.95,0.05,no,KXFEDDECISION-26APR-H0,e759383e-cf77-4cf4-df23-11f6f20fa609
2026-03-28 14:32:46.781481+00:00,100,0.95,0.05,no,KXFEDDECISION-26APR-H0,d847be7e-b6d7-6cb4-ef5c-21c385aa7835
2026-03-28 14:49:41.195729+00:00,25,0.96,0.04,yes,KXFEDDECISION-26APR-H0,61acf7a7-89b2-7eda-10e5-a2462cc8bcf5
2026-03-28 14:58:56.246951+00:00,10000,0.95,0.05,no,KXFEDDECISION-26APR-H0,16b53c4b-96df-78d0-45fa-de4f4dd136dd
2026-03-28 15:26:32.842697+00:00,2,0.96,0.04,yes,KXFEDDECISION-26APR-H0,2cc585ae-ad9a-630a-6931-f8f50c2ee6bd
2026-03-28 15:41:10.941006+00:00,25,0.96,0.04,yes,KXFEDDECISION-26APR-H0,32df71d2-9e22-67ea-f7c0-70fc9d9995f5
2026-03-28 15:52:49.913436+00:00,142,0.96,0.04,yes,KXFEDDECISION-26APR-H0,6f58bb76-db3e-4102-235f-adf7c4f117e9
2026-03-28 15:53:48.898614+00:00,25,0.96,0.04,yes,KXFEDDECISION-26APR-H0,47cba94a-3536-748a-e746-1aa5fdcc6cc1
2026-03-28 15:54:24.940496+00:00,1,0.96,0.04,yes,KXFEDDECISION-26APR-H0,fe53a280-221a-7ffa-da4f-882d0b1bf901
2026-03-28 16:26:32.700972+00:00,281,0.95,0.05,no,KXFEDDECISION-26APR-H0,37e7be0f-de67-7b18-e3d1-175114d2225d
2026-03-28 16:28:28.646381+00:00,1,0.96,0.04,yes,KXFEDDECISION-26APR-H0,44b7576b-6e72-682e-547e-783cb50e0659
2026-03-28 16:52:48.865799+00:00,1,0.96,0.04,yes,KXFEDDECISION-26APR-H0,7e71fa04-026e-74fe-545b-f64eaa973f69
2026-03-28 17:00:00.245326+00:00,5,0.96,0.04,yes,KXFEDDECISION-26APR-H0,1887b81b-cc1e-589a-390d-a55155876b65
2026-03-28 17:12:30.492156+00:00,5,0.96,0.04,yes,KXFEDDECISION-26APR-H0,f5e7b580-6022-59ea-ed26-b9b6c3dbf465
2026-03-28 17:29:10.996011+00:00,93,0.95,0.05,no,KXFEDDECISION-26APR-H0,de10ba9e-0d37-4e14-3f95-e319af6a0e81
2026-03-28 17:54:18.277612+00:00,37,0.96,0.04,yes,KXFEDDECISION-26APR-H0,1453c1f3-3006-4e4e-a431-3ab05e17b669
2026-03-28 18:20:37.700779+00:00,160,0.95,0.05,no,KXFEDDECISION-26APR-H0,162fa0cf-e233-50a8-7767-1fa5ddf2e3fd
2026-03-28 18:34:57.440947+00:00,10,0.96,0.04,yes,KXFEDDECISION-26APR-H0,020676e9-16a6-4c3e-d279-947a75cf8471
2026-03-28 18:54:32.637338+00:00,80,0.95,0.05,no,KXFEDDECISION-26APR-H0,8ab6dc94-dacf-40b8-9ff6-c87020cc8909
2026-03-28 19:01:19.994316+00:00,8,0.95,0.05,no,KXFEDDECISION-26APR-H0,9c241efa-c10b-4238-bf59-0556a18f095d
2026-03-28 19:01:37.710539+00:00,8,0.96,0.04,yes,KXFEDDECISION-26APR-H0,897afe29-1e76-6c4a-4a2b-3a1606209055
2026-03-28 19:16:45.584797+00:00,142,0.95,0.05,no,KXFEDDECISION-26APR-H0,fa83a9cd-64ff-4514-40c9-bddeacd61631
2026-03-28 19:19:23.194453+00:00,5,0.96,0.04,yes,KXFEDDECISION-26APR-H0,c9a492d1-f58a-69aa-31a0-fc4bdff99955
2026-03-28 19:20:07.309501+00:00,10,0.96,0.04,yes,KXFEDDECISION-26APR-H0,5b435587-2476-6b1e-4a3b-07a22a9fb731
2026-03-28 19:22:26.291316+00:00,5,0.95,0.05,no,KXFEDDECISION-26APR-H0,1a17aaaa-693f-41e4-819f-270e36a93665
2026-03-28 19:35:39.996747+00:00,5,0.96,0.04,yes,KXFEDDECISION-26APR-H0,243f1d69-9af2-456a-d566-b14e708630d5
2026-03-28 19:57:19.735985+00:00,1,0.96,0.04,yes,KXFEDDECISION-26APR-H0,5c2fedaf-f89a-66f2-0445-1e4afd9b02b5
2026-03-28 20:00:08.542589+00:00,100,0.95,0.05,no,KXFEDDECISION-26APR-H0,d111a274-c4ff-78b4-646b-77bb704e55d9
2026-03-28 20:01:18.585192+00:00,101,0.95,0.05,no,KXFEDDECISION-26APR-H0,e274fbbc-cf3b-4cb0-3a80-1b0561b3dbc9
2026-03-28 20:02:47.283574+00:00,100,0.95,0.05,no,KXFEDDECISION-26APR-H0,244e0d60-c14b-4724-d7ee-753ab5571301
2026-03-28 20:07:54.151197+00:00,1,0.95,0.05,no,KXFEDDECISION-26APR-H0,f1800058-5443-473c-8d83-ff157a8aca6d
2026-03-28 20:16:35.204041+00:00,92,0.95,0.05,no,KXFEDDECISION-26APR-H0,5204cd2e-265b-76d8-2e7f-53624142964d
2026-03-28 21:09:44.429562+00:00,375,0.95,0.05,no,KXFEDDECISION-26APR-H0,c7169b2f-8edf-66ec-1284-e36e73752d89
2026-03-28 21:16:38.122797+00:00,937,0.95,0.05,no,KXFEDDECISION-26APR-H0,b0bbc4df-da0f-6820-d11e-4803b551dae5
2026-03-28 21:50:18.507168+00:00,30,0.95,0.05,no,KXFEDDECISION-26APR-H0,f996fdf1-053b-5348-a18b-023304ed8fd1
2026-03-28 22:34:25.687340+00:00,72,0.96,0.04,yes,KXFEDDECISION-26APR-H0,b95a55ee-6486-738a-fa0e-0a835fbd3c51
2026-03-28 22:49:45.164962+00:00,20,0.96,0.04,yes,KXFEDDECISION-26APR-H0,e7307fdf-df46-4eca-f54a-11f02f1a0c09
2026-03-28 22:52:29.871535+00:00,25,0.96,0.04,yes,KXFEDDECISION-26APR-H0,b833742f-44ba-5ba2-b8d8-e3d5ba51ef09
2026-03-28 23:03:26.406288+00:00,1,0.96,0.04,yes,KXFEDDECISION-26APR-H0,1c792b4f-9fc2-429a-d3a0-26697efb6b39
2026-03-28 23:06:39.070098+00:00,3,0.95,0.05,no,KXFEDDECISION-26APR-H0,7f583b66-7deb-6f08-025e-8390ee815295
2026-03-29 00:30:42.593176+00:00,5,0.95,0.05,no,KXFEDDECISION-26APR-H0,beb7bb4c-336b-776c-7655-ee0ca52a455d
2026-03-29 00:36:56.042874+00:00,1000,0.95,0.05,no,KXFEDDECISION-26APR-H0,d2b492ea-641b-4358-8e10-be295b4a23a5
2026-03-29 00:57:43.430876+00:00,1,0.96,0.04,yes,KXFEDDECISION-26APR-H0,b8ca3d74-ebba-4fba-64aa-fff008da214d
2026-03-29 01:15:39.230163+00:00,1,0.96,0.04,yes,KXFEDDECISION-26APR-H0,cf1b46ed-8412-742e-5579-a4388ee12be1
2026-03-29 01:21:08.542644+00:00,25,0.96,0.04,yes,KXFEDDECISION-26APR-H0,8146674e-f2ee-4122-9cfc-86c71179c1d5
2026-03-29 01:21:41.713773+00:00,25,0.95,0.05,no,KXFEDDECISION-26APR-H0,be807a09-ad5f-78f4-a56f-d803848738cd
2026-03-29 01:22:11.220893+00:00,25,0.96,0.04,yes,KXFEDDECISION-26APR-H0,2f6f9880-d156-77ce-68cf-41229506db31
2026-03-29 01:22:25.374876+00:00,25,0.95,0.05,no,KXFEDDECISION-26APR-H0,bed4a09c-31ab-4360-fc43-32c72af63539
2026-03-29 01:29:13.446894+00:00,5,0.96,0.04,yes,KXFEDDECISION-26APR-H0,21fa4c29-e246-77ba-c87c-88513ed2a161
2026-03-29 01:29:50.081770+00:00,1,0.96,0.04,yes,KXFEDDECISION-26APR-H0,c2f01cd8-3c6a-41de-6288-fdf0e52aa361
2026-03-29 01:32:21.469123+00:00,1,0.95,0.05,no,KXFEDDECISION-26APR-H0,13763a58-40ef-6fe4-e63e-754f2a1d6b15
2026-03-29 01:33:58.836947+00:00,1,0.95,0.05,no,KXFEDDECISION-26APR-H0,b12a554a-c08f-4b10-da94-9ccb1333c25d
2026-03-29 01:39:33.911967+00:00,63,0.95,0.05,no,KXFEDDECISION-26APR-H0,345551fc-3f23-725c-935f-720d11f8b4a5
2026-03-29 01:41:19.069509+00:00,1,0.96,0.04,yes,KXFEDDECISION-26APR-H0,9b67d412-658a-65a6-37b9-fae3ba518185
2026-03-29 01:50:54.925171+00:00,14,0.95,0.05,no,KXFEDDECISION-26APR-H0,5b3c574e-51ff-478c-da7d-ca3f8a3a2405
2026-03-29 01:59:01.112471+00:00,2,0.96,0.04,yes,KXFEDDECISION-26APR-H0,1f784319-4612-4836-7f89-83383328c22d
2026-03-29 02:22:26.252463+00:00,18,0.95,0.05,no,KXFEDDECISION-26APR-H0,abd0917c-eb0f-6974-73d1-25dae0fc1d3d
2026-03-29 02:27:02.928052+00:00,10,0.95,0.05,no,KXFEDDECISION-26APR-H0,654245bc-c36b-7adc-7fd5-4a606a1ccea9
2026-03-29 02:34:43.335449+00:00,1,0.96,0.04,yes,KXFEDDECISION-26APR-H0,52903eb8-0c3e-7a66-7cb3-03d95df3cf21
2026-03-29 03:07:48.299335+00:00,187,0.95,0.05,no,KXFEDDECISION-26APR-H0,08f620fe-17a7-7e58-ab9f-194917a8ad2d
2026-03-29 03:13:24.167391+00:00,1,0.96,0.04,yes,KXFEDDECISION-26APR-H0,e2cea58f-a226-7996-ff25-75260c28b38d
2026-03-29 03:45:41.938931+00:00,1,0.96,0.04,yes,KXFEDDECISION-26APR-H0,d1c62ae9-a0b2-7a0a-5666-2b1ae45cde4d
2026-03-29 04:06:03.049731+00:00,5,0.96,0.04,yes,KXFEDDECISION-26APR-H0,19ab06f9-8856-65f6-7ee9-0ca0efb82999
2026-03-29 04:16:34.371466+00:00,1,0.96,0.04,yes,KXFEDDECISION-26APR-H0,617f72db-0f72-55ee-4eec-8ac591df6d01
2026-03-29 04:26:11.799925+00:00,434,0.96,0.04,yes,KXFEDDECISION-26APR-H0,11a12199-d6a6-6382-fd3e-15e4b72afa9d
2026-03-29 04:41:39.424789+00:00,10,0.96,0.04,yes,KXFEDDECISION-26APR-H0,2b33bd43-c482-6ae2-7385-2f783c96f449
2026-03-29 04:41:52.033351+00:00,10,0.95,0.05,no,KXFEDDECISION-26APR-H0,9ec8df04-509f-480c-9ff2-ebc22cd01599
2026-03-29 04:42:03.170807+00:00,10,0.96,0.04,yes,KXFEDDECISION-26APR-H0,9ab36af4-f72e-56ee-c19c-8d2b5d42ecf9
2026-03-29 04:42:11.062310+00:00,8,0.95,0.05,no,KXFEDDECISION-26APR-H0,1537cac4-7573-6f50-d347-c00ba0d7cbf5
2026-03-29 04:42:11.062310+00:00,2,0.95,0.05,no,KXFEDDECISION-26APR-H0,86945cd0-0a27-611c-f71e-954454b827c7
2026-03-29 04:42:22.963405+00:00,6,0.96,0.04,yes,KXFEDDECISION-26APR-H0,a0fe33ae-7872-7142-a5fb-e9b3ed650fcd
2026-03-29 04:42:32.746488+00:00,25,0.96,0.04,yes,KXFEDDECISION-26APR-H0,c32aa18a-d0e2-5b0a-ac34-65a2a5dcdec9
2026-03-29 04:42:40.088652+00:00,31,0.95,0.05,no,KXFEDDECISION-26APR-H0,f400cf9a-3ddf-4de4-5576-6a4e63a92a5f
2026-03-29 04:51:29.641470+00:00,26,0.96,0.04,yes,KXFEDDECISION-26APR-H0,9b990f16-18d6-6d3a-808c-32b0c05113b5
2026-03-29 04:51:36.291408+00:00,26,0.95,0.05,no,KXFEDDECISION-26APR-H0,634e2032-df47-6f00-ab7b-0c3228d0eab3
2026-03-29 04:59:03.810292+00:00,1,0.96,0.04,yes,KXFEDDECISION-26APR-H0,2f2656ef-75da-4fca-ea0d-09ec70dbb7b9
2026-03-29 06:16:08.610533+00:00,5,0.95,0.05,no,KXFEDDECISION-26APR-H0,74038905-8c63-75a0-6183-0a34bde0da8f
2026-03-29 06:39:23.659876+00:00,99,0.95,0.05,no,KXFEDDECISION-26APR-H0,34f643fd-338f-6670-9ab5-5209d171ea77
2026-03-29 06:46:13.064653+00:00,2,0.96,0.04,yes,KXFEDDECISION-26APR-H0,4ecda2d6-3902-6f7a-84ec-818ea394caa9
2026-03-29 07:57:13.670096+00:00,1,0.95,0.05,no,KXFEDDECISION-26APR-H0,ddbf620b-af4f-4f04-7adf-2bacde955ca7
2026-03-29 08:09:52.111528+00:00,16,0.95,0.05,no,KXFEDDECISION-26APR-H0,8f7c6f11-e16f-6440-6b39-7dd3bd66b3f7
2026-03-29 08:43:44.328924+00:00,85,0.95,0.05,no,KXFEDDECISION-26APR-H0,585611fc-64ff-42e0-03a9-7be66ad3ff43
2026-03-29 09:09:25.479480+00:00,4598,0.96,0.04,yes,KXFEDDECISION-26APR-H0,358c7a43-ac8a-6582-88b9-93c25405a9d1
2026-03-29 10:37:50.198373+00:00,36,0.96,0.04,yes,KXFEDDECISION-26APR-H0,1f90a078-a0a2-6d16-196d-68d969ac45f5
2026-03-29 11:03:06.227834+00:00,7,0.96,0.04,yes,KXFEDDECISION-26APR-H0,ac49b34b-847e-61fa-c69b-04071f839789
2026-03-29 11:46:36.306362+00:00,10,0.95,0.05,no,KXFEDDECISION-26APR-H0,f20d19df-a5fb-5894-4d21-4a3521f31287
2026-03-29 12:23:45.789159+00:00,5,0.96,0.04,yes,KXFEDDECISION-26APR-H0,0eb70cbb-bd52-5846-e07c-5c3dd311d539
2026-03-29 12:46:22.947164+00:00,2,0.96,0.04,yes,KXFEDDECISION-26APR-H0,1ede47e5-d962-4b3e-918e-6c13f627c955
2026-03-29 13:14:06.657730+00:00,10,0.96,0.04,yes,KXFEDDECISION-26APR-H0,9599d859-2e7e-4e3e-11b5-00ec7efbf41d
2026-03-29 13:44:46.086450+00:00,1,0.96,0.04,yes,KXFEDDECISION-26APR-H0,e5e37691-3ffe-432e-7ade-531d45a0d955
2026-03-29 14:10:56.260635+00:00,28,0.95,0.05,no,KXFEDDECISION-26APR-H0,5eb3128a-58b3-7ac8-6275-ab41cf7c8527
2026-03-29 14:35:04.319478+00:00,51,0.96,0.04,yes,KXFEDDECISION-26APR-H0,10aa89dc-dace-4532-d6d3-84a19125e5c1
2026-03-29 15:22:21.728896+00:00,937,0.95,0.05,no,KXFEDDECISION-26APR-H0,2648f86b-d9ab-6edc-26be-c446a8dbd93b
2026-03-29 15:44:55.358014+00:00,1,0.96,0.04,yes,KXFEDDECISION-26APR-H0,34a87dcd-4186-43e2-4b89-d55e5edfdb19
2026-03-29 15:45:09.008180+00:00,1558,0.96,0.04,yes,KXFEDDECISION-26APR-H0,ad90e869-688a-5b26-6025-1539871d9a71
2026-03-29 15:56:34.822719+00:00,1,0.96,0.04,yes,KXFEDDECISION-26APR-H0,2bf69bac-6f2e-497e-d6a6-c159c4324a6d
2026-03-29 15:58:22.374159+00:00,100,0.96,0.04,yes,KXFEDDECISION-26APR-H0,4a95745f-4da2-6952-6c98-25e5f7541f59
2026-03-29 16:01:29.025379+00:00,10,0.96,0.04,yes,KXFEDDECISION-26APR-H0,0390e57c-b4e6-518a-46b6-d44f673c4849
2026-03-29 16:57:34.751018+00:00,4580,0.95,0.05,no,KXFEDDECISION-26APR-H0,5e4f2623-3107-6f64-6693-51dce50d1497
2026-03-29 17:09:59.287985+00:00,1,0.96,0.04,yes,KXFEDDECISION-26APR-H0,49795282-a1d6-51ce-2bff-789d2008af59
2026-03-29 17:12:49.564822+00:00,281,0.96,0.04,yes,KXFEDDECISION-26APR-H0,a6367c4e-2c6a-7bfe-ed79-d175ff874979
2026-03-29 17:21:25.021047+00:00,18,0.95,0.05,no,KXFEDDECISION-26APR-H0,1283659e-b75f-5870-dd33-55026e2953d7
2026-03-29 17:26:36.294366+00:00,11817,0.96,0.04,yes,KXFEDDECISION-26APR-H0,4831068c-f50b-71fd-64d3-2e85d6800e83
2026-03-29 17:26:36.294366+00:00,13183,0.96,0.04,yes,KXFEDDECISION-26APR-H0,c1a36f8c-aea2-76f2-61a8-73101df0b055
2026-03-29 17:45:10.981050+00:00,51,0.96,0.04,yes,KXFEDDECISION-26APR-H0,9a7cb600-21f7-5411-9ca9-224e27ad8413
2026-03-29 18:06:01.793306+00:00,51,0.96,0.04,yes,KXFEDDECISION-26APR-H0,5223d580-a683-53e5-a588-02cafd9e8e03
2026-03-29 18:13:09.566561+00:00,2,0.95,0.05,no,KXFEDDECISION-26APR-H0,14a2ce7c-3f97-57d4-5501-dce2d50bb307
2026-03-29 18:25:05.940156+00:00,55,0.96,0.04,yes,KXFEDDECISION-26APR-H0,21c7b290-e0fb-7d41-8824-7aec88b91d0f
2026-03-29 19:02:22.972859+00:00,5,0.96,0.04,yes,KXFEDDECISION-26APR-H0,04d4f7a9-6e33-78cd-6e38-5380f4f02cdf
2026-03-29 20:00:22.897330+00:00,1,0.96,0.04,yes,KXFEDDECISION-26APR-H0,29629252-3ba7-5d31-956c-70090e1b8b1f
2026-03-29 20:01:41.249696+00:00,1,0.95,0.05,no,KXFEDDECISION-26APR-H0,59acb022-3ab7-4ffc-ce5a-e5615182944b
2026-03-29 20:13:45.973708+00:00,15,0.96,0.04,yes,KXFEDDECISION-26APR-H0,f718e077-e297-6209-9bf4-fb496aeae32f
2026-03-29 21:18:05.759765+00:00,1,0.96,0.04,yes,KXFEDDECISION-26APR-H0,ff60b46b-f5cf-6991-e725-149137af7dff
2026-03-29 21:19:14.784421+00:00,1,0.96,0.04,yes,KXFEDDECISION-26APR-H0,dfc8276e-d50b-4009-d37f-7ba6e8ab9c23
2026-03-29 21:23:53.867621+00:00,2,0.95,0.05,no,KXFEDDECISION-26APR-H0,cd705bde-1517-4418-c896-08ff71844347
2026-03-29 21:27:28.204627+00:00,18,0.95,0.05,no,KXFEDDECISION-26APR-H0,738f3d76-7ae7-43e4-c124-434e8014243b
2026-03-29 21:34:11.543133+00:00,17,0.95,0.05,no,KXFEDDECISION-26APR-H0,2dc3472e-701b-5f10-cb5f-0c72e51ea22f
2026-03-29 21:52:24.463384+00:00,3,0.96,0.04,yes,KXFEDDECISION-26APR-H0,f95574e1-4cb7-525d-fe56-028cfc572bbf
2026-03-29 22:19:36.250928+00:00,12,0.95,0.05,no,KXFEDDECISION-26APR-H0,6d677b0c-8a7b-6e48-665b-0af5a8114893
2026-03-29 23:06:01.321648+00:00,71,0.95,0.05,no,KXFEDDECISION-26APR-H0,b07bd5f5-6e57-5fa8-7c54-4a628f8d12fb
2026-03-29 23:23:28.330628+00:00,5,0.96,0.04,yes,KXFEDDECISION-26APR-H0,20a58bf5-2b6b-4d9d-1368-63f793be01a7
2026-03-29 23:34:26.070253+00:00,71,0.95,0.05,no,KXFEDDECISION-26APR-H0,38faae95-f5cb-42c8-85d5-ab8872648e03
2026-03-29 23:40:00.994614+00:00,10000,0.96,0.04,yes,KXFEDDECISION-26APR-H0,92c0b063-8af7-7dc1-5a51-c53cc031ee4b
2026-03-29 23:48:53.823031+00:00,67,0.96,0.04,yes,KXFEDDECISION-26APR-H0,a78cb4a8-821f-4999-d17e-04998882f047
2026-03-30 00:00:25.528432+00:00,5,0.96,0.04,yes,KXFEDDECISION-26APR-H0,27d740c6-05b3-4735-8b4c-287bd98c3f63
2026-03-30 00:25:49.998630+00:00,26,0.96,0.04,yes,KXFEDDECISION-26APR-H0,73617376-38df-62d1-b634-247931c54adf
2026-03-30 00:26:08.795436+00:00,26,0.95,0.05,no,KXFEDDECISION-26APR-H0,57657386-5f13-74c8-a2b3-e0d8c1e0a107
2026-03-30 00:53:57.787501+00:00,1,0.96,0.04,yes,KXFEDDECISION-26APR-H0,a3f54443-363b-4c95-1705-85deae3ecaf3
2026-03-30 00:56:31.354278+00:00,25,0.96,0.04,yes,KXFEDDECISION-26APR-H0,f2df4da7-a163-6f09-dbf1-3e79260b095b
2026-03-30 00:57:04.812660+00:00,25,0.95,0.05,no,KXFEDDECISION-26APR-H0,9592f793-047f-6838-3561-3bdb722b3b87
2026-03-30 01:08:24.751700+00:00,114,0.95,0.05,no,KXFEDDECISION-26APR-H0,c2decac0-823b-6fa4-d044-26d120f37243
2026-03-30 01:21:29.841706+00:00,40,0.96,0.04,yes,KXFEDDECISION-26APR-H0,a1cb7bdf-e4b7-495d-c62a-6bba38a8847b
2026-03-30 01:25:46.842431+00:00,100,0.95,0.05,no,KXFEDDECISION-26APR-H0,7a83e211-96fb-5644-cfef-500466d5e68f
2026-03-30 01:57:24.143618+00:00,112,0.95,0.05,no,KXFEDDECISION-26APR-H0,52ca699e-541b-71f4-e003-4d87f69a87a3
2026-03-30 02:20:28.084256+00:00,71,0.95,0.05,no,KXFEDDECISION-26APR-H0,04a49387-c8d3-47b8-9931-b6ab905c20b7
2026-03-30 02:37:41.790025+00:00,7,0.95,0.05,no,KXFEDDECISION-26APR-H0,1db25fc2-09db-5dcc-f26a-9d2a0b37c2d3
2026-03-30 03:10:42.370795+00:00,18,0.95,0.05,no,KXFEDDECISION-26APR-H0,ebbec7d5-c143-4c5c-60f7-1af374d29f4b
2026-03-30 03:14:56.999153+00:00,1,0.96,0.04,yes,KXFEDDECISION-26APR-H0,a2336d3f-d4a7-6191-1ec5-f6a960d1b2fb
2026-03-30 03:16:49.631902+00:00,10,0.96,0.04,yes,KXFEDDECISION-26APR-H0,85d83040-660b-5849-12cb-e0d549c585fb
2026-03-30 03:19:15.673688+00:00,2,0.95,0.05,no,KXFEDDECISION-26APR-H0,a0880352-51ef-7ea4-18c2-b31b69422e1b
2026-03-30 03:25:29.624610+00:00,51,0.96,0.04,yes,KXFEDDECISION-26APR-H0,e4e66415-258b-5015-a767-b0ca7a53d77f
2026-03-30 03:41:50.277266+00:00,25,0.96,0.04,yes,KXFEDDECISION-26APR-H0,947ec430-c1f3-7975-f42d-b1bee8b0e683
2026-03-30 03:42:14.439830+00:00,25,0.95,0.05,no,KXFEDDECISION-26APR-H0,43a9c6bd-03d3-6aa8-001a-9dc4c60e7bf3
2026-03-30 03:44:02.097452+00:00,10,0.96,0.04,yes,KXFEDDECISION-26APR-H0,6d010c47-2ebf-4031-26c3-afbb7892e9d7
2026-03-30 03:47:05.494121+00:00,14,0.95,0.05,no,KXFEDDECISION-26APR-H0,ada9562e-c6e7-78a4-1225-8cce00645187
2026-03-30 04:29:36.416786+00:00,5,0.96,0.04,yes,KXFEDDECISION-26APR-H0,2c253d80-cf67-7735-29a0-b6df05bc26d7
2026-03-30 04:32:06.394915+00:00,5,0.96,0.04,yes,KXFEDDECISION-26APR-H0,b4a0dccc-7f7f-5d4d-4731-73217472d913
2026-03-30 05:01:18.445736+00:00,468,0.95,0.05,no,KXFEDDECISION-26APR-H0,da9e9957-bd33-4d30-23f4-bb9723fa6297
2026-03-30 05:15:13.388994+00:00,10000,0.96,0.04,yes,KXFEDDECISION-26APR-H0,9395a1c8-f543-4781-e2bd-8a973cf06683
2026-03-30 05:32:39.095072+00:00,117,0.95,0.05,no,KXFEDDECISION-26APR-H0,9a1ed86a-6583-79d8-114e-08262373935f
2026-03-30 06:05:12.078345+00:00,1,0.95,0.05,no,KXFEDDECISION-26APR-H0,7d267557-4087-6e58-c642-fa8a8bff849f
2026-03-30 06:44:50.052417+00:00,1,0.96,0.04,yes,KXFEDDECISION-26APR-H0,4de3f4fd-31e7-4d6d-8953-962587f7405b
2026-03-30 06:55:13.348886+00:00,5,0.95,0.05,no,KXFEDDECISION-26APR-H0,5bcdab4a-fd0b-7cb8-bdeb-684323b75f77
2026-03-30 07:07:32.349353+00:00,5,0.95,0.05,no,KXFEDDECISION-26APR-H0,02c7de6e-e7e7-6728-0833-a315e1c9b66f
2026-03-30 07:33:20.796654+00:00,1,0.96,0.04,yes,KXFEDDECISION-26APR-H0,97816189-856b-4019-b473-5b30da179993
2026-03-30 07:41:04.660270+00:00,1,0.96,0.04,yes,KXFEDDECISION-26APR-H0,c9e276e9-28a3-75c1-27cc-055d5c568353
2026-03-30 09:07:58.584325+00:00,187,0.95,0.05,no,KXFEDDECISION-26APR-H0,ee772e23-fcb7-6e80-399b-bd4cd6eff0d3
2026-03-30 11:01:39.948318+00:00,1,0.96,0.04,yes,KXFEDDECISION-26APR-H0,372ded0a-30fb-7fa5-c58c-206a71b85223
2026-03-30 11:51:19.121557+00:00,10000,0.96,0.04,yes,KXFEDDECISION-26APR-H0,382343eb-06eb-40c9-2a2d-ef8efbb6419b
2026-03-30 11:51:43.175813+00:00,3246,0.96,0.04,yes,KXFEDDECISION-26APR-H0,248f6027-dd5b-5945-501e-b7c967f15acb
2026-03-30 12:30:49.649959+00:00,6,0.96,0.04,yes,KXFEDDECISION-26APR-H0,75f18841-2b63-4701-a39d-e58e3840199f
2026-03-30 12:47:11.839143+00:00,10,0.96,0.04,yes,KXFEDDECISION-26APR-H0,0125c4b9-adaf-4ec5-ee68-8cfb97a93913
2026-03-30 13:07:37.948393+00:00,50,0.96,0.04,yes,KXFEDDECISION-26APR-H0,3458ee23-f231-75a4-fa04-b9e1de4291bd
2026-03-30 13:08:21.560144+00:00,10,0.96,0.04,yes,KXFEDDECISION-26APR-H0,f5f9f0b2-9cf3-6c1e-48ae-dc141650e58a
2026-03-30 13:11:34.907413+00:00,5000,0.96,0.04,yes,KXFEDDECISION-26APR-H0,f4dd621c-f4b7-6b6d-9336-d625c1bda22e
2026-03-30 13:11:34.907413+00:00,740,0.96,0.04,yes,KXFEDDECISION-26APR-H0,cccd6580-7efb-69e2-a666-eb18499ba25e
2026-03-30 13:11:34.907413+00:00,2000,0.96,0.04,yes,KXFEDDECISION-26APR-H0,27816388-40a6-667e-a333-b5d3decd39f3
2026-03-30 13:11:34.907413+00:00,177,0.96,0.04,yes,KXFEDDECISION-26APR-H0,848f23ac-ad74-6e00-adc8-6eb41e1e025e
2026-03-30 13:40:41.984898+00:00,33,0.96,0.04,no,KXFEDDECISION-26APR-H0,a59a2c60-6900-6782-88e8-bd776917d42c
2026-03-30 14:02:19.210426+00:00,1,0.97,0.03,yes,KXFEDDECISION-26APR-H0,9ba69d26-4b72-4113-f10c-e495a9cd819c
2026-03-30 14:08:31.984228+00:00,10,0.97,0.03,yes,KXFEDDECISION-26APR-H0,4e7bd2d8-f292-697f-e728-05cedb6de210
2026-03-30 14:13:06.465071+00:00,25,0.97,0.03,yes,KXFEDDECISION-26APR-H0,bb8ef282-03b6-68ff-95c9-611d05c83c88
2026-03-30 14:13:22.417665+00:00,25,0.96,0.04,no,KXFEDDECISION-26APR-H0,ca6dc5fe-e714-6cfa-b8ba-c40b1a637013
2026-03-30 14:32:21.373106+00:00,3,0.97,0.03,yes,KXFEDDECISION-26APR-H0,de6075a6-f6ce-5873-b380-eb015d720994
2026-03-30 14:36:56.142088+00:00,1,0.97,0.03,yes,KXFEDDECISION-26APR-H0,bd67b7c4-3c7a-768f-5de7-9d4e395fcbc8
2026-03-30 14:43:51.192555+00:00,2295,0.96,0.04,no,KXFEDDECISION-26APR-H0,e497c1ad-8480-7696-17e3-d2028a0fb5fb
2026-03-30 14:47:54.149018+00:00,10,0.96,0.04,no,KXFEDDECISION-26APR-H0,84accfe2-7628-5eae-e429-28ea207fed0f
2026-03-30 14:51:37.969750+00:00,1,0.97,0.03,yes,KXFEDDECISION-26APR-H0,231ec4a2-827f-74ea-6cc8-7af8ad1f9942
2026-03-30 14:51:37.969750+00:00,25039,0.97,0.03,yes,KXFEDDECISION-26APR-H0,ec7eca3a-d5eb-7559-53a3-251918219d31
2026-03-30 14:51:37.969750+00:00,24960,0.97,0.03,yes,KXFEDDECISION-26APR-H0,612592d6-8a62-7287-7f9b-40d32041b860
2026-03-30 14:52:43.696215+00:00,20000,0.97,0.03,yes,KXFEDDECISION-26APR-H0,bf410952-371f-67e5-7095-e6f84572e9bd
2026-03-30 14:53:07.764274+00:00,100000,0.97,0.03,yes,KXFEDDECISION-26APR-H0,513a375d-f30b-7ab5-4707-a103255f7e39
2026-03-30 14:53:16.709059+00:00,20000,0.97,0.03,yes,KXFEDDECISION-26APR-H0,cb9ded9f-43e6-665f-72e3-6082f6d50e02
2026-03-30 14:53:16.709059+00:00,4000,0.97,0.03,yes,KXFEDDECISION-26APR-H0,929cfe40-70ae-6840-5c60-d70402745ffb
2026-03-30 14:53:16.709059+00:00,10,0.97,0.03,yes,KXFEDDECISION-26APR-H0,2cd80f61-1d3c-61ea-4b17-3554216181f7
2026-03-30 14:53:16.709059+00:00,500,0.97,0.03,yes,KXFEDDECISION-26APR-H0,70961eae-7db6-6f92-4c88-6600c157ebdc
2026-03-30 15:00:06.863094+00:00,10,0.98,0.02,yes,KXFEDDECISION-26APR-H0,cfa4c624-774a-4e1e-5a00-ec67d8b39da6
2026-03-30 15:00:06.863094+00:00,15,0.98,0.02,yes,KXFEDDECISION-26APR-H0,f4e6b9c8-bd18-4a03-70bf-96331c8f2863
2026-03-30 15:01:03.873728+00:00,25,0.97,0.03,no,KXFEDDECISION-26APR-H0,47396fc2-ffe1-71be-4a73-aa119516ed5a
2026-03-30 15:07:25.385812+00:00,25,0.98,0.02,yes,KXFEDDECISION-26APR-H0,27a5b8c6-73e4-46c7-8db2-e612066bab77
2026-03-30 15:07:45.141500+00:00,25,0.97,0.03,no,KXFEDDECISION-26APR-H0,ca953fa9-d79d-4ece-4a4b-19622dd6197a
2026-03-30 15:10:18.159601+00:00,44,0.98,0.02,yes,KXFEDDECISION-26APR-H0,7098fb58-09c4-6b8f-9696-91facf7a3e0b
2026-03-30 15:15:21.876731+00:00,33000,0.98,0.02,yes,KXFEDDECISION-26APR-H0,012627a0-b350-75f3-ec26-bf9d4625907b
2026-03-30 15:22:55.091572+00:00,20000,0.97,0.03,no,KXFEDDECISION-26APR-H0,4a449856-27ed-640e-f126-b5513749d13a
2026-03-30 15:23:46.885666+00:00,93,0.97,0.03,no,KXFEDDECISION-26APR-H0,ded993c0-4d05-45fa-6547-c5becdbe9e5e
2026-03-30 15:26:24.492823+00:00,10,0.98,0.02,yes,KXFEDDECISION-26APR-H0,72d87820-86b0-60ef-381e-daaf49d204eb
2026-03-30 15:26:39.479227+00:00,20,0.98,0.02,yes,KXFEDDECISION-26APR-H0,727e502a-44a0-77b3-a552-4673b6769307
2026-03-30 15:32:46.019019+00:00,25,0.98,0.02,yes,KXFEDDECISION-26APR-H0,8858f204-cd98-6bf3-dfc3-dd79496004cf
2026-03-30 15:33:35.419933+00:00,25,0.97,0.03,no,KXFEDDECISION-26APR-H0,43439be2-a17d-760e-3c67-92d80e5c621a
2026-03-30 16:42:25.934808+00:00,31,0.97,0.03,no,KXFEDDECISION-26APR-H0,10a078dc-c141-4be6-bfcf-2e1ccfa5d75e
2026-03-30 16:44:58.875342+00:00,10,0.97,0.03,no,KXFEDDECISION-26APR-H0,bf530f57-7429-7f7e-86c2-54caa456e776
2026-03-30 16:47:44.685194+00:00,820,0.98,0.02,yes,KXFEDDECISION-26APR-H0,4e556a58-fa3c-41a3-5c6e-27c702895a33
2026-03-30 16:50:43.837520+00:00,40,0.98,0.02,yes,KXFEDDECISION-26APR-H0,204b9462-653c-4f77-08d6-7b4962315ae7
2026-03-30 16:51:52.745951+00:00,31,0.97,0.03,no,KXFEDDECISION-26APR-H0,daa2c3ec-1d41-521a-d693-4e6ca13d94e6
2026-03-30 16:52:17.485025+00:00,1,0.98,0.02,yes,KXFEDDECISION-26APR-H0,98e4b43c-ada4-6f9b-200f-6cd46a8561ab
2026-03-30 16:58:33.813217+00:00,24,0.98,0.02,yes,KXFEDDECISION-26APR-H0,b61f1f1b-dc28-6cab-e5ab-1c0aaaa12e4b
2026-03-30 17:29:50.224879+00:00,312,0.97,0.03,no,KXFEDDECISION-26APR-H0,1de2ece7-48f9-7572-a60c-d376edf22fb2
2026-03-30 17:37:27.746840+00:00,40,0.97,0.03,no,KXFEDDECISION-26APR-H0,e6eb0a65-8b2d-5082-9cdf-23c9b7e6b30a
2026-03-30 17:41:15.535900+00:00,20000,0.97,0.03,no,KXFEDDECISION-26APR-H0,76514ed9-48b5-46de-16dd-837c584c0dee
2026-03-30 17:57:27.984888+00:00,2296,0.97,0.03,no,KXFEDDECISION-26APR-H0,ec7c2da9-f739-6f1a-eba4-08518f4385de
2026-03-30 18:13:09.870351+00:00,280,0.98,0.02,yes,KXFEDDECISION-26APR-H0,b622daea-8bbc-71a7-2d81-d82d34ec2697
2026-03-30 18:37:53.370214+00:00,1000,0.97,0.03,no,KXFEDDECISION-26APR-H0,30ffbcfb-ea05-58fa-d7a0-0920dbb96f02
2026-03-30 18:41:38.783633+00:00,17205,0.98,0.02,yes,KXFEDDECISION-26APR-H0,5c73c9b8-43ac-646b-bba8-3b846b4d0593
2026-03-30 18:42:51.360604+00:00,1,0.98,0.02,yes,KXFEDDECISION-26APR-H0,74501121-26e0-480b-cb7c-54b738652787
2026-03-30 18:49:10.923164+00:00,6,0.97,0.03,no,KXFEDDECISION-26APR-H0,8c3f8910-1951-4556-997d-408b4148ef76
2026-03-30 19:13:23.312892+00:00,10,0.98,0.02,yes,KXFEDDECISION-26APR-H0,f1d59e7f-d4dc-6c57-f178-6a55c6a6d5df
2026-03-30 19:19:53.297735+00:00,31,0.97,0.03,no,KXFEDDECISION-26APR-H0,2bc046a1-b60d-75be-5a69-af4cfdc08d16
2026-03-30 19:29:16.149946+00:00,5,0.98,0.02,yes,KXFEDDECISION-26APR-H0,7a2a6952-400c-4cb7-d17a-3452653b20af
2026-03-30 19:49:35.082498+00:00,25,0.97,0.03,no,KXFEDDECISION-26APR-H0,08184f4d-febd-547a-138a-36a125e67112
2026-03-30 19:56:43.960204+00:00,49,0.97,0.03,no,KXFEDDECISION-26APR-H0,03054b20-a4ed-6f6a-6c6d-66d17f0149ee
2026-03-30 19:58:43.453770+00:00,49,0.97,0.03,no,KXFEDDECISION-26APR-H0,e6037f99-3331-48b2-32b1-b5302226f2a2
2026-03-30 20:00:57.588333+00:00,1,0.98,0.02,yes,KXFEDDECISION-26APR-H0,d40802a7-38e4-7377-ccf9-8b475bfc92cb
2026-03-30 20:12:37.932109+00:00,28,0.97,0.03,no,KXFEDDECISION-26APR-H0,e1fd4d09-de25-64a6-015e-37ff44f63b6e
2026-03-30 20:22:40.276801+00:00,500,0.97,0.03,no,KXFEDDECISION-26APR-H0,2847625a-85b5-69f6-2525-5f4415546a2a
2026-03-30 20:42:41.368182+00:00,1,0.97,0.03,no,KXFEDDECISION-26APR-H0,353c7f6e-6e95-6f8a-02c6-71624b8ead7a
2026-03-30 20:51:52.370025+00:00,156,0.97,0.03,no,KXFEDDECISION-26APR-H0,f858f287-7cad-796a-4466-d9058d0c49d2
2026-03-30 21:21:29.474168+00:00,1682,0.97,0.03,no,KXFEDDECISION-26APR-H0,c4114c97-2cf1-786a-bf26-b9f5dc486962
2026-03-30 22:03:35.433642+00:00,56,0.97,0.03,no,KXFEDDECISION-26APR-H0,a9c5d671-b275-5ee6-cd47-fe922889192e
2026-03-30 22:05:35.914225+00:00,56,0.97,0.03,no,KXFEDDECISION-26APR-H0,36826387-6371-4de2-96ac-37ff4a3c0082
2026-03-30 22:07:50.309837+00:00,56,0.97,0.03,no,KXFEDDECISION-26APR-H0,04b2456d-34d1-6c72-329f-c9362c1f96f2
2026-03-30 22:09:58.373681+00:00,58,0.97,0.03,no,KXFEDDECISION-26APR-H0,5423768d-dc6d-414a-56e0-208268e6cc9e
2026-03-30 22:12:07.036249+00:00,58,0.97,0.03,no,KXFEDDECISION-26APR-H0,53cab8db-5865-40ba-db77-e1468bb594e2
2026-03-30 22:14:21.127946+00:00,58,0.97,0.03,no,KXFEDDECISION-26APR-H0,2024c9a8-09ed-6036-9d41-f3bac707960e
2026-03-30 22:16:31.993033+00:00,75,0.97,0.03,no,KXFEDDECISION-26APR-H0,b76c1381-b011-6e16-5243-442bb4474fa6
2026-03-30 22:18:14.160243+00:00,1,0.97,0.03,no,KXFEDDECISION-26APR-H0,ca587f76-b669-7c72-76a5-51f0e8319c42
2026-03-30 22:18:47.502872+00:00,75,0.97,0.03,no,KXFEDDECISION-26APR-H0,a5ebcefe-212d-7a32-9125-626c55cb9a5e
2026-03-30 22:20:49.273664+00:00,75,0.97,0.03,no,KXFEDDECISION-26APR-H0,26448387-95a5-4756-8fd8-a27e9ba3b882
2026-03-30 22:23:11.090463+00:00,75,0.97,0.03,no,KXFEDDECISION-26APR-H0,c8e6baa0-0529-62e6-150e-dabbbaa8355a
2026-03-30 22:25:27.174722+00:00,75,0.97,0.03,no,KXFEDDECISION-26APR-H0,2e8ab4cc-fbc1-49de-64b0-78e541440466
2026-03-30 22:27:45.465356+00:00,75,0.97,0.03,no,KXFEDDECISION-26APR-H0,5b9e829f-6209-43e6-240e-b281efb6fcf6
2026-03-30 22:28:50.403098+00:00,300,0.97,0.03,no,KXFEDDECISION-26APR-H0,de0eefbd-aac5-4b26-8056-9a0286cf3222
2026-03-30 22:29:09.689255+00:00,10000,0.98,0.02,yes,KXFEDDECISION-26APR-H0,6221c7ed-1548-5b3f-25c8-79f9fbc539b7
2026-03-30 22:29:49.366588+00:00,76,0.97,0.03,no,KXFEDDECISION-26APR-H0,7b6a577c-bad5-484a-3bce-a104b050ae7e
2026-03-30 22:31:02.910769+00:00,400,0.97,0.03,no,KXFEDDECISION-26APR-H0,9b624d67-1c01-44ba-a923-f1f82ede1172
2026-03-30 22:32:28.063838+00:00,76,0.97,0.03,no,KXFEDDECISION-26APR-H0,85ea781a-3f31-7cce-b239-194eb9e41b92
2026-03-30 22:35:10.420803+00:00,76,0.97,0.03,no,KXFEDDECISION-26APR-H0,3ced9c5a-a695-58b2-7b2f-044c8ccae18a
2026-03-30 22:37:14.881706+00:00,76,0.97,0.03,no,KXFEDDECISION-26APR-H0,20daac0a-7279-505a-57e1-cf4c782a0b0e
2026-03-30 22:39:49.643339+00:00,76,0.97,0.03,no,KXFEDDECISION-26APR-H0,af26eb62-ae7d-555a-7eaf-17260f5bf2c2
2026-03-30 22:42:28.143059+00:00,76,0.97,0.03,no,KXFEDDECISION-26APR-H0,c1d88f66-4155-7e16-bcf5-f8f9950843fa
2026-03-30 22:44:28.434855+00:00,76,0.97,0.03,no,KXFEDDECISION-26APR-H0,ecd7d597-0095-456e-249b-0b0278d63156
2026-03-30 22:47:08.800100+00:00,76,0.97,0.03,no,KXFEDDECISION-26APR-H0,8ebdaf82-e84d-43e2-a570-ced143ea3c36
2026-03-30 22:49:48.403683+00:00,75,0.97,0.03,no,KXFEDDECISION-26APR-H0,13d413cd-c851-7fd6-cea9-c1c244151622
2026-03-30 22:51:52.118680+00:00,75,0.97,0.03,no,KXFEDDECISION-26APR-H0,346f123e-05cd-6ab6-abf9-72bf5a676346
2026-03-30 22:54:24.307789+00:00,75,0.97,0.03,no,KXFEDDECISION-26APR-H0,5acc6131-a68d-7352-4ec5-5c5b83cdd6fa
2026-03-30 22:57:02.773183+00:00,75,0.97,0.03,no,KXFEDDECISION-26APR-H0,869a6ea9-fa55-718a-eeff-2d6ed3d0596a
2026-03-30 22:57:52.461483+00:00,4,0.97,0.03,no,KXFEDDECISION-26APR-H0,ae735397-9905-742e-31d3-5123dd7b155e
2026-03-30 23:02:23.685231+00:00,15,0.97,0.03,no,KXFEDDECISION-26APR-H0,90517577-9ae5-42a6-2052-acc398cb2cee
2026-03-30 23:32:45.341612+00:00,5,0.97,0.03,no,KXFEDDECISION-26APR-H0,4395a2ba-6635-48e2-9eb2-10b1cf14cf9a
2026-03-31 00:00:03.942059+00:00,3,0.97,0.03,no,KXFEDDECISION-26APR-H0,ab3d4467-d6e5-416e-31b4-d4fa5ebd7e72
2026-03-31 00:50:03.889385+00:00,20,0.97,0.03,no,KXFEDDECISION-26APR-H0,34328adb-c115-418e-1136-ea02f489b586
2026-03-31 00:50:22.748626+00:00,40,0.97,0.03,no,KXFEDDECISION-26APR-H0,fc13a639-e011-6fa6-db7e-a44aff15f85e
2026-03-31 01:17:42.472625+00:00,3,0.98,0.02,yes,KXFEDDECISION-26APR-H0,e6403532-69bc-7f87-d893-9ecd2d53695f
2026-03-31 01:57:31.219803+00:00,99,0.98,0.02,yes,KXFEDDECISION-26APR-H0,9d6fcc30-0dd8-6ac7-b499-8aa9226e0e47
2026-03-31 01:59:28.784167+00:00,1,0.97,0.03,no,KXFEDDECISION-26APR-H0,55d43103-a475-50d2-ed40-4c72167beea6
2026-03-31 02:14:23.454603+00:00,25,0.98,0.02,yes,KXFEDDECISION-26APR-H0,a2650393-445c-4927-70d6-a303f5015e1f
2026-03-31 02:15:32.153731+00:00,3,0.97,0.03,no,KXFEDDECISION-26APR-H0,c19974bf-ccad-73b6-6bef-f3a00e2843b2
2026-03-31 02:33:15.546495+00:00,3,0.97,0.03,no,KXFEDDECISION-26APR-H0,b81dc3db-40e9-77fa-4511-7dd95be165ce
2026-03-31 02:34:12.043090+00:00,21,0.97,0.03,no,KXFEDDECISION-26APR-H0,84703b68-ce81-75ea-3ed2-9eeeb7570ece
2026-03-31 02:41:34.386765+00:00,47,0.97,0.03,no,KXFEDDECISION-26APR-H0,95e6bb0b-3855-4e66-6055-e3c2a3a95b3e
2026-03-31 02:53:11.158792+00:00,25,0.97,0.03,no,KXFEDDECISION-26APR-H0,5104d992-676d-70f2-d3ad-bf591e2902fa
2026-03-31 03:11:45.098604+00:00,25,0.98,0.02,yes,KXFEDDECISION-26APR-H0,4daf9d63-59b0-4cb3-d69e-97fa53b2b047
2026-03-31 03:11:58.122777+00:00,25,0.97,0.03,no,KXFEDDECISION-26APR-H0,210a864a-f771-5892-bb69-67eb8fcf7636
2026-03-31 03:14:30.461501+00:00,25,0.98,0.02,yes,KXFEDDECISION-26APR-H0,d7e45e1f-e80c-71eb-4987-4484c6baa51b
2026-03-31 03:15:11.605195+00:00,25,0.97,0.03,no,KXFEDDECISION-26APR-H0,71b00b63-1085-44d6-b1e8-0cc9504b7e1a
2026-03-31 04:28:29.394914+00:00,25,0.98,0.02,yes,KXFEDDECISION-26APR-H0,b4075688-8650-407f-4d89-f149992fd5bf
2026-03-31 04:28:39.528517+00:00,25,0.97,0.03,no,KXFEDDECISION-26APR-H0,9f6d8b79-1f29-7b96-efd7-17eb24ec5c6a
2026-03-31 04:31:34.363599+00:00,5,0.98,0.02,yes,KXFEDDECISION-26APR-H0,7d1d7396-5f3c-514b-c06e-546b701c8ac3
2026-03-31 04:40:28.344230+00:00,54,0.98,0.02,yes,KXFEDDECISION-26APR-H0,48da22f3-a8a4-46ab-4492-0e2ff325719f
2026-03-31 04:42:05.062644+00:00,106,0.97,0.03,no,KXFEDDECISION-26APR-H0,aa444053-1675-7456-9278-bf47c0848a56
2026-03-31 05:18:35.973424+00:00,100,0.97,0.03,no,KXFEDDECISION-26APR-H0,7ab4b77f-18dd-685a-77f9-54eb9cbc0cce
2026-03-31 06:36:29.220964+00:00,1,0.98,0.02,yes,KXFEDDECISION-26APR-H0,f70ac590-9998-5fff-5f09-263b06d6cd63
2026-03-31 07:44:07.624089+00:00,20,0.97,0.03,no,KXFEDDECISION-26APR-H0,2b60ad2e-3f21-41b6-5e6b-6a1795a2b62a
2026-03-31 08:08:53.091696+00:00,10,0.98,0.02,yes,KXFEDDECISION-26APR-H0,61dc2259-23b8-43c7-9194-68d57078e047
2026-03-31 08:27:39.097629+00:00,156,0.97,0.03,no,KXFEDDECISION-26APR-H0,1c42b073-8405-5f32-36df-4cee996f62fe
2026-03-31 09:01:26.770323+00:00,13,0.97,0.03,no,KXFEDDECISION-26APR-H0,b90c20ba-b3b5-662a-c033-c86af5bd195e
2026-03-31 09:05:06.749088+00:00,2,0.97,0.03,no,KXFEDDECISION-26APR-H0,981f8a4c-3171-418a-3b09-03c580d0f03a
2026-03-31 10:52:02.777139+00:00,1,0.98,0.02,yes,KXFEDDECISION-26APR-H0,876a55e5-7e1c-797b-69d1-f808b13879d7
2026-03-31 11:16:45.333060+00:00,120,0.97,0.03,no,KXFEDDECISION-26APR-H0,b3aa0267-0011-4f8e-e34c-1bf4793811ca
2026-03-31 11:30:44.112694+00:00,78,0.97,0.03,no,KXFEDDECISION-26APR-H0,26d77944-8165-4f16-e8b9-82779919b86e
2026-03-31 11:44:28.574769+00:00,327,0.97,0.03,no,KXFEDDECISION-26APR-H0,34b96893-0301-41ae-cb70-00b7d68a7b96
2026-03-31 11:44:28.574769+00:00,141,0.97,0.03,no,KXFEDDECISION-26APR-H0,eda8cd33-1a1d-466b-cad6-7a2f63244ce5
2026-03-31 12:14:50.939273+00:00,104,0.97,0.03,no,KXFEDDECISION-26APR-H0,14b08134-b2cd-43d7-28df-e05c48b68e69
2026-03-31 12:21:21.837933+00:00,25,0.97,0.03,no,KXFEDDECISION-26APR-H0,c9732071-5bb9-6a17-bc53-bcede21d5805
2026-03-31 12:31:01.020174+00:00,1,0.98,0.02,yes,KXFEDDECISION-26APR-H0,1dedec48-2e50-4103-2b83-afb2baf6419b
2026-03-31 12:54:50.065016+00:00,1,0.97,0.03,no,KXFEDDECISION-26APR-H0,ec41dd9c-1a01-5f27-5a8a-b72d91239ed5
2026-03-31 13:25:53.240839+00:00,6,0.98,0.02,yes,KXFEDDECISION-26APR-H0,4f48d6bb-b408-6c2b-1f8c-78959be9197b
2026-03-31 13:40:40.616331+00:00,5,0.97,0.03,no,KXFEDDECISION-26APR-H0,83a32ed6-9d75-6cc3-fccd-f4c0aef284e1
2026-03-31 13:44:14.685682+00:00,62,0.97,0.03,no,KXFEDDECISION-26APR-H0,9d3d2ce3-10f9-669b-a329-9e3745645c65
2026-03-31 14:28:33.773522+00:00,10,0.98,0.02,yes,KXFEDDECISION-26APR-H0,f3b0ba32-3a78-7857-80e0-0e5c4ca50fa7
2026-03-31 14:40:44.739730+00:00,1,0.98,0.02,yes,KXFEDDECISION-26APR-H0,84b91e35-a77c-6f2b-6aa0-93283e96c167
2026-03-31 15:16:16.662300+00:00,10,0.98,0.02,yes,KXFEDDECISION-26APR-H0,0ca76514-83e8-51bf-3712-dad6303283b3
2026-03-31 15:45:44.773307+00:00,2,0.97,0.03,no,KXFEDDECISION-26APR-H0,64fb93d5-1895-7d03-7b60-250f79db5efd
2026-03-31 16:13:48.149744+00:00,1,0.97,0.03,no,KXFEDDECISION-26APR-H0,40b6735f-5bb1-64c7-d8d0-5a0a98442ca1
2026-03-31 17:11:08.663712+00:00,11250,0.98,0.02,yes,KXFEDDECISION-26APR-H0,e54b28b1-8280-7f77-32ab-6f16f78a8ec7
2026-03-31 17:26:44.955617+00:00,10,0.98,0.02,yes,KXFEDDECISION-26APR-H0,2faa5a2d-61fc-4297-c6a9-cd239150d29f
2026-03-31 17:29:12.707697+00:00,299,0.97,0.03,no,KXFEDDECISION-26APR-H0,eb621e35-da41-6993-36e9-13a3edd0f069
2026-03-31 17:39:06.695743+00:00,10,0.98,0.02,yes,KXFEDDECISION-26APR-H0,ed503786-b664-445b-8795-41fe7363544b
2026-03-31 17:39:58.053566+00:00,3395,0.97,0.03,no,KXFEDDECISION-26APR-H0,f3064595-0f09-584f-e552-26b2aee0ff8d
2026-03-31 17:40:10.804388+00:00,10,0.98,0.02,yes,KXFEDDECISION-26APR-H0,f1f5d508-495c-53ff-5921-135582f3a9a3
2026-03-31 17:45:26.258642+00:00,25,0.98,0.02,yes,KXFEDDECISION-26APR-H0,24186db0-fff4-6e17-e657-bfb4e686079b
2026-03-31 18:33:17.936740+00:00,7,0.97,0.03,no,KXFEDDECISION-26APR-H0,8045470b-43d1-593b-4042-a8bcdaaffe25
2026-03-31 18:40:25.719167+00:00,1528,0.98,0.02,yes,KXFEDDECISION-26APR-H0,517847e5-69a4-7fef-136e-029fac6afc9b
2026-03-31 18:45:20.872735+00:00,1,0.98,0.02,yes,KXFEDDECISION-26APR-H0,f7729dd7-8b5c-4a9f-0541-243f0533b17f
2026-03-31 19:17:11.290666+00:00,100,0.97,0.03,no,KXFEDDECISION-26APR-H0,6e9d64d0-a675-7cb3-dc35-8ef75975e715
2026-03-31 19:20:42.392157+00:00,25,0.98,0.02,yes,KXFEDDECISION-26APR-H0,5e419a70-dd20-691f-56d3-35a3e476cf5f
2026-03-31 19:43:21.048133+00:00,10,0.97,0.03,no,KXFEDDECISION-26APR-H0,d5fe5cc8-f159-4f2f-0fd2-385fb32a85b9
2026-03-31 20:08:05.871072+00:00,31,0.97,0.03,no,KXFEDDECISION-26APR-H0,6ec65fa9-2669-788f-9794-f70006be2da5
2026-03-31 20:13:05.956322+00:00,13,0.98,0.02,yes,KXFEDDECISION-26APR-H0,fa7ee8d0-f53c-521f-b216-997d362dfe67
2026-03-31 20:27:16.401186+00:00,5,0.98,0.02,yes,KXFEDDECISION-26APR-H0,fa6350a5-2898-5b7f-a90a-d18a4e280f07
2026-03-31 20:42:06.896224+00:00,10,0.97,0.03,no,KXFEDDECISION-26APR-H0,258422ad-9d21-7103-5405-1730e060d865
2026-03-31 20:49:49.994796+00:00,10189,0.98,0.02,yes,KXFEDDECISION-26APR-H0,74cee7c8-d200-44f7-6602-8784ea05f033
2026-03-31 21:05:34.884627+00:00,30,0.98,0.02,yes,KXFEDDECISION-26APR-H0,05ce3d41-f74c-765b-7ee1-0b331a8a6333
2026-03-31 21:12:52.563805+00:00,1,0.97,0.03,no,KXFEDDECISION-26APR-H0,a4365121-5731-7067-1c99-19d44f16f7cd
2026-03-31 21:13:24.281102+00:00,250,0.97,0.03,no,KXFEDDECISION-26APR-H0,3a079840-c185-6cab-e09c-2cf6bed6b7f1
2026-03-31 21:16:14.907836+00:00,5,0.98,0.02,yes,KXFEDDECISION-26APR-H0,7898c0e0-61e8-7083-5e12-24ce6f0cd76b
2026-03-31 21:19:17.354011+00:00,120,0.97,0.03,no,KXFEDDECISION-26APR-H0,3606b083-7499-7773-4083-c6beeddb3d4d
2026-03-31 21:24:25.858000+00:00,1,0.97,0.03,no,KXFEDDECISION-26APR-H0,ff55961c-2b21-6af7-2bd3-8c0482a0450d
2026-03-31 21:45:23.335706+00:00,30,0.97,0.03,no,KXFEDDECISION-26APR-H0,55df10b5-3789-46e7-7dd0-35e0a649b8b9
2026-03-31 21:54:02.223329+00:00,26,0.98,0.02,yes,KXFEDDECISION-26APR-H0,213e67aa-d494-6b33-4984-27d5bc3b39a7
2026-03-31 21:54:15.646317+00:00,26,0.97,0.03,no,KXFEDDECISION-26APR-H0,5875c68a-c8e9-766b-e083-be61de61a66d
2026-03-31 22:05:55.974840+00:00,8,0.98,0.02,yes,KXFEDDECISION-26APR-H0,3c9c65dd-3b20-46bf-f806-21f6856c63c7
2026-03-31 22:24:37.892592+00:00,5,0.98,0.02,yes,KXFEDDECISION-26APR-H0,902ead11-ccc8-7d5f-87ad-92ea58ed6b93
2026-03-31 22:47:59.037194+00:00,26,0.98,0.02,yes,KXFEDDECISION-26APR-H0,149ca443-fca0-7ad3-b3e8-bfc30f48f047
2026-03-31 22:53:27.950841+00:00,103,0.97,0.03,no,KXFEDDECISION-26APR-H0,fc0e2806-2b75-6307-8170-0ba2e66bf3ed
2026-03-31 22:54:24.768189+00:00,500,0.97,0.03,no,KXFEDDECISION-26APR-H0,9e5bb18c-f065-49e7-82bf-9d68fec749b5
2026-03-31 23:02:07.441392+00:00,2,0.98,0.02,yes,KXFEDDECISION-26APR-H0,2d785c83-67a0-703b-f730-e7971387c15b
2026-03-31 23:12:49.912841+00:00,5,0.97,0.03,no,KXFEDDECISION-26APR-H0,b87c3502-2821-799b-e0c5-6c6749652f7d
2026-03-31 23:18:28.876524+00:00,1,0.98,0.02,yes,KXFEDDECISION-26APR-H0,58ab28d8-04a0-4c03-2fb3-8a0395a898bb
2026-03-31 23:28:07.861574+00:00,100,0.97,0.03,no,KXFEDDECISION-26APR-H0,4909fd62-c621-7527-09ca-252b83015a95
2026-04-01 00:21:56.438476+00:00,240,0.97,0.03,no,KXFEDDECISION-26APR-H0,af65bce9-849d-4973-a1e0-cbce7397bd19
2026-04-01 00:38:49.410912+00:00,5,0.98,0.02,yes,KXFEDDECISION-26APR-H0,fc017579-f200-43f3-9a65-b3cca2287b8b
2026-04-01 00:50:35.491166+00:00,3,0.98,0.02,yes,KXFEDDECISION-26APR-H0,099142f6-b000-42ab-efc7-8bfaaf09472f
2026-04-01 01:16:28.218151+00:00,2,0.98,0.02,yes,KXFEDDECISION-26APR-H0,d1a43684-bbc8-6ac3-c6b1-a918c81f4dfb
2026-04-01 01:22:09.850596+00:00,1,0.98,0.02,yes,KXFEDDECISION-26APR-H0,f0ed8cb8-2248-6e47-e8c0-42a2447f81cf
2026-04-01 01:26:10.788688+00:00,4,0.97,0.03,no,KXFEDDECISION-26APR-H0,17758060-f31d-48ef-88d7-e8c62cdb8b39
2026-04-01 01:33:07.615363+00:00,300,0.97,0.03,no,KXFEDDECISION-26APR-H0,a666f85e-c795-775b-bf8e-e90844617491
2026-04-01 01:35:48.643323+00:00,10,0.98,0.02,yes,KXFEDDECISION-26APR-H0,532d4b39-1b20-4217-a715-6bb2103b4c7b
2026-04-01 01:51:43.508392+00:00,135,0.97,0.03,no,KXFEDDECISION-26APR-H0,02840330-bc69-4c67-30e8-30d2dfbbc515
2026-04-01 02:27:24.304513+00:00,500,0.97,0.03,no,KXFEDDECISION-26APR-H0,3dfb1f65-9539-7147-3dec-d084fe01f305
2026-04-01 02:44:19.255059+00:00,31,0.97,0.03,no,KXFEDDECISION-26APR-H0,6bb2d270-82f1-517f-7834-3445f0f6119d
2026-04-01 02:49:10.640529+00:00,4,0.97,0.03,no,KXFEDDECISION-26APR-H0,6a5b1847-47c5-68ef-537e-97eb0e1bb855
2026-04-01 02:59:42.234219+00:00,3,0.98,0.02,yes,KXFEDDECISION-26APR-H0,110985ec-4b50-6ef3-72c5-39366d1186e7
2026-04-01 03:06:34.269393+00:00,62,0.98,0.02,yes,KXFEDDECISION-26APR-H0,7fbf79a4-40e4-4997-90e2-963b235dc617
2026-04-01 03:07:55.727319+00:00,3,0.98,0.02,yes,KXFEDDECISION-26APR-H0,ebef3d91-1814-6ac7-3a9e-5594d1117053
2026-04-01 03:08:47.347611+00:00,1,0.98,0.02,yes,KXFEDDECISION-26APR-H0,74dfb49d-fa78-701b-3d00-d2c37a03b257
2026-04-01 03:11:46.190425+00:00,2,0.98,0.02,yes,KXFEDDECISION-26APR-H0,54b55037-1bf4-44f7-ca65-25e847ca204f
2026-04-01 03:12:01.828638+00:00,240,0.98,0.02,yes,KXFEDDECISION-26APR-H0,1e11d416-bb98-7c3b-8f98-26b0c7a6514b
2026-04-01 03:12:43.724939+00:00,2,0.97,0.03,no,KXFEDDECISION-26APR-H0,2864ae21-4cf5-4fd3-b24a-a82b0f3554c5
2026-04-01 03:40:47.624473+00:00,2,0.98,0.02,yes,KXFEDDECISION-26APR-H0,04a76e43-23ac-6b37-243c-e1e69986976f
2026-04-01 04:04:38.510583+00:00,5,0.98,0.02,yes,KXFEDDECISION-26APR-H0,7902e92e-e8c0-5c43-e15c-8a734cbaf5f7
2026-04-01 04:09:07.513289+00:00,10,0.98,0.02,yes,KXFEDDECISION-26APR-H0,1fb45ba5-f4dc-5773-5320-9173dfcf14fb
2026-04-01 04:18:39.324488+00:00,101,0.98,0.02,yes,KXFEDDECISION-26APR-H0,15026088-975c-7ba7-2728-3c7c8c86b78b
2026-04-01 04:55:31.524492+00:00,10,0.98,0.02,yes,KXFEDDECISION-26APR-H0,67d2be63-8004-415b-5e04-b17df4bb7b63
2026-04-01 05:30:34.942042+00:00,10,0.98,0.02,yes,KXFEDDECISION-26APR-H0,16856e40-752c-7cdf-e06e-cdefa875f9cf
2026-04-01 05:31:08.862391+00:00,10,0.97,0.03,no,KXFEDDECISION-26APR-H0,c8cf8b27-9631-4e93-5b04-aea92c0b8749
2026-04-01 05:31:22.411940+00:00,31,0.97,0.03,no,KXFEDDECISION-26APR-H0,8fa99517-c40d-4efb-9960-64b253ce6285
2026-04-01 05:31:34.504609+00:00,20,0.98,0.02,yes,KXFEDDECISION-26APR-H0,97ba0191-79b4-5a17-9f58-a885404e07db
2026-04-01 05:31:48.161471+00:00,20,0.97,0.03,no,KXFEDDECISION-26APR-H0,96c40ff9-952d-4ff3-282e-38f17115a545
2026-04-01 05:34:25.476790+00:00,50,0.98,0.02,yes,KXFEDDECISION-26APR-H0,4db123fe-b300-7e1b-e28d-eda8e9bfd077
2026-04-01 05:35:42.642468+00:00,31,0.97,0.03,no,KXFEDDECISION-26APR-H0,bbaab9d4-fb85-6be3-c766-62584c45a4a9
2026-04-01 05:40:47.738084+00:00,1,0.97,0.03,no,KXFEDDECISION-26APR-H0,c1be9bc0-f9ad-4213-25a8-5f54669e3e69
2026-04-01 06:01:38.467688+00:00,20,0.97,0.03,no,KXFEDDECISION-26APR-H0,c83102d2-a865-67b3-4edf-e742b691b321
2026-04-01 06:02:03.369726+00:00,20,0.98,0.02,yes,KXFEDDECISION-26APR-H0,ae39cf38-8430-72ab-595a-1331a64aa93f
2026-04-01 06:04:55.727745+00:00,500,0.97,0.03,no,KXFEDDECISION-26APR-H0,186b67f2-d72d-447f-9ab9-4949177056ad
2026-04-01 06:16:48.682627+00:00,56,0.98,0.02,yes,KXFEDDECISION-26APR-H0,caef2c85-8ff8-7417-06a4-31c076538dd7
2026-04-01 06:16:59.887216+00:00,56,0.97,0.03,no,KXFEDDECISION-26APR-H0,c95c672e-5365-6607-d0b0-4397e6fb053d
2026-04-01 07:08:06.113967+00:00,1,0.98,0.02,yes,KXFEDDECISION-26APR-H0,cb31f622-e308-7fe3-ba84-95e83d9eb2a3
2026-04-01 07:08:35.756315+00:00,1,0.97,0.03,no,KXFEDDECISION-26APR-H0,2a382e2c-fab5-584f-5be6-39af84e2470d
2026-04-01 08:19:57.567745+00:00,2,0.98,0.02,yes,KXFEDDECISION-26APR-H0,d37f3eea-c468-5f03-4340-9b9f1046778f
2026-04-01 09:03:34.289625+00:00,20,0.97,0.03,no,KXFEDDECISION-26APR-H0,c3881bb4-ddad-45d7-a4e2-b1d964269a39
2026-04-01 09:09:21.773384+00:00,5,0.98,0.02,yes,KXFEDDECISION-26APR-H0,cb3732ec-b6e4-589f-59a8-bfea0cf9332b
2026-04-01 09:11:03.912632+00:00,5,0.97,0.03,no,KXFEDDECISION-26APR-H0,8739573d-95d5-7d9b-e7cb-d824d5b30e8d
2026-04-01 09:22:49.374383+00:00,5,0.98,0.02,yes,KXFEDDECISION-26APR-H0,0e4326cb-a4c4-7d4b-346b-0d8810dc3c4b
2026-04-01 10:38:09.472934+00:00,156,0.97,0.03,no,KXFEDDECISION-26APR-H0,cb332fe1-06dd-592f-c651-499e35b45e09
2026-04-01 11:18:21.264728+00:00,5,0.98,0.02,yes,KXFEDDECISION-26APR-H0,7c73dea4-d57c-5c8b-a5fa-3da08346b92f
2026-04-01 11:19:32.297312+00:00,2,0.98,0.02,yes,KXFEDDECISION-26APR-H0,2d4140a4-c7a4-600f-1cc2-4f08d1d545ff
2026-04-01 11:24:00.521863+00:00,7,0.97,0.03,no,KXFEDDECISION-26APR-H0,1316988a-cdf9-755b-94fb-f53bc60baae1
2026-04-01 11:28:15.473055+00:00,25,0.97,0.03,no,KXFEDDECISION-26APR-H0,517b35b8-2b95-4553-5eea-e1385f2cacd5
2026-04-01 11:48:17.517374+00:00,31,0.97,0.03,no,KXFEDDECISION-26APR-H0,1bdd1d2c-5f09-5d9b-1ace-b2e1373596d1
2026-04-01 11:53:51.021184+00:00,3,0.98,0.02,yes,KXFEDDECISION-26APR-H0,966f4da6-4280-48d7-1e56-5b65b47bc4d3
2026-04-01 12:30:15.852553+00:00,1,0.97,0.03,no,KXFEDDECISION-26APR-H0,b4d179e0-6b4d-790b-6eca-8712ebccff95
2026-04-01 12:40:25.772199+00:00,27,0.97,0.03,no,KXFEDDECISION-26APR-H0,230bc97a-3cad-7543-33c9-a1d8fdf9e479
2026-04-01 13:11:19.216440+00:00,81,0.98,0.02,yes,KXFEDDECISION-26APR-H0,d009fcde-ad48-7263-7ee1-e3cb1d91b79b
2026-04-01 13:15:42.611566+00:00,100,0.97,0.03,no,KXFEDDECISION-26APR-H0,dd22fca0-3b69-60bf-a71f-670158b3c715
2026-04-01 13:24:29.068980+00:00,1,0.98,0.02,yes,KXFEDDECISION-26APR-H0,fc44bc18-ebc8-6337-ef27-5b9e3bb385cf
2026-04-01 14:04:15.743690+00:00,4,0.98,0.02,yes,KXFEDDECISION-26APR-H0,e63fc1cb-64e4-43df-f4fc-6f25bb962517
2026-04-01 14:14:17.790938+00:00,60,0.97,0.03,no,KXFEDDECISION-26APR-H0,66559b4a-5e95-4343-c764-6fb28048b359
2026-04-01 14:15:54.822306+00:00,20,0.97,0.03,no,KXFEDDECISION-26APR-H0,7c7535a1-96fd-4f2f-bd3e-778727a1f579
2026-04-01 14:29:19.480831+00:00,100,0.97,0.03,no,KXFEDDECISION-26APR-H0,e9b8f7ab-e951-56ef-9fbe-22e18ce2d6f9
2026-04-01 14:35:44.091921+00:00,1,0.97,0.03,no,KXFEDDECISION-26APR-H0,2d3a51ec-e5a9-4ac7-067c-0aa054a93bed
2026-04-01 14:36:10.602295+00:00,5,0.98,0.02,yes,KXFEDDECISION-26APR-H0,5e77183e-1a1c-43e7-3f89-652d13a844fb
2026-04-01 15:33:56.085769+00:00,60,0.98,0.02,yes,KXFEDDECISION-26APR-H0,6e6e8e27-f480-77eb-917e-6dc5d4f0f3bb
2026-04-01 15:54:33.601147+00:00,607,0.97,0.03,no,KXFEDDECISION-26APR-H0,fb3e5941-f249-4003-2aa4-b5c934a9e52d
2026-04-01 15:57:36.546447+00:00,1,0.97,0.03,no,KXFEDDECISION-26APR-H0,acf34296-5ae1-57eb-d46f-912ca265b729
2026-04-01 16:18:00.398614+00:00,10189,0.98,0.02,yes,KXFEDDECISION-26APR-H0,634b317d-67e4-5b1b-118f-8eb02822813f
2026-04-01 16:33:39.762464+00:00,100,0.97,0.03,no,KXFEDDECISION-26APR-H0,74eebfce-18c5-7a17-12bc-0f2ef1a0346d
2026-04-01 17:07:40.252287+00:00,10000,0.98,0.02,yes,KXFEDDECISION-26APR-H0,9ff1ac50-b7ec-765b-b6c1-85f187543edb
2026-04-01 17:29:48.054185+00:00,1,0.97,0.03,no,KXFEDDECISION-26APR-H0,7d398e16-323d-5323-8058-6de792bec7ad
2026-04-01 17:35:37.252115+00:00,203,0.98,0.02,yes,KXFEDDECISION-26APR-H0,609a141d-ab88-7847-ddf8-34442b3bcde3
2026-04-01 17:39:09.665105+00:00,156,0.97,0.03,no,KXFEDDECISION-26APR-H0,ece07d11-5f21-4c43-c456-2479ae79de51
2026-04-01 17:54:33.623996+00:00,1,0.98,0.02,yes,KXFEDDECISION-26APR-H0,75f8ed8f-fb58-4c77-3f11-822bf679e093
2026-04-01 18:11:12.155647+00:00,1,0.98,0.02,yes,KXFEDDECISION-26APR-H0,3a14ca16-b4c4-6a5f-c1ec-ef93102fe29f
2026-04-01 18:16:54.344167+00:00,10,0.98,0.02,yes,KXFEDDECISION-26APR-H0,eb4a584b-4464-6293-653a-aacd309e6c93
2026-04-01 18:30:42.954295+00:00,1250,0.98,0.02,yes,KXFEDDECISION-26APR-H0,f3cae3b5-c900-5b6b-46ee-06b99b7c84d3
2026-04-01 18:31:01.617113+00:00,10189,0.98,0.02,yes,KXFEDDECISION-26APR-H0,18764514-9b78-4f8f-aa58-4aadf83178ff
2026-04-01 18:34:51.812661+00:00,40,0.97,0.03,no,KXFEDDECISION-26APR-H0,fa696cc5-4481-63df-374c-6e7346b9e8a5
2026-04-01 18:36:41.386447+00:00,3,0.98,0.02,yes,KXFEDDECISION-26APR-H0,b4ec21ba-8e3c-48e7-fd33-776e03d77fc3
2026-04-01 18:36:57.057753+00:00,23,0.97,0.03,no,KXFEDDECISION-26APR-H0,2de40ac3-18cd-5dbb-b875-b8009641d4a5
2026-04-01 18:53:33.490017+00:00,25,0.97,0.03,no,KXFEDDECISION-26APR-H0,83cbb138-53d1-580b-cd18-8cae4e0d2281
2026-04-01 18:53:59.963733+00:00,25,0.97,0.03,no,KXFEDDECISION-26APR-H0,0f6582a9-12f9-6d4b-2845-f27ad148f325
2026-04-01 19:30:50.532371+00:00,26,0.97,0.03,no,KXFEDDECISION-26APR-H0,f268eaf0-9db9-4d07-099e-2791578fcaf1
2026-04-01 19:37:43.683529+00:00,1,0.98,0.02,yes,KXFEDDECISION-26APR-H0,39ed2b95-68d4-43ef-8dc0-6a0afd2721e3
2026-04-01 20:02:05.904018+00:00,5,0.98,0.02,yes,KXFEDDECISION-26APR-H0,e00aa782-d020-6977-c16a-c47e6ff0d12f
2026-04-01 20:14:25.480519+00:00,10,0.97,0.03,no,KXFEDDECISION-26APR-H0,992198fd-4519-628f-50e2-7e58d3114cad
2026-04-01 20:43:05.979230+00:00,170,0.98,0.02,yes,KXFEDDECISION-26APR-H0,c83163df-6c4c-4d7b-a967-7da123957467
2026-04-01 20:50:20.954232+00:00,20,0.97,0.03,no,KXFEDDECISION-26APR-H0,3aa9f2f8-b319-54af-64b1-db636033c9d9
2026-04-01 20:55:41.180316+00:00,40,0.97,0.03,no,KXFEDDECISION-26APR-H0,34711443-09ed-7f1f-564d-a2fd6e06a3ad
2026-04-01 20:56:13.585727+00:00,20,0.97,0.03,no,KXFEDDECISION-26APR-H0,1ee1394d-b5c1-423f-968a-9ffe7557c4d1
2026-04-01 20:56:45.039740+00:00,80,0.97,0.03,no,KXFEDDECISION-26APR-H0,e8f8bb49-fa19-5237-0ee4-94b14c9d89a9
2026-04-01 20:57:27.414760+00:00,24,0.97,0.03,no,KXFEDDECISION-26APR-H0,02364951-2f19-5d73-57ab-d6b8999e9979
2026-04-01 21:07:22.095772+00:00,79,0.98,0.02,yes,KXFEDDECISION-26APR-H0,6baefbee-eb50-6e4f-0fe4-dadc66012c2b
2026-04-01 21:18:40.834187+00:00,1,0.98,0.02,yes,KXFEDDECISION-26APR-H0,f26caf45-a0e4-750b-d03e-174ecd9d09fb
2026-04-01 21:50:07.794842+00:00,10,0.97,0.03,no,KXFEDDECISION-26APR-H0,73e244a6-a489-4353-ac3f-c21ae2df8f99
2026-04-01 21:50:24.933934+00:00,750,0.97,0.03,no,KXFEDDECISION-26APR-H0,b3dabedd-2809-78b7-7bbd-de3c0db016f5
2026-04-01 22:02:08.978268+00:00,110,0.97,0.03,no,KXFEDDECISION-26APR-H0,44b4b710-b515-6e5f-6588-18ec607fcc45
2026-04-01 22:15:12.844329+00:00,5,0.98,0.02,yes,KXFEDDECISION-26APR-H0,6dba2914-6604-5b8f-6d04-d61ac85e7ccf
2026-04-01 22:18:29.169976+00:00,156,0.97,0.03,no,KXFEDDECISION-26APR-H0,708ed9ea-b299-7867-4c2d-8e8f47b7a9d9
2026-04-01 22:20:12.217644+00:00,2,0.97,0.03,no,KXFEDDECISION-26APR-H0,fc2b3506-0c2d-5f4f-4603-b814981c6e8d
2026-04-01 22:26:49.814636+00:00,10000,0.98,0.02,yes,KXFEDDECISION-26APR-H0,d67ae587-95a0-58df-b94b-cb8b25ad85a7
2026-04-01 22:36:10.476245+00:00,9,0.97,0.03,no,KXFEDDECISION-26APR-H0,b251b9e6-1759-5eed-d3ca-147202f1e830
2026-04-01 22:36:10.476245+00:00,6,0.97,0.03,no,KXFEDDECISION-26APR-H0,61fe6695-7901-5513-ee5d-36ed6fbda2b5
2026-04-01 22:45:30.318885+00:00,31,0.97,0.03,no,KXFEDDECISION-26APR-H0,a86c0711-961d-61e5-b171-bd48be4c7334
2026-04-01 22:48:32.353763+00:00,2,0.97,0.03,no,KXFEDDECISION-26APR-H0,00a6bb19-0fd5-52c5-db86-b9b6e9f12a34
2026-04-01 22:50:00.511242+00:00,3,0.97,0.03,no,KXFEDDECISION-26APR-H0,d55610c0-b145-6949-bd85-126e659bab40
2026-04-01 22:51:11.898175+00:00,1,0.98,0.02,yes,KXFEDDECISION-26APR-H0,3d676ed0-9298-6bc3-f659-9bd2f1aa5563
2026-04-01 22:52:53.021567+00:00,26,0.97,0.03,no,KXFEDDECISION-26APR-H0,82adb748-086d-7219-a525-f68bb1550360
2026-04-01 23:00:38.452353+00:00,5,0.98,0.02,yes,KXFEDDECISION-26APR-H0,a2e3cd4a-bd98-6397-2013-19aa0f5122bb
2026-04-01 23:02:10.249357+00:00,93,0.97,0.03,no,KXFEDDECISION-26APR-H0,3e9ca9be-5ce5-5905-ae8a-7ee92418143c
2026-04-01 23:08:07.275939+00:00,101,0.98,0.02,yes,KXFEDDECISION-26APR-H0,5114a14c-7244-50b3-1e48-ac2589f13ec7
2026-04-01 23:13:21.480502+00:00,10,0.98,0.02,yes,KXFEDDECISION-26APR-H0,63e97981-7ebc-690b-b680-cb38928e56d3
2026-04-01 23:26:32.844101+00:00,20,0.98,0.02,yes,KXFEDDECISION-26APR-H0,eb971a5e-7f14-6d77-b8f0-7d8d2bbfec27
2026-04-02 00:21:50.505962+00:00,1,0.98,0.02,yes,KXFEDDECISION-26APR-H0,864414e1-d3d8-6ab7-10a8-b9055e1fee7b
2026-04-02 00:25:28.237399+00:00,20,0.97,0.03,no,KXFEDDECISION-26APR-H0,38242253-b905-5acd-47fc-c0db12e6eed4
2026-04-02 01:03:54.618596+00:00,49,0.98,0.02,yes,KXFEDDECISION-26APR-H0,faa96265-312c-7597-aba4-cf47f307325b
2026-04-02 01:21:32.676236+00:00,200,0.97,0.03,no,KXFEDDECISION-26APR-H0,2befe66e-1199-4b91-c165-dde47d71bca8
2026-04-02 01:22:05.372770+00:00,9000,0.98,0.02,yes,KXFEDDECISION-26APR-H0,645fce29-2ea8-4aa3-56c5-05199180ed3f
2026-04-02 01:22:39.564289+00:00,11000,0.98,0.02,yes,KXFEDDECISION-26APR-H0,e6ed19f4-cefc-7087-c9d1-4915e1186147
2026-04-02 01:26:46.600723+00:00,5,0.98,0.02,yes,KXFEDDECISION-26APR-H0,74f16606-12e0-7ac3-be82-6699d295595b
2026-04-02 01:33:51.993843+00:00,68,0.98,0.02,yes,KXFEDDECISION-26APR-H0,2bdc07d7-2ac8-5227-8c83-c87b65a8506f
2026-04-02 01:39:22.600405+00:00,31,0.97,0.03,no,KXFEDDECISION-26APR-H0,af55627b-1535-5125-3c05-a0bb84cfec40
2026-04-02 02:05:42.257940+00:00,65,0.98,0.02,yes,KXFEDDECISION-26APR-H0,8e0c3e84-589c-6c4b-bc7d-f8990e9cab07
2026-04-02 02:07:46.185806+00:00,5,0.98,0.02,yes,KXFEDDECISION-26APR-H0,95d877c6-af30-5847-f24f-14c0c7d80083
2026-04-02 02:10:38.643515+00:00,2,0.98,0.02,yes,KXFEDDECISION-26APR-H0,7cb0af5e-0454-484b-9e42-82d48e4955bb
2026-04-02 02:12:34.955461+00:00,1,0.98,0.02,yes,KXFEDDECISION-26APR-H0,affcb86a-3f24-6383-5e50-c05dcb590e6b
2026-04-02 02:12:37.744225+00:00,5,0.98,0.02,yes,KXFEDDECISION-26APR-H0,5e26739b-c83c-702f-f3c1-cb42ffb73c93
2026-04-02 02:17:03.524614+00:00,312,0.97,0.03,no,KXFEDDECISION-26APR-H0,b9985701-6f5d-4af1-d0f4-5959d5d51a50
2026-04-02 02:20:22.528025+00:00,31,0.97,0.03,no,KXFEDDECISION-26APR-H0,99df78d4-9531-6f1d-cff0-3fde13d951bc
2026-04-02 02:25:59.574729+00:00,1,0.97,0.03,no,KXFEDDECISION-26APR-H0,bd3626ec-bf05-6b19-8384-1e12dd1a5a94
2026-04-02 02:26:17.707351+00:00,1,0.98,0.02,yes,KXFEDDECISION-26APR-H0,7f7429ee-bac4-7ce3-1a86-36c56401b9ef
2026-04-02 02:48:44.119646+00:00,1,0.98,0.02,yes,KXFEDDECISION-26APR-H0,2ff7e777-23e4-6faf-5c73-3e460ebccb7f
2026-04-02 03:05:55.746434+00:00,1,0.98,0.02,yes,KXFEDDECISION-26APR-H0,32f8774d-fd38-78fb-e1e3-a9843ac2dfbf
2026-04-02 03:23:18.234643+00:00,1,0.98,0.02,yes,KXFEDDECISION-26APR-H0,f7c5768d-8e18-6273-403a-aec461a7823b
2026-04-02 03:31:40.546240+00:00,100,0.98,0.02,yes,KXFEDDECISION-26APR-H0,b40f56d7-04dc-6103-7c08-faae6890fd6b
2026-04-02 03:32:12.990060+00:00,20,0.97,0.03,no,KXFEDDECISION-26APR-H0,294c9436-77e1-78d5-db72-cd00a3ea9024
2026-04-02 03:35:11.699876+00:00,10,0.98,0.02,yes,KXFEDDECISION-26APR-H0,41f21af8-2940-4ccf-5f1b-4f08b38ec90f
2026-04-02 03:36:13.448971+00:00,9000,0.98,0.02,yes,KXFEDDECISION-26APR-H0,cc84517d-3510-6d87-2f6e-369190334b03
2026-04-02 03:36:43.969026+00:00,1000,0.98,0.02,yes,KXFEDDECISION-26APR-H0,0651cbc9-0e84-7b8f-fa22-2e0636a6667b
2026-04-02 04:10:21.326806+00:00,3,0.98,0.02,yes,KXFEDDECISION-26APR-H0,9984b3e4-1f9c-5d73-14a5-c6edbb9e789b
2026-04-02 04:29:03.359174+00:00,101,0.98,0.02,yes,KXFEDDECISION-26APR-H0,aefccadd-e2cc-64d3-bd13-6f66276d40b7
2026-04-02 04:53:49.233310+00:00,1,0.98,0.02,yes,KXFEDDECISION-26APR-H0,fba9eba2-31ac-737b-8aa3-2d1d90e91a9b
2026-04-02 05:08:39.768364+00:00,200,0.97,0.03,no,KXFEDDECISION-26APR-H0,43e29655-e12d-6e69-be1e-262cb0957514
2026-04-02 05:30:57.821180+00:00,31,0.97,0.03,no,KXFEDDECISION-26APR-H0,1cff7ed3-62b1-7a6d-4eb3-07a933d91ac8
2026-04-02 06:22:10.577847+00:00,8,0.98,0.02,yes,KXFEDDECISION-26APR-H0,70468e67-7248-78bb-fd0d-fa282e190123
2026-04-02 06:28:42.742296+00:00,15,0.97,0.03,no,KXFEDDECISION-26APR-H0,d17ce1c9-269d-6d9d-d399-503cdb641350
2026-04-02 09:04:43.490050+00:00,6,0.97,0.03,no,KXFEDDECISION-26APR-H0,a9aa8edd-67c1-5375-9d71-46b53a9edc44
2026-04-02 09:12:48.981164+00:00,1,0.98,0.02,yes,KXFEDDECISION-26APR-H0,4e84c1d1-3780-4877-3185-5f32dfe97dd7
2026-04-02 09:15:18.773903+00:00,1000,0.97,0.03,no,KXFEDDECISION-26APR-H0,db702247-8955-5591-a556-17bcaeb26384
2026-04-02 10:11:35.149913+00:00,1200,0.97,0.03,no,KXFEDDECISION-26APR-H0,8c9fd121-c425-485d-5280-d811ffd829cc
2026-04-02 10:35:19.168042+00:00,8,0.97,0.03,no,KXFEDDECISION-26APR-H0,79bc48d5-5331-61ed-7bc2-077ff0be24a4
2026-04-02 10:48:43.808037+00:00,25,0.97,0.03,no,KXFEDDECISION-26APR-H0,f9ba7134-fb69-74cd-820a-037141477340
2026-04-02 11:05:04.217186+00:00,3,0.97,0.03,no,KXFEDDECISION-26APR-H0,5aae7022-d579-749d-6b35-f3f2c497e420
2026-04-02 11:20:40.013190+00:00,156,0.97,0.03,no,KXFEDDECISION-26APR-H0,0cadaa57-1c15-71a1-ec18-fa81c5c9f19c
2026-04-02 11:28:56.632131+00:00,4,0.98,0.02,yes,KXFEDDECISION-26APR-H0,e2c5d2e7-abfc-5e0f-521b-d8e804eac217
2026-04-02 11:32:00.564747+00:00,100,0.97,0.03,no,KXFEDDECISION-26APR-H0,604037a4-d4f9-7a51-fe14-02c94b531e48
2026-04-02 12:05:43.383716+00:00,13,0.98,0.02,yes,KXFEDDECISION-26APR-H0,cf827d13-4f4c-6d93-7dfa-6c427d60b0a7
2026-04-02 12:13:18.796618+00:00,10189,0.98,0.02,yes,KXFEDDECISION-26APR-H0,b7c0f575-7954-6f43-b0c5-f10a92a8b6a7
2026-04-02 12:35:37.641694+00:00,5,0.98,0.02,yes,KXFEDDECISION-26APR-H0,fd808c22-0744-7dbb-c37a-179ad2856307
2026-04-02 12:36:52.071343+00:00,5,0.97,0.03,no,KXFEDDECISION-26APR-H0,57c43519-d27d-6d05-19e4-8bd20f1ead14
2026-04-02 12:50:54.504320+00:00,5,0.98,0.02,yes,KXFEDDECISION-26APR-H0,0575a7d4-3884-4183-27b6-c937881cf2b7
2026-04-02 12:57:14.726646+00:00,4,0.98,0.02,yes,KXFEDDECISION-26APR-H0,a14bcc52-c134-709b-838a-93b2e3836c97
2026-04-02 12:59:17.091407+00:00,45,0.98,0.02,yes,KXFEDDECISION-26APR-H0,2e9da3bc-d0e8-591b-1616-64d36d7913ef
2026-04-02 13:20:12.397972+00:00,10,0.97,0.03,no,KXFEDDECISION-26APR-H0,8f5f9962-5195-69b9-38fe-8844f9022968
2026-04-02 13:22:12.871022+00:00,380,0.97,0.03,no,KXFEDDECISION-26APR-H0,5cb87478-6fed-783d-f00e-bf5e72409c60
2026-04-02 13:31:02.801790+00:00,312,0.97,0.03,no,KXFEDDECISION-26APR-H0,361f83ec-0e01-7759-fec1-67172be3cec4
2026-04-02 13:49:24.015286+00:00,300,0.97,0.03,no,KXFEDDECISION-26APR-H0,79b827c3-aa15-42d9-af5b-ae6e710462a8
2026-04-02 13:54:21.532592+00:00,12,0.98,0.02,yes,KXFEDDECISION-26APR-H0,11c4f8d9-d8a8-66a3-cec5-5e38deac2403
2026-04-02 13:55:02.735075+00:00,1,0.98,0.02,yes,KXFEDDECISION-26APR-H0,12a63def-4ae4-7eab-49b3-38bd485d15db
2026-04-02 14:04:57.803661+00:00,8,0.97,0.03,no,KXFEDDECISION-26APR-H0,d77196b0-5edd-5b05-df67-3acadab41d74
2026-04-02 14:05:42.828880+00:00,1000,0.97,0.03,no,KXFEDDECISION-26APR-H0,11fbbac9-b6b5-57f1-91d6-5040772d4550
2026-04-02 14:21:44.045599+00:00,14,0.97,0.03,no,KXFEDDECISION-26APR-H0,26eae2fe-fdf9-6949-1c6d-12b99afbf018
2026-04-02 14:27:09.580069+00:00,156,0.97,0.03,no,KXFEDDECISION-26APR-H0,442cebb9-3779-5481-361c-90becf1f3a94
2026-04-02 14:32:12.256752+00:00,624,0.97,0.03,no,KXFEDDECISION-26APR-H0,7bd44d86-e26d-40d9-8013-0b7824734c80
2026-04-02 14:42:30.801116+00:00,15,0.97,0.03,no,KXFEDDECISION-26APR-H0,7818b193-98b9-6b75-cc5d-cb5c69511358
2026-04-02 14:42:42.454219+00:00,1,0.97,0.03,no,KXFEDDECISION-26APR-H0,d2b979b6-165d-6d11-fcdf-88f8441e3344
2026-04-02 14:46:23.770532+00:00,152,0.98,0.02,yes,KXFEDDECISION-26APR-H0,86c2047e-0b6c-70a7-0cbb-97c0ea0b43cf
2026-04-02 14:47:47.549489+00:00,3121,0.97,0.03,no,KXFEDDECISION-26APR-H0,9c68eda2-e1e9-5e21-fc9b-f708fedb7578
2026-04-02 14:51:46.747913+00:00,26,0.98,0.02,yes,KXFEDDECISION-26APR-H0,a6f32d80-8fc0-5c07-beaf-75a9f16a64a3
2026-04-02 15:00:24.693453+00:00,31,0.97,0.03,no,KXFEDDECISION-26APR-H0,f3d19590-111d-4435-ef14-1e3b28fb2ddc
2026-04-02 15:12:19.756257+00:00,2,0.97,0.03,no,KXFEDDECISION-26APR-H0,81f62757-d59d-5f31-a962-23543db541cc
2026-04-02 15:25:23.449798+00:00,1,0.98,0.02,yes,KXFEDDECISION-26APR-H0,bdf5d307-8f2c-44eb-180c-02d3e2f20cdf
2026-04-02 15:29:04.729917+00:00,3,0.98,0.02,yes,KXFEDDECISION-26APR-H0,a198ce9e-6308-755b-31a7-b640dd1b6d3f
2026-04-02 15:32:12.629123+00:00,8,0.97,0.03,no,KXFEDDECISION-26APR-H0,9aba613f-9931-5cc5-862d-a8dc28897a28
2026-04-02 15:48:38.459080+00:00,1,0.98,0.02,yes,KXFEDDECISION-26APR-H0,3abf03d7-88b4-6d03-3031-fee5a2d80c47
2026-04-02 15:52:32.481478+00:00,490,0.97,0.03,no,KXFEDDECISION-26APR-H0,2bbf6b6f-9ba9-7d41-e72f-6de246572a14
2026-04-02 15:52:32.481478+00:00,10,0.97,0.03,no,KXFEDDECISION-26APR-H0,7418af25-8820-7e19-d08e-43409d4f89c3
2026-04-02 15:53:38.474427+00:00,1,0.97,0.03,no,KXFEDDECISION-26APR-H0,93df0392-cd20-5865-a18d-716f1cb038a7
2026-04-02 15:54:48.908480+00:00,5,0.98,0.02,yes,KXFEDDECISION-26APR-H0,18fa8b5c-76a0-703b-28c9-97937bc0f447
2026-04-02 16:00:21.656532+00:00,16,0.98,0.02,yes,KXFEDDECISION-26APR-H0,7ac8a85a-0178-79bb-24c4-9e89dd467263
2026-04-02 16:00:58.383526+00:00,20,0.97,0.03,no,KXFEDDECISION-26APR-H0,50b99d0a-7718-6719-e802-579fbae91087
2026-04-02 16:01:21.986357+00:00,9,0.98,0.02,yes,KXFEDDECISION-26APR-H0,53776193-5d00-77e3-6b90-70877ab1eed3
2026-04-02 16:04:36.073365+00:00,90,0.97,0.03,no,KXFEDDECISION-26APR-H0,bf65b361-ca80-58f9-5290-584cd0c67903
2026-04-02 16:07:18.662816+00:00,10,0.98,0.02,yes,KXFEDDECISION-26APR-H0,5b550711-6590-7503-6297-6d9a7bc2c757
2026-04-02 16:09:00.053093+00:00,62,0.97,0.03,no,KXFEDDECISION-26APR-H0,23b6b391-7fbc-5afd-f5e5-ecf14f83dc13
2026-04-02 16:10:16.358904+00:00,10,0.98,0.02,yes,KXFEDDECISION-26APR-H0,7e1710f3-1f74-5303-0950-a4617d3f2eff
2026-04-02 16:11:25.980446+00:00,5,0.98,0.02,yes,KXFEDDECISION-26APR-H0,876edbd2-2514-615f-9c94-711de8359717
2026-04-02 16:23:10.055916+00:00,10,0.98,0.02,yes,KXFEDDECISION-26APR-H0,2be65916-ee90-43bf-1849-9e9e03db709f
2026-04-02 16:24:21.743963+00:00,500,0.97,0.03,no,KXFEDDECISION-26APR-H0,5216d503-344c-43f1-aeab-28f49ef1f8af
2026-04-02 16:24:51.604410+00:00,200,0.97,0.03,no,KXFEDDECISION-26APR-H0,bfc5f93a-ec90-4365-8d1f-c1feee1c1c8b
2026-04-02 16:25:29.493598+00:00,200,0.97,0.03,no,KXFEDDECISION-26APR-H0,642efd23-d288-40d9-dcda-2ea82231c937
2026-04-02 16:34:33.941667+00:00,156,0.97,0.03,no,KXFEDDECISION-26APR-H0,fb9b7551-a110-57b5-46a3-344ac76beb0f
2026-04-02 16:43:17.129116+00:00,2,0.98,0.02,yes,KXFEDDECISION-26APR-H0,f4db7dfd-d8c4-71c3-2ffc-cbf8495c654f
2026-04-02 16:43:59.257328+00:00,312,0.97,0.03,no,KXFEDDECISION-26APR-H0,1818a700-e838-6ea5-06e2-130d45e57db7
2026-04-02 16:51:32.857639+00:00,2000,0.97,0.03,no,KXFEDDECISION-26APR-H0,72961b60-1348-4619-6794-512625679d23
2026-04-02 17:15:29.685211+00:00,3000,0.97,0.03,no,KXFEDDECISION-26APR-H0,becdbb25-4a94-6035-51bf-73ef880a5cdf
2026-04-02 17:16:27.483072+00:00,500,0.97,0.03,no,KXFEDDECISION-26APR-H0,00f610c8-f254-755d-0353-556844d605d7
2026-04-02 17:23:49.880522+00:00,10,0.98,0.02,yes,KXFEDDECISION-26APR-H0,e4578f13-0f34-5a17-51a3-4861996fcd7b
2026-04-02 17:40:02.555283+00:00,30,0.98,0.02,yes,KXFEDDECISION-26APR-H0,6a4aa583-3344-6deb-bbc5-c44f45d8c977
2026-04-02 17:42:47.227903+00:00,3121,0.97,0.03,no,KXFEDDECISION-26APR-H0,5377698d-7cac-5c95-6631-bbd3264dbec7
2026-04-02 17:44:21.965896+00:00,1000,0.98,0.02,yes,KXFEDDECISION-26APR-H0,573a4eb4-179c-62df-31fb-0ff9587eb5c3
2026-04-02 17:47:27.229848+00:00,31,0.97,0.03,no,KXFEDDECISION-26APR-H0,dfe0f659-1e70-42c1-bf0d-1ae7e359bde3
2026-04-02 17:49:09.333049+00:00,10,0.98,0.02,yes,KXFEDDECISION-26APR-H0,0dccdfe9-3878-64a7-a3ba-0d2b0214a04f
2026-04-02 17:50:28.603537+00:00,312,0.97,0.03,no,KXFEDDECISION-26APR-H0,7fe2f033-a650-5a99-3868-ad4a944d5ff7
2026-04-02 17:54:23.588195+00:00,150,0.97,0.03,no,KXFEDDECISION-26APR-H0,49dce681-3578-7699-34ab-16bd4f435073
2026-04-02 17:54:35.339721+00:00,10,0.98,0.02,yes,KXFEDDECISION-26APR-H0,7d0a26bb-b564-4cf7-b568-6256c642684f
2026-04-02 17:54:52.585584+00:00,10,0.98,0.02,yes,KXFEDDECISION-26APR-H0,b9953435-48fc-42eb-f5dd-12ff38afaea7
2026-04-02 17:55:59.532030+00:00,1,0.98,0.02,yes,KXFEDDECISION-26APR-H0,435855ff-ed38-662f-fff8-6851f0d29477
2026-04-02 18:01:36.476472+00:00,3,0.98,0.02,yes,KXFEDDECISION-26APR-H0,f809fc15-9728-434b-05b5-be6c2af9c2cb
2026-04-02 18:07:49.421313+00:00,156,0.97,0.03,no,KXFEDDECISION-26APR-H0,a4c8276e-3f4c-6c75-72b1-55bcee5257ab
2026-04-02 18:14:57.541811+00:00,10,0.98,0.02,yes,KXFEDDECISION-26APR-H0,3e97c27a-baf0-4477-9167-2f8c86c78cbf
2026-04-02 18:47:45.020181+00:00,31,0.97,0.03,no,KXFEDDECISION-26APR-H0,c8e3ff9d-3c88-67d5-d787-6929f1be549f
2026-04-02 18:53:38.980961+00:00,1000,0.97,0.03,no,KXFEDDECISION-26APR-H0,af4a3b38-d2bc-6361-8bc5-b1b46d4c652f
2026-04-02 19:17:46.051663+00:00,1,0.97,0.03,no,KXFEDDECISION-26APR-H0,c261ee3a-dbec-64a1-c5f2-eca8f72fb7fb
2026-04-02 19:23:09.465427+00:00,156,0.97,0.03,no,KXFEDDECISION-26APR-H0,97eb8346-b8d0-6bcd-2554-8b3d491c82ab
2026-04-02 19:28:49.409773+00:00,3,0.98,0.02,yes,KXFEDDECISION-26APR-H0,1bc9a87c-a684-6a4f-9bc4-7ad194d106af
2026-04-02 19:36:03.401399+00:00,20,0.97,0.03,no,KXFEDDECISION-26APR-H0,ec84484f-6824-46a1-6291-f94ca2db5a73
2026-04-02 19:40:29.367820+00:00,8,0.98,0.02,yes,KXFEDDECISION-26APR-H0,7a51b6f1-a1bc-5043-fce9-dc110ea8ef9f
2026-04-02 19:41:33.854503+00:00,1,0.98,0.02,yes,KXFEDDECISION-26APR-H0,ebdc8091-9c4c-5cc3-6e8c-4742678f2ef3
2026-04-02 19:42:53.315257+00:00,1,0.98,0.02,yes,KXFEDDECISION-26APR-H0,73da5fbe-5364-7a6b-5eed-e0e22bcbd5cf
2026-04-02 20:10:51.234871+00:00,430,0.97,0.03,no,KXFEDDECISION-26APR-H0,dcb89426-75f4-7f61-1728-8607b53e3887
2026-04-02 20:19:03.136469+00:00,500,0.97,0.03,no,KXFEDDECISION-26APR-H0,2b19d4a7-f2f0-5f39-2210-1dfcf8c44a87
2026-04-02 20:30:58.121384+00:00,1,0.98,0.02,yes,KXFEDDECISION-26APR-H0,788cd38f-c998-7003-c6db-4c7c5d887393
2026-04-02 20:36:06.829275+00:00,2028,0.97,0.03,no,KXFEDDECISION-26APR-H0,69fe5335-2fa4-4b35-ced0-92dec03a554b
2026-04-02 20:46:59.846936+00:00,93,0.97,0.03,no,KXFEDDECISION-26APR-H0,d42ed444-c9f4-7d39-69d7-cb644762d33f
2026-04-02 20:47:44.554801+00:00,93,0.97,0.03,no,KXFEDDECISION-26APR-H0,e70f724e-78e0-4ff9-b994-a40d34f62327
2026-04-02 20:48:19.383378+00:00,2,0.97,0.03,no,KXFEDDECISION-26APR-H0,bf5a766e-2790-4475-dd05-c1d183a0f337
2026-04-02 20:50:57.025833+00:00,186,0.98,0.02,yes,KXFEDDECISION-26APR-H0,94126163-e778-6aa3-1ee5-e0337ef4147b
2026-04-02 21:11:43.947559+00:00,52,0.97,0.03,no,KXFEDDECISION-26APR-H0,135cc56b-5dcc-47d5-b7f3-942f042aec07
2026-04-02 21:36:04.792462+00:00,1,0.97,0.03,no,KXFEDDECISION-26APR-H0,40d5d3cd-8b04-6cfd-d0c8-5d44ba71039b
2026-04-02 21:38:03.253412+00:00,4,0.97,0.03,no,KXFEDDECISION-26APR-H0,3185aac6-01c4-7f95-6df6-90ff20e3d86f
2026-04-02 21:48:52.758151+00:00,10,0.98,0.02,yes,KXFEDDECISION-26APR-H0,2ec46d85-ffd0-7347-5745-168023119aef
2026-04-02 21:54:32.312774+00:00,2,0.98,0.02,yes,KXFEDDECISION-26APR-H0,0bd18533-d990-4a97-44a6-64f27bfa70eb
2026-04-02 22:14:29.941277+00:00,10000,0.98,0.02,yes,KXFEDDECISION-26APR-H0,2c4ffdac-29fc-5453-5a3e-016bbdd6ed67
2026-04-02 22:15:16.923017+00:00,1,0.98,0.02,yes,KXFEDDECISION-26APR-H0,0fd84735-5410-444f-8463-8fd90ae530ef
2026-04-02 22:48:34.536835+00:00,295,0.98,0.02,yes,KXFEDDECISION-26APR-H0,827ebec5-514c-7793-a009-da1cec547523
2026-04-02 22:50:09.995695+00:00,200,0.97,0.03,no,KXFEDDECISION-26APR-H0,c6d677bb-41e4-49bd-7a58-485a7dff888b
2026-04-02 22:53:38.478860+00:00,130,0.97,0.03,no,KXFEDDECISION-26APR-H0,a409e8ae-060c-5011-6679-7bf18ef05acf
2026-04-02 22:58:42.918556+00:00,20,0.98,0.02,yes,KXFEDDECISION-26APR-H0,071a1a75-fb90-7517-b6fb-bc7e9135c713
2026-04-02 23:03:36.840189+00:00,100,0.97,0.03,no,KXFEDDECISION-26APR-H0,d8295075-da24-7719-1336-af4943ef13c3
2026-04-02 23:15:21.137208+00:00,5,0.98,0.02,yes,KXFEDDECISION-26APR-H0,8d63edc1-c37c-74db-1ee8-4072bbbabd2f
2026-04-02 23:47:44.933385+00:00,31,0.97,0.03,no,KXFEDDECISION-26APR-H0,93187535-d4e0-4a1d-ad56-c38d570f77ef
2026-04-02 23:48:36.602727+00:00,156,0.98,0.02,yes,KXFEDDECISION-26APR-H0,75b418e3-9088-7bdb-1cf4-f95368ad03ef
2026-04-02 23:56:09.238131+00:00,12,0.97,0.03,no,KXFEDDECISION-26APR-H0,0f202f00-62a8-6475-2d38-563debee18eb
2026-04-03 00:10:33.911584+00:00,5,0.98,0.02,yes,KXFEDDECISION-26APR-H0,c162b381-d36c-6657-bef6-79b8006162cb
2026-04-03 00:11:08.167353+00:00,200,0.97,0.03,no,KXFEDDECISION-26APR-H0,db5372ee-df30-7d05-efab-e64635a3e023
2026-04-03 00:12:48.632050+00:00,20,0.97,0.03,no,KXFEDDECISION-26APR-H0,acf0520a-cd84-738d-1652-ea15d4c24e97
2026-04-03 00:43:10.327717+00:00,1,0.98,0.02,yes,KXFEDDECISION-26APR-H0,271b554e-db6c-72cb-e55c-37287ec24443
2026-04-03 00:48:38.801951+00:00,500,0.97,0.03,no,KXFEDDECISION-26APR-H0,97a9a354-8d90-5ca1-0e0c-1fec3e549993
2026-04-03 00:54:40.736606+00:00,5,0.97,0.03,no,KXFEDDECISION-26APR-H0,c3403544-092c-7259-ece2-d2d89875683f
2026-04-03 01:10:34.338678+00:00,3,0.98,0.02,yes,KXFEDDECISION-26APR-H0,5b2874e5-2d40-5407-096c-364e13ca3f93
2026-04-03 01:28:45.508544+00:00,217,0.98,0.02,yes,KXFEDDECISION-26APR-H0,99925941-93c8-575b-4516-e5af5561790b
2026-04-03 01:33:45.198299+00:00,10,0.97,0.03,no,KXFEDDECISION-26APR-H0,1ce3e309-6cb8-7cc1-8fb2-0f5155b9326b
2026-04-03 01:42:05.258882+00:00,1,0.98,0.02,yes,KXFEDDECISION-26APR-H0,bd0700d4-8c40-4297-85d8-ef0cc25f6303
2026-04-03 01:58:25.288172+00:00,2,0.98,0.02,yes,KXFEDDECISION-26APR-H0,92253df8-4afc-546b-75d8-392604150ca7
2026-04-03 02:01:16.565453+00:00,1,0.98,0.02,yes,KXFEDDECISION-26APR-H0,f6d309af-007c-66f7-4d4b-6287fede8213
2026-04-03 02:14:52.070859+00:00,4,0.97,0.03,no,KXFEDDECISION-26APR-H0,317e81ba-79e0-6ded-3293-8b7682d0b803
2026-04-03 02:15:01.047346+00:00,312,0.97,0.03,no,KXFEDDECISION-26APR-H0,c32884af-959c-7875-7180-24d859aff6c7
2026-04-03 02:16:49.625531+00:00,156,0.97,0.03,no,KXFEDDECISION-26APR-H0,ffddd6e7-7474-7c4d-8dca-08170e56bed3
2026-04-03 02:31:03.683123+00:00,1,0.98,0.02,yes,KXFEDDECISION-26APR-H0,274f4e88-246c-4f93-4bea-813b642bb473
2026-04-03 02:32:03.991273+00:00,400,0.97,0.03,no,KXFEDDECISION-26APR-H0,67b5d482-d708-6c15-ddd7-df33a5c4fad3
2026-04-03 02:44:26.173378+00:00,10,0.98,0.02,yes,KXFEDDECISION-26APR-H0,c368b024-bf70-4eeb-1ebb-7decc8a25327
2026-04-03 02:46:42.476081+00:00,31,0.97,0.03,no,KXFEDDECISION-26APR-H0,fc9adf08-3264-4a49-370f-df91c8abb533
2026-04-03 03:21:35.253846+00:00,62,0.97,0.03,no,KXFEDDECISION-26APR-H0,9cd67729-2f10-4f25-8289-98d9b4c1e1a7
2026-04-03 03:23:58.607766+00:00,1,0.98,0.02,yes,KXFEDDECISION-26APR-H0,6a9e19b1-5158-681b-39df-4f73c8592833
2026-04-03 03:39:01.093698+00:00,100,0.97,0.03,no,KXFEDDECISION-26APR-H0,9aebf29d-cfdc-5465-7acc-42d8f4785fc3
2026-04-03 03:43:50.467535+00:00,1,0.98,0.02,yes,KXFEDDECISION-26APR-H0,d0b93a0c-fb48-7b53-65d3-c2e14bba118f
2026-04-03 03:52:45.267131+00:00,1,0.98,0.02,yes,KXFEDDECISION-26APR-H0,c7dd1a14-f224-7bab-d1a7-d6152da06b7b
2026-04-03 04:15:59.819971+00:00,2,0.98,0.02,yes,KXFEDDECISION-26APR-H0,f5b79020-2460-54ab-3f42-a05be27db50f
2026-04-03 04:35:17.146488+00:00,2,0.97,0.03,no,KXFEDDECISION-26APR-H0,b11b8cce-1960-4db1-5127-91b31dbea0bb
2026-04-03 04:35:38.251354+00:00,2,0.98,0.02,yes,KXFEDDECISION-26APR-H0,0b120524-de00-4d93-96a7-1f36f2ce2a1f
2026-04-03 05:06:53.547956+00:00,20,0.97,0.03,no,KXFEDDECISION-26APR-H0,717db015-3658-5c99-fa65-3a492285ab47
2026-04-03 05:52:53.702588+00:00,1,0.97,0.03,no,KXFEDDECISION-26APR-H0,40f5572b-5aa8-48c9-0395-8d0c94ac09cb
2026-04-03 05:53:22.824532+00:00,500,0.97,0.03,no,KXFEDDECISION-26APR-H0,dad70c5c-23b4-5ad1-3551-ef40066a9b0f
2026-04-03 07:55:08.600834+00:00,10,0.98,0.02,yes,KXFEDDECISION-26APR-H0,632d9cf4-06a4-5627-f960-40c65f1c7197
2026-04-03 08:31:17.215371+00:00,71,0.98,0.02,yes,KXFEDDECISION-26APR-H0,de270806-3cb8-424b-da43-32c34d58605f
2026-04-03 08:38:17.763814+00:00,8,0.98,0.02,yes,KXFEDDECISION-26APR-H0,97fb3ab0-db84-7583-3728-466cbb8b9f4b
2026-04-03 09:08:14.239613+00:00,10,0.97,0.03,no,KXFEDDECISION-26APR-H0,309f962d-c464-7171-e28a-2724c89c2b4b
2026-04-03 09:24:54.472923+00:00,20,0.98,0.02,yes,KXFEDDECISION-26APR-H0,df489312-b134-711f-6858-4f0e8b2c9e47
2026-04-03 10:13:33.851142+00:00,249,0.97,0.03,no,KXFEDDECISION-26APR-H0,fa58f5cf-5490-711d-50b7-4616d3d3b293
2026-04-03 11:25:12.509652+00:00,31,0.97,0.03,no,KXFEDDECISION-26APR-H0,fbcb741f-61b8-5841-6ac6-9aedd965ae93
2026-04-03 11:51:26.719015+00:00,27,0.97,0.03,no,KXFEDDECISION-26APR-H0,ed3f8f53-4298-5fb1-42ad-052a28feac8b
2026-04-03 12:17:17.965344+00:00,62,0.97,0.03,no,KXFEDDECISION-26APR-H0,89fe3bd3-5094-57ed-b0ed-6f3dc5b01b1b
2026-04-03 12:21:44.699254+00:00,20,0.97,0.03,no,KXFEDDECISION-26APR-H0,ca42025c-e17c-7b3d-4f7d-a1e0b9ff6407
2026-04-03 12:21:58.528972+00:00,12,0.97,0.03,no,KXFEDDECISION-26APR-H0,1c92fb39-8ecc-5c65-5c24-7f84699b6747
2026-04-03 12:43:15.106081+00:00,2,0.98,0.02,yes,KXFEDDECISION-26APR-H0,7f081b50-0c7c-5e17-1bdb-a7baf79ec7ab
2026-04-03 13:20:32.184367+00:00,2,0.98,0.02,yes,KXFEDDECISION-26APR-H0,90881844-2f50-6117-a1a5-a02092462adb
2026-04-03 13:35:11.389489+00:00,93,0.97,0.03,no,KXFEDDECISION-26APR-H0,d34de1c2-09cc-6a6d-0ff3-6b7b7987d6af
2026-04-03 13:44:09.533214+00:00,1,0.98,0.02,yes,KXFEDDECISION-26APR-H0,9c8f290a-dadc-4677-fc14-0541753f8d33
2026-04-03 14:05:01.350826+00:00,1018,0.98,0.02,yes,KXFEDDECISION-26APR-H0,607600fe-f938-7f2b-0e48-233378f9fc07
2026-04-03 14:06:06.860425+00:00,4075,0.98,0.02,yes,KXFEDDECISION-26APR-H0,506ea0b5-093c-481f-b873-6affa3621ca3
2026-04-03 14:07:12.669895+00:00,407,0.98,0.02,yes,KXFEDDECISION-26APR-H0,8666069d-b770-4b77-0eff-0c84489505f3
2026-04-03 14:07:20.405797+00:00,2,0.98,0.02,yes,KXFEDDECISION-26APR-H0,61ce16fd-b874-44db-8b2a-b4ab965fa06f
2026-04-03 14:23:26.708077+00:00,50000,0.98,0.02,yes,KXFEDDECISION-26APR-H0,0d223572-5b20-563b-1dac-d32427b3c493
2026-04-03 14:24:11.647968+00:00,26,0.97,0.03,no,KXFEDDECISION-26APR-H0,122aba34-5b3c-7c01-9b59-f7960794782b
2026-04-03 14:24:34.850201+00:00,140000,0.98,0.02,yes,KXFEDDECISION-26APR-H0,fd01679d-4474-5997-d96f-675c6ed1eaef
2026-04-03 14:33:51.890546+00:00,1,0.97,0.03,no,KXFEDDECISION-26APR-H0,ef3bd8d2-7bd0-734d-679b-1cc280ced54b
2026-04-03 14:35:10.141192+00:00,3,0.98,0.02,yes,KXFEDDECISION-26APR-H0,5c335de3-7a4c-61ff-6815-da53172e444f
2026-04-03 14:42:52.144914+00:00,60000,0.98,0.02,yes,KXFEDDECISION-26APR-H0,5c43a27d-e2a4-5b77-cffb-2f1c04bc1607
2026-04-03 14:47:24.596213+00:00,3,0.98,0.02,yes,KXFEDDECISION-26APR-H0,61b82619-2570-5637-dcca-4e7a1687050b
2026-04-03 14:57:49.653915+00:00,10,0.98,0.02,yes,KXFEDDECISION-26APR-H0,dfac8e99-9a2c-4327-c66c-752f2814f4c7
2026-04-03 15:09:08.777688+00:00,7,0.98,0.02,yes,KXFEDDECISION-26APR-H0,f6c88f16-8cb4-7eeb-075c-e3d633e172bd
2026-04-03 15:09:08.777688+00:00,53,0.98,0.02,yes,KXFEDDECISION-26APR-H0,7307f2ea-fcca-713b-2df1-7648e56f7983
2026-04-03 15:09:08.777688+00:00,1000,0.98,0.02,yes,KXFEDDECISION-26APR-H0,6832d265-fb78-7d26-3a55-e154f822f66c
2026-04-03 15:09:08.777688+00:00,100,0.98,0.02,yes,KXFEDDECISION-26APR-H0,e6610e5c-bc6d-7115-2310-918d05b73bde
2026-04-03 15:09:08.777688+00:00,5,0.98,0.02,yes,KXFEDDECISION-26APR-H0,4b84b9d0-18df-7df5-110c-38eda21e81b4
2026-04-03 15:09:08.777688+00:00,1500,0.98,0.02,yes,KXFEDDECISION-26APR-H0,5714f61b-71c2-77b8-2a71-fac74e4bc24b
2026-04-03 15:09:08.777688+00:00,10,0.98,0.02,yes,KXFEDDECISION-26APR-H0,28350f00-0a64-7ef8-1f5e-868c4f1a4305
2026-04-03 15:21:05.651269+00:00,75,0.98,0.02,no,KXFEDDECISION-26APR-H0,a355f6a6-e0a2-5939-cad0-462ee14ded71
2026-04-03 15:22:04.833713+00:00,5,0.98,0.02,no,KXFEDDECISION-26APR-H0,0985f5c7-4d9e-50a9-a35f-0ecd0db2129d
2026-04-03 15:34:12.674211+00:00,7,0.98,0.02,no,KXFEDDECISION-26APR-H0,9b663be8-c61e-5b65-380d-67f6430134b9
2026-04-03 15:35:02.393283+00:00,7,0.98,0.02,no,KXFEDDECISION-26APR-H0,4690515e-c45e-5de9-948c-28919189de1d
2026-04-03 15:40:02.066555+00:00,7,0.98,0.02,no,KXFEDDECISION-26APR-H0,ef3b17bb-29b6-7b69-b995-a13427473565
2026-04-03 15:43:14.362472+00:00,3,0.98,0.02,no,KXFEDDECISION-26APR-H0,1fb9b21e-577a-5909-1244-7761a78ffac9
2026-04-03 15:45:02.462375+00:00,7,0.98,0.02,no,KXFEDDECISION-26APR-H0,17c87118-01d2-45a1-d8f0-714b8c0c18dd
2026-04-03 15:48:06.954034+00:00,5,0.99,0.01,yes,KXFEDDECISION-26APR-H0,611b5922-799e-7b8c-f031-459980a7cfbb
2026-04-03 15:50:02.212798+00:00,7,0.98,0.02,no,KXFEDDECISION-26APR-H0,f156169f-7172-4f69-5b0b-80b46b15e459
2026-04-03 15:55:01.918710+00:00,7,0.98,0.02,no,KXFEDDECISION-26APR-H0,fed85cdd-be12-4ce5-b6e1-0e8e3028b165
2026-04-03 15:55:06.286319+00:00,5,0.99,0.01,yes,KXFEDDECISION-26APR-H0,bb7a0056-5312-4c88-7d0c-60c9362037bb
2026-04-03 16:00:02.948186+00:00,7,0.98,0.02,no,KXFEDDECISION-26APR-H0,e4a0f61c-9ae2-7405-cbb9-9d13888bd751
2026-04-03 16:05:02.183409+00:00,7,0.98,0.02,no,KXFEDDECISION-26APR-H0,46c7edfc-e0ea-5c91-7e38-4a821c682189
2026-04-03 16:10:02.167151+00:00,7,0.98,0.02,no,KXFEDDECISION-26APR-H0,04321ce5-ad1e-48fd-5841-c21938c9b04d
2026-04-03 16:15:02.664331+00:00,7,0.98,0.02,no,KXFEDDECISION-26APR-H0,d3dd8029-f706-5289-868e-a9f266094c5d
2026-04-03 16:15:26.382967+00:00,21,0.98,0.02,no,KXFEDDECISION-26APR-H0,0fcab11e-e1de-6ffd-5e24-8833b9007b4d
2026-04-03 16:20:03.037841+00:00,7,0.98,0.02,no,KXFEDDECISION-26APR-H0,5d408490-480a-44d9-e3ac-a7d6cea14235
2026-04-03 16:24:57.531488+00:00,10,0.99,0.01,yes,KXFEDDECISION-26APR-H0,87ee4294-1fe6-6f8c-b56a-7163758faa2f
2026-04-03 16:25:02.516381+00:00,7,0.98,0.02,no,KXFEDDECISION-26APR-H0,734d9a42-a7fa-7255-059d-8ec89cccc059
2026-04-03 16:30:02.508802+00:00,7,0.98,0.02,no,KXFEDDECISION-26APR-H0,5a1300e8-c902-4eb9-4f31-621f6a90c839
2026-04-03 16:32:39.831721+00:00,250,0.98,0.02,no,KXFEDDECISION-26APR-H0,e58a5753-f87e-4959-cfdb-48f8fdb1432d
2026-04-03 16:35:02.852971+00:00,7,0.98,0.02,no,KXFEDDECISION-26APR-H0,6a961fc6-4242-6f45-7b85-fa379f28302d
2026-04-03 16:37:44.644847+00:00,10,0.98,0.02,no,KXFEDDECISION-26APR-H0,eff057f0-020e-42f5-689c-7f952553e071
2026-04-03 16:37:47.054566+00:00,1,0.99,0.01,yes,KXFEDDECISION-26APR-H0,78319d78-2176-7350-4b5c-0ec8863816db
2026-04-03 16:38:17.636061+00:00,1625,0.98,0.02,no,KXFEDDECISION-26APR-H0,556befda-4bca-63b1-f317-758e7f9d3639
2026-04-03 16:40:02.551218+00:00,7,0.98,0.02,no,KXFEDDECISION-26APR-H0,3658c54f-7d8a-754d-52a5-ffda041395cd
2026-04-03 16:45:02.454944+00:00,7,0.98,0.02,no,KXFEDDECISION-26APR-H0,c68a6026-4f46-7e79-3e75-8949c8c786f1
2026-04-03 16:46:46.186837+00:00,1,0.99,0.01,yes,KXFEDDECISION-26APR-H0,5fcbe669-3e32-74ac-38c0-4f3f9b81e1b7
2026-04-03 16:49:19.083800+00:00,25,0.99,0.01,yes,KXFEDDECISION-26APR-H0,b8c9bd64-5832-6eb8-1522-e191ce570423
2026-04-03 16:50:02.614348+00:00,7,0.98,0.02,no,KXFEDDECISION-26APR-H0,a05bc8dd-7ec6-70c9-ea9d-21cc1df56789
2026-04-03 16:55:02.310047+00:00,7,0.98,0.02,no,KXFEDDECISION-26APR-H0,99ba5606-8512-51ed-833d-f8dcf6a88cd9
2026-04-03 17:00:02.362161+00:00,7,0.98,0.02,no,KXFEDDECISION-26APR-H0,92cd68ac-a522-5c55-256b-c510effbb491
2026-04-03 17:05:01.949506+00:00,7,0.98,0.02,no,KXFEDDECISION-26APR-H0,e6979d57-a3ea-71e9-1855-adc61c5a8609
2026-04-03 17:06:44.592855+00:00,10,0.98,0.02,no,KXFEDDECISION-26APR-H0,db35be62-d546-43d5-38f5-59e8f08797cd
2026-04-03 17:10:02.620396+00:00,7,0.98,0.02,no,KXFEDDECISION-26APR-H0,fa3b57de-f4be-5901-669b-04fb218d6125
2026-04-03 17:15:02.575107+00:00,7,0.98,0.02,no,KXFEDDECISION-26APR-H0,95e421b8-11ea-6ef9-53ca-91a50531ef4d
2026-04-03 17:20:02.625355+00:00,7,0.98,0.02,no,KXFEDDECISION-26APR-H0,b798e929-73ce-74a1-3660-59e67f70b859
2026-04-03 17:24:07.125733+00:00,125,0.98,0.02,no,KXFEDDECISION-26APR-H0,d24cc7cf-382e-4749-142f-19a96914ce41
2026-04-03 17:25:02.210395+00:00,7,0.98,0.02,no,KXFEDDECISION-26APR-H0,e928a84b-ce7e-70c5-d6e4-91cf0974ce51
2026-04-03 17:30:02.123509+00:00,7,0.98,0.02,no,KXFEDDECISION-26APR-H0,3c5cfbe7-8e1a-7a79-ffe8-bd8df0da1bb1
2026-04-03 17:35:02.472702+00:00,7,0.98,0.02,no,KXFEDDECISION-26APR-H0,9519eb65-97ea-6f95-5e4c-13d9864f1da9
2026-04-03 17:40:02.215654+00:00,7,0.98,0.02,no,KXFEDDECISION-26APR-H0,09805e8f-55a6-7ca1-bba0-cc85dc4f0e85
2026-04-03 17:45:01.908038+00:00,7,0.98,0.02,no,KXFEDDECISION-26APR-H0,02b1d562-49ae-73d9-0051-8fdc90cc1835
2026-04-03 17:47:08.967169+00:00,1,0.99,0.01,yes,KXFEDDECISION-26APR-H0,e7dfbb36-8fee-5a6c-2ca9-eaf61cb2bc77
2026-04-03 17:50:01.723550+00:00,7,0.98,0.02,no,KXFEDDECISION-26APR-H0,4f0751d9-0d2a-7d79-d40b-ef88eddd7f55
2026-04-03 17:55:02.500339+00:00,7,0.98,0.02,no,KXFEDDECISION-26APR-H0,97e8f9cf-8212-4ad5-2a9e-2956e0771ca5
2026-04-03 17:56:04.155837+00:00,25,0.98,0.02,no,KXFEDDECISION-26APR-H0,a52703e4-6ba2-6edd-5755-ab1d62d3b975
2026-04-03 18:00:02.697048+00:00,7,0.98,0.02,no,KXFEDDECISION-26APR-H0,36b26bea-e3fe-5575-abb6-79db93765131
2026-04-03 18:04:47.418279+00:00,7,0.99,0.01,yes,KXFEDDECISION-26APR-H0,6eefa67a-2b72-4a8c-240c-a0d51fa0e62f
2026-04-03 18:05:02.731223+00:00,7,0.98,0.02,no,KXFEDDECISION-26APR-H0,785236b4-e9ca-4001-1a8f-dcab2a0ff5dd
2026-04-03 18:10:02.845047+00:00,7,0.98,0.02,no,KXFEDDECISION-26APR-H0,3570087d-3be6-4189-7a59-629b8c9a40bd
2026-04-03 18:15:02.384954+00:00,7,0.98,0.02,no,KXFEDDECISION-26APR-H0,1d7a432e-6aaa-5ebd-f78d-f0625e1c777d
2026-04-03 18:20:02.305684+00:00,7,0.98,0.02,no,KXFEDDECISION-26APR-H0,d13a588a-2e9a-7ebd-1711-08a3901a0d0d
2026-04-03 18:25:02.474524+00:00,7,0.98,0.02,no,KXFEDDECISION-26APR-H0,51087441-79ca-50e9-2fd1-2bec2395e7cd
2026-04-03 18:30:02.459871+00:00,7,0.98,0.02,no,KXFEDDECISION-26APR-H0,659b24e6-24b2-621d-fd18-8f045e246d7d
2026-04-03 18:35:02.262821+00:00,7,0.98,0.02,no,KXFEDDECISION-26APR-H0,4bc81b0f-de12-52a9-c665-3bfe698e8f81
2026-04-03 18:40:02.106248+00:00,7,0.98,0.02,no,KXFEDDECISION-26APR-H0,86a25941-835a-70ad-e0c3-dfa83b810aed
2026-04-03 18:40:22.973578+00:00,1,0.99,0.01,yes,KXFEDDECISION-26APR-H0,6705525b-efe2-54ac-d5fd-691497efb2ef
2026-04-03 18:45:01.730592+00:00,7,0.98,0.02,no,KXFEDDECISION-26APR-H0,d00765da-e692-5045-145c-ea2d94384171
2026-04-03 18:50:02.456681+00:00,7,0.98,0.02,no,KXFEDDECISION-26APR-H0,77c75732-ce0e-6369-66df-94d2e682fdf9
2026-04-03 18:52:38.529922+00:00,1,0.99,0.01,yes,KXFEDDECISION-26APR-H0,3a5c7fda-eace-6b7c-add3-71b64ec4c1ef
2026-04-03 18:53:10.620579+00:00,46,0.98,0.02,no,KXFEDDECISION-26APR-H0,0a11337c-497a-4475-3259-16362fe9ae99
2026-04-03 18:53:47.003316+00:00,93,0.98,0.02,no,KXFEDDECISION-26APR-H0,29b41097-04aa-5239-a364-fd0073776761
2026-04-03 18:55:01.662204+00:00,7,0.98,0.02,no,KXFEDDECISION-26APR-H0,f2c38439-db76-7505-29e0-6969f88c3f19
2026-04-03 18:55:57.620736+00:00,25,0.99,0.01,yes,KXFEDDECISION-26APR-H0,33adfa8a-e77e-777c-9e94-fb5c8f40268f
2026-04-03 19:00:02.693966+00:00,7,0.98,0.02,no,KXFEDDECISION-26APR-H0,26867559-9e2a-61c1-0fe6-a59c18a6f6cd
2026-04-03 19:05:01.764618+00:00,7,0.98,0.02,no,KXFEDDECISION-26APR-H0,83a4ee07-672a-6f65-97a6-ab6711618b8d
2026-04-03 19:06:00.791674+00:00,10,0.99,0.01,yes,KXFEDDECISION-26APR-H0,27caa522-bc56-6824-1b8b-d43e39727cbf
2026-04-03 19:10:02.991112+00:00,7,0.98,0.02,no,KXFEDDECISION-26APR-H0,378665f3-4dc6-50b5-db0e-c72f82da33b1
2026-04-03 19:15:02.014903+00:00,7,0.98,0.02,no,KXFEDDECISION-26APR-H0,890da872-37a2-4a35-e55c-3b8b80aa6871
2026-04-03 19:20:01.686957+00:00,7,0.98,0.02,no,KXFEDDECISION-26APR-H0,ca7f814b-628a-42b9-05c1-f402322f2491
2026-04-03 19:22:21.452119+00:00,187,0.98,0.02,no,KXFEDDECISION-26APR-H0,b7cee22c-c21a-5dbd-10a6-0cc64d7e5f81
2026-04-03 19:25:02.905733+00:00,7,0.98,0.02,no,KXFEDDECISION-26APR-H0,ceb14a6f-066e-4dc9-d4fe-d122877fb705
2026-04-03 19:25:17.865811+00:00,9358,0.98,0.02,no,KXFEDDECISION-26APR-H0,d74779a6-47ca-4565-09d9-7a5a7d40149d
2026-04-03 19:30:01.940918+00:00,7,0.98,0.02,no,KXFEDDECISION-26APR-H0,1a76bd1e-84ee-6c59-025d-1cb6dccde675
2026-04-03 19:35:02.271413+00:00,7,0.98,0.02,no,KXFEDDECISION-26APR-H0,042a2846-e126-46e5-bd79-9b384d6b9d75
2026-04-03 19:37:56.129137+00:00,10,0.98,0.02,no,KXFEDDECISION-26APR-H0,6bd5f12a-fa92-4199-ea93-5a2592be58d5
2026-04-03 19:40:02.376893+00:00,7,0.98,0.02,no,KXFEDDECISION-26APR-H0,b481aae5-60e2-4509-efd1-895049cbd7a5
2026-04-03 19:45:02.144627+00:00,7,0.98,0.02,no,KXFEDDECISION-26APR-H0,22b7af0b-d36e-49c9-f25e-041da755a831
2026-04-03 19:50:02.212038+00:00,7,0.98,0.02,no,KXFEDDECISION-26APR-H0,6c388e4e-c1a6-75f1-19eb-d2f93feb096d
2026-04-03 19:55:02.357373+00:00,7,0.98,0.02,no,KXFEDDECISION-26APR-H0,532217e5-16aa-6451-2f7a-202d5ee0fa75
2026-04-03 19:55:56.417086+00:00,46,0.98,0.02,no,KXFEDDECISION-26APR-H0,a336013a-f41a-7ced-d092-fd915ab2d1a1
2026-04-03 20:00:02.051243+00:00,7,0.98,0.02,no,KXFEDDECISION-26APR-H0,59b5bd63-e2c6-4999-8cd9-b6a55cc49f11
2026-04-03 20:05:02.468569+00:00,7,0.98,0.02,no,KXFEDDECISION-26APR-H0,194cb6d2-54c6-6a79-be20-9b6866793bcd
2026-04-03 20:06:04.573313+00:00,2,0.99,0.01,yes,KXFEDDECISION-26APR-H0,91b48139-550e-6564-aed6-981664890d0b
2026-04-03 20:10:02.239458+00:00,7,0.98,0.02,no,KXFEDDECISION-26APR-H0,44975bdf-ae22-5f35-679a-2bee6e201be5
2026-04-03 20:11:16.302379+00:00,10,0.99,0.01,yes,KXFEDDECISION-26APR-H0,2eb7db93-5ee2-6244-8ca3-ac72504ad2f7
2026-04-03 20:15:02.632335+00:00,7,0.98,0.02,no,KXFEDDECISION-26APR-H0,d22c0626-af4e-4615-0246-376a3de25f91
2026-04-03 20:20:02.528935+00:00,7,0.98,0.02,no,KXFEDDECISION-26APR-H0,e71d529d-ba02-4f91-8833-7a501c0330dd
2026-04-03 20:25:02.048853+00:00,7,0.98,0.02,no,KXFEDDECISION-26APR-H0,baaac6f1-cb86-4be5-776f-02e718dee179
2026-04-03 20:30:01.669597+00:00,7,0.98,0.02,no,KXFEDDECISION-26APR-H0,ec3bb11c-bbd2-4e09-1eb1-9a65b14f9cf5
2026-04-03 20:35:02.144629+00:00,7,0.98,0.02,no,KXFEDDECISION-26APR-H0,fa14a6e6-f182-732d-0f9a-0226c7b9db39
2026-04-03 20:40:02.498853+00:00,7,0.98,0.02,no,KXFEDDECISION-26APR-H0,a5ad2e35-14ca-5bc1-2746-10e770183df1
2026-04-03 20:45:02.416461+00:00,7,0.98,0.02,no,KXFEDDECISION-26APR-H0,89511dd7-e12a-6b5d-82bb-f8f3b0052761
2026-04-03 20:50:02.492293+00:00,7,0.98,0.02,no,KXFEDDECISION-26APR-H0,8561e091-b36e-5325-b980-d78530cadedd
2026-04-03 20:55:02.313172+00:00,7,0.98,0.02,no,KXFEDDECISION-26APR-H0,4258e030-5fae-576d-f25d-73375850f545
2026-04-03 21:00:02.240970+00:00,7,0.98,0.02,no,KXFEDDECISION-26APR-H0,bbdecdd3-85fe-5e69-f7c7-c93afd5061a1
2026-04-03 21:05:02.266723+00:00,7,0.98,0.02,no,KXFEDDECISION-26APR-H0,ec11fffd-b85a-656d-bebb-04fe920f49bd
2026-04-03 21:07:52.900029+00:00,25,0.98,0.02,no,KXFEDDECISION-26APR-H0,4e55eae7-02b2-58e9-d08e-8794ce00b1d5
2026-04-03 21:10:02.285922+00:00,7,0.98,0.02,no,KXFEDDECISION-26APR-H0,0d894f3f-57a2-62c1-41c2-131fa2c12e01
2026-04-03 21:13:32.983786+00:00,46,0.98,0.02,no,KXFEDDECISION-26APR-H0,089d3616-23a6-7085-1da5-7113b12c6091
2026-04-03 21:15:01.839862+00:00,7,0.98,0.02,no,KXFEDDECISION-26APR-H0,207024e9-f446-6c3d-695a-28ec8cb1d755
2026-04-03 21:20:02.046164+00:00,7,0.98,0.02,no,KXFEDDECISION-26APR-H0,ce1869c8-384e-668d-8409-53ce48951ea5
2026-04-03 21:25:02.835457+00:00,7,0.98,0.02,no,KXFEDDECISION-26APR-H0,69722b77-d0be-4a51-9a4c-15e8d7a44821
2026-04-03 21:25:30.324526+00:00,93,0.98,0.02,no,KXFEDDECISION-26APR-H0,45b655b7-87be-50b1-935d-5d3ac5f67c89
2026-04-03 21:30:01.755146+00:00,7,0.98,0.02,no,KXFEDDECISION-26APR-H0,7cc6d1c1-b2d2-4125-01b2-2f61eea29049
2026-04-03 21:35:02.432751+00:00,7,0.98,0.02,no,KXFEDDECISION-26APR-H0,d23cfe07-8ce6-6aa1-57fd-5f63a391c255
2026-04-03 21:35:31.861074+00:00,11,0.99,0.01,yes,KXFEDDECISION-26APR-H0,e3a7321f-7b86-4394-803a-10fa6e1834ef
2026-04-03 21:35:55.264903+00:00,11,0.99,0.01,yes,KXFEDDECISION-26APR-H0,c875c106-9dbe-5a88-dc2a-bef62195f957
2026-04-03 21:40:02.426300+00:00,7,0.98,0.02,no,KXFEDDECISION-26APR-H0,0f9f3e9c-eea6-77ed-df5b-3ace8ab2e00d
2026-04-03 21:44:51.413994+00:00,46,0.98,0.02,no,KXFEDDECISION-26APR-H0,708e6658-9a42-6965-85b8-318e0a3663fd
2026-04-03 21:45:02.424671+00:00,7,0.98,0.02,no,KXFEDDECISION-26APR-H0,ce911301-8582-5421-e4fb-5da79c191d79
2026-04-03 21:47:28.452886+00:00,2,0.99,0.01,yes,KXFEDDECISION-26APR-H0,b1acf804-b6ae-65fc-60e5-9a72b0b22dbf
2026-04-03 21:50:02.034532+00:00,7,0.98,0.02,no,KXFEDDECISION-26APR-H0,1c76287a-b54a-6ecd-4f26-8306b8dbabf9
2026-04-03 21:55:02.235263+00:00,7,0.98,0.02,no,KXFEDDECISION-26APR-H0,4e14feef-d7d2-433d-175b-1eba6242962d
2026-04-03 22:00:02.294198+00:00,7,0.98,0.02,no,KXFEDDECISION-26APR-H0,b010925f-189a-68f9-640a-60cb4e1515e9
2026-04-03 22:05:02.147476+00:00,7,0.98,0.02,no,KXFEDDECISION-26APR-H0,b33d74d1-6712-7df5-2aa3-ea7e54922029
2026-04-03 22:05:15.854197+00:00,12,0.99,0.01,yes,KXFEDDECISION-26APR-H0,0083a170-0a2e-4edc-d1fc-4b9944bc0963
2026-04-03 22:10:02.336683+00:00,7,0.98,0.02,no,KXFEDDECISION-26APR-H0,77faec5e-5282-5349-1886-884d5459e399
2026-04-03 22:15:01.855770+00:00,7,0.98,0.02,no,KXFEDDECISION-26APR-H0,16fe1f16-922e-79d9-b64d-6a051ce37629
2026-04-03 22:20:01.863984+00:00,7,0.98,0.02,no,KXFEDDECISION-26APR-H0,31f8de86-9b02-6f59-a6e0-11e532651c51
2026-04-03 22:25:02.341065+00:00,7,0.98,0.02,no,KXFEDDECISION-26APR-H0,6a5530d7-8522-5951-0dc3-aac12dc5f7a1
2026-04-03 22:30:02.336626+00:00,7,0.98,0.02,no,KXFEDDECISION-26APR-H0,48fb5f8f-b1ea-6f39-1d29-3da43317d879
2026-04-03 22:35:02.031957+00:00,7,0.98,0.02,no,KXFEDDECISION-26APR-H0,30b39a12-9c7e-52e9-ffac-f87a82d0c4e5
2026-04-03 22:40:02.138072+00:00,7,0.98,0.02,no,KXFEDDECISION-26APR-H0,7402e142-6252-6c35-0f5e-fd4f18278781
2026-04-03 22:45:02.549639+00:00,7,0.98,0.02,no,KXFEDDECISION-26APR-H0,f7283cb7-b7ee-6649-c657-adcd45523159
2026-04-03 22:50:02.469710+00:00,7,0.98,0.02,no,KXFEDDECISION-26APR-H0,47e29a54-f3d6-4d8d-b4d6-1056b48c94f1
2026-04-03 22:55:01.772776+00:00,7,0.98,0.02,no,KXFEDDECISION-26APR-H0,ae39f07c-d95a-7d21-6d65-91bd59ffa07d
2026-04-03 22:56:20.437319+00:00,50,0.98,0.02,no,KXFEDDECISION-26APR-H0,7649b4d8-82b6-7e71-2bdd-849c6e5938e5
2026-04-03 23:00:01.765879+00:00,7,0.98,0.02,no,KXFEDDECISION-26APR-H0,acddde71-28ea-7665-0946-50223186eddd
2026-04-03 23:03:01.599379+00:00,7,0.98,0.02,no,KXFEDDECISION-26APR-H0,ffa90e4b-55a2-7585-c46e-5ccb6122dd99
2026-04-03 23:05:01.905977+00:00,7,0.98,0.02,no,KXFEDDECISION-26APR-H0,c8792683-e786-7aa5-20c5-34bea86822e1
2026-04-03 23:10:02.168844+00:00,7,0.98,0.02,no,KXFEDDECISION-26APR-H0,63227a40-f816-60b9-2b18-33d0c5ddf9dd
2026-04-03 23:11:21.278624+00:00,233,0.98,0.02,no,KXFEDDECISION-26APR-H0,c89eadf8-c986-5e9d-4bd9-8be3c0724a15
2026-04-03 23:15:02.458895+00:00,7,0.98,0.02,no,KXFEDDECISION-26APR-H0,f928ae44-d9fa-7bc9-d5dc-421322730d65
2026-04-03 23:20:01.824391+00:00,7,0.98,0.02,no,KXFEDDECISION-26APR-H0,9a6e85bd-de7e-64f1-c17a-27b3528319cd
2026-04-03 23:20:36.477616+00:00,15,0.99,0.01,yes,KXFEDDECISION-26APR-H0,b981f33f-8d4a-5a08-9455-598fc2e2f42b
2026-04-03 23:25:02.704877+00:00,7,0.98,0.02,no,KXFEDDECISION-26APR-H0,3f93eadc-06f6-4c9d-3f0b-c10f6200fe65
2026-04-03 23:26:08.662192+00:00,15,0.98,0.02,no,KXFEDDECISION-26APR-H0,7e11eeb6-22f6-4989-e19e-62c3d363cd85
2026-04-03 23:30:02.656196+00:00,7,0.98,0.02,no,KXFEDDECISION-26APR-H0,8efbced5-0c76-4419-cbca-1a432e8b02ad
2026-04-03 23:35:02.603727+00:00,7,0.98,0.02,no,KXFEDDECISION-26APR-H0,16ee65d8-1046-60e1-1c21-9aad8f4f1a71
2026-04-03 23:40:02.681642+00:00,7,0.98,0.02,no,KXFEDDECISION-26APR-H0,f7c54a1e-216e-609d-c716-a6f69a799f85
2026-04-03 23:45:01.720848+00:00,7,0.98,0.02,no,KXFEDDECISION-26APR-H0,7db3f5e9-7d96-5e55-510f-fb88041dd591
2026-04-03 23:50:01.805732+00:00,7,0.98,0.02,no,KXFEDDECISION-26APR-H0,24372762-0302-7e69-ead7-da7539abaa81
2026-04-03 23:55:01.881279+00:00,7,0.98,0.02,no,KXFEDDECISION-26APR-H0,cfe47a5c-8c8e-640d-8be4-8b55997b2201
2026-04-03 23:56:25.903613+00:00,138,0.99,0.01,yes,KXFEDDECISION-26APR-H0,74b77239-df56-63ac-c142-c1240f3764fb
2026-04-04 00:00:01.910400+00:00,7,0.98,0.02,no,KXFEDDECISION-26APR-H0,5528ef83-3a6a-56c1-80f5-e7299f6ec955
2026-04-04 00:02:20.468091+00:00,1,0.99,0.01,yes,KXFEDDECISION-26APR-H0,f89922ac-d39e-7180-c332-6ec3cc5fac93
2026-04-04 00:05:02.414646+00:00,7,0.98,0.02,no,KXFEDDECISION-26APR-H0,af2ecae1-fd5e-4299-5fad-e484804e4e61
2026-04-04 00:10:02.639616+00:00,7,0.98,0.02,no,KXFEDDECISION-26APR-H0,41ba9be2-cf6a-475d-966d-c2cdcd146bed
2026-04-04 00:14:46.584209+00:00,1,0.98,0.02,no,KXFEDDECISION-26APR-H0,d0c07eaa-0fce-67cd-e32b-0103d72cdf1d
2026-04-04 00:15:02.180548+00:00,7,0.98,0.02,no,KXFEDDECISION-26APR-H0,6715465a-cb2a-6e35-d369-67e47f0c9e5d
2026-04-04 00:19:09.410026+00:00,5,0.98,0.02,no,KXFEDDECISION-26APR-H0,426bf7fa-4d4a-6105-693c-821e04498319
2026-04-04 00:20:02.288888+00:00,7,0.98,0.02,no,KXFEDDECISION-26APR-H0,1c153e3c-bb16-59bd-0775-97a36860df31
2026-04-04 00:25:02.342345+00:00,7,0.98,0.02,no,KXFEDDECISION-26APR-H0,33785c9c-b586-54a5-8e2c-cd25df08f5e9
2026-04-04 00:30:02.088191+00:00,7,0.98,0.02,no,KXFEDDECISION-26APR-H0,90d2e9b1-05d6-4c69-dad7-ca45056e4275
2026-04-04 00:35:02.097188+00:00,7,0.98,0.02,no,KXFEDDECISION-26APR-H0,cdd058fb-0a82-468d-6702-fc0c76b8d441
2026-04-04 00:40:02.114938+00:00,7,0.98,0.02,no,KXFEDDECISION-26APR-H0,8f8de6e9-e4a2-5c29-aaf8-141ee372d955
2026-04-04 00:43:15.943538+00:00,25,0.99,0.01,yes,KXFEDDECISION-26APR-H0,b5e549ab-3b62-62fc-2b59-9c9829f8b5df
2026-04-04 00:44:40.973035+00:00,25,0.98,0.02,no,KXFEDDECISION-26APR-H0,4dcdc77a-2d36-5485-d360-79ef062285cd
2026-04-04 00:45:02.425689+00:00,7,0.98,0.02,no,KXFEDDECISION-26APR-H0,2132e7a7-c8ba-7ff1-0cc7-11c19f753c3d
2026-04-04 00:46:29.938421+00:00,25,0.99,0.01,yes,KXFEDDECISION-26APR-H0,d1d0ad27-9fee-52d4-d88d-1e89c78fdb53
2026-04-04 00:47:31.095986+00:00,25,0.98,0.02,no,KXFEDDECISION-26APR-H0,4fdb2dee-9d56-48b5-7f2a-c49e321920c9
2026-04-04 00:50:02.313666+00:00,7,0.98,0.02,no,KXFEDDECISION-26APR-H0,1981f1a8-2b4e-57f1-eca9-8c1df01c787d
2026-04-04 00:55:02.379846+00:00,7,0.98,0.02,no,KXFEDDECISION-26APR-H0,d020bb74-22d6-78fd-4e3e-9c7606974665
2026-04-04 00:56:11.269891+00:00,25,0.99,0.01,yes,KXFEDDECISION-26APR-H0,2b749892-5bbe-6504-04ab-470b61710097
2026-04-04 00:56:42.805716+00:00,25,0.98,0.02,no,KXFEDDECISION-26APR-H0,eaecd851-d43a-4acd-b091-d773712bef99
2026-04-04 00:57:08.849146+00:00,25,0.99,0.01,yes,KXFEDDECISION-26APR-H0,5867ddc3-011e-5920-197e-2ca4c478c397
2026-04-04 00:57:33.234175+00:00,25,0.98,0.02,no,KXFEDDECISION-26APR-H0,1cda369c-d2be-527d-d6f8-87345cc3d849
2026-04-04 01:00:02.482449+00:00,7,0.98,0.02,no,KXFEDDECISION-26APR-H0,af7665d0-5812-7035-1589-0d0442efbb51
2026-04-04 01:05:02.312040+00:00,7,0.98,0.02,no,KXFEDDECISION-26APR-H0,246e4f61-09fe-4c1d-097d-0ec6a80578e9
2026-04-04 01:08:52.436856+00:00,25,0.99,0.01,yes,KXFEDDECISION-26APR-H0,8d3557af-6e1a-4310-fbfd-783cef2f985b
2026-04-04 01:09:12.997119+00:00,25,0.98,0.02,no,KXFEDDECISION-26APR-H0,4097adeb-c3c6-536d-9d57-90da2dcfe335
2026-04-04 01:09:31.600596+00:00,25,0.99,0.01,yes,KXFEDDECISION-26APR-H0,c4318d22-fd2a-667c-92fe-9edfcc12e9b3
2026-04-04 01:09:59.976168+00:00,25,0.98,0.02,no,KXFEDDECISION-26APR-H0,a25cf375-6a26-73f9-9069-2d858fabffd1
2026-04-04 01:10:02.507423+00:00,7,0.98,0.02,no,KXFEDDECISION-26APR-H0,87bf9638-7c1a-71dd-ca23-13978a2da109
2026-04-04 01:10:39.153819+00:00,25,0.99,0.01,yes,KXFEDDECISION-26APR-H0,c231f70a-029e-61a4-8903-3a4a8501a19f
2026-04-04 01:11:02.866013+00:00,25,0.98,0.02,no,KXFEDDECISION-26APR-H0,b81716d9-387a-5411-9052-9d6b212c87c1
2026-04-04 01:12:04.430645+00:00,25,0.99,0.01,yes,KXFEDDECISION-26APR-H0,143738c2-e53e-5a70-dc54-23d5295bc32f
2026-04-04 01:12:21.822202+00:00,25,0.98,0.02,no,KXFEDDECISION-26APR-H0,b76505e0-45ee-5d29-fa85-a6d3e0994cc5
2026-04-04 01:15:02.490396+00:00,7,0.98,0.02,no,KXFEDDECISION-26APR-H0,e60a78ef-5072-7015-b457-838755be8d11
2026-04-04 01:20:02.369024+00:00,7,0.98,0.02,no,KXFEDDECISION-26APR-H0,9d5b4368-fff6-5f39-c144-7ea47494f195
2026-04-04 01:25:02.430815+00:00,7,0.98,0.02,no,KXFEDDECISION-26APR-H0,457142b0-c3b2-6b69-cd00-8657ab6c36f1
2026-04-04 01:30:02.314770+00:00,7,0.98,0.02,no,KXFEDDECISION-26APR-H0,a4ea65bd-3206-4dbd-4f26-ded6b015a3b1
2026-04-04 01:33:47.540657+00:00,12,0.98,0.02,no,KXFEDDECISION-26APR-H0,760df137-b886-48cd-6662-10627b77ff11
2026-04-04 01:35:01.668437+00:00,7,0.98,0.02,no,KXFEDDECISION-26APR-H0,1c4e8e8f-2412-73d5-f349-699df23a3c69
2026-04-04 01:39:24.294250+00:00,2,0.99,0.01,yes,KXFEDDECISION-26APR-H0,9602c93b-c476-5288-f5ad-1bf8ece6dcff
2026-04-04 01:39:55.282475+00:00,25,0.99,0.01,yes,KXFEDDECISION-26APR-H0,f1974fab-32f6-7ae8-b177-1c1043448983
2026-04-04 01:40:02.067535+00:00,7,0.98,0.02,no,KXFEDDECISION-26APR-H0,55d8b24b-c896-4e29-cdaa-492079a76f69
2026-04-04 01:40:05.483593+00:00,25,0.98,0.02,no,KXFEDDECISION-26APR-H0,bf928271-040e-7df1-ec65-949276109f01
2026-04-04 01:44:49.568164+00:00,5,0.99,0.01,yes,KXFEDDECISION-26APR-H0,75fb0d28-d17e-6894-78fc-ab0150d0a647
2026-04-04 01:45:03.031512+00:00,7,0.98,0.02,no,KXFEDDECISION-26APR-H0,80e7ba22-c722-49b1-ff4f-279f6865a535
2026-04-04 01:50:01.989158+00:00,7,0.98,0.02,no,KXFEDDECISION-26APR-H0,a6ec91ba-381a-56b5-035b-1b6abb988a05
2026-04-04 01:55:02.514539+00:00,7,0.98,0.02,no,KXFEDDECISION-26APR-H0,7c2c81f2-0736-48c1-f09e-79bfbeab8951
2026-04-04 02:00:02.286194+00:00,7,0.98,0.02,no,KXFEDDECISION-26APR-H0,dcb9acdd-2e06-4539-cc08-a7221aba6891
2026-04-04 02:01:48.427367+00:00,1000,0.98,0.02,no,KXFEDDECISION-26APR-H0,f27bd7fb-e616-7445-a295-446f895457c1
2026-04-04 02:05:02.157755+00:00,7,0.98,0.02,no,KXFEDDECISION-26APR-H0,699c6d1f-6136-437d-e012-4a867befafb9
2026-04-04 02:08:53.370779+00:00,250,0.98,0.02,no,KXFEDDECISION-26APR-H0,418d1045-33e2-594d-c090-a1c903c37765
2026-04-04 02:09:23.240771+00:00,6,0.99,0.01,yes,KXFEDDECISION-26APR-H0,90c27b89-e362-40bc-f40b-064697575817
2026-04-04 02:10:02.251975+00:00,7,0.98,0.02,no,KXFEDDECISION-26APR-H0,c46639ea-f1a2-5a01-8cf9-ada4c85c7989
2026-04-04 02:23:13.126748+00:00,249,0.98,0.02,no,KXFEDDECISION-26APR-H0,3e47537e-8936-6701-3c5c-80b86f06ecb9
2026-04-04 02:25:57.789812+00:00,2,0.99,0.01,yes,KXFEDDECISION-26APR-H0,e7cdbae0-b2da-5dc4-9908-cb06d3688f57
2026-04-04 02:51:26.616051+00:00,1,0.99,0.01,yes,KXFEDDECISION-26APR-H0,27f11e72-af56-73dc-b4b3-0522aa369713
2026-04-04 02:53:02.270517+00:00,1169,0.98,0.02,no,KXFEDDECISION-26APR-H0,2ab26a61-e7ee-5061-22c6-9cdbb5e9e9e1
2026-04-04 03:34:16.628078+00:00,44,0.98,0.02,no,KXFEDDECISION-26APR-H0,b8872af5-2d42-4201-c447-68193af65741
2026-04-04 03:37:20.078830+00:00,46,0.98,0.02,no,KXFEDDECISION-26APR-H0,56f39beb-932a-5921-0147-554a48da5b21
2026-04-04 03:37:36.686115+00:00,2,0.99,0.01,yes,KXFEDDECISION-26APR-H0,b6628d29-3b1a-7004-b357-a37f252bee7f
2026-04-04 03:40:19.025346+00:00,1,0.98,0.02,no,KXFEDDECISION-26APR-H0,09156d5e-9aae-7dfd-ad4d-a63859bce3e9
2026-04-04 03:42:13.853249+00:00,8,0.99,0.01,yes,KXFEDDECISION-26APR-H0,a0e386dd-cf3e-5844-3ec3-c44830ba31b7
2026-04-04 03:47:46.363433+00:00,10,0.99,0.01,yes,KXFEDDECISION-26APR-H0,98c6eefd-22ee-4cec-0869-196f849172db
2026-04-04 03:50:03.160575+00:00,93,0.98,0.02,no,KXFEDDECISION-26APR-H0,2b643a34-2326-5849-0133-668031b344dd
2026-04-04 03:51:06.453599+00:00,9077,0.98,0.02,no,KXFEDDECISION-26APR-H0,69355e90-c8ad-5912-324c-6169be9145a8
2026-04-04 03:51:06.453599+00:00,923,0.98,0.02,no,KXFEDDECISION-26APR-H0,a25aaa05-1baa-598d-0408-252fd2e06899
2026-04-04 03:51:30.073882+00:00,10,0.98,0.02,no,KXFEDDECISION-26APR-H0,fe94c6eb-393d-689e-3f32-b4d3ccd1e688
2026-04-04 03:51:36.011262+00:00,31,0.99,0.01,yes,KXFEDDECISION-26APR-H0,6b710108-9306-5cd4-0397-741ad33578af
2026-04-04 04:31:30.758620+00:00,93,0.98,0.02,no,KXFEDDECISION-26APR-H0,b676c5fc-a61d-78c2-3536-da0e7fe05f6c
2026-04-04 06:09:59.086146+00:00,1,0.98,0.02,no,KXFEDDECISION-26APR-H0,33dd4bf9-0ec5-77ea-600c-ef6f1fd0caa8
2026-04-04 07:10:32.775541+00:00,1,0.98,0.02,no,KXFEDDECISION-26APR-H0,7b58ebe8-d511-4b1a-283c-13f6d40787dc
2026-04-04 08:22:15.354459+00:00,5,0.99,0.01,yes,KXFEDDECISION-26APR-H0,18693509-ff8a-6810-4325-c2420ce003ef
2026-04-04 08:52:49.089703+00:00,100,0.98,0.02,no,KXFEDDECISION-26APR-H0,5a1ab017-9e1d-705a-6fd8-c44f2a2b7980
2026-04-04 10:50:51.233998+00:00,51,0.98,0.02,no,KXFEDDECISION-26APR-H0,ec709dc1-1cc1-7a0e-2115-72ebe119f488
2026-04-04 11:13:54.747129+00:00,5,0.98,0.02,no,KXFEDDECISION-26APR-H0,073b931f-8a0f-4f85-d8ea-12b0a625a878
2026-04-04 11:13:54.747129+00:00,9328,0.98,0.02,no,KXFEDDECISION-26APR-H0,5edace2b-52cb-49b8-d457-399bbe5e6ec9
2026-04-04 11:13:54.747129+00:00,667,0.98,0.02,no,KXFEDDECISION-26APR-H0,8be721ec-477d-478a-cebf-43fed47f1718
2026-04-04 11:26:57.401970+00:00,4147,0.98,0.02,no,KXFEDDECISION-26APR-H0,5f930486-7a9d-6b49-5744-92aa1277f4db
2026-04-04 11:26:57.401970+00:00,156,0.98,0.02,no,KXFEDDECISION-26APR-H0,77467273-c130-68e0-74c4-6b90d4dc6d85
2026-04-04 11:26:57.401970+00:00,5672,0.98,0.02,no,KXFEDDECISION-26APR-H0,776ae283-31ab-6e18-7f40-be21f7ee09fd
2026-04-04 11:26:57.401970+00:00,25,0.98,0.02,no,KXFEDDECISION-26APR-H0,c2e76e70-aaa8-64f1-6ff7-347bc13f6ec5
2026-04-04 11:55:45.249771+00:00,125,0.98,0.02,no,KXFEDDECISION-26APR-H0,104f6d90-7235-5685-6860-f29b904b11e3
2026-04-04 12:04:13.460759+00:00,10,0.98,0.02,no,KXFEDDECISION-26APR-H0,fceef3ec-e3d9-78d5-9e7e-7588b1681397
2026-04-04 12:24:41.160089+00:00,20,0.99,0.01,yes,KXFEDDECISION-26APR-H0,66350c59-a4d6-42b4-748b-402190dcb0db
2026-04-04 12:30:41.391994+00:00,500,0.98,0.02,no,KXFEDDECISION-26APR-H0,e40c0c76-2fe9-4c2d-de94-523a16656147
2026-04-04 12:45:31.845090+00:00,2,0.99,0.01,yes,KXFEDDECISION-26APR-H0,f29a6c6b-8fde-58ec-6cc5-02c1a706731f
2026-04-04 13:06:36.184917+00:00,1000,0.98,0.02,no,KXFEDDECISION-26APR-H0,daa4cc2d-a775-714d-36ea-b447fa7b4127
2026-04-04 13:10:57.545487+00:00,1,0.99,0.01,yes,KXFEDDECISION-26APR-H0,65bd50a1-616a-4d3c-bb07-3d14f57364e7
2026-04-04 13:13:33.045660+00:00,1,0.99,0.01,yes,KXFEDDECISION-26APR-H0,b40478d9-38d6-6830-3b5e-29706e108483
2026-04-04 13:55:03.445166+00:00,46,0.98,0.02,no,KXFEDDECISION-26APR-H0,d815fe6c-d30d-7c65-277c-9a0f3794aa5b
2026-04-04 14:04:57.477826+00:00,4172,0.98,0.02,no,KXFEDDECISION-26APR-H0,e5ac5eea-dc85-6ec9-1f96-354e23f0376f
2026-04-04 14:04:57.477826+00:00,5828,0.98,0.02,no,KXFEDDECISION-26APR-H0,eaf261b9-e675-6ce8-3ca2-86105419b151
2026-04-04 14:30:50.450920+00:00,12,0.98,0.02,no,KXFEDDECISION-26APR-H0,af6a0274-ca89-4ffc-f382-a5f17636dfa1
2026-04-04 14:31:40.865045+00:00,18,0.99,0.01,yes,KXFEDDECISION-26APR-H0,3a433b6e-0276-4278-b6a0-c56a6a4032c3
2026-04-04 15:12:13.931864+00:00,233,0.98,0.02,no,KXFEDDECISION-26APR-H0,a9808bd1-c4b5-4088-3736-c82c613f609d
2026-04-04 15:20:09.171703+00:00,10000,0.98,0.02,no,KXFEDDECISION-26APR-H0,c47ac661-7129-40e8-ed67-7a6efac52f3d
2026-04-04 15:23:20.751710+00:00,5,0.98,0.02,no,KXFEDDECISION-26APR-H0,77f92120-021d-5c5c-e37b-87365f2f25f9
2026-04-04 15:25:15.614247+00:00,1000,0.99,0.01,yes,KXFEDDECISION-26APR-H0,9dab25f0-bb6a-7be0-fa08-3d754e77c3e3
2026-04-04 15:27:36.897347+00:00,1,0.99,0.01,yes,KXFEDDECISION-26APR-H0,0fbf3723-c322-4670-6fbd-4b1c0a5799df
2026-04-04 15:33:52.268934+00:00,5,0.99,0.01,yes,KXFEDDECISION-26APR-H0,b423cc6c-90a6-4314-0a14-a9af2b65e163
2026-04-04 15:55:43.338905+00:00,233,0.98,0.02,no,KXFEDDECISION-26APR-H0,1ddb257d-9fa5-7ae4-9c72-024885493b39
2026-04-04 15:59:30.248752+00:00,10,0.99,0.01,yes,KXFEDDECISION-26APR-H0,33e34b67-3426-5170-ef58-e9ad8f261103
2026-04-04 16:17:04.646002+00:00,1,0.99,0.01,yes,KXFEDDECISION-26APR-H0,099e00be-7f46-4120-4f45-3e7d28e09623
2026-04-04 16:38:29.417685+00:00,85,0.98,0.02,no,KXFEDDECISION-26APR-H0,e1a14a85-ecb5-683c-e4b6-ddb0a38a14dd
2026-04-04 16:46:27.655968+00:00,3,0.99,0.01,yes,KXFEDDECISION-26APR-H0,56c42e03-8006-76c8-d0fa-5bb4fc3ab4db
2026-04-04 17:17:24.611598+00:00,46,0.98,0.02,no,KXFEDDECISION-26APR-H0,5e59f65f-1145-4dd8-8cd5-0fa01eda039d
2026-04-04 17:31:10.558668+00:00,30,0.98,0.02,no,KXFEDDECISION-26APR-H0,9b652cd1-9f61-5074-7494-e41cc6ba1c51
2026-04-04 17:38:02.510485+00:00,337,0.98,0.02,no,KXFEDDECISION-26APR-H0,baf28a89-bf29-4850-1423-1f48f8d4ba79
2026-04-04 18:20:32.256974+00:00,125,0.98,0.02,no,KXFEDDECISION-26APR-H0,83e0aff7-24d1-4228-00ec-15ce3fe31ce1
2026-04-04 18:29:45.033514+00:00,46,0.98,0.02,no,KXFEDDECISION-26APR-H0,716a7a95-2735-771c-5218-a1cd5c3690f9
2026-04-04 19:07:57.227411+00:00,21,0.98,0.02,no,KXFEDDECISION-26APR-H0,b5ee4e10-22c9-4ec8-9bb0-b296a79846bd
2026-04-04 19:31:49.869842+00:00,25,0.99,0.01,yes,KXFEDDECISION-26APR-H0,59b642f8-3372-4e28-f556-d93e6a6ded9b
2026-04-04 19:31:59.263446+00:00,25,0.98,0.02,no,KXFEDDECISION-26APR-H0,313becf5-ef35-72cc-9167-53fc884a3d61
2026-04-04 20:04:50.026630+00:00,25,0.99,0.01,yes,KXFEDDECISION-26APR-H0,e250be48-c202-5468-3cd0-1275cd752ebb
2026-04-04 20:05:01.623170+00:00,25,0.98,0.02,no,KXFEDDECISION-26APR-H0,adee3ad3-c1a9-5588-c4e2-f8397385dc15
2026-04-04 20:21:57.248909+00:00,7,0.98,0.02,no,KXFEDDECISION-26APR-H0,81f28d83-3c05-6ba0-8734-84c35211cee5
2026-04-04 20:25:35.974896+00:00,209,0.98,0.02,no,KXFEDDECISION-26APR-H0,64bacfeb-5505-4cf4-85a8-cd59ee539505
2026-04-04 20:30:24.304112+00:00,1,0.99,0.01,yes,KXFEDDECISION-26APR-H0,7ede0d43-ce5a-4a24-d12c-546e2abbc707
2026-04-04 20:31:59.024207+00:00,1,0.99,0.01,yes,KXFEDDECISION-26APR-H0,13fabf5c-b4a2-75b8-69a7-1474e6db0447
2026-04-04 21:01:03.656440+00:00,1122,0.98,0.02,no,KXFEDDECISION-26APR-H0,60eeabbd-0659-6f88-ca2e-6bae867fc1dd
2026-04-04 21:28:00.196381+00:00,20,0.99,0.01,yes,KXFEDDECISION-26APR-H0,edd680d5-0baa-72e8-2457-4ad85df6421b
2026-04-04 21:46:04.839365+00:00,2500,0.98,0.02,no,KXFEDDECISION-26APR-H0,23ed7d85-4a99-42e4-b567-6e7e55d68d85
2026-04-04 22:12:12.868215+00:00,156,0.99,0.01,yes,KXFEDDECISION-26APR-H0,8acc7418-1456-5f60-b71f-e5891e922ab7
2026-04-04 22:14:53.798166+00:00,126,0.98,0.02,no,KXFEDDECISION-26APR-H0,42b0c2a4-8159-45ec-3e0b-1cfb40313331
2026-04-04 22:25:06.881041+00:00,10000,0.98,0.02,no,KXFEDDECISION-26APR-H0,87ac90b0-0aad-51a0-774f-cc1301e5e3b9
2026-04-04 22:27:33.833589+00:00,46,0.98,0.02,no,KXFEDDECISION-26APR-H0,e136ce23-dd79-53a0-c5cb-03bfd9ff2949
2026-04-04 22:35:32.491841+00:00,3509,0.98,0.02,no,KXFEDDECISION-26APR-H0,786b04ba-e76d-7410-4208-ee2b22a510b1
2026-04-04 23:26:05.536928+00:00,8,0.99,0.01,yes,KXFEDDECISION-26APR-H0,358af929-363a-4210-8358-e243e6be6ea3
2026-04-04 23:27:19.689906+00:00,1076,0.98,0.02,no,KXFEDDECISION-26APR-H0,6ac024c9-4a51-7540-2318-89fe8e4ecd69
2026-04-04 23:34:12.327802+00:00,233,0.98,0.02,no,KXFEDDECISION-26APR-H0,cbe71875-9271-759c-d1fc-1b42da7fa4d9
2026-04-04 23:43:12.529208+00:00,250,0.98,0.02,no,KXFEDDECISION-26APR-H0,08a5ff6d-e14d-7d14-7726-ec508ae167e5
2026-04-05 00:10:28.294953+00:00,250,0.98,0.02,no,KXFEDDECISION-26APR-H0,4068abb3-ff21-6810-7d67-5d712841f839
2026-04-05 00:26:32.390423+00:00,93,0.98,0.02,no,KXFEDDECISION-26APR-H0,e242d192-9341-7080-7cab-7d7df7918fe9
2026-04-05 00:40:33.557363+00:00,8,0.98,0.02,no,KXFEDDECISION-26APR-H0,21fbfcb6-3785-6c40-d202-235bb00238e9
2026-04-05 00:54:33.428672+00:00,500,0.98,0.02,no,KXFEDDECISION-26APR-H0,1486a67d-d5bd-7250-5151-df9670bad1c1
2026-04-05 01:13:58.947573+00:00,2,0.99,0.01,yes,KXFEDDECISION-26APR-H0,9d06fbc9-17c6-55a4-8f37-00a5a4482963
2026-04-05 01:33:35.108620+00:00,12,0.98,0.02,no,KXFEDDECISION-26APR-H0,6a69b222-9ab1-7548-fd72-547b0ad56f31
2026-04-05 01:35:41.094749+00:00,2339,0.98,0.02,no,KXFEDDECISION-26APR-H0,4e8f5d5a-71a5-4fc8-778d-902dc99c40fd
2026-04-05 01:36:45.630267+00:00,1,0.99,0.01,yes,KXFEDDECISION-26APR-H0,5aa161aa-4672-69b0-f315-fdc08598ab43
2026-04-05 01:47:33.643714+00:00,25,0.99,0.01,yes,KXFEDDECISION-26APR-H0,dfcab2d9-dc36-4e9c-6877-8b08787234c3
2026-04-05 01:47:53.084665+00:00,25,0.98,0.02,no,KXFEDDECISION-26APR-H0,cefc4011-2099-6ad0-1a82-5258b844ec75
2026-04-05 02:01:06.444268+00:00,1,0.98,0.02,no,KXFEDDECISION-26APR-H0,9bac4db4-ad81-77dc-fce1-199abca1ff8d
2026-04-05 02:11:46.852878+00:00,100,0.98,0.02,no,KXFEDDECISION-26APR-H0,ffe9b7ce-369d-479c-8bf1-f071222a826d
2026-04-05 02:16:18.483590+00:00,93,0.98,0.02,no,KXFEDDECISION-26APR-H0,3e9bdbb3-ff6d-5c6c-2f8f-a2adbb70413d
2026-04-05 02:29:05.132546+00:00,1,0.98,0.02,no,KXFEDDECISION-26APR-H0,1b4adec0-4dad-7548-42f0-f41a771631fd
2026-04-05 03:00:31.252435+00:00,46,0.98,0.02,no,KXFEDDECISION-26APR-H0,8d0c2963-f671-4c64-7319-07d71f28eb31
2026-04-05 03:32:58.584313+00:00,2,0.99,0.01,yes,KXFEDDECISION-26APR-H0,24939621-a45a-5b9c-30a0-167222405193
2026-04-05 03:42:00.385265+00:00,46,0.99,0.01,yes,KXFEDDECISION-26APR-H0,649aab9d-0ef6-65cc-1bbb-6f45de047393
2026-04-05 03:53:41.822787+00:00,3,0.99,0.01,yes,KXFEDDECISION-26APR-H0,7e297123-3506-47a0-861b-7f2dfac89d53
2026-04-05 04:02:47.414552+00:00,570,0.98,0.02,no,KXFEDDECISION-26APR-H0,8d2cb440-6bb9-4660-a06f-3798aa1b8321
2026-04-05 04:03:14.306179+00:00,250,0.98,0.02,no,KXFEDDECISION-26APR-H0,cf2967a7-e3f5-5050-cd0c-62f9cc8597a5
2026-04-05 04:14:06.895473+00:00,1000,0.98,0.02,no,KXFEDDECISION-26APR-H0,32b1e5c6-a7e9-7c88-1e3b-c67191631a81
2026-04-05 04:22:48.912761+00:00,150,0.98,0.02,no,KXFEDDECISION-26APR-H0,9fe9c4e9-da3d-7778-8bcf-7e59774f77ed
2026-04-05 04:35:16.204907+00:00,500,0.98,0.02,no,KXFEDDECISION-26APR-H0,fd7c63f7-9179-7998-9ae6-162af8b2fb0d
2026-04-05 05:24:07.464804+00:00,125,0.98,0.02,no,KXFEDDECISION-26APR-H0,c7b70df8-dbed-6d00-28ef-0e9dc9164edd
2026-04-05 06:17:57.712613+00:00,1,0.98,0.02,no,KXFEDDECISION-26APR-H0,8ca471ed-8c05-6820-3deb-d3edcef2969d
2026-04-05 07:32:37.822155+00:00,46,0.98,0.02,no,KXFEDDECISION-26APR-H0,c5e290c3-2585-68d0-8450-e6149506e091
2026-04-05 09:34:15.569974+00:00,20,0.98,0.02,no,KXFEDDECISION-26APR-H0,c6e3e91e-1251-6c8c-3de3-45f3623f8791
2026-04-05 09:55:30.907236+00:00,600,0.98,0.02,no,KXFEDDECISION-26APR-H0,aa0214b4-59e5-47ec-d38f-a4eda0868cf1
2026-04-05 11:30:08.293154+00:00,1,0.99,0.01,yes,KXFEDDECISION-26APR-H0,c04faa8f-ab1a-4790-be23-2f848ae7835f
2026-04-05 12:36:52.846691+00:00,116,0.98,0.02,no,KXFEDDECISION-26APR-H0,55df2bc8-8795-4504-f051-cf6cb1941e6d
2026-04-05 12:37:17.656868+00:00,100,0.98,0.02,no,KXFEDDECISION-26APR-H0,f8f664ce-89e1-5d14-54f6-3fdb406f7805
2026-04-05 13:30:04.993892+00:00,93,0.98,0.02,no,KXFEDDECISION-26APR-H0,28a2d9db-19d9-52e0-5899-23dd6a109811
2026-04-05 13:44:24.096316+00:00,1,0.99,0.01,yes,KXFEDDECISION-26APR-H0,4cb49d33-110e-7b74-a5b9-b74bcd8e2e33
2026-04-05 14:13:49.977871+00:00,50,0.99,0.01,yes,KXFEDDECISION-26APR-H0,1af25352-6eee-6230-bcd4-b634a4596787
2026-04-05 14:44:30.515765+00:00,1,0.99,0.01,yes,KXFEDDECISION-26APR-H0,ef9d4bc1-7a9e-5d30-f82e-6c0ab3699f63
2026-04-05 14:45:10.378647+00:00,46,0.98,0.02,no,KXFEDDECISION-26APR-H0,f9ecbdc6-0585-75d0-d460-a52ada81a7ed
2026-04-05 14:53:31.160904+00:00,50,0.98,0.02,no,KXFEDDECISION-26APR-H0,5fd9211d-9d91-6578-5292-c2132f58bf6d
2026-04-05 15:23:30.621360+00:00,50,0.98,0.02,no,KXFEDDECISION-26APR-H0,a3fc0615-32dd-5a14-06ff-19aacc3f10b5
2026-04-05 15:43:15.120415+00:00,302,0.99,0.01,yes,KXFEDDECISION-26APR-H0,d82657f3-63fe-4708-faba-73e81815a0df
2026-04-05 15:52:39.367604+00:00,6686,0.98,0.02,no,KXFEDDECISION-26APR-H0,5e04bf4b-684d-57c0-94d3-33933c7e02e5
2026-04-05 15:52:39.367604+00:00,13206,0.98,0.02,no,KXFEDDECISION-26APR-H0,aad663da-6a4e-551b-b09d-328f0f39ad64
2026-04-05 16:03:18.642901+00:00,125,0.98,0.02,no,KXFEDDECISION-26APR-H0,1037bfcb-b96e-772b-e0cf-3f15bfb27008
2026-04-05 16:38:15.803523+00:00,108,0.99,0.01,yes,KXFEDDECISION-26APR-H0,b9cedd8a-1aae-518c-a300-ce1419dbf6a3
2026-04-05 17:42:54.060023+00:00,92,0.98,0.02,no,KXFEDDECISION-26APR-H0,618ea2fa-1762-65a3-9ee2-c7f7e7ddf8b4
2026-04-05 18:57:24.243011+00:00,500,0.98,0.02,no,KXFEDDECISION-26APR-H0,15f6146f-6a32-4f6b-de39-11a083a9fb30
2026-04-05 18:58:10.092021+00:00,25,0.99,0.01,yes,KXFEDDECISION-26APR-H0,84e0a282-e556-68b8-7c13-53f9e79e57bf
2026-04-05 19:26:59.678412+00:00,4,0.98,0.02,no,KXFEDDECISION-26APR-H0,9cfd3571-3ae6-6953-0edb-0b406d16f1b8
2026-04-05 19:44:17.802959+00:00,5,0.99,0.01,yes,KXFEDDECISION-26APR-H0,adaab3dd-2aba-5de4-20e4-566a37bf1f6f
2026-04-05 19:46:09.332008+00:00,133,0.98,0.02,no,KXFEDDECISION-26APR-H0,93d97abe-37e6-6e33-6c31-82ef5ccd9fc0
2026-04-05 20:00:42.258959+00:00,5,0.98,0.02,no,KXFEDDECISION-26APR-H0,92af921d-1c62-6627-e93b-57e86468352c
2026-04-05 20:01:13.176927+00:00,467,0.98,0.02,no,KXFEDDECISION-26APR-H0,a86d3dde-411a-7bdf-7c33-65b64d3ae548
2026-04-05 20:22:04.144631+00:00,50,0.99,0.01,yes,KXFEDDECISION-26APR-H0,f2145554-619e-63e4-024b-91679d2ec353
2026-04-05 21:11:21.203627+00:00,13,0.98,0.02,no,KXFEDDECISION-26APR-H0,c318ddb1-795e-767f-fb4e-eb00794dcdf0
2026-04-05 22:03:05.154955+00:00,46,0.98,0.02,no,KXFEDDECISION-26APR-H0,f19a0505-5516-46cf-889f-e6748a47eebc
2026-04-05 22:09:22.758699+00:00,10409,0.98,0.02,no,KXFEDDECISION-26APR-H0,f4fd7706-ba5e-4fd3-26aa-4edc40624d24
2026-04-05 22:09:22.758699+00:00,15000,0.98,0.02,no,KXFEDDECISION-26APR-H0,f17ca60e-d859-4838-070a-4c7fc625af27
2026-04-05 22:09:22.758699+00:00,4590,0.98,0.02,no,KXFEDDECISION-26APR-H0,d35adbd3-6bfd-46dc-225a-cabd57ce79c1
2026-04-05 22:09:22.758699+00:00,1,0.98,0.02,no,KXFEDDECISION-26APR-H0,422ef062-fa1b-4937-3e7e-778e0099e70e
2026-04-05 22:09:22.758699+00:00,10000,0.98,0.02,no,KXFEDDECISION-26APR-H0,2918a9a1-b6ad-4660-300c-a228a658fc8d
2026-04-05 22:09:22.758699+00:00,10000,0.98,0.02,no,KXFEDDECISION-26APR-H0,a7f57ae1-e8be-4423-1a58-c5dddd9722e1
2026-04-05 22:11:50.838994+00:00,10000,0.98,0.02,no,KXFEDDECISION-26APR-H0,e0bbdf9f-f1c1-76d0-e510-4866148fcaed
2026-04-05 22:12:05.684219+00:00,100,0.98,0.02,no,KXFEDDECISION-26APR-H0,baebd880-e5a5-58b8-d1fb-8f273c4ebb59
2026-04-05 22:25:56.628902+00:00,467,0.98,0.02,no,KXFEDDECISION-26APR-H0,b0c52287-456d-6a3c-f277-64d50ce1f99d
2026-04-05 22:28:08.055468+00:00,935,0.98,0.02,no,KXFEDDECISION-26APR-H0,bd8b4112-35f9-719c-675e-b0379324083d
2026-04-05 22:44:44.321438+00:00,10,0.99,0.01,yes,KXFEDDECISION-26APR-H0,c8860e19-0622-770c-2165-736cb162f17b
2026-04-05 23:01:39.099055+00:00,46,0.98,0.02,no,KXFEDDECISION-26APR-H0,310a0f4a-97cd-6128-d804-26231df04515
2026-04-05 23:18:34.437434+00:00,250,0.98,0.02,no,KXFEDDECISION-26APR-H0,67bead66-1b3d-4364-8169-ac5a7370ca01
2026-04-05 23:38:45.341692+00:00,3,0.99,0.01,yes,KXFEDDECISION-26APR-H0,f79e547d-7636-4c40-ad87-0bbd04ad284f
2026-04-05 23:48:19.312749+00:00,10,0.99,0.01,yes,KXFEDDECISION-26APR-H0,7d1a3b97-2792-6e20-e4bb-2f38f47f1ec7
2026-04-05 23:53:10.729058+00:00,46,0.98,0.02,no,KXFEDDECISION-26APR-H0,beee9a4b-6431-692c-7d5c-dd3451f45bc5
2026-04-06 00:13:48.641994+00:00,467,0.98,0.02,no,KXFEDDECISION-26APR-H0,11bc594a-e3e5-4c74-18ad-270cc2fdb795
2026-04-06 00:21:30.065091+00:00,1,0.99,0.01,yes,KXFEDDECISION-26APR-H0,8bcd9754-844e-7860-de19-6b67c1e31663
2026-04-06 00:33:04.654929+00:00,46,0.98,0.02,no,KXFEDDECISION-26APR-H0,63b4d269-18dd-43a4-38e1-5212564e871d
2026-04-06 00:51:36.857226+00:00,25,0.98,0.02,no,KXFEDDECISION-26APR-H0,1a0e4d4b-4489-67b0-281f-e62f29cfb209
2026-04-06 00:58:20.263908+00:00,252,0.98,0.02,no,KXFEDDECISION-26APR-H0,5c89907c-28f1-73fc-2aff-e21e4bac5b99
2026-04-06 01:06:00.859953+00:00,233,0.98,0.02,no,KXFEDDECISION-26APR-H0,c3d2053f-1bf1-6238-0bc3-a60d76ad35ed
2026-04-06 01:06:34.760813+00:00,5,0.99,0.01,yes,KXFEDDECISION-26APR-H0,5bbc6b5c-54a2-5b30-1112-9c640ce7e85f
2026-04-06 01:30:26.298785+00:00,79,0.98,0.02,no,KXFEDDECISION-26APR-H0,816c26cd-f8b9-4d60-48a2-a0c39da3c4a9
2026-04-06 02:33:20.481983+00:00,25,0.98,0.02,no,KXFEDDECISION-26APR-H0,920ec62b-3e69-75e8-86c2-fc0eb67ade11
2026-04-06 03:08:00.591631+00:00,65,0.98,0.02,no,KXFEDDECISION-26APR-H0,e9b23970-50b9-5384-1d6b-a35dfe9b6715
2026-04-06 03:11:20.073409+00:00,25,0.99,0.01,yes,KXFEDDECISION-26APR-H0,cc020dff-7d62-6e60-5458-b2b90b79fa8b
2026-04-06 03:11:41.765213+00:00,25,0.98,0.02,no,KXFEDDECISION-26APR-H0,25a2fe1b-9d51-406c-97a0-8489ec4f82b5
2026-04-06 03:11:59.804256+00:00,48,0.99,0.01,yes,KXFEDDECISION-26APR-H0,8d25b130-a05a-4cd8-b2ff-d42f021eefc3
2026-04-06 03:12:16.182736+00:00,48,0.98,0.02,no,KXFEDDECISION-26APR-H0,90f0ae71-9179-5e80-40a8-181d81b54bf1
2026-04-06 03:13:56.519121+00:00,2,0.99,0.01,yes,KXFEDDECISION-26APR-H0,ee1a8bbe-1eb6-52c0-733e-a1c85471d767
2026-04-06 03:16:24.876105+00:00,1,0.99,0.01,yes,KXFEDDECISION-26APR-H0,4a89a2aa-ce3a-72c0-3985-059c5a5c8e97
2026-04-06 03:19:24.239384+00:00,50,0.98,0.02,no,KXFEDDECISION-26APR-H0,8c708727-b459-4d98-eb98-2b97ea6a1f09
2026-04-06 03:20:13.148846+00:00,35,0.98,0.02,no,KXFEDDECISION-26APR-H0,1b3a5000-bd91-78ac-d594-525d6a53ecc1
2026-04-06 03:34:21.145456+00:00,467,0.98,0.02,no,KXFEDDECISION-26APR-H0,91c8a333-6045-6808-c258-404c2d899641
2026-04-06 03:41:26.685403+00:00,327,0.98,0.02,no,KXFEDDECISION-26APR-H0,cd12eab3-21e5-6c10-d3d4-5282a80945d9
2026-04-06 03:46:03.916308+00:00,5,0.99,0.01,yes,KXFEDDECISION-26APR-H0,50bc3185-9772-5464-0122-8bdc04336d3b
2026-04-06 03:48:24.661498+00:00,5,0.99,0.01,yes,KXFEDDECISION-26APR-H0,7d8898d8-2bd6-49c4-8d5f-2b38202c61f7
2026-04-06 03:52:43.404677+00:00,5,0.98,0.02,no,KXFEDDECISION-26APR-H0,4852b5db-6e39-5450-8e5f-3bc02209d549
2026-04-06 04:00:59.900409+00:00,2,0.98,0.02,no,KXFEDDECISION-26APR-H0,abbd06b8-f9ad-6bd8-8eef-65f6a21fd7b1
2026-04-06 04:06:49.922659+00:00,1,0.98,0.02,no,KXFEDDECISION-26APR-H0,e8e48f21-1715-4324-91a3-463038a89d25
2026-04-06 04:14:44.886586+00:00,233,0.98,0.02,no,KXFEDDECISION-26APR-H0,3e93eca1-668d-78c0-37e2-1d37c32fb74d
2026-04-06 04:58:27.913910+00:00,140,0.98,0.02,no,KXFEDDECISION-26APR-H0,fce50f9e-8881-507c-8b8d-5dbfc86405c9
2026-04-06 04:59:40.381970+00:00,16,0.98,0.02,no,KXFEDDECISION-26APR-H0,37ecab23-bed9-4450-e9fc-88a43b3a5709
2026-04-06 05:03:06.557015+00:00,371,0.98,0.02,no,KXFEDDECISION-26APR-H0,f4308181-6f19-42fc-5f8b-ccc4dc6ff901
2026-04-06 05:03:06.834544+00:00,50,0.98,0.02,no,KXFEDDECISION-26APR-H0,d2cadaed-36f5-7038-d524-c60f3e6db22d
2026-04-06 05:03:07.294612+00:00,50,0.98,0.02,no,KXFEDDECISION-26APR-H0,90d43e7d-e489-4140-03e1-12625027bbdd
2026-04-06 05:06:04.356302+00:00,50,0.98,0.02,no,KXFEDDECISION-26APR-H0,cddbbb31-1c05-7c88-4cb3-99905931925d
2026-04-06 05:06:04.955729+00:00,12,0.98,0.02,no,KXFEDDECISION-26APR-H0,185ca869-1dfd-7fe4-c6cb-59c259435c6d
2026-04-06 06:03:07.414092+00:00,2100,0.98,0.02,no,KXFEDDECISION-26APR-H0,f1058434-612d-57dc-5af4-3147c60759e5
2026-04-06 06:26:38.524978+00:00,1,0.99,0.01,yes,KXFEDDECISION-26APR-H0,1b8df026-3bb6-7df0-19bd-ae64583292d7
2026-04-06 06:26:53.384744+00:00,1,0.98,0.02,no,KXFEDDECISION-26APR-H0,acafd2b1-5f49-4084-fdf9-239f58b8a159
2026-04-06 06:34:53.213205+00:00,1,0.99,0.01,yes,KXFEDDECISION-26APR-H0,b9fc463a-2b2e-656c-0b70-af828ef8cd07
2026-04-06 07:28:57.055148+00:00,300,0.98,0.02,no,KXFEDDECISION-26APR-H0,135bba35-9449-4d8c-c0f2-2873360c829d
2026-04-06 08:14:58.431462+00:00,1,0.99,0.01,yes,KXFEDDECISION-26APR-H0,8dca0ac3-7aee-4a94-e6e5-1e8e0de7e22f
2026-04-06 09:03:37.868230+00:00,46,0.98,0.02,no,KXFEDDECISION-26APR-H0,13913dbf-ab85-4af0-f7f1-d21226ebb509
2026-04-06 09:51:13.592765+00:00,233,0.98,0.02,no,KXFEDDECISION-26APR-H0,6d0afd12-8b3d-69c8-b272-71131b89d495
2026-04-06 09:54:58.313904+00:00,2500,0.98,0.02,no,KXFEDDECISION-26APR-H0,eca5fde6-eae1-6664-4510-ca1802045091
2026-04-06 10:27:06.227731+00:00,12500,0.98,0.02,no,KXFEDDECISION-26APR-H0,555506e2-d4d9-7780-c604-1a5a6a3258f1
2026-04-06 10:27:21.674170+00:00,10,0.99,0.01,yes,KXFEDDECISION-26APR-H0,1df683e0-fda2-5ba0-0ae0-aa1661d55183
2026-04-06 10:54:01.321070+00:00,233,0.98,0.02,no,KXFEDDECISION-26APR-H0,8c6016d2-ff41-553c-1063-dd6e9b1af01d
2026-04-06 11:07:11.617014+00:00,250,0.98,0.02,no,KXFEDDECISION-26APR-H0,a1786f79-3661-42a8-0821-880da0399775
2026-04-06 11:19:22.010157+00:00,5,0.99,0.01,yes,KXFEDDECISION-26APR-H0,b2eac915-9f46-4d00-85d9-ef9482afb36f
2026-04-06 12:16:50.977241+00:00,233,0.98,0.02,no,KXFEDDECISION-26APR-H0,fe329a8e-a489-7d0c-aa06-8a5240249bb9
2026-04-06 12:43:04.247159+00:00,50,0.99,0.01,yes,KXFEDDECISION-26APR-H0,bca02c2d-83d6-4098-6fdf-9efffa574ca3
2026-04-06 13:15:36.722030+00:00,40,0.99,0.01,yes,KXFEDDECISION-26APR-H0,69745328-2866-4fe0-27aa-7465e8d64c1b
2026-04-06 13:20:21.336264+00:00,113,0.99,0.01,yes,KXFEDDECISION-26APR-H0,30c42819-d78e-4f6c-c17f-47f6c791bf27
2026-04-06 13:22:49.149907+00:00,1,0.99,0.01,yes,KXFEDDECISION-26APR-H0,c8a7848c-fbae-4ae8-dda9-32f2681c27e7
2026-04-06 13:26:20.077561+00:00,25,0.98,0.02,no,KXFEDDECISION-26APR-H0,c2bbf8e8-ee55-5b84-8b81-b004a9ff15c1
2026-04-06 13:32:39.952964+00:00,1,0.98,0.02,no,KXFEDDECISION-26APR-H0,b6cc70db-9f8d-7004-a612-86377f1957b1
2026-04-06 13:44:29.762133+00:00,250,0.98,0.02,no,KXFEDDECISION-26APR-H0,33cee2d1-93f9-4aac-60a0-ab4e0a1a41e5
2026-04-06 13:45:53.449801+00:00,4,0.98,0.02,no,KXFEDDECISION-26APR-H0,3c660916-1095-4c8c-dc3d-9fe2c4b03fbd
2026-04-06 13:46:53.860254+00:00,280,0.98,0.02,no,KXFEDDECISION-26APR-H0,917aebab-3279-4be0-5438-df9ddcb8c389
2026-04-06 13:47:01.166312+00:00,280,0.99,0.01,yes,KXFEDDECISION-26APR-H0,510afe13-4f26-427c-0dfa-04d7adb073d7
2026-04-06 14:21:00.229077+00:00,100,0.98,0.02,no,KXFEDDECISION-26APR-H0,7cb4cfac-1b49-7c74-2a8b-dab87ac192dd
2026-04-06 14:25:58.044253+00:00,467,0.98,0.02,no,KXFEDDECISION-26APR-H0,97743f09-d9b5-4608-fff2-941af26bcae1
2026-04-06 14:29:52.426305+00:00,233,0.98,0.02,no,KXFEDDECISION-26APR-H0,412df77c-b82d-59bc-9f86-df3e04152b49
2026-04-06 14:38:23.175463+00:00,46,0.98,0.02,no,KXFEDDECISION-26APR-H0,ba2a259a-a25d-6d50-b950-775c7e6aac61
2026-04-06 14:38:23.480806+00:00,40,0.98,0.02,no,KXFEDDECISION-26APR-H0,a8637ed9-f3c1-5140-ca9d-101da11efe21
2026-04-06 14:43:11.311855+00:00,250,0.98,0.02,no,KXFEDDECISION-26APR-H0,22882eb5-a615-5f24-1cf5-6119bb867ad1
2026-04-06 14:43:36.627134+00:00,10,0.99,0.01,yes,KXFEDDECISION-26APR-H0,29c88da0-ceba-50cc-aaae-c7bb8444c87b
2026-04-06 14:44:14.040994+00:00,1,0.98,0.02,no,KXFEDDECISION-26APR-H0,b3cebdb0-a94d-4c68-c8ca-44f26be9a6c9
2026-04-06 15:54:15.357602+00:00,2,0.98,0.02,no,KXFEDDECISION-26APR-H0,375fa6a0-9991-5c38-bea9-fdf8555d6b09
2026-04-06 15:55:38.071428+00:00,1,0.99,0.01,yes,KXFEDDECISION-26APR-H0,edb9c1d3-4832-7a00-2cfc-893be2c89a9f
2026-04-06 15:58:08.489110+00:00,250,0.98,0.02,no,KXFEDDECISION-26APR-H0,84206282-8bc9-7778-1e8d-91fc75de2ab5
2026-04-06 16:04:50.653717+00:00,1,0.99,0.01,yes,KXFEDDECISION-26APR-H0,48cf61f2-cfaa-4fbc-b157-f87968e316b7
2026-04-06 16:06:07.742335+00:00,46,0.98,0.02,no,KXFEDDECISION-26APR-H0,13659b33-ea89-7dbc-d76e-2a6713a3c445
2026-04-06 16:07:00.758022+00:00,233,0.98,0.02,no,KXFEDDECISION-26APR-H0,b1e7c0f3-fdad-5a04-b25f-1b5e0e81f375
2026-04-06 16:25:38.573502+00:00,2,0.98,0.02,no,KXFEDDECISION-26APR-H0,b1711c54-6aad-7480-6f51-b344955335ed
2026-04-06 16:27:05.129430+00:00,699,0.99,0.01,yes,KXFEDDECISION-26APR-H0,cb5aee20-9472-5378-96f4-d9bdc0035a73
2026-04-06 16:35:41.039516+00:00,5001,0.98,0.02,no,KXFEDDECISION-26APR-H0,b3644def-4c9d-4ba4-07c3-a536152e3111
2026-04-06 16:41:53.850228+00:00,5,0.99,0.01,yes,KXFEDDECISION-26APR-H0,71f09d1f-e2a2-60bc-b52b-6abf9dd54503
2026-04-06 17:04:44.320625+00:00,250,0.98,0.02,no,KXFEDDECISION-26APR-H0,2a860110-cdf8-4f4a-832b-94ca6920f6f1
2026-04-06 17:20:37.273240+00:00,125,0.98,0.02,no,KXFEDDECISION-26APR-H0,6a492d21-5d88-7fba-b418-888aac100779
2026-04-06 17:26:55.127337+00:00,200,0.98,0.02,no,KXFEDDECISION-26APR-H0,f7ef8854-59d4-5c56-556b-96080aa5a68d
2026-04-06 17:59:33.819532+00:00,100,0.98,0.02,no,KXFEDDECISION-26APR-H0,22605b81-f3a0-4f76-8b29-434a87fb4a19
2026-04-06 18:31:59.860949+00:00,2,0.98,0.02,no,KXFEDDECISION-26APR-H0,016f2f2b-6514-5a82-ec6c-ab139f66fba5
2026-04-06 18:47:22.607409+00:00,11,0.99,0.01,yes,KXFEDDECISION-26APR-H0,ecf9cdf2-820a-5a10-a186-27400b26e94b
2026-04-06 18:58:17.975350+00:00,10,0.98,0.02,no,KXFEDDECISION-26APR-H0,e98f6b82-9fc0-6b4a-03a2-8516eb5f9bbd
2026-04-06 18:58:35.473225+00:00,27,0.98,0.02,no,KXFEDDECISION-26APR-H0,1fddf9bb-6734-4bff-d797-2a714b5b69ff
2026-04-06 18:58:35.473225+00:00,13,0.98,0.02,no,KXFEDDECISION-26APR-H0,7fd4bcd6-a974-4ae6-db40-898604c97819
2026-04-06 19:09:36.250805+00:00,2,0.99,0.01,yes,KXFEDDECISION-26APR-H0,2abe5b42-fbd2-494c-4ef8-dfb6e01615eb
2026-04-06 19:16:32.726313+00:00,10,0.98,0.02,no,KXFEDDECISION-26APR-H0,021d2d1a-3480-5b07-a578-db2666701adf
2026-04-06 19:21:42.509145+00:00,10,0.98,0.02,no,KXFEDDECISION-26APR-H0,408adda8-6e60-64bb-f616-0ca61c34a91b
2026-04-06 19:29:54.103121+00:00,50,0.98,0.02,no,KXFEDDECISION-26APR-H0,56844df9-b6c4-7483-71b7-792d235a50c7
2026-04-06 20:24:42.049649+00:00,500,0.98,0.02,no,KXFEDDECISION-26APR-H0,e0889e9b-2078-426f-7b16-b63eba13d2e7
2026-04-06 20:25:23.362367+00:00,133,0.98,0.02,no,KXFEDDECISION-26APR-H0,f9ac6d5b-2500-44b3-280d-dbe9bb3bb2e3
2026-04-06 20:34:16.193699+00:00,17,0.98,0.02,no,KXFEDDECISION-26APR-H0,c353a20e-1600-68fb-2155-cef860eb9623
2026-04-06 20:46:52.210287+00:00,46,0.98,0.02,no,KXFEDDECISION-26APR-H0,6ad4c317-b3d4-53cf-37b1-1acc28073973
2026-04-06 20:58:57.560607+00:00,1,0.99,0.01,yes,KXFEDDECISION-26APR-H0,9d1d7b09-727a-7b04-5d8f-bcc1c2ebf22f
2026-04-06 21:05:27.435749+00:00,93,0.98,0.02,no,KXFEDDECISION-26APR-H0,b66ba29c-c7a8-4e2f-3791-d46319141deb
2026-04-06 21:08:34.204160+00:00,467,0.98,0.02,no,KXFEDDECISION-26APR-H0,af894a4a-74f4-66d7-6f79-3c569d5c0c1f
2026-04-06 21:13:20.951021+00:00,1,0.99,0.01,yes,KXFEDDECISION-26APR-H0,6f009494-5d26-4508-26fd-dc88a0661b9f
2026-04-06 21:15:24.465803+00:00,2,0.98,0.02,no,KXFEDDECISION-26APR-H0,522389ce-6724-538b-33c7-8167436cbe17
2026-04-06 21:19:44.790132+00:00,2,0.98,0.02,no,KXFEDDECISION-26APR-H0,d5d8be92-51ec-46c7-cfd4-70bd332b586b
2026-04-06 21:21:03.013913+00:00,50,0.99,0.01,yes,KXFEDDECISION-26APR-H0,e9a93a27-3412-4b84-298f-66025cc62a53
2026-04-06 21:36:47.061180+00:00,2499,0.98,0.02,no,KXFEDDECISION-26APR-H0,655dcf94-668c-71eb-ff8b-1cf189cc3f5f
2026-04-06 21:39:24.760381+00:00,46,0.98,0.02,no,KXFEDDECISION-26APR-H0,e6666628-c0b4-4a73-8edc-f98f3b60712b
2026-04-06 22:51:07.165111+00:00,20,0.99,0.01,yes,KXFEDDECISION-26APR-H0,2f5f2579-12a6-407c-4393-57d8469e7153
2026-04-06 23:02:47.060215+00:00,1,0.99,0.01,yes,KXFEDDECISION-26APR-H0,328b1fa3-efc6-4228-3c93-811fcf6e6c07
2026-04-06 23:04:54.062717+00:00,500,0.98,0.02,no,KXFEDDECISION-26APR-H0,abc44e2e-29c4-772f-d37f-1798797da8eb
2026-04-06 23:52:57.736237+00:00,1,0.98,0.02,no,KXFEDDECISION-26APR-H0,89135de1-b37c-683f-2904-bff09411fd03
2026-04-07 00:22:41.188709+00:00,3930,0.98,0.02,no,KXFEDDECISION-26APR-H0,47a96035-69bc-6d1f-2e66-faaea3772617
2026-04-07 00:29:49.601679+00:00,250,0.98,0.02,no,KXFEDDECISION-26APR-H0,94921a6b-1a70-4407-a27e-f8e7b354e33f
2026-04-07 00:30:10.708814+00:00,625,0.98,0.02,no,KXFEDDECISION-26APR-H0,9734dde1-cdb0-5c5b-6a23-7eb91e01416b
2026-04-07 01:12:37.905008+00:00,6,0.98,0.02,no,KXFEDDECISION-26APR-H0,478ee635-17ec-7a5f-1cb4-963e31b5c1f7
2026-04-07 01:24:56.954094+00:00,467,0.98,0.02,no,KXFEDDECISION-26APR-H0,3c1170c2-5730-627b-0a70-0b967b7698a3
2026-04-07 01:37:12.045795+00:00,5,0.99,0.01,yes,KXFEDDECISION-26APR-H0,6ca38ebc-b43a-78d4-a87e-660e65abe9b7
2026-04-07 02:19:52.759856+00:00,5,0.99,0.01,yes,KXFEDDECISION-26APR-H0,5feec494-5cde-4708-224a-367a86157813
2026-04-07 02:24:58.625202+00:00,2,0.98,0.02,no,KXFEDDECISION-26APR-H0,a7befc09-dc3c-6613-afcc-50e7cdb3a5cf
2026-04-07 02:38:48.444841+00:00,4,0.99,0.01,yes,KXFEDDECISION-26APR-H0,db8bea2d-ff2e-48a4-71cf-e960d4b303cb
2026-04-07 02:39:47.959835+00:00,46,0.98,0.02,no,KXFEDDECISION-26APR-H0,37504005-6f8c-7f4b-aa48-34622a48d3c7
2026-04-07 02:49:08.051366+00:00,125,0.98,0.02,no,KXFEDDECISION-26APR-H0,03f58b19-86f8-6d67-250c-afb301dedd0f
2026-04-07 02:58:25.030604+00:00,459,0.98,0.02,no,KXFEDDECISION-26APR-H0,e4b5c47c-eac8-62af-9114-b219cc07a9c6
2026-04-07 02:58:25.030604+00:00,20,0.98,0.02,no,KXFEDDECISION-26APR-H0,554969ec-4d41-666f-ba98-1f5f4ea7c995
2026-04-07 02:58:25.030604+00:00,146,0.98,0.02,no,KXFEDDECISION-26APR-H0,3874696f-4678-6ac3-ba10-998fb271cbd3
2026-04-07 03:18:30.857628+00:00,10,0.98,0.02,no,KXFEDDECISION-26APR-H0,de0e984f-5c38-6143-4273-924a125ef0fa
2026-04-07 03:19:41.146254+00:00,43,0.98,0.02,no,KXFEDDECISION-26APR-H0,21dcc40f-43d0-69cf-24fd-808b0f1ee0c2
2026-04-07 03:31:50.191033+00:00,125,0.98,0.02,no,KXFEDDECISION-26APR-H0,a8405ae8-7f1c-595f-a18d-452e3b42880a
2026-04-07 03:32:41.942847+00:00,1,0.99,0.01,yes,KXFEDDECISION-26APR-H0,aca69801-b36a-6654-4067-57398031cf17
2026-04-07 03:34:28.878931+00:00,46,0.98,0.02,no,KXFEDDECISION-26APR-H0,74dc4c65-6ecc-409b-ac3f-650b1c8af1fe
2026-04-07 03:44:41.819191+00:00,233,0.98,0.02,no,KXFEDDECISION-26APR-H0,72610c0a-d914-57df-a9e1-f85070e8c2be
2026-04-07 03:54:27.629976+00:00,467,0.98,0.02,no,KXFEDDECISION-26APR-H0,2f291986-23ec-790b-3847-92831e21e48e
2026-04-07 03:54:50.337839+00:00,46,0.98,0.02,no,KXFEDDECISION-26APR-H0,26bd55cf-68f0-4cfb-8867-64f38ea103a2
2026-04-07 04:03:06.410878+00:00,1029,0.98,0.02,no,KXFEDDECISION-26APR-H0,f1193928-b93c-5d3b-e203-5fca8246d27a
2026-04-07 04:06:32.544865+00:00,9,0.99,0.01,yes,KXFEDDECISION-26APR-H0,3839a7a7-d712-7590-9f0d-95e0f8437c7f
2026-04-07 04:08:18.197939+00:00,10,0.98,0.02,no,KXFEDDECISION-26APR-H0,be94a89c-542c-7a07-ced5-df573940d346
2026-04-07 04:26:38.394234+00:00,1,0.98,0.02,no,KXFEDDECISION-26APR-H0,e0ad579d-abf4-4383-c9b2-5b7a9dd0012a
2026-04-07 04:33:49.923036+00:00,46,0.99,0.01,yes,KXFEDDECISION-26APR-H0,614d6c1d-c8ba-4f88-2831-91adb5bc60af
2026-04-07 04:37:29.829498+00:00,25,0.99,0.01,yes,KXFEDDECISION-26APR-H0,7159e64d-bf36-4e90-cf53-7db18926b0bb
2026-04-07 05:06:01.877717+00:00,20,0.99,0.01,yes,KXFEDDECISION-26APR-H0,bc31c0e9-20a6-7e10-9041-4e5f5473bb13
2026-04-07 05:20:29.637099+00:00,46,0.98,0.02,no,KXFEDDECISION-26APR-H0,b5dea672-c2e8-6b7f-04dc-3110b58a23c2
2026-04-07 05:37:39.357024+00:00,46,0.98,0.02,no,KXFEDDECISION-26APR-H0,97b45c61-6e6c-7b1b-1bcc-09f39edc001e
2026-04-07 05:38:28.679045+00:00,46,0.98,0.02,no,KXFEDDECISION-26APR-H0,74f2af7a-c924-5c7f-1e21-0f22254a4012
2026-04-07 05:46:49.910887+00:00,46,0.98,0.02,no,KXFEDDECISION-26APR-H0,a5645e4c-121c-69f3-aa94-6bc9db5c5c2a
2026-04-07 05:56:00.018872+00:00,625,0.98,0.02,no,KXFEDDECISION-26APR-H0,be824571-8b1c-7063-3023-6e02d631067a
2026-04-07 06:08:21.685420+00:00,14,0.99,0.01,yes,KXFEDDECISION-26APR-H0,4afaf1c0-669a-7968-2a3e-90a4daddb3bb
2026-04-07 06:22:09.412219+00:00,1,0.99,0.01,yes,KXFEDDECISION-26APR-H0,8970a357-8e0a-6b34-19d4-51fd3589573b
2026-04-07 06:23:29.643319+00:00,36,0.98,0.02,no,KXFEDDECISION-26APR-H0,0982d097-f360-6cfb-7ccb-c91f7c5377ee
2026-04-07 06:25:35.063679+00:00,467,0.98,0.02,no,KXFEDDECISION-26APR-H0,043b7cd3-5eac-768b-3078-44be43ee4ad6
2026-04-07 06:51:34.639672+00:00,50,0.99,0.01,yes,KXFEDDECISION-26APR-H0,b5e8cc1b-2ea2-53ac-0010-b288ab3edee3
2026-04-07 07:09:31.985550+00:00,5,0.98,0.02,no,KXFEDDECISION-26APR-H0,e7ebc55a-9e78-6707-11a3-9137d61eb232
2026-04-07 07:19:14.737864+00:00,369,0.98,0.02,no,KXFEDDECISION-26APR-H0,346223c3-fe58-4a0f-bc63-34f1f5f0bdfe
2026-04-07 09:10:34.030911+00:00,20,0.98,0.02,no,KXFEDDECISION-26APR-H0,0960a16d-8b48-598b-a009-490ec7b14096
2026-04-07 09:47:02.994938+00:00,15,0.99,0.01,yes,KXFEDDECISION-26APR-H0,b5b09e1e-4fa6-4504-2d1c-dfb5376a0547
2026-04-07 10:21:07.639428+00:00,1,0.98,0.02,no,KXFEDDECISION-26APR-H0,f7d242f8-b66c-57f7-38a6-27fa1d7321f2
2026-04-07 10:26:28.009897+00:00,25,0.98,0.02,no,KXFEDDECISION-26APR-H0,df6228c6-1494-61af-9f2a-d1cc63f38352
2026-04-07 10:29:33.385625+00:00,1,0.99,0.01,yes,KXFEDDECISION-26APR-H0,bc7cd56e-bc36-69c8-9923-532d40307cc7
2026-04-07 10:39:26.005184+00:00,20,0.99,0.01,yes,KXFEDDECISION-26APR-H0,8ca8928c-ae46-53d0-fa7b-07f5b68f0b83
2026-04-07 10:44:09.688799+00:00,1,0.99,0.01,yes,KXFEDDECISION-26APR-H0,68a5e121-db7a-43ec-c437-c2fcc67dcbc3
2026-04-07 10:55:27.152733+00:00,1,0.98,0.02,no,KXFEDDECISION-26APR-H0,28d85aa4-e354-5733-a3b1-9d2e064c27a2
2026-04-07 10:55:40.928847+00:00,1,0.98,0.02,no,KXFEDDECISION-26APR-H0,6e6aad38-0bac-7b6b-d410-f70bd5ac63da
2026-04-07 11:06:25.144313+00:00,2,0.99,0.01,yes,KXFEDDECISION-26APR-H0,20930bdb-dc82-5274-ab84-e05fc454390f
2026-04-07 11:07:24.303907+00:00,10000,0.98,0.02,no,KXFEDDECISION-26APR-H0,f02ec1dc-f208-44c3-1cf0-2c9abb996aaa
2026-04-07 11:13:15.508186+00:00,1537,0.98,0.02,no,KXFEDDECISION-26APR-H0,a519e62e-7794-5563-8bec-d7ac8d9fad6a
2026-04-07 11:16:40.168121+00:00,1,0.98,0.02,no,KXFEDDECISION-26APR-H0,66ceeed8-af4c-4153-ef09-78ef7ae6a252
2026-04-07 11:26:15.416678+00:00,5,0.99,0.01,yes,KXFEDDECISION-26APR-H0,8e74f693-d04a-7298-1d6f-a23f31dbe87f
2026-04-07 11:40:08.251220+00:00,150,0.99,0.01,yes,KXFEDDECISION-26APR-H0,f6fcb464-85b2-63fc-29da-94807246f7ff
2026-04-07 11:44:35.805029+00:00,6,0.99,0.01,yes,KXFEDDECISION-26APR-H0,27986856-8b22-7e74-461c-323380ce0633
2026-04-07 12:09:48.695172+00:00,62,0.98,0.02,no,KXFEDDECISION-26APR-H0,f1c7a5f4-89c4-6cd3-0a39-6faf04724c76
2026-04-07 12:43:37.492261+00:00,275,0.98,0.02,no,KXFEDDECISION-26APR-H0,ddbc986e-45d0-4923-5beb-a5354f4e9186
2026-04-07 12:50:57.357352+00:00,1,0.99,0.01,yes,KXFEDDECISION-26APR-H0,f72b7e61-b242-4580-090d-d0d1ac328e4f
2026-04-07 13:02:10.266768+00:00,3,0.99,0.01,yes,KXFEDDECISION-26APR-H0,0a668088-d45a-5330-2ee3-948416cb65cb
2026-04-07 13:08:07.765814+00:00,1497,0.98,0.02,no,KXFEDDECISION-26APR-H0,f0320432-e348-5167-cf64-52db62408e16
2026-04-07 13:11:41.953446+00:00,25,0.98,0.02,no,KXFEDDECISION-26APR-H0,84dbde2c-e8b4-5b77-5b41-c5107ce61d02
2026-04-07 13:28:50.161411+00:00,10,0.99,0.01,yes,KXFEDDECISION-26APR-H0,1454a297-62d2-51e0-cb49-f1debfd6b573
2026-04-07 13:37:54.960677+00:00,100,0.98,0.02,no,KXFEDDECISION-26APR-H0,a47d18df-f4d4-785b-b374-be597a4ec9ca
2026-04-07 13:39:37.876481+00:00,1875,0.98,0.02,no,KXFEDDECISION-26APR-H0,5707a41b-bf0c-6eeb-4fe8-4148407991d6
2026-04-07 14:17:05.591377+00:00,10,0.98,0.02,no,KXFEDDECISION-26APR-H0,55a86f0f-7e24-7f5f-59e4-640806cc8baa
2026-04-07 14:25:33.988087+00:00,233,0.98,0.02,no,KXFEDDECISION-26APR-H0,01a82990-3150-69bf-3148-e4d3185a0aaa
2026-04-07 14:30:48.319241+00:00,467,0.98,0.02,no,KXFEDDECISION-26APR-H0,c6eb1434-9750-667b-10df-892c2f2f1ca6
2026-04-07 14:42:18.314728+00:00,150,0.98,0.02,no,KXFEDDECISION-26APR-H0,52f495a4-6f18-52a7-3a33-532755bfe6ca
2026-04-07 15:08:19.126220+00:00,46,0.98,0.02,no,KXFEDDECISION-26APR-H0,8e25fbde-2b34-4493-f635-018cd1f68852
2026-04-07 15:29:22.499026+00:00,1,0.98,0.02,no,KXFEDDECISION-26APR-H0,a6cd2475-f8b0-6b67-b40f-4aeee057e12a
2026-04-07 15:36:28.746166+00:00,5,0.98,0.02,no,KXFEDDECISION-26APR-H0,1c6e34a3-f8c8-777b-a9ad-8efdfebc3eda
2026-04-07 15:56:18.532116+00:00,93,0.98,0.02,no,KXFEDDECISION-26APR-H0,ff64731f-ef1c-61cf-192f-ef6f48fd4fbe
2026-04-07 16:03:25.234979+00:00,25,0.98,0.02,no,KXFEDDECISION-26APR-H0,e5e4b5f0-4e88-6117-bce1-a64597c5d63a
2026-04-07 16:14:53.226793+00:00,27,0.98,0.02,no,KXFEDDECISION-26APR-H0,b4cc01e8-7114-5fd3-d649-167b1919ae4a
2026-04-07 16:14:59.790831+00:00,750,0.98,0.02,no,KXFEDDECISION-26APR-H0,9132b726-96e0-488b-4a97-1e7ee5397496
2026-04-07 16:32:15.143630+00:00,250,0.98,0.02,no,KXFEDDECISION-26APR-H0,ca844cf9-6650-5b03-50f8-9b1eed8ba412
2026-04-07 16:32:49.982590+00:00,1,0.98,0.02,no,KXFEDDECISION-26APR-H0,56cacfd6-b858-6c8f-3e24-cde0c462362a
2026-04-07 16:32:54.684699+00:00,250,0.98,0.02,no,KXFEDDECISION-26APR-H0,0f194dd1-7ca0-6973-910f-a1f953d64152
2026-04-07 16:33:02.222499+00:00,4679,0.98,0.02,no,KXFEDDECISION-26APR-H0,a597ab23-a5a0-50ff-8b4a-ee292b4a7092
2026-04-07 16:48:08.620532+00:00,29,0.98,0.02,no,KXFEDDECISION-26APR-H0,acaf85bd-f3dc-42bb-f4ec-eff9ab553522
2026-04-07 16:48:10.807181+00:00,10,0.98,0.02,no,KXFEDDECISION-26APR-H0,e4497bdc-e74c-6d2b-8896-ccd809edf0d6
2026-04-07 16:48:15.114994+00:00,70,0.98,0.02,no,KXFEDDECISION-26APR-H0,b070f7d1-c174-4493-0661-866c9ee4101e
2026-04-07 16:49:11.044609+00:00,40,0.98,0.02,no,KXFEDDECISION-26APR-H0,e7650368-a560-7a23-7d56-50a7cecc5eee
2026-04-07 16:49:46.622055+00:00,46,0.98,0.02,no,KXFEDDECISION-26APR-H0,b5357c27-0090-7053-3e6d-7c7f75fc5576
2026-04-07 16:52:46.573458+00:00,1,0.99,0.01,yes,KXFEDDECISION-26APR-H0,3ef05ab7-e92a-5764-8af3-077fd1ecd2cb
2026-04-07 16:55:34.975561+00:00,12,0.98,0.02,no,KXFEDDECISION-26APR-H0,6967c49d-94ac-4faf-ac6c-b299b337101e
2026-04-07 16:56:39.806208+00:00,5000,0.98,0.02,no,KXFEDDECISION-26APR-H0,cd51fcaa-8a14-6d3b-f8d3-e3e4154caf5a
2026-04-07 17:02:50.886909+00:00,3413,0.98,0.02,no,KXFEDDECISION-26APR-H0,e7aa7d8c-f834-7267-e960-96576c0e973e
2026-04-07 17:14:59.035832+00:00,39,0.98,0.02,no,KXFEDDECISION-26APR-H0,c6b4bae1-e638-4ce7-aa41-06f06bae8c32
2026-04-07 17:23:15.533980+00:00,63,0.98,0.02,no,KXFEDDECISION-26APR-H0,1328f074-8eec-7cb7-ff70-0d5fbdb6505e
2026-04-07 17:30:34.865405+00:00,50,0.98,0.02,no,KXFEDDECISION-26APR-H0,40ee83b9-9fe4-76df-70f5-7b06703b7896
2026-04-07 17:34:58.741564+00:00,1,0.98,0.02,no,KXFEDDECISION-26APR-H0,39d22f94-3378-7047-2254-f78b1b708f76
2026-04-07 17:42:04.106862+00:00,1,0.99,0.01,yes,KXFEDDECISION-26APR-H0,d79e4897-6f3a-7358-ee30-ece262fd7d1b
2026-04-07 17:42:40.579966+00:00,5,0.99,0.01,yes,KXFEDDECISION-26APR-H0,d6fca96c-2916-72d0-7678-c5ef22686073
2026-04-07 17:45:52.890580+00:00,46,0.98,0.02,no,KXFEDDECISION-26APR-H0,149c7c02-74e4-4ed7-ec64-b73a8e234592
2026-04-07 17:51:53.680268+00:00,3,0.99,0.01,yes,KXFEDDECISION-26APR-H0,b9d42de4-ad96-5c38-63d2-eda242792527
2026-04-07 17:53:04.638261+00:00,375,0.98,0.02,no,KXFEDDECISION-26APR-H0,b52c9973-2058-6c93-b6c6-e4d0dc9f0566
2026-04-07 18:16:11.959544+00:00,225,0.98,0.02,no,KXFEDDECISION-26APR-H0,179ba7cb-aa88-5557-fbbb-0c386573a1ea
2026-04-07 18:19:13.231965+00:00,250,0.98,0.02,no,KXFEDDECISION-26APR-H0,804e28f1-128c-6fef-cbf1-8f8107985d5e
2026-04-07 18:27:28.307656+00:00,2500,0.98,0.02,no,KXFEDDECISION-26APR-H0,1de2b579-5c14-4d87-348c-7997f2c245a6
2026-04-07 18:31:40.217812+00:00,102,0.98,0.02,no,KXFEDDECISION-26APR-H0,d72ee00e-fa80-7523-af24-181bb5e99b6e
2026-04-07 18:34:30.067204+00:00,23,0.98,0.02,no,KXFEDDECISION-26APR-H0,3b92b254-eeac-63eb-6101-fc8004b954c6
2026-04-07 18:37:23.051507+00:00,1,0.98,0.02,no,KXFEDDECISION-26APR-H0,a71fc262-af64-5fdb-83ef-5bad88b5c1ee
2026-04-07 18:48:32.706425+00:00,31,0.99,0.01,yes,KXFEDDECISION-26APR-H0,02a6026e-1c6e-6fd8-0640-056ae4e870f7
2026-04-07 18:54:30.532890+00:00,2500,0.98,0.02,no,KXFEDDECISION-26APR-H0,4156181e-be58-563f-440b-0602d4be677a
2026-04-07 18:54:30.664431+00:00,1,0.98,0.02,no,KXFEDDECISION-26APR-H0,80bcee09-8fb4-4ae7-6fe5-3cbb5b6d1166
2026-04-07 18:54:59.222214+00:00,90,0.98,0.02,no,KXFEDDECISION-26APR-H0,0468c7ad-2ad8-75d7-2e6a-baa2e675304e
2026-04-07 18:57:59.704623+00:00,6,0.98,0.02,no,KXFEDDECISION-26APR-H0,13d9aae9-3ca8-51cb-0147-8aa4405d50b2
2026-04-07 18:58:04.998954+00:00,23,0.98,0.02,no,KXFEDDECISION-26APR-H0,d7f1a1d9-256c-54e7-bf15-a43d85a4eefa
2026-04-07 19:06:14.732330+00:00,1,0.98,0.02,no,KXFEDDECISION-26APR-H0,766e47b8-7b20-5b2b-f39c-9cb08adda86a
2026-04-07 19:06:34.254191+00:00,1250,0.98,0.02,no,KXFEDDECISION-26APR-H0,f84061fc-a964-6f87-38d3-e3c7544bb356
2026-04-07 19:09:28.622444+00:00,125,0.98,0.02,no,KXFEDDECISION-26APR-H0,f2080079-d2b4-4d03-7e8d-34194a36c5ba
2026-04-07 19:17:31.326139+00:00,25,0.98,0.02,no,KXFEDDECISION-26APR-H0,e70c5fff-8594-4133-eb78-22741e7c4762
2026-04-07 19:31:51.239836+00:00,125,0.98,0.02,no,KXFEDDECISION-26APR-H0,cf83ff06-52ec-5943-15b2-c1edba483a12
2026-04-07 19:32:59.786445+00:00,500,0.98,0.02,no,KXFEDDECISION-26APR-H0,56f66e6f-9384-417b-c618-b2b43049985a
2026-04-07 19:48:35.798279+00:00,25,0.99,0.01,yes,KXFEDDECISION-26APR-H0,00ecac41-7ffa-5a74-7b08-58fa89efb907
2026-04-07 19:48:52.238475+00:00,25,0.98,0.02,no,KXFEDDECISION-26APR-H0,7ca6bb6c-446c-5b7b-9c06-1dfe02c6673e
2026-04-07 19:54:49.478646+00:00,2,0.98,0.02,no,KXFEDDECISION-26APR-H0,65712863-1134-41df-380e-613d46dc5656
2026-04-07 19:55:17.185639+00:00,125,0.98,0.02,no,KXFEDDECISION-26APR-H0,cb18afc3-9418-4073-cd23-84a044154b8e
2026-04-07 20:40:39.771804+00:00,25,0.99,0.01,yes,KXFEDDECISION-26APR-H0,981c385a-9f7e-72fc-3cd7-df94473cc7e7
2026-04-07 20:40:59.069969+00:00,25,0.98,0.02,no,KXFEDDECISION-26APR-H0,a63fd3d7-96a8-5b03-fe3c-8b857bc0ef0a
2026-04-07 21:03:01.928185+00:00,10,0.98,0.02,no,KXFEDDECISION-26APR-H0,daa2054a-f490-6ae3-3ff1-29e0a4304e62
2026-04-07 21:06:58.826285+00:00,6310,0.98,0.02,no,KXFEDDECISION-26APR-H0,5d746ff6-c0d4-75c7-5d0a-971140bbcce2
2026-04-07 21:06:58.826285+00:00,233,0.98,0.02,no,KXFEDDECISION-26APR-H0,ca6131d4-4105-772f-6c0f-07a5456421fa
2026-04-07 21:06:58.826285+00:00,5957,0.98,0.02,no,KXFEDDECISION-26APR-H0,ea48b819-24d1-7b1d-556f-e5de4ddb99b5
2026-04-07 21:08:36.978152+00:00,504,0.98,0.02,no,KXFEDDECISION-26APR-H0,e164e050-16d2-6763-3980-c08770429ede
2026-04-07 21:08:36.978152+00:00,517,0.98,0.02,no,KXFEDDECISION-26APR-H0,9861c331-7e94-621f-05c2-52cd9e504aef
2026-04-07 21:08:36.978152+00:00,478,0.98,0.02,no,KXFEDDECISION-26APR-H0,94417258-04bc-6b3f-246c-085a27deb9b3
2026-04-07 21:08:36.978152+00:00,487,0.98,0.02,no,KXFEDDECISION-26APR-H0,882192b2-0deb-6050-0553-0fa3972630c6
2026-04-07 21:08:36.978152+00:00,499,0.98,0.02,no,KXFEDDECISION-26APR-H0,8172d8fb-ea5d-6226-38cb-8533b02d2455
2026-04-07 21:08:36.978152+00:00,502,0.98,0.02,no,KXFEDDECISION-26APR-H0,7c40cc46-6745-6391-00ef-7a25ce1a5a50
2026-04-07 21:08:36.978152+00:00,478,0.98,0.02,no,KXFEDDECISION-26APR-H0,e08c66bf-9809-6aa7-009f-696d71694763
2026-04-07 21:08:36.978152+00:00,3002,0.98,0.02,no,KXFEDDECISION-26APR-H0,5eaf653b-42b6-6488-2d50-31cc02a3798e
2026-04-07 21:08:36.978152+00:00,522,0.98,0.02,no,KXFEDDECISION-26APR-H0,547b98be-8265-6b74-285b-c862ff06d3ea
2026-04-07 21:08:36.978152+00:00,478,0.98,0.02,no,KXFEDDECISION-26APR-H0,4c916609-15bb-6b74-2df3-ad4a064d4575
2026-04-07 21:08:36.978152+00:00,4043,0.98,0.02,no,KXFEDDECISION-26APR-H0,4512e038-6c65-6829-20ea-28629e2f0501
2026-04-07 21:08:36.978152+00:00,495,0.98,0.02,no,KXFEDDECISION-26APR-H0,73a10759-cea0-647d-0d47-10a486e4bf0b
2026-04-07 21:08:36.978152+00:00,495,0.98,0.02,no,KXFEDDECISION-26APR-H0,37dec27b-b304-683f-38e7-43cc708dae8b
2026-04-07 21:10:15.182302+00:00,7134,0.98,0.02,no,KXFEDDECISION-26APR-H0,68f69f39-1f76-4d3b-dae1-df3017eb0c4e
2026-04-07 21:10:15.182302+00:00,1998,0.98,0.02,no,KXFEDDECISION-26APR-H0,6e8f01a1-e596-4938-eedb-87482c730c4a
2026-04-07 21:10:55.713023+00:00,2,0.99,0.01,yes,KXFEDDECISION-26APR-H0,7dc7d98d-7aea-7bf4-169c-9a90fb8f98ef
2026-04-07 21:11:21.915792+00:00,2,0.99,0.01,yes,KXFEDDECISION-26APR-H0,b2afc36f-0c1a-6740-50a3-ceaf7a6aa63f
2026-04-07 21:15:11.463918+00:00,1,0.99,0.01,yes,KXFEDDECISION-26APR-H0,b258dd49-b6f2-6ce4-657d-481c1308b243
2026-04-07 21:15:43.832360+00:00,50,0.98,0.02,no,KXFEDDECISION-26APR-H0,214f7fd4-417a-40eb-71e2-0be6ab9f41ea
2026-04-07 21:16:02.086511+00:00,1497,0.99,0.01,yes,KXFEDDECISION-26APR-H0,4370c87f-1a9a-7238-c626-b6d9957b8047
2026-04-07 21:20:26.705394+00:00,495,0.98,0.02,no,KXFEDDECISION-26APR-H0,bee2fded-babe-7fc7-bb62-bc6851c7c0be
2026-04-07 21:21:52.410696+00:00,478,0.98,0.02,no,KXFEDDECISION-26APR-H0,26f883c0-b952-642b-56d6-b4f70337f306
2026-04-07 21:23:34.143182+00:00,1,0.99,0.01,yes,KXFEDDECISION-26APR-H0,b6add5a1-c45e-41d4-6bf4-11c742a8c7db
2026-04-07 21:27:56.348215+00:00,200,0.98,0.02,no,KXFEDDECISION-26APR-H0,8afa2872-a31e-7d9b-50d8-c05f4e2cab92
2026-04-07 21:28:09.319882+00:00,495,0.98,0.02,no,KXFEDDECISION-26APR-H0,996f528b-a97a-41e3-b896-2742cd5b10f2
2026-04-07 21:28:30.898794+00:00,478,0.98,0.02,no,KXFEDDECISION-26APR-H0,d4c3c0e1-3a7e-7a93-ec0a-39a2b84b63a2
2026-04-07 21:28:39.617565+00:00,522,0.98,0.02,no,KXFEDDECISION-26APR-H0,0549a25d-7cd6-67c3-5307-77defc26f622
2026-04-07 21:28:47.518594+00:00,517,0.98,0.02,no,KXFEDDECISION-26APR-H0,b247ea95-51b2-7a03-3648-1999ea30028e
2026-04-07 21:28:53.691084+00:00,504,0.98,0.02,no,KXFEDDECISION-26APR-H0,91672506-fbaa-7a0f-6759-142e3b45865a
2026-04-07 21:29:01.947278+00:00,478,0.98,0.02,no,KXFEDDECISION-26APR-H0,5f9dadb0-0cb2-6637-c73d-a0c0888eb20a
2026-04-07 21:29:11.660669+00:00,502,0.98,0.02,no,KXFEDDECISION-26APR-H0,17e2c7c0-507a-6247-7f63-b07b5d91b0ea
2026-04-07 21:29:21.240169+00:00,499,0.98,0.02,no,KXFEDDECISION-26APR-H0,2e50d492-eaaa-610b-dd97-c2e2c46adf86
2026-04-07 21:29:29.108132+00:00,487,0.98,0.02,no,KXFEDDECISION-26APR-H0,4f4ae45c-b726-4577-775a-6eeada5f9b22
2026-04-07 21:38:04.784014+00:00,1250,0.98,0.02,no,KXFEDDECISION-26APR-H0,93b8567e-5452-7b6f-b1b4-a8b58447c3ee
2026-04-07 21:52:23.930505+00:00,200,0.98,0.02,no,KXFEDDECISION-26APR-H0,2b3f92af-c186-4a67-3c4f-d830c5b4139a
2026-04-07 21:57:08.650821+00:00,20,0.99,0.01,yes,KXFEDDECISION-26APR-H0,c4dd2e6b-f476-7854-a3ab-36c40dd01f17
2026-04-07 22:26:49.109701+00:00,233,0.98,0.02,no,KXFEDDECISION-26APR-H0,a8c82638-d456-589b-7dba-bd3f5bb7181e
2026-04-07 22:31:14.844423+00:00,5,0.99,0.01,yes,KXFEDDECISION-26APR-H0,d1819455-7be6-7e34-1824-b9afc5cc3f7f
2026-04-07 22:43:33.582025+00:00,1,0.99,0.01,yes,KXFEDDECISION-26APR-H0,251c40a8-9ef2-5e2c-1f65-36271ab402bf
2026-04-07 22:46:28.543903+00:00,5,0.98,0.02,no,KXFEDDECISION-26APR-H0,8882a1c4-29de-50f7-9cbd-174876cf3f5e
2026-04-07 22:52:42.195415+00:00,233,0.98,0.02,no,KXFEDDECISION-26APR-H0,2d346b1a-8d32-5a07-6e7e-f92be47b914e
2026-04-07 22:54:54.452297+00:00,9,0.98,0.02,no,KXFEDDECISION-26APR-H0,783dd76c-c3c2-73c7-c09a-90b124c3be9a
2026-04-07 23:00:16.396070+00:00,65,0.98,0.02,no,KXFEDDECISION-26APR-H0,ee778303-9152-7143-0767-04947a0ac73a
2026-04-07 23:00:20.705874+00:00,26,0.98,0.02,no,KXFEDDECISION-26APR-H0,4b4bb7cb-eb52-6de7-7dd0-9eda80aa759e
2026-04-07 23:00:37.346306+00:00,600,0.98,0.02,no,KXFEDDECISION-26APR-H0,84e78b8e-3732-77cb-4eed-fb154bd9e02e
2026-04-07 23:02:03.825324+00:00,10,0.99,0.01,yes,KXFEDDECISION-26APR-H0,aba4c456-fffa-4a1c-934e-78748622ba23
2026-04-07 23:04:34.599595+00:00,25,0.98,0.02,no,KXFEDDECISION-26APR-H0,fdf8a1da-789e-43e7-527a-060935eb9da2
2026-04-07 23:04:45.308482+00:00,93,0.98,0.02,no,KXFEDDECISION-26APR-H0,6e34366c-483a-6b77-10a7-c414854729a6
2026-04-07 23:08:41.043962+00:00,4,0.98,0.02,no,KXFEDDECISION-26APR-H0,a5b25f9e-eb6a-52f7-0c24-58370a35b606
2026-04-07 23:27:34.069627+00:00,1,0.98,0.02,no,KXFEDDECISION-26APR-H0,92e04fc7-47d1-6fe7-54ed-320a7b797b88
2026-04-07 23:32:32.674550+00:00,32,0.98,0.02,no,KXFEDDECISION-26APR-H0,59b7a5bc-09c1-6d73-d89f-baf6195d9450
2026-04-07 23:39:27.502370+00:00,369,0.99,0.01,yes,KXFEDDECISION-26APR-H0,5d9e39d1-88a6-589c-9bfc-854ef617c84b
2026-04-07 23:39:36.475756+00:00,55,0.98,0.02,no,KXFEDDECISION-26APR-H0,33a4fa28-ca61-4fbb-428d-8ea29a8f6790
2026-04-07 23:40:51.337184+00:00,3,0.98,0.02,no,KXFEDDECISION-26APR-H0,97766a89-51b1-411b-4d09-3ac532201a40
2026-04-07 23:43:08.473164+00:00,30,0.99,0.01,yes,KXFEDDECISION-26APR-H0,00a41ab5-684e-4d54-56d4-ae6e04fcb04f
2026-04-07 23:44:03.520922+00:00,1,0.98,0.02,no,KXFEDDECISION-26APR-H0,9b5fb83f-32dd-64b7-52e2-de0632df4cd8
2026-04-07 23:52:48.918180+00:00,4908,0.98,0.02,no,KXFEDDECISION-26APR-H0,333ec4b6-57b9-7ea3-70af-404e5662c4ec
2026-04-07 23:52:48.918180+00:00,92,0.98,0.02,no,KXFEDDECISION-26APR-H0,7bc58cbd-b785-71c3-51c6-7cb722e83657
2026-04-07 23:52:59.556215+00:00,10,0.99,0.01,yes,KXFEDDECISION-26APR-H0,634c2f0f-b7ba-5aa4-f86c-ec87a37db467
2026-04-07 23:56:07.944515+00:00,20,0.98,0.02,no,KXFEDDECISION-26APR-H0,28de81a1-63f1-5533-bd51-fdf6c70549b3
2026-04-07 23:59:06.413764+00:00,20,0.98,0.02,no,KXFEDDECISION-26APR-H0,21c97bf2-638d-7873-39fa-277c1a79a75f
2026-04-08 00:00:49.408760+00:00,10,0.99,0.01,yes,KXFEDDECISION-26APR-H0,237d0838-14e2-7c44-7f17-7229d2435daf
2026-04-08 00:00:50.686551+00:00,140,0.98,0.02,no,KXFEDDECISION-26APR-H0,2917cf0e-1a85-59c3-c6e7-654c1d9d17f7
2026-04-08 00:02:05.410435+00:00,20,0.98,0.02,no,KXFEDDECISION-26APR-H0,dd473ea2-1999-5817-6388-3a5f42ab28b7
2026-04-08 00:02:40.170509+00:00,125,0.98,0.02,no,KXFEDDECISION-26APR-H0,05303afe-b959-68c3-ad9c-b0e338d14a8b
2026-04-08 00:05:47.042537+00:00,82,0.98,0.02,no,KXFEDDECISION-26APR-H0,7f35e099-36fc-78d7-434b-464cd157f39b
2026-04-08 00:05:47.042537+00:00,105,0.98,0.02,no,KXFEDDECISION-26APR-H0,8ed6d655-6355-7b7f-6048-48cc9a52d21f
2026-04-08 00:07:51.553688+00:00,125,0.98,0.02,no,KXFEDDECISION-26APR-H0,bd9f27e1-1494-5abb-6a6a-4017a349443f
2026-04-08 00:50:49.771928+00:00,281,0.98,0.02,no,KXFEDDECISION-26APR-H0,a1da0eee-520c-4267-86e5-9a52561f57df
2026-04-08 00:50:49.771928+00:00,517,0.98,0.02,no,KXFEDDECISION-26APR-H0,66966cba-dc98-4817-aed0-65fc06cc0187
2026-04-08 00:50:49.771928+00:00,499,0.98,0.02,no,KXFEDDECISION-26APR-H0,ba886295-cf10-40e6-b9aa-09fbd633c521
2026-04-08 00:50:49.771928+00:00,504,0.98,0.02,no,KXFEDDECISION-26APR-H0,17964861-986c-4f97-bf81-a15486e61ebd
2026-04-08 00:50:49.771928+00:00,60,0.98,0.02,no,KXFEDDECISION-26APR-H0,09d94693-0b41-4e00-ae6b-f0e0337b74a0
2026-04-08 00:50:49.771928+00:00,478,0.98,0.02,no,KXFEDDECISION-26APR-H0,444593ef-030e-4f20-9d4c-1ff093a63945
2026-04-08 00:50:50.981790+00:00,100,0.98,0.02,no,KXFEDDECISION-26APR-H0,066409e9-8141-76ac-f629-f05d2f7599f8
2026-04-08 00:57:54.034990+00:00,487,0.98,0.02,no,KXFEDDECISION-26APR-H0,35e7c00b-3a32-7f0d-8315-97985ef62c70
2026-04-08 00:57:54.034990+00:00,342,0.98,0.02,no,KXFEDDECISION-26APR-H0,7351f23d-5619-7478-9157-bc8245a065fc
2026-04-08 00:57:54.034990+00:00,7,0.98,0.02,no,KXFEDDECISION-26APR-H0,b07aad57-2b71-7a0a-9297-04b50ccd463b
2026-04-08 00:57:54.034990+00:00,515,0.98,0.02,no,KXFEDDECISION-26APR-H0,cb36fb02-ca20-718a-b0c4-87d5f4017fc4
2026-04-08 00:57:54.034990+00:00,1149,0.98,0.02,no,KXFEDDECISION-26APR-H0,df33f96e-9480-7639-adb0-57a3a19c6d88
2026-04-08 01:02:11.977828+00:00,1250,0.98,0.02,no,KXFEDDECISION-26APR-H0,36b95e55-aa28-4a8d-732b-576812145fec
2026-04-08 01:04:58.674716+00:00,2601,0.98,0.02,no,KXFEDDECISION-26APR-H0,2ba76c03-3844-7465-c516-ce516103d210
2026-04-08 01:30:33.724565+00:00,5,0.98,0.02,yes,KXFEDDECISION-26APR-H0,51a4e407-79fd-530c-5ca4-1178e3b93a82
2026-04-08 01:41:58.873345+00:00,1,0.97,0.03,no,KXFEDDECISION-26APR-H0,34362f75-f27c-6a21-b9cd-3785760ac847
2026-04-08 01:45:15.697118+00:00,500,0.97,0.03,no,KXFEDDECISION-26APR-H0,00fa2e28-6dc8-7665-c294-86429709fe3f
2026-04-08 01:51:35.144892+00:00,25,0.98,0.02,yes,KXFEDDECISION-26APR-H0,12468040-f468-7e19-8368-984ff8450091
2026-04-08 01:51:35.144892+00:00,79,0.98,0.02,yes,KXFEDDECISION-26APR-H0,7af8aeb2-7312-7b91-919b-21fe9716feb6
2026-04-08 01:52:38.015267+00:00,500,0.98,0.02,no,KXFEDDECISION-26APR-H0,7d891d46-4fbf-511b-3ae7-f955cb19e315
2026-04-08 01:53:31.644499+00:00,5,0.98,0.02,no,KXFEDDECISION-26APR-H0,d401f591-106b-601f-60db-042557fc8bfd
2026-04-08 01:56:52.786435+00:00,5,0.98,0.02,no,KXFEDDECISION-26APR-H0,78beec03-f39b-5cb7-b599-af6f2b659e55
2026-04-08 02:29:18.557436+00:00,1,0.98,0.02,no,KXFEDDECISION-26APR-H0,9d4b0690-2797-51c7-5674-c2abe3436c2d
2026-04-08 02:32:03.205521+00:00,15,0.99,0.01,yes,KXFEDDECISION-26APR-H0,a30798a3-15a2-5a4c-1216-e2c32fc52bab
2026-04-08 02:42:43.179945+00:00,4725,0.98,0.02,no,KXFEDDECISION-26APR-H0,4e6af71c-9a63-77ff-ec25-6aa69ebe2259
2026-04-08 02:44:01.933368+00:00,1,0.98,0.02,no,KXFEDDECISION-26APR-H0,3c6a1641-1e9b-7d2b-3566-f546bff51631
2026-04-08 03:05:40.825737+00:00,1,0.98,0.02,no,KXFEDDECISION-26APR-H0,6d150a35-3d23-4dd3-49bd-a0064988f73d
2026-04-08 03:05:59.911688+00:00,23,0.98,0.02,no,KXFEDDECISION-26APR-H0,1b6e7b1b-af97-5b7b-c553-450765aaa261
2026-04-08 03:08:36.633623+00:00,46,0.98,0.02,no,KXFEDDECISION-26APR-H0,6383605d-6c37-6883-f889-2269b9d1af5d
2026-04-08 03:09:49.422209+00:00,100,0.98,0.02,no,KXFEDDECISION-26APR-H0,365ab859-e392-7c7d-f9dc-60f98a02fb97
2026-04-08 03:09:49.422209+00:00,16,0.98,0.02,no,KXFEDDECISION-26APR-H0,55c69d7b-14af-70cb-e95c-4a3fe336a71a
2026-04-08 03:09:49.422209+00:00,4589,0.98,0.02,no,KXFEDDECISION-26APR-H0,7358ec71-89eb-775b-df82-cb64780155dd
2026-04-08 03:10:03.119009+00:00,66,0.98,0.02,no,KXFEDDECISION-26APR-H0,9b1b793c-0929-5d5e-28af-b25fb4ccc6c9
2026-04-08 03:10:16.777648+00:00,3000,0.97,0.03,no,KXFEDDECISION-26APR-H0,43296927-5994-7399-b28c-484419764597
2026-04-08 03:19:16.903684+00:00,4,0.99,0.01,yes,KXFEDDECISION-26APR-H0,372e351e-8fee-5580-3e3c-9d4a2512a7ab
2026-04-08 03:40:15.582878+00:00,156,0.97,0.03,no,KXFEDDECISION-26APR-H0,e499fea6-9e3c-55dd-b0bd-702be4a218bf
2026-04-08 03:49:09.171836+00:00,40,0.99,0.01,yes,KXFEDDECISION-26APR-H0,55a08006-d4da-5214-b7ec-045d6de706e3
2026-04-08 03:56:00.111161+00:00,73,0.97,0.03,no,KXFEDDECISION-26APR-H0,ac3b90de-b538-6dd5-0a5f-60db2e49052b
2026-04-08 04:06:02.385316+00:00,30,0.99,0.01,yes,KXFEDDECISION-26APR-H0,ab4ee4db-a412-5a8c-a334-a7c171807007
2026-04-08 04:09:40.146455+00:00,30,0.99,0.01,yes,KXFEDDECISION-26APR-H0,98177fb2-8496-4454-7c27-ab21e896c1b7
2026-04-08 04:11:55.739259+00:00,1000,0.97,0.03,no,KXFEDDECISION-26APR-H0,265e47c1-ed7c-493d-c907-a46f46dbc457
2026-04-08 04:18:44.389332+00:00,30,0.99,0.01,yes,KXFEDDECISION-26APR-H0,d960efb1-ab56-5f0c-361e-e61be44ed127
2026-04-08 04:24:10.839522+00:00,156,0.97,0.03,no,KXFEDDECISION-26APR-H0,f557b859-de3c-4e35-bea1-68b7e8457a23
2026-04-08 04:29:25.141501+00:00,26,0.97,0.03,no,KXFEDDECISION-26APR-H0,920ec412-a408-47dd-138c-b9888ad8c41f
2026-04-08 04:31:59.288822+00:00,10,0.99,0.01,yes,KXFEDDECISION-26APR-H0,eec567f1-e7aa-62bc-1d62-08949de80ea3
2026-04-08 05:25:14.037291+00:00,200,0.97,0.03,no,KXFEDDECISION-26APR-H0,fef8086b-6338-4049-1423-cb145938293f
2026-04-08 05:52:07.880266+00:00,1,0.98,0.02,yes,KXFEDDECISION-26APR-H0,513065d2-9027-5326-d005-8c71ca619d91
2026-04-08 05:53:32.961503+00:00,1,0.97,0.03,no,KXFEDDECISION-26APR-H0,9d460dd7-9cf8-5339-1198-72daa23ea6cf
2026-04-08 05:58:29.400112+00:00,1,0.98,0.02,yes,KXFEDDECISION-26APR-H0,a088e7b3-34b3-548e-0fd7-6c640cf99a09
2026-04-08 06:07:54.048691+00:00,30,0.98,0.02,yes,KXFEDDECISION-26APR-H0,8fec1410-e1f6-77b3-413c-c1713e263a61
2026-04-08 06:07:54.048691+00:00,291,0.98,0.02,yes,KXFEDDECISION-26APR-H0,c3102ca6-78da-7936-4564-542263ddc7b8
2026-04-08 06:07:54.048691+00:00,198,0.98,0.02,yes,KXFEDDECISION-26APR-H0,de61339f-7cff-7d56-681f-74e15f4319ed
2026-04-08 06:07:54.049736+00:00,345,0.98,0.02,yes,KXFEDDECISION-26APR-H0,b3662322-d892-7774-cfd5-1fad2ff2bf30
2026-04-08 06:07:54.049736+00:00,197,0.98,0.02,yes,KXFEDDECISION-26APR-H0,6e3087b5-2c06-765a-f456-161d17fdd0b4
2026-04-08 06:07:54.281357+00:00,133,0.98,0.02,yes,KXFEDDECISION-26APR-H0,b5283b19-a51a-5494-d0b0-49195a52e71c
2026-04-08 06:07:54.281357+00:00,377,0.98,0.02,yes,KXFEDDECISION-26APR-H0,d117eda6-c001-5eb8-cd98-e97ade5d4ec8
2026-04-08 06:07:54.292049+00:00,351,0.98,0.02,yes,KXFEDDECISION-26APR-H0,501b9aaf-eb03-7947-c880-339dbb0b371d
2026-04-08 06:07:54.292049+00:00,145,0.98,0.02,yes,KXFEDDECISION-26APR-H0,bba2b268-26c1-784c-ca7f-a9f5dea67d68
2026-04-08 06:07:54.296927+00:00,321,0.98,0.02,yes,KXFEDDECISION-26APR-H0,6a1e5363-7186-41b7-89db-fb8021aa4528
2026-04-08 06:07:54.296927+00:00,166,0.98,0.02,yes,KXFEDDECISION-26APR-H0,df5bae60-a81b-4373-aeef-4157533c5da1
2026-04-08 06:07:54.299611+00:00,183,0.98,0.02,yes,KXFEDDECISION-26APR-H0,0a4d0bba-3f0a-752b-adce-4d7b465f1a8c
2026-04-08 06:07:54.299611+00:00,342,0.98,0.02,yes,KXFEDDECISION-26APR-H0,c511113b-7cb6-76f3-a155-3c784834f9e8
2026-04-08 06:07:54.300575+00:00,160,0.98,0.02,yes,KXFEDDECISION-26APR-H0,e020c33e-5f5e-7483-eaed-d9900eaca924
2026-04-08 06:07:54.300575+00:00,373,0.98,0.02,yes,KXFEDDECISION-26APR-H0,4fde16a3-dd85-78f0-fe1b-c88c56b48566
2026-04-08 06:07:54.301341+00:00,447,0.98,0.02,yes,KXFEDDECISION-26APR-H0,86feb1c8-570d-72cb-8c92-034a1bc73790
2026-04-08 06:07:54.301341+00:00,126,0.98,0.02,yes,KXFEDDECISION-26APR-H0,a2d50e0b-f7c9-74c0-9059-57ab9bda7272
2026-04-08 06:07:54.301734+00:00,40,0.98,0.02,yes,KXFEDDECISION-26APR-H0,0009dfed-08d5-5927-7f2f-a296bbc49434
2026-04-08 06:07:54.301734+00:00,447,0.98,0.02,yes,KXFEDDECISION-26APR-H0,f9bfb1c4-4cff-5de9-7f64-479054074ac8
2026-04-08 06:16:05.375848+00:00,31,0.97,0.03,no,KXFEDDECISION-26APR-H0,6ef447fa-bf74-7f89-df5e-d9da1ca91dcf
2026-04-08 06:21:28.833530+00:00,1,0.98,0.02,yes,KXFEDDECISION-26APR-H0,7951715e-071b-4179-5fec-8a9a8a128d38
2026-04-08 06:39:58.715966+00:00,1,0.97,0.03,no,KXFEDDECISION-26APR-H0,8521e1c7-761c-4a2d-fef0-afc1b3b4f24f
2026-04-08 07:06:55.788518+00:00,100,0.97,0.03,no,KXFEDDECISION-26APR-H0,ff24d8b6-26f4-41d1-709a-a82e5cf7cbe3
2026-04-08 07:18:01.909784+00:00,100,0.97,0.03,no,KXFEDDECISION-26APR-H0,b0b0e98e-4bfc-5199-dc3d-64c2a2e83b4f
2026-04-08 08:06:06.913946+00:00,400,0.97,0.03,no,KXFEDDECISION-26APR-H0,10208be7-93e8-6b9d-6f19-544671e8a66b
2026-04-08 08:31:41.491600+00:00,5,0.98,0.02,yes,KXFEDDECISION-26APR-H0,58b4bab7-e853-4735-1b09-1cd4bc5f7820
2026-04-08 08:58:59.855065+00:00,5,0.98,0.02,yes,KXFEDDECISION-26APR-H0,d550904c-2e2b-75a5-f5d5-9246d46b69b8
2026-04-08 09:10:09.283062+00:00,2,0.98,0.02,yes,KXFEDDECISION-26APR-H0,a2c1b261-55c7-63fd-e08b-bc95c93e5b3c
2026-04-08 09:35:02.006478+00:00,1,0.98,0.02,yes,KXFEDDECISION-26APR-H0,00592414-51c3-4781-e499-0c05a3414ca4
2026-04-08 10:10:37.719958+00:00,348,0.98,0.02,yes,KXFEDDECISION-26APR-H0,222f433d-9684-71cc-876f-1fb0693ba860
2026-04-08 10:10:37.719958+00:00,54,0.98,0.02,yes,KXFEDDECISION-26APR-H0,6d6b249f-6aa7-7d59-9161-953d5b9be340
2026-04-08 10:10:37.719958+00:00,107,0.98,0.02,yes,KXFEDDECISION-26APR-H0,c48c802a-8e18-7fec-a62b-dbeff8178e68
2026-04-08 10:44:29.944845+00:00,2399,0.97,0.03,no,KXFEDDECISION-26APR-H0,4c10d4f2-a49c-5c21-46ee-1121c9e12dc7
2026-04-08 10:50:05.094920+00:00,62,0.97,0.03,no,KXFEDDECISION-26APR-H0,90ab4a34-4408-6eb1-9c3b-371aeb3bb9bb
2026-04-08 10:59:25.784223+00:00,1,0.97,0.03,no,KXFEDDECISION-26APR-H0,acc9b857-d070-7931-d27b-c540f116b32f
2026-04-08 11:26:15.008766+00:00,40,0.97,0.03,no,KXFEDDECISION-26APR-H0,035ed327-94b8-59b1-9507-cc354bb75067
2026-04-08 11:30:32.466508+00:00,300,0.97,0.03,no,KXFEDDECISION-26APR-H0,fd539248-06d8-7ae1-8220-118a278b98b7
2026-04-08 11:50:41.096897+00:00,21,0.97,0.03,no,KXFEDDECISION-26APR-H0,402804a1-a4fc-6995-a359-d2ff37f3a197
2026-04-08 11:55:43.038894+00:00,487,0.98,0.02,yes,KXFEDDECISION-26APR-H0,ff3d4a9d-48ca-7e21-4a06-02737965b72a
2026-04-08 11:55:43.038894+00:00,542,0.98,0.02,yes,KXFEDDECISION-26APR-H0,e85ef09c-9327-78be-7805-69047d021aa9
2026-04-08 11:55:43.038894+00:00,519,0.98,0.02,yes,KXFEDDECISION-26APR-H0,be951b25-0e0d-7a2c-531b-cca7472b1205
2026-04-08 11:55:43.038894+00:00,510,0.98,0.02,yes,KXFEDDECISION-26APR-H0,b5bd1c66-fc62-7895-4aef-2d8a8d30f933
2026-04-08 11:55:43.038894+00:00,139,0.98,0.02,yes,KXFEDDECISION-26APR-H0,cf85f74f-e380-7578-7816-73d650419bc0
2026-04-08 11:55:43.038894+00:00,533,0.98,0.02,yes,KXFEDDECISION-26APR-H0,9e00eb3d-7609-7a70-71d9-94ddf1333bef
2026-04-08 11:55:43.038894+00:00,525,0.98,0.02,yes,KXFEDDECISION-26APR-H0,69f8691d-09bc-7214-77d3-da554d79051a
2026-04-08 11:55:43.038894+00:00,496,0.98,0.02,yes,KXFEDDECISION-26APR-H0,4f58a6e6-e15d-7169-77f6-7cb5f9ffd367
2026-04-08 11:55:43.038894+00:00,573,0.98,0.02,yes,KXFEDDECISION-26APR-H0,ad0943c8-5d16-706f-4c71-fd5fccd5dc45
2026-04-08 11:56:28.334560+00:00,1169,0.98,0.02,no,KXFEDDECISION-26APR-H0,1d184a1a-c556-50f0-80ba-bc7c0b4ccb47
2026-04-08 11:58:29.525226+00:00,233,0.98,0.02,no,KXFEDDECISION-26APR-H0,cb909486-5202-6104-4120-b6f5ee3afe63
2026-04-08 11:58:33.107219+00:00,46,0.98,0.02,no,KXFEDDECISION-26APR-H0,2e1c6a6e-75d6-7b8c-89c8-8f714c9b745b
2026-04-08 12:08:13.142718+00:00,1169,0.99,0.01,yes,KXFEDDECISION-26APR-H0,42362da7-fe66-58f4-68b8-f326341394d7
2026-04-08 12:26:07.610850+00:00,140,0.98,0.02,no,KXFEDDECISION-26APR-H0,8f8f74c1-ee8e-5f10-8098-c70d819589c3
2026-04-08 12:29:12.773938+00:00,1250,0.98,0.02,no,KXFEDDECISION-26APR-H0,f8363f95-8256-7f60-f925-f96eccd8f2fb
2026-04-08 12:53:33.013804+00:00,12500,0.98,0.02,no,KXFEDDECISION-26APR-H0,7bd2fd9e-7516-5134-5811-58ef78a38647
2026-04-08 12:53:39.016526+00:00,140,0.99,0.01,yes,KXFEDDECISION-26APR-H0,52929cf7-47ba-5fb8-96d7-9c5764edffcb
2026-04-08 13:00:17.824519+00:00,20,0.98,0.02,no,KXFEDDECISION-26APR-H0,1fe439b4-14d6-7088-7585-6438d81314fb
2026-04-08 13:04:56.222311+00:00,1250,0.98,0.02,no,KXFEDDECISION-26APR-H0,9be5e426-7296-4d7c-443e-d7f6bd61beab
2026-04-08 13:11:21.171288+00:00,229,0.98,0.02,no,KXFEDDECISION-26APR-H0,b0ffc10e-2052-7440-8635-3f4cbcbf28ef
2026-04-08 13:11:28.478514+00:00,229,0.99,0.01,yes,KXFEDDECISION-26APR-H0,b9d049cd-5686-562c-9f1d-b69bc4a7db43
2026-04-08 13:12:03.382219+00:00,250,0.98,0.02,no,KXFEDDECISION-26APR-H0,63d250bc-925a-541c-a55f-2ac928ed2683
2026-04-08 13:19:45.241537+00:00,1250,0.98,0.02,no,KXFEDDECISION-26APR-H0,624db54c-d4fe-58cc-25f5-e8da5ee25083
2026-04-08 13:20:27.238168+00:00,10,0.98,0.02,no,KXFEDDECISION-26APR-H0,19424db8-0a26-6b40-8883-39e0b821b1cf
2026-04-08 13:21:22.800415+00:00,50,0.99,0.01,yes,KXFEDDECISION-26APR-H0,b530e52c-3016-50e4-fd11-b4573c2cf717
2026-04-08 13:22:15.526636+00:00,1500,0.98,0.02,no,KXFEDDECISION-26APR-H0,2471dbaa-15aa-41c0-3820-b3c180a60a1f
2026-04-08 13:26:08.928973+00:00,1250,0.98,0.02,no,KXFEDDECISION-26APR-H0,e17137d0-9cc6-555c-479a-51dc1201c643
2026-04-08 13:31:03.435412+00:00,10000,0.98,0.02,no,KXFEDDECISION-26APR-H0,4d98cd95-a6fe-66f0-796b-554bd59c1113
2026-04-08 13:57:43.187208+00:00,2,0.99,0.01,yes,KXFEDDECISION-26APR-H0,ed85a839-f90a-6264-e1f8-44c136099293
2026-04-08 14:06:56.707285+00:00,46,0.98,0.02,no,KXFEDDECISION-26APR-H0,06029588-3e6e-49b4-e3d8-740d93ff2d7f
2026-04-08 14:21:38.100606+00:00,250,0.98,0.02,no,KXFEDDECISION-26APR-H0,7f16d9fe-de0a-4180-25c5-de8a4b94861f
2026-04-08 14:25:04.093008+00:00,17,0.98,0.02,no,KXFEDDECISION-26APR-H0,2259d0a5-0c62-62ac-e7d2-59f557d8ffa3
2026-04-08 14:28:03.026351+00:00,467,0.98,0.02,no,KXFEDDECISION-26APR-H0,ec60b3f8-f706-7e34-fe3c-21ed702369cb
2026-04-08 14:56:12.205307+00:00,1,0.98,0.02,no,KXFEDDECISION-26APR-H0,49b3ae7b-0902-75d0-95de-d4add0373003
2026-04-08 15:00:08.825014+00:00,2,0.98,0.02,no,KXFEDDECISION-26APR-H0,64cdbb7f-a9b6-6a4c-8927-1306a22622bb
2026-04-08 15:16:02.573777+00:00,125,0.98,0.02,no,KXFEDDECISION-26APR-H0,ae370c9c-564a-69c8-c20f-00f855837d83
2026-04-08 15:18:51.551966+00:00,25,0.99,0.01,yes,KXFEDDECISION-26APR-H0,daee2ac8-cd2e-61f8-f609-b34f85eabbf7
2026-04-08 15:28:03.310617+00:00,4,0.98,0.02,no,KXFEDDECISION-26APR-H0,6e2be4f6-2c4a-7a58-5cdc-f4c319901d1f
2026-04-08 15:35:00.568762+00:00,2,0.99,0.01,yes,KXFEDDECISION-26APR-H0,4a0e84f8-40ba-5c4c-aa47-3a4dca6bf99b
2026-04-08 15:45:10.115055+00:00,9,0.99,0.01,yes,KXFEDDECISION-26APR-H0,ddcb17f0-c3ae-52b0-1e17-9896f9b71553
2026-04-08 15:45:18.099119+00:00,125,0.98,0.02,no,KXFEDDECISION-26APR-H0,0840b461-0f6e-6d0c-dff8-777cc4e1bbd3
2026-04-08 15:55:04.826137+00:00,25,0.98,0.02,no,KXFEDDECISION-26APR-H0,7ae17e66-6e96-789c-8462-c12eeb0eff23
2026-04-08 16:14:03.845481+00:00,30,0.98,0.02,no,KXFEDDECISION-26APR-H0,9131b2eb-e57a-5f24-fe66-b136f47ee7f3
2026-04-08 16:16:39.320651+00:00,10,0.99,0.01,yes,KXFEDDECISION-26APR-H0,6d8774b1-0552-5368-bd0d-d0802b1a126f
2026-04-08 16:17:27.373530+00:00,100,0.98,0.02,no,KXFEDDECISION-26APR-H0,732bf053-6eaa-733c-541a-7da7f136c7b3
2026-04-08 16:18:42.418258+00:00,1,0.98,0.02,no,KXFEDDECISION-26APR-H0,594d0e25-93fa-6544-9ea3-45da454819ff
2026-04-08 16:30:35.869314+00:00,1,0.99,0.01,yes,KXFEDDECISION-26APR-H0,26c544ac-fbe6-5e94-039a-4b4bddbcff37
2026-04-08 16:54:05.090900+00:00,93,0.98,0.02,no,KXFEDDECISION-26APR-H0,ca5a1745-66fe-4f5c-2648-24ebaa56f3af
2026-04-08 16:56:00.270375+00:00,10,0.99,0.01,yes,KXFEDDECISION-26APR-H0,013aedb8-5dd6-5ea8-3ea1-7d6926dff09b
2026-04-08 17:07:28.868229+00:00,25,0.98,0.02,no,KXFEDDECISION-26APR-H0,511014f3-d8f2-614c-4c4a-157ee4bfccaf
2026-04-08 17:13:37.478045+00:00,1,0.98,0.02,no,KXFEDDECISION-26APR-H0,3198da85-629e-785c-7abb-0a565d8132db
2026-04-08 17:27:53.848325+00:00,1,0.99,0.01,yes,KXFEDDECISION-26APR-H0,c83ebfe2-eaa2-75a8-409c-2f3088f923e7
2026-04-08 17:29:20.518805+00:00,3,0.99,0.01,yes,KXFEDDECISION-26APR-H0,6e3aea09-e052-6fa8-0f96-ca10ab80db67
2026-04-08 17:31:58.971567+00:00,250,0.98,0.02,no,KXFEDDECISION-26APR-H0,f34d7cb1-1822-5c50-5843-d58e39bf5247
2026-04-08 17:40:39.692484+00:00,1,0.99,0.01,yes,KXFEDDECISION-26APR-H0,3b8d8724-257e-76ac-933d-93eabfbbe91b
2026-04-08 17:48:52.659238+00:00,2,0.99,0.01,yes,KXFEDDECISION-26APR-H0,d74e4fca-d18a-40b4-07f1-07face6138d7
2026-04-08 17:53:15.806337+00:00,1234,0.98,0.02,no,KXFEDDECISION-26APR-H0,1a372d3d-ee4a-64d4-cde0-73d74b503f77
2026-04-08 18:12:10.488102+00:00,5,0.99,0.01,yes,KXFEDDECISION-26APR-H0,da337748-a626-620c-2b14-fd0f1b51a6bb
2026-04-08 18:15:18.859647+00:00,250,0.98,0.02,no,KXFEDDECISION-26APR-H0,8fc0cd29-742b-64af-c068-f4c982633f5a
2026-04-08 18:26:34.596501+00:00,250,0.98,0.02,no,KXFEDDECISION-26APR-H0,7929823f-d373-5ac3-69a1-16c0c4428f42
2026-04-08 18:28:14.762578+00:00,500,0.98,0.02,no,KXFEDDECISION-26APR-H0,09113b9f-7c2b-7ed0-812c-b10298d3b2fa
2026-04-08 18:28:14.762578+00:00,1000,0.98,0.02,no,KXFEDDECISION-26APR-H0,67652db2-81c7-72e7-b562-067e33a86506
2026-04-08 18:28:14.762578+00:00,1000,0.98,0.02,no,KXFEDDECISION-26APR-H0,a8020360-4fb9-7a9d-b96e-234e1de5bc38
2026-04-08 18:31:17.828148+00:00,140,0.98,0.02,no,KXFEDDECISION-26APR-H0,21eac625-e9e7-7e3c-400a-977f2a6435a2
2026-04-08 18:49:50.164177+00:00,1,0.99,0.01,yes,KXFEDDECISION-26APR-H0,bdf46be7-616a-7d34-e530-feae0b8de4a7
2026-04-08 18:56:36.315825+00:00,187,0.98,0.02,no,KXFEDDECISION-26APR-H0,e9506648-30cc-5a59-15f9-4d6e58aa4c06
2026-04-08 18:56:52.090757+00:00,5,0.99,0.01,yes,KXFEDDECISION-26APR-H0,fcff0844-0aaa-5db8-5d5b-1dafa02c1a27
2026-04-08 18:57:45.849238+00:00,46,0.98,0.02,no,KXFEDDECISION-26APR-H0,dc317bc0-61bc-5dd9-4067-fe157ce036ea
2026-04-08 19:04:58.055281+00:00,1,0.98,0.02,no,KXFEDDECISION-26APR-H0,2ad494bb-af9c-6a8d-69c4-8ecf021619b6
2026-04-08 19:12:55.683174+00:00,421,0.98,0.02,no,KXFEDDECISION-26APR-H0,9a5d9511-30a8-6b01-fa5e-1ba5a9b9aae6
2026-04-08 19:23:19.475497+00:00,467,0.98,0.02,no,KXFEDDECISION-26APR-H0,7d85678e-afbc-7471-058c-29d15ce0b486
2026-04-08 19:37:55.187273+00:00,10,0.99,0.01,yes,KXFEDDECISION-26APR-H0,77598894-f9a6-5a84-f8a6-cc5987fffe2f
2026-04-08 19:41:16.950152+00:00,100,0.98,0.02,no,KXFEDDECISION-26APR-H0,33c61531-c750-7c79-5232-28ba1df8629e
2026-04-08 19:42:00.249624+00:00,5,0.99,0.01,yes,KXFEDDECISION-26APR-H0,c1a64fdd-b456-66e8-5cc7-1cb0550320a7
2026-04-08 19:54:32.107267+00:00,10,0.99,0.01,yes,KXFEDDECISION-26APR-H0,25e92b24-d1e6-5404-4531-034b95907f67
2026-04-08 20:03:47.671863+00:00,467,0.98,0.02,no,KXFEDDECISION-26APR-H0,1e7554e1-9694-6b2d-19dd-aaebecb98376
2026-04-08 20:14:40.739279+00:00,1,0.99,0.01,yes,KXFEDDECISION-26APR-H0,83802b4b-d39a-79e8-6c03-501232bda127
2026-04-08 20:16:19.029176+00:00,500,0.98,0.02,no,KXFEDDECISION-26APR-H0,ab43a2b1-a82c-7009-9d43-dfaf88c88f3a
2026-04-08 20:35:24.924232+00:00,100,0.98,0.02,no,KXFEDDECISION-26APR-H0,8a456522-548c-52f1-dd23-49f7729e6e86
2026-04-08 20:46:43.252531+00:00,250,0.99,0.01,yes,KXFEDDECISION-26APR-H0,419cf33d-9b42-77b4-bedc-1e17d32929c3
2026-04-08 20:54:17.954324+00:00,125,0.98,0.02,no,KXFEDDECISION-26APR-H0,51bcb50f-6974-43a1-baf7-38f6965aab9a
2026-04-08 20:57:52.317443+00:00,25,0.98,0.02,no,KXFEDDECISION-26APR-H0,a0e319e7-0848-5405-bad8-52f3b24789e2
2026-04-08 20:58:30.834499+00:00,40,0.99,0.01,yes,KXFEDDECISION-26APR-H0,d6779407-4df2-60e0-a632-d180afd1af5f
2026-04-08 21:09:58.310551+00:00,12500,0.98,0.02,no,KXFEDDECISION-26APR-H0,efaf66ec-f5f8-6211-d956-c2135107162a
2026-04-08 21:10:37.148785+00:00,200,0.98,0.02,no,KXFEDDECISION-26APR-H0,d3012424-fbf4-6c2d-2540-fda6644f8512
2026-04-08 21:20:53.105877+00:00,150,0.98,0.02,no,KXFEDDECISION-26APR-H0,a1ff0deb-1e28-42e1-5dfb-098496792eb2
2026-04-08 21:37:42.248673+00:00,9,0.99,0.01,yes,KXFEDDECISION-26APR-H0,a74252f3-94da-6a04-215d-f01325018a4b
2026-04-08 21:38:00.949545+00:00,9,0.98,0.02,no,KXFEDDECISION-26APR-H0,3ed4e6cd-755c-5e91-0e32-50512f7753ca
2026-04-08 21:38:42.594680+00:00,25,0.99,0.01,yes,KXFEDDECISION-26APR-H0,76898cb2-ee0a-71c0-d0a3-b4f5f241223f
2026-04-08 21:38:53.954105+00:00,25,0.98,0.02,no,KXFEDDECISION-26APR-H0,98fbf29a-c764-4d1d-7dc7-c8f609cda74e
2026-04-08 22:02:59.890590+00:00,250,0.98,0.02,no,KXFEDDECISION-26APR-H0,32f1adb3-fffc-7a9d-dfd3-6ec4bfdbd46a
2026-04-08 22:37:51.648801+00:00,46,0.98,0.02,no,KXFEDDECISION-26APR-H0,69768f5f-7ab4-6ef9-3263-33f3efc4e2e6
2026-04-08 22:41:42.946968+00:00,10,0.98,0.02,no,KXFEDDECISION-26APR-H0,1ec405fb-801c-57d1-1095-e25aae41fa46
2026-04-08 22:48:26.704235+00:00,44,0.98,0.02,no,KXFEDDECISION-26APR-H0,c4fab026-52a8-5765-6106-e96139ffeff2
2026-04-08 22:54:01.253018+00:00,39,0.98,0.02,no,KXFEDDECISION-26APR-H0,f90f42d1-7b38-4e89-a435-52d4e0cb372e
2026-04-08 23:00:15.496281+00:00,2,0.99,0.01,yes,KXFEDDECISION-26APR-H0,3bcc4b42-face-7578-4c34-17245eb9da3b
2026-04-08 23:02:28.028757+00:00,1500,0.98,0.02,no,KXFEDDECISION-26APR-H0,70859d42-b364-6df1-1e33-1e298190cc56
2026-04-08 23:16:59.947949+00:00,2,0.99,0.01,yes,KXFEDDECISION-26APR-H0,713ba952-049a-7c00-2265-6c09043187cb
2026-04-08 23:26:58.729441+00:00,1,0.99,0.01,yes,KXFEDDECISION-26APR-H0,a4263b81-8be6-5c50-64c7-55f4b8ef9cd3
2026-04-08 23:29:53.577746+00:00,1,0.98,0.02,no,KXFEDDECISION-26APR-H0,463e6db6-a904-5461-adb7-57f69e39f436
2026-04-08 23:31:51.303452+00:00,100,0.98,0.02,no,KXFEDDECISION-26APR-H0,b0d1c0d3-1024-7065-274b-8c77ccae07c6
2026-04-08 23:33:19.168114+00:00,25,0.98,0.02,no,KXFEDDECISION-26APR-H0,fba09d4a-aaf8-64a1-8db4-47f6000c06aa
2026-04-08 23:56:13.284290+00:00,2,0.99,0.01,yes,KXFEDDECISION-26APR-H0,182d2064-e392-7ee4-6986-3ee8609f72ab
2026-04-08 23:59:49.078466+00:00,850,0.98,0.02,no,KXFEDDECISION-26APR-H0,3e00b673-d08c-6775-fe69-23e34a3671ae
2026-04-09 00:30:03.063804+00:00,5,0.99,0.01,yes,KXFEDDECISION-26APR-H0,3d150c28-05a6-41b8-a851-d86a7795fec3
2026-04-09 00:31:05.741330+00:00,100,0.98,0.02,no,KXFEDDECISION-26APR-H0,da7ca0ab-ac8c-67f5-23b3-2d9ed7767bfa
2026-04-09 00:40:05.316424+00:00,533,0.98,0.02,no,KXFEDDECISION-26APR-H0,d74bbe2e-06c6-4411-da42-149c1e10c80b
2026-04-09 00:40:05.316424+00:00,519,0.98,0.02,no,KXFEDDECISION-26APR-H0,c92adc35-02c9-404b-d339-cd2d21348dab
2026-04-09 00:40:05.316424+00:00,517,0.98,0.02,no,KXFEDDECISION-26APR-H0,bc97ce50-3b82-41a9-e95d-a92cc6a16e6b
2026-04-09 00:40:05.316424+00:00,498,0.98,0.02,no,KXFEDDECISION-26APR-H0,b7d9d07b-9b82-4e10-dc7f-972911811f21
2026-04-09 00:40:05.316424+00:00,20,0.98,0.02,no,KXFEDDECISION-26APR-H0,90ba602e-f9de-4083-c80a-5f38c5db9b62
2026-04-09 00:40:05.316424+00:00,487,0.98,0.02,no,KXFEDDECISION-26APR-H0,e0fc99a2-470f-4f90-ec70-5c3fe05733e3
2026-04-09 00:40:05.316424+00:00,11712,0.98,0.02,no,KXFEDDECISION-26APR-H0,77f66409-cf8c-468d-f608-10ff0925d316
2026-04-09 00:40:05.316424+00:00,525,0.98,0.02,no,KXFEDDECISION-26APR-H0,36fc7c9b-206a-4bf5-fdae-153218eb4018
2026-04-09 00:40:05.316424+00:00,542,0.98,0.02,no,KXFEDDECISION-26APR-H0,36f1b44e-6f92-429c-f566-427b04642a8b
2026-04-09 00:40:05.316424+00:00,510,0.98,0.02,no,KXFEDDECISION-26APR-H0,2d077dc4-00c4-47cb-c4f1-782c7e5fc305
2026-04-09 00:40:05.316424+00:00,505,0.98,0.02,no,KXFEDDECISION-26APR-H0,1ebb6771-efe7-4153-edd3-7ced4ba10da8
2026-04-09 00:40:05.316424+00:00,496,0.98,0.02,no,KXFEDDECISION-26APR-H0,80d76ebf-5e57-459b-e1e8-9db5e44e83a2
2026-04-09 00:43:11.865637+00:00,2,0.98,0.02,yes,KXFEDDECISION-26APR-H0,bc4afd83-368e-716b-4658-e191448bd93f
2026-04-09 00:43:49.909680+00:00,4,0.98,0.02,yes,KXFEDDECISION-26APR-H0,cdd8f503-1b3a-5e3b-7e37-156a8a9b6917
2026-04-09 01:13:30.758377+00:00,62,0.97,0.03,no,KXFEDDECISION-26APR-H0,988e8935-8968-55e1-f3da-64866e620d17
2026-04-09 01:23:51.369424+00:00,3,0.97,0.03,no,KXFEDDECISION-26APR-H0,e760a73d-29a0-4319-5e97-c9d069c235bf
2026-04-09 01:36:51.661561+00:00,2,0.98,0.02,yes,KXFEDDECISION-26APR-H0,b59d1e33-eca2-6d67-2f2e-d547d14d6e77
2026-04-09 01:47:57.591470+00:00,1,0.98,0.02,yes,KXFEDDECISION-26APR-H0,3fe93067-01be-4f93-45ce-ad91d6c4c3e3
2026-04-09 01:53:32.307591+00:00,1,0.97,0.03,no,KXFEDDECISION-26APR-H0,524ce910-627c-40a1-c159-a8d603f7d3e7
2026-04-09 01:59:49.238933+00:00,17,0.98,0.02,yes,KXFEDDECISION-26APR-H0,26d6df98-73b6-46f7-7521-e8f43d67e203
2026-04-09 01:59:56.692984+00:00,3,0.97,0.03,no,KXFEDDECISION-26APR-H0,c9742d2b-3da8-7515-4274-d62dee140747
2026-04-09 02:01:15.392476+00:00,15,0.97,0.03,no,KXFEDDECISION-26APR-H0,c0b687fe-fea8-60fd-dcb5-1ef6def46563
2026-04-09 02:06:46.675257+00:00,124,0.97,0.03,no,KXFEDDECISION-26APR-H0,ad7e99d5-23ec-636d-dd15-baf5e2797e33
2026-04-09 02:08:23.451282+00:00,1,0.98,0.02,yes,KXFEDDECISION-26APR-H0,648db3ed-d106-4ebf-91b1-2f6535547b33
2026-04-09 02:10:19.454804+00:00,31,0.97,0.03,no,KXFEDDECISION-26APR-H0,79b7b583-bfbc-7acd-d27f-9ad9a84904f7
2026-04-09 02:13:49.560223+00:00,17,0.97,0.03,no,KXFEDDECISION-26APR-H0,8949e9ef-0830-5005-c4f1-6f079823b0ab
2026-04-09 02:21:21.139042+00:00,20,0.97,0.03,no,KXFEDDECISION-26APR-H0,3e132800-b83c-526d-d74f-f827ca6079f3
2026-04-09 02:34:34.299420+00:00,2,0.98,0.02,yes,KXFEDDECISION-26APR-H0,331ed5dc-970e-798b-1bcc-b40242fad18f
2026-04-09 02:35:49.477118+00:00,5,0.97,0.03,no,KXFEDDECISION-26APR-H0,7c71e829-f0d0-4969-212a-b369f627c167
2026-04-09 02:39:42.342879+00:00,62,0.97,0.03,no,KXFEDDECISION-26APR-H0,ee3b00bf-adf8-571d-08d6-83b6a13ef893
2026-04-09 02:43:19.581421+00:00,500,0.97,0.03,no,KXFEDDECISION-26APR-H0,e8ce670f-339c-5fed-0d6b-210725b31b1f
2026-04-09 03:10:28.291894+00:00,50,0.98,0.02,yes,KXFEDDECISION-26APR-H0,728504fc-7982-6173-bb06-972e485551a7
2026-04-09 03:13:30.564455+00:00,1,0.98,0.02,yes,KXFEDDECISION-26APR-H0,ff3aeb27-3682-7a03-7c61-f5559a12bb6b
2026-04-09 03:14:48.164283+00:00,3,0.98,0.02,yes,KXFEDDECISION-26APR-H0,1ac3a1be-a63a-7b17-bd34-c8d07d68c787
2026-04-09 03:16:07.980490+00:00,2,0.97,0.03,no,KXFEDDECISION-26APR-H0,c2be64e3-047c-5cb9-059c-3ed6a4e10e0f
2026-04-09 03:16:15.961077+00:00,100,0.97,0.03,no,KXFEDDECISION-26APR-H0,7d8629d0-40c4-6d3d-c0ae-2fac8bb7ccbf
2026-04-09 03:33:03.403629+00:00,7,0.97,0.03,no,KXFEDDECISION-26APR-H0,690b1c5a-7eec-650d-5f8e-8af5b9e08e7b
2026-04-09 03:37:14.689070+00:00,624,0.97,0.03,no,KXFEDDECISION-26APR-H0,6e175ec4-fe68-4531-52f0-d78a7d6b2e0f
2026-04-09 03:38:48.149717+00:00,10,0.98,0.02,yes,KXFEDDECISION-26APR-H0,a19e618e-c34a-4f27-5007-33b860d287ef
2026-04-09 03:53:11.080611+00:00,10,0.98,0.02,yes,KXFEDDECISION-26APR-H0,8be3a541-255e-4b2b-51f3-f03e4f3d0343
2026-04-09 04:06:43.373869+00:00,280,0.98,0.02,yes,KXFEDDECISION-26APR-H0,9920d40a-6f16-7327-b71e-05d061ca7d27
2026-04-09 04:06:53.899104+00:00,103,0.97,0.03,no,KXFEDDECISION-26APR-H0,99d438b7-3878-61c9-7b21-29f71006f613
2026-04-09 04:24:15.900292+00:00,8806,0.97,0.03,no,KXFEDDECISION-26APR-H0,836b2d59-44c2-5d07-6a5b-3ce7134c1f04
2026-04-09 04:24:15.900292+00:00,1194,0.97,0.03,no,KXFEDDECISION-26APR-H0,bc3bb9bb-d170-55bd-6286-6e376606e75b
2026-04-09 04:31:53.797476+00:00,10,0.97,0.03,no,KXFEDDECISION-26APR-H0,8e1e6cb5-c38a-74ef-d391-121e72f9acac
2026-04-09 04:43:43.345639+00:00,1,0.98,0.02,yes,KXFEDDECISION-26APR-H0,a986453d-8ada-48db-4b12-282ab5f88803
2026-04-09 04:48:39.468990+00:00,15,0.97,0.03,no,KXFEDDECISION-26APR-H0,960b1628-0ade-7bb7-3ec1-c1398dccfd98
2026-04-09 04:57:22.674342+00:00,1,0.97,0.03,no,KXFEDDECISION-26APR-H0,50cb29ab-731e-5f53-8cc1-eaa7b7bf7d98
2026-04-09 05:06:21.686055+00:00,312,0.97,0.03,no,KXFEDDECISION-26APR-H0,d782c76d-5fde-4143-bfc5-350d73f41848
2026-04-09 05:07:49.913478+00:00,1,0.98,0.02,yes,KXFEDDECISION-26APR-H0,16a4904d-26ea-44b7-584c-6929787576e7
2026-04-09 05:12:58.430132+00:00,100,0.97,0.03,no,KXFEDDECISION-26APR-H0,f6632a7d-471a-6ad3-626d-b58ad2639d00
2026-04-09 05:16:59.068305+00:00,1,0.98,0.02,yes,KXFEDDECISION-26APR-H0,f527dc41-284e-4caf-5c49-17c784e2c4cf
2026-04-09 05:36:48.596859+00:00,1,0.97,0.03,no,KXFEDDECISION-26APR-H0,fd455012-e0b6-4353-57a1-5300c79e0090
2026-04-09 06:02:40.237302+00:00,20,0.97,0.03,no,KXFEDDECISION-26APR-H0,e602ed8a-bfee-479f-0644-020dba0da314
2026-04-09 06:08:44.859930+00:00,5000,0.97,0.03,no,KXFEDDECISION-26APR-H0,f3517686-bc72-43a7-d7df-a4da1348c6dc
2026-04-09 06:11:49.513001+00:00,62,0.97,0.03,no,KXFEDDECISION-26APR-H0,9528e666-dc12-7743-8890-01f8e1426cd8
2026-04-09 06:25:47.914995+00:00,5,0.98,0.02,yes,KXFEDDECISION-26APR-H0,77cbfe17-34f6-64a3-ff1f-d40d6ed033a3
2026-04-09 06:29:54.260835+00:00,3,0.98,0.02,yes,KXFEDDECISION-26APR-H0,4b5aae7e-9f22-7337-3ef5-2abdd555be8b
2026-04-09 06:50:40.736098+00:00,200,0.97,0.03,no,KXFEDDECISION-26APR-H0,fb14169c-4e2e-4ea7-2a00-9c124c091ab0
2026-04-09 10:13:51.416939+00:00,2,0.97,0.03,no,KXFEDDECISION-26APR-H0,8de4f9b5-d1e6-79cb-0691-92228c8dfcbc
2026-04-09 10:36:12.375962+00:00,6,0.97,0.03,no,KXFEDDECISION-26APR-H0,895a97bf-be62-6c87-d96e-50bc491f9254
2026-04-09 10:48:21.570091+00:00,5.09,0.98,0.02,yes,KXFEDDECISION-26APR-H0,638de3f9-8446-5d6f-addc-fbc6b76420cf
2026-04-09 10:55:13.456910+00:00,1000,0.97,0.03,no,KXFEDDECISION-26APR-H0,a1a31150-d44a-6b2f-765f-d9d124881674
2026-04-09 10:55:22.288979+00:00,156.06,0.97,0.03,no,KXFEDDECISION-26APR-H0,676b8e09-5546-55ab-c340-969ab0715094
2026-04-09 10:56:45.839602+00:00,200,0.97,0.03,no,KXFEDDECISION-26APR-H0,f72f4564-10e6-5be7-89d6-c1d39f2b0984
2026-04-09 11:00:48.084417+00:00,1,0.98,0.02,yes,KXFEDDECISION-26APR-H0,b046e8af-79ea-74c7-d5e3-154146e13c57
2026-04-09 11:02:11.509799+00:00,1467.05,0.97,0.03,no,KXFEDDECISION-26APR-H0,5ae323bf-360e-6e0f-a297-48e98e916a9c
2026-04-09 11:25:03.177619+00:00,1,0.98,0.02,yes,KXFEDDECISION-26APR-H0,7f42cb69-6436-40df-0f4f-33cdec67cdc3
2026-04-09 11:27:28.616528+00:00,1040.35,0.97,0.03,no,KXFEDDECISION-26APR-H0,dd4429a3-d46e-4857-7c66-70d887396f48
2026-04-09 11:46:15.404169+00:00,4,0.98,0.02,yes,KXFEDDECISION-26APR-H0,0d6ba30f-92f2-6597-b878-0e9a4eae10f7
2026-04-09 11:47:47.991241+00:00,31,0.97,0.03,no,KXFEDDECISION-26APR-H0,36a863a4-fd8e-6747-6a76-068526f06cb0
2026-04-09 12:17:10.486817+00:00,2,0.97,0.03,no,KXFEDDECISION-26APR-H0,3faad3ce-ba6e-655b-36a8-f0500c903224
2026-04-09 12:31:11.216239+00:00,5.09,0.98,0.02,yes,KXFEDDECISION-26APR-H0,b5f6f013-283a-641b-f751-bdb3a0192cd3
2026-04-09 12:53:55.722564+00:00,10.18,0.98,0.02,yes,KXFEDDECISION-26APR-H0,1d33702b-5ba6-690b-5178-48477d957bf7
2026-04-09 12:54:05.852142+00:00,3121.39,0.97,0.03,no,KXFEDDECISION-26APR-H0,28fc2ec2-bd6e-5a83-e555-ac618f64c6ac
2026-04-09 13:00:14.175597+00:00,5.09,0.98,0.02,yes,KXFEDDECISION-26APR-H0,e3d0cf45-659e-69ef-dd02-db09aab8ebcb
2026-04-09 13:01:18.987995+00:00,1.01,0.98,0.02,yes,KXFEDDECISION-26APR-H0,99cc1efe-a55e-71f7-413c-6089b4333ddf
2026-04-09 13:12:23.416030+00:00,1560.69,0.97,0.03,no,KXFEDDECISION-26APR-H0,ca812cee-fb62-731f-dc5c-2c034710c7fc
2026-04-09 13:25:34.818726+00:00,1,0.98,0.02,yes,KXFEDDECISION-26APR-H0,f3dd8167-0f16-4ce7-b2bb-aa2da735aba3
2026-04-09 13:39:49.440728+00:00,20,0.97,0.03,no,KXFEDDECISION-26APR-H0,c32053ab-b43e-602f-e84d-f4bb02e546b8
2026-04-09 13:40:38.486498+00:00,3745.66,0.97,0.03,no,KXFEDDECISION-26APR-H0,78eaecf4-f22e-6427-3a1b-28324ad5d370
2026-04-09 13:58:21.746755+00:00,14000,0.97,0.03,no,KXFEDDECISION-26APR-H0,5793feee-94ba-7347-5b7f-8bc94b4474c8
2026-04-09 13:58:23.855930+00:00,1,0.97,0.03,no,KXFEDDECISION-26APR-H0,d1b258f7-a79a-7ed7-c154-13f0f7730d58
2026-04-09 14:01:59.727061+00:00,624.27,0.97,0.03,no,KXFEDDECISION-26APR-H0,286d8c9e-f5da-5e5b-7b2a-f3712b88c720
2026-04-09 14:02:06.863757+00:00,20,0.97,0.03,no,KXFEDDECISION-26APR-H0,a5b57664-9d42-5cef-7de5-b466a89e11c4
2026-04-09 14:03:02.108553+00:00,110,0.98,0.02,yes,KXFEDDECISION-26APR-H0,42c161c3-3d62-7bb3-1a80-9369834699a3
2026-04-09 14:29:30.344431+00:00,150,0.97,0.03,no,KXFEDDECISION-26APR-H0,97f70dd0-213e-5737-8355-2794b49cfd38
2026-04-09 14:36:24.213391+00:00,2000,0.97,0.03,no,KXFEDDECISION-26APR-H0,0e120966-dd46-5caf-5d60-5ff281417394
2026-04-09 14:40:30.809164+00:00,1200,0.97,0.03,no,KXFEDDECISION-26APR-H0,efd7ef67-580a-7df7-2ef8-091b0fe454c0
2026-04-09 14:48:25.710324+00:00,33,0.97,0.03,no,KXFEDDECISION-26APR-H0,ee1f0327-3e4a-76db-eecb-442b6cf6edc0
2026-04-09 14:53:19.418619+00:00,100,0.97,0.03,no,KXFEDDECISION-26APR-H0,a6b840e0-4b0e-5b27-a550-bf518ece12c8
2026-04-09 15:12:26.311524+00:00,7.8,0.97,0.03,no,KXFEDDECISION-26APR-H0,3c403290-fc76-6767-cb77-a09133521938
2026-04-09 15:16:48.023318+00:00,1,0.97,0.03,no,KXFEDDECISION-26APR-H0,ccaabd10-dbba-569f-676d-4fcd8607e938
2026-04-09 15:22:28.951276+00:00,15,0.97,0.03,no,KXFEDDECISION-26APR-H0,f1fcd87d-4d62-45cb-ea0f-c924f47e5d4c
2026-04-09 15:23:11.025895+00:00,40,0.97,0.03,no,KXFEDDECISION-26APR-H0,01b55570-41ce-42ef-c0e1-c1d922edbea0
2026-04-09 15:31:18.146663+00:00,728,0.98,0.02,yes,KXFEDDECISION-26APR-H0,5948692e-645e-7b57-a1a3-3b1516fd3283
2026-04-09 15:38:22.381454+00:00,156.06,0.97,0.03,no,KXFEDDECISION-26APR-H0,9c22dcaf-21d2-6a4f-20a2-2d69660330a0
2026-04-09 15:41:19.364557+00:00,7,0.98,0.02,yes,KXFEDDECISION-26APR-H0,f84e7311-0b7e-68db-4dc8-ea104f88e63f
2026-04-09 16:18:19.191547+00:00,5,0.98,0.02,yes,KXFEDDECISION-26APR-H0,6afb1e3f-39ce-468b-deae-ba3d1080c5a3
2026-04-09 16:21:09.017418+00:00,519,0.98,0.02,yes,KXFEDDECISION-26APR-H0,de80eb75-76da-4951-f189-ed369aafc8ce
2026-04-09 16:21:09.017418+00:00,542,0.98,0.02,yes,KXFEDDECISION-26APR-H0,c61965d5-a8e1-4496-c567-03bda7dbb72f
2026-04-09 16:21:09.017418+00:00,496,0.98,0.02,yes,KXFEDDECISION-26APR-H0,b8422958-3316-4ef2-f6a5-1d64e80d2eba
2026-04-09 16:21:09.017418+00:00,487,0.98,0.02,yes,KXFEDDECISION-26APR-H0,ac5ae77f-b05a-4326-cfd2-6370de944370
2026-04-09 16:21:09.017418+00:00,498,0.98,0.02,yes,KXFEDDECISION-26APR-H0,811c8c31-e9a1-4162-f92a-fc918b40bffc
2026-04-09 16:21:09.017418+00:00,136,0.98,0.02,yes,KXFEDDECISION-26APR-H0,69c6ba58-7787-41db-eee2-24b4bccb925f
2026-04-09 16:21:09.017418+00:00,525,0.98,0.02,yes,KXFEDDECISION-26APR-H0,f6acfd86-5ab7-4244-c8b1-242a4f755d56
2026-04-09 16:21:09.017418+00:00,3199.27,0.98,0.02,yes,KXFEDDECISION-26APR-H0,5fa2989d-268f-44e9-fac5-dc02e6bd6365
2026-04-09 16:21:09.017418+00:00,510,0.98,0.02,yes,KXFEDDECISION-26APR-H0,39401e0a-9ae9-4042-c2b4-22d998ab399a
2026-04-09 16:21:09.017418+00:00,533,0.98,0.02,yes,KXFEDDECISION-26APR-H0,36f1b85e-b95e-4265-db89-206d250c19fb
2026-04-09 16:21:09.017418+00:00,1722.54,0.98,0.02,yes,KXFEDDECISION-26APR-H0,01209e74-b406-44cb-c583-2863fb36181f
2026-04-09 16:21:09.017418+00:00,505,0.98,0.02,yes,KXFEDDECISION-26APR-H0,00622e2d-bcea-4736-e42c-80400602d0f1
2026-04-09 16:21:09.017418+00:00,517,0.98,0.02,yes,KXFEDDECISION-26APR-H0,65c394af-25b2-421c-e6a5-b9f748dc32ac
2026-04-09 16:22:03.598288+00:00,10189.81,0.98,0.02,yes,KXFEDDECISION-26APR-H0,69ded658-715b-767d-715e-00f0a0897a79
2026-04-09 16:26:25.260993+00:00,1,0.98,0.02,yes,KXFEDDECISION-26APR-H0,e424376b-3f9b-4fe9-e0d9-1b51ff0a7f3d
2026-04-09 16:30:57.114305+00:00,1.01,0.98,0.02,yes,KXFEDDECISION-26APR-H0,436f4404-927f-5719-d10e-5734ca158419
2026-04-09 16:32:40.247798+00:00,10,0.98,0.02,yes,KXFEDDECISION-26APR-H0,d553854f-db97-7d2d-7f28-790710c16295
2026-04-09 16:33:02.540080+00:00,2.03,0.98,0.02,yes,KXFEDDECISION-26APR-H0,272427be-638f-4169-9113-b1d04f5d403d
2026-04-09 16:35:18.496160+00:00,10.18,0.98,0.02,yes,KXFEDDECISION-26APR-H0,7174da4b-ecd7-6951-388f-aaf6e62652c5
2026-04-09 16:38:31.282449+00:00,1.02,0.98,0.02,yes,KXFEDDECISION-26APR-H0,f7215732-5e7b-6d9d-b480-65ec48f1d1d5
2026-04-09 16:41:57.565063+00:00,26.16,0.98,0.02,yes,KXFEDDECISION-26APR-H0,4f1ffc8e-4c2f-557d-f081-365c3c50424d
2026-04-09 16:42:19.728121+00:00,26.16,0.97,0.03,no,KXFEDDECISION-26APR-H0,c87b6168-6862-4b77-3210-fbe3eab87080
2026-04-09 17:04:39.277636+00:00,2000,0.97,0.03,no,KXFEDDECISION-26APR-H0,9f250ebf-539e-4fe3-b2a3-524e1b175f0c
2026-04-09 17:05:44.448506+00:00,2.03,0.97,0.03,no,KXFEDDECISION-26APR-H0,30279df7-1dde-4f57-cd3c-0a2c8f327b24
2026-04-09 17:13:22.731935+00:00,9.17,0.98,0.02,yes,KXFEDDECISION-26APR-H0,f411b135-e4ab-4719-3172-29ac7114fbf9
2026-04-09 17:18:10.353158+00:00,1.01,0.98,0.02,yes,KXFEDDECISION-26APR-H0,9be91f66-a687-6335-48f4-11a7fb733821
2026-04-09 17:18:36.839112+00:00,8,0.98,0.02,yes,KXFEDDECISION-26APR-H0,5f1f11c3-031f-6a31-9686-a1d8e32ce5dd
2026-04-09 17:37:16.084000+00:00,1.01,0.97,0.03,no,KXFEDDECISION-26APR-H0,23a1b009-8542-56c7-a9c7-61c8eb9f4be4
2026-04-09 17:49:22.455321+00:00,0.82,0.98,0.02,yes,KXFEDDECISION-26APR-H0,59ef6574-214b-57dd-7bec-0bbdd916b105
2026-04-09 17:51:51.717523+00:00,10189.81,0.98,0.02,yes,KXFEDDECISION-26APR-H0,65edde9f-f9f3-4a3d-cfbd-596e46557dd5
2026-04-09 17:55:55.600673+00:00,5,0.97,0.03,no,KXFEDDECISION-26APR-H0,788ddedb-7cc2-6ea3-8589-eba226949418
2026-04-09 18:05:10.720573+00:00,70.3,0.98,0.02,yes,KXFEDDECISION-26APR-H0,9347a1ea-8aa3-6979-3011-5c78515e2381
2026-04-09 18:08:24.927386+00:00,500,0.97,0.03,no,KXFEDDECISION-26APR-H0,39f3e106-3ed2-71b3-f9e5-ae32dfa440a0
2026-04-09 18:10:40.922385+00:00,1000,0.98,0.02,yes,KXFEDDECISION-26APR-H0,fe8799f6-63a3-6561-ed89-834f97642c1d
2026-04-09 18:13:14.361992+00:00,500,0.97,0.03,no,KXFEDDECISION-26APR-H0,5381b011-6ade-65df-e8dd-f4c660ca9ad8
2026-04-09 18:19:38.502951+00:00,1000,0.97,0.03,no,KXFEDDECISION-26APR-H0,76385c26-624a-7243-e736-27f57312427c
2026-04-09 18:47:51.274530+00:00,10,0.97,0.03,no,KXFEDDECISION-26APR-H0,374e072e-1e66-4cd7-0b9d-bf046fbfeb44
2026-04-09 18:54:27.567267+00:00,101.89,0.98,0.02,yes,KXFEDDECISION-26APR-H0,a40637c8-bd2b-54f9-9ed5-020ad5740f31
2026-04-09 18:57:09.660456+00:00,2,0.97,0.03,no,KXFEDDECISION-26APR-H0,ef858421-e8d2-55a3-9898-d0f42fd36780
2026-04-09 19:04:28.981367+00:00,18,0.98,0.02,yes,KXFEDDECISION-26APR-H0,89ecccc0-c3d3-7109-828c-5aa1b44ec08d
2026-04-09 19:21:57.829113+00:00,829.19,0.97,0.03,no,KXFEDDECISION-26APR-H0,83b3404f-174e-7b46-711e-bed2030a3ed7
2026-04-09 19:21:57.829113+00:00,726.47,0.97,0.03,no,KXFEDDECISION-26APR-H0,3edb871a-e316-7ba7-6ef5-76e347480254
2026-04-09 19:21:57.829113+00:00,5,0.97,0.03,no,KXFEDDECISION-26APR-H0,0f0dbe0a-e726-7b37-75b2-0e657d93eac3
2026-04-09 19:45:05.622532+00:00,46.82,0.97,0.03,no,KXFEDDECISION-26APR-H0,79212ff5-b59e-5e8a-e0ea-38092f4641b3
2026-04-09 19:50:22.234067+00:00,31.21,0.97,0.03,no,KXFEDDECISION-26APR-H0,118b6a06-195e-7f9a-c888-4a2121a3a81f
2026-04-09 19:55:30.594261+00:00,9092.78,0.97,0.03,no,KXFEDDECISION-26APR-H0,5f6ac700-39b6-5cf6-ce65-33c5c3b11c03
2026-04-09 19:55:30.594261+00:00,1000,0.97,0.03,no,KXFEDDECISION-26APR-H0,98a97d6c-db30-57e7-f4f5-31ec6c5040b0
2026-04-09 19:55:30.594261+00:00,1007.22,0.97,0.03,no,KXFEDDECISION-26APR-H0,d1629fbf-7bc6-5309-c033-b7b38001845d
2026-04-09 20:18:20.282719+00:00,31.21,0.97,0.03,no,KXFEDDECISION-26APR-H0,f86c0a62-d676-6531-9626-c56562499a45
2026-04-09 20:20:08.313584+00:00,1000,0.97,0.03,no,KXFEDDECISION-26APR-H0,09549c2b-0e56-5071-8016-8f7736b9d365
2026-04-09 20:21:10.791897+00:00,10.18,0.98,0.02,yes,KXFEDDECISION-26APR-H0,e04d06ea-848f-55cd-738b-46fd862deb89
2026-04-09 21:08:04.760337+00:00,4,0.97,0.03,no,KXFEDDECISION-26APR-H0,db1ef000-d4be-74e9-6606-db89508afd7d
2026-04-09 21:14:54.350577+00:00,1400,0.97,0.03,no,KXFEDDECISION-26APR-H0,875f9005-8072-5715-8a9f-bd79e5dddfe9
2026-04-09 21:27:56.182912+00:00,10,0.97,0.03,no,KXFEDDECISION-26APR-H0,475427b3-cc6e-60b5-33fe-960bab59ef41
2026-04-09 21:45:29.929908+00:00,50,0.97,0.03,no,KXFEDDECISION-26APR-H0,5c1f0115-4f8a-43fd-d8cb-bec3dd845f29
2026-04-09 21:58:29.027442+00:00,8,0.97,0.03,no,KXFEDDECISION-26APR-H0,7533968e-6cea-4659-dc44-5f6bc0590035
2026-04-09 22:03:24.832573+00:00,142,0.97,0.03,no,KXFEDDECISION-26APR-H0,cbfbe40f-f16e-5639-a9d3-006149a87125
2026-04-09 22:35:30.453899+00:00,25.47,0.98,0.02,yes,KXFEDDECISION-26APR-H0,cc61bdbd-b673-7d61-601d-29d7a1762df5
2026-04-09 22:35:59.268055+00:00,25.47,0.97,0.03,no,KXFEDDECISION-26APR-H0,96160722-645e-5981-bc2f-6bb1c85cccad
2026-04-09 22:41:30.405929+00:00,1248.55,0.97,0.03,no,KXFEDDECISION-26APR-H0,9a4fc5df-75d6-5771-7313-f8e8d08846c1
2026-04-09 22:43:12.900988+00:00,5.09,0.98,0.02,yes,KXFEDDECISION-26APR-H0,731262c6-2383-6601-741e-7b6fedc9d581
2026-04-09 22:45:28.183671+00:00,1.01,0.97,0.03,no,KXFEDDECISION-26APR-H0,b9d9d342-7926-52ed-fb60-51858b6b8699
2026-04-09 22:49:35.998433+00:00,1.01,0.98,0.02,yes,KXFEDDECISION-26APR-H0,bad9cd69-047f-6559-4c41-374ebcb08139
2026-04-09 23:03:46.952432+00:00,10.18,0.98,0.02,yes,KXFEDDECISION-26APR-H0,01e76f33-266b-45ad-a09b-96186a69d145
2026-04-09 23:11:40.541746+00:00,70,0.97,0.03,no,KXFEDDECISION-26APR-H0,d810acc3-4c02-4e3d-e074-3f297b62e7e5
2026-04-09 23:23:03.329021+00:00,50.94,0.98,0.02,yes,KXFEDDECISION-26APR-H0,7f7508a3-1d07-7f41-4e3b-5fa35b231a9d
2026-04-09 23:47:05.609111+00:00,10.18,0.97,0.03,no,KXFEDDECISION-26APR-H0,15d4f084-a916-5f99-acd1-6365dacbfe45
2026-04-10 00:14:02.934754+00:00,280.44,0.98,0.02,yes,KXFEDDECISION-26APR-H0,209f5c62-781f-7f95-cc14-3e6c05e6d4d5
2026-04-10 00:18:28.789668+00:00,312.13,0.97,0.03,no,KXFEDDECISION-26APR-H0,37962608-f782-4b31-d2f1-5cab11d08099
2026-04-10 00:22:44.483216+00:00,10.18,0.98,0.02,yes,KXFEDDECISION-26APR-H0,52b0d407-19df-5a55-655f-0d2c44bd4c15
2026-04-10 00:28:39.900511+00:00,4.86,0.98,0.02,yes,KXFEDDECISION-26APR-H0,2c5cf448-e4d7-5e3d-0d1e-13758e6a1601
2026-04-10 00:33:42.285056+00:00,10.18,0.97,0.03,no,KXFEDDECISION-26APR-H0,72d0f054-a5f2-7a05-3142-a0a714a5f31d
2026-04-10 01:04:20.160209+00:00,5.09,0.98,0.02,yes,KXFEDDECISION-26APR-H0,26f1a25a-1fd7-7df9-dbfd-3a30e1a48e65
2026-04-10 01:18:46.729733+00:00,2,0.98,0.02,yes,KXFEDDECISION-26APR-H0,399ee103-d2d3-7a45-d296-73aa7e6b74dd
2026-04-10 01:26:41.647431+00:00,5,0.97,0.03,no,KXFEDDECISION-26APR-H0,38d7155d-f47e-58fd-1d98-54ae2a7c427d
2026-04-10 01:28:40.571532+00:00,24755.08,0.98,0.02,yes,KXFEDDECISION-26APR-H0,b53074e7-0513-4295-268f-b7ea8e130029
2026-04-10 01:28:40.571532+00:00,3244.92,0.98,0.02,yes,KXFEDDECISION-26APR-H0,ce0c352f-30a7-4e81-34e8-ffef7be3e5cb
2026-04-10 01:55:40.425318+00:00,200,0.98,0.02,yes,KXFEDDECISION-26APR-H0,e879debf-787a-7379-5988-c7235c98a542
2026-04-10 01:55:40.425318+00:00,10000,0.98,0.02,yes,KXFEDDECISION-26APR-H0,c72f3eef-0cf0-76fb-5139-3a2483af9e52
2026-04-10 01:55:40.425318+00:00,50000,0.98,0.02,yes,KXFEDDECISION-26APR-H0,9c4e1f49-9784-7d5a-5cc9-e4163ae5a4f0
2026-04-10 01:55:40.425318+00:00,20000,0.98,0.02,yes,KXFEDDECISION-26APR-H0,aba7b6af-5e7b-7f0e-7013-e324993d23a3
2026-04-10 01:55:40.425318+00:00,58,0.98,0.02,yes,KXFEDDECISION-26APR-H0,4f9c8dcf-d404-7141-4ae3-26ea599c12cb
2026-04-10 01:55:40.425318+00:00,17986.92,0.98,0.02,yes,KXFEDDECISION-26APR-H0,0dd3f525-07c5-716a-4bdd-16508daf5894
2026-04-10 01:55:40.425318+00:00,1755.08,0.98,0.02,yes,KXFEDDECISION-26APR-H0,641ea809-9f87-72e5-4ca8-72dad263022f
2026-04-10 01:56:56.041805+00:00,10,0.97,0.03,no,KXFEDDECISION-26APR-H0,eb7bcb27-9bee-7e3d-787a-5d82cf4a088d
2026-04-10 02:00:27.851317+00:00,13,0.97,0.03,no,KXFEDDECISION-26APR-H0,faea5237-6886-5cf9-c41b-7f655137e1ed
2026-04-10 02:01:30.786234+00:00,15.28,0.98,0.02,yes,KXFEDDECISION-26APR-H0,8d1ba8fc-a785-573a-97e4-6507a271e8b8
2026-04-10 02:11:21.970400+00:00,327,0.98,0.02,yes,KXFEDDECISION-26APR-H0,8b042abd-3e31-4bea-b10a-5493650d803c
2026-04-10 02:19:09.036423+00:00,1,0.97,0.03,no,KXFEDDECISION-26APR-H0,aa38a2fe-e64e-660d-9076-9cc50bc7f809
2026-04-10 02:19:38.530944+00:00,5.09,0.98,0.02,yes,KXFEDDECISION-26APR-H0,89a9a4a5-f8c1-58f2-8f22-bc5fb637a068
2026-04-10 03:18:14.154522+00:00,4.86,0.97,0.03,no,KXFEDDECISION-26APR-H0,95fe54a7-83a2-5c51-4a03-69a4e1e7eb95
2026-04-10 03:18:50.833289+00:00,1.01,0.98,0.02,yes,KXFEDDECISION-26APR-H0,6b275f81-05f5-6a7e-4730-1f075f49342c
2026-04-10 03:52:59.623737+00:00,21,0.97,0.03,no,KXFEDDECISION-26APR-H0,ee6c8500-0456-6df5-036d-a6ff00540dd1
2026-04-10 03:55:00.908248+00:00,5.09,0.98,0.02,yes,KXFEDDECISION-26APR-H0,c4cbc5db-2f41-5c56-1350-c9fe16a929f0
2026-04-10 03:55:34.142228+00:00,100,0.97,0.03,no,KXFEDDECISION-26APR-H0,90884c7a-f9c6-5185-0051-158bd57eb911
2026-04-10 03:57:44.041410+00:00,18,0.97,0.03,no,KXFEDDECISION-26APR-H0,126bfcaf-535a-7d29-5961-2810235124fd
2026-04-10 04:23:43.386423+00:00,25.47,0.98,0.02,yes,KXFEDDECISION-26APR-H0,4473127a-0565-6ace-4713-941fa1373e00
2026-04-10 04:36:55.298520+00:00,31.21,0.97,0.03,no,KXFEDDECISION-26APR-H0,ed798b2f-09ee-7ca9-ca9c-71cad4685b31
2026-04-10 04:44:19.520338+00:00,0.2,0.98,0.02,yes,KXFEDDECISION-26APR-H0,15b98b50-0809-7cc2-dc1f-2c2dcfa20cc0
2026-04-10 04:48:54.588113+00:00,200,0.97,0.03,no,KXFEDDECISION-26APR-H0,d0e4756d-8cfe-5355-8d3e-5af89ba8628d
2026-04-10 05:11:02.223411+00:00,1.01,0.98,0.02,yes,KXFEDDECISION-26APR-H0,166d88a1-7215-6b9a-6305-50f57dbcf31c
2026-04-10 05:32:24.033092+00:00,4682,0.97,0.03,no,KXFEDDECISION-26APR-H0,c4a2ef81-a18a-6225-9031-8f8a4b6f48ad
2026-04-10 05:34:34.025505+00:00,31.21,0.97,0.03,no,KXFEDDECISION-26APR-H0,bfc9a5c8-ed3a-7bd9-9376-c0c15cb7cdad
2026-04-10 05:41:24.109102+00:00,10.18,0.98,0.02,yes,KXFEDDECISION-26APR-H0,899f2208-c869-6bb6-cf5d-8070d4cfd5e0
2026-04-10 05:43:12.387890+00:00,4682,0.97,0.03,no,KXFEDDECISION-26APR-H0,b93aa3ef-ea32-61e5-1fc4-a2fb9dffe4b1
2026-04-10 05:48:26.420722+00:00,400,0.97,0.03,no,KXFEDDECISION-26APR-H0,00902513-57a2-49fd-4328-1c3694ba53cd
2026-04-10 05:50:22.719894+00:00,400,0.98,0.02,yes,KXFEDDECISION-26APR-H0,ad631cbc-180d-675a-c688-33e9e181496c
2026-04-10 05:53:18.650158+00:00,1018.98,0.98,0.02,yes,KXFEDDECISION-26APR-H0,cd12944c-c5b1-4b96-5380-e22cc57271c8
2026-04-10 05:55:34.068014+00:00,100,0.97,0.03,no,KXFEDDECISION-26APR-H0,f80e8aab-3f52-4851-e879-af501ab0c839
2026-04-10 05:59:03.201778+00:00,600,0.97,0.03,no,KXFEDDECISION-26APR-H0,62cdb4da-052e-4c09-4cad-7017e4064869
2026-04-10 06:58:34.301506+00:00,101.89,0.98,0.02,yes,KXFEDDECISION-26APR-H0,f439b79d-0f05-46de-c33a-3d7d6f4c349c
2026-04-10 07:19:16.169951+00:00,6000,0.97,0.03,no,KXFEDDECISION-26APR-H0,24cd09d4-3f66-4b35-486c-5eb2a527a005
2026-04-10 07:25:37.692921+00:00,2.03,0.98,0.02,yes,KXFEDDECISION-26APR-H0,a29b2a8b-5a15-7be6-d330-32f598b5b508
2026-04-10 07:28:31.625676+00:00,3.05,0.98,0.02,yes,KXFEDDECISION-26APR-H0,90423623-9b05-5176-1a4b-11eb3d655990
2026-04-10 07:44:10.644408+00:00,0.2,0.97,0.03,no,KXFEDDECISION-26APR-H0,0175052d-68c6-4225-bbcc-91779ca958b5
2026-04-10 07:53:08.707638+00:00,9.17,0.98,0.02,yes,KXFEDDECISION-26APR-H0,d0f5f33d-b35d-7476-589d-20a458209908
2026-04-10 07:54:37.676985+00:00,62.42,0.97,0.03,no,KXFEDDECISION-26APR-H0,25ea219b-3a66-408d-608d-81568cd82221
2026-04-10 07:54:38.508002+00:00,9.17,0.97,0.03,no,KXFEDDECISION-26APR-H0,080b5bb8-fb1a-5e39-6bbe-bbafef9b1811
2026-04-10 08:41:22.899261+00:00,5000,0.97,0.03,no,KXFEDDECISION-26APR-H0,2cc18128-3426-6b55-146a-cdbd992070e5
2026-04-10 08:43:25.798706+00:00,500,0.97,0.03,no,KXFEDDECISION-26APR-H0,d7e7f329-cb7a-6549-b252-2e9b298e25ad
2026-04-10 09:11:48.893151+00:00,156.06,0.97,0.03,no,KXFEDDECISION-26APR-H0,72e92f3c-31ce-4671-bdfe-3e755843fc09
2026-04-10 09:19:56.682500+00:00,1.01,0.98,0.02,yes,KXFEDDECISION-26APR-H0,8e96ceb5-cb49-677e-bcbc-5868c3a22510
2026-04-10 09:49:37.406061+00:00,15.6,0.97,0.03,no,KXFEDDECISION-26APR-H0,365f6898-2aca-7f11-c9ad-9a7bdd0b2d45
2026-04-10 10:43:17.236259+00:00,10.18,0.98,0.02,yes,KXFEDDECISION-26APR-H0,55482473-25b1-685e-e9f3-7f9da6550188
2026-04-10 10:48:41.410533+00:00,1866.56,0.98,0.02,yes,KXFEDDECISION-26APR-H0,4cc281dd-5fea-7b98-14b6-c16a9332f54d
2026-04-10 10:48:41.410533+00:00,57,0.98,0.02,yes,KXFEDDECISION-26APR-H0,5f90a329-416f-7dcb-39f1-0caf68056346
2026-04-10 10:48:41.410533+00:00,76.44,0.98,0.02,yes,KXFEDDECISION-26APR-H0,f4bc4d4e-d0e1-70f6-3e81-71fd6959ce50
2026-04-10 10:49:29.009159+00:00,2000,0.98,0.02,yes,KXFEDDECISION-26APR-H0,e9191404-2902-4894-6e18-8c673d6552a1
2026-04-10 10:59:34.288642+00:00,100,0.97,0.03,no,KXFEDDECISION-26APR-H0,d63c0d85-556e-5855-fc9a-50af2a74d6a1
2026-04-10 11:26:29.493512+00:00,10.18,0.98,0.02,yes,KXFEDDECISION-26APR-H0,e1def5b3-10a6-5b40-58a4-49386ad3d199
2026-04-10 11:34:22.207261+00:00,5.09,0.98,0.02,yes,KXFEDDECISION-26APR-H0,fc42c341-637e-7798-7425-061452dfa641
2026-04-10 11:40:27.490234+00:00,509.49,0.98,0.02,yes,KXFEDDECISION-26APR-H0,a0202fb8-9126-5ea4-b3d6-1c927a4b2341
2026-04-10 11:40:46.451078+00:00,17.32,0.98,0.02,yes,KXFEDDECISION-26APR-H0,41de19e0-d536-59b4-bd5f-6c1cbf446d11
2026-04-10 12:21:17.572794+00:00,100,0.97,0.03,no,KXFEDDECISION-26APR-H0,abef6227-ea62-5f31-0ddb-1bfc50e6ad1d
2026-04-10 12:51:18.737171+00:00,3302,0.98,0.02,yes,KXFEDDECISION-26APR-H0,34b67ae1-b116-6cac-0d63-6db9858000c9
2026-04-10 13:04:04.040656+00:00,10.18,0.98,0.02,yes,KXFEDDECISION-26APR-H0,595cc8ad-8b16-664c-4f11-a062d529ba95
2026-04-10 13:07:03.416312+00:00,600,0.97,0.03,no,KXFEDDECISION-26APR-H0,f4b2c619-2ea2-442d-037c-4473763b1cd9
2026-04-10 13:13:57.227490+00:00,1,0.97,0.03,no,KXFEDDECISION-26APR-H0,b45ca8e0-861a-49bd-3193-401269d2f005
2026-04-10 13:15:16.484265+00:00,31.21,0.97,0.03,no,KXFEDDECISION-26APR-H0,56201f69-48a6-7985-567b-8e8d865317ad
2026-04-10 13:19:10.853952+00:00,5.09,0.97,0.03,no,KXFEDDECISION-26APR-H0,a392a53d-44e2-7905-e8ff-e80ec24f7b6d
2026-04-10 13:53:20.067285+00:00,8.15,0.98,0.02,yes,KXFEDDECISION-26APR-H0,4a039896-ab7e-7780-cfd8-f0a9411766b1
2026-04-10 14:04:41.266981+00:00,5,0.97,0.03,no,KXFEDDECISION-26APR-H0,d615abb2-97e6-6405-25d5-eeca306874d1
2026-04-10 14:37:56.093420+00:00,100,0.97,0.03,no,KXFEDDECISION-26APR-H0,74af6f20-4386-5b41-ae1a-aea8fe2de399
2026-04-10 15:03:18.555623+00:00,22,0.98,0.02,yes,KXFEDDECISION-26APR-H0,c922f9fd-5b4a-4d9c-2963-9702c9b42281
2026-04-10 15:12:59.407994+00:00,99,0.98,0.02,yes,KXFEDDECISION-26APR-H0,59d3a2b2-fc4e-5368-eba2-ee5611840779
2026-04-10 15:18:00.998405+00:00,1.98,0.98,0.02,yes,KXFEDDECISION-26APR-H0,f08ff25d-2f8a-6d9c-339a-7185f65f4305
2026-04-10 15:20:48.270239+00:00,1.01,0.98,0.02,yes,KXFEDDECISION-26APR-H0,1d97a061-f462-5260-e260-57d4e9804d5d
2026-04-10 15:27:08.280822+00:00,16.3,0.98,0.02,yes,KXFEDDECISION-26APR-H0,f7feb2d5-401a-6db0-ee62-ba11a4ff99d1
2026-04-10 15:27:16.398448+00:00,16.3,0.97,0.03,no,KXFEDDECISION-26APR-H0,f85c4f35-7156-640d-f70a-5dc94ec17269
2026-04-10 15:27:34.180881+00:00,157.93,0.98,0.02,yes,KXFEDDECISION-26APR-H0,e5dd3a8d-f882-7fe0-9a9b-7c7f9c802b59
2026-04-10 15:35:46.258896+00:00,2.03,0.98,0.02,yes,KXFEDDECISION-26APR-H0,6b7962a2-870e-761c-c88f-b924938cdcb1
2026-04-10 15:38:00.586328+00:00,33.62,0.98,0.02,yes,KXFEDDECISION-26APR-H0,13455154-011e-6a38-b17f-8b2d33b5e19d
2026-04-10 15:39:30.279610+00:00,1937.16,0.98,0.02,yes,KXFEDDECISION-26APR-H0,405b2c46-6cee-7fe4-132f-d5bb174021c1
2026-04-10 15:39:30.279610+00:00,8252.65,0.98,0.02,yes,KXFEDDECISION-26APR-H0,6a724e64-a6b5-7155-1acf-8d1651fa23ad
2026-04-10 15:44:13.504630+00:00,1000,0.97,0.03,no,KXFEDDECISION-26APR-H0,775cbd0d-ed1a-7cf9-45ba-f4f90a3b6495
2026-04-10 15:49:56.789676+00:00,81,0.97,0.03,no,KXFEDDECISION-26APR-H0,8d14e96c-9b3a-7479-0868-4629c4b337b1
2026-04-10 15:56:49.163237+00:00,3,0.97,0.03,no,KXFEDDECISION-26APR-H0,a30fbdeb-77de-5e19-cde3-d3acfd87d94d
2026-04-10 16:05:38.908182+00:00,20.37,0.98,0.02,yes,KXFEDDECISION-26APR-H0,7fd3a16f-84b5-4471-96da-0d35ac690319
2026-04-10 16:11:49.090069+00:00,16,0.97,0.03,no,KXFEDDECISION-26APR-H0,39381e24-c676-6bf5-704d-62c382505309
2026-04-10 16:38:13.415649+00:00,1000,0.98,0.02,yes,KXFEDDECISION-26APR-H0,c16b23c3-1cb9-6815-44d8-e679f9b015b9
2026-04-10 16:50:57.117032+00:00,726.98,0.98,0.02,yes,KXFEDDECISION-26APR-H0,b39f3d3a-596d-5361-bdd6-ef282f1ef7b1
2026-04-10 16:50:57.117032+00:00,9462.83,0.98,0.02,yes,KXFEDDECISION-26APR-H0,47ecbe7e-9a53-5057-a4e8-d308e89b5a16
2026-04-10 16:56:04.477913+00:00,1.52,0.98,0.02,yes,KXFEDDECISION-26APR-H0,8e911f7b-68c3-7c67-7c3e-361e7611d4b6
2026-04-10 17:15:10.802976+00:00,16.3,0.98,0.02,yes,KXFEDDECISION-26APR-H0,582ef30b-7bc3-447f-a659-bbd8c2a0df5a
2026-04-10 17:15:19.341883+00:00,16.3,0.97,0.03,no,KXFEDDECISION-26APR-H0,f3f96e32-bb7e-42fd-dc6e-885c72da4bbd
2026-04-10 17:15:37.350608+00:00,44,0.98,0.02,yes,KXFEDDECISION-26APR-H0,c95e2db0-5743-785f-edd6-a317060e08ba
2026-04-10 17:25:06.734432+00:00,71000,0.98,0.02,yes,KXFEDDECISION-26APR-H0,264cb9ae-a10b-5e47-312b-a1dfe9942dca
2026-04-10 17:26:27.932150+00:00,1.35,0.98,0.02,yes,KXFEDDECISION-26APR-H0,e51e23b4-43bb-4027-031d-7d1d561d863e
2026-04-10 17:31:04.268179+00:00,1000,0.97,0.03,no,KXFEDDECISION-26APR-H0,0e1c5c93-b36a-4271-d4e4-4c09b9684025
2026-04-10 17:35:37.107433+00:00,160,0.97,0.03,no,KXFEDDECISION-26APR-H0,08397339-8102-665d-b6c4-cdbbf828c0b9
2026-04-10 17:38:48.038846+00:00,200,0.97,0.03,no,KXFEDDECISION-26APR-H0,daef3894-63ba-482d-5667-e072707acd6d
2026-04-10 17:41:48.205274+00:00,70,0.97,0.03,no,KXFEDDECISION-26APR-H0,06407bbd-14f2-7dc1-dab2-a642eb0cc701
2026-04-10 17:47:13.123610+00:00,60,0.97,0.03,no,KXFEDDECISION-26APR-H0,99cd5e80-5dba-6471-95c3-b2abbeb47291
2026-04-10 18:12:27.428685+00:00,5.09,0.98,0.02,yes,KXFEDDECISION-26APR-H0,1a7ed0f3-d2db-6aef-f7c8-690955b2ddf6
2026-04-10 18:16:10.457053+00:00,10.18,0.98,0.02,yes,KXFEDDECISION-26APR-H0,c9f71f7e-d3ff-5b1f-512c-6148d1e076fa
2026-04-10 18:16:28.595716+00:00,10.18,0.97,0.03,no,KXFEDDECISION-26APR-H0,d4d8f609-3e52-5b45-9fc4-3fb961dc9fed
2026-04-10 18:26:22.441318+00:00,30,0.97,0.03,no,KXFEDDECISION-26APR-H0,c5ed28c3-6306-45f5-f3b5-5273cb0c0995
2026-04-10 18:34:35.709160+00:00,5.09,0.98,0.02,yes,KXFEDDECISION-26APR-H0,1f5cb31a-141f-688f-c63f-80370df0a902
2026-04-10 18:49:37.026239+00:00,67,0.97,0.03,no,KXFEDDECISION-26APR-H0,e66e4518-9f76-629d-6e30-e4f305243375
2026-04-10 19:15:27.376970+00:00,0.4,0.98,0.02,yes,KXFEDDECISION-26APR-H0,ca2299af-83ef-53af-6e52-5d42e0623a4e
2026-04-10 19:30:53.760554+00:00,100,0.97,0.03,no,KXFEDDECISION-26APR-H0,dd916100-fdba-4975-2ba5-dc01be1fc899
2026-04-10 19:35:46.250938+00:00,10.18,0.98,0.02,yes,KXFEDDECISION-26APR-H0,83b008ba-a703-63a7-a7c6-c1ffd0676f2a
2026-04-10 20:04:44.956812+00:00,4675,0.97,0.03,no,KXFEDDECISION-26APR-H0,ea65bc9c-c0de-549d-e276-538a89d1aba1
2026-04-10 20:08:01.283118+00:00,100,0.98,0.02,yes,KXFEDDECISION-26APR-H0,909522d3-cff8-4b00-158b-3b3ccfbc86e9
2026-04-10 20:09:06.822714+00:00,1,0.98,0.02,yes,KXFEDDECISION-26APR-H0,a72d74ed-f8f4-54dc-722e-a5c7c2b0d8e9
2026-04-10 20:11:06.034610+00:00,2.03,0.98,0.02,yes,KXFEDDECISION-26APR-H0,1741adff-0b08-6f4c-3155-e06c7e4c2da9
2026-04-10 20:24:55.431169+00:00,4,0.98,0.02,yes,KXFEDDECISION-26APR-H0,3c9b9fbc-d674-66e4-3105-512878826935
2026-04-10 20:32:13.590803+00:00,200,0.97,0.03,no,KXFEDDECISION-26APR-H0,8d2e1766-21e2-7bc5-da9a-83731f3751d5
2026-04-10 20:40:10.389972+00:00,156.06,0.97,0.03,no,KXFEDDECISION-26APR-H0,0750241e-c7c6-4169-f260-0bd383fa7295
2026-04-10 20:46:21.530891+00:00,577,0.98,0.02,yes,KXFEDDECISION-26APR-H0,86762e6b-3eb4-4b78-405f-fb5fd1ee5ce5
2026-04-10 20:48:47.878237+00:00,10.18,0.97,0.03,no,KXFEDDECISION-26APR-H0,46054390-f016-73e5-f88f-7538b2f26af5
2026-04-10 21:17:20.601189+00:00,40.03,0.98,0.02,yes,KXFEDDECISION-26APR-H0,3080dd24-7d88-7cdc-9292-6f4559148bb5
2026-04-10 21:32:30.865561+00:00,10,0.98,0.02,yes,KXFEDDECISION-26APR-H0,34475f47-904c-750c-6217-43b66a368df1
2026-04-10 21:39:31.283790+00:00,10.18,0.98,0.02,yes,KXFEDDECISION-26APR-H0,609b3122-b1ec-5634-af9a-9220226824a5
2026-04-10 21:44:46.349158+00:00,233,0.98,0.02,yes,KXFEDDECISION-26APR-H0,eb76cee8-31ec-53f8-5356-e904d0a83679
2026-04-10 22:07:42.313158+00:00,10.18,0.98,0.02,yes,KXFEDDECISION-26APR-H0,05a2039e-6edc-76a8-a23b-8d6159fe9265
2026-04-10 22:16:32.486026+00:00,10.18,0.98,0.02,yes,KXFEDDECISION-26APR-H0,c75f8333-0408-77ec-fd24-c912a5f9ed3d
2026-04-10 22:44:03.650595+00:00,31.21,0.97,0.03,no,KXFEDDECISION-26APR-H0,e2ce1f8f-a66a-5909-d50c-4a8fc9495925
2026-04-10 22:47:00.620268+00:00,512,0.98,0.02,yes,KXFEDDECISION-26APR-H0,57c150fc-f640-7ff4-fc4e-b17119dc270d
2026-04-10 22:47:00.814461+00:00,487,0.98,0.02,yes,KXFEDDECISION-26APR-H0,09537aa0-d484-53fc-7b69-1afc012b7929
2026-04-10 22:47:00.823359+00:00,517,0.98,0.02,yes,KXFEDDECISION-26APR-H0,a178abdd-5458-4c34-9d34-311a424e2a95
2026-04-10 22:47:00.835265+00:00,485,0.98,0.02,yes,KXFEDDECISION-26APR-H0,495fc340-a310-7fb8-edcb-d985403c5849
2026-04-10 22:47:00.845456+00:00,573,0.98,0.02,yes,KXFEDDECISION-26APR-H0,984f1028-d518-5de8-b61e-04faae001ba5
2026-04-10 22:47:00.852249+00:00,532,0.98,0.02,yes,KXFEDDECISION-26APR-H0,c50f031b-4c08-5738-1391-a408947f5c69
2026-04-10 22:47:00.866611+00:00,495,0.98,0.02,yes,KXFEDDECISION-26APR-H0,e3e89f32-7934-72ec-ebd4-f312c8c3def9
2026-04-10 22:47:00.871166+00:00,533,0.98,0.02,yes,KXFEDDECISION-26APR-H0,9c198858-ab50-7168-655b-142dbc936d55
2026-04-10 22:47:00.899291+00:00,499,0.98,0.02,yes,KXFEDDECISION-26APR-H0,5aacc58a-61e4-52d4-550d-5ae7ab987191
2026-04-10 22:47:00.929716+00:00,498,0.98,0.02,yes,KXFEDDECISION-26APR-H0,a472f6a2-e5dc-4c28-cf57-da9d0fbda269
2026-04-10 22:52:23.182958+00:00,1.01,0.98,0.02,yes,KXFEDDECISION-26APR-H0,d2e617a0-caf0-5c48-e029-b4b49845a985
2026-04-10 22:58:44.003672+00:00,10.18,0.98,0.02,yes,KXFEDDECISION-26APR-H0,0e92ea4a-2ac0-6d04-43fe-9b5c01314565
2026-04-10 23:00:23.794262+00:00,500,0.97,0.03,no,KXFEDDECISION-26APR-H0,3d2cee89-e246-7055-0260-f5f38c9cc7b1
2026-04-10 23:05:29.902404+00:00,50,0.97,0.03,no,KXFEDDECISION-26APR-H0,c8b7bc0c-0e0e-40ed-56e2-98bdd9e8d02d
2026-04-10 23:11:58.475828+00:00,39,0.97,0.03,no,KXFEDDECISION-26APR-H0,20cfc410-7492-5955-53de-e9d253eb4d0d
2026-04-10 23:22:35.601043+00:00,30.56,0.98,0.02,yes,KXFEDDECISION-26APR-H0,7e604127-7cc4-54ac-6a36-c30e82eb0d19
2026-04-10 23:38:10.158038+00:00,10.18,0.97,0.03,no,KXFEDDECISION-26APR-H0,83629705-f34a-7f69-fce7-636783c0bba1
2026-04-10 23:40:23.391209+00:00,10.18,0.98,0.02,yes,KXFEDDECISION-26APR-H0,7af17abe-2964-66c8-e04f-8a6b3bd9ae5d
2026-04-10 23:42:59.930657+00:00,10.03,0.98,0.02,yes,KXFEDDECISION-26APR-H0,b77042a2-4cdc-4590-496f-9c78df613381
2026-04-10 23:47:16.641593+00:00,2.03,0.98,0.02,yes,KXFEDDECISION-26APR-H0,9ce820fc-110c-672c-024c-9565b462c9a5
2026-04-10 23:59:48.733942+00:00,10.03,0.97,0.03,no,KXFEDDECISION-26APR-H0,97212d11-f4aa-7e81-b9a1-e832aff9a8e9
2026-04-11 00:27:10.126214+00:00,2.03,0.97,0.03,no,KXFEDDECISION-26APR-H0,001c39e9-2c9e-4ced-6c4b-1fab7d15bf79
2026-04-11 00:29:17.755570+00:00,25.47,0.97,0.03,no,KXFEDDECISION-26APR-H0,f7f392c4-d8a2-4709-f370-acb40369209d
2026-04-11 00:32:33.113077+00:00,936.41,0.97,0.03,no,KXFEDDECISION-26APR-H0,a4b1fe65-bbc2-7105-ac83-b2d280b2ee4d
2026-04-11 00:33:24.859605+00:00,5,0.97,0.03,no,KXFEDDECISION-26APR-H0,66874ec9-718e-57c5-3131-3c5c3f3a44c9
2026-04-11 00:34:03.281409+00:00,10.18,0.98,0.02,yes,KXFEDDECISION-26APR-H0,9373dc39-df34-5760-2e20-084a4c29dd09
2026-04-11 00:35:49.205217+00:00,780.34,0.97,0.03,no,KXFEDDECISION-26APR-H0,d1041188-2912-6ced-088d-6e23011bbd2d
2026-04-11 00:36:17.115487+00:00,10.18,0.98,0.02,yes,KXFEDDECISION-26APR-H0,3052d2c0-ee48-4074-9788-058906ce736d
2026-04-11 00:43:28.218815+00:00,10.18,0.97,0.03,no,KXFEDDECISION-26APR-H0,7041343c-ca66-42e5-4717-90fa97d617d5
2026-04-11 01:24:50.265160+00:00,1.35,0.97,0.03,no,KXFEDDECISION-26APR-H0,5c0cd264-cb9e-7de1-73cc-182ef3d243a9
2026-04-11 01:29:51.021120+00:00,312.13,0.97,0.03,no,KXFEDDECISION-26APR-H0,e33c3ab0-8372-65f5-e619-accd5dfb9289
2026-04-11 01:36:52.183854+00:00,20,0.97,0.03,no,KXFEDDECISION-26APR-H0,0141ee71-b07e-498d-2dfd-4f6d02f2b2ad
2026-04-11 01:39:33.780364+00:00,15,0.98,0.02,yes,KXFEDDECISION-26APR-H0,1c2de560-9a94-6630-2432-1bad94742039
2026-04-11 01:59:15.712546+00:00,624.27,0.97,0.03,no,KXFEDDECISION-26APR-H0,ff99a208-dcb2-7d7d-d8dc-989542d03321
2026-04-11 02:00:00.183431+00:00,4.07,0.98,0.02,yes,KXFEDDECISION-26APR-H0,e0e56f83-0074-646c-21ff-dd6be4bfbec9
2026-04-11 02:06:10.854859+00:00,749.13,0.97,0.03,no,KXFEDDECISION-26APR-H0,2493aa55-26f6-7d0d-e7c1-55db6f230a25
2026-04-11 02:06:22.843512+00:00,12.48,0.97,0.03,no,KXFEDDECISION-26APR-H0,5cfd5174-dc62-4005-e268-ddaf89e6cded
2026-04-11 02:08:25.687790+00:00,3121.39,0.97,0.03,no,KXFEDDECISION-26APR-H0,ea6e2c93-bc76-4779-4905-0bf4f53099f1
2026-04-11 02:14:52.735525+00:00,156.06,0.97,0.03,no,KXFEDDECISION-26APR-H0,37fb702a-4bb2-4969-b17e-8bc3c40fb225
2026-04-11 02:14:52.766479+00:00,156.06,0.97,0.03,no,KXFEDDECISION-26APR-H0,472f15ab-3032-5c81-8f1c-b02767395315
2026-04-11 02:15:47.313257+00:00,156.06,0.97,0.03,no,KXFEDDECISION-26APR-H0,ce7ea0a4-4806-6e79-e642-fec75950de91
2026-04-11 02:21:11.420675+00:00,30,0.98,0.02,yes,KXFEDDECISION-26APR-H0,32475c6d-4324-5d38-3f73-ca4527757dc1
2026-04-11 02:22:04.762397+00:00,250,0.98,0.02,yes,KXFEDDECISION-26APR-H0,7f96e9b8-0738-6900-11d0-fa5e050e1a99
2026-04-11 02:39:59.255934+00:00,105.6,0.97,0.03,no,KXFEDDECISION-26APR-H0,cceb52d1-cdb2-4815-292c-529d2cf74fd9
2026-04-11 02:41:05.106967+00:00,20,0.97,0.03,no,KXFEDDECISION-26APR-H0,c7d757de-43a6-6f4d-83de-83a0edb8e2f5
2026-04-11 02:49:15.606605+00:00,1,0.98,0.02,yes,KXFEDDECISION-26APR-H0,4c6d09ec-13e8-5e54-fb1c-a9bf4c27a135
2026-04-11 02:55:19.444305+00:00,31.21,0.97,0.03,no,KXFEDDECISION-26APR-H0,45d65bbb-50da-6f09-6610-4dc7d11fe039
2026-04-11 02:57:06.999640+00:00,936.41,0.98,0.02,yes,KXFEDDECISION-26APR-H0,0fcb967e-6790-785c-9d79-028c5fe9c821
2026-04-11 03:26:36.349548+00:00,93.64,0.97,0.03,no,KXFEDDECISION-26APR-H0,9375dc51-fe92-6b11-b80b-f58b091eb629
2026-04-11 03:30:39.611815+00:00,156.06,0.97,0.03,no,KXFEDDECISION-26APR-H0,5112ed38-5e8e-76fd-e000-bdf185a06531
2026-04-11 03:31:52.274153+00:00,500,0.97,0.03,no,KXFEDDECISION-26APR-H0,d947e435-1c2e-7dd9-8786-cac0d0832889
2026-04-11 03:43:23.641593+00:00,101.89,0.98,0.02,yes,KXFEDDECISION-26APR-H0,405427d4-e1e4-5830-f2ac-13a12922f541
2026-04-11 04:04:00.359129+00:00,2.03,0.98,0.02,yes,KXFEDDECISION-26APR-H0,aefc8fae-d054-4658-af4b-41a119e79ff9
2026-04-11 04:31:15.370576+00:00,40,0.97,0.03,no,KXFEDDECISION-26APR-H0,4bf9b02f-9ac6-449d-2bf3-8b0d66494169
2026-04-11 04:33:21.403964+00:00,50,0.97,0.03,no,KXFEDDECISION-26APR-H0,7b3a4591-f2c6-5275-77a9-da86fd3dcb31
2026-04-11 04:38:18.289021+00:00,218.49,0.97,0.03,no,KXFEDDECISION-26APR-H0,b1e3c42d-30e2-6541-4668-8a74c64eb0c1
2026-04-11 04:42:07.912491+00:00,200,0.97,0.03,no,KXFEDDECISION-26APR-H0,7911d2c3-95f2-7699-dc99-717d9c372135
2026-04-11 04:43:11.609307+00:00,200,0.98,0.02,yes,KXFEDDECISION-26APR-H0,d79368ed-2534-5a44-4789-ed70cb29a605
2026-04-11 04:57:23.664233+00:00,78.87,0.98,0.02,yes,KXFEDDECISION-26APR-H0,36272863-be50-79c0-c4aa-38acc5e3047d
2026-04-11 05:21:01.880593+00:00,1,0.97,0.03,no,KXFEDDECISION-26APR-H0,f25d25f4-6c16-66e1-ebbf-4ecdce488a15
2026-04-11 05:32:26.270911+00:00,184,0.98,0.02,yes,KXFEDDECISION-26APR-H0,8a7c948f-e568-6e34-89be-3463af192bbd
2026-04-11 05:36:42.092887+00:00,12.79,0.98,0.02,yes,KXFEDDECISION-26APR-H0,d7488f6d-6648-7c48-9b55-8c4106005db1
2026-04-11 05:54:43.593059+00:00,59.8,0.97,0.03,no,KXFEDDECISION-26APR-H0,2c3d48fa-cebe-5871-8761-f15cb8ac6b85
2026-04-11 07:47:39.189154+00:00,40,0.97,0.03,no,KXFEDDECISION-26APR-H0,fa657ca5-1bd6-79cd-3e0f-b54a49560f8d
2026-04-11 08:05:07.990945+00:00,5.09,0.98,0.02,yes,KXFEDDECISION-26APR-H0,d712ea1f-0960-7ba8-a491-82d5dd2ec35d
2026-04-11 08:21:03.901800+00:00,10.18,0.98,0.02,yes,KXFEDDECISION-26APR-H0,4369c74a-03d4-4140-3835-030e0df973d5
2026-04-11 08:32:10.272528+00:00,62.42,0.97,0.03,no,KXFEDDECISION-26APR-H0,86a3ca1b-fcf2-7c25-0be5-0505f1872bb5
2026-04-11 09:40:02.758746+00:00,218.33,0.97,0.03,no,KXFEDDECISION-26APR-H0,9a6fdba9-03ee-4125-afba-908120c91b31
2026-04-11 09:55:46.520210+00:00,51.8,0.97,0.03,no,KXFEDDECISION-26APR-H0,8d237183-5d66-7c39-9ff0-3950aa4f17c1
2026-04-11 10:03:40.572105+00:00,1000,0.97,0.03,no,KXFEDDECISION-26APR-H0,125bdd1a-9146-7945-cc09-01d55f233df1
2026-04-11 10:20:42.395929+00:00,312,0.97,0.03,no,KXFEDDECISION-26APR-H0,9dcc3a46-ed52-5685-b67c-6f4487bf15cd
2026-04-11 10:29:48.472331+00:00,312,0.98,0.02,yes,KXFEDDECISION-26APR-H0,1151b441-71e0-793c-3c89-dfffe9f2a3f9
2026-04-11 10:39:03.653939+00:00,31,0.97,0.03,no,KXFEDDECISION-26APR-H0,4f9d6d8b-4a6e-564d-5d57-92327e119655
2026-04-11 11:24:05.391278+00:00,20,0.98,0.02,yes,KXFEDDECISION-26APR-H0,759aea56-0994-688c-3ee0-4597520566d5
2026-04-11 11:49:09.680844+00:00,5.09,0.98,0.02,yes,KXFEDDECISION-26APR-H0,4f2e5c6e-00e4-7164-92a8-0761e8f7f4b1
2026-04-11 13:11:28.927599+00:00,10.18,0.98,0.02,yes,KXFEDDECISION-26APR-H0,73b7de95-7ab8-64dc-6720-8c1969f27a95
2026-04-11 13:23:32.325816+00:00,6.78,0.98,0.02,yes,KXFEDDECISION-26APR-H0,54340e64-1d9c-68e0-5124-338108a1c7d1
2026-04-11 13:23:55.814684+00:00,40,0.97,0.03,no,KXFEDDECISION-26APR-H0,e955bc31-0226-4c05-c348-a641354219c5
2026-04-11 13:27:37.463747+00:00,1.01,0.98,0.02,yes,KXFEDDECISION-26APR-H0,b6adcba0-05e4-4710-c855-f5372672de85
2026-04-11 13:30:08.335612+00:00,156.06,0.97,0.03,no,KXFEDDECISION-26APR-H0,5b296ee1-4dce-7e69-7e4b-2faab1904c09
2026-04-11 13:38:38.639305+00:00,14,0.97,0.03,no,KXFEDDECISION-26APR-H0,9b79b17d-939a-4341-3f4e-bd27ff81827d
2026-04-11 13:40:55.033716+00:00,0.73,0.98,0.02,yes,KXFEDDECISION-26APR-H0,d52e1e28-bf68-55dc-3983-216076aee121
2026-04-11 13:41:32.336301+00:00,13.27,0.98,0.02,yes,KXFEDDECISION-26APR-H0,e748671b-cd44-4514-017d-e4538eb24181
2026-04-11 14:09:44.970658+00:00,10.18,0.98,0.02,yes,KXFEDDECISION-26APR-H0,8158dc3b-8470-605c-1306-9efd1514b4c1
2026-04-11 14:15:33.192277+00:00,2.03,0.98,0.02,yes,KXFEDDECISION-26APR-H0,7a6e0abf-74b4-486c-4f4a-c6380406c1a5
2026-04-11 14:20:51.392259+00:00,31.21,0.98,0.02,yes,KXFEDDECISION-26APR-H0,878449a8-5544-4d74-06a1-4a9592450c41
2026-04-11 14:32:44.987739+00:00,50.94,0.98,0.02,yes,KXFEDDECISION-26APR-H0,351c0aa7-55bc-6360-6b45-bed5e0dc9dc1
2026-04-11 14:38:10.798679+00:00,50,0.98,0.02,yes,KXFEDDECISION-26APR-H0,664d2046-97b4-7e84-b2ee-ea54fd1ec1e9
2026-04-11 14:48:52.146965+00:00,1,0.97,0.03,no,KXFEDDECISION-26APR-H0,5b37944c-67a2-77e9-0f32-d013dabf3155
2026-04-11 14:53:12.754845+00:00,20,0.97,0.03,no,KXFEDDECISION-26APR-H0,970b77ca-a9de-6655-e1b8-5880731be6fd
2026-04-11 14:57:08.976622+00:00,240.47,0.98,0.02,yes,KXFEDDECISION-26APR-H0,33d03e56-0170-483c-1247-1f02a5c24f69
2026-04-11 15:00:41.917996+00:00,40.75,0.98,0.02,yes,KXFEDDECISION-26APR-H0,d1c61840-3dc8-54c0-8271-017176a75831
2026-04-11 15:03:03.006370+00:00,101.89,0.98,0.02,yes,KXFEDDECISION-26APR-H0,4803dbe8-2e44-55d4-d729-cfbe903d3319
2026-04-11 15:06:32.110671+00:00,20,0.98,0.02,yes,KXFEDDECISION-26APR-H0,fa458f14-8f40-5ea4-06d2-23383a74a441
2026-04-11 15:26:30.542111+00:00,5.09,0.98,0.02,yes,KXFEDDECISION-26APR-H0,503b4a7c-e514-553c-d754-c73733e6691d
2026-04-11 15:32:56.027207+00:00,10,0.97,0.03,no,KXFEDDECISION-26APR-H0,5ac5926d-8e66-44e9-e2f0-79e3b760998d
2026-04-11 15:34:40.365084+00:00,2.03,0.98,0.02,yes,KXFEDDECISION-26APR-H0,d195510e-4b9c-73e4-7a4d-42afc8423d1d
2026-04-11 16:00:22.916514+00:00,10,0.98,0.02,yes,KXFEDDECISION-26APR-H0,9d5ddda8-5490-4ab4-118b-f49e77b9a831
2026-04-11 16:06:24.324644+00:00,2.03,0.98,0.02,yes,KXFEDDECISION-26APR-H0,4618e1f0-0b34-7c4c-78ae-8ad87009f6b9
2026-04-11 16:23:11.916751+00:00,200,0.97,0.03,no,KXFEDDECISION-26APR-H0,35d1cee5-4a1a-6b05-82f1-c8d21547d701
2026-04-11 16:45:44.339003+00:00,10.18,0.97,0.03,no,KXFEDDECISION-26APR-H0,f07755aa-a35a-7165-83c2-21931c414a99
2026-04-11 17:56:40.096836+00:00,1000,0.98,0.02,yes,KXFEDDECISION-26APR-H0,3b8239d7-13ec-4a54-48fd-08f91e97ffd5
2026-04-11 18:28:55.639903+00:00,3,0.97,0.03,no,KXFEDDECISION-26APR-H0,d391345b-e032-6c11-69b9-3429f7c74cc5
2026-04-11 18:32:41.786845+00:00,312.13,0.97,0.03,no,KXFEDDECISION-26APR-H0,3a2df4c2-5f22-65ad-f9d5-562f1244c591
2026-04-11 18:33:48.619637+00:00,2.03,0.98,0.02,yes,KXFEDDECISION-26APR-H0,1a398117-5a44-5674-b133-51d259425195
2026-04-11 18:38:38.213133+00:00,2.03,0.97,0.03,no,KXFEDDECISION-26APR-H0,1a968093-3f9e-60d9-f024-80623d70c851
2026-04-11 18:41:00.834673+00:00,2.03,0.98,0.02,yes,KXFEDDECISION-26APR-H0,2ca16700-d170-4bbc-47a8-6c61ed8bf33d
2026-04-11 18:41:23.056465+00:00,2.03,0.97,0.03,no,KXFEDDECISION-26APR-H0,494acb0e-85b2-7b05-1b66-ecab4d3aa839
2026-04-11 18:43:14.877211+00:00,1.01,0.98,0.02,yes,KXFEDDECISION-26APR-H0,c81ceb9e-9964-74dc-242d-339340c1c97d
2026-04-11 18:43:18.842932+00:00,1.01,0.97,0.03,no,KXFEDDECISION-26APR-H0,ae40da01-3502-6019-d77a-5ec54fe34809
2026-04-11 18:52:48.899405+00:00,20,0.97,0.03,no,KXFEDDECISION-26APR-H0,38cc23a2-80f6-6255-8472-3311dca1a581
2026-04-11 19:08:56.010847+00:00,513,0.98,0.02,yes,KXFEDDECISION-26APR-H0,0933cfa2-8bc4-7a20-c9d9-8870e4c98259
2026-04-11 19:23:43.947717+00:00,1,0.97,0.03,no,KXFEDDECISION-26APR-H0,02ae5a36-b072-5385-2674-6792546b8e61
2026-04-11 19:34:54.614638+00:00,1,0.97,0.03,no,KXFEDDECISION-26APR-H0,83a6272d-49a2-53ad-701f-84fdc156b0fd
2026-04-11 19:34:59.899646+00:00,1,0.97,0.03,no,KXFEDDECISION-26APR-H0,3542ae3d-82ea-57d5-cdc8-662871207d95
2026-04-11 20:04:25.933867+00:00,200,0.97,0.03,no,KXFEDDECISION-26APR-H0,78d9d310-2336-4b51-c321-2529844fc4d9
2026-04-11 20:06:55.395794+00:00,1,0.98,0.02,yes,KXFEDDECISION-26APR-H0,265df122-0bb0-652c-4669-7b686f813725
2026-04-11 20:07:49.077793+00:00,15.6,0.97,0.03,no,KXFEDDECISION-26APR-H0,9c41a2a3-f116-7e4d-5a6e-d1c4fac7241d
2026-04-11 20:08:40.314820+00:00,3121.39,0.98,0.02,yes,KXFEDDECISION-26APR-H0,74fd67de-b000-4740-4750-bd6ef93c9f5d
2026-04-11 20:20:32.800987+00:00,10.18,0.98,0.02,yes,KXFEDDECISION-26APR-H0,c0501ecb-97dc-76bc-42f2-baadf1799e45
2026-04-11 20:21:34.937300+00:00,200,0.97,0.03,no,KXFEDDECISION-26APR-H0,bde04dd5-7896-59b5-9872-a066d2b15e41
2026-04-11 20:34:27.205991+00:00,10.18,0.97,0.03,no,KXFEDDECISION-26APR-H0,ed5d658a-e9f6-7a91-7c4d-2f7d4824c3a5
2026-04-11 20:44:40.293485+00:00,20.37,0.98,0.02,yes,KXFEDDECISION-26APR-H0,8f02e9ce-4598-497c-6ff0-bc6149e01425
2026-04-11 20:47:21.205981+00:00,10.18,0.98,0.02,yes,KXFEDDECISION-26APR-H0,ecdd285c-aa10-4d98-2eda-73ce8644af7d
2026-04-11 20:47:34.914977+00:00,10.18,0.97,0.03,no,KXFEDDECISION-26APR-H0,b1230f59-ebe2-758d-a8a5-be1f748d0425
2026-04-11 22:14:24.601382+00:00,50.94,0.98,0.02,yes,KXFEDDECISION-26APR-H0,4fb348a2-9c64-6180-46fe-f28c9ed13da1
2026-04-11 22:37:06.490687+00:00,2.03,0.97,0.03,no,KXFEDDECISION-26APR-H0,39324aff-159a-7a11-45b6-2e878cac7489
2026-04-11 22:50:29.283864+00:00,1.01,0.98,0.02,yes,KXFEDDECISION-26APR-H0,85da617f-2550-5b18-5d5b-edf584e1929d
2026-04-11 23:01:43.435455+00:00,46,0.98,0.02,yes,KXFEDDECISION-26APR-H0,89dee6f8-caf0-5b8c-fe64-8f3f8154fa69
2026-04-11 23:11:26.563188+00:00,400,0.97,0.03,no,KXFEDDECISION-26APR-H0,d9a8d7ab-c96a-7bc9-d57e-1dff41f62e05
2026-04-11 23:27:07.116357+00:00,101.89,0.98,0.02,yes,KXFEDDECISION-26APR-H0,15a85c6e-c854-4660-3488-45311ee2b6ed
2026-04-11 23:29:39.061793+00:00,5.09,0.98,0.02,yes,KXFEDDECISION-26APR-H0,72c0b104-40cc-5c70-270f-60e2b8874b39
2026-04-11 23:43:41.983759+00:00,151.82,0.98,0.02,yes,KXFEDDECISION-26APR-H0,1e817b7b-cecc-7e44-d830-f6e65d4357c1
2026-04-11 23:55:45.129974+00:00,1.01,0.98,0.02,yes,KXFEDDECISION-26APR-H0,46affb1b-cab8-6e84-74d1-b6cd5f2b6cdd
2026-04-12 00:13:55.285916+00:00,10.18,0.98,0.02,yes,KXFEDDECISION-26APR-H0,af1cb1db-c3c8-5a28-aaaf-2a01ed924655
2026-04-12 00:28:14.127313+00:00,9,0.98,0.02,yes,KXFEDDECISION-26APR-H0,885281f9-2f88-68e8-0962-82bbf19ca4f1
2026-04-12 00:29:13.148667+00:00,25.47,0.98,0.02,yes,KXFEDDECISION-26APR-H0,88ddfc6e-d484-70f0-9751-502827b7dfc1
2026-04-12 00:59:44.403078+00:00,100,0.97,0.03,no,KXFEDDECISION-26APR-H0,6f99ad7c-598e-6f69-f4ba-00e86f851349
2026-04-12 01:20:20.666651+00:00,10.18,0.98,0.02,yes,KXFEDDECISION-26APR-H0,a54fbf9a-e6e8-410c-52f8-2152f42ea245
2026-04-12 01:25:46.178884+00:00,1.01,0.98,0.02,yes,KXFEDDECISION-26APR-H0,6a707b18-cfb8-5354-9d03-34bc4baf2521
2026-04-12 01:38:25.632877+00:00,100,0.98,0.02,yes,KXFEDDECISION-26APR-H0,d7d865c8-28f4-6990-09cd-7794ce4ee3fd
2026-04-12 01:39:39.307648+00:00,5,0.97,0.03,no,KXFEDDECISION-26APR-H0,b92974ce-4282-6041-bc3e-16b9bd7dcf75
2026-04-12 02:00:48.851314+00:00,200,0.97,0.03,no,KXFEDDECISION-26APR-H0,d6751890-34f6-40d1-b261-f26284bcb0ed
2026-04-12 02:13:22.013110+00:00,0.5,0.98,0.02,yes,KXFEDDECISION-26APR-H0,c90dd911-66a8-4250-f179-eaac8e2ef089
2026-04-12 02:16:02.851010+00:00,1.01,0.98,0.02,yes,KXFEDDECISION-26APR-H0,3a958665-afdc-5394-ac6a-02e6b2cc7b5d
2026-04-12 02:16:40.814691+00:00,1.01,0.97,0.03,no,KXFEDDECISION-26APR-H0,6b6041a5-0eb2-4525-c10a-1d726b205771
2026-04-12 02:47:36.636837+00:00,1.01,0.98,0.02,yes,KXFEDDECISION-26APR-H0,99f5115c-08c4-5744-3479-172e9777c8d1
2026-04-12 02:58:17.013436+00:00,50.94,0.98,0.02,yes,KXFEDDECISION-26APR-H0,e5245624-5d5c-43c4-58e1-0c22d6f4baf5
2026-04-12 02:58:27.329377+00:00,50.94,0.97,0.03,no,KXFEDDECISION-26APR-H0,398b2751-104a-5135-4763-47ab3840e5a5
2026-04-12 03:01:18.751281+00:00,6.24,0.97,0.03,no,KXFEDDECISION-26APR-H0,4421ee9c-56e2-6131-4c3b-913fcd29c7e9
2026-04-12 03:07:39.787372+00:00,10,0.97,0.03,no,KXFEDDECISION-26APR-H0,fce3d94d-e5da-72a5-1b18-302557ca884d
2026-04-12 03:14:24.185340+00:00,1019,0.97,0.03,no,KXFEDDECISION-26APR-H0,99d4ca25-ddc6-5df1-c7c8-a9498b06215d
2026-04-12 03:16:15.137922+00:00,10,0.97,0.03,no,KXFEDDECISION-26APR-H0,9502e554-ce86-6171-5895-3453ba772845
2026-04-12 03:17:22.171389+00:00,10,0.97,0.03,no,KXFEDDECISION-26APR-H0,93c5c81b-b4de-5f11-c705-3496546f8891
2026-04-12 03:18:44.347436+00:00,5,0.97,0.03,no,KXFEDDECISION-26APR-H0,63c26574-103e-5e81-e098-67e67fff41fd
2026-04-12 03:18:49.012416+00:00,1,0.97,0.03,no,KXFEDDECISION-26APR-H0,4e9bbf0d-fa02-65fd-da06-f0d7ac8a2de9
2026-04-12 03:19:01.025748+00:00,1,0.97,0.03,no,KXFEDDECISION-26APR-H0,43f4f302-bdfa-66c9-8488-adf297a7f305
2026-04-12 03:31:41.039827+00:00,200,0.97,0.03,no,KXFEDDECISION-26APR-H0,48e685bc-202a-5f3d-5a7b-dba509a5cfe9
2026-04-12 03:37:11.201527+00:00,93.33,0.97,0.03,no,KXFEDDECISION-26APR-H0,dac8e925-297a-477d-b55f-226298d74b61
2026-04-12 03:50:32.966209+00:00,50.94,0.98,0.02,yes,KXFEDDECISION-26APR-H0,f8e8cea1-6808-46ac-52b0-d32873685975
2026-04-12 04:09:41.205199+00:00,624,0.97,0.03,no,KXFEDDECISION-26APR-H0,99abc509-8d92-4fa5-6a75-01b1b6192859
2026-04-12 04:10:37.510733+00:00,10,0.97,0.03,no,KXFEDDECISION-26APR-H0,e723742a-82d2-7a7d-22e6-4b086023b04d
2026-04-12 04:18:39.893528+00:00,3.05,0.98,0.02,yes,KXFEDDECISION-26APR-H0,ba6da86f-e72c-6298-9f67-dc6bff424e69
2026-04-12 04:18:49.459124+00:00,100,0.97,0.03,no,KXFEDDECISION-26APR-H0,e0efb719-9dca-66b5-34e3-f5e61338cfb1
2026-04-12 04:20:33.973722+00:00,3.05,0.97,0.03,no,KXFEDDECISION-26APR-H0,9ca64b88-4b16-7031-c736-2254312d3885
2026-04-12 04:25:33.719545+00:00,455,0.98,0.02,yes,KXFEDDECISION-26APR-H0,a8686492-d1c4-683c-231b-129133e55c59
2026-04-12 04:51:42.736391+00:00,2.03,0.98,0.02,yes,KXFEDDECISION-26APR-H0,f678061e-7578-6240-3a8a-fab4033c1945
2026-04-12 04:56:29.142243+00:00,10.18,0.98,0.02,yes,KXFEDDECISION-26APR-H0,e463573c-9a1c-66fc-ed3c-287049869a2d
2026-04-12 05:07:38.649894+00:00,7.13,0.98,0.02,yes,KXFEDDECISION-26APR-H0,8da99179-6828-5680-fe5a-5f5cb58287c9
2026-04-12 05:26:09.810114+00:00,25,0.97,0.03,no,KXFEDDECISION-26APR-H0,7459a4e6-2242-6359-7136-57b307b3e7dd
2026-04-12 05:44:06.575304+00:00,1560.69,0.97,0.03,no,KXFEDDECISION-26APR-H0,0e2a3109-1f66-6715-a048-745a12134fbd
2026-04-12 05:53:35.157021+00:00,3.05,0.98,0.02,yes,KXFEDDECISION-26APR-H0,97c9918a-0f70-60ac-79ac-666d375a15c5
2026-04-12 07:49:42.603878+00:00,3000,0.97,0.03,no,KXFEDDECISION-26APR-H0,60f2ce41-6ff6-4289-2bad-030b406c7e4d
2026-04-12 12:18:51.425078+00:00,62.42,0.97,0.03,no,KXFEDDECISION-26APR-H0,5de1a986-e136-4e1d-6053-51b68389d631
2026-04-12 13:20:13.089293+00:00,100,0.97,0.03,no,KXFEDDECISION-26APR-H0,9d03d813-57a6-4fed-61fa-a9078909ae1d
2026-04-12 13:44:50.283498+00:00,10.18,0.98,0.02,yes,KXFEDDECISION-26APR-H0,0f77419c-23ac-6700-faa0-f6530867ff3d
2026-04-12 13:59:46.327501+00:00,2,0.98,0.02,yes,KXFEDDECISION-26APR-H0,6d4631e2-4590-7ef0-9f64-64900e29b209
2026-04-12 14:20:37.450028+00:00,10,0.97,0.03,no,KXFEDDECISION-26APR-H0,bccf7467-6ed2-66d5-64b1-518874dc10e5
2026-04-12 14:42:25.897166+00:00,1500,0.98,0.02,yes,KXFEDDECISION-26APR-H0,54fbbe9a-29ac-6ff0-ac7f-7389ab07c361
2026-04-12 14:48:02.225630+00:00,1250,0.97,0.03,no,KXFEDDECISION-26APR-H0,fc42088e-ccd2-711d-5656-dee46db9cc39
2026-04-12 14:50:25.125694+00:00,125,0.98,0.02,yes,KXFEDDECISION-26APR-H0,5560d5fd-cd18-4630-e5b2-221286828d7d
2026-04-12 15:08:04.794565+00:00,156.06,0.97,0.03,no,KXFEDDECISION-26APR-H0,aee2c641-8272-7f51-a978-9307e09d9b25
2026-04-12 16:03:56.852613+00:00,5.09,0.98,0.02,yes,KXFEDDECISION-26APR-H0,95f3ad1e-642c-6030-5c83-821a4521fb89
2026-04-12 16:05:33.337201+00:00,15.28,0.97,0.03,no,KXFEDDECISION-26APR-H0,e6ed9998-20a2-69c1-4fe6-cb38dfd4c319
2026-04-12 16:55:14.380170+00:00,1,0.97,0.03,no,KXFEDDECISION-26APR-H0,834486ea-de76-78cd-ef29-87cad1d71fed
2026-04-12 16:58:22.907709+00:00,400,0.97,0.03,no,KXFEDDECISION-26APR-H0,21001d31-6c8a-6835-9b76-228b8669db09
2026-04-12 17:05:27.468046+00:00,9,0.97,0.03,no,KXFEDDECISION-26APR-H0,9be9c6af-f212-7131-469a-ff483f03bd7d
2026-04-12 17:26:55.039602+00:00,1,0.98,0.02,yes,KXFEDDECISION-26APR-H0,fcce2e9d-02b8-4c34-2f61-2dfe968d42f5
2026-04-12 17:37:18.887017+00:00,11.62,0.98,0.02,yes,KXFEDDECISION-26APR-H0,76cc35cc-77bc-732c-9241-a14cb6ab41ed
2026-04-12 17:39:52.583035+00:00,500,0.97,0.03,no,KXFEDDECISION-26APR-H0,95b7a4d5-da9e-4bb5-7832-19159a1485b5
2026-04-12 17:40:48.697104+00:00,6,0.97,0.03,no,KXFEDDECISION-26APR-H0,80c5026e-d8ae-60f9-557f-5a54ada5a649
2026-04-12 17:57:15.535292+00:00,1,0.98,0.02,yes,KXFEDDECISION-26APR-H0,164ad945-b104-7494-a737-74d7bcef136d
2026-04-12 17:57:51.872438+00:00,2,0.98,0.02,yes,KXFEDDECISION-26APR-H0,2a3b864d-8b08-5450-42a7-8b8dcd851a71
2026-04-12 18:03:38.181246+00:00,2.03,0.98,0.02,yes,KXFEDDECISION-26APR-H0,8ab0e7e4-3fc0-4c0c-4182-8c6015c5dc31
2026-04-12 18:14:14.040293+00:00,50,0.98,0.02,yes,KXFEDDECISION-26APR-H0,6fa9dc43-e588-513c-4f34-c98bc1a67e11
2026-04-12 18:38:56.629765+00:00,10,0.98,0.02,yes,KXFEDDECISION-26APR-H0,e7e63a22-b170-6d58-8453-73ad0877e99d
2026-04-12 18:42:40.593251+00:00,1,0.97,0.03,no,KXFEDDECISION-26APR-H0,6f8f7e7c-9aee-4db1-e826-07a615fa6b69
2026-04-12 18:44:20.440409+00:00,6.11,0.98,0.02,yes,KXFEDDECISION-26APR-H0,02defae4-55f4-50f8-5f43-a0ae4f5b1a91
2026-04-12 18:44:45.977706+00:00,25.47,0.98,0.02,yes,KXFEDDECISION-26APR-H0,69870b52-f284-4804-7cfe-14a1cb738745
2026-04-12 18:45:03.586764+00:00,31.58,0.97,0.03,no,KXFEDDECISION-26APR-H0,44217c17-e72e-71a5-c3fc-4abeb259a995
2026-04-12 18:49:53.361074+00:00,1,0.98,0.02,yes,KXFEDDECISION-26APR-H0,d0738a53-c810-4b8c-e50a-33e9dda7a831
2026-04-12 19:14:36.704645+00:00,64.19,0.98,0.02,yes,KXFEDDECISION-26APR-H0,caaaaa5f-a8e4-4364-31db-86931b0b9779
2026-04-12 19:16:41.391129+00:00,1,0.97,0.03,no,KXFEDDECISION-26APR-H0,989e51bc-f012-6f05-da3c-ecdac8dfa859
2026-04-12 19:30:01.634920+00:00,1,0.98,0.02,yes,KXFEDDECISION-26APR-H0,bb60bacf-6e10-70ac-496c-c9518775f21d
2026-04-12 19:30:24.057922+00:00,10.18,0.98,0.02,yes,KXFEDDECISION-26APR-H0,eda15d40-268c-4038-f8ff-a32b057e2179
2026-04-12 19:33:04.969448+00:00,10.18,0.98,0.02,yes,KXFEDDECISION-26APR-H0,ef6317e8-9044-65f0-a39c-ae10827fbcb5
2026-04-12 19:37:07.897799+00:00,600,0.97,0.03,no,KXFEDDECISION-26APR-H0,1d787380-b486-7efd-88b0-cb5d00a3e6a1
2026-04-12 19:38:30.727354+00:00,10.18,0.97,0.03,no,KXFEDDECISION-26APR-H0,9be897fc-b162-6549-c13a-5028099ca8f9
2026-04-12 19:40:57.533835+00:00,10.03,0.98,0.02,yes,KXFEDDECISION-26APR-H0,b449ca49-e820-5ca8-115e-10ec015f7b59
2026-04-12 19:42:18.104231+00:00,10.03,0.97,0.03,no,KXFEDDECISION-26APR-H0,70b482a4-578e-4f65-ff1a-648907f111a9
2026-04-12 19:44:53.250962+00:00,2,0.98,0.02,yes,KXFEDDECISION-26APR-H0,0cf90da2-15b0-7850-b5cb-43dc01f0d6f9
2026-04-12 19:57:03.517384+00:00,1,0.98,0.02,yes,KXFEDDECISION-26APR-H0,17e47415-45d8-6ee0-81a3-641415f8f315
2026-04-12 20:17:24.225246+00:00,200,0.97,0.03,no,KXFEDDECISION-26APR-H0,57991032-c22a-5f11-8ea9-6c8fffcf9ed5
2026-04-12 20:18:05.963977+00:00,487,0.98,0.02,yes,KXFEDDECISION-26APR-H0,c26b9488-4a13-5cf8-a7b2-623c7bd32ba8
2026-04-12 20:18:05.963977+00:00,498,0.98,0.02,yes,KXFEDDECISION-26APR-H0,cda53e3a-78f9-5b7d-9ff1-b44981844ae8
2026-04-12 20:18:05.963977+00:00,3389.33,0.98,0.02,yes,KXFEDDECISION-26APR-H0,db200b1a-2cc4-5e7c-a45d-615f01d6448d
2026-04-12 20:18:05.963977+00:00,573,0.98,0.02,yes,KXFEDDECISION-26APR-H0,728e1734-4a3a-59bc-8fec-7c45b704e3c7
2026-04-12 20:18:05.963977+00:00,532,0.98,0.02,yes,KXFEDDECISION-26APR-H0,fdace3e5-15a3-58ad-a1c4-1d90a82b7d33
2026-04-12 20:18:05.963977+00:00,533,0.98,0.02,yes,KXFEDDECISION-26APR-H0,b176feeb-13c3-556f-87e4-eee0d59e18f6
2026-04-12 20:18:05.963977+00:00,499,0.98,0.02,yes,KXFEDDECISION-26APR-H0,e7c8725c-1e24-5e77-837c-1f540571bba1
2026-04-12 20:18:05.963977+00:00,490,0.98,0.02,yes,KXFEDDECISION-26APR-H0,82e651eb-7cc0-5b66-842a-46622bfd5cf2
2026-04-12 20:18:05.963977+00:00,517,0.98,0.02,yes,KXFEDDECISION-26APR-H0,7251db0c-f777-5509-9e24-4aabaaae45d1
2026-04-12 20:18:05.963977+00:00,485,0.98,0.02,yes,KXFEDDECISION-26APR-H0,71d40f7e-8088-5a54-bd24-ccd918ae9b57
2026-04-12 20:18:05.963977+00:00,512,0.98,0.02,yes,KXFEDDECISION-26APR-H0,58961602-e4df-55df-828a-a2d93f06d496
2026-04-12 20:18:05.963977+00:00,495,0.98,0.02,yes,KXFEDDECISION-26APR-H0,4ed003eb-15e7-5e53-8a93-46d2b5be350b
2026-04-12 20:18:05.963977+00:00,919.48,0.98,0.02,yes,KXFEDDECISION-26APR-H0,4cd49164-abcb-5a76-ba15-0e4ea0162248
2026-04-12 20:18:05.963977+00:00,260,0.98,0.02,yes,KXFEDDECISION-26APR-H0,0da39ceb-dda0-58e5-a94f-fc6119976b6f
2026-04-12 20:30:55.412879+00:00,31.21,0.97,0.03,no,KXFEDDECISION-26APR-H0,bf9691dc-f036-5fe1-aa64-0b7a6a1f43b9
2026-04-12 20:31:56.670586+00:00,1,0.98,0.02,yes,KXFEDDECISION-26APR-H0,f9bd389b-b15b-739a-42f8-423f671eaad4
2026-04-12 20:34:36.464085+00:00,2,0.98,0.02,yes,KXFEDDECISION-26APR-H0,e86e602f-a787-575a-712b-fd15c0cf8d7c
2026-04-12 20:35:49.414886+00:00,2,0.97,0.03,no,KXFEDDECISION-26APR-H0,a478e045-de62-553d-cbfa-082f179f0f81
2026-04-12 20:36:23.479252+00:00,1,0.97,0.03,no,KXFEDDECISION-26APR-H0,c6f7be6e-1946-7e1d-56c7-367c59084b9d
2026-04-12 20:47:50.433246+00:00,5.09,0.98,0.02,yes,KXFEDDECISION-26APR-H0,f6de0bae-9a5f-62d2-abf4-f2a3771fa73c
2026-04-12 20:48:08.626924+00:00,2,0.97,0.03,no,KXFEDDECISION-26APR-H0,c84c1624-f63a-54f1-70f6-04afac2ebbe9
2026-04-12 21:06:17.604442+00:00,11,0.97,0.03,no,KXFEDDECISION-26APR-H0,77629766-cc12-49bd-02eb-18e66d1efcd1
2026-04-12 21:17:21.461092+00:00,5,0.97,0.03,no,KXFEDDECISION-26APR-H0,dae9f08a-fcbe-6a41-99b4-26c383a0a03d
2026-04-12 21:26:16.145671+00:00,6.11,0.98,0.02,yes,KXFEDDECISION-26APR-H0,3ac2cf29-466f-4712-0d64-2d9ea55145e0
2026-04-12 21:29:26.586338+00:00,156,0.98,0.02,yes,KXFEDDECISION-26APR-H0,23f75709-8d17-43d2-6b8c-068acda20830
2026-04-12 21:39:00.713297+00:00,40,0.97,0.03,no,KXFEDDECISION-26APR-H0,5d4e21af-946a-57d9-b546-4aef3e3a2741
2026-04-12 21:50:51.850401+00:00,1000,0.97,0.03,no,KXFEDDECISION-26APR-H0,610805e3-b1f6-65e9-665f-05434406ac99
2026-04-12 22:09:54.578305+00:00,88,0.97,0.03,no,KXFEDDECISION-26APR-H0,7ed5ac81-7bb2-4ff9-1e08-5889f1b53fbd
2026-04-12 22:13:50.681574+00:00,85,0.97,0.03,no,KXFEDDECISION-26APR-H0,6f31ed7f-df3e-4395-9ad9-2849d462dc05
2026-04-12 22:20:03.822778+00:00,100,0.97,0.03,no,KXFEDDECISION-26APR-H0,4c828740-0a4a-5b0d-e9fe-1cc2855887e5
2026-04-12 22:31:00.430132+00:00,1.01,0.98,0.02,yes,KXFEDDECISION-26APR-H0,38f072e9-b0eb-7d36-2e0a-6cee01af47d4
2026-04-12 22:51:03.140272+00:00,3.05,0.98,0.02,yes,KXFEDDECISION-26APR-H0,a389382a-d5df-7916-ead7-0fa46a1b9f58
2026-04-12 23:08:52.528667+00:00,156.06,0.97,0.03,no,KXFEDDECISION-26APR-H0,63c61e8a-033a-5795-5b6f-76b5be309655
2026-04-12 23:34:04.237658+00:00,16.3,0.98,0.02,yes,KXFEDDECISION-26APR-H0,fae48487-9e53-4d8a-e79c-6ae91ae9ecfc
2026-04-12 23:41:36.285872+00:00,1.22,0.98,0.02,yes,KXFEDDECISION-26APR-H0,24921ec7-196f-6afa-1fe7-a40844584598
2026-04-12 23:59:47.189470+00:00,20,0.97,0.03,no,KXFEDDECISION-26APR-H0,0619c125-6816-7095-2f9c-d6974e053be9
2026-04-13 00:02:23.685999+00:00,29.55,0.98,0.02,yes,KXFEDDECISION-26APR-H0,cc36bbf5-0f57-48a6-91af-5cf85db8e710
2026-04-13 00:03:19.803374+00:00,1,0.97,0.03,no,KXFEDDECISION-26APR-H0,7588691f-81d6-4535-8209-e6f34a354701
2026-04-13 00:35:48.007611+00:00,312,0.97,0.03,no,KXFEDDECISION-26APR-H0,2dc94490-e8f2-4501-072c-f7d97f78b2f5
2026-04-13 00:38:16.317060+00:00,200,0.97,0.03,no,KXFEDDECISION-26APR-H0,5efb3dea-a326-47e9-ef36-0775a51e3de5
2026-04-13 01:18:03.810660+00:00,62.42,0.97,0.03,no,KXFEDDECISION-26APR-H0,ec3cbeee-d85a-7aa9-d4e2-b2d6069e7ee1
2026-04-13 01:30:26.684539+00:00,100,0.97,0.03,no,KXFEDDECISION-26APR-H0,f5422797-41c2-6bc9-2fd5-f90a323e6c6d
2026-04-13 01:48:38.715135+00:00,100,0.97,0.03,no,KXFEDDECISION-26APR-H0,b19eda96-3b3e-44e5-5d80-25770850c59d
2026-04-13 02:30:58.803785+00:00,31.21,0.97,0.03,no,KXFEDDECISION-26APR-H0,aad1cf27-ba2a-5ed1-4531-e29e8e159235
2026-04-13 02:40:13.804734+00:00,10.18,0.98,0.02,yes,KXFEDDECISION-26APR-H0,d8f31d26-85c3-5a36-b17f-57c02281edc4
2026-04-13 03:02:24.147535+00:00,3630,0.98,0.02,yes,KXFEDDECISION-26APR-H0,4a2a292a-fdbb-69e6-e79c-dbd2a6c444b0
2026-04-13 03:08:41.851001+00:00,100,0.97,0.03,no,KXFEDDECISION-26APR-H0,1ebfdc08-f8e6-42f9-4ce7-589c67c16e49
2026-04-13 03:17:14.724745+00:00,40,0.97,0.03,no,KXFEDDECISION-26APR-H0,279564e1-865a-5f3d-6098-a63090e7b5d1
2026-04-13 03:23:26.536979+00:00,2500,0.98,0.02,yes,KXFEDDECISION-26APR-H0,ebc4a57b-de7f-6726-0724-df26a4b91ea0
2026-04-13 03:51:35.249578+00:00,20,0.97,0.03,no,KXFEDDECISION-26APR-H0,45fd35a6-6572-69b5-625b-748d48b25b01
2026-04-13 03:52:12.043681+00:00,62.42,0.97,0.03,no,KXFEDDECISION-26APR-H0,9f8e5428-5742-6111-7ce2-cd7900078739
2026-04-13 04:04:15.068095+00:00,5.09,0.98,0.02,yes,KXFEDDECISION-26APR-H0,d792ebd6-5ec7-5002-e083-49b9abf38408
2026-04-13 04:19:51.548864+00:00,1000,0.97,0.03,no,KXFEDDECISION-26APR-H0,e238f83f-ad8a-6319-c289-66fa6ed415e5
2026-04-13 04:31:49.979070+00:00,1.01,0.98,0.02,yes,KXFEDDECISION-26APR-H0,9f467ff1-419f-7a72-bc5d-cb85f010d054
2026-04-13 04:32:33.150774+00:00,320,0.97,0.03,no,KXFEDDECISION-26APR-H0,44c99fa7-a266-7d41-b37d-6877eca7df31
2026-04-13 04:43:15.749429+00:00,79.51,0.97,0.03,no,KXFEDDECISION-26APR-H0,3eea89b5-2756-54bd-9c1d-7e60423ad035
2026-04-13 04:45:36.281066+00:00,81.33,0.97,0.03,no,KXFEDDECISION-26APR-H0,2494050a-e19e-6bd9-aebf-9c19a5a53485
2026-04-13 05:12:12.043976+00:00,1.01,0.98,0.02,yes,KXFEDDECISION-26APR-H0,2ef51d7c-186b-5eaa-e804-8420f0971cc4
2026-04-13 05:17:13.429189+00:00,2.54,0.98,0.02,yes,KXFEDDECISION-26APR-H0,cc5e0283-ed37-6df6-4fd7-c93f63ecbd20
2026-04-13 05:22:16.758895+00:00,11,0.97,0.03,no,KXFEDDECISION-26APR-H0,247431d4-a156-5be1-e168-1302e0e626dd
2026-04-13 05:28:23.926670+00:00,218.49,0.97,0.03,no,KXFEDDECISION-26APR-H0,8391685f-f962-5781-6f8d-08186bd68649
2026-04-13 05:39:59.309620+00:00,409,0.97,0.03,no,KXFEDDECISION-26APR-H0,32e8e54c-4df6-4f51-c342-375e74f5d809
2026-04-13 05:42:25.593245+00:00,26,0.97,0.03,no,KXFEDDECISION-26APR-H0,4771cffe-4322-6dd5-7077-ed32e71e1bc1
2026-04-13 06:08:23.051357+00:00,200,0.97,0.03,no,KXFEDDECISION-26APR-H0,05ddbba1-72f6-5f81-421d-62fa0d277c39
2026-04-13 06:18:25.143649+00:00,10.18,0.98,0.02,yes,KXFEDDECISION-26APR-H0,6409e90a-ce43-4192-7741-3dfb63dfc88c
2026-04-13 06:18:53.560517+00:00,33.62,0.97,0.03,no,KXFEDDECISION-26APR-H0,738ced2e-1d1a-6409-4c33-1d8e36929b65
2026-04-13 06:18:56.782286+00:00,31.21,0.97,0.03,no,KXFEDDECISION-26APR-H0,ad93d3c3-055a-5749-6b66-f6dd330bacfd
2026-04-13 06:22:21.801683+00:00,10.18,0.98,0.02,yes,KXFEDDECISION-26APR-H0,559458a4-8b5f-7b0a-5881-46daf75e77b8
2026-04-13 06:52:53.315671+00:00,16.3,0.97,0.03,no,KXFEDDECISION-26APR-H0,19ac429d-9976-58d5-b901-daf93a42d4ad
2026-04-13 10:16:24.178083+00:00,1.01,0.98,0.02,yes,KXFEDDECISION-26APR-H0,6897366e-b787-64ba-5836-6a638a5bf498
2026-04-13 10:26:03.447251+00:00,31.21,0.97,0.03,no,KXFEDDECISION-26APR-H0,c92d2147-bf16-7b7d-b14a-f4fcd9520e3d
2026-04-13 12:02:22.063440+00:00,156.06,0.97,0.03,no,KXFEDDECISION-26APR-H0,4401f9af-8c8e-5d85-e097-e1252fab7571
2026-04-13 12:05:08.789421+00:00,156.06,0.97,0.03,no,KXFEDDECISION-26APR-H0,44191bd4-ddf6-4285-01ef-42ecf81dfeed
2026-04-13 12:29:02.889679+00:00,3,0.97,0.03,no,KXFEDDECISION-26APR-H0,df408308-0bee-7079-6510-6d6c039372ed
2026-04-13 12:56:01.868183+00:00,249.71,0.97,0.03,no,KXFEDDECISION-26APR-H0,0809687e-ec62-412d-a8d2-acc08b624d75
2026-04-13 12:58:18.981000+00:00,2.03,0.98,0.02,yes,KXFEDDECISION-26APR-H0,ecb030df-b51b-7ada-6f46-f19ca4ebb3fc
2026-04-13 13:21:00.093561+00:00,2.03,0.98,0.02,yes,KXFEDDECISION-26APR-H0,e34aca61-e223-661a-35ec-032b2b82165c
2026-04-13 13:28:50.298775+00:00,2,0.98,0.02,yes,KXFEDDECISION-26APR-H0,04d17f0f-22d7-6be6-8f14-3a475da34f60
2026-04-13 13:35:11.503736+00:00,3001,0.97,0.03,no,KXFEDDECISION-26APR-H0,416d4098-4682-5eb9-5356-acf0c138eac9
2026-04-13 13:36:55.353886+00:00,1.01,0.98,0.02,yes,KXFEDDECISION-26APR-H0,2f5bbc0b-eb2b-4cc6-9b92-8625e4345fe8
2026-04-13 13:37:24.545958+00:00,56,0.97,0.03,no,KXFEDDECISION-26APR-H0,814bf7ab-2cae-595d-0a3d-885557eba75d
2026-04-13 13:41:02.096264+00:00,500,0.98,0.02,yes,KXFEDDECISION-26APR-H0,4b713f53-156f-4eca-64ba-4709de47b260
2026-04-13 13:41:58.516879+00:00,200,0.97,0.03,no,KXFEDDECISION-26APR-H0,0a52547a-b456-6c15-529b-97a10bf04bb1
2026-04-13 13:51:41.457208+00:00,156.06,0.98,0.02,yes,KXFEDDECISION-26APR-H0,baa8fbcb-b357-78f6-4ee6-6641852223f8
2026-04-13 13:53:31.628188+00:00,156.06,0.97,0.03,no,KXFEDDECISION-26APR-H0,c19da207-9fca-6909-cd2f-bd43931539d5
2026-04-13 14:02:05.951802+00:00,20.37,0.98,0.02,yes,KXFEDDECISION-26APR-H0,2615e6d2-8a2b-7ab6-0ba5-07ac3a73c3e8
2026-04-13 14:07:06.825344+00:00,3.05,0.98,0.02,yes,KXFEDDECISION-26APR-H0,e405eb69-6837-6346-40eb-14c1469b96b4
2026-04-13 14:17:44.645849+00:00,1.01,0.98,0.02,yes,KXFEDDECISION-26APR-H0,7cac3389-a04f-6036-4afa-819f9340bc50
2026-04-13 14:24:59.229184+00:00,600,0.97,0.03,no,KXFEDDECISION-26APR-H0,1f2e63dd-356e-4541-acac-698aeb6bae39
2026-04-13 14:29:12.747963+00:00,1000,0.97,0.03,no,KXFEDDECISION-26APR-H0,4e6405b3-fa72-5279-77c2-a1402e54ce55
2026-04-13 14:31:30.928339+00:00,10.18,0.98,0.02,yes,KXFEDDECISION-26APR-H0,96a7290b-8de7-4e72-47a5-6a28465566d4
2026-04-13 14:32:09.481431+00:00,31,0.98,0.02,yes,KXFEDDECISION-26APR-H0,3bf85f8a-d40f-451e-4c86-913f5f153bf4
2026-04-13 14:33:38.931669+00:00,2000,0.97,0.03,no,KXFEDDECISION-26APR-H0,f5d95f5f-8bf6-6ea9-800c-d8a6abe924cd
2026-04-13 14:33:47.550659+00:00,170,0.97,0.03,no,KXFEDDECISION-26APR-H0,959e8a85-0656-6a49-0026-5f1150a29851
2026-04-13 14:34:55.768811+00:00,156.06,0.97,0.03,no,KXFEDDECISION-26APR-H0,ed49dc10-b986-7d6d-9c68-4806435ce53d
2026-04-13 14:34:57.738297+00:00,10.18,0.98,0.02,yes,KXFEDDECISION-26APR-H0,1690340d-c28f-4b22-93c3-3b51780a9540
2026-04-13 14:35:50.352998+00:00,1500,0.97,0.03,no,KXFEDDECISION-26APR-H0,1ac9a7b7-5d5e-44c9-641d-68d4c08cbfc9
2026-04-13 14:45:21.746260+00:00,2.03,0.98,0.02,yes,KXFEDDECISION-26APR-H0,3ade130c-456b-4f46-330d-fe1aa13c96d4
2026-04-13 14:47:55.356401+00:00,1.01,0.98,0.02,yes,KXFEDDECISION-26APR-H0,ff3a518d-69ef-6d2e-46a1-f85741f31c10
2026-04-13 14:53:22.879642+00:00,1.01,0.98,0.02,yes,KXFEDDECISION-26APR-H0,888d712d-7467-79b6-0d4f-07b9515e1ab0
2026-04-13 15:18:31.124775+00:00,31.21,0.98,0.02,yes,KXFEDDECISION-26APR-H0,b9f30677-4c77-4c06-5ddd-08951fe2968c
2026-04-13 15:31:41.392685+00:00,2.03,0.98,0.02,yes,KXFEDDECISION-26APR-H0,7a488957-c687-6c22-537f-d9ae1e7d36d8
2026-04-13 15:34:08.706746+00:00,30.56,0.98,0.02,yes,KXFEDDECISION-26APR-H0,f12e628d-a7d7-558a-3049-92ca4a89e84c
2026-04-13 15:36:54.805279+00:00,0.71,0.98,0.02,yes,KXFEDDECISION-26APR-H0,5a3d790a-0a2f-5b6a-52e3-5023e190e82c
2026-04-13 15:42:13.998476+00:00,95,0.97,0.03,no,KXFEDDECISION-26APR-H0,f3db86f0-dcc2-4235-d9d6-b6885e8a4645
2026-04-13 15:45:41.852204+00:00,5.09,0.98,0.02,yes,KXFEDDECISION-26APR-H0,d19eb0f7-cc77-62ee-353a-7bed89055a74
2026-04-13 15:46:58.057663+00:00,400,0.98,0.02,yes,KXFEDDECISION-26APR-H0,bf7ae6e8-985b-7ab2-9236-c967082787a0
2026-04-13 15:50:25.814948+00:00,31,0.97,0.03,no,KXFEDDECISION-26APR-H0,3a135099-fede-7a79-8a66-9db5471c85d1
2026-04-13 15:58:47.997392+00:00,7.18,0.97,0.03,no,KXFEDDECISION-26APR-H0,109f74b3-4eaa-7239-e0e0-e7caae7ecfc5
2026-04-13 16:00:52.504617+00:00,312.13,0.97,0.03,no,KXFEDDECISION-26APR-H0,67c70435-357e-4a2d-bf3b-8a4f416e28c5
2026-04-13 16:01:46.546275+00:00,5.09,0.98,0.02,yes,KXFEDDECISION-26APR-H0,af55eab0-818b-7606-4929-0e7c70e70ba4
2026-04-13 16:07:22.782934+00:00,1.01,0.98,0.02,yes,KXFEDDECISION-26APR-H0,37da9a16-c3db-58ee-db9e-1a4314e0c660
2026-04-13 16:08:34.530414+00:00,3.05,0.98,0.02,yes,KXFEDDECISION-26APR-H0,3ae470a2-eebf-62ea-be1d-7171107eeda0
2026-04-13 16:12:40.361163+00:00,10.72,0.98,0.02,yes,KXFEDDECISION-26APR-H0,e9601f59-c69b-5732-7366-39f765ae501c
2026-04-13 16:17:57.159752+00:00,20000,0.97,0.03,no,KXFEDDECISION-26APR-H0,b030fba6-5272-7b85-7b69-d096482cc2fd
2026-04-13 16:19:01.179197+00:00,30.56,0.97,0.03,no,KXFEDDECISION-26APR-H0,c19280e6-139a-4605-a130-93b186131a81
2026-04-13 16:26:55.450066+00:00,12.48,0.97,0.03,no,KXFEDDECISION-26APR-H0,f33eda42-3aee-5b21-1057-4b0c6b4bfee1
2026-04-13 16:33:05.425627+00:00,31,0.98,0.02,yes,KXFEDDECISION-26APR-H0,04db192e-5053-5e42-23a8-cb19d0f448ac
2026-04-13 16:33:38.899890+00:00,62.42,0.97,0.03,no,KXFEDDECISION-26APR-H0,f15be8d9-b81a-56d9-10c3-396a9749fbb1
2026-04-13 16:37:44.179982+00:00,5,0.97,0.03,no,KXFEDDECISION-26APR-H0,911fb438-62fe-4d0d-decc-f84ccda53c5d
2026-04-13 16:43:43.513442+00:00,5,0.97,0.03,no,KXFEDDECISION-26APR-H0,cc68e4c1-5056-7fa9-3d2c-4b1ca25b8785
2026-04-13 16:51:12.923700+00:00,31.21,0.97,0.03,no,KXFEDDECISION-26APR-H0,40e011f3-3c4e-5615-53c0-b468974473c1
2026-04-13 17:35:24.291603+00:00,1,0.97,0.03,no,KXFEDDECISION-26APR-H0,b12281a6-9aae-51b9-e92c-32ba06792ecd
2026-04-13 17:45:46.024821+00:00,2.03,0.98,0.02,yes,KXFEDDECISION-26APR-H0,9f52c6c3-6877-5b3a-5ed2-a4de9fa571bc
2026-04-13 17:50:16.573950+00:00,1.4,0.97,0.03,no,KXFEDDECISION-26APR-H0,ae15f8fe-feb6-4f21-8922-69187ef83081
2026-04-13 18:08:40.944612+00:00,99.86,0.98,0.02,yes,KXFEDDECISION-26APR-H0,137400ff-8c77-5e1a-7a4b-c25d90b3abc0
2026-04-13 18:18:48.557635+00:00,101.89,0.98,0.02,yes,KXFEDDECISION-26APR-H0,fed9be61-1ba7-69c6-e918-790eb8176fac
2026-04-13 18:19:36.304212+00:00,1,0.98,0.02,yes,KXFEDDECISION-26APR-H0,91d7f866-8bbb-60f2-185a-896375e9b6c8
2026-04-13 18:21:28.042938+00:00,28780.23,0.98,0.02,yes,KXFEDDECISION-26APR-H0,07d233cf-ff56-5f12-4f63-02264ee411de
2026-04-13 18:21:28.042938+00:00,10000,0.98,0.02,yes,KXFEDDECISION-26APR-H0,1926113b-746f-5b7e-6caf-bd970fc2973c
2026-04-13 18:21:28.042938+00:00,11219.77,0.98,0.02,yes,KXFEDDECISION-26APR-H0,bb6e9b61-c38b-5ade-47cc-29149a7ed234
2026-04-13 18:23:39.652772+00:00,0.1,0.98,0.02,yes,KXFEDDECISION-26APR-H0,acc590f8-835a-7a1e-1d82-7e6b1b87d942
2026-04-13 18:26:01.104030+00:00,0.1,0.97,0.03,no,KXFEDDECISION-26APR-H0,568f6d67-0d1a-5fdd-87cc-4f480ffecf09
2026-04-13 18:27:51.215491+00:00,1.01,0.98,0.02,yes,KXFEDDECISION-26APR-H0,cfd671e2-8dba-688a-478a-6c3577df34e6
2026-04-13 18:28:44.038965+00:00,173,0.98,0.02,yes,KXFEDDECISION-26APR-H0,cab85073-787a-6056-7876-2b3504d9f1a6
2026-04-13 18:37:08.730639+00:00,156.06,0.97,0.03,no,KXFEDDECISION-26APR-H0,26781f5a-e942-7091-8f5c-69d7892b57a5
2026-04-13 18:47:35.231553+00:00,10189.81,0.98,0.02,yes,KXFEDDECISION-26APR-H0,14ed19ac-f4fa-5b8a-32de-3a4c964c8fbe
2026-04-13 18:50:05.422941+00:00,1,0.98,0.02,yes,KXFEDDECISION-26APR-H0,486f82e8-02da-79f2-7faa-191882759772
2026-04-13 18:51:18.404603+00:00,12,0.97,0.03,no,KXFEDDECISION-26APR-H0,9054506a-3f5a-56a9-655c-fc5223fd4e29
2026-04-13 19:02:04.697781+00:00,70,0.97,0.03,no,KXFEDDECISION-26APR-H0,64555f91-8d1e-7b3d-ed0e-e7f7111f5ca1
2026-04-13 19:17:50.407794+00:00,200,0.97,0.03,no,KXFEDDECISION-26APR-H0,0bafdbd7-2ef2-43f9-53f5-bf1c15a59ae9
2026-04-13 19:39:23.972247+00:00,20,0.97,0.03,no,KXFEDDECISION-26APR-H0,2fcde1b6-78d2-444d-d1b4-5f55626d6051
2026-04-13 19:43:57.067508+00:00,2.02,0.97,0.03,no,KXFEDDECISION-26APR-H0,ab5a77fe-2db6-53a9-d5e7-186f67021079
2026-04-13 19:45:29.166722+00:00,1,0.98,0.02,yes,KXFEDDECISION-26APR-H0,2d9537b1-3a26-6ad2-aa75-468a53fdd732
2026-04-13 19:54:11.849847+00:00,5,0.98,0.02,yes,KXFEDDECISION-26APR-H0,9b8d8221-134a-7b5a-a4d3-8839eef908be
2026-04-13 20:29:16.950776+00:00,93.64,0.97,0.03,no,KXFEDDECISION-26APR-H0,2111ce72-3472-4e7d-4fba-bfd003217949
2026-04-13 20:49:23.509890+00:00,40.75,0.98,0.02,yes,KXFEDDECISION-26APR-H0,32e0edde-4976-5bba-e568-a18c6eefb58e
2026-04-13 20:51:48.382670+00:00,31.21,0.97,0.03,no,KXFEDDECISION-26APR-H0,c6046f71-fe32-69bd-e427-786bacd98f5d
2026-04-13 20:54:21.066123+00:00,1,0.97,0.03,no,KXFEDDECISION-26APR-H0,5ec287d1-3022-47dd-4182-9260d00d3661
2026-04-13 20:55:21.617280+00:00,6251,0.98,0.02,yes,KXFEDDECISION-26APR-H0,d9300740-c04a-456e-3b29-3a16806f55d2
2026-04-13 20:57:32.230734+00:00,182.4,0.97,0.03,no,KXFEDDECISION-26APR-H0,4022e742-794e-604d-b3d7-a9bbcc7e4ca5
2026-04-13 21:13:01.442138+00:00,100,0.97,0.03,no,KXFEDDECISION-26APR-H0,086ef4c7-bbee-5dfd-c2e8-03bbea3aba59
2026-04-13 21:40:57.983395+00:00,3.05,0.98,0.02,yes,KXFEDDECISION-26APR-H0,372a74fc-4ba2-514a-0767-313763366bce
2026-04-13 22:08:37.385014+00:00,118,0.97,0.03,no,KXFEDDECISION-26APR-H0,b98c80ac-9736-4031-5db2-274a998b292d
2026-04-13 22:11:45.569876+00:00,200,0.97,0.03,no,KXFEDDECISION-26APR-H0,4d5b7a6b-26e6-7f11-c548-2dc7fbda7835
2026-04-13 22:21:58.872688+00:00,3121.39,0.97,0.03,no,KXFEDDECISION-26APR-H0,d31ca834-f632-7a6d-7d73-0f8946623459
2026-04-13 22:22:49.401414+00:00,101.89,0.98,0.02,yes,KXFEDDECISION-26APR-H0,d104961a-9556-6f6a-042b-12fda043564e
2026-04-13 22:41:26.810896+00:00,6.11,0.98,0.02,yes,KXFEDDECISION-26APR-H0,356eb1a4-0aa2-67ae-abcc-fe88a17fe5b2
2026-04-13 22:41:36.926332+00:00,6.11,0.97,0.03,no,KXFEDDECISION-26APR-H0,ad5cfd30-6672-6b81-1c71-00b29e630395
2026-04-13 22:47:07.856558+00:00,25.47,0.98,0.02,yes,KXFEDDECISION-26APR-H0,63020659-3f0a-43ce-21cc-ff29dbff2c0e
2026-04-13 22:47:31.496750+00:00,25.47,0.97,0.03,no,KXFEDDECISION-26APR-H0,e3613887-1a2e-4c89-b189-59a8caa9d905
2026-04-13 22:58:50.624579+00:00,2.03,0.98,0.02,yes,KXFEDDECISION-26APR-H0,d09e33dc-e056-5c36-2ac7-9c9c317c8ca6
2026-04-13 23:05:44.995663+00:00,50.94,0.98,0.02,yes,KXFEDDECISION-26APR-H0,d5a291c4-65ca-74f2-65d7-0b157c2a18aa
2026-04-13 23:53:14.867250+00:00,2,0.97,0.03,no,KXFEDDECISION-26APR-H0,e0a48aa9-dd5a-57e1-4c79-ce223c4586ed
2026-04-13 23:53:30.229727+00:00,1.01,0.98,0.02,yes,KXFEDDECISION-26APR-H0,9273065b-ec0e-592a-c80a-015d7f82b646
2026-04-13 23:56:55.644767+00:00,5.09,0.98,0.02,yes,KXFEDDECISION-26APR-H0,5810c842-c3b6-4046-25a9-afb880332396
2026-04-14 00:10:01.490897+00:00,31,0.98,0.02,yes,KXFEDDECISION-26APR-H0,7cb83562-2db2-43de-6a2a-701d3fd0c78e
2026-04-14 00:17:18.975164+00:00,31.21,0.97,0.03,no,KXFEDDECISION-26APR-H0,fb508b1d-c1da-6b51-92a3-9bee0514f08d
2026-04-14 00:20:42.923495+00:00,20,0.97,0.03,no,KXFEDDECISION-26APR-H0,c4c1e6b3-153e-7cb5-b9a4-2a7b482d90d9
2026-04-14 00:23:04.787488+00:00,10.18,0.98,0.02,yes,KXFEDDECISION-26APR-H0,ed9b6efc-4e66-617a-19ba-27f04b29eef6
2026-04-14 00:23:37.127629+00:00,100,0.98,0.02,yes,KXFEDDECISION-26APR-H0,a5f2a2d9-809e-64d2-e2b9-6b53d44db9ce
2026-04-14 00:24:57.022255+00:00,10.18,0.97,0.03,no,KXFEDDECISION-26APR-H0,d7488176-eb2a-6911-0c76-939fff53b8c5
2026-04-14 00:27:05.737080+00:00,6.11,0.98,0.02,yes,KXFEDDECISION-26APR-H0,aba83e66-1c4a-5efe-56b3-90911c25face
2026-04-14 00:27:15.807758+00:00,6.52,0.98,0.02,yes,KXFEDDECISION-26APR-H0,1e48ed64-1e2a-42d6-05d4-18ceb14bc42e
2026-04-14 00:27:41.968924+00:00,12.63,0.97,0.03,no,KXFEDDECISION-26APR-H0,1d867d1b-0316-44f1-51ae-885abccf0459
2026-04-14 00:28:46.805704+00:00,19.35,0.98,0.02,yes,KXFEDDECISION-26APR-H0,eca539c5-c33e-714e-7075-103743ef71ba
2026-04-14 00:29:07.769039+00:00,19.35,0.97,0.03,no,KXFEDDECISION-26APR-H0,1ff69e31-9262-5539-f7b1-2ee4d8740121
2026-04-14 00:36:39.930124+00:00,32.6,0.98,0.02,yes,KXFEDDECISION-26APR-H0,356aa7cb-75fa-73d2-d532-41a00a1d1206
2026-04-14 00:38:48.002940+00:00,5,0.98,0.02,yes,KXFEDDECISION-26APR-H0,420f3eda-fcba-7a6e-326d-16f1067624ae
2026-04-14 00:57:13.507829+00:00,218,0.97,0.03,no,KXFEDDECISION-26APR-H0,28f93dcb-f5de-7e61-417f-c87b0af5e2a9
2026-04-14 01:14:45.834995+00:00,5.09,0.98,0.02,yes,KXFEDDECISION-26APR-H0,c0bc36a1-2b26-5616-1025-ff721be0acbe
2026-04-14 01:21:41.231427+00:00,10,0.97,0.03,no,KXFEDDECISION-26APR-H0,54f23105-d246-4f9d-7754-01c803c739b1
2026-04-14 01:43:19.121421+00:00,11,0.97,0.03,no,KXFEDDECISION-26APR-H0,f73d050a-84b6-5f6d-f9fd-52696ac066a1
2026-04-14 01:48:53.165012+00:00,56,0.97,0.03,no,KXFEDDECISION-26APR-H0,4fa53a38-c7d2-7ef1-4cd7-0611ac8d4c31
2026-04-14 01:51:26.332377+00:00,56,0.98,0.02,yes,KXFEDDECISION-26APR-H0,d2dc4d01-bc7a-7836-a212-c3a9db90a25e
2026-04-14 01:58:03.041682+00:00,1.01,0.97,0.03,no,KXFEDDECISION-26APR-H0,f7902a72-d946-6479-63cb-c99ff3d808a9
2026-04-14 02:04:53.846567+00:00,20.37,0.98,0.02,yes,KXFEDDECISION-26APR-H0,0ab0406c-ae26-45ee-a52e-d507839869da
2026-04-14 02:15:41.518940+00:00,525.53,0.97,0.03,no,KXFEDDECISION-26APR-H0,77ead211-464a-71c5-3cf3-a460c0b06491
2026-04-14 02:15:41.518940+00:00,1,0.97,0.03,no,KXFEDDECISION-26APR-H0,75c72b65-1d94-79a9-232b-82f7d51376e2
2026-04-14 02:15:41.518940+00:00,1,0.97,0.03,no,KXFEDDECISION-26APR-H0,5952ef3e-2dff-7054-127e-8b78ecd54650
2026-04-14 02:15:41.518940+00:00,129,0.97,0.03,no,KXFEDDECISION-26APR-H0,3a1a25e8-4827-76a5-2606-7d7068149dac
2026-04-14 02:15:41.518940+00:00,100,0.97,0.03,no,KXFEDDECISION-26APR-H0,2df9057b-d72b-7e22-1487-46957a34b059
2026-04-14 02:15:41.518940+00:00,1500,0.97,0.03,no,KXFEDDECISION-26APR-H0,c5b2b76c-ec7e-7a60-179b-517425e2f95b
2026-04-14 02:15:41.518940+00:00,50000,0.97,0.03,no,KXFEDDECISION-26APR-H0,2a747cf3-f0aa-78a3-1b83-6acaab60b59b
2026-04-14 02:15:41.518940+00:00,13021.47,0.97,0.03,no,KXFEDDECISION-26APR-H0,13cddbbe-ef84-7990-3686-166b2cc42fbf
2026-04-14 02:15:41.518940+00:00,10000,0.97,0.03,no,KXFEDDECISION-26APR-H0,0a59cea9-c167-7cbb-02ce-ddc20c749262
2026-04-14 02:15:41.518940+00:00,1000,0.97,0.03,no,KXFEDDECISION-26APR-H0,8408e210-f457-70b5-068b-cb90b9212f42
2026-04-14 02:15:41.518940+00:00,22222,0.97,0.03,no,KXFEDDECISION-26APR-H0,2be19d29-540f-7140-3023-52643dbb7292
2026-04-14 02:15:41.518940+00:00,1500,0.97,0.03,no,KXFEDDECISION-26APR-H0,93f1cf9f-c4b3-7251-3a59-9e2c4c5c6b4f
2026-04-14 02:16:42.270059+00:00,5,0.97,0.03,no,KXFEDDECISION-26APR-H0,c44ff157-203c-4624-72b3-96c761728a27
2026-04-14 02:31:29.735981+00:00,5.09,0.97,0.03,no,KXFEDDECISION-26APR-H0,ca0f9c38-9b50-44f8-ab27-227f73a72ad7
2026-04-14 02:35:02.274388+00:00,5.09,0.98,0.02,yes,KXFEDDECISION-26APR-H0,b8270f69-648e-6136-cd83-4202d768a7da
2026-04-14 02:36:56.309527+00:00,400,0.97,0.03,no,KXFEDDECISION-26APR-H0,bd4ea1a9-7c04-56ac-24a6-4220a6ba28b7
2026-04-14 02:46:32.321570+00:00,2.03,0.98,0.02,yes,KXFEDDECISION-26APR-H0,7448e82f-b026-75a6-ec56-65daa28796d2
2026-04-14 02:57:52.343463+00:00,156.06,0.98,0.02,yes,KXFEDDECISION-26APR-H0,0fc0d582-d1de-7fe2-b8e4-e317f3ea21c6
2026-04-14 03:05:50.700293+00:00,62.42,0.97,0.03,no,KXFEDDECISION-26APR-H0,35dc65c8-1878-73f8-e4f0-86f57601e77f
2026-04-14 03:36:03.182865+00:00,93.64,0.97,0.03,no,KXFEDDECISION-26APR-H0,9282629f-2c58-4614-9dca-eb347732ae8f
2026-04-14 03:47:06.624551+00:00,624,0.97,0.03,no,KXFEDDECISION-26APR-H0,f78a4df8-aad0-7d44-c885-8a964ef40e8f
2026-04-14 03:54:56.293243+00:00,20.37,0.97,0.03,no,KXFEDDECISION-26APR-H0,ed299d18-7bdc-62ec-537e-406fc4198623
2026-04-14 03:58:08.669773+00:00,624.27,0.97,0.03,no,KXFEDDECISION-26APR-H0,ccaf9a87-a5e4-4758-e2bf-16b68916abab
2026-04-14 04:03:18.228218+00:00,5.09,0.98,0.02,yes,KXFEDDECISION-26APR-H0,4b05f3b6-a042-4826-875e-c004de178b6a
2026-04-14 04:04:22.779856+00:00,5.09,0.97,0.03,no,KXFEDDECISION-26APR-H0,e0502ae0-7668-4d68-afde-0bbb3ab7eee7
2026-04-14 04:04:33.547648+00:00,5.09,0.98,0.02,yes,KXFEDDECISION-26APR-H0,516edeee-22de-6f8e-85c8-83fbb779df86
2026-04-14 04:35:26.525737+00:00,10.18,0.98,0.02,yes,KXFEDDECISION-26APR-H0,cf8c942e-bed2-4efe-6570-31944f5e7926
2026-04-14 04:45:18.731414+00:00,39.2,0.97,0.03,no,KXFEDDECISION-26APR-H0,62f5b076-f8d0-49e4-12ef-3b388fc2f577
2026-04-14 04:48:24.023493+00:00,20,0.97,0.03,no,KXFEDDECISION-26APR-H0,178fd02b-8a58-7820-d320-83165e6ed7c7
2026-04-14 04:51:29.867255+00:00,1.01,0.98,0.02,yes,KXFEDDECISION-26APR-H0,c4277e29-472a-5522-8d62-6549aa8fafea
2026-04-14 04:59:56.324118+00:00,420,0.97,0.03,no,KXFEDDECISION-26APR-H0,3234fed1-ae04-4a6c-210d-f05e6306ab73
2026-04-14 05:02:49.748757+00:00,0.4,0.98,0.02,yes,KXFEDDECISION-26APR-H0,332ca006-532e-75a2-b338-ce21795e2482
2026-04-14 05:07:01.129783+00:00,8.94,0.98,0.02,yes,KXFEDDECISION-26APR-H0,c2a4730f-ae6e-458a-b607-0861932f099e
2026-04-14 05:18:28.465600+00:00,2.03,0.98,0.02,yes,KXFEDDECISION-26APR-H0,9bdd0d1c-f12a-6342-7efc-a9bc45a28512
2026-04-14 05:26:47.545831+00:00,13,0.97,0.03,no,KXFEDDECISION-26APR-H0,7cbb9c63-ebc8-45e0-220d-e79ec32ef447
2026-04-14 05:27:56.135198+00:00,12.48,0.98,0.02,yes,KXFEDDECISION-26APR-H0,c6aaa945-8c52-582a-99ac-3cd539a04452
2026-04-14 05:30:37.092988+00:00,10.18,0.98,0.02,yes,KXFEDDECISION-26APR-H0,dd7e9d7e-0f22-687a-f201-821f5f20216e
2026-04-14 05:31:07.463803+00:00,3.05,0.98,0.02,yes,KXFEDDECISION-26APR-H0,cacb209b-153a-5ec6-abe2-e8420123d7d6
2026-04-14 05:40:35.807771+00:00,2,0.97,0.03,no,KXFEDDECISION-26APR-H0,0e38c51e-6c3c-7914-2e7f-1edbd8cb21b3
2026-04-14 05:41:14.870343+00:00,3.05,0.97,0.03,no,KXFEDDECISION-26APR-H0,f46c88de-7494-73f0-621d-71ecd1a43b7f
2026-04-14 05:54:42.942334+00:00,2.03,0.98,0.02,yes,KXFEDDECISION-26APR-H0,96e38c18-ef7e-646e-bca3-ffd62832d5a6
2026-04-14 05:54:54.550152+00:00,2.03,0.97,0.03,no,KXFEDDECISION-26APR-H0,2b699352-852c-7f64-1371-c99f4e3c94d3
2026-04-14 07:14:50.779999+00:00,10,0.98,0.02,yes,KXFEDDECISION-26APR-H0,6a58e825-cbe6-493a-9777-0e56bd47a38e
2026-04-14 07:15:54.237130+00:00,20.37,0.98,0.02,yes,KXFEDDECISION-26APR-H0,1a962048-f962-5c62-518b-72f865fc15da
2026-04-14 07:17:07.941252+00:00,100,0.97,0.03,no,KXFEDDECISION-26APR-H0,f818cac7-8ea0-5c7c-62b7-8223bd93e3db
2026-04-14 08:06:08.289484+00:00,1000,0.98,0.02,yes,KXFEDDECISION-26APR-H0,5c1d41b7-4dc6-56b2-bc1c-5a8afcde9682
2026-04-14 08:25:17.779644+00:00,1.01,0.98,0.02,yes,KXFEDDECISION-26APR-H0,fed2edc2-b1ee-7b32-1e4b-57c8d7c75ad2
2026-04-14 10:22:22.745949+00:00,125,0.97,0.03,no,KXFEDDECISION-26APR-H0,7bbd14b6-4b90-446c-3195-123ec44f542f
2026-04-14 10:22:29.353784+00:00,125,0.98,0.02,yes,KXFEDDECISION-26APR-H0,adfd213c-7b46-7abe-a511-d5e9ca7efc5e
2026-04-14 10:41:45.899353+00:00,10,0.97,0.03,no,KXFEDDECISION-26APR-H0,64650191-fc68-44d0-89fe-1318093531af
2026-04-14 10:41:57.364631+00:00,20.37,0.97,0.03,no,KXFEDDECISION-26APR-H0,82ba052d-e458-6cac-4ab1-a151a281c263
2026-04-14 10:59:35.333328+00:00,43.38,0.97,0.03,no,KXFEDDECISION-26APR-H0,8f61c38e-0e2c-697c-8652-82722cb77c63
2026-04-14 11:02:56.786397+00:00,100,0.97,0.03,no,KXFEDDECISION-26APR-H0,e34248d5-644c-5870-249e-17d708fc3c0f
2026-04-14 11:04:18.270254+00:00,156.06,0.98,0.02,yes,KXFEDDECISION-26APR-H0,1c1a0d73-855e-71da-02b5-bb24665fddce
2026-04-14 11:07:37.373752+00:00,18,0.98,0.02,yes,KXFEDDECISION-26APR-H0,92661e18-f20e-76ae-d2fe-21401e26f09a
2026-04-14 11:08:11.357943+00:00,18,0.97,0.03,no,KXFEDDECISION-26APR-H0,979dee2f-8168-50bc-b33d-b19088892a1b
2026-04-14 11:08:16.775871+00:00,5.09,0.98,0.02,yes,KXFEDDECISION-26APR-H0,4fc97854-2862-7be6-11a3-97e6b69828fa
2026-04-14 11:08:38.306416+00:00,20.37,0.98,0.02,yes,KXFEDDECISION-26APR-H0,6454aa83-571a-73c2-0579-3990c92e0ba2
2026-04-14 11:09:24.939322+00:00,1030.05,0.97,0.03,no,KXFEDDECISION-26APR-H0,cddce116-cb24-7a90-8e6a-84c5815eabc3
2026-04-14 11:20:52.492255+00:00,1030.05,0.97,0.03,no,KXFEDDECISION-26APR-H0,76411337-94a0-5884-789a-fb1c0c4503e7
2026-04-14 11:37:32.913496+00:00,5.09,0.98,0.02,yes,KXFEDDECISION-26APR-H0,58274d19-084a-7f12-a8a3-3c02709cf64e
2026-04-14 11:50:58.878751+00:00,100,0.97,0.03,no,KXFEDDECISION-26APR-H0,664152d4-410c-6c4c-6c22-2cedcf63adc7
2026-04-14 12:17:33.538669+00:00,10.18,0.98,0.02,yes,KXFEDDECISION-26APR-H0,6be0dde3-3a0a-665e-606f-6ef0bd97664a
2026-04-14 12:49:46.666627+00:00,240,0.97,0.03,no,KXFEDDECISION-26APR-H0,e0ac542d-7110-7fdc-166c-c685d32492e7
2026-04-14 12:50:02.764723+00:00,5.09,0.98,0.02,yes,KXFEDDECISION-26APR-H0,814e0e37-48b6-6a12-046a-e4e9e4e23f32
2026-04-14 12:55:15.735127+00:00,25.47,0.98,0.02,yes,KXFEDDECISION-26APR-H0,1c121981-4ffa-5a36-36c5-5d2f010e0462
2026-04-14 13:00:18.172357+00:00,100,0.97,0.03,no,KXFEDDECISION-26APR-H0,1f90ac7b-cc30-7b78-21e0-46ecac020c83
2026-04-14 13:12:41.466029+00:00,25.47,0.98,0.02,yes,KXFEDDECISION-26APR-H0,f0ac883e-eeca-5956-ea6c-3a923adb47be
2026-04-14 13:28:30.877669+00:00,8.15,0.98,0.02,yes,KXFEDDECISION-26APR-H0,3e6ba455-e356-7bc6-b7a6-ff9b8677cb4e
2026-04-14 13:33:06.245558+00:00,2746.82,0.97,0.03,no,KXFEDDECISION-26APR-H0,33989466-dfbc-5a84-ad14-925e95769d67
2026-04-14 13:56:48.024279+00:00,156.06,0.97,0.03,no,KXFEDDECISION-26APR-H0,4f8bd642-e110-500c-3260-4e2b4d1f601b
2026-04-14 13:59:58.750874+00:00,200,0.97,0.03,no,KXFEDDECISION-26APR-H0,f78a4868-c2a8-47b8-c858-f4c388620ca7
2026-04-14 14:04:06.149544+00:00,450,0.97,0.03,no,KXFEDDECISION-26APR-H0,3bd5054d-301c-77ec-ba65-65e3c50d286f
2026-04-14 14:05:19.466330+00:00,31.21,0.98,0.02,yes,KXFEDDECISION-26APR-H0,20388929-8726-6af2-9f77-ee31065186f6
2026-04-14 14:14:12.229524+00:00,40,0.97,0.03,no,KXFEDDECISION-26APR-H0,02f575da-142c-6bd8-bd51-f15418b9b9a3
2026-04-14 14:16:19.512533+00:00,13461.65,0.98,0.02,yes,KXFEDDECISION-26APR-H0,8f1d2c63-2672-7876-0012-3f8be8b596ea
2026-04-14 14:16:19.512533+00:00,66538.35,0.98,0.02,yes,KXFEDDECISION-26APR-H0,044c4677-a603-7aa9-0e2f-ccdfba0d1444
2026-04-14 14:17:58.765203+00:00,1,0.98,0.02,yes,KXFEDDECISION-26APR-H0,00a19d60-07d3-6809-1d5b-0945b80c1004
2026-04-14 14:18:19.273251+00:00,1.01,0.98,0.02,yes,KXFEDDECISION-26APR-H0,7da93a19-5acb-729d-aaec-a304e533bd94
2026-04-14 14:19:19.752686+00:00,1.01,0.98,0.02,yes,KXFEDDECISION-26APR-H0,b46df757-003f-6b49-aeeb-6c06e86ea4f4
2026-04-14 14:19:26.927035+00:00,19,0.97,0.03,no,KXFEDDECISION-26APR-H0,f906c24b-f384-4bac-b7c0-04cb9b113a2f
2026-04-14 14:45:54.919498+00:00,63,0.98,0.02,yes,KXFEDDECISION-26APR-H0,fc60e677-8c87-6c31-9f09-e523a1231ac8
2026-04-14 14:46:49.540940+00:00,1000,0.98,0.02,yes,KXFEDDECISION-26APR-H0,b434419f-40ab-6edd-600c-0791c67e98dc
2026-04-14 14:54:52.107262+00:00,5,0.98,0.02,yes,KXFEDDECISION-26APR-H0,ed8e7b88-b00b-74d9-4c47-23cfba82ebe0
2026-04-14 14:57:11.027753+00:00,100,0.97,0.03,no,KXFEDDECISION-26APR-H0,9fcc09b0-aafc-4410-eabe-33119d7aa92f
2026-04-14 15:17:45.237238+00:00,50.94,0.98,0.02,yes,KXFEDDECISION-26APR-H0,cc3bb841-38a7-5dd9-398f-675b8a94aba4
2026-04-14 15:21:38.955103+00:00,1092.48,0.97,0.03,no,KXFEDDECISION-26APR-H0,4b0cfae1-09e0-4670-0480-454f6d77d4df
2026-04-14 15:22:03.560355+00:00,20,0.97,0.03,no,KXFEDDECISION-26APR-H0,7efb335f-7894-6234-5ba0-b394be2ad33b
2026-04-14 15:26:47.070568+00:00,156,0.97,0.03,no,KXFEDDECISION-26APR-H0,ee0b25ca-84c0-4fe8-2680-fbf4f202f823
2026-04-14 15:28:48.843368+00:00,10,0.97,0.03,no,KXFEDDECISION-26APR-H0,b591ac46-1c9c-7904-c487-f475f94926c3
2026-04-14 15:35:27.287586+00:00,1,0.98,0.02,yes,KXFEDDECISION-26APR-H0,f6ed4cd2-e953-6245-16e4-904af61393c0
2026-04-14 15:46:47.018042+00:00,20,0.97,0.03,no,KXFEDDECISION-26APR-H0,011961ce-1434-7ec4-ce0c-e329b6dcaa73
2026-04-14 15:54:55.909559+00:00,20.37,0.97,0.03,no,KXFEDDECISION-26APR-H0,a21d4ba6-4d78-7060-3ecd-bb38eee4d857
2026-04-14 16:19:34.611696+00:00,3.05,0.98,0.02,yes,KXFEDDECISION-26APR-H0,8052e653-53d3-6b49-ea20-ea7a36288828
2026-04-14 16:20:48.369271+00:00,3.05,0.97,0.03,no,KXFEDDECISION-26APR-H0,75490127-7400-5ac8-0f5c-7eeceb85f723
2026-04-14 16:33:22.877022+00:00,1,0.98,0.02,yes,KXFEDDECISION-26APR-H0,9bc76eae-f23f-613d-c03f-5f5ff9d36f70
2026-04-14 16:33:25.475229+00:00,1,0.98,0.02,yes,KXFEDDECISION-26APR-H0,37f322de-607b-4e39-f220-7571525b1ef8
2026-04-14 16:33:38.640242+00:00,1,0.98,0.02,yes,KXFEDDECISION-26APR-H0,20e9b512-e06b-689d-c314-965bc292e838
2026-04-14 16:57:12.924960+00:00,5,0.97,0.03,no,KXFEDDECISION-26APR-H0,f490c515-8988-4e24-4199-38368d203aef
2026-04-14 17:00:05.629515+00:00,1.01,0.98,0.02,yes,KXFEDDECISION-26APR-H0,486f4e75-9c17-7ca1-bb48-5223ee6f3c34
2026-04-14 17:03:34.241890+00:00,1,0.98,0.02,yes,KXFEDDECISION-26APR-H0,70811c65-b203-65ed-bba7-455ac3676f30
2026-04-14 17:03:50.156310+00:00,1,0.98,0.02,yes,KXFEDDECISION-26APR-H0,17ec343d-1caf-4175-1195-8053207acfc4
2026-04-14 17:04:05.892369+00:00,1,0.98,0.02,yes,KXFEDDECISION-26APR-H0,8b3eae7b-fc27-7719-b1da-a64435bf8ee8
2026-04-14 17:04:22.534379+00:00,19,0.97,0.03,no,KXFEDDECISION-26APR-H0,03683864-c920-43cc-5bc4-30916c65ebfb
2026-04-14 17:04:25.244737+00:00,30000,0.98,0.02,yes,KXFEDDECISION-26APR-H0,7e8d46bb-ad83-75fd-ccf5-d3753520e748
2026-04-14 17:06:57.900331+00:00,600,0.97,0.03,no,KXFEDDECISION-26APR-H0,7db9c724-c240-66f8-5bb8-9807b1bd2b0b
2026-04-14 17:07:07.431237+00:00,20.37,0.98,0.02,yes,KXFEDDECISION-26APR-H0,229c4bcd-4d6f-5ed5-7203-b38df2106c54
2026-04-14 17:11:23.311657+00:00,9.36,0.97,0.03,no,KXFEDDECISION-26APR-H0,db14ba74-b028-4914-e1e7-cf4561410b73
2026-04-14 17:11:46.318841+00:00,25,0.97,0.03,no,KXFEDDECISION-26APR-H0,c965c9a8-0dfc-5bb8-4319-eb72a0cdff0f
2026-04-14 17:30:51.186460+00:00,10,0.97,0.03,no,KXFEDDECISION-26APR-H0,0401cb54-4484-657c-8407-41085e80f84b
2026-04-14 17:31:42.522521+00:00,195.08,0.97,0.03,no,KXFEDDECISION-26APR-H0,4f36550c-f4ec-53f8-22aa-fd10a6dddceb
2026-04-14 17:33:47.299033+00:00,1,0.98,0.02,yes,KXFEDDECISION-26APR-H0,da2d03bb-f7af-7a65-0cef-7f7e741d8238
2026-04-14 17:34:02.973887+00:00,1,0.98,0.02,yes,KXFEDDECISION-26APR-H0,9377a1f1-bf0f-7ad1-caf3-44cb4cf13f48
2026-04-14 17:34:18.870058+00:00,1,0.98,0.02,yes,KXFEDDECISION-26APR-H0,f5304957-dd33-6b6d-3bfd-834ad0291f3c
2026-04-14 17:40:52.334183+00:00,366,0.97,0.03,no,KXFEDDECISION-26APR-H0,48404697-9b78-4eb8-cd8c-36edf11756ef
2026-04-14 18:00:39.301943+00:00,312.13,0.97,0.03,no,KXFEDDECISION-26APR-H0,0a253c1c-abdc-49b0-d3e2-4da7db884883
2026-04-14 18:03:59.471736+00:00,1,0.98,0.02,yes,KXFEDDECISION-26APR-H0,1de3e3dc-e79f-630d-3193-6905afcd8e40
2026-04-14 18:04:15.373113+00:00,1,0.98,0.02,yes,KXFEDDECISION-26APR-H0,1cf51220-59db-5615-6356-6be4bc970fe8
2026-04-14 18:04:31.269963+00:00,1,0.98,0.02,yes,KXFEDDECISION-26APR-H0,c6840721-d153-6275-c2b9-5e2949ef1304
2026-04-14 18:09:40.133374+00:00,20,0.97,0.03,no,KXFEDDECISION-26APR-H0,83290c5f-4140-76d0-ed9e-ee0ec06e6a27
2026-04-14 18:16:53.705142+00:00,1,0.97,0.03,no,KXFEDDECISION-26APR-H0,874e590b-db48-50f0-1c1e-2ab1be2b7e6f
2026-04-14 18:18:25.800816+00:00,101.89,0.98,0.02,yes,KXFEDDECISION-26APR-H0,a998efa6-239f-7f79-af50-313f99ba330c
2026-04-14 18:22:06.267661+00:00,3.05,0.98,0.02,yes,KXFEDDECISION-26APR-H0,61eecf56-b52f-66a5-e4cf-5a016d69b314
2026-04-14 18:27:56.694593+00:00,3.05,0.98,0.02,yes,KXFEDDECISION-26APR-H0,7643697f-7ff7-442d-6ea1-89eb749d12c0
2026-04-14 18:30:51.970403+00:00,400,0.97,0.03,no,KXFEDDECISION-26APR-H0,3b3eedb1-9a1c-5c34-7598-90616fc2670b
2026-04-14 18:34:11.886123+00:00,1,0.98,0.02,yes,KXFEDDECISION-26APR-H0,0366c118-f773-5cfd-4acf-fbc35ca5bea0
2026-04-14 18:34:27.669611+00:00,1,0.98,0.02,yes,KXFEDDECISION-26APR-H0,f0a5d3a3-e19f-7e1d-b0c9-eefbcd9bc188
2026-04-14 18:34:43.905358+00:00,1,0.98,0.02,yes,KXFEDDECISION-26APR-H0,089dd937-2d1f-78dd-7540-f4a6208c2cb0
2026-04-14 18:37:01.894996+00:00,979,0.98,0.02,yes,KXFEDDECISION-26APR-H0,37dddd66-14c7-5e01-cb79-8557ce4b99b0
2026-04-14 18:39:53.370493+00:00,1.01,0.98,0.02,yes,KXFEDDECISION-26APR-H0,43fe76d1-92d3-4e25-e044-37eab3aebf3c
2026-04-14 18:47:25.499148+00:00,239.74,0.98,0.02,yes,KXFEDDECISION-26APR-H0,106efcf3-b4ec-442b-0b94-37a01da0cbb6
2026-04-14 18:47:25.499148+00:00,1211.26,0.98,0.02,yes,KXFEDDECISION-26APR-H0,bcb59b2e-b4db-45d9-282c-1a8c09817878
2026-04-14 18:47:39.998345+00:00,50,0.97,0.03,no,KXFEDDECISION-26APR-H0,0b0ff2ce-30e0-60ac-edb4-78945ebd8c8b
2026-04-14 18:49:01.788734+00:00,4.57,0.98,0.02,yes,KXFEDDECISION-26APR-H0,3d5e6f4a-8528-75cf-5027-47e178e51462
2026-04-14 18:50:40.134356+00:00,255.69,0.98,0.02,yes,KXFEDDECISION-26APR-H0,dc50609c-0ac0-4def-b0fa-199edd99ee4e
2026-04-14 19:13:49.268532+00:00,46.79,0.98,0.02,no,KXFEDDECISION-26APR-H0,9d83ee32-7a32-7889-7411-a5de4592a351
2026-04-14 19:24:29.583810+00:00,2.01,0.99,0.01,yes,KXFEDDECISION-26APR-H0,585dde1a-5d8e-4c5c-514e-40bbc580a80f
2026-04-14 19:32:56.683943+00:00,10.09,0.99,0.01,yes,KXFEDDECISION-26APR-H0,679d4298-0dce-658c-753c-e930a6b874ef
2026-04-14 19:40:59.495730+00:00,2519.48,0.98,0.02,no,KXFEDDECISION-26APR-H0,4ada593f-ac97-787e-b8ae-262eec4d60e5
2026-04-14 19:40:59.495730+00:00,2197.52,0.98,0.02,no,KXFEDDECISION-26APR-H0,41a46f9b-a756-7e05-b497-006ec7e81505
2026-04-14 19:47:09.575193+00:00,49980,0.98,0.02,no,KXFEDDECISION-26APR-H0,56d870d4-1c4e-5597-4bde-b18a3abd3d9e
2026-04-14 19:47:09.575193+00:00,20,0.98,0.02,no,KXFEDDECISION-26APR-H0,a4f54723-1990-5e1e-5aeb-22688de9fd44
2026-04-14 20:17:42.679136+00:00,2.02,0.98,0.02,no,KXFEDDECISION-26APR-H0,a122215e-8d02-5203-2cce-cc88804ddcf6
2026-04-14 20:28:24.309081+00:00,482.02,0.98,0.02,no,KXFEDDECISION-26APR-H0,92d5198b-04ef-5b22-9901-d2220938d23d
2026-04-14 20:28:24.309081+00:00,17.98,0.98,0.02,no,KXFEDDECISION-26APR-H0,e4b2daf8-bfd2-5b53-8344-18d8595cfcaa
2026-04-14 20:28:40.031991+00:00,1,0.97,0.03,no,KXFEDDECISION-26APR-H0,81e1325d-0f78-4794-37e6-cc45c9489227
2026-04-14 20:28:55.279395+00:00,1,0.97,0.03,no,KXFEDDECISION-26APR-H0,b1bcda9d-c9e4-5ee8-5e28-7cbe5ba7cfa3
2026-04-14 20:28:55.635832+00:00,20.18,0.99,0.01,yes,KXFEDDECISION-26APR-H0,1c0940ce-4c06-678c-6fd4-a1b2d97db73f
2026-04-14 20:56:26.261989+00:00,0.5,0.98,0.02,no,KXFEDDECISION-26APR-H0,8949a8f0-3d0c-6f9e-2176-27d95d9c0d95
2026-04-14 21:27:13.490309+00:00,46,0.98,0.02,no,KXFEDDECISION-26APR-H0,8a9d24c3-d5ec-60be-bf28-e5f17ddf6d51
2026-04-14 21:40:57.183013+00:00,10.18,0.98,0.02,no,KXFEDDECISION-26APR-H0,7a91cf31-5d24-5786-2a44-8f7beec881f1
2026-04-14 21:50:54.099623+00:00,10.1,0.99,0.01,yes,KXFEDDECISION-26APR-H0,c505dfa5-bb3a-4124-d27b-e18796b7ea9f
2026-04-14 21:55:42.669430+00:00,50,0.98,0.02,no,KXFEDDECISION-26APR-H0,aaf4a01f-dd24-5396-c0df-4012c3b1bd01
2026-04-14 21:58:12.780462+00:00,46.79,0.98,0.02,no,KXFEDDECISION-26APR-H0,68bc060e-cabc-600a-6149-469daa36c841
2026-04-14 22:08:57.406354+00:00,1.51,0.99,0.01,yes,KXFEDDECISION-26APR-H0,5125c19e-e8d6-5344-ea2d-f285a0cc9013
2026-04-14 22:14:53.875917+00:00,42,0.98,0.02,no,KXFEDDECISION-26APR-H0,c106913e-3c4c-413e-8459-2b2c3fd49685
2026-04-14 22:23:57.794242+00:00,20.18,0.99,0.01,yes,KXFEDDECISION-26APR-H0,17df91b1-4516-5574-bae4-072c3a5fb5c7
2026-04-14 22:29:20.158396+00:00,5.04,0.99,0.01,yes,KXFEDDECISION-26APR-H0,865f2fa9-7142-49f0-a7e1-50d810001b37
2026-04-14 22:30:40.138142+00:00,1,0.99,0.01,yes,KXFEDDECISION-26APR-H0,509109db-e5c6-780c-b3ac-03dcff6d1efb
2026-04-14 22:31:07.187689+00:00,6,0.99,0.01,yes,KXFEDDECISION-26APR-H0,f1079417-85b2-7bd0-623d-5917ebe58287
2026-04-14 22:32:40.774007+00:00,6,0.98,0.02,no,KXFEDDECISION-26APR-H0,e24673ff-fe50-78e6-5474-8cd7d6f08781
2026-04-14 22:41:26.906885+00:00,0.55,0.99,0.01,yes,KXFEDDECISION-26APR-H0,5b3e9781-2b02-6fb8-2206-065ec47e4a9f
2026-04-14 22:41:58.627296+00:00,1,0.99,0.01,yes,KXFEDDECISION-26APR-H0,a71d52a2-d9fe-7920-dd30-6d0e5d604a97
2026-04-14 22:50:19.217352+00:00,116.61,0.98,0.02,no,KXFEDDECISION-26APR-H0,d5b27049-c2e8-5442-09e0-6c5bab77dd9d
2026-04-14 23:46:01.738873+00:00,10.09,0.99,0.01,yes,KXFEDDECISION-26APR-H0,2525b8c2-c8c6-7e04-91df-af9b8a115cc7
2026-04-14 23:48:29.891195+00:00,625,0.98,0.02,no,KXFEDDECISION-26APR-H0,7d6ef1c9-0ec8-6f12-6636-61f00befd6c1
2026-04-15 00:16:30.775216+00:00,5.04,0.99,0.01,yes,KXFEDDECISION-26APR-H0,d53a4170-5692-4a14-191c-8955cbdcf3af
2026-04-15 00:17:12.558091+00:00,500,0.98,0.02,no,KXFEDDECISION-26APR-H0,a709e448-aa4c-47f2-11a3-3e739cb9e601
2026-04-15 00:21:08.166728+00:00,5.04,0.99,0.01,yes,KXFEDDECISION-26APR-H0,a2bba2ab-131e-59ac-d205-8b2f8784286b
2026-04-15 00:41:17.349770+00:00,10.29,0.98,0.02,no,KXFEDDECISION-26APR-H0,1577f7dd-0640-485a-4252-3d79459ae009
2026-04-15 00:44:02.191411+00:00,467.9,0.98,0.02,no,KXFEDDECISION-26APR-H0,d7690289-8864-6bb6-4dae-1e7304036011
2026-04-15 00:49:50.125521+00:00,10,0.98,0.02,no,KXFEDDECISION-26APR-H0,9daf7e60-3b10-694e-0111-9e4de4cffeb9
2026-04-15 00:52:14.883424+00:00,10.09,0.99,0.01,yes,KXFEDDECISION-26APR-H0,225fc772-a252-5be4-d020-f172d9770dff
2026-04-15 01:45:57.922069+00:00,68.73,0.98,0.02,no,KXFEDDECISION-26APR-H0,cbd1e6d2-cf68-6516-f3ec-9838e3cfe1f9
2026-04-15 01:45:57.922069+00:00,11.27,0.98,0.02,no,KXFEDDECISION-26APR-H0,f2ce0c6e-c4b1-6c80-d0a4-a367ea14f9fe
2026-04-15 02:06:30.169088+00:00,3019.5,0.99,0.01,yes,KXFEDDECISION-26APR-H0,3d6c0b32-e876-5a68-5930-3386287f403f
2026-04-15 02:07:44.929592+00:00,179.09,0.99,0.01,yes,KXFEDDECISION-26APR-H0,50b9d469-233e-404c-b191-f140d105a063
2026-04-15 02:20:02.423802+00:00,46.79,0.98,0.02,no,KXFEDDECISION-26APR-H0,fddf95c4-b7f1-607c-1da0-81d70f03e32a
2026-04-15 02:25:25.332542+00:00,250,0.98,0.02,no,KXFEDDECISION-26APR-H0,7f8ef4f6-b9b1-6e20-5bf1-c803573205be
2026-04-15 02:36:42.087931+00:00,3.02,0.99,0.01,yes,KXFEDDECISION-26APR-H0,43edd159-92b6-4a28-79fa-c6a11b39473f
2026-04-15 02:53:36.489129+00:00,46.79,0.98,0.02,no,KXFEDDECISION-26APR-H0,7b6fe7b7-3f25-4d98-3a56-bb635878e75e
2026-04-15 03:07:44.789396+00:00,42,0.98,0.02,no,KXFEDDECISION-26APR-H0,38f74b9f-90f5-415c-b8d9-9e1a8c87d272
2026-04-15 03:25:08.545742+00:00,3649.63,0.98,0.02,no,KXFEDDECISION-26APR-H0,d5d20131-95dd-5160-165e-72d4c1326c3e
2026-04-15 03:31:37.609713+00:00,233.5,0.98,0.02,no,KXFEDDECISION-26APR-H0,fb8013ff-72e1-425c-4a1b-834483a8c18e
2026-04-15 03:39:56.755634+00:00,5.04,0.99,0.01,yes,KXFEDDECISION-26APR-H0,8f29b172-e496-4da4-9335-5f65771e2b13
2026-04-15 03:58:23.277398+00:00,1,0.99,0.01,yes,KXFEDDECISION-26APR-H0,fd9c9268-0946-74d8-6f71-f65716bd9d53
2026-04-15 03:58:34.949729+00:00,1,0.98,0.02,no,KXFEDDECISION-26APR-H0,5b89c05d-65cd-7fb4-1731-0c38c8d45066
2026-04-15 04:33:05.264336+00:00,46.5,0.98,0.02,no,KXFEDDECISION-26APR-H0,d2063111-1805-412c-f2a6-c8c5f6bda786
2026-04-15 04:33:12.265747+00:00,165,0.99,0.01,yes,KXFEDDECISION-26APR-H0,48dcbf25-245a-5940-274b-fea1b58d86ef
2026-04-15 04:37:42.441601+00:00,1141.68,0.98,0.02,no,KXFEDDECISION-26APR-H0,cda39c67-c2c9-614c-e070-0b9bded881c6
2026-04-15 04:42:25.594091+00:00,2.01,0.99,0.01,yes,KXFEDDECISION-26APR-H0,34285975-cf76-7e38-b725-415e709d1253
2026-04-15 04:42:39.436162+00:00,2.01,0.98,0.02,no,KXFEDDECISION-26APR-H0,3bb2428d-8645-4e14-ede6-216b18375dd6
2026-04-15 04:47:12.993951+00:00,250,0.98,0.02,no,KXFEDDECISION-26APR-H0,b7dc3170-40cd-7a98-5384-8a3848b36c62
2026-04-15 04:58:43.827390+00:00,20,0.99,0.01,yes,KXFEDDECISION-26APR-H0,036e3514-cfd6-5564-7e47-44a33e273a23
2026-04-15 04:59:22.700437+00:00,93.58,0.98,0.02,no,KXFEDDECISION-26APR-H0,11708f34-0695-7190-4fd6-5cdaa7accc76
2026-04-15 05:10:04.294228+00:00,5.09,0.98,0.02,no,KXFEDDECISION-26APR-H0,4794c15a-d2e1-64ac-46e9-02fdd68c27ba
2026-04-15 05:16:06.699678+00:00,1,0.98,0.02,no,KXFEDDECISION-26APR-H0,c36953dd-963d-69c8-7253-967d21c15972
2026-04-15 05:50:51.697082+00:00,1,0.99,0.01,yes,KXFEDDECISION-26APR-H0,2c99f278-7552-57a8-e574-cf0787d6e3ef
2026-04-15 05:52:27.925678+00:00,25,0.98,0.02,no,KXFEDDECISION-26APR-H0,95cf61f8-1bbd-5f1c-14fe-44ad0fc4f6f2
2026-04-15 06:05:25.182552+00:00,116.97,0.98,0.02,no,KXFEDDECISION-26APR-H0,b596b2d0-d8c1-50a0-c7ae-55fb079ee6ca
2026-04-15 06:17:01.681660+00:00,5.04,0.99,0.01,yes,KXFEDDECISION-26APR-H0,61b02356-2472-583c-1bb0-a308e4e07def
2026-04-15 06:24:03.225671+00:00,1,0.99,0.01,yes,KXFEDDECISION-26APR-H0,13b6ffae-3ed2-7b1c-0417-95cdfbbf08a3
2026-04-15 06:37:04.835401+00:00,500,0.98,0.02,no,KXFEDDECISION-26APR-H0,f125a153-6b59-54bc-a587-9ba58c86ce12
2026-04-15 06:37:35.352651+00:00,75,0.98,0.02,no,KXFEDDECISION-26APR-H0,8e727c3e-2519-6ef0-1a91-50e7817d87c2
2026-04-15 06:40:50.369781+00:00,50,0.98,0.02,no,KXFEDDECISION-26APR-H0,a8e323ba-603d-7158-3bbf-640deab370da
2026-04-15 08:59:48.987301+00:00,5.04,0.99,0.01,yes,KXFEDDECISION-26APR-H0,8abd6364-c556-5b88-c5e4-9f4369bed4e3
2026-04-15 09:30:05.412323+00:00,928.64,0.99,0.01,yes,KXFEDDECISION-26APR-H0,f0cc57c7-837e-70ac-bb38-8b164a33979f
2026-04-15 09:39:40.927890+00:00,15135.24,0.99,0.01,yes,KXFEDDECISION-26APR-H0,00489c44-54ee-4e2c-f2c8-358239df3d1f
2026-04-15 10:14:12.028793+00:00,20.36,0.98,0.02,no,KXFEDDECISION-26APR-H0,beee3dd1-1eed-72a4-298a-d1bf6a4d7c4e
2026-04-15 10:45:08.271445+00:00,3,0.99,0.01,yes,KXFEDDECISION-26APR-H0,b13349e6-549a-7894-4285-39c361e2ba8f
2026-04-15 10:48:05.219919+00:00,46.79,0.98,0.02,no,KXFEDDECISION-26APR-H0,ccd782ea-ba05-79a4-f27f-dff9d72a9fce
2026-04-15 10:52:53.891971+00:00,16.06,0.99,0.01,yes,KXFEDDECISION-26APR-H0,1874c68b-b43e-6600-c025-c1a2827770cb
2026-04-15 11:16:23.662890+00:00,4679.01,0.98,0.02,no,KXFEDDECISION-26APR-H0,b4d65e3c-9399-56d0-2e1b-3ad83d324422
2026-04-15 11:25:37.497906+00:00,5.04,0.99,0.01,yes,KXFEDDECISION-26APR-H0,b00f05e9-e526-71b8-d98a-6259469d2bcb
2026-04-15 11:27:18.896629+00:00,5.04,0.98,0.02,no,KXFEDDECISION-26APR-H0,cf6a9e1d-649d-527c-ecde-ab27bd7515f2
2026-04-15 11:47:34.334816+00:00,5193.71,0.98,0.02,no,KXFEDDECISION-26APR-H0,60300964-3735-401c-4a9c-408d94ca62f2
2026-04-15 11:47:40.745148+00:00,25,0.98,0.02,no,KXFEDDECISION-26APR-H0,0a12d757-5781-5da4-ae0c-632600177772
2026-04-15 11:57:42.598788+00:00,10.09,0.99,0.01,yes,KXFEDDECISION-26APR-H0,211dec2c-80e2-4704-854c-5fae690799cb
2026-04-15 12:04:52.989218+00:00,140.37,0.98,0.02,no,KXFEDDECISION-26APR-H0,7c5a196e-a929-58dc-350d-054d0586d186
2026-04-15 12:15:30.326076+00:00,250,0.98,0.02,no,KXFEDDECISION-26APR-H0,94f63940-d151-550c-bcb5-60be98396f32
2026-04-15 12:27:01.697560+00:00,1169.5,0.98,0.02,no,KXFEDDECISION-26APR-H0,e45e47f3-4c4d-4040-92b8-adb3644787e2
2026-04-15 12:49:39.936070+00:00,1,0.99,0.01,yes,KXFEDDECISION-26APR-H0,23c6ea56-3b22-4e84-debc-411b41c04ec7
2026-04-15 13:02:53.715618+00:00,1000,0.98,0.02,no,KXFEDDECISION-26APR-H0,8ca6ee46-d3d1-60fc-7186-6539539f1ace
2026-04-15 13:06:34.253782+00:00,701,0.98,0.02,no,KXFEDDECISION-26APR-H0,6be923a9-38ed-5a0c-1f28-dd6e132116ea
2026-04-15 13:35:18.921035+00:00,1,0.99,0.01,yes,KXFEDDECISION-26APR-H0,2f739187-2222-6270-52ee-6c66404c6523
2026-04-15 13:37:33.684137+00:00,250,0.98,0.02,no,KXFEDDECISION-26APR-H0,d7068796-6dc1-4610-7d5d-152af7aa0492
2026-04-15 14:00:13.059353+00:00,125,0.98,0.02,no,KXFEDDECISION-26APR-H0,7279dab2-7e39-50b0-ef1e-a20f557a9eca
2026-04-15 14:07:54.969844+00:00,5.04,0.99,0.01,yes,KXFEDDECISION-26APR-H0,16534483-a91a-6744-ca32-491fd37e4eaf
2026-04-15 14:19:03.216122+00:00,75,0.98,0.02,no,KXFEDDECISION-26APR-H0,bdbf1d3e-1c11-75d0-61ec-e5be1f2673b6
2026-04-15 14:48:51.967759+00:00,150,0.99,0.01,yes,KXFEDDECISION-26APR-H0,9940aebe-d79a-6c54-c6b8-c576a96499ab
2026-04-15 14:52:51.408121+00:00,21,0.98,0.02,no,KXFEDDECISION-26APR-H0,46cd6e79-f2e1-40b8-5337-1d2749cb554a
2026-04-15 15:37:22.892160+00:00,21,0.99,0.01,yes,KXFEDDECISION-26APR-H0,a8fa4734-80c6-4e10-e8b1-2abe75b1ad77
2026-04-15 16:15:34.174853+00:00,25,0.99,0.01,yes,KXFEDDECISION-26APR-H0,dc11c671-ae4e-52c0-bbc7-e666920afd53
2026-04-15 16:32:30.674754+00:00,20.37,0.98,0.02,no,KXFEDDECISION-26APR-H0,0effe327-4461-7880-cb63-1d68b99ec75e
2026-04-15 16:50:18.858163+00:00,25,0.98,0.02,no,KXFEDDECISION-26APR-H0,0a0d6895-9e59-7a00-c723-3d9a6cccc4f6
2026-04-15 16:51:34.519143+00:00,150,0.98,0.02,no,KXFEDDECISION-26APR-H0,54827494-507d-4994-5499-8020a25067aa
2026-04-15 16:55:45.740421+00:00,467.5,0.98,0.02,no,KXFEDDECISION-26APR-H0,b59a69ca-aa85-7bf0-3894-c01c2530fbce
2026-04-15 17:18:59.890156+00:00,5.04,0.99,0.01,yes,KXFEDDECISION-26APR-H0,ebbe4754-1cea-6550-87f6-1dd19693b603
2026-04-15 17:32:15.883027+00:00,8.94,0.98,0.02,no,KXFEDDECISION-26APR-H0,d1de06ec-b929-5898-da2e-dcda63cba456
2026-04-15 18:11:04.299098+00:00,5.04,0.99,0.01,yes,KXFEDDECISION-26APR-H0,5a0786e2-d0d2-7bc8-5856-558e45a3849b
2026-04-15 18:17:22.600427+00:00,625,0.98,0.02,no,KXFEDDECISION-26APR-H0,4e7685ec-9b3d-4130-bdd0-92ee4d1a299e
2026-04-15 18:41:07.661834+00:00,250,0.99,0.01,yes,KXFEDDECISION-26APR-H0,ff87568a-6d3e-4344-d901-e154ce577dbf
2026-04-15 18:49:09.820859+00:00,46.79,0.98,0.02,no,KXFEDDECISION-26APR-H0,6a6c55ca-9d49-6f74-2172-5c5654f66856
2026-04-15 19:00:03.009065+00:00,25.23,0.99,0.01,yes,KXFEDDECISION-26APR-H0,2a96e2e0-22ce-5ecc-525b-bca28acbd64f
2026-04-15 19:00:25.832310+00:00,25.23,0.98,0.02,no,KXFEDDECISION-26APR-H0,af76df1f-8b55-49e0-808d-491524aaba86
2026-04-15 20:06:06.452423+00:00,25,0.98,0.02,no,KXFEDDECISION-26APR-H0,93d6ed2d-f141-580c-b41c-1d958fde9b7e
2026-04-15 20:19:38.909628+00:00,233.95,0.98,0.02,no,KXFEDDECISION-26APR-H0,9f865bf7-240d-4e10-3cc1-916831b2f83a
2026-04-15 20:20:26.253297+00:00,233.95,0.99,0.01,yes,KXFEDDECISION-26APR-H0,1a3c8d93-16ea-5be0-80e2-c41fda2b4ed7
2026-04-15 20:32:10.213720+00:00,25,0.98,0.02,no,KXFEDDECISION-26APR-H0,9f2e5c0b-5205-7cc4-ff00-96a4df1f7d2a
2026-04-15 20:43:24.457009+00:00,25,0.98,0.02,no,KXFEDDECISION-26APR-H0,713d1a8b-2cc9-5f94-e570-eafee425407e
2026-04-15 20:49:25.190139+00:00,303,0.98,0.02,no,KXFEDDECISION-26APR-H0,7fe1f748-ca65-72a4-1d94-13d1e5aa8e72
2026-04-15 21:01:51.263862+00:00,2.03,0.98,0.02,no,KXFEDDECISION-26APR-H0,1e66ab07-0879-5664-37fe-142c3b41dda6
2026-04-15 21:06:20.468760+00:00,504.69,0.99,0.01,yes,KXFEDDECISION-26APR-H0,f745b8a0-4936-76fc-6e92-d8310c971b13
2026-04-15 21:12:57.027032+00:00,250,0.98,0.02,no,KXFEDDECISION-26APR-H0,83b72372-17f5-453c-6174-8572efe87a1a
2026-04-15 21:22:24.468051+00:00,46,0.98,0.02,no,KXFEDDECISION-26APR-H0,3b597552-a4ad-7e2c-24ec-c32620117196
2026-04-15 21:38:54.892295+00:00,10.09,0.99,0.01,yes,KXFEDDECISION-26APR-H0,b2c91536-6ab6-7c44-4edc-79bb5ce2515f
2026-04-15 21:56:06.868778+00:00,140.37,0.98,0.02,no,KXFEDDECISION-26APR-H0,3f27309e-4515-652c-dff3-8436b089de92
2026-04-15 21:57:38.463563+00:00,5,0.98,0.02,no,KXFEDDECISION-26APR-H0,a1cbffaf-a27d-52f4-8f9f-9811381c3756
2026-04-15 22:08:21.559106+00:00,50,0.98,0.02,no,KXFEDDECISION-26APR-H0,ae1f504a-92d5-6fb8-1128-e81e5c89d5fe
2026-04-15 22:17:37.430256+00:00,24.75,0.98,0.02,no,KXFEDDECISION-26APR-H0,1bea68cc-cf0d-7058-221f-242d28cb70c6
2026-04-15 22:24:16.907688+00:00,25,0.98,0.02,no,KXFEDDECISION-26APR-H0,a1dd039d-280d-7808-e94f-d068367a4206
2026-04-15 22:25:04.515304+00:00,125,0.98,0.02,no,KXFEDDECISION-26APR-H0,4fd427aa-3d1d-72fc-1305-ad17e1b2adf6
2026-04-15 22:32:58.596296+00:00,10,0.99,0.01,yes,KXFEDDECISION-26APR-H0,3ea6a4ce-4e2a-6d94-275e-8862b19b661f
2026-04-15 22:33:39.102731+00:00,10.09,0.99,0.01,yes,KXFEDDECISION-26APR-H0,65a9ad70-a542-5230-ca6f-1b1e3cb5a183
2026-04-15 22:55:10.798696+00:00,5,0.98,0.02,no,KXFEDDECISION-26APR-H0,ca6d08aa-6b2d-7b94-9c72-8636cba968b6
2026-04-15 23:12:59.901354+00:00,233.95,0.98,0.02,no,KXFEDDECISION-26APR-H0,28d480c1-b2a5-78e0-994e-f61dfb5173f6
2026-04-15 23:14:58.666007+00:00,25,0.98,0.02,no,KXFEDDECISION-26APR-H0,76419865-6485-70c0-fab0-3d83ac1d75de
2026-04-15 23:51:37.880675+00:00,50,0.98,0.02,no,KXFEDDECISION-26APR-H0,c6f06ef3-c8d5-7ed4-84b0-997c07baf81e
2026-04-15 23:52:07.541604+00:00,10.29,0.99,0.01,yes,KXFEDDECISION-26APR-H0,f0c50c92-5042-4728-4add-68918fedfcfb
2026-04-16 00:01:47.399545+00:00,46.79,0.98,0.02,no,KXFEDDECISION-26APR-H0,7b16efb2-2a59-5f88-c7ac-a4a360a0e98a
2026-04-16 00:27:58.643646+00:00,24.33,0.98,0.02,no,KXFEDDECISION-26APR-H0,535064a8-8679-4e20-b426-e09b590af5be
2026-04-16 00:30:14.978013+00:00,2.01,0.99,0.01,yes,KXFEDDECISION-26APR-H0,a6eab3a8-1192-6c04-4a4f-07ab458fd683
2026-04-16 00:46:24.675423+00:00,23,0.98,0.02,no,KXFEDDECISION-26APR-H0,0dae9c2e-7a75-5e14-d985-1369a5007f3e
2026-04-16 01:06:22.388167+00:00,117,0.98,0.02,no,KXFEDDECISION-26APR-H0,7982084b-486d-7ac0-734b-2c8be4b055c6
2026-04-16 01:28:21.377768+00:00,467.9,0.98,0.02,no,KXFEDDECISION-26APR-H0,9690c075-6431-6d5c-6db5-befc1fc7589e
2026-04-16 01:33:10.130363+00:00,5.04,0.99,0.01,yes,KXFEDDECISION-26APR-H0,471037da-a8d2-45d4-e0bc-3cdf154255e7
2026-04-16 01:35:12.942036+00:00,10.18,0.98,0.02,no,KXFEDDECISION-26APR-H0,0ff00dd9-ecc5-7fd4-6c2d-061d47bf001e
2026-04-16 01:43:34.815505+00:00,500,0.98,0.02,no,KXFEDDECISION-26APR-H0,123e4e0e-b3e9-4d14-56a1-a60f37c231b6
2026-04-16 01:50:16.259304+00:00,100,0.98,0.02,no,KXFEDDECISION-26APR-H0,15ca8476-9d65-5fd8-6de2-0d6ee9e72f7e
2026-04-16 01:51:01.532584+00:00,300,0.98,0.02,no,KXFEDDECISION-26APR-H0,3b4e8c20-ac3d-4fec-5e18-d53097c1980a
2026-04-16 01:53:06.179980+00:00,100,0.98,0.02,no,KXFEDDECISION-26APR-H0,6cc262d0-e4a5-78bc-73ce-198e0d418bd2
2026-04-16 01:54:26.960145+00:00,100,0.98,0.02,no,KXFEDDECISION-26APR-H0,7c739b4b-64c9-66fc-0e0c-c36e0090f4e6
2026-04-16 01:55:13.143045+00:00,10,0.98,0.02,no,KXFEDDECISION-26APR-H0,d59d2a26-5b71-5e00-e164-7940e5aa7a66
2026-04-16 01:55:19.104618+00:00,10,0.98,0.02,no,KXFEDDECISION-26APR-H0,b1321b21-4ee1-572c-0bfe-5ab239996cce
2026-04-16 02:08:34.161011+00:00,1,0.99,0.01,yes,KXFEDDECISION-26APR-H0,2c0e0573-df22-5084-cab9-2219e0d0eb1b
2026-04-16 02:09:28.453630+00:00,50.46,0.99,0.01,yes,KXFEDDECISION-26APR-H0,fd6a32bd-b75a-6290-b72a-3801a0c5b82b
2026-04-16 02:12:25.967560+00:00,50.46,0.99,0.01,yes,KXFEDDECISION-26APR-H0,4fa7cd46-0e9e-5798-d7b7-a97d9393e007
2026-04-16 02:23:00.085636+00:00,350,0.98,0.02,no,KXFEDDECISION-26APR-H0,58592ca2-2b7d-4cb0-fec8-5714c9d05956
2026-04-16 02:27:18.993239+00:00,1,0.98,0.02,no,KXFEDDECISION-26APR-H0,82e55293-53f9-6548-e965-cd4d8a040fb6
2026-04-16 02:27:55.216151+00:00,1,0.99,0.01,yes,KXFEDDECISION-26APR-H0,8a810461-b2ba-5b2c-1614-0a750e4d34d7
2026-04-16 02:28:08.489517+00:00,1,0.98,0.02,no,KXFEDDECISION-26APR-H0,b283c76d-db29-7e6c-9442-51dcf77cea4e
2026-04-16 02:48:32.448091+00:00,500,0.98,0.02,no,KXFEDDECISION-26APR-H0,96bf21b1-1919-5834-f4de-0e3b2cb47bc6
2026-04-16 03:01:17.044206+00:00,25,0.98,0.02,no,KXFEDDECISION-26APR-H0,9e8edfdf-93b5-6dc8-39f6-f40a2fff8462
2026-04-16 03:10:22.845156+00:00,4.03,0.99,0.01,yes,KXFEDDECISION-26APR-H0,47750c47-1382-7d14-7d86-5e76fc26128b
2026-04-16 04:33:14.813699+00:00,327.53,0.98,0.02,no,KXFEDDECISION-26APR-H0,f7ef4e2a-7151-6948-6707-33627a74ee5a
2026-04-16 04:41:44.382320+00:00,1,0.99,0.01,yes,KXFEDDECISION-26APR-H0,0aeb8364-f56e-4c38-7c7c-3e4c4741fcd3
2026-04-16 04:50:07.973916+00:00,46.79,0.98,0.02,no,KXFEDDECISION-26APR-H0,0fc1ade0-c089-792c-f923-4ebda89f852a
2026-04-16 05:15:50.112646+00:00,50.46,0.99,0.01,yes,KXFEDDECISION-26APR-H0,b0d5e039-0ba2-4b98-f9fd-bfc16671a407
2026-04-16 05:19:24.476988+00:00,233.95,0.98,0.02,no,KXFEDDECISION-26APR-H0,e1c0b22b-b3e1-7a4c-f030-9ad5c451a63a
2026-04-16 05:22:51.780238+00:00,1169.75,0.98,0.02,no,KXFEDDECISION-26APR-H0,90230ab5-8b01-7a84-89fa-7ff5ed57bb22
2026-04-16 05:33:13.155944+00:00,60,0.99,0.01,yes,KXFEDDECISION-26APR-H0,9535d5ff-43aa-4ff8-aa38-9f92d3fd317b
2026-04-16 05:36:16.870895+00:00,8,0.99,0.01,yes,KXFEDDECISION-26APR-H0,ea5ff3ab-d026-4be4-6f21-7229872d46f7
2026-04-16 05:37:38.260077+00:00,8,0.99,0.01,yes,KXFEDDECISION-26APR-H0,ff796569-5872-72cc-b6c7-5504b181260b
2026-04-16 05:39:06.189497+00:00,2.01,0.99,0.01,yes,KXFEDDECISION-26APR-H0,65103a81-378e-4f24-9874-2c78dee0cab7
2026-04-16 05:44:35.295449+00:00,2.01,0.98,0.02,no,KXFEDDECISION-26APR-H0,643189e2-02ed-60f4-100e-eeaa4d9e0a2a
2026-04-16 05:50:25.652873+00:00,500,0.98,0.02,no,KXFEDDECISION-26APR-H0,00dcd5eb-4ad9-566c-52ec-b730c2af7b3e
2026-04-16 05:51:41.076525+00:00,100,0.98,0.02,no,KXFEDDECISION-26APR-H0,e05d7ed2-716d-4c44-faf8-80d0a17e8fbe
2026-04-16 05:53:42.378576+00:00,250,0.98,0.02,no,KXFEDDECISION-26APR-H0,aae225b7-c4a5-4fb4-852f-4fb39d26580e
2026-04-16 05:55:17.796009+00:00,58,0.98,0.02,no,KXFEDDECISION-26APR-H0,f4fe6203-5fb5-7f78-eac0-7b307c592f3a
2026-04-16 06:05:26.678144+00:00,71,0.98,0.02,no,KXFEDDECISION-26APR-H0,5e99560a-56fd-4148-0b56-6289a7a64ada
2026-04-16 06:09:04.037845+00:00,21.05,0.98,0.02,no,KXFEDDECISION-26APR-H0,ba4e7342-0891-65d8-eeb2-7e0e8c8767d2
2026-04-16 06:15:36.712447+00:00,625,0.98,0.02,no,KXFEDDECISION-26APR-H0,437bca40-5955-53e0-32e2-2d58456f19f2
2026-04-16 06:27:25.768080+00:00,444,0.98,0.02,no,KXFEDDECISION-26APR-H0,5377231e-45f9-5694-5a42-0aec96dd39fa
2026-04-16 06:34:57.743843+00:00,140.37,0.98,0.02,no,KXFEDDECISION-26APR-H0,63ec10a3-f185-7de8-e3cf-581f1d62c53e
2026-04-16 09:07:23.689221+00:00,50,0.98,0.02,no,KXFEDDECISION-26APR-H0,a311174e-dee5-6468-68c3-94303cc181ae
2026-04-16 09:19:32.644275+00:00,5,0.98,0.02,no,KXFEDDECISION-26APR-H0,5c25b12a-2f29-5f2c-d9c4-48bf63787cc6
2026-04-16 09:46:18.202848+00:00,25,0.98,0.02,no,KXFEDDECISION-26APR-H0,a120e83f-873d-79ec-68a6-f6a5ba57185e
2026-04-16 10:10:56.675758+00:00,10.09,0.99,0.01,yes,KXFEDDECISION-26APR-H0,245cd0f9-b032-726c-b4bb-559221461d93
2026-04-16 10:11:16.264354+00:00,10.09,0.98,0.02,no,KXFEDDECISION-26APR-H0,2ee942bd-5291-6a6c-882e-d7dd8924a76e
2026-04-16 10:11:48.008916+00:00,4.03,0.99,0.01,yes,KXFEDDECISION-26APR-H0,f16c60ff-6cf6-7974-d5ca-0ef267e4a757
2026-04-16 10:12:05.212571+00:00,4.03,0.99,0.01,yes,KXFEDDECISION-26APR-H0,692b28e3-d10e-4888-1841-300cd7ea5c13
2026-04-16 10:21:52.861404+00:00,25,0.98,0.02,no,KXFEDDECISION-26APR-H0,87503e13-201d-64ec-7045-0f91318a362a
2026-04-16 10:36:59.065302+00:00,1000,0.98,0.02,no,KXFEDDECISION-26APR-H0,6f782d13-5565-6880-4ac0-39bec19d634a
2026-04-16 10:42:38.490962+00:00,2.01,0.99,0.01,yes,KXFEDDECISION-26APR-H0,c674be16-c4ee-7aa4-bf49-04d10ce67197
2026-04-16 10:44:51.197778+00:00,1,0.99,0.01,yes,KXFEDDECISION-26APR-H0,ecac59ee-9316-5fbc-251b-cc2c58c11d8f
2026-04-16 10:57:29.986312+00:00,10.09,0.99,0.01,yes,KXFEDDECISION-26APR-H0,c85c020f-9e1a-51b8-2f50-0c3b3ba1e03b
2026-04-16 11:02:06.022215+00:00,233.95,0.98,0.02,no,KXFEDDECISION-26APR-H0,c01abae5-89d1-631c-0422-0a568bc299d6
2026-04-16 11:24:07.367644+00:00,2.01,0.99,0.01,yes,KXFEDDECISION-26APR-H0,2f4dc92c-8922-48c0-ba89-2ba85c92efcb
2026-04-16 11:28:53.936204+00:00,2.01,0.98,0.02,no,KXFEDDECISION-26APR-H0,ffc64042-ef89-4f34-f4d7-9a39c30b448a
2026-04-16 11:42:40.305517+00:00,125,0.98,0.02,no,KXFEDDECISION-26APR-H0,757e3c80-f785-7c90-6469-c2b5c481bafe
2026-04-16 11:45:09.422817+00:00,325,0.98,0.02,no,KXFEDDECISION-26APR-H0,e85e00f1-46e5-6cbc-97d8-234b028d1e1e
2026-04-16 11:51:29.025586+00:00,244,0.98,0.02,no,KXFEDDECISION-26APR-H0,7183a21a-d9d1-75d0-b00d-eaf750c5794a
2026-04-16 11:51:38.100820+00:00,244,0.99,0.01,yes,KXFEDDECISION-26APR-H0,c5797568-d43a-600c-ad23-75914e5bad63
2026-04-16 11:53:25.146468+00:00,14.31,0.99,0.01,yes,KXFEDDECISION-26APR-H0,8a4edc77-521a-7a18-bbd6-5759ef710987
2026-04-16 11:53:49.269704+00:00,14.31,0.98,0.02,no,KXFEDDECISION-26APR-H0,92bf261f-4f11-44c0-0120-4c952cb77f36
2026-04-16 11:56:02.699645+00:00,1,0.98,0.02,no,KXFEDDECISION-26APR-H0,120a8e6f-50c5-4d94-e86e-20402f6904ba
2026-04-16 11:56:17.916899+00:00,1,0.98,0.02,no,KXFEDDECISION-26APR-H0,bbc0f593-9495-5c78-6c98-1d74f8846ede
2026-04-16 11:56:33.324532+00:00,1,0.98,0.02,no,KXFEDDECISION-26APR-H0,5e891b4e-5e95-46e4-d2b5-c250ecea92e2
2026-04-16 12:04:09.229359+00:00,2.01,0.99,0.01,yes,KXFEDDECISION-26APR-H0,884cb4fa-39fe-4ed0-9be1-a89fb595d73b
2026-04-16 12:24:01.971653+00:00,2000,0.99,0.01,yes,KXFEDDECISION-26APR-H0,f1f78f79-9d86-7d24-127b-9e26071d8fcb
2026-04-16 12:25:12.276742+00:00,10.09,0.99,0.01,yes,KXFEDDECISION-26APR-H0,23ab1532-b8b2-5a5c-1b54-a97f2089e5e3
2026-04-16 12:27:17.465884+00:00,12,0.98,0.02,no,KXFEDDECISION-26APR-H0,83cce648-7695-7104-65cf-3ec85fa64172
2026-04-16 12:46:49.433109+00:00,62.69,0.98,0.02,no,KXFEDDECISION-26APR-H0,d4983ba5-c459-4104-ec8c-ca14919184d6
2026-04-16 13:16:39.175711+00:00,50,0.98,0.02,no,KXFEDDECISION-26APR-H0,11181c53-be11-47ac-898e-8ca4934bfe66
2026-04-16 13:36:26.407161+00:00,5,0.99,0.01,yes,KXFEDDECISION-26APR-H0,a25a8bc5-a862-546c-8730-662f05d0f22b
2026-04-16 13:43:36.688596+00:00,2,0.98,0.02,no,KXFEDDECISION-26APR-H0,41ca7ff0-aa79-44b4-7ba9-90768ecc298e
2026-04-16 13:47:40.125969+00:00,6.1,0.98,0.02,no,KXFEDDECISION-26APR-H0,2b8cf70f-99cd-6634-64e3-ae4fd76a9c96
2026-04-16 14:03:56.165292+00:00,1,0.98,0.02,no,KXFEDDECISION-26APR-H0,5ccaa2d0-6569-40a4-627a-95ba27524116
2026-04-16 14:03:59.581745+00:00,1,0.98,0.02,no,KXFEDDECISION-26APR-H0,3d3ae404-d095-4108-c74b-fad873487bce
2026-04-16 14:04:50.963112+00:00,1,0.99,0.01,yes,KXFEDDECISION-26APR-H0,31adb435-baae-47c4-1a16-97096afab34b
2026-04-16 14:19:04.702201+00:00,300,0.98,0.02,no,KXFEDDECISION-26APR-H0,d34b62c6-cce5-7428-9976-e942d59a75e6
2026-04-16 14:29:34.837553+00:00,1,0.99,0.01,yes,KXFEDDECISION-26APR-H0,5a69d659-864e-4f80-db0a-c3100544babb
2026-04-16 14:30:13.624270+00:00,2500,0.98,0.02,no,KXFEDDECISION-26APR-H0,b5ea4857-5991-6ba4-38df-68eddf309c62
2026-04-16 14:31:40.396545+00:00,250,0.98,0.02,no,KXFEDDECISION-26APR-H0,7220e922-6389-4064-c883-8f5c77ad5642
2026-04-16 14:32:00.612499+00:00,750,0.98,0.02,no,KXFEDDECISION-26APR-H0,360ea0b4-2d09-47f8-648b-ed134b09a786
2026-04-16 14:33:54.072514+00:00,1,0.98,0.02,no,KXFEDDECISION-26APR-H0,e522c679-5601-52a4-6774-04ba4d9ce8f2
2026-04-16 14:33:57.741956+00:00,1,0.98,0.02,no,KXFEDDECISION-26APR-H0,26145004-5cd1-5f30-34ee-d6a7860490a6
2026-04-16 14:37:01.240611+00:00,2.01,0.98,0.02,no,KXFEDDECISION-26APR-H0,da9b661c-9619-61a8-248e-b2509b10f82a
2026-04-16 15:03:12.506702+00:00,46.79,0.98,0.02,no,KXFEDDECISION-26APR-H0,c3a02152-7759-600c-815f-eeeabb28266a
2026-04-16 15:57:34.379772+00:00,46.79,0.99,0.01,yes,KXFEDDECISION-26APR-H0,e248c3c5-fa52-47cc-e011-e9d0a05e7deb
2026-04-16 16:44:52.346802+00:00,2.01,0.98,0.02,no,KXFEDDECISION-26APR-H0,1965a93e-38dd-708c-86b7-6f4568460c0e
2026-04-16 16:49:01.439235+00:00,1009.39,0.99,0.01,yes,KXFEDDECISION-26APR-H0,e67f7efd-c56e-5ea0-264f-d86fa15d384b
2026-04-16 16:58:45.866002+00:00,233.95,0.98,0.02,no,KXFEDDECISION-26APR-H0,fddbd511-dfe9-5110-691f-183d8987f0f2
2026-04-16 17:20:19.952475+00:00,250,0.98,0.02,no,KXFEDDECISION-26APR-H0,5d304b67-0795-5138-64b6-8714263fd812
2026-04-16 17:20:59.032177+00:00,5000,0.98,0.02,no,KXFEDDECISION-26APR-H0,7aea176a-fdf9-78e8-04a8-3e9e529dbb06
2026-04-16 17:41:14.638185+00:00,25,0.98,0.02,no,KXFEDDECISION-26APR-H0,c4d326d9-f61d-7190-a33f-6aa8cb2e026a
2026-04-16 18:00:11.640949+00:00,20.18,0.99,0.01,yes,KXFEDDECISION-26APR-H0,23de8e2a-8f62-7af4-e4b3-ff85db9a8b0b
2026-04-16 18:02:11.069043+00:00,16487.03,0.98,0.02,no,KXFEDDECISION-26APR-H0,f25467d1-0de2-76b6-c54c-ae73c88fa113
2026-04-16 18:02:11.069043+00:00,8512.97,0.98,0.02,no,KXFEDDECISION-26APR-H0,1264d9b2-3d55-7dbc-e423-b1439096028e
2026-04-16 18:08:41.576078+00:00,0.5,0.99,0.01,yes,KXFEDDECISION-26APR-H0,9271e3cf-5262-5584-a237-5dfa562da4ef
2026-04-16 18:18:13.336461+00:00,467.5,0.98,0.02,no,KXFEDDECISION-26APR-H0,47e768ba-113a-7b82-9660-53a68b8def5f
2026-04-16 18:26:07.213047+00:00,250,0.98,0.02,no,KXFEDDECISION-26APR-H0,ac3ca1be-6926-4742-eec6-99c02ff9f8f7
2026-04-16 18:35:00.267139+00:00,100,0.99,0.01,yes,KXFEDDECISION-26APR-H0,b45f2b07-8b86-7b08-c8b5-89006c4a83d3
2026-04-16 19:14:31.393917+00:00,3275,0.98,0.02,no,KXFEDDECISION-26APR-H0,651241f7-ed6e-710e-9a62-6575c9ab8717
2026-04-16 19:14:55.399284+00:00,583,0.98,0.02,no,KXFEDDECISION-26APR-H0,d819c892-3efe-4306-f255-c0bd242967b7
2026-04-16 19:23:30.937665+00:00,93.58,0.98,0.02,no,KXFEDDECISION-26APR-H0,9aa21e42-e2f2-5472-00bb-83547c827e63
2026-04-16 19:45:32.621761+00:00,1,0.98,0.02,no,KXFEDDECISION-26APR-H0,98f13f56-7dde-42b2-a6e1-b2ba54c2577f
2026-04-16 19:47:19.752833+00:00,25,0.98,0.02,no,KXFEDDECISION-26APR-H0,26c1f20c-1186-530e-fe5e-c8c78577f24f
2026-04-16 20:00:52.546610+00:00,1.01,0.98,0.02,no,KXFEDDECISION-26APR-H0,af9c80ad-21ba-57f2-a420-111f75ea0ae7
2026-04-16 20:04:17.866407+00:00,2,0.99,0.01,yes,KXFEDDECISION-26APR-H0,37b468d2-6492-7260-b42e-2cf5c75740a7
2026-04-16 20:09:57.825870+00:00,1250,0.98,0.02,no,KXFEDDECISION-26APR-H0,472d4b29-fe5a-4822-69c0-1cf95227adff
2026-04-16 20:12:02.918242+00:00,10.09,0.98,0.02,no,KXFEDDECISION-26APR-H0,235ce689-4d9e-55ea-0b46-f3e06b02f86f
2026-04-16 20:33:55.231131+00:00,46.79,0.98,0.02,no,KXFEDDECISION-26APR-H0,5fdd6b4a-f11e-5aaa-c6e8-134259410043
2026-04-16 20:35:35.757349+00:00,200,0.98,0.02,no,KXFEDDECISION-26APR-H0,7e3d0b87-a7c2-40ce-f89f-6796546a6843
2026-04-16 20:47:06.281552+00:00,25,0.98,0.02,no,KXFEDDECISION-26APR-H0,4120b6ff-5462-594e-7b18-eb5bf49bcf57
2026-04-16 21:01:53.807002+00:00,86,0.98,0.02,no,KXFEDDECISION-26APR-H0,d8b0ab7f-2782-578e-61d7-a05e75c0a3a7
2026-04-16 21:02:29.063370+00:00,10,0.98,0.02,no,KXFEDDECISION-26APR-H0,823cc388-d4ca-54aa-e36b-2a83c5b2a8bf
2026-04-16 21:05:56.602450+00:00,1,0.98,0.02,no,KXFEDDECISION-26APR-H0,7456330a-5e8e-6ab6-fd64-37a6616a63eb
2026-04-16 21:10:31.711084+00:00,1,0.98,0.02,no,KXFEDDECISION-26APR-H0,bf509baa-9902-4f7a-1585-28a34cfc700b
2026-04-16 21:10:35.393192+00:00,1,0.98,0.02,no,KXFEDDECISION-26APR-H0,a813a2ec-fb42-7686-721d-9761b8da2cc7
2026-04-16 21:28:46.838099+00:00,46.79,0.98,0.02,no,KXFEDDECISION-26APR-H0,ce0cf975-e9ae-42ce-0f2c-b1e8c11a007f
2026-04-16 21:29:34.306179+00:00,50,0.98,0.02,no,KXFEDDECISION-26APR-H0,269aeb1f-3202-7eea-0b9c-4e0894df3ef3
2026-04-16 21:29:54.534935+00:00,46.79,0.98,0.02,no,KXFEDDECISION-26APR-H0,84895dd2-20c6-6096-0d29-cf6c15c1c197
2026-04-16 21:44:09.170186+00:00,10.09,0.99,0.01,yes,KXFEDDECISION-26APR-H0,7b758a2c-777a-6e1c-bcea-5923072fed2f
2026-04-16 21:50:35.951153+00:00,100,0.98,0.02,no,KXFEDDECISION-26APR-H0,dd980577-2e2a-5fa2-b459-ca7466270813
2026-04-16 21:53:06.993117+00:00,500,0.98,0.02,no,KXFEDDECISION-26APR-H0,15dc6c24-f2fe-68ee-15d4-661a96881abb
2026-04-16 21:55:50.370795+00:00,10.09,0.99,0.01,yes,KXFEDDECISION-26APR-H0,24f06413-13a2-7774-d6a7-bf503a1cb503
2026-04-16 22:21:37.916074+00:00,2.01,0.99,0.01,yes,KXFEDDECISION-26APR-H0,69eb78dd-a94a-66d0-9f3b-99f863698877
2026-04-16 22:21:47.304197+00:00,5.04,0.99,0.01,yes,KXFEDDECISION-26APR-H0,5cd28f37-9c22-7e50-9f08-d7c313a4c2b7
2026-04-16 22:22:11.232710+00:00,2.01,0.98,0.02,no,KXFEDDECISION-26APR-H0,ba25f072-4c86-6652-ec12-af5843f8d3c3
2026-04-16 22:37:32.723956+00:00,5.22,0.99,0.01,yes,KXFEDDECISION-26APR-H0,4ec61786-985e-64ac-c06a-2fec42c9a37f
2026-04-16 22:38:06.743065+00:00,2.01,0.99,0.01,yes,KXFEDDECISION-26APR-H0,f525c3d7-7f12-7bf4-41a5-731393382857
2026-04-16 22:45:08.172836+00:00,500,0.98,0.02,no,KXFEDDECISION-26APR-H0,767052a2-1512-4932-5bcb-2e6e75357c2f
2026-04-16 23:01:31.415473+00:00,125,0.98,0.02,no,KXFEDDECISION-26APR-H0,5f244f6e-2452-6524-fd7a-4cf2135c2b6f
2026-04-16 23:16:04.972042+00:00,3,0.99,0.01,yes,KXFEDDECISION-26APR-H0,9382fbbc-340e-6f00-8d00-8435c9e22c2f
2026-04-16 23:30:56.786989+00:00,250,0.98,0.02,no,KXFEDDECISION-26APR-H0,99b0b048-396a-6830-7aed-bb983e026f5b
2026-04-17 00:00:22.339942+00:00,72356,0.98,0.02,no,KXFEDDECISION-26APR-H0,054dbc56-f702-6661-a5a5-d7764e616a45
2026-04-17 00:00:22.339942+00:00,47994,0.98,0.02,no,KXFEDDECISION-26APR-H0,1e7c7cc3-3e11-62e5-8080-656af1d86cec
2026-04-17 00:00:22.339942+00:00,29625,0.98,0.02,no,KXFEDDECISION-26APR-H0,410a815d-7306-6b04-8c81-50b52f5970ab
2026-04-17 00:00:22.339942+00:00,25,0.98,0.02,no,KXFEDDECISION-26APR-H0,ab94ef6d-dfc6-6f7a-81a0-04ce80ae238a
2026-04-17 00:10:46.392606+00:00,467.9,0.98,0.02,no,KXFEDDECISION-26APR-H0,ddb31214-35ea-7b35-1096-d87be8f15b91
2026-04-17 00:18:11.698397+00:00,25,0.98,0.02,no,KXFEDDECISION-26APR-H0,1933543a-fbee-7529-dc3a-21c50e3837e9
2026-04-17 00:40:16.101299+00:00,1.01,0.98,0.02,no,KXFEDDECISION-26APR-H0,6cf8af04-66d2-6c21-4025-c318dc37a1dd
2026-04-17 00:46:42.016314+00:00,10.09,0.99,0.01,yes,KXFEDDECISION-26APR-H0,5a05490f-a8a2-5600-5798-09049ee0dc57
2026-04-17 00:54:36.791603+00:00,11.69,0.98,0.02,no,KXFEDDECISION-26APR-H0,faf0523e-5282-4341-fc23-cf5d02a5e7b9
2026-04-17 01:47:28.165678+00:00,5.04,0.99,0.01,yes,KXFEDDECISION-26APR-H0,c5bbe51d-0b5e-78f8-cc84-966e7e9a503f
2026-04-17 01:49:04.793068+00:00,93.58,0.98,0.02,no,KXFEDDECISION-26APR-H0,ed36938d-79d6-5d01-cc89-d98a8ed23785
2026-04-17 02:35:20.280245+00:00,100.93,0.99,0.01,yes,KXFEDDECISION-26APR-H0,5134c5df-2c0a-5d7c-ae8d-67e585ad73e7
2026-04-17 02:42:44.674306+00:00,10.09,0.99,0.01,yes,KXFEDDECISION-26APR-H0,8385c204-d93e-4a9c-b99b-21ec3b9f938b
2026-04-17 03:03:16.173992+00:00,30.28,0.99,0.01,yes,KXFEDDECISION-26APR-H0,73e7688c-2fde-7680-c029-a968e9266f53
2026-04-17 03:06:13.713720+00:00,467.9,0.98,0.02,no,KXFEDDECISION-26APR-H0,85179e54-fa72-651d-2aa3-e7166e5060b1
2026-04-17 03:42:38.991586+00:00,10.09,0.99,0.01,yes,KXFEDDECISION-26APR-H0,66e98261-c006-44b4-a10c-fd0a41cea6a3
2026-04-17 04:10:02.336515+00:00,52.4,0.98,0.02,no,KXFEDDECISION-26APR-H0,3d61b13d-6886-7861-df9d-71cd5231304d
2026-04-17 04:44:48.922598+00:00,467.9,0.98,0.02,no,KXFEDDECISION-26APR-H0,0305d337-fdb6-7ad1-8254-60008c73cdf9
2026-04-17 04:45:00.360636+00:00,75,0.98,0.02,no,KXFEDDECISION-26APR-H0,f59bdcce-7172-7c61-e84d-23d86345a921
2026-04-17 04:50:07.890520+00:00,156.06,0.99,0.01,yes,KXFEDDECISION-26APR-H0,6badc736-da0a-5214-bcf7-01b3d4420eef
2026-04-17 04:55:47.477534+00:00,46.79,0.98,0.02,no,KXFEDDECISION-26APR-H0,5c652121-9f06-5f4d-4ff1-0eb6cae86c69
2026-04-17 05:01:56.153861+00:00,500,0.98,0.02,no,KXFEDDECISION-26APR-H0,bc2739fb-c16e-7645-9074-7daec98acd05
2026-04-17 05:17:25.386357+00:00,24.75,0.98,0.02,no,KXFEDDECISION-26APR-H0,668daa8a-ffd2-51f9-2d23-7ae8b0fadd79
2026-04-17 05:32:56.720496+00:00,42.25,0.98,0.02,no,KXFEDDECISION-26APR-H0,7afe530a-af72-5835-07c1-c9bbeb32700d
2026-04-17 05:38:59.182749+00:00,4.03,0.99,0.01,yes,KXFEDDECISION-26APR-H0,0e5f8755-5fe6-4100-18ff-433d35a18f9f
2026-04-17 06:26:23.096508+00:00,25.23,0.99,0.01,yes,KXFEDDECISION-26APR-H0,bdc90b43-2c22-5518-be97-4b44f05a4ebb
2026-04-17 06:26:39.657324+00:00,25.23,0.98,0.02,no,KXFEDDECISION-26APR-H0,57a2db30-a33a-6fa1-f6f1-6c2ee507c531
2026-04-17 06:35:02.395271+00:00,46.79,0.98,0.02,no,KXFEDDECISION-26APR-H0,f79946a1-7442-6105-ae33-d72a595f4da1
2026-04-17 06:46:46.676276+00:00,10,0.99,0.01,yes,KXFEDDECISION-26APR-H0,84782897-8a06-5470-7dda-f131129eec67
2026-04-17 07:05:41.495839+00:00,93.58,0.98,0.02,no,KXFEDDECISION-26APR-H0,918856f1-cb5e-63a1-03ed-efba5640e351
2026-04-17 07:07:35.153726+00:00,48.75,0.98,0.02,no,KXFEDDECISION-26APR-H0,bbc76f7a-ab12-5741-448b-ed01907d0d15
2026-04-17 07:48:17.339949+00:00,499.75,0.98,0.02,no,KXFEDDECISION-26APR-H0,5fac8f41-1256-7851-3c4b-d4ef41e8c6ad
2026-04-17 08:06:37.932263+00:00,3758.51,0.99,0.01,yes,KXFEDDECISION-26APR-H0,326e322d-4982-78c0-1fcc-401601d9e4b7
2026-04-17 08:06:37.932263+00:00,16426.49,0.99,0.01,yes,KXFEDDECISION-26APR-H0,5b76f4f9-e7ea-7dba-2db9-7a648834ae5d
2026-04-17 08:27:03.772965+00:00,1,0.98,0.02,no,KXFEDDECISION-26APR-H0,5f5abac9-ad9e-55d1-a5a0-638d91cc80c9
2026-04-17 08:49:20.945578+00:00,2499.75,0.98,0.02,no,KXFEDDECISION-26APR-H0,590c6361-753e-797d-4454-0daa5b83fb15
2026-04-17 09:00:24.304784+00:00,46.5,0.98,0.02,no,KXFEDDECISION-26APR-H0,c62346d8-0a12-47a1-d9fd-1dd84600f1fd
2026-04-17 09:10:11.619544+00:00,1,0.99,0.01,yes,KXFEDDECISION-26APR-H0,9ffaf413-3e12-486e-d08b-d892f4ab99ad
2026-04-17 10:42:04.611604+00:00,1,0.98,0.02,no,KXFEDDECISION-26APR-H0,208c1f68-7b36-5f5d-0f87-74f5ba6bcd09
2026-04-17 10:58:01.492017+00:00,499.75,0.98,0.02,no,KXFEDDECISION-26APR-H0,79f285d6-3e7a-6c65-c27a-fad9fe5759a1
2026-04-17 11:33:50.411250+00:00,2.01,0.99,0.01,yes,KXFEDDECISION-26APR-H0,af75e92a-bc8a-5346-539c-d117c25f5e49
2026-04-17 11:56:51.177788+00:00,93.58,0.98,0.02,no,KXFEDDECISION-26APR-H0,12991b17-82d2-5dfd-a186-560eac9cc075
2026-04-17 12:18:30.276174+00:00,25.23,0.99,0.01,yes,KXFEDDECISION-26APR-H0,3ae503ef-57ee-5642-bf49-c5e11d77e651
2026-04-17 12:19:56.952923+00:00,25.23,0.98,0.02,no,KXFEDDECISION-26APR-H0,f05a7d2a-bfde-4e39-1af2-67b4f99f3525
2026-04-17 12:20:16.622273+00:00,5.04,0.99,0.01,yes,KXFEDDECISION-26APR-H0,29598c94-97c2-66fe-5945-bf7ccd416309
2026-04-17 12:26:29.246221+00:00,10.09,0.99,0.01,yes,KXFEDDECISION-26APR-H0,ff808dc5-c95e-654e-c861-0ce8e33116c9
2026-04-17 12:54:03.311494+00:00,150,0.98,0.02,no,KXFEDDECISION-26APR-H0,24a7c9ad-6baa-77e9-5fb8-c843aec35f2d
2026-04-17 13:25:12.365094+00:00,1,0.99,0.01,yes,KXFEDDECISION-26APR-H0,5744c4ea-60a6-419a-3773-a62573500f55
2026-04-17 13:37:24.149101+00:00,1029.38,0.98,0.02,no,KXFEDDECISION-26APR-H0,11fee4a7-d28e-6be9-c382-1cd191a666f9
2026-04-17 13:39:36.405765+00:00,10.09,0.99,0.01,yes,KXFEDDECISION-26APR-H0,c6235ac7-e7ca-4aca-a181-04d532e00e4d
2026-04-17 13:48:14.317376+00:00,1,0.99,0.01,yes,KXFEDDECISION-26APR-H0,ab3a6794-5b72-47f2-c135-15619b0ec579
2026-04-17 13:53:51.992410+00:00,2,0.99,0.01,yes,KXFEDDECISION-26APR-H0,4945f0e9-0caa-611e-2020-a9f952c0230d
2026-04-17 14:27:18.258197+00:00,935.5,0.98,0.02,no,KXFEDDECISION-26APR-H0,f596f5ec-5f9a-7949-b852-d255afaccb95
2026-04-17 14:39:48.392329+00:00,10.09,0.99,0.01,yes,KXFEDDECISION-26APR-H0,cf933b51-0b7e-659a-0310-426c1691801d
2026-04-17 14:40:10.679721+00:00,10.09,0.98,0.02,no,KXFEDDECISION-26APR-H0,60adf5b8-7186-7029-ab87-ec05f8ba77f1
2026-04-17 14:44:37.795545+00:00,34.82,0.99,0.01,yes,KXFEDDECISION-26APR-H0,10c5102e-817e-583a-9867-7680de9fde2d
2026-04-17 14:44:44.633022+00:00,34.82,0.98,0.02,no,KXFEDDECISION-26APR-H0,5224ef68-fda6-6011-d4cd-7242eb9aa079
2026-04-17 15:06:55.547993+00:00,46.79,0.98,0.02,no,KXFEDDECISION-26APR-H0,b3aa2108-5ef6-4e15-a1e8-9ea712058011
2026-04-17 15:11:28.531130+00:00,46.79,0.98,0.02,no,KXFEDDECISION-26APR-H0,0cec7cd2-65fa-4589-1e3c-ffe29fe7cea1
2026-04-17 15:19:25.663049+00:00,25,0.98,0.02,no,KXFEDDECISION-26APR-H0,b47f2cc7-d776-5641-98d0-34351758e285
2026-04-17 15:20:34.136588+00:00,400,0.98,0.02,no,KXFEDDECISION-26APR-H0,ac3694af-4922-644d-0f6e-78bdafe38d49
2026-04-17 15:47:50.718261+00:00,25,0.98,0.02,no,KXFEDDECISION-26APR-H0,313be2c5-9d6a-5451-862d-8ffe531fbda5
2026-04-17 15:57:20.543701+00:00,5.04,0.99,0.01,yes,KXFEDDECISION-26APR-H0,79037aa1-00a6-54ea-70e5-1a556292300d
2026-04-17 16:00:57.416082+00:00,86,0.98,0.02,no,KXFEDDECISION-26APR-H0,0241010f-bbee-4005-3f25-9d4b6c322a4d
2026-04-17 16:08:45.093137+00:00,22.2,0.99,0.01,yes,KXFEDDECISION-26APR-H0,ed484874-e116-6d2a-9153-e5dbdfdaf7e5
2026-04-17 16:08:56.828237+00:00,10.09,0.98,0.02,no,KXFEDDECISION-26APR-H0,dfaa02d7-6efa-43c1-27f8-31b1388a8f41
2026-04-17 16:14:56.605615+00:00,50,0.98,0.02,no,KXFEDDECISION-26APR-H0,9ed2a14d-0266-5a49-51d9-84b22d13be59
2026-04-17 16:15:15.054040+00:00,0.1,0.99,0.01,yes,KXFEDDECISION-26APR-H0,8764dd8d-dfca-4aea-a5ca-a151f9a9ba51
2026-04-17 16:20:24.114382+00:00,467.9,0.98,0.02,no,KXFEDDECISION-26APR-H0,43363150-9fd6-5241-1cdc-114db17e7901
2026-04-17 16:20:56.821736+00:00,5.04,0.98,0.02,no,KXFEDDECISION-26APR-H0,8de91f90-b802-5211-6f29-8958c39ae011
2026-04-17 16:29:53.736729+00:00,25.23,0.99,0.01,yes,KXFEDDECISION-26APR-H0,a245cdb0-ff6a-6b86-da02-f4ed1d2e8a21
2026-04-17 16:30:06.508487+00:00,25.23,0.98,0.02,no,KXFEDDECISION-26APR-H0,3cd5d129-d58e-7b7d-dd83-fed64504f955
2026-04-17 16:40:41.646043+00:00,1,0.99,0.01,yes,KXFEDDECISION-26APR-H0,b5180fa2-cdc2-74be-5a0b-7e7302ce3c7d
2026-04-17 17:00:45.998570+00:00,233.5,0.98,0.02,no,KXFEDDECISION-26APR-H0,2b672645-6092-66dd-dd00-f013932d8c15
2026-04-17 17:01:55.097227+00:00,3.55,0.98,0.02,no,KXFEDDECISION-26APR-H0,207e0024-df8e-7395-83e9-315de4a0c3a9
2026-04-17 17:14:50.319819+00:00,5.09,0.98,0.02,no,KXFEDDECISION-26APR-H0,5bef546d-288a-6941-7adb-cfd98ac155d5
2026-04-17 17:40:53.292438+00:00,1,0.98,0.02,no,KXFEDDECISION-26APR-H0,f4cf89c4-24de-4651-f79b-3a5eb0fa3b79
2026-04-17 18:18:09.475137+00:00,250,0.98,0.02,no,KXFEDDECISION-26APR-H0,83a7fa2f-ddde-4f9d-5b2c-37f3562553d1
2026-04-17 18:20:05.747927+00:00,1125,0.98,0.02,no,KXFEDDECISION-26APR-H0,7ebeebc7-df26-6115-4e7a-44e9dfe3360d
2026-04-17 18:30:58.920259+00:00,50,0.98,0.02,no,KXFEDDECISION-26APR-H0,e9501551-fe22-4d2d-be6e-c527aed32d1d
2026-04-17 18:57:18.180795+00:00,400,0.99,0.01,yes,KXFEDDECISION-26APR-H0,fbec0068-798a-4052-c142-e9a06a6d25bd
2026-04-17 19:02:14.819527+00:00,746,0.98,0.02,no,KXFEDDECISION-26APR-H0,32886789-9f6a-554d-6720-929f7747f449
2026-04-17 19:06:47.143824+00:00,10.09,0.99,0.01,yes,KXFEDDECISION-26APR-H0,6b2ac71e-b69a-5eca-17dc-600840de692d
2026-04-17 19:07:05.058191+00:00,10.09,0.98,0.02,no,KXFEDDECISION-26APR-H0,e5055cd3-8726-6db1-860c-504a20e904ad
2026-04-17 19:18:09.728548+00:00,25.23,0.99,0.01,yes,KXFEDDECISION-26APR-H0,38d361b1-3196-5e52-a719-d4a7e364e9e9
2026-04-17 19:18:17.351038+00:00,25.23,0.98,0.02,no,KXFEDDECISION-26APR-H0,75927b57-2986-52c5-6b39-bd742ef791d1
2026-04-17 19:23:04.675446+00:00,23.39,0.98,0.02,no,KXFEDDECISION-26APR-H0,9c57528c-cb9a-72c9-3d18-c5886f1648a1
2026-04-17 19:32:59.504828+00:00,10.09,0.99,0.01,yes,KXFEDDECISION-26APR-H0,f62d5bc0-fb1e-6dca-3f6f-80f3e87c2bcd
2026-04-17 19:33:19.854460+00:00,10.09,0.98,0.02,no,KXFEDDECISION-26APR-H0,7c0a364b-f962-581d-cf7c-e632591efbf5
2026-04-17 19:33:34.032979+00:00,3,0.98,0.02,no,KXFEDDECISION-26APR-H0,67ae58a6-016e-70c5-8feb-953342e76485
2026-04-17 19:34:39.737658+00:00,9.08,0.99,0.01,yes,KXFEDDECISION-26APR-H0,8137ed7b-c256-5432-d16b-cd072d654905
2026-04-17 19:34:53.252539+00:00,9.08,0.98,0.02,no,KXFEDDECISION-26APR-H0,450e5e32-30c2-7611-7e62-563703987d89
2026-04-17 19:35:52.404759+00:00,6.05,0.99,0.01,yes,KXFEDDECISION-26APR-H0,d52def2e-8b0e-6742-2db4-9ea944dc0aa5
2026-04-17 19:36:00.350407+00:00,6.05,0.98,0.02,no,KXFEDDECISION-26APR-H0,eeaa8b37-42ea-5619-3fb6-463f91d2c32d
2026-04-17 19:39:14.956058+00:00,46.79,0.98,0.02,no,KXFEDDECISION-26APR-H0,a5bb1979-5f1e-53d5-c819-4bc0f473d2f5
2026-04-17 19:42:47.216101+00:00,250,0.99,0.01,yes,KXFEDDECISION-26APR-H0,7bf3cbb8-12a6-5c1a-95a3-fa0f5e70fb3d
2026-04-17 19:50:20.783249+00:00,62.42,0.99,0.01,yes,KXFEDDECISION-26APR-H0,8479c452-f6fe-7956-88c3-15e9429709fd
2026-04-17 19:54:27.001451+00:00,46.79,0.98,0.02,no,KXFEDDECISION-26APR-H0,04004948-f83a-5021-2628-885630ad17dd
2026-04-17 20:08:31.543001+00:00,500,0.98,0.02,no,KXFEDDECISION-26APR-H0,a16c2acb-0ffa-6bf1-7e2a-498af80a3231
2026-04-17 20:10:21.984161+00:00,1,0.99,0.01,yes,KXFEDDECISION-26APR-H0,35678981-ca96-79c6-8f8e-cbab46fd8991
2026-04-17 20:24:27.136500+00:00,5.04,0.99,0.01,yes,KXFEDDECISION-26APR-H0,d07ab0d1-a326-7f2e-ef93-cdc8b9f03c89
2026-04-17 20:47:29.719589+00:00,25,0.98,0.02,no,KXFEDDECISION-26APR-H0,89672321-e2fe-76a9-959e-e0d59e7a90f5
2026-04-17 21:06:27.071939+00:00,1,0.98,0.02,no,KXFEDDECISION-26APR-H0,318bd743-f23a-5179-063e-8eacc09c3e71
2026-04-17 21:08:23.470339+00:00,10.09,0.98,0.02,no,KXFEDDECISION-26APR-H0,b2e59662-1136-4fc5-e618-a8a209b40135
2026-04-17 21:09:14.414687+00:00,2.01,0.99,0.01,yes,KXFEDDECISION-26APR-H0,fa9db2f3-3ff2-7b52-c1e2-b14267bc9d7d
2026-04-17 21:09:18.971421+00:00,12,0.98,0.02,no,KXFEDDECISION-26APR-H0,38227d8a-d032-51b9-75e5-3caacece4331
2026-04-17 21:09:30.219823+00:00,2.01,0.98,0.02,no,KXFEDDECISION-26APR-H0,8510d599-96a2-7eb5-0019-3e3df1894ab9
2026-04-17 21:10:27.184799+00:00,9.58,0.99,0.01,yes,KXFEDDECISION-26APR-H0,2a4286d2-8cee-5a0e-efe4-3bb064f5cce9
2026-04-17 21:10:36.469167+00:00,9.58,0.98,0.02,no,KXFEDDECISION-26APR-H0,0137dc07-ef4e-69d9-1251-ecb44163c8e5
2026-04-17 21:15:53.450939+00:00,6.05,0.99,0.01,yes,KXFEDDECISION-26APR-H0,f996a8f0-3076-51ea-5d47-4493ff650e79
2026-04-17 21:23:20.984721+00:00,7.06,0.99,0.01,yes,KXFEDDECISION-26APR-H0,57117253-938e-4bde-358b-a7e2c38a1f45
2026-04-17 21:28:30.436989+00:00,125,0.98,0.02,no,KXFEDDECISION-26APR-H0,f97bbcfe-b8e2-501d-2fa7-89d45b6ad58d
2026-04-17 21:44:40.788671+00:00,5.04,0.99,0.01,yes,KXFEDDECISION-26APR-H0,5db985a2-2406-726a-3799-d13e363abb4d
2026-04-17 22:14:19.296268+00:00,50000,0.98,0.02,no,KXFEDDECISION-26APR-H0,ba1b8dc5-a422-4f09-13d0-dafcbd29a1fd
2026-04-17 22:17:10.589459+00:00,9.68,0.99,0.01,yes,KXFEDDECISION-26APR-H0,21c0614f-04be-45f6-c6c6-ede5630a668d
2026-04-17 22:17:19.419422+00:00,9.68,0.98,0.02,no,KXFEDDECISION-26APR-H0,a81eb142-006a-66e9-9ac1-6a2df374f251
2026-04-17 22:17:52.532823+00:00,5.04,0.99,0.01,yes,KXFEDDECISION-26APR-H0,2a2f1283-026a-51ae-13e5-41e438ac2015
2026-04-17 22:18:00.018103+00:00,5.04,0.98,0.02,no,KXFEDDECISION-26APR-H0,b11e35d4-89b6-4351-d96f-90c1089ccf11
2026-04-17 22:53:23.264654+00:00,50,0.99,0.01,yes,KXFEDDECISION-26APR-H0,17c9355e-0556-4096-9815-7b9dc79c95f9
2026-04-17 23:06:04.304351+00:00,1,0.99,0.01,yes,KXFEDDECISION-26APR-H0,9f12e311-c626-6ef2-e4c7-3185f372475d
2026-04-17 23:11:40.247081+00:00,1,0.99,0.01,yes,KXFEDDECISION-26APR-H0,f3306327-1f06-71c6-fb0a-eb59ea667529
2026-04-17 23:22:43.872847+00:00,171.5,0.98,0.02,no,KXFEDDECISION-26APR-H0,ed28c5d7-25ce-7891-c47b-6abfbadc601d
2026-04-17 23:31:01.428113+00:00,124.75,0.98,0.02,no,KXFEDDECISION-26APR-H0,c0058da9-d01a-5a61-b79b-020fd33275e9
2026-04-17 23:40:22.824730+00:00,46.79,0.98,0.02,no,KXFEDDECISION-26APR-H0,d6184eac-8cca-61d5-3f66-03642fd2a291
2026-04-17 23:48:57.477119+00:00,1000,0.98,0.02,no,KXFEDDECISION-26APR-H0,7fc6ec13-019e-6299-224e-86cc16bb94e9
2026-04-18 00:09:09.287213+00:00,233.95,0.98,0.02,no,KXFEDDECISION-26APR-H0,ab9db5d8-dfee-6565-1d00-9c2c918ebd69
2026-04-18 00:21:27.984431+00:00,1000,0.99,0.01,yes,KXFEDDECISION-26APR-H0,08c0ea99-920a-7d4a-4073-002dddad22e9
2026-04-18 00:28:33.982349+00:00,250,0.98,0.02,no,KXFEDDECISION-26APR-H0,4346d779-1faa-4ec9-d816-5aa675683d7d
2026-04-18 00:46:52.263425+00:00,250,0.98,0.02,no,KXFEDDECISION-26APR-H0,9f5a1ca4-6b42-41c5-5ec9-1b378d636dad
2026-04-18 00:50:51.010686+00:00,233.95,0.98,0.02,no,KXFEDDECISION-26APR-H0,d807d0ce-f0d6-433d-006a-894176520dd1
2026-04-18 01:08:53.625141+00:00,5000,0.98,0.02,no,KXFEDDECISION-26APR-H0,8a663b9a-b12e-7d45-c58c-0fa44f5ac2c1
2026-04-18 01:32:48.005289+00:00,30.27,0.99,0.01,yes,KXFEDDECISION-26APR-H0,0061db86-eeba-500a-1d24-41f81c73586d
2026-04-18 01:49:14.783109+00:00,46.79,0.98,0.02,no,KXFEDDECISION-26APR-H0,2e2cf308-bc26-4ea9-4dd7-75cd43142c21
2026-04-18 02:35:15.629662+00:00,1,0.99,0.01,yes,KXFEDDECISION-26APR-H0,c390b139-1982-6902-a657-1f49d6dad7e5
2026-04-18 02:35:35.010174+00:00,11697.54,0.98,0.02,no,KXFEDDECISION-26APR-H0,79042682-7b7a-638d-3395-82619589f739
2026-04-18 03:15:37.818509+00:00,125,0.98,0.02,no,KXFEDDECISION-26APR-H0,7926db80-d91e-77ed-fc16-458217735205
2026-04-18 03:26:04.158455+00:00,250,0.98,0.02,no,KXFEDDECISION-26APR-H0,3fb870cd-e4ca-4765-00b4-cb81f7803531
2026-04-18 03:39:17.394147+00:00,583,0.98,0.02,no,KXFEDDECISION-26APR-H0,c44c6389-27f6-4b49-7ec1-7171eeeeb3b9
2026-04-18 03:43:25.258284+00:00,627,0.98,0.02,no,KXFEDDECISION-26APR-H0,cff18e7b-2592-7565-1e12-0dfd03e9ddc9
2026-04-18 03:48:25.940180+00:00,125,0.98,0.02,no,KXFEDDECISION-26APR-H0,21a7beaa-d68a-72c1-fe82-f73ea223f9ed
2026-04-18 03:49:59.766878+00:00,935.8,0.98,0.02,no,KXFEDDECISION-26APR-H0,9e8e1a6e-da8a-7ec1-661f-2e7a5f155a2d
2026-04-18 03:52:29.035794+00:00,625,0.98,0.02,no,KXFEDDECISION-26APR-H0,a8b14362-a136-42c5-2559-37e79047c799
2026-04-18 04:02:03.161674+00:00,151,0.99,0.01,yes,KXFEDDECISION-26APR-H0,6e1b373d-d6c6-5c7a-1460-b839d47d103d
2026-04-18 04:04:37.451326+00:00,374.75,0.98,0.02,no,KXFEDDECISION-26APR-H0,5e46a5a7-642e-786d-4886-d0f54497a4d1
2026-04-18 04:43:47.127950+00:00,217.95,0.99,0.01,yes,KXFEDDECISION-26APR-H0,327b6d35-2ec2-695e-5648-b8d7d66c3791
2026-04-18 04:59:10.585443+00:00,165,0.98,0.02,no,KXFEDDECISION-26APR-H0,d193966b-cdd6-7c49-ff83-1e31c8501455
2026-04-18 05:25:07.812938+00:00,20.18,0.99,0.01,yes,KXFEDDECISION-26APR-H0,183f5a5b-104a-591a-6836-48a25a78fca9
2026-04-18 05:40:15.105326+00:00,49.75,0.98,0.02,no,KXFEDDECISION-26APR-H0,bd75a201-a06e-68bd-ae56-a16e1ace8605
2026-04-18 05:59:00.056349+00:00,93.58,0.98,0.02,no,KXFEDDECISION-26APR-H0,abd76d30-44b6-7ee5-47eb-8d984177e63d
2026-04-18 06:15:17.670034+00:00,1250,0.98,0.02,no,KXFEDDECISION-26APR-H0,1722fe12-f8d2-525d-f06c-a6793f4af665
2026-04-18 06:25:56.088478+00:00,1403.7,0.98,0.02,no,KXFEDDECISION-26APR-H0,cab0435b-f72e-52b5-4839-b91da8eec4e1
2026-04-18 06:26:31.787141+00:00,140.37,0.98,0.02,no,KXFEDDECISION-26APR-H0,b7f15a59-e8f2-7909-d2bc-28e12f9ded01
2026-04-18 06:26:52.194190+00:00,11.69,0.98,0.02,no,KXFEDDECISION-26APR-H0,3c060775-24c6-7e81-1451-7cd70aa9f029
2026-04-18 06:27:20.474077+00:00,7.01,0.98,0.02,no,KXFEDDECISION-26APR-H0,fb79f8dd-0f1e-7c01-276d-da75c2c97421
2026-04-18 06:28:56.576529+00:00,5.22,0.98,0.02,no,KXFEDDECISION-26APR-H0,a1006c8d-84aa-65e5-a16e-ca75176f5245
2026-04-18 07:28:22.677484+00:00,1,0.98,0.02,no,KXFEDDECISION-26APR-H0,acf140c4-2e72-64d5-22cd-11f9ab6eab31
2026-04-18 07:33:24.012448+00:00,125,0.98,0.02,no,KXFEDDECISION-26APR-H0,64e80dfe-bc3a-5911-ef48-cc0adc6a4ee1
2026-04-18 07:33:27.566473+00:00,1,0.98,0.02,no,KXFEDDECISION-26APR-H0,8e07ecfa-233a-4785-9cf1-75b57b25c955
2026-04-18 08:14:19.551231+00:00,1544.07,0.98,0.02,no,KXFEDDECISION-26APR-H0,9ec5ae84-229a-60d5-f74f-92dfa876ec25
2026-04-18 08:27:27.999188+00:00,140.37,0.99,0.01,yes,KXFEDDECISION-26APR-H0,5a409f1a-357a-7bee-89d3-42d37994ab75
2026-04-18 10:35:17.683025+00:00,327.53,0.98,0.02,no,KXFEDDECISION-26APR-H0,cdfcdb42-5bce-4e95-cbbe-9de71076bac9
2026-04-18 10:47:49.903753+00:00,15,0.98,0.02,no,KXFEDDECISION-26APR-H0,b039314a-97b2-4e4d-b319-bf38585a5519
2026-04-18 12:58:01.190597+00:00,3000,0.99,0.01,yes,KXFEDDECISION-26APR-H0,e10f0f8c-2712-4592-5772-a2a6b896add9
2026-04-18 13:25:50.605548+00:00,467.9,0.98,0.02,no,KXFEDDECISION-26APR-H0,f7b2bece-ee4e-7745-0631-0e46a7c8abfd
2026-04-18 14:48:56.826806+00:00,5.04,0.99,0.01,yes,KXFEDDECISION-26APR-H0,ee3b6051-9bd6-403e-ccd2-39d424f7474d
2026-04-18 15:23:14.820189+00:00,25.23,0.99,0.01,yes,KXFEDDECISION-26APR-H0,91ca8f95-bfae-6b1a-92d1-d46af39c20e9
2026-04-18 15:38:12.581606+00:00,3.02,0.99,0.01,yes,KXFEDDECISION-26APR-H0,6fc63034-1876-4a3e-0928-ab87c496cb41
2026-04-18 16:16:07.122985+00:00,1,0.99,0.01,yes,KXFEDDECISION-26APR-H0,1d05d7f8-ef92-5856-45eb-9f6881803bfd
2026-04-18 16:36:38.415598+00:00,1250,0.98,0.02,no,KXFEDDECISION-26APR-H0,0363d476-e652-5279-129f-75fd15a493a9
2026-04-18 16:36:55.251435+00:00,3.02,0.99,0.01,yes,KXFEDDECISION-26APR-H0,28e4e855-3d3e-74ca-a667-360f24ef7bd5
2026-04-18 16:38:43.452694+00:00,2500,0.98,0.02,no,KXFEDDECISION-26APR-H0,0acfcfe9-a0b6-5d95-fb71-b7316d4732b5
2026-04-18 16:39:01.412759+00:00,250,0.98,0.02,no,KXFEDDECISION-26APR-H0,9defe512-e686-4461-e429-8003b5563b41
2026-04-18 16:48:15.676878+00:00,25,0.98,0.02,no,KXFEDDECISION-26APR-H0,24e51417-e80a-63b9-52df-02cc5b039a65
2026-04-18 17:05:21.682352+00:00,24.75,0.98,0.02,no,KXFEDDECISION-26APR-H0,ccefede1-3e9e-7af5-a2ea-88c1701d9be5
2026-04-18 17:20:42.271306+00:00,93.58,0.98,0.02,no,KXFEDDECISION-26APR-H0,2d7a231f-db2e-42c5-07a2-1af668cf33fd
2026-04-18 17:25:56.904779+00:00,100.93,0.99,0.01,yes,KXFEDDECISION-26APR-H0,0eb4f8da-bd62-5776-875e-c7dc28775bed
2026-04-18 17:47:29.729481+00:00,25.23,0.99,0.01,yes,KXFEDDECISION-26APR-H0,c573c288-fa92-58e2-3e2c-8c99ea1d22d1
2026-04-18 17:57:08.895526+00:00,2.01,0.99,0.01,yes,KXFEDDECISION-26APR-H0,d6d3057f-636e-5d32-5299-778bc07117b9
2026-04-18 18:03:52.435551+00:00,26,0.98,0.02,no,KXFEDDECISION-26APR-H0,f3f6b55a-a71e-73dd-b7e6-3d0a62cd9ee9
2026-04-18 18:05:41.416110+00:00,467.9,0.98,0.02,no,KXFEDDECISION-26APR-H0,66324c35-11ba-7fe1-d5b5-23e03dfa3375
2026-04-18 18:12:22.421177+00:00,3.02,0.99,0.01,yes,KXFEDDECISION-26APR-H0,0cc6315f-56fa-708a-3f93-48aab8095e89
2026-04-18 18:14:52.348065+00:00,1,0.99,0.01,yes,KXFEDDECISION-26APR-H0,09e8183d-4fca-6f52-0744-a7cc72d6d325
2026-04-18 18:20:04.905550+00:00,1,0.98,0.02,no,KXFEDDECISION-26APR-H0,c595a4ed-07e6-5f1d-0de0-622e615213e1
2026-04-18 18:23:07.948381+00:00,5,0.98,0.02,no,KXFEDDECISION-26APR-H0,9193d500-9016-7e99-0ed2-c17bb300d4e1
2026-04-18 18:44:06.223054+00:00,8.06,0.98,0.02,no,KXFEDDECISION-26APR-H0,f24cb0dd-92fe-5c2d-1a77-cd6222c14dcd
2026-04-18 18:56:52.015393+00:00,2.01,0.99,0.01,yes,KXFEDDECISION-26APR-H0,553f43e2-cc82-793a-9826-1ee5d47b8ce5
2026-04-18 19:11:22.390725+00:00,467.9,0.98,0.02,no,KXFEDDECISION-26APR-H0,7762cfb6-40ee-5d51-0bad-58f2a244a889
2026-04-18 19:23:27.442884+00:00,491.29,0.98,0.02,no,KXFEDDECISION-26APR-H0,1d092b54-0a02-52e5-2487-9171e72e2985
2026-04-18 19:39:34.097167+00:00,454.22,0.99,0.01,yes,KXFEDDECISION-26APR-H0,e0944e4e-f32e-48de-bf33-a52d3a842c21
2026-04-18 19:58:01.614387+00:00,1.75,0.98,0.02,no,KXFEDDECISION-26APR-H0,3d16e471-4f46-589d-c579-ba5afb6c85a1
2026-04-18 19:59:46.746079+00:00,7,0.98,0.02,no,KXFEDDECISION-26APR-H0,f21dfad0-dd06-435d-e79e-70752c265eb5
2026-04-18 20:05:48.918594+00:00,1,0.99,0.01,yes,KXFEDDECISION-26APR-H0,14a45ba5-a436-61be-75e2-195a00b3eac5
2026-04-18 20:24:37.391813+00:00,0.99,0.99,0.01,yes,KXFEDDECISION-26APR-H0,74ba87b7-5406-7916-292b-dc92d39609f1
2026-04-18 20:25:36.061709+00:00,467.9,0.98,0.02,no,KXFEDDECISION-26APR-H0,74086090-43c6-4605-2746-8805230d829d
2026-04-18 20:27:45.840508+00:00,5.04,0.99,0.01,yes,KXFEDDECISION-26APR-H0,99ca557f-8bb2-7bd6-e864-bdb91d8872ed
2026-04-18 20:35:23.604938+00:00,5.04,0.98,0.02,no,KXFEDDECISION-26APR-H0,c438f637-da12-7539-0096-bb38ea8f7309
2026-04-18 20:35:57.858582+00:00,187.16,0.98,0.02,no,KXFEDDECISION-26APR-H0,f5a93dee-7fae-6ccd-f73e-222ab4f8e841
2026-04-18 20:37:02.939561+00:00,10.09,0.99,0.01,yes,KXFEDDECISION-26APR-H0,9564db11-1fa2-482a-5f7a-c82fdc7f1c21
2026-04-18 20:49:32.367255+00:00,1,0.99,0.01,yes,KXFEDDECISION-26APR-H0,53d375b0-2d2a-535e-036f-2d3b7e8f3d2d
2026-04-18 20:57:15.449073+00:00,1,0.98,0.02,no,KXFEDDECISION-26APR-H0,7faac85a-bf52-6011-97a0-fcdd3e6dc24d
2026-04-18 21:11:31.111787+00:00,2.01,0.99,0.01,yes,KXFEDDECISION-26APR-H0,87343c2a-db6a-4bce-9320-da62a627cb1d
2026-04-18 21:13:36.510950+00:00,467.5,0.98,0.02,no,KXFEDDECISION-26APR-H0,83132644-01ce-6eb5-cbd4-90061e158239
2026-04-18 21:41:57.892855+00:00,2.01,0.99,0.01,yes,KXFEDDECISION-26APR-H0,2a52fa51-bbf2-798a-ec74-4bf29a1f5b05
2026-04-18 21:48:23.107717+00:00,100,0.98,0.02,no,KXFEDDECISION-26APR-H0,c9fdd7a5-5036-4d29-34ca-55fb5d1789d9
2026-04-18 21:52:14.530139+00:00,89,0.98,0.02,no,KXFEDDECISION-26APR-H0,823b476e-878a-74bd-ce9d-1ab88fa05d4d
2026-04-18 21:59:12.143003+00:00,5.04,0.98,0.02,no,KXFEDDECISION-26APR-H0,3eb7a153-fd1a-5bad-919c-e02d2c5db035
2026-04-18 22:02:54.769488+00:00,2.01,0.99,0.01,yes,KXFEDDECISION-26APR-H0,cedff47f-e216-4812-24e8-ce3630ddd6cd
2026-04-18 22:08:37.644902+00:00,1,0.98,0.02,no,KXFEDDECISION-26APR-H0,2ce24180-5032-5bed-e86f-b5ab90834479
2026-04-18 22:11:30.072697+00:00,4679.01,0.98,0.02,no,KXFEDDECISION-26APR-H0,8ec46c20-860a-6785-4660-f15cb8f3e191
2026-04-18 22:29:36.466535+00:00,11.1,0.99,0.01,yes,KXFEDDECISION-26APR-H0,efe3d7b8-a306-4246-34f4-00d51afd7c39
2026-04-18 22:35:11.709366+00:00,7,0.99,0.01,yes,KXFEDDECISION-26APR-H0,2623118d-67aa-426e-4a89-9bdaf7251901
2026-04-18 22:36:26.812185+00:00,3.02,0.99,0.01,yes,KXFEDDECISION-26APR-H0,264da58f-8b36-6aee-c820-b09dac1c5081
2026-04-18 22:37:31.885816+00:00,5.04,0.99,0.01,yes,KXFEDDECISION-26APR-H0,3d784617-35b2-6b6a-9f4f-724c9f20ef35
2026-04-18 22:55:30.955821+00:00,10.09,0.99,0.01,yes,KXFEDDECISION-26APR-H0,1fb1e4ef-a3fe-6c72-c720-e157278fabbd
2026-04-18 22:56:32.221076+00:00,10,0.99,0.01,yes,KXFEDDECISION-26APR-H0,5a8d271d-d59a-69ce-ff57-caaa9dd3a5cd
2026-04-18 23:06:52.802678+00:00,320,0.98,0.02,no,KXFEDDECISION-26APR-H0,479a8495-b0ea-50f1-7f1c-6348ccfd6ee1
2026-04-18 23:19:47.043445+00:00,25.23,0.99,0.01,yes,KXFEDDECISION-26APR-H0,36dc9d17-f6c2-6802-7d90-01384e73df1d
2026-04-18 23:20:11.132359+00:00,25.23,0.98,0.02,no,KXFEDDECISION-26APR-H0,f3cf593d-2406-5d71-a071-d4cb57293b1d
2026-04-18 23:20:58.612826+00:00,25.23,0.99,0.01,yes,KXFEDDECISION-26APR-H0,040be7bc-d4ee-49ee-f734-8b54af461b35
2026-04-18 23:21:11.922159+00:00,25.23,0.98,0.02,no,KXFEDDECISION-26APR-H0,122544b7-cf32-5d4d-e114-c1a86c9adba1
2026-04-18 23:24:34.248465+00:00,500,0.98,0.02,no,KXFEDDECISION-26APR-H0,0d8c91c4-c38a-61d9-3ba3-8f03674103c1
2026-04-18 23:41:30.214309+00:00,5.04,0.99,0.01,yes,KXFEDDECISION-26APR-H0,7b234b3b-99d2-47ce-db77-e9a3e22ad2b5
2026-04-18 23:48:53.324224+00:00,15000,0.99,0.01,yes,KXFEDDECISION-26APR-H0,e450ddc9-db36-50be-5ca7-2b43993b9449
2026-04-18 23:50:06.021938+00:00,15.12,0.98,0.02,no,KXFEDDECISION-26APR-H0,280aca31-73c2-7701-abd9-21a3691c3f55
2026-04-19 00:14:10.363259+00:00,10.09,0.99,0.01,yes,KXFEDDECISION-26APR-H0,e08fd4ff-c73e-6e0e-a211-96a48d9d08ed
2026-04-19 00:17:07.844746+00:00,48.44,0.99,0.01,yes,KXFEDDECISION-26APR-H0,f3d6317b-5016-5a3a-79b9-953c2b4164c5
2026-04-19 00:36:53.808890+00:00,201.87,0.99,0.01,yes,KXFEDDECISION-26APR-H0,59c2dcc4-cae2-5f8e-8955-030ae698c01d
2026-04-19 00:50:58.700122+00:00,10.09,0.99,0.01,yes,KXFEDDECISION-26APR-H0,efe7f988-92e2-4456-d7a6-dcd44c624251
2026-04-19 01:08:14.603834+00:00,134,0.98,0.02,no,KXFEDDECISION-26APR-H0,20ab6bea-06ea-4879-8b1f-4798db6e42dd
2026-04-19 01:20:36.413250+00:00,40.37,0.99,0.01,yes,KXFEDDECISION-26APR-H0,27a5ef23-ef9a-4d52-525b-a7e2656d5d21
2026-04-19 01:38:55.074611+00:00,5,0.98,0.02,no,KXFEDDECISION-26APR-H0,ca24f2d2-50fa-43f1-cc30-de539b079c45
2026-04-19 01:42:19.118783+00:00,25.23,0.99,0.01,yes,KXFEDDECISION-26APR-H0,ced798da-07ee-501a-529f-b15ecf2d148d
2026-04-19 01:44:14.611665+00:00,23.39,0.98,0.02,no,KXFEDDECISION-26APR-H0,b59e1100-d6e6-4575-509e-6bcc19c7efc1
2026-04-19 01:46:41.401277+00:00,50,0.99,0.01,yes,KXFEDDECISION-26APR-H0,1d60a730-11ea-6a56-17aa-38681fa16951
2026-04-19 01:53:36.523871+00:00,250,0.98,0.02,no,KXFEDDECISION-26APR-H0,f3f684b7-d4b6-4235-0007-50460582fff9
2026-04-19 02:10:39.662370+00:00,5.04,0.99,0.01,yes,KXFEDDECISION-26APR-H0,cb3806c8-7252-6722-f3c0-ecb8a5e8144d
2026-04-19 02:12:12.807459+00:00,4679.01,0.98,0.02,no,KXFEDDECISION-26APR-H0,46bc07b9-a14e-4421-cb72-bb9cd0afd4b9
2026-04-19 02:32:32.599807+00:00,1,0.98,0.02,no,KXFEDDECISION-26APR-H0,eebaa3e3-7446-7c7d-4e27-b5bc56d150a5
2026-04-19 02:43:39.222265+00:00,100.93,0.99,0.01,yes,KXFEDDECISION-26APR-H0,683e9bef-09de-543a-a618-3d196d717c3d
2026-04-19 02:48:34.031949+00:00,35.09,0.98,0.02,no,KXFEDDECISION-26APR-H0,2ad4a234-0d5e-421d-056d-32a8eb295575
2026-04-19 02:49:05.609286+00:00,4.67,0.98,0.02,no,KXFEDDECISION-26APR-H0,175f2f98-2086-6df9-8ce2-9fea4d455b51
2026-04-19 02:49:06.931211+00:00,5.04,0.98,0.02,no,KXFEDDECISION-26APR-H0,9d330c7c-09b2-7f75-43c2-52cd1282b4b9
2026-04-19 02:51:40.733628+00:00,25,0.98,0.02,no,KXFEDDECISION-26APR-H0,98e83d29-8aea-5cbd-8db2-417bf0fc2b95
2026-04-19 03:03:34.774431+00:00,15.13,0.99,0.01,yes,KXFEDDECISION-26APR-H0,9fefbf6f-d7aa-4e86-eebd-485adbbc8689
2026-04-19 03:07:30.270522+00:00,898.83,0.98,0.02,no,KXFEDDECISION-26APR-H0,58963713-36ce-65b1-3b87-5009077fbac5
2026-04-19 03:35:59.963834+00:00,35,0.99,0.01,yes,KXFEDDECISION-26APR-H0,dcdf02c4-d38e-544e-760e-756354ffed8d
2026-04-19 03:46:20.140516+00:00,2.01,0.99,0.01,yes,KXFEDDECISION-26APR-H0,16de9c93-933a-6446-f0de-6ed6cec14a89
2026-04-19 03:46:43.328869+00:00,2.01,0.98,0.02,no,KXFEDDECISION-26APR-H0,db04141d-8cd2-71b5-83fa-faf18cb7fe8d
2026-04-19 03:48:10.963890+00:00,196.51,0.98,0.02,no,KXFEDDECISION-26APR-H0,210df175-c802-7eed-c16c-386bbdca2e31
2026-04-19 03:48:48.557339+00:00,1.26,0.99,0.01,yes,KXFEDDECISION-26APR-H0,7f7421a5-b6e6-7a4a-c211-f5ad57addff9
2026-04-19 04:04:28.173561+00:00,50,0.98,0.02,no,KXFEDDECISION-26APR-H0,2850cb09-a79e-66a9-596a-f99b9be12895
2026-04-19 04:08:42.620787+00:00,20000,0.99,0.01,yes,KXFEDDECISION-26APR-H0,1ed0dae7-b07a-7d22-43aa-8ecce3fb9cc9
2026-04-19 04:17:19.858403+00:00,842.22,0.98,0.02,no,KXFEDDECISION-26APR-H0,c45749b0-b9c2-6501-ba11-dc8563888269
2026-04-19 04:24:10.552407+00:00,1,0.98,0.02,no,KXFEDDECISION-26APR-H0,0ca89ad3-26d6-6a79-2127-42c7c0052b6d
2026-04-19 04:27:37.177011+00:00,100,0.98,0.02,no,KXFEDDECISION-26APR-H0,cd26bc17-abde-5299-fab5-4013301c5015
2026-04-19 04:41:08.809650+00:00,24.75,0.98,0.02,no,KXFEDDECISION-26APR-H0,38c2fb5a-f6d2-4741-bfb2-3e4af356991d
2026-04-19 04:49:17.923655+00:00,9,0.98,0.02,no,KXFEDDECISION-26APR-H0,3bceef03-7c8a-46ad-4434-d20d993a2751
2026-04-19 04:49:57.953483+00:00,5.04,0.99,0.01,yes,KXFEDDECISION-26APR-H0,c84a657c-28c6-7db2-078e-5388e086acbd
2026-04-19 05:00:25.805706+00:00,1,0.98,0.02,no,KXFEDDECISION-26APR-H0,08b18d95-e652-461d-6aa3-953067479951
2026-04-19 05:11:36.872330+00:00,2,0.98,0.02,no,KXFEDDECISION-26APR-H0,b8095249-e212-5431-ebe4-17c4997d96f9
2026-04-19 05:44:27.687698+00:00,1000.37,0.98,0.02,no,KXFEDDECISION-26APR-H0,c0434dc5-32a2-4d81-f6f7-9ef205e96fb9
2026-04-19 06:31:20.548131+00:00,125,0.98,0.02,no,KXFEDDECISION-26APR-H0,2be72118-3e2e-7095-62b1-c868786d7cfd
2026-04-19 07:07:09.038169+00:00,2339.5,0.98,0.02,no,KXFEDDECISION-26APR-H0,6054ead2-0176-5919-480a-734208987695
2026-04-19 07:18:18.216015+00:00,75,0.98,0.02,no,KXFEDDECISION-26APR-H0,b07512e6-13a2-7de1-1dc3-741519ce7f2d
2026-04-19 07:18:19.060311+00:00,5,0.99,0.01,yes,KXFEDDECISION-26APR-H0,0f23abf1-a912-6fc2-c83c-b6362ec4b811
2026-04-19 08:38:09.875949+00:00,500,0.99,0.01,yes,KXFEDDECISION-26APR-H0,5861ce9f-bf42-7d46-b5b8-751eb22c7379
2026-04-19 09:22:40.333949+00:00,218,0.99,0.01,yes,KXFEDDECISION-26APR-H0,23cd851c-0db2-4b22-a1e3-9c9f6eb12d8d
2026-04-19 10:25:07.966098+00:00,1,0.98,0.02,no,KXFEDDECISION-26APR-H0,4103497c-bdde-5dd1-87ca-93cd364af239
2026-04-19 10:53:48.111674+00:00,1,0.99,0.01,yes,KXFEDDECISION-26APR-H0,8ba1a401-abee-437e-1ab6-77905e488601
2026-04-19 11:57:41.341077+00:00,5.04,0.99,0.01,yes,KXFEDDECISION-26APR-H0,f7fcf2f4-c652-5dfa-b695-c2443d6e910d
2026-04-19 12:08:48.210132+00:00,10.09,0.99,0.01,yes,KXFEDDECISION-26APR-H0,ff2d6d34-0672-63be-edef-92022628cc05
2026-04-19 12:09:43.072629+00:00,2.01,0.98,0.02,no,KXFEDDECISION-26APR-H0,00dc3065-5c86-71dd-61ab-04a98f62bd21
2026-04-19 12:15:29.083348+00:00,11.1,0.99,0.01,yes,KXFEDDECISION-26APR-H0,4ba06113-3992-62b6-db07-e55656b18681
2026-04-19 12:20:04.752184+00:00,9,0.98,0.02,no,KXFEDDECISION-26APR-H0,75da110a-a606-759d-7815-0f4d34098cc1
2026-04-19 12:22:39.075923+00:00,1,0.99,0.01,yes,KXFEDDECISION-26APR-H0,2973787f-7eb6-501e-5c13-ddc2c3d2bbd1
2026-04-19 13:04:05.173292+00:00,93.58,0.98,0.02,no,KXFEDDECISION-26APR-H0,71105a66-667a-4e51-1c21-7bb1919dca21
2026-04-19 13:56:07.089955+00:00,467.9,0.98,0.02,no,KXFEDDECISION-26APR-H0,68d6fc76-b7a2-4e55-76a7-f98c389bd219
2026-04-19 14:17:21.973405+00:00,15,0.99,0.01,yes,KXFEDDECISION-26APR-H0,c7c01bf1-da62-6fe6-a4a5-a92e72598211
2026-04-19 14:18:54.245696+00:00,10.09,0.98,0.02,no,KXFEDDECISION-26APR-H0,0d737572-4462-4e51-afbf-41e33b3fe319
2026-04-19 14:23:20.267318+00:00,3,0.99,0.01,yes,KXFEDDECISION-26APR-H0,e81d07f5-a2e2-63f2-5433-bacc325a481d
2026-04-19 14:25:33.141858+00:00,20000,0.99,0.01,yes,KXFEDDECISION-26APR-H0,518b2850-ba86-5a9a-14dc-4984a9d0508d
2026-04-19 14:28:11.487186+00:00,289,0.98,0.02,no,KXFEDDECISION-26APR-H0,94e5c5fd-a446-79d1-3437-e015bfc9a439
2026-04-19 14:49:51.133272+00:00,233.95,0.98,0.02,no,KXFEDDECISION-26APR-H0,9e0c541c-65d2-7d45-9cf4-7a202aedcdc9
2026-04-19 14:50:47.529928+00:00,1,0.99,0.01,yes,KXFEDDECISION-26APR-H0,357e16d9-fa02-77a2-58ab-300fe096de31
2026-04-19 15:07:26.560471+00:00,4679,0.98,0.02,no,KXFEDDECISION-26APR-H0,1a4bfd3d-342e-4b21-bd18-ae15edb243d1
2026-04-19 15:17:44.327640+00:00,10.09,0.99,0.01,yes,KXFEDDECISION-26APR-H0,242aec11-fad2-77e6-9c6d-cd5ea0543495
2026-04-19 15:19:46.443832+00:00,1,0.99,0.01,yes,KXFEDDECISION-26APR-H0,bb86ab6c-a5d2-70de-622f-e12f6b5d2a09
2026-04-19 15:29:55.600131+00:00,25,0.98,0.02,no,KXFEDDECISION-26APR-H0,0a7c8435-07c2-629d-f713-3577046b4865
2026-04-19 15:47:26.164588+00:00,100,0.99,0.01,yes,KXFEDDECISION-26APR-H0,84b95f3c-8d6e-4b6e-2c1c-1ba8cdf176f1
2026-04-19 15:54:44.690174+00:00,5.04,0.99,0.01,yes,KXFEDDECISION-26APR-H0,4d7eb8df-4fba-5ae2-5067-8834ec491c99
2026-04-19 16:26:21.406625+00:00,10.09,0.99,0.01,yes,KXFEDDECISION-26APR-H0,3eb7c316-7f9a-77aa-8e1b-eb493c50b86d
2026-04-19 16:51:16.432715+00:00,1,0.99,0.01,yes,KXFEDDECISION-26APR-H0,dec99a18-9072-5166-68d7-1799c5197f6d
2026-04-19 16:58:00.752194+00:00,1,0.99,0.01,yes,KXFEDDECISION-26APR-H0,8efb4704-f3ea-7dba-9d66-77dc8f92012d
2026-04-19 17:01:21.717259+00:00,5.04,0.98,0.02,no,KXFEDDECISION-26APR-H0,3ba91c3d-0096-79a1-cf97-2a090d2b7a49
2026-04-19 17:05:12.331373+00:00,25,0.98,0.02,no,KXFEDDECISION-26APR-H0,efe1db5c-f602-422d-72c3-e5b06c38b34d
2026-04-19 17:05:28.580951+00:00,10,0.98,0.02,no,KXFEDDECISION-26APR-H0,185c5465-3c12-6841-9edc-8ddc17f81551
2026-04-19 17:05:38.770007+00:00,125,0.98,0.02,no,KXFEDDECISION-26APR-H0,d2ebd6c4-5986-7b6d-ff38-5aeca70c5b7d
2026-04-19 17:08:02.902154+00:00,250,0.98,0.02,no,KXFEDDECISION-26APR-H0,13c54832-a9a2-7a61-bc97-23041978abc5
2026-04-19 17:18:57.079667+00:00,46.79,0.98,0.02,no,KXFEDDECISION-26APR-H0,ecc6f4a1-92ba-5875-bd56-31d2cae531ad
2026-04-19 17:20:56.026187+00:00,250,0.98,0.02,no,KXFEDDECISION-26APR-H0,0f2c8bb8-c18e-77e5-de14-6afbc519b521
2026-04-19 17:34:51.379119+00:00,1,0.99,0.01,yes,KXFEDDECISION-26APR-H0,eca34d36-c8ee-42ee-d329-60570352037d
2026-04-19 17:38:01.754297+00:00,46.79,0.98,0.02,no,KXFEDDECISION-26APR-H0,7b651294-2e8a-61d1-6dc9-8261e0f403f5
2026-04-19 17:57:06.060877+00:00,10.09,0.98,0.02,no,KXFEDDECISION-26APR-H0,7181ea10-68a6-63d5-0fd8-0ce376528931
2026-04-19 17:58:26.227687+00:00,2500,0.98,0.02,no,KXFEDDECISION-26APR-H0,c0fef56a-9ba2-7ead-94ed-91ad50bbdd59
2026-04-19 18:01:30.732092+00:00,1,0.98,0.02,no,KXFEDDECISION-26APR-H0,98ba23d3-262a-4c6d-9633-d91b846f28a5
2026-04-19 18:11:15.310391+00:00,467.9,0.98,0.02,no,KXFEDDECISION-26APR-H0,571b36f9-a052-46d1-6539-9052008149f9
2026-04-19 18:17:15.923308+00:00,24.22,0.99,0.01,yes,KXFEDDECISION-26APR-H0,ce3110a7-90d2-6b4e-da48-9b65a0675b85
2026-04-19 18:28:17.536527+00:00,252.31,0.99,0.01,yes,KXFEDDECISION-26APR-H0,a5de6caf-882e-6d92-a977-25ef168e0aa5
2026-04-19 18:30:53.107533+00:00,0.5,0.99,0.01,yes,KXFEDDECISION-26APR-H0,243e9659-9e4e-57de-54de-5bababdef065
2026-04-19 18:37:04.962495+00:00,25,0.98,0.02,no,KXFEDDECISION-26APR-H0,10aa00c4-35c6-569d-d9fd-0c4bce2e03a5
2026-04-19 18:46:25.464048+00:00,233.95,0.98,0.02,no,KXFEDDECISION-26APR-H0,7741956a-230e-628d-8fa2-74caea284d51
2026-04-19 18:48:26.339771+00:00,233.95,0.98,0.02,no,KXFEDDECISION-26APR-H0,fdf448d9-eaae-41f5-4618-df801f86e8f5
2026-04-19 20:03:13.556791+00:00,20.18,0.99,0.01,yes,KXFEDDECISION-26APR-H0,c97e9b03-f0f6-6036-6598-be104789c159
2026-04-19 20:04:05.837642+00:00,20.18,0.98,0.02,no,KXFEDDECISION-26APR-H0,ce3a81d8-c6aa-4d11-d520-0cd2d26df715
2026-04-19 20:24:26.074379+00:00,467.9,0.98,0.02,no,KXFEDDECISION-26APR-H0,2fe35286-4966-41c9-2014-0b049a46b969
2026-04-19 20:36:21.250505+00:00,5.04,0.99,0.01,yes,KXFEDDECISION-26APR-H0,d4858528-0a1e-5642-4992-15ccc188dfe9
2026-04-19 21:10:52.485738+00:00,93.58,0.98,0.02,no,KXFEDDECISION-26APR-H0,cb4110c8-d5ea-74bd-3ff2-b64727476c41
2026-04-19 21:21:27.090088+00:00,93.58,0.98,0.02,no,KXFEDDECISION-26APR-H0,611b6f2d-0db6-5619-cec2-90d8ae495f2d
2026-04-19 21:26:10.204244+00:00,0.55,0.99,0.01,yes,KXFEDDECISION-26APR-H0,9a0c88fd-92fe-6d2e-4ac3-5f8e06073545
2026-04-19 21:39:20.417172+00:00,1,0.99,0.01,yes,KXFEDDECISION-26APR-H0,12151a20-d08a-5a4e-40b3-f3de58ea0bc1
2026-04-19 21:42:30.789182+00:00,20000,0.99,0.01,yes,KXFEDDECISION-26APR-H0,bd12ff8d-b97e-7c8a-c585-b5b5f40b0e1d
2026-04-19 21:52:46.022740+00:00,10.09,0.99,0.01,yes,KXFEDDECISION-26APR-H0,2067e19c-d76a-627e-5107-c1f03cd3d4d5
2026-04-19 21:54:33.375653+00:00,10.09,0.98,0.02,no,KXFEDDECISION-26APR-H0,75e671c4-1462-79b5-0bb4-20ea8d3c7a69
2026-04-19 21:55:45.025494+00:00,5,0.98,0.02,no,KXFEDDECISION-26APR-H0,1e8c98d9-274a-4f91-e5f6-4d82a39afb3d
2026-04-19 22:00:36.996267+00:00,3.02,0.99,0.01,yes,KXFEDDECISION-26APR-H0,b81b8cc0-cb9a-502e-cb53-a6313799df71
2026-04-19 22:29:50.705184+00:00,10,0.98,0.02,no,KXFEDDECISION-26APR-H0,3cbcf019-b0b2-60a9-d76b-4535fbd84d81
2026-04-19 22:30:40.453946+00:00,3.02,0.99,0.01,yes,KXFEDDECISION-26APR-H0,2a246d9b-14b6-583e-ff59-e00a4ab4d999
2026-04-19 22:33:04.996867+00:00,4.03,0.99,0.01,yes,KXFEDDECISION-26APR-H0,1dbfc125-8e6a-529e-5609-0a13901e7069
2026-04-19 22:34:57.426505+00:00,25.47,0.98,0.02,no,KXFEDDECISION-26APR-H0,36ecc5da-45c6-79ad-ba54-f03c18652fe9
2026-04-19 22:42:45.223039+00:00,100,0.98,0.02,no,KXFEDDECISION-26APR-H0,c9b02957-331e-7101-13cf-e85130c79a75
2026-04-19 22:42:59.032229+00:00,5.04,0.99,0.01,yes,KXFEDDECISION-26APR-H0,fd086462-4c66-5c52-9952-081d7cce4309
2026-04-19 22:45:56.160618+00:00,5.04,0.98,0.02,no,KXFEDDECISION-26APR-H0,ed1edef3-5d26-71d5-7753-7a0ea1e52321
2026-04-19 22:58:15.951091+00:00,46.79,0.98,0.02,no,KXFEDDECISION-26APR-H0,69493176-f912-5379-feb1-78dbbe66cba9
2026-04-19 23:30:22.828987+00:00,10.09,0.99,0.01,yes,KXFEDDECISION-26APR-H0,98d17b10-816e-6e76-3687-4a8ed3e16f39
2026-04-19 23:48:27.731466+00:00,10.09,0.98,0.02,no,KXFEDDECISION-26APR-H0,cc3f3c5c-016a-59a1-0f1e-b8b58a496985
2026-04-19 23:49:47.841542+00:00,1,0.99,0.01,yes,KXFEDDECISION-26APR-H0,5822752f-5ba6-43e6-e464-fbe404443e09
2026-04-19 23:50:34.091367+00:00,250,0.98,0.02,no,KXFEDDECISION-26APR-H0,a863f213-fb12-790d-1bc6-df1228d841fd
2026-04-20 00:04:36.925504+00:00,25,0.98,0.02,no,KXFEDDECISION-26APR-H0,00492e9f-1ffe-606d-844a-e293276b0539
2026-04-20 00:12:11.288358+00:00,467.9,0.98,0.02,no,KXFEDDECISION-26APR-H0,9100ba43-08a6-6279-640f-346e2bc73b61
2026-04-20 00:13:26.526322+00:00,3.02,0.99,0.01,yes,KXFEDDECISION-26APR-H0,1c0fb490-3d62-529e-bcff-4a4ddd856e0d
2026-04-20 00:13:51.629507+00:00,327.53,0.98,0.02,no,KXFEDDECISION-26APR-H0,a7891486-f766-5b7d-3c7e-15b4f12429a1
2026-04-20 00:20:33.544183+00:00,1,0.99,0.01,yes,KXFEDDECISION-26APR-H0,bb149521-4a62-5676-be84-48004850a5c5
2026-04-20 00:25:26.095757+00:00,46,0.98,0.02,no,KXFEDDECISION-26APR-H0,ba39d160-6c12-5531-28af-0ed168345055
2026-04-20 00:28:10.879932+00:00,46.79,0.98,0.02,no,KXFEDDECISION-26APR-H0,444dd855-1cfa-672d-505f-f84cbe29fd5d
2026-04-20 00:34:09.570014+00:00,3275.31,0.98,0.02,no,KXFEDDECISION-26APR-H0,cd1d95d1-fde6-5a99-e072-f4d34110c3dd
2026-04-20 00:35:20.650128+00:00,25,0.98,0.02,no,KXFEDDECISION-26APR-H0,7357de84-b0f6-69b9-077b-a8ccd3ab6615
2026-04-20 00:36:47.539106+00:00,25,0.98,0.02,no,KXFEDDECISION-26APR-H0,5979f183-5896-7e29-ac28-3d62b2636865
2026-04-20 00:51:32.207694+00:00,1,0.98,0.02,no,KXFEDDECISION-26APR-H0,219297b3-c59a-461d-3b24-3e5e64c0e7f1
2026-04-20 00:54:17.114502+00:00,41,0.98,0.02,no,KXFEDDECISION-26APR-H0,7f00d0db-d36a-43c9-e05d-a616b123ca2d
2026-04-20 00:57:21.294423+00:00,9358.03,0.98,0.02,no,KXFEDDECISION-26APR-H0,a836bf52-8d2e-518d-abed-90bda677e3ed
2026-04-20 00:59:36.114821+00:00,42.11,0.98,0.02,no,KXFEDDECISION-26APR-H0,f62494ce-8dc6-6149-1a54-caf05bf54331
2026-04-20 01:04:48.841718+00:00,11,0.99,0.01,yes,KXFEDDECISION-26APR-H0,fbc1bf57-9eee-678a-6938-7a4b4bbf498d
2026-04-20 01:06:24.941071+00:00,93.58,0.98,0.02,no,KXFEDDECISION-26APR-H0,69853a6b-1ec6-5125-8f72-3f620b120f0d
2026-04-20 01:29:06.854768+00:00,233.95,0.98,0.02,no,KXFEDDECISION-26APR-H0,e4eff38c-e41e-7cd5-40e9-2536429a86a1
2026-04-20 01:29:16.647745+00:00,5,0.98,0.02,no,KXFEDDECISION-26APR-H0,1be37b46-478a-5f91-c793-3e84f0855e41
2026-04-20 01:30:13.648192+00:00,5.09,0.98,0.02,no,KXFEDDECISION-26APR-H0,703a7efd-190a-4ba1-172f-f446f3fe9be1
2026-04-20 01:35:43.932724+00:00,2250,0.99,0.01,yes,KXFEDDECISION-26APR-H0,88e946f9-a5da-6936-a41d-3921905cd121
2026-04-20 01:39:23.656180+00:00,46.79,0.98,0.02,no,KXFEDDECISION-26APR-H0,d8024ec4-03ee-79d5-da96-22369ff6c6ed
2026-04-20 01:51:00.717644+00:00,140.37,0.98,0.02,no,KXFEDDECISION-26APR-H0,e0b5da5c-e326-407d-d50b-a263a2b2a0f5
2026-04-20 02:07:15.494865+00:00,5.04,0.99,0.01,yes,KXFEDDECISION-26APR-H0,6b0b5f48-c732-56ea-5fe4-d0c29c4f0135
2026-04-20 02:11:42.332501+00:00,233.95,0.98,0.02,no,KXFEDDECISION-26APR-H0,9f519cf7-e40a-671d-3af3-aaba439b026d
2026-04-20 02:15:06.179190+00:00,140.37,0.98,0.02,no,KXFEDDECISION-26APR-H0,0f58c4ca-e43e-47f1-9b5d-1ba075b49089
2026-04-20 02:15:42.298118+00:00,5.04,0.99,0.01,yes,KXFEDDECISION-26APR-H0,bfc14506-679e-4506-a7d8-ad1b4f4c41fd
2026-04-20 02:20:28.387464+00:00,5.04,0.99,0.01,yes,KXFEDDECISION-26APR-H0,cfae00fa-9b22-58ca-d243-d3b33a07a80d
2026-04-20 02:21:04.525818+00:00,125.25,0.99,0.01,yes,KXFEDDECISION-26APR-H0,9a483d19-dd8e-6b7e-5fff-aa6b2e5196c5
2026-04-20 02:24:37.247965+00:00,4.57,0.98,0.02,no,KXFEDDECISION-26APR-H0,1732139f-fc42-4f21-3e91-eddc217e892d
2026-04-20 02:39:47.548979+00:00,9.08,0.99,0.01,yes,KXFEDDECISION-26APR-H0,0ed7b2b8-45a2-5fe6-ada7-b14703f5c59d
2026-04-20 02:43:33.359988+00:00,93.58,0.99,0.01,yes,KXFEDDECISION-26APR-H0,77ddbb4c-e736-4386-b26f-b33a667a533d
2026-04-20 03:18:48.253666+00:00,1,0.98,0.02,no,KXFEDDECISION-26APR-H0,864ad061-f892-7af5-31b7-8cb77bb7706d
2026-04-20 03:30:52.879046+00:00,20.18,0.99,0.01,yes,KXFEDDECISION-26APR-H0,14ffda28-b482-749e-e75b-2aaa551e0471
2026-04-20 03:48:24.475614+00:00,49.75,0.98,0.02,no,KXFEDDECISION-26APR-H0,e01332c4-39ce-6779-1128-8f62cf382e71
2026-04-20 03:48:38.347271+00:00,20,0.99,0.01,yes,KXFEDDECISION-26APR-H0,f467b12a-0bca-415e-ecb8-622112303ee5
2026-04-20 03:55:22.842413+00:00,46.79,0.99,0.01,yes,KXFEDDECISION-26APR-H0,e1b4cd4f-ce36-5892-dd15-8064e1f7bf41
2026-04-20 04:01:45.962125+00:00,125,0.98,0.02,no,KXFEDDECISION-26APR-H0,3ffc5969-34a6-6035-e33a-7816d7a6d7d9
2026-04-20 04:08:42.295997+00:00,2500,0.98,0.02,no,KXFEDDECISION-26APR-H0,9dfeecd5-e772-52e5-7f5f-d306dea008f1
2026-04-20 04:18:08.107088+00:00,10.09,0.99,0.01,yes,KXFEDDECISION-26APR-H0,3c53b6d3-1c52-43c2-17a8-c10096b12e51
2026-04-20 04:23:40.708871+00:00,46.79,0.98,0.02,no,KXFEDDECISION-26APR-H0,f7c48a08-8eee-6f51-f703-0704fec64c8d
2026-04-20 04:31:35.836026+00:00,5.04,0.99,0.01,yes,KXFEDDECISION-26APR-H0,772501f8-d4c6-4c26-026e-43f9577b8bb9
2026-04-20 04:31:37.026183+00:00,5.04,0.99,0.01,yes,KXFEDDECISION-26APR-H0,47d04d87-74d2-592e-c8b2-9081db5a1aa9
2026-04-20 04:42:01.665656+00:00,249.75,0.98,0.02,no,KXFEDDECISION-26APR-H0,b3547561-4e96-6ecd-d6dd-3a4c4c305035
2026-04-20 04:51:08.083187+00:00,50,0.98,0.02,no,KXFEDDECISION-26APR-H0,825daccc-bd06-78d1-188d-2efe3bc2910d
2026-04-20 04:56:13.353970+00:00,46.79,0.99,0.01,yes,KXFEDDECISION-26APR-H0,a6c6107b-a81e-7e3e-566a-dbada67ba071
2026-04-20 04:56:42.970109+00:00,200,0.98,0.02,no,KXFEDDECISION-26APR-H0,90c98266-f70a-7501-87ca-c9b81e800f8d
2026-04-20 05:01:20.037312+00:00,467.9,0.98,0.02,no,KXFEDDECISION-26APR-H0,b1491ca7-4b6e-4511-b91d-62ccff496c09
2026-04-20 05:05:02.084748+00:00,3.02,0.99,0.01,yes,KXFEDDECISION-26APR-H0,6424e82b-131a-67a2-3d38-9eef37385f95
2026-04-20 05:09:29.834848+00:00,9.08,0.99,0.01,yes,KXFEDDECISION-26APR-H0,d85802b1-e0b2-76e2-42a8-94cca9cca589
2026-04-20 06:16:36.031171+00:00,24.22,0.98,0.02,no,KXFEDDECISION-26APR-H0,f08220a4-dfce-773d-3607-9c1f4ea8b295
2026-04-20 06:16:38.340069+00:00,5.04,0.99,0.01,yes,KXFEDDECISION-26APR-H0,d8093c3e-a40e-7ede-77ec-7f9266877d65
2026-04-20 07:50:38.033291+00:00,233.95,0.98,0.02,no,KXFEDDECISION-26APR-H0,2f2b2b18-b71e-4255-42d8-21c82742e4e5
2026-04-20 07:57:08.298708+00:00,10.09,0.98,0.02,no,KXFEDDECISION-26APR-H0,acf5e0f6-5ed2-575d-2a2a-d4fae5451ed5
2026-04-20 08:02:28.397390+00:00,30279,0.99,0.01,yes,KXFEDDECISION-26APR-H0,375d4b00-76ea-54b6-a107-42bac28bf8f1
2026-04-20 08:18:53.973200+00:00,50,0.98,0.02,no,KXFEDDECISION-26APR-H0,7ae78228-71f2-7469-c1e7-9994edc60b71
2026-04-20 08:33:54.279298+00:00,0.1,0.99,0.01,yes,KXFEDDECISION-26APR-H0,25666946-ab22-5f6e-0364-cc72137f91bd
2026-04-20 08:35:25.356776+00:00,0.1,0.98,0.02,no,KXFEDDECISION-26APR-H0,9b08e9a3-0326-497d-f508-b92215ea1791
2026-04-20 09:04:24.552144+00:00,1.75,0.98,0.02,no,KXFEDDECISION-26APR-H0,c448c4fc-e342-759d-988d-d26d1fdb1e81
2026-04-20 09:15:04.773445+00:00,11,0.99,0.01,yes,KXFEDDECISION-26APR-H0,6bb15d36-3ea6-50c2-41cd-421e0c6e969d
2026-04-20 09:48:26.465730+00:00,5.04,0.99,0.01,yes,KXFEDDECISION-26APR-H0,dcc2c638-2452-540a-dfa3-b188a903d131
2026-04-20 11:32:54.501836+00:00,233.95,0.98,0.02,no,KXFEDDECISION-26APR-H0,d8ba7480-c39e-5431-fbfd-efd906cc6669
2026-04-20 11:35:42.424370+00:00,11.1,0.99,0.01,yes,KXFEDDECISION-26APR-H0,be616e6d-14a6-579e-2a6f-989f03dd0bad
2026-04-20 12:00:16.469453+00:00,2500,0.98,0.02,no,KXFEDDECISION-26APR-H0,f2709a3b-cbf2-7d31-789d-0cdcc903245d
2026-04-20 12:03:58.908927+00:00,46.79,0.99,0.01,yes,KXFEDDECISION-26APR-H0,f6fd0019-c4c2-60fe-aef7-6006c210b3b5
2026-04-20 12:40:47.340369+00:00,233.5,0.98,0.02,no,KXFEDDECISION-26APR-H0,7c39c6c3-c682-5151-4681-565984ad4d11
2026-04-20 12:53:25.546187+00:00,1,0.99,0.01,yes,KXFEDDECISION-26APR-H0,7e213449-8f66-49c6-5ebc-428af942bd29
2026-04-20 12:53:38.145776+00:00,1,0.99,0.01,yes,KXFEDDECISION-26APR-H0,98592832-bce2-7f52-f3ed-74ba5f1633d5
2026-04-20 12:54:39.065314+00:00,3,0.99,0.01,yes,KXFEDDECISION-26APR-H0,17f1de19-358e-7f0e-930b-d027729fb23d
2026-04-20 12:56:13.868016+00:00,467,0.98,0.02,no,KXFEDDECISION-26APR-H0,c6dac261-41c6-5c9d-c36a-f3506719c131
2026-04-20 12:58:12.559299+00:00,25,0.98,0.02,no,KXFEDDECISION-26APR-H0,7c259019-0e6e-4d8d-6840-1840b875dbc5
2026-04-20 13:14:31.157685+00:00,163.76,0.98,0.02,no,KXFEDDECISION-26APR-H0,d31c11c0-58ca-4281-ed09-a40e27fafdc9
2026-04-20 13:19:03.471975+00:00,2.01,0.99,0.01,yes,KXFEDDECISION-26APR-H0,61a5b2e1-e922-4aa6-3f55-ff202ba32119
2026-04-20 13:21:50.233773+00:00,24.75,0.98,0.02,no,KXFEDDECISION-26APR-H0,16ac5012-185e-62ad-d12a-7d2bae2c2d11
2026-04-20 13:22:11.088231+00:00,100,0.98,0.02,no,KXFEDDECISION-26APR-H0,d4781fe3-72ca-6521-8558-e661ac7c0e09
2026-04-20 13:36:18.639615+00:00,3,0.99,0.01,yes,KXFEDDECISION-26APR-H0,6b7f2e0d-1b8e-5d2a-9f88-6028b114408d
2026-04-20 14:02:44.984483+00:00,1,0.99,0.01,yes,KXFEDDECISION-26APR-H0,8b602d88-f25a-4486-0c86-6f910a5e7da9
2026-04-20 14:14:39.410175+00:00,125,0.98,0.02,no,KXFEDDECISION-26APR-H0,f9bdf151-ae4a-7565-51cc-a56dc23129b1
2026-04-20 14:17:00.333188+00:00,500,0.98,0.02,no,KXFEDDECISION-26APR-H0,6848cbe9-1fa2-7d39-434a-4b41298ba7f9
2026-04-20 14:41:06.145269+00:00,40,0.98,0.02,no,KXFEDDECISION-26APR-H0,90897356-c11e-7491-36a4-046badfec86d
2026-04-20 14:59:25.134824+00:00,1,0.98,0.02,no,KXFEDDECISION-26APR-H0,1b48f326-5456-78d5-68fd-e2de6be6d155
2026-04-20 15:10:48.656293+00:00,20000,0.99,0.01,yes,KXFEDDECISION-26APR-H0,c811c678-be82-6052-f2db-bc92275ed349
2026-04-20 15:25:01.686398+00:00,25,0.98,0.02,no,KXFEDDECISION-26APR-H0,783cd71e-5cfa-6fd1-4bd7-0670151e9a55
2026-04-20 15:31:14.238773+00:00,3000,0.99,0.01,yes,KXFEDDECISION-26APR-H0,023c6a01-77d2-49c6-7d44-cd381df720d5
2026-04-20 15:33:08.764384+00:00,46.79,0.98,0.02,no,KXFEDDECISION-26APR-H0,59177c06-cca6-56f9-6bcc-f46f8f4b907d
2026-04-20 15:37:19.877144+00:00,3.02,0.99,0.01,yes,KXFEDDECISION-26APR-H0,c68ab179-437a-4432-d75e-74b3a37aafa1
2026-04-20 15:39:01.988707+00:00,93.58,0.98,0.02,no,KXFEDDECISION-26APR-H0,59f63f5e-13ca-738d-bd4d-0321460fcce9
2026-04-20 15:40:28.042312+00:00,46.79,0.98,0.02,no,KXFEDDECISION-26APR-H0,37e64f24-34e6-54b9-f867-d54a58f4c771
2026-04-20 15:50:49.521575+00:00,1,0.98,0.02,no,KXFEDDECISION-26APR-H0,52985628-a7d6-4cdd-2364-be2e6e2abad5
2026-04-20 15:55:50.996481+00:00,1,0.99,0.01,yes,KXFEDDECISION-26APR-H0,85c840b1-b00e-69be-9025-89a3c83a51d5
2026-04-20 15:58:02.500716+00:00,4.03,0.99,0.01,yes,KXFEDDECISION-26APR-H0,204e7a42-c8ca-7f7a-c7d0-4c086a056b29
2026-04-20 16:03:05.005198+00:00,10,0.98,0.02,no,KXFEDDECISION-26APR-H0,1f6e720a-53a2-54ad-7f80-92971ed84541
2026-04-20 16:06:23.010788+00:00,14.13,0.99,0.01,yes,KXFEDDECISION-26APR-H0,ee626c24-f4c6-61ce-9a75-69807997ff35
2026-04-20 16:16:34.673770+00:00,11.69,0.98,0.02,no,KXFEDDECISION-26APR-H0,2822ddb0-8a72-5c55-51ef-7ba8492050ed
2026-04-20 16:29:37.191146+00:00,11.1,0.99,0.01,yes,KXFEDDECISION-26APR-H0,451f5aff-c7ce-6ff2-f093-6e10772694ed
2026-04-20 16:38:04.451790+00:00,8.15,0.98,0.02,no,KXFEDDECISION-26APR-H0,5d21dd0c-b662-78c5-8743-de9aa48c74b5
2026-04-20 16:47:05.159882+00:00,1169.5,0.98,0.02,no,KXFEDDECISION-26APR-H0,44653ddd-ca4e-7fed-69c1-3d86dfcbc57d
2026-04-20 16:48:48.199815+00:00,1197.14,0.99,0.01,yes,KXFEDDECISION-26APR-H0,2df14e0c-a08a-508a-bc34-4c7817020ed1
2026-04-20 16:53:14.597799+00:00,23.39,0.98,0.02,no,KXFEDDECISION-26APR-H0,76247a5d-2a56-6b75-2ec0-562b752d3421
2026-04-20 16:56:23.223594+00:00,46.79,0.98,0.02,no,KXFEDDECISION-26APR-H0,1dee519b-9c16-6cf1-92fd-929d079e8ba1
2026-04-20 16:59:32.917320+00:00,2.01,0.99,0.01,yes,KXFEDDECISION-26APR-H0,6412f235-e8ae-68be-9ac1-db2cfc8f5c01
2026-04-20 16:59:44.465044+00:00,0.11,0.98,0.02,no,KXFEDDECISION-26APR-H0,f9a55913-480a-6771-0806-ab7af1757f2d
2026-04-20 17:01:35.077261+00:00,125,0.98,0.02,no,KXFEDDECISION-26APR-H0,2d107943-34c6-69f9-3b11-02c3d91917b1
2026-04-20 17:12:43.450205+00:00,10.09,0.99,0.01,yes,KXFEDDECISION-26APR-H0,16f0205c-89ce-4ea2-fa76-1ddc041a38b1
2026-04-20 17:14:08.941028+00:00,28,0.98,0.02,no,KXFEDDECISION-26APR-H0,c3afc7ea-9c02-7435-1347-ecf1a433badd
2026-04-20 17:29:23.649654+00:00,0.5,0.99,0.01,yes,KXFEDDECISION-26APR-H0,8db99c9c-68aa-6612-36ce-b0959487af21
2026-04-20 18:21:47.493799+00:00,10.09,0.99,0.01,yes,KXFEDDECISION-26APR-H0,8dcd9571-983e-5d0a-6e05-4ce6662e559d
2026-04-20 19:03:16.088325+00:00,2,0.98,0.02,no,KXFEDDECISION-26APR-H0,9fa0b036-3052-67e1-76c5-1dc9220fada1
2026-04-20 19:07:54.827871+00:00,46.79,0.98,0.02,no,KXFEDDECISION-26APR-H0,20a3411c-010a-6e81-9591-83d6176c1ffd
2026-04-20 19:16:03.623459+00:00,11.69,0.99,0.01,yes,KXFEDDECISION-26APR-H0,dc3da6ff-ef76-744e-14e3-8684da80bb79
2026-04-20 19:18:39.784641+00:00,4.03,0.99,0.01,yes,KXFEDDECISION-26APR-H0,bc29db9c-ea5e-4aba-dc80-68f48bb8e4c1
2026-04-20 19:20:26.261481+00:00,25,0.98,0.02,no,KXFEDDECISION-26APR-H0,3596b052-856a-5291-2edf-72a98320ef29
2026-04-20 19:33:48.803324+00:00,20000,0.99,0.01,yes,KXFEDDECISION-26APR-H0,54c95d22-521e-54fe-204c-7b7f157146dd
2026-04-20 19:36:45.568832+00:00,23.39,0.99,0.01,yes,KXFEDDECISION-26APR-H0,0eeb2279-71a6-600e-22fb-d22985a5e61d
2026-04-20 20:38:22.919632+00:00,35,0.98,0.02,no,KXFEDDECISION-26APR-H0,ee297d50-3b92-62b9-2d92-287cf3b197d5
2026-04-20 21:33:53.711689+00:00,125,0.98,0.02,no,KXFEDDECISION-26APR-H0,95dc5323-8286-7775-e358-3ca7e4394691
2026-04-20 21:47:18.917810+00:00,625,0.98,0.02,no,KXFEDDECISION-26APR-H0,1227fb23-8322-5489-3d44-225d1bd0a23d
2026-04-20 21:48:17.754750+00:00,101.89,0.98,0.02,no,KXFEDDECISION-26APR-H0,d59aff10-e4ba-5865-9b6f-97d64e8cee19
2026-04-20 22:11:28.235957+00:00,125,0.98,0.02,no,KXFEDDECISION-26APR-H0,b85c9b2e-25c2-4fd9-b1d9-dedf98ce9d89
2026-04-20 22:26:40.531632+00:00,25.23,0.99,0.01,yes,KXFEDDECISION-26APR-H0,e76950e1-52f6-6da6-9aa3-bef437b73c09
2026-04-20 22:32:05.656352+00:00,50469.72,0.99,0.01,yes,KXFEDDECISION-26APR-H0,9d33e4cb-a612-435e-8bf7-22c903f0acbd
2026-04-20 22:34:27.509566+00:00,16.37,0.98,0.02,no,KXFEDDECISION-26APR-H0,8779634d-5236-52b5-41c7-cdf5e3ddef89
2026-04-20 22:35:57.513027+00:00,25.23,0.99,0.01,yes,KXFEDDECISION-26APR-H0,280fc94e-dcd2-77ee-484f-2937cebcc0ad
2026-04-20 22:37:20.804108+00:00,5.04,0.99,0.01,yes,KXFEDDECISION-26APR-H0,5c079d9f-f646-669e-acea-26099c22a2c1
2026-04-20 22:41:45.253879+00:00,4.03,0.98,0.02,no,KXFEDDECISION-26APR-H0,fb2da3bf-21ae-4b99-195a-7e3f5b8d9871
2026-04-20 22:53:56.145616+00:00,2,0.98,0.02,no,KXFEDDECISION-26APR-H0,fcc59f2d-bebe-7b4d-c4d9-2db9ddd4567d
2026-04-20 23:13:21.372589+00:00,233.95,0.99,0.01,yes,KXFEDDECISION-26APR-H0,5d928deb-b3ca-6322-5799-da255fcdc261
2026-04-20 23:14:06.358409+00:00,1,0.99,0.01,yes,KXFEDDECISION-26APR-H0,233920a1-eb4a-571a-454d-604fdb378f01
2026-04-20 23:14:50.165121+00:00,40,0.98,0.02,no,KXFEDDECISION-26APR-H0,32f54e7e-524e-5e81-f059-90216151bc15
2026-04-20 23:30:01.428421+00:00,250,0.98,0.02,no,KXFEDDECISION-26APR-H0,d01eccb6-d98e-5c51-96e2-9b657f48f3e9
2026-04-20 23:33:18.082323+00:00,467.9,0.98,0.02,no,KXFEDDECISION-26APR-H0,f6822615-7596-5e91-319f-63ce6ef28f65
2026-04-20 23:34:14.371239+00:00,1,0.98,0.02,no,KXFEDDECISION-26APR-H0,dae261ef-e8de-4ecd-8180-eaa90b57f6b5
2026-04-20 23:45:40.066358+00:00,252.34,0.99,0.01,yes,KXFEDDECISION-26APR-H0,b9b94ea3-8b9a-633e-2f42-5585d67a49fd
2026-04-20 23:46:23.442090+00:00,5.04,0.99,0.01,yes,KXFEDDECISION-26APR-H0,d7ae0a07-5172-4f1e-339f-8c5550dd83c5
2026-04-21 00:01:59.946008+00:00,50.46,0.98,0.02,no,KXFEDDECISION-26APR-H0,5de53696-751e-4bc1-0d03-7a5d0b99a175
2026-04-21 00:02:30.159471+00:00,10.09,0.99,0.01,yes,KXFEDDECISION-26APR-H0,a83fa5a4-af96-6002-0d1f-c3ee22b49f29
2026-04-21 00:10:23.312197+00:00,46.79,0.98,0.02,no,KXFEDDECISION-26APR-H0,53ac1da7-05ba-58f5-cd0d-bd9a551cf27d
2026-04-21 00:16:37.185391+00:00,125,0.98,0.02,no,KXFEDDECISION-26APR-H0,4480ed95-5722-4505-0582-72450fa5a67d
2026-04-21 00:17:12.239713+00:00,281,0.98,0.02,no,KXFEDDECISION-26APR-H0,e3db227a-24be-5921-6907-afc18395c319
2026-04-21 00:26:08.651766+00:00,25,0.98,0.02,no,KXFEDDECISION-26APR-H0,6caaa401-3dee-6d21-bb65-698b3bd88d6d
2026-04-21 00:36:29.446389+00:00,9.82,0.99,0.01,yes,KXFEDDECISION-26APR-H0,f557d491-9e6e-46d6-1dee-3623e036dc71
2026-04-21 00:36:48.896868+00:00,9.82,0.98,0.02,no,KXFEDDECISION-26APR-H0,b143315a-9772-69dd-d0cc-84a10dae65e9
2026-04-21 00:39:05.154790+00:00,125,0.98,0.02,no,KXFEDDECISION-26APR-H0,016a1dea-6a6e-7bf9-b946-c29f6b16e3a1
2026-04-21 00:51:12.848103+00:00,5.04,0.99,0.01,yes,KXFEDDECISION-26APR-H0,862bb540-ebce-5d36-d6c4-9354899d2239
2026-04-21 00:51:12.967031+00:00,5.04,0.99,0.01,yes,KXFEDDECISION-26APR-H0,10641848-fd9a-4a92-5ee0-01dfe1c5eac9
2026-04-21 00:54:28.277821+00:00,46.79,0.98,0.02,no,KXFEDDECISION-26APR-H0,35f551be-0c52-6f91-7adf-f54e6d9ebd15
2026-04-21 00:55:38.198163+00:00,2.01,0.99,0.01,yes,KXFEDDECISION-26APR-H0,eae1bad6-adb6-4b52-8869-b4799b8fb345
2026-04-21 01:29:20.137867+00:00,6,0.99,0.01,yes,KXFEDDECISION-26APR-H0,01fa9986-919e-737e-a799-02d392a59cd1
2026-04-21 02:07:38.625275+00:00,3.02,0.99,0.01,yes,KXFEDDECISION-26APR-H0,bd1d137d-314e-779a-f57d-415643fa5d51
2026-04-21 02:46:44.318796+00:00,87954.28,0.99,0.01,yes,KXFEDDECISION-26APR-H0,32fc4b65-34fa-7812-68b2-0574bcac3a4d
2026-04-21 02:46:44.318796+00:00,22045.72,0.99,0.01,yes,KXFEDDECISION-26APR-H0,e0353969-eb42-7dda-7054-fc50c969bc11
2026-04-21 02:46:45.342808+00:00,49,0.99,0.01,yes,KXFEDDECISION-26APR-H0,9dd6a46b-a982-44fa-28ef-4bf02bd5babd
2026-04-21 03:03:12.425095+00:00,2.01,0.99,0.01,yes,KXFEDDECISION-26APR-H0,a3eceb8a-e4ce-51fe-4af3-e1b2d7016521
2026-04-21 03:04:14.277991+00:00,10.09,0.99,0.01,yes,KXFEDDECISION-26APR-H0,b596fbc6-cfc6-6eb2-9002-dca77ab71fa5
2026-04-21 03:10:08.226200+00:00,5.04,0.98,0.02,no,KXFEDDECISION-26APR-H0,1995415e-1ad2-7241-1193-2cbcd9ff7245
2026-04-21 03:10:31.854735+00:00,3035,0.99,0.01,yes,KXFEDDECISION-26APR-H0,71f9ed59-74d2-74fa-dc7f-912f7fc656c1
2026-04-21 03:22:03.195356+00:00,5.04,0.99,0.01,yes,KXFEDDECISION-26APR-H0,448a379e-72b2-4f9e-8c6e-08ecad7b66ad
2026-04-21 03:30:21.377390+00:00,10.09,0.99,0.01,yes,KXFEDDECISION-26APR-H0,80c0a25d-091e-758a-dcf1-6dc043be2a15
2026-04-21 03:32:25.743577+00:00,249.75,0.98,0.02,no,KXFEDDECISION-26APR-H0,4427becf-7192-6d11-08d6-89c8aff41591
2026-04-21 03:36:36.222078+00:00,20.18,0.99,0.01,yes,KXFEDDECISION-26APR-H0,51c9db18-76b2-6c5a-a972-10a28ac10eb9
2026-04-21 03:48:17.081056+00:00,1,0.99,0.01,yes,KXFEDDECISION-26APR-H0,9ca4977b-89ee-6f0e-35a7-1a87477cb071
2026-04-21 03:51:39.902850+00:00,5.04,0.99,0.01,yes,KXFEDDECISION-26APR-H0,ad38c845-0b9a-56c2-d734-c0b0fe0ef671
2026-04-21 03:54:13.876411+00:00,20,0.99,0.01,yes,KXFEDDECISION-26APR-H0,a0d9caec-0cf2-49a6-d9f3-eb2dec5b6ea9
2026-04-21 03:58:23.173648+00:00,467.9,0.98,0.02,no,KXFEDDECISION-26APR-H0,6dd848df-455e-7d0d-27db-6b1c7bc324e5
2026-04-21 04:06:00.631944+00:00,10,0.99,0.01,yes,KXFEDDECISION-26APR-H0,041a5875-7d66-5212-83d8-e368dad31fa1
2026-04-21 04:07:23.485852+00:00,50,0.98,0.02,no,KXFEDDECISION-26APR-H0,72258281-892e-5955-dfbd-c9d6ca835699
2026-04-21 04:14:35.508202+00:00,124.75,0.98,0.02,no,KXFEDDECISION-26APR-H0,128d05d4-d5da-7799-85fb-a59c8678d1a1
2026-04-21 04:29:30.721065+00:00,467.9,0.99,0.01,yes,KXFEDDECISION-26APR-H0,d8b46585-a8c2-77b2-013e-be430ef15de5
2026-04-21 04:31:21.075730+00:00,4679,0.98,0.02,no,KXFEDDECISION-26APR-H0,8dfbde9a-0cf2-4e6d-1ded-c30520c1a78d
2026-04-21 04:33:36.138835+00:00,500,0.99,0.01,yes,KXFEDDECISION-26APR-H0,58ba1dd2-6f32-605e-a395-97a21f49c571
2026-04-21 04:33:54.179985+00:00,2500,0.98,0.02,no,KXFEDDECISION-26APR-H0,bd4db531-0b62-7eed-212c-40d5744352b1
2026-04-21 04:54:57.304871+00:00,46.5,0.98,0.02,no,KXFEDDECISION-26APR-H0,e1e54180-6caa-6f91-524b-b60d32ab7025
2026-04-21 04:56:39.472357+00:00,552,0.98,0.02,no,KXFEDDECISION-26APR-H0,8335181b-a846-4e21-11c0-a0c2566444dd
2026-04-21 04:56:49.600209+00:00,0.5,0.99,0.01,yes,KXFEDDECISION-26APR-H0,2a14afab-b546-603a-4c50-dec77f5e7b3d
2026-04-21 04:57:38.870079+00:00,46.79,0.99,0.01,yes,KXFEDDECISION-26APR-H0,0afbb2be-88a6-4bde-6d46-2d64a0b97b9d
2026-04-21 04:59:04.180213+00:00,1,0.98,0.02,no,KXFEDDECISION-26APR-H0,79f2e711-c84a-5171-402b-7d1b41a0b291
2026-04-21 04:59:32.577982+00:00,0.5,0.98,0.02,no,KXFEDDECISION-26APR-H0,1de6665e-31a2-45d1-d057-d1b943487ecd
2026-04-21 05:01:50.456517+00:00,20,0.99,0.01,yes,KXFEDDECISION-26APR-H0,576be882-00d6-54ee-bfed-914543a40655
2026-04-21 05:02:42.220684+00:00,20,0.98,0.02,no,KXFEDDECISION-26APR-H0,bdb48368-6216-6f39-d3ec-858796f24149
2026-04-21 05:03:46.631083+00:00,125,0.98,0.02,no,KXFEDDECISION-26APR-H0,376296d7-25c2-5131-090e-613b2fb2b6bd
2026-04-21 05:06:38.958597+00:00,1,0.99,0.01,yes,KXFEDDECISION-26APR-H0,34b68619-a102-767a-05a9-fc1f0bc470dd
2026-04-21 05:27:23.861347+00:00,842.22,0.99,0.01,yes,KXFEDDECISION-26APR-H0,13c5a3ee-e31e-51da-be6e-0eb91a2ff611
2026-04-21 05:33:33.563231+00:00,9.48,0.99,0.01,yes,KXFEDDECISION-26APR-H0,0617f117-98e2-619e-eca5-00b4c6ab54f9
2026-04-21 05:46:30.965884+00:00,2.01,0.99,0.01,yes,KXFEDDECISION-26APR-H0,ae60cf52-f12e-7faa-aced-bacb6bce808d
2026-04-21 05:46:39.906319+00:00,421.11,0.98,0.02,no,KXFEDDECISION-26APR-H0,71d09167-4ba2-7d95-4f38-e3bddc63ea8d
2026-04-21 06:34:42.022251+00:00,25,0.98,0.02,no,KXFEDDECISION-26APR-H0,f489827c-e52a-7555-0559-a666c4b561fd
2026-04-21 06:48:57.619452+00:00,9.48,0.98,0.02,no,KXFEDDECISION-26APR-H0,a0865a7f-14f2-4535-4a85-94b0c53c2755
2026-04-21 07:27:11.628139+00:00,935.8,0.98,0.02,no,KXFEDDECISION-26APR-H0,8f606b3d-5756-67a1-e65f-b07edc07b595
2026-04-21 07:58:50.356809+00:00,224.75,0.98,0.02,no,KXFEDDECISION-26APR-H0,07054219-1b86-6365-9e4f-896c182f4469
2026-04-21 08:31:14.553217+00:00,93.58,0.98,0.02,no,KXFEDDECISION-26APR-H0,7a93c039-f886-6b71-44ca-ddb6122c0b6d
2026-04-21 08:31:49.974066+00:00,31.81,0.98,0.02,no,KXFEDDECISION-26APR-H0,5549d660-9282-5ed5-6f10-f5fdde934c81
2026-04-21 09:04:55.570086+00:00,93.58,0.98,0.02,no,KXFEDDECISION-26APR-H0,e2ce6b2f-6d0e-7001-0247-0bf23d409a35
2026-04-21 10:07:21.522375+00:00,49,0.98,0.02,no,KXFEDDECISION-26APR-H0,6cfe4be9-7642-6c55-1d55-e9f74324d1a9
2026-04-21 10:55:56.011309+00:00,93.58,0.98,0.02,no,KXFEDDECISION-26APR-H0,1a8980d5-7f12-4ad5-eccc-070ec26e6615
2026-04-21 11:02:41.593951+00:00,2523.48,0.99,0.01,yes,KXFEDDECISION-26APR-H0,03cff67e-81e6-47c2-fe1c-e58507a4dca5
2026-04-21 11:41:42.018418+00:00,2000,0.99,0.01,yes,KXFEDDECISION-26APR-H0,e976c442-8e36-6012-d8ec-96c8bf0ca825
2026-04-21 12:05:33.183111+00:00,25,0.98,0.02,no,KXFEDDECISION-26APR-H0,65e91e26-b6b6-417d-9ca2-cf91a8d7195d
2026-04-21 12:15:10.669915+00:00,1875,0.98,0.02,no,KXFEDDECISION-26APR-H0,f902fb5e-e48e-6b95-b3b6-28919608cb6d
2026-04-21 12:19:37.269009+00:00,15.13,0.99,0.01,yes,KXFEDDECISION-26APR-H0,cd29f0e2-0eaa-535e-9e62-99928d9d5395
2026-04-21 12:23:57.303186+00:00,5,0.98,0.02,no,KXFEDDECISION-26APR-H0,4c2d26c6-021e-7c35-dfde-68f1e8f3c7cd
2026-04-21 12:46:26.206873+00:00,1,0.99,0.01,yes,KXFEDDECISION-26APR-H0,42f4698c-3d56-5a3e-141c-3e4c1e5595c5
2026-04-21 12:56:04.710980+00:00,140.37,0.98,0.02,no,KXFEDDECISION-26APR-H0,d05f1d62-debe-7471-de2e-24156c5cedcd
2026-04-21 12:59:59.421967+00:00,12.11,0.99,0.01,yes,KXFEDDECISION-26APR-H0,69e52f35-5a6e-41ca-723b-5bf107303e99
2026-04-21 13:08:18.325139+00:00,250,0.98,0.02,no,KXFEDDECISION-26APR-H0,779a154e-2d52-4cdd-95fe-efda61578fd5
2026-04-21 13:09:39.792480+00:00,13.12,0.99,0.01,yes,KXFEDDECISION-26APR-H0,0458df31-2df2-62fa-e06a-782813c3f4dd
2026-04-21 13:10:33.921115+00:00,1,0.99,0.01,yes,KXFEDDECISION-26APR-H0,ba1e0a93-3062-5b7a-4658-b695056ab26d
2026-04-21 13:10:43.636939+00:00,1000,0.98,0.02,no,KXFEDDECISION-26APR-H0,95415b45-e55e-7eb5-1fa9-102f1976fd8d
2026-04-21 13:38:35.546884+00:00,1,0.99,0.01,yes,KXFEDDECISION-26APR-H0,8cd133ea-43b2-6ebe-f4ca-b6051e7ce579
2026-04-21 13:39:40.717000+00:00,500,0.98,0.02,no,KXFEDDECISION-26APR-H0,89391f0b-d41e-4359-b6d0-52b41f4eba2d
2026-04-21 13:40:36.068790+00:00,250,0.98,0.02,no,KXFEDDECISION-26APR-H0,9e1657e2-514e-6265-539c-60955a7b1ad9
2026-04-21 13:51:39.149572+00:00,500,0.98,0.02,no,KXFEDDECISION-26APR-H0,6ada2a41-06b2-4d85-b138-89506335e891
2026-04-21 13:53:37.371884+00:00,5.04,0.99,0.01,yes,KXFEDDECISION-26APR-H0,b24c6f29-52ee-601e-a114-17300cb42af9
2026-04-21 14:16:27.033033+00:00,5.04,0.99,0.01,yes,KXFEDDECISION-26APR-H0,4d9c7356-4b16-4d42-6676-a7023b5ff459
2026-04-21 14:17:58.483696+00:00,24,0.99,0.01,yes,KXFEDDECISION-26APR-H0,12a6113b-85d2-7f9e-e970-f9b656822add
2026-04-21 14:20:48.072230+00:00,10000,0.99,0.01,yes,KXFEDDECISION-26APR-H0,5af2c9c2-fb0a-5c7a-4acc-ac60fe185165
2026-04-21 14:28:23.881476+00:00,1,0.99,0.01,yes,KXFEDDECISION-26APR-H0,29bf90cb-5cd2-5126-6ac0-4d61d0c0881d
2026-04-21 14:32:37.530611+00:00,2.01,0.99,0.01,yes,KXFEDDECISION-26APR-H0,48e87118-98da-7342-b4ad-2669d874cf49
2026-04-21 14:44:34.512666+00:00,5.04,0.98,0.02,no,KXFEDDECISION-26APR-H0,28e26eb0-c85a-7f39-9bf2-b73382ad0ee9
2026-04-21 14:48:31.704982+00:00,25000,0.98,0.02,no,KXFEDDECISION-26APR-H0,5ff7b11f-3b4e-4b01-0258-e8eba067e5e5
2026-04-21 14:50:37.342703+00:00,1,0.99,0.01,yes,KXFEDDECISION-26APR-H0,9be09635-2106-4816-ab07-aff3c489ed2d
2026-04-21 14:54:29.337482+00:00,50,0.98,0.02,no,KXFEDDECISION-26APR-H0,a7d96b7a-9a3e-6ad1-bae9-88217bbf8385
2026-04-21 14:55:35.099274+00:00,1,0.99,0.01,yes,KXFEDDECISION-26APR-H0,77204993-5342-7412-04b9-0623b1edf2f5
2026-04-21 15:00:07.796092+00:00,0.4,0.99,0.01,yes,KXFEDDECISION-26APR-H0,fe986aa6-d1a6-4b96-00ac-75b8a6760fd5
2026-04-21 15:01:15.350511+00:00,0.4,0.98,0.02,no,KXFEDDECISION-26APR-H0,5161d18a-0fc2-6cc9-6b9e-9b7d7f0f53d1
2026-04-21 15:01:19.687840+00:00,1,0.98,0.02,no,KXFEDDECISION-26APR-H0,1f708d98-12b2-6e25-dc8a-0f365e81faad
2026-04-21 15:15:20.344676+00:00,5.04,0.99,0.01,yes,KXFEDDECISION-26APR-H0,4efee7b9-e666-496a-26b9-52a071a5bb79
2026-04-21 15:19:55.719960+00:00,2.01,0.99,0.01,yes,KXFEDDECISION-26APR-H0,22d2e270-5336-6646-e5c6-1503fb56faf5
2026-04-21 15:45:10.458433+00:00,125,0.98,0.02,no,KXFEDDECISION-26APR-H0,112953e4-4216-6811-2a0b-d56e88c7c985
2026-04-21 15:53:06.188688+00:00,2.03,0.98,0.02,no,KXFEDDECISION-26APR-H0,a6be384e-176a-56d5-99d0-aff174fc4b71
2026-04-21 15:54:27.264810+00:00,25000,0.98,0.02,no,KXFEDDECISION-26APR-H0,c5df5f0a-f432-7585-d845-5bd3b5d77b7d
2026-04-21 15:57:06.827212+00:00,16.37,0.99,0.01,yes,KXFEDDECISION-26APR-H0,96468ee9-7bc2-4112-4cdf-708cbd168d95
2026-04-21 16:21:08.523426+00:00,10.09,0.99,0.01,yes,KXFEDDECISION-26APR-H0,7b4009ac-1ede-7fee-5bba-6a90f4b7060d
2026-04-21 16:32:14.611662+00:00,250,0.98,0.02,no,KXFEDDECISION-26APR-H0,54e68da2-e5d2-7db5-03b3-2f585edfc2f9
2026-04-21 16:48:39.891288+00:00,25.23,0.99,0.01,yes,KXFEDDECISION-26APR-H0,6c28d585-64a6-6236-c233-bf36f948c1b1
2026-04-21 16:48:49.150629+00:00,25.23,0.98,0.02,no,KXFEDDECISION-26APR-H0,a4475851-d8ae-7ad9-302e-cc1ffdc6f3a9
2026-04-21 16:53:13.339630+00:00,13.12,0.99,0.01,yes,KXFEDDECISION-26APR-H0,a59ed16a-a462-7c7a-b649-ce6ffc734715
2026-04-21 16:53:15.735544+00:00,93.58,0.98,0.02,no,KXFEDDECISION-26APR-H0,8c903d47-bb4e-421d-340d-956c02267be1
2026-04-21 16:56:08.026368+00:00,1,0.99,0.01,yes,KXFEDDECISION-26APR-H0,ca4be206-1e7e-6aca-4dce-87b08a655449
2026-04-21 16:57:46.027128+00:00,5.04,0.99,0.01,yes,KXFEDDECISION-26APR-H0,80c6b6dc-e27a-611a-7e93-f21f8b711e45
2026-04-21 17:10:39.417771+00:00,25,0.98,0.02,no,KXFEDDECISION-26APR-H0,6a9c6a11-531a-5de1-df96-396d2b5c2165
2026-04-21 17:25:52.322602+00:00,25.23,0.99,0.01,yes,KXFEDDECISION-26APR-H0,f67ebfd0-ae92-46b2-588a-def074573479
2026-04-21 17:26:08.189323+00:00,25.23,0.98,0.02,no,KXFEDDECISION-26APR-H0,3325fe8f-141a-4cbd-c131-b883597904ad
2026-04-21 17:26:49.429888+00:00,233.95,0.98,0.02,no,KXFEDDECISION-26APR-H0,9333aea4-e34a-7d99-ab4a-b3eabc5e5319
2026-04-21 17:31:33.516987+00:00,93.58,0.98,0.02,no,KXFEDDECISION-26APR-H0,1aa570dd-8296-7c9d-660e-b3c36e54f245
2026-04-21 17:34:09.711492+00:00,50,0.98,0.02,no,KXFEDDECISION-26APR-H0,1076882f-09a2-5d59-ca0b-48d17b0541e1
2026-04-21 17:35:36.367507+00:00,25,0.98,0.02,no,KXFEDDECISION-26APR-H0,a2a5d05d-7ba6-7aa5-4da4-3c3b9fd74dd1
2026-04-21 17:35:52.233449+00:00,2.01,0.99,0.01,yes,KXFEDDECISION-26APR-H0,75eca58a-3a26-6a16-d4b5-26c353b732b9
2026-04-21 17:50:04.524115+00:00,250,0.98,0.02,no,KXFEDDECISION-26APR-H0,ececdf02-d77e-59e9-8e21-647d196a25ed
2026-04-21 17:55:55.953674+00:00,25,0.98,0.02,no,KXFEDDECISION-26APR-H0,74ea05a4-3d76-6ea1-7d94-5c275b7f6545
2026-04-21 17:58:57.953954+00:00,2525.04,0.99,0.01,yes,KXFEDDECISION-26APR-H0,8b33801d-d69a-66ce-e727-35ce47298ca5
2026-04-21 17:59:29.553549+00:00,249.75,0.98,0.02,no,KXFEDDECISION-26APR-H0,42b1669a-43ba-4a51-a36c-d8a051fb7d1d
2026-04-21 18:08:33.780536+00:00,2.01,0.99,0.01,yes,KXFEDDECISION-26APR-H0,d5c13d6f-821e-73c6-aa05-831b735aa84d
2026-04-21 18:15:19.470551+00:00,5,0.99,0.01,yes,KXFEDDECISION-26APR-H0,8653d61c-1152-7d66-2b3c-a19632687bb9
2026-04-21 18:16:08.546986+00:00,5,0.98,0.02,no,KXFEDDECISION-26APR-H0,731f1877-bd66-4f59-441d-6a260808d0c9
2026-04-21 18:16:28.855784+00:00,5,0.98,0.02,no,KXFEDDECISION-26APR-H0,5f86e25c-750e-50ad-01ba-45859aadf0a5
2026-04-21 18:17:30.236224+00:00,5,0.99,0.01,yes,KXFEDDECISION-26APR-H0,269fb1bd-ab12-7422-50d8-e38d7a93b979
2026-04-21 18:18:08.812477+00:00,5,0.99,0.01,yes,KXFEDDECISION-26APR-H0,09221539-bb22-6e66-c186-43b482fabf8d
2026-04-21 18:31:01.297125+00:00,300,0.98,0.02,no,KXFEDDECISION-26APR-H0,af7799e1-e70e-61f5-3784-26f75df765e5
2026-04-21 18:44:00.198398+00:00,500,0.98,0.02,no,KXFEDDECISION-26APR-H0,2558e5a2-d1ae-5179-c2bb-be4fa50df2e5
2026-04-21 18:51:32.749441+00:00,250,0.98,0.02,no,KXFEDDECISION-26APR-H0,745a8483-48be-5f81-42a2-a7710cb57ad5
2026-04-21 19:02:21.677649+00:00,50.46,0.99,0.01,yes,KXFEDDECISION-26APR-H0,c0d4c737-6a7a-54ee-398b-a7aab26c9871
2026-04-21 19:04:45.673125+00:00,100,0.98,0.02,no,KXFEDDECISION-26APR-H0,1c073571-3bb6-4939-554a-ca526cfe30c9
2026-04-21 19:08:28.343540+00:00,50.46,0.98,0.02,no,KXFEDDECISION-26APR-H0,a6904227-0a76-4099-71db-04ca9c7fbb61
2026-04-21 19:09:17.412923+00:00,1,0.99,0.01,yes,KXFEDDECISION-26APR-H0,5bd6adf6-fc76-5e56-fa7a-0a7741d1df1d
2026-04-21 19:09:46.892385+00:00,5.04,0.99,0.01,yes,KXFEDDECISION-26APR-H0,50251d54-62b2-7472-4eaf-80166ccef8e1
2026-04-21 19:14:15.103861+00:00,241,0.98,0.02,no,KXFEDDECISION-26APR-H0,f1a3bf9d-bdd6-65bd-9a18-d8f78f538ed1
2026-04-21 19:20:07.003497+00:00,15,0.98,0.02,no,KXFEDDECISION-26APR-H0,452b112f-a57a-5831-4b3f-40d6fb665491
2026-04-21 19:30:58.637893+00:00,2,0.98,0.02,no,KXFEDDECISION-26APR-H0,729efa01-c172-62c9-f0c3-69ee1e97ffe1
2026-04-21 19:40:53.584684+00:00,124.75,0.98,0.02,no,KXFEDDECISION-26APR-H0,f183e1ec-adfa-6b79-5a49-0ba2575b6af1
2026-04-21 19:49:43.399445+00:00,25,0.98,0.02,no,KXFEDDECISION-26APR-H0,6aa82a69-353e-7cd5-fda5-812bb00e0011
2026-04-21 19:55:45.902325+00:00,233.95,0.98,0.02,no,KXFEDDECISION-26APR-H0,ece7a1c8-fd1e-6811-ac38-4aa383f832c1
2026-04-21 20:02:12.092891+00:00,3.02,0.99,0.01,yes,KXFEDDECISION-26APR-H0,b8dfdbd0-057e-5fba-d369-7972df608689
2026-04-21 20:02:31.179829+00:00,37,0.98,0.02,no,KXFEDDECISION-26APR-H0,c7358966-e482-6c4d-f93a-1edaaf5fd8ad
2026-04-21 20:07:01.042007+00:00,125,0.98,0.02,no,KXFEDDECISION-26APR-H0,bd180013-da92-75fd-a937-12f53ac14375
2026-04-21 20:17:00.436259+00:00,180,0.98,0.02,no,KXFEDDECISION-26APR-H0,9d6b87cd-9d26-47d9-c14f-8ccb129a7071
2026-04-21 20:39:22.438346+00:00,233.95,0.98,0.02,no,KXFEDDECISION-26APR-H0,9b2a32a3-ff2a-54ed-a016-16f49aabf469
2026-04-21 20:39:52.425637+00:00,233.95,0.98,0.02,no,KXFEDDECISION-26APR-H0,70fbee2a-9dee-5195-fc1a-b66fed25e49d
2026-04-21 20:41:14.306196+00:00,1,0.98,0.02,no,KXFEDDECISION-26APR-H0,cc032d9c-be9e-56e5-96eb-b3a8f1214871
2026-04-21 20:41:19.099291+00:00,1,0.98,0.02,no,KXFEDDECISION-26APR-H0,1dfcba7a-68e2-49f5-8cdf-221c77f1ee0d
2026-04-21 20:41:21.612003+00:00,1,0.98,0.02,no,KXFEDDECISION-26APR-H0,8e2b5399-8d7a-52d9-7dd5-6729170fd829
2026-04-21 20:41:24.867028+00:00,1,0.98,0.02,no,KXFEDDECISION-26APR-H0,d9838060-e5ce-6ab1-2554-f999dd3a4665
2026-04-21 20:41:27.242983+00:00,1,0.98,0.02,no,KXFEDDECISION-26APR-H0,1c2c54d2-33ce-7df9-976a-7296fc9bcfb1
2026-04-21 20:41:29.584754+00:00,1,0.98,0.02,no,KXFEDDECISION-26APR-H0,170746bd-1762-4215-6581-1a2140d34b7d
2026-04-21 20:41:32.029504+00:00,1,0.98,0.02,no,KXFEDDECISION-26APR-H0,4bc926f5-c926-6b21-28c5-a9f69c44cc09
2026-04-21 20:48:43.401346+00:00,25,0.98,0.02,no,KXFEDDECISION-26APR-H0,ccf698cb-0466-775d-b453-feacfe69be8d
2026-04-21 21:22:44.525400+00:00,5,0.98,0.02,no,KXFEDDECISION-26APR-H0,832c7774-ed22-5fa5-0f12-e19756ab7361
2026-04-21 21:33:36.777753+00:00,0.5,0.99,0.01,yes,KXFEDDECISION-26APR-H0,893dc5c5-03f6-609a-ad61-d5cf7535fa95
2026-04-21 21:39:41.745788+00:00,1,0.99,0.01,yes,KXFEDDECISION-26APR-H0,f9c0fc20-6a1a-4bf6-dc73-b738e18ad785
2026-04-21 21:46:49.500913+00:00,9.08,0.98,0.02,no,KXFEDDECISION-26APR-H0,02a4d88b-6d36-7eed-3d57-855a9af64c11
2026-04-21 21:58:40.740798+00:00,98.92,0.99,0.01,yes,KXFEDDECISION-26APR-H0,eeaf5bc0-f1fa-7012-370c-c42bf7295261
2026-04-21 22:05:16.621086+00:00,25,0.98,0.02,no,KXFEDDECISION-26APR-H0,b6cd0dc8-e172-6c29-eab9-ea80e4bcaab5
2026-04-21 22:12:47.313348+00:00,1,0.98,0.02,no,KXFEDDECISION-26APR-H0,8f946d54-13fe-70bd-5619-d617f58ccd89
2026-04-21 22:26:24.116317+00:00,5.04,0.99,0.01,yes,KXFEDDECISION-26APR-H0,f77f74a3-bbce-6d02-44c0-4d88e7978b49
2026-04-21 22:28:26.113399+00:00,5.04,0.99,0.01,yes,KXFEDDECISION-26APR-H0,eeb5ad14-4b82-509e-9a5a-9afa42dec9f5
2026-04-21 22:34:39.425598+00:00,1169.75,0.98,0.02,no,KXFEDDECISION-26APR-H0,498a0db4-cdee-4cc5-2dc3-da68d493cb91
2026-04-21 22:36:52.570349+00:00,10.08,0.98,0.02,no,KXFEDDECISION-26APR-H0,2ee5dab9-4796-7569-903d-11328cf25a69
2026-04-21 22:44:50.554249+00:00,45425.76,0.99,0.01,yes,KXFEDDECISION-26APR-H0,8e62415d-881a-526e-5550-b6aea909b89d
2026-04-21 22:55:44.864437+00:00,10.09,0.99,0.01,yes,KXFEDDECISION-26APR-H0,9b93a09e-5176-4436-ba0c-edfc8bd03d71
2026-04-21 23:23:52.176236+00:00,500,0.98,0.02,no,KXFEDDECISION-26APR-H0,11ff5c81-884e-6ef1-5057-6e620e98a5f5
2026-04-21 23:42:34.498563+00:00,67000,0.99,0.01,yes,KXFEDDECISION-26APR-H0,d97aa17a-6e6a-631a-a410-a60f6042a2f1
2026-04-21 23:43:50.592035+00:00,50000,0.99,0.01,yes,KXFEDDECISION-26APR-H0,b3659865-f006-4512-ae07-6f4f5eef682d
2026-04-22 00:06:31.756566+00:00,93.58,0.98,0.02,no,KXFEDDECISION-26APR-H0,b9e63947-2996-67f1-6360-b80d08101ec9
2026-04-22 00:19:41.915942+00:00,2.01,0.99,0.01,yes,KXFEDDECISION-26APR-H0,d0bad314-bfe6-734a-af52-656e416ec7c1
2026-04-22 00:21:03.073347+00:00,50,0.98,0.02,no,KXFEDDECISION-26APR-H0,6091da07-1826-6271-f160-000a7c3159b9
2026-04-22 00:32:39.248232+00:00,233.95,0.98,0.02,no,KXFEDDECISION-26APR-H0,66ca474b-e802-7879-2efe-904bfa3bbf89
2026-04-22 00:43:47.592641+00:00,46.79,0.98,0.02,no,KXFEDDECISION-26APR-H0,3227d68e-9a4e-7c29-3f64-bcf785cfe071
2026-04-22 00:45:22.870188+00:00,1,0.99,0.01,yes,KXFEDDECISION-26APR-H0,8440ddae-23d6-54ae-aabb-40b3a7421cad
2026-04-22 00:49:38.406501+00:00,10000,0.99,0.01,yes,KXFEDDECISION-26APR-H0,d1b253a2-9ede-522e-ef3e-2f91f654f071
2026-04-22 00:51:44.685701+00:00,3,0.99,0.01,yes,KXFEDDECISION-26APR-H0,34579db7-9532-453a-0b95-cf16b282afb5
2026-04-22 00:52:48.393213+00:00,1402,0.99,0.01,yes,KXFEDDECISION-26APR-H0,aea49acb-1872-6cd6-384f-36dd53d426d1
2026-04-22 00:54:47.174828+00:00,1500,0.98,0.02,no,KXFEDDECISION-26APR-H0,566bf2b3-378a-5871-1ede-aa444ff21f75
2026-04-22 00:58:49.187552+00:00,2.01,0.98,0.02,no,KXFEDDECISION-26APR-H0,c4fa8b19-d836-7be1-0a1b-0670a2a69601
2026-04-22 01:03:06.286319+00:00,1,0.99,0.01,yes,KXFEDDECISION-26APR-H0,48aae312-db0e-5412-0dee-681f02888a19
2026-04-22 01:09:08.445656+00:00,125,0.98,0.02,no,KXFEDDECISION-26APR-H0,b1d0ef4e-d912-7b55-1dcf-5655fe8a4895
2026-04-22 01:10:45.583587+00:00,125,0.98,0.02,no,KXFEDDECISION-26APR-H0,1d438dfa-50ea-4bc1-bcc6-b5f854833845
2026-04-22 01:16:14.376284+00:00,201.87,0.99,0.01,yes,KXFEDDECISION-26APR-H0,469f5195-501e-6f06-d626-291af384c3ad
2026-04-22 01:17:25.493736+00:00,233.95,0.99,0.01,yes,KXFEDDECISION-26APR-H0,0a38cef6-aaaa-401e-828f-0816b0065291
2026-04-22 01:22:23.822265+00:00,0.5,0.98,0.02,no,KXFEDDECISION-26APR-H0,7f465226-fc36-416d-cfed-d6a36bdbe945
2026-04-22 01:26:33.098108+00:00,50.46,0.99,0.01,yes,KXFEDDECISION-26APR-H0,0d841cbf-d9e6-4592-d0bd-2802e79972e9
2026-04-22 01:32:59.686570+00:00,93.58,0.98,0.02,no,KXFEDDECISION-26APR-H0,d81e9654-5a0e-503d-28d2-b8976cdc7ce1
2026-04-22 01:34:27.016108+00:00,2,0.98,0.02,no,KXFEDDECISION-26APR-H0,82a765bf-c312-7b49-dfcc-4044cebd9ddd
2026-04-22 01:50:05.593577+00:00,250,0.98,0.02,no,KXFEDDECISION-26APR-H0,b5ca924f-0522-4875-d7f2-085e7d606b25
2026-04-22 01:57:32.518636+00:00,249.75,0.98,0.02,no,KXFEDDECISION-26APR-H0,08b39acd-9fce-6aad-42c2-d421954020a5
2026-04-22 02:10:19.155228+00:00,25.23,0.99,0.01,yes,KXFEDDECISION-26APR-H0,8a1c6bf1-7fde-7e0e-4d0c-70382e354741
2026-04-22 02:13:37.699969+00:00,10,0.98,0.02,no,KXFEDDECISION-26APR-H0,bfa25dc5-14b6-4079-c927-af33607f155d
2026-04-22 02:15:52.427640+00:00,5.04,0.99,0.01,yes,KXFEDDECISION-26APR-H0,da3dfefb-6912-56b6-b8f3-49c3c2d599e9
2026-04-22 02:24:30.032020+00:00,50,0.98,0.02,no,KXFEDDECISION-26APR-H0,6c7b34c1-704e-6e2d-46d6-e0744222e939
2026-04-22 02:26:46.790912+00:00,46.5,0.98,0.02,no,KXFEDDECISION-26APR-H0,9a27f765-cda2-5551-d4e3-4af8d6075579
2026-04-22 02:30:05.142081+00:00,156.06,0.99,0.01,yes,KXFEDDECISION-26APR-H0,16947305-8f7e-4192-f1d1-4d7d48f0dbf9
2026-04-22 02:33:11.465494+00:00,233.95,0.98,0.02,no,KXFEDDECISION-26APR-H0,4c767bb1-b80a-467d-add2-8d0aee206a61
2026-04-22 02:37:28.785985+00:00,1,0.99,0.01,yes,KXFEDDECISION-26APR-H0,68f52a64-3d02-7892-c9c9-1e1aac0f0809
2026-04-22 02:37:36.727521+00:00,10.06,0.99,0.01,yes,KXFEDDECISION-26APR-H0,b75000cb-d06e-422e-cd31-5e5f18008e3d
2026-04-22 02:37:51.349620+00:00,10.06,0.98,0.02,no,KXFEDDECISION-26APR-H0,92aa354c-f1b6-7195-e001-6adf64c8c455
2026-04-22 02:53:07.330634+00:00,46.79,0.98,0.02,no,KXFEDDECISION-26APR-H0,b14beecc-4116-7c55-4a32-9617ed0fae99
2026-04-22 03:08:03.867872+00:00,140.37,0.98,0.02,no,KXFEDDECISION-26APR-H0,3a081c6a-f316-5609-98a9-0ee1d1712b2d
2026-04-22 03:16:20.905548+00:00,1,0.99,0.01,yes,KXFEDDECISION-26APR-H0,b51dd1cb-3f42-4a7e-264c-6f7a1c7415dd
2026-04-22 03:26:28.637710+00:00,5.04,0.99,0.01,yes,KXFEDDECISION-26APR-H0,41e87762-5b3e-5786-7ed3-9dfc51247769
2026-04-22 03:34:19.011612+00:00,10.09,0.99,0.01,yes,KXFEDDECISION-26APR-H0,3868da83-307a-61e6-d8b7-88ca3b324065
2026-04-22 03:50:51.832355+00:00,10000,0.98,0.02,no,KXFEDDECISION-26APR-H0,064131d1-e09e-740d-f769-8ce5788e6629
2026-04-22 04:10:16.896404+00:00,5.04,0.99,0.01,yes,KXFEDDECISION-26APR-H0,d6fb9ccd-b5ce-666a-8b9f-a69f4e149b8d
2026-04-22 04:22:49.178994+00:00,5.04,0.98,0.02,no,KXFEDDECISION-26APR-H0,a1989e13-d966-5399-91ae-13600bdca1f1
2026-04-22 04:35:29.356234+00:00,233.95,0.98,0.02,no,KXFEDDECISION-26APR-H0,66da8264-5e4a-5711-690c-8dcdf88995c9
2026-04-22 04:36:10.768817+00:00,46.79,0.98,0.02,no,KXFEDDECISION-26APR-H0,5e33afd2-9186-5811-3b4f-13d8b68ce029
2026-04-22 04:44:30.170169+00:00,1,0.99,0.01,yes,KXFEDDECISION-26APR-H0,77028500-319a-51a2-77ad-7d5b324d5aad
2026-04-22 04:56:32.107594+00:00,1250,0.98,0.02,no,KXFEDDECISION-26APR-H0,b8a36574-9852-5c6d-4fcc-c1edd084f775
2026-04-22 05:08:26.587889+00:00,20.18,0.99,0.01,yes,KXFEDDECISION-26APR-H0,faf751e8-c462-7a32-6538-e78194d5b099
2026-04-22 05:09:07.590343+00:00,20.18,0.98,0.02,no,KXFEDDECISION-26APR-H0,eef5945c-371e-4b4d-7462-7a7d09c2a45d
2026-04-22 05:17:06.852198+00:00,2,0.98,0.02,no,KXFEDDECISION-26APR-H0,d4d3c260-6332-6255-2ce8-678c2fdeb37d
2026-04-22 05:20:54.130873+00:00,187.16,0.98,0.02,no,KXFEDDECISION-26APR-H0,ff8eed31-fb62-7829-091e-2b3672f92c89
2026-04-22 05:22:27.534515+00:00,10,0.98,0.02,no,KXFEDDECISION-26APR-H0,648fa025-a0b6-5ee9-1ff8-2f6acf7873e9
2026-04-22 05:58:19.538003+00:00,1,0.99,0.01,yes,KXFEDDECISION-26APR-H0,bedcc5e9-f20a-4a96-07cd-cc4a340cf9e5
2026-04-22 06:05:26.216531+00:00,46.79,0.98,0.02,no,KXFEDDECISION-26APR-H0,399a9f44-6ba6-407d-9fe7-2949fb939281
2026-04-22 06:07:37.448402+00:00,0.5,0.99,0.01,yes,KXFEDDECISION-26APR-H0,16702635-d246-5406-cdb7-b8afbb73a3a1
2026-04-22 06:12:21.980042+00:00,93.5,0.98,0.02,no,KXFEDDECISION-26APR-H0,2ce4ef53-7e4a-4369-81f0-25e341a7f4a5
2026-04-22 06:22:14.897705+00:00,42.11,0.98,0.02,no,KXFEDDECISION-26APR-H0,1fbb3e47-4cae-6a4d-38be-434d8fede1f5
2026-04-22 06:42:31.863174+00:00,30000,0.99,0.01,yes,KXFEDDECISION-26APR-H0,5fee3877-214e-5396-47e1-fffe72729cc5
2026-04-22 07:26:05.910038+00:00,1,0.99,0.01,yes,KXFEDDECISION-26APR-H0,3b93c1fb-03b2-609a-4ec8-95fcf7257d69
2026-04-22 09:14:53.179860+00:00,50.46,0.99,0.01,yes,KXFEDDECISION-26APR-H0,c797b1d8-3c92-57c6-2242-8230e7ded005
2026-04-22 09:39:19.087462+00:00,50.46,0.98,0.02,no,KXFEDDECISION-26APR-H0,861c690e-7c66-74bd-0647-e011df387cc9
2026-04-22 10:06:46.326437+00:00,2.01,0.99,0.01,yes,KXFEDDECISION-26APR-H0,0b49929b-91ca-5f62-9f88-c061bb9a53c5
2026-04-22 10:16:54.384118+00:00,25,0.98,0.02,no,KXFEDDECISION-26APR-H0,1cb7f077-b802-4055-7843-8d5dfea9fffd
2026-04-22 10:21:17.836579+00:00,101.88,0.98,0.02,no,KXFEDDECISION-26APR-H0,9d08ddf1-9b5e-781d-9c1c-bc7e231963ad
2026-04-22 10:32:14.684489+00:00,1000,0.99,0.01,yes,KXFEDDECISION-26APR-H0,430ee5a6-4ea2-7b86-ff15-1bd6c1f6e429
2026-04-22 10:39:17.202856+00:00,4,0.98,0.02,no,KXFEDDECISION-26APR-H0,acf7f902-a6ea-6fe5-435f-9ebc7892be7d
2026-04-22 11:14:29.610889+00:00,50.46,0.99,0.01,yes,KXFEDDECISION-26APR-H0,8e271a8b-e72a-7d06-3328-cb7f965af5bd
2026-04-22 11:15:14.134814+00:00,93.58,0.98,0.02,no,KXFEDDECISION-26APR-H0,9c6ddad8-9062-6f59-4590-9657de084845
2026-04-22 11:18:08.672658+00:00,43.12,0.99,0.01,yes,KXFEDDECISION-26APR-H0,94900207-8d9e-716e-7b24-3c4ea6fb62c1
2026-04-22 11:18:22.018064+00:00,24.75,0.98,0.02,no,KXFEDDECISION-26APR-H0,c2629414-fdd2-7b5d-b8dd-f380e92a70d5
2026-04-22 11:18:37.799965+00:00,50.46,0.99,0.01,yes,KXFEDDECISION-26APR-H0,88073b67-69ca-5512-e748-7855add1c4a9
2026-04-22 11:32:52.239536+00:00,187.16,0.98,0.02,no,KXFEDDECISION-26APR-H0,827d8e8d-1096-4709-dcad-44631c075f71
2026-04-22 11:37:29.486912+00:00,200,0.98,0.02,no,KXFEDDECISION-26APR-H0,ea04aac0-49aa-4c21-c8f0-849cd98aeb7d
2026-04-22 11:38:08.969403+00:00,200,0.99,0.01,yes,KXFEDDECISION-26APR-H0,a99961b6-7c16-7e2e-2dce-a725c9aae76d
2026-04-22 12:03:54.288531+00:00,50,0.98,0.02,no,KXFEDDECISION-26APR-H0,27884326-0b4a-6f35-9525-a94bdd8452c1
2026-04-22 12:04:14.392346+00:00,20,0.98,0.02,no,KXFEDDECISION-26APR-H0,495a6214-5fe6-55c9-6bd8-461748cab0c5
2026-04-22 12:06:48.256321+00:00,1,0.99,0.01,yes,KXFEDDECISION-26APR-H0,7e05d755-59aa-525e-86f5-a16237c5a27d
2026-04-22 12:16:15.576467+00:00,1122.96,0.98,0.02,no,KXFEDDECISION-26APR-H0,70d0ea77-a5ae-74bd-ce63-a5c0e7f45585
2026-04-22 12:17:04.777479+00:00,42.11,0.98,0.02,no,KXFEDDECISION-26APR-H0,cef020f7-4d66-7c25-0b8a-d0f8223a83e1
2026-04-22 12:20:01.851344+00:00,5.61,0.98,0.02,no,KXFEDDECISION-26APR-H0,60bbb070-999e-54d9-24b9-62b5e5ee39a5
2026-04-22 12:20:12.463845+00:00,1,0.98,0.02,no,KXFEDDECISION-26APR-H0,886bfff5-6412-45f1-b80f-2ce359170471
2026-04-22 12:20:48.662951+00:00,23.39,0.98,0.02,no,KXFEDDECISION-26APR-H0,86557e3b-7aca-7d9d-6d41-538edd41f89d
2026-04-22 12:21:45.853312+00:00,1,0.98,0.02,no,KXFEDDECISION-26APR-H0,50560381-79fa-7f2d-e052-f5c22c457d15
2026-04-22 12:38:38.774586+00:00,25,0.98,0.02,no,KXFEDDECISION-26APR-H0,c15dc09e-0c6a-6e79-c5eb-374aca15d06d
2026-04-22 13:05:44.778741+00:00,25.23,0.99,0.01,yes,KXFEDDECISION-26APR-H0,e03fc011-f982-7452-62bb-16d45f5a810d
2026-04-22 13:07:09.294925+00:00,50.46,0.99,0.01,yes,KXFEDDECISION-26APR-H0,9c398b2b-fa1e-60de-f4af-0fb31c2ae81d
2026-04-22 13:25:56.517883+00:00,46.79,0.98,0.02,no,KXFEDDECISION-26APR-H0,8df14917-8fae-5fb5-0174-22ba811c96c9
2026-04-22 13:55:17.775216+00:00,5.04,0.99,0.01,yes,KXFEDDECISION-26APR-H0,36db9f89-0546-5a3a-b259-03bd68c5fa2d
2026-04-22 13:59:51.388249+00:00,467.5,0.98,0.02,no,KXFEDDECISION-26APR-H0,899908fb-b366-7b89-5b82-5a4ba20d6651
2026-04-22 14:01:43.702861+00:00,46.79,0.98,0.02,no,KXFEDDECISION-26APR-H0,7c7ea660-5ada-6939-d192-36141f82d121
2026-04-22 14:12:49.567730+00:00,100,0.99,0.01,yes,KXFEDDECISION-26APR-H0,ceceb615-1c6e-5aee-e490-d81d9cb8fd59
2026-04-22 14:23:49.922860+00:00,46.79,0.98,0.02,no,KXFEDDECISION-26APR-H0,4bec9b2d-c9e2-4961-a55c-e33ad4e9e59d
2026-04-22 14:29:13.550864+00:00,1,0.99,0.01,yes,KXFEDDECISION-26APR-H0,1b5e4dc4-ca32-4bd6-85f8-534e19d4d439
2026-04-22 14:54:30.997777+00:00,137,0.98,0.02,no,KXFEDDECISION-26APR-H0,e308e5c3-5b2a-6311-2bd3-82de79aab9b1
2026-04-22 15:20:42.626694+00:00,5.04,0.99,0.01,yes,KXFEDDECISION-26APR-H0,37de5149-4376-5956-e2df-e346da93c7f9
2026-04-22 15:22:13.624140+00:00,5,0.98,0.02,no,KXFEDDECISION-26APR-H0,721ed4f2-1a72-600d-7ec0-18c7e1c3478d
2026-04-22 15:31:33.672762+00:00,250,0.98,0.02,no,KXFEDDECISION-26APR-H0,fcd58593-2cd6-6db5-fdae-82273429e441
2026-04-22 15:51:56.245187+00:00,25,0.98,0.02,no,KXFEDDECISION-26APR-H0,f6cf7b34-beb6-6e51-93e8-f61c82b29959
2026-04-22 15:53:13.177259+00:00,250,0.98,0.02,no,KXFEDDECISION-26APR-H0,c7069e9f-77e2-5e8d-ca3b-e61ed6705995
2026-04-22 16:01:17.559401+00:00,500,0.98,0.02,no,KXFEDDECISION-26APR-H0,322734e8-cb4a-64c1-0f85-238e63dd6e81
2026-04-22 16:04:49.020648+00:00,140.37,0.98,0.02,no,KXFEDDECISION-26APR-H0,8acb32a3-42d6-6c31-c7a0-fa0e053e4a95
2026-04-22 16:07:57.662710+00:00,10.09,0.99,0.01,yes,KXFEDDECISION-26APR-H0,b0af4a06-9926-6c12-3dd0-c90bc957a1b5
2026-04-22 16:16:15.636008+00:00,1249.75,0.98,0.02,no,KXFEDDECISION-26APR-H0,aea47bb3-fd0a-4cc9-bef8-509f6f563a35
2026-04-22 16:25:34.690349+00:00,25,0.99,0.01,yes,KXFEDDECISION-26APR-H0,8d3c4c02-f3d6-42ce-68eb-67f071bf8621
2026-04-22 16:39:53.957873+00:00,10.09,0.99,0.01,yes,KXFEDDECISION-26APR-H0,6b835089-2e12-7422-4a00-47a7316bd509
2026-04-22 16:42:14.516594+00:00,46.79,0.98,0.02,no,KXFEDDECISION-26APR-H0,2c4181ad-aaae-4675-35ad-460db174dfd1
2026-04-22 16:52:43.457622+00:00,5.04,0.99,0.01,yes,KXFEDDECISION-26APR-H0,6e651095-f7da-4af2-07f5-2aec63c42c11
2026-04-22 17:02:10.780355+00:00,25,0.98,0.02,no,KXFEDDECISION-26APR-H0,8cef5a6d-27ca-54d1-3d35-9d277d06d955
2026-04-22 17:04:46.527009+00:00,2,0.98,0.02,no,KXFEDDECISION-26APR-H0,fbd38d1e-f1c2-55b9-0d15-0a0488cecfed
2026-04-22 17:14:10.589955+00:00,1,0.99,0.01,yes,KXFEDDECISION-26APR-H0,86e9f404-6f36-5bbe-503b-683f606a3955
2026-04-22 17:30:53.751212+00:00,93.87,0.99,0.01,yes,KXFEDDECISION-26APR-H0,28e96640-978e-7c9a-6ac0-dd1e2417d291
2026-04-22 17:31:34.052909+00:00,93.87,0.98,0.02,no,KXFEDDECISION-26APR-H0,9028768f-1402-78d1-c35b-6809cdb695b5
2026-04-22 17:41:37.188567+00:00,10.09,0.99,0.01,yes,KXFEDDECISION-26APR-H0,c49648b8-f1e2-728e-7983-7c5b80754929
2026-04-22 17:41:49.209830+00:00,10.09,0.98,0.02,no,KXFEDDECISION-26APR-H0,c2a04814-dcea-6155-ea66-d4ff32266909
2026-04-22 17:42:14.470826+00:00,9.89,0.99,0.01,yes,KXFEDDECISION-26APR-H0,91d6032c-425a-563a-eaed-0b05024a70dd
2026-04-22 17:42:23.977433+00:00,9.89,0.98,0.02,no,KXFEDDECISION-26APR-H0,5dcc9dd5-0736-5e3d-1502-9dce3a31ce3d
2026-04-22 17:43:18.071250+00:00,9.79,0.99,0.01,yes,KXFEDDECISION-26APR-H0,a1d54221-3d8a-6c86-7ec7-756b30f725c5
2026-04-22 17:43:33.933305+00:00,9.79,0.98,0.02,no,KXFEDDECISION-26APR-H0,abaaf56c-dc9a-7851-3560-7b85a9769949
2026-04-22 17:47:47.318130+00:00,10.09,0.99,0.01,yes,KXFEDDECISION-26APR-H0,1b205b62-0f9e-4a5a-e412-e574210df2b9
2026-04-22 17:58:31.696977+00:00,12.11,0.99,0.01,yes,KXFEDDECISION-26APR-H0,cb050768-fae2-59ae-19f7-7c3339f08dc9
2026-04-22 18:00:13.817428+00:00,2,0.98,0.02,no,KXFEDDECISION-26APR-H0,eebbe9f7-940a-5e55-aa9c-e8fe45043b35
2026-04-22 18:00:38.507435+00:00,5.04,0.98,0.02,no,KXFEDDECISION-26APR-H0,1a70c338-0656-4679-94cf-01b2cc95d221
2026-04-22 18:00:44.553971+00:00,1,0.99,0.01,yes,KXFEDDECISION-26APR-H0,6742f8bb-d05e-775e-3d06-91dc3a16d3f1
2026-04-22 18:08:27.039206+00:00,242,0.99,0.01,yes,KXFEDDECISION-26APR-H0,6b9ed704-2efa-7d6e-6e6a-d439e95e614d
2026-04-22 18:14:05.319834+00:00,25,0.98,0.02,no,KXFEDDECISION-26APR-H0,ec918ef7-8d26-71cd-0311-5b8e8f3cf635
2026-04-22 18:26:04.923548+00:00,0.25,0.98,0.02,no,KXFEDDECISION-26APR-H0,ae901880-863e-5a81-f332-4cd5ce9f0565
2026-04-22 18:28:25.672311+00:00,1,0.99,0.01,yes,KXFEDDECISION-26APR-H0,8ef61b62-6c76-42ca-d787-5369c042d279
2026-04-22 18:41:14.803416+00:00,1,0.98,0.02,no,KXFEDDECISION-26APR-H0,48a76aae-b3e6-6f35-2ad0-9965497b5251
2026-04-22 19:01:14.472751+00:00,233.95,0.98,0.02,no,KXFEDDECISION-26APR-H0,eba2fb86-ed7e-7c6d-97bd-559eded20ca5
2026-04-22 19:07:26.494501+00:00,50,0.98,0.02,no,KXFEDDECISION-26APR-H0,5cd27bf2-68ae-5f01-047f-7dbfd7889761
2026-04-22 19:16:16.286189+00:00,233.95,0.98,0.02,no,KXFEDDECISION-26APR-H0,cb28e267-e82a-575d-5082-628b85e06139
2026-04-22 19:17:12.740054+00:00,100,0.98,0.02,no,KXFEDDECISION-26APR-H0,e3dd521e-1466-5c31-5d9f-b1faab5a276d
2026-04-22 19:17:22.947316+00:00,2339.5,0.98,0.02,no,KXFEDDECISION-26APR-H0,281ffbe0-0626-567d-1d7b-1b58ecfaee25
2026-04-22 19:23:40.375089+00:00,1,0.99,0.01,yes,KXFEDDECISION-26APR-H0,b0b2c3c2-c506-594a-e141-aff1b0ea5bd9
2026-04-22 19:30:11.764394+00:00,2,0.99,0.01,yes,KXFEDDECISION-26APR-H0,b3727d2c-5abe-5d6a-1f8c-44f0a31917bd
2026-04-22 19:30:41.537535+00:00,2,0.98,0.02,no,KXFEDDECISION-26APR-H0,394e4f99-4cde-4111-35d9-e2bc7935620d
2026-04-22 19:31:08.886497+00:00,1250,0.98,0.02,no,KXFEDDECISION-26APR-H0,787956c1-1dd2-678d-e9e5-989e33b4eb29
2026-04-22 19:36:25.485703+00:00,30,0.98,0.02,no,KXFEDDECISION-26APR-H0,a67be7b6-d0fe-69a5-1b8f-a8662c38fc95
2026-04-22 20:15:38.247917+00:00,20.18,0.99,0.01,yes,KXFEDDECISION-26APR-H0,08e7de8a-783a-4a46-15cc-637b072ab991
2026-04-22 20:20:04.860606+00:00,10.09,0.99,0.01,yes,KXFEDDECISION-26APR-H0,0ec0c4cf-ee4a-74a6-e187-1955387404b1
2026-04-22 20:22:34.343377+00:00,233.95,0.98,0.02,no,KXFEDDECISION-26APR-H0,2025eab3-6ade-72d5-28a1-c15accff89b5
2026-04-22 20:28:17.305706+00:00,233.95,0.98,0.02,no,KXFEDDECISION-26APR-H0,2df5e9a3-83f6-7edd-717b-ef2d312bacc5
2026-04-22 20:41:37.706167+00:00,250,0.98,0.02,no,KXFEDDECISION-26APR-H0,6c8ea456-b8fe-4c31-8e33-2e414a15485d
2026-04-22 21:04:26.219283+00:00,50,0.98,0.02,no,KXFEDDECISION-26APR-H0,ee2ce0bf-9326-6311-c37f-649b7d352ced
2026-04-22 21:07:16.307759+00:00,9,0.99,0.01,yes,KXFEDDECISION-26APR-H0,c2e8fdd6-b30e-6c8e-6295-ed888a4d3095
2026-04-22 21:12:56.325309+00:00,2500,0.98,0.02,no,KXFEDDECISION-26APR-H0,752cf622-935e-5dcd-dc93-7a50d61cc1ad
2026-04-22 21:19:09.029084+00:00,1,0.99,0.01,yes,KXFEDDECISION-26APR-H0,160da4b2-fd9a-6c96-3c93-bcd8c7ff0339
2026-04-22 21:20:16.035433+00:00,12.11,0.99,0.01,yes,KXFEDDECISION-26APR-H0,c5144718-89a2-748a-fd6a-75e164cc0edd
2026-04-22 21:22:57.257133+00:00,1165.07,0.99,0.01,yes,KXFEDDECISION-26APR-H0,964e1c73-8d1a-641a-57fa-c1c7d5251b7d
2026-04-22 21:25:13.160794+00:00,156,0.99,0.01,yes,KXFEDDECISION-26APR-H0,72ed8b3a-c6ca-50a6-36d0-ff672b57eadd
2026-04-22 21:40:38.693774+00:00,1.02,0.98,0.02,no,KXFEDDECISION-26APR-H0,6eb41705-c81e-6089-06c6-9e856717382d
2026-04-22 21:41:16.264864+00:00,15,0.99,0.01,yes,KXFEDDECISION-26APR-H0,4e37e911-b53e-5e86-72cf-16763e9fff7d
2026-04-22 21:43:30.888857+00:00,2.01,0.98,0.02,no,KXFEDDECISION-26APR-H0,7434bab8-841e-4739-5b38-e3e2ba4a044d
2026-04-22 22:06:49.283290+00:00,3.02,0.98,0.02,no,KXFEDDECISION-26APR-H0,c00fd931-649e-5a1d-97bc-62daeb3e12f5
2026-04-22 22:37:53.575459+00:00,5.04,0.98,0.02,no,KXFEDDECISION-26APR-H0,27a0cab1-eebe-7bf9-7ea2-4348f2c75bc5
2026-04-22 22:45:57.524640+00:00,13.18,0.99,0.01,yes,KXFEDDECISION-26APR-H0,56fe9df3-98d2-6be2-8b11-3dd8657a1e89
2026-04-22 22:46:51.766213+00:00,5.04,0.99,0.01,yes,KXFEDDECISION-26APR-H0,3d223f98-d5ea-76da-325c-7f2d4798fd9d
2026-04-22 23:01:40.981615+00:00,2,0.99,0.01,yes,KXFEDDECISION-26APR-H0,d08f0729-cd36-5e72-1680-856f35a465b9
2026-04-22 23:17:41.539388+00:00,5.04,0.99,0.01,yes,KXFEDDECISION-26APR-H0,0baad136-424e-46be-6f2a-2269cefd1af1
2026-04-22 23:26:46.801568+00:00,1,0.99,0.01,yes,KXFEDDECISION-26APR-H0,af604be5-b07a-6bba-ca96-bca0fe0a6909
2026-04-22 23:33:25.840909+00:00,46.79,0.98,0.02,no,KXFEDDECISION-26APR-H0,70c78f3c-5582-6b3d-b977-5c1169dd5ac5
2026-04-22 23:41:22.249638+00:00,500,0.98,0.02,no,KXFEDDECISION-26APR-H0,ecc306ae-49ee-4abd-ca89-7d60f41d020d
2026-04-22 23:42:28.145943+00:00,4679,0.98,0.02,no,KXFEDDECISION-26APR-H0,825e8ec2-141e-59b5-d0a5-fcfc1e118c59
2026-04-22 23:42:38.405757+00:00,10.09,0.99,0.01,yes,KXFEDDECISION-26APR-H0,be1ea769-c736-5f72-9a15-cb89e7dfab91
2026-04-22 23:54:11.002845+00:00,1,0.99,0.01,yes,KXFEDDECISION-26APR-H0,3a85d6d7-9b6a-7d56-864e-015616f018b1
2026-04-23 00:01:35.024009+00:00,50,0.98,0.02,no,KXFEDDECISION-26APR-H0,0e922404-536e-65a5-aaf3-e18afa2cade9
2026-04-23 00:01:41.455864+00:00,10093.94,0.99,0.01,yes,KXFEDDECISION-26APR-H0,e094da93-23d6-756a-ca02-d5a570b37a95
2026-04-23 00:07:16.075012+00:00,10.09,0.99,0.01,yes,KXFEDDECISION-26APR-H0,09ddfe58-6da2-64a6-532c-365a03eecd29
2026-04-23 00:07:36.049371+00:00,10.09,0.98,0.02,no,KXFEDDECISION-26APR-H0,5facde41-8dae-4721-47a4-1f5fee768919
2026-04-23 00:07:53.985312+00:00,9.69,0.99,0.01,yes,KXFEDDECISION-26APR-H0,69f6c642-0fa2-4756-cbd5-8ab4d55a7885
2026-04-23 00:08:03.765540+00:00,9.69,0.98,0.02,no,KXFEDDECISION-26APR-H0,dfa171dd-cd9a-7bad-38e1-02797e44d47d
2026-04-23 00:08:16.169259+00:00,9.08,0.99,0.01,yes,KXFEDDECISION-26APR-H0,3b2b3f3c-dfba-71a2-405e-f9ba31055df5
2026-04-23 00:08:26.845269+00:00,9.08,0.98,0.02,no,KXFEDDECISION-26APR-H0,f4d54477-9df2-56c5-a873-a15f2bd3fa81
2026-04-23 00:09:19.299023+00:00,26.24,0.99,0.01,yes,KXFEDDECISION-26APR-H0,a794772e-9496-5dee-ba52-fa8d5782d501
2026-04-23 00:09:31.595595+00:00,26.24,0.98,0.02,no,KXFEDDECISION-26APR-H0,b642cfec-211e-4e71-d075-13b69aa626a1
2026-04-23 00:10:57.442688+00:00,25.23,0.99,0.01,yes,KXFEDDECISION-26APR-H0,cd9c0f14-abca-5aea-b658-d5e24c181d91
2026-04-23 00:11:09.523561+00:00,25.23,0.98,0.02,no,KXFEDDECISION-26APR-H0,bc5b5d26-5d7a-4035-426b-15d78e5d90c5
2026-04-23 00:12:19.277170+00:00,1169.5,0.98,0.02,no,KXFEDDECISION-26APR-H0,bd07443a-1cd6-7cf5-2aa2-449ad2eae1c9
2026-04-23 01:01:09.965169+00:00,25,0.98,0.02,no,KXFEDDECISION-26APR-H0,90fcab1e-a80e-6af5-7e0f-0ded66452479
2026-04-23 01:38:00.271779+00:00,24.75,0.98,0.02,no,KXFEDDECISION-26APR-H0,57e0295a-2aaa-5781-d91a-dc5e8abb4f7d
2026-04-23 01:46:28.195102+00:00,100,0.99,0.01,yes,KXFEDDECISION-26APR-H0,b8efdf14-67fe-6e02-1120-bb835dcb90fd
2026-04-23 01:46:53.247349+00:00,3858,0.99,0.01,yes,KXFEDDECISION-26APR-H0,2fb398d5-a1fe-77b6-0fdf-d0ca1fd3ec41
2026-04-23 01:53:56.165958+00:00,24.75,0.98,0.02,no,KXFEDDECISION-26APR-H0,218f4528-56b2-4209-426a-81929e9d5285
2026-04-23 02:04:32.997517+00:00,46.79,0.98,0.02,no,KXFEDDECISION-26APR-H0,eacd306a-7df6-5f55-1252-45b07c67307d
2026-04-23 02:04:38.689992+00:00,1,0.99,0.01,yes,KXFEDDECISION-26APR-H0,f4041971-4bca-6676-c74b-57a4978660b1
2026-04-23 02:08:34.346643+00:00,46.79,0.98,0.02,no,KXFEDDECISION-26APR-H0,614679a9-6952-79e1-7c5a-d07ccee20d69
2026-04-23 02:12:17.373352+00:00,15,0.99,0.01,yes,KXFEDDECISION-26APR-H0,76e604e3-6b96-7c72-a47e-1b963341d9e1
2026-04-23 02:13:51.438365+00:00,10000,0.99,0.01,yes,KXFEDDECISION-26APR-H0,7a366a75-bdda-533e-ffd1-6e430c643da5
2026-04-23 02:46:34.181054+00:00,2.01,0.99,0.01,yes,KXFEDDECISION-26APR-H0,845e6008-d062-7d6e-f1f3-cc6842bc3a69
2026-04-23 02:52:22.978286+00:00,233,0.99,0.01,yes,KXFEDDECISION-26APR-H0,41afdca3-7d6a-572a-d5ae-7e9b65cb23c5
2026-04-23 03:01:43.797610+00:00,4,0.98,0.02,no,KXFEDDECISION-26APR-H0,9c544c99-b3ca-5dbd-8201-f04807ec3491
2026-04-23 03:25:30.742135+00:00,1403.7,0.98,0.02,no,KXFEDDECISION-26APR-H0,1545b5a6-ca02-5c0d-ebd3-d70b86a09a05
2026-04-23 03:27:05.999350+00:00,11,0.99,0.01,yes,KXFEDDECISION-26APR-H0,b5ac1703-a6f2-5f12-a175-bdc5c707bcd9
2026-04-23 03:36:42.589538+00:00,5.04,0.99,0.01,yes,KXFEDDECISION-26APR-H0,0e018f65-4ac2-43f2-686f-7a54a26d4979
2026-04-23 03:44:07.902784+00:00,23.39,0.98,0.02,no,KXFEDDECISION-26APR-H0,48e96f96-2e2e-7939-863b-31f8562e8fdd
2026-04-23 03:46:25.879151+00:00,5.04,0.99,0.01,yes,KXFEDDECISION-26APR-H0,8f44d3bf-a646-5c62-6764-866a0551d855
2026-04-23 03:53:49.182022+00:00,5.04,0.98,0.02,no,KXFEDDECISION-26APR-H0,01efb321-d912-73ed-26c7-b096b2b8cff5
2026-04-23 03:54:57.185423+00:00,2.03,0.98,0.02,no,KXFEDDECISION-26APR-H0,26c3ae79-fc0a-58e5-a31d-a554d06be505
2026-04-23 03:55:25.005643+00:00,23.39,0.98,0.02,no,KXFEDDECISION-26APR-H0,36a0df81-3636-5681-9244-39c69dc97a61
2026-04-23 03:59:18.907985+00:00,10.09,0.99,0.01,yes,KXFEDDECISION-26APR-H0,5eec9ee3-7d8e-6c1a-e519-c9e9e5a0b2b1
2026-04-23 04:06:34.631882+00:00,46.79,0.98,0.02,no,KXFEDDECISION-26APR-H0,0fe48e19-abee-6b69-899b-a64951334481
2026-04-23 04:17:38.191709+00:00,5.04,0.99,0.01,yes,KXFEDDECISION-26APR-H0,1fdda3c6-8dbe-5bb6-1ce0-4e26a57177a5
2026-04-23 04:44:12.818743+00:00,15000,0.98,0.02,no,KXFEDDECISION-26APR-H0,a50b061b-a102-6021-0ecb-3c1929c54775
2026-04-23 04:55:04.720888+00:00,1,0.99,0.01,yes,KXFEDDECISION-26APR-H0,cc729640-8396-6ec6-f47e-5f6e7851cf49
2026-04-23 04:56:22.530923+00:00,23.39,0.99,0.01,yes,KXFEDDECISION-26APR-H0,114061bf-826e-5c2a-a75b-b6603a0425a1
2026-04-23 05:00:15.173510+00:00,125,0.98,0.02,no,KXFEDDECISION-26APR-H0,35d80dc3-5682-46b1-3f2b-cb6948abf3b9
2026-04-23 05:27:23.037040+00:00,4.03,0.98,0.02,no,KXFEDDECISION-26APR-H0,acc44379-cf3e-48ad-4224-0162a5d233a5
2026-04-23 05:38:48.551897+00:00,2.01,0.99,0.01,yes,KXFEDDECISION-26APR-H0,bb36d03f-e8b6-4bbe-6355-ca0c89d5d969
2026-04-23 05:42:24.260173+00:00,10.09,0.99,0.01,yes,KXFEDDECISION-26APR-H0,ea845e3d-6fba-7d76-8b08-b2072a95e7c1
2026-04-23 06:15:43.086559+00:00,233.95,0.99,0.01,yes,KXFEDDECISION-26APR-H0,a6783cc6-218a-74d2-8db1-831545dbe52d
2026-04-23 06:17:29.476430+00:00,111,0.98,0.02,no,KXFEDDECISION-26APR-H0,27671881-cc66-66ad-9990-ee6fb63e3c51
2026-04-23 06:20:06.843063+00:00,1,0.99,0.01,yes,KXFEDDECISION-26APR-H0,835ab4d4-704e-791e-afda-d4e93a07af89
2026-04-23 09:43:24.217272+00:00,5.04,0.99,0.01,yes,KXFEDDECISION-26APR-H0,55cc6322-115e-7356-5955-bf905c9adb8d
2026-04-23 09:44:20.598348+00:00,416.43,0.98,0.02,no,KXFEDDECISION-26APR-H0,ad5eed86-983a-41a5-46f8-7864e2fedc1d
2026-04-23 10:35:51.997234+00:00,2.01,0.99,0.01,yes,KXFEDDECISION-26APR-H0,fe8a4abd-92ca-4dde-3b3d-323e1296ee61
2026-04-23 10:49:57.831129+00:00,5.04,0.99,0.01,yes,KXFEDDECISION-26APR-H0,52350e71-efba-67aa-a06c-71839a31b4ed
2026-04-23 11:13:39.753677+00:00,1,0.99,0.01,yes,KXFEDDECISION-26APR-H0,909e23b9-1136-7ce2-fa0f-32590f78b7e5
2026-04-23 11:13:45.063877+00:00,32.75,0.98,0.02,no,KXFEDDECISION-26APR-H0,5cad697a-bd56-5eb5-cc51-9f3b61debfad
2026-04-23 11:14:00.602748+00:00,5,0.99,0.01,yes,KXFEDDECISION-26APR-H0,fee1ad7b-dd7a-7372-a029-cb88093c5415
2026-04-23 11:19:54.762914+00:00,1,0.98,0.02,no,KXFEDDECISION-26APR-H0,de3259f6-a502-5351-0f17-84eb1f21e66d
2026-04-23 11:20:47.980528+00:00,18.71,0.98,0.02,no,KXFEDDECISION-26APR-H0,b265f18b-50a2-7b2d-247f-72f15e282b25
2026-04-23 11:31:23.532579+00:00,11,0.99,0.01,yes,KXFEDDECISION-26APR-H0,daf4a5b2-00de-79ce-c91f-0e8d18887901
2026-04-23 11:46:30.531319+00:00,93.58,0.98,0.02,no,KXFEDDECISION-26APR-H0,941d6306-6656-57b9-0722-3c3300c09dd9
2026-04-23 12:11:41.685488+00:00,5.04,0.99,0.01,yes,KXFEDDECISION-26APR-H0,41511fbb-8ec6-6786-2d10-13b024e55d55
2026-04-23 12:32:11.247462+00:00,3.02,0.99,0.01,yes,KXFEDDECISION-26APR-H0,13ff03a9-36de-7cca-9ddf-1c733a85c309
2026-04-23 12:34:25.788388+00:00,140.37,0.98,0.02,no,KXFEDDECISION-26APR-H0,2a33a6a1-92ae-4f89-86cf-7e884907efd5
2026-04-23 12:36:44.243659+00:00,1,0.99,0.01,yes,KXFEDDECISION-26APR-H0,852c847a-f2c4-4e2a-94e8-0d76adddbd61
2026-04-23 12:36:44.243659+00:00,156809.23,0.99,0.01,yes,KXFEDDECISION-26APR-H0,9851f862-e56e-481e-8782-cfdad471c88d
2026-04-23 12:36:44.243659+00:00,101,0.99,0.01,yes,KXFEDDECISION-26APR-H0,b55aa020-f1bc-4c6a-99b5-4c2d8e41324b
2026-04-23 12:36:44.243659+00:00,200000,0.99,0.01,yes,KXFEDDECISION-26APR-H0,7bb1e357-f726-457b-980a-84fc7e7826dc
2026-04-23 12:36:44.243659+00:00,131,0.99,0.01,yes,KXFEDDECISION-26APR-H0,9b2d2700-2956-4c75-86d1-2fb4b9bb3ead
2026-04-23 12:36:44.243659+00:00,40,0.99,0.01,yes,KXFEDDECISION-26APR-H0,74d7d19b-99ce-49ce-b92c-f6b986b2f55c
2026-04-23 12:36:44.243659+00:00,200000,0.99,0.01,yes,KXFEDDECISION-26APR-H0,ffae6a46-7163-4f8f-ad08-ce010b7b1668
2026-04-23 12:36:44.243659+00:00,2000,0.99,0.01,yes,KXFEDDECISION-26APR-H0,4ebee2ed-ea5d-4f47-88ee-7a7c1e923bb7
2026-04-23 12:36:44.243659+00:00,3950,0.99,0.01,yes,KXFEDDECISION-26APR-H0,4077304e-0120-4a6d-93c2-b29959647d6a
2026-04-23 12:36:44.243659+00:00,15000,0.99,0.01,yes,KXFEDDECISION-26APR-H0,20370eb9-34ab-4328-96f3-23dac7c0f93a
2026-04-23 12:36:44.243659+00:00,9950,0.99,0.01,yes,KXFEDDECISION-26APR-H0,0b9bd051-4d8e-4814-8513-c5afc042f91b
2026-04-23 12:36:44.243659+00:00,12734,0.99,0.01,yes,KXFEDDECISION-26APR-H0,dd429bad-ea42-4311-8022-fb0c6ca8d313
2026-04-23 12:36:44.243659+00:00,500,0.99,0.01,yes,KXFEDDECISION-26APR-H0,64b313e0-cf2e-4e54-8880-7c3d3c421233
2026-04-23 12:36:44.243659+00:00,1250,0.99,0.01,yes,KXFEDDECISION-26APR-H0,f2caae02-c86c-4163-a9a9-de54fdfb558a
2026-04-23 12:49:38.340676+00:00,12,0.99,0.01,no,KXFEDDECISION-26APR-H0,85d978dc-3d64-646e-9926-535f5be5bb0b
2026-04-23 12:57:39.246919+00:00,3,0.99,0.01,no,KXFEDDECISION-26APR-H0,f0d531b8-8460-6fe2-71c7-c736710fb60f
2026-04-23 13:16:16.181079+00:00,5,0.99,0.01,no,KXFEDDECISION-26APR-H0,abbc98e9-4b48-401a-32de-a298772ddffb
2026-04-23 13:29:12.146020+00:00,97,0.99,0.01,no,KXFEDDECISION-26APR-H0,8ba301aa-c3d0-5aa2-ec8d-2808aa0a5407
2026-04-23 13:29:12.146020+00:00,370.59,0.99,0.01,no,KXFEDDECISION-26APR-H0,bd8aabae-a365-5926-fc7a-084c52d687e7
2026-04-23 13:40:29.952857+00:00,10.09,0.99,0.01,no,KXFEDDECISION-26APR-H0,d82e7436-fe21-47c6-ec87-3b2f397365f3
2026-04-23 13:47:16.458981+00:00,133,0.99,0.01,no,KXFEDDECISION-26APR-H0,7a56d786-6445-7a16-c636-4528302b5433
2026-04-23 13:50:05.634264+00:00,413,0.99,0.01,no,KXFEDDECISION-26APR-H0,fa820e2b-2151-57a6-38b3-254b13cfddf3
2026-04-23 13:51:49.126183+00:00,33,0.99,0.01,no,KXFEDDECISION-26APR-H0,01978f3c-729d-78b2-350a-a2181118aa17
2026-04-23 14:08:48.989583+00:00,600,0.99,0.01,no,KXFEDDECISION-26APR-H0,5f452be3-0a09-4dfa-a478-5656f50bdd9f
2026-04-23 14:25:24.485502+00:00,33,0.99,0.01,no,KXFEDDECISION-26APR-H0,391d9bef-bb95-5b86-1b11-7556a672a1a7
2026-04-23 14:31:50.331493+00:00,100,0.99,0.01,no,KXFEDDECISION-26APR-H0,4bd7780d-0015-4ce2-223b-aa0374e75b1b
2026-04-23 14:34:45.061070+00:00,187.03,0.99,0.01,no,KXFEDDECISION-26APR-H0,b9232dcf-ab95-62d2-0c87-b7b261331397
2026-04-23 14:43:33.805808+00:00,15,0.99,0.01,no,KXFEDDECISION-26APR-H0,2b941831-1da9-6fb2-8ac2-9558832766e7
2026-04-23 14:52:53.421348+00:00,3273.16,0.99,0.01,no,KXFEDDECISION-26APR-H0,52c919b1-1349-7dde-d220-0db4c1ea52cf
2026-04-23 15:10:48.607817+00:00,1000,0.99,0.01,no,KXFEDDECISION-26APR-H0,f6867836-d891-7d56-0968-ef051e2aba57
2026-04-23 15:24:34.015250+00:00,298,0.99,0.01,no,KXFEDDECISION-26APR-H0,5e7f6e51-94e5-6916-996e-9fb1e4c6097f
2026-04-23 15:25:37.564612+00:00,10,0.99,0.01,no,KXFEDDECISION-26APR-H0,05b439a5-daad-4dea-6c6e-ca859c4eb2d7
2026-04-23 15:31:37.000832+00:00,1,0.99,0.01,no,KXFEDDECISION-26APR-H0,25369ea1-44f9-6ec2-d34d-ab7578a9679f
2026-04-23 15:50:00.017875+00:00,120,0.99,0.01,no,KXFEDDECISION-26APR-H0,c81c573a-6db9-779a-bcf8-7aea422e8e67
2026-04-23 16:06:30.704832+00:00,9,0.99,0.01,no,KXFEDDECISION-26APR-H0,1e845b20-b029-7906-2f74-0c99e8a1adaf
2026-04-23 16:27:01.998553+00:00,0.5,0.99,0.01,no,KXFEDDECISION-26APR-H0,1ca9cf4e-8ff1-5bd6-f801-6a864749dd9f
2026-04-23 16:53:05.670250+00:00,2,0.99,0.01,no,KXFEDDECISION-26APR-H0,8b6c517f-292d-496e-7e4d-d0052c20803f
2026-04-23 17:32:12.499781+00:00,93.51,0.99,0.01,no,KXFEDDECISION-26APR-H0,43521eeb-2d5d-7956-0f6b-c59df126cb2b
2026-04-23 17:36:12.939395+00:00,333,0.99,0.01,no,KXFEDDECISION-26APR-H0,6b262ffe-52f1-5ab6-2f05-22fabc10654f
2026-04-23 17:53:57.149365+00:00,467,0.99,0.01,no,KXFEDDECISION-26APR-H0,0ca52b18-a8e5-56d2-f207-32dda216eeef
2026-04-23 18:26:57.330581+00:00,633,0.99,0.01,no,KXFEDDECISION-26APR-H0,dce486a5-1bd5-4f02-f2cf-0298c83dc9d3
2026-04-23 18:35:24.660337+00:00,666,0.99,0.01,no,KXFEDDECISION-26APR-H0,daa90741-64f5-4c3a-2b66-1a76d30bb273
2026-04-23 19:05:12.530362+00:00,2,0.99,0.01,no,KXFEDDECISION-26APR-H0,154d77be-84ad-793e-f415-114617b69db7
2026-04-23 19:05:58.355975+00:00,125,0.99,0.01,no,KXFEDDECISION-26APR-H0,ae768d28-7cb9-5e32-4690-a26dd7ac6bfb
2026-04-23 19:16:47.976277+00:00,50,0.99,0.01,no,KXFEDDECISION-26APR-H0,2e2248e1-d679-6262-afba-79a51c708ce7
2026-04-23 19:43:09.833118+00:00,2337.97,0.99,0.01,no,KXFEDDECISION-26APR-H0,93e7e9d1-33f9-5c32-e96e-7caafb5c7473
2026-04-23 19:55:57.361144+00:00,3333,0.99,0.01,no,KXFEDDECISION-26APR-H0,594a61b8-79c1-423e-6930-b6e3974a43e3
2026-04-23 20:26:59.830729+00:00,66,0.99,0.01,no,KXFEDDECISION-26APR-H0,69bdc9ad-7979-77ba-9e86-e4551f1f0277
2026-04-23 21:18:57.410136+00:00,467.59,0.99,0.01,no,KXFEDDECISION-26APR-H0,19c7cd8f-9fb1-5876-8421-3147c3d9e45f
2026-04-23 21:19:15.863199+00:00,467.59,0.99,0.01,no,KXFEDDECISION-26APR-H0,2e69c4eb-4e49-7b3a-924f-ee1641065c2b
2026-04-23 21:30:16.631049+00:00,93.51,0.99,0.01,no,KXFEDDECISION-26APR-H0,4343e01c-e21d-44be-7736-d656446623b3
2026-04-23 21:43:18.416954+00:00,57,0.99,0.01,no,KXFEDDECISION-26APR-H0,fa847d16-4449-4c7e-92e3-ba77ed2cc243
2026-04-23 21:53:13.782279+00:00,5.09,0.99,0.01,no,KXFEDDECISION-26APR-H0,4256a5a3-3969-56b2-d863-ce5c2d6318db
2026-04-23 21:53:36.077994+00:00,187.03,0.99,0.01,no,KXFEDDECISION-26APR-H0,476fdbe4-1a55-6826-89ca-d08a28797e8b
2026-04-23 22:03:47.226174+00:00,33,0.99,0.01,no,KXFEDDECISION-26APR-H0,fa539015-6771-6b86-8537-fec0febe8dff
2026-04-23 22:06:30.847599+00:00,200,0.99,0.01,no,KXFEDDECISION-26APR-H0,ab29e04a-5dd1-407a-e89b-6e0d6a91df13
2026-04-23 22:11:19.305979+00:00,935.19,0.99,0.01,no,KXFEDDECISION-26APR-H0,ed7556d4-5d99-7a72-e3f2-eabe63cfc133
2026-04-23 22:13:14.600808+00:00,200,0.99,0.01,no,KXFEDDECISION-26APR-H0,8e8cd329-c855-583e-cd55-c1d0c6bc554f
2026-04-23 22:32:44.490104+00:00,2000,0.99,0.01,no,KXFEDDECISION-26APR-H0,4882f2fb-19b5-566e-2a4d-015ad641918b
2026-04-23 22:35:28.677994+00:00,9351.91,0.99,0.01,no,KXFEDDECISION-26APR-H0,f62189be-262d-5f86-70d3-6ddfc2c84c0f
2026-04-23 22:49:38.070590+00:00,467.59,0.99,0.01,no,KXFEDDECISION-26APR-H0,d8b901b5-21f9-6b42-4934-e5ce02123f1f
2026-04-23 22:50:38.570387+00:00,93.51,0.99,0.01,no,KXFEDDECISION-26APR-H0,db965f3d-4c8d-4c06-6abf-f4524db7a183
2026-04-23 23:00:51.794824+00:00,10.09,0.99,0.01,no,KXFEDDECISION-26APR-H0,0e1d08e7-d3a5-66ce-b127-6d6dcaa53abf
2026-04-23 23:04:10.556571+00:00,93.51,0.99,0.01,no,KXFEDDECISION-26APR-H0,6c99f762-2acd-791a-fc6c-51ae87eff43f
2026-04-23 23:05:57.933870+00:00,93,0.99,0.01,no,KXFEDDECISION-26APR-H0,83563c7e-33b9-5276-c330-73f21c5346af
2026-04-23 23:29:54.820499+00:00,93.51,0.99,0.01,no,KXFEDDECISION-26APR-H0,48771bf5-6d31-5726-43b0-c371c5c168cb
2026-04-23 23:35:37.450576+00:00,19,0.99,0.01,no,KXFEDDECISION-26APR-H0,85d6cd77-0919-68ba-950a-c114263b79a3
2026-04-23 23:43:12.116277+00:00,500,0.99,0.01,no,KXFEDDECISION-26APR-H0,89063179-509d-7e46-0881-bda101881efb
2026-04-23 23:44:24.654916+00:00,5,0.99,0.01,no,KXFEDDECISION-26APR-H0,008acb49-68d9-5d82-a335-13c9a1f68d13
2026-04-24 00:16:54.108503+00:00,6,0.99,0.01,no,KXFEDDECISION-26APR-H0,c736e72e-e589-5e52-602b-ba384581b467
2026-04-24 00:33:51.767156+00:00,90,0.99,0.01,no,KXFEDDECISION-26APR-H0,45999426-46fd-533a-499f-875b6056a57b
2026-04-24 00:40:34.984681+00:00,104,0.99,0.01,no,KXFEDDECISION-26APR-H0,6650b30a-35fd-56fe-e489-484cdbba8eeb
2026-04-24 00:54:58.775301+00:00,167,0.99,0.01,no,KXFEDDECISION-26APR-H0,32a81968-1d01-4e72-1b93-6050561ffd67
2026-04-24 01:00:37.320823+00:00,935.19,0.99,0.01,no,KXFEDDECISION-26APR-H0,9d748cba-6455-555a-aeda-60d9814ad9df
2026-04-24 01:13:17.116089+00:00,33,0.99,0.01,no,KXFEDDECISION-26APR-H0,8688ba46-17c5-7e42-7cbc-7fcd6e7672cb
2026-04-24 01:32:45.272319+00:00,4,0.99,0.01,no,KXFEDDECISION-26APR-H0,b6d091f7-5379-4ad2-84f7-8186c3b909cf
2026-04-24 01:38:32.654434+00:00,280,0.99,0.01,no,KXFEDDECISION-26APR-H0,25a8f05a-da05-6002-dfcd-efd013e828bb
2026-04-24 01:43:57.625246+00:00,93.51,0.99,0.01,no,KXFEDDECISION-26APR-H0,1f812d36-0731-7242-fa39-87fa8e171a3f
2026-04-24 02:21:50.289220+00:00,3.02,0.99,0.01,no,KXFEDDECISION-26APR-H0,8bce38b7-2f05-4f9a-2e4c-8f9f61e3ca43
2026-04-24 02:22:20.179802+00:00,6,0.99,0.01,no,KXFEDDECISION-26APR-H0,73bfd261-bc79-6f4a-8d62-68d22d48ed93
2026-04-24 02:40:05.758064+00:00,935.19,0.99,0.01,no,KXFEDDECISION-26APR-H0,784ce104-e025-6b36-76bc-0b50d3ad4bbf
2026-04-24 02:42:52.490914+00:00,166,0.99,0.01,no,KXFEDDECISION-26APR-H0,7a12f97d-1631-700e-6ebe-a88be45db09f
2026-04-24 03:57:29.769512+00:00,112.22,0.99,0.01,no,KXFEDDECISION-26APR-H0,4d27d9de-7365-7936-c8c6-8e26755da737
2026-04-24 03:59:19.184338+00:00,100,0.99,0.01,no,KXFEDDECISION-26APR-H0,d55f434e-f029-5d0e-82ee-bfbfa21c1b8b
2026-04-24 04:05:39.851233+00:00,187.03,0.99,0.01,no,KXFEDDECISION-26APR-H0,c652cedd-0dcd-7f9e-2d02-ec89ca171293
2026-04-24 04:35:08.150139+00:00,93.51,0.99,0.01,no,KXFEDDECISION-26APR-H0,d751f8a4-eb5d-51c2-5c15-fc30c76e7edb
2026-04-24 04:50:01.799717+00:00,100,0.99,0.01,no,KXFEDDECISION-26APR-H0,ac754a65-8869-51a6-f372-8fe882ad965b
2026-04-24 05:08:16.583458+00:00,467.59,0.99,0.01,no,KXFEDDECISION-26APR-H0,700f948a-6cc5-643a-0a57-49c782e4efaf
2026-04-24 05:43:29.619341+00:00,9351,0.99,0.01,no,KXFEDDECISION-26APR-H0,6e4118d9-35b9-7092-be8f-40389072d04f
2026-04-24 05:45:00.255217+00:00,187.03,0.99,0.01,no,KXFEDDECISION-26APR-H0,b2ddcb54-6385-553a-1dd1-72a73b205f8f
2026-04-24 05:51:04.711870+00:00,140.27,0.99,0.01,no,KXFEDDECISION-26APR-H0,96ee06b0-fd29-7df2-a371-8008da0612e7
2026-04-24 06:05:36.159881+00:00,33,0.99,0.01,no,KXFEDDECISION-26APR-H0,9eec28d3-6795-4dfe-f248-a9eca54e06b3
2026-04-24 06:58:18.316950+00:00,935.19,0.99,0.01,no,KXFEDDECISION-26APR-H0,10ad66a5-d981-608e-9928-ac02e07c6463
2026-04-24 08:46:45.649950+00:00,2798.66,0.99,0.01,no,KXFEDDECISION-26APR-H0,23fe119d-e2e1-619e-d82e-301faecb9293
2026-04-24 08:46:52.017996+00:00,93.51,0.99,0.01,no,KXFEDDECISION-26APR-H0,23541424-b4d9-76e6-0099-6d31067b3503
2026-04-24 08:51:30.347556+00:00,1237,0.99,0.01,no,KXFEDDECISION-26APR-H0,86c29a44-f5e5-7722-92e6-291956b01453
2026-04-24 10:38:46.010616+00:00,1,0.99,0.01,no,KXFEDDECISION-26APR-H0,dead6ff6-02c5-41de-f56c-969e84e8f017
2026-04-24 11:24:33.489502+00:00,166.33,0.99,0.01,no,KXFEDDECISION-26APR-H0,ff921525-57d9-63de-68fd-e03fd5894c53
2026-04-24 11:30:33.266062+00:00,5000,0.99,0.01,no,KXFEDDECISION-26APR-H0,173fa8d0-bbe5-7f06-ec02-a42b6958ed23
2026-04-24 11:44:19.884542+00:00,4000,0.99,0.01,no,KXFEDDECISION-26APR-H0,48123a47-8391-4b82-7852-1faacaa797a3
2026-04-24 12:04:48.846706+00:00,374.07,0.99,0.01,no,KXFEDDECISION-26APR-H0,714b6caa-b959-6542-b073-a00b2eaa22df
2026-04-24 12:17:28.024665+00:00,18610.3,0.99,0.01,no,KXFEDDECISION-26APR-H0,a2ce9bde-7e31-650a-94a7-4feb7d2199bf
2026-04-24 12:20:49.721514+00:00,100,0.99,0.01,no,KXFEDDECISION-26APR-H0,8ba75495-a7cd-538a-1299-f6ca13999b2b
2026-04-24 12:43:46.016881+00:00,10,0.99,0.01,no,KXFEDDECISION-26APR-H0,e01b84b1-da51-5ab6-4a84-81fc004279f3
2026-04-24 13:52:15.417144+00:00,2000,0.99,0.01,no,KXFEDDECISION-26APR-H0,c0bdae63-0a21-526e-ec43-af24824046af
2026-04-24 13:59:20.435990+00:00,228,0.99,0.01,no,KXFEDDECISION-26APR-H0,256cf97d-bda5-7af6-c973-bb6e74af256b
2026-04-24 14:20:33.110128+00:00,500,0.99,0.01,no,KXFEDDECISION-26APR-H0,499d758e-a1f9-4fc2-030d-894aedc31177
2026-04-24 14:36:43.661093+00:00,467.59,0.99,0.01,no,KXFEDDECISION-26APR-H0,6bf87e76-9cf1-66e2-110b-14ff4b095ba3
2026-04-24 15:03:49.570768+00:00,7.33,0.99,0.01,no,KXFEDDECISION-26APR-H0,fefd462a-8e09-79c6-593e-8b986c58dffb
2026-04-24 15:09:30.123591+00:00,8.09,0.99,0.01,no,KXFEDDECISION-26APR-H0,0d32ab5d-4ca9-7a3a-9fd5-4307562c706b
2026-04-24 15:15:43.392630+00:00,33,0.99,0.01,no,KXFEDDECISION-26APR-H0,77ec5e74-8ced-5c7e-b1d9-b87953b827ff
2026-04-24 15:16:06.030961+00:00,1,0.99,0.01,no,KXFEDDECISION-26APR-H0,9fe35aa8-3f71-4ee2-9cde-37e6ddc20017
2026-04-24 15:16:59.038908+00:00,500,0.99,0.01,no,KXFEDDECISION-26APR-H0,c718b60b-1e85-5cca-6e0e-701947468e13
2026-04-24 15:24:40.605649+00:00,33,0.99,0.01,no,KXFEDDECISION-26APR-H0,54254f8f-ccc9-579e-6fd3-3e59146b523b
2026-04-24 15:47:10.546481+00:00,780,0.99,0.01,no,KXFEDDECISION-26APR-H0,3dfc73b5-ebe5-645a-ad95-cc297b17d67b
2026-04-24 15:47:12.187930+00:00,2337.97,0.99,0.01,no,KXFEDDECISION-26APR-H0,919c4d54-c699-4c12-02c5-531e0d0c4007
2026-04-24 15:50:38.113546+00:00,2337.97,0.99,0.01,no,KXFEDDECISION-26APR-H0,ccaefba4-53e9-6302-624d-341a38e794a3
2026-04-24 16:00:42.262936+00:00,419,0.99,0.01,no,KXFEDDECISION-26APR-H0,d8dd9bbf-4c49-546e-ae02-b20f81e4963b
2026-04-24 16:01:14.152214+00:00,666,0.99,0.01,no,KXFEDDECISION-26APR-H0,b97b84d1-fb65-56de-e660-e890e0e47c2b
2026-04-24 16:11:14.452805+00:00,605.06,0.99,0.01,no,KXFEDDECISION-26APR-H0,6958bad0-463d-7556-affa-8ee39e6b4bcb
2026-04-24 16:26:02.602082+00:00,9,0.99,0.01,no,KXFEDDECISION-26APR-H0,71c694a9-1f01-609a-9f55-8cdacb8ab237
2026-04-24 16:26:38.784105+00:00,1666,0.99,0.01,no,KXFEDDECISION-26APR-H0,ba6d15ae-1cb9-70ea-ebc7-112cf0615ecf
2026-04-24 16:27:19.726907+00:00,1666,0.99,0.01,no,KXFEDDECISION-26APR-H0,433f76c7-57d1-743a-fc70-1fbd1e273523
2026-04-24 16:59:51.352360+00:00,500,0.99,0.01,no,KXFEDDECISION-26APR-H0,5eb122e9-0c99-7d16-ddff-6d0f913c2f7f
2026-04-24 17:08:29.733861+00:00,935.19,0.99,0.01,no,KXFEDDECISION-26APR-H0,867fe82e-eb85-559e-4e04-086c07b1220f
2026-04-24 17:29:12.326727+00:00,935.19,0.99,0.01,no,KXFEDDECISION-26APR-H0,962ddad7-956d-580a-b7e0-7b44e93cd7c3
2026-04-24 17:42:31.127277+00:00,93.51,0.99,0.01,no,KXFEDDECISION-26APR-H0,da77bace-ec91-58e6-39de-6f0b0c343e63
2026-04-24 17:42:47.574933+00:00,9.35,0.99,0.01,no,KXFEDDECISION-26APR-H0,a812dd06-bde5-60b2-515a-d7f237433b3b
2026-04-24 17:52:20.122802+00:00,2,0.99,0.01,no,KXFEDDECISION-26APR-H0,9ffe95dd-3229-64de-39ec-c52678c89edf
2026-04-24 17:57:22.432743+00:00,935.19,0.99,0.01,no,KXFEDDECISION-26APR-H0,cf9d90df-42a1-56da-b75b-9c510f34ca0b
2026-04-24 18:06:56.740321+00:00,2337.66,0.99,0.01,no,KXFEDDECISION-26APR-H0,7c7e056d-aafd-4b0a-747e-a5fd1dfccedb
2026-04-24 18:35:15.762143+00:00,166,0.99,0.01,no,KXFEDDECISION-26APR-H0,13a9d2ac-9521-446e-8761-8de305682aa7
2026-04-24 18:36:11.692884+00:00,66,0.99,0.01,no,KXFEDDECISION-26APR-H0,da7ea8b0-a7c1-4742-1ad7-a83ee1303007
2026-04-24 19:04:08.407194+00:00,1589.82,0.99,0.01,no,KXFEDDECISION-26APR-H0,2e5cc9bd-f259-7a36-f48f-10889e72c26f
2026-04-24 19:16:52.411493+00:00,3333,0.99,0.01,no,KXFEDDECISION-26APR-H0,e7e7f900-35d9-45ba-fe80-6a37d342cb13
2026-04-24 19:18:04.617301+00:00,3000,0.99,0.01,no,KXFEDDECISION-26APR-H0,1ea3a274-d7e5-5596-c2d2-22b9c0097d37
2026-04-24 19:19:25.633269+00:00,1500,0.99,0.01,no,KXFEDDECISION-26APR-H0,22f98ce4-3285-420e-b14f-fc5d25f0e287
2026-04-24 19:33:01.873858+00:00,700,0.99,0.01,no,KXFEDDECISION-26APR-H0,f7e0a885-a4f5-44b2-a684-c913071895ef
2026-04-24 19:37:06.144307+00:00,501.26,0.99,0.01,no,KXFEDDECISION-26APR-H0,cf56c189-a009-6fe6-5ce3-e7fa6c06e5ef
2026-04-24 19:40:18.377525+00:00,1870.38,0.99,0.01,no,KXFEDDECISION-26APR-H0,b2269527-ae09-667e-00ea-1ad48f9d38af
2026-04-24 19:47:50.734802+00:00,1,0.99,0.01,no,KXFEDDECISION-26APR-H0,13c60d3d-9e9d-5322-8450-7f8f69ca5d3b
2026-04-24 20:16:28.465854+00:00,85,0.99,0.01,no,KXFEDDECISION-26APR-H0,480de10f-6ae5-4aaa-4ee7-8049e8174dbf
2026-04-24 20:22:08.895505+00:00,67,0.99,0.01,no,KXFEDDECISION-26APR-H0,03dd4050-1c05-4c9a-7fd1-1b118273448b
2026-04-24 20:49:41.859297+00:00,1,0.99,0.01,no,KXFEDDECISION-26APR-H0,6e31783c-4231-420a-c62f-cd03c9d0a643
2026-04-24 20:54:22.268066+00:00,1,0.99,0.01,no,KXFEDDECISION-26APR-H0,482f929e-16e9-4aca-4f1d-61c99cebc55b
2026-04-24 21:04:36.039873+00:00,1402.78,0.99,0.01,no,KXFEDDECISION-26APR-H0,3f1201a9-b64d-5c92-27da-e5da124c9183
2026-04-24 21:35:57.293408+00:00,61,0.99,0.01,no,KXFEDDECISION-26APR-H0,18ef8ab6-e2ad-6302-2b37-838ab5690d7b
2026-04-24 21:41:56.058719+00:00,467.59,0.99,0.01,no,KXFEDDECISION-26APR-H0,285c9dd6-c109-4f2e-6df6-973f583cc693
2026-04-24 22:13:57.216186+00:00,11222.29,0.99,0.01,no,KXFEDDECISION-26APR-H0,f48caef9-e3f5-7d2e-09bb-c64b65b9ee93
2026-04-24 22:31:11.725688+00:00,14,0.99,0.01,no,KXFEDDECISION-26APR-H0,28e0531a-fb15-461e-4900-7641d2606a17
2026-04-24 22:34:11.953948+00:00,2.03,0.99,0.01,no,KXFEDDECISION-26APR-H0,74f124e4-1c19-4f1e-7387-62499daa5587
2026-04-24 22:51:08.371263+00:00,33,0.99,0.01,no,KXFEDDECISION-26APR-H0,933c2df1-1d99-5c8a-8f4c-74a77f8c39cb
2026-04-24 23:00:59.581407+00:00,1,0.99,0.01,no,KXFEDDECISION-26APR-H0,b9a630a6-a951-574a-a2b1-c15b55edb50b
2026-04-24 23:06:17.533607+00:00,154,0.99,0.01,no,KXFEDDECISION-26APR-H0,89c26ae7-1bd9-6b56-f203-2071c79a69e7
2026-04-24 23:08:56.367821+00:00,833,0.99,0.01,no,KXFEDDECISION-26APR-H0,758e4c74-fa95-683a-193b-67d70676c4db
2026-04-24 23:10:07.489290+00:00,9.35,0.99,0.01,no,KXFEDDECISION-26APR-H0,6defb448-b7f1-4bc6-3d50-2cc91c29b723
2026-04-24 23:31:32.429478+00:00,333,0.99,0.01,no,KXFEDDECISION-26APR-H0,f45d9809-b02d-56aa-590a-028a3e9c7c2b
2026-04-25 00:01:08.288573+00:00,66,0.99,0.01,no,KXFEDDECISION-26APR-H0,4d9a7b3c-efe5-6006-1e26-5ee97e9d1c23
2026-04-25 00:28:13.217093+00:00,4675.95,0.99,0.01,no,KXFEDDECISION-26APR-H0,a3e6bd5f-97b9-77f2-8c34-555d0cd0ee37
2026-04-25 00:41:48.207640+00:00,100,0.99,0.01,no,KXFEDDECISION-26APR-H0,3126e624-85a5-4c36-2c42-afaf2b3d64bb
2026-04-25 00:57:55.651889+00:00,93.51,0.99,0.01,no,KXFEDDECISION-26APR-H0,d64507cb-e949-51a6-0fbc-b108e847118b
2026-04-25 00:57:59.400294+00:00,10,0.99,0.01,no,KXFEDDECISION-26APR-H0,aebe48fe-c991-7502-b5f6-acd43a552be3
2026-04-25 01:34:10.959529+00:00,93.51,0.99,0.01,no,KXFEDDECISION-26APR-H0,2b7aa3df-b229-53a2-9e0c-22d7c9a760bb
2026-04-25 01:42:38.045419+00:00,100,0.99,0.01,no,KXFEDDECISION-26APR-H0,0f8cda0d-5e61-428a-1979-8217b3eb95e3
2026-04-25 01:46:30.675457+00:00,46759,0.99,0.01,no,KXFEDDECISION-26APR-H0,95a28bf1-d361-7efe-ecfe-bd1624a0e173
2026-04-25 01:58:42.079953+00:00,33,0.99,0.01,no,KXFEDDECISION-26APR-H0,bff6dcfd-c8bd-5cd6-01db-1ff8de3e4ca7
2026-04-25 02:00:50.146068+00:00,10.18,0.99,0.01,no,KXFEDDECISION-26APR-H0,4454879e-34ad-6d6e-08b3-bc206827a07f
2026-04-25 02:02:38.292368+00:00,5.04,0.99,0.01,no,KXFEDDECISION-26APR-H0,eccae02f-a87d-6f72-f602-53a9f19ee85f
2026-04-25 02:09:05.682668+00:00,467,0.99,0.01,no,KXFEDDECISION-26APR-H0,f6af50ba-d6ad-6cd6-7940-4fa7d1e9fbb3
2026-04-25 02:09:52.407461+00:00,1666,0.99,0.01,no,KXFEDDECISION-26APR-H0,13b6ba89-5d89-7b76-6cf6-20c6721ec647
2026-04-25 02:10:21.905157+00:00,1666,0.99,0.01,no,KXFEDDECISION-26APR-H0,63506369-2b59-6fea-0725-a51760671337
2026-04-25 02:12:02.976690+00:00,1,0.99,0.01,no,KXFEDDECISION-26APR-H0,acc6782c-0f31-713a-4ad8-9e904d65d3ab
2026-04-25 02:24:01.265433+00:00,417,0.99,0.01,no,KXFEDDECISION-26APR-H0,9956a3f1-628d-7efa-8227-04cfedc67b33
2026-04-25 02:25:04.955475+00:00,9.35,0.99,0.01,no,KXFEDDECISION-26APR-H0,0bcd4f27-5249-4642-2934-6d4fbe708313
2026-04-25 02:26:07.701999+00:00,10.18,0.99,0.01,no,KXFEDDECISION-26APR-H0,9c6ffc2b-36dd-7af2-4249-d917c37bb0f3
2026-04-25 02:51:35.504129+00:00,1,0.99,0.01,no,KXFEDDECISION-26APR-H0,e5dd2ac0-4231-54fe-0799-dc793cc007bf
2026-04-25 02:57:05.027165+00:00,93.51,0.99,0.01,no,KXFEDDECISION-26APR-H0,0c96c8d2-8689-5b4e-779f-c6eb9f0f2a2b
2026-04-25 03:13:11.202727+00:00,935.19,0.99,0.01,no,KXFEDDECISION-26APR-H0,d63aecf4-d5e1-5f72-69b1-86f91ebc3f03
2026-04-25 03:20:47.690305+00:00,93.51,0.99,0.01,no,KXFEDDECISION-26APR-H0,5a0c08cf-6cc5-7b12-73ee-fe6633292b5f
2026-04-25 03:21:18.159483+00:00,935.19,0.99,0.01,no,KXFEDDECISION-26APR-H0,86d04dac-f375-6b66-4a33-b89c5211afcf
2026-04-25 03:26:52.486076+00:00,23.37,0.99,0.01,no,KXFEDDECISION-26APR-H0,cfdbe235-7231-4a92-7d0d-26efb6183893
2026-04-25 04:07:48.707328+00:00,166,0.99,0.01,no,KXFEDDECISION-26APR-H0,b88f0250-2409-5822-8dd5-068aeb7c350f
2026-04-25 04:23:55.837819+00:00,93.51,0.99,0.01,no,KXFEDDECISION-26APR-H0,997562ba-b93d-415a-ea82-be23009586df
2026-04-25 04:30:54.176378+00:00,15000,0.99,0.01,no,KXFEDDECISION-26APR-H0,be5d83c8-8ee9-52ca-2f85-6980f7a4ce6f
2026-04-25 05:02:12.118121+00:00,25.23,0.99,0.01,no,KXFEDDECISION-26APR-H0,3e22399e-e3f5-5e96-a2f8-fd9ad43f58f3
2026-04-25 05:47:49.898155+00:00,33,0.99,0.01,no,KXFEDDECISION-26APR-H0,28de3476-cc85-5f4e-8498-42a25f9b2677
2026-04-25 05:53:08.635331+00:00,561.11,0.99,0.01,no,KXFEDDECISION-26APR-H0,4212e5ba-4079-470a-b83a-bfa61078d3e7
2026-04-25 06:35:26.988340+00:00,100,0.99,0.01,no,KXFEDDECISION-26APR-H0,b3e7e5ce-ade9-512a-1bfb-b46b232d018f
2026-04-25 07:22:21.526036+00:00,500,0.99,0.01,no,KXFEDDECISION-26APR-H0,8afbbd5f-17dd-5322-3b04-2644dfe1823f
2026-04-25 07:39:46.333229+00:00,1402.78,0.99,0.01,no,KXFEDDECISION-26APR-H0,c39ee3c0-2571-61fe-dd16-bcb70699ab0f
2026-04-25 07:56:22.790308+00:00,2600,0.99,0.01,no,KXFEDDECISION-26APR-H0,0fcb25b3-12c9-644a-fb73-149d4ccb13e7
2026-04-25 08:14:49.161921+00:00,33,0.99,0.01,no,KXFEDDECISION-26APR-H0,62d7444f-4501-6726-0a7a-296455c63b67
2026-04-25 09:01:32.930175+00:00,2,0.99,0.01,no,KXFEDDECISION-26APR-H0,eb4b1c89-3c55-5ba2-26ce-272bbe59ad67
2026-04-25 10:04:25.269879+00:00,333,0.99,0.01,no,KXFEDDECISION-26APR-H0,7fa123c5-7b25-7bca-a9f1-5771aed82ac3
2026-04-25 12:40:40.455617+00:00,166,0.99,0.01,no,KXFEDDECISION-26APR-H0,aa5cdcdd-5dcd-4dd2-52ca-27728fc053f7
2026-04-25 12:53:57.903621+00:00,3,0.99,0.01,no,KXFEDDECISION-26APR-H0,52745b5f-3e65-4366-b12b-09a1415debf7
2026-04-25 13:06:35.961869+00:00,100,0.99,0.01,no,KXFEDDECISION-26APR-H0,829dc46a-bc11-703e-306b-0f8a13b0f713
2026-04-25 13:23:09.180406+00:00,24,0.99,0.01,no,KXFEDDECISION-26APR-H0,2b7fc18c-a9e5-5e0e-3c3f-20b213a9cdfb
2026-04-25 13:52:20.608540+00:00,93.51,0.99,0.01,no,KXFEDDECISION-26APR-H0,3bf47504-266d-5256-3ce2-619e9f530657
2026-04-25 14:26:34.938323+00:00,1870.38,0.99,0.01,no,KXFEDDECISION-26APR-H0,6d47b232-4849-40fe-a679-8261862141d3
2026-04-25 14:29:08.772257+00:00,9.35,0.99,0.01,no,KXFEDDECISION-26APR-H0,f2550813-c1a9-4f0a-7287-6f2ae7348a1b
2026-04-25 14:31:15.938680+00:00,20.18,0.99,0.01,no,KXFEDDECISION-26APR-H0,c17031d7-a5e9-52da-d583-6559b9c2dbcf
2026-04-25 15:02:15.326867+00:00,100,0.99,0.01,no,KXFEDDECISION-26APR-H0,f6e7b0b7-0ed5-77b6-a41f-857a9e7de653
2026-04-25 15:56:23.348093+00:00,166,0.99,0.01,no,KXFEDDECISION-26APR-H0,ede7df8a-97e1-7ef2-2015-7ba28d8ce6e3
2026-04-25 16:00:41.584653+00:00,1,0.99,0.01,no,KXFEDDECISION-26APR-H0,c0dda63d-1f25-406e-36fe-145ad3276a9f
2026-04-25 16:01:52.197558+00:00,12,0.99,0.01,no,KXFEDDECISION-26APR-H0,e092bd18-9c09-573a-bb43-1ee51b7f411f
2026-04-25 16:36:20.512645+00:00,12,0.99,0.01,no,KXFEDDECISION-26APR-H0,3c0eac66-046d-7996-8461-3ad73c96c6db
2026-04-25 16:44:10.939703+00:00,93.51,0.99,0.01,no,KXFEDDECISION-26APR-H0,96091621-f585-6626-b0b1-22e389c429c3
2026-04-25 16:46:58.379441+00:00,93.51,0.99,0.01,no,KXFEDDECISION-26APR-H0,d1efd356-0bc9-646a-995d-bc1cd0db3c97
2026-04-25 17:20:44.105221+00:00,33,0.99,0.01,no,KXFEDDECISION-26APR-H0,2bc88119-3a05-5522-3b94-28461b5e5beb
2026-04-25 17:28:27.116036+00:00,3,0.99,0.01,no,KXFEDDECISION-26APR-H0,02e22373-4385-47ae-04f7-f9a949348147
2026-04-25 17:34:31.156760+00:00,200,0.99,0.01,no,KXFEDDECISION-26APR-H0,243ecd82-d6e5-52ae-b698-0e2b8e566f23
2026-04-25 18:09:33.089349+00:00,33,0.99,0.01,no,KXFEDDECISION-26APR-H0,664c4ce7-8c95-561a-92ac-4049983bb7b7
2026-04-25 18:20:28.076420+00:00,333,0.99,0.01,no,KXFEDDECISION-26APR-H0,935dfd1a-777d-7022-66b6-4ee3ea4475cb
2026-04-25 18:30:41.507150+00:00,500,0.99,0.01,no,KXFEDDECISION-26APR-H0,6822b86c-f6e1-537e-cc10-caef15dccc2b
2026-04-25 18:42:28.120609+00:00,9,0.99,0.01,no,KXFEDDECISION-26APR-H0,dd288f8c-d42d-7946-3c99-8f36e29b291b
2026-04-25 18:44:33.233737+00:00,333,0.99,0.01,no,KXFEDDECISION-26APR-H0,58bb5e7a-0af1-59ce-92b8-f8771c14e9d7
2026-04-25 19:21:10.958965+00:00,500,0.99,0.01,no,KXFEDDECISION-26APR-H0,5525e2b5-32f1-51b6-df37-0f6f7d53160b
2026-04-25 19:38:25.203802+00:00,16,0.99,0.01,no,KXFEDDECISION-26APR-H0,84b6b6b0-d6ad-5822-997f-b2610a8daddf
2026-04-25 19:53:40.733402+00:00,23.37,0.99,0.01,no,KXFEDDECISION-26APR-H0,a04fff11-50f9-6696-2d90-366f21d09973
2026-04-25 20:00:04.443670+00:00,1666,0.99,0.01,no,KXFEDDECISION-26APR-H0,7d6a4321-aeed-5396-4f32-afc1f09df9df
2026-04-25 20:03:28.596811+00:00,3333,0.99,0.01,no,KXFEDDECISION-26APR-H0,cf2756e6-e025-5666-3109-bf879ef20fd7
2026-04-25 20:06:24.598409+00:00,3333,0.99,0.01,no,KXFEDDECISION-26APR-H0,92ec206f-774d-5652-3993-a6fe890294ab
2026-04-25 20:14:02.897215+00:00,841.67,0.99,0.01,no,KXFEDDECISION-26APR-H0,83c3657c-71c1-791a-0910-e82e9214ba4f
2026-04-25 20:16:56.261126+00:00,3.02,0.99,0.01,no,KXFEDDECISION-26APR-H0,6f9d411c-d169-782e-0811-bb05c587becf
2026-04-25 20:42:35.376156+00:00,33,0.99,0.01,no,KXFEDDECISION-26APR-H0,30403e20-bc11-4372-182f-268d13feab6f
2026-04-25 20:50:22.857911+00:00,91,0.99,0.01,no,KXFEDDECISION-26APR-H0,5e471d51-06b9-745e-fa01-a56edf420e9b
2026-04-25 21:11:31.806499+00:00,500,0.99,0.01,no,KXFEDDECISION-26APR-H0,7463ee86-0831-7712-8e9a-3e3c88051aff
2026-04-25 21:12:37.390900+00:00,33,0.99,0.01,no,KXFEDDECISION-26APR-H0,fa685c11-3761-494a-ff11-be84c336f12f
2026-04-25 21:21:45.733476+00:00,485,0.99,0.01,no,KXFEDDECISION-26APR-H0,6824ee8c-b511-77da-67a9-5c567876637f
2026-04-25 21:41:43.847884+00:00,33,0.99,0.01,no,KXFEDDECISION-26APR-H0,5a789edd-0cb1-5736-1d52-a2b56cd112fb
2026-04-25 21:46:30.751747+00:00,1.01,0.99,0.01,no,KXFEDDECISION-26APR-H0,4c6142bc-eccd-5726-f9e1-22d4869fc2ff
2026-04-25 22:29:25.436137+00:00,125,0.99,0.01,no,KXFEDDECISION-26APR-H0,76919dd8-6355-64f2-6baa-590942b4fd63
2026-04-25 22:37:46.703142+00:00,23454.59,0.99,0.01,no,KXFEDDECISION-26APR-H0,35da03fb-0381-6e02-bf3b-b129612c280b
2026-04-25 22:44:42.562047+00:00,100,0.99,0.01,no,KXFEDDECISION-26APR-H0,7bf8401d-7c95-4b5a-087b-9ca411a70a2b
2026-04-25 23:13:01.629315+00:00,10.18,0.99,0.01,no,KXFEDDECISION-26APR-H0,94b65dbf-e835-6066-dc56-9e07fac30ebb
2026-04-25 23:18:20.579571+00:00,3333,0.99,0.01,no,KXFEDDECISION-26APR-H0,94540a9a-7a79-4e42-9428-9396fa97619b
2026-04-25 23:32:27.340787+00:00,666,0.99,0.01,no,KXFEDDECISION-26APR-H0,e3d605a2-7b9d-6dfa-40d5-c45fa3b6f4f7
2026-04-25 23:34:32.051969+00:00,54,0.99,0.01,no,KXFEDDECISION-26APR-H0,ebcdc915-426d-7e6a-e2c0-60af3fff21e3
2026-04-25 23:56:30.976931+00:00,20.18,0.99,0.01,no,KXFEDDECISION-26APR-H0,af339a5d-ea49-592e-fee6-19f8f46d3997
2026-04-26 00:48:45.885802+00:00,20,0.99,0.01,no,KXFEDDECISION-26APR-H0,56235159-1c05-4052-4baf-b62647e0235b
2026-04-26 01:01:04.429029+00:00,46.75,0.99,0.01,no,KXFEDDECISION-26APR-H0,0be40ae9-c991-7b6e-37c1-ff8e4d883caf
2026-04-26 01:09:01.977424+00:00,15,0.99,0.01,no,KXFEDDECISION-26APR-H0,79b8a769-7bb5-4bde-4d17-f9b1eaaad97b
2026-04-26 01:09:51.325094+00:00,250,0.99,0.01,no,KXFEDDECISION-26APR-H0,6b67afa8-3795-46a6-93a9-2c440ccd513b
2026-04-26 01:11:06.952319+00:00,46759,0.99,0.01,no,KXFEDDECISION-26APR-H0,62d0f2e8-49e1-45b6-6494-fccce130ae67
2026-04-26 01:24:35.602927+00:00,500,0.99,0.01,no,KXFEDDECISION-26APR-H0,e3c59149-d0f9-468e-c917-5c1b1e3fc1cb
2026-04-26 01:52:21.026881+00:00,705,0.99,0.01,no,KXFEDDECISION-26APR-H0,504e456a-0121-4f4a-9c7b-c4e0218d2e13
2026-04-26 02:16:05.706608+00:00,333,0.99,0.01,no,KXFEDDECISION-26APR-H0,49063c23-ec25-4b7e-b357-13a14b7705c3
2026-04-26 02:22:29.109840+00:00,5000,0.99,0.01,no,KXFEDDECISION-26APR-H0,3d1b5936-20e9-71a6-af36-ca072b87145b
2026-04-26 02:24:28.999448+00:00,93,0.99,0.01,no,KXFEDDECISION-26APR-H0,3683b0fa-adbd-52fe-8708-f9f38f9d6723
2026-04-26 02:46:26.445530+00:00,166.33,0.99,0.01,no,KXFEDDECISION-26APR-H0,fe209423-55a1-779e-3e25-ce69520fedcf
2026-04-26 03:01:21.537412+00:00,187.03,0.99,0.01,no,KXFEDDECISION-26APR-H0,54415de0-3df1-4baa-d925-cb2e4883c5ab
2026-04-26 03:13:31.152527+00:00,33,0.99,0.01,no,KXFEDDECISION-26APR-H0,93564bce-faa9-4a1e-d5d8-502eab7c0313
2026-04-26 03:14:22.419856+00:00,333,0.99,0.01,no,KXFEDDECISION-26APR-H0,5834c5fd-79d1-7182-1c54-02fa8a567c5b
2026-04-26 03:20:03.253871+00:00,935.19,0.99,0.01,no,KXFEDDECISION-26APR-H0,9a7ba478-3ef1-5ab6-3bf8-06142095cd77
2026-04-26 03:20:26.525239+00:00,500,0.99,0.01,no,KXFEDDECISION-26APR-H0,27eeab04-7cd9-77ae-cd1c-5f1e6a58d4fb
2026-04-26 04:15:01.169208+00:00,187.03,0.99,0.01,no,KXFEDDECISION-26APR-H0,cdd0ce4c-37a5-6532-69a1-3de88459fceb
2026-04-26 04:17:25.112587+00:00,93.51,0.99,0.01,no,KXFEDDECISION-26APR-H0,63b31878-afe5-7d4a-976a-4e9adbcea09b
2026-04-26 04:18:58.379937+00:00,93.51,0.99,0.01,no,KXFEDDECISION-26APR-H0,1d62de15-3b89-748e-f3b0-949258a1ca9b
2026-04-26 04:19:31.594691+00:00,33,0.99,0.01,no,KXFEDDECISION-26APR-H0,3bd15d97-9ccd-4ea2-c03f-1bfe9b9c6227
2026-04-26 04:26:56.082934+00:00,24,0.99,0.01,no,KXFEDDECISION-26APR-H0,88cc0241-b539-6e6e-66fa-2728c5a91a77
2026-04-26 04:38:39.696668+00:00,33,0.99,0.01,no,KXFEDDECISION-26APR-H0,69d5eb52-36a1-7d26-f44e-6e1556a4ee97
2026-04-26 05:01:02.132180+00:00,2833,0.99,0.01,no,KXFEDDECISION-26APR-H0,581eb58e-2b49-467a-9f63-2b903aa8b367
2026-04-26 06:00:28.286295+00:00,9351,0.99,0.01,no,KXFEDDECISION-26APR-H0,ba7207f4-49b5-472a-edb7-2813224378f7
2026-04-26 06:13:37.473511+00:00,33,0.99,0.01,no,KXFEDDECISION-26APR-H0,7dec3df5-e969-772e-b9ea-8915b7cba88b
2026-04-26 07:05:06.702787+00:00,333,0.99,0.01,no,KXFEDDECISION-26APR-H0,5fad5dad-5551-738a-0de8-40c4f4707a8f
2026-04-26 07:18:11.295116+00:00,66.33,0.99,0.01,no,KXFEDDECISION-26APR-H0,e726d7b4-722d-73ce-d703-3c021bc1b9b3
2026-04-26 07:43:40.901193+00:00,920.22,0.99,0.01,no,KXFEDDECISION-26APR-H0,bd3357ce-aa41-67ca-082b-a05343bf7d87
2026-04-26 08:01:59.803140+00:00,166,0.99,0.01,no,KXFEDDECISION-26APR-H0,96413134-79d5-67e6-e28c-4b62fa9bd91f
2026-04-26 08:24:37.594216+00:00,100,0.99,0.01,no,KXFEDDECISION-26APR-H0,46c7fb7f-3ccd-57ee-cf56-0183f5b96c13
2026-04-26 08:38:56.971366+00:00,25,0.99,0.01,no,KXFEDDECISION-26APR-H0,5d9db50b-c751-7afe-a01a-86cb79af8077
2026-04-26 08:40:57.217404+00:00,33,0.99,0.01,no,KXFEDDECISION-26APR-H0,6cfccdb1-1089-55d6-636d-5de00c7cb653
2026-04-26 09:58:01.443452+00:00,187.03,0.99,0.01,no,KXFEDDECISION-26APR-H0,ebeb54cd-78a1-559e-63ff-f4e3e847e453
2026-04-26 10:03:53.527824+00:00,1,0.99,0.01,no,KXFEDDECISION-26APR-H0,c0566737-c0f1-4f22-8d39-f259e43b9987
2026-04-26 10:25:16.425040+00:00,23,0.99,0.01,no,KXFEDDECISION-26APR-H0,034b1ffd-6e35-5396-4075-0b8cccdaf7ab
2026-04-26 11:33:53.318317+00:00,2244,0.99,0.01,no,KXFEDDECISION-26APR-H0,3a1a852b-e4b1-4ce2-8811-14211eea76af
2026-04-26 13:02:34.880719+00:00,20,0.99,0.01,no,KXFEDDECISION-26APR-H0,2eeff624-f055-4afa-d970-089b5bdc347b
2026-04-26 13:30:34.952728+00:00,500,0.99,0.01,no,KXFEDDECISION-26APR-H0,cfcf3d78-0e09-6846-bc98-11c769702757
2026-04-26 13:50:18.485999+00:00,166,0.99,0.01,no,KXFEDDECISION-26APR-H0,816d3f08-52ad-493e-6d25-265a25a5d53f
2026-04-26 14:14:12.625297+00:00,833,0.99,0.01,no,KXFEDDECISION-26APR-H0,b3fe9d17-b641-5da2-aebb-18309fab39e7
2026-04-26 14:33:28.788396+00:00,5000,0.99,0.01,no,KXFEDDECISION-26APR-H0,981d58af-1c69-44b6-c3ba-3a2ea1b28bc7
2026-04-26 14:41:53.659442+00:00,93.51,0.99,0.01,no,KXFEDDECISION-26APR-H0,6caa84a6-388d-614e-5455-ffb63cdc17d7
2026-04-26 15:26:16.786827+00:00,33,0.99,0.01,no,KXFEDDECISION-26APR-H0,d7e7de41-f619-475e-fd6e-41bc4dceee97
2026-04-26 15:35:57.575029+00:00,66,0.99,0.01,no,KXFEDDECISION-26APR-H0,92388297-bdf1-735e-9993-743cd4b3f383
2026-04-26 15:49:24.657622+00:00,1402.78,0.99,0.01,no,KXFEDDECISION-26APR-H0,ab51ef13-4f29-5ab2-abf0-348248e68873
2026-04-26 15:51:14.736540+00:00,166,0.99,0.01,no,KXFEDDECISION-26APR-H0,90b26002-92dd-7daa-b923-e3ac961017ef
2026-04-26 16:08:06.386661+00:00,1,0.99,0.01,no,KXFEDDECISION-26APR-H0,a21ed4ff-a905-6102-b3d7-2a202a3664db
2026-04-26 16:15:46.976061+00:00,666,0.99,0.01,no,KXFEDDECISION-26APR-H0,6e344b97-87c1-64c6-a062-cd58adf01387
2026-04-26 16:22:51.136441+00:00,1166.33,0.99,0.01,no,KXFEDDECISION-26APR-H0,276e1520-8405-77c2-f5da-423495cd879f
2026-04-26 17:04:09.123435+00:00,75,0.99,0.01,no,KXFEDDECISION-26APR-H0,9b5927fb-1e1d-4a3e-71e5-aad0816a7dbf
2026-04-26 17:37:38.907719+00:00,33,0.99,0.01,no,KXFEDDECISION-26APR-H0,623c3296-3a49-7a66-09a4-77d8259f35eb
2026-04-26 17:48:02.087346+00:00,166,0.99,0.01,no,KXFEDDECISION-26APR-H0,fa5b6d8e-2041-685a-a2d5-5ec2c60ac5d3
2026-04-26 17:56:17.766582+00:00,1870.38,0.99,0.01,no,KXFEDDECISION-26APR-H0,e35f1645-5b59-6af6-c2ce-919cb45c00bf
2026-04-26 18:03:08.687754+00:00,5000,0.99,0.01,no,KXFEDDECISION-26APR-H0,0dcebbb9-8e21-6a62-9649-9b9771ce176f
2026-04-26 18:23:19.688910+00:00,33,0.99,0.01,no,KXFEDDECISION-26APR-H0,38c431ae-6ab5-60e6-d29f-6ebc828dbf33
2026-04-26 18:35:00.208616+00:00,348,0.99,0.01,no,KXFEDDECISION-26APR-H0,267f8c1a-c649-691e-661b-aff08a718cf3
2026-04-26 18:43:59.194285+00:00,333,0.99,0.01,no,KXFEDDECISION-26APR-H0,0548ff0a-62f5-635e-b86c-2f776cefe86f
2026-04-26 18:55:13.948503+00:00,66,0.99,0.01,no,KXFEDDECISION-26APR-H0,6d012827-2581-5fce-92a0-670c6e7dab03
2026-04-26 19:15:58.648934+00:00,5.04,0.99,0.01,no,KXFEDDECISION-26APR-H0,cc5a12ee-ea69-5bea-d1ad-edb404486d07
2026-04-26 19:21:52.630132+00:00,9164.87,0.99,0.01,no,KXFEDDECISION-26APR-H0,7049b4bf-c0d9-5dd2-a61e-bd0bfe801cf3
2026-04-26 19:29:28.441845+00:00,10.09,0.99,0.01,no,KXFEDDECISION-26APR-H0,cb11406c-e879-704a-28f6-47570e2c77a7
2026-04-26 19:32:26.047350+00:00,935.19,0.99,0.01,no,KXFEDDECISION-26APR-H0,a98769ff-529d-79d2-f937-aa93474be8ff
2026-04-26 19:35:50.605922+00:00,1,0.99,0.01,no,KXFEDDECISION-26APR-H0,bdd41733-34b9-6dbe-f5c7-a13f9d40c3db
2026-04-26 19:42:18.919414+00:00,16,0.99,0.01,no,KXFEDDECISION-26APR-H0,d8ce1346-5329-4686-88b7-bb7d00f728cf
2026-04-26 19:59:21.431440+00:00,66,0.99,0.01,no,KXFEDDECISION-26APR-H0,e553fa3f-e0c5-620e-ca44-241b1f17bd9b
2026-04-26 20:20:06.115532+00:00,166,0.99,0.01,no,KXFEDDECISION-26APR-H0,7b4ed9f4-c081-422e-ce65-5ed65ee6b6bf
2026-04-26 20:39:16.631572+00:00,12.79,0.99,0.01,no,KXFEDDECISION-26APR-H0,a02d881c-8a2d-6a5a-12b7-6aecb60936db
2026-04-26 20:41:39.043065+00:00,16,0.99,0.01,no,KXFEDDECISION-26APR-H0,a39d4dfc-9059-47d2-5d45-74fc829b1b8f
2026-04-26 20:42:27.018016+00:00,333,0.99,0.01,no,KXFEDDECISION-26APR-H0,2921cf8b-8f75-4742-509f-fe16df9c1fcb
2026-04-26 20:57:52.083838+00:00,500,0.99,0.01,no,KXFEDDECISION-26APR-H0,d28e83e4-59d9-4c3e-4214-47606d76287b
2026-04-26 21:01:17.308623+00:00,93,0.99,0.01,no,KXFEDDECISION-26APR-H0,63045afd-6695-7e7a-d0ab-a565f6739a23
2026-04-26 21:08:11.641802+00:00,3333,0.99,0.01,no,KXFEDDECISION-26APR-H0,e503d16d-7bd5-4dce-5da9-579fdc750feb
2026-04-26 21:18:25.525823+00:00,2500,0.99,0.01,no,KXFEDDECISION-26APR-H0,a479f713-f7e9-448e-2caf-2e44630f1c0f
2026-04-26 21:19:00.166802+00:00,2500,0.99,0.01,no,KXFEDDECISION-26APR-H0,e97b5bf5-b7a1-422e-9255-d3214e7032e3
2026-04-26 21:20:27.604796+00:00,366,0.99,0.01,no,KXFEDDECISION-26APR-H0,7c9f7611-3235-695a-12d6-3ff55e3d047b
2026-04-26 21:21:35.228918+00:00,93.51,0.99,0.01,no,KXFEDDECISION-26APR-H0,0730f007-cffd-5bda-276d-b1600fbea2bb
2026-04-26 21:36:40.771969+00:00,133,0.99,0.01,no,KXFEDDECISION-26APR-H0,cf7bdd3c-c979-78da-d975-3e0781f01feb
2026-04-26 21:37:35.837058+00:00,93,0.99,0.01,no,KXFEDDECISION-26APR-H0,96022721-78d5-4e2e-447a-2c70d1bba273
2026-04-26 21:38:03.771163+00:00,93,0.99,0.01,no,KXFEDDECISION-26APR-H0,f3278044-aeb1-7852-985b-071c8c2e5db7
2026-04-26 21:41:08.068222+00:00,2337.97,0.99,0.01,no,KXFEDDECISION-26APR-H0,b9e48789-815d-6642-cb05-6de250862b4b
2026-04-26 22:07:54.549160+00:00,1,0.99,0.01,no,KXFEDDECISION-26APR-H0,30357b41-b675-7436-5c4b-16d26910da97
2026-04-26 22:11:04.585481+00:00,100,0.99,0.01,no,KXFEDDECISION-26APR-H0,5604bd49-860d-51c2-3cf1-96bca6d621ab
2026-04-26 22:16:12.212485+00:00,366,0.99,0.01,no,KXFEDDECISION-26APR-H0,03ea04af-b265-5362-0cc2-d6b5dc8944cb
2026-04-26 22:24:03.093542+00:00,467.59,0.99,0.01,no,KXFEDDECISION-26APR-H0,411ec205-8ac5-4dae-b313-0f5b745af9c7
2026-04-26 22:25:19.470732+00:00,93.51,0.99,0.01,no,KXFEDDECISION-26APR-H0,0a2523a0-2d79-6572-a900-addf82d40a53
2026-04-26 22:28:49.769580+00:00,33,0.99,0.01,no,KXFEDDECISION-26APR-H0,170b5ba1-ef81-7b76-3c65-bca6e090517b
2026-04-26 22:30:17.298233+00:00,2.01,0.99,0.01,no,KXFEDDECISION-26APR-H0,060d66e8-05d9-766e-273e-6eedee1dbd3b
2026-04-26 22:56:29.882310+00:00,3086.13,0.99,0.01,no,KXFEDDECISION-26APR-H0,9e12be1c-c10d-5b3e-322e-9b039e7ae2bb
2026-04-26 23:00:25.536099+00:00,33,0.99,0.01,no,KXFEDDECISION-26APR-H0,b7adf72c-e66d-55de-2798-ef33d1c08cab
2026-04-26 23:07:00.248838+00:00,166.33,0.99,0.01,no,KXFEDDECISION-26APR-H0,4b3c2abe-18e5-4536-3d50-7c231d2895d3
2026-04-26 23:18:13.396998+00:00,1,0.99,0.01,no,KXFEDDECISION-26APR-H0,428f1ac1-0af5-71f2-0b73-9c45b0e2a217
2026-04-26 23:19:42.263558+00:00,1666.33,0.99,0.01,no,KXFEDDECISION-26APR-H0,746a5cc9-3c11-6bb2-63f3-05f380bd68d7
2026-04-26 23:22:53.041605+00:00,467.59,0.99,0.01,no,KXFEDDECISION-26APR-H0,37f89d4d-bba9-5c02-567b-2206321c3867
2026-04-26 23:31:36.929392+00:00,666,0.99,0.01,no,KXFEDDECISION-26APR-H0,118e1be1-ec31-5882-c7fd-41a3edc184af
2026-04-26 23:41:13.742373+00:00,33,0.99,0.01,no,KXFEDDECISION-26APR-H0,14a7d437-d1f1-4e0a-1d10-966f11a24083
2026-04-26 23:46:54.576681+00:00,1000,0.99,0.01,no,KXFEDDECISION-26APR-H0,c969d120-6b51-55d6-8c5d-07fdf581f913
2026-04-27 00:01:34.612359+00:00,1000,0.99,0.01,no,KXFEDDECISION-26APR-H0,c295f84b-6765-6712-e3a3-dddc10daa21f
2026-04-27 00:04:30.855463+00:00,166,0.99,0.01,no,KXFEDDECISION-26APR-H0,7daf314d-26cd-76aa-bd40-4d95701fe1d3
2026-04-27 00:06:38.026060+00:00,935,0.99,0.01,no,KXFEDDECISION-26APR-H0,52ebfe32-e755-639a-e187-1a8e3b1cdf33
2026-04-27 00:08:19.769317+00:00,33,0.99,0.01,no,KXFEDDECISION-26APR-H0,02af469b-8de5-412e-9ba6-0569d52eefff
2026-04-27 00:13:12.321919+00:00,1000,0.99,0.01,no,KXFEDDECISION-26APR-H0,9f400abc-0acd-46ee-6965-33776d9ba283
2026-04-27 00:30:19.128772+00:00,1000,0.99,0.01,no,KXFEDDECISION-26APR-H0,fd0de0c6-12f9-4d12-44df-fee64ed1c693
2026-04-27 00:47:04.001204+00:00,935.19,0.99,0.01,no,KXFEDDECISION-26APR-H0,211f78e9-2cbd-6abe-c0e0-5f0c8fb33f77
2026-04-27 00:49:54.210962+00:00,1000,0.99,0.01,no,KXFEDDECISION-26APR-H0,ff4a558e-3e15-759e-6b2d-784230722e3f
2026-04-27 01:05:38.391126+00:00,666,0.99,0.01,no,KXFEDDECISION-26APR-H0,8ad186a8-b1d9-4a06-326e-6d9dd7d1914b
2026-04-27 01:08:29.540126+00:00,2712.05,0.99,0.01,no,KXFEDDECISION-26APR-H0,86fcb540-0605-5e9e-8867-a6a653ab3d23
2026-04-27 01:15:24.929251+00:00,16,0.99,0.01,no,KXFEDDECISION-26APR-H0,49bb9b64-a9f5-4d12-1d4b-faecbca8120f
2026-04-27 01:19:34.709006+00:00,16,0.99,0.01,no,KXFEDDECISION-26APR-H0,98f939a5-810d-5d42-0bd9-54a2906c8707
2026-04-27 01:25:08.406778+00:00,500,0.99,0.01,no,KXFEDDECISION-26APR-H0,8a3faa96-0459-63d6-2fd5-8338afc9058f
2026-04-27 01:27:11.300902+00:00,33,0.99,0.01,no,KXFEDDECISION-26APR-H0,1ef0195f-3a35-7272-d502-01e1afdcc743
2026-04-27 01:28:10.676616+00:00,5,0.99,0.01,no,KXFEDDECISION-26APR-H0,150b6529-d011-578a-c712-b12460d0b303
2026-04-27 01:29:34.926309+00:00,33,0.99,0.01,no,KXFEDDECISION-26APR-H0,36448aa4-2509-6b52-f371-287345fb25b7
2026-04-27 01:49:49.030603+00:00,133,0.99,0.01,no,KXFEDDECISION-26APR-H0,0206c464-16ad-47d6-109b-4e9ef7decc5b
2026-04-27 01:53:46.611721+00:00,5,0.99,0.01,no,KXFEDDECISION-26APR-H0,f7f2c2dc-3631-49ee-737f-374d86d2edb3
2026-04-27 01:56:41.839193+00:00,33,0.99,0.01,no,KXFEDDECISION-26APR-H0,e5eb3ace-0ea5-6726-06bf-0963c3801a93
2026-04-27 02:01:27.415781+00:00,333,0.99,0.01,no,KXFEDDECISION-26APR-H0,bc0244cb-d311-780e-464f-7eca05dee39f
2026-04-27 02:09:38.625201+00:00,1000,0.99,0.01,no,KXFEDDECISION-26APR-H0,73c19399-d3b1-4afa-50c4-27d082dbb8d3
2026-04-27 02:10:15.856639+00:00,1,0.99,0.01,no,KXFEDDECISION-26APR-H0,e4f97aa4-92fd-65a6-9b0b-d1a775279b93
2026-04-27 02:16:59.232028+00:00,1000,0.99,0.01,no,KXFEDDECISION-26APR-H0,1f1743c6-8625-427e-af94-0a1e9b42a177
2026-04-27 02:19:35.503888+00:00,3,0.99,0.01,no,KXFEDDECISION-26APR-H0,37b3df3e-8e85-74ee-506c-139ad8a501ab
2026-04-27 02:29:26.667874+00:00,33,0.99,0.01,no,KXFEDDECISION-26APR-H0,c1aa0e8c-068d-6b22-c5ee-96ab3f000b0b
2026-04-27 02:58:23.820320+00:00,46.75,0.99,0.01,no,KXFEDDECISION-26APR-H0,6f86ee7e-f759-7faa-4a9e-b6d69c70c2bf
2026-04-27 02:59:12.487338+00:00,467,0.99,0.01,no,KXFEDDECISION-26APR-H0,57759892-cfc1-5cce-a93a-e052443525ab
2026-04-27 03:09:06.509710+00:00,500,0.99,0.01,no,KXFEDDECISION-26APR-H0,97bc1938-f969-4e6a-6290-6a9fbfe406b3
2026-04-27 03:17:05.254967+00:00,1,0.99,0.01,no,KXFEDDECISION-26APR-H0,aeefff73-07ed-523e-30f8-a1080bfb7a3b
2026-04-27 03:24:21.206753+00:00,90,0.99,0.01,no,KXFEDDECISION-26APR-H0,fb701eb6-63f1-5566-c13e-bb03e6c0feff
2026-04-27 03:27:38.765806+00:00,49,0.99,0.01,no,KXFEDDECISION-26APR-H0,7ad28168-5ac9-5ce6-e81f-a17ec702fbaf
2026-04-27 03:33:10.938562+00:00,187,0.99,0.01,no,KXFEDDECISION-26APR-H0,8b67d5ee-f2dd-71ea-fe65-3a7758d31683
2026-04-27 03:37:06.047888+00:00,9.35,0.99,0.01,no,KXFEDDECISION-26APR-H0,a238fb79-f9e9-4146-c702-8599e6d6be6b
2026-04-27 03:43:58.191620+00:00,93.51,0.99,0.01,no,KXFEDDECISION-26APR-H0,f5bc0add-4889-449a-4394-40096daad437
2026-04-27 03:45:30.772262+00:00,866,0.99,0.01,no,KXFEDDECISION-26APR-H0,699f2500-1f4d-5ac6-7fe6-fb1a26b1372b
2026-04-27 03:49:50.558366+00:00,333,0.99,0.01,no,KXFEDDECISION-26APR-H0,c5257e9b-f645-4d82-16cd-a879d945b5d7
2026-04-27 04:17:42.212629+00:00,140.27,0.99,0.01,no,KXFEDDECISION-26APR-H0,e951f41d-bcd9-68de-1789-7634d37ede23
2026-04-27 04:21:18.007950+00:00,140.27,0.99,0.01,no,KXFEDDECISION-26APR-H0,ed499473-dee5-4ace-c336-c5e82adbbd77
2026-04-27 04:31:36.335918+00:00,33,0.99,0.01,no,KXFEDDECISION-26APR-H0,97f6af1e-4d51-6652-260c-3b35f4ffdd43
2026-04-27 04:44:31.659630+00:00,74.81,0.99,0.01,no,KXFEDDECISION-26APR-H0,89eb2e73-2159-561a-9f76-f708edd103ff
2026-04-27 04:46:04.349782+00:00,841.67,0.99,0.01,no,KXFEDDECISION-26APR-H0,28bdb482-73c1-65c6-88b8-757c58f512d3
2026-04-27 04:50:45.941514+00:00,50,0.99,0.01,no,KXFEDDECISION-26APR-H0,e19823f5-4c65-5226-d932-15c6cbb6f507
2026-04-27 04:51:51.467071+00:00,33,0.99,0.01,no,KXFEDDECISION-26APR-H0,7aa00702-6205-63a6-da9d-7f54e89bdc1b
2026-04-27 04:58:30.150960+00:00,16,0.99,0.01,no,KXFEDDECISION-26APR-H0,f0c80a94-431d-55ca-27f5-e5d45b7a5b0b
2026-04-27 05:04:17.250015+00:00,10.09,0.99,0.01,no,KXFEDDECISION-26APR-H0,3158aef0-88dd-7eb2-cb3c-45641265ea5b
2026-04-27 05:29:15.636900+00:00,100,0.99,0.01,no,KXFEDDECISION-26APR-H0,b0667ec5-9215-64fe-5870-693465509e03
2026-04-27 05:37:02.429685+00:00,10,0.99,0.01,no,KXFEDDECISION-26APR-H0,c47faf3d-9c79-43f6-b4f2-ad731e9a6efb
2026-04-27 05:59:29.681871+00:00,93.51,0.99,0.01,no,KXFEDDECISION-26APR-H0,61276723-ae85-5b56-6ff2-c0845c06b3df
2026-04-27 06:08:03.876112+00:00,200,0.99,0.01,no,KXFEDDECISION-26APR-H0,b27edcd8-6839-6d36-6f22-8cbefc8c6cfb
2026-04-27 06:51:29.628727+00:00,100,0.99,0.01,no,KXFEDDECISION-26APR-H0,49515555-dc45-4ff6-28b7-d1c9dce6d403
2026-04-27 06:52:49.356629+00:00,66,0.99,0.01,no,KXFEDDECISION-26APR-H0,20d17b2d-6329-46ae-ae6b-541c257f958f
2026-04-27 07:21:32.305594+00:00,100,0.99,0.01,no,KXFEDDECISION-26APR-H0,0b6a3023-2279-61be-b8e9-4e1473df3ceb
2026-04-27 07:23:26.481980+00:00,9.35,0.99,0.01,no,KXFEDDECISION-26APR-H0,7c44d4d6-df55-46aa-7d07-97adb5180427
2026-04-27 07:31:33.498225+00:00,1,0.99,0.01,no,KXFEDDECISION-26APR-H0,403281c0-b5bd-6d02-4418-97612c5c3817
2026-04-27 07:34:28.881469+00:00,935.19,0.99,0.01,no,KXFEDDECISION-26APR-H0,8341728f-d159-787a-f436-c03727400fb3
2026-04-27 07:42:10.207093+00:00,93.51,0.99,0.01,no,KXFEDDECISION-26APR-H0,c05d6696-35f9-770a-3580-1ea09cf1135f
2026-04-27 08:43:39.041927+00:00,33,0.99,0.01,no,KXFEDDECISION-26APR-H0,eb0db0cb-9539-4d02-0448-cc58b83587f7
2026-04-27 08:51:14.402921+00:00,33,0.99,0.01,no,KXFEDDECISION-26APR-H0,3cd74011-93c1-6c12-ae0f-98a4b180d6e7
2026-04-27 10:03:29.102868+00:00,66,0.99,0.01,no,KXFEDDECISION-26APR-H0,76392603-efa1-5c2a-1196-2eb62becfa57
2026-04-27 10:25:17.302055+00:00,1776.86,0.99,0.01,no,KXFEDDECISION-26APR-H0,6a9bb3bd-a575-645e-2858-3db8d8117b37
2026-04-27 10:36:32.137464+00:00,1028.71,0.99,0.01,no,KXFEDDECISION-26APR-H0,2ea4537d-c18d-403a-3aef-944aeaa8f2ab
2026-04-27 11:02:49.662692+00:00,50,0.99,0.01,no,KXFEDDECISION-26APR-H0,a9f885b1-60a5-7fae-8c05-c78be641faeb
2026-04-27 12:05:22.328283+00:00,187.03,0.99,0.01,no,KXFEDDECISION-26APR-H0,e49fad5a-f159-611a-d6f8-71afaca884e3
2026-04-27 12:15:34.957980+00:00,33,0.99,0.01,no,KXFEDDECISION-26APR-H0,41eec4eb-8679-4b22-12c1-bb0f3db7aad3
2026-04-27 12:26:08.526936+00:00,280.55,0.99,0.01,no,KXFEDDECISION-26APR-H0,3084b3d0-fd49-6ece-59b4-d965f584580b
2026-04-27 12:37:40.231992+00:00,46.75,0.99,0.01,no,KXFEDDECISION-26APR-H0,413850a3-ef79-5a5e-ee98-a9ed40738c83
2026-04-27 12:41:57.629751+00:00,5.04,0.99,0.01,no,KXFEDDECISION-26APR-H0,c06ccf23-2fd5-54f6-d0e5-281a5f5fd0b3
2026-04-27 12:55:06.873208+00:00,1,0.99,0.01,no,KXFEDDECISION-26APR-H0,d3a083ae-9575-46ca-3e46-c8237512bbf7
2026-04-27 12:55:47.422262+00:00,11,0.99,0.01,no,KXFEDDECISION-26APR-H0,1a3ad014-d891-5432-301d-d410a46b082b
2026-04-27 13:04:23.887219+00:00,600,0.99,0.01,no,KXFEDDECISION-26APR-H0,ada79dc4-a149-58fa-7a0a-a5dcc421502f
2026-04-27 13:17:16.185953+00:00,1000,0.99,0.01,no,KXFEDDECISION-26APR-H0,0117181d-5f39-50d6-4a78-43caa7512d17
2026-04-27 13:38:10.020805+00:00,1863.83,0.99,0.01,no,KXFEDDECISION-26APR-H0,10a07306-5ba9-6152-b7a1-6c064ae0acff
2026-04-27 13:57:07.472696+00:00,2000,0.99,0.01,no,KXFEDDECISION-26APR-H0,8651a233-8b01-6bca-4558-4337d70b651f
2026-04-27 14:16:02.315207+00:00,1,0.99,0.01,no,KXFEDDECISION-26APR-H0,33d8fda4-23c9-68ae-51f5-1251dbfe96e3
2026-04-27 14:20:38.668462+00:00,333,0.99,0.01,no,KXFEDDECISION-26APR-H0,84127ceb-2ded-4c8a-6755-ccbfd860a22b
2026-04-27 14:25:38.096436+00:00,33,0.99,0.01,no,KXFEDDECISION-26APR-H0,e088aa84-b075-408a-a7b9-1a8f9d141c47
2026-04-27 14:48:07.024306+00:00,100,0.99,0.01,no,KXFEDDECISION-26APR-H0,1d5ad4c4-00b1-6f42-1efa-5f85a7ba8d0f
2026-04-27 14:57:07.491175+00:00,85,0.99,0.01,no,KXFEDDECISION-26APR-H0,49ccb3a5-d909-5212-ee0f-a02b9a82ae23
2026-04-27 14:57:45.737778+00:00,9.35,0.99,0.01,no,KXFEDDECISION-26APR-H0,3b7c895b-ceed-57f2-e5e3-dd4c1195433b
2026-04-27 15:09:48.058642+00:00,56.11,0.99,0.01,no,KXFEDDECISION-26APR-H0,d447f7d2-c4d1-5296-e54c-22c4c3b0c923
2026-04-27 15:36:11.201218+00:00,10,0.99,0.01,no,KXFEDDECISION-26APR-H0,0476d571-f26d-769e-a8f3-0a57c8481dbb
2026-04-27 15:40:40.140787+00:00,99.86,0.99,0.01,no,KXFEDDECISION-26APR-H0,e5ef4eae-6b25-5c3e-8393-427477c610c3
2026-04-27 15:41:28.565858+00:00,2000,0.99,0.01,no,KXFEDDECISION-26APR-H0,aaeaf84f-561d-5512-260e-d8eb9df4729b
2026-04-27 15:53:53.649917+00:00,33,0.99,0.01,no,KXFEDDECISION-26APR-H0,2f734edc-0cc1-48d6-f04a-6289f8d1adfb
2026-04-27 16:01:47.554601+00:00,5.04,0.99,0.01,no,KXFEDDECISION-26APR-H0,15c9971f-8bed-4722-f1a5-0182794d3d6b
2026-04-27 16:21:02.850119+00:00,1038.99,0.99,0.01,no,KXFEDDECISION-26APR-H0,90f54a21-9979-6e6a-39d4-25512d2765eb
2026-04-27 16:22:50.339199+00:00,33,0.99,0.01,no,KXFEDDECISION-26APR-H0,4a0d1217-1b2d-5e3e-759e-a0351794bf73
2026-04-27 17:19:48.000229+00:00,100,0.99,0.01,no,KXFEDDECISION-26APR-H0,a3265f40-0761-55d6-8ae8-a3d53e72d60b
2026-04-27 17:33:25.275969+00:00,10.09,0.99,0.01,no,KXFEDDECISION-26APR-H0,eada6013-b8cd-760e-ff9e-1d542144f8ff
2026-04-27 17:42:05.566177+00:00,2712.05,0.99,0.01,no,KXFEDDECISION-26APR-H0,c44d1d56-53dd-6516-f2c9-9624d3063aeb
2026-04-27 18:14:15.905947+00:00,33,0.99,0.01,no,KXFEDDECISION-26APR-H0,1418faff-16f5-6c36-b71b-1ac2a9737fcb
2026-04-27 18:15:05.393552+00:00,33,0.99,0.01,no,KXFEDDECISION-26APR-H0,7c0da2e1-4259-4b72-2c85-e445f746d5e3
2026-04-27 18:15:19.333228+00:00,100,0.99,0.01,no,KXFEDDECISION-26APR-H0,a0535605-7b65-5eca-b564-0bd8312b85bb
2026-04-27 18:48:27.588690+00:00,3333,0.99,0.01,no,KXFEDDECISION-26APR-H0,9607859a-cb71-57ae-c382-26116c7eaa7f
2026-04-27 18:50:35.475320+00:00,33,0.99,0.01,no,KXFEDDECISION-26APR-H0,664bac86-75f5-64b6-280c-9a9a7634d21f
2026-04-27 18:52:14.618861+00:00,166,0.99,0.01,no,KXFEDDECISION-26APR-H0,277fa345-8041-4c6e-89f1-7e7b177e8c47
2026-04-27 18:54:25.183325+00:00,2500,0.99,0.01,no,KXFEDDECISION-26APR-H0,68a02b2a-f691-5ada-bab5-2d6eab22b36b
2026-04-27 18:54:47.749758+00:00,50,0.99,0.01,no,KXFEDDECISION-26APR-H0,81298be4-cd81-63a2-1905-057f1b3c9d8b
2026-04-27 19:05:25.374825+00:00,11,0.99,0.01,no,KXFEDDECISION-26APR-H0,1f5ae896-e64d-6bb6-62d6-aa1c1ac2e83f
2026-04-27 19:07:51.044997+00:00,200,0.99,0.01,no,KXFEDDECISION-26APR-H0,4537d39c-a3fd-741e-2929-15681358a99f
2026-04-27 19:17:17.498705+00:00,1966,0.99,0.01,no,KXFEDDECISION-26APR-H0,0f3207b7-5f7d-5b72-7abd-9190f14f67af
2026-04-27 19:30:28.500095+00:00,500,0.99,0.01,no,KXFEDDECISION-26APR-H0,6e2f0793-9e4d-5b12-e9ca-de3df0ab182f
2026-04-27 19:31:10.042581+00:00,11,0.99,0.01,no,KXFEDDECISION-26APR-H0,e308d9b5-3581-4e22-2388-654f8b13c11b
2026-04-27 19:34:17.977732+00:00,1666,0.99,0.01,no,KXFEDDECISION-26APR-H0,5a7c263f-2449-5f4e-5f66-1a8434724cb3
2026-04-27 19:42:26.806695+00:00,342,0.99,0.01,no,KXFEDDECISION-26APR-H0,d1b63a26-a7b1-71ea-10a9-48d6bbc93be7
2026-04-27 19:45:59.703174+00:00,1,0.99,0.01,no,KXFEDDECISION-26APR-H0,55f98fc9-24bd-4c86-223d-5ebc83f0339f
2026-04-27 19:55:58.467224+00:00,1000,0.99,0.01,no,KXFEDDECISION-26APR-H0,b7f260e5-b2c5-57c6-78d0-1a61679b0bdf
2026-04-27 20:12:01.506005+00:00,700,0.99,0.01,no,KXFEDDECISION-26APR-H0,330a69b9-cc25-74e6-439f-735c833cd167
2026-04-27 20:35:55.984692+00:00,2,0.99,0.01,no,KXFEDDECISION-26APR-H0,eb82c212-1c05-7472-e237-eebc338bed57
2026-04-27 21:04:47.318907+00:00,200,0.99,0.01,no,KXFEDDECISION-26APR-H0,2eaf6d80-50ad-52fe-667c-b80ea56f5733
2026-04-27 21:13:35.480627+00:00,33,0.99,0.01,no,KXFEDDECISION-26APR-H0,5a202942-0bcd-5ef2-b108-6ded2989ddef
2026-04-27 22:09:29.310346+00:00,333,0.99,0.01,no,KXFEDDECISION-26APR-H0,46df98da-4ac9-7a96-2e99-0606382010af
2026-04-27 22:09:41.323322+00:00,8416.72,0.99,0.01,no,KXFEDDECISION-26APR-H0,6b02f2cc-d389-79c6-6ca4-e8b49ca67ad3
2026-04-27 22:14:00.189711+00:00,451,0.99,0.01,no,KXFEDDECISION-26APR-H0,ef53558b-c7f5-5e02-5e01-1e89c6fe0d4b
2026-04-27 22:17:27.510076+00:00,23.37,0.99,0.01,no,KXFEDDECISION-26APR-H0,fac5ae98-4cb5-6a62-efa9-7563bfe200c3
2026-04-27 22:30:59.243052+00:00,666,0.99,0.01,no,KXFEDDECISION-26APR-H0,d1519de8-a3e1-677e-7ac3-8bfcfe9505db
2026-04-27 22:46:13.724455+00:00,100,0.99,0.01,no,KXFEDDECISION-26APR-H0,6d9eaca9-29c5-76a6-7dcf-9475ee50c5a3
2026-04-27 22:57:25.644109+00:00,100,0.99,0.01,no,KXFEDDECISION-26APR-H0,4b61cd20-b2c5-4a76-eadf-9da3977bdc03
2026-04-27 23:09:14.027072+00:00,33,0.99,0.01,no,KXFEDDECISION-26APR-H0,c90db19e-8315-70d2-1123-7c8b345cbffb
2026-04-27 23:11:50.708874+00:00,500,0.99,0.01,no,KXFEDDECISION-26APR-H0,b221b9da-49c1-6ad2-5b97-35d6c3dde4eb
2026-04-27 23:28:57.133281+00:00,93.51,0.99,0.01,no,KXFEDDECISION-26APR-H0,21e1da6c-2701-69da-8695-92d8f2af34a7
2026-04-27 23:33:47.111919+00:00,2000,0.99,0.01,no,KXFEDDECISION-26APR-H0,04c12642-7101-430a-5270-dbc612b1642f
2026-04-27 23:36:36.104044+00:00,93.51,0.99,0.01,no,KXFEDDECISION-26APR-H0,d0c6cddf-eb45-764a-a89f-235bdb7a7d77
2026-04-27 23:46:12.506508+00:00,333,0.99,0.01,no,KXFEDDECISION-26APR-H0,7f154856-5fcd-4156-a7d1-3f2feba27a6b
2026-04-27 23:48:52.251697+00:00,1100,0.99,0.01,no,KXFEDDECISION-26APR-H0,f89a142c-9b81-7bde-a484-9fef993fdf2f
2026-04-27 23:59:02.035221+00:00,23.37,0.99,0.01,no,KXFEDDECISION-26APR-H0,723080e9-b26d-5f8a-e486-714bb5763a03
2026-04-28 00:03:37.868257+00:00,31,0.99,0.01,no,KXFEDDECISION-26APR-H0,d5c4893a-8669-724a-2e72-b635e7ee5aab
2026-04-28 00:05:51.191173+00:00,166,0.99,0.01,no,KXFEDDECISION-26APR-H0,694761a0-dc55-4836-ff51-f09776ae64fb
2026-04-28 00:16:44.267666+00:00,3.01,0.99,0.01,no,KXFEDDECISION-26APR-H0,68b14fa1-ab15-753e-1d95-1b83272cc8af
2026-04-28 00:32:53.462954+00:00,6666,0.99,0.01,no,KXFEDDECISION-26APR-H0,cf6db3a4-3329-5cba-491a-29a097eb30c7
2026-04-28 00:39:01.243976+00:00,1590,0.99,0.01,no,KXFEDDECISION-26APR-H0,1d851858-f7d5-7c66-0410-c344eb07badf
2026-04-28 00:39:19.256905+00:00,1666,0.99,0.01,no,KXFEDDECISION-26APR-H0,31ac43ff-8261-75d2-3371-4321a21b1b8f
2026-04-28 00:43:23.494998+00:00,233,0.99,0.01,no,KXFEDDECISION-26APR-H0,2b8bccb3-4d21-625e-4044-30b108afa6bf
2026-04-28 00:43:59.206757+00:00,1000,0.99,0.01,no,KXFEDDECISION-26APR-H0,eb816c8c-65d9-5c3a-02d6-a8e8b770dd47
2026-04-28 00:49:59.053418+00:00,1094.17,0.99,0.01,no,KXFEDDECISION-26APR-H0,5367993a-4925-7ca6-f8c2-7f7dfe3d4f4b
2026-04-28 00:55:51.535130+00:00,314.22,0.99,0.01,no,KXFEDDECISION-26APR-H0,f753149f-0e81-7c9a-6ace-e8b4374a72ff
2026-04-28 01:10:20.665644+00:00,935.19,0.99,0.01,no,KXFEDDECISION-26APR-H0,63dc6aa1-9305-40ca-8f5d-6fe12ed069b7
2026-04-28 02:06:42.875973+00:00,166,0.99,0.01,no,KXFEDDECISION-26APR-H0,58c8c6a6-3ef5-4ef6-902e-61a13c87f453
2026-04-28 02:25:19.400727+00:00,93.51,0.99,0.01,no,KXFEDDECISION-26APR-H0,17d0255d-a84d-4876-8b5f-6a296c018757
2026-04-28 03:01:50.480798+00:00,935.19,0.99,0.01,no,KXFEDDECISION-26APR-H0,4f6ec170-5255-783e-4f0d-e7c22d077c73
2026-04-28 04:19:39.405132+00:00,46.75,0.99,0.01,no,KXFEDDECISION-26APR-H0,fe495c61-a5a1-42ca-4583-6733f1fef2ff
2026-04-28 04:19:50.304815+00:00,500,0.99,0.01,no,KXFEDDECISION-26APR-H0,11f6ea9b-cc59-4eae-abfa-1a794b849397
2026-04-28 04:21:25.290150+00:00,6666,0.99,0.01,no,KXFEDDECISION-26APR-H0,66ee4edc-9a81-5b26-2ef5-2d4d40e79437
2026-04-28 04:23:03.008990+00:00,300,0.99,0.01,no,KXFEDDECISION-26APR-H0,850b4112-1641-7c4a-2ee6-2c589f003c07
2026-04-28 04:28:58.732000+00:00,935,0.99,0.01,no,KXFEDDECISION-26APR-H0,bd883b94-46a5-7f36-d56e-ca3ffdb3ea07
2026-04-28 04:52:49.013606+00:00,2000,0.99,0.01,no,KXFEDDECISION-26APR-H0,6da2762a-e8f1-5e92-7d51-543a2a6f308f
2026-04-28 05:39:18.420755+00:00,1028.71,0.99,0.01,no,KXFEDDECISION-26APR-H0,a991e769-35ad-748e-0bb9-e895b73497bb
2026-04-28 05:41:31.700103+00:00,666,0.99,0.01,no,KXFEDDECISION-26APR-H0,46ab274c-84d1-47c6-d381-ddf755d41157
2026-04-28 05:45:53.475667+00:00,333,0.99,0.01,no,KXFEDDECISION-26APR-H0,10ea4827-522d-52be-441e-eb734e0f6e53
2026-04-28 05:53:07.735078+00:00,467.59,0.99,0.01,no,KXFEDDECISION-26APR-H0,c2fab9c2-1729-776e-57af-6ee73a8fa5d7
2026-04-28 06:18:37.642223+00:00,50000,0.99,0.01,no,KXFEDDECISION-26APR-H0,6dc19e9f-5789-663a-521a-07946a73ae17
2026-04-28 06:35:01.894488+00:00,1000,0.99,0.01,no,KXFEDDECISION-26APR-H0,bbe691d1-36e5-504a-8bd2-fdf9e32e3bb3
2026-04-28 06:44:21.791067+00:00,813.61,0.99,0.01,no,KXFEDDECISION-26APR-H0,a98158ce-0d69-7fca-ad9b-b8f63042f367
2026-04-28 06:47:28.784471+00:00,561,0.99,0.01,no,KXFEDDECISION-26APR-H0,7db1f8b9-b011-4762-aa9b-04245b2f62a3
2026-04-28 06:59:14.958872+00:00,467.59,0.99,0.01,no,KXFEDDECISION-26APR-H0,95e3b0f9-fcd1-564e-359b-5e4169c343ef
2026-04-28 07:07:20.074257+00:00,39,0.99,0.01,no,KXFEDDECISION-26APR-H0,3b69dc68-ab11-65be-78f0-772a38479823
2026-04-28 07:18:28.142304+00:00,93.51,0.99,0.01,no,KXFEDDECISION-26APR-H0,bc612382-9f89-4e76-bec3-85bdfb513e6b
2026-04-28 07:29:02.152676+00:00,333,0.99,0.01,no,KXFEDDECISION-26APR-H0,388fd1b7-514d-45e6-9076-a304f4bf27c7
2026-04-28 08:26:57.330390+00:00,833,0.99,0.01,no,KXFEDDECISION-26APR-H0,e5da328b-4aa5-4136-405b-5796da81910b
2026-04-28 08:34:10.556915+00:00,1,0.99,0.01,no,KXFEDDECISION-26APR-H0,e4fc0916-d685-4bbe-d339-2171d0bfb01b
2026-04-28 10:34:37.521842+00:00,467,0.99,0.01,no,KXFEDDECISION-26APR-H0,8c3f0440-05ed-676e-4270-0d5166ef8793
2026-04-28 10:52:49.466025+00:00,9351.91,0.99,0.01,no,KXFEDDECISION-26APR-H0,5632c7c6-41f5-54fe-2667-9553ee4c59d3
2026-04-28 10:54:55.866716+00:00,467.59,0.99,0.01,no,KXFEDDECISION-26APR-H0,3200a591-7805-4e0e-89af-02d9b8611bb3
2026-04-28 11:01:00.179375+00:00,500,0.99,0.01,no,KXFEDDECISION-26APR-H0,ac40d6ad-b319-42b2-6a3c-11c71d5052ab
2026-04-28 11:12:58.914416+00:00,26,0.99,0.01,no,KXFEDDECISION-26APR-H0,66d73a67-1d15-6eca-83f1-57895e2bdfdf
2026-04-28 11:42:34.503318+00:00,166,0.99,0.01,no,KXFEDDECISION-26APR-H0,c9e6d255-08bd-660e-60c5-e0043fc58ae7
2026-04-28 11:43:01.930170+00:00,166,0.99,0.01,no,KXFEDDECISION-26APR-H0,cb03cabf-814d-572e-5d05-fd7df7950b87
2026-04-28 11:43:40.172754+00:00,678,0.99,0.01,no,KXFEDDECISION-26APR-H0,25f9bb30-9f0d-5e3e-676b-343f7776a257
2026-04-28 11:49:18.625584+00:00,100,0.99,0.01,no,KXFEDDECISION-26APR-H0,9c8bc90b-4f69-5a92-e136-3bc83460c17b
2026-04-28 11:50:37.412966+00:00,333,0.99,0.01,no,KXFEDDECISION-26APR-H0,14e311e0-7d95-5a72-d419-9f1f3cdbec17
2026-04-28 12:00:50.490209+00:00,66,0.99,0.01,no,KXFEDDECISION-26APR-H0,bb93e268-9095-53ca-a03b-5ad5e3b965c3
2026-04-28 12:01:03.969126+00:00,666,0.99,0.01,no,KXFEDDECISION-26APR-H0,71c49ea0-668d-7ad6-7807-cc89685070b7
2026-04-28 12:12:59.758100+00:00,93.51,0.99,0.01,no,KXFEDDECISION-26APR-H0,c48e0396-5035-4736-7d91-c101e911fe33
2026-04-28 12:19:42.740625+00:00,27,0.99,0.01,no,KXFEDDECISION-26APR-H0,a1ca67ce-6961-4e72-4d16-2db2118dec57
2026-04-28 12:40:21.191244+00:00,666,0.99,0.01,no,KXFEDDECISION-26APR-H0,b5a35a9b-3cc5-40de-fcca-9bff9d9811ab
2026-04-28 12:40:55.275074+00:00,1402.78,0.99,0.01,no,KXFEDDECISION-26APR-H0,0f7265bd-3d35-4a9a-69b2-145f599214af
2026-04-28 12:50:34.457860+00:00,99.66,0.99,0.01,no,KXFEDDECISION-26APR-H0,f6844393-8bc9-637a-749b-12a56c9ec507
2026-04-28 13:09:59.969236+00:00,500,0.99,0.01,no,KXFEDDECISION-26APR-H0,fa33e441-6409-4db2-d437-df6c5a8957f7
2026-04-28 13:32:07.669089+00:00,143,0.99,0.01,no,KXFEDDECISION-26APR-H0,b86412b1-9b81-6106-0d27-ef89c2ca0d7f
2026-04-28 13:38:11.683981+00:00,1379.4,0.99,0.01,no,KXFEDDECISION-26APR-H0,7baa0d56-3c31-63d2-baac-d64b397099ff
2026-04-28 13:38:35.928651+00:00,22.44,0.99,0.01,no,KXFEDDECISION-26APR-H0,2b9ef8f1-c731-774e-a5b2-08418795a117
2026-04-28 13:39:32.804315+00:00,45,0.99,0.01,no,KXFEDDECISION-26APR-H0,d00a0f0d-c015-5396-59cf-3bc7f2d89a3f
2026-04-28 13:39:44.582612+00:00,233.79,0.99,0.01,no,KXFEDDECISION-26APR-H0,85678ca9-3501-57ae-a340-7d740593bc87
2026-04-28 13:57:57.249442+00:00,333,0.99,0.01,no,KXFEDDECISION-26APR-H0,be05f31a-78cd-7d8a-7e10-cbd9b605b313
2026-04-28 13:58:32.917200+00:00,166,0.99,0.01,no,KXFEDDECISION-26APR-H0,2b118567-3f89-6492-4349-64c2da02dc2b
2026-04-28 14:15:53.458706+00:00,500,0.99,0.01,no,KXFEDDECISION-26APR-H0,87ee099b-f701-4fe2-1cd6-efc61d4b7027
2026-04-28 14:36:32.012849+00:00,1,0.99,0.01,no,KXFEDDECISION-26APR-H0,0ae094a5-d46d-49de-5049-cea7adf67893
2026-04-28 14:40:01.283228+00:00,833,0.99,0.01,no,KXFEDDECISION-26APR-H0,a9c08d5d-d0c5-650a-8054-ac9377312033
2026-04-28 14:48:59.604728+00:00,2337.97,0.99,0.01,no,KXFEDDECISION-26APR-H0,35593fb9-edc1-576a-99bf-0bca2a110eef
2026-04-28 14:51:21.810409+00:00,400,0.99,0.01,no,KXFEDDECISION-26APR-H0,bad4e7e5-c691-65de-395a-d50276c2bf63
2026-04-28 14:57:41.701864+00:00,25.23,0.99,0.01,no,KXFEDDECISION-26APR-H0,5b9c8d0a-07b9-570e-4e97-d5f10d3aee7f
2026-04-28 14:59:08.724595+00:00,166,0.99,0.01,no,KXFEDDECISION-26APR-H0,0793ad9a-7299-7ae2-671b-d2b426d4901b
2026-04-28 15:12:32.567350+00:00,3,0.99,0.01,no,KXFEDDECISION-26APR-H0,563c0958-164d-7886-6c2d-5dfe54423e0f
2026-04-28 15:15:50.189845+00:00,1000,0.99,0.01,no,KXFEDDECISION-26APR-H0,75847d5e-5be1-412a-e33c-cfbb1a6b2cbf
2026-04-28 15:27:31.073522+00:00,33,0.99,0.01,no,KXFEDDECISION-26APR-H0,fb316a56-a409-584a-fe2b-b77a7dfa2e27
2026-04-28 15:29:11.362185+00:00,166,0.99,0.01,no,KXFEDDECISION-26APR-H0,bc0774c9-5009-5a4e-f653-04cd352e14e3
2026-04-28 15:32:17.096565+00:00,66,0.99,0.01,no,KXFEDDECISION-26APR-H0,114e6a59-2f99-7d0a-2364-b07864a04757
2026-04-28 15:34:50.382871+00:00,833,0.99,0.01,no,KXFEDDECISION-26APR-H0,898c7362-c8e1-517a-ae33-c2c2544b5d77
2026-04-28 15:35:17.662796+00:00,833,0.99,0.01,no,KXFEDDECISION-26APR-H0,1df9e974-0271-5d82-2512-89a25a753dbb
2026-04-28 15:38:31.658452+00:00,33,0.99,0.01,no,KXFEDDECISION-26APR-H0,a5c902ce-b595-442a-355a-1b6c20416e0b
2026-04-28 15:47:30.579325+00:00,374.07,0.99,0.01,no,KXFEDDECISION-26APR-H0,d706ffcb-c5d9-66fe-3a32-07f20287028b
2026-04-28 15:49:12.381589+00:00,18,0.99,0.01,no,KXFEDDECISION-26APR-H0,44a7448a-74c5-46a6-b847-f0ee2a47bc27
2026-04-28 16:09:41.740055+00:00,40,0.99,0.01,no,KXFEDDECISION-26APR-H0,e498242f-6c8d-4d0a-4b0b-7422edf1ee23
2026-04-28 16:09:45.657846+00:00,10,0.99,0.01,no,KXFEDDECISION-26APR-H0,fc6a26b5-312d-542e-51c4-2b9c7f7fc90b
2026-04-28 16:43:06.211635+00:00,366,0.99,0.01,no,KXFEDDECISION-26APR-H0,79e46e25-7135-576e-a075-7ff6ac3911ef
2026-04-28 16:54:08.964110+00:00,35,0.99,0.01,no,KXFEDDECISION-26APR-H0,a9620e3c-0e59-5006-9b66-40857a8f1f47
2026-04-28 16:55:28.493185+00:00,467.59,0.99,0.01,no,KXFEDDECISION-26APR-H0,14af3165-224d-6f32-9319-2e4e70f2033b
2026-04-28 17:10:54.611857+00:00,100,0.99,0.01,no,KXFEDDECISION-26APR-H0,477da7b3-a411-5efa-c579-624a5737266f
2026-04-28 17:24:53.605113+00:00,6022,0.99,0.01,no,KXFEDDECISION-26APR-H0,442bf241-0431-7042-69be-1417fb4565ff
2026-04-28 17:39:05.447097+00:00,1.39,0.99,0.01,no,KXFEDDECISION-26APR-H0,221d4a85-890d-675a-9efd-9bfe98b1462f
2026-04-28 17:42:26.486223+00:00,374.07,0.99,0.01,no,KXFEDDECISION-26APR-H0,226f1611-cc45-6386-f845-d3d72450a353
2026-04-28 17:48:51.179917+00:00,21,0.99,0.01,no,KXFEDDECISION-26APR-H0,eba678e3-fbc9-61d2-0f0d-cceaf988c7a7
2026-04-28 18:03:57.124452+00:00,666,0.99,0.01,no,KXFEDDECISION-26APR-H0,94e93975-85c9-52c6-2f0b-da23e03f5c5f
2026-04-28 18:19:24.646376+00:00,1666,0.99,0.01,no,KXFEDDECISION-26APR-H0,a49c02be-c621-71ea-18ab-17f394e84a2b
2026-04-28 18:36:24.200499+00:00,104,0.99,0.01,no,KXFEDDECISION-26APR-H0,3d2d5e4a-1825-6d02-c9f1-1bc35a2957cf
2026-04-28 18:37:28.832791+00:00,5.04,0.99,0.01,no,KXFEDDECISION-26APR-H0,361a1ef7-f475-4306-3ea9-6848db8b0dcf
2026-04-28 18:41:34.081637+00:00,467.59,0.99,0.01,no,KXFEDDECISION-26APR-H0,da8dff96-7c1d-45a6-cb2a-e2e83e65d88f
2026-04-28 18:42:43.579841+00:00,1333,0.99,0.01,no,KXFEDDECISION-26APR-H0,15a96123-7f71-412e-6ff7-ca691046cc8b
2026-04-28 18:43:43.220993+00:00,400,0.99,0.01,no,KXFEDDECISION-26APR-H0,cc866c79-e1f1-5ca6-11cc-35ba0e6c927f
2026-04-28 18:47:53.936846+00:00,20,0.99,0.01,no,KXFEDDECISION-26APR-H0,ba2f8ff6-31a1-43f2-9a52-cd507b95709b
2026-04-28 18:51:57.570209+00:00,9351.91,0.99,0.01,no,KXFEDDECISION-26APR-H0,00b3ba1b-dba9-446a-ae8c-96929c9e6f27
2026-04-28 18:59:52.670258+00:00,6666,0.99,0.01,no,KXFEDDECISION-26APR-H0,d338cd76-8729-77aa-fae5-d48c5477ed0b
2026-04-28 18:59:55.664988+00:00,333.33,0.99,0.01,no,KXFEDDECISION-26APR-H0,3ca88036-066d-4f92-a774-f285344b5113
2026-04-28 19:02:11.185068+00:00,100,0.99,0.01,no,KXFEDDECISION-26APR-H0,22253af9-8e4d-4c22-2f0b-116c41d4c7b7
2026-04-28 19:10:29.397955+00:00,333,0.99,0.01,no,KXFEDDECISION-26APR-H0,84633281-95f9-5bd6-cd16-af50a0204067
2026-04-28 19:13:49.276179+00:00,1000,0.99,0.01,no,KXFEDDECISION-26APR-H0,f40191d0-60f9-7536-7dc1-5dc624e0f2a3
2026-04-28 19:14:10.132918+00:00,333,0.99,0.01,no,KXFEDDECISION-26APR-H0,a2009364-3225-696a-1063-91a76e6d639b
2026-04-28 19:15:39.293500+00:00,1666,0.99,0.01,no,KXFEDDECISION-26APR-H0,0ab337f6-15b1-624e-3d5b-19158f762b07
2026-04-28 19:16:25.095228+00:00,66,0.99,0.01,no,KXFEDDECISION-26APR-H0,3ffb9381-73e9-736e-b104-798aa3accca3
2026-04-28 19:18:54.096247+00:00,935,0.99,0.01,no,KXFEDDECISION-26APR-H0,bbe7bfe4-ba1d-5af2-74fa-8b4ba96786af
2026-04-28 19:29:41.666065+00:00,1000,0.99,0.01,no,KXFEDDECISION-26APR-H0,1a70840d-577d-6ada-d768-f55dee96b367
2026-04-28 19:40:13.675477+00:00,183,0.99,0.01,no,KXFEDDECISION-26APR-H0,885722cd-1fb1-4faa-ad15-805bb0d5d403
2026-04-28 19:40:42.357154+00:00,82.29,0.99,0.01,no,KXFEDDECISION-26APR-H0,2236b3e9-5e39-5516-7b0b-9e902beb034f
2026-04-28 19:48:03.894129+00:00,3333,0.99,0.01,no,KXFEDDECISION-26APR-H0,312bcf94-271d-7b72-3d51-df020f6e3e3f
2026-04-28 19:51:02.306683+00:00,4166,0.99,0.01,no,KXFEDDECISION-26APR-H0,3ec9ae7a-07c9-6212-2bb0-1683b8ad150f
2026-04-28 19:54:21.394420+00:00,467.59,0.99,0.01,no,KXFEDDECISION-26APR-H0,609dfc43-d331-6df6-0c0b-e92c90034047
2026-04-28 19:58:11.067797+00:00,92,0.99,0.01,no,KXFEDDECISION-26APR-H0,9b73af2c-2ff5-4f26-4db5-500f4c427beb
2026-04-28 19:59:33.557025+00:00,50000,0.99,0.01,no,KXFEDDECISION-26APR-H0,0b7df910-2e89-6bc6-7441-8cd22a8ca1bb
2026-04-28 20:04:09.232093+00:00,3333,0.99,0.01,no,KXFEDDECISION-26APR-H0,1d2289fc-5575-630e-e059-387cbf27d877
2026-04-28 20:09:55.682377+00:00,2.5,0.99,0.01,no,KXFEDDECISION-26APR-H0,86850820-6075-7762-9e2d-321db2bf2343
2026-04-28 20:12:03.339183+00:00,33,0.99,0.01,no,KXFEDDECISION-26APR-H0,02c25fea-70cd-5922-b166-69f89ec2ef7f
2026-04-28 20:15:53.231315+00:00,3333,0.99,0.01,no,KXFEDDECISION-26APR-H0,72d16c3f-2f2d-7956-a6e8-565e8ae56803
2026-04-28 20:16:53.325641+00:00,166,0.99,0.01,no,KXFEDDECISION-26APR-H0,f074dde0-6565-76f6-5836-13f222360487
2026-04-28 20:25:19.528992+00:00,2166,0.99,0.01,no,KXFEDDECISION-26APR-H0,2dd92bbe-c7fd-520e-65d7-333246d5dec7
2026-04-28 20:25:33.202445+00:00,166,0.99,0.01,no,KXFEDDECISION-26APR-H0,ed0f78f5-34ad-5d5a-da80-964aa7105a9f
2026-04-28 20:28:24.696681+00:00,3333,0.99,0.01,no,KXFEDDECISION-26APR-H0,278dfbca-af0d-4716-4d10-f3afa93ca4ab
2026-04-28 20:32:45.184583+00:00,935.19,0.99,0.01,no,KXFEDDECISION-26APR-H0,b36eda92-5459-78b2-c3e5-795a0dafd34f
2026-04-28 20:36:02.668250+00:00,7,0.99,0.01,no,KXFEDDECISION-26APR-H0,c501b933-aa55-613e-245a-e4576210528b
2026-04-28 20:45:12.930937+00:00,18,0.99,0.01,no,KXFEDDECISION-26APR-H0,f0c79d75-ae51-47e2-e7dd-b630f58823cf
2026-04-28 20:55:51.696099+00:00,3333,0.99,0.01,no,KXFEDDECISION-26APR-H0,7bca9b4d-00dd-7cb2-76e4-f4087503c24b
2026-04-28 21:03:47.474888+00:00,471,0.99,0.01,no,KXFEDDECISION-26APR-H0,99c80784-70b9-4f2a-5565-17a33646cd7f
2026-04-28 21:04:33.423356+00:00,166,0.99,0.01,no,KXFEDDECISION-26APR-H0,d060f50a-f86d-46aa-e2e1-6b0518292cdf
2026-04-28 21:07:04.208231+00:00,5000,0.99,0.01,no,KXFEDDECISION-26APR-H0,8b9f3f11-d1c9-559e-2bab-dc594ee9359b
2026-04-28 21:07:11.537698+00:00,75,0.99,0.01,no,KXFEDDECISION-26APR-H0,00405c05-86b9-6902-05ce-9f8563dde367
2026-04-28 21:13:48.199671+00:00,36,0.99,0.01,no,KXFEDDECISION-26APR-H0,6fe7feed-b285-7452-f646-5cda4205e1df
2026-04-28 21:16:14.376399+00:00,4,0.99,0.01,no,KXFEDDECISION-26APR-H0,4e7c6bc9-c919-6b0e-8aae-6cfb59f3a133
2026-04-28 21:21:24.771224+00:00,1,0.99,0.01,no,KXFEDDECISION-26APR-H0,64d55d4d-e961-620a-8672-ca2abb32c043
2026-04-28 21:24:52.226417+00:00,833,0.99,0.01,no,KXFEDDECISION-26APR-H0,68ea5da6-cf61-6f56-4f49-470d013a12c3
2026-04-28 21:26:41.550699+00:00,400,0.99,0.01,no,KXFEDDECISION-26APR-H0,ac68531a-0ab9-5dee-4be0-9477ccdffd4b
2026-04-28 21:37:31.055964+00:00,10,0.99,0.01,no,KXFEDDECISION-26APR-H0,ef8e7ea9-3e15-5666-3684-56e9e74ec8f3
2026-04-28 21:42:21.004949+00:00,166,0.99,0.01,no,KXFEDDECISION-26APR-H0,923cee10-c561-4546-766b-a0240a274a8b
2026-04-28 21:56:06.740290+00:00,170,0.99,0.01,no,KXFEDDECISION-26APR-H0,d00ebecf-50b1-616a-bdc2-a39cd9a0a987
2026-04-28 21:58:12.346949+00:00,333,0.99,0.01,no,KXFEDDECISION-26APR-H0,24bf9b85-79c1-5262-e903-b6fcc8ec8cfb
2026-04-28 22:00:04.654472+00:00,1900,0.99,0.01,no,KXFEDDECISION-26APR-H0,c96f19f4-032d-4f52-e3fb-5db712875a03
2026-04-28 22:09:00.922998+00:00,33,0.99,0.01,no,KXFEDDECISION-26APR-H0,a92d2c87-584d-69fa-fc9e-bbf65e034897
2026-04-28 22:25:18.441256+00:00,33,0.99,0.01,no,KXFEDDECISION-26APR-H0,cf3e01fa-1e59-6a7a-497b-35c492cd8e43
2026-04-28 22:25:26.657258+00:00,33,0.99,0.01,no,KXFEDDECISION-26APR-H0,eb7bf105-941d-5cf6-cdd4-12e7c67bc1e3
2026-04-28 22:25:33.514487+00:00,33,0.99,0.01,no,KXFEDDECISION-26APR-H0,c058e5fe-7d09-4a2a-8674-61329f77f9bb
2026-04-28 22:27:09.305786+00:00,1402.78,0.99,0.01,no,KXFEDDECISION-26APR-H0,8de3ea12-6481-62da-0074-e5f1bd600f4f
2026-04-28 22:29:39.967908+00:00,1166,0.99,0.01,no,KXFEDDECISION-26APR-H0,8e72d8cc-1ca1-6b6e-05b1-24bd570dc87b
2026-04-28 22:39:53.548083+00:00,3333,0.99,0.01,no,KXFEDDECISION-26APR-H0,ac8c70f6-d035-6e5e-274c-ef5274768b9f
2026-04-28 22:41:30.043990+00:00,1066,0.99,0.01,no,KXFEDDECISION-26APR-H0,6b4fd96a-a831-41ee-df3d-368e6926782f
2026-04-28 22:42:42.325674+00:00,21.33,0.99,0.01,no,KXFEDDECISION-26APR-H0,0ea9ade0-ae65-7346-d35a-ac0434ba3a27
2026-04-28 22:46:51.028569+00:00,467.59,0.99,0.01,no,KXFEDDECISION-26APR-H0,60ee52b7-ee99-4bae-1498-c89b8673391b
2026-04-28 22:57:39.325971+00:00,666.33,0.99,0.01,no,KXFEDDECISION-26APR-H0,9b1ee67f-aff9-6332-26b9-f46813507327
2026-04-28 23:02:30.251170+00:00,666,0.99,0.01,no,KXFEDDECISION-26APR-H0,0fcb1142-b72d-74ae-a5cb-e5b54c0a8ee7
2026-04-28 23:12:19.851267+00:00,333,0.99,0.01,no,KXFEDDECISION-26APR-H0,98045e6d-08d1-49d6-9abc-bab8b3568323
2026-04-28 23:16:27.151458+00:00,33,0.99,0.01,no,KXFEDDECISION-26APR-H0,55252635-39c1-5ece-5e00-e7b093666883
2026-04-28 23:17:58.267338+00:00,487,0.99,0.01,no,KXFEDDECISION-26APR-H0,5e8acfb9-0ce9-5f4a-e025-2fef378a8fbf
2026-04-28 23:25:19.685036+00:00,666,0.99,0.01,no,KXFEDDECISION-26APR-H0,23b2c9f8-1a8d-69c2-738e-0bbbacdd298b
2026-04-28 23:39:18.392437+00:00,33,0.99,0.01,no,KXFEDDECISION-26APR-H0,05343b14-b9d9-5c1a-8af1-c463dda331bf
2026-04-28 23:41:00.167904+00:00,333,0.99,0.01,no,KXFEDDECISION-26APR-H0,9a15ba60-6955-6266-4e9e-a046b6eb359f
2026-04-28 23:45:09.775612+00:00,2323,0.99,0.01,no,KXFEDDECISION-26APR-H0,5d5ef243-01a9-692e-8609-3b3744b72baf
2026-04-28 23:45:27.722516+00:00,833,0.99,0.01,no,KXFEDDECISION-26APR-H0,da2da5c2-3241-796a-36d1-1af97a520d0b
2026-04-28 23:46:11.145952+00:00,300,0.99,0.01,no,KXFEDDECISION-26APR-H0,86e08c2b-20a1-45f6-b698-c1025c8f33e7
2026-04-28 23:52:10.258980+00:00,1,0.99,0.01,no,KXFEDDECISION-26APR-H0,053c1336-f8dd-74a2-7293-68f133fd73e7
2026-04-29 00:02:37.128388+00:00,93.51,0.99,0.01,no,KXFEDDECISION-26APR-H0,ff479b38-efb1-6a42-a6e4-41b156e28aa3
2026-04-29 00:18:44.779546+00:00,935,0.99,0.01,no,KXFEDDECISION-26APR-H0,0699034a-55a5-6e96-5cc9-aec22993b94f
2026-04-29 00:23:47.042514+00:00,166,0.99,0.01,no,KXFEDDECISION-26APR-H0,e3086a00-5915-5af2-8462-fae7c3faf32f
2026-04-29 00:25:52.235888+00:00,5,0.99,0.01,no,KXFEDDECISION-26APR-H0,9b4c3983-4e05-6442-9e11-173ea30252af
2026-04-29 00:26:36.996673+00:00,1027.77,0.99,0.01,no,KXFEDDECISION-26APR-H0,7c553607-34a9-4346-c427-a5a105a9cf43
2026-04-29 00:34:49.018715+00:00,6.11,0.99,0.01,no,KXFEDDECISION-26APR-H0,87c815c9-ac21-6066-71e4-e1a7508aadcf
2026-04-29 00:36:57.489749+00:00,166.33,0.99,0.01,no,KXFEDDECISION-26APR-H0,d41c0014-092d-60fe-57f1-97111456dde3
2026-04-29 00:37:23.281272+00:00,93.51,0.99,0.01,no,KXFEDDECISION-26APR-H0,cb57ea48-6b9d-4f3a-0714-437eae73650f
2026-04-29 00:37:40.717017+00:00,467.59,0.99,0.01,no,KXFEDDECISION-26APR-H0,a9749ad1-bb4d-6dce-670d-5dd510d6c923
2026-04-29 00:41:51.201916+00:00,935.19,0.99,0.01,no,KXFEDDECISION-26APR-H0,8b8be40c-7865-74ee-a3c9-865b5a6c8ccf
2026-04-29 00:43:40.484866+00:00,5000,0.99,0.01,no,KXFEDDECISION-26APR-H0,a81d8210-f4a9-4796-881a-b2207709572b
2026-04-29 00:50:10.166706+00:00,100,0.99,0.01,no,KXFEDDECISION-26APR-H0,26fddda8-5179-7ade-7bb1-668a0708aa97
2026-04-29 00:50:23.230533+00:00,33,0.99,0.01,no,KXFEDDECISION-26APR-H0,d34b5529-2229-4a92-b547-9b6db617145b
2026-04-29 00:52:10.219718+00:00,2337.97,0.99,0.01,no,KXFEDDECISION-26APR-H0,1b1112ac-edc1-709a-ea23-6ed7aa2d3b67
2026-04-29 00:54:28.884491+00:00,666.33,0.99,0.01,no,KXFEDDECISION-26APR-H0,53d5e1ce-7075-5f42-c609-758d284cff13
2026-04-29 01:02:10.037040+00:00,93.51,0.99,0.01,no,KXFEDDECISION-26APR-H0,3f3492bd-20fd-47a2-f95d-cf9da77dbd53
2026-04-29 01:16:17.712835+00:00,50,0.99,0.01,no,KXFEDDECISION-26APR-H0,86dbf14b-16b9-4cea-d7d8-cf65f2a2e473
2026-04-29 01:18:18.501187+00:00,1099.78,0.99,0.01,no,KXFEDDECISION-26APR-H0,55aff521-9c55-43d2-dd89-56fe2b1d8f1b
2026-04-29 01:19:33.516334+00:00,9351,0.99,0.01,no,KXFEDDECISION-26APR-H0,c0328f59-e851-47e6-4cb7-24a767e8e9d7
2026-04-29 01:40:48.804422+00:00,33,0.99,0.01,no,KXFEDDECISION-26APR-H0,94529a2e-1d41-4986-8e01-b5e34168eb73
2026-04-29 01:42:41.627200+00:00,46,0.99,0.01,no,KXFEDDECISION-26APR-H0,6db5a321-ae9d-5b56-9233-b53b9a31382f
2026-04-29 01:58:45.757599+00:00,3333,0.99,0.01,no,KXFEDDECISION-26APR-H0,2de5aa5c-2ad9-7a42-3705-c5c733ef4eaf
2026-04-29 02:02:33.954538+00:00,166,0.99,0.01,no,KXFEDDECISION-26APR-H0,4145987e-b4f5-69d2-6cfb-93e403e3489f
2026-04-29 02:02:56.442607+00:00,166,0.99,0.01,no,KXFEDDECISION-26APR-H0,63fa6df3-3eb5-5cde-689d-ac5f879a4a9f
2026-04-29 02:04:21.524633+00:00,2337.97,0.99,0.01,no,KXFEDDECISION-26APR-H0,527cdcd3-8049-5cca-3ec8-e6a0e27186eb
2026-04-29 02:05:43.519843+00:00,1823.62,0.99,0.01,no,KXFEDDECISION-26APR-H0,22a774ef-f629-6d5a-8c22-66995d2260d7
2026-04-29 02:06:15.406092+00:00,25,0.99,0.01,no,KXFEDDECISION-26APR-H0,0efad504-2a39-531e-8e44-a1b2cb1d19f3
2026-04-29 02:06:32.383912+00:00,500,0.99,0.01,no,KXFEDDECISION-26APR-H0,169b4cab-3f81-4f4e-0e54-7823beb3510b
2026-04-29 02:15:57.482604+00:00,93.51,0.99,0.01,no,KXFEDDECISION-26APR-H0,28b53c82-5c4d-58fe-c732-4412f8761bdf
2026-04-29 02:23:01.528967+00:00,2805,0.99,0.01,no,KXFEDDECISION-26APR-H0,605141c3-1a09-44e2-bfa8-4096d7969a9f
2026-04-29 02:31:14.201162+00:00,33,0.99,0.01,no,KXFEDDECISION-26APR-H0,2ecfc32c-486d-40be-6fb4-acdba388a337
2026-04-29 02:37:19.823555+00:00,187.03,0.99,0.01,no,KXFEDDECISION-26APR-H0,a4ffdedf-1905-5ac6-8a3d-d75736d0b34b
2026-04-29 02:39:26.269647+00:00,200,0.99,0.01,no,KXFEDDECISION-26APR-H0,1f93d77b-0791-6046-628b-0b8b2ef30c07
2026-04-29 02:45:36.696039+00:00,166,0.99,0.01,no,KXFEDDECISION-26APR-H0,b17f288f-1ad5-723a-188c-886eb0099cc7
2026-04-29 02:48:27.056345+00:00,3333,0.99,0.01,no,KXFEDDECISION-26APR-H0,cc009857-2099-444e-046c-6338605cd4d7
2026-04-29 02:49:22.717573+00:00,13,0.99,0.01,no,KXFEDDECISION-26APR-H0,99bf5dc2-f431-6fa6-97e0-c3a819378887
2026-04-29 02:54:57.547428+00:00,1870.38,0.99,0.01,no,KXFEDDECISION-26APR-H0,981d8db9-af2d-439a-1d90-2306237240b3
2026-04-29 02:56:28.066541+00:00,166,0.99,0.01,no,KXFEDDECISION-26APR-H0,84fe51c6-7eb5-75a2-7fe4-7e2f8b81cdab
2026-04-29 02:56:57.769243+00:00,1870.38,0.99,0.01,no,KXFEDDECISION-26APR-H0,c3ce6197-8bad-737e-3db8-8a8c6b263dcf
2026-04-29 03:02:44.321749+00:00,3,0.99,0.01,no,KXFEDDECISION-26APR-H0,91a9ee85-2fd9-44d2-b2ff-aecbb9406f5b
2026-04-29 03:03:27.188055+00:00,93.51,0.99,0.01,no,KXFEDDECISION-26APR-H0,e089f18f-9a55-464e-21f7-1738a44edb87
2026-04-29 03:04:34.851610+00:00,175.81,0.99,0.01,no,KXFEDDECISION-26APR-H0,394fb396-7e79-619e-c1ab-0f0adf816d43
2026-04-29 03:07:54.130697+00:00,100,0.99,0.01,no,KXFEDDECISION-26APR-H0,df3b6616-8559-5416-2155-f179074e756f
2026-04-29 03:09:39.029017+00:00,46.75,0.99,0.01,no,KXFEDDECISION-26APR-H0,b05054a2-e081-530e-31d1-6bce27513be3
2026-04-29 03:20:05.829529+00:00,34,0.99,0.01,no,KXFEDDECISION-26APR-H0,e1a324c4-105d-5352-ec88-2fd01930bc1f
2026-04-29 03:20:26.172165+00:00,34,0.99,0.01,no,KXFEDDECISION-26APR-H0,6d034a3b-310d-5146-8012-6599b5e72e97
2026-04-29 03:23:30.024778+00:00,50,0.99,0.01,no,KXFEDDECISION-26APR-H0,ef7a9bea-7e91-765e-ce63-e2713b185093
2026-04-29 03:23:52.312799+00:00,666,0.99,0.01,no,KXFEDDECISION-26APR-H0,b3366d0e-6a91-45e6-e738-799909faab73
2026-04-29 03:30:06.573313+00:00,1870,0.99,0.01,no,KXFEDDECISION-26APR-H0,a6bd3731-b751-4cca-38b7-0d02a5420cc3
2026-04-29 03:32:13.368727+00:00,3500,0.99,0.01,no,KXFEDDECISION-26APR-H0,fe25bef6-ede1-620a-1104-e490c22e29b3
2026-04-29 03:38:29.639426+00:00,1,0.99,0.01,no,KXFEDDECISION-26APR-H0,f7e8076f-e1f9-4fba-c1e1-677faddf08b3
2026-04-29 03:49:03.689466+00:00,654.63,0.99,0.01,no,KXFEDDECISION-26APR-H0,2ab26937-cd39-4f3e-814d-b80eed629837
2026-04-29 03:52:46.887723+00:00,4,0.99,0.01,no,KXFEDDECISION-26APR-H0,697261c3-edf9-6fca-bac9-6893c14f719b
2026-04-29 03:57:25.206577+00:00,1500,0.99,0.01,no,KXFEDDECISION-26APR-H0,d6e22665-5add-773a-f6a8-2e4615d0c2a3
2026-04-29 04:01:23.286259+00:00,32.73,0.99,0.01,no,KXFEDDECISION-26APR-H0,464bd983-270d-70ca-94a1-00fa23805d47
2026-04-29 04:02:48.770572+00:00,935.19,0.99,0.01,no,KXFEDDECISION-26APR-H0,bc17d2dd-3ed9-4746-6bc9-98cb153efaab
2026-04-29 04:08:07.685203+00:00,9.35,0.99,0.01,no,KXFEDDECISION-26APR-H0,3ff5259d-84bd-4efe-be04-b472f71befbb
2026-04-29 04:09:00.842565+00:00,66,0.99,0.01,no,KXFEDDECISION-26APR-H0,f3c7b6eb-04ed-5a02-8dac-10adc14b7c47
2026-04-29 04:19:53.991159+00:00,134.66,0.99,0.01,no,KXFEDDECISION-26APR-H0,a0d8d5a1-7b09-6afa-c176-bcbcbaf08637
2026-04-29 04:20:52.621824+00:00,100,0.99,0.01,no,KXFEDDECISION-26APR-H0,ba40d6db-c829-4672-843f-29ff08eed7f3
2026-04-29 04:25:20.122369+00:00,33,0.99,0.01,no,KXFEDDECISION-26APR-H0,fdd83587-3b7d-76ca-6c87-6497b7e482f7
2026-04-29 04:25:36.522592+00:00,1000,0.99,0.01,no,KXFEDDECISION-26APR-H0,869fc04d-bce5-5256-e753-3901ab475ae3
2026-04-29 04:39:26.555755+00:00,467.59,0.99,0.01,no,KXFEDDECISION-26APR-H0,73635b85-9e51-59f6-b988-813a809c1877
2026-04-29 04:48:46.648193+00:00,18.7,0.99,0.01,no,KXFEDDECISION-26APR-H0,51b1a43c-e44d-787e-f0b2-528266f1699b
2026-04-29 04:57:30.805403+00:00,93.51,0.99,0.01,no,KXFEDDECISION-26APR-H0,82cff64e-c14d-5806-7e97-d1bc9afa1263
2026-04-29 05:03:33.574229+00:00,4804,0.99,0.01,no,KXFEDDECISION-26APR-H0,26fd6e6c-51e1-5eea-cbd1-99a5be974a4b
2026-04-29 05:03:43.373477+00:00,500,0.99,0.01,no,KXFEDDECISION-26APR-H0,01106977-5879-424e-83e5-9bbfb9868a0f
2026-04-29 05:06:02.016484+00:00,18.7,0.99,0.01,no,KXFEDDECISION-26APR-H0,bf515324-b02d-5a06-4227-8d23683769f7
2026-04-29 05:09:24.781588+00:00,323,0.99,0.01,no,KXFEDDECISION-26APR-H0,29e3b9fe-b305-53e2-1376-1225b1bef933
2026-04-29 05:11:26.126734+00:00,334,0.99,0.01,no,KXFEDDECISION-26APR-H0,490e7b07-00f9-6396-d5fa-a5de15dc2e77
2026-04-29 05:13:23.372592+00:00,33,0.99,0.01,no,KXFEDDECISION-26APR-H0,1d0bd677-6525-65ba-fa8f-c993d20b29e7
2026-04-29 05:15:04.430837+00:00,467.59,0.99,0.01,no,KXFEDDECISION-26APR-H0,11e08969-5c59-5b8e-8d12-f8c922bd41eb
2026-04-29 05:21:40.074623+00:00,467,0.99,0.01,no,KXFEDDECISION-26APR-H0,aa9d1171-a79d-7b6a-0a64-930606440e6b
2026-04-29 05:23:13.485700+00:00,333,0.99,0.01,no,KXFEDDECISION-26APR-H0,1d3c96cc-6069-6322-49a1-a7be8f637dcb
2026-04-29 05:27:46.868430+00:00,1666,0.99,0.01,no,KXFEDDECISION-26APR-H0,c5ad4da8-4d1d-58d2-f7a6-7cc3df676bcb
2026-04-29 05:28:02.364979+00:00,333,0.99,0.01,no,KXFEDDECISION-26APR-H0,ca1af4f0-d75d-463a-a43a-abccb8f655c7
2026-04-29 05:47:51.097591+00:00,1870.38,0.99,0.01,no,KXFEDDECISION-26APR-H0,c350d8fe-6f75-4896-ee04-46fb10fe099f
2026-04-29 06:00:43.133541+00:00,37,0.99,0.01,no,KXFEDDECISION-26APR-H0,d478d93e-3f45-5a76-0b7f-99bf4a30bd03
2026-04-29 06:00:54.069414+00:00,165,0.99,0.01,no,KXFEDDECISION-26APR-H0,b093d5d3-f869-6792-8e09-2ed9d4fbb5db
2026-04-29 06:07:42.499293+00:00,3000,0.99,0.01,no,KXFEDDECISION-26APR-H0,935a9096-9c41-7696-700e-0da4c14b9fdf
2026-04-29 06:33:21.251991+00:00,333,0.99,0.01,no,KXFEDDECISION-26APR-H0,239bc5cb-f659-4d3a-a9e3-9b142a32846b
2026-04-29 06:35:04.997787+00:00,50,0.99,0.01,no,KXFEDDECISION-26APR-H0,5bbd3399-7969-52fe-7350-093184f3e18f
2026-04-29 06:37:41.972174+00:00,500,0.99,0.01,no,KXFEDDECISION-26APR-H0,a6feeee1-3075-685e-f465-ceea27545cff
2026-04-29 06:44:07.719747+00:00,6639.85,0.99,0.01,no,KXFEDDECISION-26APR-H0,a98f4391-985d-6706-7d88-73aaef6becfb
2026-04-29 06:50:17.552169+00:00,935,0.99,0.01,no,KXFEDDECISION-26APR-H0,da333d1b-87e5-5a06-a3ae-a136177972bb
2026-04-29 06:51:26.478635+00:00,16500,0.99,0.01,no,KXFEDDECISION-26APR-H0,58e58715-fba9-7bce-df5a-4f05b15670a7
2026-04-29 06:56:13.934343+00:00,155,0.99,0.01,no,KXFEDDECISION-26APR-H0,d957090a-d635-5f16-4628-53623ab7c733
2026-04-29 07:11:09.075147+00:00,93.51,0.99,0.01,no,KXFEDDECISION-26APR-H0,cd65d821-bb71-7f2e-ce1b-dabf19381223
2026-04-29 07:15:05.633091+00:00,467.59,0.99,0.01,no,KXFEDDECISION-26APR-H0,86fc1f6b-8775-6dee-82b8-8a87e234acd3
2026-04-29 07:15:36.121277+00:00,166,0.99,0.01,no,KXFEDDECISION-26APR-H0,a75c265b-f62d-60fe-e1de-af89cc1f198f
2026-04-29 07:19:52.096492+00:00,376,0.99,0.01,no,KXFEDDECISION-26APR-H0,b4707d79-5b55-470e-e713-7a6088f3d4bf
2026-04-29 07:19:52.769325+00:00,5,0.99,0.01,no,KXFEDDECISION-26APR-H0,70923f9b-2a61-7d0e-b0f3-b2895a4e999b
2026-04-29 07:35:14.014727+00:00,33,0.99,0.01,no,KXFEDDECISION-26APR-H0,6644bcd9-d4c1-4cb6-690d-f48c3d91aa67
2026-04-29 09:03:49.864048+00:00,2333,0.99,0.01,no,KXFEDDECISION-26APR-H0,a8da08cc-ebc1-789e-d062-becb582cb593
2026-04-29 09:05:21.364784+00:00,33,0.99,0.01,no,KXFEDDECISION-26APR-H0,bb108b6a-4129-7b3e-74b9-c8c32727fe83
2026-04-29 09:22:52.496110+00:00,166,0.99,0.01,no,KXFEDDECISION-26APR-H0,bfb940ce-0b35-5a2e-3d9f-84d79c9b797b
2026-04-29 09:51:48.806753+00:00,18703,0.99,0.01,no,KXFEDDECISION-26APR-H0,d07cbe3f-0bcd-577e-0621-32442c401b3b
2026-04-29 10:03:48.167900+00:00,4000,0.99,0.01,no,KXFEDDECISION-26APR-H0,aa1b5f40-dda9-6e12-82a7-63093c67915f
2026-04-29 10:09:09.273028+00:00,666,0.99,0.01,no,KXFEDDECISION-26APR-H0,c85d276b-1701-63f2-7841-8d80d259d54b
2026-04-29 10:13:01.555199+00:00,3333,0.99,0.01,no,KXFEDDECISION-26APR-H0,04c9c4db-0081-6ae2-02f6-52bf04861d6f
2026-04-29 10:15:50.529294+00:00,68,0.99,0.01,no,KXFEDDECISION-26APR-H0,69134de6-e22d-69ca-57c1-26013282b33b
2026-04-29 10:18:54.025666+00:00,93.51,0.99,0.01,no,KXFEDDECISION-26APR-H0,236606bf-c721-4c9a-19c4-b2a3a9308b93
2026-04-29 10:24:28.808755+00:00,93.51,0.99,0.01,no,KXFEDDECISION-26APR-H0,a2b0be2c-d9d5-79ea-2901-3e5584af9e43
2026-04-29 10:54:34.293938+00:00,5,0.99,0.01,no,KXFEDDECISION-26APR-H0,e874ff7d-d801-6e92-b427-519a3ee67fa3
2026-04-29 10:55:19.853577+00:00,2337.97,0.99,0.01,no,KXFEDDECISION-26APR-H0,89198e70-ce91-60b2-dc89-df7b9d36f2bb
2026-04-29 11:07:13.477288+00:00,93.51,0.99,0.01,no,KXFEDDECISION-26APR-H0,b3f32abe-07f9-44a2-e2d9-95e12c333da3
2026-04-29 11:22:06.905838+00:00,33,0.99,0.01,no,KXFEDDECISION-26APR-H0,e4620dc3-23ad-49fe-04d6-1f8662c9392f
2026-04-29 11:27:52.571638+00:00,1,0.99,0.01,no,KXFEDDECISION-26APR-H0,2fdeb2ff-f54d-57ea-72ce-cda0c4a8f82b
2026-04-29 11:31:19.478251+00:00,700,0.99,0.01,no,KXFEDDECISION-26APR-H0,8cfb97bc-1d89-7cfe-fbcc-35242ac036fb
2026-04-29 11:35:01.087167+00:00,5000,0.99,0.01,no,KXFEDDECISION-26APR-H0,ca505c9e-0bf1-5fc6-8271-342f20f7952b
2026-04-29 11:37:34.810087+00:00,280,0.99,0.01,no,KXFEDDECISION-26APR-H0,b3217bd2-812d-774e-eca1-9f186b0d616f
2026-04-29 11:50:19.858955+00:00,833,0.99,0.01,no,KXFEDDECISION-26APR-H0,2c0261fb-1d85-528a-14d2-cc8b94312687
2026-04-29 11:54:06.392531+00:00,1870.38,0.99,0.01,no,KXFEDDECISION-26APR-H0,16b48ad0-0c39-7566-0dd1-50cd2119a9db
2026-04-29 11:57:38.849232+00:00,120,0.99,0.01,no,KXFEDDECISION-26APR-H0,d07e747a-2381-49ba-fb11-657ff99dd36f
2026-04-29 12:02:43.514074+00:00,46.75,0.99,0.01,no,KXFEDDECISION-26APR-H0,e2a6d392-6c1d-5f6e-2223-a844293bfa4b
2026-04-29 12:04:37.808450+00:00,333,0.99,0.01,no,KXFEDDECISION-26APR-H0,6977da67-cb39-4942-f6bd-b0d6afad9dd3
2026-04-29 12:05:09.314373+00:00,93,0.99,0.01,no,KXFEDDECISION-26APR-H0,94143cb6-5cb1-5ca6-009d-9aa430f42dab
2026-04-29 12:13:53.252370+00:00,33,0.99,0.01,no,KXFEDDECISION-26APR-H0,53956be9-2a89-797a-2e07-675fcb2945a7
2026-04-29 12:22:56.433077+00:00,50.94,0.99,0.01,no,KXFEDDECISION-26APR-H0,4e487095-bcd1-43ee-c444-33b87791245f
2026-04-29 12:25:16.834916+00:00,16.33,0.99,0.01,no,KXFEDDECISION-26APR-H0,337116cb-b971-4eaa-8e06-8d5b87eb75a7
2026-04-29 12:38:25.364266+00:00,33,0.99,0.01,no,KXFEDDECISION-26APR-H0,4b399cdd-245d-78ba-34f7-061e26c11ab3
2026-04-29 12:38:51.046417+00:00,5.04,0.99,0.01,no,KXFEDDECISION-26APR-H0,1a2af14e-8b11-6b1e-1ccc-c906f4fb786b
2026-04-29 12:38:52.131703+00:00,93.51,0.99,0.01,no,KXFEDDECISION-26APR-H0,a279b66a-d55d-7466-7c1c-a6dc347d530b
2026-04-29 12:41:04.849219+00:00,100,0.99,0.01,no,KXFEDDECISION-26APR-H0,462fb09a-4d05-61a6-4e7a-34df7cf9de63
2026-04-29 12:41:32.455105+00:00,66,0.99,0.01,no,KXFEDDECISION-26APR-H0,62465955-20c5-447e-da97-880b319d17df
2026-04-29 12:41:44.970260+00:00,3333,0.99,0.01,no,KXFEDDECISION-26APR-H0,19b11c31-1869-6da2-c93e-2c02c2b67103
2026-04-29 12:42:53.784678+00:00,25,0.99,0.01,no,KXFEDDECISION-26APR-H0,9d3126a8-1c15-42de-0566-14587ae7b0b3
2026-04-29 12:46:08.121790+00:00,99.66,0.99,0.01,no,KXFEDDECISION-26APR-H0,d6c70b33-6681-6112-b774-be228f15a20b
2026-04-29 12:48:08.955368+00:00,30,0.99,0.01,no,KXFEDDECISION-26APR-H0,79c54567-4165-4662-1c53-85070f48a1ab
2026-04-29 13:03:42.273002+00:00,666,0.99,0.01,no,KXFEDDECISION-26APR-H0,0c0b7a72-9c61-461e-042c-ebe76603acc3
2026-04-29 13:09:39.521519+00:00,22912.18,0.99,0.01,no,KXFEDDECISION-26APR-H0,f080529d-4e19-405a-6617-979bbacdd033
2026-04-29 13:12:27.816050+00:00,1870.38,0.99,0.01,no,KXFEDDECISION-26APR-H0,f225ffc7-e7a1-7b86-2ca0-381c86fb09e7
2026-04-29 13:12:40.342117+00:00,467.59,0.99,0.01,no,KXFEDDECISION-26APR-H0,a00b666c-05a9-5d76-dca3-b71d36d9d9a3
2026-04-29 13:18:48.531385+00:00,93.51,0.99,0.01,no,KXFEDDECISION-26APR-H0,f0d8f31e-e0ed-5a82-ba76-5c95ac6ba81f
2026-04-29 13:23:14.850716+00:00,1666,0.99,0.01,no,KXFEDDECISION-26APR-H0,7ebf98cc-93cd-460a-f029-58c89f1d3de7
2026-04-29 13:26:10.970670+00:00,325,0.99,0.01,no,KXFEDDECISION-26APR-H0,b359c0ae-24a9-73de-30e5-e1bebd0b559f
2026-04-29 13:26:25.752208+00:00,30,0.99,0.01,no,KXFEDDECISION-26APR-H0,9c9468b0-9781-436e-f719-3df8b8b2f7b7
2026-04-29 13:27:43.275685+00:00,66,0.99,0.01,no,KXFEDDECISION-26APR-H0,4b8b308e-f619-571e-cd8e-fe4ad1b2aeeb
2026-04-29 13:28:40.012207+00:00,32.73,0.99,0.01,no,KXFEDDECISION-26APR-H0,914e6d1b-229d-71aa-84b0-44ed9d74f197
2026-04-29 13:29:09.156319+00:00,83,0.99,0.01,no,KXFEDDECISION-26APR-H0,6f80f6a7-56f5-638e-129c-cadb252a2d27
2026-04-29 13:29:49.051618+00:00,4582.43,0.99,0.01,no,KXFEDDECISION-26APR-H0,9f85ae9d-c541-44ca-6af9-09f371886edf
2026-04-29 13:30:08.954706+00:00,935.19,0.99,0.01,no,KXFEDDECISION-26APR-H0,4ed04b17-2821-7a1e-00c3-6b45f26e8e9f
2026-04-29 13:30:34.210009+00:00,397.45,0.99,0.01,no,KXFEDDECISION-26APR-H0,c96114bb-7499-5ed6-bb83-0f3837c1d34f
2026-04-29 13:31:30.122202+00:00,833,0.99,0.01,no,KXFEDDECISION-26APR-H0,f3e83b1a-449d-6caa-0812-25b4e8657fab
2026-04-29 13:33:46.695326+00:00,30,0.99,0.01,no,KXFEDDECISION-26APR-H0,41ae6c55-5655-747e-fcc6-3d7452a90c4f
2026-04-29 13:33:54.543935+00:00,467,0.99,0.01,no,KXFEDDECISION-26APR-H0,3e3d142f-53c9-7a26-3247-ba672a76f967
2026-04-29 13:34:16.086130+00:00,1,0.99,0.01,no,KXFEDDECISION-26APR-H0,d661f134-c171-4802-e82a-b1d2a72360cb
2026-04-29 13:34:50.354993+00:00,100,0.99,0.01,no,KXFEDDECISION-26APR-H0,f140cfba-b3ed-5bf6-33a1-b77177bd33a7
2026-04-29 13:35:06.184118+00:00,33,0.99,0.01,no,KXFEDDECISION-26APR-H0,14bcfba2-7661-6436-fb4c-5dc4389f6fa7
2026-04-29 13:39:21.380731+00:00,3333,0.99,0.01,no,KXFEDDECISION-26APR-H0,0b2ae1f8-5ab1-75fe-b42b-b1f3cc1d9083
2026-04-29 13:43:58.054421+00:00,935.19,0.99,0.01,no,KXFEDDECISION-26APR-H0,7f26ad3f-ca69-429e-2f75-2d9d9e903597
2026-04-29 13:44:39.109274+00:00,2712.05,0.99,0.01,no,KXFEDDECISION-26APR-H0,ab784c7b-4db5-7eca-8d7e-a563f7a7fc3f
2026-04-29 13:45:57.938501+00:00,70,0.99,0.01,no,KXFEDDECISION-26APR-H0,6aa00453-9031-5182-7bba-d2c3217be00b
2026-04-29 13:46:40.813472+00:00,566.33,0.99,0.01,no,KXFEDDECISION-26APR-H0,3288ade0-eaad-4c6a-f3c6-e25831ff4ec7
2026-04-29 13:46:49.769590+00:00,333,0.99,0.01,no,KXFEDDECISION-26APR-H0,2810eb29-90dd-585e-445f-a637123cb85b
2026-04-29 13:47:11.725831+00:00,9258.39,0.99,0.01,no,KXFEDDECISION-26APR-H0,0766caa9-fd3d-6ac2-17ac-08bcf39435eb
2026-04-29 13:48:19.879381+00:00,1000,0.99,0.01,no,KXFEDDECISION-26APR-H0,643c4dcf-3351-7b3a-e1fb-779572590bcb
2026-04-29 13:50:27.915756+00:00,187.03,0.99,0.01,no,KXFEDDECISION-26APR-H0,04b58dc7-b8e9-65c6-81c3-080e4c5204b3
2026-04-29 13:51:57.553862+00:00,33,0.99,0.01,no,KXFEDDECISION-26APR-H0,f5aa4acb-2cf9-700a-dd72-d0758d7a6b8f
2026-04-29 13:56:48.378252+00:00,9164.87,0.99,0.01,no,KXFEDDECISION-26APR-H0,5940f0a4-4241-788a-41b3-bbf144be34c3
2026-04-29 13:59:56.698999+00:00,333,0.99,0.01,no,KXFEDDECISION-26APR-H0,2b8987b9-16dd-6e96-c66a-a34bce892a0b
2026-04-29 14:00:54.972933+00:00,3000,0.99,0.01,no,KXFEDDECISION-26APR-H0,ae6d6924-b2e9-6252-a07f-47be81b60767
2026-04-29 14:02:01.518162+00:00,166,0.99,0.01,no,KXFEDDECISION-26APR-H0,92ffc221-db15-4a0e-a51c-c97f0960e983
2026-04-29 14:08:53.800329+00:00,62,0.99,0.01,no,KXFEDDECISION-26APR-H0,82e4d904-f251-6f3a-1b99-5c4e684ecad3
2026-04-29 14:09:05.917946+00:00,2,0.99,0.01,no,KXFEDDECISION-26APR-H0,e2b1556e-a815-48ce-e250-cb917b9e875b
2026-04-29 14:11:47.354051+00:00,3333,0.99,0.01,no,KXFEDDECISION-26APR-H0,612d2341-74d9-74b6-9549-4979006306f7
2026-04-29 14:11:51.435371+00:00,10,0.99,0.01,no,KXFEDDECISION-26APR-H0,4a33ece2-4b71-4636-3abb-d8aaf97b4ffb
2026-04-29 14:11:56.035815+00:00,654.63,0.99,0.01,no,KXFEDDECISION-26APR-H0,ddafd337-a9d1-46d2-6ea8-e214fffad143
2026-04-29 14:12:36.531571+00:00,4675,0.99,0.01,no,KXFEDDECISION-26APR-H0,9d243579-23b5-754e-494e-ff7697c71b2b
2026-04-29 14:12:48.289121+00:00,935.19,0.99,0.01,no,KXFEDDECISION-26APR-H0,e2e60f00-de19-7c1e-030d-0c12c38e8727
2026-04-29 14:21:53.416869+00:00,93.51,0.99,0.01,no,KXFEDDECISION-26APR-H0,5aed796c-ba71-5622-fa3b-b4e4e9b8b85b
2026-04-29 14:22:24.517058+00:00,4675.32,0.99,0.01,no,KXFEDDECISION-26APR-H0,80d67ab4-5021-772a-2c2d-205385b2e8f7
2026-04-29 14:24:51.008366+00:00,935.19,0.99,0.01,no,KXFEDDECISION-26APR-H0,5d8f8980-a7b1-5dc2-e5c8-d93aba5c8b1b
2026-04-29 14:25:09.120738+00:00,166.33,0.99,0.01,no,KXFEDDECISION-26APR-H0,419a23ef-62f9-5006-b593-d8dfa417b13f
2026-04-29 14:28:45.350835+00:00,3333,0.99,0.01,no,KXFEDDECISION-26APR-H0,6e1425fc-7049-66a6-66aa-a252adfe1dcb
2026-04-29 14:31:26.936675+00:00,100,0.99,0.01,no,KXFEDDECISION-26APR-H0,4d567ebb-2dd9-412e-746e-13d4f58cf43b
2026-04-29 14:40:45.556553+00:00,46.75,0.99,0.01,no,KXFEDDECISION-26APR-H0,c4003dd9-d15d-7ace-cb1c-3422ad4bc283
2026-04-29 14:41:09.594881+00:00,500,0.99,0.01,no,KXFEDDECISION-26APR-H0,89a540db-6b61-4346-47e2-4e0514b02e3f
2026-04-29 14:43:50.415693+00:00,726.66,0.99,0.01,no,KXFEDDECISION-26APR-H0,9e19962e-1c55-4626-55c8-1d2957d3fa4f
2026-04-29 14:48:29.466129+00:00,500,0.99,0.01,no,KXFEDDECISION-26APR-H0,a9831c39-b3c9-5592-a378-c3d8825536ef
2026-04-29 14:51:04.589356+00:00,166.33,0.99,0.01,no,KXFEDDECISION-26APR-H0,ed160d2f-7df1-6e6a-b5c3-709ddf05c143
2026-04-29 14:51:27.384064+00:00,1,0.99,0.01,no,KXFEDDECISION-26APR-H0,f208e817-f0bd-68be-fbef-80c14bd416fb
2026-04-29 14:57:39.823724+00:00,100,0.99,0.01,no,KXFEDDECISION-26APR-H0,e2f1441a-2b2d-73e6-6a41-5a3c94ce38b3
2026-04-29 14:58:06.829300+00:00,33,0.99,0.01,no,KXFEDDECISION-26APR-H0,bb3943c5-9185-6a76-8c73-6d8d1d7fd03b
2026-04-29 15:00:03.859412+00:00,10380.62,0.99,0.01,no,KXFEDDECISION-26APR-H0,c6df6c34-3f41-6f46-2020-d31712041e9b
2026-04-29 15:00:12.770779+00:00,33,0.99,0.01,no,KXFEDDECISION-26APR-H0,996f77ba-4bd9-705e-ec90-27ee705ab2c7
2026-04-29 15:03:10.707940+00:00,3,0.99,0.01,no,KXFEDDECISION-26APR-H0,a4be906d-96b5-5616-3c8e-f3285df13033
2026-04-29 15:05:26.974011+00:00,833,0.99,0.01,no,KXFEDDECISION-26APR-H0,69b2d42a-770d-57ae-5bb3-4b5fdd0a7fdb
2026-04-29 15:05:36.528269+00:00,233,0.99,0.01,no,KXFEDDECISION-26APR-H0,bb69d996-1985-7132-b15a-5ff3d428efcb
2026-04-29 15:14:18.215447+00:00,166,0.99,0.01,no,KXFEDDECISION-26APR-H0,0d77e85f-dd31-6aa2-c794-da4d685a76af
2026-04-29 15:16:06.206653+00:00,1800,0.99,0.01,no,KXFEDDECISION-26APR-H0,929ba32b-bccd-5bb2-8c7c-b9b10d5c3d67
2026-04-29 15:17:34.647589+00:00,30,0.99,0.01,no,KXFEDDECISION-26APR-H0,54d27bbb-eb1d-767e-2fc0-6763bad593bb
2026-04-29 15:20:05.358964+00:00,1.01,0.99,0.01,no,KXFEDDECISION-26APR-H0,4a7511a3-f811-5c5a-32fc-4513c5f20e03
2026-04-29 15:20:23.996587+00:00,1000,0.99,0.01,no,KXFEDDECISION-26APR-H0,66921d25-1fa1-7ada-4776-8f9454a7cf3f
2026-04-29 15:21:03.795880+00:00,1,0.99,0.01,no,KXFEDDECISION-26APR-H0,eb99d309-bb91-60c2-d420-24fada734c6f
2026-04-29 15:25:49.894509+00:00,33,0.99,0.01,no,KXFEDDECISION-26APR-H0,4c47b1c9-1909-4f9a-a5e9-d3bd404b52b7
2026-04-29 15:26:08.906357+00:00,93,0.99,0.01,no,KXFEDDECISION-26APR-H0,ed1c445e-8c0d-58e6-06ce-3f716f8b78e7
2026-04-29 15:28:36.256353+00:00,20,0.99,0.01,no,KXFEDDECISION-26APR-H0,500e20e8-ecd9-54da-189f-d0795ce63227
2026-04-29 15:32:22.607574+00:00,100,0.99,0.01,no,KXFEDDECISION-26APR-H0,a37f6cdc-74ed-7412-8354-741094dbc237
2026-04-29 15:34:05.818473+00:00,93,0.99,0.01,no,KXFEDDECISION-26APR-H0,6adcc9ff-fd19-5fa2-c3d0-04ddd3900697
2026-04-29 15:35:27.440347+00:00,4675.32,0.99,0.01,no,KXFEDDECISION-26APR-H0,2b4f26b4-ad79-60ea-e20d-49fdc0c981b7
2026-04-29 15:36:53.149410+00:00,10,0.99,0.01,no,KXFEDDECISION-26APR-H0,e58432ed-ba89-5062-5450-a45da2696baf
2026-04-29 15:42:41.192026+00:00,633,0.99,0.01,no,KXFEDDECISION-26APR-H0,bd7711b8-28a5-4622-1efc-b8af13225893
2026-04-29 15:43:59.954601+00:00,100,0.99,0.01,no,KXFEDDECISION-26APR-H0,291e4123-e211-4382-ec7c-716faedd927f
2026-04-29 15:44:22.121993+00:00,1000,0.99,0.01,no,KXFEDDECISION-26APR-H0,591ea1b4-5b71-681e-5d2d-b5034999c043
2026-04-29 15:46:46.744272+00:00,1666,0.99,0.01,no,KXFEDDECISION-26APR-H0,0342471e-1739-6b4e-f1ff-74a891ab955f
2026-04-29 15:47:06.694696+00:00,1200,0.99,0.01,no,KXFEDDECISION-26APR-H0,f451343c-16b5-703a-70e7-4f7d870c02c7
2026-04-29 15:47:22.284557+00:00,500,0.99,0.01,no,KXFEDDECISION-26APR-H0,edb2a89f-6959-43f6-9a45-08335a72708f
2026-04-29 15:57:22.507511+00:00,187.03,0.99,0.01,no,KXFEDDECISION-26APR-H0,ce1dd6be-c37d-46e6-ae61-011de59ff417
2026-04-29 15:58:23.394151+00:00,666,0.99,0.01,no,KXFEDDECISION-26APR-H0,43162130-6b4d-7fb6-210e-7cda4aa32b23
2026-04-29 15:59:45.221260+00:00,1,0.99,0.01,no,KXFEDDECISION-26APR-H0,74f3f386-a281-4f6a-2f1b-748325825e2f
2026-04-29 16:02:04.786578+00:00,33,0.99,0.01,no,KXFEDDECISION-26APR-H0,aee6e7ae-b7f5-5f9a-5b2a-f6bdf003585f
2026-04-29 16:02:14.340555+00:00,333,0.99,0.01,no,KXFEDDECISION-26APR-H0,5ce401fa-cbf9-65ee-9912-75d471d5c7af
2026-04-29 16:02:48.745507+00:00,1666,0.99,0.01,no,KXFEDDECISION-26APR-H0,2ebdbd70-1fb5-5186-8ff7-6d75233079ef
2026-04-29 16:06:35.301092+00:00,1000,0.99,0.01,no,KXFEDDECISION-26APR-H0,9e06ff4c-8529-7ca6-6b3b-e152dcb8f73f
2026-04-29 16:06:52.578051+00:00,935.19,0.99,0.01,no,KXFEDDECISION-26APR-H0,0b9873ad-0711-405a-3a27-cf9723e4a8af
2026-04-29 16:12:21.232097+00:00,333,0.99,0.01,no,KXFEDDECISION-26APR-H0,b6421c0a-b539-56ca-d59c-bb0b59b4da47
2026-04-29 16:18:16.096865+00:00,133,0.99,0.01,no,KXFEDDECISION-26APR-H0,f015f6e4-b075-780e-0057-7a10629cac87
2026-04-29 16:19:24.372053+00:00,8866,0.99,0.01,no,KXFEDDECISION-26APR-H0,c6164ea4-3289-6562-9849-112dded084c3
2026-04-29 16:19:40.617493+00:00,5000,0.99,0.01,no,KXFEDDECISION-26APR-H0,633da186-5a95-5eea-fd83-72cd81d9cc3f
2026-04-29 16:20:39.866320+00:00,66,0.99,0.01,no,KXFEDDECISION-26APR-H0,77dd20d4-0541-4de6-e6cd-bdfd817fe24f
2026-04-29 16:21:01.926915+00:00,100,0.99,0.01,no,KXFEDDECISION-26APR-H0,4334b1ac-4125-428a-d419-b8a676ec5deb
2026-04-29 16:24:42.946823+00:00,1650,0.99,0.01,no,KXFEDDECISION-26APR-H0,6caf797c-17e1-73fe-7537-2c73074fcd3b
2026-04-29 16:28:39.812073+00:00,46.75,0.99,0.01,no,KXFEDDECISION-26APR-H0,2b98de33-0339-4a2a-f9c3-518ce7ae4833
2026-04-29 16:30:55.479714+00:00,5000,0.99,0.01,no,KXFEDDECISION-26APR-H0,1fb0992d-42a1-7cf6-8a19-a95f0fa1e077
2026-04-29 16:33:25.448945+00:00,3333,0.99,0.01,no,KXFEDDECISION-26APR-H0,970cdd07-a0e1-7522-aa01-9fd8870a9703
2026-04-29 16:37:11.695505+00:00,102,0.99,0.01,no,KXFEDDECISION-26APR-H0,c1c81771-9ab5-474e-92be-db461721e41b
2026-04-29 16:38:31.804013+00:00,10000,0.99,0.01,no,KXFEDDECISION-26APR-H0,32709844-62a1-5c8e-437d-acc013f4843f
2026-04-29 16:38:42.872605+00:00,500,0.99,0.01,no,KXFEDDECISION-26APR-H0,d7bb16e0-ffe1-72a6-6f54-e9f0ad6651e7
2026-04-29 16:38:55.858705+00:00,935.19,0.99,0.01,no,KXFEDDECISION-26APR-H0,2ce4ba91-580d-5cb2-aaba-d5d4344f4d4b
2026-04-29 16:42:13.308222+00:00,333,0.99,0.01,no,KXFEDDECISION-26APR-H0,d18f461b-30ed-707a-7e5e-52b193b75327
2026-04-29 16:43:54.573055+00:00,666,0.99,0.01,no,KXFEDDECISION-26APR-H0,87bac4aa-43a5-7c1e-1b5a-12aa409c967b
2026-04-29 16:44:35.867072+00:00,1082.01,0.99,0.01,no,KXFEDDECISION-26APR-H0,b4428a6a-06ed-5a56-3f91-7503bd775667
2026-04-29 16:44:38.141157+00:00,935.19,0.99,0.01,no,KXFEDDECISION-26APR-H0,9e236ae4-b1a9-7572-5ea7-9b9787ac6a63
2026-04-29 16:46:17.984982+00:00,93.51,0.99,0.01,no,KXFEDDECISION-26APR-H0,6bc5524b-03a5-632a-5615-851f4e107aa7
2026-04-29 16:48:28.438336+00:00,4,0.99,0.01,no,KXFEDDECISION-26APR-H0,fec949c1-f719-572e-8217-28cd015bee4b
2026-04-29 16:49:05.303406+00:00,333.33,0.99,0.01,no,KXFEDDECISION-26APR-H0,e4969d85-3341-5bd2-3179-125e4ed0c19f
2026-04-29 16:49:52.471594+00:00,935.19,0.99,0.01,no,KXFEDDECISION-26APR-H0,22e26ee7-8d2d-6aca-dfbb-a6755ca37ccb
2026-04-29 16:50:40.545487+00:00,1366,0.99,0.01,no,KXFEDDECISION-26APR-H0,694f1b4e-e265-40f6-e4ae-8873391951c3
2026-04-29 16:51:15.668836+00:00,33,0.99,0.01,no,KXFEDDECISION-26APR-H0,0a803a16-5571-6f36-33a6-c7e9adfc6b0f
2026-04-29 16:51:31.845122+00:00,24,0.99,0.01,no,KXFEDDECISION-26APR-H0,a8ed1a7d-4c8d-43be-b6f6-73e11b7ebf7f
2026-04-29 16:52:08.541698+00:00,467.59,0.99,0.01,no,KXFEDDECISION-26APR-H0,c8a3574d-f345-5f0e-55cf-3855099392c3
2026-04-29 16:54:26.369413+00:00,666,0.99,0.01,no,KXFEDDECISION-26APR-H0,bdf6a4bc-89ed-40ee-5c13-85a11183682b
2026-04-29 16:56:21.618916+00:00,66,0.99,0.01,no,KXFEDDECISION-26APR-H0,7fcab126-a48d-481a-b216-8083a67bf297
2026-04-29 16:56:23.958912+00:00,100,0.99,0.01,no,KXFEDDECISION-26APR-H0,9e174ab5-02a1-4822-c480-45e5b1d14a5f
2026-04-29 16:57:00.886197+00:00,18,0.99,0.01,no,KXFEDDECISION-26APR-H0,e601f2a8-83f9-4846-940e-b315b7ac3c87
2026-04-29 16:57:52.630966+00:00,93.51,0.99,0.01,no,KXFEDDECISION-26APR-H0,b8161a04-47dd-6932-d671-896495babcc3
2026-04-29 16:58:40.413281+00:00,333,0.99,0.01,no,KXFEDDECISION-26APR-H0,64f230ff-8411-75f2-ecc2-702309d37893
2026-04-29 16:58:58.780045+00:00,9426.72,0.99,0.01,no,KXFEDDECISION-26APR-H0,07ab1ddd-f1f1-610e-3481-bd91890c4cd7
2026-04-29 17:00:43.097717+00:00,93.51,0.99,0.01,no,KXFEDDECISION-26APR-H0,8c806a91-b171-6b1a-96db-e5883e92509b
2026-04-29 17:00:44.097681+00:00,467.59,0.99,0.01,no,KXFEDDECISION-26APR-H0,e918ee2c-4afd-4c02-8ace-59e9efc318ab
2026-04-29 17:02:22.520649+00:00,207,0.99,0.01,no,KXFEDDECISION-26APR-H0,f9462ee8-e431-4692-3ed7-43c34580ce63
2026-04-29 17:02:30.337093+00:00,33,0.99,0.01,no,KXFEDDECISION-26APR-H0,a581393e-af9d-524a-192a-5232eb7bb85f
2026-04-29 17:03:58.516196+00:00,166,0.99,0.01,no,KXFEDDECISION-26APR-H0,b113713e-2689-636a-728c-527e2de1cd07
2026-04-29 17:04:22.206149+00:00,4,0.99,0.01,no,KXFEDDECISION-26APR-H0,1bcddf4b-b90d-4bfe-d91e-4075e984cb03
2026-04-29 17:04:53.338111+00:00,500,0.99,0.01,no,KXFEDDECISION-26APR-H0,ef8a47dc-1451-7226-5d84-0dc05d270b5b
2026-04-29 17:05:08.755098+00:00,935.19,0.99,0.01,no,KXFEDDECISION-26APR-H0,dbd66b93-0095-57c6-3300-0518788a5b6b
2026-04-29 17:05:58.195063+00:00,4021.32,0.99,0.01,no,KXFEDDECISION-26APR-H0,b559084d-2f79-6216-05c0-53bb3cb0c3a3
2026-04-29 17:06:00.985991+00:00,467.59,0.99,0.01,no,KXFEDDECISION-26APR-H0,e0144e7f-a4ad-6caa-d949-f2494266deef
2026-04-29 17:06:24.145769+00:00,547,0.99,0.01,no,KXFEDDECISION-26APR-H0,170fae1c-a341-5bda-535c-d9feba394593
2026-04-29 17:08:11.807100+00:00,333,0.99,0.01,no,KXFEDDECISION-26APR-H0,f2ed19d4-a82d-7892-92b7-dd04af3a04bb
2026-04-29 17:08:35.478142+00:00,93.51,0.99,0.01,no,KXFEDDECISION-26APR-H0,9cd3c3ac-b8c1-64b2-e45a-81203672a343
2026-04-29 17:08:46.968431+00:00,33,0.99,0.01,no,KXFEDDECISION-26APR-H0,00a4e72a-815d-4d96-9591-00f2bf3545c7
2026-04-29 17:08:54.871468+00:00,1000,0.99,0.01,no,KXFEDDECISION-26APR-H0,05de33ff-5615-7d0e-5eb2-d55af234803f
2026-04-29 17:09:22.753495+00:00,4630.58,0.99,0.01,no,KXFEDDECISION-26APR-H0,b82a71bd-4e06-7072-3285-99a1b63d2a90
2026-04-29 17:09:22.753495+00:00,12032.42,0.99,0.01,no,KXFEDDECISION-26APR-H0,8c7fafdc-8b11-739a-1dbb-3b5e9afb1f57
2026-04-29 17:09:32.147052+00:00,200,0.99,0.01,no,KXFEDDECISION-26APR-H0,2fe797f7-59f6-4386-b8e2-a4c02653f89c
2026-04-29 17:09:50.567735+00:00,200,0.99,0.01,no,KXFEDDECISION-26APR-H0,9c827bd1-0816-4bde-d6a2-a1b1b863c100
2026-04-29 17:10:04.522307+00:00,666,0.99,0.01,no,KXFEDDECISION-26APR-H0,d5cb2ef9-9536-48ca-b197-96db5e45a55c
2026-04-29 17:10:28.036576+00:00,935.19,0.99,0.01,no,KXFEDDECISION-26APR-H0,61ccd879-7c4e-7cea-0d99-10f75a6804e0
2026-04-29 17:10:44.483551+00:00,2337.97,0.99,0.01,no,KXFEDDECISION-26APR-H0,8869c4c5-acba-443a-c8f1-2f73b7091b0c
2026-04-29 17:11:29.432845+00:00,5000,0.99,0.01,no,KXFEDDECISION-26APR-H0,dc2e1ff5-186a-721a-ca48-49d9f1c02630
2026-04-29 17:15:00.569586+00:00,1024.96,0.99,0.01,no,KXFEDDECISION-26APR-H0,c066e2b9-1a8a-617e-ffea-8c538e4b01f8
2026-04-29 17:15:38.685309+00:00,916.48,0.99,0.01,no,KXFEDDECISION-26APR-H0,34622c78-7e26-50de-b89a-c1f917e54c38
2026-04-29 17:16:04.938994+00:00,166,0.99,0.01,no,KXFEDDECISION-26APR-H0,0f5fc0b7-a20e-402e-4941-288ad5248900
2026-04-29 17:17:07.135991+00:00,166,0.99,0.01,no,KXFEDDECISION-26APR-H0,a2c3e884-2652-6866-6d6a-6cc2bbfd5f08
2026-04-29 17:17:11.448537+00:00,49.56,0.99,0.01,no,KXFEDDECISION-26APR-H0,fbbcb0fb-f5f6-7efa-161a-f572682f3d30
2026-04-29 17:17:18.441767+00:00,50000,0.99,0.01,no,KXFEDDECISION-26APR-H0,7e350f71-feb2-5632-10e7-b0968c7595cc
2026-04-29 17:19:07.275205+00:00,1309.26,0.99,0.01,no,KXFEDDECISION-26APR-H0,a73eca3c-be8e-6442-08e4-58146604efb4
2026-04-29 17:21:07.656515+00:00,374.07,0.99,0.01,no,KXFEDDECISION-26APR-H0,1aefb3e2-e536-755a-245a-77c478469908
2026-04-29 17:22:27.863016+00:00,93.51,0.99,0.01,no,KXFEDDECISION-26APR-H0,82124bbb-80c2-7ffe-ca55-558b5a442368
2026-04-29 17:24:15.352392+00:00,3740,0.99,0.01,no,KXFEDDECISION-26APR-H0,6ce4ce0a-4b12-4d76-a0d6-b1d4f830b6c0
2026-04-29 17:24:31.105099+00:00,333,0.99,0.01,no,KXFEDDECISION-26APR-H0,5dec391b-90ce-5d36-0149-5d104f4538b8
2026-04-29 17:26:06.797695+00:00,276.81,0.99,0.01,no,KXFEDDECISION-26APR-H0,9b530604-e19a-6bde-1ac2-50f3cd5c0060
2026-04-29 17:26:14.700188+00:00,467.59,0.99,0.01,no,KXFEDDECISION-26APR-H0,99edcd17-bc9a-7cd6-a16c-a23edf1ec8d0
2026-04-29 17:27:01.309830+00:00,33,0.99,0.01,no,KXFEDDECISION-26APR-H0,3c2aa1ce-07a6-6fbe-3b1a-93b3d4f0c0d4
2026-04-29 17:28:24.340480+00:00,233,0.99,0.01,no,KXFEDDECISION-26APR-H0,2ef465a3-48aa-59d2-9cbb-0294442cf74c
2026-04-29 17:28:32.143919+00:00,187.03,0.99,0.01,no,KXFEDDECISION-26APR-H0,06157442-9dfe-57f2-0571-09949d877d64
2026-04-29 17:29:34.178891+00:00,5,0.99,0.01,no,KXFEDDECISION-26APR-H0,8e024978-78be-6eba-4614-e9d16800acfc
2026-04-29 17:30:57.935019+00:00,66,0.99,0.01,no,KXFEDDECISION-26APR-H0,82e508a6-e88e-6686-e8ee-839c118df660
2026-04-29 17:32:29.376623+00:00,280.55,0.99,0.01,no,KXFEDDECISION-26APR-H0,60a19ea2-80fe-4c32-fefd-820402a5d174
2026-04-29 17:33:47.024579+00:00,1870.38,0.99,0.01,no,KXFEDDECISION-26APR-H0,faa6be5b-7cba-5dbe-d83e-709895eeb0bc
2026-04-29 17:34:27.260637+00:00,187.03,0.99,0.01,no,KXFEDDECISION-26APR-H0,5954301e-2832-4f36-30bc-c151079e229c
2026-04-29 17:35:00.649745+00:00,166,0.99,0.01,no,KXFEDDECISION-26APR-H0,1dd437f6-dee6-5396-a408-1cb0ce2d3724
2026-04-29 17:35:12.981525+00:00,8,0.99,0.01,no,KXFEDDECISION-26APR-H0,19f3f478-aa5a-40aa-cd80-c024c6023a64
2026-04-29 17:36:16.968597+00:00,137.47,0.99,0.01,no,KXFEDDECISION-26APR-H0,3c28efc5-f496-71ee-ba9f-a43622f8f50c
2026-04-29 17:36:23.887478+00:00,467.59,0.99,0.01,no,KXFEDDECISION-26APR-H0,fcf7c1d6-99ca-5eaa-f35b-9dacd1620290
2026-04-29 17:36:34.063791+00:00,1402.78,0.99,0.01,no,KXFEDDECISION-26APR-H0,b1a23db1-12ea-4e5a-cbb1-7158f126d358
2026-04-29 17:36:39.336426+00:00,33,0.99,0.01,no,KXFEDDECISION-26APR-H0,f09afc03-d8d6-6c86-43dd-2a0d2bff5850
2026-04-29 17:37:08.984066+00:00,935.19,0.99,0.01,no,KXFEDDECISION-26APR-H0,59db1962-4092-58ce-db41-43905e4ed0b4
2026-04-29 17:37:09.113914+00:00,1870.38,0.99,0.01,no,KXFEDDECISION-26APR-H0,430887d7-e282-40b2-6d0c-1d7030405148
2026-04-29 17:37:49.713544+00:00,666.33,0.99,0.01,no,KXFEDDECISION-26APR-H0,e183e005-ed56-4542-2bda-5d94319f0c84
2026-04-29 17:38:38.764058+00:00,33,0.99,0.01,no,KXFEDDECISION-26APR-H0,4c35a1be-2cea-6836-eb91-6bd7501b6fe4
2026-04-29 17:39:58.395985+00:00,935.19,0.99,0.01,no,KXFEDDECISION-26APR-H0,19e95b5b-250e-5bb2-b2fb-9851a75ae314
2026-04-29 17:40:00.028998+00:00,9351,0.99,0.01,no,KXFEDDECISION-26APR-H0,8ef2891e-530e-4e36-2d18-48aaa1ed5f14
2026-04-29 17:40:27.253550+00:00,8245.1,0.99,0.01,no,KXFEDDECISION-26APR-H0,743c6b4c-a922-7eea-1737-28cc9dfb9fb4
2026-04-29 17:40:27.253550+00:00,358.65,0.99,0.01,no,KXFEDDECISION-26APR-H0,fd7f72b4-6e88-7dd1-108a-cc9756785d72
2026-04-29 17:43:51.597971+00:00,1,0.99,0.01,no,KXFEDDECISION-26APR-H0,559b9f5d-77c4-4da9-649a-c65017b35c16
2026-04-29 17:44:04.265667+00:00,1000,0.99,0.01,no,KXFEDDECISION-26APR-H0,93c355de-f11c-697d-3738-402b5cb0908a
2026-04-29 17:44:34.425567+00:00,935.19,0.99,0.01,no,KXFEDDECISION-26APR-H0,916a97ae-3178-6a39-8021-f75dedb77f6e
2026-04-29 17:45:26.671429+00:00,16.33,0.99,0.01,no,KXFEDDECISION-26APR-H0,0dee8dbc-725c-7851-3b1c-0a8147b0e3ca
2026-04-29 17:46:27.681264+00:00,93.51,0.99,0.01,no,KXFEDDECISION-26APR-H0,019479b4-07fc-7369-5e3d-8d3d687e3b92
2026-04-29 17:46:45.815036+00:00,93.51,0.99,0.01,no,KXFEDDECISION-26APR-H0,1885e089-43a0-478d-855b-bc1ac6f70d7a
2026-04-29 17:46:50.049565+00:00,1,0.99,0.01,no,KXFEDDECISION-26APR-H0,93ed4d3f-d4a4-7199-1059-ef32f6b68072
2026-04-29 17:47:26.857274+00:00,333,0.99,0.01,no,KXFEDDECISION-26APR-H0,9a44e54b-bae8-7215-052e-4cbf8c82cd9e
2026-04-29 17:48:02.720811+00:00,4675.95,0.99,0.01,no,KXFEDDECISION-26APR-H0,6ffaf4f9-f084-6d31-8a63-3ced017746f2
2026-04-29 17:48:45.979704+00:00,6,0.99,0.01,no,KXFEDDECISION-26APR-H0,6e83740c-b52c-6589-5183-50af4e52422a
2026-04-29 17:48:47.280626+00:00,333,0.99,0.01,no,KXFEDDECISION-26APR-H0,196085c9-39fc-7385-4ece-e3664c6aeb82
2026-04-29 17:49:04.041225+00:00,133,0.99,0.01,no,KXFEDDECISION-26APR-H0,c27a7eda-19e0-7999-f612-1b482309d88e
2026-04-29 17:50:33.742387+00:00,1000,0.99,0.01,no,KXFEDDECISION-26APR-H0,95d7e369-d1c8-71fd-667b-bd751c95b012
2026-04-29 17:50:38.469617+00:00,5611.14,0.99,0.01,no,KXFEDDECISION-26APR-H0,6d208b57-a598-66c5-e0d7-9a8db651555a
2026-04-29 17:51:35.509637+00:00,500,0.99,0.01,no,KXFEDDECISION-26APR-H0,3774431d-4744-657d-8481-9c54579128ba
2026-04-29 17:52:15.320943+00:00,533,0.99,0.01,no,KXFEDDECISION-26APR-H0,ab415d40-fc68-5381-5bb0-f5a381efe0d2
2026-04-29 17:52:58.026458+00:00,33,0.99,0.01,no,KXFEDDECISION-26APR-H0,135a92cb-426c-62b5-6824-41cba72f60ce
2026-04-29 17:53:24.378115+00:00,666,0.99,0.01,no,KXFEDDECISION-26APR-H0,4d7229df-eb1c-5949-8ab5-1aeecf6d71de
2026-04-29 17:55:51.394375+00:00,466,0.99,0.01,no,KXFEDDECISION-26APR-H0,57c82d9e-771c-618d-1a84-09a3b472b5b2
2026-04-29 17:57:18.871378+00:00,4675.32,0.99,0.01,no,KXFEDDECISION-26APR-H0,b34c8f26-61e0-7e15-d7b9-d0449ae41c5a
2026-04-29 17:57:24.800712+00:00,333,0.99,0.01,no,KXFEDDECISION-26APR-H0,7684ebc7-b238-40b5-110c-fd6bff0b6c96
2026-04-29 17:58:26.713699+00:00,8333,0.99,0.01,no,KXFEDDECISION-26APR-H0,82766c4e-8c30-6db1-8102-fe92bf38d06a
2026-04-29 17:58:37.655239+00:00,1000,0.99,0.01,no,KXFEDDECISION-26APR-H0,b412d3dc-ab68-66ad-1867-5d054ebd16ce
2026-04-29 17:58:41.805904+00:00,14.02,0.99,0.01,no,KXFEDDECISION-26APR-H0,23bc1309-4424-5099-3c65-24c2890ef416
